pair,base_bar,signal_bar,float_pct,tp_pct,sl_pct,initial,final,total_return_pct,trades,wins,losses,win_rate_pct,max_dd_pct,profit_factor,monthly_pct,n_signals,y2024_end,y2024_pnl_pct,y2025_end,y2025_pnl_pct,y2026_end,y2026_pnl_pct
BTC-USDT-SWAP,5m,1H,0.001,0.004,0.005,148.0,0.0,-100.0,2418,644,1774,26.634,100.0,0.261,-5.484,13131,0.0,-100.0,0.0,-100.0,0.0,-44.69
BTC-USDT-SWAP,5m,1H,0.001,0.004,0.008,148.0,0.0,-100.0,2418,677,1741,27.998,100.0,0.243,-5.484,13131,0.0,-100.0,0.0,-100.0,0.0,-45.51
BTC-USDT-SWAP,5m,1H,0.001,0.004,0.01,148.0,0.0,-100.0,2418,686,1732,28.371,100.0,0.29,-5.484,13131,0.0,-100.0,0.0,-100.0,0.0,-43.33
BTC-USDT-SWAP,5m,1H,0.001,0.004,0.015,148.0,0.0,-100.0,2418,693,1725,28.66,100.0,0.285,-5.484,13131,0.0,-100.0,0.0,-100.0,0.0,-43.33
BTC-USDT-SWAP,5m,1H,0.001,0.004,0.02,148.0,0.0,-100.0,2418,697,1721,28.825,100.0,0.277,-5.484,13131,0.0,-100.0,0.0,-100.0,0.0,-43.33
BTC-USDT-SWAP,5m,1H,0.001,0.004,0.025,148.0,0.0,-100.0,2418,697,1721,28.825,100.0,0.264,-5.484,13131,0.0,-100.0,0.0,-100.0,0.0,-43.33
BTC-USDT-SWAP,5m,1H,0.001,0.004,0.03,148.0,0.0,-100.0,2418,697,1721,28.825,100.0,0.251,-5.484,13131,0.0,-100.0,0.0,-100.0,0.0,-43.33
BTC-USDT-SWAP,5m,1H,0.001,0.006,0.005,148.0,0.0,-100.0,2418,492,1926,20.347,100.0,0.225,-5.484,13131,0.0,-100.0,0.0,-100.0,0.0,-42.69
BTC-USDT-SWAP,5m,1H,0.001,0.006,0.008,148.0,0.0,-100.0,2418,516,1902,21.34,100.0,0.199,-5.484,13131,0.0,-100.0,0.0,-100.0,0.0,-43.54
BTC-USDT-SWAP,5m,1H,0.001,0.006,0.01,148.0,0.0,-100.0,2418,525,1893,21.712,100.0,0.248,-5.484,13131,0.0,-100.0,0.0,-100.0,0.0,-41.28
BTC-USDT-SWAP,5m,1H,0.001,0.006,0.015,148.0,0.0,-100.0,2418,534,1884,22.084,100.0,0.285,-5.484,13131,0.0,-100.0,0.0,-100.0,0.0,-41.28
BTC-USDT-SWAP,5m,1H,0.001,0.006,0.02,148.0,0.0,-100.0,2418,539,1879,22.291,100.0,0.276,-5.484,13131,0.0,-100.0,0.0,-100.0,0.0,-41.28
BTC-USDT-SWAP,5m,1H,0.001,0.006,0.025,148.0,0.0,-100.0,2418,539,1879,22.291,100.0,0.263,-5.484,13131,0.0,-100.0,0.0,-100.0,0.0,-41.28
BTC-USDT-SWAP,5m,1H,0.001,0.006,0.03,148.0,0.0,-100.0,2418,539,1879,22.291,100.0,0.251,-5.484,13131,0.0,-100.0,0.0,-100.0,0.0,-41.28
BTC-USDT-SWAP,5m,1H,0.001,0.008,0.005,148.0,0.0,-100.0,2418,445,1973,18.404,100.0,0.269,-5.484,13131,0.0,-100.0,0.0,-100.0,0.0,-45.68
BTC-USDT-SWAP,5m,1H,0.001,0.008,0.008,148.0,0.0,-100.0,2418,467,1951,19.313,100.0,0.241,-5.484,13131,0.0,-100.0,0.0,-100.0,0.0,-46.49
BTC-USDT-SWAP,5m,1H,0.001,0.008,0.01,148.0,0.0,-100.0,2418,476,1942,19.686,100.0,0.286,-5.484,13131,0.0,-100.0,0.0,-100.0,0.0,-44.35
BTC-USDT-SWAP,5m,1H,0.001,0.008,0.015,148.0,0.0,-100.0,2418,482,1936,19.934,100.0,0.331,-5.484,13131,0.0,-100.0,0.0,-100.0,0.0,-44.35
BTC-USDT-SWAP,5m,1H,0.001,0.008,0.02,148.0,0.0,-100.0,2418,487,1931,20.141,100.0,0.322,-5.484,13131,0.0,-100.0,0.0,-100.0,0.0,-44.35
BTC-USDT-SWAP,5m,1H,0.001,0.008,0.025,148.0,0.0,-100.0,2418,487,1931,20.141,100.0,0.308,-5.484,13131,0.0,-100.0,0.0,-100.0,0.0,-44.35
BTC-USDT-SWAP,5m,1H,0.001,0.008,0.03,148.0,0.0,-100.0,2418,487,1931,20.141,100.0,0.295,-5.484,13131,0.0,-100.0,0.0,-100.0,0.0,-44.35
BTC-USDT-SWAP,5m,1H,0.001,0.01,0.005,148.0,0.0,-100.0,2418,425,1993,17.577,100.0,0.3,-5.484,13131,0.0,-100.0,0.0,-100.0,0.0,-45.68
BTC-USDT-SWAP,5m,1H,0.001,0.01,0.008,148.0,0.0,-100.0,2418,447,1971,18.486,100.0,0.271,-5.484,13131,0.0,-100.0,0.0,-100.0,0.0,-46.49
BTC-USDT-SWAP,5m,1H,0.001,0.01,0.01,148.0,0.0,-100.0,2418,456,1962,18.859,100.0,0.313,-5.484,13131,0.0,-100.0,0.0,-100.0,0.0,-44.35
BTC-USDT-SWAP,5m,1H,0.001,0.01,0.015,148.0,0.0,-100.0,2418,462,1956,19.107,100.0,0.353,-5.484,13131,0.0,-100.0,0.0,-100.0,0.0,-44.35
BTC-USDT-SWAP,5m,1H,0.001,0.01,0.02,148.0,0.0,-100.0,2418,467,1951,19.313,100.0,0.34,-5.484,13131,0.0,-100.0,0.0,-100.0,0.0,-44.35
BTC-USDT-SWAP,5m,1H,0.001,0.01,0.025,148.0,0.0,-100.0,2418,467,1951,19.313,100.0,0.327,-5.484,13131,0.0,-100.0,0.0,-100.0,0.0,-44.35
BTC-USDT-SWAP,5m,1H,0.001,0.01,0.03,148.0,0.0,-100.0,2418,467,1951,19.313,100.0,0.314,-5.484,13131,0.0,-100.0,0.0,-100.0,0.0,-44.35
BTC-USDT-SWAP,5m,1H,0.001,0.012,0.005,148.0,0.0,-100.0,2418,421,1997,17.411,100.0,0.256,-5.484,13131,0.0,-100.0,0.0,-100.0,0.0,-45.68
BTC-USDT-SWAP,5m,1H,0.001,0.012,0.008,148.0,0.0,-100.0,2418,443,1975,18.321,100.0,0.226,-5.484,13131,0.0,-100.0,0.0,-100.0,0.0,-46.49
BTC-USDT-SWAP,5m,1H,0.001,0.012,0.01,148.0,0.0,-100.0,2418,450,1968,18.61,100.0,0.27,-5.484,13131,0.0,-100.0,0.0,-100.0,0.0,-44.35
BTC-USDT-SWAP,5m,1H,0.001,0.012,0.015,148.0,0.0,-100.0,2418,454,1964,18.776,100.0,0.307,-5.484,13131,0.0,-100.0,0.0,-100.0,0.0,-44.35
BTC-USDT-SWAP,5m,1H,0.001,0.012,0.02,148.0,0.0,-100.0,2418,459,1959,18.983,100.0,0.294,-5.484,13131,0.0,-100.0,0.0,-100.0,0.0,-44.35
BTC-USDT-SWAP,5m,1H,0.001,0.012,0.025,148.0,0.0,-100.0,2418,459,1959,18.983,100.0,0.279,-5.484,13131,0.0,-100.0,0.0,-100.0,0.0,-44.35
BTC-USDT-SWAP,5m,1H,0.001,0.012,0.03,148.0,0.0,-100.0,2418,459,1959,18.983,100.0,0.265,-5.484,13131,0.0,-100.0,0.0,-100.0,0.0,-44.35
BTC-USDT-SWAP,5m,1H,0.001,0.015,0.005,148.0,0.0,-100.0,2418,420,1998,17.37,100.0,0.271,-5.484,13131,0.0,-100.0,0.0,-100.0,0.0,-45.68
BTC-USDT-SWAP,5m,1H,0.001,0.015,0.008,148.0,0.0,-100.0,2418,442,1976,18.28,100.0,0.241,-5.484,13131,0.0,-100.0,0.0,-100.0,0.0,-46.49
BTC-USDT-SWAP,5m,1H,0.001,0.015,0.01,148.0,0.0,-100.0,2418,449,1969,18.569,100.0,0.285,-5.484,13131,0.0,-100.0,0.0,-100.0,0.0,-44.35
BTC-USDT-SWAP,5m,1H,0.001,0.015,0.015,148.0,0.0,-100.0,2418,453,1965,18.734,100.0,0.321,-5.484,13131,0.0,-100.0,0.0,-100.0,0.0,-44.35
BTC-USDT-SWAP,5m,1H,0.001,0.015,0.02,148.0,0.0,-100.0,2418,458,1960,18.941,100.0,0.308,-5.484,13131,0.0,-100.0,0.0,-100.0,0.0,-44.35
BTC-USDT-SWAP,5m,1H,0.001,0.015,0.025,148.0,0.0,-100.0,2418,458,1960,18.941,100.0,0.292,-5.484,13131,0.0,-100.0,0.0,-100.0,0.0,-44.35
BTC-USDT-SWAP,5m,1H,0.001,0.015,0.03,148.0,0.0,-100.0,2418,458,1960,18.941,100.0,0.278,-5.484,13131,0.0,-100.0,0.0,-100.0,0.0,-44.35
BTC-USDT-SWAP,5m,1H,0.001,0.02,0.005,148.0,0.0,-100.0,2418,420,1998,17.37,100.0,0.274,-5.484,13131,0.0,-100.0,0.0,-100.0,0.0,-45.68
BTC-USDT-SWAP,5m,1H,0.001,0.02,0.008,148.0,0.0,-100.0,2418,442,1976,18.28,100.0,0.246,-5.484,13131,0.0,-100.0,0.0,-100.0,0.0,-46.49
BTC-USDT-SWAP,5m,1H,0.001,0.02,0.01,148.0,0.0,-100.0,2418,449,1969,18.569,100.0,0.29,-5.484,13131,0.0,-100.0,0.0,-100.0,0.0,-44.35
BTC-USDT-SWAP,5m,1H,0.001,0.02,0.015,148.0,0.0,-100.0,2418,453,1965,18.734,100.0,0.326,-5.484,13131,0.0,-100.0,0.0,-100.0,0.0,-44.35
BTC-USDT-SWAP,5m,1H,0.001,0.02,0.02,148.0,0.0,-100.0,2418,458,1960,18.941,100.0,0.312,-5.484,13131,0.0,-100.0,0.0,-100.0,0.0,-44.35
BTC-USDT-SWAP,5m,1H,0.001,0.02,0.025,148.0,0.0,-100.0,2418,458,1960,18.941,100.0,0.297,-5.484,13131,0.0,-100.0,0.0,-100.0,0.0,-44.35
BTC-USDT-SWAP,5m,1H,0.001,0.02,0.03,148.0,0.0,-100.0,2418,458,1960,18.941,100.0,0.282,-5.484,13131,0.0,-100.0,0.0,-100.0,0.0,-44.35
BTC-USDT-SWAP,5m,1H,0.001,0.03,0.005,148.0,0.0,-100.0,2418,418,2000,17.287,100.0,0.28,-5.484,13131,0.0,-100.0,0.0,-100.0,0.0,-45.68
BTC-USDT-SWAP,5m,1H,0.001,0.03,0.008,148.0,0.0,-100.0,2418,441,1977,18.238,100.0,0.247,-5.484,13131,0.0,-100.0,0.0,-100.0,0.0,-46.49
BTC-USDT-SWAP,5m,1H,0.001,0.03,0.01,148.0,0.0,-100.0,2418,448,1970,18.528,100.0,0.292,-5.484,13131,0.0,-100.0,0.0,-100.0,0.0,-44.35
BTC-USDT-SWAP,5m,1H,0.001,0.03,0.015,148.0,0.0,-100.0,2418,452,1966,18.693,100.0,0.328,-5.484,13131,0.0,-100.0,0.0,-100.0,0.0,-44.35
BTC-USDT-SWAP,5m,1H,0.001,0.03,0.02,148.0,0.0,-100.0,2418,456,1962,18.859,100.0,0.314,-5.484,13131,0.0,-100.0,0.0,-100.0,0.0,-44.35
BTC-USDT-SWAP,5m,1H,0.001,0.03,0.025,148.0,0.0,-100.0,2418,456,1962,18.859,100.0,0.299,-5.484,13131,0.0,-100.0,0.0,-100.0,0.0,-44.35
BTC-USDT-SWAP,5m,1H,0.001,0.03,0.03,148.0,0.0,-100.0,2418,456,1962,18.859,100.0,0.284,-5.484,13131,0.0,-100.0,0.0,-100.0,0.0,-44.35
BTC-USDT-SWAP,5m,1H,0.002,0.004,0.005,148.0,0.0,-100.0,1604,530,1074,33.042,100.0,0.293,-5.484,13131,0.0,-100.0,0.0,-100.0,0.0,-15.34
BTC-USDT-SWAP,5m,1H,0.002,0.004,0.008,148.0,0.0,-100.0,1604,554,1050,34.539,100.0,0.387,-5.484,13131,0.0,-100.0,0.0,-100.0,0.0,-18.08
BTC-USDT-SWAP,5m,1H,0.002,0.004,0.01,148.0,0.0,-100.0,1604,559,1045,34.85,100.0,0.384,-5.484,13131,0.0,-100.0,0.0,-100.0,0.0,-13.89
BTC-USDT-SWAP,5m,1H,0.002,0.004,0.015,148.0,0.0,-100.0,1604,567,1037,35.349,100.0,0.382,-5.484,13131,0.0,-100.0,0.0,-100.0,0.0,-13.89
BTC-USDT-SWAP,5m,1H,0.002,0.004,0.02,148.0,0.0,-100.0,1604,570,1034,35.536,100.0,0.371,-5.484,13131,0.0,-100.0,0.0,-100.0,0.0,-13.89
BTC-USDT-SWAP,5m,1H,0.002,0.004,0.025,148.0,0.0,-100.0,1604,570,1034,35.536,100.0,0.356,-5.484,13131,0.0,-100.0,0.0,-100.0,0.0,-13.89
BTC-USDT-SWAP,5m,1H,0.002,0.004,0.03,148.0,0.0,-100.0,1604,570,1034,35.536,100.0,0.341,-5.484,13131,0.0,-100.0,0.0,-100.0,0.0,-13.89
BTC-USDT-SWAP,5m,1H,0.002,0.006,0.005,148.0,0.0,-100.0,1604,378,1226,23.566,100.0,0.352,-5.484,13131,0.0,-100.0,0.0,-100.0,0.0,-22.16
BTC-USDT-SWAP,5m,1H,0.002,0.006,0.008,148.0,0.0,-100.0,1604,397,1207,24.751,100.0,0.401,-5.484,13131,0.0,-100.0,0.0,-100.0,0.0,-22.5
BTC-USDT-SWAP,5m,1H,0.002,0.006,0.01,148.0,0.0,-100.0,1604,402,1202,25.062,100.0,0.389,-5.484,13131,0.0,-100.0,0.0,-100.0,0.0,-18.54
BTC-USDT-SWAP,5m,1H,0.002,0.006,0.015,148.0,0.0,-100.0,1604,413,1191,25.748,100.0,0.429,-5.484,13131,0.0,-100.0,0.0,-100.0,0.0,-18.54
BTC-USDT-SWAP,5m,1H,0.002,0.006,0.02,148.0,0.0,-100.0,1604,417,1187,25.998,100.0,0.412,-5.484,13131,0.0,-100.0,0.0,-100.0,0.0,-18.54
BTC-USDT-SWAP,5m,1H,0.002,0.006,0.025,148.0,0.0,-100.0,1604,417,1187,25.998,100.0,0.397,-5.484,13131,0.0,-100.0,0.0,-100.0,0.0,-18.54
BTC-USDT-SWAP,5m,1H,0.002,0.006,0.03,148.0,0.0,-100.0,1604,417,1187,25.998,100.0,0.381,-5.484,13131,0.0,-100.0,0.0,-100.0,0.0,-18.54
BTC-USDT-SWAP,5m,1H,0.002,0.008,0.005,148.0,0.0,-100.0,1604,325,1279,20.262,100.0,0.301,-5.484,13131,0.0,-100.0,0.0,-100.0,0.0,-22.46
BTC-USDT-SWAP,5m,1H,0.002,0.008,0.008,148.0,0.0,-100.0,1604,343,1261,21.384,100.0,0.346,-5.484,13131,0.0,-100.0,0.0,-100.0,0.0,-22.8
BTC-USDT-SWAP,5m,1H,0.002,0.008,0.01,148.0,0.0,-100.0,1604,348,1256,21.696,100.0,0.332,-5.484,13131,0.0,-100.0,0.0,-100.0,0.0,-18.85
BTC-USDT-SWAP,5m,1H,0.002,0.008,0.015,148.0,0.0,-100.0,1604,358,1246,22.319,100.0,0.382,-5.484,13131,0.0,-100.0,0.0,-100.0,0.0,-18.85
BTC-USDT-SWAP,5m,1H,0.002,0.008,0.02,148.0,0.0,-100.0,1604,362,1242,22.569,100.0,0.364,-5.484,13131,0.0,-100.0,0.0,-100.0,0.0,-18.85
BTC-USDT-SWAP,5m,1H,0.002,0.008,0.025,148.0,0.0,-100.0,1604,362,1242,22.569,100.0,0.349,-5.484,13131,0.0,-100.0,0.0,-100.0,0.0,-18.85
BTC-USDT-SWAP,5m,1H,0.002,0.008,0.03,148.0,0.0,-100.0,1604,362,1242,22.569,100.0,0.333,-5.484,13131,0.0,-100.0,0.0,-100.0,0.0,-18.85
BTC-USDT-SWAP,5m,1H,0.002,0.01,0.005,148.0,0.0,-100.0,1604,310,1294,19.327,100.0,0.331,-5.484,13131,0.0,-100.0,0.0,-100.0,0.0,-22.46
BTC-USDT-SWAP,5m,1H,0.002,0.01,0.008,148.0,0.0,-100.0,1604,328,1276,20.449,100.0,0.379,-5.484,13131,0.0,-100.0,0.0,-100.0,0.0,-22.8
BTC-USDT-SWAP,5m,1H,0.002,0.01,0.01,148.0,0.0,-100.0,1604,333,1271,20.761,100.0,0.366,-5.484,13131,0.0,-100.0,0.0,-100.0,0.0,-18.85
BTC-USDT-SWAP,5m,1H,0.002,0.01,0.015,148.0,0.0,-100.0,1604,340,1264,21.197,100.0,0.416,-5.484,13131,0.0,-100.0,0.0,-100.0,0.0,-18.85
BTC-USDT-SWAP,5m,1H,0.002,0.01,0.02,148.0,0.0,-100.0,1604,344,1260,21.446,100.0,0.396,-5.484,13131,0.0,-100.0,0.0,-100.0,0.0,-18.85
BTC-USDT-SWAP,5m,1H,0.002,0.01,0.025,148.0,0.0,-100.0,1604,344,1260,21.446,100.0,0.381,-5.484,13131,0.0,-100.0,0.0,-100.0,0.0,-18.85
BTC-USDT-SWAP,5m,1H,0.002,0.01,0.03,148.0,0.0,-100.0,1604,344,1260,21.446,100.0,0.364,-5.484,13131,0.0,-100.0,0.0,-100.0,0.0,-18.85
BTC-USDT-SWAP,5m,1H,0.002,0.012,0.005,148.0,0.0,-100.0,1604,306,1298,19.077,100.0,0.361,-5.484,13131,0.0,-100.0,0.0,-100.0,0.0,-22.46
BTC-USDT-SWAP,5m,1H,0.002,0.012,0.008,148.0,0.0,-100.0,1604,324,1280,20.2,100.0,0.41,-5.484,13131,0.0,-100.0,0.0,-100.0,0.0,-22.8
BTC-USDT-SWAP,5m,1H,0.002,0.012,0.01,148.0,0.0,-100.0,1604,329,1275,20.511,100.0,0.396,-5.484,13131,0.0,-100.0,0.0,-100.0,0.0,-18.85
BTC-USDT-SWAP,5m,1H,0.002,0.012,0.015,148.0,0.0,-100.0,1604,334,1270,20.823,100.0,0.436,-5.484,13131,0.0,-100.0,0.0,-100.0,0.0,-18.85
BTC-USDT-SWAP,5m,1H,0.002,0.012,0.02,148.0,0.0,-100.0,1604,338,1266,21.072,100.0,0.416,-5.484,13131,0.0,-100.0,0.0,-100.0,0.0,-18.85
BTC-USDT-SWAP,5m,1H,0.002,0.012,0.025,148.0,0.0,-100.0,1604,338,1266,21.072,100.0,0.4,-5.484,13131,0.0,-100.0,0.0,-100.0,0.0,-18.85
BTC-USDT-SWAP,5m,1H,0.002,0.012,0.03,148.0,0.0,-100.0,1604,338,1266,21.072,100.0,0.384,-5.484,13131,0.0,-100.0,0.0,-100.0,0.0,-18.85
BTC-USDT-SWAP,5m,1H,0.002,0.015,0.005,148.0,0.0,-100.0,1604,306,1298,19.077,100.0,0.377,-5.484,13131,0.0,-100.0,0.0,-100.0,0.0,-22.46
BTC-USDT-SWAP,5m,1H,0.002,0.015,0.008,148.0,0.0,-100.0,1604,324,1280,20.2,100.0,0.427,-5.484,13131,0.0,-100.0,0.0,-100.0,0.0,-22.8
BTC-USDT-SWAP,5m,1H,0.002,0.015,0.01,148.0,0.0,-100.0,1604,327,1277,20.387,100.0,0.413,-5.484,13131,0.0,-100.0,0.0,-100.0,0.0,-18.85
BTC-USDT-SWAP,5m,1H,0.002,0.015,0.015,148.0,0.0,-100.0,1604,332,1272,20.698,100.0,0.451,-5.484,13131,0.0,-100.0,0.0,-100.0,0.0,-18.85
BTC-USDT-SWAP,5m,1H,0.002,0.015,0.02,148.0,0.0,-100.0,1604,336,1268,20.948,100.0,0.431,-5.484,13131,0.0,-100.0,0.0,-100.0,0.0,-18.85
BTC-USDT-SWAP,5m,1H,0.002,0.015,0.025,148.0,0.0,-100.0,1604,336,1268,20.948,100.0,0.415,-5.484,13131,0.0,-100.0,0.0,-100.0,0.0,-18.85
BTC-USDT-SWAP,5m,1H,0.002,0.015,0.03,148.0,0.0,-100.0,1604,336,1268,20.948,100.0,0.398,-5.484,13131,0.0,-100.0,0.0,-100.0,0.0,-18.85
BTC-USDT-SWAP,5m,1H,0.002,0.02,0.005,148.0,0.0,-100.0,1604,305,1299,19.015,100.0,0.39,-5.484,13131,0.0,-100.0,0.0,-100.0,0.0,-22.46
BTC-USDT-SWAP,5m,1H,0.002,0.02,0.008,148.0,0.0,-100.0,1604,322,1282,20.075,100.0,0.435,-5.484,13131,0.0,-100.0,0.0,-100.0,0.0,-22.8
BTC-USDT-SWAP,5m,1H,0.002,0.02,0.01,148.0,0.0,-100.0,1604,325,1279,20.262,100.0,0.421,-5.484,13131,0.0,-100.0,0.0,-100.0,0.0,-18.85
BTC-USDT-SWAP,5m,1H,0.002,0.02,0.015,148.0,0.0,-100.0,1604,330,1274,20.574,100.0,0.459,-5.484,13131,0.0,-100.0,0.0,-100.0,0.0,-18.85
BTC-USDT-SWAP,5m,1H,0.002,0.02,0.02,148.0,0.0,-100.0,1604,334,1270,20.823,100.0,0.439,-5.484,13131,0.0,-100.0,0.0,-100.0,0.0,-18.85
BTC-USDT-SWAP,5m,1H,0.002,0.02,0.025,148.0,0.0,-100.0,1604,334,1270,20.823,100.0,0.423,-5.484,13131,0.0,-100.0,0.0,-100.0,0.0,-18.85
BTC-USDT-SWAP,5m,1H,0.002,0.02,0.03,148.0,0.0,-100.0,1604,334,1270,20.823,100.0,0.406,-5.484,13131,0.0,-100.0,0.0,-100.0,0.0,-18.85
BTC-USDT-SWAP,5m,1H,0.002,0.03,0.005,148.0,0.0,-100.0,1604,304,1300,18.953,100.0,0.392,-5.484,13131,0.0,-100.0,0.0,-100.0,0.0,-22.46
BTC-USDT-SWAP,5m,1H,0.002,0.03,0.008,148.0,0.0,-100.0,1604,322,1282,20.075,100.0,0.438,-5.484,13131,0.0,-100.0,0.0,-100.0,0.0,-22.8
BTC-USDT-SWAP,5m,1H,0.002,0.03,0.01,148.0,0.0,-100.0,1604,325,1279,20.262,100.0,0.424,-5.484,13131,0.0,-100.0,0.0,-100.0,0.0,-18.85
BTC-USDT-SWAP,5m,1H,0.002,0.03,0.015,148.0,0.0,-100.0,1604,330,1274,20.574,100.0,0.462,-5.484,13131,0.0,-100.0,0.0,-100.0,0.0,-18.85
BTC-USDT-SWAP,5m,1H,0.002,0.03,0.02,148.0,0.0,-100.0,1604,333,1271,20.761,100.0,0.442,-5.484,13131,0.0,-100.0,0.0,-100.0,0.0,-18.85
BTC-USDT-SWAP,5m,1H,0.002,0.03,0.025,148.0,0.0,-100.0,1604,333,1271,20.761,100.0,0.426,-5.484,13131,0.0,-100.0,0.0,-100.0,0.0,-18.85
BTC-USDT-SWAP,5m,1H,0.002,0.03,0.03,148.0,0.0,-100.0,1604,333,1271,20.761,100.0,0.408,-5.484,13131,0.0,-100.0,0.0,-100.0,0.0,-18.85
BTC-USDT-SWAP,5m,1H,0.003,0.004,0.005,148.0,0.0,-100.0,1135,441,694,38.855,100.0,0.314,-5.484,13131,0.08,-99.95,0.0,-100.0,0.0,-5.96
BTC-USDT-SWAP,5m,1H,0.003,0.004,0.008,148.0,0.0,-100.0,1135,466,669,41.057,100.0,0.421,-5.484,13131,0.07,-99.95,0.0,-100.0,0.0,-3.33
BTC-USDT-SWAP,5m,1H,0.003,0.004,0.01,148.0,0.0,-100.0,1135,469,666,41.322,100.0,0.411,-5.484,13131,0.05,-99.96,0.0,-100.0,0.0,-3.33
BTC-USDT-SWAP,5m,1H,0.003,0.004,0.015,148.0,0.0,-100.0,1135,478,657,42.115,100.0,0.465,-5.484,13131,0.05,-99.96,0.0,-100.0,0.0,-3.33
BTC-USDT-SWAP,5m,1H,0.003,0.004,0.02,148.0,0.0,-100.0,1135,483,652,42.555,100.0,0.533,-5.484,13131,0.08,-99.94,0.0,-100.0,0.0,-3.33
BTC-USDT-SWAP,5m,1H,0.003,0.004,0.025,148.0,0.0,-100.0,1135,483,652,42.555,100.0,0.532,-5.484,13131,0.09,-99.94,0.0,-100.0,0.0,-3.33
BTC-USDT-SWAP,5m,1H,0.003,0.004,0.03,148.0,0.0,-100.0,1135,483,652,42.555,100.0,0.532,-5.484,13131,0.08,-99.95,0.0,-100.0,0.0,-3.33
BTC-USDT-SWAP,5m,1H,0.003,0.006,0.005,148.0,0.0,-100.0,1135,307,828,27.048,100.0,0.241,-5.484,13131,0.01,-99.99,0.0,-100.0,0.0,-9.49
BTC-USDT-SWAP,5m,1H,0.003,0.006,0.008,148.0,0.0,-100.0,1135,330,805,29.075,100.0,0.366,-5.484,13131,0.01,-99.99,0.0,-100.0,0.0,-6.96
BTC-USDT-SWAP,5m,1H,0.003,0.006,0.01,148.0,0.0,-100.0,1135,333,802,29.339,100.0,0.356,-5.484,13131,0.01,-99.99,0.0,-100.0,0.0,-6.96
BTC-USDT-SWAP,5m,1H,0.003,0.006,0.015,148.0,0.0,-100.0,1135,341,794,30.044,100.0,0.366,-5.484,13131,0.01,-100.0,0.0,-100.0,0.0,-6.96
BTC-USDT-SWAP,5m,1H,0.003,0.006,0.02,148.0,0.0,-100.0,1135,344,791,30.308,100.0,0.359,-5.484,13131,0.01,-99.99,0.0,-100.0,0.0,-6.96
BTC-USDT-SWAP,5m,1H,0.003,0.006,0.025,148.0,0.0,-100.0,1135,344,791,30.308,100.0,0.344,-5.484,13131,0.01,-99.99,0.0,-100.0,0.0,-6.96
BTC-USDT-SWAP,5m,1H,0.003,0.006,0.03,148.0,0.0,-100.0,1135,344,791,30.308,100.0,0.329,-5.484,13131,0.01,-100.0,0.0,-100.0,0.0,-6.96
BTC-USDT-SWAP,5m,1H,0.003,0.008,0.005,148.0,0.0,-100.0,1135,264,871,23.26,100.0,0.214,-5.484,13131,0.01,-99.99,0.0,-100.0,0.0,-7.74
BTC-USDT-SWAP,5m,1H,0.003,0.008,0.008,148.0,0.0,-100.0,1135,282,853,24.846,100.0,0.293,-5.484,13131,0.01,-100.0,0.0,-100.0,0.0,-5.16
BTC-USDT-SWAP,5m,1H,0.003,0.008,0.01,148.0,0.0,-100.0,1135,286,849,25.198,100.0,0.334,-5.484,13131,0.0,-100.0,0.0,-100.0,0.0,-5.16
BTC-USDT-SWAP,5m,1H,0.003,0.008,0.015,148.0,0.0,-100.0,1135,295,840,25.991,100.0,0.334,-5.484,13131,0.0,-100.0,0.0,-100.0,0.0,-5.16
BTC-USDT-SWAP,5m,1H,0.003,0.008,0.02,148.0,0.0,-100.0,1135,297,838,26.167,100.0,0.323,-5.484,13131,0.0,-100.0,0.0,-100.0,0.0,-5.16
BTC-USDT-SWAP,5m,1H,0.003,0.008,0.025,148.0,0.0,-100.0,1135,297,838,26.167,100.0,0.308,-5.484,13131,0.0,-100.0,0.0,-100.0,0.0,-5.16
BTC-USDT-SWAP,5m,1H,0.003,0.008,0.03,148.0,0.0,-100.0,1135,297,838,26.167,100.0,0.294,-5.484,13131,0.0,-100.0,0.0,-100.0,0.0,-5.16
BTC-USDT-SWAP,5m,1H,0.003,0.01,0.005,148.0,0.0,-100.0,1135,250,885,22.026,100.0,0.245,-5.484,13131,0.0,-100.0,0.0,-100.0,0.0,-8.97
BTC-USDT-SWAP,5m,1H,0.003,0.01,0.008,148.0,0.0,-100.0,1135,269,866,23.7,100.0,0.322,-5.484,13131,0.0,-100.0,0.0,-100.0,0.0,-6.43
BTC-USDT-SWAP,5m,1H,0.003,0.01,0.01,148.0,0.0,-100.0,1135,272,863,23.965,100.0,0.369,-5.484,13131,0.0,-100.0,0.0,-100.0,0.0,-6.43
BTC-USDT-SWAP,5m,1H,0.003,0.01,0.015,148.0,0.0,-100.0,1135,279,856,24.581,100.0,0.373,-5.484,13131,0.0,-100.0,0.0,-100.0,0.0,-6.43
BTC-USDT-SWAP,5m,1H,0.003,0.01,0.02,148.0,0.0,-100.0,1135,281,854,24.758,100.0,0.359,-5.484,13131,0.0,-100.0,0.0,-100.0,0.0,-6.43
BTC-USDT-SWAP,5m,1H,0.003,0.01,0.025,148.0,0.0,-100.0,1135,281,854,24.758,100.0,0.344,-5.484,13131,0.0,-100.0,0.0,-100.0,0.0,-6.43
BTC-USDT-SWAP,5m,1H,0.003,0.01,0.03,148.0,0.0,-100.0,1135,281,854,24.758,100.0,0.328,-5.484,13131,0.0,-100.0,0.0,-100.0,0.0,-6.43
BTC-USDT-SWAP,5m,1H,0.003,0.012,0.005,148.0,0.0,-100.0,1135,242,893,21.322,100.0,0.274,-5.484,13131,0.0,-100.0,0.0,-100.0,0.0,-8.97
BTC-USDT-SWAP,5m,1H,0.003,0.012,0.008,148.0,0.0,-100.0,1135,261,874,22.996,100.0,0.352,-5.484,13131,0.0,-100.0,0.0,-100.0,0.0,-6.43
BTC-USDT-SWAP,5m,1H,0.003,0.012,0.01,148.0,0.0,-100.0,1135,264,871,23.26,100.0,0.398,-5.484,13131,0.0,-100.0,0.0,-100.0,0.0,-6.43
BTC-USDT-SWAP,5m,1H,0.003,0.012,0.015,148.0,0.0,-100.0,1135,271,864,23.877,100.0,0.404,-5.484,13131,0.0,-100.0,0.0,-100.0,0.0,-6.43
BTC-USDT-SWAP,5m,1H,0.003,0.012,0.02,148.0,0.0,-100.0,1135,273,862,24.053,100.0,0.389,-5.484,13131,0.0,-100.0,0.0,-100.0,0.0,-6.43
BTC-USDT-SWAP,5m,1H,0.003,0.012,0.025,148.0,0.0,-100.0,1135,273,862,24.053,100.0,0.373,-5.484,13131,0.0,-100.0,0.0,-100.0,0.0,-6.43
BTC-USDT-SWAP,5m,1H,0.003,0.012,0.03,148.0,0.0,-100.0,1135,273,862,24.053,100.0,0.357,-5.484,13131,0.0,-100.0,0.0,-100.0,0.0,-6.43
BTC-USDT-SWAP,5m,1H,0.003,0.015,0.005,148.0,0.0,-100.0,1135,242,893,21.322,100.0,0.31,-5.484,13131,0.0,-100.0,0.0,-100.0,0.0,-8.97
BTC-USDT-SWAP,5m,1H,0.003,0.015,0.008,148.0,0.0,-100.0,1135,259,876,22.819,100.0,0.387,-5.484,13131,0.0,-100.0,0.0,-100.0,0.0,-6.43
BTC-USDT-SWAP,5m,1H,0.003,0.015,0.01,148.0,0.0,-100.0,1135,262,873,23.084,100.0,0.431,-5.484,13131,0.0,-100.0,0.0,-100.0,0.0,-6.43
BTC-USDT-SWAP,5m,1H,0.003,0.015,0.015,148.0,0.0,-100.0,1135,267,868,23.524,100.0,0.422,-5.484,13131,0.0,-100.0,0.0,-100.0,0.0,-6.43
BTC-USDT-SWAP,5m,1H,0.003,0.015,0.02,148.0,0.0,-100.0,1135,269,866,23.7,100.0,0.406,-5.484,13131,0.0,-100.0,0.0,-100.0,0.0,-6.43
BTC-USDT-SWAP,5m,1H,0.003,0.015,0.025,148.0,0.0,-100.0,1135,269,866,23.7,100.0,0.39,-5.484,13131,0.0,-100.0,0.0,-100.0,0.0,-6.43
BTC-USDT-SWAP,5m,1H,0.003,0.015,0.03,148.0,0.0,-100.0,1135,269,866,23.7,100.0,0.373,-5.484,13131,0.0,-100.0,0.0,-100.0,0.0,-6.43
BTC-USDT-SWAP,5m,1H,0.003,0.02,0.005,148.0,0.0,-100.0,1135,241,894,21.233,100.0,0.317,-5.484,13131,0.01,-100.0,0.0,-100.0,0.0,-8.97
BTC-USDT-SWAP,5m,1H,0.003,0.02,0.008,148.0,0.0,-100.0,1135,257,878,22.643,100.0,0.392,-5.484,13131,0.0,-100.0,0.0,-100.0,0.0,-6.43
BTC-USDT-SWAP,5m,1H,0.003,0.02,0.01,148.0,0.0,-100.0,1135,260,875,22.907,100.0,0.438,-5.484,13131,0.0,-100.0,0.0,-100.0,0.0,-6.43
BTC-USDT-SWAP,5m,1H,0.003,0.02,0.015,148.0,0.0,-100.0,1135,265,870,23.348,100.0,0.428,-5.484,13131,0.0,-100.0,0.0,-100.0,0.0,-6.43
BTC-USDT-SWAP,5m,1H,0.003,0.02,0.02,148.0,0.0,-100.0,1135,267,868,23.524,100.0,0.412,-5.484,13131,0.0,-100.0,0.0,-100.0,0.0,-6.43
BTC-USDT-SWAP,5m,1H,0.003,0.02,0.025,148.0,0.0,-100.0,1135,267,868,23.524,100.0,0.396,-5.484,13131,0.0,-100.0,0.0,-100.0,0.0,-6.43
BTC-USDT-SWAP,5m,1H,0.003,0.02,0.03,148.0,0.0,-100.0,1135,267,868,23.524,100.0,0.38,-5.484,13131,0.0,-100.0,0.0,-100.0,0.0,-6.43
BTC-USDT-SWAP,5m,1H,0.003,0.03,0.005,148.0,0.0,-100.0,1135,240,895,21.145,100.0,0.314,-5.484,13131,0.01,-100.0,0.0,-100.0,0.0,-8.97
BTC-USDT-SWAP,5m,1H,0.003,0.03,0.008,148.0,0.0,-100.0,1135,257,878,22.643,100.0,0.391,-5.484,13131,0.0,-100.0,0.0,-100.0,0.0,-6.43
BTC-USDT-SWAP,5m,1H,0.003,0.03,0.01,148.0,0.0,-100.0,1135,260,875,22.907,100.0,0.437,-5.484,13131,0.0,-100.0,0.0,-100.0,0.0,-6.43
BTC-USDT-SWAP,5m,1H,0.003,0.03,0.015,148.0,0.0,-100.0,1135,265,870,23.348,100.0,0.426,-5.484,13131,0.0,-100.0,0.0,-100.0,0.0,-6.43
BTC-USDT-SWAP,5m,1H,0.003,0.03,0.02,148.0,0.0,-100.0,1135,266,869,23.436,100.0,0.41,-5.484,13131,0.0,-100.0,0.0,-100.0,0.0,-6.43
BTC-USDT-SWAP,5m,1H,0.003,0.03,0.025,148.0,0.0,-100.0,1135,266,869,23.436,100.0,0.394,-5.484,13131,0.0,-100.0,0.0,-100.0,0.0,-6.43
BTC-USDT-SWAP,5m,1H,0.003,0.03,0.03,148.0,0.0,-100.0,1135,266,869,23.436,100.0,0.378,-5.484,13131,0.0,-100.0,0.0,-100.0,0.0,-6.43
BTC-USDT-SWAP,5m,1H,0.004,0.004,0.005,148.0,0.001,-100.0,792,338,454,42.677,100.0,0.361,-5.484,13131,0.99,-99.33,0.0,-99.93,0.0,-2.67
BTC-USDT-SWAP,5m,1H,0.004,0.004,0.008,148.0,0.001,-99.999,792,356,436,44.949,99.999,0.487,-5.484,13131,1.46,-99.02,0.0,-99.94,0.0,0.78
BTC-USDT-SWAP,5m,1H,0.004,0.004,0.01,148.0,0.001,-99.999,792,362,430,45.707,99.999,0.491,-5.484,13131,1.36,-99.08,0.0,-99.94,0.0,0.78
BTC-USDT-SWAP,5m,1H,0.004,0.004,0.015,148.0,0.001,-99.999,792,371,421,46.843,99.999,0.54,-5.484,13131,1.73,-98.83,0.0,-99.93,0.0,0.78
BTC-USDT-SWAP,5m,1H,0.004,0.004,0.02,148.0,0.002,-99.999,792,374,418,47.222,99.999,0.594,-5.484,13131,2.03,-98.63,0.0,-99.9,0.0,0.78
BTC-USDT-SWAP,5m,1H,0.004,0.004,0.025,148.0,0.003,-99.998,792,374,418,47.222,99.998,0.594,-5.484,13131,2.39,-98.38,0.0,-99.89,0.0,0.78
BTC-USDT-SWAP,5m,1H,0.004,0.004,0.03,148.0,0.003,-99.998,792,374,418,47.222,99.998,0.594,-5.484,13131,2.39,-98.38,0.0,-99.9,0.0,0.78
BTC-USDT-SWAP,5m,1H,0.004,0.006,0.005,148.0,0.0,-100.0,792,241,551,30.429,100.0,0.316,-5.484,13131,0.21,-99.86,0.0,-99.98,0.0,-7.79
BTC-USDT-SWAP,5m,1H,0.004,0.006,0.008,148.0,0.0,-100.0,792,256,536,32.323,100.0,0.461,-5.484,13131,0.25,-99.83,0.0,-99.99,0.0,-4.52
BTC-USDT-SWAP,5m,1H,0.004,0.006,0.01,148.0,0.0,-100.0,792,260,532,32.828,100.0,0.459,-5.484,13131,0.19,-99.87,0.0,-99.99,0.0,-4.52
BTC-USDT-SWAP,5m,1H,0.004,0.006,0.015,148.0,0.0,-100.0,792,268,524,33.838,100.0,0.472,-5.484,13131,0.23,-99.84,0.0,-99.99,0.0,-4.52
BTC-USDT-SWAP,5m,1H,0.004,0.006,0.02,148.0,0.0,-100.0,792,270,522,34.091,100.0,0.457,-5.484,13131,0.21,-99.86,0.0,-99.99,0.0,-4.52
BTC-USDT-SWAP,5m,1H,0.004,0.006,0.025,148.0,0.0,-100.0,792,270,522,34.091,100.0,0.44,-5.484,13131,0.21,-99.86,0.0,-99.99,0.0,-4.52
BTC-USDT-SWAP,5m,1H,0.004,0.006,0.03,148.0,0.0,-100.0,792,270,522,34.091,100.0,0.496,-5.484,13131,0.25,-99.83,0.0,-99.99,0.0,-4.52
BTC-USDT-SWAP,5m,1H,0.004,0.008,0.005,148.0,0.0,-100.0,792,210,582,26.515,100.0,0.292,-5.484,13131,0.1,-99.93,0.0,-99.99,0.0,-8.5
BTC-USDT-SWAP,5m,1H,0.004,0.008,0.008,148.0,0.0,-100.0,792,220,572,27.778,100.0,0.378,-5.484,13131,0.08,-99.94,0.0,-100.0,0.0,-5.27
BTC-USDT-SWAP,5m,1H,0.004,0.008,0.01,148.0,0.0,-100.0,792,226,566,28.535,100.0,0.432,-5.484,13131,0.08,-99.94,0.0,-100.0,0.0,-5.27
BTC-USDT-SWAP,5m,1H,0.004,0.008,0.015,148.0,0.0,-100.0,792,234,558,29.545,100.0,0.437,-5.484,13131,0.09,-99.94,0.0,-100.0,0.0,-5.27
BTC-USDT-SWAP,5m,1H,0.004,0.008,0.02,148.0,0.0,-100.0,792,235,557,29.672,100.0,0.417,-5.484,13131,0.08,-99.95,0.0,-100.0,0.0,-5.27
BTC-USDT-SWAP,5m,1H,0.004,0.008,0.025,148.0,0.0,-100.0,792,235,557,29.672,100.0,0.401,-5.484,13131,0.08,-99.94,0.0,-100.0,0.0,-5.27
BTC-USDT-SWAP,5m,1H,0.004,0.008,0.03,148.0,0.0,-100.0,792,235,557,29.672,100.0,0.455,-5.484,13131,0.1,-99.94,0.0,-100.0,0.0,-5.27
BTC-USDT-SWAP,5m,1H,0.004,0.01,0.005,148.0,0.0,-100.0,792,192,600,24.242,100.0,0.307,-5.484,13131,0.08,-99.95,0.0,-100.0,0.0,-8.5
BTC-USDT-SWAP,5m,1H,0.004,0.01,0.008,148.0,0.0,-100.0,792,203,589,25.631,100.0,0.392,-5.484,13131,0.06,-99.96,0.0,-100.0,0.0,-5.27
BTC-USDT-SWAP,5m,1H,0.004,0.01,0.01,148.0,0.0,-100.0,792,208,584,26.263,100.0,0.457,-5.484,13131,0.06,-99.96,0.0,-100.0,0.0,-5.27
BTC-USDT-SWAP,5m,1H,0.004,0.01,0.015,148.0,0.0,-100.0,792,217,575,27.399,100.0,0.459,-5.484,13131,0.07,-99.95,0.0,-100.0,0.0,-5.27
BTC-USDT-SWAP,5m,1H,0.004,0.01,0.02,148.0,0.0,-100.0,792,219,573,27.652,100.0,0.438,-5.484,13131,0.06,-99.96,0.0,-100.0,0.0,-5.27
BTC-USDT-SWAP,5m,1H,0.004,0.01,0.025,148.0,0.0,-100.0,792,219,573,27.652,100.0,0.422,-5.484,13131,0.06,-99.96,0.0,-100.0,0.0,-5.27
BTC-USDT-SWAP,5m,1H,0.004,0.01,0.03,148.0,0.0,-100.0,792,219,573,27.652,100.0,0.477,-5.484,13131,0.07,-99.95,0.0,-100.0,0.0,-5.27
BTC-USDT-SWAP,5m,1H,0.004,0.012,0.005,148.0,0.0,-100.0,792,189,603,23.864,100.0,0.343,-5.484,13131,0.09,-99.94,0.0,-100.0,0.0,-8.5
BTC-USDT-SWAP,5m,1H,0.004,0.012,0.008,148.0,0.0,-100.0,792,200,592,25.253,100.0,0.431,-5.484,13131,0.07,-99.95,0.0,-100.0,0.0,-5.27
BTC-USDT-SWAP,5m,1H,0.004,0.012,0.01,148.0,0.0,-100.0,792,205,587,25.884,100.0,0.498,-5.484,13131,0.07,-99.95,0.0,-100.0,0.0,-5.27
BTC-USDT-SWAP,5m,1H,0.004,0.012,0.015,148.0,0.0,-100.0,792,212,580,26.768,100.0,0.498,-5.484,13131,0.08,-99.95,0.0,-100.0,0.0,-5.27
BTC-USDT-SWAP,5m,1H,0.004,0.012,0.02,148.0,0.0,-100.0,792,214,578,27.02,100.0,0.476,-5.484,13131,0.07,-99.95,0.0,-100.0,0.0,-5.27
BTC-USDT-SWAP,5m,1H,0.004,0.012,0.025,148.0,0.0,-100.0,792,214,578,27.02,100.0,0.46,-5.484,13131,0.07,-99.95,0.0,-100.0,0.0,-5.27
BTC-USDT-SWAP,5m,1H,0.004,0.012,0.03,148.0,0.0,-100.0,792,214,578,27.02,100.0,0.516,-5.484,13131,0.08,-99.95,0.0,-100.0,0.0,-5.27
BTC-USDT-SWAP,5m,1H,0.004,0.015,0.005,148.0,0.0,-100.0,792,188,604,23.737,100.0,0.394,-5.484,13131,0.09,-99.94,0.0,-100.0,0.0,-8.5
BTC-USDT-SWAP,5m,1H,0.004,0.015,0.008,148.0,0.0,-100.0,792,197,595,24.874,100.0,0.476,-5.484,13131,0.06,-99.96,0.0,-100.0,0.0,-5.27
BTC-USDT-SWAP,5m,1H,0.004,0.015,0.01,148.0,0.0,-100.0,792,200,592,25.253,100.0,0.52,-5.484,13131,0.06,-99.96,0.0,-100.0,0.0,-5.27
BTC-USDT-SWAP,5m,1H,0.004,0.015,0.015,148.0,0.0,-100.0,792,207,585,26.136,100.0,0.519,-5.484,13131,0.07,-99.96,0.0,-100.0,0.0,-5.27
BTC-USDT-SWAP,5m,1H,0.004,0.015,0.02,148.0,0.0,-100.0,792,209,583,26.389,100.0,0.497,-5.484,13131,0.06,-99.96,0.0,-100.0,0.0,-5.27
BTC-USDT-SWAP,5m,1H,0.004,0.015,0.025,148.0,0.0,-100.0,792,209,583,26.389,100.0,0.481,-5.484,13131,0.06,-99.96,0.0,-100.0,0.0,-5.27
BTC-USDT-SWAP,5m,1H,0.004,0.015,0.03,148.0,0.0,-100.0,792,209,583,26.389,100.0,0.537,-5.484,13131,0.07,-99.95,0.0,-100.0,0.0,-5.27
BTC-USDT-SWAP,5m,1H,0.004,0.02,0.005,148.0,0.0,-100.0,792,188,604,23.737,100.0,0.411,-5.484,13131,0.11,-99.93,0.0,-100.0,0.0,-8.5
BTC-USDT-SWAP,5m,1H,0.004,0.02,0.008,148.0,0.0,-100.0,792,197,595,24.874,100.0,0.491,-5.484,13131,0.07,-99.95,0.0,-100.0,0.0,-5.27
BTC-USDT-SWAP,5m,1H,0.004,0.02,0.01,148.0,0.0,-100.0,792,200,592,25.253,100.0,0.535,-5.484,13131,0.07,-99.96,0.0,-100.0,0.0,-5.27
BTC-USDT-SWAP,5m,1H,0.004,0.02,0.015,148.0,0.0,-100.0,792,207,585,26.136,100.0,0.534,-5.484,13131,0.07,-99.95,0.0,-100.0,0.0,-5.27
BTC-USDT-SWAP,5m,1H,0.004,0.02,0.02,148.0,0.0,-100.0,792,209,583,26.389,100.0,0.513,-5.484,13131,0.06,-99.96,0.0,-100.0,0.0,-5.27
BTC-USDT-SWAP,5m,1H,0.004,0.02,0.025,148.0,0.0,-100.0,792,209,583,26.389,100.0,0.496,-5.484,13131,0.06,-99.96,0.0,-100.0,0.0,-5.27
BTC-USDT-SWAP,5m,1H,0.004,0.02,0.03,148.0,0.0,-100.0,792,209,583,26.389,100.0,0.552,-5.484,13131,0.07,-99.95,0.0,-100.0,0.0,-5.27
BTC-USDT-SWAP,5m,1H,0.004,0.03,0.005,148.0,0.0,-100.0,792,187,605,23.611,100.0,0.414,-5.484,13131,0.12,-99.92,0.0,-100.0,0.0,-8.5
BTC-USDT-SWAP,5m,1H,0.004,0.03,0.008,148.0,0.0,-100.0,792,196,596,24.747,100.0,0.496,-5.484,13131,0.08,-99.95,0.0,-100.0,0.0,-5.27
BTC-USDT-SWAP,5m,1H,0.004,0.03,0.01,148.0,0.0,-100.0,792,199,593,25.126,100.0,0.539,-5.484,13131,0.07,-99.95,0.0,-100.0,0.0,-5.27
BTC-USDT-SWAP,5m,1H,0.004,0.03,0.015,148.0,0.0,-100.0,792,205,587,25.884,100.0,0.538,-5.484,13131,0.08,-99.95,0.0,-100.0,0.0,-5.27
BTC-USDT-SWAP,5m,1H,0.004,0.03,0.02,148.0,0.0,-100.0,792,207,585,26.136,100.0,0.517,-5.484,13131,0.07,-99.95,0.0,-100.0,0.0,-5.27
BTC-USDT-SWAP,5m,1H,0.004,0.03,0.025,148.0,0.0,-100.0,792,207,585,26.136,100.0,0.5,-5.484,13131,0.07,-99.95,0.0,-100.0,0.0,-5.27
BTC-USDT-SWAP,5m,1H,0.004,0.03,0.03,148.0,0.0,-100.0,792,207,585,26.136,100.0,0.556,-5.484,13131,0.08,-99.94,0.0,-100.0,0.0,-5.27
BTC-USDT-SWAP,5m,1H,0.005,0.004,0.005,148.0,0.071,-99.952,590,288,302,48.814,99.954,0.481,-5.482,13131,9.45,-93.61,0.07,-99.22,0.07,-3.61
BTC-USDT-SWAP,5m,1H,0.005,0.004,0.008,148.0,0.077,-99.948,590,302,288,51.186,99.952,0.511,-5.482,13131,9.79,-93.38,0.07,-99.26,0.08,5.4
BTC-USDT-SWAP,5m,1H,0.005,0.004,0.01,148.0,0.073,-99.951,590,306,284,51.864,99.954,0.502,-5.482,13131,8.22,-94.44,0.07,-99.16,0.07,5.4
BTC-USDT-SWAP,5m,1H,0.005,0.004,0.015,148.0,0.151,-99.898,590,316,274,53.559,99.908,0.58,-5.479,13131,12.06,-91.85,0.14,-98.81,0.15,5.4
BTC-USDT-SWAP,5m,1H,0.005,0.004,0.02,148.0,0.24,-99.838,590,317,273,53.729,99.881,0.641,-5.476,13131,18.21,-87.7,0.23,-98.75,0.24,5.4
BTC-USDT-SWAP,5m,1H,0.005,0.004,0.025,148.0,0.226,-99.848,590,317,273,53.729,99.888,0.64,-5.476,13131,17.84,-87.95,0.21,-98.8,0.23,5.4
BTC-USDT-SWAP,5m,1H,0.005,0.004,0.03,148.0,0.225,-99.848,590,317,273,53.729,99.889,0.64,-5.476,13131,17.84,-87.95,0.21,-98.8,0.22,5.4
BTC-USDT-SWAP,5m,1H,0.005,0.006,0.005,148.0,0.004,-99.998,590,203,387,34.407,99.998,0.522,-5.484,13131,2.53,-98.29,0.0,-99.86,0.0,0.2
BTC-USDT-SWAP,5m,1H,0.005,0.006,0.008,148.0,0.003,-99.998,590,215,375,36.441,99.998,0.531,-5.484,13131,1.99,-98.65,0.0,-99.87,0.0,4.82
BTC-USDT-SWAP,5m,1H,0.005,0.006,0.01,148.0,0.002,-99.999,590,218,372,36.949,99.999,0.522,-5.484,13131,1.48,-99.0,0.0,-99.88,0.0,4.82
BTC-USDT-SWAP,5m,1H,0.005,0.006,0.015,148.0,0.005,-99.996,590,230,360,38.983,99.997,0.637,-5.484,13131,2.79,-98.11,0.01,-99.82,0.01,4.82
BTC-USDT-SWAP,5m,1H,0.005,0.006,0.02,148.0,0.008,-99.995,590,231,359,39.153,99.996,0.696,-5.484,13131,4.02,-97.29,0.01,-99.81,0.01,4.82
BTC-USDT-SWAP,5m,1H,0.005,0.006,0.025,148.0,0.008,-99.995,590,231,359,39.153,99.996,0.695,-5.484,13131,3.85,-97.4,0.01,-99.81,0.01,4.82
BTC-USDT-SWAP,5m,1H,0.005,0.006,0.03,148.0,0.006,-99.996,590,231,359,39.153,99.997,0.695,-5.484,13131,3.59,-97.57,0.01,-99.83,0.01,4.82
BTC-USDT-SWAP,5m,1H,0.005,0.008,0.005,148.0,0.001,-99.999,590,175,415,29.661,99.999,0.539,-5.484,13131,1.48,-99.0,0.0,-99.93,0.0,-5.33
BTC-USDT-SWAP,5m,1H,0.005,0.008,0.008,148.0,0.001,-100.0,590,185,405,31.356,100.0,0.515,-5.484,13131,0.94,-99.36,0.0,-99.93,0.0,-0.96
BTC-USDT-SWAP,5m,1H,0.005,0.008,0.01,148.0,0.0,-100.0,590,188,402,31.864,100.0,0.516,-5.484,13131,0.75,-99.49,0.0,-99.94,0.0,-0.96
BTC-USDT-SWAP,5m,1H,0.005,0.008,0.015,148.0,0.001,-99.999,590,198,392,33.559,99.999,0.577,-5.484,13131,1.14,-99.23,0.0,-99.9,0.0,-0.96
BTC-USDT-SWAP,5m,1H,0.005,0.008,0.02,148.0,0.001,-99.999,590,198,392,33.559,99.999,0.566,-5.484,13131,1.22,-99.18,0.0,-99.91,0.0,-0.96
BTC-USDT-SWAP,5m,1H,0.005,0.008,0.025,148.0,0.001,-99.999,590,198,392,33.559,99.999,0.549,-5.484,13131,1.1,-99.26,0.0,-99.91,0.0,-0.96
BTC-USDT-SWAP,5m,1H,0.005,0.008,0.03,148.0,0.001,-99.999,590,198,392,33.559,99.999,0.606,-5.484,13131,1.29,-99.13,0.0,-99.92,0.0,-0.96
BTC-USDT-SWAP,5m,1H,0.005,0.01,0.005,148.0,0.0,-100.0,590,161,429,27.288,100.0,0.448,-5.484,13131,1.11,-99.25,0.0,-99.97,0.0,-5.33
BTC-USDT-SWAP,5m,1H,0.005,0.01,0.008,148.0,0.0,-100.0,590,172,418,29.153,100.0,0.473,-5.484,13131,0.79,-99.47,0.0,-99.97,0.0,-0.96
BTC-USDT-SWAP,5m,1H,0.005,0.01,0.01,148.0,0.0,-100.0,590,175,415,29.661,100.0,0.472,-5.484,13131,0.61,-99.59,0.0,-99.97,0.0,-0.96
BTC-USDT-SWAP,5m,1H,0.005,0.01,0.015,148.0,0.0,-100.0,590,185,405,31.356,100.0,0.521,-5.484,13131,0.92,-99.38,0.0,-99.97,0.0,-0.96
BTC-USDT-SWAP,5m,1H,0.005,0.01,0.02,148.0,0.0,-100.0,590,185,405,31.356,100.0,0.505,-5.484,13131,0.96,-99.35,0.0,-99.97,0.0,-0.96
BTC-USDT-SWAP,5m,1H,0.005,0.01,0.025,148.0,0.0,-100.0,590,185,405,31.356,100.0,0.489,-5.484,13131,0.86,-99.42,0.0,-99.97,0.0,-0.96
BTC-USDT-SWAP,5m,1H,0.005,0.01,0.03,148.0,0.0,-100.0,590,185,405,31.356,100.0,0.547,-5.484,13131,1.02,-99.31,0.0,-99.97,0.0,-0.96
BTC-USDT-SWAP,5m,1H,0.005,0.012,0.005,148.0,0.0,-100.0,590,158,432,26.78,100.0,0.482,-5.484,13131,0.99,-99.33,0.0,-99.97,0.0,-5.33
BTC-USDT-SWAP,5m,1H,0.005,0.012,0.008,148.0,0.0,-100.0,590,167,423,28.305,100.0,0.51,-5.484,13131,0.71,-99.52,0.0,-99.98,0.0,-0.96
BTC-USDT-SWAP,5m,1H,0.005,0.012,0.01,148.0,0.0,-100.0,590,170,420,28.814,100.0,0.512,-5.484,13131,0.56,-99.62,0.0,-99.98,0.0,-0.96
BTC-USDT-SWAP,5m,1H,0.005,0.012,0.015,148.0,0.0,-100.0,590,179,411,30.339,100.0,0.564,-5.484,13131,0.82,-99.45,0.0,-99.98,0.0,-0.96
BTC-USDT-SWAP,5m,1H,0.005,0.012,0.02,148.0,0.0,-100.0,590,180,410,30.508,100.0,0.548,-5.484,13131,0.86,-99.42,0.0,-99.98,0.0,-0.96
BTC-USDT-SWAP,5m,1H,0.005,0.012,0.025,148.0,0.0,-100.0,590,180,410,30.508,100.0,0.532,-5.484,13131,0.77,-99.48,0.0,-99.98,0.0,-0.96
BTC-USDT-SWAP,5m,1H,0.005,0.012,0.03,148.0,0.0,-100.0,590,180,410,30.508,100.0,0.589,-5.484,13131,0.9,-99.39,0.0,-99.98,0.0,-0.96
BTC-USDT-SWAP,5m,1H,0.005,0.015,0.005,148.0,0.0,-100.0,590,157,433,26.61,100.0,0.522,-5.484,13131,0.95,-99.36,0.0,-99.97,0.0,-5.33
BTC-USDT-SWAP,5m,1H,0.005,0.015,0.008,148.0,0.0,-100.0,590,166,424,28.136,100.0,0.549,-5.484,13131,0.7,-99.53,0.0,-99.97,0.0,-0.96
BTC-USDT-SWAP,5m,1H,0.005,0.015,0.01,148.0,0.0,-100.0,590,167,423,28.305,100.0,0.531,-5.484,13131,0.5,-99.66,0.0,-99.98,0.0,-0.96
BTC-USDT-SWAP,5m,1H,0.005,0.015,0.015,148.0,0.0,-100.0,590,176,414,29.831,100.0,0.587,-5.484,13131,0.76,-99.49,0.0,-99.98,0.0,-0.96
BTC-USDT-SWAP,5m,1H,0.005,0.015,0.02,148.0,0.0,-100.0,590,177,413,30.0,100.0,0.571,-5.484,13131,0.79,-99.46,0.0,-99.98,0.0,-0.96
BTC-USDT-SWAP,5m,1H,0.005,0.015,0.025,148.0,0.0,-100.0,590,177,413,30.0,100.0,0.555,-5.484,13131,0.71,-99.52,0.0,-99.98,0.0,-0.96
BTC-USDT-SWAP,5m,1H,0.005,0.015,0.03,148.0,0.0,-100.0,590,177,413,30.0,100.0,0.611,-5.484,13131,0.84,-99.43,0.0,-99.97,0.0,-0.96
BTC-USDT-SWAP,5m,1H,0.005,0.02,0.005,148.0,0.0,-100.0,590,157,433,26.61,100.0,0.528,-5.484,13131,0.95,-99.36,0.0,-99.96,0.0,-5.33
BTC-USDT-SWAP,5m,1H,0.005,0.02,0.008,148.0,0.0,-100.0,590,164,426,27.797,100.0,0.546,-5.484,13131,0.56,-99.62,0.0,-99.97,0.0,-0.96
BTC-USDT-SWAP,5m,1H,0.005,0.02,0.01,148.0,0.0,-100.0,590,165,425,27.966,100.0,0.529,-5.484,13131,0.4,-99.73,0.0,-99.98,0.0,-0.96
BTC-USDT-SWAP,5m,1H,0.005,0.02,0.015,148.0,0.0,-100.0,590,174,416,29.492,100.0,0.592,-5.484,13131,0.65,-99.56,0.0,-99.98,0.0,-0.96
BTC-USDT-SWAP,5m,1H,0.005,0.02,0.02,148.0,0.0,-100.0,590,175,415,29.661,100.0,0.575,-5.484,13131,0.68,-99.54,0.0,-99.98,0.0,-0.96
BTC-USDT-SWAP,5m,1H,0.005,0.02,0.025,148.0,0.0,-100.0,590,175,415,29.661,100.0,0.559,-5.484,13131,0.61,-99.59,0.0,-99.98,0.0,-0.96
BTC-USDT-SWAP,5m,1H,0.005,0.02,0.03,148.0,0.0,-100.0,590,175,415,29.661,100.0,0.616,-5.484,13131,0.72,-99.52,0.0,-99.97,0.0,-0.96
BTC-USDT-SWAP,5m,1H,0.005,0.03,0.005,148.0,0.0,-100.0,590,156,434,26.441,100.0,0.514,-5.484,13131,0.88,-99.4,0.0,-99.96,0.0,-5.33
BTC-USDT-SWAP,5m,1H,0.005,0.03,0.008,148.0,0.0,-100.0,590,163,427,27.627,100.0,0.534,-5.484,13131,0.53,-99.64,0.0,-99.97,0.0,-0.96
BTC-USDT-SWAP,5m,1H,0.005,0.03,0.01,148.0,0.0,-100.0,590,164,426,27.797,100.0,0.517,-5.484,13131,0.37,-99.75,0.0,-99.98,0.0,-0.96
BTC-USDT-SWAP,5m,1H,0.005,0.03,0.015,148.0,0.0,-100.0,590,171,419,28.983,100.0,0.533,-5.484,13131,0.49,-99.67,0.0,-99.98,0.0,-0.96
BTC-USDT-SWAP,5m,1H,0.005,0.03,0.02,148.0,0.0,-100.0,590,172,418,29.153,100.0,0.516,-5.484,13131,0.51,-99.66,0.0,-99.99,0.0,-0.96
BTC-USDT-SWAP,5m,1H,0.005,0.03,0.025,148.0,0.0,-100.0,590,172,418,29.153,100.0,0.499,-5.484,13131,0.46,-99.69,0.0,-99.99,0.0,-0.96
BTC-USDT-SWAP,5m,1H,0.005,0.03,0.03,148.0,0.0,-100.0,590,172,418,29.153,100.0,0.557,-5.484,13131,0.54,-99.64,0.0,-99.98,0.0,-0.96
BTC-USDT-SWAP,5m,1H,0.007,0.004,0.005,148.0,9.519,-93.568,329,192,137,58.359,94.21,0.577,-5.132,13131,47.72,-67.76,9.27,-80.57,9.52,2.67
BTC-USDT-SWAP,5m,1H,0.007,0.004,0.008,148.0,12.466,-91.577,329,206,123,62.614,92.663,0.602,-5.023,13131,46.93,-68.29,12.14,-74.13,12.47,2.67
BTC-USDT-SWAP,5m,1H,0.007,0.004,0.01,148.0,21.107,-85.738,329,213,116,64.742,87.577,0.686,-4.702,13131,66.84,-54.84,20.56,-69.24,21.11,2.67
BTC-USDT-SWAP,5m,1H,0.007,0.004,0.015,148.0,43.702,-70.471,329,221,108,67.173,83.116,0.813,-3.865,13131,92.04,-37.81,42.57,-53.75,43.7,2.67
BTC-USDT-SWAP,5m,1H,0.007,0.004,0.02,148.0,46.459,-68.609,329,221,108,67.173,82.914,0.812,-3.763,13131,87.13,-41.13,45.25,-48.07,46.46,2.67
BTC-USDT-SWAP,5m,1H,0.007,0.004,0.025,148.0,61.108,-58.711,329,222,107,67.477,77.527,0.842,-3.22,13131,87.64,-40.78,59.52,-32.09,61.11,2.67
BTC-USDT-SWAP,5m,1H,0.007,0.004,0.03,148.0,61.108,-58.711,329,222,107,67.477,77.527,0.842,-3.22,13131,87.64,-40.78,59.52,-32.09,61.11,2.67
BTC-USDT-SWAP,5m,1H,0.007,0.006,0.005,148.0,1.243,-99.16,329,130,199,39.514,99.229,0.565,-5.438,13131,24.85,-83.21,1.19,-95.21,1.24,4.38
BTC-USDT-SWAP,5m,1H,0.007,0.006,0.008,148.0,0.933,-99.37,329,138,191,41.945,99.402,0.557,-5.45,13131,19.53,-86.8,0.89,-95.42,0.93,4.38
BTC-USDT-SWAP,5m,1H,0.007,0.006,0.01,148.0,1.183,-99.2,329,144,185,43.769,99.361,0.62,-5.441,13131,26.19,-82.31,1.13,-95.67,1.18,4.38
BTC-USDT-SWAP,5m,1H,0.007,0.006,0.015,148.0,1.958,-98.677,329,149,180,45.289,99.243,0.706,-5.412,13131,36.84,-75.11,1.88,-94.91,1.96,4.38
BTC-USDT-SWAP,5m,1H,0.007,0.006,0.02,148.0,2.024,-98.633,329,149,180,45.289,99.218,0.703,-5.409,13131,38.83,-73.76,1.94,-95.01,2.02,4.38
BTC-USDT-SWAP,5m,1H,0.007,0.006,0.025,148.0,2.053,-98.613,329,149,180,45.289,99.206,0.703,-5.408,13131,39.06,-73.61,1.97,-94.96,2.05,4.38
BTC-USDT-SWAP,5m,1H,0.007,0.006,0.03,148.0,2.086,-98.59,329,149,180,45.289,99.193,0.703,-5.407,13131,39.06,-73.61,2.0,-94.88,2.09,4.38
BTC-USDT-SWAP,5m,1H,0.007,0.008,0.005,148.0,0.164,-99.889,329,100,229,30.395,99.897,0.547,-5.478,13131,10.72,-92.75,0.16,-98.47,0.16,-0.07
BTC-USDT-SWAP,5m,1H,0.007,0.008,0.008,148.0,0.097,-99.935,329,107,222,32.523,99.938,0.54,-5.481,13131,7.03,-95.25,0.1,-98.63,0.1,-0.07
BTC-USDT-SWAP,5m,1H,0.007,0.008,0.01,148.0,0.113,-99.924,329,113,216,34.347,99.938,0.612,-5.48,13131,9.15,-93.82,0.11,-98.77,0.11,-0.07
BTC-USDT-SWAP,5m,1H,0.007,0.008,0.015,148.0,0.302,-99.796,329,120,209,36.474,99.885,0.723,-5.473,13131,17.56,-88.13,0.3,-98.28,0.3,-0.07
BTC-USDT-SWAP,5m,1H,0.007,0.008,0.02,148.0,0.296,-99.8,329,120,209,36.474,99.888,0.72,-5.473,13131,17.39,-88.25,0.3,-98.3,0.3,-0.07
BTC-USDT-SWAP,5m,1H,0.007,0.008,0.025,148.0,0.263,-99.822,329,120,209,36.474,99.9,0.719,-5.475,13131,16.37,-88.94,0.26,-98.39,0.26,-0.07
BTC-USDT-SWAP,5m,1H,0.007,0.008,0.03,148.0,0.232,-99.843,329,120,209,36.474,99.912,0.718,-5.476,13131,15.24,-89.7,0.23,-98.48,0.23,-0.07
BTC-USDT-SWAP,5m,1H,0.007,0.01,0.005,148.0,0.089,-99.94,329,89,240,27.052,99.946,0.536,-5.481,13131,6.95,-95.3,0.09,-98.72,0.09,-0.07
BTC-USDT-SWAP,5m,1H,0.007,0.01,0.008,148.0,0.057,-99.961,329,96,233,29.179,99.964,0.539,-5.482,13131,4.77,-96.78,0.06,-98.8,0.06,-0.07
BTC-USDT-SWAP,5m,1H,0.007,0.01,0.01,148.0,0.059,-99.96,329,100,229,30.395,99.962,0.556,-5.482,13131,5.34,-96.39,0.06,-98.88,0.06,-0.07
BTC-USDT-SWAP,5m,1H,0.007,0.01,0.015,148.0,0.126,-99.915,329,106,223,32.219,99.92,0.62,-5.48,13131,7.82,-94.71,0.13,-98.39,0.13,-0.07
BTC-USDT-SWAP,5m,1H,0.007,0.01,0.02,148.0,0.118,-99.92,329,106,223,32.219,99.921,0.602,-5.48,13131,7.42,-94.98,0.12,-98.41,0.12,-0.07
BTC-USDT-SWAP,5m,1H,0.007,0.01,0.025,148.0,0.098,-99.934,329,106,223,32.219,99.934,0.585,-5.481,13131,6.54,-95.58,0.1,-98.5,0.1,-0.07
BTC-USDT-SWAP,5m,1H,0.007,0.01,0.03,148.0,0.111,-99.925,329,106,223,32.219,99.938,0.644,-5.48,13131,7.86,-94.69,0.11,-98.58,0.11,-0.07
BTC-USDT-SWAP,5m,1H,0.007,0.012,0.005,148.0,0.042,-99.971,329,83,246,25.228,99.972,0.391,-5.483,13131,4.37,-97.05,0.04,-99.03,0.04,-0.07
BTC-USDT-SWAP,5m,1H,0.007,0.012,0.008,148.0,0.031,-99.979,329,91,238,27.66,99.981,0.458,-5.483,13131,3.45,-97.67,0.03,-99.09,0.03,-0.07
BTC-USDT-SWAP,5m,1H,0.007,0.012,0.01,148.0,0.032,-99.978,329,95,234,28.875,99.98,0.467,-5.483,13131,3.83,-97.42,0.03,-99.16,0.03,-0.07
BTC-USDT-SWAP,5m,1H,0.007,0.012,0.015,148.0,0.061,-99.959,329,101,228,30.699,99.96,0.535,-5.482,13131,5.48,-96.3,0.06,-98.89,0.06,-0.07
BTC-USDT-SWAP,5m,1H,0.007,0.012,0.02,148.0,0.05,-99.966,329,101,228,30.699,99.966,0.516,-5.483,13131,5.2,-96.49,0.05,-99.04,0.05,-0.07
BTC-USDT-SWAP,5m,1H,0.007,0.012,0.025,148.0,0.045,-99.97,329,101,228,30.699,99.97,0.498,-5.483,13131,4.58,-96.9,0.04,-99.02,0.04,-0.07
BTC-USDT-SWAP,5m,1H,0.007,0.012,0.03,148.0,0.063,-99.958,329,101,228,30.699,99.964,0.561,-5.482,13131,5.51,-96.28,0.06,-98.86,0.06,-0.07
BTC-USDT-SWAP,5m,1H,0.007,0.015,0.005,148.0,0.043,-99.971,329,83,246,25.228,99.971,0.4,-5.483,13131,4.36,-97.06,0.04,-99.01,0.04,-0.07
BTC-USDT-SWAP,5m,1H,0.007,0.015,0.008,148.0,0.029,-99.98,329,90,239,27.356,99.982,0.48,-5.483,13131,3.6,-97.57,0.03,-99.18,0.03,-0.07
BTC-USDT-SWAP,5m,1H,0.007,0.015,0.01,148.0,0.021,-99.986,329,93,236,28.267,99.987,0.489,-5.484,13131,3.89,-97.37,0.02,-99.45,0.02,-0.07
BTC-USDT-SWAP,5m,1H,0.007,0.015,0.015,148.0,0.048,-99.968,329,100,229,30.395,99.969,0.56,-5.483,13131,5.63,-96.2,0.05,-99.15,0.05,-0.07
BTC-USDT-SWAP,5m,1H,0.007,0.015,0.02,148.0,0.037,-99.975,329,100,229,30.395,99.975,0.541,-5.483,13131,5.34,-96.39,0.04,-99.31,0.04,-0.07
BTC-USDT-SWAP,5m,1H,0.007,0.015,0.025,148.0,0.031,-99.979,329,100,229,30.395,99.979,0.523,-5.483,13131,4.7,-96.82,0.03,-99.34,0.03,-0.07
BTC-USDT-SWAP,5m,1H,0.007,0.015,0.03,148.0,0.052,-99.965,329,100,229,30.395,99.97,0.586,-5.483,13131,5.65,-96.18,0.05,-99.08,0.05,-0.07
BTC-USDT-SWAP,5m,1H,0.007,0.02,0.005,148.0,0.034,-99.977,329,81,248,24.62,99.977,0.375,-5.483,13131,3.55,-97.6,0.03,-99.03,0.03,-0.07
BTC-USDT-SWAP,5m,1H,0.007,0.02,0.008,148.0,0.017,-99.988,329,87,242,26.444,99.989,0.427,-5.484,13131,2.64,-98.22,0.02,-99.34,0.02,-0.07
BTC-USDT-SWAP,5m,1H,0.007,0.02,0.01,148.0,0.013,-99.991,329,90,239,27.356,99.992,0.436,-5.484,13131,2.94,-98.02,0.01,-99.55,0.01,-0.07
BTC-USDT-SWAP,5m,1H,0.007,0.02,0.015,148.0,0.033,-99.978,329,97,232,29.483,99.978,0.518,-5.483,13131,4.42,-97.01,0.03,-99.25,0.03,-0.07
BTC-USDT-SWAP,5m,1H,0.007,0.02,0.02,148.0,0.026,-99.983,329,97,232,29.483,99.983,0.499,-5.484,13131,4.2,-97.16,0.03,-99.39,0.03,-0.07
BTC-USDT-SWAP,5m,1H,0.007,0.02,0.025,148.0,0.022,-99.985,329,97,232,29.483,99.986,0.481,-5.484,13131,3.7,-97.5,0.02,-99.42,0.02,-0.07
BTC-USDT-SWAP,5m,1H,0.007,0.02,0.03,148.0,0.036,-99.976,329,97,232,29.483,99.979,0.545,-5.483,13131,4.44,-97.0,0.04,-99.19,0.04,-0.07
BTC-USDT-SWAP,5m,1H,0.007,0.03,0.005,148.0,0.036,-99.976,329,80,249,24.316,99.976,0.373,-5.483,13131,3.5,-97.64,0.04,-98.97,0.04,-0.07
BTC-USDT-SWAP,5m,1H,0.007,0.03,0.008,148.0,0.018,-99.988,329,86,243,26.14,99.989,0.425,-5.484,13131,2.6,-98.24,0.02,-99.29,0.02,-0.07
BTC-USDT-SWAP,5m,1H,0.007,0.03,0.01,148.0,0.014,-99.991,329,89,240,27.052,99.991,0.434,-5.484,13131,2.9,-98.04,0.01,-99.52,0.01,-0.07
BTC-USDT-SWAP,5m,1H,0.007,0.03,0.015,148.0,0.02,-99.986,329,94,235,28.571,99.987,0.455,-5.484,13131,3.59,-97.58,0.02,-99.44,0.02,-0.07
BTC-USDT-SWAP,5m,1H,0.007,0.03,0.02,148.0,0.015,-99.99,329,94,235,28.571,99.99,0.436,-5.484,13131,3.41,-97.7,0.01,-99.56,0.01,-0.07
BTC-USDT-SWAP,5m,1H,0.007,0.03,0.025,148.0,0.016,-99.989,329,94,235,28.571,99.99,0.42,-5.484,13131,3.0,-97.97,0.02,-99.48,0.02,-0.07
BTC-USDT-SWAP,5m,1H,0.007,0.03,0.03,148.0,0.026,-99.982,329,94,235,28.571,99.985,0.483,-5.483,13131,3.61,-97.56,0.03,-99.27,0.03,-0.07
BTC-USDT-SWAP,5m,1H,0.01,0.004,0.005,148.0,38.068,-74.279,166,108,58,65.06,76.013,0.585,-4.074,13131,69.9,-52.77,37.32,-46.61,38.07,2.0
BTC-USDT-SWAP,5m,1H,0.01,0.004,0.008,148.0,77.328,-47.752,166,122,44,73.494,62.251,0.782,-2.619,13131,101.7,-31.29,75.81,-25.45,77.33,2.0
BTC-USDT-SWAP,5m,1H,0.01,0.004,0.01,148.0,114.806,-22.428,166,126,40,75.904,45.851,0.904,-1.23,13131,105.37,-28.81,112.56,6.82,114.81,2.0
BTC-USDT-SWAP,5m,1H,0.01,0.004,0.015,148.0,140.808,-4.859,166,129,37,77.711,53.271,0.984,-0.267,13131,156.48,5.73,138.05,-11.78,140.81,2.0
BTC-USDT-SWAP,5m,1H,0.01,0.004,0.02,148.0,181.231,22.454,166,130,36,78.313,43.977,1.079,1.231,13131,153.6,3.79,177.68,15.67,181.23,2.0
BTC-USDT-SWAP,5m,1H,0.01,0.004,0.025,148.0,236.995,60.132,166,131,35,78.916,31.352,1.227,3.298,13131,153.6,3.79,232.35,51.26,236.99,2.0
BTC-USDT-SWAP,5m,1H,0.01,0.004,0.03,148.0,236.995,60.132,166,131,35,78.916,31.352,1.227,3.298,13131,153.6,3.79,232.35,51.26,236.99,2.0
BTC-USDT-SWAP,5m,1H,0.01,0.006,0.005,148.0,9.322,-93.701,166,73,93,43.976,94.471,0.431,-5.139,13131,29.83,-79.84,8.96,-69.95,9.32,4.0
BTC-USDT-SWAP,5m,1H,0.01,0.006,0.008,148.0,15.872,-89.276,166,86,80,51.807,91.675,0.58,-4.896,13131,40.23,-72.82,15.26,-62.06,15.87,4.0
BTC-USDT-SWAP,5m,1H,0.01,0.006,0.01,148.0,20.078,-86.434,166,90,76,54.217,89.339,0.608,-4.74,13131,37.62,-74.58,19.31,-48.68,20.08,4.0
BTC-USDT-SWAP,5m,1H,0.01,0.006,0.015,148.0,23.025,-84.443,166,92,74,55.422,89.655,0.68,-4.631,13131,48.15,-67.46,22.14,-54.02,23.02,4.0
BTC-USDT-SWAP,5m,1H,0.01,0.006,0.02,148.0,31.297,-78.853,166,93,73,56.024,85.939,0.706,-4.325,13131,52.11,-64.79,30.09,-42.25,31.3,4.0
BTC-USDT-SWAP,5m,1H,0.01,0.006,0.025,148.0,38.938,-73.691,166,94,72,56.627,82.506,0.72,-4.042,13131,48.76,-67.06,37.44,-23.21,38.94,4.0
BTC-USDT-SWAP,5m,1H,0.01,0.006,0.03,148.0,42.557,-71.245,166,94,72,56.627,80.88,0.734,-3.907,13131,53.29,-63.99,40.92,-23.21,42.56,4.0
BTC-USDT-SWAP,5m,1H,0.01,0.008,0.005,148.0,2.553,-98.275,166,55,111,33.133,98.372,0.308,-5.39,13131,15.74,-89.36,2.41,-84.7,2.55,6.0
BTC-USDT-SWAP,5m,1H,0.01,0.008,0.008,148.0,4.139,-97.203,166,66,100,39.759,97.628,0.469,-5.331,13131,20.99,-85.82,3.9,-81.4,4.14,6.0
BTC-USDT-SWAP,5m,1H,0.01,0.008,0.01,148.0,5.948,-95.981,166,71,95,42.771,96.513,0.516,-5.264,13131,22.11,-85.06,5.61,-74.62,5.95,6.0
BTC-USDT-SWAP,5m,1H,0.01,0.008,0.015,148.0,5.86,-96.041,166,72,94,43.373,97.148,0.572,-5.267,13131,25.13,-83.02,5.53,-78.0,5.86,6.0
BTC-USDT-SWAP,5m,1H,0.01,0.008,0.02,148.0,7.961,-94.621,166,73,93,43.976,96.126,0.584,-5.189,13131,28.38,-80.82,7.51,-73.54,7.96,6.0
BTC-USDT-SWAP,5m,1H,0.01,0.008,0.025,148.0,8.251,-94.425,166,73,93,43.976,95.984,0.58,-5.179,13131,26.55,-82.06,7.78,-70.68,8.25,6.0
BTC-USDT-SWAP,5m,1H,0.01,0.008,0.03,148.0,9.53,-93.561,166,73,93,43.976,95.362,0.59,-5.131,13131,29.02,-80.39,8.99,-69.02,9.53,6.0
BTC-USDT-SWAP,5m,1H,0.01,0.01,0.005,148.0,1.808,-98.779,166,48,118,28.916,98.807,0.359,-5.417,13131,17.51,-88.17,1.77,-89.9,1.81,2.24
BTC-USDT-SWAP,5m,1H,0.01,0.01,0.008,148.0,2.844,-98.079,166,58,108,34.94,98.449,0.533,-5.379,13131,24.69,-83.32,2.78,-88.74,2.84,2.24
BTC-USDT-SWAP,5m,1H,0.01,0.01,0.01,148.0,3.644,-97.538,166,62,104,37.349,97.945,0.57,-5.349,13131,26.5,-82.09,3.56,-86.55,3.64,2.24
BTC-USDT-SWAP,5m,1H,0.01,0.01,0.015,148.0,4.148,-97.197,166,63,103,37.952,98.094,0.635,-5.331,13131,30.68,-79.27,4.06,-86.78,4.15,2.24
BTC-USDT-SWAP,5m,1H,0.01,0.01,0.02,148.0,4.826,-96.739,166,63,103,37.952,97.782,0.64,-5.306,13131,34.66,-76.58,4.72,-86.38,4.83,2.24
BTC-USDT-SWAP,5m,1H,0.01,0.01,0.025,148.0,5.002,-96.62,166,63,103,37.952,97.701,0.637,-5.299,13131,32.43,-78.09,4.89,-84.91,5.0,2.24
BTC-USDT-SWAP,5m,1H,0.01,0.01,0.03,148.0,5.777,-96.096,166,63,103,37.952,97.345,0.643,-5.27,13131,35.44,-76.05,5.65,-84.06,5.78,2.24
BTC-USDT-SWAP,5m,1H,0.01,0.012,0.005,148.0,1.627,-98.901,166,46,120,27.711,98.946,0.336,-5.424,13131,16.27,-89.0,1.59,-90.22,1.63,2.24
BTC-USDT-SWAP,5m,1H,0.01,0.012,0.008,148.0,2.621,-98.229,166,55,111,33.133,98.503,0.494,-5.387,13131,22.57,-84.75,2.56,-88.64,2.62,2.24
BTC-USDT-SWAP,5m,1H,0.01,0.012,0.01,148.0,3.405,-97.699,166,59,107,35.542,98.011,0.54,-5.358,13131,24.68,-83.33,3.33,-86.5,3.4,2.24
BTC-USDT-SWAP,5m,1H,0.01,0.012,0.015,148.0,2.798,-98.109,166,59,107,35.542,98.26,0.528,-5.381,13131,21.88,-85.22,2.74,-87.49,2.8,2.24
BTC-USDT-SWAP,5m,1H,0.01,0.012,0.02,148.0,2.874,-98.058,166,59,107,35.542,98.101,0.516,-5.378,13131,23.22,-84.31,2.81,-87.89,2.87,2.24
BTC-USDT-SWAP,5m,1H,0.01,0.012,0.025,148.0,3.476,-97.651,166,59,107,35.542,98.156,0.566,-5.356,13131,27.09,-81.7,3.4,-87.45,3.48,2.24
BTC-USDT-SWAP,5m,1H,0.01,0.012,0.03,148.0,3.739,-97.474,166,59,107,35.542,98.016,0.571,-5.346,13131,29.61,-80.0,3.66,-87.65,3.74,2.24
BTC-USDT-SWAP,5m,1H,0.01,0.015,0.005,148.0,2.086,-98.591,166,46,120,27.711,98.685,0.349,-5.407,13131,16.87,-88.6,2.04,-87.9,2.09,2.24
BTC-USDT-SWAP,5m,1H,0.01,0.015,0.008,148.0,3.438,-97.677,166,54,112,32.53,97.76,0.478,-5.357,13131,22.03,-85.11,3.36,-84.74,3.44,2.24
BTC-USDT-SWAP,5m,1H,0.01,0.015,0.01,148.0,3.758,-97.461,166,57,109,34.337,97.516,0.538,-5.345,13131,24.75,-83.28,3.68,-85.15,3.76,2.24
BTC-USDT-SWAP,5m,1H,0.01,0.015,0.015,148.0,2.913,-98.032,166,57,109,34.337,98.075,0.525,-5.377,13131,21.94,-85.18,2.85,-87.01,2.91,2.24
BTC-USDT-SWAP,5m,1H,0.01,0.015,0.02,148.0,3.337,-97.745,166,57,109,34.337,97.795,0.516,-5.361,13131,23.28,-84.27,3.26,-85.98,3.34,2.24
BTC-USDT-SWAP,5m,1H,0.01,0.015,0.025,148.0,4.036,-97.273,166,57,109,34.337,97.558,0.564,-5.335,13131,27.17,-81.64,3.95,-85.47,4.04,2.24
BTC-USDT-SWAP,5m,1H,0.01,0.015,0.03,148.0,4.341,-97.067,166,57,109,34.337,97.373,0.57,-5.324,13131,29.69,-79.94,4.25,-85.7,4.34,2.24
BTC-USDT-SWAP,5m,1H,0.01,0.02,0.005,148.0,1.562,-98.945,166,45,121,27.108,99.024,0.327,-5.427,13131,16.44,-88.89,1.53,-90.71,1.56,2.24
BTC-USDT-SWAP,5m,1H,0.01,0.02,0.008,148.0,2.005,-98.645,166,52,114,31.325,98.705,0.467,-5.41,13131,22.28,-84.94,1.96,-91.2,2.0,2.24
BTC-USDT-SWAP,5m,1H,0.01,0.02,0.01,148.0,2.149,-98.548,166,55,111,33.133,98.58,0.521,-5.405,13131,24.59,-83.39,2.1,-91.45,2.15,2.24
BTC-USDT-SWAP,5m,1H,0.01,0.02,0.015,148.0,1.902,-98.715,166,56,110,33.735,98.743,0.515,-5.414,13131,21.8,-85.27,1.86,-91.46,1.9,2.24
BTC-USDT-SWAP,5m,1H,0.01,0.02,0.02,148.0,2.047,-98.617,166,56,110,33.735,98.647,0.503,-5.409,13131,23.13,-84.37,2.0,-91.34,2.05,2.24
BTC-USDT-SWAP,5m,1H,0.01,0.02,0.025,148.0,2.87,-98.061,166,56,110,33.735,98.278,0.556,-5.378,13131,26.99,-81.76,2.81,-89.6,2.87,2.24
BTC-USDT-SWAP,5m,1H,0.01,0.02,0.03,148.0,3.086,-97.915,166,56,110,33.735,98.148,0.561,-5.37,13131,29.5,-80.07,3.02,-89.77,3.09,2.24
BTC-USDT-SWAP,5m,1H,0.01,0.03,0.005,148.0,0.971,-99.344,166,43,123,25.904,99.393,0.259,-5.448,13131,13.46,-90.9,0.95,-92.94,0.97,2.24
BTC-USDT-SWAP,5m,1H,0.01,0.03,0.008,148.0,0.99,-99.331,166,49,117,29.518,99.361,0.303,-5.448,13131,14.03,-90.52,0.97,-93.1,0.99,2.24
BTC-USDT-SWAP,5m,1H,0.01,0.03,0.01,148.0,1.278,-99.136,166,52,114,31.325,99.156,0.384,-5.437,13131,17.22,-88.36,1.25,-92.74,1.28,2.24
BTC-USDT-SWAP,5m,1H,0.01,0.03,0.015,148.0,1.131,-99.236,166,53,113,31.928,99.252,0.377,-5.443,13131,15.27,-89.68,1.11,-92.75,1.13,2.24
BTC-USDT-SWAP,5m,1H,0.01,0.03,0.02,148.0,1.217,-99.177,166,53,113,31.928,99.195,0.366,-5.439,13131,16.2,-89.05,1.19,-92.65,1.22,2.24
BTC-USDT-SWAP,5m,1H,0.01,0.03,0.025,148.0,1.706,-98.847,166,53,113,31.928,98.976,0.416,-5.421,13131,18.91,-87.23,1.67,-91.17,1.71,2.24
BTC-USDT-SWAP,5m,1H,0.01,0.03,0.03,148.0,1.835,-98.76,166,53,113,31.928,98.899,0.422,-5.416,13131,20.66,-86.04,1.8,-91.31,1.84,2.24
BTC-USDT-SWAP,15m,2H,0.001,0.004,0.005,148.0,0.0,-100.0,1501,701,800,46.702,100.0,0.563,-5.484,6566,0.37,-99.75,0.0,-100.0,0.0,-12.22
BTC-USDT-SWAP,15m,2H,0.001,0.004,0.008,148.0,0.0,-100.0,1501,743,758,49.5,100.0,0.604,-5.484,6566,0.62,-99.58,0.0,-100.0,0.0,-12.22
BTC-USDT-SWAP,15m,2H,0.001,0.004,0.01,148.0,0.0,-100.0,1501,758,743,50.5,100.0,0.593,-5.484,6566,1.0,-99.32,0.0,-100.0,0.0,-12.22
BTC-USDT-SWAP,15m,2H,0.001,0.004,0.015,148.0,0.0,-100.0,1501,770,731,51.299,100.0,0.61,-5.484,6566,1.6,-98.92,0.0,-100.0,0.0,-12.22
BTC-USDT-SWAP,15m,2H,0.001,0.004,0.02,148.0,0.0,-100.0,1501,774,727,51.566,100.0,0.576,-5.484,6566,1.56,-98.95,0.0,-100.0,0.0,-12.22
BTC-USDT-SWAP,15m,2H,0.001,0.004,0.025,148.0,0.0,-100.0,1501,776,725,51.699,100.0,0.634,-5.484,6566,1.71,-98.84,0.0,-100.0,0.0,-12.22
BTC-USDT-SWAP,15m,2H,0.001,0.004,0.03,148.0,0.0,-100.0,1501,776,725,51.699,100.0,0.633,-5.484,6566,1.53,-98.97,0.0,-100.0,0.0,-12.22
BTC-USDT-SWAP,15m,2H,0.001,0.006,0.005,148.0,0.0,-100.0,1501,509,992,33.911,100.0,0.502,-5.484,6566,0.03,-99.98,0.0,-100.0,0.0,-6.95
BTC-USDT-SWAP,15m,2H,0.001,0.006,0.008,148.0,0.0,-100.0,1501,547,954,36.442,100.0,0.568,-5.484,6566,0.04,-99.97,0.0,-100.0,0.0,-6.95
BTC-USDT-SWAP,15m,2H,0.001,0.006,0.01,148.0,0.0,-100.0,1501,560,941,37.308,100.0,0.549,-5.484,6566,0.06,-99.96,0.0,-100.0,0.0,-6.95
BTC-USDT-SWAP,15m,2H,0.001,0.006,0.015,148.0,0.0,-100.0,1501,572,929,38.108,100.0,0.532,-5.484,6566,0.06,-99.96,0.0,-100.0,0.0,-6.95
BTC-USDT-SWAP,15m,2H,0.001,0.006,0.02,148.0,0.0,-100.0,1501,575,926,38.308,100.0,0.496,-5.484,6566,0.04,-99.97,0.0,-100.0,0.0,-6.95
BTC-USDT-SWAP,15m,2H,0.001,0.006,0.025,148.0,0.0,-100.0,1501,577,924,38.441,100.0,0.573,-5.484,6566,0.05,-99.97,0.0,-100.0,0.0,-6.95
BTC-USDT-SWAP,15m,2H,0.001,0.006,0.03,148.0,0.0,-100.0,1501,577,924,38.441,100.0,0.573,-5.484,6566,0.04,-99.97,0.0,-100.0,0.0,-6.95
BTC-USDT-SWAP,15m,2H,0.001,0.008,0.005,148.0,0.0,-100.0,1501,435,1066,28.981,100.0,0.481,-5.484,6566,0.01,-100.0,0.0,-100.0,0.0,-1.75
BTC-USDT-SWAP,15m,2H,0.001,0.008,0.008,148.0,0.0,-100.0,1501,469,1032,31.246,100.0,0.559,-5.484,6566,0.01,-99.99,0.0,-100.0,0.0,-1.75
BTC-USDT-SWAP,15m,2H,0.001,0.008,0.01,148.0,0.0,-100.0,1501,479,1022,31.912,100.0,0.54,-5.484,6566,0.01,-99.99,0.0,-100.0,0.0,-1.75
BTC-USDT-SWAP,15m,2H,0.001,0.008,0.015,148.0,0.0,-100.0,1501,490,1011,32.645,100.0,0.514,-5.484,6566,0.01,-100.0,0.0,-100.0,0.0,-1.75
BTC-USDT-SWAP,15m,2H,0.001,0.008,0.02,148.0,0.0,-100.0,1501,492,1009,32.778,100.0,0.48,-5.484,6566,0.0,-100.0,0.0,-100.0,0.0,-1.75
BTC-USDT-SWAP,15m,2H,0.001,0.008,0.025,148.0,0.0,-100.0,1501,492,1009,32.778,100.0,0.464,-5.484,6566,0.0,-100.0,0.0,-100.0,0.0,-1.75
BTC-USDT-SWAP,15m,2H,0.001,0.008,0.03,148.0,0.0,-100.0,1501,492,1009,32.778,100.0,0.447,-5.484,6566,0.0,-100.0,0.0,-100.0,0.0,-1.75
BTC-USDT-SWAP,15m,2H,0.001,0.01,0.005,148.0,0.0,-100.0,1501,400,1101,26.649,100.0,0.503,-5.484,6566,0.0,-100.0,0.0,-100.0,0.0,-14.36
BTC-USDT-SWAP,15m,2H,0.001,0.01,0.008,148.0,0.0,-100.0,1501,428,1073,28.514,100.0,0.528,-5.484,6566,0.0,-100.0,0.0,-100.0,0.0,-15.96
BTC-USDT-SWAP,15m,2H,0.001,0.01,0.01,148.0,0.0,-100.0,1501,441,1060,29.38,100.0,0.571,-5.484,6566,0.0,-100.0,0.0,-100.0,0.0,-15.96
BTC-USDT-SWAP,15m,2H,0.001,0.01,0.015,148.0,0.0,-100.0,1501,451,1050,30.047,100.0,0.547,-5.484,6566,0.0,-100.0,0.0,-100.0,0.0,-15.96
BTC-USDT-SWAP,15m,2H,0.001,0.01,0.02,148.0,0.0,-100.0,1501,452,1049,30.113,100.0,0.512,-5.484,6566,0.0,-100.0,0.0,-100.0,0.0,-15.96
BTC-USDT-SWAP,15m,2H,0.001,0.01,0.025,148.0,0.0,-100.0,1501,453,1048,30.18,100.0,0.496,-5.484,6566,0.0,-100.0,0.0,-100.0,0.0,-15.96
BTC-USDT-SWAP,15m,2H,0.001,0.01,0.03,148.0,0.0,-100.0,1501,453,1048,30.18,100.0,0.479,-5.484,6566,0.0,-100.0,0.0,-100.0,0.0,-15.96
BTC-USDT-SWAP,15m,2H,0.001,0.012,0.005,148.0,0.0,-100.0,1501,388,1113,25.849,100.0,0.52,-5.484,6566,0.0,-100.0,0.0,-100.0,0.0,-19.02
BTC-USDT-SWAP,15m,2H,0.001,0.012,0.008,148.0,0.0,-100.0,1501,413,1088,27.515,100.0,0.541,-5.484,6566,0.0,-100.0,0.0,-100.0,0.0,-20.54
BTC-USDT-SWAP,15m,2H,0.001,0.012,0.01,148.0,0.0,-100.0,1501,425,1076,28.314,100.0,0.591,-5.484,6566,0.0,-100.0,0.0,-100.0,0.0,-20.54
BTC-USDT-SWAP,15m,2H,0.001,0.012,0.015,148.0,0.0,-100.0,1501,436,1065,29.047,100.0,0.569,-5.484,6566,0.0,-100.0,0.0,-100.0,0.0,-20.54
BTC-USDT-SWAP,15m,2H,0.001,0.012,0.02,148.0,0.0,-100.0,1501,437,1064,29.114,100.0,0.533,-5.484,6566,0.0,-100.0,0.0,-100.0,0.0,-20.54
BTC-USDT-SWAP,15m,2H,0.001,0.012,0.025,148.0,0.0,-100.0,1501,438,1063,29.181,100.0,0.518,-5.484,6566,0.0,-100.0,0.0,-100.0,0.0,-20.54
BTC-USDT-SWAP,15m,2H,0.001,0.012,0.03,148.0,0.0,-100.0,1501,438,1063,29.181,100.0,0.501,-5.484,6566,0.0,-100.0,0.0,-100.0,0.0,-20.54
BTC-USDT-SWAP,15m,2H,0.001,0.015,0.005,148.0,0.0,-100.0,1501,377,1124,25.117,100.0,0.508,-5.484,6566,0.0,-100.0,0.0,-100.0,0.0,-19.02
BTC-USDT-SWAP,15m,2H,0.001,0.015,0.008,148.0,0.0,-100.0,1501,401,1100,26.716,100.0,0.532,-5.484,6566,0.0,-100.0,0.0,-100.0,0.0,-20.54
BTC-USDT-SWAP,15m,2H,0.001,0.015,0.01,148.0,0.0,-100.0,1501,411,1090,27.382,100.0,0.547,-5.484,6566,0.0,-100.0,0.0,-100.0,0.0,-20.54
BTC-USDT-SWAP,15m,2H,0.001,0.015,0.015,148.0,0.0,-100.0,1501,420,1081,27.981,100.0,0.517,-5.484,6566,0.0,-100.0,0.0,-100.0,0.0,-20.54
BTC-USDT-SWAP,15m,2H,0.001,0.015,0.02,148.0,0.0,-100.0,1501,421,1080,28.048,100.0,0.481,-5.484,6566,0.0,-100.0,0.0,-100.0,0.0,-20.54
BTC-USDT-SWAP,15m,2H,0.001,0.015,0.025,148.0,0.0,-100.0,1501,422,1079,28.115,100.0,0.471,-5.484,6566,0.0,-100.0,0.0,-100.0,0.0,-20.54
BTC-USDT-SWAP,15m,2H,0.001,0.015,0.03,148.0,0.0,-100.0,1501,422,1079,28.115,100.0,0.454,-5.484,6566,0.0,-100.0,0.0,-100.0,0.0,-20.54
BTC-USDT-SWAP,15m,2H,0.001,0.02,0.005,148.0,0.0,-100.0,1501,369,1132,24.584,100.0,0.518,-5.484,6566,0.0,-100.0,0.0,-100.0,0.0,-19.02
BTC-USDT-SWAP,15m,2H,0.001,0.02,0.008,148.0,0.0,-100.0,1501,395,1106,26.316,100.0,0.54,-5.484,6566,0.0,-100.0,0.0,-100.0,0.0,-20.54
BTC-USDT-SWAP,15m,2H,0.001,0.02,0.01,148.0,0.0,-100.0,1501,404,1097,26.915,100.0,0.554,-5.484,6566,0.0,-100.0,0.0,-100.0,0.0,-20.54
BTC-USDT-SWAP,15m,2H,0.001,0.02,0.015,148.0,0.0,-100.0,1501,413,1088,27.515,100.0,0.522,-5.484,6566,0.0,-100.0,0.0,-100.0,0.0,-20.54
BTC-USDT-SWAP,15m,2H,0.001,0.02,0.02,148.0,0.0,-100.0,1501,414,1087,27.582,100.0,0.488,-5.484,6566,0.0,-100.0,0.0,-100.0,0.0,-20.54
BTC-USDT-SWAP,15m,2H,0.001,0.02,0.025,148.0,0.0,-100.0,1501,415,1086,27.648,100.0,0.474,-5.484,6566,0.0,-100.0,0.0,-100.0,0.0,-20.54
BTC-USDT-SWAP,15m,2H,0.001,0.02,0.03,148.0,0.0,-100.0,1501,415,1086,27.648,100.0,0.462,-5.484,6566,0.0,-100.0,0.0,-100.0,0.0,-20.54
BTC-USDT-SWAP,15m,2H,0.001,0.03,0.005,148.0,0.0,-100.0,1501,368,1133,24.517,100.0,0.474,-5.484,6566,0.0,-100.0,0.0,-100.0,0.0,-19.02
BTC-USDT-SWAP,15m,2H,0.001,0.03,0.008,148.0,0.0,-100.0,1501,394,1107,26.249,100.0,0.5,-5.484,6566,0.0,-100.0,0.0,-100.0,0.0,-20.54
BTC-USDT-SWAP,15m,2H,0.001,0.03,0.01,148.0,0.0,-100.0,1501,403,1098,26.849,100.0,0.514,-5.484,6566,0.0,-100.0,0.0,-100.0,0.0,-20.54
BTC-USDT-SWAP,15m,2H,0.001,0.03,0.015,148.0,0.0,-100.0,1501,412,1089,27.448,100.0,0.483,-5.484,6566,0.0,-100.0,0.0,-100.0,0.0,-20.54
BTC-USDT-SWAP,15m,2H,0.001,0.03,0.02,148.0,0.0,-100.0,1501,413,1088,27.515,100.0,0.451,-5.484,6566,0.0,-100.0,0.0,-100.0,0.0,-20.54
BTC-USDT-SWAP,15m,2H,0.001,0.03,0.025,148.0,0.0,-100.0,1501,414,1087,27.582,100.0,0.437,-5.484,6566,0.0,-100.0,0.0,-100.0,0.0,-20.54
BTC-USDT-SWAP,15m,2H,0.001,0.03,0.03,148.0,0.0,-100.0,1501,414,1087,27.582,100.0,0.424,-5.484,6566,0.0,-100.0,0.0,-100.0,0.0,-20.54
BTC-USDT-SWAP,15m,2H,0.002,0.004,0.005,148.0,0.001,-99.999,1134,586,548,51.675,99.999,0.522,-5.484,6566,1.41,-99.05,0.0,-99.93,0.0,-3.2
BTC-USDT-SWAP,15m,2H,0.002,0.004,0.008,148.0,0.03,-99.98,1134,640,494,56.437,99.983,0.645,-5.483,6566,6.84,-95.38,0.03,-99.55,0.03,-3.2
BTC-USDT-SWAP,15m,2H,0.002,0.004,0.01,148.0,0.021,-99.986,1134,644,490,56.79,99.988,0.613,-5.484,6566,6.54,-95.58,0.02,-99.68,0.02,-3.2
BTC-USDT-SWAP,15m,2H,0.002,0.004,0.015,148.0,0.09,-99.939,1134,662,472,58.377,99.943,0.725,-5.481,6566,22.25,-84.96,0.09,-99.58,0.09,-3.2
BTC-USDT-SWAP,15m,2H,0.002,0.004,0.02,148.0,0.157,-99.894,1134,665,469,58.642,99.918,0.759,-5.479,6566,26.04,-82.41,0.16,-99.38,0.16,-3.2
BTC-USDT-SWAP,15m,2H,0.002,0.004,0.025,148.0,0.165,-99.889,1134,666,468,58.73,99.914,0.759,-5.478,6566,24.92,-83.16,0.17,-99.32,0.16,-3.2
BTC-USDT-SWAP,15m,2H,0.002,0.004,0.03,148.0,0.115,-99.922,1134,666,468,58.73,99.94,0.751,-5.48,6566,23.21,-84.32,0.12,-99.49,0.12,-3.2
BTC-USDT-SWAP,15m,2H,0.002,0.006,0.005,148.0,0.0,-100.0,1134,425,709,37.478,100.0,0.597,-5.484,6566,0.72,-99.51,0.0,-100.0,0.0,-8.81
BTC-USDT-SWAP,15m,2H,0.002,0.006,0.008,148.0,0.0,-100.0,1134,462,672,40.741,100.0,0.627,-5.484,6566,1.42,-99.04,0.0,-99.99,0.0,-9.53
BTC-USDT-SWAP,15m,2H,0.002,0.006,0.01,148.0,0.0,-100.0,1134,467,667,41.182,100.0,0.588,-5.484,6566,1.18,-99.2,0.0,-100.0,0.0,-9.53
BTC-USDT-SWAP,15m,2H,0.002,0.006,0.015,148.0,0.0,-100.0,1134,484,650,42.681,100.0,0.624,-5.484,6566,2.87,-98.06,0.0,-100.0,0.0,-9.53
BTC-USDT-SWAP,15m,2H,0.002,0.006,0.02,148.0,0.0,-100.0,1134,486,648,42.857,100.0,0.648,-5.484,6566,2.55,-98.28,0.0,-100.0,0.0,-9.53
BTC-USDT-SWAP,15m,2H,0.002,0.006,0.025,148.0,0.0,-100.0,1134,487,647,42.945,100.0,0.636,-5.484,6566,1.97,-98.67,0.0,-99.99,0.0,-9.53
BTC-USDT-SWAP,15m,2H,0.002,0.006,0.03,148.0,0.0,-100.0,1134,487,647,42.945,100.0,0.631,-5.484,6566,1.73,-98.83,0.0,-100.0,0.0,-9.53
BTC-USDT-SWAP,15m,2H,0.002,0.008,0.005,148.0,0.0,-100.0,1134,355,779,31.305,100.0,0.468,-5.484,6566,0.06,-99.96,0.0,-100.0,0.0,-5.26
BTC-USDT-SWAP,15m,2H,0.002,0.008,0.008,148.0,0.0,-100.0,1134,388,746,34.215,100.0,0.506,-5.484,6566,0.12,-99.92,0.0,-100.0,0.0,-6.02
BTC-USDT-SWAP,15m,2H,0.002,0.008,0.01,148.0,0.0,-100.0,1134,393,741,34.656,100.0,0.472,-5.484,6566,0.09,-99.94,0.0,-100.0,0.0,-6.02
BTC-USDT-SWAP,15m,2H,0.002,0.008,0.015,148.0,0.0,-100.0,1134,407,727,35.891,100.0,0.47,-5.484,6566,0.11,-99.92,0.0,-100.0,0.0,-6.02
BTC-USDT-SWAP,15m,2H,0.002,0.008,0.02,148.0,0.0,-100.0,1134,409,725,36.067,100.0,0.522,-5.484,6566,0.09,-99.94,0.0,-100.0,0.0,-6.02
BTC-USDT-SWAP,15m,2H,0.002,0.008,0.025,148.0,0.0,-100.0,1134,410,724,36.155,100.0,0.523,-5.484,6566,0.08,-99.95,0.0,-100.0,0.0,-6.02
BTC-USDT-SWAP,15m,2H,0.002,0.008,0.03,148.0,0.0,-100.0,1134,410,724,36.155,100.0,0.523,-5.484,6566,0.06,-99.96,0.0,-100.0,0.0,-6.02
BTC-USDT-SWAP,15m,2H,0.002,0.01,0.005,148.0,0.0,-100.0,1134,325,809,28.66,100.0,0.495,-5.484,6566,0.03,-99.98,0.0,-100.0,0.0,-4.94
BTC-USDT-SWAP,15m,2H,0.002,0.01,0.008,148.0,0.0,-100.0,1134,355,779,31.305,100.0,0.533,-5.484,6566,0.04,-99.97,0.0,-100.0,0.0,-5.69
BTC-USDT-SWAP,15m,2H,0.002,0.01,0.01,148.0,0.0,-100.0,1134,359,775,31.658,100.0,0.501,-5.484,6566,0.03,-99.98,0.0,-100.0,0.0,-5.69
BTC-USDT-SWAP,15m,2H,0.002,0.01,0.015,148.0,0.0,-100.0,1134,370,764,32.628,100.0,0.487,-5.484,6566,0.02,-99.98,0.0,-100.0,0.0,-5.69
BTC-USDT-SWAP,15m,2H,0.002,0.01,0.02,148.0,0.0,-100.0,1134,370,764,32.628,100.0,0.45,-5.484,6566,0.02,-99.99,0.0,-100.0,0.0,-5.69
BTC-USDT-SWAP,15m,2H,0.002,0.01,0.025,148.0,0.0,-100.0,1134,370,764,32.628,100.0,0.436,-5.484,6566,0.01,-99.99,0.0,-100.0,0.0,-5.69
BTC-USDT-SWAP,15m,2H,0.002,0.01,0.03,148.0,0.0,-100.0,1134,370,764,32.628,100.0,0.418,-5.484,6566,0.01,-99.99,0.0,-100.0,0.0,-5.69
BTC-USDT-SWAP,15m,2H,0.002,0.012,0.005,148.0,0.0,-100.0,1134,304,830,26.808,100.0,0.52,-5.484,6566,0.02,-99.99,0.0,-100.0,0.0,-9.23
BTC-USDT-SWAP,15m,2H,0.002,0.012,0.008,148.0,0.0,-100.0,1134,334,800,29.453,100.0,0.574,-5.484,6566,0.02,-99.98,0.0,-100.0,0.0,-9.95
BTC-USDT-SWAP,15m,2H,0.002,0.012,0.01,148.0,0.0,-100.0,1134,338,796,29.806,100.0,0.543,-5.484,6566,0.01,-99.99,0.0,-100.0,0.0,-9.95
BTC-USDT-SWAP,15m,2H,0.002,0.012,0.015,148.0,0.0,-100.0,1134,350,784,30.864,100.0,0.531,-5.484,6566,0.01,-99.99,0.0,-100.0,0.0,-9.95
BTC-USDT-SWAP,15m,2H,0.002,0.012,0.02,148.0,0.0,-100.0,1134,351,783,30.952,100.0,0.495,-5.484,6566,0.01,-100.0,0.0,-100.0,0.0,-9.95
BTC-USDT-SWAP,15m,2H,0.002,0.012,0.025,148.0,0.0,-100.0,1134,351,783,30.952,100.0,0.479,-5.484,6566,0.0,-100.0,0.0,-100.0,0.0,-9.95
BTC-USDT-SWAP,15m,2H,0.002,0.012,0.03,148.0,0.0,-100.0,1134,351,783,30.952,100.0,0.462,-5.484,6566,0.0,-100.0,0.0,-100.0,0.0,-9.95
BTC-USDT-SWAP,15m,2H,0.002,0.015,0.005,148.0,0.0,-100.0,1134,298,836,26.279,100.0,0.524,-5.484,6566,0.01,-99.99,0.0,-100.0,0.0,-9.23
BTC-USDT-SWAP,15m,2H,0.002,0.015,0.008,148.0,0.0,-100.0,1134,325,809,28.66,100.0,0.543,-5.484,6566,0.02,-99.99,0.0,-100.0,0.0,-9.95
BTC-USDT-SWAP,15m,2H,0.002,0.015,0.01,148.0,0.0,-100.0,1134,328,806,28.924,100.0,0.511,-5.484,6566,0.01,-99.99,0.0,-100.0,0.0,-9.95
BTC-USDT-SWAP,15m,2H,0.002,0.015,0.015,148.0,0.0,-100.0,1134,338,796,29.806,100.0,0.492,-5.484,6566,0.01,-100.0,0.0,-100.0,0.0,-9.95
BTC-USDT-SWAP,15m,2H,0.002,0.015,0.02,148.0,0.0,-100.0,1134,339,795,29.894,100.0,0.455,-5.484,6566,0.0,-100.0,0.0,-100.0,0.0,-9.95
BTC-USDT-SWAP,15m,2H,0.002,0.015,0.025,148.0,0.0,-100.0,1134,339,795,29.894,100.0,0.446,-5.484,6566,0.0,-100.0,0.0,-100.0,0.0,-9.95
BTC-USDT-SWAP,15m,2H,0.002,0.015,0.03,148.0,0.0,-100.0,1134,339,795,29.894,100.0,0.429,-5.484,6566,0.0,-100.0,0.0,-100.0,0.0,-9.95
BTC-USDT-SWAP,15m,2H,0.002,0.02,0.005,148.0,0.0,-100.0,1134,291,843,25.661,100.0,0.474,-5.484,6566,0.01,-99.99,0.0,-100.0,0.0,-9.23
BTC-USDT-SWAP,15m,2H,0.002,0.02,0.008,148.0,0.0,-100.0,1134,317,817,27.954,100.0,0.494,-5.484,6566,0.01,-99.99,0.0,-100.0,0.0,-9.95
BTC-USDT-SWAP,15m,2H,0.002,0.02,0.01,148.0,0.0,-100.0,1134,320,814,28.219,100.0,0.462,-5.484,6566,0.0,-100.0,0.0,-100.0,0.0,-9.95
BTC-USDT-SWAP,15m,2H,0.002,0.02,0.015,148.0,0.0,-100.0,1134,330,804,29.101,100.0,0.439,-5.484,6566,0.0,-100.0,0.0,-100.0,0.0,-9.95
BTC-USDT-SWAP,15m,2H,0.002,0.02,0.02,148.0,0.0,-100.0,1134,331,803,29.189,100.0,0.404,-5.484,6566,0.0,-100.0,0.0,-100.0,0.0,-9.95
BTC-USDT-SWAP,15m,2H,0.002,0.02,0.025,148.0,0.0,-100.0,1134,331,803,29.189,100.0,0.398,-5.484,6566,0.0,-100.0,0.0,-100.0,0.0,-9.95
BTC-USDT-SWAP,15m,2H,0.002,0.02,0.03,148.0,0.0,-100.0,1134,331,803,29.189,100.0,0.381,-5.484,6566,0.0,-100.0,0.0,-100.0,0.0,-9.95
BTC-USDT-SWAP,15m,2H,0.002,0.03,0.005,148.0,0.0,-100.0,1134,291,843,25.661,100.0,0.423,-5.484,6566,0.01,-100.0,0.0,-100.0,0.0,-9.23
BTC-USDT-SWAP,15m,2H,0.002,0.03,0.008,148.0,0.0,-100.0,1134,316,818,27.866,100.0,0.444,-5.484,6566,0.01,-100.0,0.0,-100.0,0.0,-9.95
BTC-USDT-SWAP,15m,2H,0.002,0.03,0.01,148.0,0.0,-100.0,1134,319,815,28.131,100.0,0.416,-5.484,6566,0.0,-100.0,0.0,-100.0,0.0,-9.95
BTC-USDT-SWAP,15m,2H,0.002,0.03,0.015,148.0,0.0,-100.0,1134,329,805,29.012,100.0,0.395,-5.484,6566,0.0,-100.0,0.0,-100.0,0.0,-9.95
BTC-USDT-SWAP,15m,2H,0.002,0.03,0.02,148.0,0.0,-100.0,1134,330,804,29.101,100.0,0.363,-5.484,6566,0.0,-100.0,0.0,-100.0,0.0,-9.95
BTC-USDT-SWAP,15m,2H,0.002,0.03,0.025,148.0,0.0,-100.0,1134,330,804,29.101,100.0,0.356,-5.484,6566,0.0,-100.0,0.0,-100.0,0.0,-9.95
BTC-USDT-SWAP,15m,2H,0.002,0.03,0.03,148.0,0.0,-100.0,1134,330,804,29.101,100.0,0.341,-5.484,6566,0.0,-100.0,0.0,-100.0,0.0,-9.95
BTC-USDT-SWAP,15m,2H,0.003,0.004,0.005,148.0,0.171,-99.884,846,481,365,56.856,99.91,0.59,-5.478,6566,18.1,-87.77,0.16,-99.1,0.17,5.66
BTC-USDT-SWAP,15m,2H,0.003,0.004,0.008,148.0,2.7,-98.176,846,529,317,62.53,98.788,0.791,-5.384,6566,77.13,-47.88,2.55,-96.69,2.7,5.66
BTC-USDT-SWAP,15m,2H,0.003,0.004,0.01,148.0,4.942,-96.661,846,539,307,63.712,97.73,0.826,-5.301,6566,111.81,-24.45,4.68,-95.82,4.94,5.66
BTC-USDT-SWAP,15m,2H,0.003,0.004,0.015,148.0,12.407,-91.617,846,550,296,65.012,96.658,0.913,-5.025,6566,263.95,78.35,11.74,-95.55,12.41,5.66
BTC-USDT-SWAP,15m,2H,0.003,0.004,0.02,148.0,30.242,-79.566,846,554,292,65.485,95.189,0.951,-4.364,6566,334.38,125.93,28.62,-91.44,30.24,5.66
BTC-USDT-SWAP,15m,2H,0.003,0.004,0.025,148.0,24.322,-83.566,846,554,292,65.485,95.95,0.947,-4.583,6566,334.38,125.93,23.02,-93.12,24.32,5.66
BTC-USDT-SWAP,15m,2H,0.003,0.004,0.03,148.0,27.468,-81.44,846,555,291,65.603,96.658,0.954,-4.467,6566,334.38,125.93,26.0,-92.23,27.47,5.66
BTC-USDT-SWAP,15m,2H,0.003,0.006,0.005,148.0,0.004,-99.997,846,343,503,40.544,99.998,0.475,-5.484,6566,1.92,-98.7,0.0,-99.81,0.0,11.68
BTC-USDT-SWAP,15m,2H,0.003,0.006,0.008,148.0,0.019,-99.987,846,381,465,45.035,99.991,0.516,-5.484,6566,4.84,-96.73,0.02,-99.65,0.02,11.68
BTC-USDT-SWAP,15m,2H,0.003,0.006,0.01,148.0,0.012,-99.992,846,386,460,45.626,99.994,0.477,-5.484,6566,3.5,-97.64,0.01,-99.7,0.01,11.68
BTC-USDT-SWAP,15m,2H,0.003,0.006,0.015,148.0,0.026,-99.982,846,399,447,47.163,99.987,0.558,-5.483,6566,7.96,-94.62,0.02,-99.7,0.03,11.68
BTC-USDT-SWAP,15m,2H,0.003,0.006,0.02,148.0,0.048,-99.967,846,402,444,47.518,99.979,0.605,-5.483,6566,8.31,-94.38,0.04,-99.48,0.05,11.68
BTC-USDT-SWAP,15m,2H,0.003,0.006,0.025,148.0,0.03,-99.98,846,402,444,47.518,99.987,0.592,-5.483,6566,7.11,-95.19,0.03,-99.62,0.03,11.68
BTC-USDT-SWAP,15m,2H,0.003,0.006,0.03,148.0,0.031,-99.979,846,403,443,47.636,99.987,0.599,-5.483,6566,6.87,-95.36,0.03,-99.59,0.03,11.68
BTC-USDT-SWAP,15m,2H,0.003,0.008,0.005,148.0,0.0,-100.0,846,288,558,34.043,100.0,0.495,-5.484,6566,0.7,-99.52,0.0,-99.94,0.0,3.41
BTC-USDT-SWAP,15m,2H,0.003,0.008,0.008,148.0,0.001,-99.999,846,324,522,38.298,99.999,0.504,-5.484,6566,1.33,-99.1,0.0,-99.9,0.0,3.71
BTC-USDT-SWAP,15m,2H,0.003,0.008,0.01,148.0,0.001,-100.0,846,328,518,38.771,100.0,0.459,-5.484,6566,0.79,-99.46,0.0,-99.93,0.0,3.71
BTC-USDT-SWAP,15m,2H,0.003,0.008,0.015,148.0,0.001,-99.999,846,339,507,40.071,100.0,0.476,-5.484,6566,1.15,-99.23,0.0,-99.94,0.0,3.71
BTC-USDT-SWAP,15m,2H,0.003,0.008,0.02,148.0,0.002,-99.999,846,343,503,40.544,99.999,0.531,-5.484,6566,1.16,-99.22,0.0,-99.86,0.0,3.71
BTC-USDT-SWAP,15m,2H,0.003,0.008,0.025,148.0,0.001,-99.999,846,343,503,40.544,100.0,0.526,-5.484,6566,0.93,-99.37,0.0,-99.9,0.0,3.71
BTC-USDT-SWAP,15m,2H,0.003,0.008,0.03,148.0,0.001,-99.999,846,344,502,40.662,100.0,0.525,-5.484,6566,0.84,-99.43,0.0,-99.89,0.0,3.71
BTC-USDT-SWAP,15m,2H,0.003,0.01,0.005,148.0,0.0,-100.0,846,261,585,30.851,100.0,0.503,-5.484,6566,0.23,-99.84,0.0,-99.97,0.0,7.06
BTC-USDT-SWAP,15m,2H,0.003,0.01,0.008,148.0,0.0,-100.0,846,294,552,34.752,100.0,0.504,-5.484,6566,0.39,-99.74,0.0,-99.96,0.0,7.37
BTC-USDT-SWAP,15m,2H,0.003,0.01,0.01,148.0,0.0,-100.0,846,298,548,35.225,100.0,0.465,-5.484,6566,0.21,-99.86,0.0,-99.97,0.0,7.37
BTC-USDT-SWAP,15m,2H,0.003,0.01,0.015,148.0,0.0,-100.0,846,308,538,36.407,100.0,0.459,-5.484,6566,0.19,-99.87,0.0,-99.98,0.0,7.37
BTC-USDT-SWAP,15m,2H,0.003,0.01,0.02,148.0,0.0,-100.0,846,309,537,36.525,100.0,0.425,-5.484,6566,0.14,-99.91,0.0,-99.97,0.0,7.37
BTC-USDT-SWAP,15m,2H,0.003,0.01,0.025,148.0,0.0,-100.0,846,309,537,36.525,100.0,0.416,-5.484,6566,0.12,-99.92,0.0,-99.98,0.0,7.37
BTC-USDT-SWAP,15m,2H,0.003,0.01,0.03,148.0,0.0,-100.0,846,310,536,36.643,100.0,0.399,-5.484,6566,0.09,-99.94,0.0,-99.98,0.0,7.37
BTC-USDT-SWAP,15m,2H,0.003,0.012,0.005,148.0,0.0,-100.0,846,241,605,28.487,100.0,0.494,-5.484,6566,0.08,-99.94,0.0,-99.99,0.0,6.7
BTC-USDT-SWAP,15m,2H,0.003,0.012,0.008,148.0,0.0,-100.0,846,275,571,32.506,100.0,0.554,-5.484,6566,0.16,-99.89,0.0,-99.99,0.0,7.01
BTC-USDT-SWAP,15m,2H,0.003,0.012,0.01,148.0,0.0,-100.0,846,278,568,32.861,100.0,0.518,-5.484,6566,0.09,-99.94,0.0,-99.99,0.0,7.01
BTC-USDT-SWAP,15m,2H,0.003,0.012,0.015,148.0,0.0,-100.0,846,287,559,33.924,100.0,0.515,-5.484,6566,0.08,-99.94,0.0,-100.0,0.0,7.01
BTC-USDT-SWAP,15m,2H,0.003,0.012,0.02,148.0,0.0,-100.0,846,289,557,34.161,100.0,0.48,-5.484,6566,0.06,-99.96,0.0,-99.99,0.0,7.01
BTC-USDT-SWAP,15m,2H,0.003,0.012,0.025,148.0,0.0,-100.0,846,289,557,34.161,100.0,0.471,-5.484,6566,0.05,-99.97,0.0,-100.0,0.0,7.01
BTC-USDT-SWAP,15m,2H,0.003,0.012,0.03,148.0,0.0,-100.0,846,290,556,34.279,100.0,0.454,-5.484,6566,0.04,-99.97,0.0,-100.0,0.0,7.01
BTC-USDT-SWAP,15m,2H,0.003,0.015,0.005,148.0,0.0,-100.0,846,233,613,27.541,100.0,0.492,-5.484,6566,0.07,-99.95,0.0,-100.0,0.0,0.99
BTC-USDT-SWAP,15m,2H,0.003,0.015,0.008,148.0,0.0,-100.0,846,263,583,31.087,100.0,0.521,-5.484,6566,0.08,-99.94,0.0,-100.0,0.0,1.28
BTC-USDT-SWAP,15m,2H,0.003,0.015,0.01,148.0,0.0,-100.0,846,266,580,31.442,100.0,0.483,-5.484,6566,0.04,-99.97,0.0,-100.0,0.0,1.28
BTC-USDT-SWAP,15m,2H,0.003,0.015,0.015,148.0,0.0,-100.0,846,274,572,32.388,100.0,0.472,-5.484,6566,0.03,-99.98,0.0,-100.0,0.0,1.28
BTC-USDT-SWAP,15m,2H,0.003,0.015,0.02,148.0,0.0,-100.0,846,276,570,32.624,100.0,0.438,-5.484,6566,0.02,-99.99,0.0,-100.0,0.0,1.28
BTC-USDT-SWAP,15m,2H,0.003,0.015,0.025,148.0,0.0,-100.0,846,276,570,32.624,100.0,0.428,-5.484,6566,0.02,-99.99,0.0,-100.0,0.0,1.28
BTC-USDT-SWAP,15m,2H,0.003,0.015,0.03,148.0,0.0,-100.0,846,276,570,32.624,100.0,0.412,-5.484,6566,0.01,-99.99,0.0,-100.0,0.0,1.28
BTC-USDT-SWAP,15m,2H,0.003,0.02,0.005,148.0,0.0,-100.0,846,231,615,27.305,100.0,0.428,-5.484,6566,0.04,-99.97,0.0,-100.0,0.0,0.99
BTC-USDT-SWAP,15m,2H,0.003,0.02,0.008,148.0,0.0,-100.0,846,257,589,30.378,100.0,0.459,-5.484,6566,0.04,-99.97,0.0,-100.0,0.0,1.28
BTC-USDT-SWAP,15m,2H,0.003,0.02,0.01,148.0,0.0,-100.0,846,260,586,30.733,100.0,0.422,-5.484,6566,0.02,-99.99,0.0,-100.0,0.0,1.28
BTC-USDT-SWAP,15m,2H,0.003,0.02,0.015,148.0,0.0,-100.0,846,268,578,31.678,100.0,0.414,-5.484,6566,0.02,-99.99,0.0,-100.0,0.0,1.28
BTC-USDT-SWAP,15m,2H,0.003,0.02,0.02,148.0,0.0,-100.0,846,270,576,31.915,100.0,0.38,-5.484,6566,0.01,-99.99,0.0,-100.0,0.0,1.28
BTC-USDT-SWAP,15m,2H,0.003,0.02,0.025,148.0,0.0,-100.0,846,270,576,31.915,100.0,0.376,-5.484,6566,0.01,-99.99,0.0,-100.0,0.0,1.28
BTC-USDT-SWAP,15m,2H,0.003,0.02,0.03,148.0,0.0,-100.0,846,270,576,31.915,100.0,0.36,-5.484,6566,0.01,-100.0,0.0,-100.0,0.0,1.28
BTC-USDT-SWAP,15m,2H,0.003,0.03,0.005,148.0,0.0,-100.0,846,231,615,27.305,100.0,0.391,-5.484,6566,0.03,-99.98,0.0,-100.0,0.0,0.99
BTC-USDT-SWAP,15m,2H,0.003,0.03,0.008,148.0,0.0,-100.0,846,257,589,30.378,100.0,0.423,-5.484,6566,0.03,-99.98,0.0,-100.0,0.0,1.28
BTC-USDT-SWAP,15m,2H,0.003,0.03,0.01,148.0,0.0,-100.0,846,260,586,30.733,100.0,0.388,-5.484,6566,0.02,-99.99,0.0,-100.0,0.0,1.28
BTC-USDT-SWAP,15m,2H,0.003,0.03,0.015,148.0,0.0,-100.0,846,268,578,31.678,100.0,0.374,-5.484,6566,0.01,-99.99,0.0,-100.0,0.0,1.28
BTC-USDT-SWAP,15m,2H,0.003,0.03,0.02,148.0,0.0,-100.0,846,270,576,31.915,100.0,0.342,-5.484,6566,0.01,-100.0,0.0,-100.0,0.0,1.28
BTC-USDT-SWAP,15m,2H,0.003,0.03,0.025,148.0,0.0,-100.0,846,270,576,31.915,100.0,0.338,-5.484,6566,0.01,-100.0,0.0,-100.0,0.0,1.28
BTC-USDT-SWAP,15m,2H,0.003,0.03,0.03,148.0,0.0,-100.0,846,270,576,31.915,100.0,0.323,-5.484,6566,0.01,-100.0,0.0,-100.0,0.0,1.28
BTC-USDT-SWAP,15m,2H,0.004,0.004,0.005,148.0,3.973,-97.315,650,412,238,63.385,97.904,0.732,-5.337,6566,50.86,-65.63,3.8,-92.53,3.97,4.64
BTC-USDT-SWAP,15m,2H,0.004,0.004,0.008,148.0,10.847,-92.671,650,441,209,67.846,93.822,0.81,-5.083,6566,86.57,-41.51,10.37,-88.03,10.85,4.64
BTC-USDT-SWAP,15m,2H,0.004,0.004,0.01,148.0,21.125,-85.726,650,454,196,69.846,90.724,0.877,-4.702,6566,159.84,8.0,20.19,-87.37,21.13,4.64
BTC-USDT-SWAP,15m,2H,0.004,0.004,0.015,148.0,63.748,-56.927,650,467,183,71.846,82.648,0.953,-3.122,6566,318.0,114.87,60.92,-80.84,63.75,4.64
BTC-USDT-SWAP,15m,2H,0.004,0.004,0.02,148.0,174.818,18.12,650,473,177,72.769,77.991,1.009,0.994,6566,367.17,148.09,167.07,-54.5,174.82,4.64
BTC-USDT-SWAP,15m,2H,0.004,0.004,0.025,148.0,116.768,-21.102,650,473,177,72.769,83.212,0.988,-1.157,6566,343.54,132.12,111.59,-67.52,116.77,4.64
BTC-USDT-SWAP,15m,2H,0.004,0.004,0.03,148.0,183.8,24.189,650,475,175,73.077,81.046,1.011,1.327,6566,342.78,131.61,175.65,-48.76,183.8,4.64
BTC-USDT-SWAP,15m,2H,0.004,0.006,0.005,148.0,1.094,-99.261,650,311,339,47.846,99.493,0.728,-5.444,6566,23.78,-83.93,1.01,-95.77,1.09,8.78
BTC-USDT-SWAP,15m,2H,0.004,0.006,0.008,148.0,1.644,-98.889,650,333,317,51.231,99.133,0.728,-5.424,6566,27.04,-81.73,1.51,-94.41,1.64,8.78
BTC-USDT-SWAP,15m,2H,0.004,0.006,0.01,148.0,2.359,-98.406,650,343,307,52.769,98.67,0.803,-5.397,6566,50.23,-66.06,2.17,-95.68,2.36,8.78
BTC-USDT-SWAP,15m,2H,0.004,0.006,0.015,148.0,4.143,-97.2,650,353,297,54.308,98.177,0.861,-5.331,6566,84.3,-43.04,3.81,-95.48,4.14,8.78
BTC-USDT-SWAP,15m,2H,0.004,0.006,0.02,148.0,13.228,-91.062,650,358,292,55.077,96.377,0.917,-4.994,6566,101.1,-31.69,12.16,-87.97,13.23,8.78
BTC-USDT-SWAP,15m,2H,0.004,0.006,0.025,148.0,7.735,-94.774,650,358,292,55.077,97.358,0.898,-5.198,6566,82.81,-44.05,7.11,-91.41,7.74,8.78
BTC-USDT-SWAP,15m,2H,0.004,0.006,0.03,148.0,12.401,-91.621,650,360,290,55.385,96.819,0.914,-5.025,6566,80.95,-45.3,11.4,-85.92,12.4,8.78
BTC-USDT-SWAP,15m,2H,0.004,0.008,0.005,148.0,0.021,-99.986,650,243,407,37.385,99.988,0.511,-5.484,6566,3.47,-97.65,0.02,-99.39,0.02,0.18
BTC-USDT-SWAP,15m,2H,0.004,0.008,0.008,148.0,0.015,-99.99,650,263,387,40.462,99.991,0.478,-5.484,6566,3.37,-97.73,0.02,-99.55,0.02,0.18
BTC-USDT-SWAP,15m,2H,0.004,0.008,0.01,148.0,0.017,-99.989,650,272,378,41.846,99.989,0.535,-5.484,6566,5.7,-96.15,0.02,-99.71,0.02,0.18
BTC-USDT-SWAP,15m,2H,0.004,0.008,0.015,148.0,0.021,-99.986,650,282,368,43.385,99.987,0.513,-5.484,6566,5.49,-96.29,0.02,-99.63,0.02,0.18
BTC-USDT-SWAP,15m,2H,0.004,0.008,0.02,148.0,0.05,-99.966,650,286,364,44.0,99.974,0.568,-5.483,6566,5.56,-96.24,0.05,-99.1,0.05,0.18
BTC-USDT-SWAP,15m,2H,0.004,0.008,0.025,148.0,0.026,-99.982,650,286,364,44.0,99.986,0.549,-5.483,6566,4.33,-97.07,0.03,-99.39,0.03,0.18
BTC-USDT-SWAP,15m,2H,0.004,0.008,0.03,148.0,0.038,-99.974,650,288,362,44.308,99.98,0.547,-5.483,6566,3.95,-97.33,0.04,-99.04,0.04,0.18
BTC-USDT-SWAP,15m,2H,0.004,0.01,0.005,148.0,0.004,-99.997,650,218,432,33.538,99.998,0.478,-5.484,6566,1.12,-99.24,0.0,-99.62,0.0,2.07
BTC-USDT-SWAP,15m,2H,0.004,0.01,0.008,148.0,0.003,-99.998,650,236,414,36.308,99.998,0.456,-5.484,6566,1.14,-99.23,0.0,-99.78,0.0,2.07
BTC-USDT-SWAP,15m,2H,0.004,0.01,0.01,148.0,0.002,-99.999,650,243,407,37.385,99.999,0.478,-5.484,6566,1.6,-98.92,0.0,-99.87,0.0,2.07
BTC-USDT-SWAP,15m,2H,0.004,0.01,0.015,148.0,0.002,-99.999,650,252,398,38.769,99.999,0.446,-5.484,6566,1.02,-99.31,0.0,-99.84,0.0,2.07
BTC-USDT-SWAP,15m,2H,0.004,0.01,0.02,148.0,0.005,-99.997,650,256,394,39.385,99.998,0.531,-5.484,6566,1.26,-99.15,0.0,-99.64,0.0,2.07
BTC-USDT-SWAP,15m,2H,0.004,0.01,0.025,148.0,0.002,-99.999,650,256,394,39.385,99.999,0.523,-5.484,6566,0.92,-99.38,0.0,-99.77,0.0,2.07
BTC-USDT-SWAP,15m,2H,0.004,0.01,0.03,148.0,0.002,-99.998,650,257,393,39.538,99.999,0.518,-5.484,6566,0.78,-99.47,0.0,-99.71,0.0,2.07
BTC-USDT-SWAP,15m,2H,0.004,0.012,0.005,148.0,0.001,-100.0,650,201,449,30.923,100.0,0.401,-5.484,6566,0.31,-99.79,0.0,-99.81,0.0,3.67
BTC-USDT-SWAP,15m,2H,0.004,0.012,0.008,148.0,0.0,-100.0,650,219,431,33.692,100.0,0.454,-5.484,6566,0.35,-99.76,0.0,-99.89,0.0,3.67
BTC-USDT-SWAP,15m,2H,0.004,0.012,0.01,148.0,0.0,-100.0,650,225,425,34.615,100.0,0.478,-5.484,6566,0.42,-99.72,0.0,-99.93,0.0,3.67
BTC-USDT-SWAP,15m,2H,0.004,0.012,0.015,148.0,0.0,-100.0,650,232,418,35.692,100.0,0.428,-5.484,6566,0.19,-99.87,0.0,-99.91,0.0,3.67
BTC-USDT-SWAP,15m,2H,0.004,0.012,0.02,148.0,0.0,-100.0,650,233,417,35.846,100.0,0.414,-5.484,6566,0.19,-99.87,0.0,-99.9,0.0,3.67
BTC-USDT-SWAP,15m,2H,0.004,0.012,0.025,148.0,0.0,-100.0,650,233,417,35.846,100.0,0.394,-5.484,6566,0.13,-99.91,0.0,-99.94,0.0,3.67
BTC-USDT-SWAP,15m,2H,0.004,0.012,0.03,148.0,0.0,-100.0,650,234,416,36.0,100.0,0.424,-5.484,6566,0.12,-99.92,0.0,-99.93,0.0,3.67
BTC-USDT-SWAP,15m,2H,0.004,0.015,0.005,148.0,0.0,-100.0,650,192,458,29.538,100.0,0.451,-5.484,6566,0.27,-99.82,0.0,-99.9,0.0,-0.94
BTC-USDT-SWAP,15m,2H,0.004,0.015,0.008,148.0,0.0,-100.0,650,209,441,32.154,100.0,0.508,-5.484,6566,0.27,-99.82,0.0,-99.95,0.0,-0.94
BTC-USDT-SWAP,15m,2H,0.004,0.015,0.01,148.0,0.0,-100.0,650,215,435,33.077,100.0,0.539,-5.484,6566,0.32,-99.78,0.0,-99.97,0.0,-0.94
BTC-USDT-SWAP,15m,2H,0.004,0.015,0.015,148.0,0.0,-100.0,650,221,429,34.0,100.0,0.486,-5.484,6566,0.14,-99.9,0.0,-99.97,0.0,-0.94
BTC-USDT-SWAP,15m,2H,0.004,0.015,0.02,148.0,0.0,-100.0,650,223,427,34.308,100.0,0.472,-5.484,6566,0.13,-99.91,0.0,-99.97,0.0,-0.94
BTC-USDT-SWAP,15m,2H,0.004,0.015,0.025,148.0,0.0,-100.0,650,223,427,34.308,100.0,0.451,-5.484,6566,0.08,-99.94,0.0,-99.98,0.0,-0.94
BTC-USDT-SWAP,15m,2H,0.004,0.015,0.03,148.0,0.0,-100.0,650,223,427,34.308,100.0,0.481,-5.484,6566,0.08,-99.94,0.0,-99.99,0.0,-0.94
BTC-USDT-SWAP,15m,2H,0.004,0.02,0.005,148.0,0.0,-100.0,650,188,462,28.923,100.0,0.378,-5.484,6566,0.17,-99.89,0.0,-99.92,0.0,-0.94
BTC-USDT-SWAP,15m,2H,0.004,0.02,0.008,148.0,0.0,-100.0,650,202,448,31.077,100.0,0.397,-5.484,6566,0.15,-99.9,0.0,-99.98,0.0,-0.94
BTC-USDT-SWAP,15m,2H,0.004,0.02,0.01,148.0,0.0,-100.0,650,207,443,31.846,100.0,0.415,-5.484,6566,0.15,-99.9,0.0,-99.98,0.0,-0.94
BTC-USDT-SWAP,15m,2H,0.004,0.02,0.015,148.0,0.0,-100.0,650,213,437,32.769,100.0,0.369,-5.484,6566,0.06,-99.96,0.0,-99.99,0.0,-0.94
BTC-USDT-SWAP,15m,2H,0.004,0.02,0.02,148.0,0.0,-100.0,650,215,435,33.077,100.0,0.353,-5.484,6566,0.05,-99.96,0.0,-99.99,0.0,-0.94
BTC-USDT-SWAP,15m,2H,0.004,0.02,0.025,148.0,0.0,-100.0,650,215,435,33.077,100.0,0.341,-5.484,6566,0.04,-99.97,0.0,-99.99,0.0,-0.94
BTC-USDT-SWAP,15m,2H,0.004,0.02,0.03,148.0,0.0,-100.0,650,215,435,33.077,100.0,0.37,-5.484,6566,0.04,-99.97,0.0,-100.0,0.0,-0.94
BTC-USDT-SWAP,15m,2H,0.004,0.03,0.005,148.0,0.0,-100.0,650,188,462,28.923,100.0,0.355,-5.484,6566,0.16,-99.89,0.0,-99.9,0.0,-0.94
BTC-USDT-SWAP,15m,2H,0.004,0.03,0.008,148.0,0.0,-100.0,650,202,448,31.077,100.0,0.375,-5.484,6566,0.14,-99.91,0.0,-99.97,0.0,-0.94
BTC-USDT-SWAP,15m,2H,0.004,0.03,0.01,148.0,0.0,-100.0,650,207,443,31.846,100.0,0.383,-5.484,6566,0.13,-99.91,0.0,-99.98,0.0,-0.94
BTC-USDT-SWAP,15m,2H,0.004,0.03,0.015,148.0,0.0,-100.0,650,213,437,32.769,100.0,0.339,-5.484,6566,0.05,-99.96,0.0,-99.98,0.0,-0.94
BTC-USDT-SWAP,15m,2H,0.004,0.03,0.02,148.0,0.0,-100.0,650,215,435,33.077,100.0,0.323,-5.484,6566,0.05,-99.97,0.0,-99.98,0.0,-0.94
BTC-USDT-SWAP,15m,2H,0.004,0.03,0.025,148.0,0.0,-100.0,650,215,435,33.077,100.0,0.312,-5.484,6566,0.03,-99.98,0.0,-99.99,0.0,-0.94
BTC-USDT-SWAP,15m,2H,0.004,0.03,0.03,148.0,0.0,-100.0,650,215,435,33.077,100.0,0.34,-5.484,6566,0.03,-99.98,0.0,-99.99,0.0,-0.94
BTC-USDT-SWAP,15m,2H,0.005,0.004,0.005,148.0,22.007,-85.13,502,349,153,69.522,89.567,0.759,-4.669,6566,61.23,-58.63,21.15,-65.45,22.01,4.04
BTC-USDT-SWAP,15m,2H,0.005,0.004,0.008,148.0,102.446,-30.78,502,382,120,76.096,68.682,0.933,-1.688,6566,104.18,-29.6,98.47,-5.49,102.45,4.04
BTC-USDT-SWAP,15m,2H,0.005,0.004,0.01,148.0,171.232,15.697,502,391,111,77.888,60.483,1.022,0.861,6566,188.53,27.39,164.58,-12.7,171.23,4.04
BTC-USDT-SWAP,15m,2H,0.005,0.004,0.015,148.0,448.312,202.914,502,403,99,80.279,57.297,1.171,11.129,6566,309.24,108.95,430.9,39.34,448.31,4.04
BTC-USDT-SWAP,15m,2H,0.005,0.004,0.02,148.0,750.288,406.952,502,407,95,81.076,55.712,1.269,22.319,6566,335.47,126.67,721.15,114.97,750.29,4.04
BTC-USDT-SWAP,15m,2H,0.005,0.004,0.025,148.0,660.428,346.235,502,407,95,81.076,61.208,1.215,18.989,6566,369.35,149.56,634.78,71.87,660.43,4.04
BTC-USDT-SWAP,15m,2H,0.005,0.004,0.03,148.0,970.199,555.54,502,409,93,81.474,49.51,1.313,30.468,6566,343.95,132.4,932.53,171.13,970.2,4.04
BTC-USDT-SWAP,15m,2H,0.005,0.006,0.005,148.0,15.135,-89.774,502,269,233,53.586,93.493,0.826,-4.924,6566,77.8,-47.43,15.32,-80.3,15.14,-1.24
BTC-USDT-SWAP,15m,2H,0.005,0.006,0.008,148.0,23.776,-83.935,502,291,211,57.968,90.901,0.853,-4.603,6566,103.06,-30.37,24.07,-76.64,23.78,-1.24
BTC-USDT-SWAP,15m,2H,0.005,0.006,0.01,148.0,28.389,-80.818,502,298,204,59.363,89.041,0.895,-4.432,6566,158.29,6.95,28.74,-81.84,28.39,-1.24
BTC-USDT-SWAP,15m,2H,0.005,0.006,0.015,148.0,49.171,-66.776,502,306,196,60.956,88.582,0.945,-3.662,6566,280.37,89.44,49.79,-82.24,49.17,-1.24
BTC-USDT-SWAP,15m,2H,0.005,0.006,0.02,148.0,77.373,-47.721,502,310,192,61.753,85.061,0.968,-2.617,6566,288.76,95.11,78.34,-72.87,77.37,-1.24
BTC-USDT-SWAP,15m,2H,0.005,0.006,0.025,148.0,59.894,-59.531,502,310,192,61.753,88.059,0.961,-3.265,6566,296.58,100.39,60.64,-79.55,59.89,-1.24
BTC-USDT-SWAP,15m,2H,0.005,0.006,0.03,148.0,86.188,-41.765,502,312,190,62.151,83.938,0.974,-2.291,6566,279.44,88.81,87.27,-68.77,86.19,-1.24
BTC-USDT-SWAP,15m,2H,0.005,0.008,0.005,148.0,0.545,-99.632,502,211,291,42.032,99.684,0.576,-5.464,6566,17.03,-88.49,0.54,-96.82,0.54,0.66
BTC-USDT-SWAP,15m,2H,0.005,0.008,0.008,148.0,0.33,-99.777,502,227,275,45.219,99.807,0.506,-5.472,6566,12.69,-91.42,0.33,-97.42,0.33,0.66
BTC-USDT-SWAP,15m,2H,0.005,0.008,0.01,148.0,0.311,-99.79,502,234,268,46.614,99.809,0.559,-5.473,6566,17.95,-87.87,0.31,-98.28,0.31,0.66
BTC-USDT-SWAP,15m,2H,0.005,0.008,0.015,148.0,0.397,-99.732,502,242,260,48.207,99.748,0.592,-5.47,6566,24.48,-83.46,0.39,-98.39,0.4,0.66
BTC-USDT-SWAP,15m,2H,0.005,0.008,0.02,148.0,0.653,-99.559,502,246,256,49.004,99.646,0.65,-5.46,6566,24.57,-83.4,0.65,-97.36,0.65,0.66
BTC-USDT-SWAP,15m,2H,0.005,0.008,0.025,148.0,0.488,-99.671,502,246,256,49.004,99.736,0.661,-5.466,6566,25.51,-82.76,0.48,-98.1,0.49,0.66
BTC-USDT-SWAP,15m,2H,0.005,0.008,0.03,148.0,0.679,-99.541,502,248,254,49.402,99.632,0.663,-5.459,6566,24.04,-83.76,0.67,-97.2,0.68,0.66
BTC-USDT-SWAP,15m,2H,0.005,0.01,0.005,148.0,0.163,-99.89,502,189,313,37.649,99.904,0.519,-5.478,6566,8.23,-94.44,0.16,-98.07,0.16,2.56
BTC-USDT-SWAP,15m,2H,0.005,0.01,0.008,148.0,0.061,-99.959,502,203,299,40.438,99.961,0.423,-5.482,6566,4.75,-96.79,0.06,-98.76,0.06,2.56
BTC-USDT-SWAP,15m,2H,0.005,0.01,0.01,148.0,0.07,-99.953,502,211,291,42.032,99.959,0.464,-5.482,6566,6.47,-95.63,0.07,-98.94,0.07,2.56
BTC-USDT-SWAP,15m,2H,0.005,0.01,0.015,148.0,0.044,-99.971,502,217,285,43.227,99.972,0.428,-5.483,6566,4.72,-96.81,0.04,-99.1,0.04,2.56
BTC-USDT-SWAP,15m,2H,0.005,0.01,0.02,148.0,0.076,-99.949,502,221,281,44.024,99.962,0.501,-5.482,6566,4.97,-96.64,0.07,-98.51,0.08,2.56
BTC-USDT-SWAP,15m,2H,0.005,0.01,0.025,148.0,0.055,-99.963,502,221,281,44.024,99.973,0.508,-5.482,6566,4.98,-96.63,0.05,-98.93,0.05,2.56
BTC-USDT-SWAP,15m,2H,0.005,0.01,0.03,148.0,0.085,-99.943,502,223,279,44.422,99.958,0.514,-5.481,6566,5.02,-96.61,0.08,-98.36,0.08,2.56
BTC-USDT-SWAP,15m,2H,0.005,0.012,0.005,148.0,0.075,-99.95,502,177,325,35.259,99.958,0.448,-5.482,6566,4.16,-97.19,0.07,-98.28,0.07,4.18
BTC-USDT-SWAP,15m,2H,0.005,0.012,0.008,148.0,0.02,-99.987,502,189,313,37.649,99.989,0.365,-5.484,6566,1.93,-98.7,0.02,-99.01,0.02,4.18
BTC-USDT-SWAP,15m,2H,0.005,0.012,0.01,148.0,0.023,-99.985,502,197,305,39.243,99.989,0.402,-5.484,6566,2.58,-98.25,0.02,-99.16,0.02,4.18
BTC-USDT-SWAP,15m,2H,0.005,0.012,0.015,148.0,0.008,-99.994,502,202,300,40.239,99.995,0.339,-5.484,6566,1.14,-99.23,0.01,-99.31,0.01,4.18
BTC-USDT-SWAP,15m,2H,0.005,0.012,0.02,148.0,0.009,-99.994,502,204,298,40.637,99.995,0.329,-5.484,6566,1.09,-99.27,0.01,-99.21,0.01,4.18
BTC-USDT-SWAP,15m,2H,0.005,0.012,0.025,148.0,0.005,-99.997,502,204,298,40.637,99.997,0.32,-5.484,6566,0.95,-99.36,0.0,-99.51,0.0,4.18
BTC-USDT-SWAP,15m,2H,0.005,0.012,0.03,148.0,0.008,-99.995,502,205,297,40.837,99.995,0.356,-5.484,6566,1.04,-99.3,0.01,-99.27,0.01,4.18
BTC-USDT-SWAP,15m,2H,0.005,0.015,0.005,148.0,0.011,-99.993,502,162,340,32.271,99.994,0.435,-5.484,6566,1.65,-98.89,0.01,-99.34,0.01,0.48
BTC-USDT-SWAP,15m,2H,0.005,0.015,0.008,148.0,0.002,-99.999,502,173,329,34.462,99.999,0.368,-5.484,6566,0.58,-99.61,0.0,-99.63,0.0,0.48
BTC-USDT-SWAP,15m,2H,0.005,0.015,0.01,148.0,0.003,-99.998,502,181,321,36.056,99.998,0.408,-5.484,6566,0.74,-99.5,0.0,-99.63,0.0,0.48
BTC-USDT-SWAP,15m,2H,0.005,0.015,0.015,148.0,0.001,-99.999,502,186,316,37.052,99.999,0.357,-5.484,6566,0.34,-99.77,0.0,-99.75,0.0,0.48
BTC-USDT-SWAP,15m,2H,0.005,0.015,0.02,148.0,0.001,-99.999,502,188,314,37.45,100.0,0.346,-5.484,6566,0.31,-99.79,0.0,-99.75,0.0,0.48
BTC-USDT-SWAP,15m,2H,0.005,0.015,0.025,148.0,0.0,-100.0,502,188,314,37.45,100.0,0.338,-5.484,6566,0.25,-99.83,0.0,-99.85,0.0,0.48
BTC-USDT-SWAP,15m,2H,0.005,0.015,0.03,148.0,0.001,-100.0,502,189,313,37.649,100.0,0.375,-5.484,6566,0.28,-99.81,0.0,-99.79,0.0,0.48
BTC-USDT-SWAP,15m,2H,0.005,0.02,0.005,148.0,0.005,-99.997,502,156,346,31.076,99.997,0.427,-5.484,6566,1.59,-98.93,0.0,-99.71,0.0,0.48
BTC-USDT-SWAP,15m,2H,0.005,0.02,0.008,148.0,0.001,-99.999,502,166,336,33.068,100.0,0.354,-5.484,6566,0.56,-99.62,0.0,-99.86,0.0,0.48
BTC-USDT-SWAP,15m,2H,0.005,0.02,0.01,148.0,0.001,-100.0,502,172,330,34.263,100.0,0.382,-5.484,6566,0.62,-99.58,0.0,-99.89,0.0,0.48
BTC-USDT-SWAP,15m,2H,0.005,0.02,0.015,148.0,0.0,-100.0,502,177,325,35.259,100.0,0.332,-5.484,6566,0.29,-99.81,0.0,-99.94,0.0,0.48
BTC-USDT-SWAP,15m,2H,0.005,0.02,0.02,148.0,0.0,-100.0,502,179,323,35.657,100.0,0.321,-5.484,6566,0.26,-99.83,0.0,-99.95,0.0,0.48
BTC-USDT-SWAP,15m,2H,0.005,0.02,0.025,148.0,0.0,-100.0,502,179,323,35.657,100.0,0.314,-5.484,6566,0.21,-99.86,0.0,-99.97,0.0,0.48
BTC-USDT-SWAP,15m,2H,0.005,0.02,0.03,148.0,0.0,-100.0,502,179,323,35.657,100.0,0.35,-5.484,6566,0.24,-99.84,0.0,-99.98,0.0,0.48
BTC-USDT-SWAP,15m,2H,0.005,0.03,0.005,148.0,0.005,-99.996,502,156,346,31.076,99.997,0.407,-5.484,6566,1.51,-98.98,0.01,-99.66,0.01,0.48
BTC-USDT-SWAP,15m,2H,0.005,0.03,0.008,148.0,0.001,-99.999,502,166,336,33.068,99.999,0.334,-5.484,6566,0.53,-99.64,0.0,-99.8,0.0,0.48
BTC-USDT-SWAP,15m,2H,0.005,0.03,0.01,148.0,0.001,-99.999,502,172,330,34.263,100.0,0.352,-5.484,6566,0.55,-99.63,0.0,-99.84,0.0,0.48
BTC-USDT-SWAP,15m,2H,0.005,0.03,0.015,148.0,0.0,-100.0,502,177,325,35.259,100.0,0.305,-5.484,6566,0.26,-99.83,0.0,-99.91,0.0,0.48
BTC-USDT-SWAP,15m,2H,0.005,0.03,0.02,148.0,0.0,-100.0,502,179,323,35.657,100.0,0.294,-5.484,6566,0.23,-99.84,0.0,-99.92,0.0,0.48
BTC-USDT-SWAP,15m,2H,0.005,0.03,0.025,148.0,0.0,-100.0,502,179,323,35.657,100.0,0.287,-5.484,6566,0.19,-99.87,0.0,-99.95,0.0,0.48
BTC-USDT-SWAP,15m,2H,0.005,0.03,0.03,148.0,0.0,-100.0,502,179,323,35.657,100.0,0.321,-5.484,6566,0.21,-99.86,0.0,-99.97,0.0,0.48
BTC-USDT-SWAP,15m,2H,0.007,0.004,0.005,148.0,9.019,-93.906,321,209,112,65.109,94.783,0.685,-5.15,6566,84.71,-42.76,8.84,-89.56,9.02,2.0
BTC-USDT-SWAP,15m,2H,0.007,0.004,0.008,148.0,38.242,-74.161,321,240,81,74.766,88.054,0.851,-4.067,6566,174.14,17.66,37.49,-78.47,38.24,2.0
BTC-USDT-SWAP,15m,2H,0.007,0.004,0.01,148.0,88.844,-39.97,321,251,70,78.193,78.591,0.946,-2.192,6566,255.83,72.86,87.1,-65.95,88.84,2.0
BTC-USDT-SWAP,15m,2H,0.007,0.004,0.015,148.0,236.001,59.46,321,261,60,81.308,63.961,1.058,3.261,6566,339.07,129.1,231.37,-31.76,236.0,2.0
BTC-USDT-SWAP,15m,2H,0.007,0.004,0.02,148.0,224.936,51.984,321,263,58,81.931,65.151,1.05,2.851,6566,291.95,97.26,220.53,-24.46,224.94,2.0
BTC-USDT-SWAP,15m,2H,0.007,0.004,0.025,148.0,149.038,0.701,321,263,58,81.931,74.247,1.001,0.038,6566,269.4,82.03,146.12,-45.76,149.04,2.0
BTC-USDT-SWAP,15m,2H,0.007,0.004,0.03,148.0,327.164,121.057,321,266,55,82.866,54.708,1.116,6.639,6566,249.84,68.81,320.75,28.38,327.16,2.0
BTC-USDT-SWAP,15m,2H,0.007,0.006,0.005,148.0,11.12,-92.487,321,170,151,52.96,93.218,0.71,-5.072,6566,64.71,-56.28,10.69,-83.48,11.12,4.0
BTC-USDT-SWAP,15m,2H,0.007,0.006,0.008,148.0,39.202,-73.512,321,195,126,60.748,83.888,0.874,-4.032,6566,147.25,-0.51,37.69,-74.4,39.2,4.0
BTC-USDT-SWAP,15m,2H,0.007,0.006,0.01,148.0,74.357,-49.759,321,204,117,63.551,72.6,0.935,-2.729,6566,185.55,25.37,71.5,-61.47,74.36,4.0
BTC-USDT-SWAP,15m,2H,0.007,0.006,0.015,148.0,107.069,-27.656,321,211,110,65.732,70.809,0.97,-1.517,6566,207.79,40.4,102.95,-50.45,107.07,4.0
BTC-USDT-SWAP,15m,2H,0.007,0.006,0.02,148.0,107.519,-27.352,321,213,108,66.355,72.742,0.969,-1.5,6566,178.43,20.56,103.38,-42.06,107.52,4.0
BTC-USDT-SWAP,15m,2H,0.007,0.006,0.025,148.0,73.927,-50.049,321,213,108,66.355,77.622,0.938,-2.745,6566,159.67,7.88,71.08,-55.48,73.93,4.0
BTC-USDT-SWAP,15m,2H,0.007,0.006,0.03,148.0,179.337,21.173,321,216,105,67.29,54.063,1.022,1.161,6566,165.78,12.01,172.44,4.02,179.34,4.0
BTC-USDT-SWAP,15m,2H,0.007,0.008,0.005,148.0,5.356,-96.381,321,144,177,44.86,96.532,0.7,-5.286,6566,55.3,-62.63,5.52,-90.01,5.36,-3.04
BTC-USDT-SWAP,15m,2H,0.007,0.008,0.008,148.0,7.925,-94.645,321,162,159,50.467,94.697,0.796,-5.191,6566,98.7,-33.31,8.17,-91.72,7.93,-3.04
BTC-USDT-SWAP,15m,2H,0.007,0.008,0.01,148.0,11.207,-92.428,321,170,151,52.96,92.428,0.831,-5.069,6566,120.33,-18.69,11.56,-90.39,11.21,-3.04
BTC-USDT-SWAP,15m,2H,0.007,0.008,0.015,148.0,8.895,-93.99,321,175,146,54.517,94.946,0.834,-5.155,6566,110.69,-25.21,9.17,-91.71,8.9,-3.04
BTC-USDT-SWAP,15m,2H,0.007,0.008,0.02,148.0,10.839,-92.676,321,177,144,55.14,94.398,0.854,-5.083,6566,108.87,-26.44,11.18,-89.73,10.84,-3.04
BTC-USDT-SWAP,15m,2H,0.007,0.008,0.025,148.0,6.936,-95.313,321,177,144,55.14,96.542,0.839,-5.227,6566,96.91,-34.52,7.15,-92.62,6.94,-3.04
BTC-USDT-SWAP,15m,2H,0.007,0.008,0.03,148.0,16.591,-88.79,321,180,141,56.075,91.728,0.866,-4.87,6566,100.62,-32.02,17.11,-82.99,16.59,-3.04
BTC-USDT-SWAP,15m,2H,0.007,0.01,0.005,148.0,0.516,-99.651,321,119,202,37.072,99.651,0.457,-5.465,6566,15.6,-89.46,0.53,-96.59,0.52,-3.04
BTC-USDT-SWAP,15m,2H,0.007,0.01,0.008,148.0,0.465,-99.686,321,134,187,41.745,99.686,0.511,-5.467,6566,17.32,-88.3,0.48,-97.23,0.46,-3.04
BTC-USDT-SWAP,15m,2H,0.007,0.01,0.01,148.0,0.885,-99.402,321,144,177,44.86,99.402,0.603,-5.452,6566,27.67,-81.3,0.91,-96.7,0.88,-3.04
BTC-USDT-SWAP,15m,2H,0.007,0.01,0.015,148.0,0.432,-99.708,321,147,174,45.794,99.748,0.569,-5.468,6566,18.26,-87.66,0.45,-97.56,0.43,-3.04
BTC-USDT-SWAP,15m,2H,0.007,0.01,0.02,148.0,0.641,-99.567,321,149,172,46.417,99.626,0.627,-5.461,6566,18.68,-87.38,0.66,-96.46,0.64,-3.04
BTC-USDT-SWAP,15m,2H,0.007,0.01,0.025,148.0,0.41,-99.723,321,149,172,46.417,99.76,0.619,-5.469,6566,16.63,-88.76,0.42,-97.46,0.41,-3.04
BTC-USDT-SWAP,15m,2H,0.007,0.01,0.03,148.0,0.776,-99.476,321,151,170,47.04,99.547,0.636,-5.456,6566,17.27,-88.33,0.8,-95.37,0.78,-3.04
BTC-USDT-SWAP,15m,2H,0.007,0.012,0.005,148.0,0.526,-99.645,321,113,208,35.202,99.65,0.401,-5.465,6566,10.52,-92.89,0.54,-94.84,0.53,-3.04
BTC-USDT-SWAP,15m,2H,0.007,0.012,0.008,148.0,0.399,-99.731,321,126,195,39.252,99.731,0.417,-5.47,6566,9.93,-93.29,0.41,-95.86,0.4,-3.04
BTC-USDT-SWAP,15m,2H,0.007,0.012,0.01,148.0,0.503,-99.66,321,134,187,41.745,99.66,0.444,-5.466,6566,9.96,-93.27,0.52,-94.79,0.5,-3.04
BTC-USDT-SWAP,15m,2H,0.007,0.012,0.015,148.0,0.245,-99.835,321,137,184,42.679,99.862,0.442,-5.475,6566,6.49,-95.61,0.25,-96.12,0.24,-3.04
BTC-USDT-SWAP,15m,2H,0.007,0.012,0.02,148.0,0.345,-99.767,321,139,182,43.302,99.806,0.479,-5.472,6566,6.21,-95.81,0.36,-94.26,0.35,-3.04
BTC-USDT-SWAP,15m,2H,0.007,0.012,0.025,148.0,0.207,-99.86,321,139,182,43.302,99.884,0.463,-5.477,6566,5.17,-96.51,0.21,-95.87,0.21,-3.04
BTC-USDT-SWAP,15m,2H,0.007,0.012,0.03,148.0,0.445,-99.7,321,141,180,43.925,99.75,0.491,-5.468,6566,5.88,-96.02,0.46,-92.21,0.44,-3.04
BTC-USDT-SWAP,15m,2H,0.007,0.015,0.005,148.0,0.187,-99.873,321,103,218,32.087,99.878,0.37,-5.478,6566,7.47,-94.95,0.19,-97.41,0.19,-3.04
BTC-USDT-SWAP,15m,2H,0.007,0.015,0.008,148.0,0.144,-99.903,321,115,206,35.826,99.903,0.4,-5.479,6566,6.51,-95.6,0.15,-97.72,0.14,-3.04
BTC-USDT-SWAP,15m,2H,0.007,0.015,0.01,148.0,0.128,-99.914,321,122,199,38.006,99.914,0.374,-5.48,6566,4.98,-96.64,0.13,-97.36,0.13,-3.04
BTC-USDT-SWAP,15m,2H,0.007,0.015,0.015,148.0,0.04,-99.973,321,123,198,38.318,99.973,0.296,-5.483,6566,2.94,-98.02,0.04,-98.6,0.04,-3.04
BTC-USDT-SWAP,15m,2H,0.007,0.015,0.02,148.0,0.033,-99.978,321,124,197,38.629,99.978,0.308,-5.483,6566,2.64,-98.22,0.03,-98.71,0.03,-3.04
BTC-USDT-SWAP,15m,2H,0.007,0.015,0.025,148.0,0.017,-99.988,321,124,197,38.629,99.988,0.284,-5.484,6566,2.05,-98.61,0.02,-99.14,0.02,-3.04
BTC-USDT-SWAP,15m,2H,0.007,0.015,0.03,148.0,0.037,-99.975,321,125,196,38.941,99.975,0.339,-5.483,6566,2.78,-98.12,0.04,-98.63,0.04,-3.04
BTC-USDT-SWAP,15m,2H,0.007,0.02,0.005,148.0,0.062,-99.958,321,99,222,30.841,99.958,0.307,-5.482,6566,5.04,-96.59,0.06,-98.73,0.06,-3.04
BTC-USDT-SWAP,15m,2H,0.007,0.02,0.008,148.0,0.038,-99.974,321,111,210,34.579,99.974,0.316,-5.483,6566,3.66,-97.53,0.04,-98.93,0.04,-3.04
BTC-USDT-SWAP,15m,2H,0.007,0.02,0.01,148.0,0.031,-99.979,321,118,203,36.76,99.979,0.293,-5.483,6566,2.9,-98.04,0.03,-98.89,0.03,-3.04
BTC-USDT-SWAP,15m,2H,0.007,0.02,0.015,148.0,0.009,-99.994,321,119,202,37.072,99.994,0.226,-5.484,6566,1.71,-98.84,0.01,-99.48,0.01,-3.04
BTC-USDT-SWAP,15m,2H,0.007,0.02,0.02,148.0,0.006,-99.996,321,120,201,37.383,99.996,0.239,-5.484,6566,1.54,-98.96,0.01,-99.57,0.01,-3.04
BTC-USDT-SWAP,15m,2H,0.007,0.02,0.025,148.0,0.004,-99.998,321,120,201,37.383,99.998,0.221,-5.484,6566,1.2,-99.19,0.0,-99.69,0.0,-3.04
BTC-USDT-SWAP,15m,2H,0.007,0.02,0.03,148.0,0.004,-99.997,321,120,201,37.383,99.997,0.266,-5.484,6566,1.62,-98.91,0.0,-99.73,0.0,-3.04
BTC-USDT-SWAP,15m,2H,0.007,0.03,0.005,148.0,0.033,-99.978,321,96,225,29.907,99.978,0.296,-5.483,6566,4.91,-96.68,0.03,-99.3,0.03,-3.04
BTC-USDT-SWAP,15m,2H,0.007,0.03,0.008,148.0,0.023,-99.985,321,108,213,33.645,99.985,0.297,-5.484,6566,3.38,-97.71,0.02,-99.3,0.02,-3.04
BTC-USDT-SWAP,15m,2H,0.007,0.03,0.01,148.0,0.018,-99.988,321,115,206,35.826,99.988,0.275,-5.484,6566,2.68,-98.19,0.02,-99.3,0.02,-3.04
BTC-USDT-SWAP,15m,2H,0.007,0.03,0.015,148.0,0.005,-99.997,321,116,205,36.137,99.997,0.213,-5.484,6566,1.58,-98.93,0.01,-99.67,0.01,-3.04
BTC-USDT-SWAP,15m,2H,0.007,0.03,0.02,148.0,0.003,-99.998,321,117,204,36.449,99.998,0.224,-5.484,6566,1.42,-99.04,0.0,-99.75,0.0,-3.04
BTC-USDT-SWAP,15m,2H,0.007,0.03,0.025,148.0,0.002,-99.999,321,117,204,36.449,99.999,0.208,-5.484,6566,1.11,-99.25,0.0,-99.83,0.0,-3.04
BTC-USDT-SWAP,15m,2H,0.007,0.03,0.03,148.0,0.002,-99.999,321,117,204,36.449,99.999,0.25,-5.484,6566,1.5,-98.99,0.0,-99.86,0.0,-3.04
BTC-USDT-SWAP,15m,2H,0.01,0.004,0.005,148.0,31.935,-78.422,189,128,61,67.725,83.597,0.673,-4.301,6566,131.82,-10.93,31.94,-75.77,,
BTC-USDT-SWAP,15m,2H,0.01,0.004,0.008,148.0,56.697,-61.691,189,144,45,76.19,77.909,0.795,-3.383,6566,176.84,19.49,56.7,-67.94,,
BTC-USDT-SWAP,15m,2H,0.01,0.004,0.01,148.0,72.505,-51.01,189,150,39,79.365,72.93,0.844,-2.798,6566,198.47,34.1,72.51,-63.47,,
BTC-USDT-SWAP,15m,2H,0.01,0.004,0.015,148.0,117.567,-20.563,189,157,32,83.069,67.821,0.949,-1.128,6566,235.87,59.37,117.57,-50.16,,
BTC-USDT-SWAP,15m,2H,0.01,0.004,0.02,148.0,90.354,-38.95,189,158,31,83.598,72.269,0.9,-2.136,6566,210.35,42.13,90.35,-57.05,,
BTC-USDT-SWAP,15m,2H,0.01,0.004,0.025,148.0,161.311,8.994,189,161,28,85.185,63.727,1.019,0.493,6566,257.44,73.94,161.31,-37.34,,
BTC-USDT-SWAP,15m,2H,0.01,0.004,0.03,148.0,409.904,176.962,189,164,25,86.772,42.29,1.298,9.705,6566,359.71,143.04,409.9,13.96,,
BTC-USDT-SWAP,15m,2H,0.01,0.006,0.005,148.0,31.279,-78.865,189,103,86,54.497,84.797,0.721,-4.325,6566,104.01,-29.72,31.28,-69.93,,
BTC-USDT-SWAP,15m,2H,0.01,0.006,0.008,148.0,54.313,-63.302,189,118,71,62.434,72.722,0.82,-3.472,6566,124.03,-16.19,54.31,-56.21,,
BTC-USDT-SWAP,15m,2H,0.01,0.006,0.01,148.0,59.238,-59.975,189,122,67,64.55,75.483,0.839,-3.289,6566,144.21,-2.56,59.24,-58.92,,
BTC-USDT-SWAP,15m,2H,0.01,0.006,0.015,148.0,91.545,-38.145,189,129,60,68.254,68.39,0.912,-2.092,6566,130.6,-11.76,91.54,-29.9,,
BTC-USDT-SWAP,15m,2H,0.01,0.006,0.02,148.0,67.167,-54.617,189,130,59,68.783,71.55,0.865,-2.995,6566,109.05,-26.32,67.17,-38.41,,
BTC-USDT-SWAP,15m,2H,0.01,0.006,0.025,148.0,130.287,-11.968,189,133,56,70.37,64.928,0.978,-0.656,6566,139.49,-5.75,130.29,-6.59,,
BTC-USDT-SWAP,15m,2H,0.01,0.006,0.03,148.0,350.929,137.114,189,136,53,71.958,46.476,1.188,7.52,6566,198.72,34.27,350.93,76.6,,
BTC-USDT-SWAP,15m,2H,0.01,0.008,0.005,148.0,18.204,-87.7,189,84,105,44.444,92.428,0.64,-4.81,6566,79.85,-46.05,18.2,-77.2,,
BTC-USDT-SWAP,15m,2H,0.01,0.008,0.008,148.0,28.526,-80.726,189,97,92,51.323,87.329,0.729,-4.427,6566,87.57,-40.83,28.53,-67.43,,
BTC-USDT-SWAP,15m,2H,0.01,0.008,0.01,148.0,27.781,-81.229,189,100,89,52.91,87.369,0.73,-4.455,6566,92.7,-37.36,27.78,-70.03,,
BTC-USDT-SWAP,15m,2H,0.01,0.008,0.015,148.0,43.575,-70.558,189,107,82,56.614,81.93,0.799,-3.87,6566,87.11,-41.14,43.57,-49.98,,
BTC-USDT-SWAP,15m,2H,0.01,0.008,0.02,148.0,34.01,-77.02,189,108,81,57.143,85.259,0.765,-4.224,6566,72.74,-50.85,34.01,-53.25,,
BTC-USDT-SWAP,15m,2H,0.01,0.008,0.025,148.0,50.997,-65.543,189,110,79,58.201,76.94,0.815,-3.595,6566,74.0,-50.0,51.0,-31.08,,
BTC-USDT-SWAP,15m,2H,0.01,0.008,0.03,148.0,86.5,-41.554,189,112,77,59.259,68.235,0.885,-2.279,6566,68.63,-53.63,86.5,26.05,,
BTC-USDT-SWAP,15m,2H,0.01,0.01,0.005,148.0,2.042,-98.62,189,61,128,32.275,98.622,0.414,-5.409,6566,29.56,-80.03,2.04,-93.09,,
BTC-USDT-SWAP,15m,2H,0.01,0.01,0.008,148.0,1.868,-98.738,189,71,118,37.566,98.738,0.434,-5.415,6566,28.82,-80.53,1.87,-93.52,,
BTC-USDT-SWAP,15m,2H,0.01,0.01,0.01,148.0,1.643,-98.89,189,74,115,39.153,98.89,0.415,-5.424,6566,28.4,-80.81,1.64,-94.22,,
BTC-USDT-SWAP,15m,2H,0.01,0.01,0.015,148.0,2.889,-98.048,189,82,107,43.386,98.192,0.497,-5.377,6566,26.65,-81.99,2.89,-89.16,,
BTC-USDT-SWAP,15m,2H,0.01,0.01,0.02,148.0,1.514,-98.977,189,82,107,43.386,99.053,0.484,-5.428,6566,22.91,-84.52,1.51,-93.39,,
BTC-USDT-SWAP,15m,2H,0.01,0.01,0.025,148.0,1.827,-98.765,189,84,105,44.444,98.857,0.492,-5.417,6566,22.07,-85.09,1.83,-91.72,,
BTC-USDT-SWAP,15m,2H,0.01,0.01,0.03,148.0,3.199,-97.839,189,86,103,45.503,97.999,0.512,-5.366,6566,23.75,-83.95,3.2,-86.53,,
BTC-USDT-SWAP,15m,2H,0.01,0.012,0.005,148.0,0.992,-99.33,189,54,135,28.571,99.364,0.343,-5.448,6566,22.09,-85.07,0.99,-95.51,,
BTC-USDT-SWAP,15m,2H,0.01,0.012,0.008,148.0,1.024,-99.308,189,65,124,34.392,99.308,0.438,-5.447,6566,30.04,-79.7,1.02,-96.59,,
BTC-USDT-SWAP,15m,2H,0.01,0.012,0.01,148.0,0.735,-99.503,189,66,123,34.921,99.503,0.4,-5.457,6566,24.04,-83.76,0.73,-96.94,,
BTC-USDT-SWAP,15m,2H,0.01,0.012,0.015,148.0,1.265,-99.145,189,73,116,38.624,99.241,0.491,-5.438,6566,23.64,-84.03,1.27,-94.65,,
BTC-USDT-SWAP,15m,2H,0.01,0.012,0.02,148.0,0.663,-99.552,189,73,116,38.624,99.602,0.487,-5.46,6566,20.32,-86.27,0.66,-96.74,,
BTC-USDT-SWAP,15m,2H,0.01,0.012,0.025,148.0,0.83,-99.439,189,75,114,39.683,99.502,0.494,-5.454,6566,19.57,-86.78,0.83,-95.76,,
BTC-USDT-SWAP,15m,2H,0.01,0.012,0.03,148.0,1.147,-99.225,189,76,113,40.212,99.312,0.506,-5.442,6566,21.06,-85.77,1.15,-94.55,,
BTC-USDT-SWAP,15m,2H,0.01,0.015,0.005,148.0,0.635,-99.571,189,49,140,25.926,99.623,0.256,-5.461,6566,16.78,-88.66,0.63,-96.22,,
BTC-USDT-SWAP,15m,2H,0.01,0.015,0.008,148.0,0.446,-99.698,189,58,131,30.688,99.708,0.292,-5.468,6566,14.81,-90.0,0.45,-96.99,,
BTC-USDT-SWAP,15m,2H,0.01,0.015,0.01,148.0,0.257,-99.826,189,58,131,30.688,99.826,0.245,-5.475,6566,11.07,-92.52,0.26,-97.68,,
BTC-USDT-SWAP,15m,2H,0.01,0.015,0.015,148.0,0.52,-99.649,189,65,124,34.392,99.711,0.369,-5.465,6566,11.53,-92.21,0.52,-95.49,,
BTC-USDT-SWAP,15m,2H,0.01,0.015,0.02,148.0,0.281,-99.81,189,65,124,34.392,99.844,0.375,-5.474,6566,10.22,-93.1,0.28,-97.25,,
BTC-USDT-SWAP,15m,2H,0.01,0.015,0.025,148.0,0.371,-99.749,189,67,122,35.45,99.794,0.382,-5.471,6566,9.84,-93.35,0.37,-96.23,,
BTC-USDT-SWAP,15m,2H,0.01,0.015,0.03,148.0,0.527,-99.644,189,68,121,35.979,99.708,0.39,-5.465,6566,10.59,-92.84,0.53,-95.03,,
BTC-USDT-SWAP,15m,2H,0.01,0.02,0.005,148.0,0.598,-99.596,189,48,141,25.397,99.669,0.259,-5.462,6566,12.75,-91.38,0.6,-95.31,,
BTC-USDT-SWAP,15m,2H,0.01,0.02,0.008,148.0,0.288,-99.805,189,56,133,29.63,99.824,0.227,-5.474,6566,8.65,-94.16,0.29,-96.66,,
BTC-USDT-SWAP,15m,2H,0.01,0.02,0.01,148.0,0.159,-99.893,189,56,133,29.63,99.896,0.185,-5.479,6566,6.18,-95.82,0.16,-97.43,,
BTC-USDT-SWAP,15m,2H,0.01,0.02,0.015,148.0,0.149,-99.899,189,61,128,32.275,99.909,0.194,-5.479,6566,5.58,-96.23,0.15,-97.33,,
BTC-USDT-SWAP,15m,2H,0.01,0.02,0.02,148.0,0.067,-99.955,189,61,128,32.275,99.959,0.193,-5.482,6566,4.64,-96.86,0.07,-98.56,,
BTC-USDT-SWAP,15m,2H,0.01,0.02,0.025,148.0,0.09,-99.939,189,62,127,32.804,99.945,0.223,-5.481,6566,5.14,-96.53,0.09,-98.25,,
BTC-USDT-SWAP,15m,2H,0.01,0.02,0.03,148.0,0.084,-99.944,189,62,127,32.804,99.949,0.228,-5.481,6566,5.53,-96.26,0.08,-98.49,,
BTC-USDT-SWAP,15m,2H,0.01,0.03,0.005,148.0,0.436,-99.705,189,47,142,24.868,99.75,0.189,-5.468,6566,10.45,-92.94,0.44,-95.83,,
BTC-USDT-SWAP,15m,2H,0.01,0.03,0.008,148.0,0.204,-99.862,189,55,134,29.101,99.871,0.167,-5.477,6566,7.09,-95.21,0.2,-97.13,,
BTC-USDT-SWAP,15m,2H,0.01,0.03,0.01,148.0,0.11,-99.926,189,55,134,29.101,99.926,0.134,-5.48,6566,5.07,-96.58,0.11,-97.84,,
BTC-USDT-SWAP,15m,2H,0.01,0.03,0.015,148.0,0.097,-99.934,189,60,129,31.746,99.937,0.142,-5.481,6566,4.57,-96.91,0.1,-97.88,,
BTC-USDT-SWAP,15m,2H,0.01,0.03,0.02,148.0,0.049,-99.967,189,60,129,31.746,99.969,0.14,-5.483,6566,3.81,-97.43,0.05,-98.73,,
BTC-USDT-SWAP,15m,2H,0.01,0.03,0.025,148.0,0.04,-99.973,189,60,129,31.746,99.974,0.161,-5.483,6566,4.21,-97.15,0.04,-99.04,,
BTC-USDT-SWAP,15m,2H,0.01,0.03,0.03,148.0,0.035,-99.976,189,60,129,31.746,99.978,0.167,-5.483,6566,4.53,-96.94,0.03,-99.23,,
BTC-USDT-SWAP,30m,4H,0.001,0.004,0.005,148.0,0.011,-99.993,813,464,349,57.073,99.993,0.43,-5.474,3289,5.47,-96.3,0.01,-99.73,0.01,-24.58
BTC-USDT-SWAP,30m,4H,0.001,0.004,0.008,148.0,0.208,-99.859,813,525,288,64.576,99.859,0.548,-5.467,3289,16.69,-88.72,0.25,-98.47,0.21,-18.33
BTC-USDT-SWAP,30m,4H,0.001,0.004,0.01,148.0,0.564,-99.619,813,543,270,66.79,99.628,0.64,-5.454,3289,37.29,-74.8,0.66,-98.24,0.56,-14.19
BTC-USDT-SWAP,30m,4H,0.001,0.004,0.015,148.0,2.685,-98.186,813,562,251,69.127,98.983,0.782,-5.375,3289,103.01,-30.4,3.13,-96.96,2.68,-14.19
BTC-USDT-SWAP,30m,4H,0.001,0.004,0.02,148.0,8.378,-94.339,813,571,242,70.234,98.095,0.875,-5.165,3289,234.47,58.42,9.76,-95.84,8.38,-14.19
BTC-USDT-SWAP,30m,4H,0.001,0.004,0.025,148.0,46.709,-68.44,813,578,235,71.095,91.092,0.941,-3.747,3289,279.57,88.9,54.43,-80.53,46.71,-14.19
BTC-USDT-SWAP,30m,4H,0.001,0.004,0.03,148.0,58.263,-60.633,813,579,234,71.218,88.405,0.951,-3.319,3289,267.93,81.03,67.9,-74.66,58.26,-14.19
BTC-USDT-SWAP,30m,4H,0.001,0.006,0.005,148.0,0.001,-100.0,813,344,469,42.312,100.0,0.418,-5.474,3289,1.42,-99.04,0.0,-99.94,0.0,-23.11
BTC-USDT-SWAP,30m,4H,0.001,0.006,0.008,148.0,0.004,-99.997,813,394,419,48.462,99.997,0.527,-5.474,3289,3.72,-97.49,0.01,-99.86,0.0,-15.34
BTC-USDT-SWAP,30m,4H,0.001,0.006,0.01,148.0,0.007,-99.995,813,408,405,50.185,99.996,0.596,-5.474,3289,4.61,-96.89,0.01,-99.82,0.01,-11.05
BTC-USDT-SWAP,30m,4H,0.001,0.006,0.015,148.0,0.04,-99.973,813,426,387,52.399,99.982,0.686,-5.473,3289,10.55,-92.87,0.04,-99.57,0.04,-11.05
BTC-USDT-SWAP,30m,4H,0.001,0.006,0.02,148.0,0.098,-99.934,813,434,379,53.383,99.963,0.762,-5.471,3289,22.16,-85.03,0.11,-99.5,0.1,-11.05
BTC-USDT-SWAP,30m,4H,0.001,0.006,0.025,148.0,0.385,-99.74,813,439,374,53.998,99.844,0.772,-5.46,3289,18.21,-87.7,0.43,-97.62,0.38,-11.05
BTC-USDT-SWAP,30m,4H,0.001,0.006,0.03,148.0,0.468,-99.684,813,440,373,54.121,99.796,0.772,-5.457,3289,17.91,-87.9,0.53,-97.06,0.47,-11.05
BTC-USDT-SWAP,30m,4H,0.001,0.008,0.005,148.0,0.0,-100.0,813,284,529,34.932,100.0,0.447,-5.474,3289,0.78,-99.47,0.0,-99.99,0.0,-21.85
BTC-USDT-SWAP,30m,4H,0.001,0.008,0.008,148.0,0.0,-100.0,813,328,485,40.344,100.0,0.553,-5.474,3289,1.38,-99.06,0.0,-99.98,0.0,-12.29
BTC-USDT-SWAP,30m,4H,0.001,0.008,0.01,148.0,0.0,-100.0,813,341,472,41.943,100.0,0.629,-5.474,3289,1.52,-98.97,0.0,-99.98,0.0,-7.85
BTC-USDT-SWAP,30m,4H,0.001,0.008,0.015,148.0,0.001,-100.0,813,354,459,43.542,100.0,0.681,-5.474,3289,3.34,-97.74,0.0,-99.98,0.0,-7.85
BTC-USDT-SWAP,30m,4H,0.001,0.008,0.02,148.0,0.001,-100.0,813,359,454,44.157,100.0,0.665,-5.474,3289,3.65,-97.53,0.0,-99.98,0.0,-7.85
BTC-USDT-SWAP,30m,4H,0.001,0.008,0.025,148.0,0.001,-99.999,813,362,451,44.526,100.0,0.657,-5.474,3289,2.46,-98.34,0.0,-99.96,0.0,-7.85
BTC-USDT-SWAP,30m,4H,0.001,0.008,0.03,148.0,0.001,-99.999,813,363,450,44.649,99.999,0.655,-5.474,3289,2.27,-98.46,0.0,-99.94,0.0,-7.85
BTC-USDT-SWAP,30m,4H,0.001,0.01,0.005,148.0,0.0,-100.0,813,254,559,31.242,100.0,0.456,-5.474,3289,0.45,-99.69,0.0,-100.0,0.0,-20.37
BTC-USDT-SWAP,30m,4H,0.001,0.01,0.008,148.0,0.0,-100.0,813,295,518,36.285,100.0,0.573,-5.474,3289,0.92,-99.38,0.0,-99.99,0.0,-13.79
BTC-USDT-SWAP,30m,4H,0.001,0.01,0.01,148.0,0.0,-100.0,813,309,504,38.007,100.0,0.655,-5.474,3289,1.3,-99.12,0.0,-100.0,0.0,-9.42
BTC-USDT-SWAP,30m,4H,0.001,0.01,0.015,148.0,0.0,-100.0,813,319,494,39.237,100.0,0.681,-5.474,3289,2.03,-98.63,0.0,-100.0,0.0,-9.42
BTC-USDT-SWAP,30m,4H,0.001,0.01,0.02,148.0,0.0,-100.0,813,322,491,39.606,100.0,0.649,-5.474,3289,1.69,-98.86,0.0,-100.0,0.0,-9.42
BTC-USDT-SWAP,30m,4H,0.001,0.01,0.025,148.0,0.0,-100.0,813,324,489,39.852,100.0,0.646,-5.474,3289,1.05,-99.29,0.0,-100.0,0.0,-9.42
BTC-USDT-SWAP,30m,4H,0.001,0.01,0.03,148.0,0.0,-100.0,813,325,488,39.975,100.0,0.645,-5.474,3289,0.9,-99.39,0.0,-100.0,0.0,-9.42
BTC-USDT-SWAP,30m,4H,0.001,0.012,0.005,148.0,0.0,-100.0,813,235,578,28.905,100.0,0.464,-5.474,3289,0.22,-99.85,0.0,-100.0,0.0,-18.89
BTC-USDT-SWAP,30m,4H,0.001,0.012,0.008,148.0,0.0,-100.0,813,270,543,33.21,100.0,0.512,-5.474,3289,0.23,-99.85,0.0,-100.0,0.0,-12.18
BTC-USDT-SWAP,30m,4H,0.001,0.012,0.01,148.0,0.0,-100.0,813,280,533,34.44,100.0,0.476,-5.474,3289,0.13,-99.91,0.0,-100.0,0.0,-7.74
BTC-USDT-SWAP,30m,4H,0.001,0.012,0.015,148.0,0.0,-100.0,813,289,524,35.547,100.0,0.492,-5.474,3289,0.18,-99.88,0.0,-100.0,0.0,-7.74
BTC-USDT-SWAP,30m,4H,0.001,0.012,0.02,148.0,0.0,-100.0,813,292,521,35.916,100.0,0.465,-5.474,3289,0.14,-99.91,0.0,-100.0,0.0,-7.74
BTC-USDT-SWAP,30m,4H,0.001,0.012,0.025,148.0,0.0,-100.0,813,294,519,36.162,100.0,0.472,-5.474,3289,0.09,-99.94,0.0,-100.0,0.0,-7.74
BTC-USDT-SWAP,30m,4H,0.001,0.012,0.03,148.0,0.0,-100.0,813,294,519,36.162,100.0,0.473,-5.474,3289,0.08,-99.95,0.0,-100.0,0.0,-7.74
BTC-USDT-SWAP,30m,4H,0.001,0.015,0.005,148.0,0.0,-100.0,813,218,595,26.814,100.0,0.429,-5.474,3289,0.09,-99.94,0.0,-100.0,0.0,-16.67
BTC-USDT-SWAP,30m,4H,0.001,0.015,0.008,148.0,0.0,-100.0,813,249,564,30.627,100.0,0.458,-5.474,3289,0.09,-99.94,0.0,-100.0,0.0,-9.78
BTC-USDT-SWAP,30m,4H,0.001,0.015,0.01,148.0,0.0,-100.0,813,258,555,31.734,100.0,0.426,-5.474,3289,0.05,-99.97,0.0,-100.0,0.0,-5.22
BTC-USDT-SWAP,30m,4H,0.001,0.015,0.015,148.0,0.0,-100.0,813,268,545,32.964,100.0,0.49,-5.474,3289,0.08,-99.94,0.0,-100.0,0.0,-5.22
BTC-USDT-SWAP,30m,4H,0.001,0.015,0.02,148.0,0.0,-100.0,813,271,542,33.333,100.0,0.464,-5.474,3289,0.07,-99.95,0.0,-100.0,0.0,-5.22
BTC-USDT-SWAP,30m,4H,0.001,0.015,0.025,148.0,0.0,-100.0,813,273,540,33.579,100.0,0.472,-5.474,3289,0.05,-99.97,0.0,-100.0,0.0,-5.22
BTC-USDT-SWAP,30m,4H,0.001,0.015,0.03,148.0,0.0,-100.0,813,273,540,33.579,100.0,0.473,-5.474,3289,0.04,-99.97,0.0,-100.0,0.0,-5.22
BTC-USDT-SWAP,30m,4H,0.001,0.02,0.005,148.0,0.0,-100.0,813,213,600,26.199,100.0,0.472,-5.474,3289,0.08,-99.95,0.0,-100.0,0.0,-22.08
BTC-USDT-SWAP,30m,4H,0.001,0.02,0.008,148.0,0.0,-100.0,813,241,572,29.643,100.0,0.479,-5.474,3289,0.05,-99.97,0.0,-100.0,0.0,-15.64
BTC-USDT-SWAP,30m,4H,0.001,0.02,0.01,148.0,0.0,-100.0,813,250,563,30.75,100.0,0.455,-5.474,3289,0.03,-99.98,0.0,-100.0,0.0,-11.37
BTC-USDT-SWAP,30m,4H,0.001,0.02,0.015,148.0,0.0,-100.0,813,258,555,31.734,100.0,0.484,-5.474,3289,0.04,-99.98,0.0,-100.0,0.0,-11.37
BTC-USDT-SWAP,30m,4H,0.001,0.02,0.02,148.0,0.0,-100.0,813,260,553,31.98,100.0,0.464,-5.474,3289,0.02,-99.99,0.0,-100.0,0.0,-11.37
BTC-USDT-SWAP,30m,4H,0.001,0.02,0.025,148.0,0.0,-100.0,813,262,551,32.226,100.0,0.475,-5.474,3289,0.02,-99.99,0.0,-100.0,0.0,-11.37
BTC-USDT-SWAP,30m,4H,0.001,0.02,0.03,148.0,0.0,-100.0,813,262,551,32.226,100.0,0.476,-5.474,3289,0.01,-99.99,0.0,-100.0,0.0,-11.37
BTC-USDT-SWAP,30m,4H,0.001,0.03,0.005,148.0,0.0,-100.0,813,210,603,25.83,100.0,0.294,-5.474,3289,0.05,-99.97,0.0,-100.0,0.0,-22.08
BTC-USDT-SWAP,30m,4H,0.001,0.03,0.008,148.0,0.0,-100.0,813,238,575,29.274,100.0,0.33,-5.474,3289,0.04,-99.97,0.0,-100.0,0.0,-15.64
BTC-USDT-SWAP,30m,4H,0.001,0.03,0.01,148.0,0.0,-100.0,813,247,566,30.381,100.0,0.298,-5.474,3289,0.03,-99.98,0.0,-100.0,0.0,-11.37
BTC-USDT-SWAP,30m,4H,0.001,0.03,0.015,148.0,0.0,-100.0,813,253,560,31.119,100.0,0.334,-5.474,3289,0.02,-99.98,0.0,-100.0,0.0,-11.37
BTC-USDT-SWAP,30m,4H,0.001,0.03,0.02,148.0,0.0,-100.0,813,255,558,31.365,100.0,0.31,-5.474,3289,0.01,-99.99,0.0,-100.0,0.0,-11.37
BTC-USDT-SWAP,30m,4H,0.001,0.03,0.025,148.0,0.0,-100.0,813,256,557,31.488,100.0,0.319,-5.474,3289,0.01,-99.99,0.0,-100.0,0.0,-11.37
BTC-USDT-SWAP,30m,4H,0.001,0.03,0.03,148.0,0.0,-100.0,813,256,557,31.488,100.0,0.318,-5.474,3289,0.01,-100.0,0.0,-100.0,0.0,-11.37
BTC-USDT-SWAP,30m,4H,0.002,0.004,0.005,148.0,0.148,-99.9,663,392,271,59.125,99.907,0.505,-5.469,3289,11.59,-92.17,0.16,-98.6,0.15,-8.81
BTC-USDT-SWAP,30m,4H,0.002,0.004,0.008,148.0,1.687,-98.86,663,442,221,66.667,99.046,0.686,-5.412,3289,48.22,-67.42,1.75,-96.38,1.69,-3.38
BTC-USDT-SWAP,30m,4H,0.002,0.004,0.01,148.0,5.59,-96.223,663,459,204,69.231,97.355,0.805,-5.268,3289,148.28,0.19,5.79,-96.1,5.59,-3.38
BTC-USDT-SWAP,30m,4H,0.002,0.004,0.015,148.0,28.884,-80.484,663,479,184,72.247,95.806,0.926,-4.406,3289,411.35,177.94,29.89,-92.73,28.88,-3.38
BTC-USDT-SWAP,30m,4H,0.002,0.004,0.02,148.0,290.799,96.486,663,492,171,74.208,84.422,1.045,5.282,3289,595.04,302.05,300.97,-49.42,290.8,-3.38
BTC-USDT-SWAP,30m,4H,0.002,0.004,0.025,148.0,359.807,143.113,663,494,169,74.51,82.005,1.059,7.835,3289,637.37,330.65,372.4,-41.57,359.81,-3.38
BTC-USDT-SWAP,30m,4H,0.002,0.004,0.03,148.0,423.41,186.088,663,495,168,74.661,76.578,1.074,10.187,3289,576.26,289.36,438.22,-23.95,423.41,-3.38
BTC-USDT-SWAP,30m,4H,0.002,0.006,0.005,148.0,0.014,-99.991,663,289,374,43.59,99.991,0.507,-5.474,3289,6.06,-95.9,0.02,-99.71,0.01,-18.86
BTC-USDT-SWAP,30m,4H,0.002,0.006,0.008,148.0,0.099,-99.933,663,332,331,50.075,99.944,0.687,-5.471,3289,23.24,-84.3,0.1,-99.56,0.1,-3.83
BTC-USDT-SWAP,30m,4H,0.002,0.006,0.01,148.0,0.558,-99.623,663,351,312,52.941,99.698,0.825,-5.454,3289,98.31,-33.57,0.58,-99.41,0.56,-3.83
BTC-USDT-SWAP,30m,4H,0.002,0.006,0.015,148.0,2.176,-98.53,663,370,293,55.807,99.459,0.921,-5.394,3289,251.37,69.84,2.26,-99.1,2.18,-3.83
BTC-USDT-SWAP,30m,4H,0.002,0.006,0.02,148.0,19.579,-86.771,663,381,282,57.466,97.295,0.961,-4.75,3289,449.32,203.6,20.36,-95.47,19.58,-3.83
BTC-USDT-SWAP,30m,4H,0.002,0.006,0.025,148.0,32.131,-78.29,663,384,279,57.919,96.197,0.974,-4.286,3289,490.72,231.57,33.41,-93.19,32.13,-3.83
BTC-USDT-SWAP,30m,4H,0.002,0.006,0.03,148.0,36.48,-75.351,663,385,278,58.069,96.008,0.976,-4.125,3289,443.67,199.78,37.93,-91.45,36.48,-3.83
BTC-USDT-SWAP,30m,4H,0.002,0.008,0.005,148.0,0.004,-99.998,663,240,423,36.199,99.998,0.478,-5.474,3289,3.39,-97.71,0.0,-99.87,0.0,-17.3
BTC-USDT-SWAP,30m,4H,0.002,0.008,0.008,148.0,0.008,-99.995,663,272,391,41.026,99.996,0.624,-5.474,3289,6.49,-95.61,0.01,-99.88,0.01,-0.09
BTC-USDT-SWAP,30m,4H,0.002,0.008,0.01,148.0,0.025,-99.983,663,287,376,43.288,99.988,0.716,-5.474,3289,17.44,-88.22,0.03,-99.85,0.03,-0.09
BTC-USDT-SWAP,30m,4H,0.002,0.008,0.015,148.0,0.051,-99.965,663,302,361,45.551,99.981,0.787,-5.473,3289,27.11,-81.68,0.05,-99.81,0.05,-0.09
BTC-USDT-SWAP,30m,4H,0.002,0.008,0.02,148.0,0.307,-99.793,663,311,352,46.908,99.896,0.802,-5.463,3289,32.61,-77.96,0.31,-99.06,0.31,-0.09
BTC-USDT-SWAP,30m,4H,0.002,0.008,0.025,148.0,0.31,-99.791,663,311,352,46.908,99.895,0.787,-5.463,3289,25.64,-82.68,0.31,-98.79,0.31,-0.09
BTC-USDT-SWAP,30m,4H,0.002,0.008,0.03,148.0,0.366,-99.752,663,312,351,47.059,99.876,0.789,-5.461,3289,20.55,-86.12,0.37,-98.22,0.37,-0.09
BTC-USDT-SWAP,30m,4H,0.002,0.01,0.005,148.0,0.0,-100.0,663,208,455,31.373,100.0,0.496,-5.474,3289,1.51,-98.98,0.0,-99.96,0.0,-15.74
BTC-USDT-SWAP,30m,4H,0.002,0.01,0.008,148.0,0.001,-100.0,663,238,425,35.897,100.0,0.629,-5.474,3289,2.45,-98.35,0.0,-99.98,0.0,-0.84
BTC-USDT-SWAP,30m,4H,0.002,0.01,0.01,148.0,0.002,-99.998,663,254,409,38.311,99.999,0.713,-5.474,3289,7.63,-94.84,0.0,-99.97,0.0,-0.84
BTC-USDT-SWAP,30m,4H,0.002,0.01,0.015,148.0,0.002,-99.999,663,266,397,40.121,99.999,0.764,-5.474,3289,9.49,-93.59,0.0,-99.98,0.0,-0.84
BTC-USDT-SWAP,30m,4H,0.002,0.01,0.02,148.0,0.003,-99.998,663,271,392,40.875,99.999,0.74,-5.474,3289,9.22,-93.77,0.0,-99.97,0.0,-0.84
BTC-USDT-SWAP,30m,4H,0.002,0.01,0.025,148.0,0.002,-99.999,663,271,392,40.875,99.999,0.715,-5.474,3289,6.37,-95.69,0.0,-99.97,0.0,-0.84
BTC-USDT-SWAP,30m,4H,0.002,0.01,0.03,148.0,0.002,-99.999,663,272,391,41.026,99.999,0.715,-5.474,3289,4.87,-96.71,0.0,-99.97,0.0,-0.84
BTC-USDT-SWAP,30m,4H,0.002,0.012,0.005,148.0,0.0,-100.0,663,187,476,28.205,100.0,0.52,-5.474,3289,0.73,-99.51,0.0,-99.99,0.0,-14.18
BTC-USDT-SWAP,30m,4H,0.002,0.012,0.008,148.0,0.0,-100.0,663,212,451,31.976,100.0,0.588,-5.474,3289,0.67,-99.54,0.0,-99.99,0.0,1.0
BTC-USDT-SWAP,30m,4H,0.002,0.012,0.01,148.0,0.0,-100.0,663,227,436,34.238,100.0,0.667,-5.474,3289,1.68,-98.86,0.0,-99.99,0.0,1.0
BTC-USDT-SWAP,30m,4H,0.002,0.012,0.015,148.0,0.0,-100.0,663,236,427,35.596,100.0,0.686,-5.474,3289,1.24,-99.16,0.0,-99.99,0.0,1.0
BTC-USDT-SWAP,30m,4H,0.002,0.012,0.02,148.0,0.0,-100.0,663,241,422,36.35,100.0,0.668,-5.474,3289,1.08,-99.27,0.0,-99.99,0.0,1.0
BTC-USDT-SWAP,30m,4H,0.002,0.012,0.025,148.0,0.0,-100.0,663,241,422,36.35,100.0,0.653,-5.474,3289,0.77,-99.48,0.0,-99.99,0.0,1.0
BTC-USDT-SWAP,30m,4H,0.002,0.012,0.03,148.0,0.0,-100.0,663,241,422,36.35,100.0,0.657,-5.474,3289,0.59,-99.6,0.0,-99.99,0.0,1.0
BTC-USDT-SWAP,30m,4H,0.002,0.015,0.005,148.0,0.0,-100.0,663,172,491,25.943,100.0,0.499,-5.474,3289,0.4,-99.73,0.0,-100.0,0.0,-11.83
BTC-USDT-SWAP,30m,4H,0.002,0.015,0.008,148.0,0.0,-100.0,663,193,470,29.11,100.0,0.52,-5.474,3289,0.31,-99.79,0.0,-100.0,0.0,3.76
BTC-USDT-SWAP,30m,4H,0.002,0.015,0.01,148.0,0.0,-100.0,663,207,456,31.222,100.0,0.537,-5.474,3289,0.56,-99.62,0.0,-100.0,0.0,3.76
BTC-USDT-SWAP,30m,4H,0.002,0.015,0.015,148.0,0.0,-100.0,663,216,447,32.579,100.0,0.576,-5.474,3289,0.41,-99.73,0.0,-100.0,0.0,3.76
BTC-USDT-SWAP,30m,4H,0.002,0.015,0.02,148.0,0.0,-100.0,663,220,443,33.183,100.0,0.572,-5.474,3289,0.45,-99.7,0.0,-100.0,0.0,3.76
BTC-USDT-SWAP,30m,4H,0.002,0.015,0.025,148.0,0.0,-100.0,663,220,443,33.183,100.0,0.557,-5.474,3289,0.32,-99.79,0.0,-100.0,0.0,3.76
BTC-USDT-SWAP,30m,4H,0.002,0.015,0.03,148.0,0.0,-100.0,663,220,443,33.183,100.0,0.562,-5.474,3289,0.24,-99.84,0.0,-100.0,0.0,3.76
BTC-USDT-SWAP,30m,4H,0.002,0.02,0.005,148.0,0.0,-100.0,663,166,497,25.038,100.0,0.512,-5.474,3289,0.3,-99.8,0.0,-100.0,0.0,-16.99
BTC-USDT-SWAP,30m,4H,0.002,0.02,0.008,148.0,0.0,-100.0,663,184,479,27.753,100.0,0.485,-5.474,3289,0.18,-99.88,0.0,-100.0,0.0,-2.31
BTC-USDT-SWAP,30m,4H,0.002,0.02,0.01,148.0,0.0,-100.0,663,198,465,29.864,100.0,0.507,-5.474,3289,0.34,-99.77,0.0,-100.0,0.0,-2.31
BTC-USDT-SWAP,30m,4H,0.002,0.02,0.015,148.0,0.0,-100.0,663,204,459,30.769,100.0,0.521,-5.474,3289,0.17,-99.88,0.0,-100.0,0.0,-2.31
BTC-USDT-SWAP,30m,4H,0.002,0.02,0.02,148.0,0.0,-100.0,663,207,456,31.222,100.0,0.513,-5.474,3289,0.14,-99.91,0.0,-100.0,0.0,-2.31
BTC-USDT-SWAP,30m,4H,0.002,0.02,0.025,148.0,0.0,-100.0,663,207,456,31.222,100.0,0.507,-5.474,3289,0.11,-99.93,0.0,-100.0,0.0,-2.31
BTC-USDT-SWAP,30m,4H,0.002,0.02,0.03,148.0,0.0,-100.0,663,207,456,31.222,100.0,0.512,-5.474,3289,0.08,-99.94,0.0,-100.0,0.0,-2.31
BTC-USDT-SWAP,30m,4H,0.002,0.03,0.005,148.0,0.0,-100.0,663,164,499,24.736,100.0,0.553,-5.474,3289,0.33,-99.78,0.0,-100.0,0.0,-16.99
BTC-USDT-SWAP,30m,4H,0.002,0.03,0.008,148.0,0.0,-100.0,663,181,482,27.3,100.0,0.525,-5.474,3289,0.2,-99.87,0.0,-100.0,0.0,-2.31
BTC-USDT-SWAP,30m,4H,0.002,0.03,0.01,148.0,0.0,-100.0,663,193,470,29.11,100.0,0.514,-5.474,3289,0.3,-99.8,0.0,-100.0,0.0,-2.31
BTC-USDT-SWAP,30m,4H,0.002,0.03,0.015,148.0,0.0,-100.0,663,199,464,30.015,100.0,0.516,-5.474,3289,0.14,-99.9,0.0,-100.0,0.0,-2.31
BTC-USDT-SWAP,30m,4H,0.002,0.03,0.02,148.0,0.0,-100.0,663,201,462,30.317,100.0,0.509,-5.474,3289,0.11,-99.93,0.0,-100.0,0.0,-2.31
BTC-USDT-SWAP,30m,4H,0.002,0.03,0.025,148.0,0.0,-100.0,663,201,462,30.317,100.0,0.501,-5.474,3289,0.08,-99.95,0.0,-100.0,0.0,-2.31
BTC-USDT-SWAP,30m,4H,0.002,0.03,0.03,148.0,0.0,-100.0,663,201,462,30.317,100.0,0.502,-5.474,3289,0.05,-99.96,0.0,-100.0,0.0,-2.31
BTC-USDT-SWAP,30m,4H,0.003,0.004,0.005,148.0,1.108,-99.251,541,338,203,62.477,99.255,0.5,-5.433,3289,19.33,-86.94,1.19,-93.85,1.11,-6.84
BTC-USDT-SWAP,30m,4H,0.003,0.004,0.008,148.0,6.648,-95.508,541,380,161,70.24,95.789,0.686,-5.229,3289,73.42,-50.39,6.87,-90.64,6.65,-3.28
BTC-USDT-SWAP,30m,4H,0.003,0.004,0.01,148.0,22.258,-84.961,541,397,144,73.383,89.566,0.821,-4.651,3289,163.44,10.44,23.01,-85.92,22.26,-3.28
BTC-USDT-SWAP,30m,4H,0.003,0.004,0.015,148.0,114.493,-22.64,541,415,126,76.71,84.796,0.982,-1.239,3289,555.51,275.35,118.37,-78.69,114.49,-3.28
BTC-USDT-SWAP,30m,4H,0.003,0.004,0.02,148.0,734.279,396.135,541,426,115,78.743,55.267,1.149,21.686,3289,740.92,400.62,759.17,2.46,734.28,-3.28
BTC-USDT-SWAP,30m,4H,0.003,0.004,0.025,148.0,736.487,397.626,541,427,114,78.928,55.267,1.131,21.768,3289,906.79,512.69,761.45,-16.03,736.49,-3.28
BTC-USDT-SWAP,30m,4H,0.003,0.004,0.03,148.0,1870.903,1164.123,541,430,111,79.482,55.267,1.184,63.729,3289,1267.02,756.09,1934.32,52.67,1870.9,-3.28
BTC-USDT-SWAP,30m,4H,0.003,0.006,0.005,148.0,0.492,-99.667,541,263,278,48.614,99.682,0.611,-5.456,3289,27.45,-81.45,0.51,-98.15,0.49,-3.15
BTC-USDT-SWAP,30m,4H,0.003,0.006,0.008,148.0,2.245,-98.483,541,300,241,55.453,98.548,0.724,-5.391,3289,66.94,-54.77,2.23,-96.66,2.25,0.55
BTC-USDT-SWAP,30m,4H,0.003,0.006,0.01,148.0,7.978,-94.61,541,316,225,58.41,95.659,0.832,-5.179,3289,142.45,-3.75,7.93,-94.43,7.98,0.55
BTC-USDT-SWAP,30m,4H,0.003,0.006,0.015,148.0,31.068,-79.008,541,331,210,61.183,93.904,0.937,-4.325,3289,380.41,157.03,30.9,-91.88,31.07,0.55
BTC-USDT-SWAP,30m,4H,0.003,0.006,0.02,148.0,243.116,64.268,541,342,199,63.216,80.684,1.023,3.518,3289,493.79,233.64,241.78,-51.04,243.12,0.55
BTC-USDT-SWAP,30m,4H,0.003,0.006,0.025,148.0,218.674,47.753,541,343,198,63.401,80.684,1.016,2.614,3289,579.22,291.37,217.47,-62.45,218.67,0.55
BTC-USDT-SWAP,30m,4H,0.003,0.006,0.03,148.0,563.251,280.575,541,346,195,63.956,80.684,1.047,15.36,3289,766.22,417.72,560.16,-26.89,563.25,0.55
BTC-USDT-SWAP,30m,4H,0.003,0.008,0.005,148.0,0.016,-99.989,541,202,339,37.338,99.989,0.503,-5.474,3289,7.74,-94.77,0.02,-99.77,0.02,-12.01
BTC-USDT-SWAP,30m,4H,0.003,0.008,0.008,148.0,0.049,-99.967,541,235,306,43.438,99.971,0.592,-5.473,3289,10.89,-92.64,0.05,-99.57,0.05,4.16
BTC-USDT-SWAP,30m,4H,0.003,0.008,0.01,148.0,0.209,-99.859,541,253,288,46.765,99.89,0.705,-5.467,3289,26.06,-82.4,0.2,-99.23,0.21,4.16
BTC-USDT-SWAP,30m,4H,0.003,0.008,0.015,148.0,0.731,-99.506,541,267,274,49.353,99.754,0.844,-5.447,3289,74.81,-49.45,0.7,-99.06,0.73,4.16
BTC-USDT-SWAP,30m,4H,0.003,0.008,0.02,148.0,5.531,-96.263,541,277,264,51.201,98.56,0.893,-5.27,3289,95.52,-35.46,5.31,-94.44,5.53,4.16
BTC-USDT-SWAP,30m,4H,0.003,0.008,0.025,148.0,4.651,-96.858,541,277,264,51.201,98.779,0.892,-5.302,3289,94.24,-36.32,4.46,-95.26,4.65,4.16
BTC-USDT-SWAP,30m,4H,0.003,0.008,0.03,148.0,7.853,-94.694,541,279,262,51.571,97.859,0.913,-5.184,3289,110.2,-25.54,7.54,-93.16,7.85,4.16
BTC-USDT-SWAP,30m,4H,0.003,0.01,0.005,148.0,0.003,-99.998,541,176,365,32.532,99.998,0.407,-5.474,3289,2.16,-98.54,0.0,-99.85,0.0,-10.35
BTC-USDT-SWAP,30m,4H,0.003,0.01,0.008,148.0,0.006,-99.996,541,207,334,38.262,99.997,0.533,-5.474,3289,2.76,-98.13,0.01,-99.79,0.01,8.13
BTC-USDT-SWAP,30m,4H,0.003,0.01,0.01,148.0,0.026,-99.982,541,223,318,41.22,99.988,0.632,-5.473,3289,7.37,-95.02,0.02,-99.67,0.03,8.13
BTC-USDT-SWAP,30m,4H,0.003,0.01,0.015,148.0,0.025,-99.983,541,231,310,42.699,99.991,0.685,-5.474,3289,6.98,-95.28,0.02,-99.67,0.03,8.13
BTC-USDT-SWAP,30m,4H,0.003,0.01,0.02,148.0,0.074,-99.95,541,238,303,43.993,99.977,0.674,-5.472,3289,7.31,-95.06,0.07,-99.06,0.07,8.13
BTC-USDT-SWAP,30m,4H,0.003,0.01,0.025,148.0,0.039,-99.974,541,238,303,43.993,99.988,0.657,-5.473,3289,5.91,-96.01,0.04,-99.39,0.04,8.13
BTC-USDT-SWAP,30m,4H,0.003,0.01,0.03,148.0,0.091,-99.938,541,240,301,44.362,99.971,0.682,-5.471,3289,8.03,-94.57,0.08,-98.95,0.09,8.13
BTC-USDT-SWAP,30m,4H,0.003,0.012,0.005,148.0,0.001,-99.999,541,161,380,29.76,99.999,0.412,-5.474,3289,1.65,-98.89,0.0,-99.93,0.0,-8.69
BTC-USDT-SWAP,30m,4H,0.003,0.012,0.008,148.0,0.002,-99.999,541,190,351,35.12,99.999,0.566,-5.474,3289,2.54,-98.28,0.0,-99.93,0.0,6.31
BTC-USDT-SWAP,30m,4H,0.003,0.012,0.01,148.0,0.005,-99.997,541,203,338,37.523,99.998,0.637,-5.474,3289,5.4,-96.35,0.0,-99.92,0.0,6.31
BTC-USDT-SWAP,30m,4H,0.003,0.012,0.015,148.0,0.003,-99.998,541,209,332,38.632,99.999,0.683,-5.474,3289,4.28,-97.11,0.0,-99.93,0.0,6.31
BTC-USDT-SWAP,30m,4H,0.003,0.012,0.02,148.0,0.005,-99.996,541,214,327,39.556,99.998,0.668,-5.474,3289,4.1,-97.23,0.0,-99.88,0.01,6.31
BTC-USDT-SWAP,30m,4H,0.003,0.012,0.025,148.0,0.002,-99.999,541,214,327,39.556,99.999,0.657,-5.474,3289,3.1,-97.91,0.0,-99.94,0.0,6.31
BTC-USDT-SWAP,30m,4H,0.003,0.012,0.03,148.0,0.004,-99.997,541,216,325,39.926,99.998,0.666,-5.474,3289,4.0,-97.3,0.0,-99.91,0.0,6.31
BTC-USDT-SWAP,30m,4H,0.003,0.015,0.005,148.0,0.0,-100.0,541,146,395,26.987,100.0,0.364,-5.474,3289,0.71,-99.52,0.0,-99.97,0.0,-6.2
BTC-USDT-SWAP,30m,4H,0.003,0.015,0.008,148.0,0.0,-100.0,541,169,372,31.238,100.0,0.31,-5.474,3289,0.42,-99.72,0.0,-99.98,0.0,9.21
BTC-USDT-SWAP,30m,4H,0.003,0.015,0.01,148.0,0.0,-100.0,541,181,360,33.457,100.0,0.374,-5.474,3289,0.62,-99.58,0.0,-99.97,0.0,9.21
BTC-USDT-SWAP,30m,4H,0.003,0.015,0.015,148.0,0.0,-100.0,541,188,353,34.75,100.0,0.481,-5.474,3289,0.62,-99.58,0.0,-99.97,0.0,9.21
BTC-USDT-SWAP,30m,4H,0.003,0.015,0.02,148.0,0.0,-100.0,541,192,349,35.49,100.0,0.475,-5.474,3289,0.64,-99.57,0.0,-99.96,0.0,9.21
BTC-USDT-SWAP,30m,4H,0.003,0.015,0.025,148.0,0.0,-100.0,541,192,349,35.49,100.0,0.47,-5.474,3289,0.49,-99.67,0.0,-99.98,0.0,9.21
BTC-USDT-SWAP,30m,4H,0.003,0.015,0.03,148.0,0.0,-100.0,541,193,348,35.675,100.0,0.475,-5.474,3289,0.65,-99.56,0.0,-99.98,0.0,9.21
BTC-USDT-SWAP,30m,4H,0.003,0.02,0.005,148.0,0.0,-100.0,541,135,406,24.954,100.0,0.327,-5.474,3289,0.45,-99.7,0.0,-99.99,0.0,-10.84
BTC-USDT-SWAP,30m,4H,0.003,0.02,0.008,148.0,0.0,-100.0,541,158,383,29.205,100.0,0.291,-5.474,3289,0.29,-99.81,0.0,-99.99,0.0,3.8
BTC-USDT-SWAP,30m,4H,0.003,0.02,0.01,148.0,0.0,-100.0,541,168,373,31.054,100.0,0.377,-5.474,3289,0.45,-99.7,0.0,-100.0,0.0,3.8
BTC-USDT-SWAP,30m,4H,0.003,0.02,0.015,148.0,0.0,-100.0,541,174,367,32.163,100.0,0.453,-5.474,3289,0.32,-99.79,0.0,-100.0,0.0,3.8
BTC-USDT-SWAP,30m,4H,0.003,0.02,0.02,148.0,0.0,-100.0,541,177,364,32.717,100.0,0.442,-5.474,3289,0.24,-99.84,0.0,-99.99,0.0,3.8
BTC-USDT-SWAP,30m,4H,0.003,0.02,0.025,148.0,0.0,-100.0,541,177,364,32.717,100.0,0.453,-5.474,3289,0.2,-99.86,0.0,-100.0,0.0,3.8
BTC-USDT-SWAP,30m,4H,0.003,0.02,0.03,148.0,0.0,-100.0,541,177,364,32.717,100.0,0.454,-5.474,3289,0.24,-99.84,0.0,-100.0,0.0,3.8
BTC-USDT-SWAP,30m,4H,0.003,0.03,0.005,148.0,0.0,-100.0,541,134,407,24.769,100.0,0.355,-5.474,3289,0.47,-99.68,0.0,-100.0,0.0,-10.84
BTC-USDT-SWAP,30m,4H,0.003,0.03,0.008,148.0,0.0,-100.0,541,156,385,28.835,100.0,0.276,-5.474,3289,0.26,-99.82,0.0,-100.0,0.0,3.8
BTC-USDT-SWAP,30m,4H,0.003,0.03,0.01,148.0,0.0,-100.0,541,164,377,30.314,100.0,0.3,-5.474,3289,0.29,-99.8,0.0,-100.0,0.0,3.8
BTC-USDT-SWAP,30m,4H,0.003,0.03,0.015,148.0,0.0,-100.0,541,170,371,31.423,100.0,0.303,-5.474,3289,0.17,-99.89,0.0,-100.0,0.0,3.8
BTC-USDT-SWAP,30m,4H,0.003,0.03,0.02,148.0,0.0,-100.0,541,173,368,31.978,100.0,0.293,-5.474,3289,0.12,-99.92,0.0,-100.0,0.0,3.8
BTC-USDT-SWAP,30m,4H,0.003,0.03,0.025,148.0,0.0,-100.0,541,173,368,31.978,100.0,0.294,-5.474,3289,0.1,-99.94,0.0,-100.0,0.0,3.8
BTC-USDT-SWAP,30m,4H,0.003,0.03,0.03,148.0,0.0,-100.0,541,173,368,31.978,100.0,0.301,-5.474,3289,0.12,-99.92,0.0,-100.0,0.0,3.8
BTC-USDT-SWAP,30m,4H,0.004,0.004,0.005,148.0,3.471,-97.655,453,289,164,63.797,97.79,0.528,-5.346,3289,36.64,-75.24,3.53,-90.37,3.47,-1.63
BTC-USDT-SWAP,30m,4H,0.004,0.004,0.008,148.0,18.593,-87.437,453,326,127,71.965,89.666,0.787,-4.787,3289,154.0,4.06,18.02,-88.3,18.59,3.19
BTC-USDT-SWAP,30m,4H,0.004,0.004,0.01,148.0,38.127,-74.238,453,340,113,75.055,91.223,0.873,-4.064,3289,269.04,81.78,36.95,-86.27,38.13,3.19
BTC-USDT-SWAP,30m,4H,0.004,0.004,0.015,148.0,119.564,-19.214,453,355,98,78.366,88.546,0.985,-1.052,3289,594.43,301.64,115.87,-80.51,119.56,3.19
BTC-USDT-SWAP,30m,4H,0.004,0.004,0.02,148.0,559.584,278.097,453,364,89,80.353,69.03,1.125,15.224,3289,652.0,340.54,542.28,-16.83,559.58,3.19
BTC-USDT-SWAP,30m,4H,0.004,0.004,0.025,148.0,561.266,279.234,453,365,88,80.574,71.023,1.111,15.287,3289,797.97,439.17,543.91,-31.84,561.27,3.19
BTC-USDT-SWAP,30m,4H,0.004,0.004,0.03,148.0,1598.774,980.252,453,368,85,81.236,69.742,1.19,53.663,3289,1114.97,653.36,1549.33,38.96,1598.77,3.19
BTC-USDT-SWAP,30m,4H,0.004,0.006,0.005,148.0,3.135,-97.882,453,226,227,49.89,97.993,0.692,-5.358,3289,55.65,-62.4,3.2,-94.24,3.14,-2.14
BTC-USDT-SWAP,30m,4H,0.004,0.006,0.008,148.0,19.831,-86.6,453,259,194,57.174,92.929,0.888,-4.741,3289,257.78,74.17,19.32,-92.51,19.83,2.65
BTC-USDT-SWAP,30m,4H,0.004,0.006,0.01,148.0,48.274,-67.383,453,273,180,60.265,92.711,0.947,-3.689,3289,487.13,229.14,47.03,-90.35,48.27,2.65
BTC-USDT-SWAP,30m,4H,0.004,0.006,0.015,148.0,167.527,13.194,453,287,166,63.355,88.941,1.004,0.722,3289,1231.02,731.77,163.2,-86.74,167.53,2.65
BTC-USDT-SWAP,30m,4H,0.004,0.006,0.02,148.0,847.695,472.767,453,296,157,65.342,77.364,1.069,25.881,3289,1215.29,721.14,825.82,-32.05,847.7,2.65
BTC-USDT-SWAP,30m,4H,0.004,0.006,0.025,148.0,759.532,413.197,453,297,156,65.563,79.822,1.055,22.62,3289,1420.05,859.49,739.94,-47.89,759.53,2.65
BTC-USDT-SWAP,30m,4H,0.004,0.006,0.03,148.0,2415.568,1532.14,453,300,153,66.225,80.379,1.08,83.876,3289,2288.31,1446.16,2353.24,2.84,2415.57,2.65
BTC-USDT-SWAP,30m,4H,0.004,0.008,0.005,148.0,0.491,-99.668,453,180,273,39.735,99.697,0.656,-5.456,3289,32.08,-78.32,0.48,-98.49,0.49,1.37
BTC-USDT-SWAP,30m,4H,0.004,0.008,0.008,148.0,5.143,-96.525,453,215,238,47.461,97.508,0.846,-5.284,3289,140.99,-4.73,4.84,-96.57,5.14,6.33
BTC-USDT-SWAP,30m,4H,0.004,0.008,0.01,148.0,12.455,-91.584,453,227,226,50.11,95.507,0.899,-5.014,3289,218.57,47.68,11.71,-94.64,12.46,6.33
BTC-USDT-SWAP,30m,4H,0.004,0.008,0.015,148.0,21.355,-85.571,453,238,215,52.539,96.863,0.953,-4.685,3289,506.09,241.95,20.08,-96.03,21.36,6.33
BTC-USDT-SWAP,30m,4H,0.004,0.008,0.02,148.0,176.29,19.115,453,248,205,54.746,91.841,1.004,1.046,3289,575.26,288.69,165.79,-71.18,176.29,6.33
BTC-USDT-SWAP,30m,4H,0.004,0.008,0.025,148.0,168.696,13.983,453,249,204,54.967,92.729,1.003,0.766,3289,705.26,376.52,158.65,-77.5,168.7,6.33
BTC-USDT-SWAP,30m,4H,0.004,0.008,0.03,148.0,411.033,177.725,453,251,202,55.408,92.93,1.017,9.729,3289,1158.39,682.7,386.55,-66.63,411.03,6.33
BTC-USDT-SWAP,30m,4H,0.004,0.01,0.005,148.0,0.156,-99.895,453,158,295,34.879,99.907,0.565,-5.469,3289,12.15,-91.79,0.15,-98.78,0.16,5.24
BTC-USDT-SWAP,30m,4H,0.004,0.01,0.008,148.0,0.583,-99.606,453,186,267,41.06,99.694,0.705,-5.453,3289,31.03,-79.04,0.53,-98.3,0.58,10.39
BTC-USDT-SWAP,30m,4H,0.004,0.01,0.01,148.0,1.288,-99.13,453,197,256,43.488,99.393,0.748,-5.427,3289,43.14,-70.85,1.17,-97.3,1.29,10.39
BTC-USDT-SWAP,30m,4H,0.004,0.01,0.015,148.0,1.617,-98.907,453,206,247,45.475,99.379,0.822,-5.415,3289,74.33,-49.77,1.46,-98.03,1.62,10.39
BTC-USDT-SWAP,30m,4H,0.004,0.01,0.02,148.0,6.51,-95.601,453,213,240,47.02,97.858,0.842,-5.234,3289,49.41,-66.61,5.9,-88.07,6.51,10.39
BTC-USDT-SWAP,30m,4H,0.004,0.01,0.025,148.0,5.758,-96.109,453,213,240,47.02,98.105,0.839,-5.261,3289,44.76,-69.76,5.22,-88.35,5.76,10.39
BTC-USDT-SWAP,30m,4H,0.004,0.01,0.03,148.0,14.274,-90.356,453,215,238,47.461,95.719,0.899,-4.946,3289,73.41,-50.4,12.93,-82.39,14.27,10.39
BTC-USDT-SWAP,30m,4H,0.004,0.012,0.005,148.0,0.027,-99.981,453,140,313,30.905,99.984,0.499,-5.473,3289,4.01,-97.29,0.03,-99.34,0.03,4.44
BTC-USDT-SWAP,30m,4H,0.004,0.012,0.008,148.0,0.06,-99.96,453,164,289,36.203,99.971,0.647,-5.472,3289,10.36,-93.0,0.05,-99.47,0.06,9.56
BTC-USDT-SWAP,30m,4H,0.004,0.012,0.01,148.0,0.08,-99.946,453,173,280,38.19,99.961,0.68,-5.471,3289,11.75,-92.06,0.07,-99.38,0.08,9.56
BTC-USDT-SWAP,30m,4H,0.004,0.012,0.015,148.0,0.046,-99.969,453,179,274,39.514,99.982,0.729,-5.473,3289,12.25,-91.73,0.04,-99.66,0.05,9.56
BTC-USDT-SWAP,30m,4H,0.004,0.012,0.02,148.0,0.058,-99.961,453,184,269,40.618,99.979,0.711,-5.472,3289,9.02,-93.91,0.05,-99.41,0.06,9.56
BTC-USDT-SWAP,30m,4H,0.004,0.012,0.025,148.0,0.028,-99.981,453,184,269,40.618,99.99,0.703,-5.473,3289,7.15,-95.17,0.03,-99.64,0.03,9.56
BTC-USDT-SWAP,30m,4H,0.004,0.012,0.03,148.0,0.057,-99.961,453,186,267,41.06,99.98,0.72,-5.472,3289,11.68,-92.11,0.05,-99.55,0.06,9.56
BTC-USDT-SWAP,30m,4H,0.004,0.015,0.005,148.0,0.005,-99.997,453,124,329,27.373,99.997,0.392,-5.474,3289,2.14,-98.56,0.0,-99.78,0.01,7.29
BTC-USDT-SWAP,30m,4H,0.004,0.015,0.008,148.0,0.006,-99.996,453,144,309,31.788,99.997,0.383,-5.474,3289,2.17,-98.53,0.01,-99.76,0.01,12.55
BTC-USDT-SWAP,30m,4H,0.004,0.015,0.01,148.0,0.006,-99.996,453,152,301,33.554,99.997,0.405,-5.474,3289,2.05,-98.62,0.01,-99.75,0.01,12.55
BTC-USDT-SWAP,30m,4H,0.004,0.015,0.015,148.0,0.004,-99.997,453,157,296,34.658,99.998,0.508,-5.474,3289,2.15,-98.55,0.0,-99.84,0.0,12.55
BTC-USDT-SWAP,30m,4H,0.004,0.015,0.02,148.0,0.003,-99.998,453,161,292,35.541,99.998,0.495,-5.474,3289,1.52,-98.98,0.0,-99.8,0.0,12.55
BTC-USDT-SWAP,30m,4H,0.004,0.015,0.025,148.0,0.002,-99.999,453,161,292,35.541,99.999,0.496,-5.474,3289,1.2,-99.19,0.0,-99.89,0.0,12.55
BTC-USDT-SWAP,30m,4H,0.004,0.015,0.03,148.0,0.003,-99.998,453,162,291,35.762,99.999,0.506,-5.474,3289,2.02,-98.64,0.0,-99.89,0.0,12.55
BTC-USDT-SWAP,30m,4H,0.004,0.02,0.005,148.0,0.001,-100.0,453,112,341,24.724,100.0,0.325,-5.474,3289,1.17,-99.21,0.0,-99.96,0.0,2.95
BTC-USDT-SWAP,30m,4H,0.004,0.02,0.008,148.0,0.001,-99.999,453,133,320,29.36,100.0,0.337,-5.474,3289,1.24,-99.16,0.0,-99.94,0.0,7.99
BTC-USDT-SWAP,30m,4H,0.004,0.02,0.01,148.0,0.0,-100.0,453,139,314,30.684,100.0,0.373,-5.474,3289,1.15,-99.22,0.0,-99.96,0.0,7.99
BTC-USDT-SWAP,30m,4H,0.004,0.02,0.015,148.0,0.0,-100.0,453,144,309,31.788,100.0,0.511,-5.474,3289,1.4,-99.05,0.0,-99.98,0.0,7.99
BTC-USDT-SWAP,30m,4H,0.004,0.02,0.02,148.0,0.0,-100.0,453,148,305,32.671,100.0,0.5,-5.474,3289,1.11,-99.25,0.0,-99.97,0.0,7.99
BTC-USDT-SWAP,30m,4H,0.004,0.02,0.025,148.0,0.0,-100.0,453,148,305,32.671,100.0,0.504,-5.474,3289,0.88,-99.41,0.0,-99.98,0.0,7.99
BTC-USDT-SWAP,30m,4H,0.004,0.02,0.03,148.0,0.0,-100.0,453,149,304,32.892,100.0,0.511,-5.474,3289,1.54,-98.96,0.0,-99.98,0.0,7.99
BTC-USDT-SWAP,30m,4H,0.004,0.03,0.005,148.0,0.0,-100.0,453,110,343,24.283,100.0,0.307,-5.474,3289,0.9,-99.39,0.0,-99.96,0.0,2.95
BTC-USDT-SWAP,30m,4H,0.004,0.03,0.008,148.0,0.0,-100.0,453,129,324,28.477,100.0,0.275,-5.474,3289,0.82,-99.45,0.0,-99.96,0.0,7.99
BTC-USDT-SWAP,30m,4H,0.004,0.03,0.01,148.0,0.0,-100.0,453,135,318,29.801,100.0,0.302,-5.474,3289,0.72,-99.51,0.0,-99.97,0.0,7.99
BTC-USDT-SWAP,30m,4H,0.004,0.03,0.015,148.0,0.0,-100.0,453,139,314,30.684,100.0,0.308,-5.474,3289,0.35,-99.76,0.0,-99.98,0.0,7.99
BTC-USDT-SWAP,30m,4H,0.004,0.03,0.02,148.0,0.0,-100.0,453,142,311,31.347,100.0,0.296,-5.474,3289,0.23,-99.84,0.0,-99.98,0.0,7.99
BTC-USDT-SWAP,30m,4H,0.004,0.03,0.025,148.0,0.0,-100.0,453,142,311,31.347,100.0,0.302,-5.474,3289,0.2,-99.87,0.0,-99.99,0.0,7.99
BTC-USDT-SWAP,30m,4H,0.004,0.03,0.03,148.0,0.0,-100.0,453,142,311,31.347,100.0,0.312,-5.474,3289,0.33,-99.78,0.0,-99.99,0.0,7.99
BTC-USDT-SWAP,30m,4H,0.005,0.004,0.005,148.0,11.081,-92.513,388,262,126,67.526,94.343,0.558,-5.065,3289,43.15,-70.85,10.84,-74.87,11.08,2.2
BTC-USDT-SWAP,30m,4H,0.005,0.004,0.008,148.0,128.062,-13.471,388,304,84,78.351,74.989,0.976,-0.737,3289,252.24,70.43,125.3,-50.32,128.06,2.2
BTC-USDT-SWAP,30m,4H,0.005,0.004,0.01,148.0,176.829,19.479,388,313,75,80.67,76.548,1.028,1.066,3289,368.3,148.85,173.02,-53.02,176.83,2.2
BTC-USDT-SWAP,30m,4H,0.005,0.004,0.015,148.0,1223.804,726.894,388,331,57,85.309,71.46,1.362,39.793,3289,1006.56,580.11,1197.42,18.96,1223.8,2.2
BTC-USDT-SWAP,30m,4H,0.005,0.004,0.02,148.0,3464.732,2241.035,388,337,51,86.856,37.525,1.852,122.684,3289,913.38,517.15,3390.03,271.15,3464.73,2.2
BTC-USDT-SWAP,30m,4H,0.005,0.004,0.025,148.0,7251.278,4799.512,388,340,48,87.629,39.878,2.002,262.747,3289,1561.94,955.36,7094.93,354.24,7251.28,2.2
BTC-USDT-SWAP,30m,4H,0.005,0.004,0.03,148.0,10131.923,6745.894,388,341,47,87.887,29.475,2.112,369.301,3289,1561.94,955.36,9913.47,534.69,10131.92,2.2
BTC-USDT-SWAP,30m,4H,0.005,0.006,0.005,148.0,9.737,-93.421,388,209,179,53.866,94.291,0.713,-5.114,3289,60.55,-59.09,9.67,-84.04,9.74,0.74
BTC-USDT-SWAP,30m,4H,0.005,0.006,0.008,148.0,75.621,-48.904,388,244,144,62.887,81.936,0.946,-2.677,3289,269.68,82.22,75.07,-72.16,75.62,0.74
BTC-USDT-SWAP,30m,4H,0.005,0.006,0.01,148.0,76.582,-48.255,388,251,137,64.691,88.277,0.955,-2.642,3289,380.93,157.39,76.02,-80.04,76.58,0.74
BTC-USDT-SWAP,30m,4H,0.005,0.006,0.015,148.0,575.903,289.124,388,267,121,68.814,75.135,1.08,15.828,3289,1049.26,608.96,571.69,-45.52,575.9,0.74
BTC-USDT-SWAP,30m,4H,0.005,0.006,0.02,148.0,1675.047,1031.788,388,273,115,70.361,56.288,1.176,56.485,3289,1004.14,578.47,1662.78,65.59,1675.05,0.74
BTC-USDT-SWAP,30m,4H,0.005,0.006,0.025,148.0,3253.106,2098.045,388,276,112,71.134,59.101,1.177,114.856,3289,1785.14,1106.17,3229.29,80.9,3253.11,0.74
BTC-USDT-SWAP,30m,4H,0.005,0.006,0.03,148.0,4566.956,2985.781,388,277,111,71.392,56.721,1.188,163.455,3289,1785.14,1106.17,4533.52,153.96,4566.96,0.74
BTC-USDT-SWAP,30m,4H,0.005,0.008,0.005,148.0,2.232,-98.492,388,170,218,43.814,98.648,0.675,-5.392,3289,39.67,-73.19,2.17,-94.52,2.23,2.67
BTC-USDT-SWAP,30m,4H,0.005,0.008,0.008,148.0,36.862,-75.093,388,208,180,53.608,84.832,0.903,-4.111,3289,157.19,6.21,35.9,-77.16,36.86,2.67
BTC-USDT-SWAP,30m,4H,0.005,0.008,0.01,148.0,39.261,-73.472,388,214,174,55.155,88.194,0.916,-4.022,3289,193.36,30.65,38.24,-80.22,39.26,2.67
BTC-USDT-SWAP,30m,4H,0.005,0.008,0.015,148.0,182.443,23.272,388,227,161,58.505,80.266,1.011,1.274,3289,494.88,234.38,177.69,-64.09,182.44,2.67
BTC-USDT-SWAP,30m,4H,0.005,0.008,0.02,148.0,723.176,388.633,388,234,154,60.309,70.145,1.1,21.276,3289,423.96,186.46,704.34,66.13,723.18,2.67
BTC-USDT-SWAP,30m,4H,0.005,0.008,0.025,148.0,1007.852,580.981,388,236,152,60.825,72.066,1.101,31.806,3289,530.66,258.55,981.6,84.98,1007.85,2.67
BTC-USDT-SWAP,30m,4H,0.005,0.008,0.03,148.0,2406.998,1526.35,388,238,150,61.34,70.441,1.122,83.559,3289,885.71,498.46,2344.29,164.68,2407.0,2.67
BTC-USDT-SWAP,30m,4H,0.005,0.01,0.005,148.0,0.274,-99.815,388,140,248,36.082,99.839,0.618,-5.464,3289,16.63,-88.77,0.26,-98.42,0.27,4.32
BTC-USDT-SWAP,30m,4H,0.005,0.01,0.008,148.0,3.034,-97.95,388,175,213,45.103,98.637,0.793,-5.362,3289,52.88,-64.27,2.91,-94.5,3.03,4.32
BTC-USDT-SWAP,30m,4H,0.005,0.01,0.01,148.0,3.191,-97.844,388,181,207,46.649,98.856,0.826,-5.356,3289,68.21,-53.91,3.06,-95.52,3.19,4.32
BTC-USDT-SWAP,30m,4H,0.005,0.01,0.015,148.0,15.005,-89.861,388,193,195,49.742,97.424,0.92,-4.919,3289,180.69,22.09,14.38,-92.04,15.0,4.32
BTC-USDT-SWAP,30m,4H,0.005,0.01,0.02,148.0,58.879,-60.217,388,199,189,51.289,92.077,0.964,-3.297,3289,153.27,3.56,56.44,-63.18,58.88,4.32
BTC-USDT-SWAP,30m,4H,0.005,0.01,0.025,148.0,69.471,-53.06,388,200,188,51.546,92.758,0.972,-2.905,3289,152.69,3.17,66.59,-56.39,69.47,4.32
BTC-USDT-SWAP,30m,4H,0.005,0.01,0.03,148.0,107.474,-27.382,388,201,187,51.804,92.864,0.99,-1.499,3289,225.18,52.15,103.02,-54.25,107.47,4.32
BTC-USDT-SWAP,30m,4H,0.005,0.012,0.005,148.0,0.06,-99.959,388,125,263,32.216,99.967,0.551,-5.472,3289,6.91,-95.33,0.06,-99.18,0.06,6.26
BTC-USDT-SWAP,30m,4H,0.005,0.012,0.008,148.0,0.553,-99.627,388,157,231,40.464,99.77,0.727,-5.454,3289,24.32,-83.57,0.52,-97.86,0.55,6.26
BTC-USDT-SWAP,30m,4H,0.005,0.012,0.01,148.0,0.346,-99.766,388,160,228,41.237,99.887,0.738,-5.462,3289,22.13,-85.04,0.33,-98.53,0.35,6.26
BTC-USDT-SWAP,30m,4H,0.005,0.012,0.015,148.0,0.544,-99.632,388,168,220,43.299,99.853,0.754,-5.454,3289,20.14,-86.39,0.51,-97.46,0.54,6.26
BTC-USDT-SWAP,30m,4H,0.005,0.012,0.02,148.0,1.006,-99.32,388,172,216,44.33,99.729,0.759,-5.437,3289,18.17,-87.72,0.95,-94.79,1.01,6.26
BTC-USDT-SWAP,30m,4H,0.005,0.012,0.025,148.0,1.066,-99.28,388,173,215,44.588,99.713,0.753,-5.435,3289,14.83,-89.98,1.0,-93.24,1.07,6.26
BTC-USDT-SWAP,30m,4H,0.005,0.012,0.03,148.0,1.877,-98.731,388,174,214,44.845,99.495,0.79,-5.405,3289,27.45,-81.45,1.77,-93.56,1.88,6.26
BTC-USDT-SWAP,30m,4H,0.005,0.015,0.005,148.0,0.011,-99.993,388,112,276,28.866,99.993,0.454,-5.474,3289,3.13,-97.88,0.01,-99.67,0.01,2.61
BTC-USDT-SWAP,30m,4H,0.005,0.015,0.008,148.0,0.035,-99.977,388,138,250,35.567,99.979,0.603,-5.473,3289,6.04,-95.92,0.03,-99.44,0.03,2.61
BTC-USDT-SWAP,30m,4H,0.005,0.015,0.01,148.0,0.026,-99.982,388,143,245,36.856,99.988,0.647,-5.473,3289,6.34,-95.72,0.03,-99.6,0.03,2.61
BTC-USDT-SWAP,30m,4H,0.005,0.015,0.015,148.0,0.023,-99.985,388,149,239,38.402,99.989,0.652,-5.474,3289,4.77,-96.78,0.02,-99.53,0.02,2.61
BTC-USDT-SWAP,30m,4H,0.005,0.015,0.02,148.0,0.024,-99.984,388,152,236,39.175,99.989,0.654,-5.474,3289,3.97,-97.32,0.02,-99.41,0.02,2.61
BTC-USDT-SWAP,30m,4H,0.005,0.015,0.025,148.0,0.012,-99.992,388,152,236,39.175,99.995,0.652,-5.474,3289,3.03,-97.95,0.01,-99.61,0.01,2.61
BTC-USDT-SWAP,30m,4H,0.005,0.015,0.03,148.0,0.02,-99.987,388,153,235,39.433,99.991,0.662,-5.474,3289,5.37,-96.37,0.02,-99.64,0.02,2.61
BTC-USDT-SWAP,30m,4H,0.005,0.02,0.005,148.0,0.002,-99.999,388,101,287,26.031,99.999,0.339,-5.474,3289,1.56,-98.94,0.0,-99.9,0.0,2.61
BTC-USDT-SWAP,30m,4H,0.005,0.02,0.008,148.0,0.003,-99.998,388,124,264,31.959,99.998,0.444,-5.474,3289,2.29,-98.46,0.0,-99.88,0.0,2.61
BTC-USDT-SWAP,30m,4H,0.005,0.02,0.01,148.0,0.002,-99.999,388,129,259,33.247,99.999,0.517,-5.474,3289,2.41,-98.37,0.0,-99.92,0.0,2.61
BTC-USDT-SWAP,30m,4H,0.005,0.02,0.015,148.0,0.002,-99.999,388,134,254,34.536,99.999,0.559,-5.474,3289,2.29,-98.45,0.0,-99.92,0.0,2.61
BTC-USDT-SWAP,30m,4H,0.005,0.02,0.02,148.0,0.002,-99.999,388,137,251,35.309,99.999,0.563,-5.474,3289,2.17,-98.53,0.0,-99.91,0.0,2.61
BTC-USDT-SWAP,30m,4H,0.005,0.02,0.025,148.0,0.001,-99.999,388,137,251,35.309,99.999,0.562,-5.474,3289,1.66,-98.88,0.0,-99.94,0.0,2.61
BTC-USDT-SWAP,30m,4H,0.005,0.02,0.03,148.0,0.002,-99.999,388,138,250,35.567,99.999,0.571,-5.474,3289,3.06,-97.93,0.0,-99.94,0.0,2.61
BTC-USDT-SWAP,30m,4H,0.005,0.03,0.005,148.0,0.001,-99.999,388,99,289,25.515,99.999,0.332,-5.474,3289,1.56,-98.95,0.0,-99.93,0.0,2.61
BTC-USDT-SWAP,30m,4H,0.005,0.03,0.008,148.0,0.002,-99.999,388,120,268,30.928,99.999,0.376,-5.474,3289,1.83,-98.76,0.0,-99.91,0.0,2.61
BTC-USDT-SWAP,30m,4H,0.005,0.03,0.01,148.0,0.001,-99.999,388,125,263,32.216,99.999,0.391,-5.474,3289,1.66,-98.88,0.0,-99.94,0.0,2.61
BTC-USDT-SWAP,30m,4H,0.005,0.03,0.015,148.0,0.0,-100.0,388,129,259,33.247,100.0,0.366,-5.474,3289,0.73,-99.51,0.0,-99.94,0.0,2.61
BTC-USDT-SWAP,30m,4H,0.005,0.03,0.02,148.0,0.0,-100.0,388,131,257,33.763,100.0,0.362,-5.474,3289,0.57,-99.61,0.0,-99.95,0.0,2.61
BTC-USDT-SWAP,30m,4H,0.005,0.03,0.025,148.0,0.0,-100.0,388,131,257,33.763,100.0,0.368,-5.474,3289,0.48,-99.68,0.0,-99.96,0.0,2.61
BTC-USDT-SWAP,30m,4H,0.005,0.03,0.03,148.0,0.0,-100.0,388,132,256,34.021,100.0,0.381,-5.474,3289,0.86,-99.42,0.0,-99.97,0.0,2.61
BTC-USDT-SWAP,30m,4H,0.007,0.004,0.005,148.0,20.383,-86.228,285,194,91,68.07,88.32,0.701,-4.721,3289,116.57,-21.23,19.47,-83.3,20.38,4.69
BTC-USDT-SWAP,30m,4H,0.007,0.004,0.008,148.0,52.292,-64.668,285,219,66,76.842,83.499,0.851,-3.54,3289,236.85,60.03,49.95,-78.91,52.29,4.69
BTC-USDT-SWAP,30m,4H,0.007,0.004,0.01,148.0,107.995,-27.03,285,230,55,80.702,75.116,0.953,-1.48,3289,305.15,106.18,103.16,-66.19,108.0,4.69
BTC-USDT-SWAP,30m,4H,0.007,0.004,0.015,148.0,1304.476,781.403,285,248,37,87.018,39.251,1.696,42.778,3289,638.87,331.67,1246.06,95.04,1304.48,4.69
BTC-USDT-SWAP,30m,4H,0.007,0.004,0.02,148.0,1536.113,937.914,285,250,35,87.719,39.251,1.764,51.346,3289,692.97,368.22,1467.33,111.74,1536.11,4.69
BTC-USDT-SWAP,30m,4H,0.007,0.004,0.025,148.0,3214.904,2072.232,285,253,32,88.772,39.251,2.022,113.443,3289,1185.02,700.69,3070.95,159.15,3214.9,4.69
BTC-USDT-SWAP,30m,4H,0.007,0.004,0.03,148.0,4492.058,2935.174,285,254,31,89.123,39.251,2.229,160.685,3289,1185.02,700.69,4290.91,262.1,4492.06,4.69
BTC-USDT-SWAP,30m,4H,0.007,0.006,0.005,148.0,57.439,-61.19,285,166,119,58.246,78.61,0.912,-3.35,3289,245.68,66.0,54.76,-77.71,57.44,4.88
BTC-USDT-SWAP,30m,4H,0.007,0.006,0.008,148.0,168.839,14.08,285,189,96,66.316,84.814,1.009,0.771,3289,683.28,361.68,160.98,-76.44,168.84,4.88
BTC-USDT-SWAP,30m,4H,0.007,0.006,0.01,148.0,341.969,131.06,285,199,86,69.825,81.218,1.054,7.175,3289,909.46,514.5,326.05,-64.15,341.97,4.88
BTC-USDT-SWAP,30m,4H,0.007,0.006,0.015,148.0,4244.183,2767.691,285,214,71,75.088,54.443,1.397,151.516,3289,1761.22,1090.01,4046.57,129.76,4244.18,4.88
BTC-USDT-SWAP,30m,4H,0.007,0.006,0.02,148.0,4586.467,2998.964,285,216,69,75.789,54.443,1.405,164.177,3289,1830.06,1136.53,4372.91,138.95,4586.47,4.88
BTC-USDT-SWAP,30m,4H,0.007,0.006,0.025,148.0,6226.595,4107.159,285,218,67,76.491,54.443,1.448,224.844,3289,2127.93,1337.79,5936.67,178.99,6226.6,4.88
BTC-USDT-SWAP,30m,4H,0.007,0.006,0.03,148.0,9041.018,6008.796,285,219,66,76.842,54.443,1.494,328.949,3289,2328.95,1473.61,8620.05,270.13,9041.02,4.88
BTC-USDT-SWAP,30m,4H,0.007,0.008,0.005,148.0,19.844,-86.592,285,127,158,44.561,89.561,0.819,-4.74,3289,119.72,-19.11,18.56,-84.5,19.84,6.91
BTC-USDT-SWAP,30m,4H,0.007,0.008,0.008,148.0,40.351,-72.736,285,147,138,51.579,91.036,0.919,-3.982,3289,278.34,88.07,37.74,-86.44,40.35,6.91
BTC-USDT-SWAP,30m,4H,0.007,0.008,0.01,148.0,84.381,-42.986,285,156,129,54.737,88.463,0.972,-2.353,3289,432.58,192.29,78.93,-81.75,84.38,6.91
BTC-USDT-SWAP,30m,4H,0.007,0.008,0.015,148.0,1089.205,635.95,285,170,115,59.649,67.32,1.155,34.815,3289,732.76,395.11,1018.84,39.04,1089.21,6.91
BTC-USDT-SWAP,30m,4H,0.007,0.008,0.02,148.0,1128.994,662.834,285,172,113,60.351,69.107,1.14,36.287,3289,806.78,445.12,1056.06,30.9,1128.99,6.91
BTC-USDT-SWAP,30m,4H,0.007,0.008,0.025,148.0,1513.897,922.904,285,174,111,61.053,68.658,1.153,50.524,3289,956.14,546.04,1416.1,48.11,1513.9,6.91
BTC-USDT-SWAP,30m,4H,0.007,0.008,0.03,148.0,2086.363,1309.705,285,175,110,61.404,70.814,1.159,71.699,3289,1046.46,607.07,1951.58,86.49,2086.36,6.91
BTC-USDT-SWAP,30m,4H,0.007,0.01,0.005,148.0,22.95,-84.493,285,116,169,40.702,88.836,0.826,-4.626,3289,95.85,-35.24,21.07,-78.02,22.95,8.93
BTC-USDT-SWAP,30m,4H,0.007,0.01,0.008,148.0,31.024,-79.038,285,132,153,46.316,91.649,0.877,-4.327,3289,127.91,-13.57,28.48,-77.73,31.02,8.93
BTC-USDT-SWAP,30m,4H,0.007,0.01,0.01,148.0,55.533,-62.478,285,140,145,49.123,87.104,0.934,-3.42,3289,191.39,29.31,50.98,-73.36,55.53,8.93
BTC-USDT-SWAP,30m,4H,0.007,0.01,0.015,148.0,629.396,325.268,285,152,133,53.333,68.16,1.144,17.807,3289,360.38,143.5,577.8,60.33,629.4,8.93
BTC-USDT-SWAP,30m,4H,0.007,0.01,0.02,148.0,923.355,523.888,285,155,130,54.386,69.902,1.16,28.68,3289,389.47,163.15,847.67,117.65,923.35,8.93
BTC-USDT-SWAP,30m,4H,0.007,0.01,0.025,148.0,898.86,507.338,285,156,129,54.737,69.415,1.159,27.774,3289,328.88,122.22,825.18,150.91,898.86,8.93
BTC-USDT-SWAP,30m,4H,0.007,0.01,0.03,148.0,1869.755,1163.348,285,158,127,55.439,69.415,1.186,63.687,3289,533.24,260.3,1716.49,221.9,1869.75,8.93
BTC-USDT-SWAP,30m,4H,0.007,0.012,0.005,148.0,4.669,-96.845,285,99,186,34.737,97.748,0.755,-5.302,3289,50.9,-65.61,4.21,-91.73,4.67,10.95
BTC-USDT-SWAP,30m,4H,0.007,0.012,0.008,148.0,6.617,-95.529,285,116,169,40.702,98.048,0.831,-5.23,3289,72.68,-50.89,5.96,-91.79,6.62,10.95
BTC-USDT-SWAP,30m,4H,0.007,0.012,0.01,148.0,13.969,-90.561,285,125,160,43.86,96.824,0.892,-4.958,3289,111.8,-24.46,12.59,-88.74,13.97,10.95
BTC-USDT-SWAP,30m,4H,0.007,0.012,0.015,148.0,125.802,-14.999,285,136,149,47.719,83.424,0.99,-0.821,3289,197.8,33.65,113.38,-42.68,125.8,10.95
BTC-USDT-SWAP,30m,4H,0.007,0.012,0.02,148.0,146.207,-1.211,285,137,148,48.07,85.74,0.999,-0.066,3289,171.89,16.14,131.78,-23.34,146.21,10.95
BTC-USDT-SWAP,30m,4H,0.007,0.012,0.025,148.0,126.908,-14.251,285,138,147,48.421,86.442,0.991,-0.78,3289,127.07,-14.14,114.38,-9.98,126.91,10.95
BTC-USDT-SWAP,30m,4H,0.007,0.012,0.03,148.0,172.152,16.319,285,139,146,48.772,87.374,1.008,0.893,3289,181.98,22.96,155.16,-14.74,172.15,10.95
BTC-USDT-SWAP,30m,4H,0.007,0.015,0.005,148.0,1.214,-99.18,285,89,196,31.228,99.44,0.698,-5.43,3289,37.19,-74.87,1.11,-97.01,1.21,9.14
BTC-USDT-SWAP,30m,4H,0.007,0.015,0.008,148.0,0.864,-99.416,285,103,182,36.14,99.704,0.763,-5.442,3289,37.87,-74.41,0.79,-97.91,0.86,9.14
BTC-USDT-SWAP,30m,4H,0.007,0.015,0.01,148.0,0.927,-99.374,285,109,176,38.246,99.675,0.796,-5.44,3289,38.33,-74.1,0.85,-97.78,0.93,9.14
BTC-USDT-SWAP,30m,4H,0.007,0.015,0.015,148.0,1.803,-98.782,285,116,169,40.702,99.455,0.792,-5.408,3289,44.14,-70.18,1.65,-96.26,1.8,9.14
BTC-USDT-SWAP,30m,4H,0.007,0.015,0.02,148.0,0.97,-99.345,285,117,168,41.053,99.707,0.768,-5.439,3289,31.81,-78.51,0.89,-97.21,0.97,9.14
BTC-USDT-SWAP,30m,4H,0.007,0.015,0.025,148.0,0.858,-99.42,285,118,167,41.404,99.741,0.766,-5.443,3289,24.49,-83.46,0.79,-96.79,0.86,9.14
BTC-USDT-SWAP,30m,4H,0.007,0.015,0.03,148.0,1.163,-99.214,285,119,166,41.754,99.649,0.782,-5.431,3289,37.65,-74.56,1.07,-97.17,1.16,9.14
BTC-USDT-SWAP,30m,4H,0.007,0.02,0.005,148.0,0.291,-99.803,285,81,204,28.421,99.82,0.462,-5.464,3289,13.92,-90.59,0.27,-98.08,0.29,9.14
BTC-USDT-SWAP,30m,4H,0.007,0.02,0.008,148.0,0.175,-99.882,285,95,190,33.333,99.893,0.567,-5.468,3289,12.07,-91.85,0.16,-98.67,0.17,9.14
BTC-USDT-SWAP,30m,4H,0.007,0.02,0.01,148.0,0.222,-99.85,285,102,183,35.789,99.874,0.629,-5.466,3289,12.07,-91.85,0.2,-98.31,0.22,9.14
BTC-USDT-SWAP,30m,4H,0.007,0.02,0.015,148.0,0.365,-99.753,285,108,177,37.895,99.792,0.635,-5.461,3289,14.73,-90.05,0.33,-97.73,0.37,9.14
BTC-USDT-SWAP,30m,4H,0.007,0.02,0.02,148.0,0.186,-99.875,285,109,176,38.246,99.89,0.613,-5.468,3289,10.67,-92.79,0.17,-98.41,0.19,9.14
BTC-USDT-SWAP,30m,4H,0.007,0.02,0.025,148.0,0.127,-99.914,285,109,176,38.246,99.928,0.612,-5.47,3289,8.21,-94.45,0.12,-98.59,0.13,9.14
BTC-USDT-SWAP,30m,4H,0.007,0.02,0.03,148.0,0.179,-99.879,285,110,175,38.596,99.898,0.63,-5.468,3289,13.19,-91.09,0.16,-98.75,0.18,9.14
BTC-USDT-SWAP,30m,4H,0.007,0.03,0.005,148.0,0.286,-99.807,285,78,207,27.368,99.823,0.409,-5.464,3289,13.09,-91.16,0.26,-98.0,0.29,9.14
BTC-USDT-SWAP,30m,4H,0.007,0.03,0.008,148.0,0.093,-99.937,285,90,195,31.579,99.943,0.462,-5.471,3289,10.11,-93.17,0.08,-99.16,0.09,9.14
BTC-USDT-SWAP,30m,4H,0.007,0.03,0.01,148.0,0.062,-99.958,285,95,190,33.333,99.961,0.463,-5.472,3289,7.52,-94.92,0.06,-99.24,0.06,9.14
BTC-USDT-SWAP,30m,4H,0.007,0.03,0.015,148.0,0.067,-99.955,285,100,185,35.088,99.959,0.447,-5.472,3289,6.06,-95.9,0.06,-98.99,0.07,9.14
BTC-USDT-SWAP,30m,4H,0.007,0.03,0.02,148.0,0.033,-99.978,285,101,184,35.439,99.98,0.438,-5.473,3289,4.73,-96.8,0.03,-99.37,0.03,9.14
BTC-USDT-SWAP,30m,4H,0.007,0.03,0.025,148.0,0.025,-99.983,285,101,184,35.439,99.985,0.439,-5.474,3289,3.66,-97.53,0.02,-99.38,0.02,9.14
BTC-USDT-SWAP,30m,4H,0.007,0.03,0.03,148.0,0.031,-99.979,285,102,183,35.789,99.981,0.446,-5.473,3289,5.11,-96.54,0.03,-99.44,0.03,9.14
BTC-USDT-SWAP,30m,4H,0.01,0.004,0.005,148.0,44.592,-69.87,188,133,55,70.745,73.776,0.669,-3.825,3289,104.8,-29.19,44.59,-57.45,,
BTC-USDT-SWAP,30m,4H,0.01,0.004,0.008,148.0,165.734,11.982,188,156,32,82.979,53.072,1.035,0.656,3289,215.53,45.63,165.73,-23.1,,
BTC-USDT-SWAP,30m,4H,0.01,0.004,0.01,148.0,301.02,103.392,188,164,24,87.234,56.554,1.267,5.66,3289,274.17,85.25,301.02,9.79,,
BTC-USDT-SWAP,30m,4H,0.01,0.004,0.015,148.0,546.373,269.171,188,172,16,91.489,28.884,1.635,14.736,3289,237.2,60.27,546.37,130.34,,
BTC-USDT-SWAP,30m,4H,0.01,0.004,0.02,148.0,2510.146,1596.044,188,180,8,95.745,22.0,6.834,87.375,3289,508.42,243.52,2510.15,393.72,,
BTC-USDT-SWAP,30m,4H,0.01,0.004,0.025,148.0,4292.498,2800.336,188,182,6,96.809,11.013,12.731,153.303,3289,664.85,349.22,4292.5,545.63,,
BTC-USDT-SWAP,30m,4H,0.01,0.004,0.03,148.0,4292.498,2800.336,188,182,6,96.809,11.013,12.731,153.303,3289,664.85,349.22,4292.5,545.63,,
BTC-USDT-SWAP,30m,4H,0.01,0.006,0.005,148.0,120.928,-18.292,188,114,74,60.638,41.569,0.955,-1.001,3289,166.63,12.59,120.93,-27.43,,
BTC-USDT-SWAP,30m,4H,0.01,0.006,0.008,148.0,722.15,387.939,188,137,51,72.872,38.908,1.41,21.238,3289,362.94,145.23,722.15,98.97,,
BTC-USDT-SWAP,30m,4H,0.01,0.006,0.01,148.0,1104.666,646.396,188,142,46,75.532,41.066,1.542,35.387,3289,451.06,204.77,1104.67,144.9,,
BTC-USDT-SWAP,30m,4H,0.01,0.006,0.015,148.0,1499.993,913.509,188,148,40,78.723,30.645,1.773,50.01,3289,298.36,101.6,1499.99,402.74,,
BTC-USDT-SWAP,30m,4H,0.01,0.006,0.02,148.0,5171.677,3394.377,188,154,34,81.915,30.673,2.723,185.824,3289,543.09,266.95,5171.68,852.27,,
BTC-USDT-SWAP,30m,4H,0.01,0.006,0.025,148.0,10464.615,6970.685,188,156,32,82.979,22.708,2.986,381.607,3289,824.18,456.88,10464.61,1169.69,,
BTC-USDT-SWAP,30m,4H,0.01,0.006,0.03,148.0,10464.615,6970.685,188,156,32,82.979,22.708,2.986,381.607,3289,824.18,456.88,10464.61,1169.69,,
BTC-USDT-SWAP,30m,4H,0.01,0.008,0.005,148.0,102.46,-30.77,188,98,90,52.128,56.216,0.945,-1.685,3289,182.83,23.53,102.46,-43.96,,
BTC-USDT-SWAP,30m,4H,0.01,0.008,0.008,148.0,579.878,291.81,188,117,71,62.234,41.112,1.216,15.975,3289,332.12,124.41,579.88,74.6,,
BTC-USDT-SWAP,30m,4H,0.01,0.008,0.01,148.0,967.565,553.76,188,123,65,65.426,42.39,1.296,30.315,3289,450.62,204.47,967.57,114.72,,
BTC-USDT-SWAP,30m,4H,0.01,0.008,0.015,148.0,2283.413,1442.847,188,130,58,69.149,28.953,1.557,78.988,3289,366.01,147.3,2283.41,523.87,,
BTC-USDT-SWAP,30m,4H,0.01,0.008,0.02,148.0,6469.595,4271.348,188,135,53,71.809,32.703,1.962,233.833,3289,705.4,376.62,6469.6,817.15,,
BTC-USDT-SWAP,30m,4H,0.01,0.008,0.025,148.0,12724.109,8497.371,188,137,51,72.872,27.3,2.048,465.185,3289,1091.09,637.22,12724.11,1066.18,,
BTC-USDT-SWAP,30m,4H,0.01,0.008,0.03,148.0,13603.926,9091.842,188,137,51,72.872,24.701,2.067,497.729,3289,1091.09,637.22,13603.93,1146.82,,
BTC-USDT-SWAP,30m,4H,0.01,0.01,0.005,148.0,46.307,-68.712,188,83,105,44.149,77.186,0.858,-3.762,3289,148.73,0.49,46.31,-68.87,,
BTC-USDT-SWAP,30m,4H,0.01,0.01,0.008,148.0,230.976,56.065,188,99,89,52.66,56.269,1.05,3.069,3289,270.78,82.96,230.98,-14.7,,
BTC-USDT-SWAP,30m,4H,0.01,0.01,0.01,148.0,380.563,157.137,188,105,83,55.851,57.767,1.101,8.602,3289,364.57,146.33,380.56,4.39,,
BTC-USDT-SWAP,30m,4H,0.01,0.01,0.015,148.0,631.316,326.565,188,111,77,59.043,51.913,1.191,17.878,3289,272.11,83.86,631.32,132.0,,
BTC-USDT-SWAP,30m,4H,0.01,0.01,0.02,148.0,1260.907,751.964,188,115,73,61.17,56.667,1.213,41.166,3289,596.85,303.27,1260.91,111.26,,
BTC-USDT-SWAP,30m,4H,0.01,0.01,0.025,148.0,1497.706,911.964,188,116,72,61.702,57.22,1.22,49.925,3289,633.16,327.81,1497.71,136.54,,
BTC-USDT-SWAP,30m,4H,0.01,0.01,0.03,148.0,1894.724,1180.219,188,117,71,62.234,50.042,1.341,64.611,3289,589.62,298.39,1894.72,221.35,,
BTC-USDT-SWAP,30m,4H,0.01,0.012,0.005,148.0,54.34,-63.284,188,78,110,41.489,78.595,0.888,-3.464,3289,174.03,17.59,54.34,-68.78,,
BTC-USDT-SWAP,30m,4H,0.01,0.012,0.008,148.0,252.287,70.464,188,93,95,49.468,54.838,1.056,3.858,3289,302.26,104.23,252.29,-16.53,,
BTC-USDT-SWAP,30m,4H,0.01,0.012,0.01,148.0,468.562,216.596,188,99,89,52.66,60.622,1.114,11.857,3289,412.75,178.89,468.56,13.52,,
BTC-USDT-SWAP,30m,4H,0.01,0.012,0.015,148.0,819.121,453.46,188,105,83,55.851,53.963,1.209,24.824,3289,308.39,108.37,819.12,165.61,,
BTC-USDT-SWAP,30m,4H,0.01,0.012,0.02,148.0,1080.219,629.878,188,108,80,57.447,60.47,1.196,34.482,3289,466.72,215.35,1080.22,131.45,,
BTC-USDT-SWAP,30m,4H,0.01,0.012,0.025,148.0,1798.57,1115.25,188,110,78,58.511,61.958,1.213,61.054,3289,699.02,372.31,1798.57,157.3,,
BTC-USDT-SWAP,30m,4H,0.01,0.012,0.03,148.0,2275.341,1437.393,188,111,77,59.043,57.175,1.327,78.689,3289,650.95,339.83,2275.34,249.54,,
BTC-USDT-SWAP,30m,4H,0.01,0.015,0.005,148.0,16.358,-88.947,188,66,122,35.106,92.456,0.742,-4.869,3289,82.89,-43.99,16.36,-80.27,,
BTC-USDT-SWAP,30m,4H,0.01,0.015,0.008,148.0,53.99,-63.52,188,80,108,42.553,86.25,0.898,-3.477,3289,149.13,0.76,53.99,-63.8,,
BTC-USDT-SWAP,30m,4H,0.01,0.015,0.01,148.0,74.335,-49.774,188,85,103,45.213,83.719,0.934,-2.725,3289,200.85,35.71,74.34,-62.99,,
BTC-USDT-SWAP,30m,4H,0.01,0.015,0.015,148.0,188.677,27.485,188,92,96,48.936,62.996,1.027,1.505,3289,169.52,14.54,188.68,11.3,,
BTC-USDT-SWAP,30m,4H,0.01,0.015,0.02,148.0,179.802,21.488,188,94,94,50.0,70.086,1.02,1.176,3289,170.26,15.04,179.8,5.61,,
BTC-USDT-SWAP,30m,4H,0.01,0.015,0.025,148.0,189.537,28.066,188,95,93,50.532,73.064,1.023,1.536,3289,229.35,54.96,189.54,-17.36,,
BTC-USDT-SWAP,30m,4H,0.01,0.015,0.03,148.0,199.477,34.782,188,96,92,51.064,65.833,1.034,1.904,3289,190.8,28.92,199.48,4.55,,
BTC-USDT-SWAP,30m,4H,0.01,0.02,0.005,148.0,4.725,-96.807,188,58,130,30.851,97.55,0.668,-5.3,3289,49.13,-66.8,4.73,-90.38,,
BTC-USDT-SWAP,30m,4H,0.01,0.02,0.008,148.0,5.776,-96.097,188,68,120,36.17,96.786,0.693,-5.261,3289,38.78,-73.8,5.78,-85.1,,
BTC-USDT-SWAP,30m,4H,0.01,0.02,0.01,148.0,5.358,-96.38,188,72,116,38.298,97.165,0.682,-5.276,3289,38.22,-74.18,5.36,-85.98,,
BTC-USDT-SWAP,30m,4H,0.01,0.02,0.015,148.0,5.263,-96.444,188,77,111,40.957,97.375,0.684,-5.28,3289,33.6,-77.3,5.26,-84.34,,
BTC-USDT-SWAP,30m,4H,0.01,0.02,0.02,148.0,2.596,-98.246,188,78,110,41.489,98.716,0.662,-5.378,3289,27.99,-81.09,2.6,-90.72,,
BTC-USDT-SWAP,30m,4H,0.01,0.02,0.025,148.0,3.621,-97.553,188,79,109,42.021,98.209,0.711,-5.341,3289,47.83,-67.69,3.62,-92.43,,
BTC-USDT-SWAP,30m,4H,0.01,0.02,0.03,148.0,4.681,-96.837,188,80,108,42.553,97.848,0.695,-5.301,3289,39.79,-73.12,4.68,-88.23,,
BTC-USDT-SWAP,30m,4H,0.01,0.03,0.005,148.0,3.829,-97.413,188,56,132,29.787,97.413,0.588,-5.333,3289,39.69,-73.18,3.83,-90.35,,
BTC-USDT-SWAP,30m,4H,0.01,0.03,0.008,148.0,3.093,-97.91,188,65,123,34.574,97.91,0.566,-5.36,3289,26.66,-81.99,3.09,-88.4,,
BTC-USDT-SWAP,30m,4H,0.01,0.03,0.01,148.0,1.481,-98.999,188,67,121,35.638,98.999,0.519,-5.42,3289,19.09,-87.1,1.48,-92.24,,
BTC-USDT-SWAP,30m,4H,0.01,0.03,0.015,148.0,1.276,-99.138,188,72,116,38.298,99.15,0.507,-5.427,3289,14.93,-89.91,1.28,-91.45,,
BTC-USDT-SWAP,30m,4H,0.01,0.03,0.02,148.0,0.819,-99.447,188,73,115,38.83,99.461,0.52,-5.444,3289,14.42,-90.25,0.82,-94.33,,
BTC-USDT-SWAP,30m,4H,0.01,0.03,0.025,148.0,1.013,-99.316,188,74,114,39.362,99.333,0.555,-5.437,3289,22.05,-85.1,1.01,-95.4,,
BTC-USDT-SWAP,30m,4H,0.01,0.03,0.03,148.0,1.31,-99.115,188,75,113,39.894,99.138,0.538,-5.426,3289,18.34,-87.61,1.31,-92.86,,
BTC-USDT-SWAP,1H,6H,0.001,0.004,0.005,148.0,0.126,-99.915,569,345,224,60.633,99.928,0.513,-5.45,2201,14.74,-90.04,0.14,-99.04,0.13,-11.22
BTC-USDT-SWAP,1H,6H,0.001,0.004,0.008,148.0,2.986,-97.982,569,407,162,71.529,98.231,0.7,-5.344,2201,71.68,-51.57,3.34,-95.33,2.99,-10.7
BTC-USDT-SWAP,1H,6H,0.001,0.004,0.01,148.0,6.719,-95.46,569,424,145,74.517,96.519,0.722,-5.207,2201,84.36,-43.0,7.13,-91.55,6.72,-5.79
BTC-USDT-SWAP,1H,6H,0.001,0.004,0.015,148.0,71.867,-51.441,569,450,119,79.086,89.177,0.936,-2.806,2201,284.98,92.56,76.28,-73.23,71.87,-5.79
BTC-USDT-SWAP,1H,6H,0.001,0.004,0.02,148.0,160.799,8.648,569,458,111,80.492,89.38,1.005,0.472,2201,664.67,349.1,170.67,-74.32,160.8,-5.79
BTC-USDT-SWAP,1H,6H,0.001,0.004,0.025,148.0,270.731,82.926,569,462,107,81.195,86.368,1.046,4.523,2201,666.67,350.45,287.36,-56.9,270.73,-5.79
BTC-USDT-SWAP,1H,6H,0.001,0.004,0.03,148.0,345.1,133.176,569,464,105,81.547,80.135,1.071,7.264,2201,501.79,239.05,366.3,-27.0,345.1,-5.79
BTC-USDT-SWAP,1H,6H,0.001,0.006,0.005,148.0,0.168,-99.887,569,277,292,48.682,99.919,0.692,-5.448,2201,25.24,-82.94,0.18,-99.28,0.17,-7.7
BTC-USDT-SWAP,1H,6H,0.001,0.006,0.008,148.0,5.438,-96.326,569,336,233,59.051,97.883,0.872,-5.254,2201,219.33,48.2,5.86,-97.33,5.44,-7.16
BTC-USDT-SWAP,1H,6H,0.001,0.006,0.01,148.0,9.919,-93.298,569,351,218,61.687,96.932,0.88,-5.089,2201,229.93,55.36,10.13,-95.6,9.92,-2.05
BTC-USDT-SWAP,1H,6H,0.001,0.006,0.015,148.0,138.124,-6.673,569,375,194,65.905,93.533,0.997,-0.364,2201,710.62,380.15,141.02,-80.16,138.12,-2.05
BTC-USDT-SWAP,1H,6H,0.001,0.006,0.02,148.0,449.776,203.903,569,384,185,67.487,89.751,1.032,11.122,2201,1750.18,1082.55,459.19,-73.76,449.78,-2.05
BTC-USDT-SWAP,1H,6H,0.001,0.006,0.025,148.0,375.268,153.559,569,386,183,67.838,90.487,1.027,8.376,2201,1674.68,1031.54,383.12,-77.12,375.27,-2.05
BTC-USDT-SWAP,1H,6H,0.001,0.006,0.03,148.0,401.585,171.341,569,388,181,68.19,85.476,1.032,9.346,2201,1173.81,693.12,409.99,-65.07,401.58,-2.05
BTC-USDT-SWAP,1H,6H,0.001,0.008,0.005,148.0,0.046,-99.969,569,230,339,40.422,99.977,0.719,-5.453,2201,23.33,-84.24,0.05,-99.79,0.05,-5.14
BTC-USDT-SWAP,1H,6H,0.001,0.008,0.008,148.0,0.599,-99.595,569,279,290,49.033,99.702,0.813,-5.432,2201,99.42,-32.83,0.63,-99.37,0.6,-4.58
BTC-USDT-SWAP,1H,6H,0.001,0.008,0.01,148.0,1.3,-99.121,569,293,276,51.494,99.344,0.842,-5.407,2201,122.37,-17.32,1.29,-98.94,1.3,0.66
BTC-USDT-SWAP,1H,6H,0.001,0.008,0.015,148.0,25.036,-83.084,569,318,251,55.888,98.342,0.956,-4.532,2201,452.67,205.86,24.87,-94.51,25.04,0.66
BTC-USDT-SWAP,1H,6H,0.001,0.008,0.02,148.0,81.384,-45.011,569,327,242,57.469,97.367,0.99,-2.455,2201,1122.22,658.26,80.85,-92.8,81.38,0.66
BTC-USDT-SWAP,1H,6H,0.001,0.008,0.025,148.0,78.558,-46.92,569,330,239,57.996,97.808,0.991,-2.559,2201,1392.31,840.75,78.04,-94.39,78.56,0.66
BTC-USDT-SWAP,1H,6H,0.001,0.008,0.03,148.0,49.972,-66.235,569,331,238,58.172,97.961,0.984,-3.613,2201,908.78,514.04,49.64,-94.54,49.97,0.66
BTC-USDT-SWAP,1H,6H,0.001,0.01,0.005,148.0,0.011,-99.993,569,203,366,35.677,99.995,0.723,-5.454,2201,22.01,-85.13,0.01,-99.95,0.01,-3.35
BTC-USDT-SWAP,1H,6H,0.001,0.01,0.008,148.0,0.141,-99.905,569,252,317,44.288,99.937,0.823,-5.449,2201,117.36,-20.7,0.15,-99.88,0.14,-2.78
BTC-USDT-SWAP,1H,6H,0.001,0.01,0.01,148.0,0.251,-99.83,569,265,304,46.573,99.888,0.841,-5.445,2201,129.53,-12.48,0.24,-99.81,0.25,2.56
BTC-USDT-SWAP,1H,6H,0.001,0.01,0.015,148.0,1.868,-98.738,569,286,283,50.264,99.65,0.916,-5.386,2201,286.02,93.25,1.82,-99.36,1.87,2.56
BTC-USDT-SWAP,1H,6H,0.001,0.01,0.02,148.0,4.794,-96.761,569,294,275,51.67,99.393,0.949,-5.278,2201,484.7,227.5,4.67,-99.04,4.79,2.56
BTC-USDT-SWAP,1H,6H,0.001,0.01,0.025,148.0,3.19,-97.844,569,296,273,52.021,99.617,0.951,-5.337,2201,511.37,245.52,3.11,-99.39,3.19,2.56
BTC-USDT-SWAP,1H,6H,0.001,0.01,0.03,148.0,1.448,-99.022,569,297,272,52.197,99.689,0.925,-5.401,2201,269.53,82.12,1.41,-99.48,1.45,2.56
BTC-USDT-SWAP,1H,6H,0.001,0.012,0.005,148.0,0.003,-99.998,569,183,386,32.162,99.999,0.682,-5.454,2201,9.4,-93.65,0.0,-99.97,0.0,-1.56
BTC-USDT-SWAP,1H,6H,0.001,0.012,0.008,148.0,0.025,-99.983,569,229,340,40.246,99.99,0.747,-5.454,2201,36.84,-75.11,0.02,-99.93,0.02,-0.98
BTC-USDT-SWAP,1H,6H,0.001,0.012,0.01,148.0,0.033,-99.978,569,241,328,42.355,99.987,0.737,-5.453,2201,33.56,-77.33,0.03,-99.91,0.03,4.46
BTC-USDT-SWAP,1H,6H,0.001,0.012,0.015,148.0,0.099,-99.933,569,259,310,45.518,99.957,0.789,-5.451,2201,58.48,-60.48,0.09,-99.84,0.1,4.46
BTC-USDT-SWAP,1H,6H,0.001,0.012,0.02,148.0,0.149,-99.899,569,266,303,46.749,99.932,0.754,-5.449,2201,43.95,-70.3,0.14,-99.68,0.15,4.46
BTC-USDT-SWAP,1H,6H,0.001,0.012,0.025,148.0,0.105,-99.929,569,268,301,47.1,99.949,0.761,-5.451,2201,45.21,-69.46,0.1,-99.78,0.11,4.46
BTC-USDT-SWAP,1H,6H,0.001,0.012,0.03,148.0,0.039,-99.973,569,268,301,47.1,99.979,0.708,-5.453,2201,29.23,-80.25,0.04,-99.87,0.04,4.46
BTC-USDT-SWAP,1H,6H,0.001,0.015,0.005,148.0,0.003,-99.998,569,176,393,30.931,99.999,0.742,-5.454,2201,13.06,-91.17,0.0,-99.98,0.0,1.12
BTC-USDT-SWAP,1H,6H,0.001,0.015,0.008,148.0,0.015,-99.99,569,217,352,38.137,99.995,0.793,-5.454,2201,41.47,-71.98,0.01,-99.97,0.01,1.72
BTC-USDT-SWAP,1H,6H,0.001,0.015,0.01,148.0,0.006,-99.996,569,224,345,39.367,99.998,0.768,-5.454,2201,30.3,-79.53,0.01,-99.98,0.01,7.31
BTC-USDT-SWAP,1H,6H,0.001,0.015,0.015,148.0,0.004,-99.997,569,236,333,41.476,99.999,0.779,-5.454,2201,39.1,-73.58,0.0,-99.99,0.0,7.31
BTC-USDT-SWAP,1H,6H,0.001,0.015,0.02,148.0,0.005,-99.997,569,243,326,42.707,99.998,0.714,-5.454,2201,17.21,-88.37,0.0,-99.97,0.01,7.31
BTC-USDT-SWAP,1H,6H,0.001,0.015,0.025,148.0,0.005,-99.997,569,245,324,43.058,99.998,0.738,-5.454,2201,20.02,-86.47,0.0,-99.98,0.0,7.31
BTC-USDT-SWAP,1H,6H,0.001,0.015,0.03,148.0,0.002,-99.999,569,245,324,43.058,99.999,0.692,-5.454,2201,11.22,-92.42,0.0,-99.99,0.0,7.31
BTC-USDT-SWAP,1H,6H,0.001,0.02,0.005,148.0,0.0,-100.0,569,159,410,27.944,100.0,0.638,-5.455,2201,3.73,-97.48,0.0,-99.99,0.0,5.33
BTC-USDT-SWAP,1H,6H,0.001,0.02,0.008,148.0,0.0,-100.0,569,194,375,34.095,100.0,0.622,-5.455,2201,5.25,-96.45,0.0,-99.99,0.0,5.95
BTC-USDT-SWAP,1H,6H,0.001,0.02,0.01,148.0,0.0,-100.0,569,202,367,35.501,100.0,0.614,-5.455,2201,4.3,-97.09,0.0,-100.0,0.0,11.78
BTC-USDT-SWAP,1H,6H,0.001,0.02,0.015,148.0,0.0,-100.0,569,215,354,37.786,100.0,0.674,-5.455,2201,10.7,-92.77,0.0,-100.0,0.0,11.78
BTC-USDT-SWAP,1H,6H,0.001,0.02,0.02,148.0,0.0,-100.0,569,223,346,39.192,100.0,0.602,-5.455,2201,4.45,-96.99,0.0,-99.99,0.0,11.78
BTC-USDT-SWAP,1H,6H,0.001,0.02,0.025,148.0,0.0,-100.0,569,224,345,39.367,100.0,0.602,-5.455,2201,4.23,-97.14,0.0,-100.0,0.0,11.78
BTC-USDT-SWAP,1H,6H,0.001,0.02,0.03,148.0,0.0,-100.0,569,224,345,39.367,100.0,0.561,-5.455,2201,2.21,-98.51,0.0,-100.0,0.0,11.78
BTC-USDT-SWAP,1H,6H,0.001,0.03,0.005,148.0,0.0,-100.0,569,153,416,26.889,100.0,0.682,-5.455,2201,3.81,-97.43,0.0,-100.0,0.0,4.75
BTC-USDT-SWAP,1H,6H,0.001,0.03,0.008,148.0,0.0,-100.0,569,189,380,33.216,100.0,0.669,-5.455,2201,5.94,-95.99,0.0,-100.0,0.0,5.37
BTC-USDT-SWAP,1H,6H,0.001,0.03,0.01,148.0,0.0,-100.0,569,196,373,34.446,100.0,0.664,-5.455,2201,5.18,-96.5,0.0,-100.0,0.0,11.17
BTC-USDT-SWAP,1H,6H,0.001,0.03,0.015,148.0,0.0,-100.0,569,206,363,36.204,100.0,0.654,-5.455,2201,6.47,-95.63,0.0,-100.0,0.0,11.17
BTC-USDT-SWAP,1H,6H,0.001,0.03,0.02,148.0,0.0,-100.0,569,213,356,37.434,100.0,0.608,-5.455,2201,3.09,-97.91,0.0,-100.0,0.0,11.17
BTC-USDT-SWAP,1H,6H,0.001,0.03,0.025,148.0,0.0,-100.0,569,213,356,37.434,100.0,0.587,-5.455,2201,2.04,-98.62,0.0,-100.0,0.0,11.17
BTC-USDT-SWAP,1H,6H,0.001,0.03,0.03,148.0,0.0,-100.0,569,213,356,37.434,100.0,0.554,-5.455,2201,0.99,-99.33,0.0,-100.0,0.0,11.17
BTC-USDT-SWAP,1H,6H,0.002,0.004,0.005,148.0,0.384,-99.741,490,303,187,61.837,99.767,0.518,-5.44,2201,19.12,-87.08,0.42,-97.83,0.38,-7.64
BTC-USDT-SWAP,1H,6H,0.002,0.004,0.008,148.0,6.055,-95.909,490,358,132,73.061,96.419,0.68,-5.231,2201,64.23,-56.6,6.35,-90.11,6.05,-4.72
BTC-USDT-SWAP,1H,6H,0.002,0.004,0.01,148.0,34.922,-76.404,490,382,108,77.959,85.768,0.805,-4.167,2201,118.16,-20.16,36.65,-68.98,34.92,-4.72
BTC-USDT-SWAP,1H,6H,0.002,0.004,0.015,148.0,466.832,215.427,490,406,84,82.857,62.69,1.174,11.751,2201,358.53,142.25,489.94,36.65,466.83,-4.72
BTC-USDT-SWAP,1H,6H,0.002,0.004,0.02,148.0,823.199,456.215,490,412,78,84.082,68.861,1.194,24.884,2201,806.1,444.66,863.95,7.18,823.2,-4.72
BTC-USDT-SWAP,1H,6H,0.002,0.004,0.025,148.0,1617.694,993.037,490,416,74,84.898,59.016,1.386,54.166,2201,864.13,483.87,1697.77,96.47,1617.69,-4.72
BTC-USDT-SWAP,1H,6H,0.002,0.004,0.03,148.0,3566.864,2310.043,490,419,71,85.51,49.979,1.511,126.002,2201,1047.67,607.89,3743.43,257.31,3566.86,-4.72
BTC-USDT-SWAP,1H,6H,0.002,0.006,0.005,148.0,0.647,-99.563,490,247,243,50.408,99.667,0.742,-5.431,2201,57.57,-61.1,0.69,-98.81,0.65,-5.83
BTC-USDT-SWAP,1H,6H,0.002,0.006,0.008,148.0,7.521,-94.918,490,293,197,59.796,96.968,0.88,-5.177,2201,219.76,48.49,7.74,-96.48,7.52,-2.85
BTC-USDT-SWAP,1H,6H,0.002,0.006,0.01,148.0,43.043,-70.917,490,313,177,63.878,93.084,0.948,-3.868,2201,539.12,264.27,44.3,-91.78,43.04,-2.85
BTC-USDT-SWAP,1H,6H,0.002,0.006,0.015,148.0,422.641,185.568,490,334,156,68.163,79.838,1.039,10.122,2201,1153.35,679.29,435.03,-62.28,422.64,-2.85
BTC-USDT-SWAP,1H,6H,0.002,0.006,0.02,148.0,711.959,381.053,490,340,150,69.388,85.611,1.045,20.785,2201,2310.16,1460.92,732.83,-68.28,711.96,-2.85
BTC-USDT-SWAP,1H,6H,0.002,0.006,0.025,148.0,914.681,518.027,490,343,147,70.0,80.91,1.061,28.256,2201,2210.51,1393.58,941.5,-57.41,914.68,-2.85
BTC-USDT-SWAP,1H,6H,0.002,0.006,0.03,148.0,1990.897,1245.201,490,346,144,70.612,75.414,1.087,67.92,2201,2369.64,1501.11,2049.27,-13.52,1990.9,-2.85
BTC-USDT-SWAP,1H,6H,0.002,0.008,0.005,148.0,0.989,-99.332,490,219,271,44.694,99.561,0.806,-5.418,2201,70.14,-52.61,1.03,-98.53,0.99,-4.02
BTC-USDT-SWAP,1H,6H,0.002,0.008,0.008,148.0,6.893,-95.343,490,258,232,52.653,97.683,0.915,-5.201,2201,245.82,66.09,6.96,-97.17,6.89,-0.98
BTC-USDT-SWAP,1H,6H,0.002,0.008,0.01,148.0,42.386,-71.361,490,277,213,56.531,96.125,0.973,-3.892,2201,864.3,483.99,42.81,-95.05,42.39,-0.98
BTC-USDT-SWAP,1H,6H,0.002,0.008,0.015,148.0,835.787,464.721,490,300,190,61.224,87.464,1.034,25.348,2201,2112.44,1327.33,844.06,-60.04,835.79,-0.98
BTC-USDT-SWAP,1H,6H,0.002,0.008,0.02,148.0,1394.955,842.537,490,306,184,62.449,90.566,1.028,45.957,2201,5483.28,3604.92,1408.76,-74.31,1394.96,-0.98
BTC-USDT-SWAP,1H,6H,0.002,0.008,0.025,148.0,1153.646,679.491,490,308,182,62.857,88.33,1.026,37.063,2201,5414.87,3558.7,1165.06,-78.48,1153.65,-0.98
BTC-USDT-SWAP,1H,6H,0.002,0.008,0.03,148.0,2158.164,1358.219,490,311,179,63.469,89.092,1.03,74.085,2201,5916.33,3897.52,2179.52,-63.16,2158.16,-0.98
BTC-USDT-SWAP,1H,6H,0.002,0.01,0.005,148.0,0.22,-99.851,490,189,301,38.571,99.887,0.736,-5.446,2201,31.58,-78.66,0.23,-99.29,0.22,-2.21
BTC-USDT-SWAP,1H,6H,0.002,0.01,0.008,148.0,1.359,-99.082,490,226,264,46.122,99.339,0.87,-5.404,2201,148.0,0.0,1.35,-99.09,1.36,0.89
BTC-USDT-SWAP,1H,6H,0.002,0.01,0.01,148.0,7.275,-95.085,490,244,246,49.796,98.732,0.936,-5.186,2201,452.18,205.53,7.21,-98.41,7.27,0.89
BTC-USDT-SWAP,1H,6H,0.002,0.01,0.015,148.0,108.349,-26.791,490,266,224,54.286,92.464,0.994,-1.461,2201,793.93,436.44,107.39,-86.47,108.35,0.89
BTC-USDT-SWAP,1H,6H,0.002,0.01,0.02,148.0,131.704,-11.011,490,271,219,55.306,94.156,0.998,-0.601,2201,1533.97,936.47,130.54,-91.49,131.7,0.89
BTC-USDT-SWAP,1H,6H,0.002,0.01,0.025,148.0,137.82,-6.878,490,274,216,55.918,94.347,0.999,-0.375,2201,1752.34,1084.01,136.61,-92.2,137.82,0.89
BTC-USDT-SWAP,1H,6H,0.002,0.01,0.03,148.0,90.095,-39.125,490,275,215,56.122,94.327,0.992,-2.134,2201,987.48,567.21,89.3,-90.96,90.1,0.89
BTC-USDT-SWAP,1H,6H,0.002,0.012,0.005,148.0,0.046,-99.969,490,164,326,33.469,99.978,0.681,-5.453,2201,12.45,-91.59,0.05,-99.63,0.05,-0.4
BTC-USDT-SWAP,1H,6H,0.002,0.012,0.008,148.0,0.266,-99.82,490,200,290,40.816,99.871,0.808,-5.445,2201,67.55,-54.36,0.26,-99.62,0.27,2.76
BTC-USDT-SWAP,1H,6H,0.002,0.012,0.01,148.0,1.72,-98.838,490,219,271,44.694,99.485,0.902,-5.391,2201,262.99,77.7,1.67,-99.36,1.72,2.76
BTC-USDT-SWAP,1H,6H,0.002,0.012,0.015,148.0,10.812,-92.695,490,238,252,48.571,98.332,0.946,-5.056,2201,266.43,80.02,10.52,-96.05,10.81,2.76
BTC-USDT-SWAP,1H,6H,0.002,0.012,0.02,148.0,8.273,-94.41,490,242,248,49.388,98.471,0.94,-5.15,2201,269.04,81.78,8.05,-97.01,8.27,2.76
BTC-USDT-SWAP,1H,6H,0.002,0.012,0.025,148.0,6.137,-95.853,490,244,246,49.796,98.487,0.936,-5.228,2201,261.16,76.46,5.97,-97.71,6.14,2.76
BTC-USDT-SWAP,1H,6H,0.002,0.012,0.03,148.0,2.202,-98.512,490,244,246,49.796,99.116,0.894,-5.373,2201,148.6,0.4,2.14,-98.56,2.2,2.76
BTC-USDT-SWAP,1H,6H,0.002,0.015,0.005,148.0,0.017,-99.988,490,151,339,30.816,99.993,0.661,-5.454,2201,8.37,-94.35,0.02,-99.8,0.02,2.32
BTC-USDT-SWAP,1H,6H,0.002,0.015,0.008,148.0,0.05,-99.966,490,182,308,37.143,99.979,0.756,-5.453,2201,28.53,-80.72,0.05,-99.84,0.05,5.56
BTC-USDT-SWAP,1H,6H,0.002,0.015,0.01,148.0,0.099,-99.933,490,196,294,40.0,99.958,0.791,-5.451,2201,54.0,-63.51,0.09,-99.83,0.1,5.56
BTC-USDT-SWAP,1H,6H,0.002,0.015,0.015,148.0,0.153,-99.897,490,209,281,42.653,99.935,0.785,-5.449,2201,38.36,-74.08,0.14,-99.62,0.15,5.56
BTC-USDT-SWAP,1H,6H,0.002,0.015,0.02,148.0,0.088,-99.941,490,212,278,43.265,99.96,0.717,-5.451,2201,24.66,-83.34,0.08,-99.66,0.09,5.56
BTC-USDT-SWAP,1H,6H,0.002,0.015,0.025,148.0,0.068,-99.954,490,214,276,43.673,99.967,0.732,-5.452,2201,28.99,-80.41,0.06,-99.78,0.07,5.56
BTC-USDT-SWAP,1H,6H,0.002,0.015,0.03,148.0,0.03,-99.979,490,214,276,43.673,99.984,0.677,-5.453,2201,18.06,-87.79,0.03,-99.84,0.03,5.56
BTC-USDT-SWAP,1H,6H,0.002,0.02,0.005,148.0,0.005,-99.997,490,141,349,28.776,99.998,0.561,-5.454,2201,4.67,-96.84,0.0,-99.9,0.0,6.57
BTC-USDT-SWAP,1H,6H,0.002,0.02,0.008,148.0,0.005,-99.996,490,167,323,34.082,99.998,0.658,-5.454,2201,13.74,-90.71,0.0,-99.97,0.01,9.95
BTC-USDT-SWAP,1H,6H,0.002,0.02,0.01,148.0,0.007,-99.995,490,179,311,36.531,99.997,0.702,-5.454,2201,26.56,-82.05,0.01,-99.98,0.01,9.95
BTC-USDT-SWAP,1H,6H,0.002,0.02,0.015,148.0,0.008,-99.995,490,191,299,38.98,99.996,0.666,-5.454,2201,13.59,-90.82,0.01,-99.95,0.01,9.95
BTC-USDT-SWAP,1H,6H,0.002,0.02,0.02,148.0,0.005,-99.997,490,195,295,39.796,99.998,0.584,-5.454,2201,7.37,-95.02,0.0,-99.94,0.0,9.95
BTC-USDT-SWAP,1H,6H,0.002,0.02,0.025,148.0,0.003,-99.998,490,196,294,40.0,99.999,0.579,-5.454,2201,6.53,-95.59,0.0,-99.97,0.0,9.95
BTC-USDT-SWAP,1H,6H,0.002,0.02,0.03,148.0,0.001,-99.999,490,196,294,40.0,100.0,0.527,-5.455,2201,3.53,-97.61,0.0,-99.98,0.0,9.95
BTC-USDT-SWAP,1H,6H,0.002,0.03,0.005,148.0,0.002,-99.998,490,134,356,27.347,99.999,0.576,-5.454,2201,3.96,-97.33,0.0,-99.95,0.0,6.92
BTC-USDT-SWAP,1H,6H,0.002,0.03,0.008,148.0,0.002,-99.999,490,159,331,32.449,99.999,0.638,-5.454,2201,10.77,-92.72,0.0,-99.98,0.0,10.3
BTC-USDT-SWAP,1H,6H,0.002,0.03,0.01,148.0,0.001,-99.999,490,169,321,34.49,99.999,0.636,-5.454,2201,16.05,-89.15,0.0,-99.99,0.0,10.3
BTC-USDT-SWAP,1H,6H,0.002,0.03,0.015,148.0,0.001,-99.999,490,180,310,36.735,100.0,0.563,-5.455,2201,5.49,-96.29,0.0,-99.99,0.0,10.3
BTC-USDT-SWAP,1H,6H,0.002,0.03,0.02,148.0,0.0,-100.0,490,183,307,37.347,100.0,0.523,-5.455,2201,3.98,-97.31,0.0,-99.99,0.0,10.3
BTC-USDT-SWAP,1H,6H,0.002,0.03,0.025,148.0,0.0,-100.0,490,183,307,37.347,100.0,0.483,-5.455,2201,2.17,-98.53,0.0,-100.0,0.0,10.3
BTC-USDT-SWAP,1H,6H,0.002,0.03,0.03,148.0,0.0,-100.0,490,183,307,37.347,100.0,0.445,-5.455,2201,1.09,-99.26,0.0,-100.0,0.0,10.3
BTC-USDT-SWAP,1H,6H,0.003,0.004,0.005,148.0,0.958,-99.353,436,274,162,62.844,99.488,0.557,-5.419,2201,27.39,-81.49,1.03,-96.25,0.96,-6.69
BTC-USDT-SWAP,1H,6H,0.003,0.004,0.008,148.0,18.081,-87.783,436,327,109,75.0,92.749,0.702,-4.788,2201,79.47,-46.31,18.59,-76.61,18.08,-2.73
BTC-USDT-SWAP,1H,6H,0.003,0.004,0.01,148.0,88.366,-40.293,436,348,88,79.817,82.433,0.917,-2.198,2201,176.64,19.35,90.85,-48.57,88.37,-2.73
BTC-USDT-SWAP,1H,6H,0.003,0.004,0.015,148.0,1598.836,980.294,436,374,62,85.78,71.684,1.473,53.471,2201,980.01,562.17,1643.75,67.73,1598.84,-2.73
BTC-USDT-SWAP,1H,6H,0.003,0.004,0.02,148.0,3197.074,2060.185,436,380,56,87.156,60.786,2.068,112.374,2201,977.48,560.46,3286.89,236.26,3197.07,-2.73
BTC-USDT-SWAP,1H,6H,0.003,0.004,0.025,148.0,4804.397,3146.214,436,383,53,87.844,57.963,2.552,171.612,2201,1047.84,608.0,4939.37,371.38,4804.4,-2.73
BTC-USDT-SWAP,1H,6H,0.003,0.004,0.03,148.0,10593.244,7057.598,436,386,50,88.532,35.344,3.186,384.96,2201,1270.42,758.39,10890.84,757.27,10593.24,-2.73
BTC-USDT-SWAP,1H,6H,0.003,0.006,0.005,148.0,2.358,-98.406,436,227,209,52.064,98.88,0.778,-5.368,2201,74.01,-49.99,2.48,-96.65,2.36,-4.86
BTC-USDT-SWAP,1H,6H,0.003,0.006,0.008,148.0,29.337,-80.178,436,271,165,62.156,90.596,0.904,-4.373,2201,248.72,68.06,29.58,-88.11,29.34,-0.83
BTC-USDT-SWAP,1H,6H,0.003,0.006,0.01,148.0,114.071,-22.925,436,289,147,66.284,86.689,0.988,-1.25,2201,666.63,350.43,115.02,-82.75,114.07,-0.83
BTC-USDT-SWAP,1H,6H,0.003,0.006,0.015,148.0,1351.868,813.424,436,310,126,71.101,81.943,1.078,44.369,2201,3142.67,2023.43,1363.12,-56.63,1351.87,-0.83
BTC-USDT-SWAP,1H,6H,0.003,0.006,0.02,148.0,2261.129,1427.79,436,316,120,72.477,77.108,1.132,77.879,2201,2821.22,1806.23,2279.95,-19.19,2261.13,-0.83
BTC-USDT-SWAP,1H,6H,0.003,0.006,0.025,148.0,2907.59,1864.588,436,319,117,73.165,71.001,1.169,101.705,2201,2699.53,1724.01,2931.79,8.6,2907.59,-0.83
BTC-USDT-SWAP,1H,6H,0.003,0.006,0.03,148.0,7114.073,4706.806,436,322,114,73.853,64.712,1.224,256.735,2201,3211.2,2069.73,7173.28,123.38,7114.07,-0.83
BTC-USDT-SWAP,1H,6H,0.003,0.008,0.005,148.0,5.663,-96.174,436,206,230,47.248,97.619,0.863,-5.246,2201,144.1,-2.64,5.84,-95.95,5.66,-3.03
BTC-USDT-SWAP,1H,6H,0.003,0.008,0.008,148.0,50.453,-65.91,436,244,192,55.963,90.869,0.954,-3.595,2201,453.63,206.51,49.91,-89.0,50.45,1.08
BTC-USDT-SWAP,1H,6H,0.003,0.008,0.01,148.0,338.892,128.981,436,262,174,60.092,90.101,1.025,7.035,2201,2013.2,1260.27,335.27,-83.35,338.89,1.08
BTC-USDT-SWAP,1H,6H,0.003,0.008,0.015,148.0,5341.208,3508.924,436,281,155,64.45,75.524,1.112,191.396,2201,6933.67,4584.91,5284.04,-23.79,5341.21,1.08
BTC-USDT-SWAP,1H,6H,0.003,0.008,0.02,148.0,3441.606,2225.41,436,283,153,64.908,78.267,1.082,121.386,2201,5960.59,3927.43,3404.77,-42.88,3441.61,1.08
BTC-USDT-SWAP,1H,6H,0.003,0.008,0.025,148.0,2814.14,1801.446,436,285,151,65.367,78.96,1.077,98.261,2201,5439.08,3575.06,2784.02,-48.81,2814.14,1.08
BTC-USDT-SWAP,1H,6H,0.003,0.008,0.03,148.0,5887.234,3877.861,436,288,148,66.055,75.836,1.094,211.52,2201,6140.89,4049.25,5824.22,-5.16,5887.23,1.08
BTC-USDT-SWAP,1H,6H,0.003,0.01,0.005,148.0,1.127,-99.239,436,176,260,40.367,99.399,0.76,-5.413,2201,56.69,-61.7,1.14,-97.99,1.13,-1.21
BTC-USDT-SWAP,1H,6H,0.003,0.01,0.008,148.0,9.272,-93.735,436,212,224,48.624,96.679,0.895,-5.113,2201,208.38,40.8,9.0,-95.68,9.27,2.99
BTC-USDT-SWAP,1H,6H,0.003,0.01,0.01,148.0,49.038,-66.866,436,229,207,52.523,95.792,0.973,-3.647,2201,771.2,421.08,47.61,-93.83,49.04,2.99
BTC-USDT-SWAP,1H,6H,0.003,0.01,0.015,148.0,670.548,353.073,436,248,188,56.881,87.476,1.035,19.259,2201,1927.66,1202.47,651.09,-66.22,670.55,2.99
BTC-USDT-SWAP,1H,6H,0.003,0.01,0.02,148.0,517.298,249.526,436,251,185,57.569,90.589,1.025,13.611,2201,2022.98,1266.88,502.28,-75.17,517.3,2.99
BTC-USDT-SWAP,1H,6H,0.003,0.01,0.025,148.0,511.321,245.487,436,254,182,58.257,91.961,1.021,13.39,2201,2501.79,1590.4,496.48,-80.16,511.32,2.99
BTC-USDT-SWAP,1H,6H,0.003,0.01,0.03,148.0,408.697,176.146,436,255,181,58.486,91.66,1.018,9.608,2201,1679.94,1035.1,396.84,-76.38,408.7,2.99
BTC-USDT-SWAP,1H,6H,0.003,0.012,0.005,148.0,0.521,-99.648,436,162,274,37.156,99.737,0.746,-5.435,2201,46.16,-68.81,0.52,-98.88,0.52,0.62
BTC-USDT-SWAP,1H,6H,0.003,0.012,0.008,148.0,4.15,-97.196,436,197,239,45.183,98.545,0.888,-5.302,2201,205.89,39.11,3.96,-98.08,4.15,4.9
BTC-USDT-SWAP,1H,6H,0.003,0.012,0.01,148.0,18.266,-87.658,436,213,223,48.853,98.038,0.958,-4.781,2201,641.28,333.29,17.41,-97.28,18.27,4.9
BTC-USDT-SWAP,1H,6H,0.003,0.012,0.015,148.0,119.502,-19.255,436,229,207,52.523,95.193,0.997,-1.05,2201,1218.47,723.29,113.92,-90.65,119.5,4.9
BTC-USDT-SWAP,1H,6H,0.003,0.012,0.02,148.0,62.454,-57.801,436,231,205,52.982,96.295,0.986,-3.153,2201,837.66,465.99,59.54,-92.89,62.45,4.9
BTC-USDT-SWAP,1H,6H,0.003,0.012,0.025,148.0,37.637,-74.569,436,233,203,53.44,97.875,0.981,-4.067,2201,880.29,494.79,35.88,-95.92,37.64,4.9
BTC-USDT-SWAP,1H,6H,0.003,0.012,0.03,148.0,25.427,-82.819,436,234,202,53.67,98.071,0.97,-4.517,2201,477.35,222.53,24.24,-94.92,25.43,4.9
BTC-USDT-SWAP,1H,6H,0.003,0.015,0.005,148.0,0.219,-99.852,436,150,286,34.404,99.904,0.672,-5.446,2201,17.15,-88.42,0.21,-98.76,0.22,3.37
BTC-USDT-SWAP,1H,6H,0.003,0.015,0.008,148.0,0.724,-99.511,436,179,257,41.055,99.718,0.752,-5.428,2201,37.71,-74.52,0.67,-98.22,0.72,7.76
BTC-USDT-SWAP,1H,6H,0.003,0.015,0.01,148.0,2.497,-98.313,436,194,242,44.495,99.006,0.858,-5.363,2201,110.43,-25.39,2.32,-97.9,2.5,7.76
BTC-USDT-SWAP,1H,6H,0.003,0.015,0.015,148.0,5.365,-96.375,436,206,230,47.248,97.859,0.871,-5.257,2201,81.88,-44.67,4.98,-93.92,5.36,7.76
BTC-USDT-SWAP,1H,6H,0.003,0.015,0.02,148.0,3.847,-97.401,436,209,227,47.936,98.367,0.835,-5.313,2201,62.61,-57.69,3.57,-94.3,3.85,7.76
BTC-USDT-SWAP,1H,6H,0.003,0.015,0.025,148.0,2.1,-98.581,436,211,225,48.394,99.047,0.818,-5.377,2201,57.83,-60.92,1.95,-96.63,2.1,7.76
BTC-USDT-SWAP,1H,6H,0.003,0.015,0.03,148.0,1.138,-99.231,436,211,225,48.394,99.458,0.77,-5.413,2201,40.87,-72.39,1.06,-97.42,1.14,7.76
BTC-USDT-SWAP,1H,6H,0.003,0.02,0.005,148.0,0.059,-99.96,436,139,297,31.881,99.971,0.514,-5.452,2201,8.33,-94.37,0.05,-99.34,0.06,7.67
BTC-USDT-SWAP,1H,6H,0.003,0.02,0.008,148.0,0.082,-99.945,436,163,273,37.385,99.957,0.629,-5.452,2201,21.76,-85.3,0.07,-99.66,0.08,12.24
BTC-USDT-SWAP,1H,6H,0.003,0.02,0.01,148.0,0.161,-99.891,436,175,261,40.138,99.923,0.736,-5.449,2201,50.81,-65.67,0.14,-99.72,0.16,12.24
BTC-USDT-SWAP,1H,6H,0.003,0.02,0.015,148.0,0.138,-99.907,436,183,253,41.972,99.933,0.661,-5.449,2201,20.26,-86.31,0.12,-99.39,0.14,12.24
BTC-USDT-SWAP,1H,6H,0.003,0.02,0.02,148.0,0.079,-99.947,436,186,250,42.661,99.959,0.582,-5.452,2201,12.85,-91.32,0.07,-99.45,0.08,12.24
BTC-USDT-SWAP,1H,6H,0.003,0.02,0.025,148.0,0.031,-99.979,436,187,249,42.89,99.983,0.543,-5.453,2201,9.16,-93.81,0.03,-99.7,0.03,12.24
BTC-USDT-SWAP,1H,6H,0.003,0.02,0.03,148.0,0.013,-99.991,436,187,249,42.89,99.993,0.482,-5.454,2201,5.61,-96.21,0.01,-99.79,0.01,12.24
BTC-USDT-SWAP,1H,6H,0.003,0.03,0.005,148.0,0.023,-99.985,436,131,305,30.046,99.99,0.517,-5.454,2201,8.41,-94.32,0.02,-99.75,0.02,8.95
BTC-USDT-SWAP,1H,6H,0.003,0.03,0.008,148.0,0.016,-99.989,436,153,283,35.092,99.992,0.562,-5.454,2201,14.89,-89.94,0.01,-99.9,0.02,13.58
BTC-USDT-SWAP,1H,6H,0.003,0.03,0.01,148.0,0.021,-99.986,436,164,272,37.615,99.991,0.647,-5.454,2201,35.17,-76.24,0.02,-99.95,0.02,13.58
BTC-USDT-SWAP,1H,6H,0.003,0.03,0.015,148.0,0.012,-99.992,436,171,265,39.22,99.994,0.53,-5.454,2201,11.38,-92.31,0.01,-99.91,0.01,13.58
BTC-USDT-SWAP,1H,6H,0.003,0.03,0.02,148.0,0.005,-99.996,436,174,262,39.908,99.997,0.478,-5.454,2201,8.3,-94.39,0.0,-99.94,0.01,13.58
BTC-USDT-SWAP,1H,6H,0.003,0.03,0.025,148.0,0.001,-99.999,436,174,262,39.908,99.999,0.405,-5.455,2201,3.65,-97.54,0.0,-99.98,0.0,13.58
BTC-USDT-SWAP,1H,6H,0.003,0.03,0.03,148.0,0.0,-100.0,436,174,262,39.908,100.0,0.363,-5.455,2201,2.08,-98.59,0.0,-99.99,0.0,13.58
BTC-USDT-SWAP,1H,6H,0.004,0.004,0.005,148.0,6.127,-95.86,376,253,123,67.287,96.918,0.602,-5.229,2201,55.98,-62.18,5.89,-89.48,6.13,4.04
BTC-USDT-SWAP,1H,6H,0.004,0.004,0.008,148.0,69.271,-53.196,376,298,78,79.255,83.558,0.843,-2.902,2201,108.12,-26.95,66.58,-38.42,69.27,4.04
BTC-USDT-SWAP,1H,6H,0.004,0.004,0.01,148.0,142.577,-3.664,376,311,65,82.713,78.059,0.992,-0.2,2201,149.49,1.01,137.04,-8.33,142.58,4.04
BTC-USDT-SWAP,1H,6H,0.004,0.004,0.015,148.0,1259.26,750.852,376,332,44,88.298,62.527,1.684,40.956,2201,474.97,220.93,1210.36,154.83,1259.26,4.04
BTC-USDT-SWAP,1H,6H,0.004,0.004,0.02,148.0,2284.261,1443.42,376,338,38,89.894,57.645,2.489,78.732,2201,490.3,231.29,2195.56,347.8,2284.26,4.04
BTC-USDT-SWAP,1H,6H,0.004,0.004,0.025,148.0,2549.236,1622.457,376,340,36,90.426,54.608,2.605,88.498,2201,510.43,244.89,2450.25,380.03,2549.24,4.04
BTC-USDT-SWAP,1H,6H,0.004,0.004,0.03,148.0,10145.495,6755.064,376,344,32,91.489,35.609,3.411,368.458,2201,1117.02,654.74,9751.53,772.99,10145.5,4.04
BTC-USDT-SWAP,1H,6H,0.004,0.006,0.005,148.0,65.982,-55.418,376,225,151,59.84,73.021,0.93,-3.023,2201,217.4,46.89,71.4,-67.16,65.98,-7.59
BTC-USDT-SWAP,1H,6H,0.004,0.006,0.008,148.0,720.681,386.947,376,264,112,70.213,63.095,1.195,21.106,2201,478.11,223.05,740.49,54.88,720.68,-2.67
BTC-USDT-SWAP,1H,6H,0.004,0.006,0.01,148.0,1709.536,1055.092,376,277,99,73.67,61.885,1.3,57.55,2201,796.5,438.18,1756.52,120.53,1709.54,-2.67
BTC-USDT-SWAP,1H,6H,0.004,0.006,0.015,148.0,16336.066,10937.882,376,295,81,78.457,42.602,1.641,596.612,2201,2491.6,1583.51,16738.38,571.79,16336.07,-2.4
BTC-USDT-SWAP,1H,6H,0.004,0.006,0.02,148.0,23578.807,15831.627,376,300,76,79.787,51.478,2.072,863.543,2201,2110.68,1326.14,23981.12,1036.18,23578.81,-1.68
BTC-USDT-SWAP,1H,6H,0.004,0.006,0.025,148.0,24961.619,16765.959,376,302,74,80.319,46.979,2.107,914.507,2201,2096.25,1316.39,25363.93,1109.97,24961.62,-1.59
BTC-USDT-SWAP,1H,6H,0.004,0.006,0.03,148.0,47747.813,32162.036,376,306,70,81.383,32.3,2.054,1754.293,2201,4441.06,2900.72,48150.13,984.2,47747.81,-0.84
BTC-USDT-SWAP,1H,6H,0.004,0.008,0.005,148.0,44.07,-70.223,376,190,186,50.532,85.306,0.933,-3.83,2201,278.92,88.46,47.69,-82.9,44.07,-7.59
BTC-USDT-SWAP,1H,6H,0.004,0.008,0.008,148.0,459.666,210.585,376,224,152,59.574,75.201,1.069,11.486,2201,878.93,493.87,472.3,-46.26,459.67,-2.67
BTC-USDT-SWAP,1H,6H,0.004,0.008,0.01,148.0,1115.016,653.389,376,235,141,62.5,70.223,1.125,35.639,2201,1332.86,800.58,1145.66,-14.05,1115.02,-2.67
BTC-USDT-SWAP,1H,6H,0.004,0.008,0.015,148.0,6442.133,4252.793,376,250,126,66.489,61.925,1.225,231.971,2201,2867.38,1837.42,6619.17,130.84,6442.13,-2.67
BTC-USDT-SWAP,1H,6H,0.004,0.008,0.02,148.0,6640.109,4386.56,376,254,122,67.553,54.336,1.259,239.267,2201,2185.41,1376.63,6822.59,212.19,6640.11,-2.67
BTC-USDT-SWAP,1H,6H,0.004,0.008,0.025,148.0,6122.441,4036.784,376,256,120,68.085,54.336,1.258,220.188,2201,1936.66,1208.55,6290.69,224.82,6122.44,-2.67
BTC-USDT-SWAP,1H,6H,0.004,0.008,0.03,148.0,29138.367,19588.086,376,260,116,69.149,49.073,1.373,1068.441,2201,4155.03,2707.45,29540.68,610.96,29138.37,-1.36
BTC-USDT-SWAP,1H,6H,0.004,0.01,0.005,148.0,26.485,-82.105,376,169,207,44.947,90.172,0.921,-4.478,2201,250.63,69.34,28.66,-88.56,26.49,-7.59
BTC-USDT-SWAP,1H,6H,0.004,0.01,0.008,148.0,251.135,69.686,376,201,175,53.457,86.022,1.022,3.801,2201,920.29,521.82,258.04,-71.96,251.14,-2.67
BTC-USDT-SWAP,1H,6H,0.004,0.01,0.01,148.0,1000.146,575.774,376,214,162,56.915,78.928,1.089,31.406,2201,1582.36,969.16,1027.63,-35.06,1000.15,-2.67
BTC-USDT-SWAP,1H,6H,0.004,0.01,0.015,148.0,5302.006,3482.437,376,228,148,60.638,68.667,1.134,189.951,2201,3450.2,2231.21,5447.71,57.9,5302.01,-2.67
BTC-USDT-SWAP,1H,6H,0.004,0.01,0.02,148.0,5348.581,3513.906,376,232,144,61.702,60.563,1.133,191.668,2201,3278.2,2115.0,5495.57,67.64,5348.58,-2.67
BTC-USDT-SWAP,1H,6H,0.004,0.01,0.025,148.0,3174.073,2044.644,376,233,143,61.968,66.662,1.098,111.526,2201,3074.41,1977.3,3261.3,6.08,3174.07,-2.67
BTC-USDT-SWAP,1H,6H,0.004,0.01,0.03,148.0,8208.728,5446.438,376,236,140,62.766,67.417,1.108,297.078,2201,4292.23,2800.15,8434.32,96.5,8208.73,-2.67
BTC-USDT-SWAP,1H,6H,0.004,0.012,0.005,148.0,5.645,-96.186,376,148,228,39.362,96.816,0.833,-5.246,2201,130.81,-11.61,6.11,-95.33,5.65,-7.59
BTC-USDT-SWAP,1H,6H,0.004,0.012,0.008,148.0,42.156,-71.516,376,179,197,47.606,93.244,0.955,-3.901,2201,483.97,227.01,43.31,-91.05,42.16,-2.67
BTC-USDT-SWAP,1H,6H,0.004,0.012,0.01,148.0,168.526,13.869,376,192,184,51.064,89.468,1.006,0.756,2201,623.63,321.37,173.16,-72.23,168.53,-2.67
BTC-USDT-SWAP,1H,6H,0.004,0.012,0.015,148.0,498.822,237.042,376,204,172,54.255,83.17,1.046,12.93,2201,981.16,562.94,512.53,-47.76,498.82,-2.67
BTC-USDT-SWAP,1H,6H,0.004,0.012,0.02,148.0,703.869,375.587,376,209,167,55.585,76.642,1.056,20.487,2201,1193.21,706.22,723.21,-39.39,703.87,-2.67
BTC-USDT-SWAP,1H,6H,0.004,0.012,0.025,148.0,326.056,120.308,376,210,166,55.851,84.231,1.026,6.562,2201,933.58,530.8,335.02,-64.11,326.06,-2.67
BTC-USDT-SWAP,1H,6H,0.004,0.012,0.03,148.0,286.561,93.622,376,211,165,56.117,85.937,1.022,5.107,2201,659.78,345.8,294.44,-55.37,286.56,-2.67
BTC-USDT-SWAP,1H,6H,0.004,0.015,0.005,148.0,2.603,-98.241,376,135,241,35.904,98.594,0.788,-5.359,2201,76.99,-47.98,2.82,-96.34,2.6,-7.59
BTC-USDT-SWAP,1H,6H,0.004,0.015,0.008,148.0,6.675,-95.49,376,160,216,42.553,97.278,0.882,-5.209,2201,174.68,18.03,6.86,-96.07,6.67,-2.67
BTC-USDT-SWAP,1H,6H,0.004,0.015,0.01,148.0,20.668,-86.035,376,172,204,45.745,93.482,0.92,-4.693,2201,201.54,36.18,21.24,-89.46,20.67,-2.67
BTC-USDT-SWAP,1H,6H,0.004,0.015,0.015,148.0,17.309,-88.305,376,179,197,47.606,92.258,0.897,-4.817,2201,115.95,-21.66,17.78,-84.66,17.31,-2.67
BTC-USDT-SWAP,1H,6H,0.004,0.015,0.02,148.0,12.301,-91.688,376,182,194,48.404,93.963,0.887,-5.001,2201,104.53,-29.37,12.64,-87.91,12.3,-2.67
BTC-USDT-SWAP,1H,6H,0.004,0.015,0.025,148.0,5.56,-96.243,376,183,193,48.67,97.044,0.837,-5.25,2201,75.81,-48.77,5.71,-92.46,5.56,-2.67
BTC-USDT-SWAP,1H,6H,0.004,0.015,0.03,148.0,2.914,-98.031,376,183,193,48.67,98.45,0.779,-5.347,2201,49.89,-66.29,2.99,-94.0,2.91,-2.67
BTC-USDT-SWAP,1H,6H,0.004,0.02,0.005,148.0,0.665,-99.55,376,124,252,32.979,99.593,0.725,-5.43,2201,45.2,-69.46,0.72,-98.41,0.67,-7.59
BTC-USDT-SWAP,1H,6H,0.004,0.02,0.008,148.0,0.473,-99.68,376,144,232,38.298,99.705,0.795,-5.437,2201,80.58,-45.55,0.49,-99.4,0.47,-2.67
BTC-USDT-SWAP,1H,6H,0.004,0.02,0.01,148.0,0.593,-99.599,376,153,223,40.691,99.64,0.797,-5.433,2201,78.91,-46.68,0.61,-99.23,0.59,-2.67
BTC-USDT-SWAP,1H,6H,0.004,0.02,0.015,148.0,0.359,-99.758,376,160,216,42.553,99.773,0.707,-5.441,2201,28.57,-80.69,0.37,-98.71,0.36,-2.67
BTC-USDT-SWAP,1H,6H,0.004,0.02,0.02,148.0,0.239,-99.839,376,163,213,43.351,99.849,0.672,-5.446,2201,22.66,-84.69,0.25,-98.92,0.24,-2.67
BTC-USDT-SWAP,1H,6H,0.004,0.02,0.025,148.0,0.092,-99.938,376,164,212,43.617,99.941,0.616,-5.451,2201,15.05,-89.83,0.09,-99.37,0.09,-2.67
BTC-USDT-SWAP,1H,6H,0.004,0.02,0.03,148.0,0.039,-99.974,376,164,212,43.617,99.975,0.543,-5.453,2201,8.59,-94.2,0.04,-99.53,0.04,-2.67
BTC-USDT-SWAP,1H,6H,0.004,0.03,0.005,148.0,0.065,-99.956,376,112,264,29.787,99.963,0.521,-5.452,2201,17.74,-88.02,0.07,-99.6,0.07,-7.59
BTC-USDT-SWAP,1H,6H,0.004,0.03,0.008,148.0,0.033,-99.977,376,132,244,35.106,99.981,0.614,-5.453,2201,34.66,-76.58,0.03,-99.9,0.03,-2.67
BTC-USDT-SWAP,1H,6H,0.004,0.03,0.01,148.0,0.034,-99.977,376,141,235,37.5,99.98,0.612,-5.453,2201,31.72,-78.57,0.03,-99.89,0.03,-2.67
BTC-USDT-SWAP,1H,6H,0.004,0.03,0.015,148.0,0.02,-99.987,376,149,227,39.628,99.988,0.474,-5.454,2201,9.52,-93.57,0.02,-99.79,0.02,-2.67
BTC-USDT-SWAP,1H,6H,0.004,0.03,0.02,148.0,0.008,-99.995,376,151,225,40.16,99.995,0.449,-5.454,2201,8.88,-94.0,0.01,-99.91,0.01,-2.67
BTC-USDT-SWAP,1H,6H,0.004,0.03,0.025,148.0,0.002,-99.999,376,151,225,40.16,99.999,0.359,-5.454,2201,3.63,-97.55,0.0,-99.96,0.0,-2.67
BTC-USDT-SWAP,1H,6H,0.004,0.03,0.03,148.0,0.0,-100.0,376,151,225,40.16,100.0,0.311,-5.455,2201,1.93,-98.7,0.0,-99.98,0.0,-2.67
BTC-USDT-SWAP,1H,6H,0.005,0.004,0.005,148.0,2.866,-98.063,324,204,120,62.963,98.279,0.43,-5.349,2201,23.76,-83.95,2.85,-88.01,2.87,0.6
BTC-USDT-SWAP,1H,6H,0.005,0.004,0.008,148.0,36.713,-75.194,324,249,75,76.852,86.728,0.683,-4.101,2201,53.17,-64.08,36.49,-31.36,36.71,0.6
BTC-USDT-SWAP,1H,6H,0.005,0.004,0.01,148.0,108.344,-26.794,324,264,60,81.481,73.914,0.914,-1.462,2201,98.08,-33.73,107.7,9.81,108.34,0.6
BTC-USDT-SWAP,1H,6H,0.005,0.004,0.015,148.0,811.769,448.493,324,283,41,87.346,50.412,1.645,24.463,2201,330.39,123.23,806.93,144.24,811.77,0.6
BTC-USDT-SWAP,1H,6H,0.005,0.004,0.02,148.0,2722.312,1739.4,324,291,33,89.815,45.988,3.127,94.876,2201,476.41,221.9,2706.07,468.01,2722.31,0.6
BTC-USDT-SWAP,1H,6H,0.005,0.004,0.025,148.0,2910.654,1866.658,324,292,32,90.123,49.583,3.33,101.818,2201,444.7,200.48,2893.29,550.61,2910.65,0.6
BTC-USDT-SWAP,1H,6H,0.005,0.004,0.03,148.0,6889.609,4555.141,324,295,29,91.049,34.877,3.887,248.462,2201,808.75,446.45,6848.51,746.8,6889.61,0.6
BTC-USDT-SWAP,1H,6H,0.005,0.006,0.005,148.0,27.49,-81.426,324,186,138,57.407,86.784,0.792,-4.441,2201,85.67,-42.11,27.68,-67.69,27.49,-0.69
BTC-USDT-SWAP,1H,6H,0.005,0.006,0.008,148.0,527.768,256.6,324,228,96,70.37,64.934,1.234,13.996,2201,230.14,55.5,531.43,130.91,527.77,-0.69
BTC-USDT-SWAP,1H,6H,0.005,0.006,0.01,148.0,1620.184,994.719,324,241,83,74.383,60.274,1.537,54.257,2201,411.57,178.09,1631.43,296.4,1620.18,-0.69
BTC-USDT-SWAP,1H,6H,0.005,0.006,0.015,148.0,14309.842,9568.812,324,259,65,79.938,53.758,2.253,521.935,2201,1724.96,1065.51,14409.19,735.33,14309.84,-0.69
BTC-USDT-SWAP,1H,6H,0.005,0.006,0.02,148.0,25224.307,16943.451,324,265,59,81.79,35.304,3.342,924.188,2201,1471.68,894.38,25326.3,1620.91,25224.31,-0.4
BTC-USDT-SWAP,1H,6H,0.005,0.006,0.025,148.0,27526.731,18499.143,324,266,58,82.099,39.426,3.439,1009.044,2201,1350.84,812.73,27628.73,1945.3,27526.73,-0.37
BTC-USDT-SWAP,1H,6H,0.005,0.006,0.03,148.0,42709.532,28757.792,324,269,55,83.025,32.0,3.024,1568.607,2201,2708.09,1729.79,42811.53,1480.87,42709.53,-0.24
BTC-USDT-SWAP,1H,6H,0.005,0.008,0.005,148.0,27.254,-81.585,324,160,164,49.383,86.633,0.874,-4.45,2201,169.95,14.83,27.44,-83.85,27.25,-0.69
BTC-USDT-SWAP,1H,6H,0.005,0.008,0.008,148.0,264.209,78.52,324,194,130,59.877,65.038,1.042,4.283,2201,540.0,264.87,266.04,-50.73,264.21,-0.69
BTC-USDT-SWAP,1H,6H,0.005,0.008,0.01,148.0,670.905,353.314,324,205,119,63.272,64.343,1.115,19.272,2201,840.39,467.83,675.56,-19.61,670.9,-0.69
BTC-USDT-SWAP,1H,6H,0.005,0.008,0.015,148.0,4882.482,3198.974,324,220,104,67.901,66.012,1.2,174.49,2201,3644.71,2362.64,4916.38,34.89,4882.48,-0.69
BTC-USDT-SWAP,1H,6H,0.005,0.008,0.02,148.0,9464.609,6295.006,324,226,98,69.753,45.633,1.361,343.364,2201,2977.72,1911.98,9530.32,220.05,9464.61,-0.69
BTC-USDT-SWAP,1H,6H,0.005,0.008,0.025,148.0,9900.545,6589.557,324,227,97,70.062,46.929,1.385,359.43,2201,2557.34,1627.93,9969.28,289.83,9900.54,-0.69
BTC-USDT-SWAP,1H,6H,0.005,0.008,0.03,148.0,27331.01,18366.898,324,230,94,70.988,44.783,1.431,1001.831,2201,4959.62,3251.09,27433.01,453.13,27331.01,-0.37
BTC-USDT-SWAP,1H,6H,0.005,0.01,0.005,148.0,41.648,-71.859,324,148,176,45.679,82.9,0.917,-3.92,2201,223.07,50.72,41.94,-81.2,41.65,-0.69
BTC-USDT-SWAP,1H,6H,0.005,0.01,0.008,148.0,619.673,318.698,324,181,143,55.864,73.525,1.081,17.384,2201,1091.97,637.82,623.98,-42.86,619.67,-0.69
BTC-USDT-SWAP,1H,6H,0.005,0.01,0.01,148.0,1591.581,975.392,324,191,133,58.951,68.951,1.173,53.203,2201,1376.68,830.19,1602.63,16.41,1591.58,-0.69
BTC-USDT-SWAP,1H,6H,0.005,0.01,0.015,148.0,9014.5,5990.878,324,204,120,62.963,65.516,1.2,326.775,2201,5409.52,3555.08,9077.09,67.8,9014.5,-0.69
BTC-USDT-SWAP,1H,6H,0.005,0.01,0.02,148.0,8006.615,5309.875,324,207,117,63.889,63.142,1.2,289.63,2201,4230.72,2758.59,8062.2,90.56,8006.62,-0.69
BTC-USDT-SWAP,1H,6H,0.005,0.01,0.025,148.0,7168.659,4743.688,324,208,116,64.198,66.493,1.193,258.747,2201,3399.62,2197.04,7218.43,112.33,7168.66,-0.69
BTC-USDT-SWAP,1H,6H,0.005,0.01,0.03,148.0,23228.049,15594.628,324,211,113,65.123,60.438,1.26,850.616,2201,6373.54,4206.45,23330.05,266.05,23228.05,-0.44
BTC-USDT-SWAP,1H,6H,0.005,0.012,0.005,148.0,11.615,-92.152,324,131,193,40.432,93.962,0.819,-5.026,2201,97.61,-34.05,11.7,-88.02,11.61,-0.69
BTC-USDT-SWAP,1H,6H,0.005,0.012,0.008,148.0,98.184,-33.659,324,161,163,49.691,84.458,0.978,-1.836,2201,409.53,176.71,98.87,-75.86,98.18,-0.69
BTC-USDT-SWAP,1H,6H,0.005,0.012,0.01,148.0,247.845,67.463,324,171,153,52.778,77.656,1.037,3.68,2201,407.53,175.36,249.57,-38.76,247.85,-0.69
BTC-USDT-SWAP,1H,6H,0.005,0.012,0.015,148.0,1780.695,1103.172,324,186,138,57.407,73.706,1.105,60.173,2201,1720.94,1062.8,1793.06,4.19,1780.69,-0.69
BTC-USDT-SWAP,1H,6H,0.005,0.012,0.02,148.0,2015.063,1261.529,324,190,134,58.642,68.565,1.103,68.811,2201,1819.53,1129.41,2029.05,11.52,2015.06,-0.69
BTC-USDT-SWAP,1H,6H,0.005,0.012,0.025,148.0,1046.231,606.913,324,190,134,58.642,76.429,1.071,33.104,2201,1438.76,872.13,1053.5,-26.78,1046.23,-0.69
BTC-USDT-SWAP,1H,6H,0.005,0.012,0.03,148.0,919.028,520.965,324,191,133,58.951,78.491,1.066,28.416,2201,987.01,566.9,925.41,-6.24,919.03,-0.69
BTC-USDT-SWAP,1H,6H,0.005,0.015,0.005,148.0,3.279,-97.784,324,115,209,35.494,98.25,0.738,-5.334,2201,59.35,-59.9,3.3,-94.44,3.28,-0.69
BTC-USDT-SWAP,1H,6H,0.005,0.015,0.008,148.0,22.721,-84.648,324,143,181,44.136,91.768,0.904,-4.617,2201,203.06,37.2,22.88,-88.73,22.72,-0.69
BTC-USDT-SWAP,1H,6H,0.005,0.015,0.01,148.0,36.1,-75.608,324,151,173,46.605,89.069,0.916,-4.124,2201,198.43,34.07,36.35,-81.68,36.1,-0.69
BTC-USDT-SWAP,1H,6H,0.005,0.015,0.015,148.0,102.963,-30.43,324,163,161,50.309,85.877,0.983,-1.66,2201,263.8,78.24,103.68,-60.7,102.96,-0.69
BTC-USDT-SWAP,1H,6H,0.005,0.015,0.02,148.0,87.116,-41.138,324,166,158,51.235,90.042,0.98,-2.244,2201,256.03,72.99,87.72,-65.74,87.12,-0.69
BTC-USDT-SWAP,1H,6H,0.005,0.015,0.025,148.0,36.928,-75.048,324,166,158,51.235,92.876,0.938,-4.094,2201,162.1,9.53,37.18,-77.06,36.93,-0.69
BTC-USDT-SWAP,1H,6H,0.005,0.015,0.03,148.0,20.584,-86.092,324,166,158,51.235,93.316,0.895,-4.696,2201,103.85,-29.83,20.73,-80.04,20.58,-0.69
BTC-USDT-SWAP,1H,6H,0.005,0.02,0.005,148.0,0.434,-99.707,324,101,223,31.173,99.739,0.642,-5.439,2201,28.92,-80.46,0.44,-98.49,0.43,-0.69
BTC-USDT-SWAP,1H,6H,0.005,0.02,0.008,148.0,0.445,-99.699,324,121,203,37.346,99.742,0.69,-5.438,2201,42.42,-71.34,0.45,-98.94,0.45,-0.69
BTC-USDT-SWAP,1H,6H,0.005,0.02,0.01,148.0,0.212,-99.857,324,125,199,38.58,99.881,0.637,-5.447,2201,29.49,-80.08,0.21,-99.28,0.21,-0.69
BTC-USDT-SWAP,1H,6H,0.005,0.02,0.015,148.0,0.331,-99.776,324,135,189,41.667,99.804,0.604,-5.442,2201,18.45,-87.53,0.33,-98.19,0.33,-0.69
BTC-USDT-SWAP,1H,6H,0.005,0.02,0.02,148.0,0.286,-99.807,324,139,185,42.901,99.831,0.671,-5.444,2201,20.02,-86.47,0.29,-98.56,0.29,-0.69
BTC-USDT-SWAP,1H,6H,0.005,0.02,0.025,148.0,0.108,-99.927,324,139,185,42.901,99.936,0.594,-5.451,2201,11.26,-92.39,0.11,-99.04,0.11,-0.69
BTC-USDT-SWAP,1H,6H,0.005,0.02,0.03,148.0,0.048,-99.967,324,139,185,42.901,99.971,0.518,-5.453,2201,6.25,-95.77,0.05,-99.22,0.05,-0.69
BTC-USDT-SWAP,1H,6H,0.005,0.03,0.005,148.0,0.142,-99.904,324,95,229,29.321,99.921,0.561,-5.449,2201,22.27,-84.95,0.14,-99.36,0.14,-0.69
BTC-USDT-SWAP,1H,6H,0.005,0.03,0.008,148.0,0.101,-99.932,324,114,210,35.185,99.943,0.602,-5.451,2201,33.54,-77.34,0.1,-99.7,0.1,-0.69
BTC-USDT-SWAP,1H,6H,0.005,0.03,0.01,148.0,0.048,-99.968,324,118,206,36.42,99.973,0.557,-5.453,2201,24.65,-83.35,0.05,-99.81,0.05,-0.69
BTC-USDT-SWAP,1H,6H,0.005,0.03,0.015,148.0,0.049,-99.967,324,127,197,39.198,99.97,0.464,-5.453,2201,11.07,-92.52,0.05,-99.55,0.05,-0.69
BTC-USDT-SWAP,1H,6H,0.005,0.03,0.02,148.0,0.014,-99.99,324,128,196,39.506,99.991,0.423,-5.454,2201,7.31,-95.06,0.01,-99.81,0.01,-0.69
BTC-USDT-SWAP,1H,6H,0.005,0.03,0.025,148.0,0.004,-99.997,324,128,196,39.506,99.997,0.36,-5.454,2201,3.85,-97.4,0.0,-99.9,0.0,-0.69
BTC-USDT-SWAP,1H,6H,0.005,0.03,0.03,148.0,0.001,-99.999,324,128,196,39.506,99.999,0.312,-5.455,2201,1.99,-98.66,0.0,-99.94,0.0,-0.69
BTC-USDT-SWAP,1H,6H,0.007,0.004,0.005,148.0,8.781,-94.067,250,164,86,65.6,94.436,0.414,-5.131,2201,35.85,-75.77,8.63,-75.92,8.78,1.7
BTC-USDT-SWAP,1H,6H,0.007,0.004,0.008,148.0,39.075,-73.598,250,196,54,78.4,83.36,0.645,-4.014,2201,63.8,-56.89,38.42,-39.77,39.08,1.7
BTC-USDT-SWAP,1H,6H,0.007,0.004,0.01,148.0,61.997,-58.11,250,206,44,82.4,70.08,0.765,-3.17,2201,81.41,-44.99,60.96,-25.12,62.0,1.7
BTC-USDT-SWAP,1H,6H,0.007,0.004,0.015,148.0,180.278,21.809,250,220,30,88.0,52.925,1.067,1.19,2201,156.66,5.85,177.26,13.15,180.28,1.7
BTC-USDT-SWAP,1H,6H,0.007,0.004,0.02,148.0,440.131,197.386,250,227,23,90.8,54.672,1.495,10.766,2201,281.16,89.98,432.77,53.92,440.13,1.7
BTC-USDT-SWAP,1H,6H,0.007,0.004,0.025,148.0,1291.287,772.491,250,232,18,92.8,29.293,2.188,42.136,2201,421.14,184.55,1269.7,201.49,1291.29,1.7
BTC-USDT-SWAP,1H,6H,0.007,0.004,0.03,148.0,3281.261,2117.068,250,235,15,94.0,34.136,2.701,115.476,2201,822.21,455.55,3226.41,292.41,3281.26,1.7
BTC-USDT-SWAP,1H,6H,0.007,0.006,0.005,148.0,80.994,-45.274,250,153,97,61.2,68.056,0.871,-2.47,2201,102.12,-31.0,80.5,-21.17,80.99,0.61
BTC-USDT-SWAP,1H,6H,0.007,0.006,0.008,148.0,415.848,180.978,250,182,68,72.8,54.116,1.243,9.872,2201,232.4,57.03,413.32,77.85,415.85,0.61
BTC-USDT-SWAP,1H,6H,0.007,0.006,0.01,148.0,882.421,496.23,250,192,58,76.8,48.813,1.383,27.067,2201,326.8,120.81,877.05,168.38,882.42,0.61
BTC-USDT-SWAP,1H,6H,0.007,0.006,0.015,148.0,2546.22,1620.419,250,204,46,81.6,43.935,1.748,88.386,2201,623.21,321.09,2530.74,306.08,2546.22,0.61
BTC-USDT-SWAP,1H,6H,0.007,0.006,0.02,148.0,5180.337,3400.228,250,210,40,84.0,46.241,2.305,185.467,2201,903.13,510.22,5148.84,470.11,5180.34,0.61
BTC-USDT-SWAP,1H,6H,0.007,0.006,0.025,148.0,19009.649,12744.358,250,215,35,86.0,27.907,2.606,695.147,2201,1637.47,1006.4,18917.88,1055.31,19009.65,0.49
BTC-USDT-SWAP,1H,6H,0.007,0.006,0.03,148.0,35316.811,23762.71,250,218,32,87.2,32.845,2.528,1296.148,2201,3323.5,2145.61,35225.04,959.88,35316.81,0.26
BTC-USDT-SWAP,1H,6H,0.007,0.008,0.005,148.0,251.2,69.73,250,141,109,56.4,62.193,1.081,3.803,2201,281.15,89.97,249.67,-11.2,251.2,0.61
BTC-USDT-SWAP,1H,6H,0.007,0.008,0.008,148.0,1009.051,581.791,250,166,84,66.4,48.731,1.279,31.734,2201,594.12,301.43,1002.91,68.81,1009.05,0.61
BTC-USDT-SWAP,1H,6H,0.007,0.008,0.01,148.0,1987.391,1242.832,250,175,75,70.0,45.097,1.312,67.791,2201,898.42,507.04,1975.31,119.86,1987.39,0.61
BTC-USDT-SWAP,1H,6H,0.007,0.008,0.015,148.0,5851.492,3853.711,250,187,63,74.8,42.294,1.452,210.202,2201,2011.99,1259.45,5815.91,189.06,5851.49,0.61
BTC-USDT-SWAP,1H,6H,0.007,0.008,0.02,148.0,5587.997,3675.674,250,191,59,76.4,52.078,1.545,200.491,2201,1658.76,1020.78,5554.02,234.83,5588.0,0.61
BTC-USDT-SWAP,1H,6H,0.007,0.008,0.025,148.0,22725.96,15255.378,250,196,54,78.4,43.533,1.725,832.112,2201,2159.16,1358.89,22634.19,948.29,22725.96,0.41
BTC-USDT-SWAP,1H,6H,0.007,0.008,0.03,148.0,46588.395,31378.645,250,199,51,79.6,34.213,2.091,1711.562,2201,5209.56,3419.98,46496.62,792.52,46588.4,0.2
BTC-USDT-SWAP,1H,6H,0.007,0.01,0.005,148.0,54.738,-63.015,250,117,133,46.8,83.994,0.917,-3.437,2201,289.82,95.82,54.41,-81.23,54.74,0.61
BTC-USDT-SWAP,1H,6H,0.007,0.01,0.008,148.0,141.231,-4.574,250,138,112,55.2,79.711,0.997,-0.249,2201,491.58,232.15,140.37,-71.44,141.23,0.61
BTC-USDT-SWAP,1H,6H,0.007,0.01,0.01,148.0,304.881,106.001,250,147,103,58.8,77.34,1.036,5.782,2201,780.2,427.16,303.03,-61.16,304.88,0.61
BTC-USDT-SWAP,1H,6H,0.007,0.01,0.015,148.0,712.307,381.288,250,158,92,63.2,77.856,1.059,20.798,2201,1702.66,1050.44,707.98,-58.42,712.31,0.61
BTC-USDT-SWAP,1H,6H,0.007,0.01,0.02,148.0,754.035,409.483,250,162,88,64.8,66.367,1.083,22.335,2201,1343.75,807.94,749.45,-44.23,754.03,0.61
BTC-USDT-SWAP,1H,6H,0.007,0.01,0.025,148.0,2332.36,1475.919,250,166,84,66.4,64.749,1.135,80.505,2201,1667.44,1026.65,2318.18,39.03,2332.36,0.61
BTC-USDT-SWAP,1H,6H,0.007,0.01,0.03,148.0,10799.089,7196.682,250,169,81,67.6,60.947,1.202,392.546,2201,4766.6,3120.68,10733.42,125.18,10799.09,0.61
BTC-USDT-SWAP,1H,6H,0.007,0.012,0.005,148.0,43.075,-70.895,250,108,142,43.2,88.821,0.907,-3.867,2201,314.75,112.67,42.81,-86.4,43.08,0.61
BTC-USDT-SWAP,1H,6H,0.007,0.012,0.008,148.0,174.212,17.711,250,131,119,52.4,80.729,1.01,0.966,2201,604.22,308.26,173.15,-71.34,174.21,0.61
BTC-USDT-SWAP,1H,6H,0.007,0.012,0.01,148.0,460.619,211.229,250,140,110,56.0,70.508,1.059,11.522,2201,838.03,466.24,457.82,-45.37,460.62,0.61
BTC-USDT-SWAP,1H,6H,0.007,0.012,0.015,148.0,533.597,260.539,250,147,103,58.8,81.533,1.041,14.211,2201,1645.21,1011.63,530.35,-67.76,533.6,0.61
BTC-USDT-SWAP,1H,6H,0.007,0.012,0.02,148.0,285.824,93.124,250,149,101,59.6,86.046,1.021,5.08,2201,1242.5,739.53,284.09,-77.14,285.82,0.61
BTC-USDT-SWAP,1H,6H,0.007,0.012,0.025,148.0,575.572,288.9,250,152,98,60.8,84.822,1.039,15.758,2201,1469.31,892.77,572.07,-61.07,575.57,0.61
BTC-USDT-SWAP,1H,6H,0.007,0.012,0.03,148.0,2202.401,1388.109,250,155,95,62.0,80.043,1.063,75.715,2201,4057.53,2641.58,2189.01,-46.05,2202.4,0.61
BTC-USDT-SWAP,1H,6H,0.007,0.015,0.005,148.0,16.694,-88.72,250,97,153,38.8,95.146,0.861,-4.839,2201,258.64,74.76,16.59,-93.58,16.69,0.61
BTC-USDT-SWAP,1H,6H,0.007,0.015,0.008,148.0,61.127,-58.698,250,119,131,47.6,88.378,0.937,-3.202,2201,324.28,119.11,60.76,-81.26,61.13,0.61
BTC-USDT-SWAP,1H,6H,0.007,0.015,0.01,148.0,167.368,13.086,250,128,122,51.2,78.331,1.007,0.714,2201,447.47,202.34,166.35,-62.82,167.37,0.61
BTC-USDT-SWAP,1H,6H,0.007,0.015,0.015,148.0,265.362,79.299,250,137,113,54.8,85.955,1.02,4.325,2201,1024.22,592.04,263.75,-74.25,265.36,0.61
BTC-USDT-SWAP,1H,6H,0.007,0.015,0.02,148.0,193.031,30.426,250,140,110,56.0,88.301,1.009,1.66,2201,955.89,545.87,191.86,-79.93,193.03,0.61
BTC-USDT-SWAP,1H,6H,0.007,0.015,0.025,148.0,142.869,-3.467,250,141,109,56.4,90.009,0.999,-0.189,2201,654.02,341.9,142.0,-78.29,142.87,0.61
BTC-USDT-SWAP,1H,6H,0.007,0.015,0.03,148.0,307.574,107.82,250,143,107,57.2,87.711,1.02,5.881,2201,1140.67,670.72,305.7,-73.2,307.57,0.61
BTC-USDT-SWAP,1H,6H,0.007,0.02,0.005,148.0,3.195,-97.841,250,84,166,33.6,98.352,0.72,-5.337,2201,103.13,-30.32,3.18,-96.92,3.19,0.61
BTC-USDT-SWAP,1H,6H,0.007,0.02,0.008,148.0,2.609,-98.237,250,100,150,40.0,98.71,0.723,-5.358,2201,90.45,-38.89,2.59,-97.13,2.61,0.61
BTC-USDT-SWAP,1H,6H,0.007,0.02,0.01,148.0,4.94,-96.662,250,107,143,42.8,97.558,0.753,-5.272,2201,73.23,-50.52,4.91,-93.3,4.94,0.61
BTC-USDT-SWAP,1H,6H,0.007,0.02,0.015,148.0,3.989,-97.305,250,114,136,45.6,98.028,0.754,-5.308,2201,84.03,-43.23,3.96,-95.28,3.99,0.61
BTC-USDT-SWAP,1H,6H,0.007,0.02,0.02,148.0,1.92,-98.703,250,116,134,46.4,99.051,0.732,-5.384,2201,72.33,-51.13,1.91,-97.36,1.92,0.61
BTC-USDT-SWAP,1H,6H,0.007,0.02,0.025,148.0,0.814,-99.45,250,116,134,46.4,99.598,0.651,-5.425,2201,43.48,-70.62,0.81,-98.14,0.81,0.61
BTC-USDT-SWAP,1H,6H,0.007,0.02,0.03,148.0,1.054,-99.288,250,117,133,46.8,99.479,0.65,-5.416,2201,46.72,-68.44,1.05,-97.76,1.05,0.61
BTC-USDT-SWAP,1H,6H,0.007,0.03,0.005,148.0,0.783,-99.471,250,77,173,30.8,99.478,0.721,-5.426,2201,120.3,-18.72,0.78,-99.35,0.78,0.61
BTC-USDT-SWAP,1H,6H,0.007,0.03,0.008,148.0,0.45,-99.696,250,93,157,37.2,99.712,0.702,-5.438,2201,99.08,-33.05,0.45,-99.55,0.45,0.61
BTC-USDT-SWAP,1H,6H,0.007,0.03,0.01,148.0,0.968,-99.346,250,100,150,40.0,99.381,0.712,-5.419,2201,63.24,-57.27,0.96,-98.48,0.97,0.61
BTC-USDT-SWAP,1H,6H,0.007,0.03,0.015,148.0,0.473,-99.68,250,106,144,42.4,99.697,0.675,-5.437,2201,64.52,-56.41,0.47,-99.27,0.47,0.61
BTC-USDT-SWAP,1H,6H,0.007,0.03,0.02,148.0,0.16,-99.892,250,108,142,43.2,99.898,0.646,-5.449,2201,47.1,-68.18,0.16,-99.66,0.16,0.61
BTC-USDT-SWAP,1H,6H,0.007,0.03,0.025,148.0,0.052,-99.965,250,108,142,43.2,99.967,0.562,-5.453,2201,26.49,-82.1,0.05,-99.8,0.05,0.61
BTC-USDT-SWAP,1H,6H,0.007,0.03,0.03,148.0,0.055,-99.963,250,109,141,43.6,99.965,0.539,-5.453,2201,26.5,-82.09,0.05,-99.79,0.05,0.61
BTC-USDT-SWAP,1H,6H,0.01,0.004,0.005,148.0,18.935,-87.206,174,113,61,64.943,88.181,0.448,-4.757,2201,56.68,-61.7,18.93,-66.6,,
BTC-USDT-SWAP,1H,6H,0.01,0.004,0.008,148.0,56.096,-62.097,174,136,38,78.161,69.599,0.687,-3.387,2201,98.61,-33.37,56.1,-43.11,,
BTC-USDT-SWAP,1H,6H,0.01,0.004,0.01,148.0,67.522,-54.377,174,142,32,81.609,70.806,0.716,-2.966,2201,100.8,-31.89,67.52,-33.02,,
BTC-USDT-SWAP,1H,6H,0.01,0.004,0.015,148.0,230.434,55.699,174,154,20,88.506,46.986,1.232,3.038,2201,182.45,23.28,230.43,26.3,,
BTC-USDT-SWAP,1H,6H,0.01,0.004,0.02,148.0,260.162,75.785,174,157,17,90.23,50.406,1.295,4.134,2201,228.69,54.52,260.16,13.76,,
BTC-USDT-SWAP,1H,6H,0.01,0.004,0.025,148.0,583.687,294.383,174,161,13,92.529,39.477,1.777,16.057,2201,366.01,147.3,583.69,59.47,,
BTC-USDT-SWAP,1H,6H,0.01,0.004,0.03,148.0,988.796,568.105,174,163,11,93.678,32.712,2.197,30.988,2201,511.41,245.54,988.8,93.35,,
BTC-USDT-SWAP,1H,6H,0.01,0.006,0.005,148.0,98.943,-33.147,174,106,68,60.92,62.948,0.89,-1.808,2201,123.57,-16.51,98.94,-19.93,,
BTC-USDT-SWAP,1H,6H,0.01,0.006,0.008,148.0,404.33,173.196,174,128,46,73.563,35.827,1.303,9.447,2201,266.16,79.84,404.33,51.91,,
BTC-USDT-SWAP,1H,6H,0.01,0.006,0.01,148.0,534.637,261.241,174,134,40,77.011,37.723,1.473,14.25,2201,282.85,91.12,534.64,89.02,,
BTC-USDT-SWAP,1H,6H,0.01,0.006,0.015,148.0,2172.011,1367.575,174,146,28,83.908,30.433,2.352,74.595,2201,575.23,288.67,2172.01,277.59,,
BTC-USDT-SWAP,1H,6H,0.01,0.006,0.02,148.0,2189.087,1379.113,174,148,26,85.057,42.263,2.307,75.224,2201,625.21,322.44,2189.09,250.14,,
BTC-USDT-SWAP,1H,6H,0.01,0.006,0.025,148.0,5308.002,3486.488,174,152,22,87.356,28.345,2.608,190.172,2201,1040.24,602.86,5308.0,410.27,,
BTC-USDT-SWAP,1H,6H,0.01,0.006,0.03,148.0,9348.117,6216.295,174,154,20,88.506,32.0,2.89,339.071,2201,1481.98,901.34,9348.12,530.79,,
BTC-USDT-SWAP,1H,6H,0.01,0.008,0.005,148.0,160.048,8.14,174,92,82,52.874,60.964,1.017,0.444,2201,192.69,30.19,160.05,-16.94,,
BTC-USDT-SWAP,1H,6H,0.01,0.008,0.008,148.0,698.797,372.16,174,111,63,63.793,36.118,1.342,20.3,2201,372.75,151.86,698.8,87.47,,
BTC-USDT-SWAP,1H,6H,0.01,0.008,0.01,148.0,911.573,515.928,174,116,58,66.667,40.862,1.43,28.142,2201,484.91,227.64,911.57,87.99,,
BTC-USDT-SWAP,1H,6H,0.01,0.008,0.015,148.0,2919.01,1872.304,174,126,48,72.414,41.917,1.882,102.126,2201,862.54,482.8,2919.01,238.42,,
BTC-USDT-SWAP,1H,6H,0.01,0.008,0.02,148.0,3719.522,2413.19,174,128,46,73.563,51.794,1.93,131.629,2201,1080.07,629.78,3719.52,244.38,,
BTC-USDT-SWAP,1H,6H,0.01,0.008,0.025,148.0,9732.965,6476.328,174,132,42,75.862,38.465,2.048,353.254,2201,1866.82,1161.37,9732.96,421.37,,
BTC-USDT-SWAP,1H,6H,0.01,0.008,0.03,148.0,17641.847,11820.167,174,134,40,77.011,42.679,2.155,644.736,2201,2710.73,1731.57,17641.85,550.82,,
BTC-USDT-SWAP,1H,6H,0.01,0.01,0.005,148.0,188.875,27.618,174,83,91,47.701,59.591,1.041,1.506,2201,269.77,82.27,188.87,-29.99,,
BTC-USDT-SWAP,1H,6H,0.01,0.01,0.008,148.0,944.077,537.89,174,102,72,58.621,41.467,1.253,29.339,2201,717.39,384.72,944.08,31.6,,
BTC-USDT-SWAP,1H,6H,0.01,0.01,0.01,148.0,1327.929,797.25,174,107,67,61.494,46.05,1.316,43.486,2201,987.13,566.98,1327.93,34.52,,
BTC-USDT-SWAP,1H,6H,0.01,0.01,0.015,148.0,2520.456,1603.011,174,115,59,66.092,48.062,1.467,87.437,2201,1130.43,663.8,2520.46,122.96,,
BTC-USDT-SWAP,1H,6H,0.01,0.01,0.02,148.0,2926.673,1877.482,174,117,57,67.241,49.014,1.439,102.408,2201,1420.4,859.73,2926.67,106.05,,
BTC-USDT-SWAP,1H,6H,0.01,0.01,0.025,148.0,13566.533,9066.576,174,122,52,70.115,41.57,1.667,494.541,2201,2690.76,1718.08,13566.53,404.19,,
BTC-USDT-SWAP,1H,6H,0.01,0.01,0.03,148.0,24446.588,16417.965,174,124,50,71.264,42.499,1.749,895.525,2201,3980.84,2589.76,24446.59,514.11,,
BTC-USDT-SWAP,1H,6H,0.01,0.012,0.005,148.0,195.203,31.894,174,74,100,42.529,60.524,1.048,1.74,2201,235.09,58.84,195.2,-16.97,,
BTC-USDT-SWAP,1H,6H,0.01,0.012,0.008,148.0,1038.601,601.757,174,92,82,52.874,40.216,1.228,32.823,2201,746.61,404.47,1038.6,39.11,,
BTC-USDT-SWAP,1H,6H,0.01,0.012,0.01,148.0,1329.073,798.022,174,96,78,55.172,48.871,1.27,43.528,2201,921.52,522.65,1329.07,44.23,,
BTC-USDT-SWAP,1H,6H,0.01,0.012,0.015,148.0,2905.771,1863.359,174,104,70,59.77,42.018,1.424,101.638,2201,1115.01,653.39,2905.77,160.6,,
BTC-USDT-SWAP,1H,6H,0.01,0.012,0.02,148.0,2472.422,1570.556,174,105,69,60.345,46.128,1.389,85.667,2201,1007.96,581.06,2472.42,145.29,,
BTC-USDT-SWAP,1H,6H,0.01,0.012,0.025,148.0,11754.315,7842.105,174,110,64,63.218,41.351,1.58,427.751,2201,1853.36,1152.27,11754.32,534.22,,
BTC-USDT-SWAP,1H,6H,0.01,0.012,0.03,148.0,24720.394,16602.969,174,112,62,64.368,41.057,1.649,905.616,2201,3055.21,1964.33,24720.39,709.12,,
BTC-USDT-SWAP,1H,6H,0.01,0.015,0.005,148.0,119.569,-19.21,174,65,109,37.356,73.939,0.968,-1.048,2201,219.19,48.1,119.57,-45.45,,
BTC-USDT-SWAP,1H,6H,0.01,0.015,0.008,148.0,591.588,299.721,174,82,92,47.126,59.067,1.133,16.348,2201,604.25,308.27,591.59,-2.09,,
BTC-USDT-SWAP,1H,6H,0.01,0.015,0.01,148.0,464.05,213.547,174,84,90,48.276,74.216,1.091,11.648,2201,752.38,408.37,464.05,-38.32,,
BTC-USDT-SWAP,1H,6H,0.01,0.015,0.015,148.0,474.54,220.635,174,89,85,51.149,70.49,1.083,12.035,2201,764.59,416.62,474.54,-37.94,,
BTC-USDT-SWAP,1H,6H,0.01,0.015,0.02,148.0,310.82,110.013,174,90,84,51.724,72.617,1.049,6.001,2201,610.13,312.25,310.82,-49.06,,
BTC-USDT-SWAP,1H,6H,0.01,0.015,0.025,148.0,688.85,365.439,174,93,81,53.448,70.242,1.082,19.933,2201,1036.42,600.29,688.85,-33.54,,
BTC-USDT-SWAP,1H,6H,0.01,0.015,0.03,148.0,1529.93,933.737,174,95,79,54.598,61.854,1.109,50.931,2201,1932.48,1205.73,1529.93,-20.83,,
BTC-USDT-SWAP,1H,6H,0.01,0.02,0.005,148.0,51.555,-65.166,174,56,118,32.184,83.023,0.85,-3.554,2201,160.71,8.59,51.55,-67.92,,
BTC-USDT-SWAP,1H,6H,0.01,0.02,0.008,148.0,148.337,0.228,174,70,104,40.23,66.812,1.0,0.012,2201,230.81,55.95,148.34,-35.73,,
BTC-USDT-SWAP,1H,6H,0.01,0.02,0.01,148.0,102.869,-30.494,174,72,102,41.379,74.509,0.962,-1.663,2201,207.18,39.99,102.87,-50.35,,
BTC-USDT-SWAP,1H,6H,0.01,0.02,0.015,148.0,75.787,-48.792,174,76,98,43.678,80.493,0.947,-2.661,2201,201.51,36.16,75.79,-62.39,,
BTC-USDT-SWAP,1H,6H,0.01,0.02,0.02,148.0,28.272,-80.897,174,76,98,43.678,90.485,0.867,-4.413,2201,130.64,-11.73,28.27,-78.36,,
BTC-USDT-SWAP,1H,6H,0.01,0.02,0.025,148.0,13.405,-90.943,174,76,98,43.678,94.472,0.798,-4.961,2201,86.15,-41.79,13.41,-84.44,,
BTC-USDT-SWAP,1H,6H,0.01,0.02,0.03,148.0,39.887,-73.049,174,78,96,44.828,91.585,0.922,-3.985,2201,218.71,47.78,39.89,-81.76,,
BTC-USDT-SWAP,1H,6H,0.01,0.03,0.005,148.0,2.57,-98.264,174,43,131,24.713,98.44,0.516,-5.36,2201,52.66,-64.42,2.57,-95.12,,
BTC-USDT-SWAP,1H,6H,0.01,0.03,0.008,148.0,5.613,-96.207,174,55,119,31.609,96.592,0.615,-5.248,2201,42.02,-71.61,5.61,-86.64,,
BTC-USDT-SWAP,1H,6H,0.01,0.03,0.01,148.0,4.2,-97.162,174,57,117,32.759,97.45,0.57,-5.3,2201,35.27,-76.17,4.2,-88.09,,
BTC-USDT-SWAP,1H,6H,0.01,0.03,0.015,148.0,2.995,-97.977,174,62,112,35.632,98.182,0.62,-5.344,2201,33.45,-77.4,2.99,-91.05,,
BTC-USDT-SWAP,1H,6H,0.01,0.03,0.02,148.0,1.052,-99.289,174,62,112,35.632,99.361,0.522,-5.416,2201,19.39,-86.9,1.05,-94.57,,
BTC-USDT-SWAP,1H,6H,0.01,0.03,0.025,148.0,0.437,-99.705,174,62,112,35.632,99.735,0.428,-5.438,2201,11.19,-92.44,0.44,-96.1,,
BTC-USDT-SWAP,1H,6H,0.01,0.03,0.03,148.0,0.701,-99.526,174,63,111,36.207,99.574,0.477,-5.429,2201,14.14,-90.45,0.7,-95.04,,
BTC-USDT-SWAP,1H,12H,0.001,0.004,0.005,148.0,2.238,-98.488,300,185,115,61.667,98.641,0.484,-5.372,1101,35.17,-76.23,2.3,-93.45,2.24,-2.84
BTC-USDT-SWAP,1H,12H,0.001,0.004,0.008,148.0,10.672,-92.789,300,221,79,73.667,94.014,0.644,-5.061,1101,62.53,-57.75,10.98,-82.43,10.67,-2.84
BTC-USDT-SWAP,1H,12H,0.001,0.004,0.01,148.0,20.509,-86.143,300,234,66,78.0,89.644,0.717,-4.699,1101,83.45,-43.61,21.11,-74.71,20.51,-2.84
BTC-USDT-SWAP,1H,12H,0.001,0.004,0.015,148.0,65.322,-55.863,300,248,52,82.667,77.916,0.905,-3.047,1101,210.8,42.43,67.23,-68.11,65.32,-2.84
BTC-USDT-SWAP,1H,12H,0.001,0.004,0.02,148.0,102.369,-30.831,300,254,46,84.667,71.09,0.944,-1.682,1101,201.27,35.99,105.36,-47.65,102.37,-2.84
BTC-USDT-SWAP,1H,12H,0.001,0.004,0.025,148.0,393.798,166.08,300,260,40,86.667,65.071,1.179,9.059,1101,326.27,120.45,405.29,24.22,393.8,-2.84
BTC-USDT-SWAP,1H,12H,0.001,0.004,0.03,148.0,330.212,123.116,300,260,40,86.667,66.246,1.145,6.715,1101,303.92,105.35,339.85,11.82,330.21,-2.84
BTC-USDT-SWAP,1H,12H,0.001,0.006,0.005,148.0,6.384,-95.687,300,163,137,54.333,96.159,0.717,-5.219,1101,60.26,-59.28,6.57,-89.1,6.38,-2.84
BTC-USDT-SWAP,1H,12H,0.001,0.006,0.008,148.0,25.502,-82.769,300,196,104,65.333,85.079,0.842,-4.515,1101,106.57,-27.99,26.25,-75.37,25.5,-2.84
BTC-USDT-SWAP,1H,12H,0.001,0.006,0.01,148.0,32.806,-77.834,300,206,94,68.667,84.796,0.87,-4.245,1101,123.2,-16.76,33.76,-72.6,32.81,-2.84
BTC-USDT-SWAP,1H,12H,0.001,0.006,0.015,148.0,95.579,-35.42,300,220,80,73.333,80.625,0.973,-1.932,1101,298.29,101.55,98.37,-67.02,95.58,-2.84
BTC-USDT-SWAP,1H,12H,0.001,0.006,0.02,148.0,268.816,81.633,300,228,72,76.0,82.844,1.036,4.453,1101,572.54,286.85,276.66,-51.68,268.82,-2.84
BTC-USDT-SWAP,1H,12H,0.001,0.006,0.025,148.0,1090.334,636.712,300,234,66,78.0,79.461,1.135,34.73,1101,964.86,551.93,1122.16,16.3,1090.33,-2.84
BTC-USDT-SWAP,1H,12H,0.001,0.006,0.03,148.0,1060.077,616.269,300,234,66,78.0,79.54,1.137,33.615,1101,898.77,507.28,1091.02,21.39,1060.08,-2.84
BTC-USDT-SWAP,1H,12H,0.001,0.008,0.005,148.0,2.137,-98.556,300,135,165,45.0,99.008,0.727,-5.376,1101,47.56,-67.87,2.2,-95.38,2.14,-2.84
BTC-USDT-SWAP,1H,12H,0.001,0.008,0.008,148.0,6.587,-95.55,300,165,135,55.0,96.514,0.799,-5.212,1101,77.76,-47.46,6.78,-91.28,6.59,-2.84
BTC-USDT-SWAP,1H,12H,0.001,0.008,0.01,148.0,9.916,-93.3,300,176,124,58.667,95.942,0.841,-5.089,1101,112.6,-23.92,10.2,-90.94,9.92,-2.84
BTC-USDT-SWAP,1H,12H,0.001,0.008,0.015,148.0,17.816,-87.962,300,189,111,63.0,96.217,0.912,-4.798,1101,206.9,39.8,18.34,-91.14,17.82,-2.84
BTC-USDT-SWAP,1H,12H,0.001,0.008,0.02,148.0,40.535,-72.611,300,197,103,65.667,96.207,0.966,-3.961,1101,568.48,284.11,41.72,-92.66,40.54,-2.84
BTC-USDT-SWAP,1H,12H,0.001,0.008,0.025,148.0,75.175,-49.206,300,202,98,67.333,95.65,0.987,-2.684,1101,871.25,488.69,77.37,-91.12,75.18,-2.84
BTC-USDT-SWAP,1H,12H,0.001,0.008,0.03,148.0,75.165,-49.213,300,202,98,67.333,95.858,0.986,-2.684,1101,795.35,437.4,77.36,-90.27,75.16,-2.84
BTC-USDT-SWAP,1H,12H,0.001,0.01,0.005,148.0,3.216,-97.827,300,126,174,42.0,98.792,0.817,-5.336,1101,70.33,-52.48,3.31,-95.29,3.22,-2.84
BTC-USDT-SWAP,1H,12H,0.001,0.01,0.008,148.0,9.151,-93.817,300,155,145,51.667,97.259,0.879,-5.117,1101,126.7,-14.39,9.42,-92.57,9.15,-2.84
BTC-USDT-SWAP,1H,12H,0.001,0.01,0.01,148.0,12.813,-91.343,300,166,134,55.333,97.369,0.909,-4.982,1101,181.05,22.33,13.19,-92.72,12.81,-2.84
BTC-USDT-SWAP,1H,12H,0.001,0.01,0.015,148.0,35.162,-76.242,300,180,120,60.0,96.524,0.966,-4.159,1101,439.16,196.73,36.19,-91.76,35.16,-2.84
BTC-USDT-SWAP,1H,12H,0.001,0.01,0.02,148.0,49.238,-66.731,300,185,115,61.667,96.934,0.984,-3.64,1101,927.81,526.9,50.68,-94.54,49.24,-2.84
BTC-USDT-SWAP,1H,12H,0.001,0.01,0.025,148.0,81.669,-44.818,300,190,110,63.333,96.76,0.991,-2.445,1101,927.12,526.44,84.05,-90.93,81.67,-2.84
BTC-USDT-SWAP,1H,12H,0.001,0.01,0.03,148.0,135.466,-8.469,300,191,109,63.667,95.368,0.998,-0.462,1101,947.77,540.38,139.42,-85.29,135.47,-2.84
BTC-USDT-SWAP,1H,12H,0.001,0.012,0.005,148.0,1.968,-98.67,300,115,185,38.333,99.285,0.799,-5.382,1101,37.65,-74.56,2.03,-94.62,1.97,-2.84
BTC-USDT-SWAP,1H,12H,0.001,0.012,0.008,148.0,3.624,-97.551,300,141,159,47.0,98.609,0.821,-5.321,1101,50.76,-65.7,3.73,-92.65,3.62,-2.84
BTC-USDT-SWAP,1H,12H,0.001,0.012,0.01,148.0,3.823,-97.417,300,150,150,50.0,98.798,0.847,-5.314,1101,64.45,-56.45,3.93,-93.9,3.82,-2.84
BTC-USDT-SWAP,1H,12H,0.001,0.012,0.015,148.0,7.273,-95.086,300,163,137,54.333,98.968,0.93,-5.186,1101,189.93,28.33,7.49,-96.06,7.27,-2.84
BTC-USDT-SWAP,1H,12H,0.001,0.012,0.02,148.0,15.982,-89.202,300,169,131,56.333,98.38,0.963,-4.866,1101,373.96,152.67,16.45,-95.6,15.98,-2.84
BTC-USDT-SWAP,1H,12H,0.001,0.012,0.025,148.0,13.218,-91.069,300,172,128,57.333,98.841,0.965,-4.967,1101,333.21,125.14,13.6,-95.92,13.22,-2.84
BTC-USDT-SWAP,1H,12H,0.001,0.012,0.03,148.0,16.794,-88.653,300,173,127,57.667,98.764,0.965,-4.836,1101,295.39,99.58,17.28,-94.15,16.79,-2.84
BTC-USDT-SWAP,1H,12H,0.001,0.015,0.005,148.0,0.219,-99.852,300,97,203,32.333,99.89,0.613,-5.446,1101,9.9,-93.31,0.23,-97.72,0.22,-2.84
BTC-USDT-SWAP,1H,12H,0.001,0.015,0.008,148.0,0.316,-99.786,300,122,178,40.667,99.848,0.623,-5.443,1101,11.79,-92.03,0.33,-97.24,0.32,-2.84
BTC-USDT-SWAP,1H,12H,0.001,0.015,0.01,148.0,0.359,-99.758,300,131,169,43.667,99.837,0.666,-5.441,1101,14.53,-90.18,0.37,-97.46,0.36,-2.84
BTC-USDT-SWAP,1H,12H,0.001,0.015,0.015,148.0,0.564,-99.619,300,144,156,48.0,99.805,0.765,-5.434,1101,28.48,-80.76,0.58,-97.96,0.56,-2.84
BTC-USDT-SWAP,1H,12H,0.001,0.015,0.02,148.0,1.105,-99.254,300,150,150,50.0,99.704,0.837,-5.414,1101,52.26,-64.69,1.14,-97.82,1.1,-2.84
BTC-USDT-SWAP,1H,12H,0.001,0.015,0.025,148.0,0.894,-99.396,300,153,147,51.0,99.76,0.838,-5.422,1101,49.35,-66.65,0.92,-98.13,0.89,-2.84
BTC-USDT-SWAP,1H,12H,0.001,0.015,0.03,148.0,0.818,-99.448,300,154,146,51.333,99.835,0.818,-5.424,1101,35.33,-76.13,0.84,-97.62,0.82,-2.84
BTC-USDT-SWAP,1H,12H,0.001,0.02,0.005,148.0,0.085,-99.943,300,87,213,29.0,99.964,0.626,-5.451,1101,11.36,-92.32,0.09,-99.23,0.08,-2.84
BTC-USDT-SWAP,1H,12H,0.001,0.02,0.008,148.0,0.084,-99.943,300,110,190,36.667,99.965,0.642,-5.451,1101,15.73,-89.37,0.09,-99.45,0.08,-2.84
BTC-USDT-SWAP,1H,12H,0.001,0.02,0.01,148.0,0.076,-99.949,300,118,182,39.333,99.97,0.668,-5.452,1101,16.88,-88.6,0.08,-99.54,0.08,-2.84
BTC-USDT-SWAP,1H,12H,0.001,0.02,0.015,148.0,0.077,-99.948,300,130,170,43.333,99.973,0.766,-5.452,1101,36.11,-75.6,0.08,-99.78,0.08,-2.84
BTC-USDT-SWAP,1H,12H,0.001,0.02,0.02,148.0,0.072,-99.951,300,134,166,44.667,99.979,0.827,-5.452,1101,70.91,-52.09,0.07,-99.9,0.07,-2.84
BTC-USDT-SWAP,1H,12H,0.001,0.02,0.025,148.0,0.037,-99.975,300,136,164,45.333,99.989,0.821,-5.453,1101,70.42,-52.42,0.04,-99.95,0.04,-2.84
BTC-USDT-SWAP,1H,12H,0.001,0.02,0.03,148.0,0.041,-99.972,300,137,163,45.667,99.992,0.81,-5.453,1101,50.41,-65.94,0.04,-99.92,0.04,-2.84
BTC-USDT-SWAP,1H,12H,0.001,0.03,0.005,148.0,0.016,-99.989,300,78,222,26.0,99.993,0.547,-5.454,1101,6.05,-95.91,0.02,-99.73,0.02,-2.84
BTC-USDT-SWAP,1H,12H,0.001,0.03,0.008,148.0,0.019,-99.987,300,101,199,33.667,99.991,0.563,-5.454,1101,8.37,-94.35,0.02,-99.76,0.02,-2.84
BTC-USDT-SWAP,1H,12H,0.001,0.03,0.01,148.0,0.013,-99.991,300,108,192,36.0,99.994,0.553,-5.454,1101,6.11,-95.87,0.01,-99.79,0.01,-2.84
BTC-USDT-SWAP,1H,12H,0.001,0.03,0.015,148.0,0.005,-99.997,300,119,181,39.667,99.998,0.585,-5.454,1101,6.44,-95.65,0.01,-99.92,0.01,-2.84
BTC-USDT-SWAP,1H,12H,0.001,0.03,0.02,148.0,0.003,-99.998,300,122,178,40.667,99.999,0.69,-5.454,1101,11.83,-92.0,0.0,-99.98,0.0,-2.84
BTC-USDT-SWAP,1H,12H,0.001,0.03,0.025,148.0,0.001,-99.999,300,123,177,41.0,100.0,0.666,-5.455,1101,7.64,-94.84,0.0,-99.99,0.0,-2.84
BTC-USDT-SWAP,1H,12H,0.001,0.03,0.03,148.0,0.001,-99.999,300,124,176,41.333,100.0,0.681,-5.455,1101,6.7,-95.48,0.0,-99.98,0.0,-2.84
BTC-USDT-SWAP,1H,12H,0.002,0.004,0.005,148.0,4.53,-96.939,283,181,102,63.958,97.4,0.571,-5.288,1101,64.57,-56.37,4.62,-92.85,4.53,-1.84
BTC-USDT-SWAP,1H,12H,0.002,0.004,0.008,148.0,21.134,-85.72,283,216,67,76.325,90.152,0.706,-4.676,1101,81.18,-45.15,21.53,-73.48,21.13,-1.84
BTC-USDT-SWAP,1H,12H,0.002,0.004,0.01,148.0,57.483,-61.16,283,230,53,81.272,73.215,0.829,-3.336,1101,95.6,-35.4,58.56,-38.75,57.48,-1.84
BTC-USDT-SWAP,1H,12H,0.002,0.004,0.015,148.0,284.803,92.434,283,247,36,87.279,53.03,1.105,5.042,1101,383.83,159.34,290.13,-24.41,284.8,-1.84
BTC-USDT-SWAP,1H,12H,0.002,0.004,0.02,148.0,723.37,388.763,283,254,29,89.753,55.627,1.282,21.205,1101,509.96,244.57,736.91,44.5,723.37,-1.84
BTC-USDT-SWAP,1H,12H,0.002,0.004,0.025,148.0,1364.43,821.912,283,257,26,90.813,45.512,1.627,44.832,1101,489.45,230.71,1389.97,183.99,1364.43,-1.84
BTC-USDT-SWAP,1H,12H,0.002,0.004,0.03,148.0,1102.498,644.931,283,257,26,90.813,49.259,1.526,35.178,1101,455.93,208.06,1123.14,146.34,1102.5,-1.84
BTC-USDT-SWAP,1H,12H,0.002,0.006,0.005,148.0,12.701,-91.418,283,158,125,55.83,92.824,0.781,-4.986,1101,110.7,-25.2,12.94,-88.31,12.7,-1.84
BTC-USDT-SWAP,1H,12H,0.002,0.006,0.008,148.0,64.238,-56.596,283,191,92,67.491,69.966,0.909,-3.087,1101,119.4,-19.32,65.44,-45.19,64.24,-1.84
BTC-USDT-SWAP,1H,12H,0.002,0.006,0.01,148.0,176.306,19.126,283,202,81,71.378,62.234,1.019,1.043,1101,169.4,14.46,179.61,6.03,176.31,-1.84
BTC-USDT-SWAP,1H,12H,0.002,0.006,0.015,148.0,773.189,422.425,283,217,66,76.678,56.088,1.13,23.041,1101,713.57,382.14,787.66,10.38,773.19,-1.84
BTC-USDT-SWAP,1H,12H,0.002,0.006,0.02,148.0,1425.542,863.204,283,223,60,78.799,62.43,1.171,47.084,1101,926.02,525.69,1452.23,56.82,1425.54,-1.84
BTC-USDT-SWAP,1H,12H,0.002,0.006,0.025,148.0,4113.323,2679.272,283,227,56,80.212,58.99,1.44,146.142,1101,909.67,514.64,4190.33,360.64,4113.32,-1.84
BTC-USDT-SWAP,1H,12H,0.002,0.006,0.03,148.0,3268.839,2108.675,283,227,56,80.212,62.441,1.396,115.019,1101,847.36,472.54,3330.03,292.99,3268.84,-1.84
BTC-USDT-SWAP,1H,12H,0.002,0.008,0.005,148.0,9.055,-93.882,283,135,148,47.703,95.763,0.825,-5.121,1101,123.11,-16.82,9.22,-92.51,9.06,-1.84
BTC-USDT-SWAP,1H,12H,0.002,0.008,0.008,148.0,55.199,-62.703,283,170,113,60.071,85.898,0.933,-3.42,1101,186.39,25.94,56.23,-69.83,55.2,-1.84
BTC-USDT-SWAP,1H,12H,0.002,0.008,0.01,148.0,139.795,-5.544,283,180,103,63.604,72.094,0.996,-0.302,1101,219.15,48.08,142.41,-35.02,139.8,-1.84
BTC-USDT-SWAP,1H,12H,0.002,0.008,0.015,148.0,398.882,169.515,283,194,89,68.551,85.731,1.034,9.246,1101,1276.1,762.23,406.35,-68.16,398.88,-1.84
BTC-USDT-SWAP,1H,12H,0.002,0.008,0.02,148.0,685.13,362.926,283,201,82,71.025,88.156,1.031,19.796,1101,2321.6,1468.65,697.96,-69.94,685.13,-1.84
BTC-USDT-SWAP,1H,12H,0.002,0.008,0.025,148.0,1825.886,1133.707,283,205,78,72.438,84.476,1.076,61.839,1101,2280.61,1440.95,1860.07,-18.44,1825.89,-1.84
BTC-USDT-SWAP,1H,12H,0.002,0.008,0.03,148.0,1513.199,922.432,283,205,78,72.438,85.173,1.072,50.314,1101,2124.4,1335.41,1541.53,-27.44,1513.2,-1.84
BTC-USDT-SWAP,1H,12H,0.002,0.01,0.005,148.0,3.893,-97.37,283,116,167,40.989,98.48,0.828,-5.311,1101,142.0,-4.05,3.97,-97.21,3.89,-1.84
BTC-USDT-SWAP,1H,12H,0.002,0.01,0.008,148.0,22.926,-84.51,283,150,133,53.004,93.52,0.899,-4.61,1101,170.86,15.44,23.35,-86.33,22.93,-1.84
BTC-USDT-SWAP,1H,12H,0.002,0.01,0.01,148.0,52.509,-64.521,283,160,123,56.537,87.611,0.947,-3.519,1101,229.98,55.39,53.49,-76.74,52.51,-1.84
BTC-USDT-SWAP,1H,12H,0.002,0.01,0.015,148.0,155.92,5.351,283,174,109,61.484,91.732,1.001,0.292,1101,918.33,520.49,158.84,-82.7,155.92,-1.84
BTC-USDT-SWAP,1H,12H,0.002,0.01,0.02,148.0,263.833,78.265,283,181,102,63.958,93.421,1.01,4.269,1101,1658.03,1020.29,268.77,-83.79,263.83,-1.84
BTC-USDT-SWAP,1H,12H,0.002,0.01,0.025,148.0,375.097,153.444,283,184,99,65.018,92.572,1.02,8.37,1101,1334.12,801.43,382.12,-71.36,375.1,-1.84
BTC-USDT-SWAP,1H,12H,0.002,0.01,0.03,148.0,396.607,167.978,283,184,99,65.018,92.044,1.021,9.162,1101,1500.44,913.81,404.03,-73.07,396.61,-1.84
BTC-USDT-SWAP,1H,12H,0.002,0.012,0.005,148.0,3.094,-97.909,283,106,177,37.456,98.929,0.813,-5.341,1101,79.28,-46.44,3.15,-96.02,3.09,-1.84
BTC-USDT-SWAP,1H,12H,0.002,0.012,0.008,148.0,11.368,-92.319,283,137,146,48.41,97.284,0.868,-5.036,1101,99.04,-33.08,11.58,-88.31,11.37,-1.84
BTC-USDT-SWAP,1H,12H,0.002,0.012,0.01,148.0,21.869,-85.224,283,146,137,51.59,95.511,0.9,-4.649,1101,109.29,-26.16,22.28,-79.62,21.87,-1.84
BTC-USDT-SWAP,1H,12H,0.002,0.012,0.015,148.0,57.089,-61.427,283,160,123,56.537,95.494,0.975,-3.351,1101,538.51,263.86,58.16,-89.2,57.09,-1.84
BTC-USDT-SWAP,1H,12H,0.002,0.012,0.02,148.0,80.309,-45.737,283,166,117,58.657,96.318,0.989,-2.495,1101,731.16,394.02,81.81,-88.81,80.31,-1.84
BTC-USDT-SWAP,1H,12H,0.002,0.012,0.025,148.0,86.276,-41.705,283,169,114,59.717,97.505,0.992,-2.275,1101,727.15,391.32,87.89,-87.91,86.28,-1.84
BTC-USDT-SWAP,1H,12H,0.002,0.012,0.03,148.0,103.513,-30.059,283,170,113,60.071,97.241,0.994,-1.64,1101,709.18,379.18,105.45,-85.13,103.51,-1.84
BTC-USDT-SWAP,1H,12H,0.002,0.015,0.005,148.0,0.549,-99.629,283,92,191,32.509,99.765,0.727,-5.434,1101,30.59,-79.33,0.56,-98.17,0.55,-1.84
BTC-USDT-SWAP,1H,12H,0.002,0.015,0.008,148.0,1.529,-98.967,283,121,162,42.756,99.464,0.745,-5.398,1101,28.85,-80.5,1.56,-94.6,1.53,-1.84
BTC-USDT-SWAP,1H,12H,0.002,0.015,0.01,148.0,2.264,-98.47,283,130,153,45.936,99.223,0.799,-5.371,1101,35.81,-75.8,2.31,-93.56,2.26,-1.84
BTC-USDT-SWAP,1H,12H,0.002,0.015,0.015,148.0,4.042,-97.269,283,142,141,50.177,98.843,0.859,-5.306,1101,81.45,-44.97,4.12,-94.95,4.04,-1.84
BTC-USDT-SWAP,1H,12H,0.002,0.015,0.02,148.0,4.774,-96.775,283,148,135,52.297,98.893,0.892,-5.279,1101,86.39,-41.63,4.86,-94.37,4.77,-1.84
BTC-USDT-SWAP,1H,12H,0.002,0.015,0.025,148.0,4.195,-97.166,283,150,133,53.004,98.984,0.897,-5.3,1101,86.08,-41.84,4.27,-95.04,4.19,-1.84
BTC-USDT-SWAP,1H,12H,0.002,0.015,0.03,148.0,3.605,-97.564,283,151,132,53.357,99.335,0.875,-5.322,1101,62.85,-57.53,3.67,-94.16,3.6,-1.84
BTC-USDT-SWAP,1H,12H,0.002,0.02,0.005,148.0,0.364,-99.754,283,86,197,30.389,99.852,0.655,-5.441,1101,25.37,-82.86,0.37,-98.54,0.36,-1.84
BTC-USDT-SWAP,1H,12H,0.002,0.02,0.008,148.0,0.324,-99.781,283,109,174,38.516,99.874,0.649,-5.443,1101,22.05,-85.1,0.33,-98.5,0.32,-1.84
BTC-USDT-SWAP,1H,12H,0.002,0.02,0.01,148.0,0.563,-99.619,283,120,163,42.403,99.809,0.731,-5.434,1101,31.02,-79.04,0.57,-98.15,0.56,-1.84
BTC-USDT-SWAP,1H,12H,0.002,0.02,0.015,148.0,0.991,-99.33,283,132,151,46.643,99.67,0.818,-5.418,1101,81.15,-45.17,1.01,-98.76,0.99,-1.84
BTC-USDT-SWAP,1H,12H,0.002,0.02,0.02,148.0,0.454,-99.693,283,135,148,47.703,99.873,0.847,-5.438,1101,104.69,-29.26,0.46,-99.56,0.45,-1.84
BTC-USDT-SWAP,1H,12H,0.002,0.02,0.025,148.0,0.463,-99.687,283,137,146,48.41,99.873,0.851,-5.437,1101,108.93,-26.4,0.47,-99.57,0.46,-1.84
BTC-USDT-SWAP,1H,12H,0.002,0.02,0.03,148.0,0.455,-99.693,283,138,145,48.763,99.917,0.837,-5.438,1101,79.54,-46.26,0.46,-99.42,0.45,-1.84
BTC-USDT-SWAP,1H,12H,0.002,0.03,0.005,148.0,0.079,-99.946,283,77,206,27.208,99.962,0.554,-5.452,1101,14.45,-90.23,0.08,-99.44,0.08,-1.84
BTC-USDT-SWAP,1H,12H,0.002,0.03,0.008,148.0,0.083,-99.944,283,100,183,35.336,99.963,0.55,-5.451,1101,11.2,-92.43,0.08,-99.24,0.08,-1.84
BTC-USDT-SWAP,1H,12H,0.002,0.03,0.01,148.0,0.073,-99.951,283,109,174,38.516,99.972,0.581,-5.452,1101,10.73,-92.75,0.07,-99.31,0.07,-1.84
BTC-USDT-SWAP,1H,12H,0.002,0.03,0.015,148.0,0.05,-99.966,283,120,163,42.403,99.981,0.641,-5.453,1101,18.38,-87.58,0.05,-99.72,0.05,-1.84
BTC-USDT-SWAP,1H,12H,0.002,0.03,0.02,148.0,0.013,-99.991,283,122,161,43.11,99.995,0.697,-5.454,1101,18.27,-87.65,0.01,-99.93,0.01,-1.84
BTC-USDT-SWAP,1H,12H,0.002,0.03,0.025,148.0,0.006,-99.996,283,123,160,43.463,99.998,0.67,-5.454,1101,12.49,-91.56,0.01,-99.95,0.01,-1.84
BTC-USDT-SWAP,1H,12H,0.002,0.03,0.03,148.0,0.014,-99.991,283,125,158,44.17,99.996,0.693,-5.454,1101,14.39,-90.28,0.01,-99.9,0.01,-1.84
BTC-USDT-SWAP,1H,12H,0.003,0.004,0.005,148.0,6.332,-95.721,252,161,91,63.889,96.626,0.594,-5.221,1101,79.35,-46.39,6.33,-92.02,,
BTC-USDT-SWAP,1H,12H,0.003,0.004,0.008,148.0,35.973,-75.694,252,195,57,77.381,82.294,0.745,-4.129,1101,95.14,-35.71,35.97,-62.19,,
BTC-USDT-SWAP,1H,12H,0.003,0.004,0.01,148.0,49.338,-66.663,252,203,49,80.556,75.716,0.791,-3.636,1101,101.11,-31.68,49.34,-51.21,,
BTC-USDT-SWAP,1H,12H,0.003,0.004,0.015,148.0,318.115,114.943,252,221,31,87.698,42.821,1.145,6.27,1101,350.24,136.65,318.12,-9.17,,
BTC-USDT-SWAP,1H,12H,0.003,0.004,0.02,148.0,1500.789,914.047,252,230,22,91.27,36.827,1.818,49.857,1101,610.87,312.75,1500.79,145.68,,
BTC-USDT-SWAP,1H,12H,0.003,0.004,0.025,148.0,1635.253,1004.9,252,231,21,91.667,39.906,1.872,54.813,1101,571.71,286.29,1635.25,186.03,,
BTC-USDT-SWAP,1H,12H,0.003,0.004,0.03,148.0,2309.429,1460.425,252,232,20,92.063,34.793,2.157,79.66,1101,532.55,259.83,2309.43,333.65,,
BTC-USDT-SWAP,1H,12H,0.003,0.006,0.005,148.0,16.447,-88.887,252,141,111,55.952,92.556,0.787,-4.848,1101,127.9,-13.58,16.45,-87.14,,
BTC-USDT-SWAP,1H,12H,0.003,0.006,0.008,148.0,85.565,-42.186,252,171,81,67.857,70.032,0.937,-2.301,1101,154.07,4.1,85.56,-44.46,,
BTC-USDT-SWAP,1H,12H,0.003,0.006,0.01,148.0,166.89,12.763,252,180,72,71.429,63.674,1.013,0.696,1101,210.74,42.39,166.89,-20.81,,
BTC-USDT-SWAP,1H,12H,0.003,0.006,0.015,148.0,395.945,167.53,252,192,60,76.19,66.251,1.076,9.138,1101,498.03,236.51,395.94,-20.5,,
BTC-USDT-SWAP,1H,12H,0.003,0.006,0.02,148.0,1500.845,914.084,252,201,51,79.762,52.071,1.29,49.859,1101,607.24,310.3,1500.84,147.16,,
BTC-USDT-SWAP,1H,12H,0.003,0.006,0.025,148.0,1880.584,1170.665,252,202,50,80.159,60.251,1.261,63.854,1101,785.78,430.93,1880.58,139.33,,
BTC-USDT-SWAP,1H,12H,0.003,0.006,0.03,148.0,2513.144,1598.07,252,203,49,80.556,57.016,1.288,87.167,1101,731.96,394.57,2513.14,243.35,,
BTC-USDT-SWAP,1H,12H,0.003,0.008,0.005,148.0,23.945,-83.821,252,125,127,49.603,88.643,0.85,-4.572,1101,144.24,-2.54,23.94,-83.4,,
BTC-USDT-SWAP,1H,12H,0.003,0.008,0.008,148.0,114.233,-22.815,252,153,99,60.714,61.095,0.977,-1.244,1101,170.79,15.4,114.23,-33.12,,
BTC-USDT-SWAP,1H,12H,0.003,0.008,0.01,148.0,274.242,85.299,252,162,90,64.286,57.911,1.054,4.653,1101,229.58,55.12,274.24,19.45,,
BTC-USDT-SWAP,1H,12H,0.003,0.008,0.015,148.0,1211.807,718.789,252,177,75,70.238,64.779,1.096,39.207,1101,1090.47,636.8,1211.81,11.13,,
BTC-USDT-SWAP,1H,12H,0.003,0.008,0.02,148.0,3882.66,2523.419,252,185,67,73.413,54.208,1.259,137.641,1101,1381.21,833.25,3882.66,181.11,,
BTC-USDT-SWAP,1H,12H,0.003,0.008,0.025,148.0,6945.345,4592.801,252,186,66,73.81,59.702,1.262,250.516,1101,1787.32,1107.65,6945.35,288.59,,
BTC-USDT-SWAP,1H,12H,0.003,0.008,0.03,148.0,9459.999,6291.891,252,187,65,74.206,56.423,1.279,343.194,1101,1664.9,1024.93,9460.0,468.2,,
BTC-USDT-SWAP,1H,12H,0.003,0.01,0.005,148.0,2.341,-98.418,252,96,156,38.095,98.982,0.749,-5.368,1101,83.28,-43.73,2.34,-97.19,,
BTC-USDT-SWAP,1H,12H,0.003,0.01,0.008,148.0,15.197,-89.732,252,126,126,50.0,93.72,0.856,-4.894,1101,115.59,-21.9,15.2,-86.85,,
BTC-USDT-SWAP,1H,12H,0.003,0.01,0.01,148.0,34.65,-76.588,252,136,116,53.968,91.193,0.925,-4.178,1101,177.27,19.78,34.65,-80.45,,
BTC-USDT-SWAP,1H,12H,0.003,0.01,0.015,148.0,59.365,-59.889,252,148,104,58.73,93.596,0.976,-3.267,1101,478.43,223.26,59.36,-87.59,,
BTC-USDT-SWAP,1H,12H,0.003,0.01,0.02,148.0,116.684,-21.159,252,156,96,61.905,93.807,0.995,-1.154,1101,1005.69,579.52,116.68,-88.4,,
BTC-USDT-SWAP,1H,12H,0.003,0.01,0.025,148.0,174.671,18.021,252,157,95,62.302,95.263,1.003,0.983,1101,1229.73,730.9,174.67,-85.8,,
BTC-USDT-SWAP,1H,12H,0.003,0.01,0.03,148.0,212.17,43.358,252,158,94,62.698,95.309,1.006,2.365,1101,1066.72,620.76,212.17,-80.11,,
BTC-USDT-SWAP,1H,12H,0.003,0.012,0.005,148.0,2.866,-98.064,252,91,161,36.111,98.976,0.818,-5.349,1101,121.67,-17.79,2.87,-97.64,,
BTC-USDT-SWAP,1H,12H,0.003,0.012,0.008,148.0,15.954,-89.22,252,119,133,47.222,95.254,0.891,-4.867,1101,142.61,-3.64,15.95,-88.81,,
BTC-USDT-SWAP,1H,12H,0.003,0.012,0.01,148.0,43.001,-70.945,252,130,122,51.587,93.72,0.954,-3.87,1101,281.44,90.16,43.0,-84.72,,
BTC-USDT-SWAP,1H,12H,0.003,0.012,0.015,148.0,70.85,-52.129,252,141,111,55.952,95.139,0.984,-2.843,1101,529.28,257.62,70.85,-86.61,,
BTC-USDT-SWAP,1H,12H,0.003,0.012,0.02,148.0,70.461,-52.391,252,146,106,57.937,95.893,0.987,-2.858,1101,647.46,337.47,70.46,-89.12,,
BTC-USDT-SWAP,1H,12H,0.003,0.012,0.025,148.0,230.63,55.831,252,149,103,59.127,95.957,1.007,3.045,1101,1203.83,713.4,230.63,-80.84,,
BTC-USDT-SWAP,1H,12H,0.003,0.012,0.03,148.0,265.707,79.532,252,150,102,59.524,95.996,1.009,4.338,1101,972.44,557.05,265.71,-72.68,,
BTC-USDT-SWAP,1H,12H,0.003,0.015,0.005,148.0,1.945,-98.686,252,83,169,32.937,99.261,0.75,-5.383,1101,56.06,-62.12,1.94,-96.53,,
BTC-USDT-SWAP,1H,12H,0.003,0.015,0.008,148.0,4.097,-97.232,252,106,146,42.063,98.585,0.792,-5.304,1101,48.64,-67.14,4.1,-91.58,,
BTC-USDT-SWAP,1H,12H,0.003,0.015,0.01,148.0,7.16,-95.162,252,115,137,45.635,97.976,0.863,-5.191,1101,84.45,-42.94,7.16,-91.52,,
BTC-USDT-SWAP,1H,12H,0.003,0.015,0.015,148.0,15.791,-89.33,252,127,125,50.397,97.811,0.942,-4.873,1101,184.62,24.75,15.79,-91.45,,
BTC-USDT-SWAP,1H,12H,0.003,0.015,0.02,148.0,8.253,-94.424,252,130,122,51.587,99.046,0.944,-5.15,1101,202.24,36.65,8.25,-95.92,,
BTC-USDT-SWAP,1H,12H,0.003,0.015,0.025,148.0,19.651,-86.722,252,133,119,52.778,98.567,0.967,-4.73,1101,316.42,113.8,19.65,-93.79,,
BTC-USDT-SWAP,1H,12H,0.003,0.015,0.03,148.0,15.167,-89.752,252,134,118,53.175,98.769,0.962,-4.896,1101,206.41,39.47,15.17,-92.65,,
BTC-USDT-SWAP,1H,12H,0.003,0.02,0.005,148.0,0.508,-99.657,252,73,179,28.968,99.786,0.719,-5.436,1101,62.9,-57.5,0.51,-99.19,,
BTC-USDT-SWAP,1H,12H,0.003,0.02,0.008,148.0,0.695,-99.53,252,95,157,37.698,99.723,0.772,-5.429,1101,62.77,-57.59,0.69,-98.89,,
BTC-USDT-SWAP,1H,12H,0.003,0.02,0.01,148.0,1.44,-99.027,252,105,147,41.667,99.542,0.847,-5.401,1101,111.26,-24.83,1.44,-98.71,,
BTC-USDT-SWAP,1H,12H,0.003,0.02,0.015,148.0,1.473,-99.005,252,114,138,45.238,99.551,0.881,-5.4,1101,157.64,6.51,1.47,-99.07,,
BTC-USDT-SWAP,1H,12H,0.003,0.02,0.02,148.0,0.73,-99.507,252,117,135,46.429,99.799,0.886,-5.428,1101,166.25,12.33,0.73,-99.56,,
BTC-USDT-SWAP,1H,12H,0.003,0.02,0.025,148.0,1.826,-98.766,252,120,132,47.619,99.619,0.915,-5.387,1101,237.82,60.69,1.83,-99.23,,
BTC-USDT-SWAP,1H,12H,0.003,0.02,0.03,148.0,1.228,-99.17,252,121,131,48.016,99.723,0.894,-5.409,1101,133.93,-9.5,1.23,-99.08,,
BTC-USDT-SWAP,1H,12H,0.003,0.03,0.005,148.0,0.193,-99.87,252,67,185,26.587,99.912,0.619,-5.447,1101,35.12,-76.27,0.19,-99.45,,
BTC-USDT-SWAP,1H,12H,0.003,0.03,0.008,148.0,0.215,-99.855,252,87,165,34.524,99.907,0.614,-5.447,1101,19.56,-86.78,0.22,-98.9,,
BTC-USDT-SWAP,1H,12H,0.003,0.03,0.01,148.0,0.287,-99.806,252,96,156,38.095,99.882,0.683,-5.444,1101,31.43,-78.76,0.29,-99.09,,
BTC-USDT-SWAP,1H,12H,0.003,0.03,0.015,148.0,0.093,-99.937,252,103,149,40.873,99.962,0.708,-5.451,1101,29.53,-80.05,0.09,-99.68,,
BTC-USDT-SWAP,1H,12H,0.003,0.03,0.02,148.0,0.019,-99.987,252,104,148,41.27,99.993,0.725,-5.454,1101,24.25,-83.61,0.02,-99.92,,
BTC-USDT-SWAP,1H,12H,0.003,0.03,0.025,148.0,0.025,-99.983,252,106,146,42.063,99.993,0.728,-5.454,1101,23.05,-84.42,0.02,-99.89,,
BTC-USDT-SWAP,1H,12H,0.003,0.03,0.03,148.0,0.071,-99.952,252,108,144,42.857,99.979,0.743,-5.452,1101,20.93,-85.86,0.07,-99.66,,
BTC-USDT-SWAP,1H,12H,0.004,0.004,0.005,148.0,5.829,-96.062,230,142,88,61.739,96.571,0.422,-5.24,1101,33.89,-77.1,5.83,-82.8,,
BTC-USDT-SWAP,1H,12H,0.004,0.004,0.008,148.0,13.96,-90.567,230,169,61,73.478,92.262,0.521,-4.94,1101,40.03,-72.95,13.96,-65.12,,
BTC-USDT-SWAP,1H,12H,0.004,0.004,0.01,148.0,22.345,-84.902,230,179,51,77.826,88.557,0.676,-4.631,1101,90.14,-39.09,22.35,-75.21,,
BTC-USDT-SWAP,1H,12H,0.004,0.004,0.015,148.0,74.863,-49.417,230,195,35,84.783,70.528,0.893,-2.695,1101,206.7,39.66,74.86,-63.78,,
BTC-USDT-SWAP,1H,12H,0.004,0.004,0.02,148.0,401.876,171.538,230,205,25,89.13,52.66,1.23,9.357,1101,364.45,146.25,401.88,10.27,,
BTC-USDT-SWAP,1H,12H,0.004,0.004,0.025,148.0,343.726,132.247,230,205,25,89.13,53.2,1.196,7.213,1101,319.14,115.64,343.73,7.7,,
BTC-USDT-SWAP,1H,12H,0.004,0.004,0.03,148.0,563.708,280.884,230,206,24,89.565,44.057,1.422,15.321,1101,276.84,87.05,563.71,103.63,,
BTC-USDT-SWAP,1H,12H,0.004,0.006,0.005,148.0,12.977,-91.232,230,120,110,52.174,93.111,0.635,-4.976,1101,53.54,-63.83,12.98,-75.76,,
BTC-USDT-SWAP,1H,12H,0.004,0.006,0.008,148.0,47.542,-67.877,230,148,82,64.348,78.502,0.829,-3.702,1101,85.41,-42.29,47.54,-44.34,,
BTC-USDT-SWAP,1H,12H,0.004,0.006,0.01,148.0,62.182,-57.985,230,155,75,67.391,74.006,0.896,-3.163,1101,152.49,3.03,62.18,-59.22,,
BTC-USDT-SWAP,1H,12H,0.004,0.006,0.015,148.0,243.599,64.594,230,170,60,73.913,64.945,1.046,3.523,1101,412.57,178.76,243.6,-40.96,,
BTC-USDT-SWAP,1H,12H,0.004,0.006,0.02,148.0,1359.24,818.406,230,180,50,78.261,54.53,1.272,44.64,1101,702.67,374.78,1359.24,93.44,,
BTC-USDT-SWAP,1H,12H,0.004,0.006,0.025,148.0,1143.106,672.369,230,180,50,78.261,53.689,1.241,36.675,1101,646.62,336.91,1143.11,76.78,,
BTC-USDT-SWAP,1H,12H,0.004,0.006,0.03,148.0,2185.761,1376.865,230,181,49,78.696,47.22,1.464,75.102,1101,560.91,278.99,2185.76,289.68,,
BTC-USDT-SWAP,1H,12H,0.004,0.008,0.005,148.0,14.503,-90.2,230,105,125,45.652,92.341,0.694,-4.92,1101,51.97,-64.89,14.5,-72.09,,
BTC-USDT-SWAP,1H,12H,0.004,0.008,0.008,148.0,46.005,-68.916,230,129,101,56.087,80.083,0.856,-3.759,1101,76.96,-48.0,46.0,-40.22,,
BTC-USDT-SWAP,1H,12H,0.004,0.008,0.01,148.0,57.081,-61.432,230,136,94,59.13,77.155,0.906,-3.351,1101,118.76,-19.75,57.08,-51.94,,
BTC-USDT-SWAP,1H,12H,0.004,0.008,0.015,148.0,145.966,-1.374,230,149,81,64.783,78.231,0.999,-0.075,1101,344.13,132.52,145.97,-57.58,,
BTC-USDT-SWAP,1H,12H,0.004,0.008,0.02,148.0,855.326,477.923,230,159,71,69.13,70.843,1.147,26.069,1101,592.05,300.04,855.33,44.47,,
BTC-USDT-SWAP,1H,12H,0.004,0.008,0.025,148.0,814.039,450.026,230,159,71,69.13,74.079,1.128,24.547,1101,571.47,286.13,814.04,42.45,,
BTC-USDT-SWAP,1H,12H,0.004,0.008,0.03,148.0,1601.801,982.298,230,160,70,69.565,64.801,1.249,53.58,1101,495.71,234.94,1601.8,223.13,,
BTC-USDT-SWAP,1H,12H,0.004,0.01,0.005,148.0,5.587,-96.225,230,88,142,38.261,96.792,0.613,-5.249,1101,41.73,-71.8,5.59,-86.61,,
BTC-USDT-SWAP,1H,12H,0.004,0.01,0.008,148.0,27.442,-81.458,230,115,115,50.0,87.346,0.822,-4.443,1101,68.57,-53.67,27.44,-59.98,,
BTC-USDT-SWAP,1H,12H,0.004,0.01,0.01,148.0,26.66,-81.986,230,122,108,53.043,88.376,0.857,-4.472,1101,100.42,-32.15,26.66,-73.45,,
BTC-USDT-SWAP,1H,12H,0.004,0.01,0.015,148.0,75.45,-49.02,230,135,95,58.696,90.716,0.975,-2.674,1101,427.78,189.04,75.45,-82.36,,
BTC-USDT-SWAP,1H,12H,0.004,0.01,0.02,148.0,275.548,86.181,230,144,86,62.609,87.125,1.023,4.701,1101,717.81,385.0,275.55,-61.61,,
BTC-USDT-SWAP,1H,12H,0.004,0.01,0.025,148.0,335.828,126.911,230,144,86,62.609,89.471,1.024,6.922,1101,879.67,494.37,335.83,-61.82,,
BTC-USDT-SWAP,1H,12H,0.004,0.01,0.03,148.0,583.857,294.498,230,145,85,63.043,87.165,1.049,16.064,1101,763.06,415.58,583.86,-23.49,,
BTC-USDT-SWAP,1H,12H,0.004,0.012,0.005,148.0,2.625,-98.227,230,76,154,33.043,98.591,0.587,-5.358,1101,37.39,-74.74,2.62,-92.98,,
BTC-USDT-SWAP,1H,12H,0.004,0.012,0.008,148.0,6.982,-95.283,230,100,130,43.478,96.942,0.731,-5.197,1101,49.51,-66.54,6.98,-85.9,,
BTC-USDT-SWAP,1H,12H,0.004,0.012,0.01,148.0,9.367,-93.671,230,109,121,47.391,96.121,0.803,-5.109,1101,72.73,-50.86,9.37,-87.12,,
BTC-USDT-SWAP,1H,12H,0.004,0.012,0.015,148.0,25.799,-82.568,230,122,108,53.043,94.729,0.933,-4.504,1101,233.4,57.71,25.8,-88.95,,
BTC-USDT-SWAP,1H,12H,0.004,0.012,0.02,148.0,65.047,-56.049,230,130,100,56.522,93.679,0.972,-3.057,1101,336.04,127.06,65.05,-80.64,,
BTC-USDT-SWAP,1H,12H,0.004,0.012,0.025,148.0,84.529,-42.886,230,130,100,56.522,94.926,0.985,-2.339,1101,458.65,209.9,84.53,-81.57,,
BTC-USDT-SWAP,1H,12H,0.004,0.012,0.03,148.0,125.786,-15.009,230,131,99,56.957,93.599,0.995,-0.819,1101,370.49,150.33,125.79,-66.05,,
BTC-USDT-SWAP,1H,12H,0.004,0.015,0.005,148.0,1.672,-98.871,230,70,160,30.435,99.134,0.546,-5.393,1101,30.4,-79.46,1.67,-94.5,,
BTC-USDT-SWAP,1H,12H,0.004,0.015,0.008,148.0,3.192,-97.843,230,91,139,39.565,98.68,0.685,-5.337,1101,34.24,-76.87,3.19,-90.68,,
BTC-USDT-SWAP,1H,12H,0.004,0.015,0.01,148.0,7.056,-95.233,230,102,128,44.348,97.082,0.816,-5.195,1101,86.44,-41.59,7.06,-91.84,,
BTC-USDT-SWAP,1H,12H,0.004,0.015,0.015,148.0,18.109,-87.765,230,115,115,50.0,97.492,0.934,-4.787,1101,231.16,56.19,18.11,-92.17,,
BTC-USDT-SWAP,1H,12H,0.004,0.015,0.02,148.0,16.807,-88.644,230,119,111,51.739,98.586,0.951,-4.835,1101,264.48,78.7,16.81,-93.65,,
BTC-USDT-SWAP,1H,12H,0.004,0.015,0.025,148.0,37.637,-74.57,230,121,109,52.609,98.717,0.978,-4.067,1101,489.89,231.01,37.64,-92.32,,
BTC-USDT-SWAP,1H,12H,0.004,0.015,0.03,148.0,46.461,-68.607,230,122,108,53.043,98.596,0.98,-3.742,1101,368.51,148.99,46.46,-87.39,,
BTC-USDT-SWAP,1H,12H,0.004,0.02,0.005,148.0,0.876,-99.408,230,62,168,26.957,99.575,0.6,-5.422,1101,33.83,-77.14,0.88,-97.41,,
BTC-USDT-SWAP,1H,12H,0.004,0.02,0.008,148.0,1.04,-99.297,230,82,148,35.652,99.555,0.712,-5.416,1101,36.5,-75.34,1.04,-97.15,,
BTC-USDT-SWAP,1H,12H,0.004,0.02,0.01,148.0,1.713,-98.842,230,91,139,39.565,99.292,0.773,-5.391,1101,66.99,-54.73,1.71,-97.44,,
BTC-USDT-SWAP,1H,12H,0.004,0.02,0.015,148.0,3.047,-97.941,230,103,127,44.783,99.013,0.871,-5.342,1101,127.08,-14.14,3.05,-97.6,,
BTC-USDT-SWAP,1H,12H,0.004,0.02,0.02,148.0,2.306,-98.442,230,107,123,46.522,99.341,0.884,-5.37,1101,118.32,-20.05,2.31,-98.05,,
BTC-USDT-SWAP,1H,12H,0.004,0.02,0.025,148.0,3.535,-97.611,230,109,121,47.391,99.291,0.915,-5.324,1101,175.42,18.53,3.54,-97.98,,
BTC-USDT-SWAP,1H,12H,0.004,0.02,0.03,148.0,3.588,-97.575,230,110,120,47.826,99.277,0.907,-5.322,1101,106.2,-28.25,3.59,-96.62,,
BTC-USDT-SWAP,1H,12H,0.004,0.03,0.005,148.0,0.97,-99.344,230,59,171,25.652,99.513,0.622,-5.419,1101,35.74,-75.85,0.97,-97.28,,
BTC-USDT-SWAP,1H,12H,0.004,0.03,0.008,148.0,0.456,-99.692,230,75,155,32.609,99.788,0.643,-5.438,1101,23.94,-83.83,0.46,-98.1,,
BTC-USDT-SWAP,1H,12H,0.004,0.03,0.01,148.0,0.575,-99.612,230,84,146,36.522,99.733,0.68,-5.433,1101,36.82,-75.12,0.57,-98.44,,
BTC-USDT-SWAP,1H,12H,0.004,0.03,0.015,148.0,0.168,-99.887,230,91,139,39.565,99.922,0.705,-5.448,1101,35.81,-75.8,0.17,-99.53,,
BTC-USDT-SWAP,1H,12H,0.004,0.03,0.02,148.0,0.067,-99.955,230,95,135,41.304,99.975,0.735,-5.452,1101,33.99,-77.03,0.07,-99.8,,
BTC-USDT-SWAP,1H,12H,0.004,0.03,0.025,148.0,0.064,-99.957,230,96,134,41.739,99.981,0.754,-5.452,1101,36.19,-75.55,0.06,-99.82,,
BTC-USDT-SWAP,1H,12H,0.004,0.03,0.03,148.0,0.204,-99.862,230,99,131,43.043,99.941,0.753,-5.447,1101,26.6,-82.03,0.2,-99.23,,
BTC-USDT-SWAP,1H,12H,0.005,0.004,0.005,148.0,4.983,-96.633,207,123,84,59.42,97.01,0.402,-5.271,1101,35.26,-76.17,4.98,-85.87,,
BTC-USDT-SWAP,1H,12H,0.005,0.004,0.008,148.0,30.193,-79.599,207,157,50,75.845,83.343,0.642,-4.342,1101,71.01,-52.02,30.19,-57.48,,
BTC-USDT-SWAP,1H,12H,0.005,0.004,0.01,148.0,44.353,-70.032,207,166,41,80.193,77.837,0.79,-3.82,1101,154.36,4.3,44.35,-71.27,,
BTC-USDT-SWAP,1H,12H,0.005,0.004,0.015,148.0,290.302,96.15,207,184,23,88.889,31.867,1.228,5.245,1101,214.13,44.69,290.3,35.57,,
BTC-USDT-SWAP,1H,12H,0.005,0.004,0.02,148.0,1469.853,893.144,207,192,15,92.754,22.0,2.527,48.717,1101,458.98,210.12,1469.85,220.24,,
BTC-USDT-SWAP,1H,12H,0.005,0.004,0.025,148.0,1287.45,769.899,207,192,15,92.754,27.0,2.379,41.994,1101,429.56,190.24,1287.45,199.72,,
BTC-USDT-SWAP,1H,12H,0.005,0.004,0.03,148.0,1675.691,1032.223,207,193,14,93.237,32.0,2.728,56.303,1101,400.13,170.36,1675.69,318.78,,
BTC-USDT-SWAP,1H,12H,0.005,0.006,0.005,148.0,9.269,-93.737,207,105,102,50.725,95.281,0.648,-5.113,1101,69.79,-52.84,9.27,-86.72,,
BTC-USDT-SWAP,1H,12H,0.005,0.006,0.008,148.0,34.569,-76.642,207,132,75,63.768,84.892,0.839,-4.18,1101,158.64,7.19,34.57,-78.21,,
BTC-USDT-SWAP,1H,12H,0.005,0.006,0.01,148.0,58.706,-60.334,207,142,65,68.599,85.956,0.932,-3.291,1101,393.82,166.1,58.71,-85.09,,
BTC-USDT-SWAP,1H,12H,0.005,0.006,0.015,148.0,459.088,210.195,207,159,48,76.812,62.987,1.121,11.465,1101,698.17,371.74,459.09,-34.24,,
BTC-USDT-SWAP,1H,12H,0.005,0.006,0.02,148.0,1580.65,968.007,207,166,41,80.193,55.056,1.294,52.8,1101,1208.34,716.44,1580.65,30.81,,
BTC-USDT-SWAP,1H,12H,0.005,0.006,0.025,148.0,1509.27,919.777,207,166,41,80.193,51.969,1.344,50.17,1101,1058.11,614.94,1509.27,42.64,,
BTC-USDT-SWAP,1H,12H,0.005,0.006,0.03,148.0,2037.509,1276.695,207,167,40,80.676,46.58,1.436,69.638,1101,917.85,520.17,2037.51,121.99,,
BTC-USDT-SWAP,1H,12H,0.005,0.008,0.005,148.0,9.32,-93.702,207,90,117,43.478,95.6,0.713,-5.111,1101,73.67,-50.23,9.32,-87.35,,
BTC-USDT-SWAP,1H,12H,0.005,0.008,0.008,148.0,32.863,-77.795,207,112,95,54.106,88.896,0.887,-4.243,1101,192.64,30.16,32.86,-82.94,,
BTC-USDT-SWAP,1H,12H,0.005,0.008,0.01,148.0,33.229,-77.548,207,119,88,57.488,92.994,0.927,-4.23,1101,369.54,149.69,33.23,-91.01,,
BTC-USDT-SWAP,1H,12H,0.005,0.008,0.015,148.0,133.525,-9.781,207,132,75,63.768,88.66,0.995,-0.533,1101,568.29,283.98,133.52,-76.5,,
BTC-USDT-SWAP,1H,12H,0.005,0.008,0.02,148.0,444.37,200.25,207,140,67,67.633,87.063,1.056,10.923,1101,883.55,496.99,444.37,-49.71,,
BTC-USDT-SWAP,1H,12H,0.005,0.008,0.025,148.0,365.667,147.072,207,140,67,67.633,87.913,1.044,8.022,1101,873.62,490.29,365.67,-58.14,,
BTC-USDT-SWAP,1H,12H,0.005,0.008,0.03,148.0,554.469,274.641,207,141,66,68.116,87.425,1.075,14.98,1101,757.82,412.04,554.47,-26.83,,
BTC-USDT-SWAP,1H,12H,0.005,0.01,0.005,148.0,7.105,-95.199,207,78,129,37.681,96.478,0.68,-5.193,1101,58.8,-60.27,7.11,-87.92,,
BTC-USDT-SWAP,1H,12H,0.005,0.01,0.008,148.0,19.275,-86.976,207,98,109,47.343,92.009,0.839,-4.744,1101,126.5,-14.52,19.27,-84.76,,
BTC-USDT-SWAP,1H,12H,0.005,0.01,0.01,148.0,21.518,-85.461,207,106,101,51.208,93.385,0.904,-4.661,1101,259.82,75.55,21.52,-91.72,,
BTC-USDT-SWAP,1H,12H,0.005,0.01,0.015,148.0,111.935,-24.368,207,120,87,57.971,90.427,0.989,-1.329,1101,610.65,312.6,111.94,-81.67,,
BTC-USDT-SWAP,1H,12H,0.005,0.01,0.02,148.0,413.714,179.537,207,128,79,61.836,89.946,1.042,9.793,1101,925.99,525.67,413.71,-55.32,,
BTC-USDT-SWAP,1H,12H,0.005,0.01,0.025,148.0,523.483,253.705,207,128,79,61.836,90.168,1.048,13.838,1101,1174.33,693.47,523.48,-55.42,,
BTC-USDT-SWAP,1H,12H,0.005,0.01,0.03,148.0,808.746,446.45,207,129,78,62.319,89.771,1.075,24.352,1101,1018.66,588.29,808.75,-20.61,,
BTC-USDT-SWAP,1H,12H,0.005,0.012,0.005,148.0,2.965,-97.996,207,67,140,32.367,98.516,0.575,-5.345,1101,36.26,-75.5,2.97,-91.82,,
BTC-USDT-SWAP,1H,12H,0.005,0.012,0.008,148.0,10.632,-92.816,207,89,118,42.995,95.492,0.791,-5.063,1101,88.6,-40.13,10.63,-88.0,,
BTC-USDT-SWAP,1H,12H,0.005,0.012,0.01,148.0,7.479,-94.946,207,95,112,45.894,97.052,0.814,-5.179,1101,106.61,-27.96,7.48,-92.98,,
BTC-USDT-SWAP,1H,12H,0.005,0.012,0.015,148.0,22.28,-84.946,207,107,100,51.691,94.386,0.918,-4.633,1101,245.03,65.56,22.28,-90.91,,
BTC-USDT-SWAP,1H,12H,0.005,0.012,0.02,148.0,56.7,-61.689,207,115,92,55.556,94.287,0.971,-3.365,1101,424.06,186.52,56.7,-86.63,,
BTC-USDT-SWAP,1H,12H,0.005,0.012,0.025,148.0,67.049,-54.697,207,115,92,55.556,94.579,0.979,-2.983,1101,556.33,275.9,67.05,-87.95,,
BTC-USDT-SWAP,1H,12H,0.005,0.012,0.03,148.0,83.71,-43.439,207,116,91,56.039,94.34,0.984,-2.369,1101,449.39,203.64,83.71,-81.37,,
BTC-USDT-SWAP,1H,12H,0.005,0.015,0.005,148.0,1.078,-99.271,207,58,149,28.019,99.515,0.483,-5.415,1101,24.69,-83.32,1.08,-95.63,,
BTC-USDT-SWAP,1H,12H,0.005,0.015,0.008,148.0,4.01,-97.291,207,80,127,38.647,98.27,0.721,-5.307,1101,63.14,-57.34,4.01,-93.65,,
BTC-USDT-SWAP,1H,12H,0.005,0.015,0.01,148.0,3.954,-97.329,207,87,120,42.029,98.294,0.793,-5.309,1101,103.62,-29.99,3.95,-96.18,,
BTC-USDT-SWAP,1H,12H,0.005,0.015,0.015,148.0,8.221,-94.445,207,97,110,46.86,97.404,0.88,-5.152,1101,165.97,12.14,8.22,-95.05,,
BTC-USDT-SWAP,1H,12H,0.005,0.015,0.02,148.0,9.93,-93.291,207,102,105,49.275,98.581,0.93,-5.089,1101,236.29,59.66,9.93,-95.8,,
BTC-USDT-SWAP,1H,12H,0.005,0.015,0.025,148.0,16.418,-88.907,207,103,104,49.758,98.433,0.95,-4.849,1101,341.36,130.65,16.42,-95.19,,
BTC-USDT-SWAP,1H,12H,0.005,0.015,0.03,148.0,18.215,-87.693,207,104,103,50.242,98.48,0.952,-4.783,1101,256.78,73.5,18.21,-92.91,,
BTC-USDT-SWAP,1H,12H,0.005,0.02,0.005,148.0,0.454,-99.693,207,50,157,24.155,99.754,0.47,-5.438,1101,23.0,-84.46,0.45,-98.03,,
BTC-USDT-SWAP,1H,12H,0.005,0.02,0.008,148.0,1.246,-99.158,207,71,136,34.3,99.393,0.684,-5.409,1101,52.52,-64.52,1.25,-97.63,,
BTC-USDT-SWAP,1H,12H,0.005,0.02,0.01,148.0,0.925,-99.375,207,77,130,37.198,99.55,0.731,-5.42,1101,72.63,-50.93,0.92,-98.73,,
BTC-USDT-SWAP,1H,12H,0.005,0.02,0.015,148.0,1.341,-99.094,207,86,121,41.546,99.409,0.769,-5.405,1101,76.57,-48.26,1.34,-98.25,,
BTC-USDT-SWAP,1H,12H,0.005,0.02,0.02,148.0,1.245,-99.159,207,91,116,43.961,99.452,0.83,-5.409,1101,92.65,-37.4,1.24,-98.66,,
BTC-USDT-SWAP,1H,12H,0.005,0.02,0.025,148.0,1.349,-99.088,207,92,115,44.444,99.503,0.839,-5.405,1101,102.58,-30.69,1.35,-98.68,,
BTC-USDT-SWAP,1H,12H,0.005,0.02,0.03,148.0,1.262,-99.147,207,93,114,44.928,99.535,0.827,-5.408,1101,62.94,-57.47,1.26,-97.99,,
BTC-USDT-SWAP,1H,12H,0.005,0.03,0.005,148.0,0.429,-99.71,207,48,159,23.188,99.754,0.46,-5.439,1101,22.76,-84.62,0.43,-98.11,,
BTC-USDT-SWAP,1H,12H,0.005,0.03,0.008,148.0,0.634,-99.571,207,67,140,32.367,99.673,0.612,-5.431,1101,36.84,-75.11,0.63,-98.28,,
BTC-USDT-SWAP,1H,12H,0.005,0.03,0.01,148.0,0.28,-99.811,207,72,135,34.783,99.855,0.6,-5.444,1101,32.47,-78.06,0.28,-99.14,,
BTC-USDT-SWAP,1H,12H,0.005,0.03,0.015,148.0,0.1,-99.932,207,77,130,37.198,99.95,0.591,-5.451,1101,26.14,-82.34,0.1,-99.62,,
BTC-USDT-SWAP,1H,12H,0.005,0.03,0.02,148.0,0.05,-99.966,207,81,126,39.13,99.975,0.65,-5.453,1101,25.02,-83.09,0.05,-99.8,,
BTC-USDT-SWAP,1H,12H,0.005,0.03,0.025,148.0,0.067,-99.955,207,83,124,40.097,99.976,0.679,-5.452,1101,25.92,-82.49,0.07,-99.74,,
BTC-USDT-SWAP,1H,12H,0.005,0.03,0.03,148.0,0.152,-99.897,207,85,122,41.063,99.944,0.674,-5.449,1101,19.52,-86.81,0.15,-99.22,,
BTC-USDT-SWAP,1H,12H,0.007,0.004,0.005,148.0,25.683,-82.647,178,120,58,67.416,84.591,0.523,-4.508,1101,48.27,-67.39,25.68,-46.79,,
BTC-USDT-SWAP,1H,12H,0.007,0.004,0.008,148.0,52.693,-64.396,178,140,38,78.652,73.017,0.786,-3.513,1101,152.45,3.01,52.69,-65.44,,
BTC-USDT-SWAP,1H,12H,0.007,0.004,0.01,148.0,174.23,17.723,178,153,25,85.955,39.818,1.05,0.967,1101,219.79,48.51,174.23,-20.73,,
BTC-USDT-SWAP,1H,12H,0.007,0.004,0.015,148.0,478.161,223.081,178,163,15,91.573,30.342,1.407,12.168,1101,352.92,138.46,478.16,35.49,,
BTC-USDT-SWAP,1H,12H,0.007,0.004,0.02,148.0,850.643,474.759,178,167,11,93.82,22.6,1.893,25.896,1101,407.58,175.39,850.64,108.71,,
BTC-USDT-SWAP,1H,12H,0.007,0.004,0.025,148.0,734.56,396.324,178,167,11,93.82,27.0,1.81,21.618,1101,381.45,157.74,734.56,92.57,,
BTC-USDT-SWAP,1H,12H,0.007,0.004,0.03,148.0,890.587,501.748,178,168,10,94.382,32.0,1.944,27.368,1101,355.32,140.08,890.59,150.64,,
BTC-USDT-SWAP,1H,12H,0.007,0.006,0.005,148.0,62.887,-57.509,178,104,74,58.427,64.78,0.816,-3.137,1101,72.66,-50.9,62.89,-13.45,,
BTC-USDT-SWAP,1H,12H,0.007,0.006,0.008,148.0,148.489,0.33,178,124,54,69.663,55.662,1.0,0.018,1101,252.14,70.37,148.49,-41.11,,
BTC-USDT-SWAP,1H,12H,0.007,0.006,0.01,148.0,539.69,264.655,178,137,41,76.966,40.84,1.27,14.436,1101,367.18,148.09,539.69,46.98,,
BTC-USDT-SWAP,1H,12H,0.007,0.006,0.015,148.0,1425.533,863.198,178,147,31,82.584,37.271,1.439,47.084,1101,638.7,331.55,1425.53,123.19,,
BTC-USDT-SWAP,1H,12H,0.007,0.006,0.02,148.0,3571.145,2312.936,178,152,26,85.393,36.97,2.231,126.16,1101,706.62,377.44,3571.15,405.39,,
BTC-USDT-SWAP,1H,12H,0.007,0.006,0.025,148.0,3101.128,1995.357,178,152,26,85.393,44.281,2.185,108.838,1101,704.08,375.73,3101.13,340.45,,
BTC-USDT-SWAP,1H,12H,0.007,0.006,0.03,148.0,3833.56,2490.243,178,153,25,85.955,39.769,2.277,135.831,1101,655.85,343.14,3833.56,484.51,,
BTC-USDT-SWAP,1H,12H,0.007,0.008,0.005,148.0,69.369,-53.129,178,89,89,50.0,64.722,0.885,-2.898,1101,122.46,-17.26,69.37,-43.35,,
BTC-USDT-SWAP,1H,12H,0.007,0.008,0.008,148.0,177.392,19.86,178,108,70,60.674,72.557,1.015,1.083,1101,478.53,223.33,177.39,-62.93,,
BTC-USDT-SWAP,1H,12H,0.007,0.008,0.01,148.0,726.51,390.885,178,120,58,67.416,46.782,1.183,21.321,1101,735.25,396.79,726.51,-1.19,,
BTC-USDT-SWAP,1H,12H,0.007,0.008,0.015,148.0,1818.845,1128.949,178,130,48,73.034,70.938,1.21,61.579,1101,1663.5,1023.99,1818.84,9.34,,
BTC-USDT-SWAP,1H,12H,0.007,0.008,0.02,148.0,2340.472,1481.4,178,133,45,74.719,63.474,1.322,80.804,1101,1374.98,829.04,2340.47,70.22,,
BTC-USDT-SWAP,1H,12H,0.007,0.008,0.025,148.0,2315.662,1464.636,178,133,45,74.719,56.294,1.397,79.889,1101,1281.88,766.14,2315.66,80.65,,
BTC-USDT-SWAP,1H,12H,0.007,0.008,0.03,148.0,3124.216,2010.957,178,134,44,75.281,53.185,1.494,109.689,1101,1111.96,651.32,3124.22,180.97,,
BTC-USDT-SWAP,1H,12H,0.007,0.01,0.005,148.0,73.697,-50.205,178,78,100,43.82,73.579,0.909,-2.738,1101,129.63,-12.42,73.7,-43.15,,
BTC-USDT-SWAP,1H,12H,0.007,0.01,0.008,148.0,116.638,-21.19,178,94,84,52.809,85.278,0.983,-1.156,1101,393.88,166.13,116.64,-70.39,,
BTC-USDT-SWAP,1H,12H,0.007,0.01,0.01,148.0,280.146,89.288,178,103,75,57.865,75.049,1.05,4.87,1101,506.23,242.04,280.15,-44.66,,
BTC-USDT-SWAP,1H,12H,0.007,0.01,0.015,148.0,635.611,329.467,178,113,65,63.483,87.465,1.081,17.971,1101,949.34,541.45,635.61,-33.05,,
BTC-USDT-SWAP,1H,12H,0.007,0.01,0.02,148.0,942.167,536.599,178,117,61,65.73,85.316,1.12,29.269,1101,1030.45,596.25,942.17,-8.57,,
BTC-USDT-SWAP,1H,12H,0.007,0.01,0.025,148.0,763.554,415.915,178,117,61,65.73,85.702,1.112,22.686,1101,960.67,549.1,763.55,-20.52,,
BTC-USDT-SWAP,1H,12H,0.007,0.01,0.03,148.0,1078.088,628.438,178,118,60,66.292,86.719,1.153,34.278,1101,833.33,463.06,1078.09,29.37,,
BTC-USDT-SWAP,1H,12H,0.007,0.012,0.005,148.0,48.007,-67.563,178,69,109,38.764,75.211,0.834,-3.685,1101,89.48,-39.54,48.01,-46.35,,
BTC-USDT-SWAP,1H,12H,0.007,0.012,0.008,148.0,84.407,-42.969,178,86,92,48.315,83.43,0.956,-2.344,1101,287.65,94.36,84.41,-70.66,,
BTC-USDT-SWAP,1H,12H,0.007,0.012,0.01,148.0,238.673,61.266,178,96,82,53.933,73.194,1.038,3.342,1101,467.07,215.59,238.67,-48.9,,
BTC-USDT-SWAP,1H,12H,0.007,0.012,0.015,148.0,523.98,254.04,178,106,72,59.551,86.882,1.071,13.857,1101,886.5,498.99,523.98,-40.89,,
BTC-USDT-SWAP,1H,12H,0.007,0.012,0.02,148.0,980.425,562.449,178,110,68,61.798,84.338,1.132,30.679,1101,904.06,510.85,980.43,8.45,,
BTC-USDT-SWAP,1H,12H,0.007,0.012,0.025,148.0,1039.738,602.526,178,111,67,62.36,85.299,1.133,32.865,1101,1102.93,645.22,1039.74,-5.73,,
BTC-USDT-SWAP,1H,12H,0.007,0.012,0.03,148.0,1495.228,910.289,178,112,66,62.921,86.345,1.178,49.652,1101,956.73,546.44,1495.23,56.29,,
BTC-USDT-SWAP,1H,12H,0.007,0.015,0.005,148.0,27.143,-81.66,178,61,117,34.27,87.038,0.784,-4.454,1101,63.17,-57.32,27.14,-57.03,,
BTC-USDT-SWAP,1H,12H,0.007,0.015,0.008,148.0,44.897,-69.664,178,78,100,43.82,88.481,0.91,-3.8,1101,162.45,9.76,44.9,-72.36,,
BTC-USDT-SWAP,1H,12H,0.007,0.015,0.01,148.0,96.202,-34.999,178,86,92,48.315,84.612,0.969,-1.909,1101,236.23,59.62,96.2,-59.28,,
BTC-USDT-SWAP,1H,12H,0.007,0.015,0.015,148.0,185.524,25.354,178,95,83,53.371,91.334,1.01,1.383,1101,470.5,217.91,185.52,-60.57,,
BTC-USDT-SWAP,1H,12H,0.007,0.015,0.02,148.0,201.479,36.135,178,98,80,55.056,91.23,1.013,1.971,1101,397.95,168.88,201.48,-49.37,,
BTC-USDT-SWAP,1H,12H,0.007,0.015,0.025,148.0,235.435,59.078,178,99,79,55.618,92.277,1.016,3.222,1101,597.34,303.61,235.44,-60.59,,
BTC-USDT-SWAP,1H,12H,0.007,0.015,0.03,148.0,280.869,89.776,178,100,78,56.18,92.631,1.022,4.897,1101,482.52,226.03,280.87,-41.79,,
BTC-USDT-SWAP,1H,12H,0.007,0.02,0.005,148.0,9.352,-93.681,178,52,126,29.213,95.924,0.692,-5.11,1101,43.28,-70.76,9.35,-78.39,,
BTC-USDT-SWAP,1H,12H,0.007,0.02,0.008,148.0,13.312,-91.005,178,68,110,38.202,94.625,0.823,-4.964,1101,100.68,-31.97,13.31,-86.78,,
BTC-USDT-SWAP,1H,12H,0.007,0.02,0.01,148.0,16.316,-88.976,178,74,104,41.573,93.298,0.82,-4.853,1101,84.16,-43.14,16.32,-80.61,,
BTC-USDT-SWAP,1H,12H,0.007,0.02,0.015,148.0,16.273,-89.004,178,81,97,45.506,96.654,0.893,-4.855,1101,113.25,-23.48,16.27,-85.63,,
BTC-USDT-SWAP,1H,12H,0.007,0.02,0.02,148.0,10.966,-92.591,178,84,94,47.191,97.883,0.892,-5.05,1101,99.8,-32.57,10.97,-89.01,,
BTC-USDT-SWAP,1H,12H,0.007,0.02,0.025,148.0,11.354,-92.328,178,86,92,48.315,97.9,0.891,-5.036,1101,106.98,-27.71,11.35,-89.39,,
BTC-USDT-SWAP,1H,12H,0.007,0.02,0.03,148.0,24.229,-83.629,178,88,90,49.438,97.33,0.912,-4.562,1101,67.68,-54.27,24.23,-64.2,,
BTC-USDT-SWAP,1H,12H,0.007,0.03,0.005,148.0,2.921,-98.026,178,46,132,25.843,98.517,0.58,-5.347,1101,31.77,-78.54,2.92,-90.8,,
BTC-USDT-SWAP,1H,12H,0.007,0.03,0.008,148.0,2.677,-98.191,178,61,117,34.27,98.837,0.713,-5.356,1101,55.91,-62.22,2.68,-95.21,,
BTC-USDT-SWAP,1H,12H,0.007,0.03,0.01,148.0,1.895,-98.719,178,65,113,36.517,99.162,0.7,-5.385,1101,48.93,-66.94,1.9,-96.13,,
BTC-USDT-SWAP,1H,12H,0.007,0.03,0.015,148.0,0.647,-99.563,178,69,109,38.764,99.778,0.76,-5.431,1101,57.08,-61.44,0.65,-98.87,,
BTC-USDT-SWAP,1H,12H,0.007,0.03,0.02,148.0,0.481,-99.675,178,73,105,41.011,99.838,0.768,-5.437,1101,51.27,-65.36,0.48,-99.06,,
BTC-USDT-SWAP,1H,12H,0.007,0.03,0.025,148.0,1.134,-99.234,178,77,101,43.258,99.702,0.795,-5.413,1101,64.54,-56.39,1.13,-98.24,,
BTC-USDT-SWAP,1H,12H,0.007,0.03,0.03,148.0,3.679,-97.514,178,79,99,44.382,99.048,0.813,-5.319,1101,40.83,-72.41,3.68,-90.99,,
BTC-USDT-SWAP,1H,12H,0.01,0.004,0.005,148.0,17.515,-88.165,134,81,53,60.448,89.697,0.488,-4.809,1101,97.7,-33.98,17.52,-82.07,,
BTC-USDT-SWAP,1H,12H,0.01,0.004,0.008,148.0,53.854,-63.612,134,102,32,76.119,72.639,0.669,-3.47,1101,126.61,-14.46,53.85,-57.46,,
BTC-USDT-SWAP,1H,12H,0.01,0.004,0.01,148.0,143.665,-2.929,134,112,22,83.582,47.936,0.986,-0.16,1101,174.99,18.24,143.67,-17.9,,
BTC-USDT-SWAP,1H,12H,0.01,0.004,0.015,148.0,574.986,288.504,134,123,11,91.791,31.359,2.396,15.737,1101,297.91,101.29,574.99,93.01,,
BTC-USDT-SWAP,1H,12H,0.01,0.004,0.02,148.0,448.355,202.943,134,123,11,91.791,40.047,1.937,11.07,1101,279.96,89.16,448.36,60.15,,
BTC-USDT-SWAP,1H,12H,0.01,0.004,0.025,148.0,504.616,240.957,134,124,10,92.537,29.316,2.101,13.143,1101,262.01,77.04,504.62,92.59,,
BTC-USDT-SWAP,1H,12H,0.01,0.004,0.03,148.0,437.858,195.85,134,124,10,92.537,34.157,1.872,10.683,1101,244.07,64.91,437.86,79.4,,
BTC-USDT-SWAP,1H,12H,0.01,0.006,0.005,148.0,58.042,-60.782,134,77,57,57.463,72.393,0.813,-3.315,1101,175.35,18.48,58.04,-66.9,,
BTC-USDT-SWAP,1H,12H,0.01,0.006,0.008,148.0,241.262,63.015,134,97,37,72.388,43.872,1.141,3.437,1101,255.3,72.5,241.26,-5.5,,
BTC-USDT-SWAP,1H,12H,0.01,0.006,0.01,148.0,655.947,343.207,134,106,28,79.104,32.772,1.574,18.72,1101,329.36,122.54,655.95,99.16,,
BTC-USDT-SWAP,1H,12H,0.01,0.006,0.015,148.0,3007.862,1932.339,134,117,17,87.313,31.359,2.907,105.4,1101,605.99,309.45,3007.86,396.36,,
BTC-USDT-SWAP,1H,12H,0.01,0.006,0.02,148.0,2195.12,1383.189,134,117,17,87.313,39.394,2.429,75.447,1101,569.48,284.79,2195.12,285.46,,
BTC-USDT-SWAP,1H,12H,0.01,0.006,0.025,148.0,2751.74,1759.284,134,118,16,88.06,33.149,2.783,95.961,1101,532.98,260.12,2751.74,416.3,,
BTC-USDT-SWAP,1H,12H,0.01,0.006,0.03,148.0,2387.698,1513.31,134,118,16,88.06,37.727,2.606,82.544,1101,496.47,235.45,2387.7,380.93,,
BTC-USDT-SWAP,1H,12H,0.01,0.008,0.005,148.0,64.995,-56.084,134,67,67,50.0,74.701,0.868,-3.059,1101,218.05,47.33,65.0,-70.19,,
BTC-USDT-SWAP,1H,12H,0.01,0.008,0.008,148.0,446.337,201.579,134,89,45,66.418,43.416,1.262,10.995,1101,379.97,156.74,446.34,17.47,,
BTC-USDT-SWAP,1H,12H,0.01,0.008,0.01,148.0,768.562,419.298,134,94,40,70.149,39.093,1.497,22.871,1101,402.74,172.12,768.56,90.83,,
BTC-USDT-SWAP,1H,12H,0.01,0.008,0.015,148.0,2989.936,1920.227,134,104,30,77.612,38.648,2.199,104.74,1101,857.03,479.08,2989.94,248.87,,
BTC-USDT-SWAP,1H,12H,0.01,0.008,0.02,148.0,2064.247,1294.761,134,104,30,77.612,49.105,1.871,70.623,1101,784.24,429.89,2064.25,163.22,,
BTC-USDT-SWAP,1H,12H,0.01,0.008,0.025,148.0,2268.031,1432.454,134,105,29,78.358,56.222,1.954,78.134,1101,686.73,364.01,2268.03,230.26,,
BTC-USDT-SWAP,1H,12H,0.01,0.008,0.03,148.0,2664.502,1700.339,134,106,28,79.104,50.077,2.171,92.746,1101,595.7,302.5,2664.5,347.29,,
BTC-USDT-SWAP,1H,12H,0.01,0.01,0.005,148.0,70.168,-52.589,134,61,73,45.522,84.395,0.92,-2.868,1101,381.05,157.46,70.17,-81.59,,
BTC-USDT-SWAP,1H,12H,0.01,0.01,0.008,148.0,455.14,207.527,134,81,53,60.448,62.885,1.15,11.32,1101,628.62,324.74,455.14,-27.6,,
BTC-USDT-SWAP,1H,12H,0.01,0.01,0.01,148.0,642.922,334.407,134,85,49,63.433,62.232,1.243,18.24,1101,661.87,347.21,642.92,-2.86,,
BTC-USDT-SWAP,1H,12H,0.01,0.01,0.015,148.0,1637.731,1006.575,134,94,40,70.149,65.253,1.415,54.904,1101,1062.22,617.72,1637.73,54.18,,
BTC-USDT-SWAP,1H,12H,0.01,0.01,0.02,148.0,1494.598,909.864,134,94,40,70.149,59.952,1.441,49.629,1101,965.81,552.57,1494.6,54.75,,
BTC-USDT-SWAP,1H,12H,0.01,0.01,0.025,148.0,1729.103,1068.313,134,95,39,70.896,58.436,1.533,58.272,1101,791.31,434.67,1729.1,118.51,,
BTC-USDT-SWAP,1H,12H,0.01,0.01,0.03,148.0,2029.379,1271.202,134,96,38,71.642,54.341,1.644,69.338,1101,673.01,354.74,2029.38,201.54,,
BTC-USDT-SWAP,1H,12H,0.01,0.012,0.005,148.0,113.549,-23.278,134,59,75,44.03,78.449,0.972,-1.27,1101,438.38,196.2,113.55,-74.1,,
BTC-USDT-SWAP,1H,12H,0.01,0.012,0.008,148.0,525.687,255.194,134,76,58,56.716,60.722,1.124,13.92,1101,753.94,409.42,525.69,-30.27,,
BTC-USDT-SWAP,1H,12H,0.01,0.012,0.01,148.0,816.174,451.469,134,81,53,60.448,59.114,1.191,24.626,1101,883.56,497.0,816.17,-7.63,,
BTC-USDT-SWAP,1H,12H,0.01,0.012,0.015,148.0,2455.636,1559.213,134,91,43,67.91,63.088,1.327,85.048,1101,1373.69,828.17,2455.64,78.76,,
BTC-USDT-SWAP,1H,12H,0.01,0.012,0.02,148.0,2095.858,1316.12,134,91,43,67.91,54.042,1.309,71.788,1101,1323.27,794.1,2095.86,58.38,,
BTC-USDT-SWAP,1H,12H,0.01,0.012,0.025,148.0,2649.874,1690.456,134,92,42,68.657,51.089,1.407,92.207,1101,1084.19,632.56,2649.87,144.41,,
BTC-USDT-SWAP,1H,12H,0.01,0.012,0.03,148.0,2949.938,1893.201,134,93,41,69.403,52.148,1.436,103.266,1101,922.1,523.04,2949.94,219.91,,
BTC-USDT-SWAP,1H,12H,0.01,0.015,0.005,148.0,40.117,-72.894,134,49,85,36.567,88.712,0.87,-3.976,1101,290.7,96.42,40.12,-86.2,,
BTC-USDT-SWAP,1H,12H,0.01,0.015,0.008,148.0,184.154,24.429,134,66,68,49.254,76.066,1.018,1.332,1101,567.11,283.18,184.15,-67.53,,
BTC-USDT-SWAP,1H,12H,0.01,0.015,0.01,148.0,220.785,49.179,134,70,64,52.239,78.508,1.035,2.682,1101,667.56,351.05,220.78,-66.93,,
BTC-USDT-SWAP,1H,12H,0.01,0.015,0.015,148.0,759.555,413.213,134,81,53,60.448,76.277,1.149,22.539,1101,1032.81,597.84,759.56,-26.46,,
BTC-USDT-SWAP,1H,12H,0.01,0.015,0.02,148.0,680.803,360.002,134,82,52,61.194,77.22,1.119,19.636,1101,1259.79,751.21,680.8,-45.96,,
BTC-USDT-SWAP,1H,12H,0.01,0.015,0.025,148.0,876.584,492.286,134,83,51,61.94,79.303,1.153,26.852,1101,1032.17,597.41,876.58,-15.07,,
BTC-USDT-SWAP,1H,12H,0.01,0.015,0.03,148.0,1026.329,593.465,134,84,50,62.687,79.06,1.178,32.371,1101,877.86,493.15,1026.33,16.91,,
BTC-USDT-SWAP,1H,12H,0.01,0.02,0.005,148.0,25.693,-82.64,134,44,90,32.836,90.879,0.83,-4.508,1101,213.59,44.32,25.69,-87.97,,
BTC-USDT-SWAP,1H,12H,0.01,0.02,0.008,148.0,58.89,-60.209,134,58,76,43.284,86.218,0.931,-3.284,1101,280.34,89.42,58.89,-78.99,,
BTC-USDT-SWAP,1H,12H,0.01,0.02,0.01,148.0,43.956,-70.3,134,61,73,45.522,88.94,0.92,-3.835,1101,314.91,112.78,43.96,-86.04,,
BTC-USDT-SWAP,1H,12H,0.01,0.02,0.015,148.0,51.181,-65.418,134,70,64,52.239,94.187,0.957,-3.568,1101,417.96,182.41,51.18,-87.75,,
BTC-USDT-SWAP,1H,12H,0.01,0.02,0.02,148.0,65.04,-56.054,134,72,62,53.731,94.52,0.97,-3.058,1101,558.07,277.08,65.04,-88.35,,
BTC-USDT-SWAP,1H,12H,0.01,0.02,0.025,148.0,66.928,-54.778,134,73,61,54.478,95.392,0.971,-2.988,1101,400.29,170.46,66.93,-83.28,,
BTC-USDT-SWAP,1H,12H,0.01,0.02,0.03,148.0,89.813,-39.316,134,74,60,55.224,94.822,0.978,-2.144,1101,295.23,99.48,89.81,-69.58,,
BTC-USDT-SWAP,1H,12H,0.01,0.03,0.005,148.0,13.886,-90.618,134,40,94,29.851,94.111,0.784,-4.943,1101,178.78,20.79,13.89,-92.23,,
BTC-USDT-SWAP,1H,12H,0.01,0.03,0.008,148.0,9.832,-93.357,134,50,84,37.313,96.38,0.817,-5.092,1101,178.49,20.6,9.83,-94.49,,
BTC-USDT-SWAP,1H,12H,0.01,0.03,0.01,148.0,5.81,-96.074,134,53,81,39.552,97.583,0.794,-5.24,1101,163.6,10.54,5.81,-96.45,,
BTC-USDT-SWAP,1H,12H,0.01,0.03,0.015,148.0,4.005,-97.294,134,61,73,45.522,98.801,0.853,-5.307,1101,214.32,44.81,4.0,-98.13,,
BTC-USDT-SWAP,1H,12H,0.01,0.03,0.02,148.0,5.48,-96.297,134,64,70,47.761,98.969,0.875,-5.253,1101,237.34,60.36,5.48,-97.69,,
BTC-USDT-SWAP,1H,12H,0.01,0.03,0.025,148.0,9.565,-93.537,134,66,68,49.254,98.038,0.871,-5.102,1101,150.3,1.55,9.57,-93.64,,
BTC-USDT-SWAP,1H,12H,0.01,0.03,0.03,148.0,11.246,-92.401,134,67,67,50.0,97.347,0.856,-5.04,1101,96.13,-35.05,11.25,-88.3,,
BTC-USDT-SWAP,1H,1D,0.001,0.004,0.005,148.0,12.121,-91.81,168,105,63,62.5,91.81,0.429,-5.008,551,55.22,-62.69,12.12,-78.05,,
BTC-USDT-SWAP,1H,1D,0.001,0.004,0.008,148.0,20.477,-86.164,168,125,43,74.405,87.893,0.573,-4.7,551,82.82,-44.04,20.48,-75.28,,
BTC-USDT-SWAP,1H,1D,0.001,0.004,0.01,148.0,56.596,-61.76,168,138,30,82.143,73.991,0.737,-3.369,551,129.38,-12.58,56.6,-56.25,,
BTC-USDT-SWAP,1H,1D,0.001,0.004,0.015,148.0,105.61,-28.642,168,148,20,88.095,67.257,0.906,-1.562,551,149.83,1.24,105.61,-29.51,,
BTC-USDT-SWAP,1H,1D,0.001,0.004,0.02,148.0,140.482,-5.079,168,152,16,90.476,60.368,0.985,-0.277,551,161.45,9.09,140.48,-12.99,,
BTC-USDT-SWAP,1H,1D,0.001,0.004,0.025,148.0,203.258,37.336,168,154,14,91.667,54.787,1.094,2.037,551,201.86,36.39,203.26,0.69,,
BTC-USDT-SWAP,1H,1D,0.001,0.004,0.03,148.0,152.895,3.308,168,154,14,91.667,61.451,1.009,0.18,551,188.04,27.05,152.9,-18.69,,
BTC-USDT-SWAP,1H,1D,0.001,0.006,0.005,148.0,25.266,-82.928,168,94,74,55.952,85.264,0.679,-4.523,551,79.63,-46.19,25.27,-68.27,,
BTC-USDT-SWAP,1H,1D,0.001,0.006,0.008,148.0,39.452,-73.344,168,112,56,66.667,83.635,0.791,-4.001,551,99.09,-33.05,39.45,-60.19,,
BTC-USDT-SWAP,1H,1D,0.001,0.006,0.01,148.0,126.16,-14.757,168,125,43,74.405,64.739,0.973,-0.805,551,205.39,38.78,126.16,-38.57,,
BTC-USDT-SWAP,1H,1D,0.001,0.006,0.015,148.0,169.746,14.693,168,134,34,79.762,68.065,1.018,0.801,551,237.76,60.65,169.75,-28.61,,
BTC-USDT-SWAP,1H,1D,0.001,0.006,0.02,148.0,280.081,89.244,168,138,30,82.143,67.63,1.09,4.868,551,245.42,65.82,280.08,14.12,,
BTC-USDT-SWAP,1H,1D,0.001,0.006,0.025,148.0,300.611,103.116,168,139,29,82.738,73.979,1.091,5.625,551,292.74,97.79,300.61,2.69,,
BTC-USDT-SWAP,1H,1D,0.001,0.006,0.03,148.0,193.371,30.656,168,139,29,82.738,79.086,1.031,1.672,551,253.93,71.58,193.37,-23.85,,
BTC-USDT-SWAP,1H,1D,0.001,0.008,0.005,148.0,21.789,-85.278,168,79,89,47.024,88.623,0.752,-4.652,551,104.34,-29.5,21.79,-79.12,,
BTC-USDT-SWAP,1H,1D,0.001,0.008,0.008,148.0,27.911,-81.142,168,95,73,56.548,90.062,0.825,-4.426,551,117.55,-20.58,27.91,-76.26,,
BTC-USDT-SWAP,1H,1D,0.001,0.008,0.01,148.0,103.3,-30.203,168,109,59,64.881,83.343,0.958,-1.647,551,209.3,41.42,103.3,-50.65,,
BTC-USDT-SWAP,1H,1D,0.001,0.008,0.015,148.0,116.273,-21.437,168,118,50,70.238,86.662,0.98,-1.169,551,261.96,77.0,116.27,-55.61,,
BTC-USDT-SWAP,1H,1D,0.001,0.008,0.02,148.0,165.623,11.908,168,122,46,72.619,88.28,1.009,0.65,551,272.42,84.07,165.62,-39.2,,
BTC-USDT-SWAP,1H,1D,0.001,0.008,0.025,148.0,142.087,-3.995,168,123,45,73.214,90.556,0.997,-0.218,551,309.89,109.38,142.09,-54.15,,
BTC-USDT-SWAP,1H,1D,0.001,0.008,0.03,148.0,124.098,-16.15,168,123,45,73.214,89.038,0.986,-0.881,551,250.32,69.14,124.1,-50.42,,
BTC-USDT-SWAP,1H,1D,0.001,0.01,0.005,148.0,24.655,-83.341,168,71,97,42.262,88.106,0.815,-4.546,551,126.32,-14.65,24.66,-80.48,,
BTC-USDT-SWAP,1H,1D,0.001,0.01,0.008,148.0,20.886,-85.888,168,84,84,50.0,92.287,0.853,-4.685,551,123.81,-16.34,20.89,-83.13,,
BTC-USDT-SWAP,1H,1D,0.001,0.01,0.01,148.0,37.661,-74.553,168,94,74,55.952,89.705,0.892,-4.067,551,149.2,0.81,37.66,-74.76,,
BTC-USDT-SWAP,1H,1D,0.001,0.01,0.015,148.0,33.01,-77.696,168,103,65,61.31,92.579,0.916,-4.238,551,168.76,14.03,33.01,-80.44,,
BTC-USDT-SWAP,1H,1D,0.001,0.01,0.02,148.0,52.53,-64.507,168,108,60,64.286,93.465,0.941,-3.519,551,179.69,21.41,52.53,-70.77,,
BTC-USDT-SWAP,1H,1D,0.001,0.01,0.025,148.0,39.096,-73.584,168,109,59,64.881,95.25,0.934,-4.014,551,210.17,42.01,39.1,-81.4,,
BTC-USDT-SWAP,1H,1D,0.001,0.01,0.03,148.0,33.782,-77.175,168,109,59,64.881,94.333,0.914,-4.21,551,166.48,12.49,33.78,-79.71,,
BTC-USDT-SWAP,1H,1D,0.001,0.012,0.005,148.0,14.652,-90.1,168,61,107,36.31,92.345,0.718,-4.915,551,52.67,-64.41,14.65,-72.18,,
BTC-USDT-SWAP,1H,1D,0.001,0.012,0.008,148.0,9.088,-93.859,168,73,95,43.452,96.379,0.718,-5.12,551,35.82,-75.8,9.09,-74.63,,
BTC-USDT-SWAP,1H,1D,0.001,0.012,0.01,148.0,16.117,-89.11,168,83,85,49.405,94.466,0.751,-4.861,551,39.15,-73.55,16.12,-58.83,,
BTC-USDT-SWAP,1H,1D,0.001,0.012,0.015,148.0,12.815,-91.342,168,93,75,55.357,95.502,0.805,-4.982,551,44.04,-70.24,12.81,-70.9,,
BTC-USDT-SWAP,1H,1D,0.001,0.012,0.02,148.0,13.289,-91.021,168,96,72,57.143,96.658,0.798,-4.965,551,32.93,-77.75,13.29,-59.65,,
BTC-USDT-SWAP,1H,1D,0.001,0.012,0.025,148.0,9.345,-93.686,168,97,71,57.738,97.65,0.784,-5.11,551,36.93,-75.05,9.34,-74.69,,
BTC-USDT-SWAP,1H,1D,0.001,0.012,0.03,148.0,6.463,-95.633,168,97,71,57.738,98.375,0.724,-5.216,551,23.41,-84.18,6.46,-72.4,,
BTC-USDT-SWAP,1H,1D,0.001,0.015,0.005,148.0,5.315,-96.409,168,51,117,30.357,97.603,0.647,-5.259,551,29.88,-79.81,5.32,-82.21,,
BTC-USDT-SWAP,1H,1D,0.001,0.015,0.008,148.0,4.911,-96.682,168,65,103,38.69,98.059,0.72,-5.274,551,25.33,-82.89,4.91,-80.61,,
BTC-USDT-SWAP,1H,1D,0.001,0.015,0.01,148.0,8.378,-94.339,168,74,94,44.048,97.24,0.744,-5.146,551,27.31,-81.55,8.38,-69.32,,
BTC-USDT-SWAP,1H,1D,0.001,0.015,0.015,148.0,7.083,-95.214,168,85,83,50.595,97.805,0.806,-5.194,551,29.79,-79.87,7.08,-76.23,,
BTC-USDT-SWAP,1H,1D,0.001,0.015,0.02,148.0,8.719,-94.109,168,89,79,52.976,97.977,0.805,-5.133,551,19.66,-86.72,8.72,-55.64,,
BTC-USDT-SWAP,1H,1D,0.001,0.015,0.025,148.0,5.955,-95.976,168,90,78,53.571,98.619,0.787,-5.235,551,19.65,-86.73,5.95,-69.69,,
BTC-USDT-SWAP,1H,1D,0.001,0.015,0.03,148.0,4.266,-97.117,168,90,78,53.571,99.01,0.742,-5.297,551,12.9,-91.28,4.27,-66.94,,
BTC-USDT-SWAP,1H,1D,0.001,0.02,0.005,148.0,3.746,-97.469,168,46,122,27.381,97.875,0.556,-5.317,551,23.22,-84.31,3.75,-83.87,,
BTC-USDT-SWAP,1H,1D,0.001,0.02,0.008,148.0,1.41,-99.048,168,56,112,33.333,99.249,0.563,-5.403,551,12.25,-91.72,1.41,-88.49,,
BTC-USDT-SWAP,1H,1D,0.001,0.02,0.01,148.0,2.405,-98.375,168,64,104,38.095,98.899,0.563,-5.366,551,10.29,-93.05,2.4,-76.63,,
BTC-USDT-SWAP,1H,1D,0.001,0.02,0.015,148.0,1.87,-98.736,168,75,93,44.643,99.122,0.674,-5.386,551,14.79,-90.01,1.87,-87.36,,
BTC-USDT-SWAP,1H,1D,0.001,0.02,0.02,148.0,2.339,-98.419,168,78,90,46.429,98.987,0.665,-5.368,551,8.95,-93.96,2.34,-73.85,,
BTC-USDT-SWAP,1H,1D,0.001,0.02,0.025,148.0,0.944,-99.362,168,78,90,46.429,99.591,0.589,-5.42,551,5.03,-96.6,0.94,-81.24,,
BTC-USDT-SWAP,1H,1D,0.001,0.02,0.03,148.0,0.546,-99.631,168,78,90,46.429,99.764,0.522,-5.434,551,2.67,-98.2,0.55,-79.54,,
BTC-USDT-SWAP,1H,1D,0.001,0.03,0.005,148.0,2.426,-98.361,168,42,126,25.0,98.831,0.433,-5.365,551,13.83,-90.65,2.43,-82.46,,
BTC-USDT-SWAP,1H,1D,0.001,0.03,0.008,148.0,0.779,-99.473,168,52,116,30.952,99.716,0.502,-5.426,551,7.85,-94.7,0.78,-90.07,,
BTC-USDT-SWAP,1H,1D,0.001,0.03,0.01,148.0,0.706,-99.523,168,59,109,35.119,99.762,0.474,-5.429,551,4.68,-96.84,0.71,-84.91,,
BTC-USDT-SWAP,1H,1D,0.001,0.03,0.015,148.0,0.191,-99.871,168,68,100,40.476,99.92,0.481,-5.448,551,4.78,-96.77,0.19,-96.02,,
BTC-USDT-SWAP,1H,1D,0.001,0.03,0.02,148.0,0.182,-99.877,168,71,97,42.262,99.929,0.491,-5.448,551,3.26,-97.8,0.18,-94.43,,
BTC-USDT-SWAP,1H,1D,0.001,0.03,0.025,148.0,0.071,-99.952,168,71,97,42.262,99.972,0.442,-5.452,551,1.61,-98.91,0.07,-95.58,,
BTC-USDT-SWAP,1H,1D,0.001,0.03,0.03,148.0,0.033,-99.978,168,71,97,42.262,99.987,0.4,-5.453,551,0.74,-99.5,0.03,-95.51,,
BTC-USDT-SWAP,1H,1D,0.002,0.004,0.005,148.0,19.087,-87.103,154,98,56,63.636,89.598,0.529,-4.751,551,80.98,-45.28,19.09,-76.43,,
BTC-USDT-SWAP,1H,1D,0.002,0.004,0.008,148.0,27.701,-81.283,154,115,39,74.675,84.304,0.596,-4.434,551,97.62,-34.04,27.7,-71.62,,
BTC-USDT-SWAP,1H,1D,0.002,0.004,0.01,148.0,56.434,-61.869,154,125,29,81.169,76.73,0.741,-3.375,551,137.59,-7.03,56.43,-58.98,,
BTC-USDT-SWAP,1H,1D,0.002,0.004,0.015,148.0,109.154,-26.247,154,135,19,87.662,71.611,0.902,-1.432,551,137.92,-6.81,109.15,-20.86,,
BTC-USDT-SWAP,1H,1D,0.002,0.004,0.02,148.0,163.079,10.188,154,139,15,90.26,67.586,1.032,0.556,551,172.13,16.3,163.08,-5.26,,
BTC-USDT-SWAP,1H,1D,0.002,0.004,0.025,148.0,174.219,17.716,154,139,15,90.26,62.94,1.055,0.966,551,175.59,18.64,174.22,-0.78,,
BTC-USDT-SWAP,1H,1D,0.002,0.004,0.03,148.0,140.15,-5.304,154,139,15,90.26,68.04,0.983,-0.289,551,163.56,10.51,140.15,-14.31,,
BTC-USDT-SWAP,1H,1D,0.002,0.006,0.005,148.0,45.327,-69.374,154,90,64,58.442,79.607,0.764,-3.784,551,94.62,-36.07,45.33,-52.09,,
BTC-USDT-SWAP,1H,1D,0.002,0.006,0.008,148.0,56.616,-61.746,154,105,49,68.182,76.504,0.818,-3.368,551,115.73,-21.81,56.62,-51.08,,
BTC-USDT-SWAP,1H,1D,0.002,0.006,0.01,148.0,160.442,8.406,154,116,38,75.325,55.578,1.018,0.459,551,178.07,20.32,160.44,-9.9,,
BTC-USDT-SWAP,1H,1D,0.002,0.006,0.015,148.0,205.802,39.055,154,124,30,80.519,61.853,1.078,2.13,551,131.21,-11.34,205.8,56.84,,
BTC-USDT-SWAP,1H,1D,0.002,0.006,0.02,148.0,259.922,75.623,154,128,26,83.117,57.483,1.118,4.125,551,161.18,8.9,259.92,61.26,,
BTC-USDT-SWAP,1H,1D,0.002,0.006,0.025,148.0,283.126,91.301,154,129,25,83.766,65.364,1.137,4.98,551,143.94,-2.74,283.13,96.7,,
BTC-USDT-SWAP,1H,1D,0.002,0.006,0.03,148.0,170.464,15.178,154,129,25,83.766,72.286,1.026,0.828,551,116.27,-21.44,170.46,46.61,,
BTC-USDT-SWAP,1H,1D,0.002,0.008,0.005,148.0,31.133,-78.964,154,76,78,49.351,88.666,0.817,-4.307,551,123.37,-16.64,31.13,-74.76,,
BTC-USDT-SWAP,1H,1D,0.002,0.008,0.008,148.0,54.719,-63.028,154,94,60,61.039,83.39,0.887,-3.438,551,157.95,6.72,54.72,-65.36,,
BTC-USDT-SWAP,1H,1D,0.002,0.008,0.01,148.0,136.148,-8.008,154,104,50,67.532,77.136,0.99,-0.437,551,225.82,52.58,136.15,-39.71,,
BTC-USDT-SWAP,1H,1D,0.002,0.008,0.015,148.0,139.615,-5.666,154,112,42,72.727,83.289,0.994,-0.309,551,192.75,30.24,139.61,-27.57,,
BTC-USDT-SWAP,1H,1D,0.002,0.008,0.02,148.0,172.117,16.296,154,116,38,75.325,85.564,1.014,0.889,551,231.09,56.14,172.12,-25.52,,
BTC-USDT-SWAP,1H,1D,0.002,0.008,0.025,148.0,129.18,-12.716,154,116,38,75.325,86.146,0.987,-0.694,551,193.09,30.47,129.18,-33.1,,
BTC-USDT-SWAP,1H,1D,0.002,0.008,0.03,148.0,71.988,-51.359,154,116,38,75.325,88.982,0.934,-2.801,551,145.25,-1.86,71.99,-50.44,,
BTC-USDT-SWAP,1H,1D,0.002,0.01,0.005,148.0,24.397,-83.516,154,66,88,42.857,91.207,0.828,-4.555,551,107.68,-27.24,24.4,-77.34,,
BTC-USDT-SWAP,1H,1D,0.002,0.01,0.008,148.0,34.015,-77.017,154,82,72,53.247,89.823,0.871,-4.201,551,111.31,-24.79,34.01,-69.44,,
BTC-USDT-SWAP,1H,1D,0.002,0.01,0.01,148.0,80.494,-45.612,154,92,62,59.74,81.537,0.948,-2.488,551,149.42,0.96,80.49,-46.13,,
BTC-USDT-SWAP,1H,1D,0.002,0.01,0.015,148.0,64.907,-56.144,154,100,54,64.935,88.588,0.935,-3.062,551,107.4,-27.43,64.91,-39.57,,
BTC-USDT-SWAP,1H,1D,0.002,0.01,0.02,148.0,93.505,-36.821,154,105,49,68.182,89.678,0.969,-2.008,551,144.41,-2.43,93.51,-35.25,,
BTC-USDT-SWAP,1H,1D,0.002,0.01,0.025,148.0,71.581,-51.634,154,105,49,68.182,90.736,0.954,-2.816,551,131.61,-11.08,71.58,-45.61,,
BTC-USDT-SWAP,1H,1D,0.002,0.01,0.03,148.0,50.147,-66.117,154,105,49,68.182,91.843,0.926,-3.606,551,105.63,-28.63,50.15,-52.53,,
BTC-USDT-SWAP,1H,1D,0.002,0.012,0.005,148.0,15.726,-89.374,154,57,97,37.013,94.441,0.815,-4.875,551,84.97,-42.59,15.73,-81.49,,
BTC-USDT-SWAP,1H,1D,0.002,0.012,0.008,148.0,21.193,-85.681,154,72,82,46.753,93.42,0.847,-4.673,551,86.98,-41.23,21.19,-75.63,,
BTC-USDT-SWAP,1H,1D,0.002,0.012,0.01,148.0,39.648,-73.21,154,81,73,52.597,88.128,0.893,-3.993,551,92.17,-37.73,39.65,-56.98,,
BTC-USDT-SWAP,1H,1D,0.002,0.012,0.015,148.0,26.9,-81.825,154,88,66,57.143,93.607,0.873,-4.463,551,61.86,-58.2,26.9,-56.52,,
BTC-USDT-SWAP,1H,1D,0.002,0.012,0.02,148.0,35.462,-76.039,154,93,61,60.39,91.638,0.909,-4.148,551,83.14,-43.83,35.46,-57.35,,
BTC-USDT-SWAP,1H,1D,0.002,0.012,0.025,148.0,22.202,-84.999,154,93,61,60.39,93.57,0.877,-4.636,551,66.33,-55.18,22.2,-66.53,,
BTC-USDT-SWAP,1H,1D,0.002,0.012,0.03,148.0,12.501,-91.553,154,93,61,60.39,96.38,0.825,-4.994,551,45.96,-68.94,12.5,-72.8,,
BTC-USDT-SWAP,1H,1D,0.002,0.015,0.005,148.0,5.749,-96.115,154,46,108,29.87,97.667,0.721,-5.243,551,34.66,-76.58,5.75,-83.41,,
BTC-USDT-SWAP,1H,1D,0.002,0.015,0.008,148.0,5.669,-96.169,154,60,94,38.961,98.025,0.741,-5.246,551,31.06,-79.02,5.67,-81.75,,
BTC-USDT-SWAP,1H,1D,0.002,0.015,0.01,148.0,9.598,-93.515,154,69,85,44.805,96.964,0.774,-5.101,551,26.58,-82.04,9.6,-63.89,,
BTC-USDT-SWAP,1H,1D,0.002,0.015,0.015,148.0,12.455,-91.584,154,79,75,51.299,96.517,0.828,-4.996,551,26.14,-82.34,12.45,-52.36,,
BTC-USDT-SWAP,1H,1D,0.002,0.015,0.02,148.0,14.238,-90.38,154,83,71,53.896,96.018,0.841,-4.93,551,25.56,-82.73,14.24,-44.29,,
BTC-USDT-SWAP,1H,1D,0.002,0.015,0.025,148.0,7.8,-94.73,154,83,71,53.896,97.819,0.797,-5.167,551,17.84,-87.95,7.8,-56.28,,
BTC-USDT-SWAP,1H,1D,0.002,0.015,0.03,148.0,3.789,-97.44,154,83,71,53.896,98.94,0.735,-5.315,551,10.67,-92.79,3.79,-64.48,,
BTC-USDT-SWAP,1H,1D,0.002,0.02,0.005,148.0,3.985,-97.308,154,41,113,26.623,97.68,0.639,-5.308,551,25.78,-82.58,3.98,-84.55,,
BTC-USDT-SWAP,1H,1D,0.002,0.02,0.008,148.0,1.23,-99.169,154,50,104,32.468,99.235,0.552,-5.409,551,10.95,-92.6,1.23,-88.77,,
BTC-USDT-SWAP,1H,1D,0.002,0.02,0.01,148.0,4.035,-97.274,154,61,93,39.61,97.895,0.638,-5.306,551,12.47,-91.58,4.04,-67.63,,
BTC-USDT-SWAP,1H,1D,0.002,0.02,0.015,148.0,6.609,-95.534,154,72,82,46.753,96.917,0.747,-5.211,551,17.65,-88.08,6.61,-62.55,,
BTC-USDT-SWAP,1H,1D,0.002,0.02,0.02,148.0,6.089,-95.886,154,75,79,48.701,96.732,0.721,-5.23,551,11.15,-92.47,6.09,-45.36,,
BTC-USDT-SWAP,1H,1D,0.002,0.02,0.025,148.0,3.102,-97.904,154,75,79,48.701,98.335,0.648,-5.34,551,6.81,-95.4,3.1,-54.45,,
BTC-USDT-SWAP,1H,1D,0.002,0.02,0.03,148.0,1.307,-99.117,154,75,79,48.701,99.299,0.555,-5.406,551,3.53,-97.61,1.31,-62.99,,
BTC-USDT-SWAP,1H,1D,0.002,0.03,0.005,148.0,1.657,-98.881,154,37,117,24.026,99.181,0.554,-5.393,551,17.22,-88.36,1.66,-90.38,,
BTC-USDT-SWAP,1H,1D,0.002,0.03,0.008,148.0,0.32,-99.784,154,45,109,29.221,99.843,0.467,-5.443,551,5.2,-96.49,0.32,-93.85,,
BTC-USDT-SWAP,1H,1D,0.002,0.03,0.01,148.0,0.422,-99.715,154,54,100,35.065,99.811,0.448,-5.439,551,3.07,-97.93,0.42,-86.26,,
BTC-USDT-SWAP,1H,1D,0.002,0.03,0.015,148.0,0.245,-99.834,154,63,91,40.909,99.881,0.513,-5.446,551,4.43,-97.01,0.25,-94.46,,
BTC-USDT-SWAP,1H,1D,0.002,0.03,0.02,148.0,0.174,-99.882,154,66,88,42.857,99.911,0.505,-5.448,551,2.99,-97.98,0.17,-94.17,,
BTC-USDT-SWAP,1H,1D,0.002,0.03,0.025,148.0,0.082,-99.944,154,66,88,42.857,99.958,0.459,-5.452,551,1.5,-98.99,0.08,-94.5,,
BTC-USDT-SWAP,1H,1D,0.002,0.03,0.03,148.0,0.026,-99.982,154,66,88,42.857,99.987,0.417,-5.454,551,0.63,-99.58,0.03,-95.84,,
BTC-USDT-SWAP,1H,1D,0.003,0.004,0.005,148.0,17.387,-88.252,143,89,54,62.238,88.483,0.478,-4.814,551,78.93,-46.67,17.39,-77.97,,
BTC-USDT-SWAP,1H,1D,0.003,0.004,0.008,148.0,51.202,-65.404,143,111,32,77.622,71.606,0.656,-3.568,551,108.56,-26.65,51.2,-52.83,,
BTC-USDT-SWAP,1H,1D,0.003,0.004,0.01,148.0,73.296,-50.476,143,118,25,82.517,64.319,0.779,-2.753,551,135.02,-8.77,73.3,-45.72,,
BTC-USDT-SWAP,1H,1D,0.003,0.004,0.015,148.0,224.318,51.566,143,130,13,90.909,43.7,1.168,2.813,551,204.49,38.17,224.32,9.7,,
BTC-USDT-SWAP,1H,1D,0.003,0.004,0.02,148.0,372.123,151.435,143,134,9,93.706,46.533,1.393,8.26,551,290.22,96.09,372.12,28.22,,
BTC-USDT-SWAP,1H,1D,0.003,0.004,0.025,148.0,336.389,127.29,143,134,9,93.706,49.386,1.334,6.943,551,271.62,83.52,336.39,23.85,,
BTC-USDT-SWAP,1H,1D,0.003,0.004,0.03,148.0,405.911,174.264,143,135,8,94.406,53.076,1.404,9.505,551,253.01,70.95,405.91,60.43,,
BTC-USDT-SWAP,1H,1D,0.003,0.006,0.005,148.0,24.551,-83.411,143,77,66,53.846,86.641,0.675,-4.55,551,90.45,-38.88,24.55,-72.86,,
BTC-USDT-SWAP,1H,1D,0.003,0.006,0.008,148.0,80.437,-45.651,143,99,44,69.231,69.6,0.861,-2.49,551,124.17,-16.1,80.44,-35.22,,
BTC-USDT-SWAP,1H,1D,0.003,0.006,0.01,148.0,95.899,-35.203,143,105,38,73.427,65.891,0.907,-1.92,551,126.13,-14.78,95.9,-23.97,,
BTC-USDT-SWAP,1H,1D,0.003,0.006,0.015,148.0,173.212,17.035,143,116,27,81.119,58.96,1.035,0.929,551,122.38,-17.31,173.21,41.53,,
BTC-USDT-SWAP,1H,1D,0.003,0.006,0.02,148.0,222.752,50.508,143,119,24,83.217,59.001,1.094,2.755,551,123.47,-16.57,222.75,80.41,,
BTC-USDT-SWAP,1H,1D,0.003,0.006,0.025,148.0,193.041,30.433,143,119,24,83.217,59.896,1.06,1.66,551,105.73,-28.56,193.04,82.57,,
BTC-USDT-SWAP,1H,1D,0.003,0.006,0.03,148.0,178.548,20.641,143,120,23,83.916,67.419,1.04,1.126,551,79.53,-46.26,178.55,124.49,,
BTC-USDT-SWAP,1H,1D,0.003,0.008,0.005,148.0,28.674,-80.626,143,68,75,47.552,85.453,0.742,-4.398,551,83.22,-43.77,28.67,-65.54,,
BTC-USDT-SWAP,1H,1D,0.003,0.008,0.008,148.0,86.17,-41.777,143,88,55,61.538,65.915,0.898,-2.279,551,107.69,-27.24,86.17,-19.98,,
BTC-USDT-SWAP,1H,1D,0.003,0.008,0.01,148.0,94.889,-35.886,143,93,50,65.035,67.881,0.925,-1.957,551,116.43,-21.33,94.89,-18.5,,
BTC-USDT-SWAP,1H,1D,0.003,0.008,0.015,148.0,165.971,12.142,143,103,40,72.028,65.231,1.019,0.662,551,110.41,-25.4,165.97,50.33,,
BTC-USDT-SWAP,1H,1D,0.003,0.008,0.02,148.0,209.491,41.548,143,106,37,74.126,69.684,1.057,2.266,551,106.67,-27.93,209.49,96.4,,
BTC-USDT-SWAP,1H,1D,0.003,0.008,0.025,148.0,148.668,0.451,143,106,37,74.126,74.98,1.001,0.025,551,85.46,-42.25,148.67,73.95,,
BTC-USDT-SWAP,1H,1D,0.003,0.008,0.03,148.0,137.487,-7.104,143,107,36,74.825,79.98,0.99,-0.387,551,66.77,-54.88,137.49,105.9,,
BTC-USDT-SWAP,1H,1D,0.003,0.01,0.005,148.0,17.799,-87.974,143,59,84,41.259,90.598,0.741,-4.799,551,79.41,-46.34,17.8,-77.59,,
BTC-USDT-SWAP,1H,1D,0.003,0.01,0.008,148.0,57.004,-61.484,143,79,64,55.245,80.952,0.856,-3.354,551,86.03,-41.87,57.0,-33.74,,
BTC-USDT-SWAP,1H,1D,0.003,0.01,0.01,148.0,86.026,-41.874,143,86,57,60.14,79.654,0.925,-2.284,551,108.35,-26.79,86.03,-20.6,,
BTC-USDT-SWAP,1H,1D,0.003,0.01,0.015,148.0,89.652,-39.424,143,94,49,65.734,82.373,0.943,-2.15,551,97.74,-33.96,89.65,-8.27,,
BTC-USDT-SWAP,1H,1D,0.003,0.01,0.02,148.0,88.407,-40.266,143,97,46,67.832,87.565,0.948,-2.196,551,111.73,-24.51,88.41,-20.87,,
BTC-USDT-SWAP,1H,1D,0.003,0.01,0.025,148.0,63.202,-57.296,143,97,46,67.832,87.329,0.909,-3.125,551,83.76,-43.41,63.2,-24.54,,
BTC-USDT-SWAP,1H,1D,0.003,0.01,0.03,148.0,55.565,-62.456,143,98,45,68.531,89.651,0.899,-3.407,551,60.94,-58.83,55.57,-8.82,,
BTC-USDT-SWAP,1H,1D,0.003,0.012,0.005,148.0,17.442,-88.215,143,53,90,37.063,91.588,0.8,-4.812,551,94.86,-35.9,17.44,-81.61,,
BTC-USDT-SWAP,1H,1D,0.003,0.012,0.008,148.0,31.192,-78.924,143,69,74,48.252,85.136,0.828,-4.305,551,72.49,-51.02,31.19,-56.97,,
BTC-USDT-SWAP,1H,1D,0.003,0.012,0.01,148.0,51.264,-65.362,143,77,66,53.846,80.373,0.893,-3.565,551,90.16,-39.08,51.26,-43.14,,
BTC-USDT-SWAP,1H,1D,0.003,0.012,0.015,148.0,27.697,-81.286,143,83,60,58.042,90.808,0.866,-4.434,551,66.62,-54.99,27.7,-58.43,,
BTC-USDT-SWAP,1H,1D,0.003,0.012,0.02,148.0,21.712,-85.33,143,86,57,60.14,93.193,0.865,-4.654,551,68.47,-53.74,21.71,-68.29,,
BTC-USDT-SWAP,1H,1D,0.003,0.012,0.025,148.0,15.151,-89.763,143,86,57,60.14,93.78,0.832,-4.896,551,56.61,-61.75,15.15,-73.24,,
BTC-USDT-SWAP,1H,1D,0.003,0.012,0.03,148.0,16.276,-89.003,143,87,56,60.839,93.609,0.831,-4.855,551,44.52,-69.92,16.28,-63.44,,
BTC-USDT-SWAP,1H,1D,0.003,0.015,0.005,148.0,7.552,-94.898,143,43,100,30.07,95.836,0.646,-5.176,551,32.25,-78.21,7.55,-76.58,,
BTC-USDT-SWAP,1H,1D,0.003,0.015,0.008,148.0,9.566,-93.537,143,58,85,40.559,95.41,0.634,-5.102,551,21.84,-85.24,9.57,-56.2,,
BTC-USDT-SWAP,1H,1D,0.003,0.015,0.01,148.0,14.674,-90.085,143,66,77,46.154,92.442,0.726,-4.914,551,26.24,-82.27,14.67,-44.07,,
BTC-USDT-SWAP,1H,1D,0.003,0.015,0.015,148.0,7.362,-95.026,143,72,71,50.35,96.917,0.689,-5.183,551,15.53,-89.5,7.36,-52.61,,
BTC-USDT-SWAP,1H,1D,0.003,0.015,0.02,148.0,5.798,-96.083,143,75,68,52.448,97.468,0.681,-5.241,551,14.9,-89.94,5.8,-61.08,,
BTC-USDT-SWAP,1H,1D,0.003,0.015,0.025,148.0,3.312,-97.762,143,75,68,52.448,98.553,0.613,-5.332,551,10.08,-93.19,3.31,-67.15,,
BTC-USDT-SWAP,1H,1D,0.003,0.015,0.03,148.0,2.937,-98.016,143,76,67,53.147,98.717,0.581,-5.346,551,6.37,-95.7,2.94,-53.91,,
BTC-USDT-SWAP,1H,1D,0.003,0.02,0.005,148.0,7.022,-95.256,143,39,104,27.273,95.988,0.646,-5.196,551,29.39,-80.14,7.02,-76.11,,
BTC-USDT-SWAP,1H,1D,0.003,0.02,0.008,148.0,9.764,-93.403,143,53,90,37.063,94.823,0.663,-5.095,551,21.87,-85.23,9.76,-55.35,,
BTC-USDT-SWAP,1H,1D,0.003,0.02,0.01,148.0,15.738,-89.366,143,61,82,42.657,91.242,0.733,-4.875,551,21.66,-85.36,15.74,-27.36,,
BTC-USDT-SWAP,1H,1D,0.003,0.02,0.015,148.0,12.589,-91.494,143,69,74,48.252,93.125,0.788,-4.991,551,21.24,-85.65,12.59,-40.73,,
BTC-USDT-SWAP,1H,1D,0.003,0.02,0.02,148.0,7.85,-94.696,143,71,72,49.65,95.55,0.734,-5.165,551,14.01,-90.54,7.85,-43.95,,
BTC-USDT-SWAP,1H,1D,0.003,0.02,0.025,148.0,4.196,-97.165,143,71,72,49.65,97.621,0.662,-5.3,551,8.87,-94.01,4.2,-52.69,,
BTC-USDT-SWAP,1H,1D,0.003,0.02,0.03,148.0,3.618,-97.555,143,72,71,50.35,97.949,0.629,-5.321,551,5.22,-96.47,3.62,-30.68,,
BTC-USDT-SWAP,1H,1D,0.003,0.03,0.005,148.0,1.788,-98.792,143,33,110,23.077,99.128,0.552,-5.389,551,17.58,-88.12,1.79,-89.83,,
BTC-USDT-SWAP,1H,1D,0.003,0.03,0.008,148.0,1.039,-99.298,143,45,98,31.469,99.516,0.509,-5.416,551,6.84,-95.38,1.04,-84.81,,
BTC-USDT-SWAP,1H,1D,0.003,0.03,0.01,148.0,0.78,-99.473,143,51,92,35.664,99.619,0.488,-5.426,551,5.63,-96.19,0.78,-86.15,,
BTC-USDT-SWAP,1H,1D,0.003,0.03,0.015,148.0,0.515,-99.652,143,60,83,41.958,99.738,0.58,-5.436,551,7.01,-95.27,0.51,-92.66,,
BTC-USDT-SWAP,1H,1D,0.003,0.03,0.02,148.0,0.213,-99.856,143,61,82,42.657,99.885,0.531,-5.447,551,3.83,-97.41,0.21,-94.43,,
BTC-USDT-SWAP,1H,1D,0.003,0.03,0.025,148.0,0.103,-99.931,143,61,82,42.657,99.945,0.484,-5.451,551,1.99,-98.66,0.1,-94.83,,
BTC-USDT-SWAP,1H,1D,0.003,0.03,0.03,148.0,0.072,-99.951,143,62,81,43.357,99.961,0.456,-5.452,551,0.94,-99.36,0.07,-92.35,,
BTC-USDT-SWAP,1H,1D,0.004,0.004,0.005,148.0,24.231,-83.628,135,87,48,64.444,83.949,0.484,-4.562,551,70.74,-52.2,24.23,-65.75,,
BTC-USDT-SWAP,1H,1D,0.004,0.004,0.008,148.0,100.656,-31.989,135,111,24,82.222,52.137,0.851,-1.745,551,137.05,-7.4,100.66,-26.56,,
BTC-USDT-SWAP,1H,1D,0.004,0.004,0.01,148.0,122.77,-17.048,135,116,19,85.926,48.087,0.922,-0.93,551,132.7,-10.33,122.77,-7.49,,
BTC-USDT-SWAP,1H,1D,0.004,0.004,0.015,148.0,316.284,113.705,135,126,9,93.333,42.823,1.458,6.202,551,163.5,10.48,316.28,93.44,,
BTC-USDT-SWAP,1H,1D,0.004,0.004,0.02,148.0,924.92,524.946,135,132,3,97.778,22.0,3.531,28.633,551,284.53,92.25,924.92,225.07,,
BTC-USDT-SWAP,1H,1D,0.004,0.004,0.025,148.0,810.141,447.393,135,132,3,97.778,28.701,3.118,24.403,551,266.29,79.92,810.14,204.24,,
BTC-USDT-SWAP,1H,1D,0.004,0.004,0.03,148.0,1054.446,612.463,135,133,2,98.519,32.0,4.129,33.407,551,248.05,67.6,1054.45,325.1,,
BTC-USDT-SWAP,1H,1D,0.004,0.006,0.005,148.0,23.738,-83.961,135,72,63,53.333,86.245,0.62,-4.58,551,75.22,-49.18,23.74,-68.44,,
BTC-USDT-SWAP,1H,1D,0.004,0.006,0.008,148.0,105.929,-28.427,135,95,40,70.37,69.577,0.922,-1.551,551,143.95,-2.74,105.93,-26.41,,
BTC-USDT-SWAP,1H,1D,0.004,0.006,0.01,148.0,96.418,-34.853,135,99,36,73.333,70.377,0.908,-1.901,551,129.85,-12.26,96.42,-25.75,,
BTC-USDT-SWAP,1H,1D,0.004,0.006,0.015,148.0,198.711,34.264,135,110,25,81.481,63.014,1.068,1.869,551,134.07,-9.41,198.71,48.22,,
BTC-USDT-SWAP,1H,1D,0.004,0.006,0.02,148.0,356.7,141.013,135,113,22,83.704,59.251,1.241,7.692,551,149.15,0.77,356.7,139.16,,
BTC-USDT-SWAP,1H,1D,0.004,0.006,0.025,148.0,321.635,117.321,135,113,22,83.704,60.219,1.207,6.399,551,139.23,-5.92,321.63,131.0,,
BTC-USDT-SWAP,1H,1D,0.004,0.006,0.03,148.0,488.495,230.064,135,114,21,84.444,67.886,1.43,12.549,551,112.4,-24.05,488.5,334.6,,
BTC-USDT-SWAP,1H,1D,0.004,0.008,0.005,148.0,28.843,-80.511,135,64,71,47.407,85.657,0.715,-4.392,551,78.81,-46.75,28.84,-63.4,,
BTC-USDT-SWAP,1H,1D,0.004,0.008,0.008,148.0,123.522,-16.539,135,85,50,62.963,63.212,0.967,-0.902,551,144.46,-2.4,123.52,-14.49,,
BTC-USDT-SWAP,1H,1D,0.004,0.008,0.01,148.0,101.019,-31.744,135,89,46,65.926,65.353,0.931,-1.731,551,102.7,-30.61,101.02,-1.63,,
BTC-USDT-SWAP,1H,1D,0.004,0.008,0.015,148.0,138.534,-6.396,135,98,37,72.593,69.427,0.989,-0.349,551,97.35,-34.23,138.53,42.31,,
BTC-USDT-SWAP,1H,1D,0.004,0.008,0.02,148.0,265.927,79.68,135,102,33,75.556,68.861,1.108,4.346,551,91.54,-38.15,265.93,190.49,,
BTC-USDT-SWAP,1H,1D,0.004,0.008,0.025,148.0,171.235,15.7,135,102,33,75.556,74.599,1.025,0.856,551,70.0,-52.7,171.24,144.62,,
BTC-USDT-SWAP,1H,1D,0.004,0.008,0.03,148.0,212.556,43.619,135,103,32,76.296,77.594,1.071,2.379,551,51.56,-65.16,212.56,312.25,,
BTC-USDT-SWAP,1H,1D,0.004,0.01,0.005,148.0,19.114,-87.085,135,55,80,40.741,90.854,0.686,-4.75,551,54.84,-62.95,19.11,-65.15,,
BTC-USDT-SWAP,1H,1D,0.004,0.01,0.008,148.0,79.243,-46.457,135,75,60,55.556,78.703,0.912,-2.534,551,106.96,-27.73,79.24,-25.91,,
BTC-USDT-SWAP,1H,1D,0.004,0.01,0.01,148.0,57.944,-60.848,135,79,56,58.519,82.537,0.874,-3.319,551,85.03,-42.55,57.94,-31.85,,
BTC-USDT-SWAP,1H,1D,0.004,0.01,0.015,148.0,71.659,-51.582,135,88,47,65.185,84.799,0.918,-2.814,551,75.05,-49.29,71.66,-4.51,,
BTC-USDT-SWAP,1H,1D,0.004,0.01,0.02,148.0,84.223,-43.092,135,91,44,67.407,86.871,0.939,-2.35,551,84.33,-43.02,84.22,-0.13,,
BTC-USDT-SWAP,1H,1D,0.004,0.01,0.025,148.0,54.243,-63.349,135,91,44,67.407,87.372,0.888,-3.455,551,60.34,-59.23,54.24,-10.1,,
BTC-USDT-SWAP,1H,1D,0.004,0.01,0.03,148.0,64.552,-56.384,135,92,43,68.148,85.191,0.894,-3.075,551,41.38,-72.04,64.55,55.98,,
BTC-USDT-SWAP,1H,1D,0.004,0.012,0.005,148.0,15.683,-89.403,135,49,86,36.296,92.627,0.733,-4.877,551,61.66,-58.34,15.68,-74.56,,
BTC-USDT-SWAP,1H,1D,0.004,0.012,0.008,148.0,37.572,-74.614,135,65,70,48.148,87.059,0.859,-4.07,551,79.41,-46.34,37.57,-52.69,,
BTC-USDT-SWAP,1H,1D,0.004,0.012,0.01,148.0,28.6,-80.675,135,70,65,51.852,88.257,0.832,-4.4,551,60.1,-59.39,28.6,-52.41,,
BTC-USDT-SWAP,1H,1D,0.004,0.012,0.015,148.0,20.593,-86.086,135,77,58,57.037,93.582,0.824,-4.696,551,41.48,-71.97,20.59,-50.36,,
BTC-USDT-SWAP,1H,1D,0.004,0.012,0.02,148.0,28.699,-80.609,135,80,55,59.259,93.277,0.859,-4.397,551,49.94,-66.26,28.7,-42.53,,
BTC-USDT-SWAP,1H,1D,0.004,0.012,0.025,148.0,16.172,-89.073,135,80,55,59.259,93.953,0.799,-4.859,551,33.43,-77.41,16.17,-51.62,,
BTC-USDT-SWAP,1H,1D,0.004,0.012,0.03,148.0,25.888,-82.508,135,81,54,60.0,91.849,0.812,-4.5,551,25.11,-83.03,25.89,3.11,,
BTC-USDT-SWAP,1H,1D,0.004,0.015,0.005,148.0,6.611,-95.533,135,39,96,28.889,95.829,0.521,-5.211,551,22.94,-84.5,6.61,-71.18,,
BTC-USDT-SWAP,1H,1D,0.004,0.015,0.008,148.0,10.286,-93.05,135,53,82,39.259,94.462,0.607,-5.075,551,23.14,-84.37,10.29,-55.54,,
BTC-USDT-SWAP,1H,1D,0.004,0.015,0.01,148.0,9.325,-93.699,135,59,76,43.704,94.865,0.621,-5.111,551,20.65,-86.05,9.32,-54.84,,
BTC-USDT-SWAP,1H,1D,0.004,0.015,0.015,148.0,6.587,-95.549,135,65,70,48.148,97.178,0.632,-5.212,551,15.71,-89.38,6.59,-58.08,,
BTC-USDT-SWAP,1H,1D,0.004,0.015,0.02,148.0,7.547,-94.901,135,68,67,50.37,96.766,0.656,-5.176,551,17.15,-88.41,7.55,-56.0,,
BTC-USDT-SWAP,1H,1D,0.004,0.015,0.025,148.0,3.569,-97.588,135,68,67,50.37,98.471,0.545,-5.323,551,10.05,-93.21,3.57,-64.49,,
BTC-USDT-SWAP,1H,1D,0.004,0.015,0.03,148.0,4.717,-96.813,135,69,66,51.111,97.979,0.513,-5.281,551,6.52,-95.6,4.72,-27.62,,
BTC-USDT-SWAP,1H,1D,0.004,0.02,0.005,148.0,7.596,-94.867,135,37,98,27.407,94.93,0.599,-5.175,551,29.67,-79.95,7.6,-74.4,,
BTC-USDT-SWAP,1H,1D,0.004,0.02,0.008,148.0,14.859,-89.96,135,51,84,37.778,91.393,0.713,-4.907,551,34.0,-77.03,14.86,-56.29,,
BTC-USDT-SWAP,1H,1D,0.004,0.02,0.01,148.0,11.846,-91.996,135,56,79,41.481,93.138,0.684,-5.018,551,24.58,-83.4,11.85,-51.8,,
BTC-USDT-SWAP,1H,1D,0.004,0.02,0.015,148.0,10.577,-92.853,135,63,72,46.667,93.938,0.757,-5.065,551,24.05,-83.75,10.58,-56.01,,
BTC-USDT-SWAP,1H,1D,0.004,0.02,0.02,148.0,9.7,-93.446,135,65,70,48.148,94.532,0.727,-5.097,551,18.05,-87.8,9.7,-46.26,,
BTC-USDT-SWAP,1H,1D,0.004,0.02,0.025,148.0,4.292,-97.1,135,65,70,48.148,97.58,0.615,-5.296,551,9.9,-93.31,4.29,-56.63,,
BTC-USDT-SWAP,1H,1D,0.004,0.02,0.03,148.0,5.517,-96.273,135,66,69,48.889,96.89,0.581,-5.251,551,5.98,-95.96,5.52,-7.69,,
BTC-USDT-SWAP,1H,1D,0.004,0.03,0.005,148.0,1.592,-98.924,135,30,105,22.222,99.018,0.369,-5.396,551,11.95,-91.92,1.59,-86.68,,
BTC-USDT-SWAP,1H,1D,0.004,0.03,0.008,148.0,0.938,-99.367,135,41,94,30.37,99.457,0.322,-5.42,551,5.26,-96.45,0.94,-82.18,,
BTC-USDT-SWAP,1H,1D,0.004,0.03,0.01,148.0,0.639,-99.568,135,47,88,34.815,99.622,0.317,-5.431,551,5.8,-96.08,0.64,-88.99,,
BTC-USDT-SWAP,1H,1D,0.004,0.03,0.015,148.0,0.461,-99.689,135,54,81,40.0,99.731,0.449,-5.438,551,6.3,-95.74,0.46,-92.69,,
BTC-USDT-SWAP,1H,1D,0.004,0.03,0.02,148.0,0.265,-99.821,135,55,80,40.741,99.848,0.388,-5.445,551,3.92,-97.35,0.27,-93.24,,
BTC-USDT-SWAP,1H,1D,0.004,0.03,0.025,148.0,0.107,-99.928,135,55,80,40.741,99.939,0.324,-5.451,551,1.76,-98.81,0.11,-93.93,,
BTC-USDT-SWAP,1H,1D,0.004,0.03,0.03,148.0,0.12,-99.919,135,56,79,41.481,99.931,0.291,-5.45,551,0.92,-99.38,0.12,-86.96,,
BTC-USDT-SWAP,1H,1D,0.005,0.004,0.005,148.0,25.497,-82.772,127,81,46,63.78,83.441,0.461,-4.515,551,77.84,-47.41,25.5,-67.24,,
BTC-USDT-SWAP,1H,1D,0.005,0.004,0.008,148.0,87.729,-40.723,127,103,24,81.102,55.676,0.788,-2.221,551,121.33,-18.02,87.73,-27.69,,
BTC-USDT-SWAP,1H,1D,0.005,0.004,0.01,148.0,79.64,-46.189,127,106,21,83.465,58.849,0.784,-2.519,551,133.16,-10.03,79.64,-40.19,,
BTC-USDT-SWAP,1H,1D,0.005,0.004,0.015,148.0,182.357,23.214,127,116,11,91.339,51.277,1.082,1.266,551,201.66,36.26,182.36,-9.57,,
BTC-USDT-SWAP,1H,1D,0.005,0.004,0.02,148.0,482.684,226.138,127,121,6,95.276,29.868,1.805,12.335,551,286.21,93.39,482.68,68.65,,
BTC-USDT-SWAP,1H,1D,0.005,0.004,0.025,148.0,458.361,209.704,127,121,6,95.276,31.064,1.788,11.438,551,267.86,80.99,458.36,71.12,,
BTC-USDT-SWAP,1H,1D,0.005,0.004,0.03,148.0,596.584,303.097,127,122,5,96.063,32.0,2.125,16.533,551,249.52,68.59,596.58,139.1,,
BTC-USDT-SWAP,1H,1D,0.005,0.006,0.005,148.0,34.28,-76.838,127,70,57,55.118,79.71,0.656,-4.191,551,95.65,-35.37,34.28,-64.16,,
BTC-USDT-SWAP,1H,1D,0.005,0.006,0.008,148.0,158.924,7.381,127,93,34,73.228,54.161,1.02,0.403,551,157.78,6.61,158.92,0.72,,
BTC-USDT-SWAP,1H,1D,0.005,0.006,0.01,148.0,107.663,-27.255,127,95,32,74.803,64.585,0.925,-1.487,551,141.88,-4.14,107.66,-24.12,,
BTC-USDT-SWAP,1H,1D,0.005,0.006,0.015,148.0,352.994,138.51,127,108,19,85.039,55.795,1.188,7.555,551,288.72,95.08,352.99,22.26,,
BTC-USDT-SWAP,1H,1D,0.005,0.006,0.02,148.0,728.021,391.906,127,112,15,88.189,49.539,1.371,21.377,551,447.8,202.56,728.02,62.58,,
BTC-USDT-SWAP,1H,1D,0.005,0.006,0.025,148.0,808.449,446.249,127,112,15,88.189,50.461,1.448,24.341,551,391.91,164.81,808.45,106.28,,
BTC-USDT-SWAP,1H,1D,0.005,0.006,0.03,148.0,1332.335,800.226,127,113,14,88.976,48.823,1.829,43.649,551,339.75,129.56,1332.33,292.15,,
BTC-USDT-SWAP,1H,1D,0.005,0.008,0.005,148.0,30.929,-79.102,127,59,68,46.457,83.793,0.709,-4.315,551,91.27,-38.33,30.93,-66.11,,
BTC-USDT-SWAP,1H,1D,0.005,0.008,0.008,148.0,110.769,-25.156,127,79,48,62.205,63.499,0.938,-1.372,551,119.65,-19.15,110.77,-7.42,,
BTC-USDT-SWAP,1H,1D,0.005,0.008,0.01,148.0,51.472,-65.222,127,80,47,62.992,81.855,0.815,-3.558,551,81.05,-45.24,51.47,-36.49,,
BTC-USDT-SWAP,1H,1D,0.005,0.008,0.015,148.0,125.314,-15.328,127,93,34,73.228,82.113,0.977,-0.836,551,144.12,-2.62,125.31,-13.05,,
BTC-USDT-SWAP,1H,1D,0.005,0.008,0.02,148.0,278.232,87.995,127,97,30,76.378,68.514,1.107,4.8,551,146.86,-0.77,278.23,89.46,,
BTC-USDT-SWAP,1H,1D,0.005,0.008,0.025,148.0,277.493,87.495,127,97,30,76.378,69.777,1.115,4.772,551,123.41,-16.62,277.49,124.86,,
BTC-USDT-SWAP,1H,1D,0.005,0.008,0.03,148.0,498.412,236.765,127,98,29,77.165,75.71,1.255,12.914,551,122.88,-16.97,498.41,305.59,,
BTC-USDT-SWAP,1H,1D,0.005,0.01,0.005,148.0,29.453,-80.099,127,52,75,40.945,86.564,0.695,-4.369,551,66.01,-55.4,29.45,-55.38,,
BTC-USDT-SWAP,1H,1D,0.005,0.01,0.008,148.0,84.459,-42.933,127,69,58,54.331,71.932,0.897,-2.342,551,92.86,-37.26,84.46,-9.05,,
BTC-USDT-SWAP,1H,1D,0.005,0.01,0.01,148.0,41.926,-71.672,127,71,56,55.906,85.178,0.792,-3.909,551,58.78,-60.29,41.93,-28.67,,
BTC-USDT-SWAP,1H,1D,0.005,0.01,0.015,148.0,90.113,-39.113,127,81,46,63.78,81.185,0.936,-2.133,551,91.87,-37.93,90.11,-1.91,,
BTC-USDT-SWAP,1H,1D,0.005,0.01,0.02,148.0,128.524,-13.16,127,84,43,66.142,74.931,0.98,-0.718,551,84.19,-43.11,128.52,52.65,,
BTC-USDT-SWAP,1H,1D,0.005,0.01,0.025,148.0,102.394,-30.815,127,84,43,66.142,79.556,0.946,-1.681,551,61.94,-58.15,102.39,65.32,,
BTC-USDT-SWAP,1H,1D,0.005,0.01,0.03,148.0,178.912,20.886,127,85,42,66.929,75.566,1.03,1.139,551,61.21,-58.65,178.91,192.32,,
BTC-USDT-SWAP,1H,1D,0.005,0.012,0.005,148.0,24.845,-83.213,127,47,80,37.008,90.352,0.723,-4.539,551,75.81,-48.78,24.84,-67.23,,
BTC-USDT-SWAP,1H,1D,0.005,0.012,0.008,148.0,94.205,-36.348,127,65,62,51.181,74.679,0.923,-1.983,551,93.69,-36.7,94.21,0.55,,
BTC-USDT-SWAP,1H,1D,0.005,0.012,0.01,148.0,31.604,-78.646,127,65,62,51.181,89.057,0.776,-4.29,551,56.49,-61.83,31.6,-44.05,,
BTC-USDT-SWAP,1H,1D,0.005,0.012,0.015,148.0,69.486,-53.05,127,75,52,59.055,88.241,0.923,-2.894,551,94.72,-36.0,69.49,-26.64,,
BTC-USDT-SWAP,1H,1D,0.005,0.012,0.02,148.0,95.878,-35.218,127,78,49,61.417,87.869,0.957,-1.921,551,111.45,-24.7,95.88,-13.97,,
BTC-USDT-SWAP,1H,1D,0.005,0.012,0.025,148.0,66.594,-55.004,127,78,49,61.417,87.762,0.916,-3.0,551,81.99,-44.6,66.59,-18.77,,
BTC-USDT-SWAP,1H,1D,0.005,0.012,0.03,148.0,121.789,-17.71,127,79,48,62.205,84.969,0.978,-0.966,551,81.02,-45.26,121.79,50.33,,
BTC-USDT-SWAP,1H,1D,0.005,0.015,0.005,148.0,8.609,-94.183,127,38,89,29.921,95.994,0.567,-5.137,551,44.41,-69.99,8.61,-80.62,,
BTC-USDT-SWAP,1H,1D,0.005,0.015,0.008,148.0,28.825,-80.523,127,55,72,43.307,85.15,0.739,-4.392,551,47.98,-67.58,28.83,-39.93,,
BTC-USDT-SWAP,1H,1D,0.005,0.015,0.01,148.0,8.019,-94.582,127,55,72,43.307,95.667,0.602,-5.159,551,26.44,-82.14,8.02,-69.67,,
BTC-USDT-SWAP,1H,1D,0.005,0.015,0.015,148.0,7.769,-94.751,127,62,65,48.819,96.789,0.694,-5.168,551,27.58,-81.37,7.77,-71.83,,
BTC-USDT-SWAP,1H,1D,0.005,0.015,0.02,148.0,9.408,-93.643,127,65,62,51.181,96.045,0.719,-5.108,551,31.28,-78.86,9.41,-69.93,,
BTC-USDT-SWAP,1H,1D,0.005,0.015,0.025,148.0,5.712,-96.14,127,65,62,51.181,97.598,0.635,-5.244,551,18.85,-87.26,5.71,-69.7,,
BTC-USDT-SWAP,1H,1D,0.005,0.015,0.03,148.0,10.467,-92.928,127,66,61,51.969,95.599,0.686,-5.069,551,19.52,-86.81,10.47,-46.37,,
BTC-USDT-SWAP,1H,1D,0.005,0.02,0.005,148.0,5.38,-96.365,127,33,94,25.984,96.458,0.524,-5.256,551,36.52,-75.32,5.38,-85.27,,
BTC-USDT-SWAP,1H,1D,0.005,0.02,0.008,148.0,20.558,-86.109,127,49,78,38.583,88.212,0.674,-4.697,551,29.1,-80.34,20.56,-29.36,,
BTC-USDT-SWAP,1H,1D,0.005,0.02,0.01,148.0,7.019,-95.257,127,50,77,39.37,95.975,0.591,-5.196,551,20.59,-86.09,7.02,-65.9,,
BTC-USDT-SWAP,1H,1D,0.005,0.02,0.015,148.0,7.368,-95.022,127,57,70,44.882,96.411,0.666,-5.183,551,19.05,-87.13,7.37,-61.33,,
BTC-USDT-SWAP,1H,1D,0.005,0.02,0.02,148.0,6.783,-95.417,127,59,68,46.457,96.813,0.634,-5.205,551,13.96,-90.57,6.78,-51.42,,
BTC-USDT-SWAP,1H,1D,0.005,0.02,0.025,148.0,3.591,-97.574,127,59,68,46.457,98.313,0.533,-5.322,551,7.34,-95.04,3.59,-51.05,,
BTC-USDT-SWAP,1H,1D,0.005,0.02,0.03,148.0,5.956,-95.976,127,60,67,47.244,97.202,0.57,-5.235,551,6.58,-95.55,5.96,-9.53,,
BTC-USDT-SWAP,1H,1D,0.005,0.03,0.005,148.0,1.334,-99.099,127,26,101,20.472,99.189,0.363,-5.405,551,14.82,-89.98,1.33,-91.0,,
BTC-USDT-SWAP,1H,1D,0.005,0.03,0.008,148.0,1.901,-98.716,127,39,88,30.709,98.93,0.364,-5.384,551,10.01,-93.24,1.9,-81.01,,
BTC-USDT-SWAP,1H,1D,0.005,0.03,0.01,148.0,0.888,-99.4,127,42,85,33.071,99.485,0.401,-5.422,551,10.03,-93.22,0.89,-91.15,,
BTC-USDT-SWAP,1H,1D,0.005,0.03,0.015,148.0,0.7,-99.527,127,48,79,37.795,99.603,0.501,-5.429,551,8.9,-93.98,0.7,-92.14,,
BTC-USDT-SWAP,1H,1D,0.005,0.03,0.02,148.0,0.357,-99.759,127,49,78,38.583,99.804,0.441,-5.441,551,5.76,-96.11,0.36,-93.8,,
BTC-USDT-SWAP,1H,1D,0.005,0.03,0.025,148.0,0.186,-99.874,127,49,78,38.583,99.898,0.374,-5.448,551,2.65,-98.21,0.19,-92.98,,
BTC-USDT-SWAP,1H,1D,0.005,0.03,0.03,148.0,0.269,-99.818,127,50,77,39.37,99.853,0.382,-5.445,551,2.05,-98.61,0.27,-86.89,,
BTC-USDT-SWAP,1H,1D,0.007,0.004,0.005,148.0,52.801,-64.323,108,74,34,68.519,72.055,0.568,-3.509,551,107.54,-27.34,52.8,-50.9,,
BTC-USDT-SWAP,1H,1D,0.007,0.004,0.008,148.0,91.333,-38.289,108,87,21,80.556,51.991,0.777,-2.088,551,135.67,-8.33,91.33,-32.68,,
BTC-USDT-SWAP,1H,1D,0.007,0.004,0.01,148.0,189.804,28.246,108,95,13,87.963,30.511,1.166,1.541,551,155.74,5.23,189.8,21.87,,
BTC-USDT-SWAP,1H,1D,0.007,0.004,0.015,148.0,547.481,269.92,108,103,5,95.37,17.3,2.817,14.723,551,265.14,79.15,547.48,106.49,,
BTC-USDT-SWAP,1H,1D,0.007,0.004,0.02,148.0,483.275,226.537,108,103,5,95.37,22.84,2.46,12.357,551,249.16,68.35,483.28,93.96,,
BTC-USDT-SWAP,1H,1D,0.007,0.004,0.025,148.0,423.303,186.015,108,103,5,95.37,32.415,2.155,10.146,551,233.19,57.56,423.3,81.53,,
BTC-USDT-SWAP,1H,1D,0.007,0.004,0.03,148.0,550.953,272.266,108,104,4,96.296,32.0,2.891,14.851,551,217.22,46.77,550.95,153.64,,
BTC-USDT-SWAP,1H,1D,0.007,0.006,0.005,148.0,130.4,-11.892,108,69,39,63.889,54.14,0.952,-0.649,551,165.11,11.56,130.4,-21.02,,
BTC-USDT-SWAP,1H,1D,0.007,0.006,0.008,148.0,245.973,66.198,108,82,26,75.926,51.876,1.186,3.611,551,248.84,68.14,245.97,-1.15,,
BTC-USDT-SWAP,1H,1D,0.007,0.006,0.01,148.0,458.744,209.962,108,89,19,82.407,42.528,1.488,11.452,551,296.97,100.65,458.74,54.48,,
BTC-USDT-SWAP,1H,1D,0.007,0.006,0.015,148.0,1469.219,892.716,108,97,11,89.815,34.319,2.347,48.694,551,546.39,269.18,1469.22,168.89,,
BTC-USDT-SWAP,1H,1D,0.007,0.006,0.02,148.0,1874.136,1166.308,108,98,10,90.741,22.307,2.949,63.617,551,513.48,246.94,1874.14,264.99,,
BTC-USDT-SWAP,1H,1D,0.007,0.006,0.025,148.0,1641.563,1009.164,108,98,10,90.741,27.0,2.757,55.045,551,480.56,224.7,1641.56,241.59,,
BTC-USDT-SWAP,1H,1D,0.007,0.006,0.03,148.0,2178.482,1371.948,108,99,9,91.667,32.0,3.236,74.834,551,447.65,202.46,2178.48,386.65,,
BTC-USDT-SWAP,1H,1D,0.007,0.008,0.005,148.0,97.263,-34.282,108,57,51,52.778,66.836,0.878,-1.87,551,140.07,-5.36,97.26,-30.56,,
BTC-USDT-SWAP,1H,1D,0.007,0.008,0.008,148.0,135.487,-8.455,108,69,39,63.889,66.417,0.975,-0.461,551,141.05,-4.69,135.49,-3.95,,
BTC-USDT-SWAP,1H,1D,0.007,0.008,0.01,148.0,352.741,138.338,108,78,30,72.222,58.197,1.282,7.546,551,199.55,34.83,352.74,76.77,,
BTC-USDT-SWAP,1H,1D,0.007,0.008,0.015,148.0,968.262,554.231,108,86,22,79.63,53.319,1.542,30.231,551,433.29,192.76,968.26,123.47,,
BTC-USDT-SWAP,1H,1D,0.007,0.008,0.02,148.0,1204.122,713.596,108,87,21,80.556,47.646,1.767,38.923,551,336.32,127.24,1204.12,258.03,,
BTC-USDT-SWAP,1H,1D,0.007,0.008,0.025,148.0,804.548,443.614,108,87,21,80.556,57.128,1.559,24.197,551,257.68,74.11,804.55,212.22,,
BTC-USDT-SWAP,1H,1D,0.007,0.008,0.03,148.0,1573.081,962.893,108,88,20,81.481,61.377,2.169,52.521,551,253.69,71.41,1573.08,520.08,,
BTC-USDT-SWAP,1H,1D,0.007,0.01,0.005,148.0,70.5,-52.365,108,47,61,43.519,74.321,0.789,-2.856,551,95.02,-35.8,70.5,-25.81,,
BTC-USDT-SWAP,1H,1D,0.007,0.01,0.008,148.0,53.152,-64.086,108,56,52,51.852,79.094,0.761,-3.496,551,73.69,-50.21,53.15,-27.87,,
BTC-USDT-SWAP,1H,1D,0.007,0.01,0.01,148.0,130.333,-11.937,108,65,43,60.185,64.51,0.97,-0.651,551,98.5,-33.45,130.33,32.32,,
BTC-USDT-SWAP,1H,1D,0.007,0.01,0.015,148.0,287.797,94.458,108,72,36,66.667,58.515,1.13,5.152,551,171.86,16.12,287.8,67.46,,
BTC-USDT-SWAP,1H,1D,0.007,0.01,0.02,148.0,399.533,169.955,108,74,34,68.519,59.839,1.227,9.27,551,127.69,-13.72,399.53,212.9,,
BTC-USDT-SWAP,1H,1D,0.007,0.01,0.025,148.0,255.101,72.365,108,74,34,68.519,67.113,1.131,3.947,551,85.65,-42.13,255.1,197.85,,
BTC-USDT-SWAP,1H,1D,0.007,0.01,0.03,148.0,615.766,316.058,108,75,33,69.444,70.373,1.394,17.24,551,109.75,-25.85,615.77,461.07,,
BTC-USDT-SWAP,1H,1D,0.007,0.012,0.005,148.0,56.488,-61.833,108,41,67,37.963,79.874,0.789,-3.373,551,107.09,-27.64,56.49,-47.25,,
BTC-USDT-SWAP,1H,1D,0.007,0.012,0.008,148.0,40.962,-72.323,108,50,58,46.296,84.248,0.767,-3.945,551,83.35,-43.68,40.96,-50.86,,
BTC-USDT-SWAP,1H,1D,0.007,0.012,0.01,148.0,90.825,-38.632,108,59,49,54.63,79.972,0.925,-2.107,551,117.9,-20.34,90.82,-22.96,,
BTC-USDT-SWAP,1H,1D,0.007,0.012,0.015,148.0,198.759,34.297,108,65,43,60.185,74.824,1.041,1.871,551,166.45,12.46,198.76,19.41,,
BTC-USDT-SWAP,1H,1D,0.007,0.012,0.02,148.0,178.295,20.47,108,66,42,61.111,77.015,1.027,1.117,551,116.19,-21.5,178.3,53.46,,
BTC-USDT-SWAP,1H,1D,0.007,0.012,0.025,148.0,99.794,-32.572,108,66,42,61.111,79.881,0.939,-1.777,551,72.92,-50.73,99.79,36.86,,
BTC-USDT-SWAP,1H,1D,0.007,0.012,0.03,148.0,286.759,93.756,108,67,41,62.037,74.631,1.103,5.114,551,110.28,-25.49,286.76,160.03,,
BTC-USDT-SWAP,1H,1D,0.007,0.015,0.005,148.0,39.738,-73.15,108,35,73,32.407,83.646,0.675,-3.99,551,53.28,-64.0,39.74,-25.42,,
BTC-USDT-SWAP,1H,1D,0.007,0.015,0.008,148.0,19.708,-86.684,108,42,66,38.889,91.019,0.598,-4.728,551,37.03,-74.98,19.71,-46.77,,
BTC-USDT-SWAP,1H,1D,0.007,0.015,0.01,148.0,48.787,-67.035,108,51,57,47.222,85.584,0.784,-3.656,551,43.9,-70.33,48.79,11.12,,
BTC-USDT-SWAP,1H,1D,0.007,0.015,0.015,148.0,87.602,-40.81,108,57,51,52.778,81.51,0.92,-2.226,551,68.04,-54.03,87.6,28.75,,
BTC-USDT-SWAP,1H,1D,0.007,0.015,0.02,148.0,56.23,-62.007,108,57,51,52.778,82.622,0.852,-3.382,551,48.45,-67.26,56.23,16.05,,
BTC-USDT-SWAP,1H,1D,0.007,0.015,0.025,148.0,30.996,-79.056,108,57,51,52.778,91.103,0.75,-4.312,551,30.26,-79.55,31.0,2.43,,
BTC-USDT-SWAP,1H,1D,0.007,0.015,0.03,148.0,93.347,-36.927,108,58,50,53.704,81.151,0.926,-2.014,551,47.67,-67.79,93.35,95.83,,
BTC-USDT-SWAP,1H,1D,0.007,0.02,0.005,148.0,20.032,-86.465,108,30,78,27.778,88.797,0.532,-4.716,551,37.95,-74.36,20.03,-47.22,,
BTC-USDT-SWAP,1H,1D,0.007,0.02,0.008,148.0,10.432,-92.951,108,37,71,34.259,94.166,0.502,-5.07,551,26.93,-81.8,10.43,-61.27,,
BTC-USDT-SWAP,1H,1D,0.007,0.02,0.01,148.0,20.913,-85.87,108,45,63,41.667,90.063,0.651,-4.684,551,34.06,-76.98,20.91,-38.61,,
BTC-USDT-SWAP,1H,1D,0.007,0.02,0.015,148.0,28.309,-80.872,108,50,58,46.296,87.52,0.745,-4.411,551,37.82,-74.44,28.31,-25.15,,
BTC-USDT-SWAP,1H,1D,0.007,0.02,0.02,148.0,15.061,-89.824,108,50,58,46.296,93.36,0.64,-4.899,551,23.78,-83.94,15.06,-36.65,,
BTC-USDT-SWAP,1H,1D,0.007,0.02,0.025,148.0,6.771,-95.425,108,50,58,46.296,97.015,0.5,-5.205,551,12.95,-91.25,6.77,-47.7,,
BTC-USDT-SWAP,1H,1D,0.007,0.02,0.03,148.0,17.184,-88.39,108,51,57,47.222,92.424,0.632,-4.821,551,17.68,-88.06,17.18,-2.8,,
BTC-USDT-SWAP,1H,1D,0.007,0.03,0.005,148.0,3.452,-97.667,108,22,86,20.37,98.198,0.11,-5.327,551,11.4,-92.3,3.45,-69.71,,
BTC-USDT-SWAP,1H,1D,0.007,0.03,0.008,148.0,1.741,-98.824,108,30,78,27.778,99.027,0.227,-5.39,551,13.82,-90.66,1.74,-87.41,,
BTC-USDT-SWAP,1H,1D,0.007,0.03,0.01,148.0,2.389,-98.386,108,37,71,34.259,98.716,0.359,-5.366,551,18.09,-87.78,2.39,-86.79,,
BTC-USDT-SWAP,1H,1D,0.007,0.03,0.015,148.0,1.701,-98.851,108,40,68,37.037,99.152,0.37,-5.392,551,12.52,-91.54,1.7,-86.41,,
BTC-USDT-SWAP,1H,1D,0.007,0.03,0.02,148.0,0.841,-99.431,108,40,68,37.037,99.58,0.288,-5.424,551,6.5,-95.61,0.84,-87.06,,
BTC-USDT-SWAP,1H,1D,0.007,0.03,0.025,148.0,0.29,-99.804,108,40,68,37.037,99.856,0.211,-5.444,551,2.9,-98.04,0.29,-90.0,,
BTC-USDT-SWAP,1H,1D,0.007,0.03,0.03,148.0,0.597,-99.596,108,41,67,37.963,99.702,0.239,-5.433,551,3.18,-97.85,0.6,-81.23,,
BTC-USDT-SWAP,1H,1D,0.01,0.004,0.005,148.0,87.175,-41.098,95,69,26,72.632,54.039,0.72,-2.242,551,113.7,-23.17,87.18,-23.33,,
BTC-USDT-SWAP,1H,1D,0.01,0.004,0.008,148.0,242.134,63.604,95,84,11,88.421,30.815,1.46,3.469,551,148.23,0.15,242.13,63.36,,
BTC-USDT-SWAP,1H,1D,0.01,0.004,0.01,148.0,218.423,47.583,95,85,10,89.474,40.667,1.308,2.595,551,149.62,1.1,218.42,45.98,,
BTC-USDT-SWAP,1H,1D,0.01,0.004,0.015,148.0,340.169,129.844,95,90,5,94.737,42.358,2.026,7.082,551,168.63,13.94,340.17,101.73,,
BTC-USDT-SWAP,1H,1D,0.01,0.004,0.02,148.0,426.273,188.022,95,92,3,96.842,41.222,2.844,10.256,551,182.97,23.63,426.27,132.97,,
BTC-USDT-SWAP,1H,1D,0.01,0.004,0.025,148.0,577.093,289.928,95,93,2,97.895,32.084,5.285,15.814,551,189.42,27.99,577.09,204.66,,
BTC-USDT-SWAP,1H,1D,0.01,0.004,0.03,148.0,537.566,263.221,95,93,2,97.895,36.736,4.501,14.357,551,176.45,19.22,537.57,204.66,,
BTC-USDT-SWAP,1H,1D,0.01,0.006,0.005,148.0,184.635,24.753,95,64,31,67.368,38.435,1.099,1.35,551,152.6,3.11,184.64,20.99,,
BTC-USDT-SWAP,1H,1D,0.01,0.006,0.008,148.0,560.952,279.021,95,79,16,83.158,36.345,1.861,15.219,551,198.36,34.02,560.95,182.8,,
BTC-USDT-SWAP,1H,1D,0.01,0.006,0.01,148.0,460.933,211.441,95,80,15,84.211,43.309,1.588,11.533,551,195.15,31.86,460.93,136.2,,
BTC-USDT-SWAP,1H,1D,0.01,0.006,0.015,148.0,1106.946,647.936,95,87,8,91.579,36.099,2.998,35.342,551,254.95,72.26,1106.95,334.19,,
BTC-USDT-SWAP,1H,1D,0.01,0.006,0.02,148.0,1175.274,694.104,95,88,7,92.632,38.676,3.518,37.86,551,229.87,55.32,1175.27,411.27,,
BTC-USDT-SWAP,1H,1D,0.01,0.006,0.025,148.0,1829.594,1136.212,95,89,6,93.684,36.513,5.132,61.975,551,268.39,81.34,1829.59,581.69,,
BTC-USDT-SWAP,1H,1D,0.01,0.006,0.03,148.0,1704.279,1051.54,95,89,6,93.684,40.861,4.823,57.357,551,250.01,68.92,1704.28,581.69,,
BTC-USDT-SWAP,1H,1D,0.01,0.008,0.005,148.0,165.698,11.958,95,54,41,56.842,44.552,1.039,0.652,551,143.3,-3.18,165.7,15.63,,
BTC-USDT-SWAP,1H,1D,0.01,0.008,0.008,148.0,635.397,329.323,95,70,25,73.684,48.44,1.717,17.963,551,175.72,18.73,635.4,261.59,,
BTC-USDT-SWAP,1H,1D,0.01,0.008,0.01,148.0,464.53,213.872,95,71,24,74.737,58.973,1.442,11.666,551,161.01,8.79,464.53,188.51,,
BTC-USDT-SWAP,1H,1D,0.01,0.008,0.015,148.0,1683.729,1037.655,95,78,17,82.105,32.337,2.278,56.599,551,373.17,152.14,1683.73,351.19,,
BTC-USDT-SWAP,1H,1D,0.01,0.008,0.02,148.0,1709.289,1054.925,95,78,17,82.105,35.066,2.401,57.541,551,336.47,127.35,1709.29,408.0,,
BTC-USDT-SWAP,1H,1D,0.01,0.008,0.025,148.0,2536.887,1614.113,95,79,16,83.158,32.776,2.562,88.043,551,392.85,165.44,2536.89,545.76,,
BTC-USDT-SWAP,1H,1D,0.01,0.008,0.03,148.0,2635.19,1680.534,95,79,16,83.158,37.38,2.926,91.665,551,365.94,147.26,2635.19,620.11,,
BTC-USDT-SWAP,1H,1D,0.01,0.01,0.005,148.0,140.765,-4.889,95,47,48,49.474,56.061,0.986,-0.267,551,149.87,1.27,140.76,-6.08,,
BTC-USDT-SWAP,1H,1D,0.01,0.01,0.008,148.0,583.367,294.167,95,63,32,66.316,51.19,1.427,16.045,551,222.66,50.45,583.37,161.99,,
BTC-USDT-SWAP,1H,1D,0.01,0.01,0.01,148.0,458.779,209.986,95,64,31,67.368,62.027,1.291,11.454,551,203.24,37.32,458.78,125.74,,
BTC-USDT-SWAP,1H,1D,0.01,0.01,0.015,148.0,2040.139,1278.472,95,71,24,74.737,45.197,1.948,69.735,551,478.72,223.46,2040.14,326.17,,
BTC-USDT-SWAP,1H,1D,0.01,0.01,0.02,148.0,2149.699,1352.499,95,71,24,74.737,50.586,2.094,73.773,551,405.54,174.01,2149.7,430.08,,
BTC-USDT-SWAP,1H,1D,0.01,0.01,0.025,148.0,3041.547,1955.1,95,72,23,75.789,52.135,2.176,106.642,551,443.02,199.34,3041.55,586.55,,
BTC-USDT-SWAP,1H,1D,0.01,0.01,0.03,148.0,3415.137,2207.525,95,72,23,75.789,51.805,2.445,120.41,551,446.08,201.41,3415.14,665.59,,
BTC-USDT-SWAP,1H,1D,0.01,0.012,0.005,148.0,123.574,-16.504,95,42,53,44.211,57.473,0.952,-0.9,551,138.32,-6.54,123.57,-10.66,,
BTC-USDT-SWAP,1H,1D,0.01,0.012,0.008,148.0,456.006,208.112,95,57,38,60.0,49.137,1.285,11.352,551,218.3,47.5,456.01,108.89,,
BTC-USDT-SWAP,1H,1D,0.01,0.012,0.01,148.0,370.812,150.549,95,58,37,61.053,57.608,1.198,8.212,551,198.42,34.07,370.81,86.89,,
BTC-USDT-SWAP,1H,1D,0.01,0.012,0.015,148.0,775.815,424.199,95,62,33,65.263,67.664,1.391,23.138,551,267.86,80.99,775.81,189.63,,
BTC-USDT-SWAP,1H,1D,0.01,0.012,0.02,148.0,679.87,359.372,95,62,33,65.263,74.185,1.376,19.602,551,213.84,44.49,679.87,217.93,,
BTC-USDT-SWAP,1H,1D,0.01,0.012,0.025,148.0,1194.444,707.057,95,64,31,67.368,74.373,1.625,38.567,551,231.8,56.62,1194.44,415.3,,
BTC-USDT-SWAP,1H,1D,0.01,0.012,0.03,148.0,1162.31,685.345,95,64,31,67.368,77.637,1.672,37.382,551,217.28,46.81,1162.31,434.94,,
BTC-USDT-SWAP,1H,1D,0.01,0.015,0.005,148.0,63.464,-57.119,95,34,61,35.789,72.859,0.838,-3.116,551,136.84,-7.54,63.46,-53.62,,
BTC-USDT-SWAP,1H,1D,0.01,0.015,0.008,148.0,230.834,55.969,95,49,46,51.579,61.834,1.064,3.053,551,231.37,56.33,230.83,-0.23,,
BTC-USDT-SWAP,1H,1D,0.01,0.015,0.01,148.0,159.849,8.006,95,49,46,51.579,62.82,1.01,0.437,551,176.73,19.41,159.85,-9.55,,
BTC-USDT-SWAP,1H,1D,0.01,0.015,0.015,148.0,299.14,102.121,95,53,42,55.789,66.544,1.097,5.57,551,217.06,46.66,299.14,37.82,,
BTC-USDT-SWAP,1H,1D,0.01,0.015,0.02,148.0,240.627,62.586,95,53,42,55.789,71.252,1.076,3.414,551,152.96,3.35,240.63,57.31,,
BTC-USDT-SWAP,1H,1D,0.01,0.015,0.025,148.0,425.792,187.698,95,55,40,57.895,72.218,1.181,10.238,551,168.34,13.74,425.79,152.94,,
BTC-USDT-SWAP,1H,1D,0.01,0.015,0.03,148.0,506.138,241.985,95,55,40,57.895,75.757,1.218,13.199,551,192.76,30.24,506.14,162.58,,
BTC-USDT-SWAP,1H,1D,0.01,0.02,0.005,148.0,34.364,-76.781,95,29,66,30.526,80.273,0.686,-4.188,551,80.35,-45.71,34.36,-57.23,,
BTC-USDT-SWAP,1H,1D,0.01,0.02,0.008,148.0,76.082,-48.593,95,41,54,43.158,71.394,0.894,-2.651,551,114.8,-22.43,76.08,-33.73,,
BTC-USDT-SWAP,1H,1D,0.01,0.02,0.01,148.0,47.064,-68.2,95,41,54,43.158,80.828,0.826,-3.72,551,83.82,-43.36,47.06,-43.85,,
BTC-USDT-SWAP,1H,1D,0.01,0.02,0.015,148.0,59.575,-59.747,95,44,51,46.316,81.853,0.872,-3.259,551,95.6,-35.41,59.57,-37.68,,
BTC-USDT-SWAP,1H,1D,0.01,0.02,0.02,148.0,37.198,-74.866,95,44,51,46.316,84.524,0.787,-4.084,551,59.47,-59.82,37.2,-37.45,,
BTC-USDT-SWAP,1H,1D,0.01,0.02,0.025,148.0,66.811,-54.858,95,46,49,48.421,77.503,0.866,-2.992,551,62.01,-58.1,66.81,7.73,,
BTC-USDT-SWAP,1H,1D,0.01,0.02,0.03,148.0,75.537,-48.962,95,46,49,48.421,80.368,0.883,-2.671,551,66.13,-55.32,75.54,14.23,,
BTC-USDT-SWAP,1H,1D,0.01,0.03,0.005,148.0,32.461,-78.067,95,27,68,28.421,83.744,0.676,-4.258,551,60.92,-58.84,32.46,-46.72,,
BTC-USDT-SWAP,1H,1D,0.01,0.03,0.008,148.0,49.498,-66.556,95,38,57,40.0,84.624,0.83,-3.63,551,80.04,-45.92,49.5,-38.16,,
BTC-USDT-SWAP,1H,1D,0.01,0.03,0.01,148.0,31.103,-78.984,95,38,57,40.0,89.662,0.77,-4.308,551,55.87,-62.25,31.1,-44.33,,
BTC-USDT-SWAP,1H,1D,0.01,0.03,0.015,148.0,26.616,-82.017,95,40,55,42.105,89.45,0.746,-4.474,551,39.71,-73.17,26.62,-32.97,,
BTC-USDT-SWAP,1H,1D,0.01,0.03,0.02,148.0,13.729,-90.723,95,40,55,42.105,93.438,0.636,-4.949,551,20.41,-86.21,13.73,-32.72,,
BTC-USDT-SWAP,1H,1D,0.01,0.03,0.025,148.0,21.905,-85.2,95,42,53,44.211,92.443,0.681,-4.647,551,17.43,-88.23,21.9,25.69,,
BTC-USDT-SWAP,1H,1D,0.01,0.03,0.03,148.0,37.712,-74.519,95,43,52,45.263,88.256,0.769,-4.065,551,28.3,-80.88,37.71,33.28,,
ETH-USDT-SWAP,5m,1H,0.001,0.004,0.005,148.0,0.0,-100.0,2890,1177,1713,40.727,100.0,0.312,-5.484,13131,0.0,-100.0,0.0,-100.0,0.0,-34.49
ETH-USDT-SWAP,5m,1H,0.001,0.004,0.008,148.0,0.0,-100.0,2890,1284,1606,44.429,100.0,0.326,-5.484,13131,0.0,-100.0,0.0,-100.0,0.0,-32.71
ETH-USDT-SWAP,5m,1H,0.001,0.004,0.01,148.0,0.0,-100.0,2890,1304,1586,45.121,100.0,0.324,-5.484,13131,0.0,-100.0,0.0,-100.0,0.0,-32.23
ETH-USDT-SWAP,5m,1H,0.001,0.004,0.015,148.0,0.0,-100.0,2890,1327,1563,45.917,100.0,0.335,-5.484,13131,0.0,-100.0,0.0,-100.0,0.0,-26.85
ETH-USDT-SWAP,5m,1H,0.001,0.004,0.02,148.0,0.0,-100.0,2890,1336,1554,46.228,100.0,0.343,-5.484,13131,0.0,-100.0,0.0,-100.0,0.0,-26.85
ETH-USDT-SWAP,5m,1H,0.001,0.004,0.025,148.0,0.0,-100.0,2890,1338,1552,46.298,100.0,0.352,-5.484,13131,0.0,-100.0,0.0,-100.0,0.0,-26.85
ETH-USDT-SWAP,5m,1H,0.001,0.004,0.03,148.0,0.0,-100.0,2890,1343,1547,46.471,100.0,0.352,-5.484,13131,0.0,-100.0,0.0,-100.0,0.0,-26.85
ETH-USDT-SWAP,5m,1H,0.001,0.006,0.005,148.0,0.0,-100.0,2890,807,2083,27.924,100.0,0.344,-5.484,13131,0.0,-100.0,0.0,-100.0,0.0,-40.86
ETH-USDT-SWAP,5m,1H,0.001,0.006,0.008,148.0,0.0,-100.0,2890,901,1989,31.176,100.0,0.345,-5.484,13131,0.0,-100.0,0.0,-100.0,0.0,-36.23
ETH-USDT-SWAP,5m,1H,0.001,0.006,0.01,148.0,0.0,-100.0,2890,918,1972,31.765,100.0,0.348,-5.484,13131,0.0,-100.0,0.0,-100.0,0.0,-35.78
ETH-USDT-SWAP,5m,1H,0.001,0.006,0.015,148.0,0.0,-100.0,2890,942,1948,32.595,100.0,0.362,-5.484,13131,0.0,-100.0,0.0,-100.0,0.0,-30.68
ETH-USDT-SWAP,5m,1H,0.001,0.006,0.02,148.0,0.0,-100.0,2890,950,1940,32.872,100.0,0.368,-5.484,13131,0.0,-100.0,0.0,-100.0,0.0,-30.68
ETH-USDT-SWAP,5m,1H,0.001,0.006,0.025,148.0,0.0,-100.0,2890,952,1938,32.941,100.0,0.372,-5.484,13131,0.0,-100.0,0.0,-100.0,0.0,-30.68
ETH-USDT-SWAP,5m,1H,0.001,0.006,0.03,148.0,0.0,-100.0,2890,957,1933,33.114,100.0,0.371,-5.484,13131,0.0,-100.0,0.0,-100.0,0.0,-30.68
ETH-USDT-SWAP,5m,1H,0.001,0.008,0.005,148.0,0.0,-100.0,2890,697,2193,24.118,100.0,0.299,-5.484,13131,0.0,-100.0,0.0,-100.0,0.0,-42.65
ETH-USDT-SWAP,5m,1H,0.001,0.008,0.008,148.0,0.0,-100.0,2890,783,2107,27.093,100.0,0.299,-5.484,13131,0.0,-100.0,0.0,-100.0,0.0,-36.97
ETH-USDT-SWAP,5m,1H,0.001,0.008,0.01,148.0,0.0,-100.0,2890,800,2090,27.682,100.0,0.347,-5.484,13131,0.0,-100.0,0.0,-100.0,0.0,-36.53
ETH-USDT-SWAP,5m,1H,0.001,0.008,0.015,148.0,0.0,-100.0,2890,824,2066,28.512,100.0,0.372,-5.484,13131,0.0,-100.0,0.0,-100.0,0.0,-31.48
ETH-USDT-SWAP,5m,1H,0.001,0.008,0.02,148.0,0.0,-100.0,2890,831,2059,28.754,100.0,0.378,-5.484,13131,0.0,-100.0,0.0,-100.0,0.0,-31.48
ETH-USDT-SWAP,5m,1H,0.001,0.008,0.025,148.0,0.0,-100.0,2890,833,2057,28.824,100.0,0.384,-5.484,13131,0.0,-100.0,0.0,-100.0,0.0,-31.48
ETH-USDT-SWAP,5m,1H,0.001,0.008,0.03,148.0,0.0,-100.0,2890,838,2052,28.997,100.0,0.382,-5.484,13131,0.0,-100.0,0.0,-100.0,0.0,-31.48
ETH-USDT-SWAP,5m,1H,0.001,0.01,0.005,148.0,0.0,-100.0,2890,663,2227,22.941,100.0,0.331,-5.484,13131,0.0,-100.0,0.0,-100.0,0.0,-42.65
ETH-USDT-SWAP,5m,1H,0.001,0.01,0.008,148.0,0.0,-100.0,2890,741,2149,25.64,100.0,0.329,-5.484,13131,0.0,-100.0,0.0,-100.0,0.0,-35.78
ETH-USDT-SWAP,5m,1H,0.001,0.01,0.01,148.0,0.0,-100.0,2890,758,2132,26.228,100.0,0.383,-5.484,13131,0.0,-100.0,0.0,-100.0,0.0,-35.32
ETH-USDT-SWAP,5m,1H,0.001,0.01,0.015,148.0,0.0,-100.0,2890,781,2109,27.024,100.0,0.411,-5.484,13131,0.0,-100.0,0.0,-100.0,0.0,-30.19
ETH-USDT-SWAP,5m,1H,0.001,0.01,0.02,148.0,0.0,-100.0,2890,787,2103,27.232,100.0,0.415,-5.484,13131,0.0,-100.0,0.0,-100.0,0.0,-30.19
ETH-USDT-SWAP,5m,1H,0.001,0.01,0.025,148.0,0.0,-100.0,2890,789,2101,27.301,100.0,0.42,-5.484,13131,0.0,-100.0,0.0,-100.0,0.0,-30.19
ETH-USDT-SWAP,5m,1H,0.001,0.01,0.03,148.0,0.0,-100.0,2890,794,2096,27.474,100.0,0.419,-5.484,13131,0.0,-100.0,0.0,-100.0,0.0,-30.19
ETH-USDT-SWAP,5m,1H,0.001,0.012,0.005,148.0,0.0,-100.0,2890,643,2247,22.249,100.0,0.327,-5.484,13131,0.0,-100.0,0.0,-100.0,0.0,-42.65
ETH-USDT-SWAP,5m,1H,0.001,0.012,0.008,148.0,0.0,-100.0,2890,719,2171,24.879,100.0,0.328,-5.484,13131,0.0,-100.0,0.0,-100.0,0.0,-34.58
ETH-USDT-SWAP,5m,1H,0.001,0.012,0.01,148.0,0.0,-100.0,2890,737,2153,25.502,100.0,0.392,-5.484,13131,0.0,-100.0,0.0,-100.0,0.0,-34.12
ETH-USDT-SWAP,5m,1H,0.001,0.012,0.015,148.0,0.0,-100.0,2890,761,2129,26.332,100.0,0.416,-5.484,13131,0.0,-100.0,0.0,-100.0,0.0,-28.89
ETH-USDT-SWAP,5m,1H,0.001,0.012,0.02,148.0,0.0,-100.0,2890,767,2123,26.54,100.0,0.42,-5.484,13131,0.0,-100.0,0.0,-100.0,0.0,-28.89
ETH-USDT-SWAP,5m,1H,0.001,0.012,0.025,148.0,0.0,-100.0,2890,769,2121,26.609,100.0,0.426,-5.484,13131,0.0,-100.0,0.0,-100.0,0.0,-28.89
ETH-USDT-SWAP,5m,1H,0.001,0.012,0.03,148.0,0.0,-100.0,2890,774,2116,26.782,100.0,0.424,-5.484,13131,0.0,-100.0,0.0,-100.0,0.0,-28.89
ETH-USDT-SWAP,5m,1H,0.001,0.015,0.005,148.0,0.0,-100.0,2890,633,2257,21.903,100.0,0.367,-5.484,13131,0.0,-100.0,0.0,-100.0,0.0,-42.65
ETH-USDT-SWAP,5m,1H,0.001,0.015,0.008,148.0,0.0,-100.0,2890,709,2181,24.533,100.0,0.368,-5.484,13131,0.0,-100.0,0.0,-100.0,0.0,-32.8
ETH-USDT-SWAP,5m,1H,0.001,0.015,0.01,148.0,0.0,-100.0,2890,727,2163,25.156,100.0,0.428,-5.484,13131,0.0,-100.0,0.0,-100.0,0.0,-32.32
ETH-USDT-SWAP,5m,1H,0.001,0.015,0.015,148.0,0.0,-100.0,2890,752,2138,26.021,100.0,0.45,-5.484,13131,0.0,-100.0,0.0,-100.0,0.0,-26.95
ETH-USDT-SWAP,5m,1H,0.001,0.015,0.02,148.0,0.0,-100.0,2890,757,2133,26.194,100.0,0.464,-5.484,13131,0.0,-100.0,0.0,-100.0,0.0,-26.95
ETH-USDT-SWAP,5m,1H,0.001,0.015,0.025,148.0,0.0,-100.0,2890,759,2131,26.263,100.0,0.469,-5.484,13131,0.0,-100.0,0.0,-100.0,0.0,-26.95
ETH-USDT-SWAP,5m,1H,0.001,0.015,0.03,148.0,0.0,-100.0,2890,763,2127,26.401,100.0,0.467,-5.484,13131,0.0,-100.0,0.0,-100.0,0.0,-26.95
ETH-USDT-SWAP,5m,1H,0.001,0.02,0.005,148.0,0.0,-100.0,2890,626,2264,21.661,100.0,0.433,-5.484,13131,0.0,-100.0,0.0,-100.0,0.0,-42.65
ETH-USDT-SWAP,5m,1H,0.001,0.02,0.008,148.0,0.0,-100.0,2890,703,2187,24.325,100.0,0.432,-5.484,13131,0.0,-100.0,0.0,-100.0,0.0,-29.81
ETH-USDT-SWAP,5m,1H,0.001,0.02,0.01,148.0,0.0,-100.0,2890,721,2169,24.948,100.0,0.487,-5.484,13131,0.0,-100.0,0.0,-100.0,0.0,-29.32
ETH-USDT-SWAP,5m,1H,0.001,0.02,0.015,148.0,0.0,-100.0,2890,746,2144,25.813,100.0,0.504,-5.484,13131,0.0,-100.0,0.0,-100.0,0.0,-23.71
ETH-USDT-SWAP,5m,1H,0.001,0.02,0.02,148.0,0.0,-100.0,2890,751,2139,25.986,100.0,0.515,-5.484,13131,0.0,-100.0,0.0,-100.0,0.0,-23.71
ETH-USDT-SWAP,5m,1H,0.001,0.02,0.025,148.0,0.0,-100.0,2890,752,2138,26.021,100.0,0.52,-5.484,13131,0.0,-100.0,0.0,-100.0,0.0,-23.71
ETH-USDT-SWAP,5m,1H,0.001,0.02,0.03,148.0,0.0,-100.0,2890,756,2134,26.159,100.0,0.518,-5.484,13131,0.0,-100.0,0.0,-100.0,0.0,-23.71
ETH-USDT-SWAP,5m,1H,0.001,0.03,0.005,148.0,0.0,-100.0,2890,623,2267,21.557,100.0,0.443,-5.484,13131,0.0,-100.0,0.0,-100.0,0.0,-42.65
ETH-USDT-SWAP,5m,1H,0.001,0.03,0.008,148.0,0.0,-100.0,2890,700,2190,24.221,100.0,0.441,-5.484,13131,0.0,-100.0,0.0,-100.0,0.0,-33.98
ETH-USDT-SWAP,5m,1H,0.001,0.03,0.01,148.0,0.0,-100.0,2890,718,2172,24.844,100.0,0.496,-5.484,13131,0.0,-100.0,0.0,-100.0,0.0,-33.51
ETH-USDT-SWAP,5m,1H,0.001,0.03,0.015,148.0,0.0,-100.0,2890,741,2149,25.64,100.0,0.509,-5.484,13131,0.0,-100.0,0.0,-100.0,0.0,-28.23
ETH-USDT-SWAP,5m,1H,0.001,0.03,0.02,148.0,0.0,-100.0,2890,746,2144,25.813,100.0,0.513,-5.484,13131,0.0,-100.0,0.0,-100.0,0.0,-28.23
ETH-USDT-SWAP,5m,1H,0.001,0.03,0.025,148.0,0.0,-100.0,2890,748,2142,25.882,100.0,0.517,-5.484,13131,0.0,-100.0,0.0,-100.0,0.0,-28.23
ETH-USDT-SWAP,5m,1H,0.001,0.03,0.03,148.0,0.0,-100.0,2890,752,2138,26.021,100.0,0.517,-5.484,13131,0.0,-100.0,0.0,-100.0,0.0,-28.23
ETH-USDT-SWAP,5m,1H,0.002,0.004,0.005,148.0,0.0,-100.0,2201,1018,1183,46.252,100.0,0.395,-5.484,13131,0.0,-100.0,0.0,-100.0,0.0,-11.42
ETH-USDT-SWAP,5m,1H,0.002,0.004,0.008,148.0,0.0,-100.0,2201,1097,1104,49.841,100.0,0.423,-5.484,13131,0.0,-100.0,0.0,-100.0,0.0,-5.96
ETH-USDT-SWAP,5m,1H,0.002,0.004,0.01,148.0,0.0,-100.0,2201,1119,1082,50.841,100.0,0.433,-5.484,13131,0.0,-100.0,0.0,-100.0,0.0,-2.09
ETH-USDT-SWAP,5m,1H,0.002,0.004,0.015,148.0,0.0,-100.0,2201,1141,1060,51.84,100.0,0.424,-5.484,13131,0.0,-100.0,0.0,-100.0,0.0,-2.09
ETH-USDT-SWAP,5m,1H,0.002,0.004,0.02,148.0,0.0,-100.0,2201,1149,1052,52.204,100.0,0.454,-5.484,13131,0.0,-100.0,0.0,-100.0,0.0,-2.09
ETH-USDT-SWAP,5m,1H,0.002,0.004,0.025,148.0,0.0,-100.0,2201,1152,1049,52.34,100.0,0.447,-5.484,13131,0.0,-100.0,0.0,-100.0,0.0,-2.09
ETH-USDT-SWAP,5m,1H,0.002,0.004,0.03,148.0,0.0,-100.0,2201,1154,1047,52.431,100.0,0.443,-5.484,13131,0.0,-100.0,0.0,-100.0,0.0,-2.09
ETH-USDT-SWAP,5m,1H,0.002,0.006,0.005,148.0,0.0,-100.0,2201,687,1514,31.213,100.0,0.332,-5.484,13131,0.0,-100.0,0.0,-100.0,0.0,-29.53
ETH-USDT-SWAP,5m,1H,0.002,0.006,0.008,148.0,0.0,-100.0,2201,758,1443,34.439,100.0,0.352,-5.484,13131,0.0,-100.0,0.0,-100.0,0.0,-23.21
ETH-USDT-SWAP,5m,1H,0.002,0.006,0.01,148.0,0.0,-100.0,2201,776,1425,35.257,100.0,0.372,-5.484,13131,0.0,-100.0,0.0,-100.0,0.0,-14.73
ETH-USDT-SWAP,5m,1H,0.002,0.006,0.015,148.0,0.0,-100.0,2201,798,1403,36.256,100.0,0.379,-5.484,13131,0.0,-100.0,0.0,-100.0,0.0,-14.73
ETH-USDT-SWAP,5m,1H,0.002,0.006,0.02,148.0,0.0,-100.0,2201,805,1396,36.574,100.0,0.402,-5.484,13131,0.0,-100.0,0.0,-100.0,0.0,-14.73
ETH-USDT-SWAP,5m,1H,0.002,0.006,0.025,148.0,0.0,-100.0,2201,808,1393,36.711,100.0,0.396,-5.484,13131,0.0,-100.0,0.0,-100.0,0.0,-14.73
ETH-USDT-SWAP,5m,1H,0.002,0.006,0.03,148.0,0.0,-100.0,2201,811,1390,36.847,100.0,0.393,-5.484,13131,0.0,-100.0,0.0,-100.0,0.0,-14.73
ETH-USDT-SWAP,5m,1H,0.002,0.008,0.005,148.0,0.0,-100.0,2201,587,1614,26.67,100.0,0.308,-5.484,13131,0.0,-100.0,0.0,-100.0,0.0,-29.53
ETH-USDT-SWAP,5m,1H,0.002,0.008,0.008,148.0,0.0,-100.0,2201,650,1551,29.532,100.0,0.335,-5.484,13131,0.0,-100.0,0.0,-100.0,0.0,-21.73
ETH-USDT-SWAP,5m,1H,0.002,0.008,0.01,148.0,0.0,-100.0,2201,665,1536,30.214,100.0,0.361,-5.484,13131,0.0,-100.0,0.0,-100.0,0.0,-13.09
ETH-USDT-SWAP,5m,1H,0.002,0.008,0.015,148.0,0.0,-100.0,2201,688,1513,31.259,100.0,0.374,-5.484,13131,0.0,-100.0,0.0,-100.0,0.0,-13.09
ETH-USDT-SWAP,5m,1H,0.002,0.008,0.02,148.0,0.0,-100.0,2201,694,1507,31.531,100.0,0.404,-5.484,13131,0.0,-100.0,0.0,-100.0,0.0,-13.09
ETH-USDT-SWAP,5m,1H,0.002,0.008,0.025,148.0,0.0,-100.0,2201,697,1504,31.667,100.0,0.395,-5.484,13131,0.0,-100.0,0.0,-100.0,0.0,-13.09
ETH-USDT-SWAP,5m,1H,0.002,0.008,0.03,148.0,0.0,-100.0,2201,700,1501,31.804,100.0,0.391,-5.484,13131,0.0,-100.0,0.0,-100.0,0.0,-13.09
ETH-USDT-SWAP,5m,1H,0.002,0.01,0.005,148.0,0.0,-100.0,2201,559,1642,25.398,100.0,0.296,-5.484,13131,0.0,-100.0,0.0,-100.0,0.0,-29.53
ETH-USDT-SWAP,5m,1H,0.002,0.01,0.008,148.0,0.0,-100.0,2201,618,1583,28.078,100.0,0.388,-5.484,13131,0.0,-100.0,0.0,-100.0,0.0,-20.25
ETH-USDT-SWAP,5m,1H,0.002,0.01,0.01,148.0,0.0,-100.0,2201,632,1569,28.714,100.0,0.417,-5.484,13131,0.0,-100.0,0.0,-100.0,0.0,-11.44
ETH-USDT-SWAP,5m,1H,0.002,0.01,0.015,148.0,0.0,-100.0,2201,654,1547,29.714,100.0,0.436,-5.484,13131,0.0,-100.0,0.0,-100.0,0.0,-11.44
ETH-USDT-SWAP,5m,1H,0.002,0.01,0.02,148.0,0.0,-100.0,2201,660,1541,29.986,100.0,0.468,-5.484,13131,0.0,-100.0,0.0,-100.0,0.0,-11.44
ETH-USDT-SWAP,5m,1H,0.002,0.01,0.025,148.0,0.0,-100.0,2201,663,1538,30.123,100.0,0.458,-5.484,13131,0.0,-100.0,0.0,-100.0,0.0,-11.44
ETH-USDT-SWAP,5m,1H,0.002,0.01,0.03,148.0,0.0,-100.0,2201,666,1535,30.259,100.0,0.453,-5.484,13131,0.0,-100.0,0.0,-100.0,0.0,-11.44
ETH-USDT-SWAP,5m,1H,0.002,0.012,0.005,148.0,0.0,-100.0,2201,536,1665,24.353,100.0,0.266,-5.484,13131,0.0,-100.0,0.0,-100.0,0.0,-29.53
ETH-USDT-SWAP,5m,1H,0.002,0.012,0.008,148.0,0.0,-100.0,2201,596,1605,27.079,100.0,0.377,-5.484,13131,0.0,-100.0,0.0,-100.0,0.0,-18.77
ETH-USDT-SWAP,5m,1H,0.002,0.012,0.01,148.0,0.0,-100.0,2201,610,1591,27.715,100.0,0.407,-5.484,13131,0.0,-100.0,0.0,-100.0,0.0,-9.8
ETH-USDT-SWAP,5m,1H,0.002,0.012,0.015,148.0,0.0,-100.0,2201,630,1571,28.623,100.0,0.419,-5.484,13131,0.0,-100.0,0.0,-100.0,0.0,-9.8
ETH-USDT-SWAP,5m,1H,0.002,0.012,0.02,148.0,0.0,-100.0,2201,635,1566,28.851,100.0,0.45,-5.484,13131,0.0,-100.0,0.0,-100.0,0.0,-9.8
ETH-USDT-SWAP,5m,1H,0.002,0.012,0.025,148.0,0.0,-100.0,2201,638,1563,28.987,100.0,0.44,-5.484,13131,0.0,-100.0,0.0,-100.0,0.0,-9.8
ETH-USDT-SWAP,5m,1H,0.002,0.012,0.03,148.0,0.0,-100.0,2201,641,1560,29.123,100.0,0.435,-5.484,13131,0.0,-100.0,0.0,-100.0,0.0,-9.8
ETH-USDT-SWAP,5m,1H,0.002,0.015,0.005,148.0,0.0,-100.0,2201,532,1669,24.171,100.0,0.272,-5.484,13131,0.0,-100.0,0.0,-100.0,0.0,-29.53
ETH-USDT-SWAP,5m,1H,0.002,0.015,0.008,148.0,0.0,-100.0,2201,592,1609,26.897,100.0,0.391,-5.484,13131,0.0,-100.0,0.0,-100.0,0.0,-16.55
ETH-USDT-SWAP,5m,1H,0.002,0.015,0.01,148.0,0.0,-100.0,2201,607,1594,27.578,100.0,0.423,-5.484,13131,0.0,-100.0,0.0,-100.0,0.0,-7.33
ETH-USDT-SWAP,5m,1H,0.002,0.015,0.015,148.0,0.0,-100.0,2201,627,1574,28.487,100.0,0.443,-5.484,13131,0.0,-100.0,0.0,-100.0,0.0,-7.33
ETH-USDT-SWAP,5m,1H,0.002,0.015,0.02,148.0,0.0,-100.0,2201,632,1569,28.714,100.0,0.474,-5.484,13131,0.0,-100.0,0.0,-100.0,0.0,-7.33
ETH-USDT-SWAP,5m,1H,0.002,0.015,0.025,148.0,0.0,-100.0,2201,635,1566,28.851,100.0,0.464,-5.484,13131,0.0,-100.0,0.0,-100.0,0.0,-7.33
ETH-USDT-SWAP,5m,1H,0.002,0.015,0.03,148.0,0.0,-100.0,2201,637,1564,28.941,100.0,0.46,-5.484,13131,0.0,-100.0,0.0,-100.0,0.0,-7.33
ETH-USDT-SWAP,5m,1H,0.002,0.02,0.005,148.0,0.0,-100.0,2201,527,1674,23.944,100.0,0.286,-5.484,13131,0.0,-100.0,0.0,-100.0,0.0,-29.53
ETH-USDT-SWAP,5m,1H,0.002,0.02,0.008,148.0,0.0,-100.0,2201,587,1614,26.67,100.0,0.395,-5.484,13131,0.0,-100.0,0.0,-100.0,0.0,-12.85
ETH-USDT-SWAP,5m,1H,0.002,0.02,0.01,148.0,0.0,-100.0,2201,602,1599,27.351,100.0,0.427,-5.484,13131,0.0,-100.0,0.0,-100.0,0.0,-3.22
ETH-USDT-SWAP,5m,1H,0.002,0.02,0.015,148.0,0.0,-100.0,2201,623,1578,28.305,100.0,0.438,-5.484,13131,0.0,-100.0,0.0,-100.0,0.0,-3.22
ETH-USDT-SWAP,5m,1H,0.002,0.02,0.02,148.0,0.0,-100.0,2201,628,1573,28.532,100.0,0.495,-5.484,13131,0.0,-100.0,0.0,-100.0,0.0,-3.22
ETH-USDT-SWAP,5m,1H,0.002,0.02,0.025,148.0,0.0,-100.0,2201,631,1570,28.669,100.0,0.487,-5.484,13131,0.0,-100.0,0.0,-100.0,0.0,-3.22
ETH-USDT-SWAP,5m,1H,0.002,0.02,0.03,148.0,0.0,-100.0,2201,633,1568,28.76,100.0,0.482,-5.484,13131,0.0,-100.0,0.0,-100.0,0.0,-3.22
ETH-USDT-SWAP,5m,1H,0.002,0.03,0.005,148.0,0.0,-100.0,2201,525,1676,23.853,100.0,0.289,-5.484,13131,0.0,-100.0,0.0,-100.0,0.0,-29.53
ETH-USDT-SWAP,5m,1H,0.002,0.03,0.008,148.0,0.0,-100.0,2201,585,1616,26.579,100.0,0.397,-5.484,13131,0.0,-100.0,0.0,-100.0,0.0,-17.27
ETH-USDT-SWAP,5m,1H,0.002,0.03,0.01,148.0,0.0,-100.0,2201,599,1602,27.215,100.0,0.416,-5.484,13131,0.0,-100.0,0.0,-100.0,0.0,-8.13
ETH-USDT-SWAP,5m,1H,0.002,0.03,0.015,148.0,0.0,-100.0,2201,618,1583,28.078,100.0,0.415,-5.484,13131,0.0,-100.0,0.0,-100.0,0.0,-8.13
ETH-USDT-SWAP,5m,1H,0.002,0.03,0.02,148.0,0.0,-100.0,2201,623,1578,28.305,100.0,0.442,-5.484,13131,0.0,-100.0,0.0,-100.0,0.0,-8.13
ETH-USDT-SWAP,5m,1H,0.002,0.03,0.025,148.0,0.0,-100.0,2201,627,1574,28.487,100.0,0.437,-5.484,13131,0.0,-100.0,0.0,-100.0,0.0,-8.13
ETH-USDT-SWAP,5m,1H,0.002,0.03,0.03,148.0,0.0,-100.0,2201,629,1572,28.578,100.0,0.435,-5.484,13131,0.0,-100.0,0.0,-100.0,0.0,-8.13
ETH-USDT-SWAP,5m,1H,0.003,0.004,0.005,148.0,0.0,-100.0,1753,934,819,53.28,100.0,0.392,-5.484,13131,0.11,-99.93,0.0,-100.0,0.0,-5.68
ETH-USDT-SWAP,5m,1H,0.003,0.004,0.008,148.0,0.0,-100.0,1753,998,755,56.931,100.0,0.444,-5.484,13131,0.15,-99.9,0.0,-100.0,0.0,5.37
ETH-USDT-SWAP,5m,1H,0.003,0.004,0.01,148.0,0.0,-100.0,1753,1014,739,57.844,100.0,0.497,-5.484,13131,0.16,-99.89,0.0,-100.0,0.0,5.37
ETH-USDT-SWAP,5m,1H,0.003,0.004,0.015,148.0,0.0,-100.0,1753,1042,711,59.441,100.0,0.514,-5.484,13131,0.17,-99.88,0.0,-99.95,0.0,5.37
ETH-USDT-SWAP,5m,1H,0.003,0.004,0.02,148.0,0.0,-100.0,1753,1048,705,59.783,100.0,0.557,-5.484,13131,0.25,-99.83,0.0,-99.94,0.0,5.37
ETH-USDT-SWAP,5m,1H,0.003,0.004,0.025,148.0,0.0,-100.0,1753,1053,700,60.068,100.0,0.554,-5.484,13131,0.3,-99.8,0.0,-99.9,0.0,5.37
ETH-USDT-SWAP,5m,1H,0.003,0.004,0.03,148.0,0.0,-100.0,1753,1054,699,60.125,100.0,0.559,-5.484,13131,0.3,-99.8,0.0,-99.91,0.0,5.37
ETH-USDT-SWAP,5m,1H,0.003,0.006,0.005,148.0,0.0,-100.0,1753,667,1086,38.049,100.0,0.416,-5.484,13131,0.02,-99.99,0.0,-100.0,0.0,-14.2
ETH-USDT-SWAP,5m,1H,0.003,0.006,0.008,148.0,0.0,-100.0,1753,720,1033,41.072,100.0,0.473,-5.484,13131,0.02,-99.99,0.0,-100.0,0.0,-5.42
ETH-USDT-SWAP,5m,1H,0.003,0.006,0.01,148.0,0.0,-100.0,1753,736,1017,41.985,100.0,0.522,-5.484,13131,0.02,-99.99,0.0,-100.0,0.0,1.92
ETH-USDT-SWAP,5m,1H,0.003,0.006,0.015,148.0,0.0,-100.0,1753,755,998,43.069,100.0,0.524,-5.484,13131,0.01,-99.99,0.0,-100.0,0.0,1.92
ETH-USDT-SWAP,5m,1H,0.003,0.006,0.02,148.0,0.0,-100.0,1753,758,995,43.24,100.0,0.531,-5.484,13131,0.01,-99.99,0.0,-100.0,0.0,1.92
ETH-USDT-SWAP,5m,1H,0.003,0.006,0.025,148.0,0.0,-100.0,1753,762,991,43.468,100.0,0.515,-5.484,13131,0.02,-99.99,0.0,-100.0,0.0,1.92
ETH-USDT-SWAP,5m,1H,0.003,0.006,0.03,148.0,0.0,-100.0,1753,764,989,43.582,100.0,0.509,-5.484,13131,0.02,-99.99,0.0,-100.0,0.0,1.92
ETH-USDT-SWAP,5m,1H,0.003,0.008,0.005,148.0,0.0,-100.0,1753,547,1206,31.204,100.0,0.363,-5.484,13131,0.0,-100.0,0.0,-100.0,0.0,-23.52
ETH-USDT-SWAP,5m,1H,0.003,0.008,0.008,148.0,0.0,-100.0,1753,597,1156,34.056,100.0,0.393,-5.484,13131,0.0,-100.0,0.0,-100.0,0.0,-9.69
ETH-USDT-SWAP,5m,1H,0.003,0.008,0.01,148.0,0.0,-100.0,1753,616,1137,35.14,100.0,0.466,-5.484,13131,0.0,-100.0,0.0,-100.0,0.0,-2.68
ETH-USDT-SWAP,5m,1H,0.003,0.008,0.015,148.0,0.0,-100.0,1753,637,1116,36.338,100.0,0.47,-5.484,13131,0.0,-100.0,0.0,-100.0,0.0,-2.68
ETH-USDT-SWAP,5m,1H,0.003,0.008,0.02,148.0,0.0,-100.0,1753,641,1112,36.566,100.0,0.506,-5.484,13131,0.0,-100.0,0.0,-100.0,0.0,-2.68
ETH-USDT-SWAP,5m,1H,0.003,0.008,0.025,148.0,0.0,-100.0,1753,645,1108,36.794,100.0,0.492,-5.484,13131,0.0,-100.0,0.0,-100.0,0.0,-2.68
ETH-USDT-SWAP,5m,1H,0.003,0.008,0.03,148.0,0.0,-100.0,1753,647,1106,36.908,100.0,0.486,-5.484,13131,0.0,-100.0,0.0,-100.0,0.0,-2.68
ETH-USDT-SWAP,5m,1H,0.003,0.01,0.005,148.0,0.0,-100.0,1753,514,1239,29.321,100.0,0.361,-5.484,13131,0.0,-100.0,0.0,-100.0,0.0,-23.52
ETH-USDT-SWAP,5m,1H,0.003,0.01,0.008,148.0,0.0,-100.0,1753,561,1192,32.002,100.0,0.452,-5.484,13131,0.0,-100.0,0.0,-100.0,0.0,-7.98
ETH-USDT-SWAP,5m,1H,0.003,0.01,0.01,148.0,0.0,-100.0,1753,579,1174,33.029,100.0,0.544,-5.484,13131,0.0,-100.0,0.0,-100.0,0.0,-0.84
ETH-USDT-SWAP,5m,1H,0.003,0.01,0.015,148.0,0.0,-100.0,1753,598,1155,34.113,100.0,0.548,-5.484,13131,0.0,-100.0,0.0,-100.0,0.0,-0.84
ETH-USDT-SWAP,5m,1H,0.003,0.01,0.02,148.0,0.0,-100.0,1753,602,1151,34.341,100.0,0.589,-5.484,13131,0.0,-100.0,0.0,-100.0,0.0,-0.84
ETH-USDT-SWAP,5m,1H,0.003,0.01,0.025,148.0,0.0,-100.0,1753,605,1148,34.512,100.0,0.574,-5.484,13131,0.0,-100.0,0.0,-100.0,0.0,-0.84
ETH-USDT-SWAP,5m,1H,0.003,0.01,0.03,148.0,0.0,-100.0,1753,608,1145,34.683,100.0,0.567,-5.484,13131,0.0,-100.0,0.0,-100.0,0.0,-0.84
ETH-USDT-SWAP,5m,1H,0.003,0.012,0.005,148.0,0.0,-100.0,1753,493,1260,28.123,100.0,0.368,-5.484,13131,0.0,-100.0,0.0,-100.0,0.0,-23.52
ETH-USDT-SWAP,5m,1H,0.003,0.012,0.008,148.0,0.0,-100.0,1753,540,1213,30.804,100.0,0.472,-5.484,13131,0.0,-100.0,0.0,-100.0,0.0,-6.27
ETH-USDT-SWAP,5m,1H,0.003,0.012,0.01,148.0,0.0,-100.0,1753,558,1195,31.831,100.0,0.566,-5.484,13131,0.0,-100.0,0.0,-100.0,0.0,1.0
ETH-USDT-SWAP,5m,1H,0.003,0.012,0.015,148.0,0.0,-100.0,1753,575,1178,32.801,100.0,0.567,-5.484,13131,0.0,-100.0,0.0,-100.0,0.0,1.0
ETH-USDT-SWAP,5m,1H,0.003,0.012,0.02,148.0,0.0,-100.0,1753,578,1175,32.972,100.0,0.605,-5.484,13131,0.0,-100.0,0.0,-100.0,0.0,1.0
ETH-USDT-SWAP,5m,1H,0.003,0.012,0.025,148.0,0.0,-100.0,1753,581,1172,33.143,100.0,0.592,-5.484,13131,0.0,-100.0,0.0,-100.0,0.0,1.0
ETH-USDT-SWAP,5m,1H,0.003,0.012,0.03,148.0,0.0,-100.0,1753,584,1169,33.314,100.0,0.585,-5.484,13131,0.0,-100.0,0.0,-100.0,0.0,1.0
ETH-USDT-SWAP,5m,1H,0.003,0.015,0.005,148.0,0.0,-100.0,1753,485,1268,27.667,100.0,0.381,-5.484,13131,0.0,-100.0,0.0,-100.0,0.0,-23.52
ETH-USDT-SWAP,5m,1H,0.003,0.015,0.008,148.0,0.0,-100.0,1753,532,1221,30.348,100.0,0.513,-5.484,13131,0.0,-100.0,0.0,-100.0,0.0,-3.71
ETH-USDT-SWAP,5m,1H,0.003,0.015,0.01,148.0,0.0,-100.0,1753,550,1203,31.375,100.0,0.598,-5.484,13131,0.0,-100.0,0.0,-100.0,0.0,3.77
ETH-USDT-SWAP,5m,1H,0.003,0.015,0.015,148.0,0.0,-100.0,1753,568,1185,32.402,100.0,0.612,-5.484,13131,0.0,-100.0,0.0,-100.0,0.0,3.77
ETH-USDT-SWAP,5m,1H,0.003,0.015,0.02,148.0,0.0,-100.0,1753,571,1182,32.573,100.0,0.654,-5.484,13131,0.0,-100.0,0.0,-100.0,0.0,3.77
ETH-USDT-SWAP,5m,1H,0.003,0.015,0.025,148.0,0.0,-100.0,1753,574,1179,32.744,100.0,0.641,-5.484,13131,0.0,-100.0,0.0,-100.0,0.0,3.77
ETH-USDT-SWAP,5m,1H,0.003,0.015,0.03,148.0,0.0,-100.0,1753,576,1177,32.858,100.0,0.634,-5.484,13131,0.0,-100.0,0.0,-100.0,0.0,3.77
ETH-USDT-SWAP,5m,1H,0.003,0.02,0.005,148.0,0.0,-100.0,1753,481,1272,27.439,100.0,0.379,-5.484,13131,0.0,-100.0,0.0,-100.0,0.0,-23.52
ETH-USDT-SWAP,5m,1H,0.003,0.02,0.008,148.0,0.0,-100.0,1753,527,1226,30.063,100.0,0.504,-5.484,13131,0.0,-100.0,0.0,-100.0,0.0,0.56
ETH-USDT-SWAP,5m,1H,0.003,0.02,0.01,148.0,0.0,-100.0,1753,546,1207,31.147,100.0,0.591,-5.484,13131,0.0,-100.0,0.0,-100.0,0.0,8.37
ETH-USDT-SWAP,5m,1H,0.003,0.02,0.015,148.0,0.0,-100.0,1753,564,1189,32.173,100.0,0.596,-5.484,13131,0.0,-100.0,0.0,-100.0,0.0,8.37
ETH-USDT-SWAP,5m,1H,0.003,0.02,0.02,148.0,0.0,-100.0,1753,567,1186,32.345,100.0,0.647,-5.484,13131,0.0,-100.0,0.0,-100.0,0.0,8.37
ETH-USDT-SWAP,5m,1H,0.003,0.02,0.025,148.0,0.0,-100.0,1753,570,1183,32.516,100.0,0.635,-5.484,13131,0.0,-100.0,0.0,-100.0,0.0,8.37
ETH-USDT-SWAP,5m,1H,0.003,0.02,0.03,148.0,0.0,-100.0,1753,572,1181,32.63,100.0,0.629,-5.484,13131,0.0,-100.0,0.0,-100.0,0.0,8.37
ETH-USDT-SWAP,5m,1H,0.003,0.03,0.005,148.0,0.0,-100.0,1753,479,1274,27.325,100.0,0.413,-5.484,13131,0.0,-100.0,0.0,-100.0,0.0,-23.52
ETH-USDT-SWAP,5m,1H,0.003,0.03,0.008,148.0,0.0,-100.0,1753,525,1228,29.949,100.0,0.536,-5.484,13131,0.0,-100.0,0.0,-100.0,0.0,-3.67
ETH-USDT-SWAP,5m,1H,0.003,0.03,0.01,148.0,0.0,-100.0,1753,543,1210,30.975,100.0,0.575,-5.484,13131,0.0,-100.0,0.0,-100.0,0.0,3.81
ETH-USDT-SWAP,5m,1H,0.003,0.03,0.015,148.0,0.0,-100.0,1753,561,1192,32.002,100.0,0.58,-5.484,13131,0.0,-100.0,0.0,-100.0,0.0,3.81
ETH-USDT-SWAP,5m,1H,0.003,0.03,0.02,148.0,0.0,-100.0,1753,564,1189,32.173,100.0,0.6,-5.484,13131,0.0,-100.0,0.0,-100.0,0.0,3.81
ETH-USDT-SWAP,5m,1H,0.003,0.03,0.025,148.0,0.0,-100.0,1753,567,1186,32.345,100.0,0.592,-5.484,13131,0.0,-100.0,0.0,-100.0,0.0,3.81
ETH-USDT-SWAP,5m,1H,0.003,0.03,0.03,148.0,0.0,-100.0,1753,569,1184,32.459,100.0,0.589,-5.484,13131,0.0,-100.0,0.0,-100.0,0.0,3.81
ETH-USDT-SWAP,5m,1H,0.004,0.004,0.005,148.0,0.0,-100.0,1382,781,601,56.512,100.0,0.458,-5.484,13131,1.24,-99.16,0.0,-99.96,0.0,-0.25
ETH-USDT-SWAP,5m,1H,0.004,0.004,0.008,148.0,0.003,-99.998,1382,837,545,60.564,99.998,0.59,-5.484,13131,1.79,-98.79,0.0,-99.85,0.0,2.65
ETH-USDT-SWAP,5m,1H,0.004,0.004,0.01,148.0,0.017,-99.989,1382,860,522,62.229,99.99,0.6,-5.484,13131,1.9,-98.72,0.02,-99.15,0.02,2.65
ETH-USDT-SWAP,5m,1H,0.004,0.004,0.015,148.0,0.147,-99.901,1382,881,501,63.748,99.911,0.669,-5.479,13131,5.43,-96.33,0.14,-97.36,0.15,2.65
ETH-USDT-SWAP,5m,1H,0.004,0.004,0.02,148.0,0.293,-99.802,1382,888,494,64.255,99.855,0.749,-5.474,13131,10.3,-93.04,0.29,-97.23,0.29,2.65
ETH-USDT-SWAP,5m,1H,0.004,0.004,0.025,148.0,1.106,-99.253,1382,894,488,64.689,99.453,0.772,-5.443,13131,9.64,-93.49,1.08,-88.82,1.11,2.65
ETH-USDT-SWAP,5m,1H,0.004,0.004,0.03,148.0,0.81,-99.453,1382,894,488,64.689,99.6,0.765,-5.454,13131,8.98,-93.94,0.79,-91.21,0.81,2.65
ETH-USDT-SWAP,5m,1H,0.004,0.006,0.005,148.0,0.0,-100.0,1382,570,812,41.245,100.0,0.463,-5.484,13131,0.16,-99.9,0.0,-100.0,0.0,5.74
ETH-USDT-SWAP,5m,1H,0.004,0.006,0.008,148.0,0.0,-100.0,1382,619,763,44.79,100.0,0.529,-5.484,13131,0.12,-99.92,0.0,-99.99,0.0,8.82
ETH-USDT-SWAP,5m,1H,0.004,0.006,0.01,148.0,0.0,-100.0,1382,635,747,45.948,100.0,0.534,-5.484,13131,0.1,-99.94,0.0,-99.97,0.0,8.82
ETH-USDT-SWAP,5m,1H,0.004,0.006,0.015,148.0,0.0,-100.0,1382,651,731,47.106,100.0,0.555,-5.484,13131,0.15,-99.9,0.0,-99.93,0.0,8.82
ETH-USDT-SWAP,5m,1H,0.004,0.006,0.02,148.0,0.0,-100.0,1382,655,727,47.395,100.0,0.574,-5.484,13131,0.25,-99.83,0.0,-99.95,0.0,8.82
ETH-USDT-SWAP,5m,1H,0.004,0.006,0.025,148.0,0.0,-100.0,1382,659,723,47.685,100.0,0.558,-5.484,13131,0.2,-99.86,0.0,-99.86,0.0,8.82
ETH-USDT-SWAP,5m,1H,0.004,0.006,0.03,148.0,0.0,-100.0,1382,659,723,47.685,100.0,0.552,-5.484,13131,0.19,-99.87,0.0,-99.91,0.0,8.82
ETH-USDT-SWAP,5m,1H,0.004,0.008,0.005,148.0,0.0,-100.0,1382,475,907,34.37,100.0,0.411,-5.484,13131,0.06,-99.96,0.0,-100.0,0.0,-9.08
ETH-USDT-SWAP,5m,1H,0.004,0.008,0.008,148.0,0.0,-100.0,1382,515,867,37.265,100.0,0.479,-5.484,13131,0.04,-99.97,0.0,-100.0,0.0,-1.43
ETH-USDT-SWAP,5m,1H,0.004,0.008,0.01,148.0,0.0,-100.0,1382,533,849,38.567,100.0,0.519,-5.484,13131,0.03,-99.98,0.0,-100.0,0.0,-1.43
ETH-USDT-SWAP,5m,1H,0.004,0.008,0.015,148.0,0.0,-100.0,1382,547,835,39.58,100.0,0.534,-5.484,13131,0.04,-99.97,0.0,-100.0,0.0,-1.43
ETH-USDT-SWAP,5m,1H,0.004,0.008,0.02,148.0,0.0,-100.0,1382,550,832,39.797,100.0,0.545,-5.484,13131,0.05,-99.96,0.0,-100.0,0.0,-1.43
ETH-USDT-SWAP,5m,1H,0.004,0.008,0.025,148.0,0.0,-100.0,1382,555,827,40.159,100.0,0.527,-5.484,13131,0.05,-99.96,0.0,-100.0,0.0,-1.43
ETH-USDT-SWAP,5m,1H,0.004,0.008,0.03,148.0,0.0,-100.0,1382,556,826,40.232,100.0,0.521,-5.484,13131,0.05,-99.97,0.0,-100.0,0.0,-1.43
ETH-USDT-SWAP,5m,1H,0.004,0.01,0.005,148.0,0.0,-100.0,1382,428,954,30.97,100.0,0.44,-5.484,13131,0.02,-99.98,0.0,-100.0,0.0,-7.36
ETH-USDT-SWAP,5m,1H,0.004,0.01,0.008,148.0,0.0,-100.0,1382,465,917,33.647,100.0,0.505,-5.484,13131,0.02,-99.99,0.0,-100.0,0.0,0.44
ETH-USDT-SWAP,5m,1H,0.004,0.01,0.01,148.0,0.0,-100.0,1382,481,901,34.805,100.0,0.549,-5.484,13131,0.01,-99.99,0.0,-100.0,0.0,0.44
ETH-USDT-SWAP,5m,1H,0.004,0.01,0.015,148.0,0.0,-100.0,1382,498,884,36.035,100.0,0.563,-5.484,13131,0.02,-99.99,0.0,-100.0,0.0,0.44
ETH-USDT-SWAP,5m,1H,0.004,0.01,0.02,148.0,0.0,-100.0,1382,501,881,36.252,100.0,0.615,-5.484,13131,0.02,-99.98,0.0,-100.0,0.0,0.44
ETH-USDT-SWAP,5m,1H,0.004,0.01,0.025,148.0,0.0,-100.0,1382,506,876,36.614,100.0,0.597,-5.484,13131,0.02,-99.99,0.0,-100.0,0.0,0.44
ETH-USDT-SWAP,5m,1H,0.004,0.01,0.03,148.0,0.0,-100.0,1382,507,875,36.686,100.0,0.59,-5.484,13131,0.02,-99.99,0.0,-100.0,0.0,0.44
ETH-USDT-SWAP,5m,1H,0.004,0.012,0.005,148.0,0.0,-100.0,1382,413,969,29.884,100.0,0.429,-5.484,13131,0.02,-99.98,0.0,-100.0,0.0,-5.64
ETH-USDT-SWAP,5m,1H,0.004,0.012,0.008,148.0,0.0,-100.0,1382,450,932,32.562,100.0,0.569,-5.484,13131,0.02,-99.99,0.0,-100.0,0.0,2.3
ETH-USDT-SWAP,5m,1H,0.004,0.012,0.01,148.0,0.0,-100.0,1382,466,916,33.719,100.0,0.619,-5.484,13131,0.02,-99.99,0.0,-100.0,0.0,2.3
ETH-USDT-SWAP,5m,1H,0.004,0.012,0.015,148.0,0.0,-100.0,1382,481,901,34.805,100.0,0.633,-5.484,13131,0.02,-99.99,0.0,-100.0,0.0,2.3
ETH-USDT-SWAP,5m,1H,0.004,0.012,0.02,148.0,0.0,-100.0,1382,485,897,35.094,100.0,0.687,-5.484,13131,0.03,-99.98,0.0,-100.0,0.0,2.3
ETH-USDT-SWAP,5m,1H,0.004,0.012,0.025,148.0,0.0,-100.0,1382,490,892,35.456,100.0,0.669,-5.484,13131,0.03,-99.98,0.0,-100.0,0.0,2.3
ETH-USDT-SWAP,5m,1H,0.004,0.012,0.03,148.0,0.0,-100.0,1382,491,891,35.528,100.0,0.663,-5.484,13131,0.02,-99.98,0.0,-100.0,0.0,2.3
ETH-USDT-SWAP,5m,1H,0.004,0.015,0.005,148.0,0.0,-100.0,1382,401,981,29.016,100.0,0.42,-5.484,13131,0.01,-99.99,0.0,-100.0,0.0,-3.06
ETH-USDT-SWAP,5m,1H,0.004,0.015,0.008,148.0,0.0,-100.0,1382,439,943,31.766,100.0,0.597,-5.484,13131,0.01,-99.99,0.0,-100.0,0.0,5.1
ETH-USDT-SWAP,5m,1H,0.004,0.015,0.01,148.0,0.0,-100.0,1382,453,929,32.779,100.0,0.638,-5.484,13131,0.01,-99.99,0.0,-100.0,0.0,5.1
ETH-USDT-SWAP,5m,1H,0.004,0.015,0.015,148.0,0.0,-100.0,1382,468,914,33.864,100.0,0.648,-5.484,13131,0.01,-99.99,0.0,-100.0,0.0,5.1
ETH-USDT-SWAP,5m,1H,0.004,0.015,0.02,148.0,0.0,-100.0,1382,471,911,34.081,100.0,0.703,-5.484,13131,0.02,-99.99,0.0,-100.0,0.0,5.1
ETH-USDT-SWAP,5m,1H,0.004,0.015,0.025,148.0,0.0,-100.0,1382,476,906,34.443,100.0,0.686,-5.484,13131,0.02,-99.99,0.0,-100.0,0.0,5.1
ETH-USDT-SWAP,5m,1H,0.004,0.015,0.03,148.0,0.0,-100.0,1382,477,905,34.515,100.0,0.679,-5.484,13131,0.01,-99.99,0.0,-100.0,0.0,5.1
ETH-USDT-SWAP,5m,1H,0.004,0.02,0.005,148.0,0.0,-100.0,1382,397,985,28.726,100.0,0.38,-5.484,13131,0.01,-99.99,0.0,-100.0,0.0,1.24
ETH-USDT-SWAP,5m,1H,0.004,0.02,0.008,148.0,0.0,-100.0,1382,434,948,31.404,100.0,0.558,-5.484,13131,0.01,-99.99,0.0,-100.0,0.0,9.76
ETH-USDT-SWAP,5m,1H,0.004,0.02,0.01,148.0,0.0,-100.0,1382,448,934,32.417,100.0,0.599,-5.484,13131,0.01,-99.99,0.0,-100.0,0.0,9.76
ETH-USDT-SWAP,5m,1H,0.004,0.02,0.015,148.0,0.0,-100.0,1382,464,918,33.575,100.0,0.616,-5.484,13131,0.01,-99.99,0.0,-100.0,0.0,9.76
ETH-USDT-SWAP,5m,1H,0.004,0.02,0.02,148.0,0.0,-100.0,1382,467,915,33.792,100.0,0.686,-5.484,13131,0.02,-99.99,0.0,-100.0,0.0,9.76
ETH-USDT-SWAP,5m,1H,0.004,0.02,0.025,148.0,0.0,-100.0,1382,471,911,34.081,100.0,0.669,-5.484,13131,0.02,-99.99,0.0,-100.0,0.0,9.76
ETH-USDT-SWAP,5m,1H,0.004,0.02,0.03,148.0,0.0,-100.0,1382,472,910,34.153,100.0,0.663,-5.484,13131,0.01,-99.99,0.0,-100.0,0.0,9.76
ETH-USDT-SWAP,5m,1H,0.004,0.03,0.005,148.0,0.0,-100.0,1382,395,987,28.582,100.0,0.374,-5.484,13131,0.01,-99.99,0.0,-100.0,0.0,-2.14
ETH-USDT-SWAP,5m,1H,0.004,0.03,0.008,148.0,0.0,-100.0,1382,431,951,31.187,100.0,0.524,-5.484,13131,0.01,-99.99,0.0,-100.0,0.0,6.1
ETH-USDT-SWAP,5m,1H,0.004,0.03,0.01,148.0,0.0,-100.0,1382,446,936,32.272,100.0,0.539,-5.484,13131,0.01,-100.0,0.0,-100.0,0.0,6.1
ETH-USDT-SWAP,5m,1H,0.004,0.03,0.015,148.0,0.0,-100.0,1382,461,921,33.357,100.0,0.556,-5.484,13131,0.01,-99.99,0.0,-100.0,0.0,6.1
ETH-USDT-SWAP,5m,1H,0.004,0.03,0.02,148.0,0.0,-100.0,1382,464,918,33.575,100.0,0.594,-5.484,13131,0.01,-99.99,0.0,-100.0,0.0,6.1
ETH-USDT-SWAP,5m,1H,0.004,0.03,0.025,148.0,0.0,-100.0,1382,468,914,33.864,100.0,0.579,-5.484,13131,0.01,-99.99,0.0,-100.0,0.0,6.1
ETH-USDT-SWAP,5m,1H,0.004,0.03,0.03,148.0,0.0,-100.0,1382,469,913,33.936,100.0,0.575,-5.484,13131,0.01,-99.99,0.0,-100.0,0.0,6.1
ETH-USDT-SWAP,5m,1H,0.005,0.004,0.005,148.0,0.015,-99.99,1111,673,438,60.576,99.99,0.624,-5.484,13131,13.85,-90.64,0.02,-99.89,0.01,-1.9
ETH-USDT-SWAP,5m,1H,0.005,0.004,0.008,148.0,0.277,-99.813,1111,732,379,65.887,99.864,0.763,-5.474,13131,30.91,-79.11,0.27,-99.12,0.28,2.01
ETH-USDT-SWAP,5m,1H,0.005,0.004,0.01,148.0,1.756,-98.813,1111,755,356,67.957,99.202,0.788,-5.419,13131,29.01,-80.4,1.72,-94.07,1.76,2.01
ETH-USDT-SWAP,5m,1H,0.005,0.004,0.015,148.0,8.289,-94.399,1111,774,337,69.667,96.653,0.85,-5.177,13131,62.72,-57.62,8.13,-87.04,8.29,2.01
ETH-USDT-SWAP,5m,1H,0.005,0.004,0.02,148.0,26.13,-82.345,1111,783,328,70.477,94.03,0.928,-4.516,13131,117.86,-20.36,25.62,-78.27,26.13,2.01
ETH-USDT-SWAP,5m,1H,0.005,0.004,0.025,148.0,65.887,-55.481,1111,788,323,70.927,87.315,0.96,-3.043,13131,103.21,-30.26,64.59,-37.42,65.89,2.01
ETH-USDT-SWAP,5m,1H,0.005,0.004,0.03,148.0,69.639,-52.947,1111,789,322,71.017,89.75,0.958,-2.904,13131,89.53,-39.51,68.27,-23.75,69.64,2.01
ETH-USDT-SWAP,5m,1H,0.005,0.006,0.005,148.0,0.0,-100.0,1111,498,613,44.824,100.0,0.592,-5.484,13131,1.8,-98.78,0.0,-99.98,0.0,3.38
ETH-USDT-SWAP,5m,1H,0.005,0.006,0.008,148.0,0.002,-99.999,1111,545,566,49.055,99.999,0.682,-5.484,13131,2.07,-98.6,0.0,-99.9,0.0,7.5
ETH-USDT-SWAP,5m,1H,0.005,0.006,0.01,148.0,0.013,-99.991,1111,566,545,50.945,99.993,0.681,-5.484,13131,1.5,-98.99,0.01,-99.2,0.01,7.5
ETH-USDT-SWAP,5m,1H,0.005,0.006,0.015,148.0,0.032,-99.978,1111,581,530,52.295,99.984,0.738,-5.483,13131,3.18,-97.85,0.03,-99.06,0.03,7.5
ETH-USDT-SWAP,5m,1H,0.005,0.006,0.02,148.0,0.039,-99.974,1111,586,525,52.745,99.985,0.787,-5.483,13131,5.37,-96.37,0.04,-99.33,0.04,7.5
ETH-USDT-SWAP,5m,1H,0.005,0.006,0.025,148.0,0.091,-99.939,1111,591,520,53.195,99.966,0.791,-5.481,13131,4.81,-96.75,0.08,-98.25,0.09,7.5
ETH-USDT-SWAP,5m,1H,0.005,0.006,0.03,148.0,0.09,-99.939,1111,591,520,53.195,99.966,0.79,-5.481,13131,4.17,-97.18,0.08,-98.0,0.09,7.5
ETH-USDT-SWAP,5m,1H,0.005,0.008,0.005,148.0,0.0,-100.0,1111,421,690,37.894,100.0,0.547,-5.484,13131,0.73,-99.51,0.0,-100.0,0.0,-6.99
ETH-USDT-SWAP,5m,1H,0.005,0.008,0.008,148.0,0.0,-100.0,1111,464,647,41.764,100.0,0.589,-5.484,13131,0.56,-99.62,0.0,-100.0,0.0,2.94
ETH-USDT-SWAP,5m,1H,0.005,0.008,0.01,148.0,0.0,-100.0,1111,480,631,43.204,100.0,0.572,-5.484,13131,0.39,-99.74,0.0,-99.98,0.0,2.94
ETH-USDT-SWAP,5m,1H,0.005,0.008,0.015,148.0,0.0,-100.0,1111,490,621,44.104,100.0,0.616,-5.484,13131,0.69,-99.54,0.0,-99.99,0.0,2.94
ETH-USDT-SWAP,5m,1H,0.005,0.008,0.02,148.0,0.0,-100.0,1111,493,618,44.374,100.0,0.631,-5.484,13131,0.75,-99.49,0.0,-99.99,0.0,2.94
ETH-USDT-SWAP,5m,1H,0.005,0.008,0.025,148.0,0.0,-100.0,1111,499,612,44.914,100.0,0.621,-5.484,13131,0.83,-99.44,0.0,-99.96,0.0,2.94
ETH-USDT-SWAP,5m,1H,0.005,0.008,0.03,148.0,0.0,-100.0,1111,499,612,44.914,100.0,0.607,-5.484,13131,0.67,-99.55,0.0,-99.97,0.0,2.94
ETH-USDT-SWAP,5m,1H,0.005,0.01,0.005,148.0,0.0,-100.0,1111,382,729,34.383,100.0,0.481,-5.484,13131,0.25,-99.83,0.0,-100.0,0.0,-5.23
ETH-USDT-SWAP,5m,1H,0.005,0.01,0.008,148.0,0.0,-100.0,1111,424,687,38.164,100.0,0.57,-5.484,13131,0.19,-99.87,0.0,-100.0,0.0,4.88
ETH-USDT-SWAP,5m,1H,0.005,0.01,0.01,148.0,0.0,-100.0,1111,441,670,39.694,100.0,0.549,-5.484,13131,0.13,-99.92,0.0,-100.0,0.0,4.88
ETH-USDT-SWAP,5m,1H,0.005,0.01,0.015,148.0,0.0,-100.0,1111,454,657,40.864,100.0,0.622,-5.484,13131,0.21,-99.86,0.0,-100.0,0.0,4.88
ETH-USDT-SWAP,5m,1H,0.005,0.01,0.02,148.0,0.0,-100.0,1111,457,654,41.134,100.0,0.637,-5.484,13131,0.24,-99.84,0.0,-100.0,0.0,4.88
ETH-USDT-SWAP,5m,1H,0.005,0.01,0.025,148.0,0.0,-100.0,1111,463,648,41.674,100.0,0.625,-5.484,13131,0.27,-99.82,0.0,-100.0,0.0,4.88
ETH-USDT-SWAP,5m,1H,0.005,0.01,0.03,148.0,0.0,-100.0,1111,463,648,41.674,100.0,0.612,-5.484,13131,0.22,-99.85,0.0,-100.0,0.0,4.88
ETH-USDT-SWAP,5m,1H,0.005,0.012,0.005,148.0,0.0,-100.0,1111,371,740,33.393,100.0,0.519,-5.484,13131,0.21,-99.86,0.0,-100.0,0.0,-3.47
ETH-USDT-SWAP,5m,1H,0.005,0.012,0.008,148.0,0.0,-100.0,1111,411,700,36.994,100.0,0.626,-5.484,13131,0.18,-99.88,0.0,-100.0,0.0,6.83
ETH-USDT-SWAP,5m,1H,0.005,0.012,0.01,148.0,0.0,-100.0,1111,427,684,38.434,100.0,0.608,-5.484,13131,0.12,-99.92,0.0,-100.0,0.0,6.83
ETH-USDT-SWAP,5m,1H,0.005,0.012,0.015,148.0,0.0,-100.0,1111,439,672,39.514,100.0,0.679,-5.484,13131,0.21,-99.86,0.0,-100.0,0.0,6.83
ETH-USDT-SWAP,5m,1H,0.005,0.012,0.02,148.0,0.0,-100.0,1111,442,669,39.784,100.0,0.694,-5.484,13131,0.24,-99.84,0.0,-100.0,0.0,6.83
ETH-USDT-SWAP,5m,1H,0.005,0.012,0.025,148.0,0.0,-100.0,1111,448,663,40.324,100.0,0.683,-5.484,13131,0.26,-99.82,0.0,-100.0,0.0,6.83
ETH-USDT-SWAP,5m,1H,0.005,0.012,0.03,148.0,0.0,-100.0,1111,448,663,40.324,100.0,0.67,-5.484,13131,0.21,-99.86,0.0,-100.0,0.0,6.83
ETH-USDT-SWAP,5m,1H,0.005,0.015,0.005,148.0,0.0,-100.0,1111,361,750,32.493,100.0,0.545,-5.484,13131,0.2,-99.86,0.0,-100.0,0.0,-0.83
ETH-USDT-SWAP,5m,1H,0.005,0.015,0.008,148.0,0.0,-100.0,1111,400,711,36.004,100.0,0.648,-5.484,13131,0.17,-99.88,0.0,-100.0,0.0,9.75
ETH-USDT-SWAP,5m,1H,0.005,0.015,0.01,148.0,0.0,-100.0,1111,415,696,37.354,100.0,0.632,-5.484,13131,0.11,-99.93,0.0,-100.0,0.0,9.75
ETH-USDT-SWAP,5m,1H,0.005,0.015,0.015,148.0,0.0,-100.0,1111,427,684,38.434,100.0,0.697,-5.484,13131,0.16,-99.89,0.0,-100.0,0.0,9.75
ETH-USDT-SWAP,5m,1H,0.005,0.015,0.02,148.0,0.0,-100.0,1111,429,682,38.614,100.0,0.709,-5.484,13131,0.17,-99.88,0.0,-100.0,0.0,9.75
ETH-USDT-SWAP,5m,1H,0.005,0.015,0.025,148.0,0.0,-100.0,1111,435,676,39.154,100.0,0.698,-5.484,13131,0.19,-99.87,0.0,-100.0,0.0,9.75
ETH-USDT-SWAP,5m,1H,0.005,0.015,0.03,148.0,0.0,-100.0,1111,435,676,39.154,100.0,0.687,-5.484,13131,0.16,-99.89,0.0,-100.0,0.0,9.75
ETH-USDT-SWAP,5m,1H,0.005,0.02,0.005,148.0,0.0,-100.0,1111,360,751,32.403,100.0,0.541,-5.484,13131,0.22,-99.85,0.0,-100.0,0.0,3.57
ETH-USDT-SWAP,5m,1H,0.005,0.02,0.008,148.0,0.0,-100.0,1111,398,713,35.824,100.0,0.66,-5.484,13131,0.2,-99.87,0.0,-100.0,0.0,14.62
ETH-USDT-SWAP,5m,1H,0.005,0.02,0.01,148.0,0.0,-100.0,1111,413,698,37.174,100.0,0.642,-5.484,13131,0.12,-99.92,0.0,-100.0,0.0,14.62
ETH-USDT-SWAP,5m,1H,0.005,0.02,0.015,148.0,0.0,-100.0,1111,425,686,38.254,100.0,0.717,-5.484,13131,0.19,-99.87,0.0,-100.0,0.0,14.62
ETH-USDT-SWAP,5m,1H,0.005,0.02,0.02,148.0,0.0,-100.0,1111,427,684,38.434,100.0,0.729,-5.484,13131,0.21,-99.86,0.0,-100.0,0.0,14.62
ETH-USDT-SWAP,5m,1H,0.005,0.02,0.025,148.0,0.0,-100.0,1111,432,679,38.884,100.0,0.718,-5.484,13131,0.23,-99.84,0.0,-100.0,0.0,14.62
ETH-USDT-SWAP,5m,1H,0.005,0.02,0.03,148.0,0.0,-100.0,1111,432,679,38.884,100.0,0.707,-5.484,13131,0.19,-99.87,0.0,-100.0,0.0,14.62
ETH-USDT-SWAP,5m,1H,0.005,0.03,0.005,148.0,0.0,-100.0,1111,360,751,32.403,100.0,0.542,-5.484,13131,0.24,-99.84,0.0,-100.0,0.0,1.01
ETH-USDT-SWAP,5m,1H,0.005,0.03,0.008,148.0,0.0,-100.0,1111,396,715,35.644,100.0,0.588,-5.484,13131,0.14,-99.9,0.0,-100.0,0.0,11.79
ETH-USDT-SWAP,5m,1H,0.005,0.03,0.01,148.0,0.0,-100.0,1111,410,701,36.904,100.0,0.569,-5.484,13131,0.09,-99.94,0.0,-100.0,0.0,11.79
ETH-USDT-SWAP,5m,1H,0.005,0.03,0.015,148.0,0.0,-100.0,1111,422,689,37.984,100.0,0.665,-5.484,13131,0.15,-99.9,0.0,-100.0,0.0,11.79
ETH-USDT-SWAP,5m,1H,0.005,0.03,0.02,148.0,0.0,-100.0,1111,424,687,38.164,100.0,0.677,-5.484,13131,0.16,-99.89,0.0,-100.0,0.0,11.79
ETH-USDT-SWAP,5m,1H,0.005,0.03,0.025,148.0,0.0,-100.0,1111,429,682,38.614,100.0,0.667,-5.484,13131,0.18,-99.88,0.0,-100.0,0.0,11.79
ETH-USDT-SWAP,5m,1H,0.005,0.03,0.03,148.0,0.0,-100.0,1111,429,682,38.614,100.0,0.655,-5.484,13131,0.15,-99.9,0.0,-100.0,0.0,11.79
ETH-USDT-SWAP,5m,1H,0.007,0.004,0.005,148.0,0.304,-99.795,683,432,251,63.25,99.872,0.59,-5.473,13131,19.98,-86.5,0.29,-98.54,0.3,4.4
ETH-USDT-SWAP,5m,1H,0.007,0.004,0.008,148.0,4.025,-97.28,683,485,198,71.01,98.671,0.687,-5.335,13131,30.18,-79.61,3.86,-87.22,4.03,4.4
ETH-USDT-SWAP,5m,1H,0.007,0.004,0.01,148.0,3.694,-97.504,683,493,190,72.182,98.695,0.721,-5.348,13131,41.34,-72.07,3.54,-91.44,3.69,4.4
ETH-USDT-SWAP,5m,1H,0.007,0.004,0.015,148.0,17.581,-88.121,683,513,170,75.11,96.474,0.813,-4.833,13131,64.1,-56.69,16.84,-73.73,17.58,4.4
ETH-USDT-SWAP,5m,1H,0.007,0.004,0.02,148.0,45.08,-69.541,683,521,162,76.281,90.377,0.875,-3.814,13131,66.79,-54.87,43.18,-35.35,45.08,4.4
ETH-USDT-SWAP,5m,1H,0.007,0.004,0.025,148.0,58.711,-60.33,683,524,159,76.72,88.765,0.887,-3.309,13131,54.72,-63.03,56.23,2.76,58.71,4.4
ETH-USDT-SWAP,5m,1H,0.007,0.004,0.03,148.0,93.353,-36.924,683,526,157,77.013,87.319,0.935,-2.025,13131,46.62,-68.5,89.42,91.79,93.35,4.4
ETH-USDT-SWAP,5m,1H,0.007,0.006,0.005,148.0,0.141,-99.905,683,336,347,49.195,99.935,0.66,-5.479,13131,14.89,-89.94,0.13,-99.1,0.14,4.73
ETH-USDT-SWAP,5m,1H,0.007,0.006,0.008,148.0,1.424,-99.038,683,381,302,55.783,99.481,0.714,-5.432,13131,15.5,-89.53,1.36,-91.23,1.42,4.73
ETH-USDT-SWAP,5m,1H,0.007,0.006,0.01,148.0,1.439,-99.028,683,388,295,56.808,99.431,0.743,-5.431,13131,20.92,-85.87,1.37,-93.43,1.44,4.73
ETH-USDT-SWAP,5m,1H,0.007,0.006,0.015,148.0,6.067,-95.901,683,406,277,59.444,98.86,0.839,-5.26,13131,40.67,-72.52,5.79,-85.75,6.07,4.73
ETH-USDT-SWAP,5m,1H,0.007,0.006,0.02,148.0,19.904,-86.551,683,413,270,60.469,96.019,0.883,-4.747,13131,52.92,-64.24,19.01,-64.09,19.9,4.73
ETH-USDT-SWAP,5m,1H,0.007,0.006,0.025,148.0,26.807,-81.887,683,416,267,60.908,94.27,0.884,-4.491,13131,43.36,-70.7,25.6,-40.97,26.81,4.73
ETH-USDT-SWAP,5m,1H,0.007,0.006,0.03,148.0,41.661,-71.85,683,418,265,61.201,92.63,0.903,-3.941,13131,36.94,-75.04,39.78,7.69,41.66,4.73
ETH-USDT-SWAP,5m,1H,0.007,0.008,0.005,148.0,0.005,-99.997,683,269,414,39.385,99.998,0.576,-5.484,13131,2.98,-97.99,0.0,-99.85,0.0,6.44
ETH-USDT-SWAP,5m,1H,0.007,0.008,0.008,148.0,0.028,-99.981,683,305,378,44.656,99.986,0.593,-5.483,13131,2.17,-98.54,0.03,-98.8,0.03,6.44
ETH-USDT-SWAP,5m,1H,0.007,0.008,0.01,148.0,0.026,-99.982,683,312,371,45.681,99.987,0.624,-5.483,13131,2.52,-98.3,0.02,-99.02,0.03,6.44
ETH-USDT-SWAP,5m,1H,0.007,0.008,0.015,148.0,0.043,-99.971,683,325,358,47.584,99.983,0.741,-5.483,13131,5.02,-96.61,0.04,-99.19,0.04,6.44
ETH-USDT-SWAP,5m,1H,0.007,0.008,0.02,148.0,0.085,-99.942,683,330,353,48.316,99.965,0.736,-5.481,13131,5.97,-95.97,0.08,-98.66,0.09,6.44
ETH-USDT-SWAP,5m,1H,0.007,0.008,0.025,148.0,0.127,-99.914,683,333,350,48.755,99.945,0.729,-5.48,13131,5.12,-96.54,0.12,-97.67,0.13,6.44
ETH-USDT-SWAP,5m,1H,0.007,0.008,0.03,148.0,0.153,-99.897,683,334,349,48.902,99.932,0.728,-5.479,13131,4.37,-97.05,0.14,-96.71,0.15,6.44
ETH-USDT-SWAP,5m,1H,0.007,0.01,0.005,148.0,0.001,-99.999,683,242,441,35.432,100.0,0.579,-5.484,13131,2.3,-98.45,0.0,-99.97,0.0,8.45
ETH-USDT-SWAP,5m,1H,0.007,0.01,0.008,148.0,0.003,-99.998,683,274,409,40.117,99.999,0.587,-5.484,13131,1.41,-99.05,0.0,-99.84,0.0,8.45
ETH-USDT-SWAP,5m,1H,0.007,0.01,0.01,148.0,0.002,-99.999,683,279,404,40.849,99.999,0.596,-5.484,13131,1.36,-99.08,0.0,-99.87,0.0,8.45
ETH-USDT-SWAP,5m,1H,0.007,0.01,0.015,148.0,0.002,-99.999,683,288,395,42.167,99.999,0.699,-5.484,13131,2.49,-98.32,0.0,-99.93,0.0,8.45
ETH-USDT-SWAP,5m,1H,0.007,0.01,0.02,148.0,0.004,-99.998,683,292,391,42.753,99.998,0.684,-5.484,13131,3.05,-97.94,0.0,-99.89,0.0,8.45
ETH-USDT-SWAP,5m,1H,0.007,0.01,0.025,148.0,0.007,-99.995,683,296,387,43.338,99.997,0.677,-5.484,13131,2.64,-98.22,0.01,-99.75,0.01,8.45
ETH-USDT-SWAP,5m,1H,0.007,0.01,0.03,148.0,0.008,-99.994,683,297,386,43.485,99.996,0.675,-5.484,13131,2.25,-98.48,0.01,-99.66,0.01,8.45
ETH-USDT-SWAP,5m,1H,0.007,0.012,0.005,148.0,0.0,-100.0,683,223,460,32.65,100.0,0.533,-5.484,13131,1.24,-99.16,0.0,-99.99,0.0,10.47
ETH-USDT-SWAP,5m,1H,0.007,0.012,0.008,148.0,0.001,-100.0,683,257,426,37.628,100.0,0.587,-5.484,13131,0.85,-99.42,0.0,-99.93,0.0,10.47
ETH-USDT-SWAP,5m,1H,0.007,0.012,0.01,148.0,0.001,-100.0,683,264,419,38.653,100.0,0.591,-5.484,13131,0.78,-99.47,0.0,-99.93,0.0,10.47
ETH-USDT-SWAP,5m,1H,0.007,0.012,0.015,148.0,0.001,-100.0,683,273,410,39.971,100.0,0.688,-5.484,13131,1.3,-99.12,0.0,-99.96,0.0,10.47
ETH-USDT-SWAP,5m,1H,0.007,0.012,0.02,148.0,0.001,-99.999,683,277,406,40.556,99.999,0.672,-5.484,13131,1.63,-98.9,0.0,-99.93,0.0,10.47
ETH-USDT-SWAP,5m,1H,0.007,0.012,0.025,148.0,0.003,-99.998,683,281,402,41.142,99.999,0.665,-5.484,13131,1.4,-99.05,0.0,-99.83,0.0,10.47
ETH-USDT-SWAP,5m,1H,0.007,0.012,0.03,148.0,0.003,-99.998,683,282,401,41.288,99.999,0.662,-5.484,13131,1.19,-99.19,0.0,-99.76,0.0,10.47
ETH-USDT-SWAP,5m,1H,0.007,0.015,0.005,148.0,0.0,-100.0,683,217,466,31.772,100.0,0.563,-5.484,13131,1.44,-99.03,0.0,-99.99,0.0,13.49
ETH-USDT-SWAP,5m,1H,0.007,0.015,0.008,148.0,0.0,-100.0,683,250,433,36.603,100.0,0.633,-5.484,13131,1.07,-99.28,0.0,-99.96,0.0,13.49
ETH-USDT-SWAP,5m,1H,0.007,0.015,0.01,148.0,0.0,-100.0,683,257,426,37.628,100.0,0.634,-5.484,13131,0.91,-99.38,0.0,-99.96,0.0,13.49
ETH-USDT-SWAP,5m,1H,0.007,0.015,0.015,148.0,0.0,-100.0,683,265,418,38.799,100.0,0.731,-5.484,13131,1.56,-98.95,0.0,-99.98,0.0,13.49
ETH-USDT-SWAP,5m,1H,0.007,0.015,0.02,148.0,0.001,-100.0,683,269,414,39.385,100.0,0.716,-5.484,13131,1.95,-98.68,0.0,-99.97,0.0,13.49
ETH-USDT-SWAP,5m,1H,0.007,0.015,0.025,148.0,0.001,-99.999,683,273,410,39.971,100.0,0.709,-5.484,13131,1.68,-98.86,0.0,-99.94,0.0,13.49
ETH-USDT-SWAP,5m,1H,0.007,0.015,0.03,148.0,0.001,-99.999,683,273,410,39.971,100.0,0.706,-5.484,13131,1.43,-99.03,0.0,-99.94,0.0,13.49
ETH-USDT-SWAP,5m,1H,0.007,0.02,0.005,148.0,0.0,-100.0,683,215,468,31.479,100.0,0.633,-5.484,13131,2.12,-98.57,0.0,-99.99,0.0,18.52
ETH-USDT-SWAP,5m,1H,0.007,0.02,0.008,148.0,0.0,-100.0,683,246,437,36.018,100.0,0.694,-5.484,13131,1.61,-98.91,0.0,-99.98,0.0,18.52
ETH-USDT-SWAP,5m,1H,0.007,0.02,0.01,148.0,0.0,-100.0,683,253,430,37.042,100.0,0.695,-5.484,13131,1.37,-99.07,0.0,-99.97,0.0,18.52
ETH-USDT-SWAP,5m,1H,0.007,0.02,0.015,148.0,0.0,-100.0,683,260,423,38.067,100.0,0.789,-5.484,13131,2.44,-98.35,0.0,-99.99,0.0,18.52
ETH-USDT-SWAP,5m,1H,0.007,0.02,0.02,148.0,0.0,-100.0,683,264,419,38.653,100.0,0.776,-5.484,13131,3.05,-97.94,0.0,-99.99,0.0,18.52
ETH-USDT-SWAP,5m,1H,0.007,0.02,0.025,148.0,0.001,-99.999,683,267,416,39.092,100.0,0.77,-5.484,13131,2.63,-98.22,0.0,-99.96,0.0,18.52
ETH-USDT-SWAP,5m,1H,0.007,0.02,0.03,148.0,0.001,-99.999,683,267,416,39.092,100.0,0.767,-5.484,13131,2.24,-98.49,0.0,-99.97,0.0,18.52
ETH-USDT-SWAP,5m,1H,0.007,0.03,0.005,148.0,0.0,-100.0,683,212,471,31.04,100.0,0.588,-5.484,13131,1.81,-98.78,0.0,-99.99,0.0,17.66
ETH-USDT-SWAP,5m,1H,0.007,0.03,0.008,148.0,0.0,-100.0,683,242,441,35.432,100.0,0.666,-5.484,13131,1.43,-99.03,0.0,-99.98,0.0,17.66
ETH-USDT-SWAP,5m,1H,0.007,0.03,0.01,148.0,0.0,-100.0,683,249,434,36.457,100.0,0.664,-5.484,13131,1.19,-99.19,0.0,-99.98,0.0,17.66
ETH-USDT-SWAP,5m,1H,0.007,0.03,0.015,148.0,0.0,-100.0,683,255,428,37.335,100.0,0.783,-5.484,13131,2.42,-98.37,0.0,-100.0,0.0,17.66
ETH-USDT-SWAP,5m,1H,0.007,0.03,0.02,148.0,0.0,-100.0,683,260,423,38.067,100.0,0.77,-5.484,13131,3.02,-97.96,0.0,-99.99,0.0,17.66
ETH-USDT-SWAP,5m,1H,0.007,0.03,0.025,148.0,0.001,-100.0,683,263,420,38.507,100.0,0.764,-5.484,13131,2.61,-98.24,0.0,-99.98,0.0,17.66
ETH-USDT-SWAP,5m,1H,0.007,0.03,0.03,148.0,0.001,-100.0,683,263,420,38.507,100.0,0.761,-5.484,13131,2.22,-98.5,0.0,-99.98,0.0,17.66
ETH-USDT-SWAP,5m,1H,0.01,0.004,0.005,148.0,10.019,-93.23,398,271,127,68.09,94.415,0.656,-5.113,13131,52.7,-64.39,9.63,-81.73,10.02,4.04
ETH-USDT-SWAP,5m,1H,0.01,0.004,0.008,148.0,77.902,-47.364,398,309,89,77.638,69.676,0.904,-2.598,13131,140.83,-4.84,74.88,-46.83,77.9,4.04
ETH-USDT-SWAP,5m,1H,0.01,0.004,0.01,148.0,121.687,-17.779,398,317,81,79.648,61.563,0.972,-0.975,13131,199.41,34.74,116.96,-41.35,121.69,4.04
ETH-USDT-SWAP,5m,1H,0.01,0.004,0.015,148.0,449.226,203.531,398,332,66,83.417,51.767,1.151,11.163,13131,320.13,116.3,431.78,34.88,449.23,4.04
ETH-USDT-SWAP,5m,1H,0.01,0.004,0.02,148.0,982.541,563.879,398,338,60,84.925,59.465,1.317,30.926,13131,297.97,101.33,944.39,216.94,982.54,4.04
ETH-USDT-SWAP,5m,1H,0.01,0.004,0.025,148.0,1753.994,1085.131,398,341,57,85.678,53.57,1.5,59.514,13131,278.87,88.42,1685.88,504.54,1753.99,4.04
ETH-USDT-SWAP,5m,1H,0.01,0.004,0.03,148.0,4150.5,2704.392,398,344,54,86.432,41.17,1.922,148.321,13131,259.77,75.52,3989.33,1435.73,4150.5,4.04
ETH-USDT-SWAP,5m,1H,0.01,0.006,0.005,148.0,21.64,-85.379,398,222,176,55.779,88.653,0.771,-4.683,13131,43.47,-70.63,20.53,-52.77,21.64,5.4
ETH-USDT-SWAP,5m,1H,0.01,0.006,0.008,148.0,96.254,-34.964,398,250,148,62.814,71.447,0.945,-1.918,13131,72.23,-51.2,91.32,26.44,96.25,5.4
ETH-USDT-SWAP,5m,1H,0.01,0.006,0.01,148.0,116.979,-20.96,398,256,142,64.322,69.249,0.972,-1.15,13131,89.11,-39.79,110.98,24.54,116.98,5.4
ETH-USDT-SWAP,5m,1H,0.01,0.006,0.015,148.0,423.141,185.906,398,270,128,67.839,70.071,1.105,10.196,13131,122.33,-17.34,401.44,228.15,423.14,5.4
ETH-USDT-SWAP,5m,1H,0.01,0.006,0.02,148.0,930.453,528.684,398,276,122,69.347,74.813,1.192,28.995,13131,109.52,-26.0,882.74,705.99,930.45,5.4
ETH-USDT-SWAP,5m,1H,0.01,0.006,0.025,148.0,1302.006,779.734,398,278,120,69.849,70.585,1.303,42.764,13131,95.91,-35.2,1235.24,1187.97,1302.01,5.4
ETH-USDT-SWAP,5m,1H,0.01,0.006,0.03,148.0,4397.929,2871.574,398,281,117,70.603,60.964,1.519,157.49,13131,91.37,-38.27,4172.42,4466.66,4397.93,5.4
ETH-USDT-SWAP,5m,1H,0.01,0.008,0.005,148.0,8.69,-94.128,398,185,213,46.482,96.537,0.738,-5.162,13131,24.69,-83.32,8.11,-67.14,8.69,7.13
ETH-USDT-SWAP,5m,1H,0.01,0.008,0.008,148.0,21.395,-85.544,398,207,191,52.01,92.593,0.815,-4.692,13131,29.95,-79.76,19.97,-33.33,21.4,7.13
ETH-USDT-SWAP,5m,1H,0.01,0.008,0.01,148.0,25.247,-82.941,398,213,185,53.518,91.928,0.841,-4.549,13131,37.95,-74.36,23.57,-37.9,25.25,7.13
ETH-USDT-SWAP,5m,1H,0.01,0.008,0.015,148.0,53.995,-63.517,398,224,174,56.281,86.115,0.932,-3.484,13131,63.75,-56.93,50.4,-20.94,53.99,7.13
ETH-USDT-SWAP,5m,1H,0.01,0.008,0.02,148.0,98.206,-33.645,398,230,168,57.789,89.022,0.969,-1.845,13131,53.62,-63.77,91.67,70.96,98.21,7.13
ETH-USDT-SWAP,5m,1H,0.01,0.008,0.025,148.0,90.071,-39.141,398,231,167,58.04,89.629,0.955,-2.147,13131,43.93,-70.31,84.08,91.37,90.07,7.13
ETH-USDT-SWAP,5m,1H,0.01,0.008,0.03,148.0,289.05,95.304,398,234,164,58.794,86.937,1.071,5.227,13131,38.98,-73.66,269.82,592.26,289.05,7.13
ETH-USDT-SWAP,5m,1H,0.01,0.01,0.005,148.0,3.53,-97.615,398,168,230,42.211,98.628,0.7,-5.354,13131,14.53,-90.18,3.36,-76.86,3.53,5.0
ETH-USDT-SWAP,5m,1H,0.01,0.01,0.008,148.0,7.398,-95.001,398,188,210,47.236,96.871,0.768,-5.21,13131,19.45,-86.86,7.05,-63.78,7.4,5.0
ETH-USDT-SWAP,5m,1H,0.01,0.01,0.01,148.0,9.315,-93.706,398,194,204,48.744,96.52,0.797,-5.139,13131,25.25,-82.94,8.87,-64.87,9.32,5.0
ETH-USDT-SWAP,5m,1H,0.01,0.01,0.015,148.0,19.338,-86.934,398,204,194,51.256,94.433,0.891,-4.768,13131,48.28,-67.38,18.42,-61.85,19.34,5.0
ETH-USDT-SWAP,5m,1H,0.01,0.01,0.02,148.0,32.634,-77.95,398,210,188,52.764,92.536,0.907,-4.275,13131,40.61,-72.56,31.08,-23.46,32.63,5.0
ETH-USDT-SWAP,5m,1H,0.01,0.01,0.025,148.0,20.721,-85.999,398,210,188,52.764,93.887,0.875,-4.717,13131,33.27,-77.52,19.73,-40.69,20.72,5.0
ETH-USDT-SWAP,5m,1H,0.01,0.01,0.03,148.0,63.54,-57.068,398,213,185,53.518,91.136,0.938,-3.13,13131,29.52,-80.06,60.51,105.02,63.54,5.0
ETH-USDT-SWAP,5m,1H,0.01,0.012,0.005,148.0,0.913,-99.383,398,153,245,38.442,99.59,0.578,-5.451,13131,8.2,-94.46,0.87,-89.39,0.91,5.0
ETH-USDT-SWAP,5m,1H,0.01,0.012,0.008,148.0,1.567,-98.941,398,172,226,43.216,99.335,0.673,-5.426,13131,9.79,-93.39,1.49,-84.75,1.57,5.0
ETH-USDT-SWAP,5m,1H,0.01,0.012,0.01,148.0,1.063,-99.282,398,175,223,43.97,99.578,0.695,-5.445,13131,12.37,-91.64,1.01,-91.82,1.06,5.0
ETH-USDT-SWAP,5m,1H,0.01,0.012,0.015,148.0,1.279,-99.136,398,182,216,45.729,99.537,0.734,-5.437,13131,18.61,-87.43,1.22,-93.46,1.28,5.0
ETH-USDT-SWAP,5m,1H,0.01,0.012,0.02,148.0,2.976,-97.989,398,189,209,47.487,98.82,0.74,-5.374,13131,15.99,-89.2,2.83,-82.27,2.98,5.0
ETH-USDT-SWAP,5m,1H,0.01,0.012,0.025,148.0,2.452,-98.343,398,190,208,47.739,99.091,0.722,-5.394,13131,13.1,-91.15,2.34,-82.17,2.45,5.0
ETH-USDT-SWAP,5m,1H,0.01,0.012,0.03,148.0,7.944,-94.633,398,193,205,48.492,97.12,0.763,-5.19,13131,11.62,-92.15,7.57,-34.9,7.94,5.0
ETH-USDT-SWAP,5m,1H,0.01,0.015,0.005,148.0,0.199,-99.865,398,142,256,35.678,99.887,0.463,-5.477,13131,5.33,-96.4,0.19,-96.44,0.2,5.0
ETH-USDT-SWAP,5m,1H,0.01,0.015,0.008,148.0,0.479,-99.677,398,163,235,40.955,99.72,0.568,-5.467,13131,6.21,-95.81,0.46,-92.66,0.48,5.0
ETH-USDT-SWAP,5m,1H,0.01,0.015,0.01,148.0,0.27,-99.818,398,165,233,41.457,99.86,0.605,-5.474,13131,7.97,-94.61,0.26,-96.78,0.27,5.0
ETH-USDT-SWAP,5m,1H,0.01,0.015,0.015,148.0,0.237,-99.84,398,171,227,42.965,99.888,0.624,-5.476,13131,8.38,-94.34,0.23,-97.3,0.24,5.0
ETH-USDT-SWAP,5m,1H,0.01,0.015,0.02,148.0,0.645,-99.565,398,178,220,44.724,99.676,0.634,-5.461,13131,9.37,-93.67,0.61,-93.45,0.64,5.0
ETH-USDT-SWAP,5m,1H,0.01,0.015,0.025,148.0,0.497,-99.664,398,179,219,44.975,99.733,0.617,-5.466,13131,7.68,-94.81,0.47,-93.84,0.5,5.0
ETH-USDT-SWAP,5m,1H,0.01,0.015,0.03,148.0,1.169,-99.21,398,181,217,45.477,99.386,0.646,-5.441,13131,6.81,-95.4,1.11,-83.66,1.17,5.0
ETH-USDT-SWAP,5m,1H,0.01,0.02,0.005,148.0,0.15,-99.899,398,137,261,34.422,99.919,0.509,-5.479,13131,6.22,-95.79,0.14,-97.71,0.15,5.0
ETH-USDT-SWAP,5m,1H,0.01,0.02,0.008,148.0,0.268,-99.819,398,157,241,39.447,99.862,0.596,-5.475,13131,6.6,-95.54,0.25,-96.14,0.27,5.0
ETH-USDT-SWAP,5m,1H,0.01,0.02,0.01,148.0,0.158,-99.893,398,159,239,39.95,99.93,0.647,-5.479,13131,8.85,-94.02,0.15,-98.3,0.16,5.0
ETH-USDT-SWAP,5m,1H,0.01,0.02,0.015,148.0,0.099,-99.933,398,164,234,41.206,99.96,0.663,-5.481,13131,9.31,-93.71,0.09,-98.99,0.1,5.0
ETH-USDT-SWAP,5m,1H,0.01,0.02,0.02,148.0,0.337,-99.772,398,171,227,42.965,99.856,0.668,-5.472,13131,10.4,-92.97,0.32,-96.92,0.34,5.0
ETH-USDT-SWAP,5m,1H,0.01,0.02,0.025,148.0,0.283,-99.809,398,172,226,43.216,99.871,0.651,-5.474,13131,8.52,-94.24,0.27,-96.84,0.28,5.0
ETH-USDT-SWAP,5m,1H,0.01,0.02,0.03,148.0,0.284,-99.808,398,172,226,43.216,99.873,0.656,-5.474,13131,7.56,-94.89,0.27,-96.42,0.28,5.0
ETH-USDT-SWAP,5m,1H,0.01,0.03,0.005,148.0,0.062,-99.958,398,133,265,33.417,99.972,0.446,-5.482,13131,5.13,-96.53,0.06,-98.86,0.06,5.0
ETH-USDT-SWAP,5m,1H,0.01,0.03,0.008,148.0,0.094,-99.936,398,153,245,38.442,99.965,0.539,-5.481,13131,5.57,-96.23,0.09,-98.39,0.09,5.0
ETH-USDT-SWAP,5m,1H,0.01,0.03,0.01,148.0,0.069,-99.953,398,155,243,38.945,99.977,0.624,-5.482,13131,8.11,-94.52,0.07,-99.19,0.07,5.0
ETH-USDT-SWAP,5m,1H,0.01,0.03,0.015,148.0,0.043,-99.971,398,160,238,40.201,99.986,0.642,-5.483,13131,8.53,-94.24,0.04,-99.52,0.04,5.0
ETH-USDT-SWAP,5m,1H,0.01,0.03,0.02,148.0,0.109,-99.926,398,166,232,41.709,99.957,0.641,-5.48,13131,9.53,-93.56,0.1,-98.91,0.11,5.0
ETH-USDT-SWAP,5m,1H,0.01,0.03,0.025,148.0,0.115,-99.923,398,167,231,41.96,99.961,0.627,-5.48,13131,7.81,-94.72,0.11,-98.6,0.11,5.0
ETH-USDT-SWAP,5m,1H,0.01,0.03,0.03,148.0,0.115,-99.922,398,167,231,41.96,99.962,0.631,-5.48,13131,6.93,-95.32,0.11,-98.42,0.12,5.0
ETH-USDT-SWAP,15m,2H,0.001,0.004,0.005,148.0,0.0,-100.0,1689,1030,659,60.983,100.0,0.477,-5.484,6566,0.24,-99.84,0.0,-100.0,0.0,-28.87
ETH-USDT-SWAP,15m,2H,0.001,0.004,0.008,148.0,0.0,-100.0,1689,1134,555,67.14,100.0,0.591,-5.484,6566,1.36,-99.08,0.0,-99.97,0.0,-21.74
ETH-USDT-SWAP,15m,2H,0.001,0.004,0.01,148.0,0.012,-99.992,1689,1177,512,69.686,99.994,0.672,-5.484,6566,3.08,-97.92,0.01,-99.55,0.01,-17.91
ETH-USDT-SWAP,15m,2H,0.001,0.004,0.015,148.0,0.249,-99.832,1689,1214,475,71.877,99.878,0.786,-5.475,6566,20.67,-86.03,0.3,-98.53,0.25,-17.91
ETH-USDT-SWAP,15m,2H,0.001,0.004,0.02,148.0,1.019,-99.311,1689,1225,464,72.528,99.5,0.782,-5.447,6566,20.03,-86.47,1.24,-93.8,1.02,-17.91
ETH-USDT-SWAP,15m,2H,0.001,0.004,0.025,148.0,4.035,-97.274,1689,1232,457,72.943,98.021,0.83,-5.335,6566,24.52,-83.43,4.92,-79.95,4.04,-17.91
ETH-USDT-SWAP,15m,2H,0.001,0.004,0.03,148.0,3.108,-97.9,1689,1233,456,73.002,98.53,0.829,-5.369,6566,25.73,-82.61,3.79,-85.29,3.11,-17.91
ETH-USDT-SWAP,15m,2H,0.001,0.006,0.005,148.0,0.0,-100.0,1689,756,933,44.76,100.0,0.456,-5.484,6566,0.01,-99.99,0.0,-100.0,0.0,-41.25
ETH-USDT-SWAP,15m,2H,0.001,0.006,0.008,148.0,0.0,-100.0,1689,854,835,50.562,100.0,0.566,-5.484,6566,0.05,-99.97,0.0,-100.0,0.0,-28.66
ETH-USDT-SWAP,15m,2H,0.001,0.006,0.01,148.0,0.0,-100.0,1689,894,795,52.931,100.0,0.627,-5.484,6566,0.14,-99.91,0.0,-100.0,0.0,-26.84
ETH-USDT-SWAP,15m,2H,0.001,0.006,0.015,148.0,0.0,-100.0,1689,932,757,55.181,100.0,0.708,-5.484,6566,0.7,-99.52,0.0,-99.99,0.0,-31.01
ETH-USDT-SWAP,15m,2H,0.001,0.006,0.02,148.0,0.0,-100.0,1689,940,749,55.654,100.0,0.683,-5.484,6566,0.55,-99.63,0.0,-99.98,0.0,-35.18
ETH-USDT-SWAP,15m,2H,0.001,0.006,0.025,148.0,0.0,-100.0,1689,946,743,56.009,100.0,0.708,-5.484,6566,0.7,-99.53,0.0,-99.96,0.0,-29.23
ETH-USDT-SWAP,15m,2H,0.001,0.006,0.03,148.0,0.0,-100.0,1689,946,743,56.009,100.0,0.716,-5.484,6566,0.69,-99.54,0.0,-99.97,0.0,-29.23
ETH-USDT-SWAP,15m,2H,0.001,0.008,0.005,148.0,0.0,-100.0,1689,625,1064,37.004,100.0,0.407,-5.484,6566,0.0,-100.0,0.0,-100.0,0.0,-41.25
ETH-USDT-SWAP,15m,2H,0.001,0.008,0.008,148.0,0.0,-100.0,1689,715,974,42.333,100.0,0.533,-5.484,6566,0.0,-100.0,0.0,-100.0,0.0,-33.66
ETH-USDT-SWAP,15m,2H,0.001,0.008,0.01,148.0,0.0,-100.0,1689,751,938,44.464,100.0,0.562,-5.484,6566,0.01,-99.99,0.0,-100.0,0.0,-31.97
ETH-USDT-SWAP,15m,2H,0.001,0.008,0.015,148.0,0.0,-100.0,1689,784,905,46.418,100.0,0.622,-5.484,6566,0.03,-99.98,0.0,-100.0,0.0,-35.85
ETH-USDT-SWAP,15m,2H,0.001,0.008,0.02,148.0,0.0,-100.0,1689,790,899,46.773,100.0,0.601,-5.484,6566,0.03,-99.98,0.0,-100.0,0.0,-39.72
ETH-USDT-SWAP,15m,2H,0.001,0.008,0.025,148.0,0.0,-100.0,1689,796,893,47.128,100.0,0.616,-5.484,6566,0.03,-99.98,0.0,-100.0,0.0,-34.2
ETH-USDT-SWAP,15m,2H,0.001,0.008,0.03,148.0,0.0,-100.0,1689,796,893,47.128,100.0,0.619,-5.484,6566,0.03,-99.98,0.0,-100.0,0.0,-34.2
ETH-USDT-SWAP,15m,2H,0.001,0.01,0.005,148.0,0.0,-100.0,1689,550,1139,32.564,100.0,0.426,-5.484,6566,0.0,-100.0,0.0,-100.0,0.0,-41.25
ETH-USDT-SWAP,15m,2H,0.001,0.01,0.008,148.0,0.0,-100.0,1689,630,1059,37.3,100.0,0.557,-5.484,6566,0.0,-100.0,0.0,-100.0,0.0,-32.41
ETH-USDT-SWAP,15m,2H,0.001,0.01,0.01,148.0,0.0,-100.0,1689,665,1024,39.372,100.0,0.583,-5.484,6566,0.0,-100.0,0.0,-100.0,0.0,-30.68
ETH-USDT-SWAP,15m,2H,0.001,0.01,0.015,148.0,0.0,-100.0,1689,696,993,41.208,100.0,0.638,-5.484,6566,0.01,-100.0,0.0,-100.0,0.0,-34.63
ETH-USDT-SWAP,15m,2H,0.001,0.01,0.02,148.0,0.0,-100.0,1689,702,987,41.563,100.0,0.618,-5.484,6566,0.0,-100.0,0.0,-100.0,0.0,-38.58
ETH-USDT-SWAP,15m,2H,0.001,0.01,0.025,148.0,0.0,-100.0,1689,706,983,41.8,100.0,0.612,-5.484,6566,0.0,-100.0,0.0,-100.0,0.0,-32.95
ETH-USDT-SWAP,15m,2H,0.001,0.01,0.03,148.0,0.0,-100.0,1689,707,982,41.859,100.0,0.612,-5.484,6566,0.0,-100.0,0.0,-100.0,0.0,-32.95
ETH-USDT-SWAP,15m,2H,0.001,0.012,0.005,148.0,0.0,-100.0,1689,505,1184,29.899,100.0,0.468,-5.484,6566,0.0,-100.0,0.0,-100.0,0.0,-41.25
ETH-USDT-SWAP,15m,2H,0.001,0.012,0.008,148.0,0.0,-100.0,1689,582,1107,34.458,100.0,0.533,-5.484,6566,0.0,-100.0,0.0,-100.0,0.0,-31.15
ETH-USDT-SWAP,15m,2H,0.001,0.012,0.01,148.0,0.0,-100.0,1689,618,1071,36.59,100.0,0.603,-5.484,6566,0.0,-100.0,0.0,-100.0,0.0,-29.39
ETH-USDT-SWAP,15m,2H,0.001,0.012,0.015,148.0,0.0,-100.0,1689,646,1043,38.247,100.0,0.656,-5.484,6566,0.0,-100.0,0.0,-100.0,0.0,-33.42
ETH-USDT-SWAP,15m,2H,0.001,0.012,0.02,148.0,0.0,-100.0,1689,651,1038,38.544,100.0,0.635,-5.484,6566,0.0,-100.0,0.0,-100.0,0.0,-37.44
ETH-USDT-SWAP,15m,2H,0.001,0.012,0.025,148.0,0.0,-100.0,1689,655,1034,38.78,100.0,0.626,-5.484,6566,0.0,-100.0,0.0,-100.0,0.0,-31.71
ETH-USDT-SWAP,15m,2H,0.001,0.012,0.03,148.0,0.0,-100.0,1689,656,1033,38.84,100.0,0.623,-5.484,6566,0.0,-100.0,0.0,-100.0,0.0,-31.71
ETH-USDT-SWAP,15m,2H,0.001,0.015,0.005,148.0,0.0,-100.0,1689,484,1205,28.656,100.0,0.401,-5.484,6566,0.0,-100.0,0.0,-100.0,0.0,-41.25
ETH-USDT-SWAP,15m,2H,0.001,0.015,0.008,148.0,0.0,-100.0,1689,559,1130,33.097,100.0,0.551,-5.484,6566,0.0,-100.0,0.0,-100.0,0.0,-29.27
ETH-USDT-SWAP,15m,2H,0.001,0.015,0.01,148.0,0.0,-100.0,1689,592,1097,35.05,100.0,0.622,-5.484,6566,0.0,-100.0,0.0,-100.0,0.0,-27.46
ETH-USDT-SWAP,15m,2H,0.001,0.015,0.015,148.0,0.0,-100.0,1689,618,1071,36.59,100.0,0.68,-5.484,6566,0.0,-100.0,0.0,-100.0,0.0,-31.6
ETH-USDT-SWAP,15m,2H,0.001,0.015,0.02,148.0,0.0,-100.0,1689,622,1067,36.827,100.0,0.658,-5.484,6566,0.0,-100.0,0.0,-100.0,0.0,-35.73
ETH-USDT-SWAP,15m,2H,0.001,0.015,0.025,148.0,0.0,-100.0,1689,627,1062,37.123,100.0,0.648,-5.484,6566,0.0,-100.0,0.0,-100.0,0.0,-29.84
ETH-USDT-SWAP,15m,2H,0.001,0.015,0.03,148.0,0.0,-100.0,1689,628,1061,37.182,100.0,0.643,-5.484,6566,0.0,-100.0,0.0,-100.0,0.0,-29.84
ETH-USDT-SWAP,15m,2H,0.001,0.02,0.005,148.0,0.0,-100.0,1689,472,1217,27.946,100.0,0.394,-5.484,6566,0.0,-100.0,0.0,-100.0,0.0,-41.25
ETH-USDT-SWAP,15m,2H,0.001,0.02,0.008,148.0,0.0,-100.0,1689,543,1146,32.149,100.0,0.509,-5.484,6566,0.0,-100.0,0.0,-100.0,0.0,-26.13
ETH-USDT-SWAP,15m,2H,0.001,0.02,0.01,148.0,0.0,-100.0,1689,575,1114,34.044,100.0,0.582,-5.484,6566,0.0,-100.0,0.0,-100.0,0.0,-24.24
ETH-USDT-SWAP,15m,2H,0.001,0.02,0.015,148.0,0.0,-100.0,1689,599,1090,35.465,100.0,0.617,-5.484,6566,0.0,-100.0,0.0,-100.0,0.0,-28.56
ETH-USDT-SWAP,15m,2H,0.001,0.02,0.02,148.0,0.0,-100.0,1689,603,1086,35.702,100.0,0.624,-5.484,6566,0.0,-100.0,0.0,-100.0,0.0,-32.88
ETH-USDT-SWAP,15m,2H,0.001,0.02,0.025,148.0,0.0,-100.0,1689,608,1081,35.998,100.0,0.619,-5.484,6566,0.0,-100.0,0.0,-100.0,0.0,-26.73
ETH-USDT-SWAP,15m,2H,0.001,0.02,0.03,148.0,0.0,-100.0,1689,609,1080,36.057,100.0,0.614,-5.484,6566,0.0,-100.0,0.0,-100.0,0.0,-26.73
ETH-USDT-SWAP,15m,2H,0.001,0.03,0.005,148.0,0.0,-100.0,1689,467,1222,27.649,100.0,0.39,-5.484,6566,0.0,-100.0,0.0,-100.0,0.0,-41.25
ETH-USDT-SWAP,15m,2H,0.001,0.03,0.008,148.0,0.0,-100.0,1689,538,1151,31.853,100.0,0.504,-5.484,6566,0.0,-100.0,0.0,-100.0,0.0,-29.07
ETH-USDT-SWAP,15m,2H,0.001,0.03,0.01,148.0,0.0,-100.0,1689,570,1119,33.748,100.0,0.579,-5.484,6566,0.0,-100.0,0.0,-100.0,0.0,-27.25
ETH-USDT-SWAP,15m,2H,0.001,0.03,0.015,148.0,0.0,-100.0,1689,593,1096,35.11,100.0,0.611,-5.484,6566,0.0,-100.0,0.0,-100.0,0.0,-31.4
ETH-USDT-SWAP,15m,2H,0.001,0.03,0.02,148.0,0.0,-100.0,1689,598,1091,35.406,100.0,0.629,-5.484,6566,0.0,-100.0,0.0,-100.0,0.0,-35.55
ETH-USDT-SWAP,15m,2H,0.001,0.03,0.025,148.0,0.0,-100.0,1689,602,1087,35.642,100.0,0.624,-5.484,6566,0.0,-100.0,0.0,-100.0,0.0,-29.64
ETH-USDT-SWAP,15m,2H,0.001,0.03,0.03,148.0,0.0,-100.0,1689,603,1086,35.702,100.0,0.619,-5.484,6566,0.0,-100.0,0.0,-100.0,0.0,-29.64
ETH-USDT-SWAP,15m,2H,0.002,0.004,0.005,148.0,0.002,-99.999,1415,902,513,63.746,99.999,0.609,-5.484,6566,2.22,-98.5,0.0,-99.91,0.0,-15.88
ETH-USDT-SWAP,15m,2H,0.002,0.004,0.008,148.0,0.213,-99.856,1415,1002,413,70.813,99.884,0.705,-5.477,6566,7.19,-95.14,0.21,-97.08,0.21,1.22
ETH-USDT-SWAP,15m,2H,0.002,0.004,0.01,148.0,3.853,-97.397,1415,1039,376,73.428,98.398,0.824,-5.342,6566,20.92,-85.86,3.81,-81.81,3.85,1.22
ETH-USDT-SWAP,15m,2H,0.002,0.004,0.015,148.0,160.05,8.142,1415,1079,336,76.254,87.505,1.004,0.447,6566,117.7,-20.47,158.12,34.34,160.05,1.22
ETH-USDT-SWAP,15m,2H,0.002,0.004,0.02,148.0,448.707,203.18,1415,1089,326,76.961,81.01,1.062,11.143,6566,115.56,-21.92,443.29,283.61,448.71,1.22
ETH-USDT-SWAP,15m,2H,0.002,0.004,0.025,148.0,986.816,566.767,1415,1095,320,77.385,79.636,1.119,31.084,6566,131.7,-11.02,974.9,640.27,986.82,1.22
ETH-USDT-SWAP,15m,2H,0.002,0.004,0.03,148.0,1222.884,726.273,1415,1097,318,77.527,84.677,1.164,39.832,6566,106.38,-28.12,1208.12,1035.65,1222.88,1.22
ETH-USDT-SWAP,15m,2H,0.002,0.006,0.005,148.0,0.0,-100.0,1415,664,751,46.926,100.0,0.538,-5.484,6566,0.22,-99.85,0.0,-100.0,0.0,-30.54
ETH-USDT-SWAP,15m,2H,0.002,0.006,0.008,148.0,0.0,-100.0,1415,750,665,53.004,100.0,0.614,-5.484,6566,0.59,-99.6,0.0,-99.94,0.0,-13.74
ETH-USDT-SWAP,15m,2H,0.002,0.006,0.01,148.0,0.005,-99.996,1415,781,634,55.194,99.997,0.709,-5.484,6566,1.99,-98.65,0.01,-99.68,0.01,-15.67
ETH-USDT-SWAP,15m,2H,0.002,0.006,0.015,148.0,0.096,-99.935,1415,814,601,57.527,99.955,0.805,-5.481,6566,10.61,-92.83,0.12,-98.86,0.1,-20.47
ETH-USDT-SWAP,15m,2H,0.002,0.006,0.02,148.0,0.156,-99.894,1415,822,593,58.092,99.921,0.776,-5.479,6566,6.05,-95.91,0.19,-96.87,0.16,-17.46
ETH-USDT-SWAP,15m,2H,0.002,0.006,0.025,148.0,0.272,-99.816,1415,827,588,58.445,99.89,0.799,-5.474,6566,6.81,-95.4,0.33,-95.15,0.27,-17.46
ETH-USDT-SWAP,15m,2H,0.002,0.006,0.03,148.0,0.308,-99.792,1415,827,588,58.445,99.866,0.806,-5.473,6566,6.27,-95.76,0.37,-94.04,0.31,-17.46
ETH-USDT-SWAP,15m,2H,0.002,0.008,0.005,148.0,0.0,-100.0,1415,555,860,39.223,100.0,0.489,-5.484,6566,0.08,-99.95,0.0,-100.0,0.0,-30.54
ETH-USDT-SWAP,15m,2H,0.002,0.008,0.008,148.0,0.0,-100.0,1415,631,784,44.594,100.0,0.576,-5.484,6566,0.11,-99.93,0.0,-100.0,0.0,-10.39
ETH-USDT-SWAP,15m,2H,0.002,0.008,0.01,148.0,0.0,-100.0,1415,654,761,46.219,100.0,0.637,-5.484,6566,0.2,-99.86,0.0,-99.99,0.0,-12.39
ETH-USDT-SWAP,15m,2H,0.002,0.008,0.015,148.0,0.0,-100.0,1415,685,730,48.41,100.0,0.707,-5.484,6566,0.74,-99.5,0.0,-99.97,0.0,-17.38
ETH-USDT-SWAP,15m,2H,0.002,0.008,0.02,148.0,0.0,-100.0,1415,692,723,48.905,100.0,0.681,-5.484,6566,0.54,-99.63,0.0,-99.98,0.0,-14.25
ETH-USDT-SWAP,15m,2H,0.002,0.008,0.025,148.0,0.0,-100.0,1415,697,718,49.258,100.0,0.698,-5.484,6566,0.55,-99.63,0.0,-99.97,0.0,-14.25
ETH-USDT-SWAP,15m,2H,0.002,0.008,0.03,148.0,0.0,-100.0,1415,697,718,49.258,100.0,0.701,-5.484,6566,0.48,-99.68,0.0,-99.97,0.0,-14.25
ETH-USDT-SWAP,15m,2H,0.002,0.01,0.005,148.0,0.0,-100.0,1415,486,929,34.346,100.0,0.519,-5.484,6566,0.02,-99.99,0.0,-100.0,0.0,-30.54
ETH-USDT-SWAP,15m,2H,0.002,0.01,0.008,148.0,0.0,-100.0,1415,554,861,39.152,100.0,0.568,-5.484,6566,0.02,-99.99,0.0,-100.0,0.0,-17.41
ETH-USDT-SWAP,15m,2H,0.002,0.01,0.01,148.0,0.0,-100.0,1415,575,840,40.636,100.0,0.623,-5.484,6566,0.03,-99.98,0.0,-100.0,0.0,-19.25
ETH-USDT-SWAP,15m,2H,0.002,0.01,0.015,148.0,0.0,-100.0,1415,602,813,42.544,100.0,0.668,-5.484,6566,0.06,-99.96,0.0,-100.0,0.0,-23.86
ETH-USDT-SWAP,15m,2H,0.002,0.01,0.02,148.0,0.0,-100.0,1415,609,806,43.039,100.0,0.648,-5.484,6566,0.04,-99.97,0.0,-100.0,0.0,-20.97
ETH-USDT-SWAP,15m,2H,0.002,0.01,0.025,148.0,0.0,-100.0,1415,612,803,43.251,100.0,0.639,-5.484,6566,0.03,-99.98,0.0,-100.0,0.0,-20.97
ETH-USDT-SWAP,15m,2H,0.002,0.01,0.03,148.0,0.0,-100.0,1415,613,802,43.322,100.0,0.638,-5.484,6566,0.03,-99.98,0.0,-100.0,0.0,-20.97
ETH-USDT-SWAP,15m,2H,0.002,0.012,0.005,148.0,0.0,-100.0,1415,444,971,31.378,100.0,0.525,-5.484,6566,0.0,-100.0,0.0,-100.0,0.0,-30.54
ETH-USDT-SWAP,15m,2H,0.002,0.012,0.008,148.0,0.0,-100.0,1415,507,908,35.83,100.0,0.631,-5.484,6566,0.0,-100.0,0.0,-100.0,0.0,-15.88
ETH-USDT-SWAP,15m,2H,0.002,0.012,0.01,148.0,0.0,-100.0,1415,530,885,37.456,100.0,0.686,-5.484,6566,0.01,-100.0,0.0,-100.0,0.0,-17.75
ETH-USDT-SWAP,15m,2H,0.002,0.012,0.015,148.0,0.0,-100.0,1415,553,862,39.081,100.0,0.733,-5.484,6566,0.01,-99.99,0.0,-100.0,0.0,-22.44
ETH-USDT-SWAP,15m,2H,0.002,0.012,0.02,148.0,0.0,-100.0,1415,561,854,39.647,100.0,0.714,-5.484,6566,0.01,-100.0,0.0,-100.0,0.0,-19.5
ETH-USDT-SWAP,15m,2H,0.002,0.012,0.025,148.0,0.0,-100.0,1415,564,851,39.859,100.0,0.707,-5.484,6566,0.0,-100.0,0.0,-100.0,0.0,-19.5
ETH-USDT-SWAP,15m,2H,0.002,0.012,0.03,148.0,0.0,-100.0,1415,565,850,39.929,100.0,0.706,-5.484,6566,0.01,-100.0,0.0,-100.0,0.0,-19.5
ETH-USDT-SWAP,15m,2H,0.002,0.015,0.005,148.0,0.0,-100.0,1415,421,994,29.753,100.0,0.471,-5.484,6566,0.0,-100.0,0.0,-100.0,0.0,-30.54
ETH-USDT-SWAP,15m,2H,0.002,0.015,0.008,148.0,0.0,-100.0,1415,483,932,34.134,100.0,0.634,-5.484,6566,0.0,-100.0,0.0,-100.0,0.0,-13.58
ETH-USDT-SWAP,15m,2H,0.002,0.015,0.01,148.0,0.0,-100.0,1415,505,910,35.689,100.0,0.679,-5.484,6566,0.0,-100.0,0.0,-100.0,0.0,-15.5
ETH-USDT-SWAP,15m,2H,0.002,0.015,0.015,148.0,0.0,-100.0,1415,526,889,37.173,100.0,0.729,-5.484,6566,0.0,-100.0,0.0,-100.0,0.0,-20.32
ETH-USDT-SWAP,15m,2H,0.002,0.015,0.02,148.0,0.0,-100.0,1415,533,882,37.668,100.0,0.707,-5.484,6566,0.0,-100.0,0.0,-100.0,0.0,-17.3
ETH-USDT-SWAP,15m,2H,0.002,0.015,0.025,148.0,0.0,-100.0,1415,536,879,37.88,100.0,0.695,-5.484,6566,0.0,-100.0,0.0,-100.0,0.0,-17.3
ETH-USDT-SWAP,15m,2H,0.002,0.015,0.03,148.0,0.0,-100.0,1415,537,878,37.951,100.0,0.69,-5.484,6566,0.0,-100.0,0.0,-100.0,0.0,-17.3
ETH-USDT-SWAP,15m,2H,0.002,0.02,0.005,148.0,0.0,-100.0,1415,404,1011,28.551,100.0,0.473,-5.484,6566,0.0,-100.0,0.0,-100.0,0.0,-30.54
ETH-USDT-SWAP,15m,2H,0.002,0.02,0.008,148.0,0.0,-100.0,1415,463,952,32.721,100.0,0.618,-5.484,6566,0.0,-100.0,0.0,-100.0,0.0,-9.74
ETH-USDT-SWAP,15m,2H,0.002,0.02,0.01,148.0,0.0,-100.0,1415,483,932,34.134,100.0,0.661,-5.484,6566,0.0,-100.0,0.0,-100.0,0.0,-11.76
ETH-USDT-SWAP,15m,2H,0.002,0.02,0.015,148.0,0.0,-100.0,1415,502,913,35.477,100.0,0.683,-5.484,6566,0.0,-100.0,0.0,-100.0,0.0,-16.79
ETH-USDT-SWAP,15m,2H,0.002,0.02,0.02,148.0,0.0,-100.0,1415,508,907,35.901,100.0,0.692,-5.484,6566,0.0,-100.0,0.0,-100.0,0.0,-13.63
ETH-USDT-SWAP,15m,2H,0.002,0.02,0.025,148.0,0.0,-100.0,1415,512,903,36.184,100.0,0.688,-5.484,6566,0.0,-100.0,0.0,-100.0,0.0,-13.63
ETH-USDT-SWAP,15m,2H,0.002,0.02,0.03,148.0,0.0,-100.0,1415,513,902,36.254,100.0,0.683,-5.484,6566,0.0,-100.0,0.0,-100.0,0.0,-13.63
ETH-USDT-SWAP,15m,2H,0.002,0.03,0.005,148.0,0.0,-100.0,1415,401,1014,28.339,100.0,0.43,-5.484,6566,0.0,-100.0,0.0,-100.0,0.0,-30.54
ETH-USDT-SWAP,15m,2H,0.002,0.03,0.008,148.0,0.0,-100.0,1415,459,956,32.438,100.0,0.569,-5.484,6566,0.0,-100.0,0.0,-100.0,0.0,-12.55
ETH-USDT-SWAP,15m,2H,0.002,0.03,0.01,148.0,0.0,-100.0,1415,479,936,33.852,100.0,0.615,-5.484,6566,0.0,-100.0,0.0,-100.0,0.0,-14.5
ETH-USDT-SWAP,15m,2H,0.002,0.03,0.015,148.0,0.0,-100.0,1415,497,918,35.124,100.0,0.637,-5.484,6566,0.0,-100.0,0.0,-100.0,0.0,-19.37
ETH-USDT-SWAP,15m,2H,0.002,0.03,0.02,148.0,0.0,-100.0,1415,504,911,35.618,100.0,0.661,-5.484,6566,0.0,-100.0,0.0,-100.0,0.0,-16.31
ETH-USDT-SWAP,15m,2H,0.002,0.03,0.025,148.0,0.0,-100.0,1415,507,908,35.83,100.0,0.656,-5.484,6566,0.0,-100.0,0.0,-100.0,0.0,-16.31
ETH-USDT-SWAP,15m,2H,0.002,0.03,0.03,148.0,0.0,-100.0,1415,508,907,35.901,100.0,0.65,-5.484,6566,0.0,-100.0,0.0,-100.0,0.0,-16.31
ETH-USDT-SWAP,15m,2H,0.003,0.004,0.005,148.0,0.007,-99.996,1234,800,434,64.83,99.996,0.663,-5.484,6566,8.54,-94.23,0.01,-99.92,0.01,-1.73
ETH-USDT-SWAP,15m,2H,0.003,0.004,0.008,148.0,3.504,-97.633,1234,910,324,73.744,98.519,0.856,-5.355,6566,39.95,-73.0,3.68,-90.78,3.5,-4.91
ETH-USDT-SWAP,15m,2H,0.003,0.004,0.01,148.0,16.719,-88.703,1234,935,299,75.77,93.092,0.917,-4.865,6566,73.94,-50.04,17.98,-75.68,16.72,-7.03
ETH-USDT-SWAP,15m,2H,0.003,0.004,0.015,148.0,1458.901,885.744,1234,978,256,79.254,68.617,1.072,48.578,6566,575.58,288.9,1664.05,189.11,1458.9,-12.33
ETH-USDT-SWAP,15m,2H,0.003,0.004,0.02,148.0,2344.089,1483.844,1234,987,247,79.984,73.603,1.077,81.381,6566,499.6,237.57,2546.04,409.62,2344.09,-7.93
ETH-USDT-SWAP,15m,2H,0.003,0.004,0.025,148.0,3837.32,2492.784,1234,992,242,80.389,67.694,1.072,136.716,6566,589.74,298.47,4167.92,606.74,3837.32,-7.93
ETH-USDT-SWAP,15m,2H,0.003,0.004,0.03,148.0,6297.35,4154.966,1234,995,239,80.632,70.214,1.099,227.878,6566,511.57,245.65,6839.89,1237.05,6297.35,-7.93
ETH-USDT-SWAP,15m,2H,0.003,0.006,0.005,148.0,0.001,-99.999,1234,623,611,50.486,99.999,0.608,-5.484,6566,0.84,-99.43,0.0,-99.88,0.0,-6.77
ETH-USDT-SWAP,15m,2H,0.003,0.006,0.008,148.0,0.256,-99.827,1234,714,520,57.861,99.874,0.731,-5.475,6566,3.14,-97.88,0.27,-91.31,0.26,-6.48
ETH-USDT-SWAP,15m,2H,0.003,0.006,0.01,148.0,0.867,-99.414,1234,736,498,59.643,99.616,0.778,-5.452,6566,5.02,-96.61,0.95,-81.13,0.87,-8.57
ETH-USDT-SWAP,15m,2H,0.003,0.006,0.015,148.0,15.2,-89.73,1234,766,468,62.075,97.4,0.882,-4.921,6566,14.44,-90.25,17.63,22.13,15.2,-13.78
ETH-USDT-SWAP,15m,2H,0.003,0.006,0.02,148.0,13.594,-90.815,1234,774,460,62.723,98.303,0.872,-4.981,6566,8.28,-94.41,15.01,81.38,13.59,-9.46
ETH-USDT-SWAP,15m,2H,0.003,0.006,0.025,148.0,10.806,-92.699,1234,778,456,63.047,98.395,0.879,-5.084,6566,8.16,-94.49,11.93,46.24,10.81,-9.46
ETH-USDT-SWAP,15m,2H,0.003,0.006,0.03,148.0,12.666,-91.442,1234,780,454,63.209,98.767,0.885,-5.015,6566,8.36,-94.35,13.99,67.24,12.67,-9.46
ETH-USDT-SWAP,15m,2H,0.003,0.008,0.005,148.0,0.0,-100.0,1234,530,704,42.95,100.0,0.603,-5.484,6566,0.33,-99.78,0.0,-99.98,0.0,-3.14
ETH-USDT-SWAP,15m,2H,0.003,0.008,0.008,148.0,0.002,-99.999,1234,599,635,48.541,99.999,0.696,-5.484,6566,0.91,-99.38,0.0,-99.77,0.0,-2.85
ETH-USDT-SWAP,15m,2H,0.003,0.008,0.01,148.0,0.006,-99.996,1234,620,614,50.243,99.998,0.745,-5.484,6566,1.84,-98.76,0.01,-99.68,0.01,-5.01
ETH-USDT-SWAP,15m,2H,0.003,0.008,0.015,148.0,0.099,-99.933,1234,647,587,52.431,99.963,0.789,-5.481,6566,4.3,-97.09,0.11,-97.43,0.1,-10.43
ETH-USDT-SWAP,15m,2H,0.003,0.008,0.02,148.0,0.043,-99.971,1234,652,582,52.836,99.982,0.766,-5.483,6566,2.27,-98.47,0.05,-97.98,0.04,-5.94
ETH-USDT-SWAP,15m,2H,0.003,0.008,0.025,148.0,0.025,-99.983,1234,656,578,53.16,99.992,0.788,-5.484,6566,2.23,-98.49,0.03,-98.82,0.02,-5.94
ETH-USDT-SWAP,15m,2H,0.003,0.008,0.03,148.0,0.033,-99.977,1234,657,577,53.241,99.989,0.798,-5.483,6566,2.37,-98.4,0.04,-98.5,0.03,-5.94
ETH-USDT-SWAP,15m,2H,0.003,0.01,0.005,148.0,0.0,-100.0,1234,477,757,38.655,100.0,0.641,-5.484,6566,0.18,-99.88,0.0,-100.0,0.0,-9.8
ETH-USDT-SWAP,15m,2H,0.003,0.01,0.008,148.0,0.0,-100.0,1234,538,696,43.598,100.0,0.68,-5.484,6566,0.23,-99.85,0.0,-99.97,0.0,-9.53
ETH-USDT-SWAP,15m,2H,0.003,0.01,0.01,148.0,0.0,-100.0,1234,555,679,44.976,100.0,0.726,-5.484,6566,0.44,-99.71,0.0,-99.98,0.0,-11.54
ETH-USDT-SWAP,15m,2H,0.003,0.01,0.015,148.0,0.001,-99.999,1234,579,655,46.921,100.0,0.753,-5.484,6566,0.98,-99.34,0.0,-99.9,0.0,-16.59
ETH-USDT-SWAP,15m,2H,0.003,0.01,0.02,148.0,0.0,-100.0,1234,585,649,47.407,100.0,0.732,-5.484,6566,0.48,-99.68,0.0,-99.91,0.0,-12.4
ETH-USDT-SWAP,15m,2H,0.003,0.01,0.025,148.0,0.0,-100.0,1234,589,645,47.731,100.0,0.752,-5.484,6566,0.45,-99.69,0.0,-99.94,0.0,-12.4
ETH-USDT-SWAP,15m,2H,0.003,0.01,0.03,148.0,0.0,-100.0,1234,589,645,47.731,100.0,0.757,-5.484,6566,0.45,-99.7,0.0,-99.95,0.0,-12.4
ETH-USDT-SWAP,15m,2H,0.003,0.012,0.005,148.0,0.0,-100.0,1234,438,796,35.494,100.0,0.657,-5.484,6566,0.1,-99.93,0.0,-100.0,0.0,-8.13
ETH-USDT-SWAP,15m,2H,0.003,0.012,0.008,148.0,0.0,-100.0,1234,493,741,39.951,100.0,0.691,-5.484,6566,0.1,-99.93,0.0,-100.0,0.0,-7.85
ETH-USDT-SWAP,15m,2H,0.003,0.012,0.01,148.0,0.0,-100.0,1234,509,725,41.248,100.0,0.747,-5.484,6566,0.16,-99.89,0.0,-100.0,0.0,-9.9
ETH-USDT-SWAP,15m,2H,0.003,0.012,0.015,148.0,0.0,-100.0,1234,531,703,43.031,100.0,0.751,-5.484,6566,0.23,-99.84,0.0,-100.0,0.0,-15.04
ETH-USDT-SWAP,15m,2H,0.003,0.012,0.02,148.0,0.0,-100.0,1234,537,697,43.517,100.0,0.731,-5.484,6566,0.09,-99.94,0.0,-100.0,0.0,-10.78
ETH-USDT-SWAP,15m,2H,0.003,0.012,0.025,148.0,0.0,-100.0,1234,539,695,43.679,100.0,0.723,-5.484,6566,0.07,-99.95,0.0,-100.0,0.0,-10.78
ETH-USDT-SWAP,15m,2H,0.003,0.012,0.03,148.0,0.0,-100.0,1234,540,694,43.76,100.0,0.723,-5.484,6566,0.09,-99.94,0.0,-100.0,0.0,-10.78
ETH-USDT-SWAP,15m,2H,0.003,0.015,0.005,148.0,0.0,-100.0,1234,414,820,33.549,100.0,0.645,-5.484,6566,0.05,-99.97,0.0,-100.0,0.0,-5.61
ETH-USDT-SWAP,15m,2H,0.003,0.015,0.008,148.0,0.0,-100.0,1234,467,767,37.844,100.0,0.712,-5.484,6566,0.05,-99.97,0.0,-100.0,0.0,-5.33
ETH-USDT-SWAP,15m,2H,0.003,0.015,0.01,148.0,0.0,-100.0,1234,482,752,39.06,100.0,0.775,-5.484,6566,0.07,-99.95,0.0,-100.0,0.0,-7.44
ETH-USDT-SWAP,15m,2H,0.003,0.015,0.015,148.0,0.0,-100.0,1234,503,731,40.762,100.0,0.774,-5.484,6566,0.13,-99.91,0.0,-100.0,0.0,-12.71
ETH-USDT-SWAP,15m,2H,0.003,0.015,0.02,148.0,0.0,-100.0,1234,508,726,41.167,100.0,0.748,-5.484,6566,0.05,-99.97,0.0,-100.0,0.0,-8.34
ETH-USDT-SWAP,15m,2H,0.003,0.015,0.025,148.0,0.0,-100.0,1234,510,724,41.329,100.0,0.735,-5.484,6566,0.03,-99.98,0.0,-100.0,0.0,-8.34
ETH-USDT-SWAP,15m,2H,0.003,0.015,0.03,148.0,0.0,-100.0,1234,511,723,41.41,100.0,0.729,-5.484,6566,0.04,-99.97,0.0,-100.0,0.0,-8.34
ETH-USDT-SWAP,15m,2H,0.003,0.02,0.005,148.0,0.0,-100.0,1234,399,835,32.334,100.0,0.616,-5.484,6566,0.03,-99.98,0.0,-100.0,0.0,-1.43
ETH-USDT-SWAP,15m,2H,0.003,0.02,0.008,148.0,0.0,-100.0,1234,451,783,36.548,100.0,0.681,-5.484,6566,0.02,-99.98,0.0,-100.0,0.0,-1.13
ETH-USDT-SWAP,15m,2H,0.003,0.02,0.01,148.0,0.0,-100.0,1234,465,769,37.682,100.0,0.73,-5.484,6566,0.03,-99.98,0.0,-100.0,0.0,-3.33
ETH-USDT-SWAP,15m,2H,0.003,0.02,0.015,148.0,0.0,-100.0,1234,484,750,39.222,100.0,0.736,-5.484,6566,0.05,-99.97,0.0,-100.0,0.0,-8.84
ETH-USDT-SWAP,15m,2H,0.003,0.02,0.02,148.0,0.0,-100.0,1234,487,747,39.465,100.0,0.709,-5.484,6566,0.02,-99.99,0.0,-100.0,0.0,-4.27
ETH-USDT-SWAP,15m,2H,0.003,0.02,0.025,148.0,0.0,-100.0,1234,489,745,39.627,100.0,0.706,-5.484,6566,0.01,-99.99,0.0,-100.0,0.0,-4.27
ETH-USDT-SWAP,15m,2H,0.003,0.02,0.03,148.0,0.0,-100.0,1234,490,744,39.708,100.0,0.701,-5.484,6566,0.02,-99.99,0.0,-100.0,0.0,-4.27
ETH-USDT-SWAP,15m,2H,0.003,0.03,0.005,148.0,0.0,-100.0,1234,395,839,32.01,100.0,0.634,-5.484,6566,0.02,-99.99,0.0,-100.0,0.0,-3.64
ETH-USDT-SWAP,15m,2H,0.003,0.03,0.008,148.0,0.0,-100.0,1234,446,788,36.143,100.0,0.701,-5.484,6566,0.02,-99.99,0.0,-100.0,0.0,-3.34
ETH-USDT-SWAP,15m,2H,0.003,0.03,0.01,148.0,0.0,-100.0,1234,460,774,37.277,100.0,0.747,-5.484,6566,0.02,-99.99,0.0,-100.0,0.0,-5.5
ETH-USDT-SWAP,15m,2H,0.003,0.03,0.015,148.0,0.0,-100.0,1234,478,756,38.736,100.0,0.767,-5.484,6566,0.03,-99.98,0.0,-100.0,0.0,-10.89
ETH-USDT-SWAP,15m,2H,0.003,0.03,0.02,148.0,0.0,-100.0,1234,482,752,39.06,100.0,0.744,-5.484,6566,0.01,-99.99,0.0,-100.0,0.0,-6.42
ETH-USDT-SWAP,15m,2H,0.003,0.03,0.025,148.0,0.0,-100.0,1234,484,750,39.222,100.0,0.741,-5.484,6566,0.01,-99.99,0.0,-100.0,0.0,-6.42
ETH-USDT-SWAP,15m,2H,0.003,0.03,0.03,148.0,0.0,-100.0,1234,485,749,39.303,100.0,0.736,-5.484,6566,0.01,-99.99,0.0,-100.0,0.0,-6.42
ETH-USDT-SWAP,15m,2H,0.004,0.004,0.005,148.0,0.011,-99.993,1024,661,363,64.551,99.995,0.576,-5.484,6566,4.35,-97.06,0.01,-99.77,0.01,4.96
ETH-USDT-SWAP,15m,2H,0.004,0.004,0.008,148.0,1.593,-98.924,1024,753,271,73.535,99.488,0.74,-5.425,6566,11.91,-91.95,1.45,-87.8,1.59,9.57
ETH-USDT-SWAP,15m,2H,0.004,0.004,0.01,148.0,22.382,-84.877,1024,788,236,76.953,94.196,0.854,-4.655,6566,29.6,-80.0,20.43,-30.98,22.38,9.57
ETH-USDT-SWAP,15m,2H,0.004,0.004,0.015,148.0,728.501,392.231,1024,823,201,80.371,81.051,1.139,21.512,6566,125.8,-15.0,664.85,428.49,728.5,9.57
ETH-USDT-SWAP,15m,2H,0.004,0.004,0.02,148.0,1629.488,1001.006,1024,832,192,81.25,79.658,1.201,54.9,6566,146.77,-0.83,1487.11,913.24,1629.49,9.57
ETH-USDT-SWAP,15m,2H,0.004,0.004,0.025,148.0,2661.382,1698.231,1024,837,187,81.738,81.0,1.216,93.139,6566,160.82,8.66,2428.84,1410.29,2661.38,9.57
ETH-USDT-SWAP,15m,2H,0.004,0.004,0.03,148.0,4555.901,2978.311,1024,840,184,82.031,83.004,1.317,163.344,6566,140.66,-4.96,4157.82,2855.98,4555.9,9.57
ETH-USDT-SWAP,15m,2H,0.004,0.006,0.005,148.0,0.017,-99.989,1024,535,489,52.246,99.991,0.668,-5.484,6566,4.39,-97.03,0.02,-99.62,0.02,-0.42
ETH-USDT-SWAP,15m,2H,0.004,0.006,0.008,148.0,4.854,-96.72,1024,624,400,60.938,98.498,0.86,-5.305,6566,19.97,-86.5,4.82,-75.85,4.85,0.6
ETH-USDT-SWAP,15m,2H,0.004,0.006,0.01,148.0,16.976,-88.53,1024,647,377,63.184,95.946,0.9,-4.855,6566,25.77,-82.59,17.26,-33.01,16.98,-1.64
ETH-USDT-SWAP,15m,2H,0.004,0.006,0.015,148.0,313.033,111.509,1024,675,349,65.918,88.21,1.033,6.116,6566,77.39,-47.71,337.51,336.13,313.03,-7.25
ETH-USDT-SWAP,15m,2H,0.004,0.006,0.02,148.0,335.7,126.824,1024,682,342,66.602,89.556,1.031,6.956,6566,74.79,-49.47,340.71,355.56,335.7,-1.47
ETH-USDT-SWAP,15m,2H,0.004,0.006,0.025,148.0,273.068,84.506,1024,686,338,66.992,91.561,1.019,4.635,6566,78.18,-47.18,277.15,254.5,273.07,-1.47
ETH-USDT-SWAP,15m,2H,0.004,0.006,0.03,148.0,753.539,409.148,1024,689,335,67.285,92.348,1.055,22.44,6566,76.1,-48.58,764.79,904.98,753.54,-1.47
ETH-USDT-SWAP,15m,2H,0.004,0.008,0.005,148.0,0.0,-100.0,1024,437,587,42.676,100.0,0.627,-5.484,6566,1.35,-99.09,0.0,-99.97,0.0,3.41
ETH-USDT-SWAP,15m,2H,0.004,0.008,0.008,148.0,0.089,-99.94,1024,514,510,50.195,99.972,0.755,-5.481,6566,5.55,-96.25,0.08,-98.47,0.09,4.47
ETH-USDT-SWAP,15m,2H,0.004,0.008,0.01,148.0,0.187,-99.874,1024,534,490,52.148,99.949,0.789,-5.478,6566,8.21,-94.46,0.18,-97.77,0.19,2.14
ETH-USDT-SWAP,15m,2H,0.004,0.008,0.015,148.0,1.803,-98.782,1024,556,468,54.297,99.436,0.832,-5.418,6566,12.76,-91.38,1.87,-85.32,1.8,-3.68
ETH-USDT-SWAP,15m,2H,0.004,0.008,0.02,148.0,1.391,-99.06,1024,561,463,54.785,99.514,0.816,-5.433,6566,8.89,-94.0,1.36,-84.7,1.39,2.32
ETH-USDT-SWAP,15m,2H,0.004,0.008,0.025,148.0,1.103,-99.255,1024,565,459,55.176,99.759,0.839,-5.444,6566,9.39,-93.65,1.08,-88.52,1.1,2.32
ETH-USDT-SWAP,15m,2H,0.004,0.008,0.03,148.0,2.024,-98.632,1024,566,458,55.273,99.648,0.86,-5.409,6566,10.68,-92.78,1.98,-81.48,2.02,2.32
ETH-USDT-SWAP,15m,2H,0.004,0.01,0.005,148.0,0.0,-100.0,1024,388,636,37.891,100.0,0.618,-5.484,6566,0.67,-99.55,0.0,-100.0,0.0,7.36
ETH-USDT-SWAP,15m,2H,0.004,0.01,0.008,148.0,0.001,-99.999,1024,454,570,44.336,100.0,0.709,-5.484,6566,1.59,-98.93,0.0,-99.95,0.0,8.45
ETH-USDT-SWAP,15m,2H,0.004,0.01,0.01,148.0,0.001,-99.999,1024,471,553,45.996,100.0,0.744,-5.484,6566,2.0,-98.65,0.0,-99.95,0.0,6.04
ETH-USDT-SWAP,15m,2H,0.004,0.01,0.015,148.0,0.008,-99.995,1024,493,531,48.145,99.997,0.765,-5.484,6566,3.5,-97.64,0.01,-99.78,0.01,-0.01
ETH-USDT-SWAP,15m,2H,0.004,0.01,0.02,148.0,0.004,-99.997,1024,498,526,48.633,99.999,0.748,-5.484,6566,2.14,-98.56,0.0,-99.81,0.0,6.22
ETH-USDT-SWAP,15m,2H,0.004,0.01,0.025,148.0,0.003,-99.998,1024,502,522,49.023,99.999,0.768,-5.484,6566,2.11,-98.57,0.0,-99.88,0.0,6.22
ETH-USDT-SWAP,15m,2H,0.004,0.01,0.03,148.0,0.005,-99.997,1024,503,521,49.121,99.999,0.777,-5.484,6566,2.24,-98.49,0.0,-99.81,0.0,6.22
ETH-USDT-SWAP,15m,2H,0.004,0.012,0.005,148.0,0.0,-100.0,1024,364,660,35.547,100.0,0.63,-5.484,6566,0.37,-99.75,0.0,-100.0,0.0,-0.9
ETH-USDT-SWAP,15m,2H,0.004,0.012,0.008,148.0,0.0,-100.0,1024,423,601,41.309,100.0,0.698,-5.484,6566,0.77,-99.48,0.0,-99.99,0.0,0.11
ETH-USDT-SWAP,15m,2H,0.004,0.012,0.01,148.0,0.0,-100.0,1024,437,587,42.676,100.0,0.74,-5.484,6566,0.91,-99.39,0.0,-99.99,0.0,-2.12
ETH-USDT-SWAP,15m,2H,0.004,0.012,0.015,148.0,0.0,-100.0,1024,458,566,44.727,100.0,0.733,-5.484,6566,1.11,-99.25,0.0,-99.97,0.0,-7.7
ETH-USDT-SWAP,15m,2H,0.004,0.012,0.02,148.0,0.0,-100.0,1024,463,561,45.215,100.0,0.718,-5.484,6566,0.61,-99.59,0.0,-99.98,0.0,-1.95
ETH-USDT-SWAP,15m,2H,0.004,0.012,0.025,148.0,0.0,-100.0,1024,465,559,45.41,100.0,0.701,-5.484,6566,0.39,-99.74,0.0,-99.99,0.0,-1.95
ETH-USDT-SWAP,15m,2H,0.004,0.012,0.03,148.0,0.0,-100.0,1024,466,558,45.508,100.0,0.704,-5.484,6566,0.58,-99.61,0.0,-99.99,0.0,-1.95
ETH-USDT-SWAP,15m,2H,0.004,0.015,0.005,148.0,0.0,-100.0,1024,335,689,32.715,100.0,0.583,-5.484,6566,0.17,-99.89,0.0,-100.0,0.0,1.81
ETH-USDT-SWAP,15m,2H,0.004,0.015,0.008,148.0,0.0,-100.0,1024,397,627,38.77,100.0,0.694,-5.484,6566,0.39,-99.73,0.0,-100.0,0.0,2.85
ETH-USDT-SWAP,15m,2H,0.004,0.015,0.01,148.0,0.0,-100.0,1024,409,615,39.941,100.0,0.742,-5.484,6566,0.44,-99.7,0.0,-100.0,0.0,0.56
ETH-USDT-SWAP,15m,2H,0.004,0.015,0.015,148.0,0.0,-100.0,1024,430,594,41.992,100.0,0.73,-5.484,6566,0.5,-99.66,0.0,-100.0,0.0,-5.18
ETH-USDT-SWAP,15m,2H,0.004,0.015,0.02,148.0,0.0,-100.0,1024,434,590,42.383,100.0,0.71,-5.484,6566,0.24,-99.84,0.0,-100.0,0.0,0.73
ETH-USDT-SWAP,15m,2H,0.004,0.015,0.025,148.0,0.0,-100.0,1024,436,588,42.578,100.0,0.69,-5.484,6566,0.15,-99.9,0.0,-100.0,0.0,0.73
ETH-USDT-SWAP,15m,2H,0.004,0.015,0.03,148.0,0.0,-100.0,1024,437,587,42.676,100.0,0.685,-5.484,6566,0.22,-99.85,0.0,-100.0,0.0,0.73
ETH-USDT-SWAP,15m,2H,0.004,0.02,0.005,148.0,0.0,-100.0,1024,322,702,31.445,100.0,0.57,-5.484,6566,0.08,-99.95,0.0,-100.0,0.0,6.33
ETH-USDT-SWAP,15m,2H,0.004,0.02,0.008,148.0,0.0,-100.0,1024,380,644,37.109,100.0,0.66,-5.484,6566,0.13,-99.91,0.0,-100.0,0.0,7.41
ETH-USDT-SWAP,15m,2H,0.004,0.02,0.01,148.0,0.0,-100.0,1024,391,633,38.184,100.0,0.708,-5.484,6566,0.11,-99.92,0.0,-100.0,0.0,5.02
ETH-USDT-SWAP,15m,2H,0.004,0.02,0.015,148.0,0.0,-100.0,1024,411,613,40.137,100.0,0.705,-5.484,6566,0.14,-99.9,0.0,-100.0,0.0,-0.97
ETH-USDT-SWAP,15m,2H,0.004,0.02,0.02,148.0,0.0,-100.0,1024,414,610,40.43,100.0,0.683,-5.484,6566,0.07,-99.96,0.0,-100.0,0.0,5.2
ETH-USDT-SWAP,15m,2H,0.004,0.02,0.025,148.0,0.0,-100.0,1024,416,608,40.625,100.0,0.677,-5.484,6566,0.05,-99.97,0.0,-100.0,0.0,5.2
ETH-USDT-SWAP,15m,2H,0.004,0.02,0.03,148.0,0.0,-100.0,1024,417,607,40.723,100.0,0.672,-5.484,6566,0.07,-99.95,0.0,-100.0,0.0,5.2
ETH-USDT-SWAP,15m,2H,0.004,0.03,0.005,148.0,0.0,-100.0,1024,314,710,30.664,100.0,0.545,-5.484,6566,0.05,-99.97,0.0,-100.0,0.0,4.87
ETH-USDT-SWAP,15m,2H,0.004,0.03,0.008,148.0,0.0,-100.0,1024,371,653,36.23,100.0,0.641,-5.484,6566,0.08,-99.95,0.0,-100.0,0.0,5.94
ETH-USDT-SWAP,15m,2H,0.004,0.03,0.01,148.0,0.0,-100.0,1024,382,642,37.305,100.0,0.693,-5.484,6566,0.07,-99.95,0.0,-100.0,0.0,3.57
ETH-USDT-SWAP,15m,2H,0.004,0.03,0.015,148.0,0.0,-100.0,1024,401,623,39.16,100.0,0.706,-5.484,6566,0.11,-99.93,0.0,-100.0,0.0,-2.33
ETH-USDT-SWAP,15m,2H,0.004,0.03,0.02,148.0,0.0,-100.0,1024,405,619,39.551,100.0,0.684,-5.484,6566,0.05,-99.97,0.0,-100.0,0.0,3.76
ETH-USDT-SWAP,15m,2H,0.004,0.03,0.025,148.0,0.0,-100.0,1024,406,618,39.648,100.0,0.676,-5.484,6566,0.04,-99.97,0.0,-100.0,0.0,3.76
ETH-USDT-SWAP,15m,2H,0.004,0.03,0.03,148.0,0.0,-100.0,1024,407,617,39.746,100.0,0.671,-5.484,6566,0.06,-99.96,0.0,-100.0,0.0,3.76
ETH-USDT-SWAP,15m,2H,0.005,0.004,0.005,148.0,0.151,-99.898,874,589,285,67.391,99.929,0.652,-5.479,6566,10.01,-93.24,0.14,-98.61,0.15,8.29
ETH-USDT-SWAP,15m,2H,0.005,0.004,0.008,148.0,8.209,-94.453,874,671,203,76.773,97.948,0.813,-5.18,6566,36.45,-75.37,7.58,-79.2,8.21,8.29
ETH-USDT-SWAP,15m,2H,0.005,0.004,0.01,148.0,138.602,-6.35,874,706,168,80.778,84.859,0.995,-0.348,6566,155.88,5.32,127.99,-17.89,138.6,8.29
ETH-USDT-SWAP,15m,2H,0.005,0.004,0.015,148.0,1569.982,960.799,874,737,137,84.325,70.948,1.268,52.695,6566,410.17,177.15,1449.74,253.44,1569.98,8.29
ETH-USDT-SWAP,15m,2H,0.005,0.004,0.02,148.0,24079.196,16169.727,874,755,119,86.384,48.039,1.822,886.822,6566,830.57,461.2,22866.38,2653.09,24079.2,5.3
ETH-USDT-SWAP,15m,2H,0.005,0.004,0.025,148.0,18393.372,12327.954,874,757,117,86.613,57.879,1.63,676.122,6566,974.53,558.47,17180.56,1662.96,18393.37,7.06
ETH-USDT-SWAP,15m,2H,0.005,0.004,0.03,148.0,30481.137,20495.363,874,760,114,86.957,49.073,1.939,1124.06,6566,928.03,527.05,29268.32,3053.8,30481.14,4.14
ETH-USDT-SWAP,15m,2H,0.005,0.006,0.005,148.0,0.317,-99.786,874,481,393,55.034,99.856,0.774,-5.473,6566,15.41,-89.59,0.32,-97.91,0.32,-1.52
ETH-USDT-SWAP,15m,2H,0.005,0.006,0.008,148.0,29.901,-79.797,874,556,318,63.616,90.964,0.935,-4.376,6566,68.47,-53.73,31.38,-54.17,29.9,-4.71
ETH-USDT-SWAP,15m,2H,0.005,0.006,0.01,148.0,258.418,74.607,874,584,290,66.819,77.943,1.019,4.092,6566,230.21,55.55,277.38,20.49,258.42,-6.83
ETH-USDT-SWAP,15m,2H,0.005,0.006,0.015,148.0,2060.5,1292.229,874,609,265,69.68,79.845,1.089,70.872,6566,473.42,219.88,2345.38,395.41,2060.5,-12.15
ETH-USDT-SWAP,15m,2H,0.005,0.006,0.02,148.0,16042.11,10739.263,874,622,252,71.167,73.924,1.166,588.991,6566,620.7,319.39,16781.95,2603.7,16042.11,-4.41
ETH-USDT-SWAP,15m,2H,0.005,0.006,0.025,148.0,6912.856,4570.849,874,624,250,71.396,74.4,1.083,250.686,6566,711.48,380.73,7323.24,929.3,6912.86,-5.6
ETH-USDT-SWAP,15m,2H,0.005,0.006,0.03,148.0,26999.767,18143.086,874,627,247,71.739,73.829,1.248,995.05,6566,630.93,326.31,27739.6,4296.59,26999.77,-2.67
ETH-USDT-SWAP,15m,2H,0.005,0.008,0.005,148.0,0.04,-99.973,874,401,473,45.881,99.981,0.618,-5.483,6566,3.09,-97.91,0.04,-98.72,0.04,2.31
ETH-USDT-SWAP,15m,2H,0.005,0.008,0.008,148.0,1.504,-98.984,874,464,410,53.089,99.453,0.781,-5.429,6566,10.63,-92.82,1.52,-85.71,1.5,-1.0
ETH-USDT-SWAP,15m,2H,0.005,0.008,0.01,148.0,4.087,-97.238,874,482,392,55.149,98.61,0.837,-5.333,6566,19.03,-87.14,4.22,-77.81,4.09,-3.21
ETH-USDT-SWAP,15m,2H,0.005,0.008,0.015,148.0,16.228,-89.035,874,504,370,57.666,97.057,0.875,-4.883,6566,20.99,-85.82,17.78,-15.28,16.23,-8.73
ETH-USDT-SWAP,15m,2H,0.005,0.008,0.02,148.0,63.974,-56.774,874,515,359,58.924,94.113,0.956,-3.114,6566,20.41,-86.21,65.23,219.61,63.97,-1.93
ETH-USDT-SWAP,15m,2H,0.005,0.008,0.025,148.0,17.197,-88.38,874,516,358,59.039,95.636,0.922,-4.847,6566,28.7,-80.61,17.54,-38.91,17.2,-1.93
ETH-USDT-SWAP,15m,2H,0.005,0.008,0.03,148.0,49.62,-66.473,874,519,355,59.382,95.739,0.952,-3.646,6566,25.45,-82.8,50.6,98.78,49.62,-1.93
ETH-USDT-SWAP,15m,2H,0.005,0.01,0.005,148.0,0.005,-99.997,874,356,518,40.732,99.998,0.634,-5.484,6566,2.35,-98.41,0.0,-99.8,0.01,6.21
ETH-USDT-SWAP,15m,2H,0.005,0.01,0.008,148.0,0.074,-99.95,874,410,464,46.911,99.979,0.779,-5.482,6566,9.48,-93.59,0.07,-99.24,0.07,2.77
ETH-USDT-SWAP,15m,2H,0.005,0.01,0.01,148.0,0.146,-99.901,874,426,448,48.741,99.963,0.821,-5.479,6566,14.85,-89.97,0.15,-99.02,0.15,0.48
ETH-USDT-SWAP,15m,2H,0.005,0.01,0.015,148.0,0.46,-99.689,874,446,428,51.03,99.854,0.809,-5.467,6566,13.04,-91.19,0.49,-96.28,0.46,-5.25
ETH-USDT-SWAP,15m,2H,0.005,0.01,0.02,148.0,1.041,-99.297,874,456,418,52.174,99.755,0.81,-5.446,6566,8.96,-93.94,1.02,-88.59,1.04,1.81
ETH-USDT-SWAP,15m,2H,0.005,0.01,0.025,148.0,0.373,-99.748,874,457,417,52.288,99.93,0.845,-5.471,6566,13.68,-90.76,0.37,-97.33,0.37,1.81
ETH-USDT-SWAP,15m,2H,0.005,0.01,0.03,148.0,1.166,-99.212,874,459,415,52.517,99.799,0.848,-5.441,6566,12.13,-91.8,1.15,-90.56,1.17,1.81
ETH-USDT-SWAP,15m,2H,0.005,0.012,0.005,148.0,0.001,-99.999,874,333,541,38.101,100.0,0.607,-5.484,6566,1.16,-99.22,0.0,-99.91,0.0,-0.96
ETH-USDT-SWAP,15m,2H,0.005,0.012,0.008,148.0,0.005,-99.997,874,379,495,43.364,99.998,0.747,-5.484,6566,3.41,-97.69,0.0,-99.85,0.0,-4.17
ETH-USDT-SWAP,15m,2H,0.005,0.012,0.01,148.0,0.01,-99.993,874,394,480,45.08,99.997,0.776,-5.484,6566,5.17,-96.51,0.01,-99.79,0.01,-6.31
ETH-USDT-SWAP,15m,2H,0.005,0.012,0.015,148.0,0.018,-99.988,874,412,462,47.14,99.993,0.761,-5.484,6566,4.63,-96.87,0.02,-99.57,0.02,-11.65
ETH-USDT-SWAP,15m,2H,0.005,0.012,0.02,148.0,0.035,-99.976,874,422,452,48.284,99.991,0.75,-5.483,6566,2.97,-98.0,0.04,-98.76,0.04,-5.07
ETH-USDT-SWAP,15m,2H,0.005,0.012,0.025,148.0,0.012,-99.992,874,423,451,48.398,99.996,0.788,-5.484,6566,4.32,-97.08,0.01,-99.7,0.01,-5.07
ETH-USDT-SWAP,15m,2H,0.005,0.012,0.03,148.0,0.02,-99.986,874,424,450,48.513,99.995,0.781,-5.484,6566,3.56,-97.59,0.02,-99.41,0.02,-5.07
ETH-USDT-SWAP,15m,2H,0.005,0.015,0.005,148.0,0.0,-100.0,874,308,566,35.24,100.0,0.627,-5.484,6566,0.48,-99.68,0.0,-99.98,0.0,1.74
ETH-USDT-SWAP,15m,2H,0.005,0.015,0.008,148.0,0.0,-100.0,874,352,522,40.275,100.0,0.774,-5.484,6566,1.32,-99.11,0.0,-99.98,0.0,-1.55
ETH-USDT-SWAP,15m,2H,0.005,0.015,0.01,148.0,0.0,-100.0,874,367,507,41.991,100.0,0.803,-5.484,6566,2.03,-98.63,0.0,-99.98,0.0,-3.74
ETH-USDT-SWAP,15m,2H,0.005,0.015,0.015,148.0,0.001,-100.0,874,385,489,44.05,100.0,0.764,-5.484,6566,1.35,-99.09,0.0,-99.95,0.0,-9.23
ETH-USDT-SWAP,15m,2H,0.005,0.015,0.02,148.0,0.0,-100.0,874,393,481,44.966,100.0,0.754,-5.484,6566,0.79,-99.47,0.0,-99.94,0.0,-2.47
ETH-USDT-SWAP,15m,2H,0.005,0.015,0.025,148.0,0.0,-100.0,874,394,480,45.08,100.0,0.755,-5.484,6566,1.18,-99.2,0.0,-99.99,0.0,-2.47
ETH-USDT-SWAP,15m,2H,0.005,0.015,0.03,148.0,0.0,-100.0,874,395,479,45.195,100.0,0.745,-5.484,6566,0.91,-99.38,0.0,-99.99,0.0,-2.47
ETH-USDT-SWAP,15m,2H,0.005,0.02,0.005,148.0,0.0,-100.0,874,294,580,33.638,100.0,0.572,-5.484,6566,0.25,-99.83,0.0,-99.99,0.0,6.26
ETH-USDT-SWAP,15m,2H,0.005,0.02,0.008,148.0,0.0,-100.0,874,334,540,38.215,100.0,0.694,-5.484,6566,0.37,-99.75,0.0,-100.0,0.0,2.82
ETH-USDT-SWAP,15m,2H,0.005,0.02,0.01,148.0,0.0,-100.0,874,348,526,39.817,100.0,0.734,-5.484,6566,0.55,-99.63,0.0,-100.0,0.0,0.53
ETH-USDT-SWAP,15m,2H,0.005,0.02,0.015,148.0,0.0,-100.0,874,363,511,41.533,100.0,0.691,-5.484,6566,0.32,-99.78,0.0,-100.0,0.0,-5.2
ETH-USDT-SWAP,15m,2H,0.005,0.02,0.02,148.0,0.0,-100.0,874,370,504,42.334,100.0,0.674,-5.484,6566,0.17,-99.89,0.0,-99.99,0.0,1.85
ETH-USDT-SWAP,15m,2H,0.005,0.02,0.025,148.0,0.0,-100.0,874,371,503,42.449,100.0,0.678,-5.484,6566,0.3,-99.8,0.0,-100.0,0.0,1.85
ETH-USDT-SWAP,15m,2H,0.005,0.02,0.03,148.0,0.0,-100.0,874,371,503,42.449,100.0,0.664,-5.484,6566,0.21,-99.86,0.0,-100.0,0.0,1.85
ETH-USDT-SWAP,15m,2H,0.005,0.03,0.005,148.0,0.0,-100.0,874,287,587,32.838,100.0,0.552,-5.484,6566,0.15,-99.9,0.0,-100.0,0.0,5.72
ETH-USDT-SWAP,15m,2H,0.005,0.03,0.008,148.0,0.0,-100.0,874,327,547,37.414,100.0,0.686,-5.484,6566,0.24,-99.84,0.0,-100.0,0.0,2.3
ETH-USDT-SWAP,15m,2H,0.005,0.03,0.01,148.0,0.0,-100.0,874,339,535,38.787,100.0,0.681,-5.484,6566,0.26,-99.83,0.0,-100.0,0.0,0.02
ETH-USDT-SWAP,15m,2H,0.005,0.03,0.015,148.0,0.0,-100.0,874,355,519,40.618,100.0,0.7,-5.484,6566,0.25,-99.83,0.0,-100.0,0.0,-5.68
ETH-USDT-SWAP,15m,2H,0.005,0.03,0.02,148.0,0.0,-100.0,874,360,514,41.19,100.0,0.683,-5.484,6566,0.13,-99.91,0.0,-100.0,0.0,1.34
ETH-USDT-SWAP,15m,2H,0.005,0.03,0.025,148.0,0.0,-100.0,874,361,513,41.304,100.0,0.686,-5.484,6566,0.25,-99.83,0.0,-100.0,0.0,1.34
ETH-USDT-SWAP,15m,2H,0.005,0.03,0.03,148.0,0.0,-100.0,874,361,513,41.304,100.0,0.671,-5.484,6566,0.18,-99.88,0.0,-100.0,0.0,1.34
ETH-USDT-SWAP,15m,2H,0.007,0.004,0.005,148.0,0.732,-99.505,623,420,203,67.416,99.673,0.638,-5.457,6566,23.29,-84.27,0.74,-96.82,0.73,-1.31
ETH-USDT-SWAP,15m,2H,0.007,0.004,0.008,148.0,99.384,-32.849,623,505,118,81.059,83.669,0.964,-1.802,6566,181.84,22.87,104.41,-42.59,99.38,-4.81
ETH-USDT-SWAP,15m,2H,0.007,0.004,0.01,148.0,589.582,298.366,623,529,94,84.912,78.591,1.139,16.364,6566,489.83,230.97,633.5,29.33,589.58,-6.93
ETH-USDT-SWAP,15m,2H,0.007,0.004,0.015,148.0,9273.833,6166.103,623,556,67,89.246,55.814,1.606,338.178,6566,855.33,477.92,9617.77,1024.46,9273.83,-3.58
ETH-USDT-SWAP,15m,2H,0.007,0.004,0.02,148.0,45709.395,30784.726,623,571,52,91.653,43.287,2.512,1688.376,6566,1732.88,1070.87,46180.03,2564.93,45709.39,-1.02
ETH-USDT-SWAP,15m,2H,0.007,0.004,0.025,148.0,44535.286,29991.409,623,573,50,91.974,41.057,2.621,1644.867,6566,1517.84,925.57,45005.92,2865.13,44535.29,-1.05
ETH-USDT-SWAP,15m,2H,0.007,0.004,0.03,148.0,62701.52,42265.892,623,577,46,92.616,38.582,3.38,2318.056,6566,2226.99,1404.72,63172.16,2736.66,62701.52,-0.75
ETH-USDT-SWAP,15m,2H,0.007,0.006,0.005,148.0,2.292,-98.451,623,345,278,55.377,99.18,0.716,-5.4,6566,23.16,-84.35,2.28,-90.17,2.29,0.66
ETH-USDT-SWAP,15m,2H,0.007,0.006,0.008,148.0,185.081,25.055,623,412,211,66.132,78.838,1.02,1.374,6566,160.4,8.38,190.63,18.85,185.08,-2.91
ETH-USDT-SWAP,15m,2H,0.007,0.006,0.01,148.0,703.079,375.053,623,431,192,69.181,76.591,1.146,20.57,6566,374.44,153.0,740.68,97.81,703.08,-5.08
ETH-USDT-SWAP,15m,2H,0.007,0.006,0.015,148.0,5212.253,3421.793,623,453,170,72.713,62.136,1.371,187.667,6566,552.33,273.19,5299.9,859.56,5212.25,-1.65
ETH-USDT-SWAP,15m,2H,0.007,0.006,0.02,148.0,32857.66,22101.122,623,467,156,74.96,51.035,1.821,1212.127,6566,895.28,504.92,33017.68,3587.99,32857.66,-0.48
ETH-USDT-SWAP,15m,2H,0.007,0.006,0.025,148.0,28073.232,18868.4,623,469,154,75.281,62.337,1.923,1034.83,6566,770.89,420.87,28233.25,3562.44,28073.23,-0.57
ETH-USDT-SWAP,15m,2H,0.007,0.006,0.03,148.0,50182.694,33807.226,623,473,150,75.923,47.037,1.899,1854.144,6566,1073.92,625.62,50342.72,4587.77,50182.69,-0.32
ETH-USDT-SWAP,15m,2H,0.007,0.008,0.005,148.0,2.85,-98.074,623,303,320,48.636,99.088,0.753,-5.379,6566,26.63,-82.01,2.73,-89.76,2.85,4.57
ETH-USDT-SWAP,15m,2H,0.007,0.008,0.008,148.0,56.961,-61.513,623,355,268,56.982,87.061,0.94,-3.374,6566,132.97,-10.16,56.48,-57.53,56.96,0.86
ETH-USDT-SWAP,15m,2H,0.007,0.008,0.01,148.0,158.719,7.243,623,371,252,59.551,85.082,1.004,0.397,6566,269.54,82.12,160.96,-40.28,158.72,-1.39
ETH-USDT-SWAP,15m,2H,0.007,0.008,0.015,148.0,742.516,401.7,623,389,234,62.44,78.821,1.11,22.031,6566,332.03,124.34,726.78,118.89,742.52,2.17
ETH-USDT-SWAP,15m,2H,0.007,0.008,0.02,148.0,2866.308,1836.695,623,400,223,64.205,71.819,1.185,100.733,6566,359.96,143.22,2805.56,679.4,2866.31,2.17
ETH-USDT-SWAP,15m,2H,0.007,0.008,0.025,148.0,2033.653,1274.09,623,402,221,64.526,72.289,1.175,69.877,6566,290.01,95.95,1990.55,586.38,2033.65,2.17
ETH-USDT-SWAP,15m,2H,0.007,0.008,0.03,148.0,8166.893,5418.171,623,406,217,65.169,72.37,1.222,297.157,6566,531.55,259.15,7993.81,1403.87,8166.89,2.17
ETH-USDT-SWAP,15m,2H,0.007,0.01,0.005,148.0,0.295,-99.8,623,262,361,42.055,99.894,0.686,-5.474,6566,10.82,-92.69,0.27,-97.48,0.3,8.55
ETH-USDT-SWAP,15m,2H,0.007,0.01,0.008,148.0,1.953,-98.68,623,305,318,48.957,99.497,0.822,-5.412,6566,30.12,-79.65,1.87,-93.81,1.95,4.7
ETH-USDT-SWAP,15m,2H,0.007,0.01,0.01,148.0,3.285,-97.78,623,318,305,51.043,99.261,0.845,-5.363,6566,47.47,-67.93,3.21,-93.24,3.28,2.37
ETH-USDT-SWAP,15m,2H,0.007,0.01,0.015,148.0,6.9,-95.338,623,334,289,53.612,98.716,0.842,-5.229,6566,34.36,-76.79,6.51,-81.06,6.9,6.06
ETH-USDT-SWAP,15m,2H,0.007,0.01,0.02,148.0,16.699,-88.717,623,344,279,55.217,96.725,0.883,-4.866,6566,33.28,-77.51,15.75,-52.69,16.7,6.06
ETH-USDT-SWAP,15m,2H,0.007,0.01,0.025,148.0,11.13,-92.48,623,345,278,55.377,98.283,0.868,-5.072,6566,32.8,-77.84,10.49,-68.0,11.13,6.06
ETH-USDT-SWAP,15m,2H,0.007,0.01,0.03,148.0,44.273,-70.086,623,349,274,56.019,92.933,0.932,-3.844,6566,61.24,-58.62,41.74,-31.84,44.27,6.06
ETH-USDT-SWAP,15m,2H,0.007,0.012,0.005,148.0,0.031,-99.979,623,239,384,38.363,99.99,0.664,-5.483,6566,5.77,-96.1,0.03,-99.53,0.03,12.61
ETH-USDT-SWAP,15m,2H,0.007,0.012,0.008,148.0,0.115,-99.922,623,277,346,44.462,99.972,0.787,-5.48,6566,13.39,-90.95,0.11,-99.21,0.11,8.61
ETH-USDT-SWAP,15m,2H,0.007,0.012,0.01,148.0,0.185,-99.875,623,291,332,46.709,99.957,0.797,-5.478,6566,15.98,-89.2,0.17,-98.91,0.19,6.19
ETH-USDT-SWAP,15m,2H,0.007,0.012,0.015,148.0,0.213,-99.856,623,305,318,48.957,99.939,0.755,-5.477,6566,8.33,-94.37,0.19,-97.67,0.21,10.02
ETH-USDT-SWAP,15m,2H,0.007,0.012,0.02,148.0,0.379,-99.744,623,314,309,50.401,99.915,0.791,-5.47,6566,9.27,-93.74,0.34,-96.28,0.38,10.02
ETH-USDT-SWAP,15m,2H,0.007,0.012,0.025,148.0,0.306,-99.793,623,315,308,50.562,99.931,0.79,-5.473,6566,9.31,-93.71,0.28,-97.01,0.31,10.02
ETH-USDT-SWAP,15m,2H,0.007,0.012,0.03,148.0,1.228,-99.17,623,319,304,51.204,99.745,0.811,-5.439,6566,17.7,-88.04,1.12,-93.69,1.23,10.02
ETH-USDT-SWAP,15m,2H,0.007,0.015,0.005,148.0,0.003,-99.998,623,221,402,35.474,99.999,0.634,-5.484,6566,3.24,-97.81,0.0,-99.91,0.0,5.78
ETH-USDT-SWAP,15m,2H,0.007,0.015,0.008,148.0,0.007,-99.995,623,255,368,40.931,99.998,0.763,-5.484,6566,7.04,-95.24,0.01,-99.9,0.01,2.03
ETH-USDT-SWAP,15m,2H,0.007,0.015,0.01,148.0,0.01,-99.994,623,268,355,43.018,99.997,0.745,-5.484,6566,6.26,-95.77,0.01,-99.85,0.01,-0.25
ETH-USDT-SWAP,15m,2H,0.007,0.015,0.015,148.0,0.006,-99.996,623,280,343,44.944,99.998,0.701,-5.484,6566,3.3,-97.77,0.01,-99.81,0.01,3.35
ETH-USDT-SWAP,15m,2H,0.007,0.015,0.02,148.0,0.005,-99.996,623,287,336,46.067,99.998,0.697,-5.484,6566,2.42,-98.37,0.01,-99.78,0.01,3.35
ETH-USDT-SWAP,15m,2H,0.007,0.015,0.025,148.0,0.005,-99.997,623,289,334,46.388,99.999,0.69,-5.484,6566,3.09,-97.92,0.0,-99.85,0.0,3.35
ETH-USDT-SWAP,15m,2H,0.007,0.015,0.03,148.0,0.008,-99.995,623,291,332,46.709,99.998,0.705,-5.484,6566,6.8,-95.41,0.01,-99.89,0.01,3.35
ETH-USDT-SWAP,15m,2H,0.007,0.02,0.005,148.0,0.001,-99.999,623,213,410,34.189,100.0,0.662,-5.484,6566,4.13,-97.21,0.0,-99.97,0.0,10.47
ETH-USDT-SWAP,15m,2H,0.007,0.02,0.008,148.0,0.001,-99.999,623,241,382,38.684,100.0,0.779,-5.484,6566,6.43,-95.65,0.0,-99.98,0.0,6.55
ETH-USDT-SWAP,15m,2H,0.007,0.02,0.01,148.0,0.001,-99.999,623,253,370,40.61,100.0,0.759,-5.484,6566,5.72,-96.14,0.0,-99.98,0.0,4.18
ETH-USDT-SWAP,15m,2H,0.007,0.02,0.015,148.0,0.001,-99.999,623,264,359,42.376,100.0,0.712,-5.484,6566,3.02,-97.96,0.0,-99.97,0.0,7.93
ETH-USDT-SWAP,15m,2H,0.007,0.02,0.02,148.0,0.001,-100.0,623,270,353,43.339,100.0,0.706,-5.484,6566,2.21,-98.51,0.0,-99.98,0.0,7.93
ETH-USDT-SWAP,15m,2H,0.007,0.02,0.025,148.0,0.0,-100.0,623,272,351,43.66,100.0,0.7,-5.484,6566,2.94,-98.01,0.0,-99.99,0.0,7.93
ETH-USDT-SWAP,15m,2H,0.007,0.02,0.03,148.0,0.001,-100.0,623,273,350,43.82,100.0,0.713,-5.484,6566,6.77,-95.42,0.0,-99.99,0.0,7.93
ETH-USDT-SWAP,15m,2H,0.007,0.03,0.005,148.0,0.0,-100.0,623,206,417,33.066,100.0,0.598,-5.484,6566,1.96,-98.68,0.0,-99.99,0.0,11.84
ETH-USDT-SWAP,15m,2H,0.007,0.03,0.008,148.0,0.0,-100.0,623,233,390,37.4,100.0,0.674,-5.484,6566,2.0,-98.65,0.0,-100.0,0.0,7.87
ETH-USDT-SWAP,15m,2H,0.007,0.03,0.01,148.0,0.0,-100.0,623,245,378,39.326,100.0,0.656,-5.484,6566,1.7,-98.85,0.0,-99.99,0.0,5.47
ETH-USDT-SWAP,15m,2H,0.007,0.03,0.015,148.0,0.0,-100.0,623,256,367,41.091,100.0,0.686,-5.484,6566,1.51,-98.98,0.0,-99.99,0.0,9.27
ETH-USDT-SWAP,15m,2H,0.007,0.03,0.02,148.0,0.0,-100.0,623,260,363,41.734,100.0,0.68,-5.484,6566,1.11,-99.25,0.0,-100.0,0.0,9.27
ETH-USDT-SWAP,15m,2H,0.007,0.03,0.025,148.0,0.0,-100.0,623,262,361,42.055,100.0,0.675,-5.484,6566,1.6,-98.92,0.0,-100.0,0.0,9.27
ETH-USDT-SWAP,15m,2H,0.007,0.03,0.03,148.0,0.0,-100.0,623,263,360,42.215,100.0,0.681,-5.484,6566,3.26,-97.8,0.0,-100.0,0.0,9.27
ETH-USDT-SWAP,15m,2H,0.01,0.004,0.005,148.0,5.633,-96.194,396,270,126,68.182,96.805,0.669,-5.276,6566,81.75,-44.76,5.52,-93.24,5.63,2.0
ETH-USDT-SWAP,15m,2H,0.01,0.004,0.008,148.0,51.607,-65.13,396,317,79,80.051,86.095,0.876,-3.572,6566,242.6,63.92,50.6,-79.14,51.61,2.0
ETH-USDT-SWAP,15m,2H,0.01,0.004,0.01,148.0,66.449,-55.102,396,328,68,82.828,82.296,0.883,-3.022,6566,189.44,28.0,65.15,-65.61,66.45,2.0
ETH-USDT-SWAP,15m,2H,0.01,0.004,0.015,148.0,1100.496,643.578,396,354,42,89.394,55.8,1.419,35.297,6566,425.65,187.6,1078.92,153.48,1100.5,2.0
ETH-USDT-SWAP,15m,2H,0.01,0.004,0.02,148.0,995.341,572.528,396,358,38,90.404,62.27,1.298,31.4,6566,567.71,283.59,975.82,71.89,995.34,2.0
ETH-USDT-SWAP,15m,2H,0.01,0.004,0.025,148.0,2783.418,1780.688,396,362,34,91.414,65.855,1.737,97.661,6566,694.8,369.46,2728.84,292.75,2783.42,2.0
ETH-USDT-SWAP,15m,2H,0.01,0.004,0.03,148.0,7987.886,5297.22,396,366,30,92.424,41.515,1.946,290.524,6566,970.82,555.96,7831.26,706.67,7987.89,2.0
ETH-USDT-SWAP,15m,2H,0.01,0.006,0.005,148.0,227.098,53.445,396,252,144,63.636,66.204,1.041,2.931,6566,270.62,82.85,218.36,-19.31,227.1,4.0
ETH-USDT-SWAP,15m,2H,0.01,0.006,0.008,148.0,3650.816,2366.768,396,296,100,74.747,69.729,1.414,129.804,6566,927.67,526.8,3510.4,278.41,3650.82,4.0
ETH-USDT-SWAP,15m,2H,0.01,0.006,0.01,148.0,5119.627,3359.207,396,306,90,77.273,76.932,1.597,184.234,6566,722.63,388.27,4922.72,581.22,5119.63,4.0
ETH-USDT-SWAP,15m,2H,0.01,0.006,0.015,148.0,49781.33,33536.034,396,332,64,83.838,50.339,2.457,1839.271,6566,1720.33,1062.39,49181.33,2758.83,49781.33,1.22
ETH-USDT-SWAP,15m,2H,0.01,0.006,0.02,148.0,51072.212,34408.251,396,336,60,84.848,44.632,2.141,1887.107,6566,2560.46,1630.04,50472.21,1871.22,51072.21,1.19
ETH-USDT-SWAP,15m,2H,0.01,0.006,0.025,148.0,63868.285,43054.247,396,339,57,85.606,54.612,2.954,2361.293,6566,2448.19,1554.19,63268.29,2484.28,63868.29,0.95
ETH-USDT-SWAP,15m,2H,0.01,0.006,0.03,148.0,82421.008,55589.87,396,343,53,86.616,45.399,3.535,3048.805,6566,3487.84,2256.65,81821.01,2245.89,82421.01,0.73
ETH-USDT-SWAP,15m,2H,0.01,0.008,0.005,148.0,297.892,101.278,396,220,176,55.556,59.221,1.044,5.555,6566,418.76,182.94,321.35,-23.26,297.89,-7.3
ETH-USDT-SWAP,15m,2H,0.01,0.008,0.008,148.0,5187.838,3405.296,396,262,134,66.162,62.099,1.247,186.762,6566,1561.31,954.94,5783.54,270.43,5187.84,-10.3
ETH-USDT-SWAP,15m,2H,0.01,0.008,0.01,148.0,6526.487,4309.789,396,270,126,68.182,71.693,1.28,236.369,6566,1273.44,760.44,7441.83,484.39,6526.49,-12.3
ETH-USDT-SWAP,15m,2H,0.01,0.008,0.015,148.0,55950.354,37704.293,396,293,103,73.99,57.752,1.918,2067.877,6566,2148.86,1351.93,56872.4,2546.63,55950.35,-1.62
ETH-USDT-SWAP,15m,2H,0.01,0.008,0.02,148.0,58638.692,39520.738,396,297,99,75.0,54.894,1.814,2167.499,6566,3399.08,2196.67,59560.74,1652.26,58638.69,-1.55
ETH-USDT-SWAP,15m,2H,0.01,0.008,0.025,148.0,71637.412,48303.657,396,300,96,75.758,57.705,2.24,2649.195,6566,3250.04,2095.97,72559.46,2132.57,71637.41,-1.27
ETH-USDT-SWAP,15m,2H,0.01,0.008,0.03,148.0,90925.996,61336.484,396,304,92,76.768,44.349,2.568,3363.975,6566,4719.24,3088.67,91848.04,1846.25,90926.0,-1.0
ETH-USDT-SWAP,15m,2H,0.01,0.01,0.005,148.0,45.583,-69.201,396,188,208,47.475,81.011,0.93,-3.795,6566,192.28,29.92,49.17,-74.43,45.58,-7.3
ETH-USDT-SWAP,15m,2H,0.01,0.01,0.008,148.0,686.898,364.12,396,227,169,57.323,68.878,1.093,19.97,6566,684.55,362.53,765.77,11.86,686.9,-10.3
ETH-USDT-SWAP,15m,2H,0.01,0.01,0.01,148.0,803.43,442.858,396,235,161,59.343,73.767,1.119,24.288,6566,510.18,244.72,916.11,79.57,803.43,-12.3
ETH-USDT-SWAP,15m,2H,0.01,0.01,0.015,148.0,7680.837,5089.755,396,254,142,64.141,59.944,1.281,279.146,6566,720.92,387.11,8183.9,1035.21,7680.84,-6.15
ETH-USDT-SWAP,15m,2H,0.01,0.01,0.02,148.0,3076.109,1978.452,396,256,140,64.646,74.98,1.135,108.507,6566,819.09,453.44,3277.58,300.15,3076.11,-6.15
ETH-USDT-SWAP,15m,2H,0.01,0.01,0.025,148.0,5695.582,3748.366,396,259,137,65.404,60.663,1.231,205.578,6566,685.62,363.26,6068.62,785.12,5695.58,-6.15
ETH-USDT-SWAP,15m,2H,0.01,0.01,0.03,148.0,19489.431,13068.534,396,262,134,66.162,61.882,1.272,716.739,6566,1258.56,750.38,20411.48,1521.81,19489.43,-4.52
ETH-USDT-SWAP,15m,2H,0.01,0.012,0.005,148.0,13.482,-90.89,396,170,226,42.929,95.337,0.872,-4.985,6566,112.27,-24.14,14.54,-87.05,13.48,-7.3
ETH-USDT-SWAP,15m,2H,0.01,0.012,0.008,148.0,124.474,-15.896,396,204,192,51.515,85.901,0.991,-0.872,6566,289.64,95.7,138.77,-52.09,124.47,-10.3
ETH-USDT-SWAP,15m,2H,0.01,0.012,0.01,148.0,130.469,-11.845,396,211,185,53.283,85.867,0.992,-0.65,6566,201.74,36.31,148.77,-26.26,130.47,-12.3
ETH-USDT-SWAP,15m,2H,0.01,0.012,0.015,148.0,815.28,450.865,396,227,169,57.323,74.714,1.088,24.727,6566,239.01,61.49,868.68,263.45,815.28,-6.15
ETH-USDT-SWAP,15m,2H,0.01,0.012,0.02,148.0,362.974,145.253,396,230,166,58.081,89.256,1.028,7.966,6566,290.8,96.48,386.75,33.0,362.97,-6.15
ETH-USDT-SWAP,15m,2H,0.01,0.012,0.025,148.0,834.222,463.664,396,233,163,58.838,73.145,1.081,25.429,6566,243.41,64.47,888.86,265.16,834.22,-6.15
ETH-USDT-SWAP,15m,2H,0.01,0.012,0.03,148.0,3056.728,1965.357,396,236,160,59.596,66.462,1.111,107.789,6566,455.1,207.5,3256.93,615.66,3056.73,-6.15
ETH-USDT-SWAP,15m,2H,0.01,0.015,0.005,148.0,0.681,-99.54,396,148,248,37.374,99.735,0.791,-5.459,6566,64.94,-56.12,0.73,-98.87,0.68,-7.3
ETH-USDT-SWAP,15m,2H,0.01,0.015,0.008,148.0,2.287,-98.455,396,179,217,45.202,99.061,0.826,-5.4,6566,86.39,-41.63,2.55,-97.05,2.29,-10.3
ETH-USDT-SWAP,15m,2H,0.01,0.015,0.01,148.0,1.662,-98.877,396,186,210,46.97,99.254,0.78,-5.423,6566,53.76,-63.68,1.89,-96.47,1.66,-12.3
ETH-USDT-SWAP,15m,2H,0.01,0.015,0.015,148.0,3.604,-97.565,396,198,198,50.0,98.666,0.774,-5.351,6566,31.39,-78.79,3.84,-87.77,3.6,-6.15
ETH-USDT-SWAP,15m,2H,0.01,0.015,0.02,148.0,1.467,-99.009,396,201,195,50.758,99.543,0.829,-5.43,6566,56.59,-61.77,1.56,-97.24,1.47,-6.15
ETH-USDT-SWAP,15m,2H,0.01,0.015,0.025,148.0,2.904,-98.038,396,204,192,51.515,99.099,0.817,-5.377,6566,47.37,-68.0,3.09,-93.47,2.9,-6.15
ETH-USDT-SWAP,15m,2H,0.01,0.015,0.03,148.0,12.446,-91.59,396,207,189,52.273,95.853,0.878,-5.023,6566,90.97,-38.53,13.26,-85.42,12.45,-6.15
ETH-USDT-SWAP,15m,2H,0.01,0.02,0.005,148.0,0.101,-99.932,396,135,261,34.091,99.968,0.783,-5.481,6566,46.59,-68.52,0.11,-99.77,0.1,-7.3
ETH-USDT-SWAP,15m,2H,0.01,0.02,0.008,148.0,0.252,-99.83,396,164,232,41.414,99.918,0.776,-5.475,6566,54.1,-63.44,0.28,-99.48,0.25,-10.3
ETH-USDT-SWAP,15m,2H,0.01,0.02,0.01,148.0,0.144,-99.903,396,170,226,42.929,99.948,0.727,-5.479,6566,31.46,-78.74,0.16,-99.48,0.14,-12.3
ETH-USDT-SWAP,15m,2H,0.01,0.02,0.015,148.0,0.145,-99.902,396,180,216,45.455,99.952,0.696,-5.479,6566,16.84,-88.62,0.15,-99.08,0.14,-6.15
ETH-USDT-SWAP,15m,2H,0.01,0.02,0.02,148.0,0.044,-99.97,396,183,213,46.212,99.985,0.72,-5.483,6566,27.9,-81.15,0.05,-99.83,0.04,-6.15
ETH-USDT-SWAP,15m,2H,0.01,0.02,0.025,148.0,0.053,-99.964,396,185,211,46.717,99.982,0.707,-5.482,6566,23.77,-83.94,0.06,-99.76,0.05,-6.15
ETH-USDT-SWAP,15m,2H,0.01,0.02,0.03,148.0,0.08,-99.946,396,186,210,46.97,99.973,0.741,-5.482,6566,49.96,-66.24,0.08,-99.83,0.08,-6.15
ETH-USDT-SWAP,15m,2H,0.01,0.03,0.005,148.0,0.027,-99.981,396,131,265,33.081,99.99,0.65,-5.483,6566,18.41,-87.56,0.03,-99.84,0.03,-7.3
ETH-USDT-SWAP,15m,2H,0.01,0.03,0.008,148.0,0.075,-99.949,396,160,236,40.404,99.98,0.711,-5.482,6566,29.46,-80.1,0.08,-99.72,0.07,-10.3
ETH-USDT-SWAP,15m,2H,0.01,0.03,0.01,148.0,0.029,-99.98,396,164,232,41.414,99.99,0.668,-5.483,6566,17.13,-88.42,0.03,-99.81,0.03,-12.3
ETH-USDT-SWAP,15m,2H,0.01,0.03,0.015,148.0,0.022,-99.985,396,173,223,43.687,99.992,0.641,-5.484,6566,9.17,-93.81,0.02,-99.74,0.02,-6.15
ETH-USDT-SWAP,15m,2H,0.01,0.03,0.02,148.0,0.008,-99.995,396,176,220,44.444,99.997,0.665,-5.484,6566,16.48,-88.86,0.01,-99.95,0.01,-6.15
ETH-USDT-SWAP,15m,2H,0.01,0.03,0.025,148.0,0.008,-99.995,396,177,219,44.697,99.997,0.655,-5.484,6566,14.04,-90.51,0.01,-99.94,0.01,-6.15
ETH-USDT-SWAP,15m,2H,0.01,0.03,0.03,148.0,0.011,-99.993,396,178,218,44.949,99.996,0.674,-5.484,6566,26.92,-81.81,0.01,-99.96,0.01,-6.15
ETH-USDT-SWAP,30m,4H,0.001,0.004,0.005,148.0,0.005,-99.997,856,541,315,63.201,99.997,0.414,-5.474,3289,4.35,-97.06,0.01,-99.88,0.0,-3.28
ETH-USDT-SWAP,30m,4H,0.001,0.004,0.008,148.0,3.814,-97.423,856,657,199,76.752,98.48,0.673,-5.333,3289,31.2,-78.92,4.08,-86.94,3.81,-6.41
ETH-USDT-SWAP,30m,4H,0.001,0.004,0.01,148.0,31.533,-78.694,856,691,165,80.724,92.152,0.865,-4.308,3289,116.98,-20.96,34.46,-70.54,31.53,-8.49
ETH-USDT-SWAP,30m,4H,0.001,0.004,0.015,148.0,988.089,567.627,856,729,127,85.164,85.638,1.174,31.074,3289,649.03,338.54,1057.5,62.93,988.09,-6.56
ETH-USDT-SWAP,30m,4H,0.001,0.004,0.02,148.0,2303.321,1456.298,856,741,115,86.565,82.76,1.355,79.724,3289,737.2,398.11,2465.11,234.39,2303.32,-6.56
ETH-USDT-SWAP,30m,4H,0.001,0.004,0.025,148.0,3914.565,2544.976,856,747,109,87.266,72.316,1.395,139.324,3289,679.33,359.01,4189.54,516.71,3914.56,-6.56
ETH-USDT-SWAP,30m,4H,0.001,0.004,0.03,148.0,6722.45,4442.196,856,751,105,87.734,70.747,1.542,243.186,3289,957.4,546.89,7194.66,651.48,6722.45,-6.56
ETH-USDT-SWAP,30m,4H,0.001,0.006,0.005,148.0,0.003,-99.998,856,428,428,50.0,99.998,0.541,-5.474,3289,5.8,-96.08,0.0,-99.94,0.0,-11.64
ETH-USDT-SWAP,30m,4H,0.001,0.006,0.008,148.0,1.664,-98.876,856,528,328,61.682,99.203,0.739,-5.413,3289,34.16,-76.92,2.01,-94.11,1.66,-17.26
ETH-USDT-SWAP,30m,4H,0.001,0.006,0.01,148.0,13.967,-90.563,856,560,296,65.421,93.443,0.879,-4.958,3289,127.58,-13.8,16.11,-87.37,13.97,-13.28
ETH-USDT-SWAP,30m,4H,0.001,0.006,0.015,148.0,263.896,78.308,856,593,263,69.276,92.108,1.023,4.287,3289,738.49,398.98,298.04,-59.64,263.9,-11.46
ETH-USDT-SWAP,30m,4H,0.001,0.006,0.02,148.0,803.72,443.054,856,606,250,70.794,88.951,1.087,24.255,3289,939.84,535.03,907.7,-3.42,803.72,-11.46
ETH-USDT-SWAP,30m,4H,0.001,0.006,0.025,148.0,485.403,227.975,856,610,246,71.262,91.263,1.055,12.48,3289,810.34,447.52,548.2,-32.35,485.4,-11.46
ETH-USDT-SWAP,30m,4H,0.001,0.006,0.03,148.0,1165.789,687.696,856,614,242,71.729,87.819,1.12,37.648,3289,1005.0,579.05,1316.61,31.01,1165.79,-11.46
ETH-USDT-SWAP,30m,4H,0.001,0.008,0.005,148.0,0.001,-100.0,856,357,499,41.706,100.0,0.556,-5.474,3289,4.15,-97.2,0.0,-99.98,0.0,-10.42
ETH-USDT-SWAP,30m,4H,0.001,0.008,0.008,148.0,0.147,-99.901,856,445,411,51.986,99.928,0.756,-5.469,3289,23.02,-84.45,0.17,-99.24,0.15,-16.12
ETH-USDT-SWAP,30m,4H,0.001,0.008,0.01,148.0,0.598,-99.596,856,472,384,55.14,99.673,0.832,-5.452,3289,61.48,-58.46,0.68,-98.89,0.6,-12.09
ETH-USDT-SWAP,30m,4H,0.001,0.008,0.015,148.0,7.072,-95.222,856,504,352,58.879,98.788,0.945,-5.213,3289,255.26,72.47,7.88,-96.91,7.07,-10.23
ETH-USDT-SWAP,30m,4H,0.001,0.008,0.02,148.0,27.923,-81.133,856,516,340,60.28,97.476,0.971,-4.442,3289,407.91,175.61,31.11,-92.37,27.92,-10.23
ETH-USDT-SWAP,30m,4H,0.001,0.008,0.025,148.0,11.283,-92.377,856,519,337,60.631,98.722,0.962,-5.057,3289,340.04,129.76,12.57,-96.3,11.28,-10.23
ETH-USDT-SWAP,30m,4H,0.001,0.008,0.03,148.0,33.101,-77.634,856,523,333,61.098,98.541,0.975,-4.25,3289,392.72,165.35,36.87,-90.61,33.1,-10.23
ETH-USDT-SWAP,30m,4H,0.001,0.01,0.005,148.0,0.0,-100.0,856,314,542,36.682,100.0,0.479,-5.474,3289,2.43,-98.36,0.0,-99.99,0.0,-8.72
ETH-USDT-SWAP,30m,4H,0.001,0.01,0.008,148.0,0.011,-99.993,856,389,467,45.444,99.993,0.578,-5.474,3289,7.17,-95.16,0.01,-99.82,0.01,-14.53
ETH-USDT-SWAP,30m,4H,0.001,0.01,0.01,148.0,0.021,-99.986,856,413,443,48.248,99.987,0.603,-5.474,3289,13.55,-90.85,0.02,-99.83,0.02,-10.42
ETH-USDT-SWAP,30m,4H,0.001,0.01,0.015,148.0,0.069,-99.953,856,443,413,51.752,99.964,0.754,-5.472,3289,36.45,-75.37,0.08,-99.79,0.07,-8.53
ETH-USDT-SWAP,30m,4H,0.001,0.01,0.02,148.0,0.669,-99.548,856,459,397,53.621,99.711,0.855,-5.45,3289,77.72,-47.48,0.73,-99.06,0.67,-8.53
ETH-USDT-SWAP,30m,4H,0.001,0.01,0.025,148.0,0.449,-99.696,856,462,394,53.972,99.828,0.837,-5.458,3289,53.07,-64.14,0.49,-99.07,0.45,-8.53
ETH-USDT-SWAP,30m,4H,0.001,0.01,0.03,148.0,0.841,-99.431,856,465,391,54.322,99.766,0.848,-5.443,3289,49.5,-66.56,0.92,-98.14,0.84,-8.53
ETH-USDT-SWAP,30m,4H,0.001,0.012,0.005,148.0,0.0,-100.0,856,280,576,32.71,100.0,0.346,-5.474,3289,0.42,-99.71,0.0,-100.0,0.0,-7.03
ETH-USDT-SWAP,30m,4H,0.001,0.012,0.008,148.0,0.001,-100.0,856,350,506,40.888,100.0,0.417,-5.474,3289,0.78,-99.47,0.0,-99.92,0.0,-12.95
ETH-USDT-SWAP,30m,4H,0.001,0.012,0.01,148.0,0.0,-100.0,856,370,486,43.224,100.0,0.411,-5.474,3289,1.42,-99.04,0.0,-99.96,0.0,-8.76
ETH-USDT-SWAP,30m,4H,0.001,0.012,0.015,148.0,0.001,-100.0,856,396,460,46.262,100.0,0.557,-5.474,3289,3.56,-97.6,0.0,-99.98,0.0,-6.84
ETH-USDT-SWAP,30m,4H,0.001,0.012,0.02,148.0,0.002,-99.999,856,407,449,47.547,99.999,0.618,-5.474,3289,5.3,-96.42,0.0,-99.97,0.0,-6.84
ETH-USDT-SWAP,30m,4H,0.001,0.012,0.025,148.0,0.002,-99.999,856,412,444,48.131,99.999,0.606,-5.474,3289,4.57,-96.91,0.0,-99.95,0.0,-6.84
ETH-USDT-SWAP,30m,4H,0.001,0.012,0.03,148.0,0.002,-99.998,856,414,442,48.364,99.999,0.614,-5.474,3289,4.6,-96.89,0.0,-99.95,0.0,-6.84
ETH-USDT-SWAP,30m,4H,0.001,0.015,0.005,148.0,0.0,-100.0,856,261,595,30.491,100.0,0.33,-5.474,3289,0.17,-99.89,0.0,-99.99,0.0,-4.48
ETH-USDT-SWAP,30m,4H,0.001,0.015,0.008,148.0,0.0,-100.0,856,326,530,38.084,100.0,0.405,-5.474,3289,0.43,-99.71,0.0,-99.96,0.0,-10.57
ETH-USDT-SWAP,30m,4H,0.001,0.015,0.01,148.0,0.0,-100.0,856,344,512,40.187,100.0,0.382,-5.474,3289,0.65,-99.56,0.0,-99.99,0.0,-6.27
ETH-USDT-SWAP,30m,4H,0.001,0.015,0.015,148.0,0.0,-100.0,856,363,493,42.407,100.0,0.458,-5.474,3289,1.03,-99.31,0.0,-100.0,0.0,-4.29
ETH-USDT-SWAP,30m,4H,0.001,0.015,0.02,148.0,0.0,-100.0,856,373,483,43.575,100.0,0.483,-5.474,3289,0.9,-99.39,0.0,-99.99,0.0,-4.29
ETH-USDT-SWAP,30m,4H,0.001,0.015,0.025,148.0,0.0,-100.0,856,378,478,44.159,100.0,0.477,-5.474,3289,0.79,-99.47,0.0,-99.99,0.0,-4.29
ETH-USDT-SWAP,30m,4H,0.001,0.015,0.03,148.0,0.0,-100.0,856,380,476,44.393,100.0,0.474,-5.474,3289,0.69,-99.54,0.0,-99.99,0.0,-4.29
ETH-USDT-SWAP,30m,4H,0.001,0.02,0.005,148.0,0.0,-100.0,856,240,616,28.037,100.0,0.28,-5.474,3289,0.1,-99.93,0.0,-100.0,0.0,-4.82
ETH-USDT-SWAP,30m,4H,0.001,0.02,0.008,148.0,0.0,-100.0,856,301,555,35.164,100.0,0.288,-5.474,3289,0.08,-99.95,0.0,-100.0,0.0,-10.88
ETH-USDT-SWAP,30m,4H,0.001,0.02,0.01,148.0,0.0,-100.0,856,321,535,37.5,100.0,0.269,-5.474,3289,0.13,-99.91,0.0,-100.0,0.0,-6.6
ETH-USDT-SWAP,30m,4H,0.001,0.02,0.015,148.0,0.0,-100.0,856,339,517,39.603,100.0,0.373,-5.474,3289,0.19,-99.87,0.0,-100.0,0.0,-4.63
ETH-USDT-SWAP,30m,4H,0.001,0.02,0.02,148.0,0.0,-100.0,856,351,505,41.005,100.0,0.397,-5.474,3289,0.18,-99.88,0.0,-100.0,0.0,-4.63
ETH-USDT-SWAP,30m,4H,0.001,0.02,0.025,148.0,0.0,-100.0,856,354,502,41.355,100.0,0.393,-5.474,3289,0.16,-99.89,0.0,-100.0,0.0,-4.63
ETH-USDT-SWAP,30m,4H,0.001,0.02,0.03,148.0,0.0,-100.0,856,355,501,41.472,100.0,0.39,-5.474,3289,0.13,-99.91,0.0,-100.0,0.0,-4.63
ETH-USDT-SWAP,30m,4H,0.001,0.03,0.005,148.0,0.0,-100.0,856,228,628,26.636,100.0,0.222,-5.474,3289,0.09,-99.94,0.0,-100.0,0.0,-4.82
ETH-USDT-SWAP,30m,4H,0.001,0.03,0.008,148.0,0.0,-100.0,856,289,567,33.762,100.0,0.231,-5.474,3289,0.06,-99.96,0.0,-100.0,0.0,-10.88
ETH-USDT-SWAP,30m,4H,0.001,0.03,0.01,148.0,0.0,-100.0,856,308,548,35.981,100.0,0.219,-5.474,3289,0.12,-99.92,0.0,-100.0,0.0,-6.6
ETH-USDT-SWAP,30m,4H,0.001,0.03,0.015,148.0,0.0,-100.0,856,329,527,38.435,100.0,0.374,-5.474,3289,0.22,-99.85,0.0,-100.0,0.0,-4.63
ETH-USDT-SWAP,30m,4H,0.001,0.03,0.02,148.0,0.0,-100.0,856,339,517,39.603,100.0,0.396,-5.474,3289,0.22,-99.85,0.0,-100.0,0.0,-4.63
ETH-USDT-SWAP,30m,4H,0.001,0.03,0.025,148.0,0.0,-100.0,856,342,514,39.953,100.0,0.392,-5.474,3289,0.2,-99.86,0.0,-100.0,0.0,-4.63
ETH-USDT-SWAP,30m,4H,0.001,0.03,0.03,148.0,0.0,-100.0,856,344,512,40.187,100.0,0.39,-5.474,3289,0.16,-99.89,0.0,-100.0,0.0,-4.63
ETH-USDT-SWAP,30m,4H,0.002,0.004,0.005,148.0,0.207,-99.86,762,515,247,67.585,99.873,0.506,-5.467,3289,12.47,-91.57,0.21,-98.31,0.21,-1.99
ETH-USDT-SWAP,30m,4H,0.002,0.004,0.008,148.0,18.509,-87.494,762,604,158,79.265,92.569,0.804,-4.79,3289,67.0,-54.73,19.52,-70.87,18.51,-5.16
ETH-USDT-SWAP,30m,4H,0.002,0.004,0.01,148.0,91.127,-38.428,762,633,129,83.071,86.781,0.96,-2.104,3289,180.0,21.62,98.28,-45.4,91.13,-7.28
ETH-USDT-SWAP,30m,4H,0.002,0.004,0.015,148.0,4528.586,2959.855,762,673,89,88.32,71.633,1.331,162.036,3289,1076.81,627.57,4730.67,339.32,4528.59,-4.27
ETH-USDT-SWAP,30m,4H,0.002,0.004,0.02,148.0,14975.178,10018.364,762,685,77,89.895,69.855,1.624,548.451,3289,1453.32,881.97,15577.12,971.83,14975.18,-3.86
ETH-USDT-SWAP,30m,4H,0.002,0.004,0.025,148.0,35829.065,24108.827,762,692,70,90.814,58.571,1.899,1319.826,3289,2557.9,1628.31,36398.11,1322.97,35829.06,-1.56
ETH-USDT-SWAP,30m,4H,0.002,0.004,0.03,148.0,46340.983,31211.475,762,696,66,91.339,69.997,2.179,1708.657,3289,3574.06,2314.9,46910.03,1212.51,46340.98,-1.21
ETH-USDT-SWAP,30m,4H,0.002,0.006,0.005,148.0,0.363,-99.755,762,415,347,54.462,99.789,0.632,-5.461,3289,16.78,-88.67,0.4,-97.61,0.36,-9.56
ETH-USDT-SWAP,30m,4H,0.002,0.006,0.008,148.0,27.508,-81.413,762,493,269,64.698,93.845,0.862,-4.457,3289,58.46,-60.5,29.99,-48.7,27.51,-8.28
ETH-USDT-SWAP,30m,4H,0.002,0.006,0.01,148.0,113.412,-23.37,762,519,243,68.11,84.922,0.981,-1.279,3289,129.9,-12.23,126.47,-2.64,113.41,-10.33
ETH-USDT-SWAP,30m,4H,0.002,0.006,0.015,148.0,3402.152,2198.751,762,554,208,72.703,73.789,1.192,120.37,3289,745.7,403.85,3674.79,392.79,3402.15,-7.42
ETH-USDT-SWAP,30m,4H,0.002,0.006,0.02,148.0,9920.765,6603.22,762,565,197,74.147,74.515,1.359,361.49,3289,806.24,444.75,10715.78,1229.11,9920.76,-7.42
ETH-USDT-SWAP,30m,4H,0.002,0.006,0.025,148.0,29960.196,20143.376,762,573,189,75.197,68.122,1.574,1102.74,3289,1274.42,761.09,31013.73,2333.57,29960.2,-3.4
ETH-USDT-SWAP,30m,4H,0.002,0.006,0.03,148.0,39987.763,26918.759,762,577,185,75.722,78.756,1.667,1473.655,3289,1854.38,1152.96,41041.29,2113.21,39987.76,-2.57
ETH-USDT-SWAP,30m,4H,0.002,0.008,0.005,148.0,0.103,-99.931,762,348,414,45.669,99.938,0.645,-5.471,3289,13.13,-91.13,0.11,-99.17,0.1,-6.31
ETH-USDT-SWAP,30m,4H,0.002,0.008,0.008,148.0,7.5,-94.932,762,421,341,55.249,96.917,0.852,-5.197,3289,58.02,-60.79,7.89,-86.4,7.5,-4.98
ETH-USDT-SWAP,30m,4H,0.002,0.008,0.01,148.0,19.953,-86.518,762,442,320,58.005,94.226,0.914,-4.736,3289,103.39,-30.14,21.48,-79.23,19.95,-7.1
ETH-USDT-SWAP,30m,4H,0.002,0.008,0.015,148.0,230.248,55.573,762,471,291,61.811,92.492,1.012,3.042,3289,491.52,232.11,240.07,-51.16,230.25,-4.09
ETH-USDT-SWAP,30m,4H,0.002,0.008,0.02,148.0,665.392,349.589,762,481,281,63.123,91.76,1.065,19.138,3289,539.15,264.29,693.77,28.68,665.39,-4.09
ETH-USDT-SWAP,30m,4H,0.002,0.008,0.025,148.0,652.178,340.661,762,486,276,63.78,91.319,1.073,18.649,3289,425.2,187.3,680.0,59.92,652.18,-4.09
ETH-USDT-SWAP,30m,4H,0.002,0.008,0.03,148.0,1550.364,947.543,762,490,272,64.304,92.073,1.116,51.873,3289,744.67,403.15,1616.5,117.08,1550.36,-4.09
ETH-USDT-SWAP,30m,4H,0.002,0.01,0.005,148.0,0.029,-99.981,762,304,458,39.895,99.983,0.639,-5.473,3289,10.57,-92.86,0.03,-99.71,0.03,-5.94
ETH-USDT-SWAP,30m,4H,0.002,0.01,0.008,148.0,0.515,-99.652,762,366,396,48.031,99.75,0.803,-5.455,3289,38.53,-73.96,0.54,-98.6,0.51,-4.61
ETH-USDT-SWAP,30m,4H,0.002,0.01,0.01,148.0,0.81,-99.453,762,386,376,50.656,99.642,0.85,-5.445,3289,64.12,-56.67,0.87,-98.65,0.81,-6.73
ETH-USDT-SWAP,30m,4H,0.002,0.01,0.015,148.0,6.534,-95.585,762,416,346,54.593,99.0,0.948,-5.233,3289,241.97,63.5,6.79,-97.2,6.53,-3.71
ETH-USDT-SWAP,30m,4H,0.002,0.01,0.02,148.0,36.724,-75.187,762,428,334,56.168,96.538,0.971,-4.116,3289,329.93,122.92,38.14,-88.44,36.72,-3.71
ETH-USDT-SWAP,30m,4H,0.002,0.01,0.025,148.0,23.072,-84.411,762,432,330,56.693,98.488,0.961,-4.621,3289,243.45,64.49,23.96,-90.16,23.07,-3.71
ETH-USDT-SWAP,30m,4H,0.002,0.01,0.03,148.0,39.54,-73.284,762,434,328,56.955,98.242,0.975,-4.012,3289,335.53,126.71,41.06,-87.76,39.54,-3.71
ETH-USDT-SWAP,30m,4H,0.002,0.012,0.005,148.0,0.004,-99.997,762,273,489,35.827,99.997,0.51,-5.474,3289,2.53,-98.29,0.0,-99.82,0.0,-4.19
ETH-USDT-SWAP,30m,4H,0.002,0.012,0.008,148.0,0.041,-99.972,762,333,429,43.701,99.976,0.572,-5.473,3289,5.14,-96.53,0.04,-99.17,0.04,-2.84
ETH-USDT-SWAP,30m,4H,0.002,0.012,0.01,148.0,0.035,-99.976,762,351,411,46.063,99.981,0.612,-5.473,3289,6.16,-95.84,0.04,-99.4,0.04,-5.0
ETH-USDT-SWAP,30m,4H,0.002,0.012,0.015,148.0,0.119,-99.92,762,377,385,49.475,99.957,0.756,-5.47,3289,20.02,-86.48,0.12,-99.4,0.12,-1.92
ETH-USDT-SWAP,30m,4H,0.002,0.012,0.02,148.0,0.338,-99.772,762,387,375,50.787,99.905,0.794,-5.462,3289,32.57,-77.99,0.34,-98.94,0.34,-1.92
ETH-USDT-SWAP,30m,4H,0.002,0.012,0.025,148.0,0.31,-99.79,762,393,369,51.575,99.946,0.761,-5.463,3289,19.69,-86.7,0.32,-98.39,0.31,-1.92
ETH-USDT-SWAP,30m,4H,0.002,0.012,0.03,148.0,0.416,-99.719,762,395,367,51.837,99.921,0.776,-5.459,3289,23.91,-83.85,0.42,-98.22,0.42,-1.92
ETH-USDT-SWAP,30m,4H,0.002,0.015,0.005,148.0,0.001,-99.999,762,251,511,32.94,99.999,0.425,-5.474,3289,1.05,-99.29,0.0,-99.88,0.0,-1.57
ETH-USDT-SWAP,30m,4H,0.002,0.015,0.008,148.0,0.005,-99.997,762,306,456,40.157,99.997,0.481,-5.474,3289,2.32,-98.43,0.0,-99.79,0.0,-0.18
ETH-USDT-SWAP,30m,4H,0.002,0.015,0.01,148.0,0.002,-99.999,762,320,442,41.995,99.999,0.522,-5.474,3289,2.26,-98.47,0.0,-99.92,0.0,-2.4
ETH-USDT-SWAP,30m,4H,0.002,0.015,0.015,148.0,0.001,-100.0,762,337,425,44.226,100.0,0.555,-5.474,3289,3.28,-97.78,0.0,-99.98,0.0,0.76
ETH-USDT-SWAP,30m,4H,0.002,0.015,0.02,148.0,0.001,-99.999,762,346,416,45.407,99.999,0.563,-5.474,3289,2.86,-98.07,0.0,-99.96,0.0,0.76
ETH-USDT-SWAP,30m,4H,0.002,0.015,0.025,148.0,0.001,-99.999,762,352,410,46.194,99.999,0.553,-5.474,3289,2.72,-98.16,0.0,-99.96,0.0,0.76
ETH-USDT-SWAP,30m,4H,0.002,0.015,0.03,148.0,0.001,-99.999,762,353,409,46.325,100.0,0.558,-5.474,3289,3.35,-97.73,0.0,-99.97,0.0,0.76
ETH-USDT-SWAP,30m,4H,0.002,0.02,0.005,148.0,0.0,-100.0,762,230,532,30.184,100.0,0.38,-5.474,3289,0.59,-99.6,0.0,-99.98,0.0,-1.03
ETH-USDT-SWAP,30m,4H,0.002,0.02,0.008,148.0,0.0,-100.0,762,283,479,37.139,100.0,0.383,-5.474,3289,0.56,-99.62,0.0,-99.97,0.0,0.37
ETH-USDT-SWAP,30m,4H,0.002,0.02,0.01,148.0,0.0,-100.0,762,299,463,39.239,100.0,0.464,-5.474,3289,0.56,-99.62,0.0,-99.98,0.0,-1.87
ETH-USDT-SWAP,30m,4H,0.002,0.02,0.015,148.0,0.0,-100.0,762,315,447,41.339,100.0,0.485,-5.474,3289,0.75,-99.49,0.0,-100.0,0.0,1.31
ETH-USDT-SWAP,30m,4H,0.002,0.02,0.02,148.0,0.0,-100.0,762,325,437,42.651,100.0,0.497,-5.474,3289,0.75,-99.5,0.0,-99.99,0.0,1.31
ETH-USDT-SWAP,30m,4H,0.002,0.02,0.025,148.0,0.0,-100.0,762,329,433,43.176,100.0,0.489,-5.474,3289,0.69,-99.53,0.0,-100.0,0.0,1.31
ETH-USDT-SWAP,30m,4H,0.002,0.02,0.03,148.0,0.0,-100.0,762,330,432,43.307,100.0,0.488,-5.474,3289,0.8,-99.46,0.0,-100.0,0.0,1.31
ETH-USDT-SWAP,30m,4H,0.002,0.03,0.005,148.0,0.0,-100.0,762,218,544,28.609,100.0,0.251,-5.474,3289,0.34,-99.77,0.0,-100.0,0.0,-1.03
ETH-USDT-SWAP,30m,4H,0.002,0.03,0.008,148.0,0.0,-100.0,762,270,492,35.433,100.0,0.262,-5.474,3289,0.37,-99.75,0.0,-100.0,0.0,0.37
ETH-USDT-SWAP,30m,4H,0.002,0.03,0.01,148.0,0.0,-100.0,762,287,475,37.664,100.0,0.402,-5.474,3289,0.43,-99.71,0.0,-100.0,0.0,-1.87
ETH-USDT-SWAP,30m,4H,0.002,0.03,0.015,148.0,0.0,-100.0,762,303,459,39.764,100.0,0.431,-5.474,3289,0.68,-99.54,0.0,-100.0,0.0,1.31
ETH-USDT-SWAP,30m,4H,0.002,0.03,0.02,148.0,0.0,-100.0,762,312,450,40.945,100.0,0.442,-5.474,3289,0.68,-99.54,0.0,-100.0,0.0,1.31
ETH-USDT-SWAP,30m,4H,0.002,0.03,0.025,148.0,0.0,-100.0,762,316,446,41.47,100.0,0.436,-5.474,3289,0.68,-99.54,0.0,-100.0,0.0,1.31
ETH-USDT-SWAP,30m,4H,0.002,0.03,0.03,148.0,0.0,-100.0,762,318,444,41.732,100.0,0.435,-5.474,3289,0.78,-99.47,0.0,-100.0,0.0,1.31
ETH-USDT-SWAP,30m,4H,0.003,0.004,0.005,148.0,0.831,-99.438,678,465,213,68.584,99.481,0.56,-5.444,3289,19.83,-86.6,0.84,-95.78,0.83,-0.7
ETH-USDT-SWAP,30m,4H,0.003,0.004,0.008,148.0,20.989,-85.819,678,536,142,79.056,90.145,0.837,-4.698,3289,104.37,-29.48,21.84,-79.07,20.99,-3.92
ETH-USDT-SWAP,30m,4H,0.003,0.004,0.01,148.0,73.9,-50.068,678,559,119,82.448,90.527,0.956,-2.741,3289,322.85,118.14,78.67,-75.63,73.9,-6.06
ETH-USDT-SWAP,30m,4H,0.003,0.004,0.015,148.0,1645.571,1011.873,678,596,82,87.906,75.85,1.218,55.394,3289,938.81,534.33,1678.23,78.76,1645.57,-1.95
ETH-USDT-SWAP,30m,4H,0.003,0.004,0.02,148.0,12229.371,8163.088,678,611,67,90.118,60.095,1.482,446.884,3289,1479.3,899.53,12472.04,743.11,12229.37,-1.95
ETH-USDT-SWAP,30m,4H,0.003,0.004,0.025,148.0,26867.95,18054.02,678,617,61,91.003,60.264,1.681,988.359,3289,2633.81,1679.6,27093.11,928.66,26867.95,-0.83
ETH-USDT-SWAP,30m,4H,0.003,0.004,0.03,148.0,38148.33,25675.899,678,621,57,91.593,72.14,1.982,1405.615,3289,3680.12,2386.57,38373.49,942.72,38148.33,-0.59
ETH-USDT-SWAP,30m,4H,0.003,0.006,0.005,148.0,15.24,-89.703,678,404,274,59.587,93.541,0.757,-4.911,3289,30.74,-79.23,14.28,-53.53,15.24,6.7
ETH-USDT-SWAP,30m,4H,0.003,0.006,0.008,148.0,427.417,188.795,678,468,210,69.027,75.334,1.109,10.335,3289,172.39,16.48,413.98,140.14,427.42,3.25
ETH-USDT-SWAP,30m,4H,0.003,0.006,0.01,148.0,1636.439,1005.702,678,490,188,72.271,82.821,1.204,55.057,3289,550.45,271.92,1621.13,194.51,1636.44,0.94
ETH-USDT-SWAP,30m,4H,0.003,0.006,0.015,148.0,31360.846,21089.761,678,523,155,77.139,61.154,1.695,1154.549,3289,1194.86,707.34,30476.0,2450.58,31360.85,2.9
ETH-USDT-SWAP,30m,4H,0.003,0.006,0.02,148.0,57974.778,39072.147,678,535,143,78.909,56.101,1.976,2138.986,3289,1286.01,768.93,57089.94,4339.29,57974.78,1.55
ETH-USDT-SWAP,30m,4H,0.003,0.006,0.025,148.0,69386.497,46782.768,678,540,138,79.646,55.148,1.868,2561.1,3289,2083.67,1307.89,68501.66,3187.54,69386.5,1.29
ETH-USDT-SWAP,30m,4H,0.003,0.006,0.03,148.0,81576.551,55019.291,678,544,134,80.236,63.748,2.06,3012.005,3289,3070.51,1974.67,80691.71,2527.96,81576.55,1.1
ETH-USDT-SWAP,30m,4H,0.003,0.008,0.005,148.0,8.213,-94.45,678,343,335,50.59,95.491,0.771,-5.171,3289,41.02,-72.28,8.59,-79.05,8.21,-4.41
ETH-USDT-SWAP,30m,4H,0.003,0.008,0.008,148.0,154.724,4.543,678,401,277,59.145,84.722,1.003,0.249,3289,205.65,38.95,157.98,-23.18,154.72,-2.06
ETH-USDT-SWAP,30m,4H,0.003,0.008,0.01,148.0,412.372,178.63,678,420,258,61.947,88.89,1.047,9.779,3289,509.25,244.09,430.66,-15.43,412.37,-4.25
ETH-USDT-SWAP,30m,4H,0.003,0.008,0.015,148.0,3351.378,2164.444,678,449,229,66.224,83.705,1.183,118.491,3289,1039.21,602.17,3353.23,222.67,3351.38,-0.06
ETH-USDT-SWAP,30m,4H,0.003,0.008,0.02,148.0,18119.281,12142.758,678,461,217,67.994,80.596,1.345,664.75,3289,1362.8,820.81,18020.03,1222.28,18119.28,0.55
ETH-USDT-SWAP,30m,4H,0.003,0.008,0.025,148.0,13386.071,8944.643,678,465,213,68.584,83.731,1.314,489.67,3289,1737.19,1073.78,13393.49,670.98,13386.07,-0.06
ETH-USDT-SWAP,30m,4H,0.003,0.008,0.03,148.0,29751.034,20002.05,678,469,209,69.174,82.484,1.421,1095.003,3289,2868.54,1838.2,29651.78,933.69,29751.03,0.33
ETH-USDT-SWAP,30m,4H,0.003,0.01,0.005,148.0,0.877,-99.407,678,292,386,43.068,99.48,0.691,-5.442,3289,25.42,-82.83,0.91,-96.44,0.88,-3.1
ETH-USDT-SWAP,30m,4H,0.003,0.01,0.008,148.0,8.989,-93.926,678,345,333,50.885,96.359,0.892,-5.142,3289,114.07,-22.92,9.05,-92.06,8.99,-0.72
ETH-USDT-SWAP,30m,4H,0.003,0.01,0.01,148.0,23.053,-84.424,678,364,314,53.687,96.717,0.956,-4.622,3289,287.64,94.35,23.75,-91.74,23.05,-2.93
ETH-USDT-SWAP,30m,4H,0.003,0.01,0.015,148.0,99.184,-32.984,678,389,289,57.375,95.867,0.991,-1.806,3289,505.04,241.24,97.9,-80.62,99.18,1.31
ETH-USDT-SWAP,30m,4H,0.003,0.01,0.02,148.0,410.126,177.112,678,399,279,58.85,90.688,1.024,9.696,3289,789.28,433.29,404.81,-48.71,410.13,1.31
ETH-USDT-SWAP,30m,4H,0.003,0.01,0.025,148.0,200.862,35.717,678,402,276,59.292,96.225,1.006,1.955,3289,645.63,336.24,198.26,-69.29,200.86,1.31
ETH-USDT-SWAP,30m,4H,0.003,0.01,0.03,148.0,792.481,435.46,678,406,272,59.882,95.285,1.037,23.839,3289,1195.51,707.78,782.2,-34.57,792.48,1.31
ETH-USDT-SWAP,30m,4H,0.003,0.012,0.005,148.0,0.096,-99.935,678,263,415,38.791,99.944,0.524,-5.471,3289,9.48,-93.59,0.1,-98.98,0.1,-1.3
ETH-USDT-SWAP,30m,4H,0.003,0.012,0.008,148.0,0.226,-99.847,678,308,370,45.428,99.868,0.614,-5.466,3289,20.69,-86.02,0.22,-98.92,0.23,1.12
ETH-USDT-SWAP,30m,4H,0.003,0.012,0.01,148.0,0.266,-99.82,678,326,352,48.083,99.887,0.728,-5.465,3289,34.05,-76.99,0.27,-99.21,0.27,-1.13
ETH-USDT-SWAP,30m,4H,0.003,0.012,0.015,148.0,0.834,-99.436,678,350,328,51.622,99.75,0.774,-5.444,3289,43.67,-70.49,0.81,-98.15,0.83,3.2
ETH-USDT-SWAP,30m,4H,0.003,0.012,0.02,148.0,6.433,-95.653,678,363,315,53.54,98.618,0.868,-5.236,3289,83.43,-43.63,6.23,-92.53,6.43,3.2
ETH-USDT-SWAP,30m,4H,0.003,0.012,0.025,148.0,3.092,-97.911,678,366,312,53.982,99.584,0.825,-5.36,3289,52.3,-64.66,3.0,-94.27,3.09,3.2
ETH-USDT-SWAP,30m,4H,0.003,0.012,0.03,148.0,5.714,-96.139,678,368,310,54.277,99.172,0.858,-5.263,3289,67.56,-54.35,5.54,-91.8,5.71,3.2
ETH-USDT-SWAP,30m,4H,0.003,0.015,0.005,148.0,0.012,-99.992,678,238,440,35.103,99.993,0.435,-5.474,3289,4.19,-97.17,0.01,-99.71,0.01,1.4
ETH-USDT-SWAP,30m,4H,0.003,0.015,0.008,148.0,0.006,-99.996,678,275,403,40.56,99.997,0.479,-5.474,3289,5.84,-96.06,0.01,-99.91,0.01,3.89
ETH-USDT-SWAP,30m,4H,0.003,0.015,0.01,148.0,0.008,-99.994,678,294,384,43.363,99.997,0.661,-5.474,3289,11.74,-92.07,0.01,-99.93,0.01,1.57
ETH-USDT-SWAP,30m,4H,0.003,0.015,0.015,148.0,0.003,-99.998,678,310,368,45.723,99.999,0.64,-5.474,3289,10.59,-92.84,0.0,-99.97,0.0,6.02
ETH-USDT-SWAP,30m,4H,0.003,0.015,0.02,148.0,0.006,-99.996,678,319,359,47.05,99.997,0.667,-5.474,3289,13.19,-91.09,0.01,-99.95,0.01,6.02
ETH-USDT-SWAP,30m,4H,0.003,0.015,0.025,148.0,0.006,-99.996,678,324,354,47.788,99.998,0.657,-5.474,3289,12.56,-91.52,0.01,-99.96,0.01,6.02
ETH-USDT-SWAP,30m,4H,0.003,0.015,0.03,148.0,0.005,-99.997,678,325,353,47.935,99.998,0.672,-5.474,3289,15.11,-89.79,0.0,-99.97,0.0,6.02
ETH-USDT-SWAP,30m,4H,0.003,0.02,0.005,148.0,0.0,-100.0,678,214,464,31.563,100.0,0.326,-5.474,3289,1.28,-99.14,0.0,-99.97,0.0,5.89
ETH-USDT-SWAP,30m,4H,0.003,0.02,0.008,148.0,0.0,-100.0,678,255,423,37.611,100.0,0.359,-5.474,3289,1.7,-98.85,0.0,-99.98,0.0,8.5
ETH-USDT-SWAP,30m,4H,0.003,0.02,0.01,148.0,0.0,-100.0,678,269,409,39.676,100.0,0.474,-5.474,3289,2.09,-98.59,0.0,-99.99,0.0,6.08
ETH-USDT-SWAP,30m,4H,0.003,0.02,0.015,148.0,0.0,-100.0,678,283,395,41.74,100.0,0.455,-5.474,3289,1.49,-99.0,0.0,-100.0,0.0,10.72
ETH-USDT-SWAP,30m,4H,0.003,0.02,0.02,148.0,0.0,-100.0,678,291,387,42.92,100.0,0.472,-5.474,3289,1.53,-98.96,0.0,-100.0,0.0,10.72
ETH-USDT-SWAP,30m,4H,0.003,0.02,0.025,148.0,0.0,-100.0,678,295,383,43.51,100.0,0.464,-5.474,3289,1.51,-98.98,0.0,-100.0,0.0,10.72
ETH-USDT-SWAP,30m,4H,0.003,0.02,0.03,148.0,0.0,-100.0,678,296,382,43.658,100.0,0.467,-5.474,3289,1.87,-98.74,0.0,-100.0,0.0,10.72
ETH-USDT-SWAP,30m,4H,0.003,0.03,0.005,148.0,0.0,-100.0,678,206,472,30.383,100.0,0.3,-5.474,3289,1.19,-99.19,0.0,-99.99,0.0,2.87
ETH-USDT-SWAP,30m,4H,0.003,0.03,0.008,148.0,0.0,-100.0,678,246,432,36.283,100.0,0.349,-5.474,3289,1.93,-98.7,0.0,-100.0,0.0,5.39
ETH-USDT-SWAP,30m,4H,0.003,0.03,0.01,148.0,0.0,-100.0,678,261,417,38.496,100.0,0.512,-5.474,3289,2.79,-98.11,0.0,-100.0,0.0,3.04
ETH-USDT-SWAP,30m,4H,0.003,0.03,0.015,148.0,0.0,-100.0,678,276,402,40.708,100.0,0.492,-5.474,3289,2.15,-98.55,0.0,-100.0,0.0,7.56
ETH-USDT-SWAP,30m,4H,0.003,0.03,0.02,148.0,0.0,-100.0,678,283,395,41.74,100.0,0.504,-5.474,3289,2.22,-98.5,0.0,-100.0,0.0,7.56
ETH-USDT-SWAP,30m,4H,0.003,0.03,0.025,148.0,0.0,-100.0,678,287,391,42.33,100.0,0.499,-5.474,3289,2.37,-98.4,0.0,-100.0,0.0,7.56
ETH-USDT-SWAP,30m,4H,0.003,0.03,0.03,148.0,0.0,-100.0,678,289,389,42.625,100.0,0.505,-5.474,3289,2.94,-98.01,0.0,-100.0,0.0,7.56
ETH-USDT-SWAP,30m,4H,0.004,0.004,0.005,148.0,1.654,-98.883,605,418,187,69.091,98.923,0.593,-5.413,3289,32.65,-77.94,1.71,-94.75,1.65,-3.55
ETH-USDT-SWAP,30m,4H,0.004,0.004,0.008,148.0,15.722,-89.377,605,479,126,79.174,91.168,0.832,-4.893,3289,135.29,-8.59,16.85,-87.55,15.72,-6.68
ETH-USDT-SWAP,30m,4H,0.004,0.004,0.01,148.0,38.949,-73.683,605,500,105,82.645,90.734,0.919,-4.034,3289,346.77,134.3,40.46,-88.33,38.95,-3.72
ETH-USDT-SWAP,30m,4H,0.004,0.004,0.015,148.0,1491.476,907.754,605,538,67,88.926,70.288,1.192,49.695,3289,1211.93,718.87,1549.17,27.83,1491.48,-3.72
ETH-USDT-SWAP,30m,4H,0.004,0.004,0.02,148.0,15512.806,10381.626,605,555,50,91.736,53.251,1.617,568.337,3289,1986.44,1242.19,16032.21,707.08,15512.81,-3.24
ETH-USDT-SWAP,30m,4H,0.004,0.004,0.025,148.0,24007.735,16121.443,605,560,45,92.562,61.151,1.765,882.561,3289,2431.14,1542.66,24527.14,908.87,24007.74,-2.12
ETH-USDT-SWAP,30m,4H,0.004,0.004,0.03,148.0,48085.87,32390.453,605,565,40,93.388,72.762,2.409,1773.2,3289,3396.93,2195.23,48605.28,1330.86,48085.87,-1.07
ETH-USDT-SWAP,30m,4H,0.004,0.006,0.005,148.0,83.321,-43.702,605,373,232,61.653,73.154,0.948,-2.392,3289,91.69,-38.05,93.23,1.68,83.32,-10.63
ETH-USDT-SWAP,30m,4H,0.004,0.006,0.008,148.0,1255.281,748.163,605,430,175,71.074,67.414,1.147,40.958,3289,416.17,181.2,1357.14,226.1,1255.28,-7.51
ETH-USDT-SWAP,30m,4H,0.004,0.006,0.01,148.0,3986.605,2593.652,605,449,156,74.215,68.493,1.216,141.988,3289,1267.87,756.67,4177.93,229.52,3986.61,-4.58
ETH-USDT-SWAP,30m,4H,0.004,0.006,0.015,148.0,56911.779,38353.905,605,484,121,80.0,51.447,1.664,2099.666,3289,3893.48,2530.73,57558.72,1378.34,56911.78,-1.12
ETH-USDT-SWAP,30m,4H,0.004,0.006,0.02,148.0,92574.041,62450.028,605,497,108,82.149,45.071,1.953,3418.797,3289,5995.14,3950.77,93220.98,1454.94,92574.04,-0.69
ETH-USDT-SWAP,30m,4H,0.004,0.006,0.025,148.0,101961.773,68793.09,605,501,104,82.81,41.504,2.014,3766.045,3289,8418.13,5587.92,102608.71,1118.9,101961.77,-0.63
ETH-USDT-SWAP,30m,4H,0.004,0.006,0.03,148.0,125072.201,84408.244,605,506,99,83.636,30.342,2.38,4620.889,3289,11992.95,8003.34,125719.14,948.28,125072.2,-0.51
ETH-USDT-SWAP,30m,4H,0.004,0.008,0.005,148.0,58.267,-60.63,605,324,281,53.554,83.161,0.908,-3.319,3289,60.34,-59.23,63.97,6.01,58.27,-8.91
ETH-USDT-SWAP,30m,4H,0.004,0.008,0.008,148.0,531.875,259.375,605,372,233,61.488,76.554,1.085,14.199,3289,235.0,58.78,564.18,140.08,531.87,-5.73
ETH-USDT-SWAP,30m,4H,0.004,0.008,0.01,148.0,1373.178,827.823,605,392,213,64.793,73.288,1.121,45.319,3289,735.79,397.16,1411.93,91.89,1373.18,-2.74
ETH-USDT-SWAP,30m,4H,0.004,0.008,0.015,148.0,28573.858,19206.661,605,424,181,70.083,61.146,1.434,1051.46,3289,1696.34,1046.17,28920.8,1604.9,28573.86,-1.2
ETH-USDT-SWAP,30m,4H,0.004,0.008,0.02,148.0,69106.58,46593.635,605,437,168,72.231,56.149,1.661,2550.746,3289,2420.33,1535.36,69453.52,2769.59,69106.58,-0.5
ETH-USDT-SWAP,30m,4H,0.004,0.008,0.025,148.0,76498.648,51588.275,605,442,163,73.058,54.882,1.708,2824.176,3289,3071.8,1975.54,76845.59,2401.64,76498.65,-0.45
ETH-USDT-SWAP,30m,4H,0.004,0.008,0.03,148.0,100168.441,67581.379,605,447,158,73.884,62.968,1.88,3699.711,3289,5565.39,3660.4,100515.38,1706.08,100168.44,-0.35
ETH-USDT-SWAP,30m,4H,0.004,0.01,0.005,148.0,16.737,-88.691,605,287,318,47.438,91.444,0.834,-4.855,3289,53.91,-63.58,18.03,-66.55,16.74,-7.19
ETH-USDT-SWAP,30m,4H,0.004,0.01,0.008,148.0,94.888,-35.886,605,331,274,54.711,85.218,0.978,-1.965,3289,189.22,27.85,98.79,-47.79,94.89,-3.95
ETH-USDT-SWAP,30m,4H,0.004,0.01,0.01,148.0,193.6,30.811,605,350,255,57.851,88.579,1.009,1.687,3289,490.55,231.45,195.38,-60.17,193.6,-0.91
ETH-USDT-SWAP,30m,4H,0.004,0.01,0.015,148.0,1717.453,1060.441,605,377,228,62.314,74.461,1.092,58.053,3289,1126.67,661.26,1733.22,53.84,1717.45,-0.91
ETH-USDT-SWAP,30m,4H,0.004,0.01,0.02,148.0,3962.993,2577.698,605,386,219,63.802,77.991,1.139,141.115,3289,1175.33,694.14,3999.37,240.27,3962.99,-0.91
ETH-USDT-SWAP,30m,4H,0.004,0.01,0.025,148.0,3699.794,2399.861,605,390,215,64.463,77.704,1.12,131.379,3289,1114.03,652.72,3733.75,235.16,3699.79,-0.91
ETH-USDT-SWAP,30m,4H,0.004,0.01,0.03,148.0,16387.462,10972.61,605,394,211,65.124,83.064,1.203,600.69,3289,2289.5,1446.96,16434.4,617.82,16387.46,-0.29
ETH-USDT-SWAP,30m,4H,0.004,0.012,0.005,148.0,2.853,-98.072,605,256,349,42.314,98.353,0.721,-5.369,3289,31.39,-78.79,3.02,-90.38,2.85,-5.47
ETH-USDT-SWAP,30m,4H,0.004,0.012,0.008,148.0,9.507,-93.576,605,298,307,49.256,95.654,0.864,-5.123,3289,103.04,-30.38,9.72,-90.57,9.51,-2.17
ETH-USDT-SWAP,30m,4H,0.004,0.012,0.01,148.0,11.984,-91.903,605,316,289,52.231,97.068,0.914,-5.031,3289,208.76,41.06,11.87,-94.31,11.98,0.93
ETH-USDT-SWAP,30m,4H,0.004,0.012,0.015,148.0,56.838,-61.596,605,341,264,56.364,95.368,0.965,-3.372,3289,280.08,89.24,56.32,-79.89,56.84,0.93
ETH-USDT-SWAP,30m,4H,0.004,0.012,0.02,148.0,176.521,19.271,605,351,254,58.017,89.582,1.006,1.055,3289,364.48,146.27,174.9,-52.01,176.52,0.93
ETH-USDT-SWAP,30m,4H,0.004,0.012,0.025,148.0,154.918,4.674,605,355,250,58.678,92.198,1.001,0.256,3289,302.44,104.35,153.5,-49.25,154.92,0.93
ETH-USDT-SWAP,30m,4H,0.004,0.012,0.03,148.0,304.368,105.654,605,357,248,59.008,90.441,1.019,5.784,3289,512.41,246.22,301.58,-41.15,304.37,0.93
ETH-USDT-SWAP,30m,4H,0.004,0.015,0.005,148.0,0.648,-99.562,605,237,368,39.174,99.612,0.575,-5.45,3289,11.79,-92.04,0.67,-94.32,0.65,-3.15
ETH-USDT-SWAP,30m,4H,0.004,0.015,0.008,148.0,0.464,-99.687,605,270,335,44.628,99.755,0.652,-5.457,3289,18.38,-87.58,0.46,-97.48,0.46,0.23
ETH-USDT-SWAP,30m,4H,0.004,0.015,0.01,148.0,0.552,-99.627,605,289,316,47.769,99.762,0.75,-5.454,3289,37.36,-74.76,0.53,-98.57,0.55,3.4
ETH-USDT-SWAP,30m,4H,0.004,0.015,0.015,148.0,0.235,-99.841,605,303,302,50.083,99.902,0.738,-5.466,3289,33.82,-77.15,0.23,-99.33,0.24,3.4
ETH-USDT-SWAP,30m,4H,0.004,0.015,0.02,148.0,0.646,-99.564,605,314,291,51.901,99.836,0.76,-5.451,3289,30.65,-79.29,0.62,-97.96,0.65,3.4
ETH-USDT-SWAP,30m,4H,0.004,0.015,0.025,148.0,0.809,-99.453,605,319,286,52.727,99.753,0.78,-5.445,3289,34.21,-76.89,0.78,-97.71,0.81,3.4
ETH-USDT-SWAP,30m,4H,0.004,0.015,0.03,148.0,1.241,-99.162,605,321,284,53.058,99.57,0.806,-5.429,3289,46.8,-68.38,1.2,-97.44,1.24,3.4
ETH-USDT-SWAP,30m,4H,0.004,0.02,0.005,148.0,0.013,-99.991,605,211,394,34.876,99.993,0.407,-5.474,3289,2.91,-98.04,0.01,-99.55,0.01,1.14
ETH-USDT-SWAP,30m,4H,0.004,0.02,0.008,148.0,0.008,-99.995,605,245,360,40.496,99.996,0.488,-5.474,3289,3.74,-97.47,0.01,-99.8,0.01,4.68
ETH-USDT-SWAP,30m,4H,0.004,0.02,0.01,148.0,0.003,-99.998,605,258,347,42.645,99.999,0.508,-5.474,3289,4.73,-96.8,0.0,-99.94,0.0,7.99
ETH-USDT-SWAP,30m,4H,0.004,0.02,0.015,148.0,0.001,-99.999,605,271,334,44.793,100.0,0.488,-5.474,3289,3.88,-97.38,0.0,-99.98,0.0,7.99
ETH-USDT-SWAP,30m,4H,0.004,0.02,0.02,148.0,0.001,-99.999,605,281,324,46.446,100.0,0.505,-5.474,3289,3.32,-97.75,0.0,-99.96,0.0,7.99
ETH-USDT-SWAP,30m,4H,0.004,0.02,0.025,148.0,0.001,-99.999,605,285,320,47.107,100.0,0.497,-5.474,3289,3.39,-97.71,0.0,-99.97,0.0,7.99
ETH-USDT-SWAP,30m,4H,0.004,0.02,0.03,148.0,0.001,-100.0,605,286,319,47.273,100.0,0.504,-5.474,3289,4.83,-96.73,0.0,-99.99,0.0,7.99
ETH-USDT-SWAP,30m,4H,0.004,0.03,0.005,148.0,0.003,-99.998,605,204,401,33.719,99.998,0.39,-5.474,3289,3.28,-97.78,0.0,-99.91,0.0,-0.87
ETH-USDT-SWAP,30m,4H,0.004,0.03,0.008,148.0,0.002,-99.999,605,239,366,39.504,99.999,0.523,-5.474,3289,5.43,-96.33,0.0,-99.97,0.0,2.59
ETH-USDT-SWAP,30m,4H,0.004,0.03,0.01,148.0,0.001,-100.0,605,251,354,41.488,100.0,0.558,-5.474,3289,7.46,-94.96,0.0,-99.99,0.0,5.84
ETH-USDT-SWAP,30m,4H,0.004,0.03,0.015,148.0,0.0,-100.0,605,266,339,43.967,100.0,0.538,-5.474,3289,6.62,-95.53,0.0,-100.0,0.0,5.84
ETH-USDT-SWAP,30m,4H,0.004,0.03,0.02,148.0,0.0,-100.0,605,274,331,45.289,100.0,0.55,-5.474,3289,5.68,-96.16,0.0,-99.99,0.0,5.84
ETH-USDT-SWAP,30m,4H,0.004,0.03,0.025,148.0,0.001,-100.0,605,280,325,46.281,100.0,0.547,-5.474,3289,6.29,-95.75,0.0,-99.99,0.0,5.84
ETH-USDT-SWAP,30m,4H,0.004,0.03,0.03,148.0,0.0,-100.0,605,280,325,46.281,100.0,0.559,-5.474,3289,8.96,-93.95,0.0,-100.0,0.0,5.84
ETH-USDT-SWAP,30m,4H,0.005,0.004,0.005,148.0,0.569,-99.616,532,353,179,66.353,99.631,0.532,-5.453,3289,27.7,-81.28,0.59,-97.87,0.57,-3.84
ETH-USDT-SWAP,30m,4H,0.005,0.004,0.008,148.0,8.504,-94.254,532,418,114,78.571,96.248,0.823,-5.16,3289,156.87,5.99,9.14,-94.17,8.5,-6.95
ETH-USDT-SWAP,30m,4H,0.005,0.004,0.01,148.0,14.127,-90.455,532,435,97,81.767,95.664,0.863,-4.952,3289,278.53,88.2,14.56,-94.77,14.13,-2.97
ETH-USDT-SWAP,30m,4H,0.005,0.004,0.015,148.0,560.079,278.431,532,474,58,89.098,74.507,1.106,15.243,3289,925.46,525.31,577.22,-37.63,560.08,-2.97
ETH-USDT-SWAP,30m,4H,0.005,0.004,0.02,148.0,4337.927,2831.032,532,490,42,92.105,67.148,1.399,154.984,3289,1516.9,924.93,4470.72,194.73,4337.93,-2.97
ETH-USDT-SWAP,30m,4H,0.005,0.004,0.025,148.0,6240.921,4116.839,532,494,38,92.857,71.718,1.576,225.374,3289,1856.48,1154.38,6431.96,246.46,6240.92,-2.97
ETH-USDT-SWAP,30m,4H,0.005,0.004,0.03,148.0,22749.144,15271.043,532,499,33,93.797,68.614,1.759,836.006,3289,2593.99,1652.7,23163.58,792.97,22749.14,-1.79
ETH-USDT-SWAP,30m,4H,0.005,0.006,0.005,148.0,24.518,-83.434,532,323,209,60.714,85.457,0.87,-4.568,3289,109.13,-26.27,25.39,-76.73,24.52,-3.45
ETH-USDT-SWAP,30m,4H,0.005,0.006,0.008,148.0,629.674,325.455,532,384,148,72.18,81.988,1.087,17.817,3289,801.46,441.53,674.01,-15.9,629.67,-6.58
ETH-USDT-SWAP,30m,4H,0.005,0.006,0.01,148.0,1010.77,582.953,532,400,132,75.188,85.219,1.091,31.913,3289,1572.41,962.44,1037.56,-34.01,1010.77,-2.58
ETH-USDT-SWAP,30m,4H,0.005,0.006,0.015,148.0,32282.671,21712.615,532,435,97,81.767,68.305,1.474,1188.647,3289,4496.83,2938.4,32630.6,625.64,32282.67,-1.07
ETH-USDT-SWAP,30m,4H,0.005,0.006,0.02,148.0,58228.206,39243.383,532,447,85,84.023,62.208,1.69,2148.36,3289,5659.31,3723.85,58576.14,935.04,58228.21,-0.59
ETH-USDT-SWAP,30m,4H,0.005,0.006,0.025,148.0,69183.351,46645.507,532,451,81,84.774,61.853,1.77,2553.586,3289,8561.93,5685.09,69531.28,712.1,69183.35,-0.5
ETH-USDT-SWAP,30m,4H,0.005,0.006,0.03,148.0,97977.854,66101.252,532,456,76,85.714,28.912,2.075,3618.682,3289,12197.82,8141.77,98325.78,706.09,97977.85,-0.35
ETH-USDT-SWAP,30m,4H,0.005,0.008,0.005,148.0,51.502,-65.202,532,287,245,53.947,79.266,0.937,-3.569,3289,150.55,1.72,52.34,-65.24,51.5,-1.6
ETH-USDT-SWAP,30m,4H,0.005,0.008,0.008,148.0,756.676,411.268,532,341,191,64.098,79.588,1.07,22.515,3289,1008.78,581.61,794.68,-21.22,756.68,-4.78
ETH-USDT-SWAP,30m,4H,0.005,0.008,0.01,148.0,1524.849,930.303,532,358,174,67.293,80.712,1.082,50.929,3289,1805.05,1119.63,1535.73,-14.92,1524.85,-0.71
ETH-USDT-SWAP,30m,4H,0.005,0.008,0.015,148.0,28939.544,19453.746,532,387,145,72.744,68.456,1.368,1064.986,3289,3032.43,1948.94,28987.47,855.92,28939.54,-0.17
ETH-USDT-SWAP,30m,4H,0.005,0.008,0.02,148.0,57238.017,38574.336,532,398,134,74.812,62.007,1.53,2111.734,3289,3933.68,2557.89,57285.95,1356.29,57238.02,-0.08
ETH-USDT-SWAP,30m,4H,0.005,0.008,0.025,148.0,66744.16,44997.406,532,402,130,75.564,60.541,1.584,2463.362,3289,5823.12,3834.54,66792.09,1047.02,66744.16,-0.07
ETH-USDT-SWAP,30m,4H,0.005,0.008,0.03,148.0,98559.198,66494.053,532,407,125,76.504,36.887,1.746,3640.185,3289,9498.26,6317.74,98607.13,938.16,98559.2,-0.05
ETH-USDT-SWAP,30m,4H,0.005,0.01,0.005,148.0,46.053,-68.883,532,260,272,48.872,81.759,0.938,-3.771,3289,149.17,0.79,45.93,-69.21,46.05,0.26
ETH-USDT-SWAP,30m,4H,0.005,0.01,0.008,148.0,305.978,106.742,532,305,227,57.331,85.466,1.021,5.844,3289,732.91,395.21,315.39,-56.97,305.98,-2.99
ETH-USDT-SWAP,30m,4H,0.005,0.01,0.01,148.0,305.476,106.403,532,319,213,59.962,85.97,1.015,5.825,3289,1277.93,763.47,301.96,-76.37,305.48,1.16
ETH-USDT-SWAP,30m,4H,0.005,0.01,0.015,148.0,4943.354,3240.104,532,347,185,65.226,77.064,1.1,177.378,3289,2302.57,1455.79,4886.43,112.22,4943.35,1.16
ETH-USDT-SWAP,30m,4H,0.005,0.01,0.02,148.0,12029.359,8027.946,532,356,176,66.917,76.97,1.129,439.486,3289,3265.98,2106.74,11890.84,264.08,12029.36,1.16
ETH-USDT-SWAP,30m,4H,0.005,0.01,0.025,148.0,25312.406,17002.977,532,360,172,67.669,78.206,1.245,930.82,3289,4224.35,2754.29,25060.33,493.24,25312.41,1.01
ETH-USDT-SWAP,30m,4H,0.005,0.01,0.03,148.0,64985.224,43808.935,532,365,167,68.609,46.632,1.422,2398.299,3289,7020.46,4643.56,64733.15,822.06,64985.22,0.39
ETH-USDT-SWAP,30m,4H,0.005,0.012,0.005,148.0,8.557,-94.218,532,235,297,44.173,95.684,0.858,-5.158,3289,76.68,-48.19,8.38,-89.07,8.56,2.12
ETH-USDT-SWAP,30m,4H,0.005,0.012,0.008,148.0,50.022,-66.202,532,279,253,52.444,94.448,0.972,-3.624,3289,318.94,115.5,50.62,-84.13,50.02,-1.19
ETH-USDT-SWAP,30m,4H,0.005,0.012,0.01,148.0,45.107,-69.522,532,293,239,55.075,96.399,0.977,-3.806,3289,540.85,265.44,43.78,-91.91,45.11,3.04
ETH-USDT-SWAP,30m,4H,0.005,0.012,0.015,148.0,561.827,279.613,532,318,214,59.774,88.432,1.026,15.307,3289,1265.98,755.39,545.26,-56.93,561.83,3.04
ETH-USDT-SWAP,30m,4H,0.005,0.012,0.02,148.0,992.626,570.693,532,325,207,61.09,85.8,1.033,31.242,3289,1380.33,832.66,963.36,-30.21,992.63,3.04
ETH-USDT-SWAP,30m,4H,0.005,0.012,0.025,148.0,1386.896,837.092,532,329,203,61.842,88.966,1.046,45.826,3289,1562.99,956.08,1346.0,-13.88,1386.9,3.04
ETH-USDT-SWAP,30m,4H,0.005,0.012,0.03,148.0,8175.842,5424.218,532,333,199,62.594,88.152,1.074,296.946,3289,2979.16,1912.95,7934.76,166.34,8175.84,3.04
ETH-USDT-SWAP,30m,4H,0.005,0.015,0.005,148.0,1.542,-98.958,532,214,318,40.226,99.104,0.741,-5.417,3289,41.33,-72.07,1.47,-96.43,1.54,4.62
ETH-USDT-SWAP,30m,4H,0.005,0.015,0.008,148.0,2.168,-98.535,532,251,281,47.18,99.115,0.853,-5.394,3289,79.99,-45.95,2.14,-97.32,2.17,1.24
ETH-USDT-SWAP,30m,4H,0.005,0.015,0.01,148.0,1.411,-99.047,532,265,267,49.812,99.521,0.855,-5.422,3289,100.02,-32.42,1.34,-98.66,1.41,5.57
ETH-USDT-SWAP,30m,4H,0.005,0.015,0.015,148.0,1.384,-99.065,532,279,253,52.444,99.464,0.864,-5.423,3289,106.03,-28.36,1.31,-98.76,1.38,5.57
ETH-USDT-SWAP,30m,4H,0.005,0.015,0.02,148.0,5.29,-96.425,532,290,242,54.511,98.784,0.913,-5.279,3289,148.99,0.67,5.01,-96.64,5.29,5.57
ETH-USDT-SWAP,30m,4H,0.005,0.015,0.025,148.0,5.139,-96.528,532,294,238,55.263,98.808,0.91,-5.284,3289,129.29,-12.64,4.87,-96.23,5.14,5.57
ETH-USDT-SWAP,30m,4H,0.005,0.015,0.03,148.0,17.691,-88.047,532,297,235,55.827,96.869,0.951,-4.82,3289,177.21,19.73,16.76,-90.54,17.69,5.57
ETH-USDT-SWAP,30m,4H,0.005,0.02,0.005,148.0,0.043,-99.971,532,190,342,35.714,99.977,0.598,-5.473,3289,16.25,-89.02,0.04,-99.76,0.04,9.26
ETH-USDT-SWAP,30m,4H,0.005,0.02,0.008,148.0,0.016,-99.989,532,222,310,41.729,99.993,0.695,-5.474,3289,21.42,-85.53,0.02,-99.93,0.02,5.73
ETH-USDT-SWAP,30m,4H,0.005,0.02,0.01,148.0,0.009,-99.994,532,234,298,43.985,99.996,0.681,-5.474,3289,21.85,-85.24,0.01,-99.96,0.01,10.25
ETH-USDT-SWAP,30m,4H,0.005,0.02,0.015,148.0,0.002,-99.999,532,244,288,45.865,99.999,0.639,-5.474,3289,14.33,-90.32,0.0,-99.99,0.0,10.25
ETH-USDT-SWAP,30m,4H,0.005,0.02,0.02,148.0,0.006,-99.996,532,254,278,47.744,99.998,0.661,-5.474,3289,12.59,-91.49,0.01,-99.96,0.01,10.25
ETH-USDT-SWAP,30m,4H,0.005,0.02,0.025,148.0,0.007,-99.995,532,258,274,48.496,99.997,0.673,-5.474,3289,16.59,-88.79,0.01,-99.96,0.01,10.25
ETH-USDT-SWAP,30m,4H,0.005,0.02,0.03,148.0,0.008,-99.995,532,259,273,48.684,99.997,0.694,-5.474,3289,23.98,-83.8,0.01,-99.97,0.01,10.25
ETH-USDT-SWAP,30m,4H,0.005,0.03,0.005,148.0,0.006,-99.996,532,184,348,34.586,99.997,0.459,-5.474,3289,7.98,-94.61,0.01,-99.93,0.01,8.04
ETH-USDT-SWAP,30m,4H,0.005,0.03,0.008,148.0,0.003,-99.998,532,216,316,40.602,99.999,0.632,-5.474,3289,13.03,-91.2,0.0,-99.98,0.0,4.54
ETH-USDT-SWAP,30m,4H,0.005,0.03,0.01,148.0,0.002,-99.999,532,228,304,42.857,99.999,0.618,-5.474,3289,14.09,-90.48,0.0,-99.99,0.0,9.01
ETH-USDT-SWAP,30m,4H,0.005,0.03,0.015,148.0,0.001,-100.0,532,239,293,44.925,100.0,0.575,-5.474,3289,8.72,-94.11,0.0,-99.99,0.0,9.01
ETH-USDT-SWAP,30m,4H,0.005,0.03,0.02,148.0,0.001,-100.0,532,246,286,46.241,100.0,0.586,-5.474,3289,7.2,-95.14,0.0,-99.99,0.0,9.01
ETH-USDT-SWAP,30m,4H,0.005,0.03,0.025,148.0,0.001,-99.999,532,251,281,47.18,100.0,0.594,-5.474,3289,9.62,-93.5,0.0,-99.99,0.0,9.01
ETH-USDT-SWAP,30m,4H,0.005,0.03,0.03,148.0,0.001,-100.0,532,251,281,47.18,100.0,0.604,-5.474,3289,12.95,-91.25,0.0,-100.0,0.0,9.01
ETH-USDT-SWAP,30m,4H,0.007,0.004,0.005,148.0,0.483,-99.673,407,255,152,62.654,99.682,0.529,-5.457,3289,35.8,-75.81,0.51,-98.58,0.48,-5.14
ETH-USDT-SWAP,30m,4H,0.007,0.004,0.008,148.0,2.074,-98.599,407,304,103,74.693,98.903,0.723,-5.398,3289,136.79,-7.57,2.13,-98.44,2.07,-2.55
ETH-USDT-SWAP,30m,4H,0.007,0.004,0.01,148.0,29.547,-80.036,407,336,71,82.555,92.876,0.881,-4.382,3289,256.55,73.34,30.32,-88.18,29.55,-2.55
ETH-USDT-SWAP,30m,4H,0.007,0.004,0.015,148.0,335.213,126.495,407,363,44,89.189,74.612,1.083,6.925,3289,617.3,317.1,343.97,-44.28,335.21,-2.55
ETH-USDT-SWAP,30m,4H,0.007,0.004,0.02,148.0,1753.738,1084.958,407,376,31,92.383,63.284,1.344,59.396,3289,1076.66,627.48,1799.56,67.14,1753.74,-2.55
ETH-USDT-SWAP,30m,4H,0.007,0.004,0.025,148.0,1181.05,698.006,407,378,29,92.875,75.347,1.308,38.212,3289,1007.65,580.84,1211.91,20.27,1181.05,-2.55
ETH-USDT-SWAP,30m,4H,0.007,0.004,0.03,148.0,7784.377,5159.714,407,385,22,94.595,50.313,1.726,282.466,3289,1407.95,851.31,7987.77,467.34,7784.38,-2.55
ETH-USDT-SWAP,30m,4H,0.007,0.006,0.005,148.0,12.72,-91.406,407,239,168,58.722,93.067,0.842,-5.004,3289,131.61,-11.07,13.19,-89.98,12.72,-3.56
ETH-USDT-SWAP,30m,4H,0.007,0.006,0.008,148.0,35.637,-75.921,407,279,128,68.55,92.665,0.936,-4.156,3289,393.52,165.89,35.97,-90.86,35.64,-0.92
ETH-USDT-SWAP,30m,4H,0.007,0.006,0.01,148.0,775.203,423.786,407,310,97,76.167,74.206,1.089,23.2,3289,931.47,529.37,782.42,-16.0,775.2,-0.92
ETH-USDT-SWAP,30m,4H,0.007,0.006,0.015,148.0,10296.053,6856.793,407,336,71,82.555,65.577,1.278,375.372,3289,2516.58,1600.39,10391.87,312.94,10296.05,-0.92
ETH-USDT-SWAP,30m,4H,0.007,0.006,0.02,148.0,35516.326,23897.517,407,347,60,85.258,54.2,1.52,1308.258,3289,5086.99,3337.16,35629.9,600.41,35516.33,-0.32
ETH-USDT-SWAP,30m,4H,0.007,0.006,0.025,148.0,27162.311,18252.913,407,349,58,85.749,73.049,1.472,999.247,3289,4760.9,3116.83,27275.88,472.91,27162.31,-0.42
ETH-USDT-SWAP,30m,4H,0.007,0.006,0.03,148.0,58249.683,39257.894,407,355,52,87.224,43.399,1.79,2149.155,3289,6782.66,4482.88,58363.26,760.48,58249.68,-0.19
ETH-USDT-SWAP,30m,4H,0.007,0.008,0.005,148.0,41.111,-72.222,407,215,192,52.826,86.167,0.92,-3.954,3289,168.1,13.58,43.29,-74.25,41.11,-5.02
ETH-USDT-SWAP,30m,4H,0.007,0.008,0.008,148.0,148.87,0.588,407,253,154,62.162,90.332,1.0,0.032,3289,764.0,416.22,152.57,-80.03,148.87,-2.43
ETH-USDT-SWAP,30m,4H,0.007,0.008,0.01,148.0,4310.575,2812.551,407,283,124,69.533,68.212,1.186,153.972,3289,1975.33,1234.69,4417.81,123.65,4310.58,-2.43
ETH-USDT-SWAP,30m,4H,0.007,0.008,0.015,148.0,30050.608,20204.465,407,304,103,74.693,71.828,1.4,1106.084,3289,4030.69,2623.44,30400.49,654.23,30050.61,-1.15
ETH-USDT-SWAP,30m,4H,0.007,0.008,0.02,148.0,49526.259,33363.688,407,313,94,76.904,62.852,1.491,1826.479,3289,5941.26,3914.36,49876.14,739.49,49526.26,-0.7
ETH-USDT-SWAP,30m,4H,0.007,0.008,0.025,148.0,47740.009,32156.763,407,315,92,77.396,75.037,1.512,1760.407,3289,6557.5,4330.74,48089.89,633.36,47740.01,-0.73
ETH-USDT-SWAP,30m,4H,0.007,0.008,0.03,148.0,85196.082,57464.92,407,321,86,78.87,35.749,1.801,3145.89,3289,9521.85,6333.68,85545.97,798.42,85196.08,-0.41
ETH-USDT-SWAP,30m,4H,0.007,0.01,0.005,148.0,27.314,-81.545,407,192,215,47.174,91.945,0.889,-4.464,3289,134.05,-9.43,28.76,-78.55,27.31,-5.02
ETH-USDT-SWAP,30m,4H,0.007,0.01,0.008,148.0,94.248,-36.319,407,228,179,56.02,91.855,0.983,-1.988,3289,622.59,320.67,96.59,-84.49,94.25,-2.43
ETH-USDT-SWAP,30m,4H,0.007,0.01,0.01,148.0,2515.302,1599.529,407,254,153,62.408,73.002,1.145,87.565,3289,1524.0,929.73,2577.87,69.15,2515.3,-2.43
ETH-USDT-SWAP,30m,4H,0.007,0.01,0.015,148.0,12217.313,8154.941,407,272,135,66.83,73.453,1.266,446.438,3289,2152.13,1354.14,12521.24,481.81,12217.31,-2.43
ETH-USDT-SWAP,30m,4H,0.007,0.01,0.02,148.0,29456.95,19803.344,407,280,127,68.796,65.318,1.325,1084.125,3289,3058.25,1966.38,29806.83,874.64,29456.95,-1.17
ETH-USDT-SWAP,30m,4H,0.007,0.01,0.025,148.0,23762.508,15955.748,407,282,125,69.287,75.966,1.328,873.49,3289,3158.25,2033.95,24112.39,663.47,23762.51,-1.45
ETH-USDT-SWAP,30m,4H,0.007,0.01,0.03,148.0,69249.254,46690.036,407,288,119,70.762,52.24,1.612,2556.024,3289,5378.4,3534.05,69599.14,1194.05,69249.25,-0.5
ETH-USDT-SWAP,30m,4H,0.007,0.012,0.005,148.0,13.737,-90.719,407,177,230,43.489,94.084,0.844,-4.966,3289,96.79,-34.6,14.46,-85.06,13.74,-5.02
ETH-USDT-SWAP,30m,4H,0.007,0.012,0.008,148.0,13.242,-91.053,407,206,201,50.614,96.93,0.915,-4.985,3289,267.62,80.83,13.57,-94.93,13.24,-2.43
ETH-USDT-SWAP,30m,4H,0.007,0.012,0.01,148.0,238.744,61.314,407,229,178,56.265,85.385,1.02,3.357,3289,547.38,269.85,244.68,-55.3,238.74,-2.43
ETH-USDT-SWAP,30m,4H,0.007,0.012,0.015,148.0,957.427,546.91,407,246,161,60.442,81.677,1.095,29.94,3289,894.1,504.12,981.24,9.75,957.43,-2.43
ETH-USDT-SWAP,30m,4H,0.007,0.012,0.02,148.0,1333.537,801.038,407,253,154,62.162,77.807,1.11,43.852,3289,1011.15,583.21,1366.71,35.16,1333.54,-2.43
ETH-USDT-SWAP,30m,4H,0.007,0.012,0.025,148.0,1417.16,857.541,407,255,152,62.654,84.352,1.12,46.946,3289,1133.18,665.66,1452.41,28.17,1417.16,-2.43
ETH-USDT-SWAP,30m,4H,0.007,0.012,0.03,148.0,16333.229,10935.966,407,261,146,64.128,67.072,1.237,598.684,3289,1965.51,1228.05,16683.11,748.79,16333.23,-2.1
ETH-USDT-SWAP,30m,4H,0.007,0.015,0.005,148.0,2.009,-98.643,407,158,249,38.821,98.764,0.76,-5.4,3289,55.24,-62.68,2.12,-96.17,2.01,-5.02
ETH-USDT-SWAP,30m,4H,0.007,0.015,0.008,148.0,1.675,-98.868,407,187,220,45.946,99.346,0.845,-5.413,3289,117.65,-20.51,1.72,-98.54,1.67,-2.43
ETH-USDT-SWAP,30m,4H,0.007,0.015,0.01,148.0,17.016,-88.503,407,207,200,50.86,97.362,0.934,-4.845,3289,207.22,40.01,17.44,-91.58,17.02,-2.43
ETH-USDT-SWAP,30m,4H,0.007,0.015,0.015,148.0,76.836,-48.084,407,224,183,55.037,92.987,0.975,-2.632,3289,330.05,123.01,78.75,-76.14,76.84,-2.43
ETH-USDT-SWAP,30m,4H,0.007,0.015,0.02,148.0,53.428,-63.9,407,229,178,56.265,95.143,0.959,-3.498,3289,218.67,47.75,54.76,-74.96,53.43,-2.43
ETH-USDT-SWAP,30m,4H,0.007,0.015,0.025,148.0,35.46,-76.04,407,230,177,56.511,97.194,0.955,-4.163,3289,252.23,70.43,36.34,-85.59,35.46,-2.43
ETH-USDT-SWAP,30m,4H,0.007,0.015,0.03,148.0,173.559,17.269,407,234,173,57.494,89.131,1.005,0.945,3289,326.18,120.39,177.88,-45.47,173.56,-2.43
ETH-USDT-SWAP,30m,4H,0.007,0.02,0.005,148.0,0.088,-99.941,407,137,270,33.661,99.946,0.584,-5.471,3289,18.47,-87.52,0.09,-99.5,0.09,-5.02
ETH-USDT-SWAP,30m,4H,0.007,0.02,0.008,148.0,0.027,-99.982,407,161,246,39.558,99.983,0.632,-5.473,3289,24.38,-83.52,0.03,-99.89,0.03,-2.43
ETH-USDT-SWAP,30m,4H,0.007,0.02,0.01,148.0,0.029,-99.98,407,171,236,42.015,99.985,0.659,-5.473,3289,22.98,-84.48,0.03,-99.87,0.03,-2.43
ETH-USDT-SWAP,30m,4H,0.007,0.02,0.015,148.0,0.031,-99.979,407,184,223,45.209,99.988,0.656,-5.473,3289,23.87,-83.87,0.03,-99.87,0.03,-2.43
ETH-USDT-SWAP,30m,4H,0.007,0.02,0.02,148.0,0.042,-99.972,407,191,216,46.929,99.985,0.647,-5.473,3289,22.82,-84.58,0.04,-99.81,0.04,-2.43
ETH-USDT-SWAP,30m,4H,0.007,0.02,0.025,148.0,0.018,-99.988,407,192,215,47.174,99.993,0.647,-5.474,3289,21.56,-85.43,0.02,-99.91,0.02,-2.43
ETH-USDT-SWAP,30m,4H,0.007,0.02,0.03,148.0,0.047,-99.969,407,195,212,47.912,99.982,0.645,-5.473,3289,22.52,-84.79,0.05,-99.79,0.05,-2.43
ETH-USDT-SWAP,30m,4H,0.007,0.03,0.005,148.0,0.029,-99.98,407,133,274,32.678,99.983,0.511,-5.473,3289,11.13,-92.48,0.03,-99.72,0.03,-5.02
ETH-USDT-SWAP,30m,4H,0.007,0.03,0.008,148.0,0.011,-99.993,407,157,250,38.575,99.994,0.581,-5.474,3289,16.93,-88.56,0.01,-99.93,0.01,-2.43
ETH-USDT-SWAP,30m,4H,0.007,0.03,0.01,148.0,0.01,-99.993,407,166,241,40.786,99.994,0.606,-5.474,3289,15.6,-89.46,0.01,-99.93,0.01,-2.43
ETH-USDT-SWAP,30m,4H,0.007,0.03,0.015,148.0,0.012,-99.992,407,179,228,43.98,99.994,0.6,-5.474,3289,15.28,-89.68,0.01,-99.92,0.01,-2.43
ETH-USDT-SWAP,30m,4H,0.007,0.03,0.02,148.0,0.007,-99.995,407,184,223,45.209,99.996,0.585,-5.474,3289,14.89,-89.94,0.01,-99.95,0.01,-2.43
ETH-USDT-SWAP,30m,4H,0.007,0.03,0.025,148.0,0.005,-99.996,407,186,221,45.7,99.998,0.577,-5.474,3289,13.16,-91.11,0.01,-99.96,0.01,-2.43
ETH-USDT-SWAP,30m,4H,0.007,0.03,0.03,148.0,0.002,-99.998,407,186,221,45.7,99.999,0.553,-5.474,3289,12.8,-91.35,0.0,-99.98,0.0,-2.43
ETH-USDT-SWAP,30m,4H,0.01,0.004,0.005,148.0,0.529,-99.643,285,162,123,56.842,99.689,0.457,-5.455,3289,58.81,-60.26,0.52,-99.12,0.53,2.0
ETH-USDT-SWAP,30m,4H,0.01,0.004,0.008,148.0,8.849,-94.021,285,216,69,75.789,95.225,0.685,-5.147,3289,119.49,-19.26,8.68,-92.74,8.85,2.0
ETH-USDT-SWAP,30m,4H,0.01,0.004,0.01,148.0,22.237,-84.975,285,232,53,81.404,89.886,0.759,-4.652,3289,178.44,20.56,21.8,-87.78,22.24,2.0
ETH-USDT-SWAP,30m,4H,0.01,0.004,0.015,148.0,176.367,19.167,285,255,30,89.474,62.672,1.035,1.049,3289,244.57,65.25,172.91,-29.3,176.37,2.0
ETH-USDT-SWAP,30m,4H,0.01,0.004,0.02,148.0,214.444,44.895,285,260,25,91.228,69.026,1.078,2.458,3289,282.4,90.81,210.24,-25.55,214.44,2.0
ETH-USDT-SWAP,30m,4H,0.01,0.004,0.025,148.0,847.361,472.541,285,267,18,93.684,49.092,1.393,25.869,3289,451.97,205.38,830.75,83.81,847.36,2.0
ETH-USDT-SWAP,30m,4H,0.01,0.004,0.03,148.0,717.344,384.692,285,268,17,94.035,59.034,1.313,21.06,3289,421.01,184.47,703.28,67.05,717.34,2.0
ETH-USDT-SWAP,30m,4H,0.01,0.006,0.005,148.0,4.676,-96.841,285,153,132,53.684,97.79,0.748,-5.301,3289,158.57,7.14,4.74,-97.01,4.68,-1.43
ETH-USDT-SWAP,30m,4H,0.01,0.006,0.008,148.0,107.47,-27.385,285,202,83,70.877,86.331,0.973,-1.499,3289,371.16,150.78,109.03,-70.62,107.47,-1.43
ETH-USDT-SWAP,30m,4H,0.01,0.006,0.01,148.0,271.17,83.223,285,216,69,75.789,74.548,1.063,4.556,3289,503.57,240.25,275.11,-45.37,271.17,-1.43
ETH-USDT-SWAP,30m,4H,0.01,0.006,0.015,148.0,3232.937,2084.417,285,238,47,83.509,58.614,1.476,114.11,3289,870.58,488.23,3279.95,276.75,3232.94,-1.43
ETH-USDT-SWAP,30m,4H,0.01,0.006,0.02,148.0,3526.804,2282.975,285,243,42,85.263,64.28,1.518,124.98,3289,1024.95,592.53,3578.09,249.1,3526.8,-1.43
ETH-USDT-SWAP,30m,4H,0.01,0.006,0.025,148.0,13076.996,8735.808,285,250,35,87.719,63.438,1.604,478.238,3289,1705.32,1052.25,13267.17,677.98,13077.0,-1.43
ETH-USDT-SWAP,30m,4H,0.01,0.006,0.03,148.0,9897.269,6587.344,285,251,34,88.07,72.297,1.462,360.621,3289,1588.52,973.33,10041.2,532.11,9897.27,-1.43
ETH-USDT-SWAP,30m,4H,0.01,0.008,0.005,148.0,9.201,-93.783,285,137,148,48.07,96.15,0.825,-5.134,3289,199.77,34.98,9.34,-95.33,9.2,-1.43
ETH-USDT-SWAP,30m,4H,0.01,0.008,0.008,148.0,181.331,22.521,285,179,106,62.807,82.17,1.013,1.233,3289,438.87,196.53,183.97,-58.08,181.33,-1.43
ETH-USDT-SWAP,30m,4H,0.01,0.008,0.01,148.0,422.821,185.69,285,192,93,67.368,73.069,1.077,10.165,3289,643.71,334.94,428.97,-33.36,422.82,-1.43
ETH-USDT-SWAP,30m,4H,0.01,0.008,0.015,148.0,7579.001,5020.946,285,213,72,74.737,54.38,1.409,274.869,3289,1181.59,698.37,7689.22,550.75,7579.0,-1.43
ETH-USDT-SWAP,30m,4H,0.01,0.008,0.02,148.0,10343.798,6889.052,285,218,67,76.491,59.635,1.477,377.138,3289,1601.81,982.3,10494.22,555.15,10343.8,-1.43
ETH-USDT-SWAP,30m,4H,0.01,0.008,0.025,148.0,36031.658,24245.715,285,224,61,78.596,40.162,1.65,1327.32,3289,2768.61,1770.68,36246.67,1209.2,36031.66,-0.59
ETH-USDT-SWAP,30m,4H,0.01,0.008,0.03,148.0,33371.729,22448.466,285,225,60,78.947,45.088,1.572,1228.931,3289,2578.98,1642.55,33586.74,1202.33,33371.73,-0.64
ETH-USDT-SWAP,30m,4H,0.01,0.01,0.005,148.0,18.246,-87.672,285,127,158,44.561,94.524,0.887,-4.8,3289,267.83,80.96,18.51,-93.09,18.25,-1.43
ETH-USDT-SWAP,30m,4H,0.01,0.01,0.008,148.0,378.649,155.844,285,167,118,58.596,82.866,1.053,8.532,3289,615.84,316.11,384.16,-37.62,378.65,-1.43
ETH-USDT-SWAP,30m,4H,0.01,0.01,0.01,148.0,754.2,409.595,285,178,107,62.456,80.462,1.107,22.423,3289,838.6,466.62,765.17,-8.76,754.2,-1.43
ETH-USDT-SWAP,30m,4H,0.01,0.01,0.015,148.0,6766.497,4471.958,285,195,90,68.421,66.64,1.354,244.815,3289,1194.48,707.08,6864.9,474.72,6766.5,-1.43
ETH-USDT-SWAP,30m,4H,0.01,0.01,0.02,148.0,11028.233,7351.509,285,200,85,70.175,71.744,1.452,402.455,3289,1842.24,1144.76,11188.61,507.34,11028.23,-1.43
ETH-USDT-SWAP,30m,4H,0.01,0.01,0.025,148.0,42292.222,28475.826,285,206,79,72.281,38.484,1.575,1558.896,3289,3305.47,2133.43,42507.23,1185.96,42292.22,-0.51
ETH-USDT-SWAP,30m,4H,0.01,0.01,0.03,148.0,38574.519,25963.864,285,207,78,72.632,45.363,1.504,1421.379,3289,3079.07,1980.45,38789.53,1159.78,38574.52,-0.55
ETH-USDT-SWAP,30m,4H,0.01,0.012,0.005,148.0,10.284,-93.051,285,114,171,40.0,95.642,0.856,-5.094,3289,204.11,37.91,10.43,-94.89,10.28,-1.43
ETH-USDT-SWAP,30m,4H,0.01,0.012,0.008,148.0,162.258,9.634,285,149,136,52.281,83.342,1.005,0.527,3289,393.39,165.8,164.62,-58.15,162.26,-1.43
ETH-USDT-SWAP,30m,4H,0.01,0.012,0.01,148.0,252.528,70.627,285,158,127,55.439,84.089,1.033,3.866,3289,467.37,215.79,256.2,-45.18,252.53,-1.43
ETH-USDT-SWAP,30m,4H,0.01,0.012,0.015,148.0,1843.916,1145.889,285,173,112,60.702,74.934,1.16,62.731,3289,688.44,365.16,1870.73,171.73,1843.92,-1.43
ETH-USDT-SWAP,30m,4H,0.01,0.012,0.02,148.0,3311.829,2137.722,285,178,107,62.456,69.398,1.225,117.029,3289,1108.42,648.93,3359.99,203.13,3311.83,-1.43
ETH-USDT-SWAP,30m,4H,0.01,0.012,0.025,148.0,16680.401,11170.541,285,184,101,64.561,69.851,1.287,611.526,3289,2063.14,1294.01,16895.41,718.92,16680.4,-1.27
ETH-USDT-SWAP,30m,4H,0.01,0.012,0.03,148.0,11349.858,7568.823,285,185,100,64.912,77.386,1.218,414.352,3289,1921.83,1198.53,11514.91,499.17,11349.86,-1.43
ETH-USDT-SWAP,30m,4H,0.01,0.015,0.005,148.0,2.178,-98.529,285,99,186,34.737,98.757,0.787,-5.394,3289,115.26,-22.12,2.21,-98.08,2.18,-1.43
ETH-USDT-SWAP,30m,4H,0.01,0.015,0.008,148.0,26.792,-81.897,285,130,155,45.614,93.393,0.92,-4.483,3289,209.27,41.4,27.18,-87.01,26.79,-1.43
ETH-USDT-SWAP,30m,4H,0.01,0.015,0.01,148.0,33.799,-77.163,285,138,147,48.421,92.219,0.923,-4.224,3289,206.27,39.37,34.29,-83.38,33.8,-1.43
ETH-USDT-SWAP,30m,4H,0.01,0.015,0.015,148.0,130.579,-11.771,285,151,134,52.982,84.999,0.994,-0.644,3289,326.46,120.58,132.48,-59.42,130.58,-1.43
ETH-USDT-SWAP,30m,4H,0.01,0.015,0.02,148.0,203.582,37.555,285,156,129,54.737,88.93,1.017,2.056,3289,391.47,164.51,206.54,-47.24,203.58,-1.43
ETH-USDT-SWAP,30m,4H,0.01,0.015,0.025,148.0,952.903,543.853,285,161,124,56.491,77.585,1.084,29.773,3289,620.25,319.09,966.76,55.87,952.9,-1.43
ETH-USDT-SWAP,30m,4H,0.01,0.015,0.03,148.0,598.771,304.575,285,162,123,56.842,83.358,1.054,16.674,3289,538.03,263.54,607.48,12.91,598.77,-1.43
ETH-USDT-SWAP,30m,4H,0.01,0.02,0.005,148.0,0.575,-99.612,285,89,196,31.228,99.701,0.645,-5.453,3289,43.59,-70.54,0.58,-98.66,0.57,-1.43
ETH-USDT-SWAP,30m,4H,0.01,0.02,0.008,148.0,0.83,-99.439,285,113,172,39.649,99.649,0.712,-5.444,3289,41.6,-71.89,0.84,-97.97,0.83,-1.43
ETH-USDT-SWAP,30m,4H,0.01,0.02,0.01,148.0,0.35,-99.764,285,117,168,41.053,99.86,0.685,-5.462,3289,38.71,-73.84,0.35,-99.08,0.35,-1.43
ETH-USDT-SWAP,30m,4H,0.01,0.02,0.015,148.0,1.599,-98.92,285,131,154,45.965,99.619,0.761,-5.415,3289,45.28,-69.41,1.62,-96.42,1.6,-1.43
ETH-USDT-SWAP,30m,4H,0.01,0.02,0.02,148.0,0.98,-99.338,285,135,150,47.368,99.766,0.735,-5.438,3289,39.75,-73.14,0.99,-97.5,0.98,-1.43
ETH-USDT-SWAP,30m,4H,0.01,0.02,0.025,148.0,2.754,-98.139,285,138,147,48.421,99.344,0.795,-5.373,3289,56.21,-62.02,2.79,-95.03,2.75,-1.43
ETH-USDT-SWAP,30m,4H,0.01,0.02,0.03,148.0,1.322,-99.107,285,139,146,48.772,99.685,0.754,-5.426,3289,39.38,-73.39,1.34,-96.59,1.32,-1.43
ETH-USDT-SWAP,30m,4H,0.01,0.03,0.005,148.0,0.123,-99.917,285,80,205,28.07,99.928,0.599,-5.47,3289,36.75,-75.17,0.12,-99.66,0.12,-1.43
ETH-USDT-SWAP,30m,4H,0.01,0.03,0.008,148.0,0.118,-99.921,285,102,183,35.789,99.945,0.601,-5.47,3289,25.8,-82.57,0.12,-99.54,0.12,-1.43
ETH-USDT-SWAP,30m,4H,0.01,0.03,0.01,148.0,0.048,-99.968,285,106,179,37.193,99.979,0.568,-5.473,3289,22.95,-84.49,0.05,-99.79,0.05,-1.43
ETH-USDT-SWAP,30m,4H,0.01,0.03,0.015,148.0,0.107,-99.928,285,118,167,41.404,99.974,0.595,-5.47,3289,19.2,-87.03,0.11,-99.44,0.11,-1.43
ETH-USDT-SWAP,30m,4H,0.01,0.03,0.02,148.0,0.085,-99.942,285,121,164,42.456,99.979,0.601,-5.471,3289,24.46,-83.48,0.09,-99.65,0.09,-1.43
ETH-USDT-SWAP,30m,4H,0.01,0.03,0.025,148.0,0.086,-99.942,285,122,163,42.807,99.979,0.615,-5.471,3289,32.36,-78.14,0.09,-99.73,0.09,-1.43
ETH-USDT-SWAP,30m,4H,0.01,0.03,0.03,148.0,0.02,-99.986,285,122,163,42.807,99.995,0.555,-5.474,3289,21.11,-85.74,0.02,-99.9,0.02,-1.43
ETH-USDT-SWAP,1H,6H,0.001,0.004,0.005,148.0,0.011,-99.992,614,377,237,61.401,99.993,0.435,-5.454,2201,4.69,-96.83,0.01,-99.77,0.01,5.81
ETH-USDT-SWAP,1H,6H,0.001,0.004,0.008,148.0,1.093,-99.261,614,472,142,76.873,99.355,0.621,-5.414,2201,34.8,-76.49,1.03,-97.03,1.09,5.81
ETH-USDT-SWAP,1H,6H,0.001,0.004,0.01,148.0,9.308,-93.711,614,506,108,82.41,96.715,0.806,-5.111,2201,86.31,-41.68,8.8,-89.81,9.31,5.81
ETH-USDT-SWAP,1H,6H,0.001,0.004,0.015,148.0,2878.891,1845.197,614,558,56,90.879,50.58,1.227,100.647,2201,857.06,479.1,2720.85,217.46,2878.89,5.81
ETH-USDT-SWAP,1H,6H,0.001,0.004,0.02,148.0,12064.831,8051.913,614,572,42,93.16,56.631,1.384,439.195,2201,1362.5,820.61,11402.5,736.88,12064.83,5.81
ETH-USDT-SWAP,1H,6H,0.001,0.004,0.025,148.0,24222.801,16266.758,614,579,35,94.3,59.527,1.852,887.278,2201,1278.99,764.18,23367.8,1727.05,24222.8,3.66
ETH-USDT-SWAP,1H,6H,0.001,0.004,0.03,148.0,56907.966,38351.328,614,587,27,95.603,32.3,2.83,2091.891,2201,2017.66,1263.28,56052.97,2678.12,56907.97,1.53
ETH-USDT-SWAP,1H,6H,0.001,0.006,0.005,148.0,0.156,-99.895,614,329,285,53.583,99.913,0.577,-5.449,2201,5.61,-96.21,0.15,-97.31,0.16,3.44
ETH-USDT-SWAP,1H,6H,0.001,0.006,0.008,148.0,76.9,-48.041,614,425,189,69.218,78.898,0.956,-2.62,2201,78.68,-46.83,74.34,-5.52,76.9,3.44
ETH-USDT-SWAP,1H,6H,0.001,0.006,0.01,148.0,848.795,473.51,614,456,158,74.267,67.453,1.13,25.828,2201,180.27,21.8,820.55,355.19,848.8,3.44
ETH-USDT-SWAP,1H,6H,0.001,0.006,0.015,148.0,61946.728,41755.897,614,500,114,81.433,42.243,1.696,2277.594,2201,1867.38,1161.74,61429.0,3189.59,61946.73,0.84
ETH-USDT-SWAP,1H,6H,0.001,0.006,0.02,148.0,76240.3,51413.716,614,511,103,83.225,49.342,1.897,2804.385,2201,2717.25,1735.98,75722.58,2686.74,76240.3,0.68
ETH-USDT-SWAP,1H,6H,0.001,0.006,0.025,148.0,88314.33,59571.844,614,518,96,84.365,57.924,2.076,3249.373,2201,2808.37,1797.55,87796.61,3026.24,88314.33,0.59
ETH-USDT-SWAP,1H,6H,0.001,0.006,0.03,148.0,122642.638,82766.647,614,526,88,85.668,32.83,2.632,4514.544,2201,4605.77,3012.01,122124.91,2551.56,122642.64,0.42
ETH-USDT-SWAP,1H,6H,0.001,0.008,0.005,148.0,0.152,-99.897,614,282,332,45.928,99.922,0.607,-5.449,2201,5.5,-96.28,0.14,-97.38,0.15,5.44
ETH-USDT-SWAP,1H,6H,0.001,0.008,0.008,148.0,49.963,-66.241,614,367,247,59.772,86.235,0.944,-3.613,2201,79.01,-46.62,47.39,-40.02,49.96,5.44
ETH-USDT-SWAP,1H,6H,0.001,0.008,0.01,148.0,1004.853,578.955,614,400,214,65.147,72.341,1.096,31.579,2201,237.29,60.33,953.04,301.64,1004.85,5.44
ETH-USDT-SWAP,1H,6H,0.001,0.008,0.015,148.0,71458.525,48182.787,614,442,172,71.987,57.936,1.562,2628.152,2201,2194.41,1382.71,70640.8,3119.13,71458.52,1.16
ETH-USDT-SWAP,1H,6H,0.001,0.008,0.02,148.0,87852.749,59259.965,614,452,162,73.616,67.212,1.713,3232.362,2201,3113.0,2003.38,87035.02,2695.85,87852.75,0.94
ETH-USDT-SWAP,1H,6H,0.001,0.008,0.025,148.0,97820.379,65994.851,614,459,155,74.756,76.723,1.834,3599.719,2201,2686.08,1714.92,97002.66,3511.31,97820.38,0.84
ETH-USDT-SWAP,1H,6H,0.001,0.008,0.03,148.0,136275.856,91978.281,614,467,147,76.059,67.106,2.149,5016.997,2201,5758.74,3791.04,135458.13,2252.22,136275.86,0.6
ETH-USDT-SWAP,1H,6H,0.001,0.01,0.005,148.0,0.02,-99.986,614,242,372,39.414,99.99,0.556,-5.454,2201,2.55,-98.28,0.02,-99.27,0.02,7.43
ETH-USDT-SWAP,1H,6H,0.001,0.01,0.008,148.0,1.764,-98.808,614,317,297,51.629,99.159,0.727,-5.39,2201,14.52,-90.19,1.64,-88.69,1.76,7.43
ETH-USDT-SWAP,1H,6H,0.001,0.01,0.01,148.0,30.958,-79.082,614,350,264,57.003,91.505,0.909,-4.314,2201,34.96,-76.38,28.82,-17.58,30.96,7.43
ETH-USDT-SWAP,1H,6H,0.001,0.01,0.015,148.0,5429.375,3568.497,614,390,224,63.518,79.328,1.134,194.645,2201,228.03,54.07,5053.77,2116.27,5429.38,7.43
ETH-USDT-SWAP,1H,6H,0.001,0.01,0.02,148.0,5948.308,3919.127,614,398,216,64.821,81.642,1.11,213.771,2201,247.51,67.24,5536.81,2137.0,5948.31,7.43
ETH-USDT-SWAP,1H,6H,0.001,0.01,0.025,148.0,10767.052,7175.035,614,404,210,65.798,85.602,1.189,391.366,2201,259.33,75.22,10022.19,3764.66,10767.05,7.43
ETH-USDT-SWAP,1H,6H,0.001,0.01,0.03,148.0,61782.115,41644.672,614,411,203,66.938,77.866,1.447,2271.528,2201,644.57,335.52,60664.39,9311.68,61782.11,1.84
ETH-USDT-SWAP,1H,6H,0.001,0.012,0.005,148.0,0.001,-99.999,614,209,405,34.039,99.999,0.438,-5.454,2201,0.92,-99.38,0.0,-99.86,0.0,9.43
ETH-USDT-SWAP,1H,6H,0.001,0.012,0.008,148.0,0.04,-99.973,614,278,336,45.277,99.978,0.526,-5.453,2201,4.64,-96.87,0.04,-99.21,0.04,9.43
ETH-USDT-SWAP,1H,6H,0.001,0.012,0.01,148.0,0.283,-99.808,614,304,310,49.511,99.882,0.657,-5.444,2201,9.95,-93.28,0.26,-97.4,0.28,9.43
ETH-USDT-SWAP,1H,6H,0.001,0.012,0.015,148.0,35.61,-75.939,614,343,271,55.863,94.168,0.961,-4.142,2201,66.42,-55.12,32.54,-51.01,35.61,9.43
ETH-USDT-SWAP,1H,6H,0.001,0.012,0.02,148.0,22.886,-84.536,614,349,265,56.84,94.377,0.943,-4.611,2201,48.46,-67.26,20.91,-56.84,22.89,9.43
ETH-USDT-SWAP,1H,6H,0.001,0.012,0.025,148.0,55.662,-62.391,614,356,258,57.98,94.858,0.963,-3.403,2201,42.24,-71.46,50.87,20.42,55.66,9.43
ETH-USDT-SWAP,1H,6H,0.001,0.012,0.03,148.0,359.26,142.743,614,362,252,58.958,95.553,1.012,7.786,2201,124.08,-16.16,328.31,164.59,359.26,9.43
ETH-USDT-SWAP,1H,6H,0.001,0.015,0.005,148.0,0.0,-100.0,614,184,430,29.967,100.0,0.466,-5.455,2201,0.63,-99.58,0.0,-99.98,0.0,10.06
ETH-USDT-SWAP,1H,6H,0.001,0.015,0.008,148.0,0.001,-99.999,614,248,366,40.391,99.999,0.53,-5.454,2201,2.99,-97.98,0.0,-99.96,0.0,10.06
ETH-USDT-SWAP,1H,6H,0.001,0.015,0.01,148.0,0.008,-99.995,614,272,342,44.3,99.997,0.638,-5.454,2201,6.92,-95.32,0.01,-99.9,0.01,10.06
ETH-USDT-SWAP,1H,6H,0.001,0.015,0.015,148.0,0.314,-99.788,614,306,308,49.837,99.9,0.827,-5.443,2201,36.77,-75.15,0.28,-99.23,0.31,10.06
ETH-USDT-SWAP,1H,6H,0.001,0.015,0.02,148.0,0.178,-99.88,614,312,302,50.814,99.935,0.788,-5.448,2201,23.68,-84.0,0.16,-99.32,0.18,10.06
ETH-USDT-SWAP,1H,6H,0.001,0.015,0.025,148.0,0.198,-99.866,614,317,297,51.629,99.925,0.772,-5.447,2201,19.13,-87.08,0.18,-99.06,0.2,10.06
ETH-USDT-SWAP,1H,6H,0.001,0.015,0.03,148.0,0.443,-99.701,614,321,293,52.28,99.82,0.862,-5.438,2201,38.94,-73.69,0.4,-98.97,0.44,10.06
ETH-USDT-SWAP,1H,6H,0.001,0.02,0.005,148.0,0.0,-100.0,614,169,445,27.524,100.0,0.365,-5.455,2201,0.22,-99.85,0.0,-99.98,0.0,10.06
ETH-USDT-SWAP,1H,6H,0.001,0.02,0.008,148.0,0.0,-100.0,614,229,385,37.296,100.0,0.447,-5.455,2201,0.72,-99.51,0.0,-99.97,0.0,10.06
ETH-USDT-SWAP,1H,6H,0.001,0.02,0.01,148.0,0.001,-100.0,614,249,365,40.554,100.0,0.517,-5.455,2201,1.23,-99.17,0.0,-99.95,0.0,10.06
ETH-USDT-SWAP,1H,6H,0.001,0.02,0.015,148.0,0.003,-99.998,614,275,339,44.788,99.999,0.546,-5.454,2201,2.12,-98.57,0.0,-99.89,0.0,10.06
ETH-USDT-SWAP,1H,6H,0.001,0.02,0.02,148.0,0.001,-99.999,614,283,331,46.091,100.0,0.511,-5.455,2201,0.83,-99.44,0.0,-99.88,0.0,10.06
ETH-USDT-SWAP,1H,6H,0.001,0.02,0.025,148.0,0.001,-100.0,614,288,326,46.906,100.0,0.489,-5.455,2201,0.88,-99.41,0.0,-99.93,0.0,10.06
ETH-USDT-SWAP,1H,6H,0.001,0.02,0.03,148.0,0.001,-99.999,614,291,323,47.394,100.0,0.505,-5.455,2201,1.58,-98.93,0.0,-99.94,0.0,10.06
ETH-USDT-SWAP,1H,6H,0.001,0.03,0.005,148.0,0.0,-100.0,614,147,467,23.941,100.0,0.31,-5.455,2201,0.04,-99.97,0.0,-100.0,0.0,10.06
ETH-USDT-SWAP,1H,6H,0.001,0.03,0.008,148.0,0.0,-100.0,614,206,408,33.55,100.0,0.4,-5.455,2201,0.23,-99.84,0.0,-100.0,0.0,10.06
ETH-USDT-SWAP,1H,6H,0.001,0.03,0.01,148.0,0.0,-100.0,614,224,390,36.482,100.0,0.465,-5.455,2201,0.27,-99.82,0.0,-100.0,0.0,10.06
ETH-USDT-SWAP,1H,6H,0.001,0.03,0.015,148.0,0.0,-100.0,614,248,366,40.391,100.0,0.481,-5.455,2201,0.66,-99.56,0.0,-100.0,0.0,10.06
ETH-USDT-SWAP,1H,6H,0.001,0.03,0.02,148.0,0.0,-100.0,614,258,356,42.02,100.0,0.455,-5.455,2201,0.23,-99.85,0.0,-100.0,0.0,10.06
ETH-USDT-SWAP,1H,6H,0.001,0.03,0.025,148.0,0.0,-100.0,614,262,352,42.671,100.0,0.433,-5.455,2201,0.25,-99.83,0.0,-100.0,0.0,10.06
ETH-USDT-SWAP,1H,6H,0.001,0.03,0.03,148.0,0.0,-100.0,614,264,350,42.997,100.0,0.415,-5.455,2201,0.26,-99.83,0.0,-100.0,0.0,10.06
ETH-USDT-SWAP,1H,6H,0.002,0.004,0.005,148.0,0.062,-99.958,573,365,208,63.7,99.963,0.536,-5.452,2201,11.62,-92.15,0.06,-99.49,0.06,4.04
ETH-USDT-SWAP,1H,6H,0.002,0.004,0.008,148.0,1.466,-99.01,573,442,131,77.138,99.139,0.647,-5.401,2201,41.7,-71.83,1.41,-96.62,1.47,4.04
ETH-USDT-SWAP,1H,6H,0.002,0.004,0.01,148.0,10.248,-93.076,573,473,100,82.548,96.561,0.82,-5.077,2201,110.58,-25.28,9.85,-91.09,10.25,4.04
ETH-USDT-SWAP,1H,6H,0.002,0.004,0.015,148.0,1869.391,1163.102,573,523,50,91.274,47.207,1.162,63.442,2201,1208.31,716.43,1796.8,48.7,1869.39,4.04
ETH-USDT-SWAP,1H,6H,0.002,0.004,0.02,148.0,6487.234,4283.266,573,536,37,93.543,56.631,1.245,233.633,2201,1256.67,749.1,6235.33,396.18,6487.23,4.04
ETH-USDT-SWAP,1H,6H,0.002,0.004,0.025,148.0,31644.345,21281.314,573,546,27,95.288,59.527,2.31,1160.799,2201,1179.65,697.06,31044.34,2531.66,31644.34,1.93
ETH-USDT-SWAP,1H,6H,0.002,0.004,0.03,148.0,55777.968,37587.816,573,552,21,96.335,34.999,2.843,2050.245,2201,2791.42,1786.1,55177.97,1876.7,55777.97,1.09
ETH-USDT-SWAP,1H,6H,0.002,0.006,0.005,148.0,4.574,-96.909,573,335,238,58.464,98.013,0.808,-5.286,2201,50.24,-66.06,4.24,-91.56,4.57,7.85
ETH-USDT-SWAP,1H,6H,0.002,0.006,0.008,148.0,331.422,123.934,573,410,163,71.553,68.693,1.053,6.76,2201,311.11,110.21,307.31,-1.22,331.42,7.85
ETH-USDT-SWAP,1H,6H,0.002,0.006,0.01,148.0,2722.172,1739.306,573,438,135,76.44,70.952,1.228,94.871,2201,818.59,453.1,2524.08,208.34,2722.17,7.85
ETH-USDT-SWAP,1H,6H,0.002,0.006,0.015,148.0,70604.451,47605.71,573,479,94,83.595,56.361,1.726,2596.675,2201,6047.5,3986.15,69449.45,1048.4,70604.45,1.66
ETH-USDT-SWAP,1H,6H,0.002,0.006,0.02,148.0,90211.511,60853.724,573,491,82,85.689,49.342,1.975,3319.294,2201,6631.6,4380.81,89056.51,1242.91,90211.51,1.3
ETH-USDT-SWAP,1H,6H,0.002,0.006,0.025,148.0,119425.427,80592.856,573,501,72,87.435,57.924,2.68,4395.974,2201,6934.73,4585.63,118270.43,1605.48,119425.43,0.98
ETH-USDT-SWAP,1H,6H,0.002,0.006,0.03,148.0,143789.138,97054.823,573,507,66,88.482,32.3,3.109,5293.899,2201,17371.47,11637.48,142634.14,721.08,143789.14,0.81
ETH-USDT-SWAP,1H,6H,0.002,0.008,0.005,148.0,10.936,-92.611,573,296,277,51.658,95.27,0.866,-5.052,2201,64.34,-56.53,10.28,-84.03,10.94,6.41
ETH-USDT-SWAP,1H,6H,0.002,0.008,0.008,148.0,909.235,514.348,573,366,207,63.874,70.695,1.082,28.055,2201,531.49,259.12,854.43,60.76,909.24,6.41
ETH-USDT-SWAP,1H,6H,0.002,0.008,0.01,148.0,11377.812,7587.711,573,395,178,68.935,71.799,1.258,413.875,2201,1644.11,1010.88,10691.95,550.32,11377.81,6.41
ETH-USDT-SWAP,1H,6H,0.002,0.008,0.015,148.0,105691.201,71312.974,573,435,138,75.916,37.893,1.746,3889.799,2201,13488.88,9014.11,104734.78,676.45,105691.2,0.91
ETH-USDT-SWAP,1H,6H,0.002,0.008,0.02,148.0,113009.187,76257.559,573,444,129,77.487,49.321,1.819,4159.503,2201,11168.59,7446.34,112052.76,903.28,113009.19,0.85
ETH-USDT-SWAP,1H,6H,0.002,0.008,0.025,148.0,139085.086,93876.409,573,453,120,79.058,63.767,2.174,5120.531,2201,13235.95,8843.21,138128.66,943.59,139085.09,0.69
ETH-USDT-SWAP,1H,6H,0.002,0.008,0.03,148.0,164895.637,111315.971,573,459,114,80.105,42.249,2.377,6071.78,2201,31191.37,20975.25,163939.21,425.59,164895.64,0.58
ETH-USDT-SWAP,1H,6H,0.002,0.01,0.005,148.0,2.24,-98.487,573,257,316,44.852,98.956,0.753,-5.372,2201,20.22,-86.34,2.07,-89.78,2.24,8.43
ETH-USDT-SWAP,1H,6H,0.002,0.01,0.008,148.0,140.262,-5.228,573,322,251,56.195,76.923,0.998,-0.285,2201,140.66,-4.96,129.36,-8.04,140.26,8.43
ETH-USDT-SWAP,1H,6H,0.002,0.01,0.01,148.0,2907.612,1864.603,573,353,220,61.606,75.791,1.164,101.706,2201,419.65,183.55,2681.6,539.01,2907.61,8.43
ETH-USDT-SWAP,1H,6H,0.002,0.01,0.015,148.0,71009.135,47879.145,573,386,187,67.365,70.334,1.563,2611.59,2201,1247.61,742.98,69752.71,5490.92,71009.13,1.8
ETH-USDT-SWAP,1H,6H,0.002,0.01,0.02,148.0,76442.325,51550.22,573,394,179,68.761,79.601,1.616,2811.83,2201,1109.93,649.95,75185.9,6673.95,76442.33,1.67
ETH-USDT-SWAP,1H,6H,0.002,0.01,0.025,148.0,107559.588,72575.397,573,403,170,70.332,83.998,1.888,3958.658,2201,1822.01,1131.09,106303.16,5734.39,107559.59,1.18
ETH-USDT-SWAP,1H,6H,0.002,0.01,0.03,148.0,138310.13,93352.791,573,409,164,71.379,50.559,1.958,5091.97,2201,5692.67,3746.4,137053.7,2307.55,138310.13,0.92
ETH-USDT-SWAP,1H,6H,0.002,0.012,0.005,148.0,0.081,-99.945,573,221,352,38.569,99.958,0.63,-5.452,2201,7.41,-94.99,0.07,-99.01,0.08,10.44
ETH-USDT-SWAP,1H,6H,0.002,0.012,0.008,148.0,1.347,-99.09,573,279,294,48.691,99.309,0.817,-5.405,2201,43.64,-70.51,1.22,-97.2,1.35,10.44
ETH-USDT-SWAP,1H,6H,0.002,0.012,0.01,148.0,32.584,-77.983,573,310,263,54.101,90.934,0.952,-4.254,2201,145.82,-1.48,29.5,-79.77,32.58,10.44
ETH-USDT-SWAP,1H,6H,0.002,0.012,0.015,148.0,1100.01,643.25,573,342,231,59.686,85.864,1.035,35.086,2201,465.67,214.64,996.01,113.89,1100.01,10.44
ETH-USDT-SWAP,1H,6H,0.002,0.012,0.02,148.0,1772.029,1097.317,573,350,223,61.082,86.655,1.034,59.854,2201,576.15,289.29,1604.49,178.49,1772.03,10.44
ETH-USDT-SWAP,1H,6H,0.002,0.012,0.025,148.0,21305.623,14295.691,573,359,214,62.653,86.209,1.175,779.765,2201,595.68,302.49,19749.2,3215.39,21305.62,7.88
ETH-USDT-SWAP,1H,6H,0.002,0.012,0.03,148.0,57765.59,38930.804,573,364,209,63.525,71.466,1.332,2123.498,2201,1995.04,1248.0,56209.16,2717.44,57765.59,2.77
ETH-USDT-SWAP,1H,6H,0.002,0.015,0.005,148.0,0.01,-99.993,573,199,374,34.729,99.995,0.535,-5.454,2201,3.63,-97.55,0.01,-99.75,0.01,13.46
ETH-USDT-SWAP,1H,6H,0.002,0.015,0.008,148.0,0.091,-99.939,573,252,321,43.979,99.956,0.69,-5.451,2201,16.76,-88.67,0.08,-99.52,0.09,13.46
ETH-USDT-SWAP,1H,6H,0.002,0.015,0.01,148.0,0.521,-99.648,573,275,298,47.993,99.814,0.814,-5.435,2201,44.94,-69.64,0.46,-98.98,0.52,13.46
ETH-USDT-SWAP,1H,6H,0.002,0.015,0.015,148.0,15.795,-89.328,573,307,266,53.578,97.373,0.951,-4.872,2201,115.84,-21.73,13.92,-87.98,15.79,13.46
ETH-USDT-SWAP,1H,6H,0.002,0.015,0.02,148.0,10.142,-93.147,573,312,261,54.45,97.694,0.932,-5.081,2201,64.91,-56.14,8.94,-86.23,10.14,13.46
ETH-USDT-SWAP,1H,6H,0.002,0.015,0.025,148.0,62.8,-57.567,573,320,253,55.846,97.432,0.982,-3.14,2201,86.45,-41.59,55.35,-35.98,62.8,13.46
ETH-USDT-SWAP,1H,6H,0.002,0.015,0.03,148.0,79.183,-46.498,573,323,250,56.37,96.585,0.992,-2.536,2201,201.49,36.14,69.79,-65.36,79.18,13.46
ETH-USDT-SWAP,1H,6H,0.002,0.02,0.005,148.0,0.002,-99.999,573,182,391,31.763,99.999,0.53,-5.454,2201,1.27,-99.14,0.0,-99.86,0.0,12.11
ETH-USDT-SWAP,1H,6H,0.002,0.02,0.008,148.0,0.011,-99.993,573,231,342,40.314,99.996,0.633,-5.454,2201,4.28,-97.11,0.01,-99.77,0.01,12.11
ETH-USDT-SWAP,1H,6H,0.002,0.02,0.01,148.0,0.021,-99.986,573,249,324,43.455,99.993,0.704,-5.454,2201,8.94,-93.96,0.02,-99.79,0.02,12.11
ETH-USDT-SWAP,1H,6H,0.002,0.02,0.015,148.0,0.062,-99.958,573,274,299,47.818,99.984,0.722,-5.452,2201,8.17,-94.48,0.06,-99.32,0.06,12.11
ETH-USDT-SWAP,1H,6H,0.002,0.02,0.02,148.0,0.023,-99.985,573,280,293,48.866,99.994,0.686,-5.454,2201,4.48,-96.97,0.02,-99.55,0.02,12.11
ETH-USDT-SWAP,1H,6H,0.002,0.02,0.025,148.0,0.067,-99.955,573,286,287,49.913,99.98,0.684,-5.452,2201,5.65,-96.18,0.06,-98.95,0.07,12.11
ETH-USDT-SWAP,1H,6H,0.002,0.02,0.03,148.0,0.038,-99.974,573,288,285,50.262,99.988,0.715,-5.453,2201,7.69,-94.8,0.03,-99.56,0.04,12.11
ETH-USDT-SWAP,1H,6H,0.002,0.03,0.005,148.0,0.0,-100.0,573,161,412,28.098,100.0,0.373,-5.455,2201,0.35,-99.76,0.0,-99.99,0.0,12.11
ETH-USDT-SWAP,1H,6H,0.002,0.03,0.008,148.0,0.0,-100.0,573,208,365,36.3,100.0,0.49,-5.455,2201,1.51,-98.98,0.0,-99.99,0.0,12.11
ETH-USDT-SWAP,1H,6H,0.002,0.03,0.01,148.0,0.0,-100.0,573,226,347,39.442,100.0,0.566,-5.455,2201,3.22,-97.83,0.0,-99.99,0.0,12.11
ETH-USDT-SWAP,1H,6H,0.002,0.03,0.015,148.0,0.0,-100.0,573,249,324,43.455,100.0,0.584,-5.455,2201,3.59,-97.58,0.0,-99.99,0.0,12.11
ETH-USDT-SWAP,1H,6H,0.002,0.03,0.02,148.0,0.0,-100.0,573,257,316,44.852,100.0,0.549,-5.455,2201,1.88,-98.73,0.0,-99.99,0.0,12.11
ETH-USDT-SWAP,1H,6H,0.002,0.03,0.025,148.0,0.0,-100.0,573,261,312,45.55,100.0,0.526,-5.455,2201,2.26,-98.47,0.0,-99.99,0.0,12.11
ETH-USDT-SWAP,1H,6H,0.002,0.03,0.03,148.0,0.0,-100.0,573,262,311,45.724,100.0,0.509,-5.455,2201,1.8,-98.78,0.0,-100.0,0.0,12.11
ETH-USDT-SWAP,1H,6H,0.003,0.004,0.005,148.0,0.125,-99.916,521,330,191,63.34,99.922,0.502,-5.45,2201,18.17,-87.72,0.12,-99.33,0.12,2.0
ETH-USDT-SWAP,1H,6H,0.003,0.004,0.008,148.0,2.312,-98.438,521,400,121,76.775,99.168,0.75,-5.369,2201,77.7,-47.5,2.27,-97.08,2.31,2.0
ETH-USDT-SWAP,1H,6H,0.003,0.004,0.01,148.0,8.31,-94.385,521,425,96,81.574,96.933,0.835,-5.148,2201,136.66,-7.66,8.15,-94.04,8.31,2.0
ETH-USDT-SWAP,1H,6H,0.003,0.004,0.015,148.0,1486.695,904.524,521,474,47,90.979,47.568,1.139,49.338,2201,1294.0,774.32,1457.54,12.64,1486.7,2.0
ETH-USDT-SWAP,1H,6H,0.003,0.004,0.02,148.0,3229.677,2082.214,521,485,36,93.09,60.792,1.203,113.575,2201,1432.39,867.83,3166.35,121.05,3229.68,2.0
ETH-USDT-SWAP,1H,6H,0.003,0.004,0.025,148.0,29893.794,20098.509,521,497,24,95.393,44.785,2.669,1096.282,2201,2007.96,1256.73,29593.79,1373.82,29893.79,1.01
ETH-USDT-SWAP,1H,6H,0.003,0.004,0.03,148.0,47852.218,32232.58,521,501,20,96.161,36.208,2.459,1758.141,2201,3651.71,2367.37,47552.22,1202.19,47852.22,0.63
ETH-USDT-SWAP,1H,6H,0.003,0.006,0.005,148.0,8.633,-94.167,521,308,213,59.117,94.907,0.847,-5.136,2201,99.45,-32.8,8.3,-91.65,8.63,4.0
ETH-USDT-SWAP,1H,6H,0.003,0.006,0.008,148.0,391.037,164.214,521,376,145,72.169,74.871,1.038,8.957,2201,774.88,423.57,376.0,-51.48,391.04,4.0
ETH-USDT-SWAP,1H,6H,0.003,0.006,0.01,148.0,1587.217,972.444,521,399,122,76.583,69.661,1.105,53.042,2201,1015.19,585.94,1526.17,50.33,1587.22,4.0
ETH-USDT-SWAP,1H,6H,0.003,0.006,0.015,148.0,74414.834,50180.293,521,445,76,85.413,48.501,1.752,2737.107,2201,9797.11,6519.67,73814.83,653.43,74414.83,0.81
ETH-USDT-SWAP,1H,6H,0.003,0.006,0.02,148.0,90658.791,61155.94,521,456,65,87.524,58.094,2.019,3335.779,2201,11449.8,7636.35,90058.79,686.55,90658.79,0.67
ETH-USDT-SWAP,1H,6H,0.003,0.006,0.025,148.0,128287.183,86580.529,521,468,53,89.827,46.366,3.053,4722.574,2201,15612.06,10448.69,127687.18,717.88,128287.18,0.47
ETH-USDT-SWAP,1H,6H,0.003,0.006,0.03,148.0,142238.228,96006.911,521,472,49,90.595,34.894,3.382,5236.741,2201,24270.82,16299.2,141638.23,483.57,142238.23,0.42
ETH-USDT-SWAP,1H,6H,0.003,0.008,0.005,148.0,79.204,-46.484,521,282,239,54.127,78.609,0.97,-2.535,2201,173.82,17.45,74.93,-56.89,79.2,5.7
ETH-USDT-SWAP,1H,6H,0.003,0.008,0.008,148.0,4917.427,3222.586,521,345,176,66.219,62.861,1.207,175.777,2201,982.58,563.91,4652.25,373.47,4917.43,5.7
ETH-USDT-SWAP,1H,6H,0.003,0.008,0.01,148.0,22036.955,14789.834,521,366,155,70.25,56.194,1.332,806.718,2201,1348.52,811.16,21181.95,1470.76,22036.95,4.04
ETH-USDT-SWAP,1H,6H,0.003,0.008,0.015,148.0,99594.958,67193.89,521,401,120,76.967,43.84,1.744,3665.121,2201,13858.11,9263.59,98739.96,612.51,99594.96,0.87
ETH-USDT-SWAP,1H,6H,0.003,0.008,0.02,148.0,116190.495,78407.091,521,411,110,78.887,52.114,1.933,4276.75,2201,16601.44,11117.19,115335.5,594.73,116190.5,0.74
ETH-USDT-SWAP,1H,6H,0.003,0.008,0.025,148.0,152823.993,103159.454,521,422,99,80.998,42.116,2.464,5626.879,2201,23533.52,15801.02,151968.99,545.76,152823.99,0.56
ETH-USDT-SWAP,1H,6H,0.003,0.008,0.03,148.0,166624.284,112483.976,521,426,95,81.766,34.894,2.575,6135.49,2201,32941.52,22157.78,165769.28,403.22,166624.28,0.52
ETH-USDT-SWAP,1H,6H,0.003,0.01,0.005,148.0,51.357,-65.299,521,254,267,48.752,87.623,0.958,-3.562,2201,149.95,1.32,47.69,-68.2,51.36,7.7
ETH-USDT-SWAP,1H,6H,0.003,0.01,0.008,148.0,4233.239,2760.297,521,316,205,60.653,76.929,1.128,150.562,2201,1059.49,615.87,3930.58,270.99,4233.24,7.7
ETH-USDT-SWAP,1H,6H,0.003,0.01,0.01,148.0,17010.419,11393.527,521,335,186,64.299,75.351,1.217,621.465,2201,1188.47,703.02,15855.42,1234.11,17010.42,7.28
ETH-USDT-SWAP,1H,6H,0.003,0.01,0.015,148.0,105819.581,71399.717,521,371,150,71.209,42.877,1.665,3894.53,2201,10858.51,7236.83,104664.58,863.89,105819.58,1.1
ETH-USDT-SWAP,1H,6H,0.003,0.01,0.02,148.0,123432.274,83300.185,521,380,141,72.937,50.538,1.797,4543.646,2201,13698.93,9156.04,122277.27,792.6,123432.27,0.94
ETH-USDT-SWAP,1H,6H,0.003,0.01,0.025,148.0,160194.196,108139.322,521,390,131,74.856,46.012,2.173,5898.508,2201,23103.25,15510.3,159039.2,588.38,160194.2,0.73
ETH-USDT-SWAP,1H,6H,0.003,0.01,0.03,148.0,176774.657,119342.336,521,394,127,75.624,36.027,2.249,6509.582,2201,36191.42,24353.66,175619.66,385.25,176774.66,0.66
ETH-USDT-SWAP,1H,6H,0.003,0.012,0.005,148.0,3.759,-97.46,521,221,300,42.418,98.16,0.799,-5.316,2201,30.39,-79.47,3.43,-88.72,3.76,9.7
ETH-USDT-SWAP,1H,6H,0.003,0.012,0.008,148.0,134.54,-9.095,521,277,244,53.167,81.415,0.996,-0.496,2201,145.5,-1.69,122.64,-15.71,134.54,9.7
ETH-USDT-SWAP,1H,6H,0.003,0.012,0.01,148.0,512.689,246.411,521,296,225,56.814,81.542,1.051,13.441,2201,190.31,28.59,467.36,145.58,512.69,9.7
ETH-USDT-SWAP,1H,6H,0.003,0.012,0.015,148.0,10791.994,7191.888,521,326,195,62.572,71.261,1.145,392.285,2201,593.75,301.18,9837.73,1556.89,10791.99,9.7
ETH-USDT-SWAP,1H,6H,0.003,0.012,0.02,148.0,29765.606,20011.896,521,334,187,64.107,76.063,1.248,1091.558,2201,657.95,344.56,28310.61,4202.85,29765.61,5.14
ETH-USDT-SWAP,1H,6H,0.003,0.012,0.025,148.0,74088.495,49959.794,521,343,178,65.835,71.703,1.522,2725.08,2201,1566.9,958.71,72633.5,4535.5,74088.5,2.0
ETH-USDT-SWAP,1H,6H,0.003,0.012,0.03,148.0,90907.591,61324.048,521,347,174,66.603,61.177,1.539,3344.948,2201,3171.22,2042.71,89452.59,2720.77,90907.59,1.63
ETH-USDT-SWAP,1H,6H,0.003,0.015,0.005,148.0,0.981,-99.337,521,200,321,38.388,99.547,0.773,-5.418,2201,20.78,-85.96,0.87,-95.81,0.98,12.7
ETH-USDT-SWAP,1H,6H,0.003,0.015,0.008,148.0,11.289,-92.372,521,247,274,47.409,96.246,0.924,-5.038,2201,109.53,-25.99,10.02,-90.85,11.29,12.7
ETH-USDT-SWAP,1H,6H,0.003,0.015,0.01,148.0,70.003,-52.7,521,267,254,51.248,91.921,0.979,-2.875,2201,128.13,-13.43,62.11,-51.52,70.0,12.7
ETH-USDT-SWAP,1H,6H,0.003,0.015,0.015,148.0,694.795,369.456,521,295,226,56.622,87.972,1.031,20.152,2201,291.64,97.06,616.5,111.39,694.8,12.7
ETH-USDT-SWAP,1H,6H,0.003,0.015,0.02,148.0,923.518,523.998,521,301,220,57.774,88.684,1.044,28.582,2201,208.92,41.17,819.45,292.22,923.52,12.7
ETH-USDT-SWAP,1H,6H,0.003,0.015,0.025,148.0,7672.668,5084.235,521,309,212,59.309,88.271,1.077,277.322,2201,424.25,186.66,6808.05,1504.71,7672.67,12.7
ETH-USDT-SWAP,1H,6H,0.003,0.015,0.03,148.0,32628.692,21946.414,521,312,209,59.885,76.141,1.203,1197.077,2201,649.16,338.62,30723.69,4632.83,32628.69,6.2
ETH-USDT-SWAP,1H,6H,0.003,0.02,0.005,148.0,0.029,-99.98,521,174,347,33.397,99.989,0.69,-5.453,2201,6.59,-95.55,0.03,-99.6,0.03,12.37
ETH-USDT-SWAP,1H,6H,0.003,0.02,0.008,148.0,0.112,-99.924,521,215,306,41.267,99.965,0.79,-5.45,2201,18.73,-87.35,0.1,-99.47,0.11,12.37
ETH-USDT-SWAP,1H,6H,0.003,0.02,0.01,148.0,0.22,-99.851,521,232,289,44.53,99.94,0.806,-5.446,2201,17.8,-87.97,0.2,-98.9,0.22,12.37
ETH-USDT-SWAP,1H,6H,0.003,0.02,0.015,148.0,0.357,-99.759,521,255,266,48.944,99.918,0.797,-5.441,2201,14.67,-90.09,0.32,-97.84,0.36,12.37
ETH-USDT-SWAP,1H,6H,0.003,0.02,0.02,148.0,0.195,-99.868,521,261,260,50.096,99.949,0.77,-5.447,2201,10.29,-93.05,0.17,-98.31,0.19,12.37
ETH-USDT-SWAP,1H,6H,0.003,0.02,0.025,148.0,1.052,-99.29,521,267,254,51.248,99.721,0.837,-5.416,2201,23.8,-83.92,0.94,-96.07,1.05,12.37
ETH-USDT-SWAP,1H,6H,0.003,0.02,0.03,148.0,0.242,-99.837,521,268,253,51.44,99.931,0.813,-5.446,2201,22.45,-84.83,0.21,-99.04,0.24,12.37
ETH-USDT-SWAP,1H,6H,0.003,0.03,0.005,148.0,0.001,-99.999,521,156,365,29.942,100.0,0.57,-5.455,2201,2.04,-98.62,0.0,-99.96,0.0,12.37
ETH-USDT-SWAP,1H,6H,0.003,0.03,0.008,148.0,0.001,-99.999,521,193,328,37.044,99.999,0.681,-5.454,2201,5.61,-96.21,0.0,-99.98,0.0,12.37
ETH-USDT-SWAP,1H,6H,0.003,0.03,0.01,148.0,0.004,-99.997,521,211,310,40.499,99.999,0.716,-5.454,2201,7.24,-95.11,0.0,-99.95,0.0,12.37
ETH-USDT-SWAP,1H,6H,0.003,0.03,0.015,148.0,0.001,-99.999,521,230,291,44.146,100.0,0.676,-5.454,2201,4.99,-96.63,0.0,-99.98,0.0,12.37
ETH-USDT-SWAP,1H,6H,0.003,0.03,0.02,148.0,0.001,-99.999,521,238,283,45.681,100.0,0.651,-5.454,2201,3.15,-97.87,0.0,-99.96,0.0,12.37
ETH-USDT-SWAP,1H,6H,0.003,0.03,0.025,148.0,0.003,-99.998,521,242,279,46.449,99.999,0.63,-5.454,2201,3.98,-97.31,0.0,-99.94,0.0,12.37
ETH-USDT-SWAP,1H,6H,0.003,0.03,0.03,148.0,0.0,-100.0,521,243,278,46.641,100.0,0.616,-5.455,2201,3.37,-97.72,0.0,-99.99,0.0,12.37
ETH-USDT-SWAP,1H,6H,0.004,0.004,0.005,148.0,0.12,-99.919,477,295,182,61.845,99.924,0.513,-5.45,2201,25.35,-82.87,0.12,-99.52,,
ETH-USDT-SWAP,1H,6H,0.004,0.004,0.008,148.0,1.562,-98.945,477,361,116,75.681,99.421,0.722,-5.397,2201,78.62,-46.88,1.56,-98.01,,
ETH-USDT-SWAP,1H,6H,0.004,0.004,0.01,148.0,7.261,-95.094,477,388,89,81.342,97.187,0.818,-5.187,2201,141.42,-4.44,7.26,-94.87,,
ETH-USDT-SWAP,1H,6H,0.004,0.004,0.015,148.0,425.964,187.814,477,430,47,90.147,63.261,1.071,10.244,2201,764.96,416.87,425.96,-44.32,,
ETH-USDT-SWAP,1H,6H,0.004,0.004,0.02,148.0,2278.355,1439.429,477,444,33,93.082,60.362,1.273,78.514,2201,1218.9,723.58,2278.36,86.92,,
ETH-USDT-SWAP,1H,6H,0.004,0.004,0.025,148.0,16045.116,10741.295,477,454,23,95.178,51.537,2.471,585.889,2201,1306.64,782.87,16045.12,1127.96,,
ETH-USDT-SWAP,1H,6H,0.004,0.004,0.03,148.0,17598.74,11791.041,477,456,21,95.597,60.829,2.116,643.148,2201,2376.28,1505.59,17598.74,640.6,,
ETH-USDT-SWAP,1H,6H,0.004,0.006,0.005,148.0,5.662,-96.174,477,276,201,57.862,97.007,0.817,-5.246,2201,115.89,-21.69,5.66,-95.11,,
ETH-USDT-SWAP,1H,6H,0.004,0.006,0.008,148.0,142.255,-3.882,477,336,141,70.44,87.988,0.998,-0.212,2201,629.84,325.57,142.25,-77.41,,
ETH-USDT-SWAP,1H,6H,0.004,0.006,0.01,148.0,643.107,334.532,477,360,117,75.472,73.873,1.053,18.247,2201,1013.85,585.04,643.11,-36.57,,
ETH-USDT-SWAP,1H,6H,0.004,0.006,0.015,148.0,46102.396,31050.268,477,402,75,84.277,48.165,1.468,1693.651,2201,7089.95,4690.51,46102.4,550.25,,
ETH-USDT-SWAP,1H,6H,0.004,0.006,0.02,148.0,74796.21,50437.979,477,416,61,87.212,53.405,1.847,2751.163,2201,11250.81,7501.9,74796.21,564.81,,
ETH-USDT-SWAP,1H,6H,0.004,0.006,0.025,148.0,104899.453,70778.009,477,426,51,89.308,45.583,2.637,3860.619,2201,11505.91,7674.26,104899.45,811.7,,
ETH-USDT-SWAP,1H,6H,0.004,0.006,0.03,148.0,108960.907,73522.235,477,428,49,89.727,34.213,2.56,4010.304,2201,19596.45,13140.84,108960.91,456.02,,
ETH-USDT-SWAP,1H,6H,0.004,0.008,0.005,148.0,49.471,-66.573,477,253,224,53.04,86.294,0.949,-3.631,2201,271.43,83.4,49.47,-81.77,,
ETH-USDT-SWAP,1H,6H,0.004,0.008,0.008,148.0,2044.574,1281.469,477,310,167,64.99,81.976,1.143,69.898,2201,1532.04,935.16,2044.57,33.45,,
ETH-USDT-SWAP,1H,6H,0.004,0.008,0.01,148.0,11162.243,7442.056,477,332,145,69.602,66.383,1.203,405.93,2201,1839.63,1142.99,11162.24,506.77,,
ETH-USDT-SWAP,1H,6H,0.004,0.008,0.015,148.0,85194.777,57464.038,477,367,110,76.939,43.636,1.676,3134.402,2201,12363.7,8253.85,85194.78,589.07,,
ETH-USDT-SWAP,1H,6H,0.004,0.008,0.02,148.0,114598.472,77331.4,477,381,96,79.874,50.804,2.019,4218.076,2201,20131.57,13502.41,114598.47,469.25,,
ETH-USDT-SWAP,1H,6H,0.004,0.008,0.025,148.0,145076.732,97924.819,477,391,86,81.971,41.441,2.614,5341.354,2201,19740.69,13238.3,145076.73,634.91,,
ETH-USDT-SWAP,1H,6H,0.004,0.008,0.03,148.0,149351.634,100813.266,477,393,84,82.39,34.213,2.563,5498.905,2201,27969.93,18798.6,149351.63,433.97,,
ETH-USDT-SWAP,1H,6H,0.004,0.01,0.005,148.0,126.771,-14.344,477,233,244,48.847,81.3,0.994,-0.782,2201,525.22,254.88,126.77,-75.86,,
ETH-USDT-SWAP,1H,6H,0.004,0.01,0.008,148.0,5919.619,3899.742,477,287,190,60.168,75.567,1.183,212.713,2201,2959.73,1899.81,5919.62,100.01,,
ETH-USDT-SWAP,1H,6H,0.004,0.01,0.01,148.0,43436.462,29248.961,477,310,167,64.99,50.815,1.38,1595.398,2201,3514.12,2274.41,43436.46,1136.05,,
ETH-USDT-SWAP,1H,6H,0.004,0.01,0.015,148.0,97853.05,66016.926,477,337,140,70.65,42.111,1.637,3600.923,2201,21774.22,14612.31,97853.05,349.4,,
ETH-USDT-SWAP,1H,6H,0.004,0.01,0.02,148.0,122902.287,82942.086,477,349,128,73.166,50.397,1.847,4524.114,2201,26003.89,17470.2,122902.29,372.63,,
ETH-USDT-SWAP,1H,6H,0.004,0.01,0.025,148.0,149071.212,100623.792,477,358,119,75.052,44.818,2.184,5488.57,2201,28001.03,18819.61,149071.21,432.38,,
ETH-USDT-SWAP,1H,6H,0.004,0.01,0.03,148.0,155443.75,104929.561,477,360,117,75.472,34.213,2.144,5723.431,2201,39827.9,26810.75,155443.75,290.29,,
ETH-USDT-SWAP,1H,6H,0.004,0.012,0.005,148.0,16.396,-88.922,477,203,274,42.558,91.624,0.899,-4.85,2201,111.49,-24.67,16.4,-85.29,,
ETH-USDT-SWAP,1H,6H,0.004,0.012,0.008,148.0,832.72,462.648,477,256,221,53.669,72.457,1.086,25.235,2201,575.5,288.85,832.72,44.69,,
ETH-USDT-SWAP,1H,6H,0.004,0.012,0.01,148.0,4725.763,3093.083,477,277,200,58.071,61.282,1.144,168.714,2201,550.72,272.11,4725.76,758.1,,
ETH-USDT-SWAP,1H,6H,0.004,0.012,0.015,148.0,40624.633,27349.076,477,301,176,63.103,62.557,1.366,1491.768,2201,1352.31,813.72,40624.63,2904.09,,
ETH-USDT-SWAP,1H,6H,0.004,0.012,0.02,148.0,70615.811,47613.386,477,313,164,65.618,68.963,1.595,2597.094,2201,2110.92,1326.3,70615.81,3245.26,,
ETH-USDT-SWAP,1H,6H,0.004,0.012,0.025,148.0,106258.955,71696.591,477,322,155,67.505,67.095,1.838,3910.723,2201,3060.78,1968.1,106258.95,3371.63,,
ETH-USDT-SWAP,1H,6H,0.004,0.012,0.03,148.0,114210.618,77069.336,477,324,153,67.925,58.02,1.763,4203.782,2201,6266.04,4133.81,114210.62,1722.69,,
ETH-USDT-SWAP,1H,6H,0.004,0.015,0.005,148.0,1.19,-99.196,477,175,302,36.688,99.392,0.807,-5.411,2201,52.25,-64.7,1.19,-97.72,,
ETH-USDT-SWAP,1H,6H,0.004,0.015,0.008,148.0,35.536,-75.989,477,222,255,46.541,95.821,0.955,-4.145,2201,259.68,75.46,35.54,-86.32,,
ETH-USDT-SWAP,1H,6H,0.004,0.015,0.01,148.0,139.342,-5.85,477,242,235,50.734,82.234,0.998,-0.319,2201,213.43,44.21,139.34,-34.71,,
ETH-USDT-SWAP,1H,6H,0.004,0.015,0.015,148.0,331.812,124.197,477,262,215,54.927,82.769,1.02,6.774,2201,463.27,213.02,331.81,-28.38,,
ETH-USDT-SWAP,1H,6H,0.004,0.015,0.02,148.0,1174.697,693.714,477,273,204,57.233,82.812,1.104,37.839,2201,324.92,119.54,1174.7,261.54,,
ETH-USDT-SWAP,1H,6H,0.004,0.015,0.025,148.0,5622.371,3698.899,477,281,196,58.91,83.613,1.123,201.758,2201,537.99,263.51,5622.37,945.06,,
ETH-USDT-SWAP,1H,6H,0.004,0.015,0.03,148.0,5411.044,3556.111,477,283,194,59.329,81.083,1.077,193.97,2201,1325.52,795.62,5411.04,308.22,,
ETH-USDT-SWAP,1H,6H,0.004,0.02,0.005,148.0,0.082,-99.945,477,155,322,32.495,99.965,0.746,-5.452,2201,15.34,-89.64,0.08,-99.47,,
ETH-USDT-SWAP,1H,6H,0.004,0.02,0.008,148.0,0.836,-99.435,477,195,282,40.881,99.806,0.859,-5.424,2201,68.51,-53.71,0.84,-98.78,,
ETH-USDT-SWAP,1H,6H,0.004,0.02,0.01,148.0,2.115,-98.571,477,213,264,44.654,99.476,0.865,-5.377,2201,41.05,-72.27,2.12,-94.85,,
ETH-USDT-SWAP,1H,6H,0.004,0.02,0.015,148.0,2.201,-98.513,477,231,246,48.428,99.547,0.886,-5.373,2201,72.44,-51.05,2.2,-96.96,,
ETH-USDT-SWAP,1H,6H,0.004,0.02,0.02,148.0,1.961,-98.675,477,240,237,50.314,99.537,0.863,-5.382,2201,56.34,-61.93,1.96,-96.52,,
ETH-USDT-SWAP,1H,6H,0.004,0.02,0.025,148.0,5.352,-96.384,477,246,231,51.572,98.65,0.908,-5.257,2201,104.14,-29.63,5.35,-94.86,,
ETH-USDT-SWAP,1H,6H,0.004,0.02,0.03,148.0,1.584,-98.93,477,246,231,51.572,99.571,0.893,-5.396,2201,95.29,-35.62,1.58,-98.34,,
ETH-USDT-SWAP,1H,6H,0.004,0.03,0.005,148.0,0.009,-99.994,477,141,336,29.56,99.996,0.678,-5.454,2201,10.96,-92.59,0.01,-99.92,,
ETH-USDT-SWAP,1H,6H,0.004,0.03,0.008,148.0,0.024,-99.984,477,176,301,36.897,99.993,0.764,-5.454,2201,23.53,-84.1,0.02,-99.9,,
ETH-USDT-SWAP,1H,6H,0.004,0.03,0.01,148.0,0.041,-99.972,477,192,285,40.252,99.988,0.779,-5.453,2201,18.34,-87.61,0.04,-99.78,,
ETH-USDT-SWAP,1H,6H,0.004,0.03,0.015,148.0,0.018,-99.988,477,208,269,43.606,99.994,0.764,-5.454,2201,15.12,-89.78,0.02,-99.88,,
ETH-USDT-SWAP,1H,6H,0.004,0.03,0.02,148.0,0.009,-99.994,477,216,261,45.283,99.997,0.727,-5.454,2201,9.34,-93.69,0.01,-99.9,,
ETH-USDT-SWAP,1H,6H,0.004,0.03,0.025,148.0,0.021,-99.986,477,221,256,46.331,99.994,0.701,-5.454,2201,11.73,-92.07,0.02,-99.82,,
ETH-USDT-SWAP,1H,6H,0.004,0.03,0.03,148.0,0.005,-99.997,477,221,256,46.331,99.998,0.693,-5.454,2201,9.76,-93.41,0.0,-99.95,,
ETH-USDT-SWAP,1H,6H,0.005,0.004,0.005,148.0,0.15,-99.898,438,268,170,61.187,99.9,0.486,-5.449,2201,24.13,-83.7,0.15,-99.38,,
ETH-USDT-SWAP,1H,6H,0.005,0.004,0.008,148.0,1.303,-99.12,438,329,109,75.114,99.444,0.71,-5.407,2201,70.71,-52.22,1.3,-98.16,,
ETH-USDT-SWAP,1H,6H,0.005,0.004,0.01,148.0,15.708,-89.387,438,362,76,82.648,94.93,0.839,-4.876,2201,234.79,58.65,15.71,-93.31,,
ETH-USDT-SWAP,1H,6H,0.005,0.004,0.015,148.0,636.89,330.331,438,400,38,91.324,69.038,1.13,18.018,2201,916.78,519.45,636.89,-30.53,,
ETH-USDT-SWAP,1H,6H,0.005,0.004,0.02,148.0,1671.265,1029.233,438,410,28,93.607,71.674,1.293,56.14,2201,1181.31,698.18,1671.27,41.48,,
ETH-USDT-SWAP,1H,6H,0.005,0.004,0.025,148.0,11744.201,7835.271,438,420,18,95.89,74.941,2.869,427.378,2201,1769.43,1095.56,11744.2,563.73,,
ETH-USDT-SWAP,1H,6H,0.005,0.004,0.03,148.0,14829.327,9919.815,438,422,16,96.347,73.816,2.543,541.081,2201,2303.01,1456.09,14829.33,543.91,,
ETH-USDT-SWAP,1H,6H,0.005,0.006,0.005,148.0,8.303,-94.39,438,252,186,57.534,95.479,0.819,-5.149,2201,136.75,-7.6,8.3,-93.93,,
ETH-USDT-SWAP,1H,6H,0.005,0.006,0.008,148.0,141.619,-4.311,438,308,130,70.32,86.376,0.998,-0.235,2201,580.27,292.07,141.62,-75.59,,
ETH-USDT-SWAP,1H,6H,0.005,0.006,0.01,148.0,1711.026,1056.098,438,337,101,76.941,71.824,1.134,57.605,2201,1874.33,1166.44,1711.03,-8.71,,
ETH-USDT-SWAP,1H,6H,0.005,0.006,0.015,148.0,49289.808,33203.924,438,374,64,85.388,46.979,1.621,1811.123,2201,7396.49,4897.63,49289.81,566.39,,
ETH-USDT-SWAP,1H,6H,0.005,0.006,0.02,148.0,62064.245,41835.301,438,383,55,87.443,52.868,1.814,2281.925,2201,7865.13,5214.28,62064.24,689.11,,
ETH-USDT-SWAP,1H,6H,0.005,0.006,0.025,148.0,95464.228,64402.857,438,393,45,89.726,39.6,2.544,3512.883,2201,11459.18,7642.69,95464.23,733.08,,
ETH-USDT-SWAP,1H,6H,0.005,0.006,0.03,148.0,103403.291,69767.089,438,395,43,90.183,33.958,2.706,3805.478,2201,16925.18,11335.93,103403.29,510.94,,
ETH-USDT-SWAP,1H,6H,0.005,0.008,0.005,148.0,52.371,-64.614,438,229,209,52.283,88.075,0.949,-3.524,2201,326.39,120.54,52.37,-83.95,,
ETH-USDT-SWAP,1H,6H,0.005,0.008,0.008,148.0,1356.076,816.267,438,280,158,63.927,68.763,1.102,44.524,2201,1272.9,760.06,1356.08,6.53,,
ETH-USDT-SWAP,1H,6H,0.005,0.008,0.01,148.0,19383.42,12996.905,438,307,131,70.091,56.818,1.234,708.922,2201,4213.33,2746.84,19383.42,360.05,,
ETH-USDT-SWAP,1H,6H,0.005,0.008,0.015,148.0,95241.256,64252.2,438,342,96,78.082,40.728,1.905,3504.665,2201,15462.52,10347.65,95241.26,515.95,,
ETH-USDT-SWAP,1H,6H,0.005,0.008,0.02,148.0,107069.502,72244.258,438,351,87,80.137,50.237,2.071,3940.596,2201,14793.28,9895.46,107069.5,623.77,,
ETH-USDT-SWAP,1H,6H,0.005,0.008,0.025,148.0,137227.928,92621.573,438,361,77,82.42,28.643,2.654,5052.086,2201,19124.02,12821.64,137227.93,617.57,,
ETH-USDT-SWAP,1H,6H,0.005,0.008,0.03,148.0,140127.05,94580.439,438,362,76,82.648,33.53,2.608,5158.933,2201,25715.71,17275.48,140127.05,444.91,,
ETH-USDT-SWAP,1H,6H,0.005,0.01,0.005,148.0,239.424,61.773,438,215,223,49.087,76.653,1.02,3.369,2201,660.84,346.51,239.42,-63.77,,
ETH-USDT-SWAP,1H,6H,0.005,0.01,0.008,148.0,6983.039,4618.27,438,261,177,59.589,55.974,1.204,251.906,2201,2231.29,1407.63,6983.04,212.96,,
ETH-USDT-SWAP,1H,6H,0.005,0.01,0.01,148.0,41828.574,28162.55,438,284,154,64.84,54.862,1.354,1536.139,2201,6477.6,4276.76,41828.57,545.74,,
ETH-USDT-SWAP,1H,6H,0.005,0.01,0.015,148.0,107987.404,72864.462,438,311,127,71.005,36.58,1.798,3974.425,2201,29988.55,20162.53,107987.4,260.1,,
ETH-USDT-SWAP,1H,6H,0.005,0.01,0.02,148.0,117857.597,79533.511,438,319,119,72.831,47.364,1.88,4338.192,2201,29597.07,19898.02,117857.6,298.21,,
ETH-USDT-SWAP,1H,6H,0.005,0.01,0.025,148.0,145159.732,97980.9,438,328,110,74.886,29.607,2.171,5344.413,2201,34566.95,23256.04,145159.73,319.94,,
ETH-USDT-SWAP,1H,6H,0.005,0.01,0.03,148.0,147342.487,99455.734,438,329,109,75.114,33.53,2.13,5424.858,2201,41942.26,28239.37,147342.49,251.3,,
ETH-USDT-SWAP,1H,6H,0.005,0.012,0.005,148.0,122.117,-17.488,438,194,244,44.292,81.757,0.994,-0.954,2201,536.69,262.63,122.12,-77.25,,
ETH-USDT-SWAP,1H,6H,0.005,0.012,0.008,148.0,3855.976,2505.389,438,239,199,54.566,70.939,1.124,136.658,2201,1626.75,999.16,3855.98,137.04,,
ETH-USDT-SWAP,1H,6H,0.005,0.012,0.01,148.0,39507.035,26593.943,438,263,175,60.046,42.861,1.31,1450.579,2201,4702.26,3077.2,39507.04,740.17,,
ETH-USDT-SWAP,1H,6H,0.005,0.012,0.015,148.0,108740.198,73373.107,438,290,148,66.21,36.159,1.701,4002.169,2201,22943.8,15402.57,108740.2,373.94,,
ETH-USDT-SWAP,1H,6H,0.005,0.012,0.02,148.0,120181.681,81103.838,438,298,140,68.037,51.945,1.79,4423.846,2201,22200.4,14900.27,120181.68,441.35,,
ETH-USDT-SWAP,1H,6H,0.005,0.012,0.025,148.0,147462.588,99536.884,438,307,131,70.091,43.882,2.035,5429.285,2201,30469.66,20487.61,147462.59,383.97,,
ETH-USDT-SWAP,1H,6H,0.005,0.012,0.03,148.0,152545.727,102971.437,438,308,130,70.32,33.53,2.01,5616.624,2201,41495.36,27937.41,152545.73,267.62,,
ETH-USDT-SWAP,1H,6H,0.005,0.015,0.005,148.0,4.498,-96.961,438,163,275,37.215,97.547,0.866,-5.289,2201,118.0,-20.27,4.5,-96.19,,
ETH-USDT-SWAP,1H,6H,0.005,0.015,0.008,148.0,205.479,38.837,438,208,230,47.489,84.48,1.011,2.118,2201,428.21,189.33,205.48,-52.01,,
ETH-USDT-SWAP,1H,6H,0.005,0.015,0.01,148.0,951.855,543.145,438,229,209,52.283,77.292,1.054,29.626,2201,823.62,456.5,951.85,15.57,,
ETH-USDT-SWAP,1H,6H,0.005,0.015,0.015,148.0,12955.175,8653.497,438,252,186,57.534,59.075,1.12,472.009,2201,2113.8,1328.24,12955.18,512.89,,
ETH-USDT-SWAP,1H,6H,0.005,0.015,0.02,148.0,26842.326,18036.707,438,259,179,59.132,71.656,1.261,983.82,2201,1443.49,875.33,26842.33,1759.55,,
ETH-USDT-SWAP,1H,6H,0.005,0.015,0.025,148.0,62771.947,42313.477,438,267,171,60.959,73.766,1.43,2308.008,2201,2684.62,1713.93,62771.95,2238.21,,
ETH-USDT-SWAP,1H,6H,0.005,0.015,0.03,148.0,72262.55,48726.047,438,268,170,61.187,69.824,1.407,2657.784,2201,5593.94,3679.69,72262.55,1191.8,,
ETH-USDT-SWAP,1H,6H,0.005,0.02,0.005,148.0,0.624,-99.578,438,145,293,33.105,99.62,0.792,-5.432,2201,64.52,-56.41,0.62,-99.03,,
ETH-USDT-SWAP,1H,6H,0.005,0.02,0.008,148.0,5.6,-96.216,438,182,256,41.553,98.83,0.908,-5.248,2201,152.82,3.26,5.6,-96.34,,
ETH-USDT-SWAP,1H,6H,0.005,0.02,0.01,148.0,18.138,-87.745,438,201,237,45.89,98.513,0.947,-4.786,2201,227.3,53.58,18.14,-92.02,,
ETH-USDT-SWAP,1H,6H,0.005,0.02,0.015,148.0,23.857,-83.88,438,218,220,49.772,97.902,0.962,-4.575,2201,256.3,73.17,23.86,-90.69,,
ETH-USDT-SWAP,1H,6H,0.005,0.02,0.02,148.0,15.615,-89.449,438,224,214,51.142,97.876,0.946,-4.879,2201,182.37,23.22,15.62,-91.44,,
ETH-USDT-SWAP,1H,6H,0.005,0.02,0.025,148.0,17.253,-88.342,438,228,210,52.055,98.111,0.954,-4.819,2201,226.53,53.06,17.25,-92.38,,
ETH-USDT-SWAP,1H,6H,0.005,0.02,0.03,148.0,8.417,-94.313,438,228,210,52.055,99.286,0.952,-5.144,2201,292.2,97.43,8.42,-97.12,,
ETH-USDT-SWAP,1H,6H,0.005,0.03,0.005,148.0,0.066,-99.956,438,129,309,29.452,99.96,0.664,-5.452,2201,19.82,-86.61,0.07,-99.67,,
ETH-USDT-SWAP,1H,6H,0.005,0.03,0.008,148.0,0.207,-99.86,438,163,275,37.215,99.924,0.802,-5.447,2201,42.14,-71.53,0.21,-99.51,,
ETH-USDT-SWAP,1H,6H,0.005,0.03,0.01,148.0,0.16,-99.892,438,178,260,40.639,99.943,0.77,-5.449,2201,34.66,-76.58,0.16,-99.54,,
ETH-USDT-SWAP,1H,6H,0.005,0.03,0.015,148.0,0.146,-99.901,438,196,242,44.749,99.931,0.786,-5.449,2201,25.91,-82.49,0.15,-99.44,,
ETH-USDT-SWAP,1H,6H,0.005,0.03,0.02,148.0,0.069,-99.954,438,201,237,45.89,99.966,0.773,-5.452,2201,26.98,-81.77,0.07,-99.75,,
ETH-USDT-SWAP,1H,6H,0.005,0.03,0.025,148.0,0.064,-99.957,438,205,233,46.804,99.977,0.704,-5.452,2201,18.9,-87.23,0.06,-99.66,,
ETH-USDT-SWAP,1H,6H,0.005,0.03,0.03,148.0,0.025,-99.983,438,205,233,46.804,99.99,0.703,-5.454,2201,19.68,-86.7,0.03,-99.87,,
ETH-USDT-SWAP,1H,6H,0.007,0.004,0.005,148.0,0.219,-99.852,355,208,147,58.592,99.874,0.374,-5.446,2201,18.44,-87.54,0.22,-98.81,,
ETH-USDT-SWAP,1H,6H,0.007,0.004,0.008,148.0,1.997,-98.651,355,264,91,74.366,98.864,0.524,-5.381,2201,49.26,-66.72,2.0,-95.95,,
ETH-USDT-SWAP,1H,6H,0.007,0.004,0.01,148.0,19.11,-87.088,355,293,62,82.535,89.706,0.736,-4.75,2201,130.21,-12.02,19.11,-85.32,,
ETH-USDT-SWAP,1H,6H,0.007,0.004,0.015,148.0,184.57,24.71,355,320,35,90.141,70.516,1.032,1.348,2201,290.64,96.38,184.57,-36.5,,
ETH-USDT-SWAP,1H,6H,0.007,0.004,0.02,148.0,598.991,304.723,355,331,24,93.239,75.164,1.478,16.621,2201,270.31,82.64,598.99,121.6,,
ETH-USDT-SWAP,1H,6H,0.007,0.004,0.025,148.0,2191.739,1380.905,355,338,17,95.211,74.275,1.85,75.322,2201,858.11,479.8,2191.74,155.42,,
ETH-USDT-SWAP,1H,6H,0.007,0.004,0.03,148.0,9563.751,6361.994,355,343,12,96.62,50.93,3.351,347.018,2201,799.33,440.09,9563.75,1096.47,,
ETH-USDT-SWAP,1H,6H,0.007,0.006,0.005,148.0,5.579,-96.231,355,199,156,56.056,97.699,0.691,-5.249,2201,63.77,-56.91,5.58,-91.25,,
ETH-USDT-SWAP,1H,6H,0.007,0.006,0.008,148.0,91.751,-38.006,355,252,103,70.986,82.574,0.95,-2.073,2201,215.95,45.91,91.75,-57.51,,
ETH-USDT-SWAP,1H,6H,0.007,0.006,0.01,148.0,1506.76,918.081,355,280,75,78.873,72.807,1.289,50.077,2201,767.35,418.48,1506.76,96.36,,
ETH-USDT-SWAP,1H,6H,0.007,0.006,0.015,148.0,11368.38,7581.338,355,302,53,85.07,65.912,1.498,413.528,2201,1485.82,903.93,11368.38,665.13,,
ETH-USDT-SWAP,1H,6H,0.007,0.006,0.02,148.0,35716.312,24032.643,355,313,42,88.169,71.729,3.421,1310.871,2201,1508.3,919.12,35716.31,2267.99,,
ETH-USDT-SWAP,1H,6H,0.007,0.006,0.025,148.0,59591.925,40164.814,355,320,35,90.141,68.734,2.759,2190.808,2201,5174.93,3396.57,59591.92,1051.55,,
ETH-USDT-SWAP,1H,6H,0.007,0.006,0.03,148.0,84342.056,56887.876,355,325,30,91.549,51.111,3.65,3102.975,2201,4820.48,3157.08,84342.06,1649.66,,
ETH-USDT-SWAP,1H,6H,0.007,0.008,0.005,148.0,46.774,-68.396,355,185,170,52.113,90.287,0.904,-3.731,2201,201.64,36.24,46.77,-76.8,,
ETH-USDT-SWAP,1H,6H,0.007,0.008,0.008,148.0,1015.099,585.878,355,233,122,65.634,74.612,1.169,31.957,2201,698.64,372.06,1015.1,45.3,,
ETH-USDT-SWAP,1H,6H,0.007,0.008,0.01,148.0,18485.596,12390.267,355,258,97,72.676,60.182,1.478,675.833,2201,2709.86,1730.99,18485.6,582.16,,
ETH-USDT-SWAP,1H,6H,0.007,0.008,0.015,148.0,48665.237,32781.917,355,278,77,78.31,67.445,1.723,1788.105,2201,3686.71,2391.02,48665.24,1220.02,,
ETH-USDT-SWAP,1H,6H,0.007,0.008,0.02,148.0,77879.328,52521.167,355,290,65,81.69,73.48,2.38,2864.791,2201,3894.24,2531.24,77879.33,1899.86,,
ETH-USDT-SWAP,1H,6H,0.007,0.008,0.025,148.0,108294.704,73072.097,355,297,58,83.662,36.117,2.479,3985.751,2201,13490.96,9015.52,108294.7,702.72,,
ETH-USDT-SWAP,1H,6H,0.007,0.008,0.03,148.0,129185.924,87187.786,355,301,54,84.789,32.0,3.298,4755.697,2201,14402.27,9631.26,129185.92,796.98,,
ETH-USDT-SWAP,1H,6H,0.007,0.01,0.005,148.0,90.314,-38.977,355,167,188,47.042,90.482,0.967,-2.126,2201,365.55,146.99,90.31,-75.29,,
ETH-USDT-SWAP,1H,6H,0.007,0.01,0.008,148.0,1444.163,875.786,355,209,146,58.873,70.687,1.187,47.77,2201,707.36,377.95,1444.16,104.16,,
ETH-USDT-SWAP,1H,6H,0.007,0.01,0.01,148.0,26334.056,17693.281,355,234,121,65.915,62.711,1.47,965.088,2201,2392.86,1516.79,26334.06,1000.53,,
ETH-USDT-SWAP,1H,6H,0.007,0.01,0.015,148.0,64902.394,43752.969,355,255,100,71.831,71.985,1.727,2386.526,2201,3737.05,2425.03,64902.39,1636.73,,
ETH-USDT-SWAP,1H,6H,0.007,0.01,0.02,148.0,93851.087,63312.896,355,267,88,75.211,78.804,2.295,3453.431,2201,3335.62,2153.8,93851.09,2713.6,,
ETH-USDT-SWAP,1H,6H,0.007,0.01,0.025,148.0,123920.69,83630.196,355,274,81,77.183,36.044,2.433,4561.647,2201,11114.72,7409.95,123920.69,1014.92,,
ETH-USDT-SWAP,1H,6H,0.007,0.01,0.03,148.0,149447.966,100878.355,355,278,77,78.31,35.704,3.142,5502.456,2201,14634.89,9788.44,149447.97,921.18,,
ETH-USDT-SWAP,1H,6H,0.007,0.012,0.005,148.0,215.656,45.714,355,156,199,43.944,85.643,1.031,2.493,2201,426.0,187.84,215.66,-49.38,,
ETH-USDT-SWAP,1H,6H,0.007,0.012,0.008,148.0,2487.923,1581.029,355,194,161,54.648,69.282,1.269,86.238,2201,812.9,449.26,2487.92,206.05,,
ETH-USDT-SWAP,1H,6H,0.007,0.012,0.01,148.0,30594.136,20571.714,355,215,140,60.563,63.589,1.469,1122.093,2201,2949.72,1893.05,30594.14,937.19,,
ETH-USDT-SWAP,1H,6H,0.007,0.012,0.015,148.0,62028.604,41811.219,355,232,123,65.352,76.569,1.588,2280.612,2201,4662.18,3050.12,62028.6,1230.46,,
ETH-USDT-SWAP,1H,6H,0.007,0.012,0.02,148.0,89079.692,60088.981,355,243,112,68.451,78.655,1.93,3277.581,2201,4395.99,2870.26,89079.69,1926.39,,
ETH-USDT-SWAP,1H,6H,0.007,0.012,0.025,148.0,120962.007,81631.086,355,250,105,70.423,40.987,2.079,4452.605,2201,15894.22,10639.34,120962.01,661.04,,
ETH-USDT-SWAP,1H,6H,0.007,0.012,0.03,148.0,146167.806,98662.031,355,254,101,71.549,37.622,2.511,5381.565,2201,20208.43,13554.34,146167.81,623.3,,
ETH-USDT-SWAP,1H,6H,0.007,0.015,0.005,148.0,77.47,-47.655,355,139,216,39.155,88.045,0.958,-2.599,2201,264.03,78.4,77.47,-70.66,,
ETH-USDT-SWAP,1H,6H,0.007,0.015,0.008,148.0,918.921,520.893,355,176,179,49.577,70.004,1.12,28.412,2201,400.63,170.7,918.92,129.37,,
ETH-USDT-SWAP,1H,6H,0.007,0.015,0.01,148.0,6074.435,4004.348,355,193,162,54.366,70.282,1.252,218.419,2201,729.77,393.09,6074.43,732.37,,
ETH-USDT-SWAP,1H,6H,0.007,0.015,0.015,148.0,11497.386,7668.504,355,207,148,58.31,81.712,1.206,418.282,2201,889.2,500.81,11497.39,1193.01,,
ETH-USDT-SWAP,1H,6H,0.007,0.015,0.02,148.0,53610.144,36123.07,355,218,137,61.408,83.755,1.623,1970.349,2201,1227.83,729.61,53610.14,4266.27,,
ETH-USDT-SWAP,1H,6H,0.007,0.015,0.025,148.0,78749.297,53108.984,355,225,130,63.38,73.746,1.656,2896.854,2201,4587.66,2999.77,78749.3,1616.55,,
ETH-USDT-SWAP,1H,6H,0.007,0.015,0.03,148.0,103199.25,69629.223,355,228,127,64.225,60.771,1.818,3797.958,2201,5625.18,3700.79,103199.25,1734.6,,
ETH-USDT-SWAP,1H,6H,0.007,0.02,0.005,148.0,3.929,-97.345,355,116,239,32.676,99.008,0.798,-5.31,2201,111.84,-24.43,3.93,-96.49,,
ETH-USDT-SWAP,1H,6H,0.007,0.02,0.008,148.0,24.512,-83.438,355,150,205,42.254,95.182,0.901,-4.551,2201,144.93,-2.08,24.51,-83.09,,
ETH-USDT-SWAP,1H,6H,0.007,0.02,0.01,148.0,62.568,-57.724,355,165,190,46.479,93.126,0.964,-3.149,2201,207.18,39.99,62.57,-69.8,,
ETH-USDT-SWAP,1H,6H,0.007,0.02,0.015,148.0,44.245,-70.105,355,177,178,49.859,90.476,0.945,-3.824,2201,125.01,-15.54,44.25,-64.61,,
ETH-USDT-SWAP,1H,6H,0.007,0.02,0.02,148.0,167.257,13.011,355,186,169,52.394,94.013,1.006,0.71,2201,128.6,-13.11,167.26,30.06,,
ETH-USDT-SWAP,1H,6H,0.007,0.02,0.025,148.0,125.12,-15.459,355,189,166,53.239,89.62,0.995,-0.843,2201,235.9,59.39,125.12,-46.96,,
ETH-USDT-SWAP,1H,6H,0.007,0.02,0.03,148.0,312.014,110.82,355,191,164,53.803,87.251,1.023,6.045,2201,276.72,86.97,312.01,12.75,,
ETH-USDT-SWAP,1H,6H,0.007,0.03,0.005,148.0,0.45,-99.696,355,103,252,29.014,99.849,0.739,-5.438,2201,64.15,-56.65,0.45,-99.3,,
ETH-USDT-SWAP,1H,6H,0.007,0.03,0.008,148.0,0.831,-99.439,355,133,222,37.465,99.829,0.757,-5.424,2201,53.84,-63.62,0.83,-98.46,,
ETH-USDT-SWAP,1H,6H,0.007,0.03,0.01,148.0,1.157,-99.218,355,147,208,41.408,99.742,0.819,-5.412,2201,70.34,-52.48,1.16,-98.36,,
ETH-USDT-SWAP,1H,6H,0.007,0.03,0.015,148.0,0.614,-99.585,355,160,195,45.07,99.812,0.77,-5.432,2201,36.41,-75.4,0.61,-98.31,,
ETH-USDT-SWAP,1H,6H,0.007,0.03,0.02,148.0,0.65,-99.561,355,165,190,46.479,99.784,0.757,-5.431,2201,42.08,-71.57,0.65,-98.46,,
ETH-USDT-SWAP,1H,6H,0.007,0.03,0.025,148.0,0.284,-99.808,355,167,188,47.042,99.899,0.792,-5.444,2201,51.38,-65.28,0.28,-99.45,,
ETH-USDT-SWAP,1H,6H,0.007,0.03,0.03,148.0,0.804,-99.457,355,169,186,47.606,99.712,0.808,-5.425,2201,52.27,-64.69,0.8,-98.46,,
ETH-USDT-SWAP,1H,6H,0.01,0.004,0.005,148.0,0.572,-99.614,270,152,118,56.296,99.661,0.402,-5.433,2201,32.47,-78.06,0.57,-98.24,,
ETH-USDT-SWAP,1H,6H,0.01,0.004,0.008,148.0,3.571,-97.587,270,197,73,72.963,98.008,0.54,-5.323,2201,55.67,-62.38,3.57,-93.59,,
ETH-USDT-SWAP,1H,6H,0.01,0.004,0.01,148.0,11.968,-91.914,270,216,54,80.0,93.306,0.674,-5.013,2201,108.17,-26.91,11.97,-88.94,,
ETH-USDT-SWAP,1H,6H,0.01,0.004,0.015,148.0,19.004,-87.159,270,233,37,86.296,91.619,0.736,-4.754,2201,154.95,4.69,19.0,-87.73,,
ETH-USDT-SWAP,1H,6H,0.01,0.004,0.02,148.0,230.324,55.624,270,250,20,92.593,70.154,1.096,3.034,2201,258.03,74.35,230.32,-10.74,,
ETH-USDT-SWAP,1H,6H,0.01,0.004,0.025,148.0,203.674,37.618,270,253,17,93.704,82.584,1.045,2.052,2201,361.62,144.34,203.67,-43.68,,
ETH-USDT-SWAP,1H,6H,0.01,0.004,0.03,148.0,2898.881,1858.704,270,262,8,97.037,67.531,2.508,101.384,2201,657.46,344.23,2898.88,340.92,,
ETH-USDT-SWAP,1H,6H,0.01,0.006,0.005,148.0,5.396,-96.354,270,145,125,53.704,97.285,0.69,-5.256,2201,89.85,-39.29,5.4,-93.99,,
ETH-USDT-SWAP,1H,6H,0.01,0.006,0.008,148.0,74.941,-49.364,270,190,80,70.37,79.685,0.926,-2.693,2201,195.62,32.18,74.94,-61.69,,
ETH-USDT-SWAP,1H,6H,0.01,0.006,0.01,148.0,250.609,69.33,270,207,63,76.667,66.867,1.06,3.782,2201,327.71,121.43,250.61,-23.53,,
ETH-USDT-SWAP,1H,6H,0.01,0.006,0.015,148.0,601.506,306.423,270,224,46,82.963,73.469,1.166,16.714,2201,494.45,234.09,601.51,21.65,,
ETH-USDT-SWAP,1H,6H,0.01,0.006,0.02,148.0,6574.871,4342.48,270,239,31,88.519,59.501,1.858,236.863,2201,735.86,397.2,6574.87,793.5,,
ETH-USDT-SWAP,1H,6H,0.01,0.006,0.025,148.0,5690.597,3744.998,270,242,28,89.63,70.152,1.539,204.273,2201,1003.12,577.79,5690.6,467.29,,
ETH-USDT-SWAP,1H,6H,0.01,0.006,0.03,148.0,47447.296,31958.984,270,251,19,92.963,64.221,3.159,1743.217,2201,2176.11,1370.35,47447.3,2080.37,,
ETH-USDT-SWAP,1H,6H,0.01,0.008,0.005,148.0,31.153,-78.951,270,138,132,51.111,85.722,0.851,-4.306,2201,149.28,0.86,31.15,-79.13,,
ETH-USDT-SWAP,1H,6H,0.01,0.008,0.008,148.0,917.647,520.032,270,182,88,67.407,65.715,1.226,28.365,2201,393.46,165.85,917.65,133.22,,
ETH-USDT-SWAP,1H,6H,0.01,0.008,0.01,148.0,2920.574,1873.361,270,196,74,72.593,62.563,1.371,102.183,2201,686.49,363.84,2920.57,325.44,,
ETH-USDT-SWAP,1H,6H,0.01,0.008,0.015,148.0,6462.176,4266.335,270,211,59,78.148,70.364,1.513,232.709,2201,970.75,555.91,6462.18,565.69,,
ETH-USDT-SWAP,1H,6H,0.01,0.008,0.02,148.0,30487.986,20499.991,270,223,47,82.593,65.146,2.738,1118.181,2201,1053.48,611.81,30487.99,2794.04,,
ETH-USDT-SWAP,1H,6H,0.01,0.008,0.025,148.0,35213.152,23692.67,270,226,44,83.704,67.516,2.141,1292.327,2201,1673.14,1030.5,35213.15,2004.61,,
ETH-USDT-SWAP,1H,6H,0.01,0.008,0.03,148.0,81066.211,54674.467,270,234,36,86.667,59.12,3.094,2982.244,2201,3511.22,2272.45,81066.21,2208.78,,
ETH-USDT-SWAP,1H,6H,0.01,0.01,0.005,148.0,111.282,-24.81,270,131,139,48.519,75.037,0.973,-1.353,2201,217.16,46.73,111.28,-48.76,,
ETH-USDT-SWAP,1H,6H,0.01,0.01,0.008,148.0,3635.109,2356.155,270,171,99,63.333,63.984,1.363,128.518,2201,706.2,377.16,3635.11,414.75,,
ETH-USDT-SWAP,1H,6H,0.01,0.01,0.01,148.0,6640.067,4386.532,270,180,90,66.667,65.797,1.409,239.265,2201,1031.5,596.96,6640.07,543.73,,
ETH-USDT-SWAP,1H,6H,0.01,0.01,0.015,148.0,18976.179,12721.743,270,194,76,71.852,69.183,1.692,693.913,2201,1274.58,761.2,18976.18,1388.82,,
ETH-USDT-SWAP,1H,6H,0.01,0.01,0.02,148.0,54411.286,36664.382,270,206,64,76.296,59.47,2.385,1999.875,2201,1492.19,908.24,54411.29,3546.39,,
ETH-USDT-SWAP,1H,6H,0.01,0.01,0.025,148.0,62925.361,42417.136,270,209,61,77.407,66.679,2.059,2313.662,2201,2460.19,1562.29,62925.36,2457.74,,
ETH-USDT-SWAP,1H,6H,0.01,0.01,0.03,148.0,100197.536,67601.038,270,215,55,79.63,44.105,2.856,3687.329,2201,3359.66,2170.04,100197.54,2882.37,,
ETH-USDT-SWAP,1H,6H,0.01,0.012,0.005,148.0,165.439,11.783,270,121,149,44.815,70.098,1.009,0.643,2201,280.1,89.26,165.44,-40.94,,
ETH-USDT-SWAP,1H,6H,0.01,0.012,0.008,148.0,7243.401,4794.19,270,160,110,59.259,57.951,1.344,261.501,2201,930.17,528.49,7243.4,678.72,,
ETH-USDT-SWAP,1H,6H,0.01,0.012,0.01,148.0,14600.604,9765.273,270,169,101,62.593,64.518,1.389,532.651,2201,1347.28,810.32,14600.6,983.71,,
ETH-USDT-SWAP,1H,6H,0.01,0.012,0.015,148.0,27719.295,18629.254,270,182,88,67.407,68.612,1.613,1016.141,2201,1175.94,694.55,27719.3,2257.2,,
ETH-USDT-SWAP,1H,6H,0.01,0.012,0.02,148.0,65921.246,44441.383,270,194,76,71.852,57.177,2.168,2424.075,2201,1236.94,735.77,65921.25,5229.38,,
ETH-USDT-SWAP,1H,6H,0.01,0.012,0.025,148.0,73472.576,49543.632,270,196,74,72.593,63.787,1.908,2702.38,2201,2542.79,1618.1,73472.58,2789.45,,
ETH-USDT-SWAP,1H,6H,0.01,0.012,0.03,148.0,112649.987,76014.856,270,202,68,74.815,40.667,2.614,4146.265,2201,3536.76,2289.7,112649.99,3085.12,,
ETH-USDT-SWAP,1H,6H,0.01,0.015,0.005,148.0,133.563,-9.754,270,110,160,40.741,72.862,0.989,-0.532,2201,167.52,13.19,133.56,-20.27,,
ETH-USDT-SWAP,1H,6H,0.01,0.015,0.008,148.0,1536.404,938.111,270,141,129,52.222,64.543,1.193,51.17,2201,501.54,238.88,1536.4,206.34,,
ETH-USDT-SWAP,1H,6H,0.01,0.015,0.01,148.0,3621.482,2346.947,270,149,121,55.185,67.645,1.253,128.015,2201,803.27,442.75,3621.48,350.84,,
ETH-USDT-SWAP,1H,6H,0.01,0.015,0.015,148.0,5298.431,3480.021,270,161,109,59.63,75.448,1.328,189.819,2201,656.18,343.36,5298.43,707.47,,
ETH-USDT-SWAP,1H,6H,0.01,0.015,0.02,148.0,35654.862,23991.123,270,172,98,63.704,72.277,1.658,1308.607,2201,777.61,425.41,35654.86,4485.2,,
ETH-USDT-SWAP,1H,6H,0.01,0.015,0.025,148.0,47743.719,32159.27,270,174,96,64.444,78.731,1.573,1754.142,2201,1686.92,1039.81,47743.72,2730.24,,
ETH-USDT-SWAP,1H,6H,0.01,0.015,0.03,148.0,91890.501,61988.176,270,180,90,66.667,51.066,2.028,3381.173,2201,2410.32,1528.59,91890.5,3712.38,,
ETH-USDT-SWAP,1H,6H,0.01,0.02,0.005,148.0,110.584,-25.281,270,101,169,37.407,75.281,0.974,-1.379,2201,142.28,-3.86,110.58,-22.28,,
ETH-USDT-SWAP,1H,6H,0.01,0.02,0.008,148.0,248.785,68.098,270,124,146,45.926,72.58,1.034,3.714,2201,191.72,29.54,248.79,29.76,,
ETH-USDT-SWAP,1H,6H,0.01,0.02,0.01,148.0,438.578,196.336,270,131,139,48.519,65.617,1.068,10.709,2201,232.59,57.15,438.58,88.57,,
ETH-USDT-SWAP,1H,6H,0.01,0.02,0.015,148.0,913.916,517.511,270,142,128,52.593,79.648,1.184,28.228,2201,177.73,20.09,913.92,414.21,,
ETH-USDT-SWAP,1H,6H,0.01,0.02,0.02,148.0,8104.791,5376.21,270,152,118,56.296,72.277,1.368,293.248,2201,278.61,88.25,8104.79,2808.97,,
ETH-USDT-SWAP,1H,6H,0.01,0.02,0.025,148.0,10609.681,7068.703,270,154,116,57.037,78.731,1.265,385.566,2201,739.12,399.41,10609.68,1335.45,,
ETH-USDT-SWAP,1H,6H,0.01,0.02,0.03,148.0,50017.134,33695.361,270,158,112,58.519,82.074,1.527,1837.929,2201,1102.81,645.14,50017.13,4435.45,,
ETH-USDT-SWAP,1H,6H,0.01,0.03,0.005,148.0,3.015,-97.963,270,84,186,31.111,99.157,0.63,-5.343,2201,32.23,-78.22,3.01,-90.65,,
ETH-USDT-SWAP,1H,6H,0.01,0.03,0.008,148.0,1.889,-98.724,270,104,166,38.519,99.376,0.662,-5.385,2201,27.31,-81.55,1.89,-93.08,,
ETH-USDT-SWAP,1H,6H,0.01,0.03,0.01,148.0,1.689,-98.859,270,110,160,40.741,99.421,0.678,-5.392,2201,24.1,-83.71,1.69,-92.99,,
ETH-USDT-SWAP,1H,6H,0.01,0.03,0.015,148.0,3.172,-97.857,270,121,149,44.815,98.846,0.689,-5.338,2201,23.28,-84.27,3.17,-86.37,,
ETH-USDT-SWAP,1H,6H,0.01,0.03,0.02,148.0,3.924,-97.349,270,126,144,46.667,98.573,0.728,-5.31,2201,24.16,-83.67,3.92,-83.76,,
ETH-USDT-SWAP,1H,6H,0.01,0.03,0.025,148.0,1.659,-98.879,270,126,144,46.667,99.396,0.703,-5.393,2201,25.11,-83.03,1.66,-93.39,,
ETH-USDT-SWAP,1H,6H,0.01,0.03,0.03,148.0,4.333,-97.072,270,128,142,47.407,98.424,0.746,-5.295,2201,21.28,-85.62,4.33,-79.64,,
ETH-USDT-SWAP,1H,12H,0.001,0.004,0.005,148.0,0.184,-99.876,313,173,140,55.272,99.881,0.366,-5.448,1101,23.56,-84.08,0.18,-99.24,0.18,2.0
ETH-USDT-SWAP,1H,12H,0.001,0.004,0.008,148.0,4.83,-96.737,313,235,78,75.08,97.664,0.659,-5.277,1101,87.92,-40.6,4.74,-94.61,4.83,2.0
ETH-USDT-SWAP,1H,12H,0.001,0.004,0.01,148.0,12.437,-91.597,313,253,60,80.831,93.681,0.736,-4.996,1101,139.11,-6.01,12.19,-91.23,12.44,2.0
ETH-USDT-SWAP,1H,12H,0.001,0.004,0.015,148.0,347.968,135.113,313,285,28,91.054,58.873,1.114,7.37,1101,415.7,180.88,341.14,-17.94,347.97,2.0
ETH-USDT-SWAP,1H,12H,0.001,0.004,0.02,148.0,629.061,325.041,313,293,20,93.61,57.263,1.236,17.73,1101,423.99,186.48,616.73,45.46,629.06,2.0
ETH-USDT-SWAP,1H,12H,0.001,0.004,0.025,148.0,1510.443,920.569,313,299,14,95.527,52.861,1.471,50.213,1101,485.64,228.14,1480.83,204.92,1510.44,2.0
ETH-USDT-SWAP,1H,12H,0.001,0.004,0.03,148.0,1650.826,1015.423,313,301,12,96.166,69.232,1.54,55.387,1101,421.39,184.73,1618.46,284.07,1650.83,2.0
ETH-USDT-SWAP,1H,12H,0.001,0.006,0.005,148.0,2.757,-98.137,313,167,146,53.355,98.421,0.623,-5.353,1101,47.28,-68.06,2.65,-94.39,2.76,4.0
ETH-USDT-SWAP,1H,12H,0.001,0.006,0.008,148.0,152.729,3.195,313,227,86,72.524,66.729,1.003,0.174,1101,243.49,64.52,146.85,-39.69,152.73,4.0
ETH-USDT-SWAP,1H,12H,0.001,0.006,0.01,148.0,651.873,340.454,313,246,67,78.594,63.849,1.159,18.57,1101,412.57,178.77,626.8,51.93,651.87,4.0
ETH-USDT-SWAP,1H,12H,0.001,0.006,0.015,148.0,24787.448,16648.276,313,277,36,88.498,42.821,1.92,908.088,1101,1034.53,599.01,24187.45,2238.01,24787.45,2.48
ETH-USDT-SWAP,1H,12H,0.001,0.006,0.02,148.0,27077.312,18195.481,313,283,30,90.415,39.394,1.951,992.481,1101,1039.39,602.29,26477.31,2447.4,27077.31,2.27
ETH-USDT-SWAP,1H,12H,0.001,0.006,0.025,148.0,41582.484,27996.273,313,289,24,92.332,46.62,2.427,1527.069,1101,1062.67,618.02,40982.48,3756.56,41582.48,1.46
ETH-USDT-SWAP,1H,12H,0.001,0.006,0.03,148.0,42491.178,28610.255,313,291,22,92.971,53.11,2.677,1560.559,1101,933.47,530.72,41891.18,4387.7,42491.18,1.43
ETH-USDT-SWAP,1H,12H,0.001,0.008,0.005,148.0,3.129,-97.886,313,145,168,46.326,98.297,0.676,-5.339,1101,52.02,-64.85,2.96,-94.31,3.13,5.7
ETH-USDT-SWAP,1H,12H,0.001,0.008,0.008,148.0,249.503,68.583,313,203,110,64.856,66.178,1.042,3.741,1101,291.37,96.87,236.05,-18.99,249.5,5.7
ETH-USDT-SWAP,1H,12H,0.001,0.008,0.01,148.0,919.425,521.233,313,221,92,70.607,72.068,1.174,28.431,1101,494.5,234.12,869.84,75.9,919.43,5.7
ETH-USDT-SWAP,1H,12H,0.001,0.008,0.015,148.0,16693.244,11179.219,313,245,68,78.275,54.334,1.432,609.776,1101,837.86,466.12,15838.24,1790.33,16693.24,5.4
ETH-USDT-SWAP,1H,12H,0.001,0.008,0.02,148.0,20050.944,13447.935,313,253,60,80.831,57.283,1.402,733.524,1101,1162.41,685.41,19195.94,1551.39,20050.94,4.45
ETH-USDT-SWAP,1H,12H,0.001,0.008,0.025,148.0,26462.183,17779.853,313,259,54,82.748,62.536,1.49,969.81,1101,992.19,570.4,25607.18,2480.87,26462.18,3.34
ETH-USDT-SWAP,1H,12H,0.001,0.008,0.03,148.0,39514.493,26598.982,313,263,50,84.026,67.101,1.764,1450.854,1101,921.39,522.56,38659.49,4095.79,39514.49,2.21
ETH-USDT-SWAP,1H,12H,0.001,0.01,0.005,148.0,2.064,-98.606,313,128,185,40.895,99.066,0.66,-5.378,1101,35.24,-76.19,1.92,-94.56,2.06,7.7
ETH-USDT-SWAP,1H,12H,0.001,0.01,0.008,148.0,210.003,41.894,313,185,128,59.105,63.325,1.032,2.285,1101,158.77,7.28,194.99,22.81,210.0,7.7
ETH-USDT-SWAP,1H,12H,0.001,0.01,0.01,148.0,1426.191,863.643,313,206,107,65.815,69.181,1.273,47.108,1101,325.91,120.21,1324.23,306.32,1426.19,7.7
ETH-USDT-SWAP,1H,12H,0.001,0.01,0.015,148.0,15673.898,10490.472,313,228,85,72.843,53.15,1.494,572.208,1101,509.68,244.38,14553.29,2755.38,15673.9,7.7
ETH-USDT-SWAP,1H,12H,0.001,0.01,0.02,148.0,20088.974,13473.631,313,236,77,75.399,57.51,1.469,734.925,1101,812.44,448.94,18933.97,2230.51,20088.97,6.1
ETH-USDT-SWAP,1H,12H,0.001,0.01,0.025,148.0,25665.95,17241.858,313,241,72,76.997,63.598,1.427,940.465,1101,1142.82,672.18,24510.95,2044.78,25665.95,4.71
ETH-USDT-SWAP,1H,12H,0.001,0.01,0.03,148.0,36739.086,24723.707,313,244,69,77.955,68.034,1.604,1348.566,1101,988.28,567.76,35584.09,3500.62,36739.09,3.25
ETH-USDT-SWAP,1H,12H,0.001,0.012,0.005,148.0,1.515,-98.976,313,114,199,36.422,99.239,0.665,-5.399,1101,40.0,-72.98,1.44,-96.4,1.51,5.35
ETH-USDT-SWAP,1H,12H,0.001,0.012,0.008,148.0,84.841,-42.675,313,165,148,52.716,83.778,0.951,-2.328,1101,122.84,-17.0,80.53,-34.45,84.84,5.35
ETH-USDT-SWAP,1H,12H,0.001,0.012,0.01,148.0,653.267,341.396,313,186,127,59.425,71.43,1.182,18.622,1101,209.48,41.54,620.07,196.0,653.27,5.35
ETH-USDT-SWAP,1H,12H,0.001,0.012,0.015,148.0,4652.792,3043.778,313,207,106,66.134,69.285,1.344,166.024,1101,303.72,105.22,4416.38,1354.08,4652.79,5.35
ETH-USDT-SWAP,1H,12H,0.001,0.012,0.02,148.0,4509.967,2947.275,313,215,98,68.69,70.048,1.243,160.76,1101,542.18,266.34,4280.81,689.55,4509.97,5.35
ETH-USDT-SWAP,1H,12H,0.001,0.012,0.025,148.0,4240.122,2764.947,313,220,93,70.288,80.251,1.176,150.815,1101,740.29,400.2,4024.67,443.66,4240.12,5.35
ETH-USDT-SWAP,1H,12H,0.001,0.012,0.03,148.0,7536.54,4992.257,313,223,90,71.246,74.038,1.24,272.305,1101,717.46,384.77,7153.59,897.07,7536.54,5.35
ETH-USDT-SWAP,1H,12H,0.001,0.015,0.005,148.0,0.621,-99.58,313,99,214,31.629,99.704,0.691,-5.432,1101,36.49,-75.34,0.59,-98.38,0.62,5.35
ETH-USDT-SWAP,1H,12H,0.001,0.015,0.008,148.0,25.225,-82.956,313,146,167,46.645,95.47,0.857,-4.525,1101,85.54,-42.2,23.94,-72.01,25.23,5.35
ETH-USDT-SWAP,1H,12H,0.001,0.015,0.01,148.0,214.12,44.676,313,168,145,53.674,91.274,1.037,2.437,1101,190.92,29.0,203.24,6.45,214.12,5.35
ETH-USDT-SWAP,1H,12H,0.001,0.015,0.015,148.0,1489.524,906.435,313,189,124,60.383,71.838,1.209,49.442,1101,300.51,103.05,1413.84,370.47,1489.52,5.35
ETH-USDT-SWAP,1H,12H,0.001,0.015,0.02,148.0,598.005,304.057,313,196,117,62.62,84.628,1.065,16.585,1101,482.39,225.94,567.62,17.67,598.0,5.35
ETH-USDT-SWAP,1H,12H,0.001,0.015,0.025,148.0,334.301,125.879,313,200,113,63.898,83.282,1.03,6.866,1101,410.06,177.07,317.31,-22.62,334.3,5.35
ETH-USDT-SWAP,1H,12H,0.001,0.015,0.03,148.0,376.993,154.725,313,203,110,64.856,81.4,1.048,8.44,1101,320.92,116.84,357.84,11.5,376.99,5.35
ETH-USDT-SWAP,1H,12H,0.001,0.02,0.005,148.0,0.165,-99.889,313,85,228,27.157,99.929,0.45,-5.448,1101,13.37,-90.97,0.16,-98.83,0.16,5.35
ETH-USDT-SWAP,1H,12H,0.001,0.02,0.008,148.0,0.267,-99.82,313,117,196,37.38,99.951,0.467,-5.445,1101,14.43,-90.25,0.25,-98.25,0.27,5.35
ETH-USDT-SWAP,1H,12H,0.001,0.02,0.01,148.0,0.775,-99.476,313,135,178,43.131,99.893,0.6,-5.426,1101,26.21,-82.29,0.74,-97.19,0.78,5.35
ETH-USDT-SWAP,1H,12H,0.001,0.02,0.015,148.0,0.481,-99.675,313,150,163,47.923,99.952,0.7,-5.437,1101,27.64,-81.32,0.46,-98.35,0.48,5.35
ETH-USDT-SWAP,1H,12H,0.001,0.02,0.02,148.0,0.153,-99.896,313,159,154,50.799,99.973,0.814,-5.449,1101,86.11,-41.82,0.15,-99.83,0.15,5.35
ETH-USDT-SWAP,1H,12H,0.001,0.02,0.025,148.0,0.102,-99.931,313,165,148,52.716,99.979,0.794,-5.451,1101,68.12,-53.97,0.1,-99.86,0.1,5.35
ETH-USDT-SWAP,1H,12H,0.001,0.02,0.03,148.0,0.055,-99.963,313,168,145,53.674,99.988,0.744,-5.453,1101,46.23,-68.76,0.05,-99.89,0.06,5.35
ETH-USDT-SWAP,1H,12H,0.001,0.03,0.005,148.0,0.018,-99.988,313,70,243,22.364,99.991,0.337,-5.454,1101,3.14,-97.88,0.02,-99.47,0.02,5.35
ETH-USDT-SWAP,1H,12H,0.001,0.03,0.008,148.0,0.014,-99.99,313,99,214,31.629,99.997,0.386,-5.454,1101,2.27,-98.47,0.01,-99.4,0.01,5.35
ETH-USDT-SWAP,1H,12H,0.001,0.03,0.01,148.0,0.034,-99.977,313,115,198,36.741,99.993,0.474,-5.453,1101,2.43,-98.36,0.03,-98.69,0.03,5.35
ETH-USDT-SWAP,1H,12H,0.001,0.03,0.015,148.0,0.004,-99.997,313,127,186,40.575,99.999,0.56,-5.454,1101,1.41,-99.05,0.0,-99.72,0.0,5.35
ETH-USDT-SWAP,1H,12H,0.001,0.03,0.02,148.0,0.0,-100.0,313,134,179,42.812,100.0,0.633,-5.455,1101,2.19,-98.52,0.0,-99.99,0.0,5.35
ETH-USDT-SWAP,1H,12H,0.001,0.03,0.025,148.0,0.0,-100.0,313,139,174,44.409,100.0,0.593,-5.455,1101,1.58,-98.93,0.0,-99.99,0.0,5.35
ETH-USDT-SWAP,1H,12H,0.001,0.03,0.03,148.0,0.0,-100.0,313,142,171,45.367,100.0,0.579,-5.455,1101,1.25,-99.15,0.0,-100.0,0.0,5.35
ETH-USDT-SWAP,1H,12H,0.002,0.004,0.005,148.0,0.64,-99.568,290,169,121,58.276,99.595,0.432,-5.431,1101,34.69,-76.56,0.63,-98.19,0.64,2.0
ETH-USDT-SWAP,1H,12H,0.002,0.004,0.008,148.0,4.923,-96.674,290,217,73,74.828,97.379,0.629,-5.273,1101,81.56,-44.89,4.83,-94.08,4.92,2.0
ETH-USDT-SWAP,1H,12H,0.002,0.004,0.01,148.0,26.935,-81.801,290,239,51,82.414,86.766,0.748,-4.462,1101,111.34,-24.77,26.41,-76.28,26.93,2.0
ETH-USDT-SWAP,1H,12H,0.002,0.004,0.015,148.0,700.895,373.578,290,269,21,92.759,54.205,1.265,20.377,1101,473.93,220.22,687.15,44.99,700.9,2.0
ETH-USDT-SWAP,1H,12H,0.002,0.004,0.02,148.0,1322.578,793.634,290,276,14,95.172,51.596,1.428,43.289,1101,393.33,165.77,1296.65,229.66,1322.58,2.0
ETH-USDT-SWAP,1H,12H,0.002,0.004,0.025,148.0,2450.855,1555.983,290,280,10,96.552,45.66,1.713,84.872,1101,450.53,204.41,2402.8,433.33,2450.85,2.0
ETH-USDT-SWAP,1H,12H,0.002,0.004,0.03,148.0,4687.572,3067.279,290,283,7,97.586,52.864,1.914,167.306,1101,586.39,296.21,4595.66,683.72,4687.57,2.0
ETH-USDT-SWAP,1H,12H,0.002,0.006,0.005,148.0,8.432,-94.303,290,161,129,55.517,95.65,0.74,-5.144,1101,90.54,-38.82,8.11,-91.05,8.43,4.0
ETH-USDT-SWAP,1H,12H,0.002,0.006,0.008,148.0,123.481,-16.567,290,208,82,71.724,75.472,0.984,-0.904,1101,290.46,96.26,118.73,-59.12,123.48,4.0
ETH-USDT-SWAP,1H,12H,0.002,0.006,0.01,148.0,917.312,519.805,290,230,60,79.31,62.989,1.252,28.353,1101,435.67,194.37,882.03,102.45,917.31,4.0
ETH-USDT-SWAP,1H,12H,0.002,0.006,0.015,148.0,34537.303,23236.015,290,261,29,90.0,50.822,2.045,1267.419,1101,2289.52,1446.97,33937.3,1382.29,34537.3,1.77
ETH-USDT-SWAP,1H,12H,0.002,0.006,0.02,148.0,44081.861,29685.041,290,268,22,92.414,39.16,2.536,1619.184,1101,1900.18,1183.9,43481.86,2188.31,44081.86,1.38
ETH-USDT-SWAP,1H,12H,0.002,0.006,0.025,148.0,51710.993,34839.86,290,272,18,93.793,43.842,3.06,1900.356,1101,2219.16,1399.43,51110.99,2203.16,51710.99,1.17
ETH-USDT-SWAP,1H,12H,0.002,0.006,0.03,148.0,60274.151,40625.778,290,275,15,94.828,54.637,3.835,2215.952,1101,2945.0,1889.87,59674.15,1926.28,60274.15,1.01
ETH-USDT-SWAP,1H,12H,0.002,0.008,0.005,148.0,22.624,-84.714,290,147,143,50.69,88.492,0.836,-4.621,1101,98.68,-33.32,21.4,-78.31,22.62,5.7
ETH-USDT-SWAP,1H,12H,0.002,0.008,0.008,148.0,690.958,366.863,290,194,96,66.897,63.271,1.148,20.011,1101,371.81,151.22,653.7,75.82,690.96,5.7
ETH-USDT-SWAP,1H,12H,0.002,0.008,0.01,148.0,3337.27,2154.912,290,212,78,73.103,58.43,1.465,117.541,1101,375.14,153.47,3157.3,741.64,3337.27,5.7
ETH-USDT-SWAP,1H,12H,0.002,0.008,0.015,148.0,51289.643,34555.164,290,238,52,82.069,53.986,2.169,1884.827,1101,1408.93,851.98,50434.64,3479.63,51289.64,1.7
ETH-USDT-SWAP,1H,12H,0.002,0.008,0.02,148.0,50111.621,33759.203,290,244,46,84.138,39.394,2.218,1841.411,1101,804.33,443.47,49256.62,6023.95,50111.62,1.74
ETH-USDT-SWAP,1H,12H,0.002,0.008,0.025,148.0,55107.577,37134.849,290,248,42,85.517,42.53,2.482,2025.537,1101,742.88,401.95,54252.58,7202.97,55107.58,1.58
ETH-USDT-SWAP,1H,12H,0.002,0.008,0.03,148.0,69322.858,46739.769,290,251,39,86.552,53.395,2.995,2549.442,1101,1303.31,780.62,68467.86,5153.37,69322.86,1.25
ETH-USDT-SWAP,1H,12H,0.002,0.01,0.005,148.0,12.308,-91.684,290,125,165,43.103,94.462,0.82,-5.001,1101,96.27,-34.95,11.43,-88.13,12.31,7.7
ETH-USDT-SWAP,1H,12H,0.002,0.01,0.008,148.0,523.078,253.431,290,173,117,59.655,69.153,1.12,13.823,1101,337.39,127.97,485.68,43.95,523.08,7.7
ETH-USDT-SWAP,1H,12H,0.002,0.01,0.01,148.0,2176.908,1370.884,290,190,100,65.517,68.662,1.351,74.775,1101,335.19,126.48,2021.27,503.02,2176.91,7.7
ETH-USDT-SWAP,1H,12H,0.002,0.01,0.015,148.0,41293.863,27801.259,290,215,75,74.138,60.97,1.62,1516.432,1101,1446.58,877.42,40138.86,2674.75,41293.86,2.88
ETH-USDT-SWAP,1H,12H,0.002,0.01,0.02,148.0,35901.323,24157.651,290,221,69,76.207,58.014,1.502,1317.69,1101,1335.4,802.29,34746.32,2501.95,35901.32,3.32
ETH-USDT-SWAP,1H,12H,0.002,0.01,0.025,148.0,32146.762,21620.785,290,225,65,77.586,65.349,1.535,1179.316,1101,1170.94,691.17,30991.76,2546.75,32146.76,3.73
ETH-USDT-SWAP,1H,12H,0.002,0.01,0.03,148.0,59504.162,40105.515,290,229,61,78.966,71.286,1.843,2187.574,1101,2116.52,1330.08,58349.16,2656.85,59504.16,1.98
ETH-USDT-SWAP,1H,12H,0.002,0.012,0.005,148.0,6.345,-95.713,290,110,180,37.931,97.087,0.713,-5.221,1101,35.53,-75.99,5.78,-83.72,6.34,9.7
ETH-USDT-SWAP,1H,12H,0.002,0.012,0.008,148.0,410.781,177.555,290,158,132,54.483,72.1,1.133,9.685,1101,127.26,-14.01,374.46,194.24,410.78,9.7
ETH-USDT-SWAP,1H,12H,0.002,0.012,0.01,148.0,1151.875,678.294,290,172,118,59.31,69.809,1.392,36.998,1101,100.33,-32.21,1050.02,946.56,1151.88,9.7
ETH-USDT-SWAP,1H,12H,0.002,0.012,0.015,148.0,18730.549,12555.776,290,196,94,67.586,58.786,1.652,684.861,1101,317.68,114.65,17275.55,5338.01,18730.55,8.42
ETH-USDT-SWAP,1H,12H,0.002,0.012,0.02,148.0,22586.14,15160.905,290,202,88,69.655,61.281,1.462,826.958,1101,572.07,286.53,21131.14,3593.82,22586.14,6.89
ETH-USDT-SWAP,1H,12H,0.002,0.012,0.025,148.0,10630.165,7082.544,290,205,85,70.69,74.212,1.329,386.321,1101,447.27,202.21,9690.21,2066.54,10630.17,9.7
ETH-USDT-SWAP,1H,12H,0.002,0.012,0.03,148.0,41234.108,27760.884,290,209,81,72.069,66.128,1.546,1514.23,1101,969.72,555.22,39779.11,4002.12,41234.11,3.66
ETH-USDT-SWAP,1H,12H,0.002,0.015,0.005,148.0,8.967,-93.941,290,99,191,34.138,96.085,0.744,-5.124,1101,39.14,-73.55,8.43,-78.46,8.97,6.36
ETH-USDT-SWAP,1H,12H,0.002,0.015,0.008,148.0,288.934,95.226,290,141,149,48.621,81.864,1.091,5.194,1101,119.94,-18.96,271.65,126.48,288.93,6.36
ETH-USDT-SWAP,1H,12H,0.002,0.015,0.01,148.0,916.96,519.568,290,155,135,53.448,75.865,1.331,28.34,1101,129.04,-12.81,862.11,568.07,916.96,6.36
ETH-USDT-SWAP,1H,12H,0.002,0.015,0.015,148.0,13882.121,9279.812,290,178,112,61.379,63.593,1.702,506.172,1101,359.33,142.79,13051.66,3532.24,13882.12,6.36
ETH-USDT-SWAP,1H,12H,0.002,0.015,0.02,148.0,7480.539,4954.418,290,183,107,63.103,76.938,1.306,270.241,1101,602.85,307.33,7033.04,1066.62,7480.54,6.36
ETH-USDT-SWAP,1H,12H,0.002,0.015,0.025,148.0,1621.255,995.442,290,185,105,63.793,76.943,1.158,54.297,1101,308.97,108.76,1524.27,393.34,1621.25,6.36
ETH-USDT-SWAP,1H,12H,0.002,0.015,0.03,148.0,13430.375,8974.578,290,191,99,65.862,73.051,1.431,489.522,1101,596.75,303.21,12626.94,2015.96,13430.38,6.36
ETH-USDT-SWAP,1H,12H,0.002,0.02,0.005,148.0,0.328,-99.778,290,76,214,26.207,99.827,0.479,-5.442,1101,12.74,-91.39,0.31,-97.58,0.33,6.36
ETH-USDT-SWAP,1H,12H,0.002,0.02,0.008,148.0,2.079,-98.595,290,109,181,37.586,99.692,0.551,-5.378,1101,16.37,-88.94,1.95,-88.06,2.08,6.36
ETH-USDT-SWAP,1H,12H,0.002,0.02,0.01,148.0,2.281,-98.459,290,121,169,41.724,99.665,0.647,-5.37,1101,19.96,-86.51,2.14,-89.26,2.28,6.36
ETH-USDT-SWAP,1H,12H,0.002,0.02,0.015,148.0,4.826,-96.739,290,141,149,48.621,99.385,0.804,-5.277,1101,44.47,-69.95,4.54,-89.8,4.83,6.36
ETH-USDT-SWAP,1H,12H,0.002,0.02,0.02,148.0,2.961,-97.999,290,149,141,51.379,99.695,0.893,-5.345,1101,146.13,-1.26,2.78,-98.1,2.96,6.36
ETH-USDT-SWAP,1H,12H,0.002,0.02,0.025,148.0,0.732,-99.506,290,153,137,52.759,99.892,0.845,-5.428,1101,67.82,-54.17,0.69,-98.99,0.73,6.36
ETH-USDT-SWAP,1H,12H,0.002,0.02,0.03,148.0,2.286,-98.456,290,158,132,54.483,99.681,0.869,-5.37,1101,118.63,-19.85,2.15,-98.19,2.29,6.36
ETH-USDT-SWAP,1H,12H,0.002,0.03,0.005,148.0,0.028,-99.981,290,60,230,20.69,99.986,0.277,-5.454,1101,2.6,-98.25,0.03,-99.0,0.03,6.36
ETH-USDT-SWAP,1H,12H,0.002,0.03,0.008,148.0,0.074,-99.95,290,90,200,31.034,99.986,0.333,-5.452,1101,1.89,-98.72,0.07,-96.31,0.07,6.36
ETH-USDT-SWAP,1H,12H,0.002,0.03,0.01,148.0,0.03,-99.979,290,99,191,34.138,99.994,0.428,-5.453,1101,2.24,-98.49,0.03,-98.72,0.03,6.36
ETH-USDT-SWAP,1H,12H,0.002,0.03,0.015,148.0,0.005,-99.996,290,113,177,38.966,99.999,0.559,-5.454,1101,1.62,-98.91,0.01,-99.69,0.01,6.36
ETH-USDT-SWAP,1H,12H,0.002,0.03,0.02,148.0,0.001,-99.999,290,121,169,41.724,100.0,0.628,-5.455,1101,3.74,-97.47,0.0,-99.97,0.0,6.36
ETH-USDT-SWAP,1H,12H,0.002,0.03,0.025,148.0,0.0,-100.0,290,125,165,43.103,100.0,0.601,-5.455,1101,1.93,-98.69,0.0,-99.99,0.0,6.36
ETH-USDT-SWAP,1H,12H,0.002,0.03,0.03,148.0,0.0,-100.0,290,130,160,44.828,100.0,0.601,-5.455,1101,3.44,-97.67,0.0,-99.99,0.0,6.36
ETH-USDT-SWAP,1H,12H,0.003,0.004,0.005,148.0,2.696,-98.179,274,172,102,62.774,98.25,0.498,-5.355,1101,48.88,-66.97,2.7,-94.49,,
ETH-USDT-SWAP,1H,12H,0.003,0.004,0.008,148.0,8.551,-94.222,274,208,66,75.912,94.7,0.632,-5.139,1101,82.08,-44.54,8.55,-89.58,,
ETH-USDT-SWAP,1H,12H,0.003,0.004,0.01,148.0,27.66,-81.311,274,226,48,82.482,85.578,0.743,-4.435,1101,114.59,-22.57,27.66,-75.86,,
ETH-USDT-SWAP,1H,12H,0.003,0.004,0.015,148.0,607.092,310.197,274,254,20,92.701,62.876,1.347,16.92,1101,342.44,131.38,607.09,77.28,,
ETH-USDT-SWAP,1H,12H,0.003,0.004,0.02,148.0,1109.734,649.82,274,260,14,94.891,51.596,1.494,35.445,1101,290.77,96.46,1109.73,281.66,,
ETH-USDT-SWAP,1H,12H,0.003,0.004,0.025,148.0,1698.78,1047.825,274,263,11,95.985,45.868,1.664,57.154,1101,333.05,125.03,1698.78,410.07,,
ETH-USDT-SWAP,1H,12H,0.003,0.004,0.03,148.0,2595.053,1653.414,274,265,9,96.715,52.835,1.77,90.186,1101,433.48,192.89,2595.05,498.66,,
ETH-USDT-SWAP,1H,12H,0.003,0.006,0.005,148.0,27.501,-81.418,274,163,111,59.489,82.537,0.819,-4.441,1101,110.83,-25.12,27.5,-75.19,,
ETH-USDT-SWAP,1H,12H,0.003,0.006,0.008,148.0,147.181,-0.553,274,199,75,72.628,70.98,0.999,-0.03,1101,219.96,48.62,147.18,-33.09,,
ETH-USDT-SWAP,1H,12H,0.003,0.006,0.01,148.0,639.239,331.918,274,217,57,79.197,67.199,1.209,18.105,1101,382.49,158.44,639.24,67.13,,
ETH-USDT-SWAP,1H,12H,0.003,0.006,0.015,148.0,23136.089,15532.492,274,246,28,89.781,63.228,2.044,847.227,1101,1553.07,949.37,23136.09,1389.7,,
ETH-USDT-SWAP,1H,12H,0.003,0.006,0.02,148.0,27686.561,18607.136,274,251,23,91.606,53.914,2.119,1014.935,1101,1318.71,791.02,27686.56,1999.53,,
ETH-USDT-SWAP,1H,12H,0.003,0.006,0.025,148.0,31186.285,20971.814,274,254,20,92.701,64.67,2.253,1143.917,1101,1540.08,940.59,31186.29,1924.98,,
ETH-USDT-SWAP,1H,12H,0.003,0.006,0.03,148.0,34160.567,22981.464,274,256,18,93.431,70.342,2.428,1253.534,1101,2043.81,1280.95,34160.57,1571.42,,
ETH-USDT-SWAP,1H,12H,0.003,0.008,0.005,148.0,117.319,-20.73,274,151,123,55.109,51.499,0.977,-1.131,1101,168.48,13.84,117.32,-30.37,,
ETH-USDT-SWAP,1H,12H,0.003,0.008,0.008,148.0,1288.918,770.891,274,188,86,68.613,64.064,1.268,42.049,1101,336.8,127.57,1288.92,282.69,,
ETH-USDT-SWAP,1H,12H,0.003,0.008,0.01,148.0,6889.82,4555.284,274,206,68,75.182,58.774,1.654,248.47,1101,613.66,314.63,6889.82,1022.74,,
ETH-USDT-SWAP,1H,12H,0.003,0.008,0.015,148.0,57871.084,39002.084,274,232,42,84.672,56.351,2.549,2127.386,1101,2150.94,1353.34,57871.08,2590.51,,
ETH-USDT-SWAP,1H,12H,0.003,0.008,0.02,148.0,57522.718,38766.702,274,237,37,86.496,49.074,2.479,2114.547,1101,1514.71,923.45,57522.72,3697.6,,
ETH-USDT-SWAP,1H,12H,0.003,0.008,0.025,148.0,57828.556,38973.349,274,240,34,87.591,58.275,2.489,2125.819,1101,1645.5,1011.82,57828.56,3414.35,,
ETH-USDT-SWAP,1H,12H,0.003,0.008,0.03,148.0,71932.021,48502.717,274,243,31,88.686,66.961,3.019,2645.603,1101,3096.1,1991.96,71932.02,2223.31,,
ETH-USDT-SWAP,1H,12H,0.003,0.01,0.005,148.0,116.968,-20.968,274,134,140,48.905,64.448,0.981,-1.144,1101,201.56,36.19,116.97,-41.97,,
ETH-USDT-SWAP,1H,12H,0.003,0.01,0.008,148.0,1969.08,1230.459,274,172,102,62.774,66.995,1.303,67.116,1101,425.87,187.75,1969.08,362.37,,
ETH-USDT-SWAP,1H,12H,0.003,0.01,0.01,148.0,8159.872,5413.427,274,187,87,68.248,62.974,1.614,295.278,1101,523.04,253.41,8159.87,1460.08,,
ETH-USDT-SWAP,1H,12H,0.003,0.01,0.015,148.0,49213.756,33152.538,274,209,65,76.277,61.596,1.919,1808.32,1101,1545.17,944.04,49213.76,3085.0,,
ETH-USDT-SWAP,1H,12H,0.003,0.01,0.02,148.0,52885.011,35633.116,274,216,58,78.832,52.179,1.913,1943.624,1101,1104.21,646.09,52885.01,4689.4,,
ETH-USDT-SWAP,1H,12H,0.003,0.01,0.025,148.0,48144.197,32429.863,274,219,55,79.927,60.819,1.804,1768.902,1101,1091.74,637.67,48144.2,4309.84,,
ETH-USDT-SWAP,1H,12H,0.003,0.01,0.03,148.0,70498.098,47533.85,274,223,51,81.387,69.32,2.238,2592.755,1101,2359.98,1494.58,70498.1,2887.23,,
ETH-USDT-SWAP,1H,12H,0.003,0.012,0.005,148.0,115.51,-21.953,274,121,153,44.161,60.37,0.977,-1.197,1101,110.72,-25.19,115.51,4.33,,
ETH-USDT-SWAP,1H,12H,0.003,0.012,0.008,148.0,2629.468,1676.667,274,159,115,58.029,64.481,1.421,91.455,1101,234.5,58.44,2629.47,1021.32,,
ETH-USDT-SWAP,1H,12H,0.003,0.012,0.01,148.0,7191.985,4759.45,274,171,103,62.409,65.566,1.671,259.606,1101,306.85,107.33,7191.99,2243.8,,
ETH-USDT-SWAP,1H,12H,0.003,0.012,0.015,148.0,40218.45,27074.629,274,192,82,70.073,57.901,1.683,1476.798,1101,891.2,502.16,40218.45,4412.85,,
ETH-USDT-SWAP,1H,12H,0.003,0.012,0.02,148.0,47189.555,31784.835,274,198,76,72.263,52.909,1.576,1733.718,1101,1125.69,660.6,47189.56,4092.04,,
ETH-USDT-SWAP,1H,12H,0.003,0.012,0.025,148.0,39452.484,26557.083,274,201,73,73.358,62.814,1.503,1448.568,1101,1060.65,616.66,39452.48,3619.65,,
ETH-USDT-SWAP,1H,12H,0.003,0.012,0.03,148.0,61214.537,41261.173,274,204,70,74.453,66.467,1.701,2250.609,1101,2455.27,1558.96,61214.54,2393.19,,
ETH-USDT-SWAP,1H,12H,0.003,0.015,0.005,148.0,50.474,-65.896,274,103,171,37.591,81.214,0.9,-3.594,1101,95.28,-35.62,50.47,-47.02,,
ETH-USDT-SWAP,1H,12H,0.003,0.015,0.008,148.0,838.866,466.801,274,138,136,50.365,71.558,1.291,25.462,1101,145.93,-1.4,838.87,474.86,,
ETH-USDT-SWAP,1H,12H,0.003,0.015,0.01,148.0,2305.191,1457.562,274,149,125,54.38,66.761,1.589,79.503,1101,137.51,-7.09,2305.19,1576.37,,
ETH-USDT-SWAP,1H,12H,0.003,0.015,0.015,148.0,10197.258,6790.039,274,169,105,61.679,62.992,1.448,370.366,1101,424.16,186.6,10197.26,2304.08,,
ETH-USDT-SWAP,1H,12H,0.003,0.015,0.02,148.0,10889.828,7257.992,274,176,98,64.234,63.127,1.286,395.89,1101,572.68,286.95,10889.83,1801.55,,
ETH-USDT-SWAP,1H,12H,0.003,0.015,0.025,148.0,3415.966,2208.085,274,178,96,64.964,73.375,1.137,120.441,1101,556.38,275.93,3415.97,513.96,,
ETH-USDT-SWAP,1H,12H,0.003,0.015,0.03,148.0,20810.721,13961.298,274,182,92,66.423,69.2,1.3,761.525,1101,1519.65,926.79,20810.72,1269.45,,
ETH-USDT-SWAP,1H,12H,0.003,0.02,0.005,148.0,7.352,-95.032,274,83,191,30.292,96.919,0.67,-5.184,1101,40.12,-72.9,7.35,-81.67,,
ETH-USDT-SWAP,1H,12H,0.003,0.02,0.008,148.0,20.089,-86.427,274,110,164,40.146,95.926,0.793,-4.714,1101,53.74,-63.69,20.09,-62.62,,
ETH-USDT-SWAP,1H,12H,0.003,0.02,0.01,148.0,11.612,-92.154,274,117,157,42.701,98.11,0.778,-5.027,1101,47.16,-68.13,11.61,-75.38,,
ETH-USDT-SWAP,1H,12H,0.003,0.02,0.015,148.0,9.817,-93.367,274,134,140,48.905,98.358,0.877,-5.093,1101,87.32,-41.0,9.82,-88.76,,
ETH-USDT-SWAP,1H,12H,0.003,0.02,0.02,148.0,11.03,-92.548,274,144,130,52.555,98.791,0.922,-5.048,1101,198.29,33.98,11.03,-94.44,,
ETH-USDT-SWAP,1H,12H,0.003,0.02,0.025,148.0,2.262,-98.472,274,147,127,53.65,99.656,0.88,-5.371,1101,106.31,-28.17,2.26,-97.87,,
ETH-USDT-SWAP,1H,12H,0.003,0.02,0.03,148.0,11.526,-92.212,274,153,121,55.839,98.744,0.926,-5.03,1101,228.01,54.06,11.53,-94.95,,
ETH-USDT-SWAP,1H,12H,0.003,0.03,0.005,148.0,0.398,-99.731,274,64,210,23.358,99.84,0.398,-5.44,1101,6.69,-95.48,0.4,-94.05,,
ETH-USDT-SWAP,1H,12H,0.003,0.03,0.008,148.0,0.592,-99.6,274,89,185,32.482,99.833,0.535,-5.433,1101,5.6,-96.22,0.59,-89.42,,
ETH-USDT-SWAP,1H,12H,0.003,0.03,0.01,148.0,0.091,-99.939,274,93,181,33.942,99.978,0.509,-5.451,1101,3.94,-97.34,0.09,-97.7,,
ETH-USDT-SWAP,1H,12H,0.003,0.03,0.015,148.0,0.014,-99.991,274,106,168,38.686,99.997,0.64,-5.454,1101,2.74,-98.15,0.01,-99.5,,
ETH-USDT-SWAP,1H,12H,0.003,0.03,0.02,148.0,0.008,-99.995,274,116,158,42.336,99.999,0.66,-5.454,1101,5.55,-96.25,0.01,-99.86,,
ETH-USDT-SWAP,1H,12H,0.003,0.03,0.025,148.0,0.001,-99.999,274,119,155,43.431,100.0,0.641,-5.454,1101,3.96,-97.32,0.0,-99.97,,
ETH-USDT-SWAP,1H,12H,0.003,0.03,0.03,148.0,0.006,-99.996,274,125,149,45.62,99.999,0.657,-5.454,1101,8.36,-94.35,0.01,-99.93,,
ETH-USDT-SWAP,1H,12H,0.004,0.004,0.005,148.0,4.422,-97.012,257,164,93,63.813,97.166,0.504,-5.292,1101,48.42,-67.29,4.42,-90.87,,
ETH-USDT-SWAP,1H,12H,0.004,0.004,0.008,148.0,18.979,-87.176,257,200,57,77.821,88.077,0.615,-4.755,1101,57.71,-61.01,18.98,-67.11,,
ETH-USDT-SWAP,1H,12H,0.004,0.004,0.01,148.0,75.177,-49.205,257,218,39,84.825,58.794,0.844,-2.684,1101,77.03,-47.96,75.18,-2.4,,
ETH-USDT-SWAP,1H,12H,0.004,0.004,0.015,148.0,715.802,383.65,257,240,17,93.385,41.678,1.471,20.926,1101,204.77,38.36,715.8,249.57,,
ETH-USDT-SWAP,1H,12H,0.004,0.004,0.02,148.0,1048.41,608.385,257,245,12,95.331,51.596,1.561,33.185,1101,155.34,4.96,1048.41,574.9,,
ETH-USDT-SWAP,1H,12H,0.004,0.004,0.025,148.0,1928.196,1202.835,257,249,8,96.887,45.644,1.775,65.609,1101,217.77,47.14,1928.2,785.45,,
ETH-USDT-SWAP,1H,12H,0.004,0.004,0.03,148.0,3960.293,2575.874,257,252,5,98.054,52.835,1.915,140.502,1101,396.03,167.59,3960.29,900.0,,
ETH-USDT-SWAP,1H,12H,0.004,0.006,0.005,148.0,45.66,-69.149,257,156,101,60.7,78.452,0.855,-3.772,1101,101.57,-31.37,45.66,-55.05,,
ETH-USDT-SWAP,1H,12H,0.004,0.006,0.008,148.0,303.045,104.76,257,191,66,74.319,57.705,1.133,5.714,1101,135.0,-8.78,303.05,124.47,,
ETH-USDT-SWAP,1H,12H,0.004,0.006,0.01,148.0,1482.848,901.925,257,209,48,81.323,42.921,1.423,49.196,1101,224.44,51.65,1482.85,560.7,,
ETH-USDT-SWAP,1H,12H,0.004,0.006,0.015,148.0,17861.078,11968.296,257,231,26,89.883,46.481,2.052,652.816,1101,670.08,352.76,17861.08,2565.51,,
ETH-USDT-SWAP,1H,12H,0.004,0.006,0.02,148.0,20214.744,13558.611,257,235,22,91.44,46.825,2.056,739.561,1101,477.61,222.71,20214.74,4132.5,,
ETH-USDT-SWAP,1H,12H,0.004,0.006,0.025,148.0,28450.321,19123.19,257,239,18,92.996,54.939,2.406,1043.083,1101,673.39,354.99,28450.32,4124.96,,
ETH-USDT-SWAP,1H,12H,0.004,0.006,0.03,148.0,39284.148,26443.344,257,242,15,94.163,56.866,2.973,1442.364,1101,1273.13,760.22,39284.15,2985.64,,
ETH-USDT-SWAP,1H,12H,0.004,0.008,0.005,148.0,261.323,76.57,257,147,110,57.198,56.741,1.063,4.177,1101,197.44,33.41,261.32,32.35,,
ETH-USDT-SWAP,1H,12H,0.004,0.008,0.008,148.0,2112.384,1327.286,257,180,77,70.039,55.864,1.442,72.397,1101,300.57,103.09,2112.38,602.79,,
ETH-USDT-SWAP,1H,12H,0.004,0.008,0.01,148.0,10061.031,6697.994,257,197,60,76.654,40.704,1.701,365.345,1101,453.16,206.19,10061.03,2120.17,,
ETH-USDT-SWAP,1H,12H,0.004,0.008,0.015,148.0,59980.761,40427.541,257,221,36,85.992,46.338,2.66,2205.139,1101,2068.44,1297.6,59980.76,2799.8,,
ETH-USDT-SWAP,1H,12H,0.004,0.008,0.02,148.0,60626.386,40863.774,257,225,32,87.549,50.976,2.726,2228.933,1101,1474.31,896.15,60626.39,4012.19,,
ETH-USDT-SWAP,1H,12H,0.004,0.008,0.025,148.0,66157.168,44600.789,257,229,28,89.105,59.834,2.78,2432.77,1101,2159.37,1359.03,66157.17,2963.73,,
ETH-USDT-SWAP,1H,12H,0.004,0.008,0.03,148.0,72975.077,49207.484,257,231,26,89.883,64.776,2.747,2684.045,1101,3738.66,2426.12,72975.08,1851.91,,
ETH-USDT-SWAP,1H,12H,0.004,0.01,0.005,148.0,445.167,200.789,257,133,124,51.751,55.328,1.116,10.952,1101,212.63,43.67,445.17,109.36,,
ETH-USDT-SWAP,1H,12H,0.004,0.01,0.008,148.0,3107.549,1999.695,257,164,93,63.813,54.198,1.494,109.074,1101,231.64,56.51,3107.55,1241.57,,
ETH-USDT-SWAP,1H,12H,0.004,0.01,0.01,148.0,12475.017,8329.065,257,178,79,69.261,46.384,1.64,454.313,1101,334.94,126.31,12475.02,3624.52,,
ETH-USDT-SWAP,1H,12H,0.004,0.01,0.015,148.0,54555.784,36762.016,257,199,58,77.432,46.65,2.181,2005.201,1101,934.26,531.25,54555.78,5739.48,,
ETH-USDT-SWAP,1H,12H,0.004,0.01,0.02,148.0,46584.484,31376.002,257,203,54,78.988,54.354,1.98,1711.418,1101,458.04,209.49,46584.48,10070.39,,
ETH-USDT-SWAP,1H,12H,0.004,0.01,0.025,148.0,47551.345,32029.287,257,207,50,80.545,62.601,1.923,1747.052,1101,624.05,321.66,47551.35,7519.75,,
ETH-USDT-SWAP,1H,12H,0.004,0.01,0.03,148.0,67782.39,45698.912,257,210,47,81.712,65.848,2.337,2492.668,1101,1744.35,1078.61,67782.39,3785.83,,
ETH-USDT-SWAP,1H,12H,0.004,0.012,0.005,148.0,375.465,153.692,257,119,138,46.304,57.699,1.084,8.383,1101,248.23,67.73,375.46,51.25,,
ETH-USDT-SWAP,1H,12H,0.004,0.012,0.008,148.0,4023.145,2618.341,257,151,106,58.755,57.666,1.478,142.819,1101,295.71,99.81,4023.15,1260.5,,
ETH-USDT-SWAP,1H,12H,0.004,0.012,0.01,148.0,20111.034,13488.536,257,165,92,64.202,64.645,1.686,735.738,1101,448.04,202.73,20111.03,4388.69,,
ETH-USDT-SWAP,1H,12H,0.004,0.012,0.015,148.0,55345.368,37295.519,257,183,74,71.206,47.098,1.712,2034.301,1101,1560.12,954.14,55345.37,3447.5,,
ETH-USDT-SWAP,1H,12H,0.004,0.012,0.02,148.0,44978.325,30290.76,257,187,70,72.763,54.354,1.562,1652.223,1101,1014.6,585.54,44978.32,4333.09,,
ETH-USDT-SWAP,1H,12H,0.004,0.012,0.025,148.0,49500.462,33346.258,257,192,65,74.708,62.601,1.599,1818.887,1101,1434.01,868.93,49500.46,3351.89,,
ETH-USDT-SWAP,1H,12H,0.004,0.012,0.03,148.0,68035.306,45869.801,257,195,62,75.875,66.756,1.702,2501.989,1101,4082.56,2658.49,68035.31,1566.48,,
ETH-USDT-SWAP,1H,12H,0.004,0.015,0.005,148.0,153.083,3.434,257,101,156,39.3,73.887,1.005,0.187,1101,90.13,-39.1,153.08,69.85,,
ETH-USDT-SWAP,1H,12H,0.004,0.015,0.008,148.0,1433.251,868.413,257,132,125,51.362,70.44,1.525,47.368,1101,94.38,-36.23,1433.25,1418.53,,
ETH-USDT-SWAP,1H,12H,0.004,0.015,0.01,148.0,5162.644,3388.273,257,144,113,56.031,74.115,1.762,184.815,1101,119.4,-19.32,5162.64,4223.8,,
ETH-USDT-SWAP,1H,12H,0.004,0.015,0.015,148.0,24317.472,16330.724,257,163,94,63.424,54.495,1.713,890.767,1101,395.65,167.33,24317.47,6046.14,,
ETH-USDT-SWAP,1H,12H,0.004,0.015,0.02,148.0,8785.556,5836.186,257,166,91,64.591,64.533,1.31,318.337,1101,389.2,162.97,8785.56,2157.33,,
ETH-USDT-SWAP,1H,12H,0.004,0.015,0.025,148.0,4326.729,2823.466,257,169,88,65.759,74.391,1.247,154.007,1101,326.95,120.91,4326.73,1223.35,,
ETH-USDT-SWAP,1H,12H,0.004,0.015,0.03,148.0,15671.728,10489.006,257,172,85,66.926,70.924,1.293,572.128,1101,1102.3,644.8,15671.73,1321.73,,
ETH-USDT-SWAP,1H,12H,0.004,0.02,0.005,148.0,7.829,-94.71,257,76,181,29.572,98.164,0.666,-5.166,1101,44.97,-69.61,7.83,-82.59,,
ETH-USDT-SWAP,1H,12H,0.004,0.02,0.008,148.0,21.891,-85.209,257,103,154,40.078,97.384,0.788,-4.648,1101,54.26,-63.34,21.89,-59.66,,
ETH-USDT-SWAP,1H,12H,0.004,0.02,0.01,148.0,23.241,-84.297,257,111,146,43.191,97.613,0.818,-4.598,1101,55.44,-62.54,23.24,-58.08,,
ETH-USDT-SWAP,1H,12H,0.004,0.02,0.015,148.0,16.387,-88.928,257,127,130,49.416,98.151,0.892,-4.851,1101,124.53,-15.86,16.39,-86.84,,
ETH-USDT-SWAP,1H,12H,0.004,0.02,0.02,148.0,5.551,-96.249,257,133,124,51.751,99.17,0.881,-5.25,1101,133.3,-9.94,5.55,-95.84,,
ETH-USDT-SWAP,1H,12H,0.004,0.02,0.025,148.0,1.289,-99.129,257,136,121,52.918,99.826,0.834,-5.407,1101,67.89,-54.13,1.29,-98.1,,
ETH-USDT-SWAP,1H,12H,0.004,0.02,0.03,148.0,6.712,-95.465,257,142,115,55.253,99.095,0.89,-5.207,1101,178.94,20.9,6.71,-96.25,,
ETH-USDT-SWAP,1H,12H,0.004,0.03,0.005,148.0,0.387,-99.738,257,56,201,21.79,99.9,0.403,-5.44,1101,7.51,-94.92,0.39,-94.85,,
ETH-USDT-SWAP,1H,12H,0.004,0.03,0.008,148.0,0.28,-99.811,257,78,179,30.35,99.935,0.477,-5.444,1101,5.16,-96.51,0.28,-94.58,,
ETH-USDT-SWAP,1H,12H,0.004,0.03,0.01,148.0,0.159,-99.893,257,85,172,33.074,99.966,0.462,-5.449,1101,4.1,-97.23,0.16,-96.12,,
ETH-USDT-SWAP,1H,12H,0.004,0.03,0.015,148.0,0.02,-99.987,257,97,160,37.743,99.996,0.624,-5.454,1101,3.51,-97.63,0.02,-99.43,,
ETH-USDT-SWAP,1H,12H,0.004,0.03,0.02,148.0,0.006,-99.996,257,104,153,40.467,99.999,0.641,-5.454,1101,6.08,-95.89,0.01,-99.91,,
ETH-USDT-SWAP,1H,12H,0.004,0.03,0.025,148.0,0.002,-99.999,257,107,150,41.634,100.0,0.622,-5.454,1101,4.49,-96.96,0.0,-99.96,,
ETH-USDT-SWAP,1H,12H,0.004,0.03,0.03,148.0,0.005,-99.997,257,113,144,43.969,99.999,0.643,-5.454,1101,9.97,-93.26,0.01,-99.95,,
ETH-USDT-SWAP,1H,12H,0.005,0.004,0.005,148.0,2.278,-98.461,242,145,97,59.917,98.491,0.42,-5.371,1101,40.9,-72.36,2.28,-94.43,,
ETH-USDT-SWAP,1H,12H,0.005,0.004,0.008,148.0,13.795,-90.679,242,184,58,76.033,92.045,0.572,-4.946,1101,53.47,-63.87,13.79,-74.2,,
ETH-USDT-SWAP,1H,12H,0.005,0.004,0.01,148.0,40.671,-72.519,242,200,42,82.645,78.757,0.736,-3.956,1101,71.37,-51.78,40.67,-43.01,,
ETH-USDT-SWAP,1H,12H,0.005,0.004,0.015,148.0,280.327,89.41,242,221,21,91.322,42.031,1.172,4.877,1101,154.39,4.32,280.33,81.57,,
ETH-USDT-SWAP,1H,12H,0.005,0.004,0.02,148.0,689.858,366.12,242,229,13,94.628,51.596,1.444,19.97,1101,170.4,15.13,689.86,304.85,,
ETH-USDT-SWAP,1H,12H,0.005,0.004,0.025,148.0,1187.43,702.318,242,233,9,96.281,45.688,1.624,38.308,1101,238.87,61.4,1187.43,397.1,,
ETH-USDT-SWAP,1H,12H,0.005,0.004,0.03,148.0,2261.778,1428.229,242,236,6,97.521,52.835,1.775,77.903,1101,434.41,193.52,2261.78,420.65,,
ETH-USDT-SWAP,1H,12H,0.005,0.006,0.005,148.0,21.166,-85.698,242,140,102,57.851,88.615,0.754,-4.674,1101,86.85,-41.32,21.17,-75.63,,
ETH-USDT-SWAP,1H,12H,0.005,0.006,0.008,148.0,177.647,20.031,242,177,65,73.14,59.055,1.029,1.093,1101,154.23,4.21,177.65,15.18,,
ETH-USDT-SWAP,1H,12H,0.005,0.006,0.01,148.0,719.605,386.22,242,193,49,79.752,49.628,1.28,21.067,1101,226.85,53.28,719.61,217.22,,
ETH-USDT-SWAP,1H,12H,0.005,0.006,0.015,148.0,5791.121,3812.92,242,213,29,88.017,53.6,1.872,207.977,1101,477.57,222.68,5791.12,1112.61,,
ETH-USDT-SWAP,1H,12H,0.005,0.006,0.02,148.0,13300.471,8886.805,242,220,22,90.909,48.255,1.898,484.735,1101,548.0,270.27,13300.47,2327.1,,
ETH-USDT-SWAP,1H,12H,0.005,0.006,0.025,148.0,24679.041,16575.028,242,224,18,92.562,44.418,2.687,904.092,1101,639.96,332.41,24679.04,3756.33,,
ETH-USDT-SWAP,1H,12H,0.005,0.006,0.03,148.0,36165.62,24336.23,242,227,15,93.802,51.984,3.569,1327.431,1101,1209.93,717.52,36165.62,2889.06,,
ETH-USDT-SWAP,1H,12H,0.005,0.008,0.005,148.0,93.727,-36.671,242,132,110,54.545,67.69,0.945,-2.0,1101,133.94,-9.5,93.73,-30.02,,
ETH-USDT-SWAP,1H,12H,0.005,0.008,0.008,148.0,672.218,354.202,242,165,77,68.182,59.948,1.227,19.32,1101,224.25,51.52,672.22,199.77,,
ETH-USDT-SWAP,1H,12H,0.005,0.008,0.01,148.0,2302.643,1455.84,242,180,62,74.38,44.675,1.346,79.409,1101,385.81,160.68,2302.64,496.84,,
ETH-USDT-SWAP,1H,12H,0.005,0.008,0.015,148.0,11656.25,7775.845,242,198,44,81.818,52.042,1.599,424.137,1101,729.01,392.57,11656.25,1498.92,,
ETH-USDT-SWAP,1H,12H,0.005,0.008,0.02,148.0,22267.979,14945.931,242,205,37,84.711,56.123,1.694,815.233,1101,980.49,562.49,22267.98,2171.12,,
ETH-USDT-SWAP,1H,12H,0.005,0.008,0.025,148.0,29902.307,20104.261,242,209,33,86.364,73.06,1.884,1096.596,1101,1221.53,725.36,29902.31,2347.94,,
ETH-USDT-SWAP,1H,12H,0.005,0.008,0.03,148.0,38838.689,26142.358,242,211,31,87.19,77.668,2.235,1425.947,1101,2137.56,1344.3,38838.69,1716.97,,
ETH-USDT-SWAP,1H,12H,0.005,0.01,0.005,148.0,247.866,67.477,242,124,118,51.24,63.013,1.07,3.681,1101,128.0,-13.51,247.87,93.65,,
ETH-USDT-SWAP,1H,12H,0.005,0.01,0.008,148.0,3341.618,2157.85,242,159,83,65.702,53.487,1.571,117.701,1101,213.27,44.1,3341.62,1466.84,,
ETH-USDT-SWAP,1H,12H,0.005,0.01,0.01,148.0,12309.01,8216.899,242,174,68,71.901,46.201,1.677,448.194,1101,297.91,101.29,12309.01,4031.81,,
ETH-USDT-SWAP,1H,12H,0.005,0.01,0.015,148.0,31198.405,20980.003,242,189,53,78.099,50.737,1.808,1144.364,1101,592.46,300.31,31198.4,5165.95,,
ETH-USDT-SWAP,1H,12H,0.005,0.01,0.02,148.0,46232.874,31138.428,242,197,45,81.405,52.727,1.973,1698.46,1101,907.67,513.29,46232.87,4993.56,,
ETH-USDT-SWAP,1H,12H,0.005,0.01,0.025,148.0,50135.02,33775.013,242,201,41,83.058,55.485,2.102,1842.273,1101,1008.64,581.52,50135.02,4870.54,,
ETH-USDT-SWAP,1H,12H,0.005,0.01,0.03,148.0,65464.128,44132.519,242,203,39,83.884,64.275,2.457,2407.228,1101,2619.14,1669.69,65464.13,2399.45,,
ETH-USDT-SWAP,1H,12H,0.005,0.012,0.005,148.0,322.729,118.06,242,114,128,47.107,63.708,1.111,6.44,1101,134.66,-9.01,322.73,139.66,,
ETH-USDT-SWAP,1H,12H,0.005,0.012,0.008,148.0,2793.66,1787.608,242,144,98,59.504,61.408,1.503,97.506,1101,159.47,7.75,2793.66,1651.89,,
ETH-USDT-SWAP,1H,12H,0.005,0.012,0.01,148.0,6599.957,4359.43,242,157,85,64.876,60.499,1.445,237.787,1101,201.79,36.34,6599.96,3170.75,,
ETH-USDT-SWAP,1H,12H,0.005,0.012,0.015,148.0,21040.373,14116.468,242,172,70,71.074,50.722,1.515,769.989,1101,440.25,197.47,21040.37,4679.19,,
ETH-USDT-SWAP,1H,12H,0.005,0.012,0.02,148.0,28299.15,19021.047,242,180,62,74.38,52.959,1.465,1037.512,1101,591.11,299.4,28299.15,4687.43,,
ETH-USDT-SWAP,1H,12H,0.005,0.012,0.025,148.0,39885.237,26849.484,242,185,57,76.446,58.905,1.629,1464.517,1101,656.56,343.62,39885.24,5974.85,,
ETH-USDT-SWAP,1H,12H,0.005,0.012,0.03,148.0,56632.66,38165.311,242,187,55,77.273,64.352,1.869,2081.744,1101,1954.95,1220.91,56632.66,2796.88,,
ETH-USDT-SWAP,1H,12H,0.005,0.015,0.005,148.0,510.783,245.124,242,103,139,42.562,64.874,1.204,13.37,1101,115.82,-21.74,510.78,341.0,,
ETH-USDT-SWAP,1H,12H,0.005,0.015,0.008,148.0,2781.795,1779.591,242,129,113,53.306,70.262,1.616,97.069,1101,107.31,-27.5,2781.8,2492.42,,
ETH-USDT-SWAP,1H,12H,0.005,0.015,0.01,148.0,5577.143,3668.34,242,141,101,58.264,70.147,1.497,200.091,1101,134.5,-9.12,5577.14,4046.47,,
ETH-USDT-SWAP,1H,12H,0.005,0.015,0.015,148.0,12292.977,8206.066,242,155,87,64.05,65.77,1.391,447.604,1101,309.35,109.02,12292.98,3873.8,,
ETH-USDT-SWAP,1H,12H,0.005,0.015,0.02,148.0,4545.546,2971.315,242,160,82,66.116,67.943,1.189,162.072,1101,273.2,84.59,4545.55,1563.82,,
ETH-USDT-SWAP,1H,12H,0.005,0.015,0.025,148.0,4194.183,2733.908,242,164,78,67.769,66.318,1.179,149.122,1101,275.37,86.06,4194.18,1423.1,,
ETH-USDT-SWAP,1H,12H,0.005,0.015,0.03,148.0,12872.44,8597.594,242,166,76,68.595,67.455,1.213,468.96,1101,922.66,523.42,12872.44,1295.14,,
ETH-USDT-SWAP,1H,12H,0.005,0.02,0.005,148.0,98.751,-33.276,242,84,158,34.711,84.347,0.925,-1.815,1101,52.61,-64.45,98.75,87.71,,
ETH-USDT-SWAP,1H,12H,0.005,0.02,0.008,148.0,294.165,98.76,242,108,134,44.628,79.673,1.128,5.387,1101,69.71,-52.9,294.17,321.97,,
ETH-USDT-SWAP,1H,12H,0.005,0.02,0.01,148.0,513.262,246.799,242,120,122,49.587,70.362,1.165,13.462,1101,92.99,-37.17,513.26,451.93,,
ETH-USDT-SWAP,1H,12H,0.005,0.02,0.015,148.0,650.333,339.414,242,134,108,55.372,76.033,1.102,18.514,1101,213.33,44.14,650.33,204.85,,
ETH-USDT-SWAP,1H,12H,0.005,0.02,0.02,148.0,271.416,83.389,242,141,101,58.264,84.92,1.028,4.548,1101,179.2,21.08,271.42,51.46,,
ETH-USDT-SWAP,1H,12H,0.005,0.02,0.025,148.0,129.908,-12.225,242,145,97,59.917,82.201,0.993,-0.667,1101,101.73,-31.26,129.91,27.69,,
ETH-USDT-SWAP,1H,12H,0.005,0.02,0.03,148.0,412.481,178.703,242,148,94,61.157,74.623,1.046,9.747,1101,287.45,94.22,412.48,43.5,,
ETH-USDT-SWAP,1H,12H,0.005,0.03,0.005,148.0,1.218,-99.177,242,60,182,24.793,99.731,0.329,-5.41,1101,8.23,-94.44,1.22,-85.19,,
ETH-USDT-SWAP,1H,12H,0.005,0.03,0.008,148.0,0.264,-99.822,242,76,166,31.405,99.936,0.483,-5.445,1101,10.04,-93.22,0.26,-97.37,,
ETH-USDT-SWAP,1H,12H,0.005,0.03,0.01,148.0,0.136,-99.908,242,85,157,35.124,99.974,0.576,-5.45,1101,9.17,-93.8,0.14,-98.52,,
ETH-USDT-SWAP,1H,12H,0.005,0.03,0.015,148.0,0.037,-99.975,242,98,144,40.496,99.992,0.681,-5.453,1101,12.17,-91.78,0.04,-99.69,,
ETH-USDT-SWAP,1H,12H,0.005,0.03,0.02,148.0,0.005,-99.996,242,105,137,43.388,99.999,0.624,-5.454,1101,9.66,-93.47,0.01,-99.95,,
ETH-USDT-SWAP,1H,12H,0.005,0.03,0.025,148.0,0.002,-99.999,242,110,132,45.455,100.0,0.594,-5.454,1101,6.57,-95.56,0.0,-99.97,,
ETH-USDT-SWAP,1H,12H,0.005,0.03,0.03,148.0,0.007,-99.995,242,115,127,47.521,99.999,0.633,-5.454,1101,17.39,-88.25,0.01,-99.96,,
ETH-USDT-SWAP,1H,12H,0.007,0.004,0.005,148.0,3.531,-97.614,222,134,88,60.36,97.722,0.361,-5.324,1101,37.79,-74.47,3.53,-90.66,,
ETH-USDT-SWAP,1H,12H,0.007,0.004,0.008,148.0,13.85,-90.642,222,168,54,75.676,92.473,0.574,-4.944,1101,71.67,-51.57,13.85,-80.68,,
ETH-USDT-SWAP,1H,12H,0.007,0.004,0.01,148.0,32.512,-78.033,222,182,40,81.982,83.23,0.707,-4.256,1101,102.32,-30.86,32.51,-68.23,,
ETH-USDT-SWAP,1H,12H,0.007,0.004,0.015,148.0,104.145,-29.631,222,199,23,89.64,62.916,0.916,-1.616,1101,142.12,-3.97,104.15,-26.72,,
ETH-USDT-SWAP,1H,12H,0.007,0.004,0.02,148.0,419.69,183.574,222,209,13,94.144,45.489,1.301,10.013,1101,236.66,59.91,419.69,77.34,,
ETH-USDT-SWAP,1H,12H,0.007,0.004,0.025,148.0,517.011,249.332,222,212,10,95.495,53.31,1.383,13.6,1101,271.08,83.16,517.01,90.72,,
ETH-USDT-SWAP,1H,12H,0.007,0.004,0.03,148.0,1382.1,833.851,222,216,6,97.297,40.184,2.05,45.483,1101,352.82,138.39,1382.1,291.73,,
ETH-USDT-SWAP,1H,12H,0.007,0.006,0.005,148.0,33.559,-77.325,222,131,91,59.009,80.843,0.738,-4.218,1101,77.51,-47.63,33.56,-56.71,,
ETH-USDT-SWAP,1H,12H,0.007,0.006,0.008,148.0,235.774,59.307,222,164,58,73.874,51.392,1.085,3.235,1101,189.24,27.86,235.77,24.59,,
ETH-USDT-SWAP,1H,12H,0.007,0.006,0.01,148.0,504.988,241.208,222,176,46,79.279,60.572,1.221,13.157,1101,297.72,101.16,504.99,69.62,,
ETH-USDT-SWAP,1H,12H,0.007,0.006,0.015,148.0,1818.142,1128.474,222,192,30,86.486,48.047,1.499,61.553,1101,454.34,206.99,1818.14,300.17,,
ETH-USDT-SWAP,1H,12H,0.007,0.006,0.02,148.0,7853.786,5206.612,222,202,20,90.991,40.444,1.924,283.997,1101,801.99,441.88,7853.79,879.29,,
ETH-USDT-SWAP,1H,12H,0.007,0.006,0.025,148.0,8977.933,5966.171,222,205,17,92.342,47.145,1.918,325.428,1101,936.62,532.85,8977.93,858.55,,
ETH-USDT-SWAP,1H,12H,0.007,0.006,0.03,148.0,14956.766,10005.923,222,208,14,93.694,53.964,2.546,545.778,1101,1242.96,739.84,14956.77,1103.31,,
ETH-USDT-SWAP,1H,12H,0.007,0.008,0.005,148.0,100.231,-32.277,222,121,101,54.505,62.712,0.934,-1.761,1101,125.94,-14.91,100.23,-20.41,,
ETH-USDT-SWAP,1H,12H,0.007,0.008,0.008,148.0,999.416,575.281,222,153,69,68.919,52.711,1.325,31.379,1101,366.68,147.76,999.42,172.56,,
ETH-USDT-SWAP,1H,12H,0.007,0.008,0.01,148.0,2325.661,1471.392,222,164,58,73.874,63.838,1.515,80.258,1101,667.31,350.88,2325.66,248.52,,
ETH-USDT-SWAP,1H,12H,0.007,0.008,0.015,148.0,7461.978,4941.877,222,179,43,80.631,59.667,1.781,269.557,1101,883.32,496.84,7461.98,744.76,,
ETH-USDT-SWAP,1H,12H,0.007,0.008,0.02,148.0,20950.452,14055.711,222,187,35,84.234,43.857,2.157,766.675,1101,1248.54,743.61,20950.45,1578.0,,
ETH-USDT-SWAP,1H,12H,0.007,0.008,0.025,148.0,28799.383,19359.043,222,191,31,86.036,52.432,2.606,1055.948,1101,1500.05,913.55,28799.38,1819.9,,
ETH-USDT-SWAP,1H,12H,0.007,0.008,0.03,148.0,35671.811,24002.575,222,194,28,87.387,60.217,3.169,1309.231,1101,2028.96,1270.92,35671.81,1658.13,,
ETH-USDT-SWAP,1H,12H,0.007,0.01,0.005,148.0,217.715,47.104,222,112,110,50.45,71.886,1.061,2.569,1101,160.28,8.3,217.71,35.84,,
ETH-USDT-SWAP,1H,12H,0.007,0.01,0.008,148.0,1828.584,1135.529,222,141,81,63.514,60.476,1.369,61.938,1101,431.59,191.62,1828.58,323.68,,
ETH-USDT-SWAP,1H,12H,0.007,0.01,0.01,148.0,5862.725,3861.301,222,154,68,69.369,54.663,1.629,210.616,1101,788.01,432.44,5862.73,643.99,,
ETH-USDT-SWAP,1H,12H,0.007,0.01,0.015,148.0,12169.07,8122.344,222,168,54,75.676,50.799,1.561,443.037,1101,1413.73,855.22,12169.07,760.78,,
ETH-USDT-SWAP,1H,12H,0.007,0.01,0.02,148.0,17167.672,11499.779,222,174,48,78.378,74.551,1.688,627.261,1101,1831.12,1137.24,17167.67,837.55,,
ETH-USDT-SWAP,1H,12H,0.007,0.01,0.025,148.0,24149.876,16217.484,222,178,44,80.18,79.464,1.829,884.59,1101,2761.03,1765.56,24149.88,774.67,,
ETH-USDT-SWAP,1H,12H,0.007,0.01,0.03,148.0,35235.24,23707.594,222,180,42,81.081,83.116,2.228,1293.142,1101,3398.09,2196.01,35235.24,936.91,,
ETH-USDT-SWAP,1H,12H,0.007,0.012,0.005,148.0,422.758,185.647,222,107,115,48.198,64.516,1.202,10.126,1101,151.84,2.59,422.76,178.43,,
ETH-USDT-SWAP,1H,12H,0.007,0.012,0.008,148.0,3822.443,2482.732,222,135,87,60.811,49.43,1.664,135.422,1101,301.45,103.68,3822.44,1168.01,,
ETH-USDT-SWAP,1H,12H,0.007,0.012,0.01,148.0,13006.898,8688.445,222,147,75,66.216,52.046,1.888,473.915,1101,659.03,345.29,13006.9,1873.65,,
ETH-USDT-SWAP,1H,12H,0.007,0.012,0.015,148.0,12865.534,8592.929,222,159,63,71.622,47.985,1.534,468.705,1101,967.93,554.01,12865.53,1229.18,,
ETH-USDT-SWAP,1H,12H,0.007,0.012,0.02,148.0,14128.155,9446.051,222,165,57,74.324,61.37,1.603,515.239,1101,1078.65,628.82,14128.15,1209.8,,
ETH-USDT-SWAP,1H,12H,0.007,0.012,0.025,148.0,27111.675,18218.699,222,169,53,76.126,75.171,1.767,993.747,1101,2066.95,1296.59,27111.68,1211.68,,
ETH-USDT-SWAP,1H,12H,0.007,0.012,0.03,148.0,39463.639,26564.621,222,171,51,77.027,78.833,2.304,1448.979,1101,2368.9,1500.61,39463.64,1565.9,,
ETH-USDT-SWAP,1H,12H,0.007,0.015,0.005,148.0,295.276,99.511,222,93,129,41.892,50.455,1.121,5.428,1101,103.9,-29.8,295.28,184.19,,
ETH-USDT-SWAP,1H,12H,0.007,0.015,0.008,148.0,1405.911,849.94,222,118,104,53.153,54.306,1.307,46.36,1101,208.42,40.82,1405.91,574.56,,
ETH-USDT-SWAP,1H,12H,0.007,0.015,0.01,148.0,2997.401,1925.271,222,128,94,57.658,49.601,1.333,105.015,1101,388.86,162.74,2997.4,670.82,,
ETH-USDT-SWAP,1H,12H,0.007,0.015,0.015,148.0,2412.477,1530.052,222,140,82,63.063,60.894,1.156,83.457,1101,684.43,362.45,2412.48,252.48,,
ETH-USDT-SWAP,1H,12H,0.007,0.015,0.02,148.0,2446.455,1553.01,222,147,75,66.216,71.834,1.141,84.71,1101,866.14,485.23,2446.46,182.46,,
ETH-USDT-SWAP,1H,12H,0.007,0.015,0.025,148.0,5099.192,3345.4,222,152,70,68.468,72.377,1.168,182.476,1101,1492.62,908.53,5099.19,241.63,,
ETH-USDT-SWAP,1H,12H,0.007,0.015,0.03,148.0,10414.003,6936.488,222,154,68,69.369,78.18,1.277,378.354,1101,1969.61,1230.82,10414.0,428.73,,
ETH-USDT-SWAP,1H,12H,0.007,0.02,0.005,148.0,91.072,-38.465,222,78,144,35.135,89.62,0.921,-2.098,1101,72.74,-50.85,91.07,25.19,,
ETH-USDT-SWAP,1H,12H,0.007,0.02,0.008,148.0,392.684,165.327,222,101,121,45.495,75.395,1.142,9.018,1101,128.73,-13.02,392.68,205.04,,
ETH-USDT-SWAP,1H,12H,0.007,0.02,0.01,148.0,847.264,472.476,222,111,111,50.0,77.052,1.209,25.771,1101,250.41,69.2,847.26,238.35,,
ETH-USDT-SWAP,1H,12H,0.007,0.02,0.015,148.0,303.277,104.917,222,122,100,54.955,92.281,1.032,5.723,1101,395.89,167.5,303.28,-23.39,,
ETH-USDT-SWAP,1H,12H,0.007,0.02,0.02,148.0,63.076,-57.381,222,126,96,56.757,95.364,0.967,-3.13,1101,220.8,49.19,63.08,-71.43,,
ETH-USDT-SWAP,1H,12H,0.007,0.02,0.025,148.0,273.765,84.976,222,133,89,59.91,87.839,1.034,4.635,1101,336.68,127.49,273.76,-18.69,,
ETH-USDT-SWAP,1H,12H,0.007,0.02,0.03,148.0,189.368,27.951,222,134,88,60.36,92.706,1.012,1.525,1101,358.77,142.41,189.37,-47.22,,
ETH-USDT-SWAP,1H,12H,0.007,0.03,0.005,148.0,2.83,-98.088,222,59,163,26.577,99.313,0.653,-5.35,1101,35.61,-75.94,2.83,-92.05,,
ETH-USDT-SWAP,1H,12H,0.007,0.03,0.008,148.0,0.676,-99.543,222,73,149,32.883,99.865,0.72,-5.43,1101,32.51,-78.04,0.68,-97.92,,
ETH-USDT-SWAP,1H,12H,0.007,0.03,0.01,148.0,0.451,-99.695,222,81,141,36.486,99.911,0.743,-5.438,1101,27.8,-81.22,0.45,-98.38,,
ETH-USDT-SWAP,1H,12H,0.007,0.03,0.015,148.0,0.124,-99.916,222,94,128,42.342,99.979,0.826,-5.45,1101,52.98,-64.2,0.12,-99.77,,
ETH-USDT-SWAP,1H,12H,0.007,0.03,0.02,148.0,0.033,-99.977,222,101,121,45.495,99.994,0.783,-5.453,1101,28.7,-80.61,0.03,-99.88,,
ETH-USDT-SWAP,1H,12H,0.007,0.03,0.025,148.0,0.062,-99.958,222,107,115,48.198,99.988,0.792,-5.452,1101,57.97,-60.83,0.06,-99.89,,
ETH-USDT-SWAP,1H,12H,0.007,0.03,0.03,148.0,0.044,-99.97,222,109,113,49.099,99.992,0.769,-5.453,1101,53.33,-63.97,0.04,-99.92,,
ETH-USDT-SWAP,1H,12H,0.01,0.004,0.005,148.0,2.508,-98.306,183,99,84,54.098,98.403,0.384,-5.362,1101,43.98,-70.29,2.51,-94.3,,
ETH-USDT-SWAP,1H,12H,0.01,0.004,0.008,148.0,4.257,-97.123,183,125,58,68.306,97.48,0.494,-5.298,1101,57.84,-60.92,4.26,-92.64,,
ETH-USDT-SWAP,1H,12H,0.01,0.004,0.01,148.0,6.954,-95.302,183,137,46,74.863,96.509,0.558,-5.198,1101,61.46,-58.47,6.95,-88.69,,
ETH-USDT-SWAP,1H,12H,0.01,0.004,0.015,148.0,13.529,-90.859,183,153,30,83.607,93.623,0.646,-4.956,1101,93.35,-36.93,13.53,-85.51,,
ETH-USDT-SWAP,1H,12H,0.01,0.004,0.02,148.0,47.791,-67.709,183,164,19,89.617,85.083,0.811,-3.693,1101,166.05,12.2,47.79,-71.22,,
ETH-USDT-SWAP,1H,12H,0.01,0.004,0.025,148.0,172.161,16.325,183,171,12,93.443,72.899,1.029,0.89,1101,347.53,134.82,172.16,-50.46,,
ETH-USDT-SWAP,1H,12H,0.01,0.004,0.03,148.0,306.82,107.311,183,174,9,95.082,60.925,1.205,5.853,1101,323.73,118.74,306.82,-5.22,,
ETH-USDT-SWAP,1H,12H,0.01,0.006,0.005,148.0,16.566,-88.807,183,99,84,54.098,90.366,0.696,-4.844,1101,82.47,-44.28,16.57,-79.91,,
ETH-USDT-SWAP,1H,12H,0.01,0.006,0.008,148.0,45.499,-69.258,183,125,58,68.306,81.777,0.851,-3.778,1101,129.17,-12.72,45.5,-64.78,,
ETH-USDT-SWAP,1H,12H,0.01,0.006,0.01,148.0,93.813,-36.613,183,137,46,74.863,74.823,0.938,-1.997,1101,145.51,-1.68,93.81,-35.53,,
ETH-USDT-SWAP,1H,12H,0.01,0.006,0.015,148.0,249.03,68.264,183,153,30,83.607,58.681,1.071,3.723,1101,248.29,67.76,249.03,0.3,,
ETH-USDT-SWAP,1H,12H,0.01,0.006,0.02,148.0,717.404,384.732,183,162,21,88.525,50.647,1.224,20.985,1101,403.71,172.78,717.4,77.7,,
ETH-USDT-SWAP,1H,12H,0.01,0.006,0.025,148.0,2960.665,1900.45,183,169,14,92.35,44.578,1.478,103.661,1101,895.59,505.13,2960.67,230.58,,
ETH-USDT-SWAP,1H,12H,0.01,0.006,0.03,148.0,5592.9,3678.987,183,172,11,93.989,43.719,1.935,200.672,1101,834.25,463.68,5592.9,570.41,,
ETH-USDT-SWAP,1H,12H,0.01,0.008,0.005,148.0,67.069,-54.683,183,95,88,51.913,70.932,0.899,-2.983,1101,127.28,-14.0,67.07,-47.31,,
ETH-USDT-SWAP,1H,12H,0.01,0.008,0.008,148.0,227.372,53.629,183,120,63,65.574,56.341,1.049,2.925,1101,228.98,54.72,227.37,-0.7,,
ETH-USDT-SWAP,1H,12H,0.01,0.008,0.01,148.0,367.499,148.31,183,130,53,71.038,54.535,1.113,8.09,1101,220.3,48.85,367.5,66.82,,
ETH-USDT-SWAP,1H,12H,0.01,0.008,0.015,148.0,725.838,390.431,183,145,38,79.235,54.57,1.157,21.296,1101,374.74,153.2,725.84,93.69,,
ETH-USDT-SWAP,1H,12H,0.01,0.008,0.02,148.0,1907.554,1188.888,183,154,29,84.153,50.482,1.219,64.848,1101,677.26,357.61,1907.55,181.66,,
ETH-USDT-SWAP,1H,12H,0.01,0.008,0.025,148.0,8156.018,5410.823,183,160,23,87.432,46.929,1.555,295.136,1101,1184.7,700.47,8156.02,588.45,,
ETH-USDT-SWAP,1H,12H,0.01,0.008,0.03,148.0,13173.655,8801.118,183,163,20,89.071,53.964,1.955,480.061,1101,1027.66,594.36,13173.65,1181.91,,
ETH-USDT-SWAP,1H,12H,0.01,0.01,0.005,148.0,172.087,16.275,183,91,92,49.727,57.592,1.018,0.888,1101,185.23,25.15,172.09,-7.09,,
ETH-USDT-SWAP,1H,12H,0.01,0.01,0.008,148.0,840.054,467.604,183,116,67,63.388,49.768,1.194,25.506,1101,421.84,185.03,840.05,99.14,,
ETH-USDT-SWAP,1H,12H,0.01,0.01,0.01,148.0,916.515,519.267,183,123,60,67.213,62.352,1.219,28.324,1101,358.51,142.23,916.52,155.65,,
ETH-USDT-SWAP,1H,12H,0.01,0.01,0.015,148.0,1358.224,817.719,183,135,48,73.77,60.489,1.185,44.603,1101,597.81,303.93,1358.22,127.2,,
ETH-USDT-SWAP,1H,12H,0.01,0.01,0.02,148.0,3676.827,2384.342,183,143,40,78.142,59.966,1.312,130.055,1101,721.24,387.32,3676.83,409.79,,
ETH-USDT-SWAP,1H,12H,0.01,0.01,0.025,148.0,17133.584,11476.746,183,149,34,81.421,56.792,1.79,626.004,1101,1309.69,784.92,17133.58,1208.22,,
ETH-USDT-SWAP,1H,12H,0.01,0.01,0.03,148.0,16430.465,11001.666,183,151,32,82.514,58.932,2.049,600.091,1101,1136.08,667.62,16430.47,1346.24,,
ETH-USDT-SWAP,1H,12H,0.01,0.012,0.005,148.0,118.439,-19.974,183,81,102,44.262,74.146,0.978,-1.089,1101,185.73,25.5,118.44,-36.23,,
ETH-USDT-SWAP,1H,12H,0.01,0.012,0.008,148.0,465.769,214.709,183,104,79,56.831,75.739,1.111,11.711,1101,380.98,157.42,465.77,22.25,,
ETH-USDT-SWAP,1H,12H,0.01,0.012,0.01,148.0,312.592,111.211,183,109,74,59.563,85.737,1.069,6.066,1101,308.22,108.26,312.59,1.42,,
ETH-USDT-SWAP,1H,12H,0.01,0.012,0.015,148.0,223.852,51.251,183,119,64,65.027,84.544,1.024,2.796,1101,471.12,218.32,223.85,-52.49,,
ETH-USDT-SWAP,1H,12H,0.01,0.012,0.02,148.0,278.375,88.091,183,126,57,68.852,88.946,1.034,4.805,1101,502.98,239.85,278.38,-44.65,,
ETH-USDT-SWAP,1H,12H,0.01,0.012,0.025,148.0,888.193,500.13,183,132,51,72.131,87.411,1.124,27.28,1101,1032.89,597.9,888.19,-14.01,,
ETH-USDT-SWAP,1H,12H,0.01,0.012,0.03,148.0,600.852,305.981,183,134,49,73.224,90.012,1.102,16.69,1101,834.35,463.75,600.85,-27.99,,
ETH-USDT-SWAP,1H,12H,0.01,0.015,0.005,148.0,100.561,-32.053,183,71,112,38.798,65.238,0.952,-1.748,1101,104.56,-29.35,100.56,-3.82,,
ETH-USDT-SWAP,1H,12H,0.01,0.015,0.008,148.0,247.557,67.268,183,92,91,50.273,71.777,1.046,3.669,1101,237.85,60.71,247.56,4.08,,
ETH-USDT-SWAP,1H,12H,0.01,0.015,0.01,148.0,170.932,15.495,183,98,85,53.552,84.307,1.011,0.845,1101,215.0,45.27,170.93,-20.5,,
ETH-USDT-SWAP,1H,12H,0.01,0.015,0.015,148.0,91.569,-38.129,183,107,76,58.47,89.234,0.974,-2.08,1101,246.46,66.53,91.57,-62.85,,
ETH-USDT-SWAP,1H,12H,0.01,0.015,0.02,148.0,60.701,-58.986,183,113,70,61.749,93.331,0.957,-3.217,1101,224.18,51.47,60.7,-72.92,,
ETH-USDT-SWAP,1H,12H,0.01,0.015,0.025,148.0,276.425,86.774,183,119,64,65.027,89.816,1.04,4.733,1101,490.95,231.73,276.42,-43.7,,
ETH-USDT-SWAP,1H,12H,0.01,0.015,0.03,148.0,265.775,79.577,183,121,62,66.12,91.595,1.046,4.341,1101,383.72,159.27,265.77,-30.74,,
ETH-USDT-SWAP,1H,12H,0.01,0.02,0.005,148.0,17.756,-88.003,183,57,126,31.148,91.926,0.806,-4.8,1101,60.0,-59.46,17.76,-70.41,,
ETH-USDT-SWAP,1H,12H,0.01,0.02,0.008,148.0,18.315,-87.625,183,74,109,40.437,94.849,0.878,-4.78,1101,95.87,-35.23,18.32,-80.89,,
ETH-USDT-SWAP,1H,12H,0.01,0.02,0.01,148.0,16.959,-88.541,183,82,101,44.809,96.108,0.886,-4.83,1101,95.28,-35.62,16.96,-82.2,,
ETH-USDT-SWAP,1H,12H,0.01,0.02,0.015,148.0,3.349,-97.737,183,90,93,49.18,98.899,0.861,-5.331,1101,91.78,-37.98,3.35,-96.35,,
ETH-USDT-SWAP,1H,12H,0.01,0.02,0.02,148.0,2.269,-98.467,183,97,86,53.005,99.468,0.855,-5.371,1101,72.31,-51.14,2.27,-96.86,,
ETH-USDT-SWAP,1H,12H,0.01,0.02,0.025,148.0,8.535,-94.233,183,103,80,56.284,98.257,0.899,-5.14,1101,173.06,16.93,8.54,-95.07,,
ETH-USDT-SWAP,1H,12H,0.01,0.02,0.03,148.0,4.522,-96.944,183,104,79,56.831,98.988,0.879,-5.288,1101,140.85,-4.83,4.52,-96.79,,
ETH-USDT-SWAP,1H,12H,0.01,0.03,0.005,148.0,0.702,-99.525,183,43,140,23.497,99.695,0.718,-5.429,1101,63.1,-57.36,0.7,-98.89,,
ETH-USDT-SWAP,1H,12H,0.01,0.03,0.008,148.0,0.371,-99.749,183,58,125,31.694,99.89,0.789,-5.441,1101,72.97,-50.7,0.37,-99.49,,
ETH-USDT-SWAP,1H,12H,0.01,0.03,0.01,148.0,0.396,-99.732,183,67,116,36.612,99.92,0.848,-5.44,1101,103.45,-30.1,0.4,-99.62,,
ETH-USDT-SWAP,1H,12H,0.01,0.03,0.015,148.0,0.116,-99.921,183,77,106,42.077,99.967,0.841,-5.45,1101,114.36,-22.73,0.12,-99.9,,
ETH-USDT-SWAP,1H,12H,0.01,0.03,0.02,148.0,0.038,-99.974,183,83,100,45.355,99.99,0.792,-5.453,1101,59.32,-59.92,0.04,-99.94,,
ETH-USDT-SWAP,1H,12H,0.01,0.03,0.025,148.0,0.127,-99.914,183,89,94,48.634,99.968,0.84,-5.45,1101,144.11,-2.63,0.13,-99.91,,
ETH-USDT-SWAP,1H,12H,0.01,0.03,0.03,148.0,0.056,-99.962,183,90,93,49.18,99.986,0.814,-5.452,1101,109.22,-26.2,0.06,-99.95,,
ETH-USDT-SWAP,1H,1D,0.001,0.004,0.005,148.0,2.904,-98.038,156,80,76,51.282,98.076,0.24,-5.348,551,34.68,-76.57,2.9,-91.63,,
ETH-USDT-SWAP,1H,1D,0.001,0.004,0.008,148.0,6.223,-95.795,156,106,50,67.949,96.339,0.393,-5.225,551,75.24,-49.17,6.22,-91.73,,
ETH-USDT-SWAP,1H,1D,0.001,0.004,0.01,148.0,11.897,-91.962,156,118,38,75.641,94.027,0.486,-5.016,551,117.52,-20.59,11.9,-89.88,,
ETH-USDT-SWAP,1H,1D,0.001,0.004,0.015,148.0,52.656,-64.422,156,136,20,87.179,76.799,0.748,-3.514,551,167.87,13.43,52.66,-68.63,,
ETH-USDT-SWAP,1H,1D,0.001,0.004,0.02,148.0,169.453,14.495,156,145,11,92.949,53.976,1.037,0.791,551,292.8,97.83,169.45,-42.13,,
ETH-USDT-SWAP,1H,1D,0.001,0.004,0.025,148.0,222.128,50.086,156,148,8,94.872,50.663,1.112,2.732,551,274.03,85.15,222.13,-18.94,,
ETH-USDT-SWAP,1H,1D,0.001,0.004,0.03,148.0,283.231,91.373,156,150,6,96.154,60.122,1.164,4.984,551,255.26,72.47,283.23,10.96,,
ETH-USDT-SWAP,1H,1D,0.001,0.006,0.005,148.0,9.638,-93.488,156,77,79,49.359,93.775,0.464,-5.099,551,47.38,-67.99,9.64,-79.66,,
ETH-USDT-SWAP,1H,1D,0.001,0.006,0.008,148.0,30.916,-79.111,156,103,53,66.026,85.503,0.712,-4.315,551,127.67,-13.74,30.92,-75.78,,
ETH-USDT-SWAP,1H,1D,0.001,0.006,0.01,148.0,58.631,-60.384,156,114,42,73.077,87.762,0.829,-3.294,551,214.25,44.76,58.63,-72.63,,
ETH-USDT-SWAP,1H,1D,0.001,0.006,0.015,148.0,288.54,94.959,156,132,24,84.615,56.982,1.123,5.18,551,310.99,110.13,288.54,-7.22,,
ETH-USDT-SWAP,1H,1D,0.001,0.006,0.02,148.0,1146.811,674.872,156,142,14,91.026,48.353,1.379,36.811,551,540.19,264.99,1146.81,112.3,,
ETH-USDT-SWAP,1H,1D,0.001,0.006,0.025,148.0,1305.227,781.91,156,145,11,92.949,47.182,1.38,42.65,551,473.03,219.61,1305.23,175.93,,
ETH-USDT-SWAP,1H,1D,0.001,0.006,0.03,148.0,1510.806,920.815,156,147,9,94.231,56.821,1.345,50.226,551,408.51,176.02,1510.81,269.84,,
ETH-USDT-SWAP,1H,1D,0.001,0.008,0.005,148.0,21.135,-85.719,156,72,84,46.154,86.528,0.66,-4.676,551,70.48,-52.38,21.14,-70.01,,
ETH-USDT-SWAP,1H,1D,0.001,0.008,0.008,148.0,79.636,-46.192,156,97,59,62.179,79.659,0.902,-2.52,551,205.89,39.11,79.64,-61.32,,
ETH-USDT-SWAP,1H,1D,0.001,0.008,0.01,148.0,76.225,-48.496,156,104,52,66.667,89.347,0.912,-2.645,551,307.43,107.72,76.23,-75.21,,
ETH-USDT-SWAP,1H,1D,0.001,0.008,0.015,148.0,216.752,46.454,156,120,36,76.923,71.56,1.036,2.534,551,490.04,231.11,216.75,-55.77,,
ETH-USDT-SWAP,1H,1D,0.001,0.008,0.02,148.0,1028.116,594.673,156,132,24,84.615,57.32,1.152,32.437,551,1151.9,678.31,1028.12,-10.75,,
ETH-USDT-SWAP,1H,1D,0.001,0.008,0.025,148.0,1523.272,929.238,156,137,19,87.821,66.903,1.198,50.686,551,1008.69,581.54,1523.27,51.02,,
ETH-USDT-SWAP,1H,1D,0.001,0.008,0.03,148.0,762.642,415.299,156,138,18,88.462,80.612,1.095,22.653,551,871.1,488.58,762.64,-12.45,,
ETH-USDT-SWAP,1H,1D,0.001,0.01,0.005,148.0,25.521,-82.756,156,65,91,41.667,84.627,0.732,-4.514,551,76.47,-48.33,25.52,-66.63,,
ETH-USDT-SWAP,1H,1D,0.001,0.01,0.008,148.0,57.843,-60.917,156,86,70,55.128,77.955,0.887,-3.323,551,180.56,22.0,57.84,-67.96,,
ETH-USDT-SWAP,1H,1D,0.001,0.01,0.01,148.0,54.477,-63.191,156,93,63,59.615,85.926,0.889,-3.447,551,216.2,46.08,54.48,-74.8,,
ETH-USDT-SWAP,1H,1D,0.001,0.01,0.015,148.0,325.427,119.883,156,113,43,72.436,69.614,1.06,6.539,551,469.65,217.33,325.43,-30.71,,
ETH-USDT-SWAP,1H,1D,0.001,0.01,0.02,148.0,1149.67,676.804,156,124,32,79.487,58.868,1.131,36.917,551,853.44,476.65,1149.67,34.71,,
ETH-USDT-SWAP,1H,1D,0.001,0.01,0.025,148.0,1813.261,1125.177,156,129,27,82.692,71.213,1.192,61.373,551,653.72,341.7,1813.26,177.38,,
ETH-USDT-SWAP,1H,1D,0.001,0.01,0.03,148.0,1105.517,646.971,156,131,25,83.974,82.596,1.128,35.289,551,489.12,230.48,1105.52,126.02,,
ETH-USDT-SWAP,1H,1D,0.001,0.012,0.005,148.0,28.98,-80.419,156,59,97,37.821,83.092,0.713,-4.386,551,54.07,-63.47,28.98,-46.4,,
ETH-USDT-SWAP,1H,1D,0.001,0.012,0.008,148.0,77.954,-47.328,156,80,76,51.282,73.74,0.901,-2.582,551,128.66,-13.07,77.95,-39.41,,
ETH-USDT-SWAP,1H,1D,0.001,0.012,0.01,148.0,59.259,-59.96,156,86,70,55.128,86.933,0.877,-3.271,551,148.73,0.5,59.26,-60.16,,
ETH-USDT-SWAP,1H,1D,0.001,0.012,0.015,148.0,198.6,34.189,156,103,53,66.026,70.715,1.028,1.865,551,235.62,59.2,198.6,-15.71,,
ETH-USDT-SWAP,1H,1D,0.001,0.012,0.02,148.0,1146.487,674.653,156,115,41,73.718,62.12,1.15,36.799,551,700.0,372.97,1146.49,63.78,,
ETH-USDT-SWAP,1H,1D,0.001,0.012,0.025,148.0,904.351,511.048,156,118,38,75.641,66.431,1.141,27.875,551,469.27,217.08,904.35,92.71,,
ETH-USDT-SWAP,1H,1D,0.001,0.012,0.03,148.0,681.953,360.779,156,120,36,76.923,78.321,1.089,19.679,551,518.37,250.25,681.95,31.56,,
ETH-USDT-SWAP,1H,1D,0.001,0.015,0.005,148.0,48.596,-67.165,156,55,101,35.256,80.974,0.8,-3.664,551,54.66,-63.07,48.6,-11.1,,
ETH-USDT-SWAP,1H,1D,0.001,0.015,0.008,148.0,154.392,4.319,156,75,81,48.077,69.075,1.007,0.236,551,146.27,-1.17,154.39,5.55,,
ETH-USDT-SWAP,1H,1D,0.001,0.015,0.01,148.0,77.034,-47.95,156,79,77,50.641,88.034,0.908,-2.615,551,138.35,-6.52,77.03,-44.32,,
ETH-USDT-SWAP,1H,1D,0.001,0.015,0.015,148.0,112.974,-23.666,156,93,63,59.615,78.857,0.974,-1.291,551,163.21,10.28,112.97,-30.78,,
ETH-USDT-SWAP,1H,1D,0.001,0.015,0.02,148.0,398.456,169.227,156,104,52,66.667,67.984,1.063,9.231,551,458.93,210.09,398.46,-13.18,,
ETH-USDT-SWAP,1H,1D,0.001,0.015,0.025,148.0,503.898,240.472,156,108,48,69.231,75.81,1.068,13.117,551,512.6,246.35,503.9,-1.7,,
ETH-USDT-SWAP,1H,1D,0.001,0.015,0.03,148.0,279.494,88.847,156,110,46,70.513,85.297,1.025,4.846,551,527.12,256.16,279.49,-46.98,,
ETH-USDT-SWAP,1H,1D,0.001,0.02,0.005,148.0,18.206,-87.699,156,45,111,28.846,91.582,0.657,-4.784,551,34.7,-76.55,18.21,-47.53,,
ETH-USDT-SWAP,1H,1D,0.001,0.02,0.008,148.0,15.037,-89.84,156,58,98,37.179,96.018,0.67,-4.9,551,32.19,-78.25,15.04,-53.28,,
ETH-USDT-SWAP,1H,1D,0.001,0.02,0.01,148.0,7.321,-95.054,156,63,93,40.385,98.071,0.609,-5.185,551,24.31,-83.58,7.32,-69.88,,
ETH-USDT-SWAP,1H,1D,0.001,0.02,0.015,148.0,9.156,-93.813,156,78,78,50.0,96.86,0.694,-5.117,551,21.5,-85.47,9.16,-57.41,,
ETH-USDT-SWAP,1H,1D,0.001,0.02,0.02,148.0,20.15,-86.385,156,88,68,56.41,94.89,0.867,-4.712,551,57.41,-61.21,20.15,-64.9,,
ETH-USDT-SWAP,1H,1D,0.001,0.02,0.025,148.0,19.263,-86.984,156,92,64,58.974,95.841,0.857,-4.745,551,47.81,-67.69,19.26,-59.71,,
ETH-USDT-SWAP,1H,1D,0.001,0.02,0.03,148.0,8.58,-94.203,156,94,62,60.256,98.126,0.843,-5.138,551,48.16,-67.46,8.58,-82.18,,
ETH-USDT-SWAP,1H,1D,0.001,0.03,0.005,148.0,1.437,-99.029,156,31,125,19.872,99.147,0.515,-5.402,551,21.58,-85.42,1.44,-93.34,,
ETH-USDT-SWAP,1H,1D,0.001,0.03,0.008,148.0,0.596,-99.598,156,42,114,26.923,99.796,0.597,-5.433,551,16.17,-89.07,0.6,-96.32,,
ETH-USDT-SWAP,1H,1D,0.001,0.03,0.01,148.0,0.378,-99.745,156,49,107,31.41,99.869,0.578,-5.441,551,12.89,-91.29,0.38,-97.07,,
ETH-USDT-SWAP,1H,1D,0.001,0.03,0.015,148.0,0.14,-99.905,156,62,94,39.744,99.96,0.545,-5.449,551,5.11,-96.55,0.14,-97.26,,
ETH-USDT-SWAP,1H,1D,0.001,0.03,0.02,148.0,0.113,-99.924,156,70,86,44.872,99.97,0.696,-5.45,551,9.65,-93.48,0.11,-98.83,,
ETH-USDT-SWAP,1H,1D,0.001,0.03,0.025,148.0,0.344,-99.768,156,77,79,49.359,99.928,0.685,-5.442,551,7.11,-95.2,0.34,-95.17,,
ETH-USDT-SWAP,1H,1D,0.001,0.03,0.03,148.0,0.086,-99.942,156,79,77,50.641,99.982,0.675,-5.451,551,5.78,-96.1,0.09,-98.52,,
ETH-USDT-SWAP,1H,1D,0.002,0.004,0.005,148.0,4.244,-97.133,152,81,71,53.289,97.262,0.263,-5.298,551,48.23,-67.41,4.24,-91.2,,
ETH-USDT-SWAP,1H,1D,0.002,0.004,0.008,148.0,6.475,-95.625,152,103,49,67.763,96.749,0.381,-5.216,551,72.31,-51.14,6.47,-91.05,,
ETH-USDT-SWAP,1H,1D,0.002,0.004,0.01,148.0,10.921,-92.621,152,114,38,75.0,94.517,0.492,-5.052,551,112.96,-23.67,10.92,-90.33,,
ETH-USDT-SWAP,1H,1D,0.002,0.004,0.015,148.0,26.039,-82.406,152,129,23,84.868,88.063,0.659,-4.495,551,161.35,9.02,26.04,-83.86,,
ETH-USDT-SWAP,1H,1D,0.002,0.004,0.02,148.0,118.902,-19.661,152,140,12,92.105,61.892,0.934,-1.072,551,215.21,45.41,118.9,-44.75,,
ETH-USDT-SWAP,1H,1D,0.002,0.004,0.025,148.0,203.767,37.68,152,144,8,94.737,51.631,1.099,2.055,551,187.73,26.84,203.77,8.54,,
ETH-USDT-SWAP,1H,1D,0.002,0.004,0.03,148.0,225.131,52.115,152,145,7,95.395,60.904,1.127,2.843,551,162.84,10.03,225.13,38.25,,
ETH-USDT-SWAP,1H,1D,0.002,0.006,0.005,148.0,20.281,-86.297,152,81,71,53.289,88.321,0.555,-4.707,551,76.86,-48.07,20.28,-73.61,,
ETH-USDT-SWAP,1H,1D,0.002,0.006,0.008,148.0,47.436,-67.948,152,103,49,67.763,84.089,0.752,-3.706,551,137.25,-7.26,47.44,-65.44,,
ETH-USDT-SWAP,1H,1D,0.002,0.006,0.01,148.0,99.061,-33.067,152,114,38,75.0,75.647,0.921,-1.804,551,236.26,59.64,99.06,-58.07,,
ETH-USDT-SWAP,1H,1D,0.002,0.006,0.015,148.0,314.235,112.321,152,129,23,84.868,58.225,1.131,6.127,551,364.73,146.44,314.24,-13.84,,
ETH-USDT-SWAP,1H,1D,0.002,0.006,0.02,148.0,991.7,570.068,152,138,14,90.789,43.236,1.394,31.095,551,505.73,241.71,991.7,96.09,,
ETH-USDT-SWAP,1H,1D,0.002,0.006,0.025,148.0,1603.358,983.35,152,142,10,93.421,56.462,1.41,53.637,551,441.15,198.07,1603.36,263.45,,
ETH-USDT-SWAP,1H,1D,0.002,0.006,0.03,148.0,1566.292,958.305,152,143,9,94.079,67.23,1.337,52.271,551,382.67,158.56,1566.29,309.3,,
ETH-USDT-SWAP,1H,1D,0.002,0.008,0.005,148.0,47.586,-67.847,152,76,76,50.0,73.766,0.766,-3.701,551,105.57,-28.67,47.59,-54.92,,
ETH-USDT-SWAP,1H,1D,0.002,0.008,0.008,148.0,102.817,-30.529,152,96,56,63.158,77.334,0.934,-1.665,551,216.54,46.31,102.82,-52.52,,
ETH-USDT-SWAP,1H,1D,0.002,0.008,0.01,148.0,185.484,25.327,152,106,46,69.737,74.485,1.034,1.381,551,329.77,122.82,185.48,-43.75,,
ETH-USDT-SWAP,1H,1D,0.002,0.008,0.015,148.0,602.79,307.29,152,121,31,79.605,57.52,1.16,16.761,551,564.91,281.7,602.79,6.71,,
ETH-USDT-SWAP,1H,1D,0.002,0.008,0.02,148.0,1553.32,949.54,152,130,22,85.526,55.258,1.274,51.793,551,764.51,416.56,1553.32,103.18,,
ETH-USDT-SWAP,1H,1D,0.002,0.008,0.025,148.0,2692.453,1719.225,152,135,17,88.816,54.554,1.357,93.776,551,623.97,321.6,2692.45,331.5,,
ETH-USDT-SWAP,1H,1D,0.002,0.008,0.03,148.0,2006.403,1255.678,152,136,16,89.474,64.221,1.266,68.492,551,501.8,239.05,2006.4,299.84,,
ETH-USDT-SWAP,1H,1D,0.002,0.01,0.005,148.0,76.172,-48.532,152,70,82,46.053,61.118,0.874,-2.647,551,119.9,-18.99,76.17,-36.47,,
ETH-USDT-SWAP,1H,1D,0.002,0.01,0.008,148.0,163.082,10.19,152,89,63,58.553,72.79,1.017,0.556,551,226.29,52.9,163.08,-27.93,,
ETH-USDT-SWAP,1H,1D,0.002,0.01,0.01,148.0,260.933,76.306,152,98,54,64.474,67.805,1.075,4.162,551,329.45,122.6,260.93,-20.8,,
ETH-USDT-SWAP,1H,1D,0.002,0.01,0.015,148.0,964.058,551.39,152,114,38,75.0,63.636,1.155,30.076,551,664.13,348.74,964.06,45.16,,
ETH-USDT-SWAP,1H,1D,0.002,0.01,0.02,148.0,2496.037,1586.512,152,123,29,80.921,45.223,1.233,86.537,551,1022.4,590.81,2496.04,144.14,,
ETH-USDT-SWAP,1H,1D,0.002,0.01,0.025,148.0,5379.225,3534.612,152,129,23,84.868,62.165,1.286,192.797,551,834.45,463.82,5379.23,544.64,,
ETH-USDT-SWAP,1H,1D,0.002,0.01,0.03,148.0,2067.452,1296.927,152,129,23,84.868,73.481,1.152,70.741,551,671.07,353.42,2067.45,208.08,,
ETH-USDT-SWAP,1H,1D,0.002,0.012,0.005,148.0,72.611,-50.939,152,63,89,41.447,64.003,0.869,-2.778,551,104.07,-29.68,72.61,-30.23,,
ETH-USDT-SWAP,1H,1D,0.002,0.012,0.008,148.0,74.739,-49.501,152,78,74,51.316,82.818,0.903,-2.7,551,162.76,9.97,74.74,-54.08,,
ETH-USDT-SWAP,1H,1D,0.002,0.012,0.01,148.0,94.208,-36.346,152,86,66,56.579,78.216,0.946,-1.983,551,206.05,39.22,94.21,-54.28,,
ETH-USDT-SWAP,1H,1D,0.002,0.012,0.015,148.0,471.56,218.622,152,104,48,68.421,74.287,1.089,11.925,551,477.56,222.68,471.56,-1.26,,
ETH-USDT-SWAP,1H,1D,0.002,0.012,0.02,148.0,1713.8,1057.973,152,115,37,75.658,63.268,1.181,57.708,551,882.76,496.46,1713.8,94.14,,
ETH-USDT-SWAP,1H,1D,0.002,0.012,0.025,148.0,2291.158,1448.08,152,120,32,78.947,66.431,1.238,78.986,551,630.24,325.83,2291.16,263.54,,
ETH-USDT-SWAP,1H,1D,0.002,0.012,0.03,148.0,573.715,287.645,152,120,32,78.947,76.022,1.088,15.69,551,439.11,196.7,573.72,30.65,,
ETH-USDT-SWAP,1H,1D,0.002,0.015,0.005,148.0,94.687,-36.022,152,57,95,37.5,66.36,0.905,-1.965,551,76.13,-48.56,94.69,24.38,,
ETH-USDT-SWAP,1H,1D,0.002,0.015,0.008,148.0,74.236,-49.841,152,70,82,46.053,81.136,0.908,-2.719,551,142.73,-3.56,74.24,-47.99,,
ETH-USDT-SWAP,1H,1D,0.002,0.015,0.01,148.0,74.157,-49.894,152,77,75,50.658,82.016,0.92,-2.721,551,138.32,-6.54,74.16,-46.39,,
ETH-USDT-SWAP,1H,1D,0.002,0.015,0.015,148.0,113.836,-23.084,152,91,61,59.868,79.989,0.978,-1.259,551,177.26,19.77,113.84,-35.78,,
ETH-USDT-SWAP,1H,1D,0.002,0.015,0.02,148.0,145.714,-1.544,152,99,53,65.132,83.401,0.999,-0.084,551,375.78,153.91,145.71,-61.22,,
ETH-USDT-SWAP,1H,1D,0.002,0.015,0.025,148.0,352.561,138.217,152,105,47,69.079,87.94,1.038,7.539,551,555.03,275.02,352.56,-36.48,,
ETH-USDT-SWAP,1H,1D,0.002,0.015,0.03,148.0,65.852,-55.505,152,105,47,69.079,95.232,0.975,-3.028,551,446.29,201.55,65.85,-85.24,,
ETH-USDT-SWAP,1H,1D,0.002,0.02,0.005,148.0,32.45,-78.074,152,46,106,30.263,85.788,0.702,-4.259,551,40.92,-72.35,32.45,-20.69,,
ETH-USDT-SWAP,1H,1D,0.002,0.02,0.008,148.0,12.011,-91.884,152,56,96,36.842,95.586,0.63,-5.012,551,35.53,-75.99,12.01,-66.19,,
ETH-USDT-SWAP,1H,1D,0.002,0.02,0.01,148.0,16.02,-89.176,152,64,88,42.105,94.323,0.685,-4.864,551,32.97,-77.72,16.02,-51.41,,
ETH-USDT-SWAP,1H,1D,0.002,0.02,0.015,148.0,12.882,-91.296,152,76,76,50.0,95.739,0.707,-4.98,551,21.12,-85.73,12.88,-39.0,,
ETH-USDT-SWAP,1H,1D,0.002,0.02,0.02,148.0,42.911,-71.006,152,87,65,57.237,91.828,0.924,-3.873,551,78.13,-47.21,42.91,-45.08,,
ETH-USDT-SWAP,1H,1D,0.002,0.02,0.025,148.0,112.134,-24.234,152,93,59,61.184,85.543,0.982,-1.322,551,91.59,-38.12,112.13,22.44,,
ETH-USDT-SWAP,1H,1D,0.002,0.02,0.03,148.0,20.726,-85.996,152,93,59,61.184,97.132,0.908,-4.691,551,78.26,-47.12,20.73,-73.51,,
ETH-USDT-SWAP,1H,1D,0.002,0.03,0.005,148.0,1.869,-98.737,152,31,121,20.395,99.03,0.358,-5.386,551,16.51,-88.84,1.87,-88.68,,
ETH-USDT-SWAP,1H,1D,0.002,0.03,0.008,148.0,0.48,-99.676,152,41,111,26.974,99.841,0.477,-5.437,551,13.21,-91.08,0.48,-96.37,,
ETH-USDT-SWAP,1H,1D,0.002,0.03,0.01,148.0,1.181,-99.202,152,51,101,33.553,99.611,0.521,-5.411,551,12.15,-91.79,1.18,-90.28,,
ETH-USDT-SWAP,1H,1D,0.002,0.03,0.015,148.0,0.206,-99.861,152,61,91,40.132,99.943,0.463,-5.447,551,3.92,-97.35,0.21,-94.73,,
ETH-USDT-SWAP,1H,1D,0.002,0.03,0.02,148.0,0.196,-99.867,152,69,83,45.395,99.951,0.622,-5.447,551,7.08,-95.22,0.2,-97.23,,
ETH-USDT-SWAP,1H,1D,0.002,0.03,0.025,148.0,0.93,-99.371,152,77,75,50.658,99.817,0.649,-5.42,551,6.9,-95.34,0.93,-86.51,,
ETH-USDT-SWAP,1H,1D,0.002,0.03,0.03,148.0,0.097,-99.934,152,77,75,50.658,99.981,0.612,-5.451,551,4.43,-97.01,0.1,-97.81,,
ETH-USDT-SWAP,1H,1D,0.003,0.004,0.005,148.0,2.953,-98.005,143,70,73,48.951,98.095,0.256,-5.346,551,56.88,-61.57,2.95,-94.81,,
ETH-USDT-SWAP,1H,1D,0.003,0.004,0.008,148.0,6.161,-95.837,143,95,48,66.434,96.907,0.395,-5.227,551,91.06,-38.47,6.16,-93.23,,
ETH-USDT-SWAP,1H,1D,0.003,0.004,0.01,148.0,7.911,-94.655,143,104,39,72.727,96.028,0.491,-5.163,551,110.75,-25.17,7.91,-92.86,,
ETH-USDT-SWAP,1H,1D,0.003,0.004,0.015,148.0,17.794,-87.977,143,119,24,83.217,91.68,0.595,-4.799,551,128.72,-13.02,17.79,-86.18,,
ETH-USDT-SWAP,1H,1D,0.003,0.004,0.02,148.0,171.298,15.742,143,133,10,93.007,53.056,1.048,0.859,551,275.91,86.42,171.3,-37.91,,
ETH-USDT-SWAP,1H,1D,0.003,0.004,0.025,148.0,336.623,127.448,143,137,6,95.804,51.631,1.283,6.952,551,258.22,74.47,336.62,30.36,,
ETH-USDT-SWAP,1H,1D,0.003,0.004,0.03,148.0,329.876,122.889,143,138,5,96.503,60.904,1.249,6.703,551,240.53,62.52,329.88,37.14,,
ETH-USDT-SWAP,1H,1D,0.003,0.006,0.005,148.0,10.13,-93.155,143,69,74,48.252,94.183,0.499,-5.081,551,92.15,-37.74,10.13,-89.01,,
ETH-USDT-SWAP,1H,1D,0.003,0.006,0.008,148.0,33.136,-77.611,143,94,49,65.734,87.568,0.723,-4.233,551,175.71,18.73,33.14,-81.14,,
ETH-USDT-SWAP,1H,1D,0.003,0.006,0.01,148.0,49.544,-66.524,143,103,40,72.028,85.181,0.838,-3.629,551,226.52,53.05,49.54,-78.13,,
ETH-USDT-SWAP,1H,1D,0.003,0.006,0.015,148.0,111.82,-24.446,143,117,26,81.818,72.854,0.96,-1.333,551,279.08,88.57,111.82,-59.93,,
ETH-USDT-SWAP,1H,1D,0.003,0.006,0.02,148.0,518.559,250.378,143,128,15,89.51,45.606,1.221,13.657,551,483.01,226.36,518.56,7.36,,
ETH-USDT-SWAP,1H,1D,0.003,0.006,0.025,148.0,787.472,432.076,143,132,11,92.308,58.257,1.246,23.568,551,422.96,185.78,787.47,86.18,,
ETH-USDT-SWAP,1H,1D,0.003,0.006,0.03,148.0,724.551,389.562,143,133,10,93.007,68.581,1.197,21.249,551,366.89,147.9,724.55,97.48,,
ETH-USDT-SWAP,1H,1D,0.003,0.008,0.005,148.0,28.36,-80.838,143,67,76,46.853,85.433,0.701,-4.409,551,129.02,-12.83,28.36,-78.02,,
ETH-USDT-SWAP,1H,1D,0.003,0.008,0.008,148.0,99.295,-32.909,143,90,53,62.937,81.639,0.933,-1.795,551,280.97,89.85,99.3,-64.66,,
ETH-USDT-SWAP,1H,1D,0.003,0.008,0.01,148.0,192.98,30.392,143,100,43,69.93,76.158,1.033,1.658,551,373.89,152.63,192.98,-48.39,,
ETH-USDT-SWAP,1H,1D,0.003,0.008,0.015,148.0,369.919,149.946,143,113,30,79.021,67.537,1.095,8.179,551,459.94,210.77,369.92,-19.57,,
ETH-USDT-SWAP,1H,1D,0.003,0.008,0.02,148.0,1204.906,714.125,143,123,20,86.014,54.954,1.242,38.952,551,580.46,292.2,1204.91,107.58,,
ETH-USDT-SWAP,1H,1D,0.003,0.008,0.025,148.0,2122.533,1334.144,143,128,15,89.51,67.045,1.216,72.771,551,644.3,335.34,2122.53,229.43,,
ETH-USDT-SWAP,1H,1D,0.003,0.008,0.03,148.0,1942.455,1212.469,143,129,14,90.21,76.901,1.17,66.135,551,520.29,251.55,1942.45,273.34,,
ETH-USDT-SWAP,1H,1D,0.003,0.01,0.005,148.0,52.139,-64.771,143,63,80,44.056,79.821,0.82,-3.533,551,169.24,14.35,52.14,-69.19,,
ETH-USDT-SWAP,1H,1D,0.003,0.01,0.008,148.0,117.087,-20.887,143,82,61,57.343,84.488,0.967,-1.139,551,350.51,136.83,117.09,-66.6,,
ETH-USDT-SWAP,1H,1D,0.003,0.01,0.01,148.0,233.269,57.614,143,92,51,64.336,76.464,1.047,3.143,551,471.61,218.66,233.27,-50.54,,
ETH-USDT-SWAP,1H,1D,0.003,0.01,0.015,148.0,337.326,127.923,143,104,39,72.727,70.301,1.058,6.978,551,637.54,330.77,337.33,-47.09,,
ETH-USDT-SWAP,1H,1D,0.003,0.01,0.02,148.0,1631.126,1002.112,143,116,27,81.119,53.965,1.219,54.661,551,1087.74,634.96,1631.13,49.96,,
ETH-USDT-SWAP,1H,1D,0.003,0.01,0.025,148.0,2998.898,1926.282,143,121,22,84.615,68.263,1.195,105.07,551,1103.77,645.79,2998.9,171.7,,
ETH-USDT-SWAP,1H,1D,0.003,0.01,0.03,148.0,1318.129,790.628,143,121,22,84.615,80.661,1.106,43.125,551,891.34,502.25,1318.13,47.88,,
ETH-USDT-SWAP,1H,1D,0.003,0.012,0.005,148.0,27.172,-81.641,143,53,90,37.063,86.34,0.756,-4.453,551,127.83,-13.63,27.17,-78.74,,
ETH-USDT-SWAP,1H,1D,0.003,0.012,0.008,148.0,52.571,-64.479,143,71,72,49.65,89.502,0.879,-3.517,551,206.25,39.36,52.57,-74.51,,
ETH-USDT-SWAP,1H,1D,0.003,0.012,0.01,148.0,123.078,-16.839,143,82,61,57.343,85.168,0.986,-0.919,551,327.67,121.4,123.08,-62.44,,
ETH-USDT-SWAP,1H,1D,0.003,0.012,0.015,148.0,356.07,140.588,143,97,46,67.832,79.349,1.051,7.668,551,516.04,248.67,356.07,-31.0,,
ETH-USDT-SWAP,1H,1D,0.003,0.012,0.02,148.0,1717.288,1060.33,143,109,34,76.224,55.968,1.23,57.836,551,652.74,341.04,1717.29,163.09,,
ETH-USDT-SWAP,1H,1D,0.003,0.012,0.025,148.0,2832.827,1814.072,143,114,29,79.72,68.199,1.193,98.949,551,579.4,291.48,2832.83,388.93,,
ETH-USDT-SWAP,1H,1D,0.003,0.012,0.03,148.0,1004.568,578.762,143,114,29,79.72,82.608,1.095,31.569,551,405.36,173.89,1004.57,147.82,,
ETH-USDT-SWAP,1H,1D,0.003,0.015,0.005,148.0,29.39,-80.142,143,48,95,33.566,86.028,0.7,-4.371,551,84.36,-43.0,29.39,-65.16,,
ETH-USDT-SWAP,1H,1D,0.003,0.015,0.008,148.0,23.806,-83.915,143,61,82,42.657,94.173,0.744,-4.577,551,88.07,-40.49,23.81,-72.97,,
ETH-USDT-SWAP,1H,1D,0.003,0.015,0.01,148.0,36.12,-75.595,143,71,72,49.65,90.637,0.851,-4.123,551,120.53,-18.56,36.12,-70.03,,
ETH-USDT-SWAP,1H,1D,0.003,0.015,0.015,148.0,56.648,-61.724,143,84,59,58.741,86.146,0.928,-3.367,551,166.42,12.44,56.65,-65.96,,
ETH-USDT-SWAP,1H,1D,0.003,0.015,0.02,148.0,417.336,181.984,143,97,46,67.832,73.289,1.087,9.926,551,406.25,174.49,417.34,2.73,,
ETH-USDT-SWAP,1H,1D,0.003,0.015,0.025,148.0,420.529,184.141,143,101,42,70.629,79.483,1.062,10.044,551,417.26,181.93,420.53,0.78,,
ETH-USDT-SWAP,1H,1D,0.003,0.015,0.03,148.0,112.549,-23.954,143,101,42,70.629,89.24,0.988,-1.307,551,340.88,130.32,112.55,-66.98,,
ETH-USDT-SWAP,1H,1D,0.003,0.02,0.005,148.0,5.188,-96.495,143,35,108,24.476,97.199,0.467,-5.263,551,38.52,-73.97,5.19,-86.53,,
ETH-USDT-SWAP,1H,1D,0.003,0.02,0.008,148.0,4.741,-96.796,143,48,95,33.566,98.379,0.498,-5.28,551,28.76,-80.57,4.74,-83.52,,
ETH-USDT-SWAP,1H,1D,0.003,0.02,0.01,148.0,5.741,-96.121,143,57,86,39.86,97.961,0.584,-5.243,551,30.45,-79.43,5.74,-81.14,,
ETH-USDT-SWAP,1H,1D,0.003,0.02,0.015,148.0,3.41,-97.696,143,67,76,46.853,98.906,0.622,-5.329,551,21.23,-85.65,3.41,-83.94,,
ETH-USDT-SWAP,1H,1D,0.003,0.02,0.02,148.0,30.305,-79.524,143,81,62,56.643,95.48,0.871,-4.338,551,60.25,-59.29,30.3,-49.7,,
ETH-USDT-SWAP,1H,1D,0.003,0.02,0.025,148.0,70.066,-52.658,143,87,56,60.839,88.831,0.947,-2.872,551,96.21,-34.99,70.07,-27.18,,
ETH-USDT-SWAP,1H,1D,0.003,0.02,0.03,148.0,12.221,-91.742,143,87,56,60.839,98.332,0.867,-5.004,551,63.43,-57.14,12.22,-80.73,,
ETH-USDT-SWAP,1H,1D,0.003,0.03,0.005,148.0,1.276,-99.138,143,26,117,18.182,99.357,0.331,-5.408,551,19.6,-86.76,1.28,-93.49,,
ETH-USDT-SWAP,1H,1D,0.003,0.03,0.008,148.0,0.997,-99.327,143,38,105,26.573,99.694,0.464,-5.418,551,14.1,-90.47,1.0,-92.93,,
ETH-USDT-SWAP,1H,1D,0.003,0.03,0.01,148.0,1.084,-99.268,143,47,96,32.867,99.66,0.494,-5.415,551,11.28,-92.38,1.08,-90.39,,
ETH-USDT-SWAP,1H,1D,0.003,0.03,0.015,148.0,0.447,-99.698,143,57,86,39.86,99.883,0.528,-5.438,551,6.17,-95.83,0.45,-92.76,,
ETH-USDT-SWAP,1H,1D,0.003,0.03,0.02,148.0,0.753,-99.491,143,67,76,46.853,99.862,0.621,-5.427,551,7.41,-94.99,0.75,-89.85,,
ETH-USDT-SWAP,1H,1D,0.003,0.03,0.025,148.0,2.014,-98.639,143,74,69,51.748,99.63,0.661,-5.38,551,9.84,-93.35,2.01,-79.53,,
ETH-USDT-SWAP,1H,1D,0.003,0.03,0.03,148.0,0.212,-99.857,143,74,69,51.748,99.961,0.611,-5.447,551,4.87,-96.71,0.21,-95.65,,
ETH-USDT-SWAP,1H,1D,0.004,0.004,0.005,148.0,2.32,-98.432,140,65,75,46.429,98.671,0.28,-5.369,551,61.16,-58.68,2.32,-96.21,,
ETH-USDT-SWAP,1H,1D,0.004,0.004,0.008,148.0,3.114,-97.896,140,87,53,62.143,98.437,0.363,-5.34,551,69.51,-53.04,3.11,-95.52,,
ETH-USDT-SWAP,1H,1D,0.004,0.004,0.01,148.0,10.045,-93.213,140,103,37,73.571,94.957,0.461,-5.084,551,80.82,-45.39,10.04,-87.57,,
ETH-USDT-SWAP,1H,1D,0.004,0.004,0.015,148.0,20.667,-86.036,140,117,23,83.571,89.624,0.578,-4.693,551,102.69,-30.61,20.67,-79.87,,
ETH-USDT-SWAP,1H,1D,0.004,0.004,0.02,148.0,123.801,-16.351,140,129,11,92.143,62.454,0.949,-0.892,551,270.5,82.77,123.8,-54.23,,
ETH-USDT-SWAP,1H,1D,0.004,0.004,0.025,148.0,227.69,53.845,140,133,7,95.0,55.219,1.124,2.937,551,253.16,71.05,227.69,-10.06,,
ETH-USDT-SWAP,1H,1D,0.004,0.004,0.03,148.0,207.844,40.435,140,134,6,95.714,66.284,1.087,2.206,551,235.82,59.34,207.84,-11.86,,
ETH-USDT-SWAP,1H,1D,0.004,0.006,0.005,148.0,7.264,-95.092,140,64,76,45.714,96.704,0.522,-5.187,551,99.37,-32.86,7.26,-92.69,,
ETH-USDT-SWAP,1H,1D,0.004,0.006,0.008,148.0,14.463,-90.228,140,86,54,61.429,94.574,0.662,-4.922,551,126.9,-14.26,14.46,-88.6,,
ETH-USDT-SWAP,1H,1D,0.004,0.006,0.01,148.0,52.478,-64.542,140,101,39,72.143,80.311,0.83,-3.52,551,156.39,5.67,52.48,-66.45,,
ETH-USDT-SWAP,1H,1D,0.004,0.006,0.015,148.0,92.789,-37.305,140,113,27,80.714,74.174,0.929,-2.035,551,198.9,34.39,92.79,-53.35,,
ETH-USDT-SWAP,1H,1D,0.004,0.006,0.02,148.0,431.031,191.237,140,124,16,88.571,50.387,1.189,10.431,551,428.84,189.76,431.03,0.51,,
ETH-USDT-SWAP,1H,1D,0.004,0.006,0.025,148.0,691.769,367.412,140,128,12,91.429,64.07,1.22,20.041,551,375.52,153.73,691.77,84.21,,
ETH-USDT-SWAP,1H,1D,0.004,0.006,0.03,148.0,691.425,367.179,140,129,11,92.143,74.809,1.185,20.028,551,325.75,120.1,691.42,112.26,,
ETH-USDT-SWAP,1H,1D,0.004,0.008,0.005,148.0,24.308,-83.576,140,64,76,45.714,91.198,0.729,-4.559,551,159.08,7.49,24.31,-84.72,,
ETH-USDT-SWAP,1H,1D,0.004,0.008,0.008,148.0,58.775,-60.287,140,85,55,60.714,85.507,0.884,-3.288,551,227.74,53.88,58.78,-74.19,,
ETH-USDT-SWAP,1H,1D,0.004,0.008,0.01,148.0,157.138,6.175,140,97,43,69.286,77.009,1.008,0.337,551,245.88,66.13,157.14,-36.09,,
ETH-USDT-SWAP,1H,1D,0.004,0.008,0.015,148.0,299.07,102.074,140,109,31,77.857,70.622,1.084,5.568,551,311.08,110.19,299.07,-3.86,,
ETH-USDT-SWAP,1H,1D,0.004,0.008,0.02,148.0,758.258,412.336,140,118,22,84.286,74.031,1.148,22.491,551,679.97,359.44,758.26,11.51,,
ETH-USDT-SWAP,1H,1D,0.004,0.008,0.025,148.0,1253.837,747.187,140,122,18,87.143,80.921,1.129,40.756,551,744.06,402.74,1253.84,68.51,,
ETH-USDT-SWAP,1H,1D,0.004,0.008,0.03,148.0,1596.263,978.556,140,123,17,87.857,83.283,1.141,53.376,551,645.43,336.1,1596.26,147.32,,
ETH-USDT-SWAP,1H,1D,0.004,0.01,0.005,148.0,50.021,-66.202,140,61,79,43.571,85.389,0.852,-3.611,551,216.7,46.42,50.02,-76.92,,
ETH-USDT-SWAP,1H,1D,0.004,0.01,0.008,148.0,90.489,-38.859,140,79,61,56.429,82.867,0.946,-2.12,551,278.13,87.93,90.49,-67.47,,
ETH-USDT-SWAP,1H,1D,0.004,0.01,0.01,148.0,179.033,20.968,140,89,51,63.571,78.548,1.02,1.144,551,297.15,100.78,179.03,-39.75,,
ETH-USDT-SWAP,1H,1D,0.004,0.01,0.015,148.0,254.91,72.237,140,100,40,71.429,78.251,1.037,3.94,551,417.43,182.05,254.91,-38.93,,
ETH-USDT-SWAP,1H,1D,0.004,0.01,0.02,148.0,491.026,231.774,140,109,31,77.857,80.442,1.085,12.642,551,479.04,223.67,491.03,2.5,,
ETH-USDT-SWAP,1H,1D,0.004,0.01,0.025,148.0,1200.239,710.973,140,115,25,82.143,80.783,1.113,38.78,551,633.28,327.89,1200.24,89.53,,
ETH-USDT-SWAP,1H,1D,0.004,0.01,0.03,148.0,1089.568,636.195,140,116,24,82.857,85.398,1.103,34.702,551,476.08,221.67,1089.57,128.86,,
ETH-USDT-SWAP,1H,1D,0.004,0.012,0.005,148.0,51.483,-65.214,140,55,85,39.286,85.78,0.859,-3.557,551,195.94,32.39,51.48,-73.72,,
ETH-USDT-SWAP,1H,1D,0.004,0.012,0.008,148.0,80.689,-45.481,140,72,68,51.429,86.437,0.941,-2.481,551,237.23,60.29,80.69,-65.99,,
ETH-USDT-SWAP,1H,1D,0.004,0.012,0.01,148.0,162.922,10.082,140,82,58,58.571,82.839,1.009,0.55,551,245.74,66.04,162.92,-33.7,,
ETH-USDT-SWAP,1H,1D,0.004,0.012,0.015,148.0,297.047,100.708,140,94,46,67.143,87.576,1.031,5.493,551,574.32,288.06,297.05,-48.28,,
ETH-USDT-SWAP,1H,1D,0.004,0.012,0.02,148.0,423.919,186.432,140,102,38,72.857,87.344,1.054,10.169,551,553.99,274.32,423.92,-23.48,,
ETH-USDT-SWAP,1H,1D,0.004,0.012,0.025,148.0,1187.566,702.41,140,108,32,77.143,88.627,1.075,38.313,551,663.92,348.59,1187.57,78.87,,
ETH-USDT-SWAP,1H,1D,0.004,0.012,0.03,148.0,545.723,268.731,140,108,32,77.143,92.582,1.041,14.658,551,499.11,237.24,545.72,9.34,,
ETH-USDT-SWAP,1H,1D,0.004,0.015,0.005,148.0,20.344,-86.254,140,44,96,31.429,93.993,0.713,-4.705,551,93.01,-37.16,20.34,-78.13,,
ETH-USDT-SWAP,1H,1D,0.004,0.015,0.008,148.0,14.226,-90.388,140,58,82,41.429,96.395,0.759,-4.93,551,92.06,-37.8,14.23,-84.55,,
ETH-USDT-SWAP,1H,1D,0.004,0.015,0.01,148.0,34.156,-76.922,140,69,71,49.286,91.146,0.873,-4.196,551,112.95,-23.68,34.16,-69.76,,
ETH-USDT-SWAP,1H,1D,0.004,0.015,0.015,148.0,48.492,-67.235,140,80,60,57.143,93.782,0.948,-3.667,551,254.85,72.19,48.49,-80.97,,
ETH-USDT-SWAP,1H,1D,0.004,0.015,0.02,148.0,136.226,-7.956,140,91,49,65.0,91.376,0.996,-0.434,551,342.54,131.45,136.23,-60.23,,
ETH-USDT-SWAP,1H,1D,0.004,0.015,0.025,148.0,193.596,30.808,140,96,44,68.571,93.426,1.01,1.68,551,359.28,142.76,193.6,-46.12,,
ETH-USDT-SWAP,1H,1D,0.004,0.015,0.03,148.0,68.208,-53.914,140,96,44,68.571,96.26,0.975,-2.941,551,297.03,100.7,68.21,-77.04,,
ETH-USDT-SWAP,1H,1D,0.004,0.02,0.005,148.0,5.432,-96.329,140,33,107,23.571,98.498,0.484,-5.254,551,34.04,-77.0,5.43,-84.04,,
ETH-USDT-SWAP,1H,1D,0.004,0.02,0.008,148.0,3.901,-97.364,140,47,93,33.571,98.898,0.495,-5.311,551,22.79,-84.6,3.9,-82.88,,
ETH-USDT-SWAP,1H,1D,0.004,0.02,0.01,148.0,4.391,-97.033,140,55,85,39.286,98.731,0.543,-5.293,551,21.07,-85.76,4.39,-79.16,,
ETH-USDT-SWAP,1H,1D,0.004,0.02,0.015,148.0,3.621,-97.554,140,64,76,45.714,99.055,0.704,-5.321,551,34.12,-76.95,3.62,-89.39,,
ETH-USDT-SWAP,1H,1D,0.004,0.02,0.02,148.0,7.325,-95.051,140,75,65,53.571,98.994,0.813,-5.185,551,49.32,-66.68,7.32,-85.15,,
ETH-USDT-SWAP,1H,1D,0.004,0.02,0.025,148.0,14.563,-90.16,140,81,59,57.857,97.863,0.884,-4.918,551,81.24,-45.11,14.56,-82.07,,
ETH-USDT-SWAP,1H,1D,0.004,0.02,0.03,148.0,2.887,-98.049,140,81,59,57.857,99.641,0.833,-5.348,551,54.2,-63.38,2.89,-94.67,,
ETH-USDT-SWAP,1H,1D,0.004,0.03,0.005,148.0,1.857,-98.745,140,25,115,17.857,99.516,0.475,-5.386,551,26.91,-81.82,1.86,-93.1,,
ETH-USDT-SWAP,1H,1D,0.004,0.03,0.008,148.0,1.432,-99.033,140,39,101,27.857,99.619,0.497,-5.402,551,16.68,-88.73,1.43,-91.42,,
ETH-USDT-SWAP,1H,1D,0.004,0.03,0.01,148.0,1.079,-99.271,140,46,94,32.857,99.706,0.507,-5.415,551,11.92,-91.94,1.08,-90.95,,
ETH-USDT-SWAP,1H,1D,0.004,0.03,0.015,148.0,0.383,-99.741,140,53,87,37.857,99.913,0.569,-5.44,551,10.64,-92.81,0.38,-96.4,,
ETH-USDT-SWAP,1H,1D,0.004,0.03,0.02,148.0,0.267,-99.82,140,62,78,44.286,99.958,0.628,-5.445,551,8.87,-94.01,0.27,-96.99,,
ETH-USDT-SWAP,1H,1D,0.004,0.03,0.025,148.0,0.759,-99.487,140,69,71,49.286,99.882,0.672,-5.427,551,12.14,-91.8,0.76,-93.75,,
ETH-USDT-SWAP,1H,1D,0.004,0.03,0.03,148.0,0.131,-99.911,140,69,71,49.286,99.98,0.633,-5.45,551,8.18,-94.48,0.13,-98.4,,
ETH-USDT-SWAP,1H,1D,0.005,0.004,0.005,148.0,2.528,-98.292,135,62,73,45.926,98.599,0.306,-5.361,551,67.07,-54.68,2.53,-96.23,,
ETH-USDT-SWAP,1H,1D,0.005,0.004,0.008,148.0,4.653,-96.856,135,86,49,63.704,97.421,0.45,-5.283,551,101.18,-31.64,4.65,-95.4,,
ETH-USDT-SWAP,1H,1D,0.005,0.004,0.01,148.0,9.098,-93.853,135,98,37,72.593,94.957,0.482,-5.119,551,93.67,-36.71,9.1,-90.29,,
ETH-USDT-SWAP,1H,1D,0.005,0.004,0.015,148.0,42.694,-71.153,135,116,19,85.926,82.065,0.702,-3.881,551,155.09,4.79,42.69,-72.47,,
ETH-USDT-SWAP,1H,1D,0.005,0.004,0.02,148.0,65.571,-55.695,135,122,13,90.37,79.716,0.81,-3.038,551,270.5,82.77,65.57,-75.76,,
ETH-USDT-SWAP,1H,1D,0.005,0.004,0.025,148.0,147.593,-0.275,135,127,8,94.074,63.028,0.999,-0.015,551,253.16,71.05,147.59,-41.7,,
ETH-USDT-SWAP,1H,1D,0.005,0.004,0.03,148.0,125.501,-15.202,135,128,7,94.815,67.593,0.961,-0.829,551,235.82,59.34,125.5,-46.78,,
ETH-USDT-SWAP,1H,1D,0.005,0.006,0.005,148.0,8.425,-94.307,135,62,73,45.926,96.324,0.553,-5.144,551,111.13,-24.91,8.43,-92.42,,
ETH-USDT-SWAP,1H,1D,0.005,0.006,0.008,148.0,24.718,-83.299,135,86,49,63.704,89.751,0.768,-4.544,551,195.8,32.3,24.72,-87.38,,
ETH-USDT-SWAP,1H,1D,0.005,0.006,0.01,148.0,61.008,-58.778,135,98,37,72.593,73.724,0.855,-3.206,551,184.83,24.89,61.01,-66.99,,
ETH-USDT-SWAP,1H,1D,0.005,0.006,0.015,148.0,302.125,104.139,135,114,21,84.444,45.027,1.147,5.68,551,315.51,113.18,302.13,-4.24,,
ETH-USDT-SWAP,1H,1D,0.005,0.006,0.02,148.0,489.833,230.968,135,120,15,88.889,55.553,1.238,12.598,551,583.3,294.12,489.83,-16.02,,
ETH-USDT-SWAP,1H,1D,0.005,0.006,0.025,148.0,1136.793,668.103,135,125,10,92.593,49.067,1.402,36.442,551,545.91,268.86,1136.79,108.24,,
ETH-USDT-SWAP,1H,1D,0.005,0.006,0.03,148.0,1234.102,733.853,135,126,9,93.333,53.76,1.369,40.028,551,508.52,243.59,1234.1,142.69,,
ETH-USDT-SWAP,1H,1D,0.005,0.008,0.005,148.0,18.253,-87.667,135,59,76,43.704,93.964,0.72,-4.782,551,159.47,7.75,18.25,-88.55,,
ETH-USDT-SWAP,1H,1D,0.005,0.008,0.008,148.0,54.725,-63.023,135,81,54,60.0,85.64,0.891,-3.438,551,226.75,53.21,54.73,-75.87,,
ETH-USDT-SWAP,1H,1D,0.005,0.008,0.01,148.0,125.122,-15.458,135,92,43,68.148,70.727,0.979,-0.843,551,203.89,37.76,125.12,-38.63,,
ETH-USDT-SWAP,1H,1D,0.005,0.008,0.015,148.0,506.323,242.11,135,107,28,79.259,64.357,1.169,13.206,551,313.8,112.03,506.32,61.35,,
ETH-USDT-SWAP,1H,1D,0.005,0.008,0.02,148.0,459.975,210.794,135,112,23,82.963,64.797,1.125,11.498,551,505.02,241.23,459.98,-8.92,,
ETH-USDT-SWAP,1H,1D,0.005,0.008,0.025,148.0,1058.695,615.334,135,117,18,86.667,67.874,1.184,33.564,551,522.38,252.96,1058.69,102.67,,
ETH-USDT-SWAP,1H,1D,0.005,0.008,0.03,148.0,816.687,451.815,135,118,17,87.407,79.025,1.132,24.644,551,420.1,183.85,816.69,94.4,,
ETH-USDT-SWAP,1H,1D,0.005,0.01,0.005,148.0,46.425,-68.632,135,58,77,42.963,89.27,0.862,-3.744,551,251.65,70.03,46.42,-81.55,,
ETH-USDT-SWAP,1H,1D,0.005,0.01,0.008,148.0,129.704,-12.362,135,78,57,57.778,86.202,0.989,-0.674,551,398.06,168.96,129.7,-67.42,,
ETH-USDT-SWAP,1H,1D,0.005,0.01,0.01,148.0,276.45,86.791,135,88,47,65.185,74.004,1.058,4.734,551,364.68,146.41,276.45,-24.19,,
ETH-USDT-SWAP,1H,1D,0.005,0.01,0.015,148.0,1516.405,924.598,135,104,31,77.037,60.995,1.272,50.433,551,463.17,212.95,1516.41,227.4,,
ETH-USDT-SWAP,1H,1D,0.005,0.01,0.02,148.0,1245.003,741.218,135,109,26,80.741,69.03,1.184,40.43,551,740.04,400.03,1245.0,68.24,,
ETH-USDT-SWAP,1H,1D,0.005,0.01,0.025,148.0,2575.89,1640.466,135,114,21,84.444,72.036,1.19,89.48,551,716.02,383.8,2575.89,259.75,,
ETH-USDT-SWAP,1H,1D,0.005,0.01,0.03,148.0,2778.604,1777.435,135,115,20,85.185,75.903,1.196,96.951,551,536.06,262.2,2778.6,418.34,,
ETH-USDT-SWAP,1H,1D,0.005,0.012,0.005,148.0,39.46,-73.338,135,51,84,37.778,91.639,0.862,-4.0,551,276.11,86.56,39.46,-85.71,,
ETH-USDT-SWAP,1H,1D,0.005,0.012,0.008,148.0,83.784,-43.389,135,69,66,51.111,87.964,0.959,-2.367,551,372.32,151.57,83.78,-77.5,,
ETH-USDT-SWAP,1H,1D,0.005,0.012,0.01,148.0,108.792,-26.492,135,76,59,56.296,85.697,0.979,-1.445,551,365.19,146.75,108.79,-70.21,,
ETH-USDT-SWAP,1H,1D,0.005,0.012,0.015,148.0,619.291,318.44,135,93,42,68.889,80.728,1.074,17.369,551,766.76,418.08,619.29,-19.23,,
ETH-USDT-SWAP,1H,1D,0.005,0.012,0.02,148.0,473.381,219.852,135,99,36,73.333,82.535,1.067,11.992,551,646.96,337.13,473.38,-26.83,,
ETH-USDT-SWAP,1H,1D,0.005,0.012,0.025,148.0,606.69,309.926,135,103,32,76.296,90.755,1.05,16.905,551,746.4,404.33,606.69,-18.72,,
ETH-USDT-SWAP,1H,1D,0.005,0.012,0.03,148.0,358.223,142.043,135,103,32,76.296,91.091,1.035,7.748,551,518.07,250.05,358.22,-30.85,,
ETH-USDT-SWAP,1H,1D,0.005,0.015,0.005,148.0,23.363,-84.214,135,42,93,31.111,94.92,0.826,-4.593,551,217.96,47.27,23.36,-89.28,,
ETH-USDT-SWAP,1H,1D,0.005,0.015,0.008,148.0,47.477,-67.921,135,60,75,44.444,91.468,0.931,-3.705,551,312.19,110.94,47.48,-84.79,,
ETH-USDT-SWAP,1H,1D,0.005,0.015,0.01,148.0,50.545,-65.848,135,66,69,48.889,90.809,0.942,-3.592,551,293.96,98.62,50.54,-82.81,,
ETH-USDT-SWAP,1H,1D,0.005,0.015,0.015,148.0,448.849,203.276,135,84,51,62.222,89.714,1.037,11.088,551,996.29,573.17,448.85,-54.95,,
ETH-USDT-SWAP,1H,1D,0.005,0.015,0.02,148.0,558.021,277.041,135,92,43,68.148,83.961,1.07,15.111,551,688.74,365.36,558.02,-18.98,,
ETH-USDT-SWAP,1H,1D,0.005,0.015,0.025,148.0,419.737,183.606,135,95,40,70.37,90.905,1.036,10.015,551,794.61,436.9,419.74,-47.18,,
ETH-USDT-SWAP,1H,1D,0.005,0.015,0.03,148.0,186.372,25.927,135,95,40,70.37,91.754,1.008,1.414,551,551.53,272.65,186.37,-66.21,,
ETH-USDT-SWAP,1H,1D,0.005,0.02,0.005,148.0,9.928,-93.292,135,33,102,24.444,97.285,0.711,-5.089,551,105.51,-28.71,9.93,-90.59,,
ETH-USDT-SWAP,1H,1D,0.005,0.02,0.008,148.0,11.254,-92.396,135,48,87,35.556,96.819,0.783,-5.04,551,91.05,-38.48,11.25,-87.64,,
ETH-USDT-SWAP,1H,1D,0.005,0.02,0.01,148.0,6.635,-95.517,135,52,83,38.519,98.082,0.744,-5.21,551,62.86,-57.53,6.64,-89.44,,
ETH-USDT-SWAP,1H,1D,0.005,0.02,0.015,148.0,28.225,-80.929,135,67,68,49.63,94.761,0.919,-4.414,551,185.07,25.05,28.22,-84.75,,
ETH-USDT-SWAP,1H,1D,0.005,0.02,0.02,148.0,32.6,-77.973,135,75,60,55.556,96.354,0.929,-4.253,551,171.17,15.66,32.6,-80.96,,
ETH-USDT-SWAP,1H,1D,0.005,0.02,0.025,148.0,23.151,-84.357,135,79,56,58.519,97.53,0.944,-4.601,551,244.03,64.88,23.15,-90.51,,
ETH-USDT-SWAP,1H,1D,0.005,0.02,0.03,148.0,6.883,-95.349,135,79,56,58.519,99.312,0.914,-5.201,551,175.46,18.55,6.88,-96.08,,
ETH-USDT-SWAP,1H,1D,0.005,0.03,0.005,148.0,1.142,-99.228,135,21,114,15.556,99.602,0.495,-5.412,551,40.35,-72.73,1.14,-97.17,,
ETH-USDT-SWAP,1H,1D,0.005,0.03,0.008,148.0,1.087,-99.266,135,35,100,25.926,99.627,0.546,-5.415,551,25.89,-82.51,1.09,-95.8,,
ETH-USDT-SWAP,1H,1D,0.005,0.03,0.01,148.0,0.642,-99.566,135,40,95,29.63,99.78,0.536,-5.431,551,19.95,-86.52,0.64,-96.78,,
ETH-USDT-SWAP,1H,1D,0.005,0.03,0.015,148.0,0.735,-99.503,135,50,85,37.037,99.828,0.617,-5.427,551,20.75,-85.98,0.74,-96.46,,
ETH-USDT-SWAP,1H,1D,0.005,0.03,0.02,148.0,0.759,-99.487,135,59,76,43.704,99.88,0.666,-5.427,551,14.16,-90.44,0.76,-94.64,,
ETH-USDT-SWAP,1H,1D,0.005,0.03,0.025,148.0,0.55,-99.628,135,63,72,46.667,99.913,0.675,-5.434,551,15.69,-89.4,0.55,-96.49,,
ETH-USDT-SWAP,1H,1D,0.005,0.03,0.03,148.0,0.134,-99.909,135,63,72,46.667,99.979,0.645,-5.45,551,10.72,-92.76,0.13,-98.75,,
ETH-USDT-SWAP,1H,1D,0.007,0.004,0.005,148.0,2.942,-98.012,124,55,69,44.355,98.27,0.272,-5.346,551,56.5,-61.82,2.94,-94.79,,
ETH-USDT-SWAP,1H,1D,0.007,0.004,0.008,148.0,6.156,-95.84,124,79,45,63.71,96.379,0.366,-5.228,551,64.21,-56.61,6.16,-90.41,,
ETH-USDT-SWAP,1H,1D,0.007,0.004,0.01,148.0,8.403,-94.323,124,88,36,70.968,95.571,0.463,-5.145,551,100.01,-32.42,8.4,-91.6,,
ETH-USDT-SWAP,1H,1D,0.007,0.004,0.015,148.0,51.18,-65.419,124,107,17,86.29,79.68,0.72,-3.568,551,174.92,18.19,51.18,-70.74,,
ETH-USDT-SWAP,1H,1D,0.007,0.004,0.02,148.0,116.1,-21.554,124,114,10,91.935,59.642,0.927,-1.176,551,189.8,28.25,116.1,-38.83,,
ETH-USDT-SWAP,1H,1D,0.007,0.004,0.025,148.0,116.83,-21.061,124,116,8,93.548,58.751,0.929,-1.149,551,166.21,12.3,116.83,-29.71,,
ETH-USDT-SWAP,1H,1D,0.007,0.004,0.03,148.0,207.398,40.134,124,118,6,95.161,55.223,1.122,2.189,551,200.72,35.62,207.4,3.33,,
ETH-USDT-SWAP,1H,1D,0.007,0.006,0.005,148.0,7.629,-94.845,124,54,70,43.548,96.083,0.503,-5.173,551,84.95,-42.6,7.63,-91.02,,
ETH-USDT-SWAP,1H,1D,0.007,0.006,0.008,148.0,21.236,-85.651,124,77,47,62.097,89.096,0.651,-4.672,551,93.56,-36.79,21.24,-77.3,,
ETH-USDT-SWAP,1H,1D,0.007,0.006,0.01,148.0,37.617,-74.583,124,86,38,69.355,86.251,0.765,-4.068,551,151.35,2.27,37.62,-75.15,,
ETH-USDT-SWAP,1H,1D,0.007,0.006,0.015,148.0,248.475,67.888,124,104,20,83.871,57.447,1.127,3.703,551,275.08,85.87,248.47,-9.67,,
ETH-USDT-SWAP,1H,1D,0.007,0.006,0.02,148.0,436.502,194.934,124,110,14,88.71,46.825,1.234,10.633,551,285.94,93.2,436.5,52.66,,
ETH-USDT-SWAP,1H,1D,0.007,0.006,0.025,148.0,399.763,170.11,124,112,12,90.323,56.901,1.206,9.279,551,234.27,58.29,399.76,70.64,,
ETH-USDT-SWAP,1H,1D,0.007,0.006,0.03,148.0,639.773,332.279,124,114,10,91.935,51.367,1.356,18.124,551,263.47,78.02,639.77,142.83,,
ETH-USDT-SWAP,1H,1D,0.007,0.008,0.005,148.0,18.609,-87.426,124,53,71,42.742,91.136,0.693,-4.769,551,126.37,-14.62,18.61,-85.27,,
ETH-USDT-SWAP,1H,1D,0.007,0.008,0.008,148.0,65.925,-55.456,124,75,49,60.484,71.03,0.882,-3.025,551,153.08,3.43,65.93,-56.93,,
ETH-USDT-SWAP,1H,1D,0.007,0.008,0.01,148.0,109.635,-25.923,124,83,41,66.935,66.277,0.959,-1.414,551,221.12,49.41,109.63,-50.42,,
ETH-USDT-SWAP,1H,1D,0.007,0.008,0.015,148.0,799.187,439.991,124,100,24,80.645,50.45,1.287,24.0,551,499.06,237.2,799.19,60.14,,
ETH-USDT-SWAP,1H,1D,0.007,0.008,0.02,148.0,1775.971,1099.98,124,107,17,86.29,43.697,1.405,59.999,551,528.72,257.24,1775.97,235.9,,
ETH-USDT-SWAP,1H,1D,0.007,0.008,0.025,148.0,1892.834,1178.942,124,109,15,87.903,55.729,1.374,64.306,551,433.19,192.7,1892.83,336.95,,
ETH-USDT-SWAP,1H,1D,0.007,0.008,0.03,148.0,2930.461,1880.041,124,111,13,89.516,60.267,1.492,102.548,551,487.17,229.17,2930.46,501.52,,
ETH-USDT-SWAP,1H,1D,0.007,0.01,0.005,148.0,31.43,-78.764,124,50,74,40.323,86.823,0.781,-4.296,551,137.48,-7.11,31.43,-77.14,,
ETH-USDT-SWAP,1H,1D,0.007,0.01,0.008,148.0,86.714,-41.409,124,69,55,55.645,71.319,0.931,-2.259,551,142.2,-3.92,86.71,-39.02,,
ETH-USDT-SWAP,1H,1D,0.007,0.01,0.01,148.0,146.283,-1.16,124,77,47,62.097,72.398,0.999,-0.063,551,203.04,37.19,146.28,-27.96,,
ETH-USDT-SWAP,1H,1D,0.007,0.01,0.015,148.0,878.061,493.284,124,93,31,75.0,57.545,1.208,26.906,551,544.44,267.87,878.06,61.28,,
ETH-USDT-SWAP,1H,1D,0.007,0.01,0.02,148.0,1959.458,1223.958,124,100,24,80.645,59.141,1.27,66.761,551,480.65,224.76,1959.46,307.67,,
ETH-USDT-SWAP,1H,1D,0.007,0.01,0.025,148.0,1554.588,950.398,124,102,22,82.258,74.323,1.206,51.84,551,344.75,132.94,1554.59,350.93,,
ETH-USDT-SWAP,1H,1D,0.007,0.01,0.03,148.0,1741.875,1076.943,124,104,20,83.871,78.742,1.214,58.742,551,334.73,126.17,1741.88,420.38,,
ETH-USDT-SWAP,1H,1D,0.007,0.012,0.005,148.0,43.766,-70.429,124,47,77,37.903,81.063,0.839,-3.842,551,162.86,10.04,43.77,-73.13,,
ETH-USDT-SWAP,1H,1D,0.007,0.012,0.008,148.0,102.262,-30.904,124,64,60,51.613,67.624,0.96,-1.686,551,174.94,18.21,102.26,-41.55,,
ETH-USDT-SWAP,1H,1D,0.007,0.012,0.01,148.0,222.661,50.446,124,73,51,58.871,69.746,1.043,2.752,551,258.04,74.35,222.66,-13.71,,
ETH-USDT-SWAP,1H,1D,0.007,0.012,0.015,148.0,1062.062,617.61,124,88,36,70.968,59.763,1.217,33.688,551,412.56,178.75,1062.06,157.44,,
ETH-USDT-SWAP,1H,1D,0.007,0.012,0.02,148.0,2774.823,1774.881,124,96,28,77.419,64.736,1.253,96.812,551,426.37,188.09,2774.82,550.8,,
ETH-USDT-SWAP,1H,1D,0.007,0.012,0.025,148.0,2138.33,1344.818,124,98,26,79.032,79.002,1.175,73.354,551,327.17,121.06,2138.33,553.57,,
ETH-USDT-SWAP,1H,1D,0.007,0.012,0.03,148.0,3567.721,2310.622,124,100,24,80.645,78.333,1.266,126.034,551,295.72,99.81,3567.72,1106.44,,
ETH-USDT-SWAP,1H,1D,0.007,0.015,0.005,148.0,37.205,-74.861,124,41,83,33.065,87.33,0.808,-4.083,551,110.87,-25.09,37.21,-66.44,,
ETH-USDT-SWAP,1H,1D,0.007,0.015,0.008,148.0,55.909,-62.224,124,55,69,44.355,77.9,0.902,-3.394,551,130.48,-11.84,55.91,-57.15,,
ETH-USDT-SWAP,1H,1D,0.007,0.015,0.01,148.0,169.783,14.719,124,65,59,52.419,79.394,1.011,0.803,551,250.58,69.31,169.78,-32.24,,
ETH-USDT-SWAP,1H,1D,0.007,0.015,0.015,148.0,408.801,176.217,124,77,47,62.097,75.136,1.072,9.612,551,356.97,141.2,408.8,14.52,,
ETH-USDT-SWAP,1H,1D,0.007,0.015,0.02,148.0,1237.382,736.069,124,86,38,69.355,76.232,1.14,40.149,551,244.56,65.25,1237.38,405.96,,
ETH-USDT-SWAP,1H,1D,0.007,0.015,0.025,148.0,386.809,161.358,124,87,37,70.161,90.422,1.04,8.801,551,227.41,53.65,386.81,70.1,,
ETH-USDT-SWAP,1H,1D,0.007,0.015,0.03,148.0,607.86,310.716,124,89,35,71.774,88.627,1.08,16.948,551,191.35,29.29,607.86,217.67,,
ETH-USDT-SWAP,1H,1D,0.007,0.02,0.005,148.0,6.292,-95.748,124,28,96,22.581,97.881,0.626,-5.223,551,59.33,-59.91,6.29,-89.39,,
ETH-USDT-SWAP,1H,1D,0.007,0.02,0.008,148.0,4.824,-96.741,124,39,85,31.452,98.321,0.686,-5.277,551,59.45,-59.83,4.82,-91.89,,
ETH-USDT-SWAP,1H,1D,0.007,0.02,0.01,148.0,13.866,-90.631,124,49,75,39.516,96.709,0.851,-4.944,551,123.62,-16.47,13.87,-88.78,,
ETH-USDT-SWAP,1H,1D,0.007,0.02,0.015,148.0,14.527,-90.184,124,59,65,47.581,97.521,0.9,-4.919,551,185.22,25.15,14.53,-92.16,,
ETH-USDT-SWAP,1H,1D,0.007,0.02,0.02,148.0,70.79,-52.169,124,71,53,57.258,94.057,0.969,-2.846,551,208.73,41.03,70.79,-66.09,,
ETH-USDT-SWAP,1H,1D,0.007,0.02,0.025,148.0,11.282,-92.377,124,72,52,58.065,98.989,0.926,-5.039,551,181.55,22.67,11.28,-93.79,,
ETH-USDT-SWAP,1H,1D,0.007,0.02,0.03,148.0,10.394,-92.977,124,74,50,59.677,98.846,0.913,-5.071,551,142.21,-3.91,10.39,-92.69,,
ETH-USDT-SWAP,1H,1D,0.007,0.03,0.005,148.0,4.473,-96.978,124,24,100,19.355,98.086,0.46,-5.29,551,32.86,-77.8,4.47,-86.39,,
ETH-USDT-SWAP,1H,1D,0.007,0.03,0.008,148.0,1.83,-98.764,124,33,91,26.613,99.217,0.486,-5.387,551,25.13,-83.02,1.83,-92.72,,
ETH-USDT-SWAP,1H,1D,0.007,0.03,0.01,148.0,2.658,-98.204,124,40,84,32.258,99.207,0.561,-5.357,551,22.25,-84.97,2.66,-88.05,,
ETH-USDT-SWAP,1H,1D,0.007,0.03,0.015,148.0,3.419,-97.69,124,51,73,41.129,99.107,0.722,-5.329,551,40.22,-72.82,3.42,-91.5,,
ETH-USDT-SWAP,1H,1D,0.007,0.03,0.02,148.0,16.659,-88.744,124,63,61,50.806,96.571,0.828,-4.841,551,40.63,-72.55,16.66,-59.0,,
ETH-USDT-SWAP,1H,1D,0.007,0.03,0.025,148.0,1.903,-98.714,124,64,60,51.613,99.608,0.737,-5.384,551,28.94,-80.45,1.9,-93.42,,
ETH-USDT-SWAP,1H,1D,0.007,0.03,0.03,148.0,1.059,-99.285,124,65,59,52.419,99.811,0.669,-5.416,551,18.3,-87.64,1.06,-94.21,,
ETH-USDT-SWAP,1H,1D,0.01,0.004,0.005,148.0,8.453,-94.288,112,57,55,50.893,94.51,0.266,-5.143,551,55.02,-62.82,8.45,-84.64,,
ETH-USDT-SWAP,1H,1D,0.01,0.004,0.008,148.0,11.658,-92.123,112,74,38,66.071,92.985,0.37,-5.025,551,64.62,-56.34,11.66,-81.96,,
ETH-USDT-SWAP,1H,1D,0.01,0.004,0.01,148.0,39.209,-73.508,112,88,24,78.571,78.006,0.587,-4.01,551,103.24,-30.24,39.21,-62.02,,
ETH-USDT-SWAP,1H,1D,0.01,0.004,0.015,148.0,61.57,-58.399,112,97,15,86.607,75.84,0.748,-3.185,551,192.14,29.83,61.57,-67.96,,
ETH-USDT-SWAP,1H,1D,0.01,0.004,0.02,148.0,158.547,7.126,112,104,8,92.857,51.775,1.025,0.389,551,221.9,49.93,158.55,-28.55,,
ETH-USDT-SWAP,1H,1D,0.01,0.004,0.025,148.0,130.395,-11.895,112,105,7,93.75,59.44,0.96,-0.649,551,207.68,40.32,130.39,-37.21,,
ETH-USDT-SWAP,1H,1D,0.01,0.004,0.03,148.0,267.816,80.957,112,108,4,96.429,33.958,1.315,4.416,551,193.45,30.71,267.82,38.44,,
ETH-USDT-SWAP,1H,1D,0.01,0.006,0.005,148.0,25.57,-82.723,112,57,55,50.893,84.027,0.544,-4.512,551,75.07,-49.27,25.57,-65.94,,
ETH-USDT-SWAP,1H,1D,0.01,0.006,0.008,148.0,48.914,-66.95,112,74,38,66.071,74.441,0.726,-3.652,551,98.78,-33.26,48.91,-50.48,,
ETH-USDT-SWAP,1H,1D,0.01,0.006,0.01,148.0,215.909,45.884,112,88,24,78.571,37.723,1.113,2.503,551,173.89,17.5,215.91,24.16,,
ETH-USDT-SWAP,1H,1D,0.01,0.006,0.015,148.0,321.092,116.954,112,96,16,85.714,51.306,1.201,6.379,551,283.6,91.62,321.09,13.22,,
ETH-USDT-SWAP,1H,1D,0.01,0.006,0.02,148.0,664.893,349.252,112,102,10,91.071,39.16,1.44,19.05,551,234.41,58.39,664.89,183.64,,
ETH-USDT-SWAP,1H,1D,0.01,0.006,0.025,148.0,650.137,339.282,112,103,9,91.964,46.76,1.359,18.506,551,255.81,72.85,650.14,154.15,,
ETH-USDT-SWAP,1H,1D,0.01,0.006,0.03,148.0,1317.655,790.307,112,106,6,94.643,36.571,1.999,43.108,551,221.83,49.89,1317.65,493.98,,
ETH-USDT-SWAP,1H,1D,0.01,0.008,0.005,148.0,44.17,-70.156,112,53,59,47.321,73.439,0.728,-3.827,551,89.05,-39.83,44.17,-50.4,,
ETH-USDT-SWAP,1H,1D,0.01,0.008,0.008,148.0,84.159,-43.136,112,69,43,61.607,63.325,0.889,-2.353,551,123.78,-16.37,84.16,-32.01,,
ETH-USDT-SWAP,1H,1D,0.01,0.008,0.01,148.0,489.009,230.412,112,83,29,74.107,41.169,1.247,12.568,551,264.47,78.69,489.01,84.9,,
ETH-USDT-SWAP,1H,1D,0.01,0.008,0.015,148.0,1090.9,637.095,112,93,19,83.036,39.61,1.382,34.751,551,465.46,214.5,1090.9,134.37,,
ETH-USDT-SWAP,1H,1D,0.01,0.008,0.02,148.0,1743.21,1077.844,112,98,14,87.5,49.891,1.381,58.792,551,384.73,159.95,1743.21,353.1,,
ETH-USDT-SWAP,1H,1D,0.01,0.008,0.025,148.0,1520.903,927.637,112,99,13,88.393,58.934,1.274,50.598,551,419.85,183.68,1520.9,262.25,,
ETH-USDT-SWAP,1H,1D,0.01,0.008,0.03,148.0,2817.707,1803.856,112,102,10,91.071,48.503,1.517,98.392,551,364.09,146.0,2817.71,673.91,,
ETH-USDT-SWAP,1H,1D,0.01,0.01,0.005,148.0,94.655,-36.044,112,52,60,46.429,60.243,0.906,-1.966,551,109.27,-26.17,94.65,-13.37,,
ETH-USDT-SWAP,1H,1D,0.01,0.01,0.008,148.0,132.728,-10.319,112,65,47,58.036,60.732,0.979,-0.563,551,138.5,-6.42,132.73,-4.17,,
ETH-USDT-SWAP,1H,1D,0.01,0.01,0.01,148.0,705.921,376.974,112,78,34,69.643,40.361,1.301,20.562,551,301.66,103.82,705.92,134.02,,
ETH-USDT-SWAP,1H,1D,0.01,0.01,0.015,148.0,1838.654,1142.334,112,89,23,79.464,46.603,1.43,62.309,551,539.5,264.53,1838.65,240.8,,
ETH-USDT-SWAP,1H,1D,0.01,0.01,0.02,148.0,2513.715,1598.456,112,94,18,83.929,48.946,1.373,87.188,551,418.97,183.09,2513.71,499.97,,
ETH-USDT-SWAP,1H,1D,0.01,0.01,0.025,148.0,2261.71,1428.183,112,95,17,84.821,58.159,1.271,77.901,551,427.8,189.06,2261.71,428.68,,
ETH-USDT-SWAP,1H,1D,0.01,0.01,0.03,148.0,4981.541,3265.906,112,98,14,87.5,47.273,1.622,178.14,551,345.47,133.42,4981.54,1341.98,,
ETH-USDT-SWAP,1H,1D,0.01,0.012,0.005,148.0,119.738,-19.096,112,48,64,42.857,64.877,0.963,-1.042,551,118.73,-19.78,119.74,0.85,,
ETH-USDT-SWAP,1H,1D,0.01,0.012,0.008,148.0,183.465,23.963,112,61,51,54.464,63.155,1.033,1.307,551,156.72,5.89,183.46,17.06,,
ETH-USDT-SWAP,1H,1D,0.01,0.012,0.01,148.0,1102.217,644.741,112,74,38,66.071,51.87,1.254,35.168,551,358.18,142.02,1102.22,207.72,,
ETH-USDT-SWAP,1H,1D,0.01,0.012,0.015,148.0,2753.293,1760.333,112,85,27,75.893,42.694,1.413,96.018,551,485.65,228.14,2753.29,466.93,,
ETH-USDT-SWAP,1H,1D,0.01,0.012,0.02,148.0,4263.294,2780.604,112,91,21,81.25,58.111,1.311,151.669,551,441.48,198.3,4263.29,865.68,,
ETH-USDT-SWAP,1H,1D,0.01,0.012,0.025,148.0,3200.187,2062.289,112,92,20,82.143,75.37,1.196,112.488,551,421.78,184.98,3200.19,658.74,,
ETH-USDT-SWAP,1H,1D,0.01,0.012,0.03,148.0,6735.897,4451.282,112,95,17,84.821,52.273,1.392,242.797,551,355.24,140.03,6735.9,1796.15,,
ETH-USDT-SWAP,1H,1D,0.01,0.015,0.005,148.0,71.091,-51.965,112,39,73,34.821,71.82,0.894,-2.834,551,112.48,-24.0,71.09,-36.8,,
ETH-USDT-SWAP,1H,1D,0.01,0.015,0.008,148.0,129.53,-12.48,112,53,59,47.321,69.151,0.983,-0.681,551,154.3,4.26,129.53,-16.05,,
ETH-USDT-SWAP,1H,1D,0.01,0.015,0.01,148.0,726.801,391.082,112,65,47,58.036,62.287,1.155,21.332,551,291.37,96.87,726.8,149.44,,
ETH-USDT-SWAP,1H,1D,0.01,0.015,0.015,148.0,1600.202,981.218,112,76,36,67.857,69.523,1.181,53.521,551,488.02,229.74,1600.2,227.9,,
ETH-USDT-SWAP,1H,1D,0.01,0.015,0.02,148.0,1826.194,1133.915,112,82,30,73.214,76.901,1.125,61.85,551,391.53,164.54,1826.19,366.43,,
ETH-USDT-SWAP,1H,1D,0.01,0.015,0.025,148.0,1838.571,1142.278,112,83,29,74.107,83.975,1.098,62.306,551,413.69,179.52,1838.57,344.43,,
ETH-USDT-SWAP,1H,1D,0.01,0.015,0.03,148.0,4146.585,2701.747,112,86,26,76.786,67.95,1.234,147.368,551,324.37,119.17,4146.59,1178.35,,
ETH-USDT-SWAP,1H,1D,0.01,0.02,0.005,148.0,37.733,-74.505,112,31,81,27.679,84.205,0.835,-4.064,551,106.09,-28.32,37.73,-64.43,,
ETH-USDT-SWAP,1H,1D,0.01,0.02,0.008,148.0,54.91,-62.899,112,43,69,38.393,90.456,0.928,-3.431,551,175.5,18.58,54.91,-68.71,,
ETH-USDT-SWAP,1H,1D,0.01,0.02,0.01,148.0,376.703,154.529,112,55,57,49.107,84.217,1.049,8.429,551,377.46,155.04,376.7,-0.2,,
ETH-USDT-SWAP,1H,1D,0.01,0.02,0.015,148.0,415.984,181.07,112,64,48,57.143,86.357,1.051,9.877,551,298.24,101.52,415.98,39.48,,
ETH-USDT-SWAP,1H,1D,0.01,0.02,0.02,148.0,314.915,112.78,112,70,42,62.5,92.544,1.021,6.152,551,282.91,91.15,314.91,11.31,,
ETH-USDT-SWAP,1H,1D,0.01,0.02,0.025,148.0,168.073,13.563,112,71,41,63.393,94.773,1.003,0.74,551,278.53,88.2,168.07,-39.66,,
ETH-USDT-SWAP,1H,1D,0.01,0.02,0.03,148.0,395.728,167.384,112,74,38,66.071,85.97,1.049,9.13,551,203.31,37.37,395.73,94.64,,
ETH-USDT-SWAP,1H,1D,0.01,0.03,0.005,148.0,14.191,-90.411,112,24,88,21.429,90.449,0.611,-4.932,551,50.36,-65.97,14.19,-71.82,,
ETH-USDT-SWAP,1H,1D,0.01,0.03,0.008,148.0,10.662,-92.796,112,33,79,29.464,95.261,0.617,-5.062,551,35.85,-75.78,10.66,-70.26,,
ETH-USDT-SWAP,1H,1D,0.01,0.03,0.01,148.0,32.32,-78.162,112,43,69,38.393,87.808,0.838,-4.263,551,78.78,-46.77,32.32,-58.97,,
ETH-USDT-SWAP,1H,1D,0.01,0.03,0.015,148.0,38.065,-74.28,112,53,59,47.321,90.097,0.87,-4.052,551,60.11,-59.38,38.06,-36.68,,
ETH-USDT-SWAP,1H,1D,0.01,0.03,0.02,148.0,30.047,-79.698,112,60,52,53.571,93.202,0.897,-4.347,551,68.33,-53.83,30.05,-56.03,,
ETH-USDT-SWAP,1H,1D,0.01,0.03,0.025,148.0,9.375,-93.665,112,61,51,54.464,97.325,0.819,-5.109,551,51.53,-65.18,9.38,-81.81,,
ETH-USDT-SWAP,1H,1D,0.01,0.03,0.03,148.0,13.794,-90.679,112,63,49,56.25,96.014,0.751,-4.946,551,28.27,-80.9,13.79,-51.2,,
SOL-USDT-SWAP,5m,1H,0.001,0.004,0.005,148.0,0.0,-100.0,3046,1520,1526,49.902,100.0,0.427,-5.484,13130,0.0,-100.0,0.0,-100.0,0.0,-29.06
SOL-USDT-SWAP,5m,1H,0.001,0.004,0.008,148.0,0.0,-100.0,3046,1624,1422,53.316,100.0,0.524,-5.484,13130,0.0,-100.0,0.0,-100.0,0.0,-30.98
SOL-USDT-SWAP,5m,1H,0.001,0.004,0.01,148.0,0.0,-100.0,3046,1655,1391,54.334,100.0,0.546,-5.484,13130,0.0,-100.0,0.0,-100.0,0.0,-28.77
SOL-USDT-SWAP,5m,1H,0.001,0.004,0.015,148.0,0.0,-100.0,3046,1684,1362,55.286,100.0,0.53,-5.484,13130,0.0,-100.0,0.0,-100.0,0.0,-28.77
SOL-USDT-SWAP,5m,1H,0.001,0.004,0.02,148.0,0.0,-100.0,3046,1689,1357,55.45,100.0,0.536,-5.484,13130,0.0,-100.0,0.0,-100.0,0.0,-28.77
SOL-USDT-SWAP,5m,1H,0.001,0.004,0.025,148.0,0.0,-100.0,3046,1690,1356,55.483,100.0,0.524,-5.484,13130,0.0,-100.0,0.0,-100.0,0.0,-28.77
SOL-USDT-SWAP,5m,1H,0.001,0.004,0.03,148.0,0.0,-100.0,3046,1692,1354,55.548,100.0,0.507,-5.484,13130,0.0,-100.0,0.0,-100.0,0.0,-28.77
SOL-USDT-SWAP,5m,1H,0.001,0.006,0.005,148.0,0.0,-100.0,3046,1079,1967,35.424,100.0,0.434,-5.484,13130,0.0,-100.0,0.0,-100.0,0.0,-27.26
SOL-USDT-SWAP,5m,1H,0.001,0.006,0.008,148.0,0.0,-100.0,3046,1177,1869,38.641,100.0,0.519,-5.484,13130,0.0,-100.0,0.0,-100.0,0.0,-29.22
SOL-USDT-SWAP,5m,1H,0.001,0.006,0.01,148.0,0.0,-100.0,3046,1209,1837,39.691,100.0,0.6,-5.484,13130,0.0,-100.0,0.0,-100.0,0.0,-26.96
SOL-USDT-SWAP,5m,1H,0.001,0.006,0.015,148.0,0.0,-100.0,3046,1240,1806,40.709,100.0,0.595,-5.484,13130,0.0,-100.0,0.0,-100.0,0.0,-26.96
SOL-USDT-SWAP,5m,1H,0.001,0.006,0.02,148.0,0.0,-100.0,3046,1244,1802,40.84,100.0,0.574,-5.484,13130,0.0,-100.0,0.0,-100.0,0.0,-26.96
SOL-USDT-SWAP,5m,1H,0.001,0.006,0.025,148.0,0.0,-100.0,3046,1245,1801,40.873,100.0,0.556,-5.484,13130,0.0,-100.0,0.0,-100.0,0.0,-26.96
SOL-USDT-SWAP,5m,1H,0.001,0.006,0.03,148.0,0.0,-100.0,3046,1247,1799,40.939,100.0,0.552,-5.484,13130,0.0,-100.0,0.0,-100.0,0.0,-26.96
SOL-USDT-SWAP,5m,1H,0.001,0.008,0.005,148.0,0.0,-100.0,3046,915,2131,30.039,100.0,0.375,-5.484,13130,0.0,-100.0,0.0,-100.0,0.0,-35.87
SOL-USDT-SWAP,5m,1H,0.001,0.008,0.008,148.0,0.0,-100.0,3046,1004,2042,32.961,100.0,0.453,-5.484,13130,0.0,-100.0,0.0,-100.0,0.0,-33.04
SOL-USDT-SWAP,5m,1H,0.001,0.008,0.01,148.0,0.0,-100.0,3046,1040,2006,34.143,100.0,0.548,-5.484,13130,0.0,-100.0,0.0,-100.0,0.0,-30.91
SOL-USDT-SWAP,5m,1H,0.001,0.008,0.015,148.0,0.0,-100.0,3046,1071,1975,35.161,100.0,0.542,-5.484,13130,0.0,-100.0,0.0,-100.0,0.0,-30.91
SOL-USDT-SWAP,5m,1H,0.001,0.008,0.02,148.0,0.0,-100.0,3046,1075,1971,35.292,100.0,0.523,-5.484,13130,0.0,-100.0,0.0,-100.0,0.0,-30.91
SOL-USDT-SWAP,5m,1H,0.001,0.008,0.025,148.0,0.0,-100.0,3046,1076,1970,35.325,100.0,0.505,-5.484,13130,0.0,-100.0,0.0,-100.0,0.0,-30.91
SOL-USDT-SWAP,5m,1H,0.001,0.008,0.03,148.0,0.0,-100.0,3046,1078,1968,35.391,100.0,0.499,-5.484,13130,0.0,-100.0,0.0,-100.0,0.0,-30.91
SOL-USDT-SWAP,5m,1H,0.001,0.01,0.005,148.0,0.0,-100.0,3046,849,2197,27.873,100.0,0.295,-5.484,13130,0.0,-100.0,0.0,-100.0,0.0,-35.87
SOL-USDT-SWAP,5m,1H,0.001,0.01,0.008,148.0,0.0,-100.0,3046,935,2111,30.696,100.0,0.382,-5.484,13130,0.0,-100.0,0.0,-100.0,0.0,-33.04
SOL-USDT-SWAP,5m,1H,0.001,0.01,0.01,148.0,0.0,-100.0,3046,964,2082,31.648,100.0,0.484,-5.484,13130,0.0,-100.0,0.0,-100.0,0.0,-30.91
SOL-USDT-SWAP,5m,1H,0.001,0.01,0.015,148.0,0.0,-100.0,3046,989,2057,32.469,100.0,0.474,-5.484,13130,0.0,-100.0,0.0,-100.0,0.0,-30.91
SOL-USDT-SWAP,5m,1H,0.001,0.01,0.02,148.0,0.0,-100.0,3046,992,2054,32.567,100.0,0.453,-5.484,13130,0.0,-100.0,0.0,-100.0,0.0,-30.91
SOL-USDT-SWAP,5m,1H,0.001,0.01,0.025,148.0,0.0,-100.0,3046,993,2053,32.6,100.0,0.433,-5.484,13130,0.0,-100.0,0.0,-100.0,0.0,-30.91
SOL-USDT-SWAP,5m,1H,0.001,0.01,0.03,148.0,0.0,-100.0,3046,995,2051,32.666,100.0,0.422,-5.484,13130,0.0,-100.0,0.0,-100.0,0.0,-30.91
SOL-USDT-SWAP,5m,1H,0.001,0.012,0.005,148.0,0.0,-100.0,3046,817,2229,26.822,100.0,0.249,-5.484,13130,0.0,-100.0,0.0,-100.0,0.0,-35.87
SOL-USDT-SWAP,5m,1H,0.001,0.012,0.008,148.0,0.0,-100.0,3046,905,2141,29.711,100.0,0.334,-5.484,13130,0.0,-100.0,0.0,-100.0,0.0,-33.04
SOL-USDT-SWAP,5m,1H,0.001,0.012,0.01,148.0,0.0,-100.0,3046,935,2111,30.696,100.0,0.447,-5.484,13130,0.0,-100.0,0.0,-100.0,0.0,-30.91
SOL-USDT-SWAP,5m,1H,0.001,0.012,0.015,148.0,0.0,-100.0,3046,959,2087,31.484,100.0,0.508,-5.484,13130,0.0,-100.0,0.0,-100.0,0.0,-30.91
SOL-USDT-SWAP,5m,1H,0.001,0.012,0.02,148.0,0.0,-100.0,3046,962,2084,31.582,100.0,0.487,-5.484,13130,0.0,-100.0,0.0,-100.0,0.0,-30.91
SOL-USDT-SWAP,5m,1H,0.001,0.012,0.025,148.0,0.0,-100.0,3046,962,2084,31.582,100.0,0.466,-5.484,13130,0.0,-100.0,0.0,-100.0,0.0,-30.91
SOL-USDT-SWAP,5m,1H,0.001,0.012,0.03,148.0,0.0,-100.0,3046,964,2082,31.648,100.0,0.455,-5.484,13130,0.0,-100.0,0.0,-100.0,0.0,-30.91
SOL-USDT-SWAP,5m,1H,0.001,0.015,0.005,148.0,0.0,-100.0,3046,795,2251,26.1,100.0,0.277,-5.484,13130,0.0,-100.0,0.0,-100.0,0.0,-35.87
SOL-USDT-SWAP,5m,1H,0.001,0.015,0.008,148.0,0.0,-100.0,3046,883,2163,28.989,100.0,0.368,-5.484,13130,0.0,-100.0,0.0,-100.0,0.0,-33.04
SOL-USDT-SWAP,5m,1H,0.001,0.015,0.01,148.0,0.0,-100.0,3046,912,2134,29.941,100.0,0.495,-5.484,13130,0.0,-100.0,0.0,-100.0,0.0,-30.91
SOL-USDT-SWAP,5m,1H,0.001,0.015,0.015,148.0,0.0,-100.0,3046,933,2113,30.63,100.0,0.566,-5.484,13130,0.0,-100.0,0.0,-100.0,0.0,-30.91
SOL-USDT-SWAP,5m,1H,0.001,0.015,0.02,148.0,0.0,-100.0,3046,937,2109,30.762,100.0,0.544,-5.484,13130,0.0,-100.0,0.0,-100.0,0.0,-30.91
SOL-USDT-SWAP,5m,1H,0.001,0.015,0.025,148.0,0.0,-100.0,3046,939,2107,30.827,100.0,0.522,-5.484,13130,0.0,-100.0,0.0,-100.0,0.0,-30.91
SOL-USDT-SWAP,5m,1H,0.001,0.015,0.03,148.0,0.0,-100.0,3046,941,2105,30.893,100.0,0.512,-5.484,13130,0.0,-100.0,0.0,-100.0,0.0,-30.91
SOL-USDT-SWAP,5m,1H,0.001,0.02,0.005,148.0,0.0,-100.0,3046,781,2265,25.64,100.0,0.318,-5.484,13130,0.0,-100.0,0.0,-100.0,0.0,-35.87
SOL-USDT-SWAP,5m,1H,0.001,0.02,0.008,148.0,0.0,-100.0,3046,868,2178,28.496,100.0,0.416,-5.484,13130,0.0,-100.0,0.0,-100.0,0.0,-33.04
SOL-USDT-SWAP,5m,1H,0.001,0.02,0.01,148.0,0.0,-100.0,3046,897,2149,29.448,100.0,0.557,-5.484,13130,0.0,-100.0,0.0,-100.0,0.0,-30.91
SOL-USDT-SWAP,5m,1H,0.001,0.02,0.015,148.0,0.0,-100.0,3046,917,2129,30.105,100.0,0.64,-5.484,13130,0.0,-100.0,0.0,-100.0,0.0,-30.91
SOL-USDT-SWAP,5m,1H,0.001,0.02,0.02,148.0,0.0,-100.0,3046,921,2125,30.236,100.0,0.617,-5.484,13130,0.0,-100.0,0.0,-100.0,0.0,-30.91
SOL-USDT-SWAP,5m,1H,0.001,0.02,0.025,148.0,0.0,-100.0,3046,924,2122,30.335,100.0,0.595,-5.484,13130,0.0,-100.0,0.0,-100.0,0.0,-30.91
SOL-USDT-SWAP,5m,1H,0.001,0.02,0.03,148.0,0.0,-100.0,3046,925,2121,30.368,100.0,0.587,-5.484,13130,0.0,-100.0,0.0,-100.0,0.0,-30.91
SOL-USDT-SWAP,5m,1H,0.001,0.03,0.005,148.0,0.0,-100.0,3046,776,2270,25.476,100.0,0.273,-5.484,13130,0.0,-100.0,0.0,-100.0,0.0,-35.87
SOL-USDT-SWAP,5m,1H,0.001,0.03,0.008,148.0,0.0,-100.0,3046,862,2184,28.299,100.0,0.379,-5.484,13130,0.0,-100.0,0.0,-100.0,0.0,-33.04
SOL-USDT-SWAP,5m,1H,0.001,0.03,0.01,148.0,0.0,-100.0,3046,891,2155,29.251,100.0,0.526,-5.484,13130,0.0,-100.0,0.0,-100.0,0.0,-30.91
SOL-USDT-SWAP,5m,1H,0.001,0.03,0.015,148.0,0.0,-100.0,3046,908,2138,29.81,100.0,0.601,-5.484,13130,0.0,-100.0,0.0,-100.0,0.0,-30.91
SOL-USDT-SWAP,5m,1H,0.001,0.03,0.02,148.0,0.0,-100.0,3046,912,2134,29.941,100.0,0.577,-5.484,13130,0.0,-100.0,0.0,-100.0,0.0,-30.91
SOL-USDT-SWAP,5m,1H,0.001,0.03,0.025,148.0,0.0,-100.0,3046,915,2131,30.039,100.0,0.554,-5.484,13130,0.0,-100.0,0.0,-100.0,0.0,-30.91
SOL-USDT-SWAP,5m,1H,0.001,0.03,0.03,148.0,0.0,-100.0,3046,915,2131,30.039,100.0,0.546,-5.484,13130,0.0,-100.0,0.0,-100.0,0.0,-30.91
SOL-USDT-SWAP,5m,1H,0.002,0.004,0.005,148.0,0.0,-100.0,2440,1298,1142,53.197,100.0,0.501,-5.484,13130,0.01,-100.0,0.0,-100.0,0.0,-19.9
SOL-USDT-SWAP,5m,1H,0.002,0.004,0.008,148.0,0.0,-100.0,2440,1384,1056,56.721,100.0,0.58,-5.484,13130,0.01,-100.0,0.0,-100.0,0.0,-17.56
SOL-USDT-SWAP,5m,1H,0.002,0.004,0.01,148.0,0.0,-100.0,2440,1408,1032,57.705,100.0,0.637,-5.484,13130,0.02,-99.99,0.0,-100.0,0.0,-17.56
SOL-USDT-SWAP,5m,1H,0.002,0.004,0.015,148.0,0.0,-100.0,2440,1433,1007,58.73,100.0,0.659,-5.484,13130,0.02,-99.99,0.0,-100.0,0.0,-17.56
SOL-USDT-SWAP,5m,1H,0.002,0.004,0.02,148.0,0.0,-100.0,2440,1438,1002,58.934,100.0,0.704,-5.484,13130,0.02,-99.98,0.0,-100.0,0.0,-17.56
SOL-USDT-SWAP,5m,1H,0.002,0.004,0.025,148.0,0.0,-100.0,2440,1440,1000,59.016,100.0,0.706,-5.484,13130,0.03,-99.98,0.0,-100.0,0.0,-17.56
SOL-USDT-SWAP,5m,1H,0.002,0.004,0.03,148.0,0.0,-100.0,2440,1442,998,59.098,100.0,0.706,-5.484,13130,0.02,-99.98,0.0,-100.0,0.0,-17.56
SOL-USDT-SWAP,5m,1H,0.002,0.006,0.005,148.0,0.0,-100.0,2440,902,1538,36.967,100.0,0.47,-5.484,13130,0.0,-100.0,0.0,-100.0,0.0,-22.13
SOL-USDT-SWAP,5m,1H,0.002,0.006,0.008,148.0,0.0,-100.0,2440,982,1458,40.246,100.0,0.556,-5.484,13130,0.0,-100.0,0.0,-100.0,0.0,-19.87
SOL-USDT-SWAP,5m,1H,0.002,0.006,0.01,148.0,0.0,-100.0,2440,1001,1439,41.025,100.0,0.595,-5.484,13130,0.0,-100.0,0.0,-100.0,0.0,-19.87
SOL-USDT-SWAP,5m,1H,0.002,0.006,0.015,148.0,0.0,-100.0,2440,1030,1410,42.213,100.0,0.579,-5.484,13130,0.0,-100.0,0.0,-100.0,0.0,-19.87
SOL-USDT-SWAP,5m,1H,0.002,0.006,0.02,148.0,0.0,-100.0,2440,1033,1407,42.336,100.0,0.554,-5.484,13130,0.0,-100.0,0.0,-100.0,0.0,-19.87
SOL-USDT-SWAP,5m,1H,0.002,0.006,0.025,148.0,0.0,-100.0,2440,1035,1405,42.418,100.0,0.537,-5.484,13130,0.0,-100.0,0.0,-100.0,0.0,-19.87
SOL-USDT-SWAP,5m,1H,0.002,0.006,0.03,148.0,0.0,-100.0,2440,1035,1405,42.418,100.0,0.54,-5.484,13130,0.0,-100.0,0.0,-100.0,0.0,-19.87
SOL-USDT-SWAP,5m,1H,0.002,0.008,0.005,148.0,0.0,-100.0,2440,762,1678,31.23,100.0,0.464,-5.484,13130,0.0,-100.0,0.0,-100.0,0.0,-20.74
SOL-USDT-SWAP,5m,1H,0.002,0.008,0.008,148.0,0.0,-100.0,2440,831,1609,34.057,100.0,0.539,-5.484,13130,0.0,-100.0,0.0,-100.0,0.0,-18.43
SOL-USDT-SWAP,5m,1H,0.002,0.008,0.01,148.0,0.0,-100.0,2440,859,1581,35.205,100.0,0.595,-5.484,13130,0.0,-100.0,0.0,-100.0,0.0,-18.43
SOL-USDT-SWAP,5m,1H,0.002,0.008,0.015,148.0,0.0,-100.0,2440,887,1553,36.352,100.0,0.588,-5.484,13130,0.0,-100.0,0.0,-100.0,0.0,-18.43
SOL-USDT-SWAP,5m,1H,0.002,0.008,0.02,148.0,0.0,-100.0,2440,891,1549,36.516,100.0,0.564,-5.484,13130,0.0,-100.0,0.0,-100.0,0.0,-18.43
SOL-USDT-SWAP,5m,1H,0.002,0.008,0.025,148.0,0.0,-100.0,2440,893,1547,36.598,100.0,0.546,-5.484,13130,0.0,-100.0,0.0,-100.0,0.0,-18.43
SOL-USDT-SWAP,5m,1H,0.002,0.008,0.03,148.0,0.0,-100.0,2440,893,1547,36.598,100.0,0.548,-5.484,13130,0.0,-100.0,0.0,-100.0,0.0,-18.43
SOL-USDT-SWAP,5m,1H,0.002,0.01,0.005,148.0,0.0,-100.0,2440,688,1752,28.197,100.0,0.402,-5.484,13130,0.0,-100.0,0.0,-100.0,0.0,-24.87
SOL-USDT-SWAP,5m,1H,0.002,0.01,0.008,148.0,0.0,-100.0,2440,757,1683,31.025,100.0,0.49,-5.484,13130,0.0,-100.0,0.0,-100.0,0.0,-22.68
SOL-USDT-SWAP,5m,1H,0.002,0.01,0.01,148.0,0.0,-100.0,2440,784,1656,32.131,100.0,0.547,-5.484,13130,0.0,-100.0,0.0,-100.0,0.0,-22.68
SOL-USDT-SWAP,5m,1H,0.002,0.01,0.015,148.0,0.0,-100.0,2440,811,1629,33.238,100.0,0.547,-5.484,13130,0.0,-100.0,0.0,-100.0,0.0,-22.68
SOL-USDT-SWAP,5m,1H,0.002,0.01,0.02,148.0,0.0,-100.0,2440,815,1625,33.402,100.0,0.52,-5.484,13130,0.0,-100.0,0.0,-100.0,0.0,-22.68
SOL-USDT-SWAP,5m,1H,0.002,0.01,0.025,148.0,0.0,-100.0,2440,817,1623,33.484,100.0,0.5,-5.484,13130,0.0,-100.0,0.0,-100.0,0.0,-22.68
SOL-USDT-SWAP,5m,1H,0.002,0.01,0.03,148.0,0.0,-100.0,2440,817,1623,33.484,100.0,0.496,-5.484,13130,0.0,-100.0,0.0,-100.0,0.0,-22.68
SOL-USDT-SWAP,5m,1H,0.002,0.012,0.005,148.0,0.0,-100.0,2440,667,1773,27.336,100.0,0.323,-5.484,13130,0.0,-100.0,0.0,-100.0,0.0,-24.87
SOL-USDT-SWAP,5m,1H,0.002,0.012,0.008,148.0,0.0,-100.0,2440,733,1707,30.041,100.0,0.43,-5.484,13130,0.0,-100.0,0.0,-100.0,0.0,-22.68
SOL-USDT-SWAP,5m,1H,0.002,0.012,0.01,148.0,0.0,-100.0,2440,757,1683,31.025,100.0,0.55,-5.484,13130,0.0,-100.0,0.0,-100.0,0.0,-22.68
SOL-USDT-SWAP,5m,1H,0.002,0.012,0.015,148.0,0.0,-100.0,2440,782,1658,32.049,100.0,0.549,-5.484,13130,0.0,-100.0,0.0,-100.0,0.0,-22.68
SOL-USDT-SWAP,5m,1H,0.002,0.012,0.02,148.0,0.0,-100.0,2440,785,1655,32.172,100.0,0.522,-5.484,13130,0.0,-100.0,0.0,-100.0,0.0,-22.68
SOL-USDT-SWAP,5m,1H,0.002,0.012,0.025,148.0,0.0,-100.0,2440,787,1653,32.254,100.0,0.5,-5.484,13130,0.0,-100.0,0.0,-100.0,0.0,-22.68
SOL-USDT-SWAP,5m,1H,0.002,0.012,0.03,148.0,0.0,-100.0,2440,787,1653,32.254,100.0,0.495,-5.484,13130,0.0,-100.0,0.0,-100.0,0.0,-22.68
SOL-USDT-SWAP,5m,1H,0.002,0.015,0.005,148.0,0.0,-100.0,2440,651,1789,26.68,100.0,0.347,-5.484,13130,0.0,-100.0,0.0,-100.0,0.0,-24.87
SOL-USDT-SWAP,5m,1H,0.002,0.015,0.008,148.0,0.0,-100.0,2440,716,1724,29.344,100.0,0.468,-5.484,13130,0.0,-100.0,0.0,-100.0,0.0,-22.68
SOL-USDT-SWAP,5m,1H,0.002,0.015,0.01,148.0,0.0,-100.0,2440,740,1700,30.328,100.0,0.6,-5.484,13130,0.0,-100.0,0.0,-100.0,0.0,-22.68
SOL-USDT-SWAP,5m,1H,0.002,0.015,0.015,148.0,0.0,-100.0,2440,762,1678,31.23,100.0,0.602,-5.484,13130,0.0,-100.0,0.0,-100.0,0.0,-22.68
SOL-USDT-SWAP,5m,1H,0.002,0.015,0.02,148.0,0.0,-100.0,2440,764,1676,31.311,100.0,0.573,-5.484,13130,0.0,-100.0,0.0,-100.0,0.0,-22.68
SOL-USDT-SWAP,5m,1H,0.002,0.015,0.025,148.0,0.0,-100.0,2440,768,1672,31.475,100.0,0.551,-5.484,13130,0.0,-100.0,0.0,-100.0,0.0,-22.68
SOL-USDT-SWAP,5m,1H,0.002,0.015,0.03,148.0,0.0,-100.0,2440,768,1672,31.475,100.0,0.546,-5.484,13130,0.0,-100.0,0.0,-100.0,0.0,-22.68
SOL-USDT-SWAP,5m,1H,0.002,0.02,0.005,148.0,0.0,-100.0,2440,640,1800,26.23,100.0,0.374,-5.484,13130,0.0,-100.0,0.0,-100.0,0.0,-24.87
SOL-USDT-SWAP,5m,1H,0.002,0.02,0.008,148.0,0.0,-100.0,2440,705,1735,28.893,100.0,0.525,-5.484,13130,0.0,-100.0,0.0,-100.0,0.0,-22.68
SOL-USDT-SWAP,5m,1H,0.002,0.02,0.01,148.0,0.0,-100.0,2440,729,1711,29.877,100.0,0.663,-5.484,13130,0.0,-100.0,0.0,-100.0,0.0,-22.68
SOL-USDT-SWAP,5m,1H,0.002,0.02,0.015,148.0,0.0,-100.0,2440,749,1691,30.697,100.0,0.669,-5.484,13130,0.0,-100.0,0.0,-100.0,0.0,-22.68
SOL-USDT-SWAP,5m,1H,0.002,0.02,0.02,148.0,0.0,-100.0,2440,752,1688,30.82,100.0,0.641,-5.484,13130,0.0,-100.0,0.0,-100.0,0.0,-22.68
SOL-USDT-SWAP,5m,1H,0.002,0.02,0.025,148.0,0.0,-100.0,2440,755,1685,30.943,100.0,0.619,-5.484,13130,0.0,-100.0,0.0,-100.0,0.0,-22.68
SOL-USDT-SWAP,5m,1H,0.002,0.02,0.03,148.0,0.0,-100.0,2440,755,1685,30.943,100.0,0.616,-5.484,13130,0.0,-100.0,0.0,-100.0,0.0,-22.68
SOL-USDT-SWAP,5m,1H,0.002,0.03,0.005,148.0,0.0,-100.0,2440,636,1804,26.066,100.0,0.406,-5.484,13130,0.0,-100.0,0.0,-100.0,0.0,-24.87
SOL-USDT-SWAP,5m,1H,0.002,0.03,0.008,148.0,0.0,-100.0,2440,700,1740,28.689,100.0,0.564,-5.484,13130,0.0,-100.0,0.0,-100.0,0.0,-22.68
SOL-USDT-SWAP,5m,1H,0.002,0.03,0.01,148.0,0.0,-100.0,2440,724,1716,29.672,100.0,0.698,-5.484,13130,0.0,-100.0,0.0,-100.0,0.0,-22.68
SOL-USDT-SWAP,5m,1H,0.002,0.03,0.015,148.0,0.0,-100.0,2440,741,1699,30.369,100.0,0.69,-5.484,13130,0.0,-100.0,0.0,-100.0,0.0,-22.68
SOL-USDT-SWAP,5m,1H,0.002,0.03,0.02,148.0,0.0,-100.0,2440,744,1696,30.492,100.0,0.66,-5.484,13130,0.0,-100.0,0.0,-100.0,0.0,-22.68
SOL-USDT-SWAP,5m,1H,0.002,0.03,0.025,148.0,0.0,-100.0,2440,746,1694,30.574,100.0,0.636,-5.484,13130,0.0,-100.0,0.0,-100.0,0.0,-22.68
SOL-USDT-SWAP,5m,1H,0.002,0.03,0.03,148.0,0.0,-100.0,2440,746,1694,30.574,100.0,0.634,-5.484,13130,0.0,-100.0,0.0,-100.0,0.0,-22.68
SOL-USDT-SWAP,5m,1H,0.003,0.004,0.005,148.0,0.0,-100.0,1974,1096,878,55.522,100.0,0.514,-5.484,13130,0.04,-99.98,0.0,-100.0,0.0,-10.6
SOL-USDT-SWAP,5m,1H,0.003,0.004,0.008,148.0,0.0,-100.0,1974,1189,785,60.233,100.0,0.655,-5.484,13130,0.2,-99.86,0.0,-100.0,0.0,-8.8
SOL-USDT-SWAP,5m,1H,0.003,0.004,0.01,148.0,0.0,-100.0,1974,1212,762,61.398,100.0,0.669,-5.484,13130,0.23,-99.84,0.0,-100.0,0.0,-8.8
SOL-USDT-SWAP,5m,1H,0.003,0.004,0.015,148.0,0.0,-100.0,1974,1234,740,62.513,100.0,0.676,-5.484,13130,0.24,-99.84,0.0,-99.98,0.0,-8.8
SOL-USDT-SWAP,5m,1H,0.003,0.004,0.02,148.0,0.0,-100.0,1974,1238,736,62.715,100.0,0.72,-5.484,13130,0.32,-99.78,0.0,-99.99,0.0,-8.8
SOL-USDT-SWAP,5m,1H,0.003,0.004,0.025,148.0,0.0,-100.0,1974,1241,733,62.867,100.0,0.712,-5.484,13130,0.26,-99.82,0.0,-99.98,0.0,-8.8
SOL-USDT-SWAP,5m,1H,0.003,0.004,0.03,148.0,0.0,-100.0,1974,1242,732,62.918,100.0,0.706,-5.484,13130,0.2,-99.87,0.0,-99.98,0.0,-8.8
SOL-USDT-SWAP,5m,1H,0.003,0.006,0.005,148.0,0.0,-100.0,1974,775,1199,39.26,100.0,0.507,-5.484,13130,0.0,-100.0,0.0,-100.0,0.0,-13.22
SOL-USDT-SWAP,5m,1H,0.003,0.006,0.008,148.0,0.0,-100.0,1974,848,1126,42.958,100.0,0.612,-5.484,13130,0.0,-100.0,0.0,-100.0,0.0,-11.48
SOL-USDT-SWAP,5m,1H,0.003,0.006,0.01,148.0,0.0,-100.0,1974,866,1108,43.87,100.0,0.615,-5.484,13130,0.0,-100.0,0.0,-100.0,0.0,-11.48
SOL-USDT-SWAP,5m,1H,0.003,0.006,0.015,148.0,0.0,-100.0,1974,889,1085,45.035,100.0,0.614,-5.484,13130,0.0,-100.0,0.0,-100.0,0.0,-11.48
SOL-USDT-SWAP,5m,1H,0.003,0.006,0.02,148.0,0.0,-100.0,1974,893,1081,45.238,100.0,0.592,-5.484,13130,0.0,-100.0,0.0,-100.0,0.0,-11.48
SOL-USDT-SWAP,5m,1H,0.003,0.006,0.025,148.0,0.0,-100.0,1974,895,1079,45.339,100.0,0.581,-5.484,13130,0.0,-100.0,0.0,-100.0,0.0,-11.48
SOL-USDT-SWAP,5m,1H,0.003,0.006,0.03,148.0,0.0,-100.0,1974,895,1079,45.339,100.0,0.559,-5.484,13130,0.0,-100.0,0.0,-100.0,0.0,-11.48
SOL-USDT-SWAP,5m,1H,0.003,0.008,0.005,148.0,0.0,-100.0,1974,645,1329,32.675,100.0,0.511,-5.484,13130,0.0,-100.0,0.0,-100.0,0.0,-11.35
SOL-USDT-SWAP,5m,1H,0.003,0.008,0.008,148.0,0.0,-100.0,1974,710,1264,35.968,100.0,0.632,-5.484,13130,0.0,-100.0,0.0,-100.0,0.0,-9.57
SOL-USDT-SWAP,5m,1H,0.003,0.008,0.01,148.0,0.0,-100.0,1974,730,1244,36.981,100.0,0.659,-5.484,13130,0.0,-100.0,0.0,-100.0,0.0,-9.57
SOL-USDT-SWAP,5m,1H,0.003,0.008,0.015,148.0,0.0,-100.0,1974,751,1223,38.045,100.0,0.625,-5.484,13130,0.0,-100.0,0.0,-100.0,0.0,-9.57
SOL-USDT-SWAP,5m,1H,0.003,0.008,0.02,148.0,0.0,-100.0,1974,755,1219,38.247,100.0,0.597,-5.484,13130,0.0,-100.0,0.0,-100.0,0.0,-9.57
SOL-USDT-SWAP,5m,1H,0.003,0.008,0.025,148.0,0.0,-100.0,1974,757,1217,38.349,100.0,0.578,-5.484,13130,0.0,-100.0,0.0,-100.0,0.0,-9.57
SOL-USDT-SWAP,5m,1H,0.003,0.008,0.03,148.0,0.0,-100.0,1974,757,1217,38.349,100.0,0.58,-5.484,13130,0.0,-100.0,0.0,-100.0,0.0,-9.57
SOL-USDT-SWAP,5m,1H,0.003,0.01,0.005,148.0,0.0,-100.0,1974,585,1389,29.635,100.0,0.47,-5.484,13130,0.0,-100.0,0.0,-100.0,0.0,-15.15
SOL-USDT-SWAP,5m,1H,0.003,0.01,0.008,148.0,0.0,-100.0,1974,654,1320,33.131,100.0,0.601,-5.484,13130,0.0,-100.0,0.0,-100.0,0.0,-13.44
SOL-USDT-SWAP,5m,1H,0.003,0.01,0.01,148.0,0.0,-100.0,1974,675,1299,34.195,100.0,0.62,-5.484,13130,0.0,-100.0,0.0,-100.0,0.0,-13.44
SOL-USDT-SWAP,5m,1H,0.003,0.01,0.015,148.0,0.0,-100.0,1974,695,1279,35.208,100.0,0.603,-5.484,13130,0.0,-100.0,0.0,-100.0,0.0,-13.44
SOL-USDT-SWAP,5m,1H,0.003,0.01,0.02,148.0,0.0,-100.0,1974,699,1275,35.41,100.0,0.575,-5.484,13130,0.0,-100.0,0.0,-100.0,0.0,-13.44
SOL-USDT-SWAP,5m,1H,0.003,0.01,0.025,148.0,0.0,-100.0,1974,701,1273,35.512,100.0,0.555,-5.484,13130,0.0,-100.0,0.0,-100.0,0.0,-13.44
SOL-USDT-SWAP,5m,1H,0.003,0.01,0.03,148.0,0.0,-100.0,1974,702,1272,35.562,100.0,0.558,-5.484,13130,0.0,-100.0,0.0,-100.0,0.0,-13.44
SOL-USDT-SWAP,5m,1H,0.003,0.012,0.005,148.0,0.0,-100.0,1974,559,1415,28.318,100.0,0.5,-5.484,13130,0.0,-100.0,0.0,-100.0,0.0,-15.15
SOL-USDT-SWAP,5m,1H,0.003,0.012,0.008,148.0,0.0,-100.0,1974,624,1350,31.611,100.0,0.622,-5.484,13130,0.0,-100.0,0.0,-100.0,0.0,-13.44
SOL-USDT-SWAP,5m,1H,0.003,0.012,0.01,148.0,0.0,-100.0,1974,641,1333,32.472,100.0,0.641,-5.484,13130,0.0,-100.0,0.0,-100.0,0.0,-13.44
SOL-USDT-SWAP,5m,1H,0.003,0.012,0.015,148.0,0.0,-100.0,1974,659,1315,33.384,100.0,0.624,-5.484,13130,0.0,-100.0,0.0,-100.0,0.0,-13.44
SOL-USDT-SWAP,5m,1H,0.003,0.012,0.02,148.0,0.0,-100.0,1974,662,1312,33.536,100.0,0.594,-5.484,13130,0.0,-100.0,0.0,-100.0,0.0,-13.44
SOL-USDT-SWAP,5m,1H,0.003,0.012,0.025,148.0,0.0,-100.0,1974,664,1310,33.637,100.0,0.573,-5.484,13130,0.0,-100.0,0.0,-100.0,0.0,-13.44
SOL-USDT-SWAP,5m,1H,0.003,0.012,0.03,148.0,0.0,-100.0,1974,665,1309,33.688,100.0,0.574,-5.484,13130,0.0,-100.0,0.0,-100.0,0.0,-13.44
SOL-USDT-SWAP,5m,1H,0.003,0.015,0.005,148.0,0.0,-100.0,1974,547,1427,27.71,100.0,0.461,-5.484,13130,0.0,-100.0,0.0,-100.0,0.0,-15.15
SOL-USDT-SWAP,5m,1H,0.003,0.015,0.008,148.0,0.0,-100.0,1974,611,1363,30.952,100.0,0.595,-5.484,13130,0.0,-100.0,0.0,-100.0,0.0,-13.44
SOL-USDT-SWAP,5m,1H,0.003,0.015,0.01,148.0,0.0,-100.0,1974,626,1348,31.712,100.0,0.682,-5.484,13130,0.0,-100.0,0.0,-100.0,0.0,-13.44
SOL-USDT-SWAP,5m,1H,0.003,0.015,0.015,148.0,0.0,-100.0,1974,643,1331,32.573,100.0,0.664,-5.484,13130,0.0,-100.0,0.0,-100.0,0.0,-13.44
SOL-USDT-SWAP,5m,1H,0.003,0.015,0.02,148.0,0.0,-100.0,1974,645,1329,32.675,100.0,0.634,-5.484,13130,0.0,-100.0,0.0,-100.0,0.0,-13.44
SOL-USDT-SWAP,5m,1H,0.003,0.015,0.025,148.0,0.0,-100.0,1974,648,1326,32.827,100.0,0.613,-5.484,13130,0.0,-100.0,0.0,-100.0,0.0,-13.44
SOL-USDT-SWAP,5m,1H,0.003,0.015,0.03,148.0,0.0,-100.0,1974,649,1325,32.877,100.0,0.613,-5.484,13130,0.0,-100.0,0.0,-100.0,0.0,-13.44
SOL-USDT-SWAP,5m,1H,0.003,0.02,0.005,148.0,0.0,-100.0,1974,538,1436,27.254,100.0,0.497,-5.484,13130,0.0,-100.0,0.0,-100.0,0.0,-15.15
SOL-USDT-SWAP,5m,1H,0.003,0.02,0.008,148.0,0.0,-100.0,1974,602,1372,30.496,100.0,0.644,-5.484,13130,0.0,-100.0,0.0,-100.0,0.0,-13.44
SOL-USDT-SWAP,5m,1H,0.003,0.02,0.01,148.0,0.0,-100.0,1974,616,1358,31.206,100.0,0.728,-5.484,13130,0.0,-100.0,0.0,-100.0,0.0,-13.44
SOL-USDT-SWAP,5m,1H,0.003,0.02,0.015,148.0,0.0,-100.0,1974,631,1343,31.966,100.0,0.71,-5.484,13130,0.0,-100.0,0.0,-100.0,0.0,-13.44
SOL-USDT-SWAP,5m,1H,0.003,0.02,0.02,148.0,0.0,-100.0,1974,635,1339,32.168,100.0,0.68,-5.484,13130,0.0,-100.0,0.0,-100.0,0.0,-13.44
SOL-USDT-SWAP,5m,1H,0.003,0.02,0.025,148.0,0.0,-100.0,1974,638,1336,32.32,100.0,0.658,-5.484,13130,0.0,-100.0,0.0,-100.0,0.0,-13.44
SOL-USDT-SWAP,5m,1H,0.003,0.02,0.03,148.0,0.0,-100.0,1974,639,1335,32.371,100.0,0.659,-5.484,13130,0.0,-100.0,0.0,-100.0,0.0,-13.44
SOL-USDT-SWAP,5m,1H,0.003,0.03,0.005,148.0,0.0,-100.0,1974,536,1438,27.153,100.0,0.529,-5.484,13130,0.0,-100.0,0.0,-100.0,0.0,-15.15
SOL-USDT-SWAP,5m,1H,0.003,0.03,0.008,148.0,0.0,-100.0,1974,600,1374,30.395,100.0,0.676,-5.484,13130,0.0,-100.0,0.0,-100.0,0.0,-13.44
SOL-USDT-SWAP,5m,1H,0.003,0.03,0.01,148.0,0.0,-100.0,1974,613,1361,31.054,100.0,0.739,-5.484,13130,0.0,-100.0,0.0,-100.0,0.0,-13.44
SOL-USDT-SWAP,5m,1H,0.003,0.03,0.015,148.0,0.0,-100.0,1974,626,1348,31.712,100.0,0.725,-5.484,13130,0.0,-100.0,0.0,-100.0,0.0,-13.44
SOL-USDT-SWAP,5m,1H,0.003,0.03,0.02,148.0,0.0,-100.0,1974,630,1344,31.915,100.0,0.695,-5.484,13130,0.0,-100.0,0.0,-100.0,0.0,-13.44
SOL-USDT-SWAP,5m,1H,0.003,0.03,0.025,148.0,0.0,-100.0,1974,631,1343,31.966,100.0,0.674,-5.484,13130,0.0,-100.0,0.0,-100.0,0.0,-13.44
SOL-USDT-SWAP,5m,1H,0.003,0.03,0.03,148.0,0.0,-100.0,1974,632,1342,32.016,100.0,0.677,-5.484,13130,0.0,-100.0,0.0,-100.0,0.0,-13.44
SOL-USDT-SWAP,5m,1H,0.004,0.004,0.005,148.0,0.0,-100.0,1613,956,657,59.268,100.0,0.491,-5.484,13130,0.21,-99.86,0.0,-99.98,0.0,-5.92
SOL-USDT-SWAP,5m,1H,0.004,0.004,0.008,148.0,0.002,-99.999,1613,1041,572,64.538,99.999,0.641,-5.484,13130,1.7,-98.85,0.0,-99.9,0.0,3.18
SOL-USDT-SWAP,5m,1H,0.004,0.004,0.01,148.0,0.009,-99.994,1613,1065,548,66.026,99.994,0.668,-5.484,13130,2.4,-98.38,0.01,-99.62,0.01,3.18
SOL-USDT-SWAP,5m,1H,0.004,0.004,0.015,148.0,0.031,-99.979,1613,1085,528,67.266,99.98,0.693,-5.483,13130,3.33,-97.75,0.03,-99.09,0.03,3.18
SOL-USDT-SWAP,5m,1H,0.004,0.004,0.02,148.0,0.04,-99.973,1613,1088,525,67.452,99.978,0.731,-5.483,13130,5.32,-96.4,0.04,-99.27,0.04,3.18
SOL-USDT-SWAP,5m,1H,0.004,0.004,0.025,148.0,0.066,-99.955,1613,1091,522,67.638,99.963,0.735,-5.482,13130,4.66,-96.85,0.06,-98.63,0.07,3.18
SOL-USDT-SWAP,5m,1H,0.004,0.004,0.03,148.0,0.063,-99.957,1613,1092,521,67.7,99.965,0.725,-5.482,13130,3.76,-97.46,0.06,-98.37,0.06,3.18
SOL-USDT-SWAP,5m,1H,0.004,0.006,0.005,148.0,0.0,-100.0,1613,706,907,43.769,100.0,0.536,-5.484,13130,0.02,-99.99,0.0,-100.0,0.0,-11.98
SOL-USDT-SWAP,5m,1H,0.004,0.006,0.008,148.0,0.0,-100.0,1613,773,840,47.923,100.0,0.639,-5.484,13130,0.11,-99.93,0.0,-100.0,0.0,-9.26
SOL-USDT-SWAP,5m,1H,0.004,0.006,0.01,148.0,0.0,-100.0,1613,797,816,49.411,100.0,0.649,-5.484,13130,0.14,-99.91,0.0,-100.0,0.0,-9.26
SOL-USDT-SWAP,5m,1H,0.004,0.006,0.015,148.0,0.0,-100.0,1613,816,797,50.589,100.0,0.661,-5.484,13130,0.16,-99.89,0.0,-99.99,0.0,-9.26
SOL-USDT-SWAP,5m,1H,0.004,0.006,0.02,148.0,0.0,-100.0,1613,819,794,50.775,100.0,0.698,-5.484,13130,0.21,-99.86,0.0,-99.99,0.0,-9.26
SOL-USDT-SWAP,5m,1H,0.004,0.006,0.025,148.0,0.0,-100.0,1613,822,791,50.961,100.0,0.699,-5.484,13130,0.17,-99.88,0.0,-99.99,0.0,-9.26
SOL-USDT-SWAP,5m,1H,0.004,0.006,0.03,148.0,0.0,-100.0,1613,823,790,51.023,100.0,0.692,-5.484,13130,0.13,-99.91,0.0,-99.99,0.0,-9.26
SOL-USDT-SWAP,5m,1H,0.004,0.008,0.005,148.0,0.0,-100.0,1613,587,1026,36.392,100.0,0.498,-5.484,13130,0.01,-100.0,0.0,-100.0,0.0,-11.98
SOL-USDT-SWAP,5m,1H,0.004,0.008,0.008,148.0,0.0,-100.0,1613,648,965,40.174,100.0,0.643,-5.484,13130,0.03,-99.98,0.0,-100.0,0.0,-9.26
SOL-USDT-SWAP,5m,1H,0.004,0.008,0.01,148.0,0.0,-100.0,1613,671,942,41.6,100.0,0.647,-5.484,13130,0.03,-99.98,0.0,-100.0,0.0,-9.26
SOL-USDT-SWAP,5m,1H,0.004,0.008,0.015,148.0,0.0,-100.0,1613,688,925,42.653,100.0,0.623,-5.484,13130,0.02,-99.99,0.0,-100.0,0.0,-9.26
SOL-USDT-SWAP,5m,1H,0.004,0.008,0.02,148.0,0.0,-100.0,1613,690,923,42.777,100.0,0.587,-5.484,13130,0.02,-99.99,0.0,-100.0,0.0,-9.26
SOL-USDT-SWAP,5m,1H,0.004,0.008,0.025,148.0,0.0,-100.0,1613,692,921,42.901,100.0,0.564,-5.484,13130,0.01,-99.99,0.0,-100.0,0.0,-9.26
SOL-USDT-SWAP,5m,1H,0.004,0.008,0.03,148.0,0.0,-100.0,1613,692,921,42.901,100.0,0.572,-5.484,13130,0.01,-99.99,0.0,-100.0,0.0,-9.26
SOL-USDT-SWAP,5m,1H,0.004,0.01,0.005,148.0,0.0,-100.0,1613,525,1088,32.548,100.0,0.481,-5.484,13130,0.0,-100.0,0.0,-100.0,0.0,-11.98
SOL-USDT-SWAP,5m,1H,0.004,0.01,0.008,148.0,0.0,-100.0,1613,588,1025,36.454,100.0,0.641,-5.484,13130,0.01,-100.0,0.0,-100.0,0.0,-9.26
SOL-USDT-SWAP,5m,1H,0.004,0.01,0.01,148.0,0.0,-100.0,1613,611,1002,37.88,100.0,0.663,-5.484,13130,0.01,-99.99,0.0,-100.0,0.0,-9.26
SOL-USDT-SWAP,5m,1H,0.004,0.01,0.015,148.0,0.0,-100.0,1613,627,986,38.872,100.0,0.639,-5.484,13130,0.0,-100.0,0.0,-100.0,0.0,-9.26
SOL-USDT-SWAP,5m,1H,0.004,0.01,0.02,148.0,0.0,-100.0,1613,629,984,38.996,100.0,0.601,-5.484,13130,0.0,-100.0,0.0,-100.0,0.0,-9.26
SOL-USDT-SWAP,5m,1H,0.004,0.01,0.025,148.0,0.0,-100.0,1613,631,982,39.12,100.0,0.577,-5.484,13130,0.0,-100.0,0.0,-100.0,0.0,-9.26
SOL-USDT-SWAP,5m,1H,0.004,0.01,0.03,148.0,0.0,-100.0,1613,631,982,39.12,100.0,0.587,-5.484,13130,0.0,-100.0,0.0,-100.0,0.0,-9.26
SOL-USDT-SWAP,5m,1H,0.004,0.012,0.005,148.0,0.0,-100.0,1613,495,1118,30.688,100.0,0.517,-5.484,13130,0.0,-100.0,0.0,-100.0,0.0,-11.98
SOL-USDT-SWAP,5m,1H,0.004,0.012,0.008,148.0,0.0,-100.0,1613,557,1056,34.532,100.0,0.695,-5.484,13130,0.0,-100.0,0.0,-100.0,0.0,-9.26
SOL-USDT-SWAP,5m,1H,0.004,0.012,0.01,148.0,0.0,-100.0,1613,579,1034,35.896,100.0,0.719,-5.484,13130,0.0,-100.0,0.0,-100.0,0.0,-9.26
SOL-USDT-SWAP,5m,1H,0.004,0.012,0.015,148.0,0.0,-100.0,1613,593,1020,36.764,100.0,0.697,-5.484,13130,0.0,-100.0,0.0,-100.0,0.0,-9.26
SOL-USDT-SWAP,5m,1H,0.004,0.012,0.02,148.0,0.0,-100.0,1613,595,1018,36.888,100.0,0.66,-5.484,13130,0.0,-100.0,0.0,-100.0,0.0,-9.26
SOL-USDT-SWAP,5m,1H,0.004,0.012,0.025,148.0,0.0,-100.0,1613,597,1016,37.012,100.0,0.637,-5.484,13130,0.0,-100.0,0.0,-100.0,0.0,-9.26
SOL-USDT-SWAP,5m,1H,0.004,0.012,0.03,148.0,0.0,-100.0,1613,598,1015,37.074,100.0,0.648,-5.484,13130,0.0,-100.0,0.0,-100.0,0.0,-9.26
SOL-USDT-SWAP,5m,1H,0.004,0.015,0.005,148.0,0.0,-100.0,1613,479,1134,29.696,100.0,0.453,-5.484,13130,0.0,-100.0,0.0,-100.0,0.0,-11.98
SOL-USDT-SWAP,5m,1H,0.004,0.015,0.008,148.0,0.0,-100.0,1613,539,1074,33.416,100.0,0.695,-5.484,13130,0.0,-100.0,0.0,-100.0,0.0,-9.26
SOL-USDT-SWAP,5m,1H,0.004,0.015,0.01,148.0,0.0,-100.0,1613,557,1056,34.532,100.0,0.719,-5.484,13130,0.0,-100.0,0.0,-100.0,0.0,-9.26
SOL-USDT-SWAP,5m,1H,0.004,0.015,0.015,148.0,0.0,-100.0,1613,570,1043,35.338,100.0,0.695,-5.484,13130,0.0,-100.0,0.0,-100.0,0.0,-9.26
SOL-USDT-SWAP,5m,1H,0.004,0.015,0.02,148.0,0.0,-100.0,1613,572,1041,35.462,100.0,0.656,-5.484,13130,0.0,-100.0,0.0,-100.0,0.0,-9.26
SOL-USDT-SWAP,5m,1H,0.004,0.015,0.025,148.0,0.0,-100.0,1613,574,1039,35.586,100.0,0.63,-5.484,13130,0.0,-100.0,0.0,-100.0,0.0,-9.26
SOL-USDT-SWAP,5m,1H,0.004,0.015,0.03,148.0,0.0,-100.0,1613,575,1038,35.648,100.0,0.638,-5.484,13130,0.0,-100.0,0.0,-100.0,0.0,-9.26
SOL-USDT-SWAP,5m,1H,0.004,0.02,0.005,148.0,0.0,-100.0,1613,473,1140,29.324,100.0,0.494,-5.484,13130,0.0,-100.0,0.0,-100.0,0.0,-11.98
SOL-USDT-SWAP,5m,1H,0.004,0.02,0.008,148.0,0.0,-100.0,1613,532,1081,32.982,100.0,0.747,-5.484,13130,0.0,-100.0,0.0,-100.0,0.0,-9.26
SOL-USDT-SWAP,5m,1H,0.004,0.02,0.01,148.0,0.0,-100.0,1613,549,1064,34.036,100.0,0.776,-5.484,13130,0.0,-100.0,0.0,-100.0,0.0,-9.26
SOL-USDT-SWAP,5m,1H,0.004,0.02,0.015,148.0,0.0,-100.0,1613,560,1053,34.718,100.0,0.752,-5.484,13130,0.0,-100.0,0.0,-100.0,0.0,-9.26
SOL-USDT-SWAP,5m,1H,0.004,0.02,0.02,148.0,0.0,-100.0,1613,564,1049,34.966,100.0,0.714,-5.484,13130,0.0,-100.0,0.0,-100.0,0.0,-9.26
SOL-USDT-SWAP,5m,1H,0.004,0.02,0.025,148.0,0.0,-100.0,1613,566,1047,35.09,100.0,0.688,-5.484,13130,0.0,-100.0,0.0,-100.0,0.0,-9.26
SOL-USDT-SWAP,5m,1H,0.004,0.02,0.03,148.0,0.0,-100.0,1613,567,1046,35.152,100.0,0.695,-5.484,13130,0.0,-100.0,0.0,-100.0,0.0,-9.26
SOL-USDT-SWAP,5m,1H,0.004,0.03,0.005,148.0,0.0,-100.0,1613,469,1144,29.076,100.0,0.537,-5.484,13130,0.0,-100.0,0.0,-100.0,0.0,-11.98
SOL-USDT-SWAP,5m,1H,0.004,0.03,0.008,148.0,0.0,-100.0,1613,527,1086,32.672,100.0,0.767,-5.484,13130,0.0,-100.0,0.0,-100.0,0.0,-9.26
SOL-USDT-SWAP,5m,1H,0.004,0.03,0.01,148.0,0.0,-100.0,1613,541,1072,33.54,100.0,0.769,-5.484,13130,0.0,-100.0,0.0,-100.0,0.0,-9.26
SOL-USDT-SWAP,5m,1H,0.004,0.03,0.015,148.0,0.0,-100.0,1613,552,1061,34.222,100.0,0.744,-5.484,13130,0.0,-100.0,0.0,-100.0,0.0,-9.26
SOL-USDT-SWAP,5m,1H,0.004,0.03,0.02,148.0,0.0,-100.0,1613,557,1056,34.532,100.0,0.707,-5.484,13130,0.0,-100.0,0.0,-100.0,0.0,-9.26
SOL-USDT-SWAP,5m,1H,0.004,0.03,0.025,148.0,0.0,-100.0,1613,557,1056,34.532,100.0,0.682,-5.484,13130,0.0,-100.0,0.0,-100.0,0.0,-9.26
SOL-USDT-SWAP,5m,1H,0.004,0.03,0.03,148.0,0.0,-100.0,1613,558,1055,34.594,100.0,0.688,-5.484,13130,0.0,-100.0,0.0,-100.0,0.0,-9.26
SOL-USDT-SWAP,5m,1H,0.005,0.004,0.005,148.0,0.001,-99.999,1286,777,509,60.42,99.999,0.547,-5.484,13130,1.17,-99.21,0.0,-99.93,0.0,6.12
SOL-USDT-SWAP,5m,1H,0.005,0.004,0.008,148.0,0.038,-99.974,1286,853,433,66.33,99.976,0.676,-5.483,13130,5.0,-96.62,0.04,-99.28,0.04,6.12
SOL-USDT-SWAP,5m,1H,0.005,0.004,0.01,148.0,0.145,-99.902,1286,873,413,67.885,99.908,0.673,-5.479,13130,5.29,-96.43,0.14,-97.41,0.15,6.12
SOL-USDT-SWAP,5m,1H,0.005,0.004,0.015,148.0,0.35,-99.763,1286,890,396,69.207,99.809,0.708,-5.471,13130,7.64,-94.84,0.33,-95.68,0.35,6.12
SOL-USDT-SWAP,5m,1H,0.005,0.004,0.02,148.0,0.297,-99.799,1286,893,393,69.44,99.856,0.745,-5.473,13130,8.85,-94.02,0.28,-96.84,0.3,6.12
SOL-USDT-SWAP,5m,1H,0.005,0.004,0.025,148.0,0.601,-99.594,1286,897,389,69.751,99.708,0.739,-5.462,13130,6.33,-95.73,0.57,-91.04,0.6,6.12
SOL-USDT-SWAP,5m,1H,0.005,0.004,0.03,148.0,0.95,-99.358,1286,899,387,69.907,99.538,0.748,-5.449,13130,7.63,-94.85,0.9,-88.26,0.95,6.12
SOL-USDT-SWAP,5m,1H,0.005,0.006,0.005,148.0,0.0,-100.0,1286,582,704,45.257,100.0,0.603,-5.484,13130,0.16,-99.89,0.0,-99.99,0.0,4.77
SOL-USDT-SWAP,5m,1H,0.005,0.006,0.008,148.0,0.0,-100.0,1286,647,639,50.311,100.0,0.727,-5.484,13130,0.87,-99.41,0.0,-99.97,0.0,4.77
SOL-USDT-SWAP,5m,1H,0.005,0.006,0.01,148.0,0.001,-99.999,1286,666,620,51.788,100.0,0.71,-5.484,13130,0.93,-99.37,0.0,-99.91,0.0,4.77
SOL-USDT-SWAP,5m,1H,0.005,0.006,0.015,148.0,0.002,-99.999,1286,681,605,52.955,99.999,0.741,-5.484,13130,1.15,-99.22,0.0,-99.83,0.0,4.77
SOL-USDT-SWAP,5m,1H,0.005,0.006,0.02,148.0,0.002,-99.999,1286,684,602,53.188,99.999,0.78,-5.484,13130,1.4,-99.06,0.0,-99.87,0.0,4.77
SOL-USDT-SWAP,5m,1H,0.005,0.006,0.025,148.0,0.004,-99.997,1286,688,598,53.499,99.998,0.773,-5.484,13130,0.93,-99.37,0.0,-99.61,0.0,4.77
SOL-USDT-SWAP,5m,1H,0.005,0.006,0.03,148.0,0.004,-99.998,1286,689,597,53.577,99.998,0.772,-5.484,13130,1.07,-99.28,0.0,-99.68,0.0,4.77
SOL-USDT-SWAP,5m,1H,0.005,0.008,0.005,148.0,0.0,-100.0,1286,476,810,37.014,100.0,0.618,-5.484,13130,0.05,-99.97,0.0,-100.0,0.0,-2.29
SOL-USDT-SWAP,5m,1H,0.005,0.008,0.008,148.0,0.0,-100.0,1286,529,757,41.135,100.0,0.693,-5.484,13130,0.13,-99.91,0.0,-100.0,0.0,-2.29
SOL-USDT-SWAP,5m,1H,0.005,0.008,0.01,148.0,0.0,-100.0,1286,548,738,42.613,100.0,0.671,-5.484,13130,0.11,-99.92,0.0,-100.0,0.0,-2.29
SOL-USDT-SWAP,5m,1H,0.005,0.008,0.015,148.0,0.0,-100.0,1286,562,724,43.701,100.0,0.705,-5.484,13130,0.14,-99.9,0.0,-100.0,0.0,-2.29
SOL-USDT-SWAP,5m,1H,0.005,0.008,0.02,148.0,0.0,-100.0,1286,564,722,43.857,100.0,0.687,-5.484,13130,0.14,-99.91,0.0,-100.0,0.0,-2.29
SOL-USDT-SWAP,5m,1H,0.005,0.008,0.025,148.0,0.0,-100.0,1286,566,720,44.012,100.0,0.665,-5.484,13130,0.09,-99.94,0.0,-100.0,0.0,-2.29
SOL-USDT-SWAP,5m,1H,0.005,0.008,0.03,148.0,0.0,-100.0,1286,567,719,44.09,100.0,0.647,-5.484,13130,0.1,-99.93,0.0,-100.0,0.0,-2.29
SOL-USDT-SWAP,5m,1H,0.005,0.01,0.005,148.0,0.0,-100.0,1286,424,862,32.97,100.0,0.595,-5.484,13130,0.03,-99.98,0.0,-100.0,0.0,-2.29
SOL-USDT-SWAP,5m,1H,0.005,0.01,0.008,148.0,0.0,-100.0,1286,477,809,37.092,100.0,0.712,-5.484,13130,0.09,-99.94,0.0,-100.0,0.0,-2.29
SOL-USDT-SWAP,5m,1H,0.005,0.01,0.01,148.0,0.0,-100.0,1286,494,792,38.414,100.0,0.688,-5.484,13130,0.06,-99.96,0.0,-100.0,0.0,-2.29
SOL-USDT-SWAP,5m,1H,0.005,0.01,0.015,148.0,0.0,-100.0,1286,505,781,39.269,100.0,0.68,-5.484,13130,0.05,-99.96,0.0,-100.0,0.0,-2.29
SOL-USDT-SWAP,5m,1H,0.005,0.01,0.02,148.0,0.0,-100.0,1286,507,779,39.425,100.0,0.652,-5.484,13130,0.04,-99.97,0.0,-100.0,0.0,-2.29
SOL-USDT-SWAP,5m,1H,0.005,0.01,0.025,148.0,0.0,-100.0,1286,509,777,39.58,100.0,0.62,-5.484,13130,0.02,-99.98,0.0,-100.0,0.0,-2.29
SOL-USDT-SWAP,5m,1H,0.005,0.01,0.03,148.0,0.0,-100.0,1286,510,776,39.658,100.0,0.638,-5.484,13130,0.03,-99.98,0.0,-100.0,0.0,-2.29
SOL-USDT-SWAP,5m,1H,0.005,0.012,0.005,148.0,0.0,-100.0,1286,405,881,31.493,100.0,0.592,-5.484,13130,0.01,-99.99,0.0,-100.0,0.0,-2.29
SOL-USDT-SWAP,5m,1H,0.005,0.012,0.008,148.0,0.0,-100.0,1286,459,827,35.692,100.0,0.719,-5.484,13130,0.05,-99.97,0.0,-100.0,0.0,-2.29
SOL-USDT-SWAP,5m,1H,0.005,0.012,0.01,148.0,0.0,-100.0,1286,476,810,37.014,100.0,0.697,-5.484,13130,0.03,-99.98,0.0,-100.0,0.0,-2.29
SOL-USDT-SWAP,5m,1H,0.005,0.012,0.015,148.0,0.0,-100.0,1286,486,800,37.792,100.0,0.687,-5.484,13130,0.02,-99.99,0.0,-100.0,0.0,-2.29
SOL-USDT-SWAP,5m,1H,0.005,0.012,0.02,148.0,0.0,-100.0,1286,488,798,37.947,100.0,0.66,-5.484,13130,0.01,-99.99,0.0,-100.0,0.0,-2.29
SOL-USDT-SWAP,5m,1H,0.005,0.012,0.025,148.0,0.0,-100.0,1286,490,796,38.103,100.0,0.628,-5.484,13130,0.01,-100.0,0.0,-100.0,0.0,-2.29
SOL-USDT-SWAP,5m,1H,0.005,0.012,0.03,148.0,0.0,-100.0,1286,492,794,38.258,100.0,0.645,-5.484,13130,0.01,-99.99,0.0,-100.0,0.0,-2.29
SOL-USDT-SWAP,5m,1H,0.005,0.015,0.005,148.0,0.0,-100.0,1286,386,900,30.016,100.0,0.519,-5.484,13130,0.01,-100.0,0.0,-100.0,0.0,-2.29
SOL-USDT-SWAP,5m,1H,0.005,0.015,0.008,148.0,0.0,-100.0,1286,437,849,33.981,100.0,0.727,-5.484,13130,0.02,-99.98,0.0,-100.0,0.0,-2.29
SOL-USDT-SWAP,5m,1H,0.005,0.015,0.01,148.0,0.0,-100.0,1286,452,834,35.148,100.0,0.704,-5.484,13130,0.01,-99.99,0.0,-100.0,0.0,-2.29
SOL-USDT-SWAP,5m,1H,0.005,0.015,0.015,148.0,0.0,-100.0,1286,460,826,35.77,100.0,0.687,-5.484,13130,0.01,-100.0,0.0,-100.0,0.0,-2.29
SOL-USDT-SWAP,5m,1H,0.005,0.015,0.02,148.0,0.0,-100.0,1286,463,823,36.003,100.0,0.656,-5.484,13130,0.0,-100.0,0.0,-100.0,0.0,-2.29
SOL-USDT-SWAP,5m,1H,0.005,0.015,0.025,148.0,0.0,-100.0,1286,465,821,36.159,100.0,0.623,-5.484,13130,0.0,-100.0,0.0,-100.0,0.0,-2.29
SOL-USDT-SWAP,5m,1H,0.005,0.015,0.03,148.0,0.0,-100.0,1286,467,819,36.314,100.0,0.636,-5.484,13130,0.0,-100.0,0.0,-100.0,0.0,-2.29
SOL-USDT-SWAP,5m,1H,0.005,0.02,0.005,148.0,0.0,-100.0,1286,379,907,29.471,100.0,0.548,-5.484,13130,0.01,-100.0,0.0,-100.0,0.0,-2.29
SOL-USDT-SWAP,5m,1H,0.005,0.02,0.008,148.0,0.0,-100.0,1286,428,858,33.281,100.0,0.773,-5.484,13130,0.03,-99.98,0.0,-100.0,0.0,-2.29
SOL-USDT-SWAP,5m,1H,0.005,0.02,0.01,148.0,0.0,-100.0,1286,440,846,34.215,100.0,0.751,-5.484,13130,0.02,-99.99,0.0,-100.0,0.0,-2.29
SOL-USDT-SWAP,5m,1H,0.005,0.02,0.015,148.0,0.0,-100.0,1286,448,838,34.837,100.0,0.734,-5.484,13130,0.01,-99.99,0.0,-100.0,0.0,-2.29
SOL-USDT-SWAP,5m,1H,0.005,0.02,0.02,148.0,0.0,-100.0,1286,451,835,35.07,100.0,0.703,-5.484,13130,0.0,-100.0,0.0,-100.0,0.0,-2.29
SOL-USDT-SWAP,5m,1H,0.005,0.02,0.025,148.0,0.0,-100.0,1286,453,833,35.226,100.0,0.669,-5.484,13130,0.0,-100.0,0.0,-100.0,0.0,-2.29
SOL-USDT-SWAP,5m,1H,0.005,0.02,0.03,148.0,0.0,-100.0,1286,455,831,35.381,100.0,0.679,-5.484,13130,0.0,-100.0,0.0,-100.0,0.0,-2.29
SOL-USDT-SWAP,5m,1H,0.005,0.03,0.005,148.0,0.0,-100.0,1286,376,910,29.238,100.0,0.58,-5.484,13130,0.0,-100.0,0.0,-100.0,0.0,-2.29
SOL-USDT-SWAP,5m,1H,0.005,0.03,0.008,148.0,0.0,-100.0,1286,423,863,32.893,100.0,0.754,-5.484,13130,0.02,-99.99,0.0,-100.0,0.0,-2.29
SOL-USDT-SWAP,5m,1H,0.005,0.03,0.01,148.0,0.0,-100.0,1286,433,853,33.67,100.0,0.734,-5.484,13130,0.01,-99.99,0.0,-100.0,0.0,-2.29
SOL-USDT-SWAP,5m,1H,0.005,0.03,0.015,148.0,0.0,-100.0,1286,441,845,34.292,100.0,0.713,-5.484,13130,0.0,-100.0,0.0,-100.0,0.0,-2.29
SOL-USDT-SWAP,5m,1H,0.005,0.03,0.02,148.0,0.0,-100.0,1286,445,841,34.603,100.0,0.681,-5.484,13130,0.0,-100.0,0.0,-100.0,0.0,-2.29
SOL-USDT-SWAP,5m,1H,0.005,0.03,0.025,148.0,0.0,-100.0,1286,446,840,34.681,100.0,0.649,-5.484,13130,0.0,-100.0,0.0,-100.0,0.0,-2.29
SOL-USDT-SWAP,5m,1H,0.005,0.03,0.03,148.0,0.0,-100.0,1286,448,838,34.837,100.0,0.652,-5.484,13130,0.0,-100.0,0.0,-100.0,0.0,-2.29
SOL-USDT-SWAP,5m,1H,0.007,0.004,0.005,148.0,0.637,-99.57,843,551,292,65.362,99.798,0.798,-5.461,13130,48.87,-66.98,0.63,-98.72,0.64,1.48
SOL-USDT-SWAP,5m,1H,0.007,0.004,0.008,148.0,39.987,-72.982,843,616,227,73.072,94.485,0.905,-4.003,13130,84.47,-42.93,39.4,-53.35,39.99,1.48
SOL-USDT-SWAP,5m,1H,0.007,0.004,0.01,148.0,91.281,-38.324,843,628,215,74.496,89.379,0.959,-2.102,13130,104.03,-29.71,89.95,-13.54,91.28,1.48
SOL-USDT-SWAP,5m,1H,0.007,0.004,0.015,148.0,240.098,62.229,843,639,204,75.801,80.098,1.042,3.413,13130,166.52,12.52,236.59,42.07,240.1,1.48
SOL-USDT-SWAP,5m,1H,0.007,0.004,0.02,148.0,257.583,74.042,843,642,201,76.157,81.473,1.052,4.061,13130,140.31,-5.2,253.82,80.9,257.58,1.48
SOL-USDT-SWAP,5m,1H,0.007,0.004,0.025,148.0,300.015,102.713,843,644,199,76.394,76.943,1.069,5.633,13130,120.34,-18.69,295.63,145.66,300.01,1.48
SOL-USDT-SWAP,5m,1H,0.007,0.004,0.03,148.0,410.548,177.397,843,646,197,76.631,67.716,1.091,9.729,13130,156.59,5.8,404.54,158.35,410.55,1.48
SOL-USDT-SWAP,5m,1H,0.007,0.006,0.005,148.0,0.088,-99.94,843,418,425,49.585,99.962,0.739,-5.481,13130,13.97,-90.56,0.09,-99.39,0.09,3.47
SOL-USDT-SWAP,5m,1H,0.007,0.006,0.008,148.0,1.624,-98.903,843,468,375,55.516,99.654,0.734,-5.424,13130,11.31,-92.36,1.57,-86.13,1.62,3.47
SOL-USDT-SWAP,5m,1H,0.007,0.006,0.01,148.0,3.471,-97.655,843,480,363,56.94,99.373,0.771,-5.356,13130,12.1,-91.82,3.35,-72.29,3.47,3.47
SOL-USDT-SWAP,5m,1H,0.007,0.006,0.015,148.0,4.387,-97.036,843,491,352,58.244,99.422,0.806,-5.322,13130,18.26,-87.66,4.24,-76.78,4.39,3.47
SOL-USDT-SWAP,5m,1H,0.007,0.006,0.02,148.0,5.365,-96.375,843,494,349,58.6,99.385,0.811,-5.286,13130,16.61,-88.78,5.18,-68.79,5.36,3.47
SOL-USDT-SWAP,5m,1H,0.007,0.006,0.025,148.0,5.476,-96.3,843,496,347,58.837,99.335,0.803,-5.282,13130,12.47,-91.57,5.29,-57.57,5.48,3.47
SOL-USDT-SWAP,5m,1H,0.007,0.006,0.03,148.0,6.993,-95.275,843,498,345,59.075,99.088,0.818,-5.225,13130,15.47,-89.55,6.76,-56.31,6.99,3.47
SOL-USDT-SWAP,5m,1H,0.007,0.008,0.005,148.0,0.001,-99.999,843,330,513,39.146,99.999,0.709,-5.484,13130,3.13,-97.89,0.0,-99.96,0.0,-1.64
SOL-USDT-SWAP,5m,1H,0.007,0.008,0.008,148.0,0.007,-99.995,843,374,469,44.365,99.996,0.688,-5.484,13130,2.77,-98.13,0.01,-99.74,0.01,-1.64
SOL-USDT-SWAP,5m,1H,0.007,0.008,0.01,148.0,0.011,-99.993,843,382,461,45.314,99.994,0.726,-5.484,13130,2.55,-98.27,0.01,-99.56,0.01,-1.64
SOL-USDT-SWAP,5m,1H,0.007,0.008,0.015,148.0,0.013,-99.991,843,393,450,46.619,99.995,0.764,-5.484,13130,3.62,-97.55,0.01,-99.63,0.01,-1.64
SOL-USDT-SWAP,5m,1H,0.007,0.008,0.02,148.0,0.018,-99.988,843,396,447,46.975,99.993,0.766,-5.484,13130,3.09,-97.91,0.02,-99.4,0.02,-1.64
SOL-USDT-SWAP,5m,1H,0.007,0.008,0.025,148.0,0.018,-99.988,843,398,445,47.212,99.993,0.759,-5.484,13130,2.17,-98.53,0.02,-99.17,0.02,-1.64
SOL-USDT-SWAP,5m,1H,0.007,0.008,0.03,148.0,0.015,-99.99,843,399,444,47.331,99.994,0.761,-5.484,13130,2.55,-98.27,0.02,-99.39,0.02,-1.64
SOL-USDT-SWAP,5m,1H,0.007,0.01,0.005,148.0,0.0,-100.0,843,287,556,34.045,100.0,0.672,-5.484,13130,1.0,-99.33,0.0,-100.0,0.0,-1.64
SOL-USDT-SWAP,5m,1H,0.007,0.01,0.008,148.0,0.0,-100.0,843,328,515,38.909,100.0,0.659,-5.484,13130,0.7,-99.53,0.0,-99.97,0.0,-1.64
SOL-USDT-SWAP,5m,1H,0.007,0.01,0.01,148.0,0.0,-100.0,843,337,506,39.976,100.0,0.701,-5.484,13130,0.69,-99.53,0.0,-99.93,0.0,-1.64
SOL-USDT-SWAP,5m,1H,0.007,0.01,0.015,148.0,0.0,-100.0,843,347,496,41.163,100.0,0.686,-5.484,13130,0.66,-99.55,0.0,-99.94,0.0,-1.64
SOL-USDT-SWAP,5m,1H,0.007,0.01,0.02,148.0,0.0,-100.0,843,350,493,41.518,100.0,0.675,-5.484,13130,0.53,-99.64,0.0,-99.91,0.0,-1.64
SOL-USDT-SWAP,5m,1H,0.007,0.01,0.025,148.0,0.0,-100.0,843,350,493,41.518,100.0,0.652,-5.484,13130,0.35,-99.76,0.0,-99.93,0.0,-1.64
SOL-USDT-SWAP,5m,1H,0.007,0.01,0.03,148.0,0.0,-100.0,843,351,492,41.637,100.0,0.638,-5.484,13130,0.39,-99.74,0.0,-99.94,0.0,-1.64
SOL-USDT-SWAP,5m,1H,0.007,0.012,0.005,148.0,0.0,-100.0,843,268,575,31.791,100.0,0.691,-5.484,13130,0.9,-99.4,0.0,-100.0,0.0,-1.64
SOL-USDT-SWAP,5m,1H,0.007,0.012,0.008,148.0,0.0,-100.0,843,306,537,36.299,100.0,0.704,-5.484,13130,0.61,-99.59,0.0,-99.99,0.0,-1.64
SOL-USDT-SWAP,5m,1H,0.007,0.012,0.01,148.0,0.0,-100.0,843,314,529,37.248,100.0,0.706,-5.484,13130,0.46,-99.69,0.0,-99.99,0.0,-1.64
SOL-USDT-SWAP,5m,1H,0.007,0.012,0.015,148.0,0.0,-100.0,843,323,520,38.316,100.0,0.682,-5.484,13130,0.42,-99.72,0.0,-99.99,0.0,-1.64
SOL-USDT-SWAP,5m,1H,0.007,0.012,0.02,148.0,0.0,-100.0,843,326,517,38.671,100.0,0.661,-5.484,13130,0.28,-99.81,0.0,-99.98,0.0,-1.64
SOL-USDT-SWAP,5m,1H,0.007,0.012,0.025,148.0,0.0,-100.0,843,326,517,38.671,100.0,0.67,-5.484,13130,0.2,-99.87,0.0,-99.99,0.0,-1.64
SOL-USDT-SWAP,5m,1H,0.007,0.012,0.03,148.0,0.0,-100.0,843,327,516,38.79,100.0,0.656,-5.484,13130,0.24,-99.84,0.0,-99.99,0.0,-1.64
SOL-USDT-SWAP,5m,1H,0.007,0.015,0.005,148.0,0.0,-100.0,843,258,585,30.605,100.0,0.698,-5.484,13130,0.66,-99.55,0.0,-100.0,0.0,-1.64
SOL-USDT-SWAP,5m,1H,0.007,0.015,0.008,148.0,0.0,-100.0,843,295,548,34.994,100.0,0.717,-5.484,13130,0.44,-99.7,0.0,-99.99,0.0,-1.64
SOL-USDT-SWAP,5m,1H,0.007,0.015,0.01,148.0,0.0,-100.0,843,303,540,35.943,100.0,0.721,-5.484,13130,0.32,-99.79,0.0,-99.99,0.0,-1.64
SOL-USDT-SWAP,5m,1H,0.007,0.015,0.015,148.0,0.0,-100.0,843,311,532,36.892,100.0,0.694,-5.484,13130,0.26,-99.82,0.0,-100.0,0.0,-1.64
SOL-USDT-SWAP,5m,1H,0.007,0.015,0.02,148.0,0.0,-100.0,843,314,529,37.248,100.0,0.673,-5.484,13130,0.17,-99.89,0.0,-99.99,0.0,-1.64
SOL-USDT-SWAP,5m,1H,0.007,0.015,0.025,148.0,0.0,-100.0,843,315,528,37.367,100.0,0.681,-5.484,13130,0.12,-99.92,0.0,-99.99,0.0,-1.64
SOL-USDT-SWAP,5m,1H,0.007,0.015,0.03,148.0,0.0,-100.0,843,317,526,37.604,100.0,0.667,-5.484,13130,0.15,-99.9,0.0,-99.99,0.0,-1.64
SOL-USDT-SWAP,5m,1H,0.007,0.02,0.005,148.0,0.0,-100.0,843,249,594,29.537,100.0,0.706,-5.484,13130,0.49,-99.67,0.0,-100.0,0.0,-1.64
SOL-USDT-SWAP,5m,1H,0.007,0.02,0.008,148.0,0.0,-100.0,843,280,563,33.215,100.0,0.73,-5.484,13130,0.34,-99.77,0.0,-100.0,0.0,-1.64
SOL-USDT-SWAP,5m,1H,0.007,0.02,0.01,148.0,0.0,-100.0,843,288,555,34.164,100.0,0.732,-5.484,13130,0.23,-99.85,0.0,-100.0,0.0,-1.64
SOL-USDT-SWAP,5m,1H,0.007,0.02,0.015,148.0,0.0,-100.0,843,294,549,34.875,100.0,0.696,-5.484,13130,0.12,-99.92,0.0,-100.0,0.0,-1.64
SOL-USDT-SWAP,5m,1H,0.007,0.02,0.02,148.0,0.0,-100.0,843,299,544,35.469,100.0,0.67,-5.484,13130,0.07,-99.95,0.0,-100.0,0.0,-1.64
SOL-USDT-SWAP,5m,1H,0.007,0.02,0.025,148.0,0.0,-100.0,843,300,543,35.587,100.0,0.672,-5.484,13130,0.04,-99.97,0.0,-100.0,0.0,-1.64
SOL-USDT-SWAP,5m,1H,0.007,0.02,0.03,148.0,0.0,-100.0,843,302,541,35.824,100.0,0.655,-5.484,13130,0.05,-99.97,0.0,-100.0,0.0,-1.64
SOL-USDT-SWAP,5m,1H,0.007,0.03,0.005,148.0,0.0,-100.0,843,246,597,29.181,100.0,0.737,-5.484,13130,0.51,-99.66,0.0,-100.0,0.0,-1.64
SOL-USDT-SWAP,5m,1H,0.007,0.03,0.008,148.0,0.0,-100.0,843,275,568,32.622,100.0,0.768,-5.484,13130,0.41,-99.72,0.0,-100.0,0.0,-1.64
SOL-USDT-SWAP,5m,1H,0.007,0.03,0.01,148.0,0.0,-100.0,843,283,560,33.571,100.0,0.769,-5.484,13130,0.27,-99.82,0.0,-100.0,0.0,-1.64
SOL-USDT-SWAP,5m,1H,0.007,0.03,0.015,148.0,0.0,-100.0,843,289,554,34.282,100.0,0.733,-5.484,13130,0.13,-99.91,0.0,-100.0,0.0,-1.64
SOL-USDT-SWAP,5m,1H,0.007,0.03,0.02,148.0,0.0,-100.0,843,293,550,34.757,100.0,0.706,-5.484,13130,0.07,-99.95,0.0,-100.0,0.0,-1.64
SOL-USDT-SWAP,5m,1H,0.007,0.03,0.025,148.0,0.0,-100.0,843,294,549,34.875,100.0,0.706,-5.484,13130,0.04,-99.97,0.0,-100.0,0.0,-1.64
SOL-USDT-SWAP,5m,1H,0.007,0.03,0.03,148.0,0.0,-100.0,843,296,547,35.113,100.0,0.687,-5.484,13130,0.05,-99.97,0.0,-100.0,0.0,-1.64
SOL-USDT-SWAP,5m,1H,0.01,0.004,0.005,148.0,40.407,-72.698,483,344,139,71.222,79.745,0.833,-3.987,13130,112.06,-24.28,40.41,-63.94,,
SOL-USDT-SWAP,5m,1H,0.01,0.004,0.008,148.0,136.831,-7.547,483,372,111,77.019,61.727,0.988,-0.414,13130,171.0,15.54,136.83,-19.98,,
SOL-USDT-SWAP,5m,1H,0.01,0.004,0.01,148.0,334.823,126.232,483,383,100,79.296,41.925,1.113,6.923,13130,260.16,75.79,334.82,28.7,,
SOL-USDT-SWAP,5m,1H,0.01,0.004,0.015,148.0,438.674,196.401,483,390,93,80.745,48.241,1.135,10.772,13130,367.57,148.36,438.67,19.35,,
SOL-USDT-SWAP,5m,1H,0.01,0.004,0.02,148.0,942.466,536.801,483,395,88,81.781,36.247,1.279,29.441,13130,324.54,119.28,942.47,190.4,,
SOL-USDT-SWAP,5m,1H,0.01,0.004,0.025,148.0,1259.076,750.727,483,397,86,82.195,44.173,1.276,41.173,13130,432.27,192.07,1259.08,191.27,,
SOL-USDT-SWAP,5m,1H,0.01,0.004,0.03,148.0,947.686,540.328,483,397,86,82.195,51.574,1.217,29.634,13130,432.27,192.07,947.69,119.24,,
SOL-USDT-SWAP,5m,1H,0.01,0.006,0.005,148.0,183.986,24.315,483,287,196,59.42,71.278,1.027,1.334,13130,122.52,-17.22,183.99,50.17,,
SOL-USDT-SWAP,5m,1H,0.01,0.006,0.008,148.0,630.749,326.182,483,312,171,64.596,72.122,1.198,17.889,13130,179.54,21.31,630.75,251.32,,
SOL-USDT-SWAP,5m,1H,0.01,0.006,0.01,148.0,1659.161,1021.055,483,321,162,66.46,50.363,1.28,55.999,13130,289.83,95.83,1659.16,472.47,,
SOL-USDT-SWAP,5m,1H,0.01,0.006,0.015,148.0,2661.295,1698.173,483,327,156,67.702,58.439,1.311,93.136,13130,392.13,164.95,2661.3,578.67,,
SOL-USDT-SWAP,5m,1H,0.01,0.006,0.02,148.0,5468.364,3594.84,483,331,152,68.53,53.869,1.451,197.158,13130,324.48,119.24,5468.36,1585.29,,
SOL-USDT-SWAP,5m,1H,0.01,0.006,0.025,148.0,7105.972,4701.332,483,333,150,68.944,45.776,1.417,257.843,13130,412.3,178.58,7105.97,1623.51,,
SOL-USDT-SWAP,5m,1H,0.01,0.006,0.03,148.0,4980.697,3265.336,483,333,150,68.944,49.506,1.356,179.086,13130,383.94,159.42,4980.7,1197.25,,
SOL-USDT-SWAP,5m,1H,0.01,0.008,0.005,148.0,11.348,-92.333,483,224,259,46.377,95.758,0.854,-5.064,13130,99.11,-33.03,11.35,-88.55,,
SOL-USDT-SWAP,5m,1H,0.01,0.008,0.008,148.0,26.48,-82.108,483,248,235,51.346,93.749,0.895,-4.503,13130,104.81,-29.19,26.48,-74.73,,
SOL-USDT-SWAP,5m,1H,0.01,0.008,0.01,148.0,52.884,-64.268,483,255,228,52.795,90.406,0.946,-3.525,13130,156.47,5.72,52.88,-66.2,,
SOL-USDT-SWAP,5m,1H,0.01,0.008,0.015,148.0,53.656,-63.746,483,260,223,53.83,92.71,0.959,-3.496,13130,201.66,36.26,53.66,-73.39,,
SOL-USDT-SWAP,5m,1H,0.01,0.008,0.02,148.0,94.457,-36.178,483,264,219,54.658,87.92,0.978,-1.984,13130,138.39,-6.49,94.46,-31.75,,
SOL-USDT-SWAP,5m,1H,0.01,0.008,0.025,148.0,132.424,-10.524,483,266,217,55.072,83.147,0.995,-0.577,13130,163.14,10.23,132.42,-18.83,,
SOL-USDT-SWAP,5m,1H,0.01,0.008,0.03,148.0,107.615,-27.287,483,266,217,55.072,84.953,0.987,-1.497,13130,176.14,19.01,107.61,-38.9,,
SOL-USDT-SWAP,5m,1H,0.01,0.01,0.005,148.0,1.071,-99.276,483,188,295,38.923,99.465,0.764,-5.445,13130,35.72,-75.86,1.07,-97.0,,
SOL-USDT-SWAP,5m,1H,0.01,0.01,0.008,148.0,1.423,-99.039,483,209,274,43.271,99.35,0.772,-5.432,13130,25.54,-82.74,1.42,-94.43,,
SOL-USDT-SWAP,5m,1H,0.01,0.01,0.01,148.0,2.52,-98.298,483,216,267,44.72,98.866,0.824,-5.391,13130,43.82,-70.39,2.52,-94.25,,
SOL-USDT-SWAP,5m,1H,0.01,0.01,0.015,148.0,2.704,-98.173,483,221,262,45.756,98.976,0.859,-5.384,13130,58.76,-60.3,2.7,-95.4,,
SOL-USDT-SWAP,5m,1H,0.01,0.01,0.02,148.0,5.552,-96.248,483,225,258,46.584,98.265,0.856,-5.279,13130,37.89,-74.4,5.55,-85.34,,
SOL-USDT-SWAP,5m,1H,0.01,0.01,0.025,148.0,4.749,-96.791,483,226,257,46.791,98.404,0.854,-5.308,13130,42.46,-71.31,4.75,-88.81,,
SOL-USDT-SWAP,5m,1H,0.01,0.01,0.03,148.0,3.505,-97.632,483,226,257,46.791,98.736,0.857,-5.355,13130,48.01,-67.56,3.51,-92.7,,
SOL-USDT-SWAP,5m,1H,0.01,0.012,0.005,148.0,0.2,-99.865,483,168,315,34.783,99.872,0.655,-5.477,13130,16.58,-88.79,0.2,-98.79,,
SOL-USDT-SWAP,5m,1H,0.01,0.012,0.008,148.0,0.338,-99.771,483,189,294,39.13,99.794,0.674,-5.472,13130,11.08,-92.51,0.34,-96.95,,
SOL-USDT-SWAP,5m,1H,0.01,0.012,0.01,148.0,0.424,-99.714,483,194,289,40.166,99.736,0.703,-5.469,13130,13.57,-90.83,0.42,-96.88,,
SOL-USDT-SWAP,5m,1H,0.01,0.012,0.015,148.0,0.372,-99.749,483,199,284,41.201,99.818,0.747,-5.471,13130,15.23,-89.71,0.37,-97.56,,
SOL-USDT-SWAP,5m,1H,0.01,0.012,0.02,148.0,0.715,-99.517,483,203,280,42.029,99.651,0.73,-5.458,13130,9.1,-93.85,0.71,-92.14,,
SOL-USDT-SWAP,5m,1H,0.01,0.012,0.025,148.0,0.593,-99.599,483,204,279,42.236,99.709,0.728,-5.462,13130,10.57,-92.86,0.59,-94.39,,
SOL-USDT-SWAP,5m,1H,0.01,0.012,0.03,148.0,0.497,-99.664,483,204,279,42.236,99.757,0.734,-5.466,13130,11.95,-91.92,0.5,-95.84,,
SOL-USDT-SWAP,5m,1H,0.01,0.015,0.005,148.0,0.092,-99.938,483,157,326,32.505,99.946,0.698,-5.481,13130,15.05,-89.83,0.09,-99.39,,
SOL-USDT-SWAP,5m,1H,0.01,0.015,0.008,148.0,0.074,-99.95,483,175,308,36.232,99.957,0.669,-5.482,13130,7.68,-94.81,0.07,-99.04,,
SOL-USDT-SWAP,5m,1H,0.01,0.015,0.01,148.0,0.068,-99.954,483,179,304,37.06,99.959,0.693,-5.482,13130,9.27,-93.73,0.07,-99.27,,
SOL-USDT-SWAP,5m,1H,0.01,0.015,0.015,148.0,0.039,-99.973,483,183,300,37.888,99.975,0.659,-5.483,13130,6.56,-95.57,0.04,-99.4,,
SOL-USDT-SWAP,5m,1H,0.01,0.015,0.02,148.0,0.042,-99.971,483,185,298,38.302,99.976,0.602,-5.483,13130,3.05,-97.94,0.04,-98.62,,
SOL-USDT-SWAP,5m,1H,0.01,0.015,0.025,148.0,0.037,-99.975,483,186,297,38.509,99.977,0.628,-5.483,13130,4.6,-96.89,0.04,-99.19,,
SOL-USDT-SWAP,5m,1H,0.01,0.015,0.03,148.0,0.029,-99.981,483,186,297,38.509,99.981,0.62,-5.483,13130,4.51,-96.95,0.03,-99.36,,
SOL-USDT-SWAP,5m,1H,0.01,0.02,0.005,148.0,0.045,-99.969,483,149,334,30.849,99.981,0.75,-5.483,13130,16.61,-88.78,0.05,-99.73,,
SOL-USDT-SWAP,5m,1H,0.01,0.02,0.008,148.0,0.023,-99.984,483,166,317,34.369,99.99,0.723,-5.484,13130,8.2,-94.46,0.02,-99.72,,
SOL-USDT-SWAP,5m,1H,0.01,0.02,0.01,148.0,0.011,-99.993,483,168,315,34.783,99.995,0.717,-5.484,13130,7.47,-94.95,0.01,-99.86,,
SOL-USDT-SWAP,5m,1H,0.01,0.02,0.015,148.0,0.006,-99.996,483,173,310,35.818,99.997,0.683,-5.484,13130,4.91,-96.68,0.01,-99.88,,
SOL-USDT-SWAP,5m,1H,0.01,0.02,0.02,148.0,0.005,-99.997,483,175,308,36.232,99.998,0.636,-5.484,13130,2.38,-98.39,0.0,-99.8,,
SOL-USDT-SWAP,5m,1H,0.01,0.02,0.025,148.0,0.005,-99.997,483,177,306,36.646,99.997,0.658,-5.484,13130,3.74,-97.47,0.01,-99.86,,
SOL-USDT-SWAP,5m,1H,0.01,0.02,0.03,148.0,0.007,-99.995,483,178,305,36.853,99.996,0.651,-5.484,13130,3.67,-97.52,0.01,-99.82,,
SOL-USDT-SWAP,5m,1H,0.01,0.03,0.005,148.0,0.025,-99.983,483,143,340,29.607,99.988,0.735,-5.484,13130,15.17,-89.75,0.03,-99.84,,
SOL-USDT-SWAP,5m,1H,0.01,0.03,0.008,148.0,0.012,-99.992,483,160,323,33.126,99.995,0.707,-5.484,13130,7.02,-95.26,0.01,-99.83,,
SOL-USDT-SWAP,5m,1H,0.01,0.03,0.01,148.0,0.005,-99.997,483,162,321,33.54,99.998,0.697,-5.484,13130,6.11,-95.87,0.0,-99.92,,
SOL-USDT-SWAP,5m,1H,0.01,0.03,0.015,148.0,0.002,-99.999,483,167,316,34.576,99.999,0.653,-5.484,13130,3.57,-97.59,0.0,-99.94,,
SOL-USDT-SWAP,5m,1H,0.01,0.03,0.02,148.0,0.001,-99.999,483,168,315,34.783,100.0,0.601,-5.484,13130,1.53,-98.97,0.0,-99.94,,
SOL-USDT-SWAP,5m,1H,0.01,0.03,0.025,148.0,0.001,-99.999,483,171,312,35.404,99.999,0.607,-5.484,13130,2.16,-98.54,0.0,-99.94,,
SOL-USDT-SWAP,5m,1H,0.01,0.03,0.03,148.0,0.002,-99.999,483,172,311,35.611,99.999,0.586,-5.484,13130,1.84,-98.76,0.0,-99.91,,
SOL-USDT-SWAP,15m,2H,0.001,0.004,0.005,148.0,0.0,-100.0,1734,1143,591,65.917,100.0,0.648,-5.484,6565,2.26,-98.47,0.0,-99.98,0.0,-30.28
SOL-USDT-SWAP,15m,2H,0.001,0.004,0.008,148.0,0.043,-99.971,1734,1263,471,72.837,99.979,0.779,-5.483,6565,21.26,-85.64,0.06,-99.71,0.04,-30.68
SOL-USDT-SWAP,15m,2H,0.001,0.004,0.01,148.0,0.502,-99.661,1734,1303,431,75.144,99.796,0.871,-5.466,6565,52.81,-64.31,0.75,-98.59,0.5,-32.66
SOL-USDT-SWAP,15m,2H,0.001,0.004,0.015,148.0,2.699,-98.176,1734,1335,399,76.99,99.107,0.942,-5.384,6565,222.66,50.45,4.23,-98.1,2.7,-36.14
SOL-USDT-SWAP,15m,2H,0.001,0.004,0.02,148.0,22.309,-84.926,1734,1351,383,77.912,94.187,0.972,-4.658,6565,227.75,53.89,33.59,-85.25,22.31,-33.58
SOL-USDT-SWAP,15m,2H,0.001,0.004,0.025,148.0,51.335,-65.314,1734,1357,377,78.258,95.67,0.991,-3.582,6565,804.22,443.39,77.29,-90.39,51.33,-33.58
SOL-USDT-SWAP,15m,2H,0.001,0.004,0.03,148.0,210.85,42.466,1734,1363,371,78.604,87.159,1.004,2.329,6565,974.45,558.42,317.44,-67.42,210.85,-33.58
SOL-USDT-SWAP,15m,2H,0.001,0.006,0.005,148.0,0.0,-100.0,1734,882,852,50.865,100.0,0.654,-5.484,6565,0.21,-99.86,0.0,-100.0,0.0,-23.78
SOL-USDT-SWAP,15m,2H,0.001,0.006,0.008,148.0,0.0,-100.0,1734,984,750,56.747,100.0,0.682,-5.484,6565,0.48,-99.67,0.0,-99.99,0.0,-22.73
SOL-USDT-SWAP,15m,2H,0.001,0.006,0.01,148.0,0.0,-100.0,1734,1021,713,58.881,100.0,0.752,-5.484,6565,1.11,-99.25,0.0,-99.97,0.0,-24.94
SOL-USDT-SWAP,15m,2H,0.001,0.006,0.015,148.0,0.0,-100.0,1734,1049,685,60.496,100.0,0.776,-5.484,6565,2.08,-98.59,0.0,-99.97,0.0,-28.83
SOL-USDT-SWAP,15m,2H,0.001,0.006,0.02,148.0,0.003,-99.998,1734,1064,670,61.361,99.999,0.844,-5.484,6565,2.23,-98.5,0.0,-99.82,0.0,-25.96
SOL-USDT-SWAP,15m,2H,0.001,0.006,0.025,148.0,0.004,-99.997,1734,1069,665,61.649,99.999,0.879,-5.484,6565,8.34,-94.36,0.01,-99.94,0.0,-25.96
SOL-USDT-SWAP,15m,2H,0.001,0.006,0.03,148.0,0.011,-99.992,1734,1074,660,61.938,99.997,0.895,-5.484,6565,9.13,-93.83,0.02,-99.83,0.01,-25.96
SOL-USDT-SWAP,15m,2H,0.001,0.008,0.005,148.0,0.0,-100.0,1734,718,1016,41.407,100.0,0.622,-5.484,6565,0.04,-99.97,0.0,-100.0,0.0,-26.67
SOL-USDT-SWAP,15m,2H,0.001,0.008,0.008,148.0,0.0,-100.0,1734,812,922,46.828,100.0,0.64,-5.484,6565,0.08,-99.94,0.0,-100.0,0.0,-21.83
SOL-USDT-SWAP,15m,2H,0.001,0.008,0.01,148.0,0.0,-100.0,1734,844,890,48.674,100.0,0.665,-5.484,6565,0.15,-99.9,0.0,-100.0,0.0,-24.06
SOL-USDT-SWAP,15m,2H,0.001,0.008,0.015,148.0,0.0,-100.0,1734,871,863,50.231,100.0,0.669,-5.484,6565,0.21,-99.86,0.0,-100.0,0.0,-28.0
SOL-USDT-SWAP,15m,2H,0.001,0.008,0.02,148.0,0.0,-100.0,1734,887,847,51.153,100.0,0.742,-5.484,6565,0.15,-99.9,0.0,-100.0,0.0,-25.1
SOL-USDT-SWAP,15m,2H,0.001,0.008,0.025,148.0,0.0,-100.0,1734,892,842,51.442,100.0,0.761,-5.484,6565,0.48,-99.68,0.0,-100.0,0.0,-25.1
SOL-USDT-SWAP,15m,2H,0.001,0.008,0.03,148.0,0.0,-100.0,1734,896,838,51.672,100.0,0.773,-5.484,6565,0.55,-99.63,0.0,-100.0,0.0,-25.1
SOL-USDT-SWAP,15m,2H,0.001,0.01,0.005,148.0,0.0,-100.0,1734,625,1109,36.044,100.0,0.507,-5.484,6565,0.01,-99.99,0.0,-100.0,0.0,-33.37
SOL-USDT-SWAP,15m,2H,0.001,0.01,0.008,148.0,0.0,-100.0,1734,709,1025,40.888,100.0,0.528,-5.484,6565,0.01,-99.99,0.0,-100.0,0.0,-27.62
SOL-USDT-SWAP,15m,2H,0.001,0.01,0.01,148.0,0.0,-100.0,1734,736,998,42.445,100.0,0.546,-5.484,6565,0.01,-99.99,0.0,-100.0,0.0,-29.69
SOL-USDT-SWAP,15m,2H,0.001,0.01,0.015,148.0,0.0,-100.0,1734,759,975,43.772,100.0,0.571,-5.484,6565,0.01,-99.99,0.0,-100.0,0.0,-33.33
SOL-USDT-SWAP,15m,2H,0.001,0.01,0.02,148.0,0.0,-100.0,1734,774,960,44.637,100.0,0.673,-5.484,6565,0.01,-99.99,0.0,-100.0,0.0,-30.65
SOL-USDT-SWAP,15m,2H,0.001,0.01,0.025,148.0,0.0,-100.0,1734,779,955,44.925,100.0,0.689,-5.484,6565,0.05,-99.96,0.0,-100.0,0.0,-30.65
SOL-USDT-SWAP,15m,2H,0.001,0.01,0.03,148.0,0.0,-100.0,1734,782,952,45.098,100.0,0.682,-5.484,6565,0.04,-99.97,0.0,-100.0,0.0,-30.65
SOL-USDT-SWAP,15m,2H,0.001,0.012,0.005,148.0,0.0,-100.0,1734,579,1155,33.391,100.0,0.555,-5.484,6565,0.0,-100.0,0.0,-100.0,0.0,-35.0
SOL-USDT-SWAP,15m,2H,0.001,0.012,0.008,148.0,0.0,-100.0,1734,659,1075,38.005,100.0,0.54,-5.484,6565,0.0,-100.0,0.0,-100.0,0.0,-28.08
SOL-USDT-SWAP,15m,2H,0.001,0.012,0.01,148.0,0.0,-100.0,1734,683,1051,39.389,100.0,0.546,-5.484,6565,0.0,-100.0,0.0,-100.0,0.0,-30.14
SOL-USDT-SWAP,15m,2H,0.001,0.012,0.015,148.0,0.0,-100.0,1734,705,1029,40.657,100.0,0.487,-5.484,6565,0.0,-100.0,0.0,-100.0,0.0,-33.76
SOL-USDT-SWAP,15m,2H,0.001,0.012,0.02,148.0,0.0,-100.0,1734,719,1015,41.465,100.0,0.576,-5.484,6565,0.0,-100.0,0.0,-100.0,0.0,-31.09
SOL-USDT-SWAP,15m,2H,0.001,0.012,0.025,148.0,0.0,-100.0,1734,723,1011,41.696,100.0,0.572,-5.484,6565,0.0,-100.0,0.0,-100.0,0.0,-31.09
SOL-USDT-SWAP,15m,2H,0.001,0.012,0.03,148.0,0.0,-100.0,1734,726,1008,41.869,100.0,0.549,-5.484,6565,0.0,-100.0,0.0,-100.0,0.0,-31.09
SOL-USDT-SWAP,15m,2H,0.001,0.015,0.005,148.0,0.0,-100.0,1734,536,1198,30.911,100.0,0.572,-5.484,6565,0.0,-100.0,0.0,-100.0,0.0,-35.0
SOL-USDT-SWAP,15m,2H,0.001,0.015,0.008,148.0,0.0,-100.0,1734,613,1121,35.352,100.0,0.565,-5.484,6565,0.0,-100.0,0.0,-100.0,0.0,-29.85
SOL-USDT-SWAP,15m,2H,0.001,0.015,0.01,148.0,0.0,-100.0,1734,637,1097,36.736,100.0,0.571,-5.484,6565,0.0,-100.0,0.0,-100.0,0.0,-31.86
SOL-USDT-SWAP,15m,2H,0.001,0.015,0.015,148.0,0.0,-100.0,1734,655,1079,37.774,100.0,0.497,-5.484,6565,0.0,-100.0,0.0,-100.0,0.0,-35.39
SOL-USDT-SWAP,15m,2H,0.001,0.015,0.02,148.0,0.0,-100.0,1734,666,1068,38.408,100.0,0.475,-5.484,6565,0.0,-100.0,0.0,-100.0,0.0,-32.79
SOL-USDT-SWAP,15m,2H,0.001,0.015,0.025,148.0,0.0,-100.0,1734,670,1064,38.639,100.0,0.456,-5.484,6565,0.0,-100.0,0.0,-100.0,0.0,-32.79
SOL-USDT-SWAP,15m,2H,0.001,0.015,0.03,148.0,0.0,-100.0,1734,674,1060,38.87,100.0,0.418,-5.484,6565,0.0,-100.0,0.0,-100.0,0.0,-32.79
SOL-USDT-SWAP,15m,2H,0.001,0.02,0.005,148.0,0.0,-100.0,1734,516,1218,29.758,100.0,0.631,-5.484,6565,0.0,-100.0,0.0,-100.0,0.0,-35.0
SOL-USDT-SWAP,15m,2H,0.001,0.02,0.008,148.0,0.0,-100.0,1734,587,1147,33.852,100.0,0.606,-5.484,6565,0.0,-100.0,0.0,-100.0,0.0,-29.85
SOL-USDT-SWAP,15m,2H,0.001,0.02,0.01,148.0,0.0,-100.0,1734,613,1121,35.352,100.0,0.612,-5.484,6565,0.0,-100.0,0.0,-100.0,0.0,-31.86
SOL-USDT-SWAP,15m,2H,0.001,0.02,0.015,148.0,0.0,-100.0,1734,628,1106,36.217,100.0,0.544,-5.484,6565,0.0,-100.0,0.0,-100.0,0.0,-35.39
SOL-USDT-SWAP,15m,2H,0.001,0.02,0.02,148.0,0.0,-100.0,1734,637,1097,36.736,100.0,0.523,-5.484,6565,0.0,-100.0,0.0,-100.0,0.0,-32.79
SOL-USDT-SWAP,15m,2H,0.001,0.02,0.025,148.0,0.0,-100.0,1734,641,1093,36.967,100.0,0.503,-5.484,6565,0.0,-100.0,0.0,-100.0,0.0,-32.79
SOL-USDT-SWAP,15m,2H,0.001,0.02,0.03,148.0,0.0,-100.0,1734,643,1091,37.082,100.0,0.465,-5.484,6565,0.0,-100.0,0.0,-100.0,0.0,-32.79
SOL-USDT-SWAP,15m,2H,0.001,0.03,0.005,148.0,0.0,-100.0,1734,501,1233,28.893,100.0,0.644,-5.484,6565,0.0,-100.0,0.0,-100.0,0.0,-35.0
SOL-USDT-SWAP,15m,2H,0.001,0.03,0.008,148.0,0.0,-100.0,1734,569,1165,32.814,100.0,0.619,-5.484,6565,0.0,-100.0,0.0,-100.0,0.0,-29.85
SOL-USDT-SWAP,15m,2H,0.001,0.03,0.01,148.0,0.0,-100.0,1734,593,1141,34.198,100.0,0.624,-5.484,6565,0.0,-100.0,0.0,-100.0,0.0,-31.86
SOL-USDT-SWAP,15m,2H,0.001,0.03,0.015,148.0,0.0,-100.0,1734,609,1125,35.121,100.0,0.567,-5.484,6565,0.0,-100.0,0.0,-100.0,0.0,-35.39
SOL-USDT-SWAP,15m,2H,0.001,0.03,0.02,148.0,0.0,-100.0,1734,618,1116,35.64,100.0,0.546,-5.484,6565,0.0,-100.0,0.0,-100.0,0.0,-32.79
SOL-USDT-SWAP,15m,2H,0.001,0.03,0.025,148.0,0.0,-100.0,1734,623,1111,35.928,100.0,0.523,-5.484,6565,0.0,-100.0,0.0,-100.0,0.0,-32.79
SOL-USDT-SWAP,15m,2H,0.001,0.03,0.03,148.0,0.0,-100.0,1734,625,1109,36.044,100.0,0.486,-5.484,6565,0.0,-100.0,0.0,-100.0,0.0,-32.79
SOL-USDT-SWAP,15m,2H,0.002,0.004,0.005,148.0,0.004,-99.997,1507,1009,498,66.954,99.997,0.601,-5.484,6565,3.1,-97.91,0.01,-99.84,0.0,-24.99
SOL-USDT-SWAP,15m,2H,0.002,0.004,0.008,148.0,1.017,-99.313,1507,1127,380,74.784,99.363,0.848,-5.447,6565,42.13,-71.54,1.3,-96.91,1.02,-21.83
SOL-USDT-SWAP,15m,2H,0.002,0.004,0.01,148.0,8.597,-94.191,1507,1160,347,76.974,96.866,0.944,-5.166,6565,150.02,1.36,11.54,-92.3,8.6,-25.53
SOL-USDT-SWAP,15m,2H,0.002,0.004,0.015,148.0,32.26,-78.203,1507,1188,319,78.832,97.493,0.978,-4.289,6565,428.19,189.32,42.93,-89.97,32.26,-24.85
SOL-USDT-SWAP,15m,2H,0.002,0.004,0.02,148.0,222.449,50.304,1507,1206,301,80.027,92.096,1.006,2.759,6565,606.47,309.78,296.01,-51.19,222.45,-24.85
SOL-USDT-SWAP,15m,2H,0.002,0.004,0.025,148.0,486.19,228.507,1507,1212,295,80.425,91.137,1.012,12.532,6565,1683.0,1037.16,646.97,-61.56,486.19,-24.85
SOL-USDT-SWAP,15m,2H,0.002,0.004,0.03,148.0,1658.441,1020.569,1507,1218,289,80.823,83.801,1.039,55.973,6565,2039.25,1277.87,2206.86,8.22,1658.44,-24.85
SOL-USDT-SWAP,15m,2H,0.002,0.006,0.005,148.0,0.0,-100.0,1507,775,732,51.427,100.0,0.636,-5.484,6565,1.4,-99.06,0.0,-99.99,0.0,-28.38
SOL-USDT-SWAP,15m,2H,0.002,0.006,0.008,148.0,0.003,-99.998,1507,877,630,58.195,99.998,0.78,-5.484,6565,9.59,-93.52,0.0,-99.96,0.0,-26.36
SOL-USDT-SWAP,15m,2H,0.002,0.006,0.01,148.0,0.025,-99.983,1507,910,597,60.385,99.988,0.89,-5.484,6565,35.14,-76.26,0.03,-99.9,0.02,-27.92
SOL-USDT-SWAP,15m,2H,0.002,0.006,0.015,148.0,0.117,-99.921,1507,940,567,62.376,99.979,0.945,-5.48,6565,105.51,-28.71,0.16,-99.85,0.12,-27.26
SOL-USDT-SWAP,15m,2H,0.002,0.006,0.02,148.0,1.092,-99.262,1507,955,552,63.371,99.851,0.969,-5.444,6565,188.75,27.53,1.5,-99.2,1.09,-27.26
SOL-USDT-SWAP,15m,2H,0.002,0.006,0.025,148.0,1.824,-98.768,1507,961,546,63.769,99.83,0.982,-5.417,6565,495.58,234.85,2.51,-99.49,1.82,-27.26
SOL-USDT-SWAP,15m,2H,0.002,0.006,0.03,148.0,9.424,-93.633,1507,967,540,64.167,99.382,0.986,-5.135,6565,649.24,338.68,12.96,-98.0,9.42,-27.26
SOL-USDT-SWAP,15m,2H,0.002,0.008,0.005,148.0,0.0,-100.0,1507,633,874,42.004,100.0,0.585,-5.484,6565,0.08,-99.95,0.0,-100.0,0.0,-32.17
SOL-USDT-SWAP,15m,2H,0.002,0.008,0.008,148.0,0.0,-100.0,1507,728,779,48.308,100.0,0.646,-5.484,6565,0.34,-99.77,0.0,-100.0,0.0,-28.92
SOL-USDT-SWAP,15m,2H,0.002,0.008,0.01,148.0,0.0,-100.0,1507,753,754,49.967,100.0,0.726,-5.484,6565,0.93,-99.37,0.0,-100.0,0.0,-30.42
SOL-USDT-SWAP,15m,2H,0.002,0.008,0.015,148.0,0.0,-100.0,1507,780,727,51.758,100.0,0.721,-5.484,6565,1.11,-99.25,0.0,-100.0,0.0,-29.78
SOL-USDT-SWAP,15m,2H,0.002,0.008,0.02,148.0,0.0,-100.0,1507,795,712,52.754,100.0,0.775,-5.484,6565,1.47,-99.01,0.0,-99.99,0.0,-29.78
SOL-USDT-SWAP,15m,2H,0.002,0.008,0.025,148.0,0.0,-100.0,1507,799,708,53.019,100.0,0.802,-5.484,6565,3.51,-97.63,0.0,-100.0,0.0,-29.78
SOL-USDT-SWAP,15m,2H,0.002,0.008,0.03,148.0,0.0,-100.0,1507,805,702,53.417,100.0,0.813,-5.484,6565,4.55,-96.92,0.0,-99.99,0.0,-29.78
SOL-USDT-SWAP,15m,2H,0.002,0.01,0.005,148.0,0.0,-100.0,1507,553,954,36.695,100.0,0.481,-5.484,6565,0.03,-99.98,0.0,-100.0,0.0,-37.76
SOL-USDT-SWAP,15m,2H,0.002,0.01,0.008,148.0,0.0,-100.0,1507,636,871,42.203,100.0,0.52,-5.484,6565,0.09,-99.94,0.0,-100.0,0.0,-33.54
SOL-USDT-SWAP,15m,2H,0.002,0.01,0.01,148.0,0.0,-100.0,1507,656,851,43.53,100.0,0.599,-5.484,6565,0.19,-99.87,0.0,-100.0,0.0,-34.94
SOL-USDT-SWAP,15m,2H,0.002,0.01,0.015,148.0,0.0,-100.0,1507,680,827,45.123,100.0,0.581,-5.484,6565,0.21,-99.86,0.0,-100.0,0.0,-34.35
SOL-USDT-SWAP,15m,2H,0.002,0.01,0.02,148.0,0.0,-100.0,1507,693,814,45.985,100.0,0.659,-5.484,6565,0.23,-99.84,0.0,-100.0,0.0,-34.35
SOL-USDT-SWAP,15m,2H,0.002,0.01,0.025,148.0,0.0,-100.0,1507,698,809,46.317,100.0,0.682,-5.484,6565,0.68,-99.54,0.0,-100.0,0.0,-34.35
SOL-USDT-SWAP,15m,2H,0.002,0.01,0.03,148.0,0.0,-100.0,1507,703,804,46.649,100.0,0.7,-5.484,6565,0.97,-99.35,0.0,-100.0,0.0,-34.35
SOL-USDT-SWAP,15m,2H,0.002,0.012,0.005,148.0,0.0,-100.0,1507,502,1005,33.311,100.0,0.479,-5.484,6565,0.01,-100.0,0.0,-100.0,0.0,-37.76
SOL-USDT-SWAP,15m,2H,0.002,0.012,0.008,148.0,0.0,-100.0,1507,579,928,38.421,100.0,0.507,-5.484,6565,0.01,-99.99,0.0,-100.0,0.0,-32.3
SOL-USDT-SWAP,15m,2H,0.002,0.012,0.01,148.0,0.0,-100.0,1507,597,910,39.615,100.0,0.581,-5.484,6565,0.02,-99.99,0.0,-100.0,0.0,-33.73
SOL-USDT-SWAP,15m,2H,0.002,0.012,0.015,148.0,0.0,-100.0,1507,617,890,40.942,100.0,0.553,-5.484,6565,0.01,-99.99,0.0,-100.0,0.0,-33.13
SOL-USDT-SWAP,15m,2H,0.002,0.012,0.02,148.0,0.0,-100.0,1507,629,878,41.739,100.0,0.639,-5.484,6565,0.01,-99.99,0.0,-100.0,0.0,-33.13
SOL-USDT-SWAP,15m,2H,0.002,0.012,0.025,148.0,0.0,-100.0,1507,633,874,42.004,100.0,0.652,-5.484,6565,0.03,-99.98,0.0,-100.0,0.0,-33.13
SOL-USDT-SWAP,15m,2H,0.002,0.012,0.03,148.0,0.0,-100.0,1507,637,870,42.269,100.0,0.647,-5.484,6565,0.02,-99.98,0.0,-100.0,0.0,-33.13
SOL-USDT-SWAP,15m,2H,0.002,0.015,0.005,148.0,0.0,-100.0,1507,462,1045,30.657,100.0,0.469,-5.484,6565,0.0,-100.0,0.0,-100.0,0.0,-37.76
SOL-USDT-SWAP,15m,2H,0.002,0.015,0.008,148.0,0.0,-100.0,1507,534,973,35.435,100.0,0.497,-5.484,6565,0.0,-100.0,0.0,-100.0,0.0,-30.45
SOL-USDT-SWAP,15m,2H,0.002,0.015,0.01,148.0,0.0,-100.0,1507,553,954,36.695,100.0,0.497,-5.484,6565,0.0,-100.0,0.0,-100.0,0.0,-31.92
SOL-USDT-SWAP,15m,2H,0.002,0.015,0.015,148.0,0.0,-100.0,1507,571,936,37.89,100.0,0.446,-5.484,6565,0.0,-100.0,0.0,-100.0,0.0,-31.3
SOL-USDT-SWAP,15m,2H,0.002,0.015,0.02,148.0,0.0,-100.0,1507,582,925,38.62,100.0,0.54,-5.484,6565,0.0,-100.0,0.0,-100.0,0.0,-31.3
SOL-USDT-SWAP,15m,2H,0.002,0.015,0.025,148.0,0.0,-100.0,1507,585,922,38.819,100.0,0.531,-5.484,6565,0.0,-100.0,0.0,-100.0,0.0,-31.3
SOL-USDT-SWAP,15m,2H,0.002,0.015,0.03,148.0,0.0,-100.0,1507,589,918,39.084,100.0,0.51,-5.484,6565,0.0,-100.0,0.0,-100.0,0.0,-31.3
SOL-USDT-SWAP,15m,2H,0.002,0.02,0.005,148.0,0.0,-100.0,1507,442,1065,29.33,100.0,0.527,-5.484,6565,0.0,-100.0,0.0,-100.0,0.0,-37.76
SOL-USDT-SWAP,15m,2H,0.002,0.02,0.008,148.0,0.0,-100.0,1507,513,994,34.041,100.0,0.567,-5.484,6565,0.0,-100.0,0.0,-100.0,0.0,-33.35
SOL-USDT-SWAP,15m,2H,0.002,0.02,0.01,148.0,0.0,-100.0,1507,531,976,35.236,100.0,0.541,-5.484,6565,0.0,-100.0,0.0,-100.0,0.0,-34.75
SOL-USDT-SWAP,15m,2H,0.002,0.02,0.015,148.0,0.0,-100.0,1507,546,961,36.231,100.0,0.487,-5.484,6565,0.0,-100.0,0.0,-100.0,0.0,-34.16
SOL-USDT-SWAP,15m,2H,0.002,0.02,0.02,148.0,0.0,-100.0,1507,555,952,36.828,100.0,0.458,-5.484,6565,0.0,-100.0,0.0,-100.0,0.0,-34.16
SOL-USDT-SWAP,15m,2H,0.002,0.02,0.025,148.0,0.0,-100.0,1507,558,949,37.027,100.0,0.44,-5.484,6565,0.0,-100.0,0.0,-100.0,0.0,-34.16
SOL-USDT-SWAP,15m,2H,0.002,0.02,0.03,148.0,0.0,-100.0,1507,561,946,37.226,100.0,0.402,-5.484,6565,0.0,-100.0,0.0,-100.0,0.0,-34.16
SOL-USDT-SWAP,15m,2H,0.002,0.03,0.005,148.0,0.0,-100.0,1507,432,1075,28.666,100.0,0.548,-5.484,6565,0.0,-100.0,0.0,-100.0,0.0,-37.76
SOL-USDT-SWAP,15m,2H,0.002,0.03,0.008,148.0,0.0,-100.0,1507,497,1010,32.979,100.0,0.553,-5.484,6565,0.0,-100.0,0.0,-100.0,0.0,-33.35
SOL-USDT-SWAP,15m,2H,0.002,0.03,0.01,148.0,0.0,-100.0,1507,514,993,34.107,100.0,0.529,-5.484,6565,0.0,-100.0,0.0,-100.0,0.0,-34.75
SOL-USDT-SWAP,15m,2H,0.002,0.03,0.015,148.0,0.0,-100.0,1507,528,979,35.036,100.0,0.483,-5.484,6565,0.0,-100.0,0.0,-100.0,0.0,-34.16
SOL-USDT-SWAP,15m,2H,0.002,0.03,0.02,148.0,0.0,-100.0,1507,536,971,35.567,100.0,0.455,-5.484,6565,0.0,-100.0,0.0,-100.0,0.0,-34.16
SOL-USDT-SWAP,15m,2H,0.002,0.03,0.025,148.0,0.0,-100.0,1507,540,967,35.833,100.0,0.438,-5.484,6565,0.0,-100.0,0.0,-100.0,0.0,-34.16
SOL-USDT-SWAP,15m,2H,0.002,0.03,0.03,148.0,0.0,-100.0,1507,542,965,35.965,100.0,0.4,-5.484,6565,0.0,-100.0,0.0,-100.0,0.0,-34.16
SOL-USDT-SWAP,15m,2H,0.003,0.004,0.005,148.0,0.024,-99.984,1314,889,425,67.656,99.984,0.583,-5.484,6565,7.32,-95.06,0.03,-99.59,0.02,-20.01
SOL-USDT-SWAP,15m,2H,0.003,0.004,0.008,148.0,5.845,-96.05,1314,1003,311,76.332,96.735,0.902,-5.268,6565,95.72,-35.32,7.79,-91.86,5.85,-24.96
SOL-USDT-SWAP,15m,2H,0.003,0.004,0.01,148.0,31.593,-78.653,1314,1036,278,78.843,91.105,0.956,-4.314,6565,179.19,21.07,44.19,-75.34,31.59,-28.51
SOL-USDT-SWAP,15m,2H,0.003,0.004,0.015,148.0,136.101,-8.04,1314,1067,247,81.202,92.045,0.998,-0.441,6565,411.81,178.25,184.45,-55.21,136.1,-26.21
SOL-USDT-SWAP,15m,2H,0.003,0.004,0.02,148.0,554.511,274.669,1314,1081,233,82.268,79.445,1.036,15.064,6565,465.72,214.68,751.49,61.36,554.51,-26.21
SOL-USDT-SWAP,15m,2H,0.003,0.004,0.025,148.0,3399.759,2197.135,1314,1090,224,82.953,74.234,1.065,120.501,6565,2233.37,1409.03,4607.48,106.3,3399.76,-26.21
SOL-USDT-SWAP,15m,2H,0.003,0.004,0.03,148.0,11631.919,7759.405,1314,1095,219,83.333,70.195,1.17,425.562,6565,2118.8,1331.62,15721.25,641.99,11631.92,-26.01
SOL-USDT-SWAP,15m,2H,0.003,0.006,0.005,148.0,0.016,-99.989,1314,709,605,53.957,99.99,0.745,-5.484,6565,21.21,-85.67,0.02,-99.9,0.02,-26.4
SOL-USDT-SWAP,15m,2H,0.003,0.006,0.008,148.0,0.831,-99.439,1314,805,509,61.263,99.616,0.942,-5.454,6565,188.71,27.51,1.08,-99.43,0.83,-22.76
SOL-USDT-SWAP,15m,2H,0.003,0.006,0.01,148.0,3.019,-97.96,1314,834,480,63.47,99.39,0.971,-5.373,6565,431.2,191.35,4.1,-99.05,3.02,-26.41
SOL-USDT-SWAP,15m,2H,0.003,0.006,0.015,148.0,5.421,-96.337,1314,859,455,65.373,99.672,0.98,-5.284,6565,776.63,424.75,7.14,-99.08,5.42,-24.04
SOL-USDT-SWAP,15m,2H,0.003,0.006,0.02,148.0,15.036,-89.84,1314,871,443,66.286,99.011,0.987,-4.927,6565,858.43,480.02,19.8,-97.69,15.04,-24.04
SOL-USDT-SWAP,15m,2H,0.003,0.006,0.025,148.0,87.752,-40.708,1314,880,434,66.971,98.962,0.999,-2.233,6565,4699.75,3075.51,115.53,-97.54,87.75,-24.04
SOL-USDT-SWAP,15m,2H,0.003,0.006,0.03,148.0,264.417,78.66,1314,885,429,67.352,96.429,1.003,4.314,6565,4419.66,2886.25,348.12,-92.12,264.42,-24.04
SOL-USDT-SWAP,15m,2H,0.003,0.008,0.005,148.0,0.0,-100.0,1314,561,753,42.694,100.0,0.585,-5.484,6565,0.76,-99.49,0.0,-100.0,0.0,-23.54
SOL-USDT-SWAP,15m,2H,0.003,0.008,0.008,148.0,0.0,-100.0,1314,647,667,49.239,100.0,0.735,-5.484,6565,3.99,-97.3,0.0,-99.99,0.0,-18.21
SOL-USDT-SWAP,15m,2H,0.003,0.008,0.01,148.0,0.0,-100.0,1314,671,643,51.065,100.0,0.78,-5.484,6565,5.83,-96.06,0.0,-99.99,0.0,-22.08
SOL-USDT-SWAP,15m,2H,0.003,0.008,0.015,148.0,0.0,-100.0,1314,697,617,53.044,100.0,0.797,-5.484,6565,6.69,-95.48,0.0,-99.99,0.0,-19.57
SOL-USDT-SWAP,15m,2H,0.003,0.008,0.02,148.0,0.001,-100.0,1314,706,608,53.729,100.0,0.833,-5.484,6565,6.83,-95.39,0.0,-99.99,0.0,-19.57
SOL-USDT-SWAP,15m,2H,0.003,0.008,0.025,148.0,0.004,-99.998,1314,714,600,54.338,99.999,0.905,-5.484,6565,39.61,-73.23,0.0,-99.99,0.0,-19.57
SOL-USDT-SWAP,15m,2H,0.003,0.008,0.03,148.0,0.009,-99.994,1314,719,595,54.718,99.997,0.891,-5.484,6565,33.73,-77.21,0.01,-99.97,0.01,-19.57
SOL-USDT-SWAP,15m,2H,0.003,0.01,0.005,148.0,0.0,-100.0,1314,485,829,36.91,100.0,0.571,-5.484,6565,0.12,-99.92,0.0,-100.0,0.0,-28.25
SOL-USDT-SWAP,15m,2H,0.003,0.01,0.008,148.0,0.0,-100.0,1314,559,755,42.542,100.0,0.634,-5.484,6565,0.36,-99.76,0.0,-100.0,0.0,-21.8
SOL-USDT-SWAP,15m,2H,0.003,0.01,0.01,148.0,0.0,-100.0,1314,584,730,44.444,100.0,0.689,-5.484,6565,0.78,-99.47,0.0,-100.0,0.0,-25.49
SOL-USDT-SWAP,15m,2H,0.003,0.01,0.015,148.0,0.0,-100.0,1314,609,705,46.347,100.0,0.668,-5.484,6565,0.56,-99.62,0.0,-100.0,0.0,-23.1
SOL-USDT-SWAP,15m,2H,0.003,0.01,0.02,148.0,0.0,-100.0,1314,619,695,47.108,100.0,0.72,-5.484,6565,0.52,-99.65,0.0,-100.0,0.0,-23.1
SOL-USDT-SWAP,15m,2H,0.003,0.01,0.025,148.0,0.0,-100.0,1314,627,687,47.717,100.0,0.779,-5.484,6565,2.71,-98.17,0.0,-100.0,0.0,-23.1
SOL-USDT-SWAP,15m,2H,0.003,0.01,0.03,148.0,0.0,-100.0,1314,631,683,48.021,100.0,0.769,-5.484,6565,2.51,-98.3,0.0,-100.0,0.0,-23.1
SOL-USDT-SWAP,15m,2H,0.003,0.012,0.005,148.0,0.0,-100.0,1314,439,875,33.409,100.0,0.49,-5.484,6565,0.05,-99.97,0.0,-100.0,0.0,-34.71
SOL-USDT-SWAP,15m,2H,0.003,0.012,0.008,148.0,0.0,-100.0,1314,507,807,38.584,100.0,0.551,-5.484,6565,0.14,-99.9,0.0,-100.0,0.0,-27.52
SOL-USDT-SWAP,15m,2H,0.003,0.012,0.01,148.0,0.0,-100.0,1314,528,786,40.183,100.0,0.618,-5.484,6565,0.24,-99.84,0.0,-100.0,0.0,-30.95
SOL-USDT-SWAP,15m,2H,0.003,0.012,0.015,148.0,0.0,-100.0,1314,546,768,41.553,100.0,0.617,-5.484,6565,0.16,-99.89,0.0,-100.0,0.0,-28.73
SOL-USDT-SWAP,15m,2H,0.003,0.012,0.02,148.0,0.0,-100.0,1314,555,759,42.237,100.0,0.681,-5.484,6565,0.19,-99.87,0.0,-100.0,0.0,-28.73
SOL-USDT-SWAP,15m,2H,0.003,0.012,0.025,148.0,0.0,-100.0,1314,562,752,42.77,100.0,0.711,-5.484,6565,0.64,-99.57,0.0,-100.0,0.0,-28.73
SOL-USDT-SWAP,15m,2H,0.003,0.012,0.03,148.0,0.0,-100.0,1314,566,748,43.075,100.0,0.7,-5.484,6565,0.61,-99.59,0.0,-100.0,0.0,-28.73
SOL-USDT-SWAP,15m,2H,0.003,0.015,0.005,148.0,0.0,-100.0,1314,403,911,30.67,100.0,0.431,-5.484,6565,0.01,-100.0,0.0,-100.0,0.0,-34.71
SOL-USDT-SWAP,15m,2H,0.003,0.015,0.008,148.0,0.0,-100.0,1314,469,845,35.693,100.0,0.469,-5.484,6565,0.01,-99.99,0.0,-100.0,0.0,-25.54
SOL-USDT-SWAP,15m,2H,0.003,0.015,0.01,148.0,0.0,-100.0,1314,490,824,37.291,100.0,0.452,-5.484,6565,0.02,-99.99,0.0,-100.0,0.0,-29.06
SOL-USDT-SWAP,15m,2H,0.003,0.015,0.015,148.0,0.0,-100.0,1314,508,806,38.661,100.0,0.419,-5.484,6565,0.01,-99.99,0.0,-100.0,0.0,-26.78
SOL-USDT-SWAP,15m,2H,0.003,0.015,0.02,148.0,0.0,-100.0,1314,517,797,39.346,100.0,0.505,-5.484,6565,0.01,-99.99,0.0,-100.0,0.0,-26.78
SOL-USDT-SWAP,15m,2H,0.003,0.015,0.025,148.0,0.0,-100.0,1314,524,790,39.878,100.0,0.513,-5.484,6565,0.03,-99.98,0.0,-100.0,0.0,-26.78
SOL-USDT-SWAP,15m,2H,0.003,0.015,0.03,148.0,0.0,-100.0,1314,528,786,40.183,100.0,0.488,-5.484,6565,0.02,-99.98,0.0,-100.0,0.0,-26.78
SOL-USDT-SWAP,15m,2H,0.003,0.02,0.005,148.0,0.0,-100.0,1314,385,929,29.3,100.0,0.496,-5.484,6565,0.0,-100.0,0.0,-100.0,0.0,-34.71
SOL-USDT-SWAP,15m,2H,0.003,0.02,0.008,148.0,0.0,-100.0,1314,447,867,34.018,100.0,0.544,-5.484,6565,0.0,-100.0,0.0,-100.0,0.0,-27.97
SOL-USDT-SWAP,15m,2H,0.003,0.02,0.01,148.0,0.0,-100.0,1314,464,850,35.312,100.0,0.491,-5.484,6565,0.0,-100.0,0.0,-100.0,0.0,-31.37
SOL-USDT-SWAP,15m,2H,0.003,0.02,0.015,148.0,0.0,-100.0,1314,481,833,36.606,100.0,0.451,-5.484,6565,0.0,-100.0,0.0,-100.0,0.0,-29.17
SOL-USDT-SWAP,15m,2H,0.003,0.02,0.02,148.0,0.0,-100.0,1314,488,826,37.139,100.0,0.408,-5.484,6565,0.0,-100.0,0.0,-100.0,0.0,-29.17
SOL-USDT-SWAP,15m,2H,0.003,0.02,0.025,148.0,0.0,-100.0,1314,493,821,37.519,100.0,0.401,-5.484,6565,0.0,-100.0,0.0,-100.0,0.0,-29.17
SOL-USDT-SWAP,15m,2H,0.003,0.02,0.03,148.0,0.0,-100.0,1314,497,817,37.823,100.0,0.363,-5.484,6565,0.0,-100.0,0.0,-100.0,0.0,-29.17
SOL-USDT-SWAP,15m,2H,0.003,0.03,0.005,148.0,0.0,-100.0,1314,373,941,28.387,100.0,0.519,-5.484,6565,0.0,-100.0,0.0,-100.0,0.0,-34.71
SOL-USDT-SWAP,15m,2H,0.003,0.03,0.008,148.0,0.0,-100.0,1314,432,882,32.877,100.0,0.506,-5.484,6565,0.0,-100.0,0.0,-100.0,0.0,-27.97
SOL-USDT-SWAP,15m,2H,0.003,0.03,0.01,148.0,0.0,-100.0,1314,450,864,34.247,100.0,0.462,-5.484,6565,0.0,-100.0,0.0,-100.0,0.0,-31.37
SOL-USDT-SWAP,15m,2H,0.003,0.03,0.015,148.0,0.0,-100.0,1314,461,853,35.084,100.0,0.426,-5.484,6565,0.0,-100.0,0.0,-100.0,0.0,-29.17
SOL-USDT-SWAP,15m,2H,0.003,0.03,0.02,148.0,0.0,-100.0,1314,467,847,35.54,100.0,0.383,-5.484,6565,0.0,-100.0,0.0,-100.0,0.0,-29.17
SOL-USDT-SWAP,15m,2H,0.003,0.03,0.025,148.0,0.0,-100.0,1314,473,841,35.997,100.0,0.379,-5.484,6565,0.0,-100.0,0.0,-100.0,0.0,-29.17
SOL-USDT-SWAP,15m,2H,0.003,0.03,0.03,148.0,0.0,-100.0,1314,475,839,36.149,100.0,0.341,-5.484,6565,0.0,-100.0,0.0,-100.0,0.0,-29.17
SOL-USDT-SWAP,15m,2H,0.004,0.004,0.005,148.0,0.034,-99.977,1127,765,362,67.879,99.978,0.624,-5.483,6565,11.73,-92.08,0.04,-99.65,0.03,-18.03
SOL-USDT-SWAP,15m,2H,0.004,0.004,0.008,148.0,8.309,-94.386,1127,874,253,77.551,95.268,0.895,-5.177,6565,99.67,-32.65,10.69,-89.27,8.31,-22.29
SOL-USDT-SWAP,15m,2H,0.004,0.004,0.01,148.0,60.068,-59.414,1127,903,224,80.124,78.52,0.953,-3.259,6565,120.95,-18.28,80.86,-33.14,60.07,-25.72
SOL-USDT-SWAP,15m,2H,0.004,0.004,0.015,148.0,1616.128,991.978,1127,941,186,83.496,64.311,1.104,54.405,6565,339.63,129.48,2061.25,506.91,1616.13,-21.59
SOL-USDT-SWAP,15m,2H,0.004,0.004,0.02,148.0,4119.076,2683.16,1127,952,175,84.472,64.486,1.112,147.157,6565,768.46,419.23,5253.57,583.65,4119.08,-21.59
SOL-USDT-SWAP,15m,2H,0.004,0.004,0.025,148.0,7927.362,5256.326,1127,958,169,85.004,57.892,1.13,288.281,6565,1232.26,732.61,10110.75,720.5,7927.36,-21.59
SOL-USDT-SWAP,15m,2H,0.004,0.004,0.03,148.0,31781.294,21373.847,1127,964,163,85.537,65.965,1.393,1172.24,6565,1683.29,1037.36,35231.21,1993.0,31781.29,-9.79
SOL-USDT-SWAP,15m,2H,0.004,0.006,0.005,148.0,0.031,-99.979,1127,610,517,54.126,99.981,0.754,-5.483,6565,16.93,-88.56,0.04,-99.77,0.03,-20.01
SOL-USDT-SWAP,15m,2H,0.004,0.006,0.008,148.0,2.636,-98.219,1127,701,426,62.201,98.942,0.935,-5.387,6565,105.18,-28.93,3.48,-96.7,2.64,-24.16
SOL-USDT-SWAP,15m,2H,0.004,0.006,0.01,148.0,4.834,-96.734,1127,724,403,64.241,98.677,0.946,-5.305,6565,130.67,-11.71,6.67,-94.9,4.83,-27.51
SOL-USDT-SWAP,15m,2H,0.004,0.006,0.015,148.0,44.006,-70.266,1127,757,370,67.169,97.772,0.986,-3.854,6565,259.92,75.62,57.51,-77.87,44.01,-23.48
SOL-USDT-SWAP,15m,2H,0.004,0.006,0.02,148.0,84.505,-42.902,1127,766,361,67.968,97.336,0.997,-2.353,6565,661.59,347.02,110.44,-83.31,84.5,-23.48
SOL-USDT-SWAP,15m,2H,0.004,0.006,0.025,148.0,144.029,-2.683,1127,772,355,68.5,96.143,1.0,-0.147,6565,984.46,565.18,188.24,-80.88,144.03,-23.48
SOL-USDT-SWAP,15m,2H,0.004,0.006,0.03,148.0,562.277,279.917,1127,778,349,69.033,89.83,1.014,15.352,6565,1189.11,703.45,734.86,-38.2,562.28,-23.48
SOL-USDT-SWAP,15m,2H,0.004,0.008,0.005,148.0,0.0,-100.0,1127,490,637,43.478,100.0,0.612,-5.484,6565,2.42,-98.37,0.0,-99.99,0.0,-16.9
SOL-USDT-SWAP,15m,2H,0.004,0.008,0.008,148.0,0.002,-99.998,1127,569,558,50.488,99.999,0.865,-5.484,6565,19.88,-86.56,0.0,-99.98,0.0,-21.21
SOL-USDT-SWAP,15m,2H,0.004,0.008,0.01,148.0,0.003,-99.998,1127,591,536,52.44,99.998,0.887,-5.484,6565,27.01,-81.75,0.0,-99.98,0.0,-24.69
SOL-USDT-SWAP,15m,2H,0.004,0.008,0.015,148.0,0.016,-99.989,1127,620,507,55.013,99.994,0.91,-5.484,6565,35.39,-76.09,0.02,-99.94,0.02,-20.51
SOL-USDT-SWAP,15m,2H,0.004,0.008,0.02,148.0,0.037,-99.975,1127,629,498,55.812,99.992,0.948,-5.483,6565,102.84,-30.52,0.05,-99.96,0.04,-20.51
SOL-USDT-SWAP,15m,2H,0.004,0.008,0.025,148.0,0.08,-99.946,1127,635,492,56.344,99.988,0.962,-5.481,6565,152.65,3.14,0.1,-99.93,0.08,-20.51
SOL-USDT-SWAP,15m,2H,0.004,0.008,0.03,148.0,0.329,-99.778,1127,641,486,56.877,99.936,0.959,-5.472,6565,202.59,36.88,0.41,-99.8,0.33,-20.51
SOL-USDT-SWAP,15m,2H,0.004,0.01,0.005,148.0,0.0,-100.0,1127,418,709,37.09,100.0,0.548,-5.484,6565,0.25,-99.83,0.0,-100.0,0.0,-13.73
SOL-USDT-SWAP,15m,2H,0.004,0.01,0.008,148.0,0.0,-100.0,1127,484,643,42.946,100.0,0.705,-5.484,6565,0.74,-99.5,0.0,-100.0,0.0,-18.21
SOL-USDT-SWAP,15m,2H,0.004,0.01,0.01,148.0,0.0,-100.0,1127,505,622,44.809,100.0,0.683,-5.484,6565,0.66,-99.55,0.0,-100.0,0.0,-21.82
SOL-USDT-SWAP,15m,2H,0.004,0.01,0.015,148.0,0.0,-100.0,1127,535,592,47.471,100.0,0.736,-5.484,6565,0.74,-99.5,0.0,-99.99,0.0,-17.48
SOL-USDT-SWAP,15m,2H,0.004,0.01,0.02,148.0,0.0,-100.0,1127,543,584,48.181,100.0,0.77,-5.484,6565,2.34,-98.42,0.0,-100.0,0.0,-17.48
SOL-USDT-SWAP,15m,2H,0.004,0.01,0.025,148.0,0.0,-100.0,1127,548,579,48.625,100.0,0.797,-5.484,6565,2.82,-98.09,0.0,-100.0,0.0,-17.48
SOL-USDT-SWAP,15m,2H,0.004,0.01,0.03,148.0,0.0,-100.0,1127,554,573,49.157,100.0,0.773,-5.484,6565,3.74,-97.48,0.0,-99.99,0.0,-17.48
SOL-USDT-SWAP,15m,2H,0.004,0.012,0.005,148.0,0.0,-100.0,1127,378,749,33.54,100.0,0.508,-5.484,6565,0.12,-99.92,0.0,-100.0,0.0,-19.24
SOL-USDT-SWAP,15m,2H,0.004,0.012,0.008,148.0,0.0,-100.0,1127,437,690,38.776,100.0,0.628,-5.484,6565,0.26,-99.82,0.0,-100.0,0.0,-23.43
SOL-USDT-SWAP,15m,2H,0.004,0.012,0.01,148.0,0.0,-100.0,1127,453,674,40.195,100.0,0.613,-5.484,6565,0.17,-99.88,0.0,-100.0,0.0,-26.81
SOL-USDT-SWAP,15m,2H,0.004,0.012,0.015,148.0,0.0,-100.0,1127,479,648,42.502,100.0,0.672,-5.484,6565,0.19,-99.87,0.0,-100.0,0.0,-22.74
SOL-USDT-SWAP,15m,2H,0.004,0.012,0.02,148.0,0.0,-100.0,1127,487,640,43.212,100.0,0.702,-5.484,6565,0.68,-99.54,0.0,-100.0,0.0,-22.74
SOL-USDT-SWAP,15m,2H,0.004,0.012,0.025,148.0,0.0,-100.0,1127,492,635,43.656,100.0,0.727,-5.484,6565,0.81,-99.45,0.0,-100.0,0.0,-22.74
SOL-USDT-SWAP,15m,2H,0.004,0.012,0.03,148.0,0.0,-100.0,1127,497,630,44.099,100.0,0.714,-5.484,6565,1.28,-99.13,0.0,-100.0,0.0,-22.74
SOL-USDT-SWAP,15m,2H,0.004,0.015,0.005,148.0,0.0,-100.0,1127,345,782,30.612,100.0,0.483,-5.484,6565,0.03,-99.98,0.0,-100.0,0.0,-17.03
SOL-USDT-SWAP,15m,2H,0.004,0.015,0.008,148.0,0.0,-100.0,1127,398,729,35.315,100.0,0.505,-5.484,6565,0.06,-99.96,0.0,-100.0,0.0,-21.34
SOL-USDT-SWAP,15m,2H,0.004,0.015,0.01,148.0,0.0,-100.0,1127,412,715,36.557,100.0,0.48,-5.484,6565,0.03,-99.98,0.0,-100.0,0.0,-24.81
SOL-USDT-SWAP,15m,2H,0.004,0.015,0.015,148.0,0.0,-100.0,1127,435,692,38.598,100.0,0.533,-5.484,6565,0.02,-99.98,0.0,-100.0,0.0,-20.63
SOL-USDT-SWAP,15m,2H,0.004,0.015,0.02,148.0,0.0,-100.0,1127,442,685,39.219,100.0,0.543,-5.484,6565,0.07,-99.95,0.0,-100.0,0.0,-20.63
SOL-USDT-SWAP,15m,2H,0.004,0.015,0.025,148.0,0.0,-100.0,1127,446,681,39.574,100.0,0.533,-5.484,6565,0.04,-99.97,0.0,-100.0,0.0,-20.63
SOL-USDT-SWAP,15m,2H,0.004,0.015,0.03,148.0,0.0,-100.0,1127,451,676,40.018,100.0,0.505,-5.484,6565,0.05,-99.97,0.0,-100.0,0.0,-20.63
SOL-USDT-SWAP,15m,2H,0.004,0.02,0.005,148.0,0.0,-100.0,1127,326,801,28.926,100.0,0.516,-5.484,6565,0.01,-99.99,0.0,-100.0,0.0,-18.99
SOL-USDT-SWAP,15m,2H,0.004,0.02,0.008,148.0,0.0,-100.0,1127,375,752,33.274,100.0,0.498,-5.484,6565,0.01,-99.99,0.0,-100.0,0.0,-23.19
SOL-USDT-SWAP,15m,2H,0.004,0.02,0.01,148.0,0.0,-100.0,1127,389,738,34.516,100.0,0.472,-5.484,6565,0.01,-100.0,0.0,-100.0,0.0,-26.58
SOL-USDT-SWAP,15m,2H,0.004,0.02,0.015,148.0,0.0,-100.0,1127,409,718,36.291,100.0,0.421,-5.484,6565,0.0,-100.0,0.0,-100.0,0.0,-22.5
SOL-USDT-SWAP,15m,2H,0.004,0.02,0.02,148.0,0.0,-100.0,1127,416,711,36.912,100.0,0.399,-5.484,6565,0.0,-100.0,0.0,-100.0,0.0,-22.5
SOL-USDT-SWAP,15m,2H,0.004,0.02,0.025,148.0,0.0,-100.0,1127,419,708,37.178,100.0,0.383,-5.484,6565,0.0,-100.0,0.0,-100.0,0.0,-22.5
SOL-USDT-SWAP,15m,2H,0.004,0.02,0.03,148.0,0.0,-100.0,1127,423,704,37.533,100.0,0.345,-5.484,6565,0.0,-100.0,0.0,-100.0,0.0,-22.5
SOL-USDT-SWAP,15m,2H,0.004,0.03,0.005,148.0,0.0,-100.0,1127,313,814,27.773,100.0,0.532,-5.484,6565,0.01,-99.99,0.0,-100.0,0.0,-18.99
SOL-USDT-SWAP,15m,2H,0.004,0.03,0.008,148.0,0.0,-100.0,1127,362,765,32.121,100.0,0.512,-5.484,6565,0.01,-99.99,0.0,-100.0,0.0,-23.19
SOL-USDT-SWAP,15m,2H,0.004,0.03,0.01,148.0,0.0,-100.0,1127,374,753,33.185,100.0,0.499,-5.484,6565,0.01,-100.0,0.0,-100.0,0.0,-26.58
SOL-USDT-SWAP,15m,2H,0.004,0.03,0.015,148.0,0.0,-100.0,1127,391,736,34.694,100.0,0.448,-5.484,6565,0.0,-100.0,0.0,-100.0,0.0,-22.5
SOL-USDT-SWAP,15m,2H,0.004,0.03,0.02,148.0,0.0,-100.0,1127,398,729,35.315,100.0,0.422,-5.484,6565,0.0,-100.0,0.0,-100.0,0.0,-22.5
SOL-USDT-SWAP,15m,2H,0.004,0.03,0.025,148.0,0.0,-100.0,1127,401,726,35.581,100.0,0.407,-5.484,6565,0.0,-100.0,0.0,-100.0,0.0,-22.5
SOL-USDT-SWAP,15m,2H,0.004,0.03,0.03,148.0,0.0,-100.0,1127,403,724,35.759,100.0,0.367,-5.484,6565,0.0,-100.0,0.0,-100.0,0.0,-22.5
SOL-USDT-SWAP,15m,2H,0.005,0.004,0.005,148.0,0.104,-99.93,965,659,306,68.29,99.932,0.711,-5.481,6565,21.16,-85.7,0.11,-99.46,0.1,-9.46
SOL-USDT-SWAP,15m,2H,0.005,0.004,0.008,148.0,18.631,-87.411,965,757,208,78.446,92.27,0.893,-4.794,6565,97.26,-34.28,18.28,-81.21,18.63,1.94
SOL-USDT-SWAP,15m,2H,0.005,0.004,0.01,148.0,89.566,-39.482,965,784,181,81.244,84.185,0.966,-2.165,6565,185.09,25.06,87.86,-52.53,89.57,1.94
SOL-USDT-SWAP,15m,2H,0.005,0.004,0.015,148.0,1348.205,810.949,965,817,148,84.663,64.615,1.166,44.476,6565,219.01,47.98,1322.5,503.86,1348.2,1.94
SOL-USDT-SWAP,15m,2H,0.005,0.004,0.02,148.0,5192.619,3408.526,965,829,136,85.907,60.719,1.201,186.939,6565,1084.32,632.65,5093.61,369.75,5192.62,1.94
SOL-USDT-SWAP,15m,2H,0.005,0.004,0.025,148.0,8771.846,5826.923,965,835,130,86.528,57.892,1.23,319.575,6565,1395.77,843.09,8604.6,516.48,8771.85,1.94
SOL-USDT-SWAP,15m,2H,0.005,0.004,0.03,148.0,32171.702,21637.637,965,841,124,87.15,65.965,1.639,1186.708,6565,2075.14,1302.12,31843.25,1434.51,32171.7,1.03
SOL-USDT-SWAP,15m,2H,0.005,0.006,0.005,148.0,0.418,-99.717,965,541,424,56.062,99.803,0.865,-5.469,6565,42.89,-71.02,0.5,-98.83,0.42,-16.45
SOL-USDT-SWAP,15m,2H,0.005,0.006,0.008,148.0,22.153,-85.032,965,620,345,64.249,96.605,0.968,-4.664,6565,225.6,52.43,27.67,-87.73,22.15,-19.95
SOL-USDT-SWAP,15m,2H,0.005,0.006,0.01,148.0,43.354,-70.707,965,642,323,66.528,98.049,0.983,-3.878,6565,511.5,245.61,53.91,-89.46,43.35,-19.58
SOL-USDT-SWAP,15m,2H,0.005,0.006,0.015,148.0,405.482,173.974,965,673,292,69.741,91.548,1.016,9.542,6565,626.06,323.01,491.06,-21.56,405.48,-17.43
SOL-USDT-SWAP,15m,2H,0.005,0.006,0.02,148.0,729.194,392.699,965,681,284,70.57,92.848,1.017,21.537,6565,1668.19,1027.16,883.1,-47.06,729.19,-17.43
SOL-USDT-SWAP,15m,2H,0.005,0.006,0.025,148.0,1068.667,622.072,965,687,278,71.192,90.678,1.021,34.117,6565,2019.16,1264.3,1294.22,-35.9,1068.67,-17.43
SOL-USDT-SWAP,15m,2H,0.005,0.006,0.03,148.0,11765.866,7849.91,965,694,271,71.917,69.702,1.11,430.525,6565,4065.7,2647.1,14249.12,250.47,11765.87,-17.43
SOL-USDT-SWAP,15m,2H,0.005,0.008,0.005,148.0,0.027,-99.981,965,446,519,46.218,99.984,0.784,-5.483,6565,20.45,-86.19,0.03,-99.85,0.03,-13.45
SOL-USDT-SWAP,15m,2H,0.005,0.008,0.008,148.0,0.478,-99.677,965,515,450,53.368,99.843,0.915,-5.467,6565,98.98,-33.12,0.58,-99.42,0.48,-17.08
SOL-USDT-SWAP,15m,2H,0.005,0.008,0.01,148.0,0.346,-99.766,965,531,434,55.026,99.951,0.932,-5.472,6565,160.9,8.72,0.42,-99.74,0.35,-16.7
SOL-USDT-SWAP,15m,2H,0.005,0.008,0.015,148.0,1.643,-98.89,965,557,408,57.72,99.838,0.948,-5.424,6565,165.86,12.07,1.92,-98.84,1.64,-14.46
SOL-USDT-SWAP,15m,2H,0.005,0.008,0.02,148.0,2.802,-98.107,965,566,399,58.653,99.804,0.974,-5.381,6565,510.5,244.93,3.28,-99.36,2.8,-14.46
SOL-USDT-SWAP,15m,2H,0.005,0.008,0.025,148.0,3.742,-97.471,965,572,393,59.275,99.798,0.977,-5.346,6565,586.01,295.95,4.38,-99.25,3.74,-14.46
SOL-USDT-SWAP,15m,2H,0.005,0.008,0.03,148.0,21.979,-85.149,965,578,387,59.896,99.132,0.984,-4.67,6565,819.44,453.67,25.7,-96.86,21.98,-14.46
SOL-USDT-SWAP,15m,2H,0.005,0.01,0.005,148.0,0.0,-100.0,965,367,598,38.031,100.0,0.592,-5.484,6565,1.23,-99.17,0.0,-99.99,0.0,-10.15
SOL-USDT-SWAP,15m,2H,0.005,0.01,0.008,148.0,0.0,-100.0,965,428,537,44.352,100.0,0.701,-5.484,6565,3.23,-97.81,0.0,-99.99,0.0,-13.91
SOL-USDT-SWAP,15m,2H,0.005,0.01,0.01,148.0,0.0,-100.0,965,445,520,46.114,100.0,0.701,-5.484,6565,3.33,-97.75,0.0,-99.99,0.0,-13.52
SOL-USDT-SWAP,15m,2H,0.005,0.01,0.015,148.0,0.0,-100.0,965,468,497,48.497,100.0,0.747,-5.484,6565,2.63,-98.22,0.0,-99.98,0.0,-11.2
SOL-USDT-SWAP,15m,2H,0.005,0.01,0.02,148.0,0.001,-100.0,965,476,489,49.326,100.0,0.796,-5.484,6565,10.61,-92.83,0.0,-99.99,0.0,-11.2
SOL-USDT-SWAP,15m,2H,0.005,0.01,0.025,148.0,0.001,-99.999,965,481,484,49.845,100.0,0.832,-5.484,6565,12.61,-91.48,0.0,-99.99,0.0,-11.2
SOL-USDT-SWAP,15m,2H,0.005,0.01,0.03,148.0,0.005,-99.997,965,487,478,50.466,99.999,0.811,-5.484,6565,15.58,-89.47,0.01,-99.97,0.0,-11.2
SOL-USDT-SWAP,15m,2H,0.005,0.012,0.005,148.0,0.0,-100.0,965,329,636,34.093,100.0,0.526,-5.484,6565,0.26,-99.82,0.0,-100.0,0.0,-6.79
SOL-USDT-SWAP,15m,2H,0.005,0.012,0.008,148.0,0.0,-100.0,965,386,579,40.0,100.0,0.61,-5.484,6565,0.75,-99.5,0.0,-100.0,0.0,-10.69
SOL-USDT-SWAP,15m,2H,0.005,0.012,0.01,148.0,0.0,-100.0,965,400,565,41.451,100.0,0.584,-5.484,6565,0.5,-99.66,0.0,-100.0,0.0,-10.28
SOL-USDT-SWAP,15m,2H,0.005,0.012,0.015,148.0,0.0,-100.0,965,425,540,44.041,100.0,0.668,-5.484,6565,0.5,-99.66,0.0,-100.0,0.0,-7.88
SOL-USDT-SWAP,15m,2H,0.005,0.012,0.02,148.0,0.0,-100.0,965,433,532,44.87,100.0,0.69,-5.484,6565,1.86,-98.74,0.0,-100.0,0.0,-7.88
SOL-USDT-SWAP,15m,2H,0.005,0.012,0.025,148.0,0.0,-100.0,965,437,528,45.285,100.0,0.715,-5.484,6565,2.09,-98.59,0.0,-100.0,0.0,-7.88
SOL-USDT-SWAP,15m,2H,0.005,0.012,0.03,148.0,0.0,-100.0,965,444,521,46.01,100.0,0.705,-5.484,6565,2.9,-98.04,0.0,-99.99,0.0,-7.88
SOL-USDT-SWAP,15m,2H,0.005,0.015,0.005,148.0,0.0,-100.0,965,296,669,30.674,100.0,0.497,-5.484,6565,0.09,-99.94,0.0,-100.0,0.0,-12.72
SOL-USDT-SWAP,15m,2H,0.005,0.015,0.008,148.0,0.0,-100.0,965,346,619,35.855,100.0,0.595,-5.484,6565,0.17,-99.89,0.0,-100.0,0.0,-16.38
SOL-USDT-SWAP,15m,2H,0.005,0.015,0.01,148.0,0.0,-100.0,965,356,609,36.891,100.0,0.574,-5.484,6565,0.08,-99.94,0.0,-100.0,0.0,-15.99
SOL-USDT-SWAP,15m,2H,0.005,0.015,0.015,148.0,0.0,-100.0,965,378,587,39.171,100.0,0.66,-5.484,6565,0.07,-99.95,0.0,-100.0,0.0,-13.74
SOL-USDT-SWAP,15m,2H,0.005,0.015,0.02,148.0,0.0,-100.0,965,384,581,39.793,100.0,0.67,-5.484,6565,0.18,-99.88,0.0,-100.0,0.0,-13.74
SOL-USDT-SWAP,15m,2H,0.005,0.015,0.025,148.0,0.0,-100.0,965,387,578,40.104,100.0,0.672,-5.484,6565,0.13,-99.91,0.0,-100.0,0.0,-13.74
SOL-USDT-SWAP,15m,2H,0.005,0.015,0.03,148.0,0.0,-100.0,965,394,571,40.829,100.0,0.662,-5.484,6565,0.15,-99.9,0.0,-100.0,0.0,-13.74
SOL-USDT-SWAP,15m,2H,0.005,0.02,0.005,148.0,0.0,-100.0,965,280,685,29.016,100.0,0.493,-5.484,6565,0.05,-99.97,0.0,-100.0,0.0,-13.99
SOL-USDT-SWAP,15m,2H,0.005,0.02,0.008,148.0,0.0,-100.0,965,325,640,33.679,100.0,0.447,-5.484,6565,0.04,-99.98,0.0,-100.0,0.0,-17.59
SOL-USDT-SWAP,15m,2H,0.005,0.02,0.01,148.0,0.0,-100.0,965,334,631,34.611,100.0,0.415,-5.484,6565,0.01,-99.99,0.0,-100.0,0.0,-17.22
SOL-USDT-SWAP,15m,2H,0.005,0.02,0.015,148.0,0.0,-100.0,965,355,610,36.788,100.0,0.395,-5.484,6565,0.01,-100.0,0.0,-100.0,0.0,-15.0
SOL-USDT-SWAP,15m,2H,0.005,0.02,0.02,148.0,0.0,-100.0,965,361,604,37.409,100.0,0.381,-5.484,6565,0.01,-99.99,0.0,-100.0,0.0,-15.0
SOL-USDT-SWAP,15m,2H,0.005,0.02,0.025,148.0,0.0,-100.0,965,364,601,37.72,100.0,0.343,-5.484,6565,0.01,-100.0,0.0,-100.0,0.0,-15.0
SOL-USDT-SWAP,15m,2H,0.005,0.02,0.03,148.0,0.0,-100.0,965,370,595,38.342,100.0,0.306,-5.484,6565,0.01,-100.0,0.0,-100.0,0.0,-15.0
SOL-USDT-SWAP,15m,2H,0.005,0.03,0.005,148.0,0.0,-100.0,965,264,701,27.358,100.0,0.495,-5.484,6565,0.03,-99.98,0.0,-100.0,0.0,-13.99
SOL-USDT-SWAP,15m,2H,0.005,0.03,0.008,148.0,0.0,-100.0,965,310,655,32.124,100.0,0.464,-5.484,6565,0.03,-99.98,0.0,-100.0,0.0,-17.59
SOL-USDT-SWAP,15m,2H,0.005,0.03,0.01,148.0,0.0,-100.0,965,316,649,32.746,100.0,0.435,-5.484,6565,0.01,-99.99,0.0,-100.0,0.0,-17.22
SOL-USDT-SWAP,15m,2H,0.005,0.03,0.015,148.0,0.0,-100.0,965,335,630,34.715,100.0,0.415,-5.484,6565,0.0,-100.0,0.0,-100.0,0.0,-15.0
SOL-USDT-SWAP,15m,2H,0.005,0.03,0.02,148.0,0.0,-100.0,965,343,622,35.544,100.0,0.403,-5.484,6565,0.01,-99.99,0.0,-100.0,0.0,-15.0
SOL-USDT-SWAP,15m,2H,0.005,0.03,0.025,148.0,0.0,-100.0,965,345,620,35.751,100.0,0.363,-5.484,6565,0.0,-100.0,0.0,-100.0,0.0,-15.0
SOL-USDT-SWAP,15m,2H,0.005,0.03,0.03,148.0,0.0,-100.0,965,349,616,36.166,100.0,0.325,-5.484,6565,0.0,-100.0,0.0,-100.0,0.0,-15.0
SOL-USDT-SWAP,15m,2H,0.007,0.004,0.005,148.0,0.202,-99.863,737,495,242,67.164,99.877,0.669,-5.477,6565,32.66,-77.93,0.19,-99.42,0.2,7.17
SOL-USDT-SWAP,15m,2H,0.007,0.004,0.008,148.0,11.367,-92.32,737,576,161,78.155,97.909,0.884,-5.063,6565,184.56,24.7,10.61,-94.25,11.37,7.17
SOL-USDT-SWAP,15m,2H,0.007,0.004,0.01,148.0,30.429,-79.44,737,598,139,81.14,96.55,0.93,-4.357,6565,305.49,106.41,28.39,-90.71,30.43,7.17
SOL-USDT-SWAP,15m,2H,0.007,0.004,0.015,148.0,610.239,312.324,737,629,108,85.346,81.192,1.093,17.129,6565,613.74,314.69,569.4,-7.22,610.24,7.17
SOL-USDT-SWAP,15m,2H,0.007,0.004,0.02,148.0,1445.95,876.993,737,640,97,86.839,86.959,1.095,48.098,6565,2819.64,1805.16,1349.18,-52.15,1445.95,7.17
SOL-USDT-SWAP,15m,2H,0.007,0.004,0.025,148.0,4948.755,3243.753,737,647,90,87.788,84.933,1.211,177.902,6565,3450.86,2231.67,4617.56,33.81,4948.75,7.17
SOL-USDT-SWAP,15m,2H,0.007,0.004,0.03,148.0,23981.676,16103.835,737,653,84,88.602,82.319,1.531,883.209,6565,4821.76,3157.94,22930.07,375.55,23981.68,4.59
SOL-USDT-SWAP,15m,2H,0.007,0.006,0.005,148.0,3.316,-97.759,737,422,315,57.259,99.026,0.889,-5.362,6565,79.95,-45.98,3.06,-96.17,3.32,8.21
SOL-USDT-SWAP,15m,2H,0.007,0.006,0.008,148.0,55.211,-62.696,737,482,255,65.4,95.3,0.967,-3.439,6565,205.16,38.62,51.02,-75.13,55.21,8.21
SOL-USDT-SWAP,15m,2H,0.007,0.006,0.01,148.0,130.847,-11.59,737,502,235,68.114,93.948,0.996,-0.636,6565,376.93,154.68,120.92,-67.92,130.85,8.21
SOL-USDT-SWAP,15m,2H,0.007,0.006,0.015,148.0,3048.701,1959.933,737,531,206,72.049,73.221,1.14,107.492,6565,580.99,292.56,2817.45,384.94,3048.7,8.21
SOL-USDT-SWAP,15m,2H,0.007,0.006,0.02,148.0,5012.79,3287.02,737,541,196,73.406,71.978,1.105,180.275,6565,2282.54,1442.25,4632.56,102.96,5012.79,8.21
SOL-USDT-SWAP,15m,2H,0.007,0.006,0.025,148.0,17508.057,11729.768,737,548,189,74.355,68.527,1.192,643.315,6565,2743.57,1753.76,16282.82,493.49,17508.06,7.52
SOL-USDT-SWAP,15m,2H,0.007,0.006,0.03,148.0,52241.236,35198.132,737,554,183,75.17,64.059,1.433,1930.428,6565,4072.02,2651.36,51016.0,1152.84,52241.24,2.4
SOL-USDT-SWAP,15m,2H,0.007,0.008,0.005,148.0,0.277,-99.813,737,338,399,45.862,99.847,0.843,-5.474,6565,39.87,-73.06,0.32,-99.21,0.28,-12.38
SOL-USDT-SWAP,15m,2H,0.007,0.008,0.008,148.0,1.126,-99.239,737,387,350,52.51,99.782,0.912,-5.443,6565,93.48,-36.84,1.37,-98.53,1.13,-17.96
SOL-USDT-SWAP,15m,2H,0.007,0.008,0.01,148.0,1.786,-98.793,737,405,332,54.953,99.827,0.939,-5.418,6565,129.16,-12.73,2.02,-98.44,1.79,-11.61
SOL-USDT-SWAP,15m,2H,0.007,0.008,0.015,148.0,15.343,-89.633,737,428,309,58.073,99.048,0.962,-4.916,6565,157.46,6.39,17.36,-88.98,15.34,-11.61
SOL-USDT-SWAP,15m,2H,0.007,0.008,0.02,148.0,16.671,-88.736,737,436,301,59.159,99.178,0.975,-4.867,6565,377.55,155.1,18.86,-95.0,16.67,-11.61
SOL-USDT-SWAP,15m,2H,0.007,0.008,0.025,148.0,100.437,-32.137,737,444,293,60.244,96.565,0.995,-1.763,6565,691.58,367.29,113.63,-83.57,100.44,-11.61
SOL-USDT-SWAP,15m,2H,0.007,0.008,0.03,148.0,750.453,407.063,737,451,286,61.194,85.597,1.03,22.325,6565,974.24,558.27,849.03,-12.85,750.45,-11.61
SOL-USDT-SWAP,15m,2H,0.007,0.01,0.005,148.0,0.027,-99.982,737,289,448,39.213,99.984,0.819,-5.483,6565,36.3,-75.47,0.03,-99.92,0.03,-10.72
SOL-USDT-SWAP,15m,2H,0.007,0.01,0.008,148.0,0.057,-99.962,737,332,405,45.047,99.978,0.874,-5.482,6565,66.23,-55.25,0.07,-99.9,0.06,-16.41
SOL-USDT-SWAP,15m,2H,0.007,0.01,0.01,148.0,0.077,-99.948,737,348,389,47.218,99.984,0.902,-5.482,6565,85.15,-42.46,0.09,-99.9,0.08,-9.94
SOL-USDT-SWAP,15m,2H,0.007,0.01,0.015,148.0,0.356,-99.759,737,368,369,49.932,99.943,0.915,-5.471,6565,87.94,-40.58,0.4,-99.55,0.36,-9.94
SOL-USDT-SWAP,15m,2H,0.007,0.01,0.02,148.0,0.274,-99.815,737,376,361,51.018,99.953,0.939,-5.474,6565,222.8,50.54,0.3,-99.86,0.27,-9.94
SOL-USDT-SWAP,15m,2H,0.007,0.01,0.025,148.0,1.457,-99.016,737,384,353,52.103,99.821,0.956,-5.43,6565,396.44,167.86,1.62,-99.59,1.46,-9.94
SOL-USDT-SWAP,15m,2H,0.007,0.01,0.03,148.0,5.445,-96.321,737,390,347,52.917,99.377,0.962,-5.283,6565,382.36,158.35,6.05,-98.42,5.44,-9.94
SOL-USDT-SWAP,15m,2H,0.007,0.012,0.005,148.0,0.001,-100.0,737,251,486,34.057,100.0,0.688,-5.484,6565,7.82,-94.72,0.0,-99.99,0.0,-9.07
SOL-USDT-SWAP,15m,2H,0.007,0.012,0.008,148.0,0.001,-99.999,737,293,444,39.756,99.999,0.693,-5.484,6565,7.87,-94.68,0.0,-99.99,0.0,-14.86
SOL-USDT-SWAP,15m,2H,0.007,0.012,0.01,148.0,0.001,-99.999,737,309,428,41.927,99.999,0.739,-5.484,6565,8.99,-93.93,0.0,-99.99,0.0,-8.27
SOL-USDT-SWAP,15m,2H,0.007,0.012,0.015,148.0,0.004,-99.998,737,326,411,44.233,99.998,0.781,-5.484,6565,10.01,-93.24,0.0,-99.96,0.0,-8.27
SOL-USDT-SWAP,15m,2H,0.007,0.012,0.02,148.0,0.002,-99.998,737,333,404,45.183,99.999,0.823,-5.484,6565,30.88,-79.13,0.0,-99.99,0.0,-8.27
SOL-USDT-SWAP,15m,2H,0.007,0.012,0.025,148.0,0.01,-99.993,737,340,397,46.133,99.995,0.848,-5.484,6565,53.75,-63.68,0.01,-99.98,0.01,-8.27
SOL-USDT-SWAP,15m,2H,0.007,0.012,0.03,148.0,0.041,-99.972,737,346,391,46.947,99.98,0.832,-5.483,6565,44.96,-69.62,0.04,-99.9,0.04,-8.27
SOL-USDT-SWAP,15m,2H,0.007,0.015,0.005,148.0,0.0,-100.0,737,221,516,29.986,100.0,0.567,-5.484,6565,2.57,-98.26,0.0,-100.0,0.0,-6.84
SOL-USDT-SWAP,15m,2H,0.007,0.015,0.008,148.0,0.0,-100.0,737,256,481,34.735,100.0,0.513,-5.484,6565,1.42,-99.04,0.0,-100.0,0.0,-12.77
SOL-USDT-SWAP,15m,2H,0.007,0.015,0.01,148.0,0.0,-100.0,737,273,464,37.042,100.0,0.561,-5.484,6565,2.0,-98.65,0.0,-100.0,0.0,-6.02
SOL-USDT-SWAP,15m,2H,0.007,0.015,0.015,148.0,0.0,-100.0,737,290,447,39.349,100.0,0.643,-5.484,6565,2.15,-98.55,0.0,-100.0,0.0,-6.02
SOL-USDT-SWAP,15m,2H,0.007,0.015,0.02,148.0,0.0,-100.0,737,297,440,40.299,100.0,0.679,-5.484,6565,6.45,-95.64,0.0,-100.0,0.0,-6.02
SOL-USDT-SWAP,15m,2H,0.007,0.015,0.025,148.0,0.0,-100.0,737,303,434,41.113,100.0,0.713,-5.484,6565,13.43,-90.93,0.0,-100.0,0.0,-6.02
SOL-USDT-SWAP,15m,2H,0.007,0.015,0.03,148.0,0.0,-100.0,737,309,428,41.927,100.0,0.691,-5.484,6565,10.46,-92.93,0.0,-100.0,0.0,-6.02
SOL-USDT-SWAP,15m,2H,0.007,0.02,0.005,148.0,0.0,-100.0,737,201,536,27.273,100.0,0.467,-5.484,6565,0.9,-99.39,0.0,-100.0,0.0,-2.7
SOL-USDT-SWAP,15m,2H,0.007,0.02,0.008,148.0,0.0,-100.0,737,231,506,31.343,100.0,0.395,-5.484,6565,0.24,-99.83,0.0,-100.0,0.0,-8.9
SOL-USDT-SWAP,15m,2H,0.007,0.02,0.01,148.0,0.0,-100.0,737,247,490,33.514,100.0,0.398,-5.484,6565,0.26,-99.83,0.0,-100.0,0.0,-1.85
SOL-USDT-SWAP,15m,2H,0.007,0.02,0.015,148.0,0.0,-100.0,737,262,475,35.55,100.0,0.513,-5.484,6565,0.24,-99.84,0.0,-100.0,0.0,-1.85
SOL-USDT-SWAP,15m,2H,0.007,0.02,0.02,148.0,0.0,-100.0,737,267,470,36.228,100.0,0.513,-5.484,6565,0.34,-99.77,0.0,-100.0,0.0,-1.85
SOL-USDT-SWAP,15m,2H,0.007,0.02,0.025,148.0,0.0,-100.0,737,272,465,36.906,100.0,0.486,-5.484,6565,0.39,-99.74,0.0,-100.0,0.0,-1.85
SOL-USDT-SWAP,15m,2H,0.007,0.02,0.03,148.0,0.0,-100.0,737,278,459,37.72,100.0,0.452,-5.484,6565,0.23,-99.85,0.0,-100.0,0.0,-1.85
SOL-USDT-SWAP,15m,2H,0.007,0.03,0.005,148.0,0.0,-100.0,737,192,545,26.052,100.0,0.329,-5.484,6565,0.53,-99.64,0.0,-100.0,0.0,-6.51
SOL-USDT-SWAP,15m,2H,0.007,0.03,0.008,148.0,0.0,-100.0,737,221,516,29.986,100.0,0.292,-5.484,6565,0.17,-99.89,0.0,-100.0,0.0,-12.46
SOL-USDT-SWAP,15m,2H,0.007,0.03,0.01,148.0,0.0,-100.0,737,237,500,32.157,100.0,0.296,-5.484,6565,0.13,-99.91,0.0,-100.0,0.0,-5.69
SOL-USDT-SWAP,15m,2H,0.007,0.03,0.015,148.0,0.0,-100.0,737,250,487,33.921,100.0,0.267,-5.484,6565,0.06,-99.96,0.0,-100.0,0.0,-5.69
SOL-USDT-SWAP,15m,2H,0.007,0.03,0.02,148.0,0.0,-100.0,737,257,480,34.871,100.0,0.271,-5.484,6565,0.09,-99.94,0.0,-100.0,0.0,-5.69
SOL-USDT-SWAP,15m,2H,0.007,0.03,0.025,148.0,0.0,-100.0,737,259,478,35.142,100.0,0.239,-5.484,6565,0.09,-99.94,0.0,-100.0,0.0,-5.69
SOL-USDT-SWAP,15m,2H,0.007,0.03,0.03,148.0,0.0,-100.0,737,264,473,35.821,100.0,0.206,-5.484,6565,0.04,-99.97,0.0,-100.0,0.0,-5.69
SOL-USDT-SWAP,15m,2H,0.01,0.004,0.005,148.0,0.766,-99.482,498,323,175,64.859,99.515,0.617,-5.456,6565,52.09,-64.8,0.77,-98.52,0.77,-0.44
SOL-USDT-SWAP,15m,2H,0.01,0.004,0.008,148.0,8.7,-94.122,498,380,118,76.305,96.271,0.753,-5.162,6565,96.4,-34.87,8.74,-90.93,8.7,-0.44
SOL-USDT-SWAP,15m,2H,0.01,0.004,0.01,148.0,51.014,-65.531,498,405,93,81.325,81.495,0.871,-3.594,6565,89.86,-39.29,51.24,-42.97,51.01,-0.44
SOL-USDT-SWAP,15m,2H,0.01,0.004,0.015,148.0,95.375,-35.557,498,424,74,85.141,85.303,0.97,-1.95,6565,417.02,181.77,95.8,-77.03,95.38,-0.44
SOL-USDT-SWAP,15m,2H,0.01,0.004,0.02,148.0,816.898,451.958,498,440,58,88.353,77.977,1.188,24.787,6565,698.57,372.0,820.54,17.46,816.9,-0.44
SOL-USDT-SWAP,15m,2H,0.01,0.004,0.025,148.0,1364.734,822.117,498,445,53,89.357,80.109,1.344,45.089,6565,854.72,477.52,1370.81,60.38,1364.73,-0.44
SOL-USDT-SWAP,15m,2H,0.01,0.004,0.03,148.0,2373.635,1503.807,498,448,50,89.96,82.61,1.697,82.476,6565,795.94,437.8,2384.2,199.55,2373.63,-0.44
SOL-USDT-SWAP,15m,2H,0.01,0.006,0.005,148.0,13.992,-90.546,498,287,211,57.631,94.425,0.839,-4.966,6565,137.5,-7.1,13.78,-89.98,13.99,1.51
SOL-USDT-SWAP,15m,2H,0.01,0.006,0.008,148.0,142.221,-3.905,498,335,163,67.269,84.912,0.997,-0.214,6565,265.84,79.62,140.11,-47.3,142.22,1.51
SOL-USDT-SWAP,15m,2H,0.01,0.006,0.01,148.0,1044.566,605.788,498,358,140,71.888,56.414,1.204,33.224,6565,285.22,92.72,1029.04,260.79,1044.57,1.51
SOL-USDT-SWAP,15m,2H,0.01,0.006,0.015,148.0,3115.13,2004.817,498,377,121,75.703,65.44,1.176,109.953,6565,1606.68,985.6,3068.83,91.0,3115.13,1.51
SOL-USDT-SWAP,15m,2H,0.01,0.006,0.02,148.0,20126.798,13499.188,498,389,109,78.112,61.322,1.407,740.358,6565,2680.36,1711.06,19884.3,641.85,20126.8,1.22
SOL-USDT-SWAP,15m,2H,0.01,0.006,0.025,148.0,28212.119,18962.243,498,394,104,79.116,67.574,1.65,1039.977,6565,3128.67,2013.96,27969.62,793.98,28212.12,0.87
SOL-USDT-SWAP,15m,2H,0.01,0.006,0.03,148.0,34829.815,23433.659,498,397,101,79.719,72.781,1.939,1285.21,6565,2713.11,1733.18,34587.31,1174.82,34829.81,0.7
SOL-USDT-SWAP,15m,2H,0.01,0.008,0.005,148.0,14.789,-90.008,498,245,253,49.197,97.267,0.892,-4.936,6565,226.37,52.95,14.29,-93.69,14.79,3.46
SOL-USDT-SWAP,15m,2H,0.01,0.008,0.008,148.0,91.392,-38.249,498,286,212,57.43,93.109,0.979,-2.098,6565,432.58,192.29,88.33,-79.58,91.39,3.46
SOL-USDT-SWAP,15m,2H,0.01,0.008,0.01,148.0,914.165,517.679,498,309,189,62.048,69.416,1.114,28.392,6565,409.8,176.89,883.58,115.61,914.16,3.46
SOL-USDT-SWAP,15m,2H,0.01,0.008,0.015,148.0,2198.955,1385.78,498,325,173,65.261,79.007,1.072,76.003,6565,2529.2,1608.92,2125.4,-15.97,2198.95,3.46
SOL-USDT-SWAP,15m,2H,0.01,0.008,0.02,148.0,4939.211,3237.305,498,333,165,66.867,78.259,1.099,177.549,6565,3230.51,2082.78,4773.99,47.78,4939.21,3.46
SOL-USDT-SWAP,15m,2H,0.01,0.008,0.025,148.0,11712.531,7813.873,498,339,159,68.072,60.593,1.18,428.549,6565,3756.12,2437.92,11320.73,201.39,11712.53,3.46
SOL-USDT-SWAP,15m,2H,0.01,0.008,0.03,148.0,18588.847,12460.032,498,342,156,68.675,72.268,1.276,683.366,6565,3330.09,2150.06,18046.34,441.92,18588.85,3.01
SOL-USDT-SWAP,15m,2H,0.01,0.01,0.005,148.0,1.825,-98.767,498,205,293,41.165,99.439,0.854,-5.417,6565,100.12,-32.35,2.02,-97.99,1.82,-9.52
SOL-USDT-SWAP,15m,2H,0.01,0.01,0.008,148.0,4.069,-97.251,498,239,259,47.992,99.25,0.885,-5.334,6565,107.24,-27.54,4.39,-95.91,4.07,-7.24
SOL-USDT-SWAP,15m,2H,0.01,0.01,0.01,148.0,27.52,-81.405,498,260,238,52.209,93.547,0.922,-4.465,6565,87.47,-40.9,29.67,-66.08,27.52,-7.24
SOL-USDT-SWAP,15m,2H,0.01,0.01,0.015,148.0,43.27,-70.764,498,275,223,55.221,95.608,0.971,-3.881,6565,371.71,151.15,46.65,-87.45,43.27,-7.24
SOL-USDT-SWAP,15m,2H,0.01,0.01,0.02,148.0,102.133,-30.991,498,283,215,56.827,92.364,0.991,-1.7,6565,451.49,205.06,110.1,-75.61,102.13,-7.24
SOL-USDT-SWAP,15m,2H,0.01,0.01,0.025,148.0,523.576,253.767,498,291,207,58.434,68.91,1.042,13.918,6565,704.26,375.85,564.42,-19.86,523.58,-7.24
SOL-USDT-SWAP,15m,2H,0.01,0.01,0.03,148.0,758.564,412.543,498,294,204,59.036,72.09,1.075,22.626,6565,541.45,265.84,817.74,51.03,758.56,-7.24
SOL-USDT-SWAP,15m,2H,0.01,0.012,0.005,148.0,0.05,-99.966,498,173,325,34.739,99.971,0.748,-5.483,6565,40.15,-72.87,0.05,-99.86,0.05,-9.52
SOL-USDT-SWAP,15m,2H,0.01,0.012,0.008,148.0,0.09,-99.939,498,207,291,41.566,99.962,0.779,-5.481,6565,39.05,-73.62,0.1,-99.75,0.09,-7.24
SOL-USDT-SWAP,15m,2H,0.01,0.012,0.01,148.0,0.599,-99.595,498,229,269,45.984,99.747,0.81,-5.462,6565,35.46,-76.04,0.65,-98.18,0.6,-7.24
SOL-USDT-SWAP,15m,2H,0.01,0.012,0.015,148.0,0.757,-99.489,498,243,255,48.795,99.659,0.88,-5.456,6565,127.57,-13.8,0.82,-99.36,0.76,-7.24
SOL-USDT-SWAP,15m,2H,0.01,0.012,0.02,148.0,1.658,-98.88,498,251,247,50.402,99.48,0.904,-5.423,6565,151.03,2.05,1.79,-98.82,1.66,-7.24
SOL-USDT-SWAP,15m,2H,0.01,0.012,0.025,148.0,6.583,-95.552,498,258,240,51.807,97.463,0.917,-5.241,6565,180.19,21.75,7.1,-96.06,6.58,-7.24
SOL-USDT-SWAP,15m,2H,0.01,0.012,0.03,148.0,6.699,-95.473,498,261,237,52.41,97.43,0.899,-5.236,6565,129.01,-12.83,7.22,-94.4,6.7,-7.24
SOL-USDT-SWAP,15m,2H,0.01,0.015,0.005,148.0,0.013,-99.991,498,159,339,31.928,99.992,0.633,-5.484,6565,18.12,-87.76,0.01,-99.92,0.01,-9.52
SOL-USDT-SWAP,15m,2H,0.01,0.015,0.008,148.0,0.017,-99.989,498,190,308,38.153,99.992,0.697,-5.484,6565,19.28,-86.97,0.02,-99.91,0.02,-7.24
SOL-USDT-SWAP,15m,2H,0.01,0.015,0.01,148.0,0.051,-99.965,498,208,290,41.767,99.975,0.731,-5.483,6565,17.84,-87.95,0.06,-99.69,0.05,-7.24
SOL-USDT-SWAP,15m,2H,0.01,0.015,0.015,148.0,0.078,-99.948,498,222,276,44.578,99.961,0.812,-5.482,6565,72.21,-51.21,0.08,-99.88,0.08,-7.24
SOL-USDT-SWAP,15m,2H,0.01,0.015,0.02,148.0,0.107,-99.927,498,228,270,45.783,99.95,0.845,-5.48,6565,88.84,-39.97,0.12,-99.87,0.11,-7.24
SOL-USDT-SWAP,15m,2H,0.01,0.015,0.025,148.0,0.369,-99.75,498,235,263,47.189,99.828,0.835,-5.471,6565,101.88,-31.16,0.4,-99.61,0.37,-7.24
SOL-USDT-SWAP,15m,2H,0.01,0.015,0.03,148.0,0.305,-99.794,498,237,261,47.59,99.858,0.806,-5.473,6565,67.93,-54.1,0.33,-99.52,0.3,-7.24
SOL-USDT-SWAP,15m,2H,0.01,0.02,0.005,148.0,0.001,-100.0,498,144,354,28.916,100.0,0.511,-5.484,6565,4.51,-96.95,0.0,-99.98,0.0,-9.52
SOL-USDT-SWAP,15m,2H,0.01,0.02,0.008,148.0,0.0,-100.0,498,170,328,34.137,100.0,0.545,-5.484,6565,3.46,-97.66,0.0,-99.99,0.0,-7.24
SOL-USDT-SWAP,15m,2H,0.01,0.02,0.01,148.0,0.001,-99.999,498,187,311,37.55,100.0,0.623,-5.484,6565,3.62,-97.55,0.0,-99.98,0.0,-7.24
SOL-USDT-SWAP,15m,2H,0.01,0.02,0.015,148.0,0.001,-99.999,498,200,298,40.161,100.0,0.668,-5.484,6565,11.53,-92.21,0.0,-99.99,0.0,-7.24
SOL-USDT-SWAP,15m,2H,0.01,0.02,0.02,148.0,0.0,-100.0,498,204,294,40.964,100.0,0.668,-5.484,6565,8.76,-94.08,0.0,-99.99,0.0,-7.24
SOL-USDT-SWAP,15m,2H,0.01,0.02,0.025,148.0,0.001,-99.999,498,211,287,42.369,99.999,0.648,-5.484,6565,10.1,-93.17,0.0,-99.98,0.0,-7.24
SOL-USDT-SWAP,15m,2H,0.01,0.02,0.03,148.0,0.001,-99.999,498,213,285,42.771,99.999,0.621,-5.484,6565,7.53,-94.91,0.0,-99.98,0.0,-7.24
SOL-USDT-SWAP,15m,2H,0.01,0.03,0.005,148.0,0.0,-100.0,498,133,365,26.707,100.0,0.254,-5.484,6565,1.42,-99.04,0.0,-100.0,0.0,-9.52
SOL-USDT-SWAP,15m,2H,0.01,0.03,0.008,148.0,0.0,-100.0,498,158,340,31.727,100.0,0.297,-5.484,6565,0.79,-99.46,0.0,-100.0,0.0,-7.24
SOL-USDT-SWAP,15m,2H,0.01,0.03,0.01,148.0,0.0,-100.0,498,173,325,34.739,100.0,0.273,-5.484,6565,0.59,-99.6,0.0,-100.0,0.0,-7.24
SOL-USDT-SWAP,15m,2H,0.01,0.03,0.015,148.0,0.0,-100.0,498,186,312,37.349,100.0,0.288,-5.484,6565,1.2,-99.19,0.0,-100.0,0.0,-7.24
SOL-USDT-SWAP,15m,2H,0.01,0.03,0.02,148.0,0.0,-100.0,498,188,310,37.751,100.0,0.24,-5.484,6565,0.58,-99.61,0.0,-100.0,0.0,-7.24
SOL-USDT-SWAP,15m,2H,0.01,0.03,0.025,148.0,0.0,-100.0,498,192,306,38.554,100.0,0.203,-5.484,6565,0.55,-99.63,0.0,-100.0,0.0,-7.24
SOL-USDT-SWAP,15m,2H,0.01,0.03,0.03,148.0,0.0,-100.0,498,194,304,38.956,100.0,0.169,-5.484,6565,0.33,-99.78,0.0,-100.0,0.0,-7.24
SOL-USDT-SWAP,30m,4H,0.001,0.004,0.005,148.0,0.002,-99.999,851,537,314,63.102,99.999,0.418,-5.474,3289,4.11,-97.22,0.0,-99.96,0.0,-15.23
SOL-USDT-SWAP,30m,4H,0.001,0.004,0.008,148.0,0.144,-99.903,851,644,207,75.676,99.911,0.626,-5.469,3289,27.08,-81.7,0.18,-99.33,0.14,-20.63
SOL-USDT-SWAP,30m,4H,0.001,0.004,0.01,148.0,2.961,-98.0,851,688,163,80.846,98.693,0.714,-5.365,3289,52.11,-64.79,3.9,-92.51,2.96,-24.13
SOL-USDT-SWAP,30m,4H,0.001,0.004,0.015,148.0,525.892,255.333,851,740,111,86.957,83.458,1.075,13.978,3289,587.76,297.13,779.49,32.62,525.89,-32.53
SOL-USDT-SWAP,30m,4H,0.001,0.004,0.02,148.0,6041.413,3982.036,851,757,94,88.954,76.614,1.22,217.995,3289,1608.12,986.56,7668.21,376.84,6041.41,-21.21
SOL-USDT-SWAP,30m,4H,0.001,0.004,0.025,148.0,27081.116,18198.051,851,766,85,90.012,71.232,1.701,996.244,3289,2253.71,1422.78,30379.6,1247.98,27081.12,-10.86
SOL-USDT-SWAP,30m,4H,0.001,0.004,0.03,148.0,47397.783,31925.529,851,771,80,90.599,72.124,1.88,1747.748,3289,3535.4,2288.78,50696.26,1333.96,47397.78,-6.51
SOL-USDT-SWAP,30m,4H,0.001,0.006,0.005,148.0,0.038,-99.974,851,468,383,54.994,99.975,0.609,-5.473,3289,9.37,-93.67,0.05,-99.47,0.04,-23.55
SOL-USDT-SWAP,30m,4H,0.001,0.006,0.008,148.0,1.861,-98.743,851,559,292,65.687,98.791,0.77,-5.406,3289,34.76,-76.51,2.69,-92.27,1.86,-30.74
SOL-USDT-SWAP,30m,4H,0.001,0.006,0.01,148.0,15.551,-89.493,851,596,255,70.035,94.972,0.852,-4.899,3289,52.74,-64.37,24.02,-54.45,15.55,-35.27
SOL-USDT-SWAP,30m,4H,0.001,0.006,0.015,148.0,1297.097,776.417,851,641,210,75.323,65.655,1.086,42.505,3289,419.5,183.45,1905.76,354.29,1297.1,-31.94
SOL-USDT-SWAP,30m,4H,0.001,0.006,0.02,148.0,21334.549,14315.236,851,658,193,77.321,60.734,1.237,783.681,3289,1301.53,779.41,24475.09,1780.48,21334.55,-12.83
SOL-USDT-SWAP,30m,4H,0.001,0.006,0.025,148.0,43654.766,29396.463,851,667,184,78.378,67.085,1.39,1609.295,3289,2208.79,1392.43,46795.3,2018.59,43654.77,-6.71
SOL-USDT-SWAP,30m,4H,0.001,0.006,0.03,148.0,57592.687,38813.978,851,671,180,78.848,69.392,1.409,2124.853,3289,3063.63,1970.02,60733.23,1882.4,57592.69,-5.17
SOL-USDT-SWAP,30m,4H,0.001,0.008,0.005,148.0,0.007,-99.996,851,389,462,45.711,99.996,0.686,-5.474,3289,9.55,-93.55,0.01,-99.91,0.01,-20.58
SOL-USDT-SWAP,30m,4H,0.001,0.008,0.008,148.0,0.186,-99.874,851,473,378,55.582,99.889,0.79,-5.468,3289,25.68,-82.65,0.26,-98.99,0.19,-28.05
SOL-USDT-SWAP,30m,4H,0.001,0.008,0.01,148.0,1.205,-99.186,851,507,344,59.577,99.362,0.844,-5.43,3289,56.54,-61.8,1.79,-96.83,1.21,-32.75
SOL-USDT-SWAP,30m,4H,0.001,0.008,0.015,148.0,68.874,-53.464,851,548,303,64.395,89.31,0.987,-2.927,3289,518.71,250.48,95.56,-81.58,68.87,-27.93
SOL-USDT-SWAP,30m,4H,0.001,0.008,0.02,148.0,692.335,367.794,851,565,286,66.392,84.534,1.028,20.135,3289,1078.62,628.8,822.6,-23.74,692.34,-15.84
SOL-USDT-SWAP,30m,4H,0.001,0.008,0.025,148.0,5538.235,3642.051,851,576,275,67.685,81.718,1.083,199.382,3289,1775.58,1099.72,6580.26,270.6,5538.24,-15.84
SOL-USDT-SWAP,30m,4H,0.001,0.008,0.03,148.0,6986.991,4620.94,851,580,271,68.155,90.52,1.089,252.971,3289,2200.67,1386.94,8301.61,277.23,6986.99,-15.84
SOL-USDT-SWAP,30m,4H,0.001,0.01,0.005,148.0,0.001,-100.0,851,332,519,39.013,100.0,0.667,-5.474,3289,2.93,-98.02,0.0,-99.97,0.0,-17.55
SOL-USDT-SWAP,30m,4H,0.001,0.01,0.008,148.0,0.022,-99.985,851,413,438,48.531,99.991,0.803,-5.474,3289,7.53,-94.91,0.03,-99.6,0.02,-25.3
SOL-USDT-SWAP,30m,4H,0.001,0.01,0.01,148.0,0.186,-99.874,851,449,402,52.761,99.933,0.861,-5.468,3289,34.69,-76.56,0.27,-99.23,0.19,-30.19
SOL-USDT-SWAP,30m,4H,0.001,0.01,0.015,148.0,2.364,-98.403,851,484,367,56.874,99.186,0.944,-5.387,3289,210.64,42.33,3.1,-98.53,2.36,-23.76
SOL-USDT-SWAP,30m,4H,0.001,0.01,0.02,148.0,37.926,-74.374,851,501,350,58.872,94.78,0.983,-4.072,3289,589.21,298.11,42.6,-92.77,37.93,-10.97
SOL-USDT-SWAP,30m,4H,0.001,0.01,0.025,148.0,157.108,6.154,851,511,340,60.047,90.968,1.001,0.337,3289,724.62,389.61,176.47,-75.65,157.11,-10.97
SOL-USDT-SWAP,30m,4H,0.001,0.01,0.03,148.0,246.942,66.853,851,516,335,60.635,96.195,1.005,3.66,3289,1198.14,709.55,277.37,-76.85,246.94,-10.97
SOL-USDT-SWAP,30m,4H,0.001,0.012,0.005,148.0,0.0,-100.0,851,300,551,35.253,100.0,0.622,-5.474,3289,1.43,-99.03,0.0,-99.99,0.0,-14.47
SOL-USDT-SWAP,30m,4H,0.001,0.012,0.008,148.0,0.002,-99.998,851,375,476,44.066,99.999,0.815,-5.474,3289,3.24,-97.81,0.0,-99.9,0.0,-22.5
SOL-USDT-SWAP,30m,4H,0.001,0.012,0.01,148.0,0.06,-99.96,851,415,436,48.766,99.981,0.877,-5.472,3289,24.9,-83.18,0.08,-99.67,0.06,-27.57
SOL-USDT-SWAP,30m,4H,0.001,0.012,0.015,148.0,0.277,-99.813,851,447,404,52.526,99.908,0.908,-5.464,3289,67.17,-54.61,0.34,-99.49,0.28,-19.44
SOL-USDT-SWAP,30m,4H,0.001,0.012,0.02,148.0,3.525,-97.618,851,463,388,54.407,99.163,0.941,-5.344,3289,146.8,-0.81,3.75,-97.45,3.52,-5.92
SOL-USDT-SWAP,30m,4H,0.001,0.012,0.025,148.0,26.609,-82.021,851,475,376,55.817,95.709,0.97,-4.49,3289,213.53,44.28,28.28,-86.75,26.61,-5.92
SOL-USDT-SWAP,30m,4H,0.001,0.012,0.03,148.0,36.349,-75.44,851,480,371,56.404,98.143,0.979,-4.13,3289,311.84,110.7,38.64,-87.61,36.35,-5.92
SOL-USDT-SWAP,30m,4H,0.001,0.015,0.005,148.0,0.0,-100.0,851,262,589,30.787,100.0,0.429,-5.474,3289,0.29,-99.81,0.0,-100.0,0.0,-9.73
SOL-USDT-SWAP,30m,4H,0.001,0.015,0.008,148.0,0.0,-100.0,851,331,520,38.895,100.0,0.711,-5.474,3289,0.5,-99.66,0.0,-99.99,0.0,-18.21
SOL-USDT-SWAP,30m,4H,0.001,0.015,0.01,148.0,0.0,-100.0,851,367,484,43.126,100.0,0.705,-5.474,3289,2.64,-98.21,0.0,-99.99,0.0,-23.56
SOL-USDT-SWAP,30m,4H,0.001,0.015,0.015,148.0,0.002,-99.999,851,400,451,47.004,99.999,0.703,-5.474,3289,8.53,-94.23,0.0,-99.98,0.0,-15.38
SOL-USDT-SWAP,30m,4H,0.001,0.015,0.02,148.0,0.004,-99.997,851,411,440,48.296,99.998,0.736,-5.474,3289,9.47,-93.6,0.0,-99.96,0.0,-1.18
SOL-USDT-SWAP,30m,4H,0.001,0.015,0.025,148.0,0.024,-99.984,851,423,428,49.706,99.987,0.75,-5.474,3289,12.91,-91.28,0.02,-99.81,0.02,-1.18
SOL-USDT-SWAP,30m,4H,0.001,0.015,0.03,148.0,0.041,-99.972,851,428,423,50.294,99.979,0.789,-5.473,3289,21.86,-85.23,0.04,-99.81,0.04,-1.18
SOL-USDT-SWAP,30m,4H,0.001,0.02,0.005,148.0,0.0,-100.0,851,232,619,27.262,100.0,0.304,-5.474,3289,0.02,-99.99,0.0,-100.0,0.0,-5.46
SOL-USDT-SWAP,30m,4H,0.001,0.02,0.008,148.0,0.0,-100.0,851,290,561,34.078,100.0,0.648,-5.474,3289,0.02,-99.98,0.0,-100.0,0.0,-14.35
SOL-USDT-SWAP,30m,4H,0.001,0.02,0.01,148.0,0.0,-100.0,851,323,528,37.955,100.0,0.639,-5.474,3289,0.15,-99.9,0.0,-100.0,0.0,-19.95
SOL-USDT-SWAP,30m,4H,0.001,0.02,0.015,148.0,0.0,-100.0,851,353,498,41.481,100.0,0.587,-5.474,3289,0.28,-99.81,0.0,-100.0,0.0,-11.38
SOL-USDT-SWAP,30m,4H,0.001,0.02,0.02,148.0,0.0,-100.0,851,365,486,42.891,100.0,0.637,-5.474,3289,0.41,-99.73,0.0,-100.0,0.0,3.48
SOL-USDT-SWAP,30m,4H,0.001,0.02,0.025,148.0,0.0,-100.0,851,376,475,44.183,100.0,0.603,-5.474,3289,0.28,-99.81,0.0,-100.0,0.0,3.48
SOL-USDT-SWAP,30m,4H,0.001,0.02,0.03,148.0,0.0,-100.0,851,380,471,44.653,100.0,0.589,-5.474,3289,0.65,-99.56,0.0,-100.0,0.0,3.48
SOL-USDT-SWAP,30m,4H,0.001,0.03,0.005,148.0,0.0,-100.0,851,218,633,25.617,100.0,0.393,-5.474,3289,0.01,-99.99,0.0,-100.0,0.0,-9.31
SOL-USDT-SWAP,30m,4H,0.001,0.03,0.008,148.0,0.0,-100.0,851,275,576,32.315,100.0,0.753,-5.474,3289,0.02,-99.99,0.0,-100.0,0.0,-17.84
SOL-USDT-SWAP,30m,4H,0.001,0.03,0.01,148.0,0.0,-100.0,851,309,542,36.31,100.0,0.742,-5.474,3289,0.13,-99.91,0.0,-100.0,0.0,-23.21
SOL-USDT-SWAP,30m,4H,0.001,0.03,0.015,148.0,0.0,-100.0,851,338,513,39.718,100.0,0.68,-5.474,3289,0.14,-99.9,0.0,-100.0,0.0,-14.99
SOL-USDT-SWAP,30m,4H,0.001,0.03,0.02,148.0,0.0,-100.0,851,348,503,40.893,100.0,0.683,-5.474,3289,0.12,-99.92,0.0,-100.0,0.0,-0.73
SOL-USDT-SWAP,30m,4H,0.001,0.03,0.025,148.0,0.0,-100.0,851,356,495,41.833,100.0,0.651,-5.474,3289,0.07,-99.95,0.0,-100.0,0.0,-0.73
SOL-USDT-SWAP,30m,4H,0.001,0.03,0.03,148.0,0.0,-100.0,851,359,492,42.186,100.0,0.602,-5.474,3289,0.1,-99.93,0.0,-100.0,0.0,-0.73
SOL-USDT-SWAP,30m,4H,0.002,0.004,0.005,148.0,0.011,-99.992,782,508,274,64.962,99.993,0.515,-5.474,3289,10.44,-92.94,0.01,-99.88,0.01,-8.93
SOL-USDT-SWAP,30m,4H,0.002,0.004,0.008,148.0,0.822,-99.445,782,609,173,77.877,99.51,0.732,-5.444,3289,73.69,-50.21,0.96,-98.69,0.82,-14.72
SOL-USDT-SWAP,30m,4H,0.002,0.004,0.01,148.0,23.312,-84.249,782,653,129,83.504,92.352,0.873,-4.612,3289,186.76,26.19,28.69,-84.64,23.31,-18.75
SOL-USDT-SWAP,30m,4H,0.002,0.004,0.015,148.0,3280.327,2116.437,782,703,79,89.898,68.769,1.154,115.863,3289,1200.4,711.08,4540.47,278.25,3280.33,-27.75
SOL-USDT-SWAP,30m,4H,0.002,0.004,0.02,148.0,32823.456,22078.011,782,720,62,92.072,56.668,1.565,1208.65,3289,3364.51,2173.32,34822.88,935.01,32823.46,-5.74
SOL-USDT-SWAP,30m,4H,0.002,0.004,0.025,148.0,68783.124,46375.084,782,730,52,93.35,51.245,2.153,2538.782,3289,6485.01,4281.76,70782.55,991.48,68783.12,-2.82
SOL-USDT-SWAP,30m,4H,0.002,0.004,0.03,148.0,71620.099,48291.959,782,732,50,93.606,51.892,2.286,2643.72,3289,6040.83,3981.64,73619.53,1118.7,71620.1,-2.72
SOL-USDT-SWAP,30m,4H,0.002,0.006,0.005,148.0,0.366,-99.753,782,445,337,56.905,99.788,0.726,-5.461,3289,18.74,-87.34,0.43,-97.72,0.37,-14.41
SOL-USDT-SWAP,30m,4H,0.002,0.006,0.008,148.0,10.754,-92.734,782,528,254,67.519,94.951,0.887,-5.077,3289,105.04,-29.03,13.42,-87.23,10.75,-19.85
SOL-USDT-SWAP,30m,4H,0.002,0.006,0.01,148.0,159.067,7.477,782,564,218,72.123,81.273,1.004,0.409,3289,251.85,70.17,208.31,-17.28,159.07,-23.64
SOL-USDT-SWAP,30m,4H,0.002,0.006,0.015,148.0,39062.735,26293.74,782,611,171,78.133,67.038,1.393,1439.438,3289,1787.39,1107.69,44316.55,2379.41,39062.73,-11.86
SOL-USDT-SWAP,30m,4H,0.002,0.006,0.02,148.0,75188.351,50702.94,782,627,155,80.179,66.834,1.623,2775.708,3289,5149.5,3379.39,78090.09,1416.46,75188.35,-3.72
SOL-USDT-SWAP,30m,4H,0.002,0.006,0.025,148.0,106499.349,71859.02,782,636,146,81.33,61.531,1.729,3933.888,3289,9666.98,6431.74,109401.08,1031.7,106499.35,-2.65
SOL-USDT-SWAP,30m,4H,0.002,0.006,0.03,148.0,112587.405,75972.571,782,638,144,81.586,54.407,1.762,4159.082,3289,12817.49,8560.47,115489.14,801.03,112587.41,-2.51
SOL-USDT-SWAP,30m,4H,0.002,0.008,0.005,148.0,0.357,-99.759,782,379,403,48.465,99.759,0.721,-5.461,3289,18.14,-87.74,0.46,-97.47,0.36,-22.24
SOL-USDT-SWAP,30m,4H,0.002,0.008,0.008,148.0,5.619,-96.203,782,455,327,58.184,96.569,0.863,-5.267,3289,80.53,-45.59,7.98,-90.1,5.62,-29.54
SOL-USDT-SWAP,30m,4H,0.002,0.008,0.01,148.0,40.994,-72.301,782,485,297,62.02,87.797,0.958,-3.958,3289,201.18,35.93,51.83,-74.24,40.99,-20.9
SOL-USDT-SWAP,30m,4H,0.002,0.008,0.015,148.0,8001.416,5306.362,782,528,254,67.519,67.036,1.082,290.494,3289,1392.78,841.07,11375.78,716.77,8001.42,-29.66
SOL-USDT-SWAP,30m,4H,0.002,0.008,0.02,148.0,50697.974,34155.388,782,543,239,69.437,64.274,1.315,1869.821,3289,2939.55,1886.19,53044.71,1704.52,50697.97,-4.42
SOL-USDT-SWAP,30m,4H,0.002,0.008,0.025,148.0,72886.124,49147.381,782,552,230,70.588,68.842,1.405,2690.55,3289,4555.81,2978.25,75232.86,1551.36,72886.12,-3.12
SOL-USDT-SWAP,30m,4H,0.002,0.008,0.03,148.0,71789.874,48406.672,782,554,228,70.844,70.469,1.398,2650.0,3289,5207.13,3418.33,74136.61,1323.75,71789.87,-3.17
SOL-USDT-SWAP,30m,4H,0.002,0.01,0.005,148.0,0.028,-99.981,782,322,460,41.176,99.981,0.711,-5.473,3289,10.19,-93.11,0.04,-99.65,0.03,-20.78
SOL-USDT-SWAP,30m,4H,0.002,0.01,0.008,148.0,0.575,-99.611,782,395,387,50.512,99.719,0.853,-5.453,3289,51.76,-65.02,0.8,-98.45,0.58,-28.21
SOL-USDT-SWAP,30m,4H,0.002,0.01,0.01,148.0,1.585,-98.929,782,420,362,53.708,99.301,0.89,-5.416,3289,96.79,-34.6,1.93,-98.01,1.58,-17.88
SOL-USDT-SWAP,30m,4H,0.002,0.01,0.015,148.0,163.996,10.808,782,459,323,58.696,86.739,1.001,0.592,3289,790.97,434.44,224.59,-71.61,164.0,-26.98
SOL-USDT-SWAP,30m,4H,0.002,0.01,0.02,148.0,1678.163,1033.894,782,475,307,60.742,78.565,1.035,56.6,3289,2110.56,1326.05,1924.88,-8.8,1678.16,-12.82
SOL-USDT-SWAP,30m,4H,0.002,0.01,0.025,148.0,16525.266,11065.72,782,485,297,62.02,76.944,1.094,605.788,3289,3577.79,2317.42,18272.0,410.71,16525.27,-9.56
SOL-USDT-SWAP,30m,4H,0.002,0.01,0.03,148.0,11948.344,7973.205,782,488,294,62.404,84.329,1.083,436.489,3289,3808.04,2473.0,13704.98,259.9,11948.34,-12.82
SOL-USDT-SWAP,30m,4H,0.002,0.012,0.005,148.0,0.005,-99.997,782,289,493,36.957,99.997,0.727,-5.474,3289,4.97,-96.64,0.01,-99.89,0.0,-19.31
SOL-USDT-SWAP,30m,4H,0.002,0.012,0.008,148.0,0.144,-99.903,782,362,420,46.292,99.949,0.875,-5.469,3289,42.8,-71.08,0.2,-99.54,0.14,-26.88
SOL-USDT-SWAP,30m,4H,0.002,0.012,0.01,148.0,0.406,-99.726,782,386,396,49.361,99.86,0.898,-5.459,3289,73.91,-50.06,0.48,-99.36,0.41,-14.81
SOL-USDT-SWAP,30m,4H,0.002,0.012,0.015,148.0,16.181,-89.067,782,420,362,53.708,96.069,0.967,-4.876,3289,314.5,112.5,21.36,-93.21,16.18,-24.25
SOL-USDT-SWAP,30m,4H,0.002,0.012,0.02,148.0,216.237,46.106,782,437,345,55.882,81.245,1.005,2.524,3289,785.41,430.69,239.08,-69.56,216.24,-9.55
SOL-USDT-SWAP,30m,4H,0.002,0.012,0.025,148.0,996.567,573.356,782,446,336,57.033,81.093,1.023,31.388,3289,1059.0,615.54,1101.84,4.05,996.57,-9.55
SOL-USDT-SWAP,30m,4H,0.002,0.012,0.03,148.0,1233.117,733.187,782,449,333,57.417,89.216,1.028,40.138,3289,1320.48,792.22,1363.37,3.25,1233.12,-9.55
SOL-USDT-SWAP,30m,4H,0.002,0.015,0.005,148.0,0.0,-100.0,782,249,533,31.841,100.0,0.649,-5.474,3289,0.91,-99.38,0.0,-99.99,0.0,-17.11
SOL-USDT-SWAP,30m,4H,0.002,0.015,0.008,148.0,0.001,-99.999,782,317,465,40.537,100.0,0.736,-5.474,3289,4.32,-97.08,0.0,-99.98,0.0,-24.89
SOL-USDT-SWAP,30m,4H,0.002,0.015,0.01,148.0,0.003,-99.998,782,343,439,43.862,99.999,0.749,-5.474,3289,7.64,-94.84,0.0,-99.96,0.0,-10.09
SOL-USDT-SWAP,30m,4H,0.002,0.015,0.015,148.0,0.02,-99.987,782,372,410,47.57,99.988,0.734,-5.474,3289,12.53,-91.53,0.02,-99.8,0.02,-20.05
SOL-USDT-SWAP,30m,4H,0.002,0.015,0.02,148.0,0.095,-99.936,782,387,395,49.488,99.947,0.81,-5.471,3289,30.03,-79.71,0.1,-99.67,0.09,-4.55
SOL-USDT-SWAP,30m,4H,0.002,0.015,0.025,148.0,0.332,-99.776,782,396,386,50.639,99.818,0.827,-5.462,3289,26.11,-82.36,0.35,-98.67,0.33,-4.55
SOL-USDT-SWAP,30m,4H,0.002,0.015,0.03,148.0,0.439,-99.703,782,399,383,51.023,99.738,0.832,-5.458,3289,37.03,-74.98,0.46,-98.76,0.44,-4.55
SOL-USDT-SWAP,30m,4H,0.002,0.02,0.005,148.0,0.0,-100.0,782,222,560,28.389,100.0,0.535,-5.474,3289,0.15,-99.9,0.0,-100.0,0.0,-13.44
SOL-USDT-SWAP,30m,4H,0.002,0.02,0.008,148.0,0.0,-100.0,782,280,502,35.806,100.0,0.662,-5.474,3289,0.24,-99.84,0.0,-100.0,0.0,-21.57
SOL-USDT-SWAP,30m,4H,0.002,0.02,0.01,148.0,0.0,-100.0,782,304,478,38.875,100.0,0.663,-5.474,3289,0.44,-99.7,0.0,-100.0,0.0,-8.2
SOL-USDT-SWAP,30m,4H,0.002,0.02,0.015,148.0,0.0,-100.0,782,333,449,42.583,100.0,0.616,-5.474,3289,0.86,-99.42,0.0,-99.99,0.0,-18.37
SOL-USDT-SWAP,30m,4H,0.002,0.02,0.02,148.0,0.0,-100.0,782,348,434,44.501,100.0,0.668,-5.474,3289,1.64,-98.89,0.0,-99.99,0.0,-2.54
SOL-USDT-SWAP,30m,4H,0.002,0.02,0.025,148.0,0.0,-100.0,782,357,425,45.652,100.0,0.67,-5.474,3289,1.14,-99.23,0.0,-99.97,0.0,-2.54
SOL-USDT-SWAP,30m,4H,0.002,0.02,0.03,148.0,0.0,-100.0,782,359,423,45.908,100.0,0.648,-5.474,3289,2.35,-98.42,0.0,-99.99,0.0,-2.54
SOL-USDT-SWAP,30m,4H,0.002,0.03,0.005,148.0,0.0,-100.0,782,210,572,26.854,100.0,0.651,-5.474,3289,0.11,-99.92,0.0,-100.0,0.0,-16.22
SOL-USDT-SWAP,30m,4H,0.002,0.03,0.008,148.0,0.0,-100.0,782,264,518,33.76,100.0,0.758,-5.474,3289,0.22,-99.85,0.0,-100.0,0.0,-24.08
SOL-USDT-SWAP,30m,4H,0.002,0.03,0.01,148.0,0.0,-100.0,782,288,494,36.829,100.0,0.753,-5.474,3289,0.35,-99.77,0.0,-100.0,0.0,-11.15
SOL-USDT-SWAP,30m,4H,0.002,0.03,0.015,148.0,0.0,-100.0,782,315,467,40.281,100.0,0.693,-5.474,3289,0.39,-99.74,0.0,-100.0,0.0,-20.99
SOL-USDT-SWAP,30m,4H,0.002,0.03,0.02,148.0,0.0,-100.0,782,328,454,41.944,100.0,0.691,-5.474,3289,0.45,-99.7,0.0,-100.0,0.0,-5.66
SOL-USDT-SWAP,30m,4H,0.002,0.03,0.025,148.0,0.0,-100.0,782,333,449,42.583,100.0,0.654,-5.474,3289,0.17,-99.89,0.0,-100.0,0.0,-5.66
SOL-USDT-SWAP,30m,4H,0.002,0.03,0.03,148.0,0.0,-100.0,782,335,447,42.839,100.0,0.628,-5.474,3289,0.32,-99.78,0.0,-100.0,0.0,-5.66
SOL-USDT-SWAP,30m,4H,0.003,0.004,0.005,148.0,0.025,-99.983,716,466,250,65.084,99.985,0.492,-5.474,3289,10.45,-92.94,0.03,-99.75,0.02,-4.34
SOL-USDT-SWAP,30m,4H,0.003,0.004,0.008,148.0,4.071,-97.249,716,568,148,79.33,98.304,0.688,-5.324,3289,50.75,-65.71,4.4,-91.33,4.07,-7.42
SOL-USDT-SWAP,30m,4H,0.003,0.004,0.01,148.0,62.396,-57.841,716,605,111,84.497,93.971,0.922,-3.166,3289,247.96,67.54,69.17,-72.11,62.4,-9.79
SOL-USDT-SWAP,30m,4H,0.003,0.004,0.015,148.0,2914.897,1869.525,716,646,70,90.223,83.036,1.384,102.346,3289,683.32,361.7,2916.11,326.76,2914.9,-0.04
SOL-USDT-SWAP,30m,4H,0.003,0.004,0.02,148.0,38068.966,25622.275,716,666,50,93.017,70.674,1.955,1402.679,3289,4136.88,2695.19,38052.99,819.85,38068.97,0.04
SOL-USDT-SWAP,30m,4H,0.003,0.004,0.025,148.0,63228.796,42622.16,716,675,41,94.274,70.168,2.512,2333.33,3289,6620.83,4373.53,63212.82,854.76,63228.8,0.03
SOL-USDT-SWAP,30m,4H,0.003,0.004,0.03,148.0,73193.055,49354.767,716,678,38,94.693,62.365,2.885,2701.903,3289,6167.35,4067.13,73177.08,1086.52,73193.05,0.02
SOL-USDT-SWAP,30m,4H,0.003,0.006,0.005,148.0,0.272,-99.816,716,403,313,56.285,99.837,0.712,-5.464,3289,20.97,-85.83,0.3,-98.57,0.27,-9.62
SOL-USDT-SWAP,30m,4H,0.003,0.006,0.008,148.0,40.423,-72.687,716,494,222,68.994,97.363,0.898,-3.979,3289,92.05,-37.8,47.76,-48.11,40.42,-15.36
SOL-USDT-SWAP,30m,4H,0.003,0.006,0.01,148.0,814.185,450.125,716,527,189,73.603,94.968,1.126,24.642,3289,660.25,346.12,1009.73,52.93,814.19,-19.37
SOL-USDT-SWAP,30m,4H,0.003,0.006,0.015,148.0,47795.664,32194.367,716,571,145,79.749,86.1,1.61,1762.465,3289,3738.33,2425.9,50074.69,1239.49,47795.66,-4.55
SOL-USDT-SWAP,30m,4H,0.003,0.006,0.02,148.0,100292.572,67665.252,716,588,128,82.123,64.955,1.7,3704.302,3289,20092.68,13476.14,102092.82,408.11,100292.57,-1.76
SOL-USDT-SWAP,30m,4H,0.003,0.006,0.025,148.0,122961.696,82982.227,716,596,120,83.24,50.466,1.887,4542.823,3289,28723.77,19307.95,124761.95,334.35,122961.7,-1.44
SOL-USDT-SWAP,30m,4H,0.003,0.006,0.03,148.0,134607.316,90850.889,716,600,116,83.799,45.239,2.065,4973.589,3289,26547.06,17837.2,136407.57,413.83,134607.32,-1.32
SOL-USDT-SWAP,30m,4H,0.003,0.008,0.005,148.0,0.595,-99.598,716,354,362,49.441,99.621,0.753,-5.452,3289,20.01,-86.48,0.77,-96.14,0.59,-23.03
SOL-USDT-SWAP,30m,4H,0.003,0.008,0.008,148.0,21.314,-85.599,716,432,284,60.335,96.359,0.889,-4.686,3289,66.03,-55.39,30.56,-53.71,21.31,-30.26
SOL-USDT-SWAP,30m,4H,0.003,0.008,0.01,148.0,164.867,11.397,716,458,258,63.966,92.763,1.005,0.624,3289,275.12,85.89,210.57,-23.46,164.87,-21.71
SOL-USDT-SWAP,30m,4H,0.003,0.008,0.015,148.0,16178.964,10831.732,716,498,218,69.553,86.772,1.223,592.978,3289,1110.43,650.29,18899.25,1601.98,16178.96,-14.39
SOL-USDT-SWAP,30m,4H,0.003,0.008,0.02,148.0,66929.442,45122.596,716,514,202,71.788,68.983,1.424,2470.215,3289,5934.28,3909.65,69170.95,1065.62,66929.44,-3.24
SOL-USDT-SWAP,30m,4H,0.003,0.008,0.025,148.0,91114.904,61464.124,716,522,194,72.905,78.904,1.486,3364.824,3289,10620.23,7075.83,93356.41,779.04,91114.9,-2.4
SOL-USDT-SWAP,30m,4H,0.003,0.008,0.03,148.0,98151.89,66218.845,716,525,191,73.324,76.151,1.53,3625.119,3289,10848.49,7230.06,100393.4,825.41,98151.89,-2.23
SOL-USDT-SWAP,30m,4H,0.003,0.01,0.005,148.0,0.035,-99.977,716,296,420,41.341,99.977,0.753,-5.473,3289,10.34,-93.02,0.05,-99.56,0.03,-23.03
SOL-USDT-SWAP,30m,4H,0.003,0.01,0.008,148.0,2.278,-98.461,716,375,341,52.374,98.952,0.871,-5.39,3289,61.83,-58.22,3.27,-94.72,2.28,-30.26
SOL-USDT-SWAP,30m,4H,0.003,0.01,0.01,148.0,9.597,-93.515,716,397,319,55.447,97.689,0.942,-5.119,3289,243.6,64.6,12.03,-95.06,9.6,-20.22
SOL-USDT-SWAP,30m,4H,0.003,0.01,0.015,148.0,810.041,447.325,716,435,281,60.754,85.138,1.044,24.489,3289,935.77,532.28,971.77,3.85,810.04,-16.64
SOL-USDT-SWAP,30m,4H,0.003,0.01,0.02,148.0,6112.006,4029.734,716,450,266,62.849,79.015,1.083,220.606,3289,3355.58,2167.29,7059.8,110.39,6112.01,-13.43
SOL-USDT-SWAP,30m,4H,0.003,0.01,0.025,148.0,34416.53,23154.412,716,460,256,64.246,80.646,1.237,1267.577,3289,4958.95,3250.64,36358.04,633.18,34416.53,-5.34
SOL-USDT-SWAP,30m,4H,0.003,0.01,0.03,148.0,32979.85,22183.682,716,463,253,64.665,84.148,1.246,1214.435,3289,4090.61,2663.93,34921.36,753.7,32979.85,-5.56
SOL-USDT-SWAP,30m,4H,0.003,0.012,0.005,148.0,0.007,-99.995,716,267,449,37.291,99.996,0.774,-5.474,3289,6.3,-95.75,0.01,-99.85,0.01,-23.03
SOL-USDT-SWAP,30m,4H,0.003,0.012,0.008,148.0,0.525,-99.645,716,345,371,48.184,99.83,0.888,-5.455,3289,55.72,-62.35,0.75,-98.65,0.53,-30.26
SOL-USDT-SWAP,30m,4H,0.003,0.012,0.01,148.0,0.628,-99.576,716,361,355,50.419,99.788,0.922,-5.451,3289,134.87,-8.87,0.77,-99.43,0.63,-18.74
SOL-USDT-SWAP,30m,4H,0.003,0.012,0.015,148.0,39.968,-72.995,716,397,319,55.447,96.36,0.981,-3.996,3289,497.32,236.03,47.07,-90.53,39.97,-15.09
SOL-USDT-SWAP,30m,4H,0.003,0.012,0.02,148.0,253.29,71.142,716,410,306,57.263,93.033,1.007,3.895,3289,1352.0,813.51,287.23,-78.75,253.29,-11.82
SOL-USDT-SWAP,30m,4H,0.003,0.012,0.025,148.0,571.86,286.392,716,418,298,58.38,94.114,1.017,15.678,3289,1591.55,975.37,648.5,-59.25,571.86,-11.82
SOL-USDT-SWAP,30m,4H,0.003,0.012,0.03,148.0,1111.045,650.706,716,422,294,58.939,92.444,1.034,35.623,3289,1555.94,951.31,1259.94,-19.02,1111.05,-11.82
SOL-USDT-SWAP,30m,4H,0.003,0.015,0.005,148.0,0.002,-99.999,716,242,474,33.799,99.999,0.815,-5.474,3289,2.43,-98.36,0.0,-99.91,0.0,-23.03
SOL-USDT-SWAP,30m,4H,0.003,0.015,0.008,148.0,0.184,-99.875,716,318,398,44.413,99.956,0.92,-5.468,3289,27.39,-81.49,0.26,-99.04,0.18,-30.26
SOL-USDT-SWAP,30m,4H,0.003,0.015,0.01,148.0,0.136,-99.908,716,331,385,46.229,99.968,0.934,-5.469,3289,45.83,-69.04,0.16,-99.65,0.14,-16.52
SOL-USDT-SWAP,30m,4H,0.003,0.015,0.015,148.0,1.588,-98.927,716,359,357,50.14,99.56,0.923,-5.416,3289,39.62,-73.23,1.82,-95.4,1.59,-12.77
SOL-USDT-SWAP,30m,4H,0.003,0.015,0.02,148.0,13.945,-90.578,716,374,342,52.235,98.011,0.962,-4.959,3289,131.9,-10.88,15.39,-88.33,13.94,-9.41
SOL-USDT-SWAP,30m,4H,0.003,0.015,0.025,148.0,30.707,-79.252,716,382,334,53.352,96.726,0.971,-4.339,3289,133.06,-10.09,33.89,-74.53,30.71,-9.41
SOL-USDT-SWAP,30m,4H,0.003,0.015,0.03,148.0,62.184,-57.984,716,386,330,53.911,95.844,0.98,-3.174,3289,134.3,-9.26,68.64,-48.89,62.18,-9.41
SOL-USDT-SWAP,30m,4H,0.003,0.02,0.005,148.0,0.0,-100.0,716,213,503,29.749,100.0,0.617,-5.474,3289,0.23,-99.84,0.0,-99.99,0.0,-23.03
SOL-USDT-SWAP,30m,4H,0.003,0.02,0.008,148.0,0.0,-100.0,716,281,435,39.246,100.0,0.725,-5.474,3289,1.14,-99.23,0.0,-99.96,0.0,-30.26
SOL-USDT-SWAP,30m,4H,0.003,0.02,0.01,148.0,0.0,-100.0,716,294,422,41.061,100.0,0.723,-5.474,3289,1.34,-99.09,0.0,-99.98,0.0,-17.62
SOL-USDT-SWAP,30m,4H,0.003,0.02,0.015,148.0,0.002,-99.999,716,322,394,44.972,99.999,0.703,-5.474,3289,2.08,-98.59,0.0,-99.9,0.0,-13.92
SOL-USDT-SWAP,30m,4H,0.003,0.02,0.02,148.0,0.006,-99.996,716,335,381,46.788,99.997,0.774,-5.474,3289,4.68,-96.84,0.01,-99.86,0.01,-10.6
SOL-USDT-SWAP,30m,4H,0.003,0.02,0.025,148.0,0.024,-99.984,716,344,372,48.045,99.987,0.77,-5.474,3289,6.12,-95.86,0.03,-99.57,0.02,-10.6
SOL-USDT-SWAP,30m,4H,0.003,0.02,0.03,148.0,0.043,-99.971,716,348,368,48.603,99.975,0.743,-5.473,3289,4.99,-96.63,0.05,-99.03,0.04,-10.6
SOL-USDT-SWAP,30m,4H,0.003,0.03,0.005,148.0,0.0,-100.0,716,200,516,27.933,100.0,0.704,-5.474,3289,0.18,-99.88,0.0,-100.0,0.0,-23.03
SOL-USDT-SWAP,30m,4H,0.003,0.03,0.008,148.0,0.0,-100.0,716,264,452,36.872,100.0,0.795,-5.474,3289,0.89,-99.4,0.0,-100.0,0.0,-30.26
SOL-USDT-SWAP,30m,4H,0.003,0.03,0.01,148.0,0.0,-100.0,716,275,441,38.408,100.0,0.778,-5.474,3289,0.59,-99.6,0.0,-100.0,0.0,-17.62
SOL-USDT-SWAP,30m,4H,0.003,0.03,0.015,148.0,0.0,-100.0,716,303,413,42.318,100.0,0.734,-5.474,3289,0.68,-99.54,0.0,-99.99,0.0,-13.92
SOL-USDT-SWAP,30m,4H,0.003,0.03,0.02,148.0,0.0,-100.0,716,314,402,43.855,100.0,0.75,-5.474,3289,0.95,-99.36,0.0,-99.99,0.0,-10.6
SOL-USDT-SWAP,30m,4H,0.003,0.03,0.025,148.0,0.0,-100.0,716,319,397,44.553,100.0,0.693,-5.474,3289,0.73,-99.51,0.0,-99.99,0.0,-10.6
SOL-USDT-SWAP,30m,4H,0.003,0.03,0.03,148.0,0.0,-100.0,716,320,396,44.693,100.0,0.668,-5.474,3289,0.58,-99.61,0.0,-100.0,0.0,-10.6
SOL-USDT-SWAP,30m,4H,0.004,0.004,0.005,148.0,0.033,-99.978,653,419,234,64.165,99.978,0.421,-5.473,3289,8.98,-93.93,0.04,-99.54,0.03,-19.92
SOL-USDT-SWAP,30m,4H,0.004,0.004,0.008,148.0,1.788,-98.792,653,510,143,78.101,98.835,0.623,-5.408,3289,38.93,-73.69,2.19,-94.38,1.79,-18.27
SOL-USDT-SWAP,30m,4H,0.004,0.004,0.01,148.0,26.927,-81.806,653,546,107,83.614,92.615,0.856,-4.478,3289,151.44,2.32,34.46,-77.24,26.93,-21.87
SOL-USDT-SWAP,30m,4H,0.004,0.004,0.015,148.0,1126.337,661.038,653,586,67,89.74,82.479,1.219,36.188,3289,418.34,182.66,1299.91,210.73,1126.34,-13.35
SOL-USDT-SWAP,30m,4H,0.004,0.004,0.02,148.0,13616.195,9100.132,653,604,49,92.496,78.541,1.412,498.182,3289,1961.2,1225.13,15678.45,699.43,13616.2,-13.15
SOL-USDT-SWAP,30m,4H,0.004,0.004,0.025,148.0,21223.182,14239.988,653,610,43,93.415,70.6,1.631,779.561,3289,2101.83,1320.15,23220.57,1004.78,21223.18,-8.6
SOL-USDT-SWAP,30m,4H,0.004,0.004,0.03,148.0,45010.905,30312.773,653,616,37,94.334,46.3,2.175,1659.458,3289,2728.0,1743.24,47008.29,1623.18,45010.9,-4.25
SOL-USDT-SWAP,30m,4H,0.004,0.006,0.005,148.0,0.742,-99.498,653,370,283,56.662,99.556,0.743,-5.447,3289,37.79,-74.47,0.91,-97.59,0.74,-18.35
SOL-USDT-SWAP,30m,4H,0.004,0.006,0.008,148.0,121.726,-17.753,653,460,193,70.444,84.367,0.988,-0.972,3289,215.86,45.85,143.25,-33.64,121.73,-15.02
SOL-USDT-SWAP,30m,4H,0.004,0.006,0.01,148.0,2340.221,1481.23,653,494,159,75.651,82.643,1.109,81.089,3289,817.16,452.13,2881.02,252.57,2340.22,-18.77
SOL-USDT-SWAP,30m,4H,0.004,0.006,0.015,148.0,46352.149,31219.02,653,530,123,81.164,72.574,1.582,1709.07,3289,2138.57,1344.98,47749.53,2132.78,46352.15,-2.93
SOL-USDT-SWAP,30m,4H,0.004,0.006,0.02,148.0,84563.106,57037.234,653,547,106,83.767,62.104,1.864,3122.476,3289,7226.4,4782.7,85960.49,1089.53,84563.11,-1.63
SOL-USDT-SWAP,30m,4H,0.004,0.006,0.025,148.0,87035.507,58707.775,653,552,101,84.533,57.255,1.848,3213.929,3289,7325.45,4849.63,88432.89,1107.2,87035.51,-1.58
SOL-USDT-SWAP,30m,4H,0.004,0.006,0.03,148.0,113810.903,76799.259,653,559,94,85.605,41.75,2.096,4204.339,3289,8406.66,5580.18,115208.29,1270.44,113810.9,-1.21
SOL-USDT-SWAP,30m,4H,0.004,0.008,0.005,148.0,1.282,-99.134,653,323,330,49.464,99.27,0.775,-5.427,3289,29.37,-80.15,1.63,-94.46,1.28,-21.2
SOL-USDT-SWAP,30m,4H,0.004,0.008,0.008,148.0,95.546,-35.442,653,399,254,61.103,86.2,0.981,-1.94,3289,190.85,28.95,114.31,-40.11,95.55,-16.41
SOL-USDT-SWAP,30m,4H,0.004,0.008,0.01,148.0,1120.751,657.264,653,427,226,65.391,88.185,1.062,35.982,3289,490.99,231.75,1402.68,185.68,1120.75,-20.1
SOL-USDT-SWAP,30m,4H,0.004,0.008,0.015,148.0,50801.317,34225.214,653,464,189,71.057,81.663,1.498,1873.643,3289,1618.11,993.32,52444.11,3141.06,50801.32,-3.13
SOL-USDT-SWAP,30m,4H,0.004,0.008,0.02,148.0,86869.387,58595.532,653,480,173,73.507,76.299,1.673,3207.785,3289,5877.87,3871.54,88512.18,1405.85,86869.39,-1.86
SOL-USDT-SWAP,30m,4H,0.004,0.008,0.025,148.0,80013.925,53963.463,653,484,169,74.119,82.956,1.57,2954.204,3289,6201.97,4090.52,81656.71,1216.63,80013.92,-2.01
SOL-USDT-SWAP,30m,4H,0.004,0.008,0.03,148.0,104307.448,70378.005,653,490,163,75.038,69.296,1.696,3852.811,3289,6447.89,4256.68,105950.24,1543.18,104307.45,-1.55
SOL-USDT-SWAP,30m,4H,0.004,0.01,0.005,148.0,0.805,-99.456,653,287,366,43.951,99.591,0.776,-5.445,3289,22.43,-84.85,1.02,-95.45,0.8,-21.2
SOL-USDT-SWAP,30m,4H,0.004,0.01,0.008,148.0,18.779,-87.312,653,351,302,53.752,93.914,0.943,-4.78,3289,147.97,-0.02,22.05,-85.1,18.78,-14.83
SOL-USDT-SWAP,30m,4H,0.004,0.01,0.01,148.0,152.257,2.876,653,376,277,57.58,89.508,1.001,0.157,3289,347.08,134.52,187.02,-46.12,152.26,-18.59
SOL-USDT-SWAP,30m,4H,0.004,0.01,0.015,148.0,32914.982,22139.853,653,413,240,63.247,73.276,1.23,1212.036,3289,1847.21,1148.11,34257.77,1754.57,32914.98,-3.92
SOL-USDT-SWAP,30m,4H,0.004,0.01,0.02,148.0,65106.242,43890.704,653,427,226,65.391,61.792,1.377,2402.776,3289,5287.68,3472.76,66449.03,1156.68,65106.24,-2.02
SOL-USDT-SWAP,30m,4H,0.004,0.01,0.025,148.0,59610.838,40177.593,653,431,222,66.003,77.29,1.325,2199.503,3289,5318.7,3493.72,60953.63,1046.02,59610.84,-2.2
SOL-USDT-SWAP,30m,4H,0.004,0.01,0.03,148.0,85091.975,57394.578,653,437,216,66.922,59.799,1.441,3142.039,3289,5149.3,3379.26,86434.76,1578.57,85091.98,-1.55
SOL-USDT-SWAP,30m,4H,0.004,0.012,0.005,148.0,0.066,-99.955,653,249,404,38.132,99.97,0.775,-5.472,3289,10.91,-92.63,0.08,-99.23,0.07,-21.2
SOL-USDT-SWAP,30m,4H,0.004,0.012,0.008,148.0,0.604,-99.592,653,306,347,46.861,99.771,0.864,-5.452,3289,60.96,-58.81,0.7,-98.86,0.6,-13.25
SOL-USDT-SWAP,30m,4H,0.004,0.012,0.01,148.0,2.54,-98.283,653,328,325,50.23,98.843,0.916,-5.38,3289,141.45,-4.42,3.06,-97.83,2.54,-17.08
SOL-USDT-SWAP,30m,4H,0.004,0.012,0.015,148.0,307.087,107.491,653,362,291,55.436,87.216,1.011,5.885,3289,765.39,417.16,333.92,-56.37,307.09,-8.04
SOL-USDT-SWAP,30m,4H,0.004,0.012,0.02,148.0,1678.526,1034.139,653,376,277,57.58,87.871,1.019,56.613,3289,2515.41,1599.6,1825.19,-27.44,1678.53,-8.04
SOL-USDT-SWAP,30m,4H,0.004,0.012,0.025,148.0,812.868,449.235,653,381,272,58.346,92.936,1.011,24.593,3289,2256.03,1424.34,883.9,-60.82,812.87,-8.04
SOL-USDT-SWAP,30m,4H,0.004,0.012,0.03,148.0,26024.061,17483.825,653,387,266,59.265,63.616,1.121,957.144,3289,2212.04,1394.62,27066.85,1123.61,26024.06,-3.85
SOL-USDT-SWAP,30m,4H,0.004,0.015,0.005,148.0,0.018,-99.988,653,225,428,34.456,99.993,0.788,-5.474,3289,6.97,-95.29,0.02,-99.67,0.02,-21.2
SOL-USDT-SWAP,30m,4H,0.004,0.015,0.008,148.0,0.252,-99.83,653,281,372,43.032,99.925,0.899,-5.465,3289,66.08,-55.35,0.28,-99.57,0.25,-10.88
SOL-USDT-SWAP,30m,4H,0.004,0.015,0.01,148.0,0.68,-99.541,653,300,353,45.942,99.757,0.923,-5.449,3289,113.53,-23.29,0.8,-99.3,0.68,-14.81
SOL-USDT-SWAP,30m,4H,0.004,0.015,0.015,148.0,30.702,-79.256,653,328,325,50.23,94.252,0.974,-4.339,3289,265.35,79.29,32.5,-87.75,30.7,-5.52
SOL-USDT-SWAP,30m,4H,0.004,0.015,0.02,148.0,105.195,-28.922,653,341,312,52.221,91.621,0.997,-1.583,3289,489.74,230.91,111.34,-77.27,105.2,-5.52
SOL-USDT-SWAP,30m,4H,0.004,0.015,0.025,148.0,47.487,-67.914,653,346,307,52.986,96.922,0.99,-3.718,3289,439.84,197.19,50.26,-88.57,47.49,-5.52
SOL-USDT-SWAP,30m,4H,0.004,0.015,0.03,148.0,325.822,120.15,653,352,301,53.905,93.281,1.005,6.578,3289,448.33,202.92,344.86,-23.08,325.82,-5.52
SOL-USDT-SWAP,30m,4H,0.004,0.02,0.005,148.0,0.0,-100.0,653,198,455,30.322,100.0,0.715,-5.474,3289,0.83,-99.44,0.0,-99.93,0.0,-21.2
SOL-USDT-SWAP,30m,4H,0.004,0.02,0.008,148.0,0.002,-99.999,653,247,406,37.825,99.999,0.74,-5.474,3289,4.61,-96.89,0.0,-99.95,0.0,-11.25
SOL-USDT-SWAP,30m,4H,0.004,0.02,0.01,148.0,0.003,-99.998,653,264,389,40.429,99.998,0.726,-5.474,3289,4.37,-97.05,0.0,-99.93,0.0,-15.16
SOL-USDT-SWAP,30m,4H,0.004,0.02,0.015,148.0,0.027,-99.982,653,288,365,44.104,99.986,0.736,-5.473,3289,6.14,-95.85,0.03,-99.53,0.03,-5.92
SOL-USDT-SWAP,30m,4H,0.004,0.02,0.02,148.0,0.096,-99.935,653,302,351,46.248,99.955,0.807,-5.471,3289,14.72,-90.05,0.1,-99.3,0.1,-5.92
SOL-USDT-SWAP,30m,4H,0.004,0.02,0.025,148.0,0.054,-99.964,653,307,346,47.014,99.972,0.782,-5.472,3289,11.65,-92.13,0.06,-99.51,0.05,-5.92
SOL-USDT-SWAP,30m,4H,0.004,0.02,0.03,148.0,0.4,-99.729,653,312,341,47.779,99.783,0.82,-5.46,3289,12.73,-91.4,0.43,-96.66,0.4,-5.92
SOL-USDT-SWAP,30m,4H,0.004,0.03,0.005,148.0,0.0,-100.0,653,183,470,28.025,100.0,0.755,-5.474,3289,0.67,-99.55,0.0,-99.99,0.0,-21.2
SOL-USDT-SWAP,30m,4H,0.004,0.03,0.008,148.0,0.0,-100.0,653,230,423,35.222,100.0,0.768,-5.474,3289,3.12,-97.89,0.0,-100.0,0.0,-11.25
SOL-USDT-SWAP,30m,4H,0.004,0.03,0.01,148.0,0.0,-100.0,653,247,406,37.825,100.0,0.728,-5.474,3289,1.83,-98.76,0.0,-99.99,0.0,-15.16
SOL-USDT-SWAP,30m,4H,0.004,0.03,0.015,148.0,0.002,-99.999,653,270,383,41.348,99.999,0.739,-5.474,3289,2.93,-98.02,0.0,-99.94,0.0,-5.92
SOL-USDT-SWAP,30m,4H,0.004,0.03,0.02,148.0,0.002,-99.999,653,281,372,43.032,99.999,0.723,-5.474,3289,3.09,-97.91,0.0,-99.95,0.0,-5.92
SOL-USDT-SWAP,30m,4H,0.004,0.03,0.025,148.0,0.0,-100.0,653,285,368,43.645,100.0,0.661,-5.474,3289,2.31,-98.44,0.0,-99.98,0.0,-5.92
SOL-USDT-SWAP,30m,4H,0.004,0.03,0.03,148.0,0.0,-100.0,653,286,367,43.798,100.0,0.644,-5.474,3289,2.42,-98.37,0.0,-99.98,0.0,-5.92
SOL-USDT-SWAP,30m,4H,0.005,0.004,0.005,148.0,0.132,-99.911,590,386,204,65.424,99.911,0.458,-5.47,3289,12.65,-91.45,0.15,-98.84,0.13,-10.02
SOL-USDT-SWAP,30m,4H,0.005,0.004,0.008,148.0,6.67,-95.493,590,468,122,79.322,97.169,0.707,-5.228,3289,58.96,-60.16,6.18,-89.52,6.67,7.92
SOL-USDT-SWAP,30m,4H,0.005,0.004,0.01,148.0,29.568,-80.021,590,493,97,83.559,93.181,0.839,-4.381,3289,98.99,-33.12,27.4,-72.32,29.57,7.92
SOL-USDT-SWAP,30m,4H,0.005,0.004,0.015,148.0,1122.915,658.726,590,533,57,90.339,71.546,1.261,36.062,3289,365.61,147.04,1040.46,184.58,1122.91,7.92
SOL-USDT-SWAP,30m,4H,0.005,0.004,0.02,148.0,9472.058,6300.039,590,549,41,93.051,74.907,1.737,344.893,3289,980.25,562.33,8776.53,795.34,9472.06,7.92
SOL-USDT-SWAP,30m,4H,0.005,0.004,0.025,148.0,28572.905,19206.017,590,557,33,94.407,54.819,3.453,1051.424,3289,1050.82,610.01,27417.9,2509.2,28572.9,4.21
SOL-USDT-SWAP,30m,4H,0.005,0.004,0.03,148.0,54449.224,36690.016,590,563,27,95.424,32.3,3.925,2008.578,3289,1911.03,1191.24,53294.22,2688.77,54449.22,2.17
SOL-USDT-SWAP,30m,4H,0.005,0.006,0.005,148.0,6.65,-95.507,590,352,238,59.661,95.726,0.795,-5.228,3289,65.62,-55.66,7.97,-87.85,6.65,-16.62
SOL-USDT-SWAP,30m,4H,0.005,0.006,0.008,148.0,399.798,170.134,590,428,162,72.542,84.01,1.072,9.314,3289,317.24,114.35,460.73,45.23,399.8,-13.22
SOL-USDT-SWAP,30m,4H,0.005,0.006,0.01,148.0,1855.816,1153.93,590,451,139,76.441,84.666,1.158,63.171,3289,464.55,213.88,2237.3,381.61,1855.82,-17.05
SOL-USDT-SWAP,30m,4H,0.005,0.006,0.015,148.0,46966.221,31633.933,590,488,102,82.712,60.876,1.681,1731.785,3289,1788.15,1108.21,47754.22,2570.6,46966.22,-1.65
SOL-USDT-SWAP,30m,4H,0.005,0.006,0.02,148.0,77344.019,52159.472,590,502,88,85.085,64.974,1.936,2855.446,3289,5622.76,3699.16,78132.02,1289.57,77344.02,-1.01
SOL-USDT-SWAP,30m,4H,0.005,0.006,0.025,148.0,89934.406,60666.49,590,509,81,86.271,48.945,2.065,3321.158,3289,5959.59,3926.75,90722.41,1422.29,89934.41,-0.87
SOL-USDT-SWAP,30m,4H,0.005,0.006,0.03,148.0,115369.804,77852.57,590,515,75,87.288,37.364,2.269,4262.002,3289,9120.27,6062.34,116157.8,1173.62,115369.8,-0.68
SOL-USDT-SWAP,30m,4H,0.005,0.008,0.005,148.0,4.268,-97.116,590,299,291,50.678,97.994,0.811,-5.317,3289,47.22,-68.09,5.02,-89.37,4.27,-15.01
SOL-USDT-SWAP,30m,4H,0.005,0.008,0.008,148.0,334.535,126.037,590,368,222,62.373,92.211,1.054,6.9,3289,289.97,95.92,371.09,27.97,334.54,-9.85
SOL-USDT-SWAP,30m,4H,0.005,0.008,0.01,148.0,2012.245,1259.625,590,392,198,66.441,88.001,1.148,68.958,3289,456.61,208.52,2335.08,411.4,2012.25,-13.83
SOL-USDT-SWAP,30m,4H,0.005,0.008,0.015,148.0,57219.513,38561.833,590,429,161,72.712,75.355,1.575,2111.049,3289,2939.5,1886.15,57407.51,1852.97,57219.51,-0.33
SOL-USDT-SWAP,30m,4H,0.005,0.008,0.02,148.0,77748.634,52432.861,590,441,149,74.746,74.14,1.674,2870.412,3289,5088.22,3337.99,77936.63,1431.71,77748.63,-0.24
SOL-USDT-SWAP,30m,4H,0.005,0.008,0.025,148.0,87707.774,59162.01,590,448,142,75.932,66.308,1.721,3238.796,3289,5655.25,3721.12,87895.78,1454.23,87707.77,-0.21
SOL-USDT-SWAP,30m,4H,0.005,0.008,0.03,148.0,107766.971,72715.521,590,453,137,76.78,55.133,1.867,3980.777,3289,5612.53,3692.25,107954.97,1823.46,107766.97,-0.17
SOL-USDT-SWAP,30m,4H,0.005,0.01,0.005,148.0,2.015,-98.638,590,263,327,44.576,98.836,0.807,-5.4,3289,39.71,-73.17,2.48,-93.76,2.02,-18.72
SOL-USDT-SWAP,30m,4H,0.005,0.01,0.008,148.0,41.131,-72.209,590,321,269,54.407,90.958,0.944,-3.953,3289,154.81,4.6,46.82,-69.76,41.13,-12.15
SOL-USDT-SWAP,30m,4H,0.005,0.01,0.01,148.0,149.871,1.264,590,342,248,57.966,91.595,1.0,0.069,3289,219.64,48.41,178.48,-18.74,149.87,-16.03
SOL-USDT-SWAP,30m,4H,0.005,0.01,0.015,148.0,8414.514,5585.483,590,376,214,63.729,76.29,1.118,305.775,3289,1152.05,678.41,8843.86,667.66,8414.51,-4.85
SOL-USDT-SWAP,30m,4H,0.005,0.01,0.02,148.0,31833.321,21409.0,590,388,202,65.763,75.611,1.251,1172.026,3289,2572.59,1638.23,32415.57,1160.04,31833.32,-1.8
SOL-USDT-SWAP,30m,4H,0.005,0.01,0.025,148.0,36779.242,24750.839,590,395,195,66.949,70.48,1.309,1354.973,3289,2550.35,1623.21,37361.49,1364.95,36779.24,-1.56
SOL-USDT-SWAP,30m,4H,0.005,0.01,0.03,148.0,70572.209,47583.925,590,400,190,67.797,61.364,1.457,2604.959,3289,3182.25,2050.17,71154.46,2135.98,70572.21,-0.82
SOL-USDT-SWAP,30m,4H,0.005,0.012,0.005,148.0,0.66,-99.554,590,238,352,40.339,99.663,0.823,-5.45,3289,45.28,-69.41,0.81,-98.21,0.66,-18.72
SOL-USDT-SWAP,30m,4H,0.005,0.012,0.008,148.0,4.221,-97.148,590,288,302,48.814,98.201,0.902,-5.318,3289,135.95,-8.14,4.72,-96.53,4.22,-10.52
SOL-USDT-SWAP,30m,4H,0.005,0.012,0.01,148.0,15.367,-89.617,590,309,281,52.373,96.52,0.948,-4.906,3289,213.86,44.5,17.97,-91.6,15.37,-14.47
SOL-USDT-SWAP,30m,4H,0.005,0.012,0.015,148.0,659.502,345.609,590,341,249,57.797,72.945,1.034,18.92,3289,771.22,421.09,680.52,-11.76,659.5,-3.09
SOL-USDT-SWAP,30m,4H,0.005,0.012,0.02,148.0,2155.602,1356.488,590,353,237,59.831,75.156,1.044,74.26,3289,1537.08,938.57,2224.29,44.71,2155.6,-3.09
SOL-USDT-SWAP,30m,4H,0.005,0.012,0.025,148.0,3803.268,2469.776,590,361,229,61.186,82.262,1.083,135.207,3289,1271.27,758.96,3924.45,208.7,3803.27,-3.09
SOL-USDT-SWAP,30m,4H,0.005,0.012,0.03,148.0,14704.848,9835.708,590,366,224,62.034,86.555,1.142,538.451,3289,1514.66,923.42,15166.23,901.3,14704.85,-3.04
SOL-USDT-SWAP,30m,4H,0.005,0.015,0.005,148.0,0.247,-99.833,590,214,376,36.271,99.902,0.859,-5.465,3289,42.79,-71.09,0.3,-99.29,0.25,-18.72
SOL-USDT-SWAP,30m,4H,0.005,0.015,0.008,148.0,0.698,-99.529,590,259,331,43.898,99.735,0.898,-5.449,3289,85.65,-42.13,0.76,-99.11,0.7,-8.08
SOL-USDT-SWAP,30m,4H,0.005,0.015,0.01,148.0,2.09,-98.588,590,278,312,47.119,99.59,0.944,-5.397,3289,170.85,15.44,2.38,-98.61,2.09,-12.13
SOL-USDT-SWAP,30m,4H,0.005,0.015,0.015,148.0,89.653,-39.424,590,308,282,52.203,88.564,0.991,-2.158,3289,408.31,175.88,90.05,-77.95,89.65,-0.44
SOL-USDT-SWAP,30m,4H,0.005,0.015,0.02,148.0,142.515,-3.706,590,318,272,53.898,88.707,1.0,-0.203,3289,564.62,281.5,143.14,-74.65,142.52,-0.44
SOL-USDT-SWAP,30m,4H,0.005,0.015,0.025,148.0,254.242,71.785,590,326,264,55.254,91.537,1.007,3.93,3289,546.96,269.57,255.36,-53.31,254.24,-0.44
SOL-USDT-SWAP,30m,4H,0.005,0.015,0.03,148.0,1933.664,1206.53,590,331,259,56.102,92.566,1.033,66.051,3289,790.14,433.88,1942.16,145.8,1933.66,-0.44
SOL-USDT-SWAP,30m,4H,0.005,0.02,0.005,148.0,0.015,-99.99,590,189,401,32.034,99.993,0.781,-5.474,3289,13.7,-90.74,0.02,-99.86,0.02,-18.72
SOL-USDT-SWAP,30m,4H,0.005,0.02,0.008,148.0,0.04,-99.973,590,234,356,39.661,99.981,0.827,-5.473,3289,30.93,-79.1,0.04,-99.86,0.04,-7.63
SOL-USDT-SWAP,30m,4H,0.005,0.02,0.01,148.0,0.056,-99.962,590,250,340,42.373,99.969,0.851,-5.472,3289,45.88,-69.0,0.06,-99.86,0.06,-11.7
SOL-USDT-SWAP,30m,4H,0.005,0.02,0.015,148.0,0.652,-99.56,590,277,313,46.949,99.742,0.863,-5.45,3289,51.58,-65.15,0.65,-98.74,0.65,0.05
SOL-USDT-SWAP,30m,4H,0.005,0.02,0.02,148.0,0.85,-99.426,590,287,303,48.644,99.651,0.907,-5.443,3289,75.42,-49.04,0.85,-98.87,0.85,0.05
SOL-USDT-SWAP,30m,4H,0.005,0.02,0.025,148.0,1.975,-98.666,590,295,295,50.0,99.082,0.912,-5.401,3289,69.52,-53.03,1.97,-97.16,1.97,0.05
SOL-USDT-SWAP,30m,4H,0.005,0.02,0.03,148.0,8.711,-94.114,590,298,292,50.508,98.288,0.961,-5.152,3289,90.99,-38.52,8.71,-90.43,8.71,0.05
SOL-USDT-SWAP,30m,4H,0.005,0.03,0.005,148.0,0.001,-100.0,590,171,419,28.983,100.0,0.787,-5.474,3289,6.41,-95.67,0.0,-99.99,0.0,-18.72
SOL-USDT-SWAP,30m,4H,0.005,0.03,0.008,148.0,0.001,-99.999,590,214,376,36.271,100.0,0.795,-5.474,3289,9.8,-93.38,0.0,-99.99,0.0,-7.63
SOL-USDT-SWAP,30m,4H,0.005,0.03,0.01,148.0,0.002,-99.999,590,233,357,39.492,99.999,0.79,-5.474,3289,14.25,-90.37,0.0,-99.98,0.0,-11.7
SOL-USDT-SWAP,30m,4H,0.005,0.03,0.015,148.0,0.02,-99.986,590,258,332,43.729,99.992,0.804,-5.474,3289,18.48,-87.51,0.02,-99.89,0.02,0.05
SOL-USDT-SWAP,30m,4H,0.005,0.03,0.02,148.0,0.008,-99.995,590,265,325,44.915,99.997,0.766,-5.474,3289,11.01,-92.56,0.01,-99.93,0.01,0.05
SOL-USDT-SWAP,30m,4H,0.005,0.03,0.025,148.0,0.004,-99.998,590,270,320,45.763,99.999,0.708,-5.474,3289,9.0,-93.92,0.0,-99.96,0.0,0.05
SOL-USDT-SWAP,30m,4H,0.005,0.03,0.03,148.0,0.003,-99.998,590,270,320,45.763,99.999,0.715,-5.474,3289,10.63,-92.82,0.0,-99.97,0.0,0.05
SOL-USDT-SWAP,30m,4H,0.007,0.004,0.005,148.0,0.36,-99.756,482,313,169,64.938,99.784,0.502,-5.461,3289,19.87,-86.57,0.34,-98.29,0.36,6.12
SOL-USDT-SWAP,30m,4H,0.007,0.004,0.008,148.0,3.908,-97.36,482,374,108,77.593,98.097,0.71,-5.33,3289,66.52,-55.05,3.68,-94.46,3.91,6.12
SOL-USDT-SWAP,30m,4H,0.007,0.004,0.01,148.0,23.379,-84.204,482,400,82,82.988,89.629,0.813,-4.61,3289,109.84,-25.78,22.03,-79.94,23.38,6.12
SOL-USDT-SWAP,30m,4H,0.007,0.004,0.015,148.0,672.844,354.625,482,436,46,90.456,64.644,1.196,19.414,3289,434.71,193.72,634.04,45.85,672.84,6.12
SOL-USDT-SWAP,30m,4H,0.007,0.004,0.02,148.0,3879.024,2520.962,482,450,32,93.361,60.082,1.953,138.009,3289,619.63,318.67,3655.29,489.91,3879.02,6.12
SOL-USDT-SWAP,30m,4H,0.007,0.004,0.025,148.0,12447.873,8310.725,482,457,25,94.813,44.557,2.071,454.967,3289,948.05,540.57,11729.91,1137.27,12447.87,6.12
SOL-USDT-SWAP,30m,4H,0.007,0.004,0.03,148.0,29917.753,20114.698,482,461,21,95.643,33.692,2.884,1101.17,3289,849.02,473.66,29017.75,3317.79,29917.75,3.1
SOL-USDT-SWAP,30m,4H,0.007,0.006,0.005,148.0,39.941,-73.013,482,300,182,62.241,89.701,0.882,-3.997,3289,101.59,-31.36,35.61,-64.95,39.94,12.16
SOL-USDT-SWAP,30m,4H,0.007,0.006,0.008,148.0,611.804,313.381,482,355,127,73.651,79.903,1.13,17.156,3289,352.79,138.37,545.46,54.61,611.8,12.16
SOL-USDT-SWAP,30m,4H,0.007,0.006,0.01,148.0,5797.566,3817.274,482,381,101,79.046,64.729,1.326,208.975,3289,817.12,452.11,5168.93,532.58,5797.57,12.16
SOL-USDT-SWAP,30m,4H,0.007,0.006,0.015,148.0,58630.057,39514.903,482,414,68,85.892,49.476,2.178,2163.225,3289,2339.95,1481.05,56875.06,2330.61,58630.06,3.09
SOL-USDT-SWAP,30m,4H,0.007,0.006,0.02,148.0,93555.49,63113.169,482,428,54,88.797,54.945,3.129,3455.101,3289,4307.71,2810.61,91800.49,2031.08,93555.49,1.91
SOL-USDT-SWAP,30m,4H,0.007,0.006,0.025,148.0,115110.736,77677.524,482,435,47,90.249,41.533,3.132,4252.419,3289,6851.83,4529.61,113355.74,1554.39,115110.74,1.55
SOL-USDT-SWAP,30m,4H,0.007,0.006,0.03,148.0,127573.281,86098.163,482,438,44,90.871,37.621,3.901,4713.403,3289,6136.15,4046.05,125818.28,1950.44,127573.28,1.39
SOL-USDT-SWAP,30m,4H,0.007,0.008,0.005,148.0,174.28,17.757,482,267,215,55.394,72.341,1.011,0.972,3289,187.53,26.71,191.87,2.32,174.28,-9.17
SOL-USDT-SWAP,30m,4H,0.007,0.008,0.008,148.0,3050.793,1961.347,482,318,164,65.975,72.128,1.179,107.373,3289,471.57,218.63,3587.18,660.68,3050.79,-14.95
SOL-USDT-SWAP,30m,4H,0.007,0.008,0.01,148.0,30051.084,20204.787,482,342,140,70.954,61.217,1.422,1106.101,3289,934.32,531.3,32886.08,3419.78,30051.08,-8.62
SOL-USDT-SWAP,30m,4H,0.007,0.008,0.015,148.0,82091.683,55367.353,482,374,108,77.593,50.45,1.896,3031.059,3289,3176.71,2046.43,82583.06,2499.64,82091.68,-0.6
SOL-USDT-SWAP,30m,4H,0.007,0.008,0.02,148.0,110399.141,74494.014,482,387,95,80.29,43.602,2.145,4078.139,3289,4824.99,3160.13,110890.52,2198.25,110399.14,-0.44
SOL-USDT-SWAP,30m,4H,0.007,0.008,0.025,148.0,122557.723,82709.272,482,391,91,81.12,43.497,2.174,4527.88,3289,7456.76,4938.35,123049.1,1550.17,122557.72,-0.4
SOL-USDT-SWAP,30m,4H,0.007,0.008,0.03,148.0,136773.736,92314.686,482,395,87,81.95,33.801,2.414,5053.724,3289,6218.62,4101.77,137265.11,2107.32,136773.74,-0.36
SOL-USDT-SWAP,30m,4H,0.007,0.01,0.005,148.0,66.203,-55.269,482,225,257,46.68,84.85,0.962,-3.026,3289,241.29,63.04,71.53,-70.35,66.2,-7.45
SOL-USDT-SWAP,30m,4H,0.007,0.01,0.008,148.0,1577.206,965.679,482,275,207,57.054,78.284,1.097,52.866,3289,740.41,400.27,1820.07,145.82,1577.21,-13.34
SOL-USDT-SWAP,30m,4H,0.007,0.01,0.01,148.0,34863.649,23456.519,482,302,180,62.656,68.19,1.35,1284.116,3289,2430.42,1542.17,37398.65,1438.77,34863.65,-6.78
SOL-USDT-SWAP,30m,4H,0.007,0.01,0.015,148.0,80299.42,54156.365,482,330,152,68.465,64.793,1.64,2964.765,3289,5612.73,3692.39,80490.8,1334.08,80299.42,-0.24
SOL-USDT-SWAP,30m,4H,0.007,0.01,0.02,148.0,97274.783,65626.205,482,341,141,70.747,62.023,1.737,3592.675,3289,5928.62,3905.83,97466.16,1543.99,97274.78,-0.2
SOL-USDT-SWAP,30m,4H,0.007,0.01,0.025,148.0,108200.396,73008.376,482,345,137,71.577,58.239,1.833,3996.809,3289,7330.83,4853.27,108391.77,1378.57,108200.4,-0.18
SOL-USDT-SWAP,30m,4H,0.007,0.01,0.03,148.0,118783.562,80159.164,482,349,133,72.407,50.391,1.956,4388.275,3289,5301.59,3482.15,118974.94,2144.14,118783.56,-0.16
SOL-USDT-SWAP,30m,4H,0.007,0.012,0.005,148.0,6.261,-95.769,482,192,290,39.834,97.557,0.909,-5.243,3289,164.81,11.35,6.64,-95.97,6.26,-5.73
SOL-USDT-SWAP,30m,4H,0.007,0.012,0.008,148.0,39.175,-73.531,482,235,247,48.755,92.221,0.967,-4.025,3289,297.97,101.33,44.38,-85.1,39.17,-11.73
SOL-USDT-SWAP,30m,4H,0.007,0.012,0.01,148.0,721.505,387.504,482,260,222,53.942,77.031,1.031,21.214,3289,790.65,434.22,855.13,8.16,721.51,-15.63
SOL-USDT-SWAP,30m,4H,0.007,0.012,0.015,148.0,10528.774,7014.037,482,286,196,59.336,72.353,1.101,383.98,3289,2135.64,1343.0,10557.75,394.36,10528.77,-0.27
SOL-USDT-SWAP,30m,4H,0.007,0.012,0.02,148.0,41636.177,28032.552,482,298,184,61.826,70.354,1.321,1534.629,3289,2234.76,1409.97,41527.55,1758.25,41636.18,0.26
SOL-USDT-SWAP,30m,4H,0.007,0.012,0.025,148.0,46994.863,31653.286,482,301,181,62.448,67.696,1.34,1732.844,3289,3191.35,2056.31,46886.24,1369.17,46994.86,0.23
SOL-USDT-SWAP,30m,4H,0.007,0.012,0.03,148.0,65161.799,43928.243,482,306,176,63.485,56.486,1.473,2404.831,3289,2307.95,1459.42,65053.18,2718.66,65161.8,0.17
SOL-USDT-SWAP,30m,4H,0.007,0.015,0.005,148.0,1.012,-99.316,482,170,312,35.27,99.534,0.875,-5.437,3289,89.77,-39.34,1.05,-98.84,1.01,-3.15
SOL-USDT-SWAP,30m,4H,0.007,0.015,0.008,148.0,4.397,-97.029,482,210,272,43.568,98.743,0.944,-5.312,3289,201.32,36.03,4.85,-97.59,4.4,-9.32
SOL-USDT-SWAP,30m,4H,0.007,0.015,0.01,148.0,71.911,-51.411,482,235,247,48.755,95.188,0.992,-2.814,3289,578.29,290.74,82.96,-85.65,71.91,-13.32
SOL-USDT-SWAP,30m,4H,0.007,0.015,0.015,148.0,280.832,89.751,482,257,225,53.32,93.014,1.005,4.913,3289,1344.07,808.15,274.11,-79.61,280.83,2.45
SOL-USDT-SWAP,30m,4H,0.007,0.015,0.02,148.0,1077.256,627.875,482,269,213,55.809,94.51,1.012,34.373,3289,1465.15,889.97,1051.47,-28.24,1077.26,2.45
SOL-USDT-SWAP,30m,4H,0.007,0.015,0.025,148.0,1407.771,851.196,482,272,210,56.432,94.269,1.013,46.598,3289,1831.69,1137.63,1374.07,-24.98,1407.77,2.45
SOL-USDT-SWAP,30m,4H,0.007,0.015,0.03,148.0,12620.661,8427.474,482,277,205,57.469,82.48,1.077,461.358,3289,1391.87,840.45,12318.52,785.03,12620.66,2.45
SOL-USDT-SWAP,30m,4H,0.007,0.02,0.005,148.0,0.598,-99.596,482,158,324,32.78,99.66,0.861,-5.452,3289,73.69,-50.21,0.59,-99.2,0.6,1.14
SOL-USDT-SWAP,30m,4H,0.007,0.02,0.008,148.0,0.94,-99.365,482,193,289,40.041,99.72,0.9,-5.44,3289,112.32,-24.11,0.99,-99.12,0.94,-5.3
SOL-USDT-SWAP,30m,4H,0.007,0.02,0.01,148.0,4.118,-97.218,482,213,269,44.191,98.905,0.915,-5.322,3289,115.47,-21.98,4.55,-96.06,4.12,-9.47
SOL-USDT-SWAP,30m,4H,0.007,0.02,0.015,148.0,10.053,-93.207,482,233,249,48.34,98.406,0.967,-5.103,3289,311.49,110.47,9.4,-96.98,10.05,7.0
SOL-USDT-SWAP,30m,4H,0.007,0.02,0.02,148.0,47.907,-67.631,482,244,238,50.622,96.711,0.989,-3.702,3289,242.54,63.88,44.77,-81.54,47.91,7.0
SOL-USDT-SWAP,30m,4H,0.007,0.02,0.025,148.0,48.247,-67.401,482,247,235,51.245,97.832,0.991,-3.69,3289,319.98,116.2,45.09,-85.91,48.25,7.0
SOL-USDT-SWAP,30m,4H,0.007,0.02,0.03,148.0,86.539,-41.528,482,251,231,52.075,97.851,0.997,-2.273,3289,257.82,74.2,80.88,-68.63,86.54,7.0
SOL-USDT-SWAP,30m,4H,0.007,0.03,0.005,148.0,0.007,-99.995,482,138,344,28.631,99.996,0.681,-5.474,3289,18.17,-87.72,0.01,-99.96,0.01,-0.92
SOL-USDT-SWAP,30m,4H,0.007,0.03,0.008,148.0,0.013,-99.992,482,175,307,36.307,99.993,0.711,-5.474,3289,24.6,-83.38,0.01,-99.95,0.01,-7.23
SOL-USDT-SWAP,30m,4H,0.007,0.03,0.01,148.0,0.038,-99.974,482,193,289,40.041,99.978,0.722,-5.473,3289,27.32,-81.54,0.04,-99.84,0.04,-11.32
SOL-USDT-SWAP,30m,4H,0.007,0.03,0.015,148.0,0.059,-99.96,482,212,270,43.983,99.966,0.751,-5.472,3289,32.82,-77.82,0.06,-99.83,0.06,4.81
SOL-USDT-SWAP,30m,4H,0.007,0.03,0.02,148.0,0.088,-99.941,482,220,262,45.643,99.957,0.735,-5.471,3289,21.6,-85.4,0.08,-99.61,0.09,4.81
SOL-USDT-SWAP,30m,4H,0.007,0.03,0.025,148.0,0.04,-99.973,482,222,260,46.058,99.979,0.758,-5.473,3289,38.37,-74.08,0.04,-99.9,0.04,4.81
SOL-USDT-SWAP,30m,4H,0.007,0.03,0.03,148.0,0.01,-99.993,482,223,259,46.266,99.994,0.697,-5.474,3289,24.96,-83.13,0.01,-99.96,0.01,4.81
SOL-USDT-SWAP,30m,4H,0.01,0.004,0.005,148.0,0.66,-99.554,354,217,137,61.299,99.58,0.479,-5.45,3289,39.45,-73.34,0.68,-98.27,0.66,-3.24
SOL-USDT-SWAP,30m,4H,0.01,0.004,0.008,148.0,5.688,-96.157,354,268,86,75.706,96.97,0.571,-5.264,3289,55.71,-62.36,5.36,-90.38,5.69,6.12
SOL-USDT-SWAP,30m,4H,0.01,0.004,0.01,148.0,28.478,-80.758,354,291,63,82.203,86.432,0.79,-4.421,3289,156.63,5.83,26.84,-82.87,28.48,6.12
SOL-USDT-SWAP,30m,4H,0.01,0.004,0.015,148.0,171.668,15.992,354,315,39,88.983,78.196,1.02,0.875,3289,363.35,145.51,161.77,-55.48,171.67,6.12
SOL-USDT-SWAP,30m,4H,0.01,0.004,0.02,148.0,389.08,162.892,354,325,29,91.808,73.898,1.168,8.917,3289,427.89,189.11,366.64,-14.31,389.08,6.12
SOL-USDT-SWAP,30m,4H,0.01,0.004,0.025,148.0,6776.389,4478.641,354,337,17,95.198,35.961,1.96,245.181,3289,691.02,366.91,6385.54,824.07,6776.39,6.12
SOL-USDT-SWAP,30m,4H,0.01,0.004,0.03,148.0,9960.867,6630.315,354,339,15,95.763,42.506,3.186,362.973,3289,643.69,334.93,9386.35,1358.2,9960.87,6.12
SOL-USDT-SWAP,30m,4H,0.01,0.006,0.005,148.0,10.983,-92.579,354,205,149,57.91,94.227,0.819,-5.068,3289,142.73,-3.56,10.92,-92.35,10.98,0.59
SOL-USDT-SWAP,30m,4H,0.01,0.006,0.008,148.0,132.291,-10.614,354,251,103,70.904,63.849,0.99,-0.581,3289,227.67,53.83,136.36,-40.11,132.29,-2.98
SOL-USDT-SWAP,30m,4H,0.01,0.006,0.01,148.0,932.421,530.014,354,274,80,77.401,59.139,1.119,29.015,3289,773.79,422.83,928.17,19.95,932.42,0.46
SOL-USDT-SWAP,30m,4H,0.01,0.006,0.015,148.0,7810.588,5177.425,354,298,56,84.181,59.443,1.245,283.436,3289,2096.76,1316.73,7774.98,270.81,7810.59,0.46
SOL-USDT-SWAP,30m,4H,0.01,0.006,0.02,148.0,14561.389,9738.776,354,307,47,86.723,66.173,1.431,533.145,3289,2040.53,1278.74,14489.88,610.1,14561.39,0.49
SOL-USDT-SWAP,30m,4H,0.01,0.006,0.025,148.0,66984.946,45160.099,354,319,35,90.113,46.929,2.544,2472.268,3289,3425.86,2214.77,66853.09,1851.43,66984.95,0.2
SOL-USDT-SWAP,30m,4H,0.01,0.006,0.03,148.0,71141.724,47968.732,354,321,33,90.678,54.835,2.965,2626.025,3289,3191.21,2056.22,71009.86,2125.17,71141.72,0.19
SOL-USDT-SWAP,30m,4H,0.01,0.008,0.005,148.0,71.885,-51.429,354,192,162,54.237,75.125,0.952,-2.815,3289,218.54,47.66,68.99,-68.43,71.88,4.2
SOL-USDT-SWAP,30m,4H,0.01,0.008,0.008,148.0,1492.912,908.725,354,237,117,66.949,49.149,1.171,49.748,3289,436.78,195.12,1485.46,240.09,1492.91,0.5
SOL-USDT-SWAP,30m,4H,0.01,0.008,0.01,148.0,9912.184,6597.422,354,258,96,72.881,57.547,1.266,361.173,3289,1167.24,688.68,9525.13,716.04,9912.18,4.06
SOL-USDT-SWAP,30m,4H,0.01,0.008,0.015,148.0,54413.413,36665.819,354,281,73,79.379,56.413,1.786,2007.253,3289,4663.34,3050.9,53726.55,1052.1,54413.41,1.28
SOL-USDT-SWAP,30m,4H,0.01,0.008,0.02,148.0,65042.59,43847.696,354,289,65,81.638,67.238,1.887,2400.421,3289,4345.89,2836.41,64355.73,1380.84,65042.59,1.07
SOL-USDT-SWAP,30m,4H,0.01,0.008,0.025,148.0,106267.979,71702.689,354,299,55,84.463,32.255,2.642,3925.33,3289,7091.91,4691.83,105581.12,1388.75,106267.98,0.65
SOL-USDT-SWAP,30m,4H,0.01,0.008,0.03,148.0,110026.169,74242.006,354,300,54,84.746,35.621,2.772,4064.343,3289,6628.57,4378.77,109339.31,1549.52,110026.17,0.63
SOL-USDT-SWAP,30m,4H,0.01,0.01,0.005,148.0,90.34,-38.959,354,170,184,48.023,77.57,0.966,-2.133,3289,169.65,14.63,97.3,-42.65,90.34,-7.15
SOL-USDT-SWAP,30m,4H,0.01,0.01,0.008,148.0,3087.485,1986.138,354,215,139,60.734,54.713,1.189,108.73,3289,460.77,211.33,3069.71,566.22,3087.48,0.58
SOL-USDT-SWAP,30m,4H,0.01,0.01,0.01,148.0,28134.85,18910.034,354,236,118,66.667,55.195,1.455,1035.221,3289,1170.02,690.55,27431.23,2244.51,28134.85,2.57
SOL-USDT-SWAP,30m,4H,0.01,0.01,0.015,148.0,62893.701,42395.744,354,256,98,72.316,51.655,1.758,2320.935,3289,3690.26,2393.42,62190.08,1585.25,62893.7,1.13
SOL-USDT-SWAP,30m,4H,0.01,0.01,0.02,148.0,72743.7,49051.149,354,263,91,74.294,68.713,1.799,2685.282,3289,3976.19,2586.61,72040.08,1711.79,72743.7,0.98
SOL-USDT-SWAP,30m,4H,0.01,0.01,0.025,148.0,112371.244,75826.516,354,272,82,76.836,39.443,2.24,4151.087,3289,6302.32,4158.33,111667.63,1671.85,112371.24,0.63
SOL-USDT-SWAP,30m,4H,0.01,0.01,0.03,148.0,112740.147,76075.775,354,273,81,77.119,46.741,2.267,4164.732,3289,5485.44,3606.38,112036.53,1942.43,112740.15,0.63
SOL-USDT-SWAP,30m,4H,0.01,0.012,0.005,148.0,188.455,27.334,354,159,195,44.915,75.326,1.012,1.496,3289,244.75,65.37,199.27,-18.58,188.45,-5.43
SOL-USDT-SWAP,30m,4H,0.01,0.012,0.008,148.0,8416.723,5586.975,354,203,151,57.345,52.149,1.177,305.856,3289,665.98,349.99,8215.7,1133.63,8416.72,2.45
SOL-USDT-SWAP,30m,4H,0.01,0.012,0.01,148.0,40016.863,26938.421,354,221,133,62.429,56.008,1.466,1474.731,3289,1989.41,1244.2,39013.25,1861.04,40016.86,2.57
SOL-USDT-SWAP,30m,4H,0.01,0.012,0.015,148.0,75199.768,50710.654,354,240,114,67.797,49.029,1.79,2776.131,3289,3802.8,2469.46,74196.15,1851.09,75199.77,1.35
SOL-USDT-SWAP,30m,4H,0.01,0.012,0.02,148.0,80179.558,54075.377,354,246,108,69.492,66.94,1.776,2960.331,3289,4339.18,2831.88,79175.94,1724.67,80179.56,1.27
SOL-USDT-SWAP,30m,4H,0.01,0.012,0.025,148.0,116649.361,78717.136,354,254,100,71.751,34.621,2.116,4309.332,3289,5012.17,3286.6,115645.74,2207.3,116649.36,0.87
SOL-USDT-SWAP,30m,4H,0.01,0.012,0.03,148.0,112155.755,75680.916,354,255,99,72.034,47.372,2.08,4143.116,3289,3783.08,2456.14,111152.14,2838.14,112155.76,0.9
SOL-USDT-SWAP,30m,4H,0.01,0.015,0.005,148.0,20.883,-85.89,354,138,216,38.983,93.967,0.904,-4.702,3289,131.2,-11.35,21.49,-83.62,20.88,-2.84
SOL-USDT-SWAP,30m,4H,0.01,0.015,0.008,148.0,557.345,276.585,354,178,176,50.282,76.138,1.062,15.141,3289,319.98,116.2,529.55,65.5,557.35,5.25
SOL-USDT-SWAP,30m,4H,0.01,0.015,0.01,148.0,1714.068,1058.154,354,193,161,54.52,79.057,1.108,57.928,3289,634.04,328.4,1572.85,148.07,1714.07,8.98
SOL-USDT-SWAP,30m,4H,0.01,0.015,0.015,148.0,9373.77,6233.628,354,210,144,59.322,79.653,1.159,341.257,3289,1011.34,583.34,8601.47,750.5,9373.77,8.98
SOL-USDT-SWAP,30m,4H,0.01,0.015,0.02,148.0,6810.61,4501.764,354,216,138,61.017,87.81,1.206,246.447,3289,923.74,524.15,6249.49,576.54,6810.61,8.98
SOL-USDT-SWAP,30m,4H,0.01,0.015,0.025,148.0,30323.698,20388.985,354,222,132,62.712,78.572,1.372,1116.185,3289,870.47,488.15,28870.08,3216.61,30323.7,5.04
SOL-USDT-SWAP,30m,4H,0.01,0.015,0.03,148.0,18502.084,12401.408,354,223,131,62.994,84.99,1.349,678.909,3289,600.28,305.59,17048.47,2740.1,18502.08,8.53
SOL-USDT-SWAP,30m,4H,0.01,0.02,0.005,148.0,1.462,-99.012,354,118,236,33.333,99.161,0.752,-5.42,3289,46.01,-68.91,1.44,-96.87,1.46,1.47
SOL-USDT-SWAP,30m,4H,0.01,0.02,0.008,148.0,14.941,-89.905,354,154,200,43.503,92.193,0.853,-4.922,3289,60.39,-59.2,13.59,-77.49,14.94,9.92
SOL-USDT-SWAP,30m,4H,0.01,0.02,0.01,148.0,31.074,-79.004,354,167,187,47.175,89.26,0.904,-4.325,3289,91.74,-38.02,27.3,-70.24,31.07,13.81
SOL-USDT-SWAP,30m,4H,0.01,0.02,0.015,148.0,64.526,-56.401,354,180,174,50.847,82.585,0.961,-3.088,3289,98.7,-33.31,56.69,-42.56,64.53,13.81
SOL-USDT-SWAP,30m,4H,0.01,0.02,0.02,148.0,41.596,-71.895,354,186,168,52.542,94.443,0.937,-3.936,3289,94.16,-36.38,36.55,-61.19,41.6,13.81
SOL-USDT-SWAP,30m,4H,0.01,0.02,0.025,148.0,343.148,131.857,354,192,162,54.237,87.314,1.039,7.218,3289,108.9,-26.42,301.5,176.87,343.15,13.81
SOL-USDT-SWAP,30m,4H,0.01,0.02,0.03,148.0,213.757,44.431,354,193,161,54.52,85.073,1.021,2.432,3289,69.93,-52.75,187.81,168.57,213.76,13.81
SOL-USDT-SWAP,30m,4H,0.01,0.03,0.005,148.0,0.466,-99.685,354,109,245,30.791,99.734,0.653,-5.457,3289,31.73,-78.56,0.46,-98.56,0.47,2.05
SOL-USDT-SWAP,30m,4H,0.01,0.03,0.008,148.0,1.354,-99.085,354,141,213,39.831,99.272,0.663,-5.424,3289,25.64,-82.67,1.23,-95.22,1.35,10.55
SOL-USDT-SWAP,30m,4H,0.01,0.03,0.01,148.0,4.193,-97.167,354,155,199,43.785,98.282,0.737,-5.319,3289,35.59,-75.95,3.66,-89.71,4.19,14.47
SOL-USDT-SWAP,30m,4H,0.01,0.03,0.015,148.0,4.518,-96.947,354,166,188,46.893,97.919,0.797,-5.307,3289,33.78,-77.18,3.95,-88.32,4.52,14.47
SOL-USDT-SWAP,30m,4H,0.01,0.03,0.02,148.0,1.971,-98.668,354,171,183,48.305,99.394,0.795,-5.402,3289,47.65,-67.81,1.72,-96.39,1.97,14.47
SOL-USDT-SWAP,30m,4H,0.01,0.03,0.025,148.0,2.752,-98.141,354,173,181,48.87,99.361,0.856,-5.373,3289,57.4,-61.21,2.4,-95.81,2.75,14.47
SOL-USDT-SWAP,30m,4H,0.01,0.03,0.03,148.0,1.45,-99.021,354,174,180,49.153,99.562,0.799,-5.421,3289,36.86,-75.09,1.27,-96.56,1.45,14.47
SOL-USDT-SWAP,1H,6H,0.001,0.004,0.005,148.0,0.001,-100.0,622,356,266,57.235,100.0,0.369,-5.455,2201,3.05,-97.94,0.0,-99.98,0.0,-0.65
SOL-USDT-SWAP,1H,6H,0.001,0.004,0.008,148.0,0.025,-99.983,622,453,169,72.83,99.986,0.398,-5.454,2201,4.98,-96.64,0.02,-99.52,0.02,5.45
SOL-USDT-SWAP,1H,6H,0.001,0.004,0.01,148.0,0.227,-99.847,622,492,130,79.1,99.897,0.494,-5.446,2201,13.3,-91.01,0.19,-98.57,0.23,19.51
SOL-USDT-SWAP,1H,6H,0.001,0.004,0.015,148.0,21.694,-85.342,622,548,74,88.103,97.148,0.73,-4.655,2201,47.56,-67.86,18.15,-61.83,21.69,19.51
SOL-USDT-SWAP,1H,6H,0.001,0.004,0.02,148.0,723.42,388.797,622,576,46,92.605,87.775,1.491,21.207,2201,147.1,-0.61,605.33,311.5,723.42,19.51
SOL-USDT-SWAP,1H,6H,0.001,0.004,0.025,148.0,8988.957,5973.619,622,590,32,94.855,84.531,3.282,325.834,2201,506.14,241.99,7521.56,1386.06,8988.96,19.51
SOL-USDT-SWAP,1H,6H,0.001,0.004,0.03,148.0,19565.266,13119.775,622,595,27,95.659,74.051,3.063,715.624,2201,851.65,475.44,16865.27,1880.31,19565.27,16.01
SOL-USDT-SWAP,1H,6H,0.001,0.006,0.005,148.0,0.117,-99.921,622,341,281,54.823,99.938,0.658,-5.45,2201,24.1,-83.72,0.12,-99.52,0.12,0.57
SOL-USDT-SWAP,1H,6H,0.001,0.006,0.008,148.0,6.381,-95.688,622,428,194,68.81,97.352,0.758,-5.219,2201,56.18,-62.04,6.06,-89.21,6.38,5.32
SOL-USDT-SWAP,1H,6H,0.001,0.006,0.01,148.0,123.471,-16.574,622,468,154,75.241,86.127,0.985,-0.904,2201,191.52,29.4,103.77,-45.82,123.47,18.99
SOL-USDT-SWAP,1H,6H,0.001,0.006,0.015,148.0,14877.549,9952.398,622,519,103,83.441,80.624,1.431,542.858,2201,964.03,551.37,12399.58,1186.22,14877.55,19.98
SOL-USDT-SWAP,1H,6H,0.001,0.006,0.02,148.0,83806.994,56526.348,622,547,75,87.942,74.511,2.286,3083.255,2201,3620.69,2346.41,80876.82,2133.74,83806.99,3.62
SOL-USDT-SWAP,1H,6H,0.001,0.006,0.025,148.0,126903.261,85645.447,622,561,61,90.193,82.204,2.43,4671.57,2201,13997.21,9357.57,123973.09,785.7,126903.26,2.36
SOL-USDT-SWAP,1H,6H,0.001,0.006,0.03,148.0,148274.469,100085.452,622,566,56,90.997,66.58,2.628,5459.206,2201,22492.39,15097.56,145344.3,546.19,148274.47,2.02
SOL-USDT-SWAP,1H,6H,0.001,0.008,0.005,148.0,0.513,-99.653,622,304,318,48.875,99.791,0.74,-5.436,2201,26.93,-81.81,0.52,-98.07,0.51,-1.07
SOL-USDT-SWAP,1H,6H,0.001,0.008,0.008,148.0,63.797,-56.894,622,389,233,62.54,92.719,0.933,-3.103,2201,100.99,-31.76,71.4,-29.31,63.8,-10.64
SOL-USDT-SWAP,1H,6H,0.001,0.008,0.01,148.0,1264.246,754.22,622,425,197,68.328,87.969,1.147,41.139,2201,392.25,165.03,1260.25,221.29,1264.25,0.32
SOL-USDT-SWAP,1H,6H,0.001,0.008,0.015,148.0,46411.668,31259.235,622,469,153,75.402,86.431,1.539,1705.049,2201,3409.17,2203.49,46649.58,1268.35,46411.67,-0.51
SOL-USDT-SWAP,1H,6H,0.001,0.008,0.02,148.0,109418.872,73831.67,622,495,127,79.582,83.681,1.84,4027.182,2201,10590.29,7055.6,110406.78,942.53,109418.87,-0.89
SOL-USDT-SWAP,1H,6H,0.001,0.008,0.025,148.0,172875.63,116707.858,622,510,112,81.994,89.27,2.221,6365.883,2201,26276.47,17654.37,170902.65,550.4,172875.63,1.15
SOL-USDT-SWAP,1H,6H,0.001,0.008,0.03,148.0,189073.997,127652.7,622,515,107,82.797,79.068,2.367,6962.875,2201,33959.58,22845.67,187101.02,450.95,189074.0,1.05
SOL-USDT-SWAP,1H,6H,0.001,0.01,0.005,148.0,0.298,-99.798,622,263,359,42.283,99.891,0.777,-5.444,2201,22.06,-85.1,0.33,-98.52,0.3,-8.53
SOL-USDT-SWAP,1H,6H,0.001,0.01,0.008,148.0,41.421,-72.013,622,343,279,55.145,95.157,0.928,-3.928,2201,107.07,-27.65,50.13,-53.18,41.42,-17.38
SOL-USDT-SWAP,1H,6H,0.001,0.01,0.01,148.0,757.454,411.793,622,377,245,60.611,87.75,1.066,22.461,2201,576.33,289.41,801.47,39.07,757.45,-5.49
SOL-USDT-SWAP,1H,6H,0.001,0.01,0.015,148.0,26962.193,18117.698,622,416,206,66.881,88.681,1.263,988.238,2201,3627.18,2350.79,28104.99,674.85,26962.19,-4.07
SOL-USDT-SWAP,1H,6H,0.001,0.01,0.02,148.0,95218.937,64237.12,622,439,183,70.579,81.249,1.475,3503.843,2201,14144.97,9457.41,97111.73,586.55,95218.94,-1.95
SOL-USDT-SWAP,1H,6H,0.001,0.01,0.025,148.0,156494.829,105639.749,622,453,169,72.83,87.303,1.742,5762.168,2201,28746.48,19323.29,155426.74,440.68,156494.83,0.69
SOL-USDT-SWAP,1H,6H,0.001,0.01,0.03,148.0,170362.898,115010.066,622,458,164,73.633,74.358,1.796,6273.276,2201,36735.51,24721.29,169294.81,360.85,170362.9,0.63
SOL-USDT-SWAP,1H,6H,0.001,0.012,0.005,148.0,0.184,-99.876,622,238,384,38.264,99.96,0.813,-5.448,2201,22.28,-84.95,0.2,-99.12,0.18,-6.83
SOL-USDT-SWAP,1H,6H,0.001,0.012,0.008,148.0,13.942,-90.58,622,311,311,50.0,98.547,0.925,-4.941,2201,142.11,-3.98,16.57,-88.34,13.94,-15.85
SOL-USDT-SWAP,1H,6H,0.001,0.012,0.01,148.0,173.367,17.14,622,342,280,54.984,96.044,1.003,0.935,2201,914.19,517.7,176.81,-80.66,173.37,-1.95
SOL-USDT-SWAP,1H,6H,0.001,0.012,0.015,148.0,5601.869,3685.046,622,382,240,61.415,87.741,1.061,201.003,2201,4864.25,3186.66,6008.33,23.52,5601.87,-6.77
SOL-USDT-SWAP,1H,6H,0.001,0.012,0.02,148.0,89084.898,60092.499,622,404,218,64.952,80.55,1.316,3277.773,2201,22524.53,15119.28,90377.7,301.24,89084.9,-1.43
SOL-USDT-SWAP,1H,6H,0.001,0.012,0.025,148.0,152549.312,102973.859,622,419,203,67.363,87.211,1.576,5616.756,2201,32396.49,21789.52,150881.23,365.73,152549.31,1.11
SOL-USDT-SWAP,1H,6H,0.001,0.012,0.03,148.0,165000.414,111386.766,622,424,198,68.167,73.207,1.594,6075.642,2201,39596.47,26654.37,163332.33,312.49,165000.41,1.02
SOL-USDT-SWAP,1H,6H,0.001,0.015,0.005,148.0,0.021,-99.986,622,207,415,33.28,99.99,0.714,-5.454,2201,13.17,-91.1,0.02,-99.83,0.02,-9.41
SOL-USDT-SWAP,1H,6H,0.001,0.015,0.008,148.0,0.362,-99.755,622,269,353,43.248,99.837,0.804,-5.441,2201,41.05,-72.27,0.44,-98.92,0.36,-18.18
SOL-USDT-SWAP,1H,6H,0.001,0.015,0.01,148.0,1.735,-98.828,622,295,327,47.428,99.51,0.92,-5.391,2201,171.21,15.69,1.77,-98.97,1.74,-2.06
SOL-USDT-SWAP,1H,6H,0.001,0.015,0.015,148.0,3.697,-97.502,622,326,296,52.412,99.566,0.953,-5.318,2201,415.88,181.0,3.97,-99.05,3.7,-6.87
SOL-USDT-SWAP,1H,6H,0.001,0.015,0.02,148.0,122.221,-17.418,622,349,273,56.109,97.999,0.998,-0.95,2201,1470.8,893.79,139.68,-90.5,122.22,-12.5
SOL-USDT-SWAP,1H,6H,0.001,0.015,0.025,148.0,3889.116,2527.781,622,361,261,58.039,95.224,1.044,137.879,2201,3614.37,2342.14,3544.16,-1.94,3889.12,9.73
SOL-USDT-SWAP,1H,6H,0.001,0.015,0.03,148.0,13421.977,8968.903,622,366,256,58.842,88.725,1.062,489.213,2201,4209.76,2744.43,12231.47,190.55,13421.98,9.73
SOL-USDT-SWAP,1H,6H,0.001,0.02,0.005,148.0,0.002,-99.999,622,179,443,28.778,99.999,0.705,-5.454,2201,7.45,-94.96,0.0,-99.97,0.0,-9.41
SOL-USDT-SWAP,1H,6H,0.001,0.02,0.008,148.0,0.005,-99.997,622,231,391,37.138,99.998,0.741,-5.454,2201,13.51,-90.87,0.01,-99.95,0.01,-18.18
SOL-USDT-SWAP,1H,6H,0.001,0.02,0.01,148.0,0.013,-99.991,622,254,368,40.836,99.997,0.869,-5.454,2201,56.19,-62.03,0.01,-99.98,0.01,-2.0
SOL-USDT-SWAP,1H,6H,0.001,0.02,0.015,148.0,0.007,-99.995,622,281,341,45.177,99.998,0.891,-5.454,2201,71.81,-51.48,0.01,-99.99,0.01,-6.82
SOL-USDT-SWAP,1H,6H,0.001,0.02,0.02,148.0,0.408,-99.724,622,306,316,49.196,99.95,0.967,-5.44,2201,404.32,173.19,0.47,-99.88,0.41,-12.45
SOL-USDT-SWAP,1H,6H,0.001,0.02,0.025,148.0,2.742,-98.147,622,314,308,50.482,99.769,0.978,-5.353,2201,503.68,240.33,2.5,-99.5,2.74,9.79
SOL-USDT-SWAP,1H,6H,0.001,0.02,0.03,148.0,3.842,-97.404,622,320,302,51.447,99.904,0.991,-5.313,2201,778.93,426.3,3.5,-99.55,3.84,9.79
SOL-USDT-SWAP,1H,6H,0.001,0.03,0.005,148.0,0.0,-100.0,622,147,475,23.633,100.0,0.503,-5.455,2201,1.12,-99.24,0.0,-100.0,0.0,-9.41
SOL-USDT-SWAP,1H,6H,0.001,0.03,0.008,148.0,0.0,-100.0,622,191,431,30.707,100.0,0.498,-5.455,2201,0.64,-99.57,0.0,-100.0,0.0,-18.18
SOL-USDT-SWAP,1H,6H,0.001,0.03,0.01,148.0,0.0,-100.0,622,216,406,34.727,100.0,0.474,-5.455,2201,2.0,-98.65,0.0,-100.0,0.0,-2.0
SOL-USDT-SWAP,1H,6H,0.001,0.03,0.015,148.0,0.0,-100.0,622,243,379,39.068,100.0,0.511,-5.455,2201,1.31,-99.12,0.0,-100.0,0.0,-6.82
SOL-USDT-SWAP,1H,6H,0.001,0.03,0.02,148.0,0.0,-100.0,622,263,359,42.283,100.0,0.662,-5.455,2201,7.57,-94.89,0.0,-100.0,0.0,-12.45
SOL-USDT-SWAP,1H,6H,0.001,0.03,0.025,148.0,0.0,-100.0,622,269,353,43.248,100.0,0.706,-5.455,2201,12.94,-91.25,0.0,-100.0,0.0,9.79
SOL-USDT-SWAP,1H,6H,0.001,0.03,0.03,148.0,0.0,-100.0,622,275,347,44.212,100.0,0.788,-5.455,2201,20.63,-86.06,0.0,-100.0,0.0,9.79
SOL-USDT-SWAP,1H,6H,0.002,0.004,0.005,148.0,0.002,-99.999,581,332,249,57.143,99.999,0.384,-5.454,2201,3.57,-97.59,0.0,-99.96,0.0,-2.6
SOL-USDT-SWAP,1H,6H,0.002,0.004,0.008,148.0,0.03,-99.98,581,420,161,72.289,99.983,0.433,-5.453,2201,6.64,-95.51,0.03,-99.56,0.03,3.38
SOL-USDT-SWAP,1H,6H,0.002,0.004,0.01,148.0,0.494,-99.666,581,462,119,79.518,99.75,0.53,-5.436,2201,25.16,-83.0,0.42,-98.32,0.49,17.17
SOL-USDT-SWAP,1H,6H,0.002,0.004,0.015,148.0,41.441,-71.999,581,514,67,88.468,94.415,0.825,-3.927,2201,85.46,-42.26,35.37,-58.61,41.44,17.17
SOL-USDT-SWAP,1H,6H,0.002,0.004,0.02,148.0,2062.273,1293.428,581,542,39,93.287,85.015,1.964,70.551,2201,416.45,181.39,1760.13,322.65,2062.27,17.17
SOL-USDT-SWAP,1H,6H,0.002,0.004,0.025,148.0,7242.209,4793.385,581,551,30,94.836,84.834,2.536,261.457,2201,495.37,234.71,6181.16,1147.8,7242.21,17.17
SOL-USDT-SWAP,1H,6H,0.002,0.004,0.03,148.0,19273.961,12922.947,581,557,24,95.869,68.851,2.378,704.888,2201,947.74,540.36,16873.96,1680.45,19273.96,14.22
SOL-USDT-SWAP,1H,6H,0.002,0.006,0.005,148.0,0.234,-99.842,581,320,261,55.077,99.855,0.672,-5.446,2201,22.23,-84.98,0.24,-98.91,0.23,-3.02
SOL-USDT-SWAP,1H,6H,0.002,0.006,0.008,148.0,16.384,-88.93,581,405,176,69.707,92.135,0.859,-4.851,2201,67.09,-54.67,16.13,-75.95,16.38,1.56
SOL-USDT-SWAP,1H,6H,0.002,0.006,0.01,148.0,367.759,148.486,581,444,137,76.42,77.712,1.062,8.099,2201,324.0,118.92,320.51,-1.08,367.76,14.74
SOL-USDT-SWAP,1H,6H,0.002,0.006,0.015,148.0,34134.119,22963.594,581,492,89,84.682,72.397,1.644,1252.56,2201,1156.93,681.71,31607.86,2632.06,34134.12,7.99
SOL-USDT-SWAP,1H,6H,0.002,0.006,0.02,148.0,96580.701,65157.23,581,519,62,89.329,73.032,2.588,3554.031,2201,6558.57,4331.47,94054.44,1334.07,96580.7,2.69
SOL-USDT-SWAP,1H,6H,0.002,0.006,0.025,148.0,119485.965,80633.76,581,528,53,90.878,80.484,2.648,4398.205,2201,8026.04,5323.0,116959.71,1357.25,119485.96,2.16
SOL-USDT-SWAP,1H,6H,0.002,0.006,0.03,148.0,136729.912,92285.076,581,533,48,91.738,64.631,2.673,5033.731,2201,14197.1,9492.64,134203.65,845.29,136729.91,1.88
SOL-USDT-SWAP,1H,6H,0.002,0.008,0.005,148.0,5.153,-96.519,581,300,281,51.635,97.61,0.86,-5.265,2201,87.61,-40.81,5.35,-93.9,5.15,-3.6
SOL-USDT-SWAP,1H,6H,0.002,0.008,0.008,148.0,424.195,186.618,581,377,204,64.888,73.684,1.047,10.179,2201,335.16,126.46,412.3,23.02,424.19,2.88
SOL-USDT-SWAP,1H,6H,0.002,0.008,0.01,148.0,17037.804,11412.03,581,415,166,71.429,77.381,1.3,622.474,2201,2294.44,1450.3,14362.45,525.97,17037.8,18.63
SOL-USDT-SWAP,1H,6H,0.002,0.008,0.015,148.0,94916.864,64033.016,581,459,122,79.002,80.26,1.71,3492.71,2201,10457.59,6965.94,91913.82,778.92,94916.86,3.27
SOL-USDT-SWAP,1H,6H,0.002,0.008,0.02,148.0,166538.566,112426.058,581,486,95,83.649,69.274,2.163,6132.33,2201,33857.14,22776.45,163535.52,383.02,166538.57,1.84
SOL-USDT-SWAP,1H,6H,0.002,0.008,0.025,148.0,180205.067,121660.18,581,494,87,85.026,80.47,2.361,6636.01,2201,30776.64,20695.03,177202.02,475.77,180205.07,1.69
SOL-USDT-SWAP,1H,6H,0.002,0.008,0.03,148.0,197811.971,133556.737,581,499,82,85.886,62.551,2.53,7284.913,2201,38318.45,25790.85,194808.93,408.39,197811.97,1.54
SOL-USDT-SWAP,1H,6H,0.002,0.01,0.005,148.0,3.312,-97.762,581,263,318,45.267,98.959,0.859,-5.332,2201,50.76,-65.7,3.31,-93.48,3.31,0.07
SOL-USDT-SWAP,1H,6H,0.002,0.01,0.008,148.0,380.316,156.971,581,337,244,58.003,86.049,1.036,8.562,2201,268.95,81.72,420.77,56.45,380.32,-9.61
SOL-USDT-SWAP,1H,6H,0.002,0.01,0.01,148.0,17246.281,11552.892,581,373,208,64.2,85.626,1.216,630.158,2201,2550.92,1623.6,16349.5,540.92,17246.28,5.49
SOL-USDT-SWAP,1H,6H,0.002,0.01,0.015,148.0,76287.343,51445.502,581,408,173,70.224,86.098,1.431,2806.118,2201,12474.81,8328.93,75879.3,508.26,76287.34,0.54
SOL-USDT-SWAP,1H,6H,0.002,0.01,0.02,148.0,160928.099,108635.202,581,435,146,74.871,79.389,1.821,5925.556,2201,34218.3,23020.47,158159.43,362.21,160928.1,1.75
SOL-USDT-SWAP,1H,6H,0.002,0.01,0.025,148.0,182473.469,123192.884,581,443,138,76.248,86.284,2.013,6719.612,2201,31918.86,21466.8,179704.8,463.01,182473.47,1.54
SOL-USDT-SWAP,1H,6H,0.002,0.01,0.03,148.0,201598.794,136115.401,581,448,133,77.108,71.912,2.124,7424.476,2201,40748.0,27432.43,198830.13,387.95,201598.79,1.39
SOL-USDT-SWAP,1H,6H,0.002,0.012,0.005,148.0,4.604,-96.889,581,242,339,41.652,98.642,0.895,-5.285,2201,70.75,-52.2,5.16,-92.71,4.6,-10.78
SOL-USDT-SWAP,1H,6H,0.002,0.012,0.008,148.0,256.243,73.137,581,308,273,53.012,82.263,1.013,3.989,2201,388.58,162.55,318.0,-18.16,256.24,-19.42
SOL-USDT-SWAP,1H,6H,0.002,0.012,0.01,148.0,7426.312,4917.779,581,341,240,58.692,81.824,1.065,268.242,2201,4505.28,2944.11,7909.79,75.57,7426.31,-6.11
SOL-USDT-SWAP,1H,6H,0.002,0.012,0.015,148.0,72336.458,48775.985,581,374,207,64.372,79.492,1.289,2660.508,2201,21101.36,14157.68,73433.07,248.0,72336.46,-1.49
SOL-USDT-SWAP,1H,6H,0.002,0.012,0.02,148.0,153143.572,103375.386,581,399,182,68.675,75.686,1.606,5638.657,2201,51985.17,35025.11,151879.56,192.16,153143.57,0.83
SOL-USDT-SWAP,1H,6H,0.002,0.012,0.025,148.0,181186.466,122323.288,581,408,173,70.224,83.819,1.777,6672.179,2201,50004.82,33687.04,179922.45,259.81,181186.47,0.7
SOL-USDT-SWAP,1H,6H,0.002,0.012,0.03,148.0,204379.228,137994.073,581,413,168,71.084,65.72,1.866,7526.949,2201,60287.45,40634.77,203115.21,236.91,204379.23,0.62
SOL-USDT-SWAP,1H,6H,0.002,0.015,0.005,148.0,0.073,-99.951,581,201,380,34.596,99.956,0.767,-5.452,2201,20.25,-86.32,0.08,-99.6,0.07,-10.78
SOL-USDT-SWAP,1H,6H,0.002,0.015,0.008,148.0,1.149,-99.224,581,260,321,44.75,99.313,0.886,-5.412,2201,94.03,-36.46,1.43,-98.48,1.15,-19.42
SOL-USDT-SWAP,1H,6H,0.002,0.015,0.01,148.0,53.0,-64.189,581,295,286,50.775,97.212,0.992,-3.501,2201,1297.26,776.52,54.95,-95.76,53.0,-3.54
SOL-USDT-SWAP,1H,6H,0.002,0.015,0.015,148.0,409.348,176.587,581,328,253,56.454,94.708,1.005,9.632,2201,4763.82,3118.8,441.29,-90.74,409.35,-7.24
SOL-USDT-SWAP,1H,6H,0.002,0.015,0.02,148.0,46767.902,31499.934,581,348,233,59.897,74.438,1.166,1718.178,2201,13350.03,8920.29,45053.89,237.48,46767.9,3.8
SOL-USDT-SWAP,1H,6H,0.002,0.015,0.025,148.0,90359.009,60953.385,581,357,224,61.446,82.988,1.314,3324.73,2201,16622.34,11131.31,88644.99,433.29,90359.01,1.93
SOL-USDT-SWAP,1H,6H,0.002,0.015,0.03,148.0,106240.297,71683.984,581,362,219,62.306,61.964,1.36,3910.036,2201,23014.86,15450.58,104526.28,354.17,106240.3,1.64
SOL-USDT-SWAP,1H,6H,0.002,0.02,0.005,148.0,0.005,-99.996,581,172,409,29.604,99.997,0.751,-5.454,2201,10.55,-92.87,0.01,-99.94,0.01,-10.78
SOL-USDT-SWAP,1H,6H,0.002,0.02,0.008,148.0,0.019,-99.987,581,222,359,38.21,99.989,0.779,-5.454,2201,25.09,-83.05,0.02,-99.9,0.02,-19.42
SOL-USDT-SWAP,1H,6H,0.002,0.02,0.01,148.0,0.08,-99.946,581,248,333,42.685,99.97,0.896,-5.452,2201,86.33,-41.67,0.08,-99.9,0.08,-2.62
SOL-USDT-SWAP,1H,6H,0.002,0.02,0.015,148.0,0.168,-99.887,581,277,304,47.676,99.974,0.957,-5.448,2201,315.59,113.23,0.18,-99.94,0.17,-6.35
SOL-USDT-SWAP,1H,6H,0.002,0.02,0.02,148.0,2.108,-98.575,581,296,285,50.947,99.848,0.98,-5.377,2201,467.62,215.96,1.89,-99.6,2.11,11.47
SOL-USDT-SWAP,1H,6H,0.002,0.02,0.025,148.0,13.245,-91.051,581,305,276,52.496,99.6,0.991,-4.966,2201,513.4,246.89,11.88,-97.69,13.24,11.47
SOL-USDT-SWAP,1H,6H,0.002,0.02,0.03,148.0,38.242,-74.161,581,311,270,53.528,99.746,0.998,-4.045,2201,768.82,419.47,34.31,-95.54,38.24,11.47
SOL-USDT-SWAP,1H,6H,0.002,0.03,0.005,148.0,0.0,-100.0,581,144,437,24.785,100.0,0.528,-5.455,2201,1.84,-98.76,0.0,-100.0,0.0,-10.78
SOL-USDT-SWAP,1H,6H,0.002,0.03,0.008,148.0,0.0,-100.0,581,190,391,32.702,100.0,0.475,-5.455,2201,2.46,-98.34,0.0,-100.0,0.0,-19.42
SOL-USDT-SWAP,1H,6H,0.002,0.03,0.01,148.0,0.0,-100.0,581,215,366,37.005,100.0,0.542,-5.455,2201,5.93,-95.99,0.0,-100.0,0.0,-2.62
SOL-USDT-SWAP,1H,6H,0.002,0.03,0.015,148.0,0.0,-100.0,581,242,339,41.652,100.0,0.613,-5.455,2201,9.94,-93.28,0.0,-100.0,0.0,-6.35
SOL-USDT-SWAP,1H,6H,0.002,0.03,0.02,148.0,0.0,-100.0,581,258,323,44.406,100.0,0.707,-5.455,2201,12.83,-91.33,0.0,-100.0,0.0,11.47
SOL-USDT-SWAP,1H,6H,0.002,0.03,0.025,148.0,0.0,-100.0,581,263,318,45.267,100.0,0.75,-5.455,2201,21.08,-85.76,0.0,-100.0,0.0,11.47
SOL-USDT-SWAP,1H,6H,0.002,0.03,0.03,148.0,0.0,-100.0,581,269,312,46.299,100.0,0.872,-5.455,2201,35.67,-75.9,0.0,-100.0,0.0,11.47
SOL-USDT-SWAP,1H,6H,0.003,0.004,0.005,148.0,0.006,-99.996,536,311,225,58.022,99.996,0.372,-5.454,2201,5.49,-96.29,0.01,-99.9,0.01,2.68
SOL-USDT-SWAP,1H,6H,0.003,0.004,0.008,148.0,0.198,-99.866,536,398,138,74.254,99.896,0.483,-5.447,2201,16.58,-88.8,0.18,-98.94,0.2,12.62
SOL-USDT-SWAP,1H,6H,0.003,0.004,0.01,148.0,1.595,-98.922,536,433,103,80.784,99.109,0.553,-5.396,2201,38.3,-74.12,1.42,-96.3,1.6,12.62
SOL-USDT-SWAP,1H,6H,0.003,0.004,0.015,148.0,73.714,-50.193,536,479,57,89.366,93.293,0.873,-2.738,2201,88.31,-40.33,65.46,-25.88,73.71,12.62
SOL-USDT-SWAP,1H,6H,0.003,0.004,0.02,148.0,3496.893,2262.765,536,505,31,94.216,77.605,2.161,123.424,2201,547.04,269.62,3105.14,467.62,3496.89,12.62
SOL-USDT-SWAP,1H,6H,0.003,0.004,0.025,148.0,12679.812,8467.441,536,514,22,95.896,71.541,2.596,461.86,2201,822.07,455.45,11259.31,1269.63,12679.81,12.62
SOL-USDT-SWAP,1H,6H,0.003,0.004,0.03,148.0,46654.282,31423.163,536,522,14,97.388,70.061,3.3,1713.991,2201,1208.39,716.48,44854.28,3611.9,46654.28,4.01
SOL-USDT-SWAP,1H,6H,0.003,0.006,0.005,148.0,0.812,-99.452,536,300,236,55.97,99.552,0.706,-5.425,2201,38.37,-74.08,0.82,-97.85,0.81,-1.49
SOL-USDT-SWAP,1H,6H,0.003,0.006,0.008,148.0,77.737,-47.475,536,382,154,71.269,74.155,0.963,-2.59,2201,217.87,47.21,72.93,-66.53,77.74,6.59
SOL-USDT-SWAP,1H,6H,0.003,0.006,0.01,148.0,1034.986,599.315,536,416,120,77.612,79.984,1.131,32.69,2201,544.64,268.0,993.11,82.34,1034.99,4.22
SOL-USDT-SWAP,1H,6H,0.003,0.006,0.015,148.0,42528.787,28635.667,536,460,76,85.821,78.075,1.984,1561.945,2201,1834.26,1139.37,41325.74,2152.99,42528.79,2.91
SOL-USDT-SWAP,1H,6H,0.003,0.006,0.02,148.0,107394.217,72463.66,536,485,51,90.485,76.2,2.535,3952.563,2201,14068.52,9405.76,106191.17,654.81,107394.22,1.13
SOL-USDT-SWAP,1H,6H,0.003,0.006,0.025,148.0,132663.529,89537.519,536,494,42,92.164,61.172,2.755,4883.865,2201,21137.92,14182.38,131460.48,521.92,132663.53,0.92
SOL-USDT-SWAP,1H,6H,0.003,0.006,0.03,148.0,156331.636,105529.483,536,500,36,93.284,64.631,3.657,5756.154,2201,25704.06,17267.61,155128.59,503.52,156331.64,0.78
SOL-USDT-SWAP,1H,6H,0.003,0.008,0.005,148.0,9.317,-93.704,536,276,260,51.493,95.83,0.863,-5.111,2201,94.98,-35.82,8.96,-90.57,9.32,4.01
SOL-USDT-SWAP,1H,6H,0.003,0.008,0.008,148.0,1566.808,958.654,536,353,183,65.858,75.609,1.098,52.29,2201,846.35,471.86,1365.84,61.38,1566.81,14.71
SOL-USDT-SWAP,1H,6H,0.003,0.008,0.01,148.0,24605.899,16525.608,536,384,152,71.642,79.972,1.328,901.397,2201,2438.0,1547.3,22659.89,829.45,24605.9,8.59
SOL-USDT-SWAP,1H,6H,0.003,0.008,0.015,148.0,87096.899,58749.256,536,423,113,78.918,79.696,1.846,3204.505,2201,7694.11,5098.72,84738.85,1001.35,87096.9,2.78
SOL-USDT-SWAP,1H,6H,0.003,0.008,0.02,148.0,167867.046,113323.68,536,449,87,83.769,78.936,2.356,6181.292,2201,38916.5,26194.93,165509.0,325.29,167867.05,1.42
SOL-USDT-SWAP,1H,6H,0.003,0.008,0.025,148.0,192865.673,130214.644,536,458,78,85.448,70.089,2.645,7102.617,2201,48734.0,32828.38,190507.62,290.91,192865.67,1.24
SOL-USDT-SWAP,1H,6H,0.003,0.008,0.03,148.0,218383.799,147456.621,536,464,72,86.567,71.706,3.209,8043.088,2201,53649.59,36149.72,216025.75,302.66,218383.8,1.09
SOL-USDT-SWAP,1H,6H,0.003,0.01,0.005,148.0,18.931,-87.209,536,252,284,47.015,94.576,0.9,-4.757,2201,89.21,-39.72,20.41,-77.12,18.93,-7.24
SOL-USDT-SWAP,1H,6H,0.003,0.01,0.008,148.0,4546.018,2971.634,536,324,212,60.448,79.419,1.127,162.089,2201,1052.4,611.08,4519.97,329.49,4546.02,0.58
SOL-USDT-SWAP,1H,6H,0.003,0.01,0.01,148.0,41247.496,27769.93,536,352,184,65.672,78.023,1.322,1514.723,2201,5112.3,3354.26,41478.94,711.36,41247.5,-0.56
SOL-USDT-SWAP,1H,6H,0.003,0.01,0.015,148.0,101399.781,68413.366,536,385,151,71.828,75.111,1.577,3731.638,2201,18832.48,12624.65,101969.18,441.45,101399.78,-0.56
SOL-USDT-SWAP,1H,6H,0.003,0.01,0.02,148.0,192151.382,129732.015,536,412,124,76.866,81.137,2.165,7076.292,2201,51508.31,34702.91,190210.72,269.28,192151.38,1.02
SOL-USDT-SWAP,1H,6H,0.003,0.01,0.025,148.0,212898.191,143750.129,536,420,116,78.358,72.194,2.349,7840.916,2201,54697.4,36857.7,210957.52,285.68,212898.19,0.92
SOL-USDT-SWAP,1H,6H,0.003,0.01,0.03,148.0,241207.896,162878.308,536,426,110,79.478,73.697,2.764,8884.271,2201,59633.09,40192.63,239267.23,301.23,241207.9,0.81
SOL-USDT-SWAP,1H,6H,0.003,0.012,0.005,148.0,7.654,-94.828,536,225,311,41.978,97.511,0.91,-5.172,2201,115.43,-22.0,8.59,-92.56,7.65,-10.87
SOL-USDT-SWAP,1H,6H,0.003,0.012,0.008,148.0,3298.591,2128.778,536,296,240,55.224,78.599,1.058,116.115,2201,2289.19,1446.75,3351.03,46.38,3298.59,-1.56
SOL-USDT-SWAP,1H,6H,0.003,0.012,0.01,148.0,45143.857,30402.606,536,323,213,60.261,83.802,1.246,1658.324,2201,10730.86,7150.58,45707.46,325.94,45143.86,-1.23
SOL-USDT-SWAP,1H,6H,0.003,0.012,0.015,148.0,86751.582,58515.934,536,349,187,65.112,74.309,1.37,3191.778,2201,28024.14,18835.23,87653.14,212.78,86751.58,-1.03
SOL-USDT-SWAP,1H,6H,0.003,0.012,0.02,148.0,177964.046,120145.977,536,374,162,69.776,78.551,1.822,6553.417,2201,59012.34,39773.2,176355.54,198.85,177964.05,0.91
SOL-USDT-SWAP,1H,6H,0.003,0.012,0.025,148.0,192798.367,130169.167,536,381,155,71.082,78.322,1.925,7100.136,2201,56117.01,37816.9,191189.86,240.7,192798.37,0.84
SOL-USDT-SWAP,1H,6H,0.003,0.012,0.03,148.0,228952.448,154597.6,536,388,148,72.388,69.057,2.211,8432.596,2201,60243.21,40604.87,227343.94,277.38,228952.45,0.71
SOL-USDT-SWAP,1H,6H,0.003,0.015,0.005,148.0,1.544,-98.956,536,195,341,36.381,99.438,0.905,-5.398,2201,109.78,-25.83,1.73,-98.42,1.54,-10.87
SOL-USDT-SWAP,1H,6H,0.003,0.015,0.008,148.0,394.206,166.356,536,260,276,48.507,94.03,1.006,9.074,2201,2927.18,1877.82,389.81,-86.68,394.21,1.13
SOL-USDT-SWAP,1H,6H,0.003,0.015,0.01,148.0,17079.108,11439.938,536,287,249,53.545,84.365,1.072,623.997,2201,12207.53,8148.33,17192.71,40.84,17079.11,-0.66
SOL-USDT-SWAP,1H,6H,0.003,0.015,0.015,148.0,68696.232,46316.373,536,313,223,58.396,64.172,1.232,2526.348,2201,38177.01,25695.28,69147.79,81.12,68696.23,-0.65
SOL-USDT-SWAP,1H,6H,0.003,0.015,0.02,148.0,138703.827,93618.802,536,333,203,62.127,78.21,1.507,5106.48,2201,53067.6,35756.49,136645.32,157.49,138703.83,1.51
SOL-USDT-SWAP,1H,6H,0.003,0.015,0.025,148.0,169593.629,114490.29,536,342,194,63.806,77.377,1.625,6244.925,2201,57908.11,39027.1,167535.13,189.31,169593.63,1.23
SOL-USDT-SWAP,1H,6H,0.003,0.015,0.03,148.0,207360.834,140008.672,536,349,187,65.112,66.825,1.813,7636.837,2201,62182.02,41914.88,205302.33,230.16,207360.83,1.0
SOL-USDT-SWAP,1H,6H,0.003,0.02,0.005,148.0,0.01,-99.993,536,157,379,29.291,99.994,0.683,-5.454,2201,13.34,-90.99,0.01,-99.91,0.01,-10.87
SOL-USDT-SWAP,1H,6H,0.003,0.02,0.008,148.0,0.245,-99.835,536,210,326,39.179,99.896,0.894,-5.446,2201,101.57,-31.37,0.24,-99.77,0.24,3.01
SOL-USDT-SWAP,1H,6H,0.003,0.02,0.01,148.0,0.39,-99.736,536,231,305,43.097,99.897,0.921,-5.44,2201,189.98,28.37,0.4,-99.79,0.39,-1.53
SOL-USDT-SWAP,1H,6H,0.003,0.02,0.015,148.0,0.315,-99.787,536,253,283,47.201,99.961,0.959,-5.443,2201,441.86,198.55,0.33,-99.93,0.32,-4.24
SOL-USDT-SWAP,1H,6H,0.003,0.02,0.02,148.0,10.008,-93.238,536,273,263,50.933,99.535,0.984,-5.086,2201,498.99,237.15,8.69,-98.26,10.01,15.14
SOL-USDT-SWAP,1H,6H,0.003,0.02,0.025,148.0,99.553,-32.734,536,283,253,52.799,99.239,0.999,-1.786,2201,1362.9,820.88,86.46,-93.66,99.55,15.14
SOL-USDT-SWAP,1H,6H,0.003,0.02,0.03,148.0,2481.272,1576.535,536,290,246,54.104,95.289,1.013,85.993,2201,921.74,522.8,2155.05,133.8,2481.27,15.14
SOL-USDT-SWAP,1H,6H,0.003,0.03,0.005,148.0,0.0,-100.0,536,132,404,24.627,100.0,0.466,-5.455,2201,3.42,-97.69,0.0,-100.0,0.0,-10.87
SOL-USDT-SWAP,1H,6H,0.003,0.03,0.008,148.0,0.0,-100.0,536,179,357,33.396,100.0,0.567,-5.455,2201,15.99,-89.2,0.0,-100.0,0.0,3.01
SOL-USDT-SWAP,1H,6H,0.003,0.03,0.01,148.0,0.001,-100.0,536,201,335,37.5,100.0,0.649,-5.455,2201,27.13,-81.67,0.0,-100.0,0.0,-1.53
SOL-USDT-SWAP,1H,6H,0.003,0.03,0.015,148.0,0.0,-100.0,536,221,315,41.231,100.0,0.73,-5.455,2201,41.35,-72.06,0.0,-100.0,0.0,-4.24
SOL-USDT-SWAP,1H,6H,0.003,0.03,0.02,148.0,0.003,-99.998,536,238,298,44.403,99.999,0.827,-5.454,2201,45.92,-68.98,0.0,-99.99,0.0,15.14
SOL-USDT-SWAP,1H,6H,0.003,0.03,0.025,148.0,0.005,-99.997,536,244,292,45.522,99.999,0.941,-5.454,2201,197.95,33.75,0.0,-100.0,0.0,15.14
SOL-USDT-SWAP,1H,6H,0.003,0.03,0.03,148.0,0.027,-99.982,536,251,285,46.828,99.999,0.975,-5.454,2201,103.24,-30.25,0.02,-99.98,0.03,15.14
SOL-USDT-SWAP,1H,6H,0.004,0.004,0.005,148.0,0.028,-99.981,502,301,201,59.96,99.982,0.344,-5.453,2201,5.79,-96.09,0.03,-99.51,0.03,0.67
SOL-USDT-SWAP,1H,6H,0.004,0.004,0.008,148.0,0.496,-99.665,502,376,126,74.9,99.726,0.47,-5.436,2201,22.51,-84.79,0.45,-98.01,0.5,10.41
SOL-USDT-SWAP,1H,6H,0.004,0.004,0.01,148.0,2.947,-98.009,502,406,96,80.876,98.507,0.526,-5.346,2201,26.18,-82.31,2.67,-89.81,2.95,10.41
SOL-USDT-SWAP,1H,6H,0.004,0.004,0.015,148.0,125.565,-15.159,502,450,52,89.641,91.979,0.958,-0.827,2201,60.38,-59.2,113.73,88.34,125.56,10.41
SOL-USDT-SWAP,1H,6H,0.004,0.004,0.02,148.0,1886.196,1174.456,502,471,31,93.825,78.977,2.075,64.061,2201,238.58,61.21,1708.39,616.05,1886.2,10.41
SOL-USDT-SWAP,1H,6H,0.004,0.004,0.025,148.0,5854.703,3855.881,502,479,23,95.418,63.538,2.412,210.321,2201,524.84,254.62,5302.79,910.36,5854.7,10.41
SOL-USDT-SWAP,1H,6H,0.004,0.004,0.03,148.0,32704.993,21997.968,502,487,15,97.012,72.548,3.741,1199.889,2201,512.05,245.98,31204.99,5994.1,32704.99,4.81
SOL-USDT-SWAP,1H,6H,0.004,0.006,0.005,148.0,3.998,-97.299,502,292,210,58.167,97.99,0.703,-5.307,2201,40.78,-72.44,4.17,-89.78,4.0,-4.08
SOL-USDT-SWAP,1H,6H,0.004,0.006,0.008,148.0,183.353,23.887,502,363,139,72.311,76.005,1.022,1.303,2201,201.6,36.21,176.66,-12.37,183.35,3.79
SOL-USDT-SWAP,1H,6H,0.004,0.006,0.01,148.0,1522.743,928.88,502,391,111,77.888,80.484,1.272,50.666,2201,256.8,73.51,1439.04,460.39,1522.74,5.82
SOL-USDT-SWAP,1H,6H,0.004,0.006,0.015,148.0,47673.679,32111.945,502,432,70,86.056,68.508,2.595,1751.561,2201,691.13,366.98,46726.36,6660.91,47673.68,2.03
SOL-USDT-SWAP,1H,6H,0.004,0.006,0.02,148.0,97250.812,65610.008,502,453,49,90.239,74.254,3.775,3578.728,2201,3753.73,2436.3,96303.5,2465.54,97250.81,0.98
SOL-USDT-SWAP,1H,6H,0.004,0.006,0.025,148.0,117745.263,79457.61,502,461,41,91.833,66.244,3.221,4334.051,2201,8924.43,5930.02,116797.95,1208.74,117745.26,0.81
SOL-USDT-SWAP,1H,6H,0.004,0.006,0.03,148.0,144839.588,97764.586,502,468,34,93.227,64.631,4.517,5332.614,2201,8877.71,5898.45,143892.27,1520.83,144839.59,0.66
SOL-USDT-SWAP,1H,6H,0.004,0.008,0.005,148.0,110.754,-25.167,502,276,226,54.98,78.583,0.981,-1.373,2201,149.25,0.85,111.47,-25.32,110.75,-0.64
SOL-USDT-SWAP,1H,6H,0.004,0.008,0.008,148.0,9386.626,6242.315,502,344,158,68.526,71.968,1.3,340.49,2201,975.94,559.42,8565.68,777.68,9386.63,9.58
SOL-USDT-SWAP,1H,6H,0.004,0.008,0.01,148.0,42725.653,28768.684,502,369,133,73.506,75.47,1.655,1569.201,2201,1123.43,659.08,40923.34,3542.7,42725.65,4.4
SOL-USDT-SWAP,1H,6H,0.004,0.008,0.015,148.0,115439.634,77899.752,502,408,94,81.275,64.393,2.762,4249.077,2201,3788.39,2459.72,113637.32,2899.62,115439.63,1.59
SOL-USDT-SWAP,1H,6H,0.004,0.008,0.02,148.0,173033.853,116814.765,502,428,74,85.259,72.028,2.811,6371.714,2201,22203.4,14902.3,171231.54,671.2,173033.85,1.05
SOL-USDT-SWAP,1H,6H,0.004,0.008,0.025,148.0,193309.592,130514.589,502,435,67,86.653,53.667,2.976,7118.978,2201,34913.03,23489.89,191507.28,448.53,193309.59,0.94
SOL-USDT-SWAP,1H,6H,0.004,0.008,0.03,148.0,220015.073,148558.833,502,442,60,88.048,64.529,3.949,8103.209,2201,35123.82,23632.31,218212.76,521.27,220015.07,0.83
SOL-USDT-SWAP,1H,6H,0.004,0.01,0.005,148.0,312.419,111.094,502,251,251,50.0,80.194,1.048,6.06,2201,200.34,35.36,302.88,51.18,312.42,3.15
SOL-USDT-SWAP,1H,6H,0.004,0.01,0.008,148.0,40535.421,27288.798,502,318,184,63.347,74.964,1.517,1488.48,2201,2994.89,1923.57,38140.64,1173.53,40535.42,6.28
SOL-USDT-SWAP,1H,6H,0.004,0.01,0.01,148.0,70003.479,47199.648,502,340,162,67.729,78.196,1.693,2574.526,2201,3676.34,2384.02,67346.16,1731.88,70003.48,3.95
SOL-USDT-SWAP,1H,6H,0.004,0.01,0.015,148.0,148833.578,100463.228,502,377,125,75.1,69.839,2.188,5479.812,2201,12479.24,8331.92,146176.26,1071.36,148833.58,1.82
SOL-USDT-SWAP,1H,6H,0.004,0.01,0.02,148.0,204120.157,137819.025,502,396,106,78.884,77.432,2.492,7517.401,2201,38661.31,26022.51,201462.84,421.1,204120.16,1.32
SOL-USDT-SWAP,1H,6H,0.004,0.01,0.025,148.0,218892.735,147800.497,502,402,100,80.08,60.541,2.603,8061.845,2201,45906.35,30917.81,216235.42,371.04,218892.74,1.23
SOL-USDT-SWAP,1H,6H,0.004,0.01,0.03,148.0,249131.892,168232.359,502,409,93,81.474,70.291,3.273,9176.311,2201,46165.61,31092.98,246474.58,433.89,249131.89,1.08
SOL-USDT-SWAP,1H,6H,0.004,0.012,0.005,148.0,380.13,156.845,502,231,271,46.016,82.66,1.048,8.555,2201,229.2,54.86,421.52,83.91,380.13,-9.82
SOL-USDT-SWAP,1H,6H,0.004,0.012,0.008,148.0,44927.459,30256.392,502,294,208,58.566,78.203,1.333,1650.349,2201,5678.74,3736.99,44677.68,686.75,44927.46,0.56
SOL-USDT-SWAP,1H,6H,0.004,0.012,0.01,148.0,71483.96,48199.973,502,313,189,62.351,83.173,1.485,2629.089,2201,7686.89,5093.84,71271.64,827.18,71483.96,0.3
SOL-USDT-SWAP,1H,6H,0.004,0.012,0.015,148.0,146519.127,98899.41,502,344,158,68.526,65.894,1.779,5394.513,2201,25305.91,16998.59,147056.81,481.12,146519.13,-0.37
SOL-USDT-SWAP,1H,6H,0.004,0.012,0.02,148.0,206260.362,139265.109,502,365,137,72.709,77.524,2.143,7596.279,2201,49234.71,33166.7,204138.84,314.62,206260.36,1.04
SOL-USDT-SWAP,1H,6H,0.004,0.012,0.025,148.0,224825.66,151809.23,502,371,131,73.904,59.233,2.245,8280.503,2201,58224.24,39240.7,222704.14,282.49,224825.66,0.95
SOL-USDT-SWAP,1H,6H,0.004,0.012,0.03,148.0,248176.673,167586.941,502,377,125,75.1,69.306,2.613,9141.106,2201,49477.78,33330.94,246055.15,397.3,248176.67,0.86
SOL-USDT-SWAP,1H,6H,0.004,0.015,0.005,148.0,79.598,-46.218,502,203,299,40.438,84.105,0.985,-2.521,2201,274.5,85.47,92.66,-66.24,79.6,-14.1
SOL-USDT-SWAP,1H,6H,0.004,0.015,0.008,148.0,27550.994,18515.536,502,261,241,51.992,78.223,1.133,1009.938,2201,10719.4,7142.84,27631.9,157.77,27550.99,-0.29
SOL-USDT-SWAP,1H,6H,0.004,0.015,0.01,148.0,37140.315,24994.808,502,276,226,54.98,81.825,1.171,1363.353,2201,11079.72,7386.3,37258.69,236.28,37140.32,-0.32
SOL-USDT-SWAP,1H,6H,0.004,0.015,0.015,148.0,117388.637,79216.647,502,306,196,60.956,62.078,1.475,4320.908,2201,37469.93,25217.52,118257.01,215.61,117388.64,-0.73
SOL-USDT-SWAP,1H,6H,0.004,0.015,0.02,148.0,184565.513,124606.428,502,328,174,65.339,75.009,1.758,6796.714,2201,60536.11,40802.77,182774.68,201.93,184565.51,0.98
SOL-USDT-SWAP,1H,6H,0.004,0.015,0.025,148.0,195998.381,132331.339,502,333,169,66.335,69.225,1.8,7218.073,2201,62543.57,42159.17,194207.55,210.52,195998.38,0.92
SOL-USDT-SWAP,1H,6H,0.004,0.015,0.03,148.0,236735.99,159856.75,502,341,161,67.928,64.081,2.079,8719.459,2201,61327.19,41337.29,234945.16,283.1,236735.99,0.76
SOL-USDT-SWAP,1H,6H,0.004,0.02,0.005,148.0,2.225,-98.497,502,170,332,33.865,98.749,0.84,-5.373,2201,50.66,-65.77,2.59,-94.89,2.22,-14.1
SOL-USDT-SWAP,1H,6H,0.004,0.02,0.008,148.0,27.921,-81.134,502,219,283,43.625,96.432,0.972,-4.426,2201,350.9,137.09,27.43,-92.18,27.92,1.8
SOL-USDT-SWAP,1H,6H,0.004,0.02,0.01,148.0,12.648,-91.454,502,231,271,46.016,97.661,0.958,-4.988,2201,310.22,109.61,12.47,-95.98,12.65,1.47
SOL-USDT-SWAP,1H,6H,0.004,0.02,0.015,148.0,229.856,55.308,502,257,245,51.195,93.516,1.004,3.017,2201,1348.98,811.47,240.23,-82.19,229.86,-4.32
SOL-USDT-SWAP,1H,6H,0.004,0.02,0.02,148.0,2322.7,1469.392,502,275,227,54.781,89.087,1.043,80.149,2201,1067.64,621.38,1998.99,87.23,2322.7,16.19
SOL-USDT-SWAP,1H,6H,0.004,0.02,0.025,148.0,25362.776,17037.011,502,281,221,55.976,78.916,1.114,929.292,2201,1952.02,1218.93,22821.94,1069.15,25362.78,11.13
SOL-USDT-SWAP,1H,6H,0.004,0.02,0.03,148.0,88420.637,59643.674,502,291,211,57.968,79.246,1.399,3253.291,2201,1075.41,626.63,85879.8,7885.79,88420.64,2.96
SOL-USDT-SWAP,1H,6H,0.004,0.03,0.005,148.0,0.004,-99.998,502,138,364,27.49,99.998,0.646,-5.454,2201,14.02,-90.53,0.0,-99.97,0.0,-14.1
SOL-USDT-SWAP,1H,6H,0.004,0.03,0.008,148.0,0.005,-99.996,502,182,320,36.255,99.998,0.74,-5.454,2201,46.24,-68.76,0.01,-99.99,0.01,0.17
SOL-USDT-SWAP,1H,6H,0.004,0.03,0.01,148.0,0.004,-99.997,502,197,305,39.243,99.998,0.831,-5.454,2201,75.95,-48.68,0.0,-99.99,0.0,-0.15
SOL-USDT-SWAP,1H,6H,0.004,0.03,0.015,148.0,0.027,-99.981,502,221,281,44.024,99.991,0.91,-5.454,2201,200.35,35.37,0.03,-99.99,0.03,-5.85
SOL-USDT-SWAP,1H,6H,0.004,0.03,0.02,148.0,0.042,-99.972,502,234,268,46.614,99.988,0.91,-5.453,2201,122.91,-16.95,0.04,-99.97,0.04,14.34
SOL-USDT-SWAP,1H,6H,0.004,0.03,0.025,148.0,0.033,-99.977,502,239,263,47.61,99.995,0.965,-5.453,2201,380.53,157.12,0.03,-99.99,0.03,14.34
SOL-USDT-SWAP,1H,6H,0.004,0.03,0.03,148.0,0.393,-99.734,502,247,255,49.203,99.986,0.983,-5.44,2201,163.22,10.29,0.34,-99.79,0.39,14.34
SOL-USDT-SWAP,1H,6H,0.005,0.004,0.005,148.0,0.01,-99.993,458,254,204,55.459,99.994,0.27,-5.454,2201,3.43,-97.68,0.01,-99.72,0.01,-1.31
SOL-USDT-SWAP,1H,6H,0.005,0.004,0.008,148.0,0.293,-99.802,458,334,124,72.926,99.82,0.376,-5.444,2201,12.48,-91.57,0.27,-97.83,0.29,8.24
SOL-USDT-SWAP,1H,6H,0.005,0.004,0.01,148.0,1.01,-99.318,458,360,98,78.603,99.532,0.513,-5.417,2201,23.03,-84.44,0.93,-95.95,1.01,8.24
SOL-USDT-SWAP,1H,6H,0.005,0.004,0.015,148.0,31.228,-78.9,458,402,56,87.773,94.956,0.729,-4.304,2201,63.31,-57.22,28.85,-54.43,31.23,8.24
SOL-USDT-SWAP,1H,6H,0.005,0.004,0.02,148.0,318.025,114.882,458,422,36,92.14,83.4,1.231,6.266,2201,166.27,12.35,293.81,76.7,318.03,8.24
SOL-USDT-SWAP,1H,6H,0.005,0.004,0.025,148.0,945.315,538.726,458,431,27,94.105,81.434,1.447,29.385,2201,427.28,188.71,873.32,104.39,945.32,8.24
SOL-USDT-SWAP,1H,6H,0.005,0.004,0.03,148.0,9730.281,6474.514,458,440,18,96.07,63.159,2.136,353.155,2201,937.97,533.76,8989.28,858.38,9730.28,8.24
SOL-USDT-SWAP,1H,6H,0.005,0.006,0.005,148.0,0.546,-99.631,458,246,212,53.712,99.681,0.529,-5.434,2201,12.5,-91.55,0.52,-95.82,0.55,4.61
SOL-USDT-SWAP,1H,6H,0.005,0.006,0.008,148.0,27.205,-81.618,458,319,139,69.651,90.598,0.799,-4.452,2201,50.92,-65.6,23.26,-54.33,27.21,16.99
SOL-USDT-SWAP,1H,6H,0.005,0.006,0.01,148.0,119.223,-19.444,458,344,114,75.109,89.687,0.974,-1.061,2201,80.49,-45.61,101.91,26.61,119.22,16.99
SOL-USDT-SWAP,1H,6H,0.005,0.006,0.015,148.0,4810.971,3150.656,458,384,74,83.843,77.622,1.727,171.854,2201,251.08,69.65,4112.44,1537.87,4810.97,16.99
SOL-USDT-SWAP,1H,6H,0.005,0.006,0.02,148.0,46649.425,31419.882,458,404,54,88.21,74.936,2.908,1713.812,2201,1059.16,615.65,44249.43,4077.77,46649.43,5.42
SOL-USDT-SWAP,1H,6H,0.005,0.006,0.025,148.0,62601.323,42198.191,458,412,46,89.956,66.557,2.473,2301.72,2201,2096.66,1316.66,60201.32,2771.3,62601.32,3.99
SOL-USDT-SWAP,1H,6H,0.005,0.006,0.03,148.0,107158.044,72304.084,458,421,37,91.921,47.986,2.883,3943.859,2201,5371.32,3529.27,104758.04,1850.32,107158.04,2.29
SOL-USDT-SWAP,1H,6H,0.005,0.008,0.005,148.0,10.379,-92.987,458,231,227,50.437,94.432,0.787,-5.072,2201,46.75,-68.41,10.72,-77.08,10.38,-3.13
SOL-USDT-SWAP,1H,6H,0.005,0.008,0.008,148.0,796.147,437.937,458,299,159,65.284,73.737,1.171,23.887,2201,247.75,67.4,745.22,200.79,796.15,6.83
SOL-USDT-SWAP,1H,6H,0.005,0.008,0.01,148.0,4184.287,2727.221,458,323,135,70.524,73.047,1.324,148.758,2201,376.1,154.12,3800.06,910.38,4184.29,10.11
SOL-USDT-SWAP,1H,6H,0.005,0.008,0.015,148.0,57845.212,38984.603,458,360,98,78.603,64.585,2.148,2126.433,2201,1366.0,822.98,56277.49,4019.86,57845.21,2.79
SOL-USDT-SWAP,1H,6H,0.005,0.008,0.02,148.0,105715.079,71329.107,458,378,80,82.533,70.819,2.357,3890.679,2201,6479.14,4277.79,104147.36,1507.43,105715.08,1.51
SOL-USDT-SWAP,1H,6H,0.005,0.008,0.025,148.0,120290.282,81177.218,458,384,74,83.843,55.441,2.03,4427.848,2201,12237.52,8168.6,118722.56,870.15,120290.28,1.32
SOL-USDT-SWAP,1H,6H,0.005,0.008,0.03,148.0,158645.31,107092.777,458,392,66,85.59,44.927,2.492,5841.424,2201,28551.79,19191.75,157077.59,450.15,158645.31,1.0
SOL-USDT-SWAP,1H,6H,0.005,0.01,0.005,148.0,23.72,-83.973,458,209,249,45.633,91.833,0.881,-4.58,2201,87.53,-40.86,23.65,-72.98,23.72,0.28
SOL-USDT-SWAP,1H,6H,0.005,0.01,0.008,148.0,2928.564,1878.76,458,275,183,60.044,77.319,1.24,102.478,2201,642.83,334.35,2598.96,304.3,2928.56,12.68
SOL-USDT-SWAP,1H,6H,0.005,0.01,0.01,148.0,7311.94,4840.5,458,294,164,64.192,79.943,1.283,264.027,2201,979.57,561.87,6295.87,542.72,7311.94,16.14
SOL-USDT-SWAP,1H,6H,0.005,0.01,0.015,148.0,86927.04,58634.487,458,332,126,72.489,69.474,1.94,3198.245,2201,4032.24,2624.49,84504.32,1995.72,86927.04,2.87
SOL-USDT-SWAP,1H,6H,0.005,0.01,0.02,148.0,145515.633,98221.373,458,349,109,76.201,76.545,2.006,5357.529,2201,22678.38,15223.23,143092.91,530.97,145515.63,1.69
SOL-USDT-SWAP,1H,6H,0.005,0.01,0.025,148.0,160342.335,108239.415,458,355,103,77.511,58.549,2.06,5903.968,2201,34390.37,23136.74,157919.62,359.2,160342.33,1.53
SOL-USDT-SWAP,1H,6H,0.005,0.01,0.03,148.0,197354.082,133247.353,458,363,95,79.258,41.751,2.466,7268.037,2201,50668.7,34135.61,194931.36,284.72,197354.08,1.24
SOL-USDT-SWAP,1H,6H,0.005,0.012,0.005,148.0,45.298,-69.394,458,193,265,42.14,90.657,0.934,-3.785,2201,113.43,-23.36,51.67,-54.45,45.3,-12.33
SOL-USDT-SWAP,1H,6H,0.005,0.012,0.008,148.0,5528.293,3635.333,458,254,204,55.459,76.181,1.176,198.291,2201,1578.73,966.71,5709.43,261.65,5528.29,-3.17
SOL-USDT-SWAP,1H,6H,0.005,0.012,0.01,148.0,11963.283,7983.299,458,270,188,58.952,82.764,1.236,435.453,2201,2027.51,1269.94,12260.94,504.73,11963.28,-2.43
SOL-USDT-SWAP,1H,6H,0.005,0.012,0.015,148.0,91747.208,61891.357,458,304,154,66.376,70.106,1.661,3375.892,2201,8204.42,5443.53,92564.49,1028.23,91747.21,-0.88
SOL-USDT-SWAP,1H,6H,0.005,0.012,0.02,148.0,166809.402,112609.056,458,324,134,70.742,78.261,2.006,6142.312,2201,35318.58,23763.9,164818.63,366.66,166809.4,1.21
SOL-USDT-SWAP,1H,6H,0.005,0.012,0.025,148.0,176004.801,118822.163,458,329,129,71.834,60.146,2.029,6481.209,2201,41348.71,27838.32,174014.03,320.85,176004.8,1.14
SOL-USDT-SWAP,1H,6H,0.005,0.012,0.03,148.0,216013.013,145854.739,458,337,121,73.581,38.455,2.406,7955.713,2201,57548.59,38784.18,214022.24,271.9,216013.01,0.93
SOL-USDT-SWAP,1H,6H,0.005,0.015,0.005,148.0,96.776,-34.611,458,176,282,38.428,85.876,0.989,-1.888,2201,406.73,174.82,114.77,-71.78,96.78,-15.68
SOL-USDT-SWAP,1H,6H,0.005,0.015,0.008,148.0,6281.76,4144.433,458,229,229,50.0,79.869,1.061,226.06,2201,6607.87,4364.78,6565.84,-0.64,6281.76,-4.33
SOL-USDT-SWAP,1H,6H,0.005,0.015,0.01,148.0,5778.952,3804.697,458,240,218,52.402,83.972,1.049,207.529,2201,8664.33,5754.28,5994.18,-30.82,5778.95,-3.59
SOL-USDT-SWAP,1H,6H,0.005,0.015,0.015,148.0,94817.172,63965.657,458,271,187,59.17,62.923,1.425,3489.036,2201,32222.4,21671.89,95813.37,197.35,94817.17,-1.04
SOL-USDT-SWAP,1H,6H,0.005,0.015,0.02,148.0,164979.483,111372.623,458,291,167,63.537,75.129,1.759,6074.87,2201,61091.73,41178.2,163167.62,167.09,164979.48,1.11
SOL-USDT-SWAP,1H,6H,0.005,0.015,0.025,148.0,166271.184,112245.395,458,295,163,64.41,69.043,1.739,6122.476,2201,61497.73,41452.52,164459.32,167.42,166271.18,1.1
SOL-USDT-SWAP,1H,6H,0.005,0.015,0.03,148.0,218075.42,147248.257,458,304,154,66.376,37.229,2.043,8031.723,2201,78569.59,52987.56,216263.56,175.25,218075.42,0.84
SOL-USDT-SWAP,1H,6H,0.005,0.02,0.005,148.0,0.601,-99.594,458,139,319,30.349,99.594,0.761,-5.432,2201,47.76,-67.73,0.71,-98.51,0.6,-15.68
SOL-USDT-SWAP,1H,6H,0.005,0.02,0.008,148.0,7.665,-94.821,458,187,271,40.83,98.742,0.952,-5.172,2201,416.53,181.44,7.67,-98.16,7.67,-0.08
SOL-USDT-SWAP,1H,6H,0.005,0.02,0.01,148.0,2.609,-98.237,458,196,262,42.795,99.304,0.914,-5.358,2201,261.3,76.55,2.59,-99.01,2.61,0.69
SOL-USDT-SWAP,1H,6H,0.005,0.02,0.015,148.0,83.99,-43.25,458,226,232,49.345,96.562,0.996,-2.359,2201,1596.6,978.79,88.46,-94.46,83.99,-5.05
SOL-USDT-SWAP,1H,6H,0.005,0.02,0.02,148.0,907.634,513.266,458,241,217,52.62,94.339,1.018,27.996,2201,1880.72,1170.76,779.49,-58.55,907.63,16.44
SOL-USDT-SWAP,1H,6H,0.005,0.02,0.025,148.0,426.103,187.907,458,245,213,53.493,97.252,1.006,10.249,2201,1516.02,924.34,365.95,-75.86,426.1,16.44
SOL-USDT-SWAP,1H,6H,0.005,0.02,0.03,148.0,52823.174,35591.334,458,255,203,55.677,68.907,1.232,1941.345,2201,1591.74,975.5,50261.31,3057.64,52823.17,5.1
SOL-USDT-SWAP,1H,6H,0.005,0.03,0.005,148.0,0.005,-99.996,458,115,343,25.109,99.996,0.537,-5.454,2201,17.5,-88.17,0.01,-99.96,0.01,-15.68
SOL-USDT-SWAP,1H,6H,0.005,0.03,0.008,148.0,0.012,-99.992,458,157,301,34.279,99.993,0.797,-5.454,2201,83.28,-43.73,0.01,-99.99,0.01,-0.81
SOL-USDT-SWAP,1H,6H,0.005,0.03,0.01,148.0,0.003,-99.998,458,166,292,36.245,99.999,0.781,-5.454,2201,60.84,-58.89,0.0,-100.0,0.0,-0.05
SOL-USDT-SWAP,1H,6H,0.005,0.03,0.015,148.0,0.099,-99.933,458,196,262,42.795,99.988,0.953,-5.451,2201,440.41,197.57,0.1,-99.98,0.1,-5.75
SOL-USDT-SWAP,1H,6H,0.005,0.03,0.02,148.0,0.136,-99.908,458,205,253,44.76,99.978,0.954,-5.45,2201,307.39,107.69,0.12,-99.96,0.14,15.59
SOL-USDT-SWAP,1H,6H,0.005,0.03,0.025,148.0,0.061,-99.959,458,209,249,45.633,99.994,0.971,-5.452,2201,531.19,258.91,0.05,-99.99,0.06,15.59
SOL-USDT-SWAP,1H,6H,0.005,0.03,0.03,148.0,1.553,-98.951,458,219,239,47.817,99.978,0.992,-5.397,2201,475.54,221.31,1.34,-99.72,1.55,15.59
SOL-USDT-SWAP,1H,6H,0.007,0.004,0.005,148.0,0.074,-99.95,398,230,168,57.789,99.952,0.283,-5.452,2201,9.46,-93.61,0.08,-99.19,0.07,-3.24
SOL-USDT-SWAP,1H,6H,0.007,0.004,0.008,148.0,0.499,-99.663,398,289,109,72.613,99.723,0.393,-5.436,2201,16.17,-89.08,0.47,-97.09,0.5,6.12
SOL-USDT-SWAP,1H,6H,0.007,0.004,0.01,148.0,1.754,-98.815,398,314,84,78.894,99.137,0.465,-5.39,2201,21.44,-85.52,1.65,-92.29,1.75,6.12
SOL-USDT-SWAP,1H,6H,0.007,0.004,0.015,148.0,26.869,-81.846,398,350,48,87.94,94.44,0.686,-4.464,2201,89.23,-39.71,25.32,-71.63,26.87,6.12
SOL-USDT-SWAP,1H,6H,0.007,0.004,0.02,148.0,143.178,-3.258,398,366,32,91.96,83.13,0.993,-0.178,2201,184.56,24.7,134.92,-26.89,143.18,6.12
SOL-USDT-SWAP,1H,6H,0.007,0.004,0.025,148.0,635.392,329.319,398,376,22,94.472,70.848,1.283,17.963,2201,387.52,161.84,598.74,54.51,635.39,6.12
SOL-USDT-SWAP,1H,6H,0.007,0.004,0.03,148.0,6811.016,4502.038,398,385,13,96.734,63.159,2.715,245.566,2201,917.27,519.78,6418.17,599.71,6811.02,6.12
SOL-USDT-SWAP,1H,6H,0.007,0.006,0.005,148.0,2.809,-98.102,398,222,176,55.779,98.245,0.608,-5.351,2201,40.55,-72.6,2.79,-93.11,2.81,0.59
SOL-USDT-SWAP,1H,6H,0.007,0.006,0.008,148.0,37.442,-74.701,398,278,120,69.849,88.668,0.848,-4.075,2201,76.01,-48.64,33.29,-56.21,37.44,12.49
SOL-USDT-SWAP,1H,6H,0.007,0.006,0.01,148.0,226.324,52.922,398,303,95,76.131,80.932,1.058,2.887,2201,120.28,-18.73,201.2,67.27,226.32,12.49
SOL-USDT-SWAP,1H,6H,0.007,0.006,0.015,148.0,5632.141,3705.5,398,338,60,84.925,73.138,1.845,202.118,2201,586.84,296.51,5006.95,753.21,5632.14,12.49
SOL-USDT-SWAP,1H,6H,0.007,0.006,0.02,148.0,36727.232,24715.697,398,355,43,89.196,79.792,2.176,1348.129,2201,1709.95,1055.37,34927.23,1942.58,36727.23,5.15
SOL-USDT-SWAP,1H,6H,0.007,0.006,0.025,148.0,61571.968,41502.681,398,364,34,91.457,63.251,2.168,2263.783,2201,3880.44,2521.92,59771.97,1440.34,61571.97,3.01
SOL-USDT-SWAP,1H,6H,0.007,0.006,0.03,148.0,96030.835,64785.699,398,372,26,93.467,47.986,3.049,3533.765,2201,6337.81,4182.31,94230.84,1386.8,96030.84,1.91
SOL-USDT-SWAP,1H,6H,0.007,0.008,0.005,148.0,25.527,-82.752,398,208,190,52.261,88.553,0.818,-4.514,2201,70.24,-52.54,24.43,-65.22,25.53,4.49
SOL-USDT-SWAP,1H,6H,0.007,0.008,0.008,148.0,462.3,212.365,398,260,138,65.327,81.499,1.11,11.584,2201,125.85,-14.97,434.25,245.06,462.3,6.46
SOL-USDT-SWAP,1H,6H,0.007,0.008,0.01,148.0,4740.989,3103.371,398,286,112,71.859,61.836,1.353,169.275,2201,317.27,114.37,4453.35,1303.64,4740.99,6.46
SOL-USDT-SWAP,1H,6H,0.007,0.008,0.015,148.0,47892.802,32260.001,398,318,80,79.899,74.939,2.178,1759.636,2201,1287.0,769.6,46880.61,3542.62,47892.8,2.16
SOL-USDT-SWAP,1H,6H,0.007,0.008,0.02,148.0,95374.971,64342.548,398,334,64,83.92,78.157,2.205,3509.594,2201,4825.04,3160.16,94362.77,1855.69,95374.97,1.07
SOL-USDT-SWAP,1H,6H,0.007,0.008,0.025,148.0,123294.726,83207.247,398,342,56,85.93,57.94,2.437,4538.577,2201,11056.07,7370.32,122282.53,1006.02,123294.73,0.83
SOL-USDT-SWAP,1H,6H,0.007,0.008,0.03,148.0,158042.828,106685.695,398,350,48,87.94,44.927,3.327,5819.22,2201,20581.35,13806.32,157030.63,662.98,158042.83,0.64
SOL-USDT-SWAP,1H,6H,0.007,0.01,0.005,148.0,107.077,-27.651,398,193,205,48.492,79.876,0.969,-1.508,2201,152.6,3.11,98.71,-35.32,107.08,8.48
SOL-USDT-SWAP,1H,6H,0.007,0.01,0.008,148.0,1584.696,970.74,398,240,158,60.302,79.165,1.208,52.949,2201,238.18,60.93,1433.93,502.03,1584.7,10.51
SOL-USDT-SWAP,1H,6H,0.007,0.01,0.01,148.0,14517.524,9709.138,398,265,133,66.583,67.382,1.451,529.589,2201,736.03,397.32,13136.36,1684.75,14517.52,10.51
SOL-USDT-SWAP,1H,6H,0.007,0.01,0.015,148.0,69471.054,46839.901,398,296,102,74.372,67.441,2.084,2554.904,2201,3385.41,2187.44,67858.86,1904.45,69471.05,2.38
SOL-USDT-SWAP,1H,6H,0.007,0.01,0.02,148.0,119855.735,80883.605,398,310,88,77.889,75.103,2.028,4411.833,2201,9644.88,6416.81,118243.54,1125.97,119855.73,1.36
SOL-USDT-SWAP,1H,6H,0.007,0.01,0.025,148.0,142853.509,96422.641,398,316,82,79.397,55.064,2.162,5259.417,2201,24959.55,16764.56,141241.31,465.88,142853.51,1.14
SOL-USDT-SWAP,1H,6H,0.007,0.01,0.03,148.0,174473.148,117787.262,398,323,75,81.156,41.751,2.602,6424.76,2201,35631.57,23975.39,172860.95,385.13,174473.15,0.93
SOL-USDT-SWAP,1H,6H,0.007,0.012,0.005,148.0,123.378,-16.637,398,178,220,44.724,83.601,0.986,-0.907,2201,232.56,57.14,109.64,-52.86,123.38,12.53
SOL-USDT-SWAP,1H,6H,0.007,0.012,0.008,148.0,848.264,473.151,398,218,180,54.774,79.487,1.112,25.808,2201,334.53,126.03,739.9,121.18,848.26,14.65
SOL-USDT-SWAP,1H,6H,0.007,0.012,0.01,148.0,8377.964,5560.786,398,240,158,60.302,66.714,1.22,303.316,2201,960.12,548.73,7307.74,661.13,8377.96,14.65
SOL-USDT-SWAP,1H,6H,0.007,0.012,0.015,148.0,76988.673,51919.374,398,273,125,68.593,68.599,1.822,2831.966,2201,5623.01,3699.33,74776.48,1229.83,76988.67,2.96
SOL-USDT-SWAP,1H,6H,0.007,0.012,0.02,148.0,133963.832,90416.103,398,287,111,72.111,77.443,1.954,4931.787,2201,17471.35,11704.96,131751.64,654.1,133963.83,1.68
SOL-USDT-SWAP,1H,6H,0.007,0.012,0.025,148.0,158191.594,106786.212,398,293,105,73.618,57.766,2.1,5824.702,2201,35600.13,23954.14,155979.4,338.14,158191.59,1.42
SOL-USDT-SWAP,1H,6H,0.007,0.012,0.03,148.0,185330.346,125123.206,398,299,99,75.126,38.455,2.381,6824.902,2201,46636.27,31410.99,183118.15,292.65,185330.35,1.21
SOL-USDT-SWAP,1H,6H,0.007,0.015,0.005,148.0,150.378,1.606,398,162,236,40.704,84.622,1.001,0.088,2201,590.08,298.7,154.77,-73.77,150.38,-2.84
SOL-USDT-SWAP,1H,6H,0.007,0.015,0.008,148.0,413.839,179.621,398,194,204,48.744,83.947,1.04,9.797,2201,841.65,468.68,432.06,-48.67,413.84,-4.22
SOL-USDT-SWAP,1H,6H,0.007,0.015,0.01,148.0,2243.561,1415.919,398,212,186,53.266,76.593,1.091,77.232,2201,2213.0,1395.27,2395.77,8.26,2243.56,-6.35
SOL-USDT-SWAP,1H,6H,0.007,0.015,0.015,148.0,54078.423,36439.475,398,244,154,61.307,63.052,1.398,1987.608,2201,9149.1,6081.83,52451.37,473.3,54078.42,3.1
SOL-USDT-SWAP,1H,6H,0.007,0.015,0.02,148.0,119330.033,80528.4,398,258,140,64.824,74.88,1.704,4392.458,2201,18198.18,12196.07,117702.98,546.78,119330.03,1.38
SOL-USDT-SWAP,1H,6H,0.007,0.015,0.025,148.0,136523.158,92145.377,398,263,135,66.08,50.366,1.773,5026.111,2201,27565.18,18525.12,134896.1,389.37,136523.16,1.21
SOL-USDT-SWAP,1H,6H,0.007,0.015,0.03,148.0,166236.628,112222.046,398,269,129,67.588,35.872,1.972,6121.203,2201,38615.66,25991.66,164609.57,326.28,166236.63,0.99
SOL-USDT-SWAP,1H,6H,0.007,0.02,0.005,148.0,22.684,-84.673,398,137,261,34.422,95.658,0.947,-4.619,2201,381.4,157.7,22.36,-94.14,22.68,1.47
SOL-USDT-SWAP,1H,6H,0.007,0.02,0.008,148.0,25.045,-83.078,398,164,234,41.206,95.096,0.953,-4.532,2201,371.91,151.29,25.04,-93.27,25.04,0.03
SOL-USDT-SWAP,1H,6H,0.007,0.02,0.01,148.0,127.084,-14.132,398,181,217,45.477,93.461,0.998,-0.771,2201,1349.0,811.49,129.94,-90.37,127.08,-2.2
SOL-USDT-SWAP,1H,6H,0.007,0.02,0.015,148.0,2932.712,1881.562,398,209,189,52.513,80.449,1.045,102.631,2201,3636.06,2356.8,2543.35,-30.05,2932.71,15.31
SOL-USDT-SWAP,1H,6H,0.007,0.02,0.02,148.0,57601.515,38819.943,398,221,177,55.528,70.13,1.294,2117.451,2201,4691.92,3070.22,55224.46,1077.01,57601.52,4.3
SOL-USDT-SWAP,1H,6H,0.007,0.02,0.025,148.0,79071.871,53326.94,398,226,172,56.784,49.163,1.384,2908.742,2201,6849.78,4528.23,76694.81,1019.67,79071.87,3.1
SOL-USDT-SWAP,1H,6H,0.007,0.02,0.03,148.0,95889.723,64690.353,398,231,167,58.04,57.529,1.487,3528.565,2201,5859.71,3859.26,93512.67,1495.86,95889.72,2.54
SOL-USDT-SWAP,1H,6H,0.007,0.03,0.005,148.0,0.056,-99.962,398,108,290,27.136,99.968,0.613,-5.452,2201,30.98,-79.07,0.05,-99.82,0.06,2.5
SOL-USDT-SWAP,1H,6H,0.007,0.03,0.008,148.0,0.015,-99.99,398,131,267,32.915,99.993,0.7,-5.454,2201,32.05,-78.34,0.01,-99.95,0.01,1.05
SOL-USDT-SWAP,1H,6H,0.007,0.03,0.01,148.0,0.074,-99.95,398,148,250,37.186,99.972,0.834,-5.452,2201,87.8,-40.68,0.07,-99.91,0.07,-1.21
SOL-USDT-SWAP,1H,6H,0.007,0.03,0.015,148.0,1.192,-99.194,398,175,223,43.97,99.774,0.94,-5.411,2201,182.48,23.3,1.02,-99.44,1.19,16.48
SOL-USDT-SWAP,1H,6H,0.007,0.03,0.02,148.0,2.29,-98.453,398,184,214,46.231,99.814,0.965,-5.37,2201,217.13,46.71,1.97,-99.09,2.29,16.48
SOL-USDT-SWAP,1H,6H,0.007,0.03,0.025,148.0,4.697,-96.826,398,190,208,47.739,99.897,0.99,-5.281,2201,359.98,143.23,4.03,-98.88,4.7,16.48
SOL-USDT-SWAP,1H,6H,0.007,0.03,0.03,148.0,20.318,-86.271,398,196,202,49.246,99.766,0.995,-4.706,2201,277.65,87.6,17.44,-93.72,20.32,16.48
SOL-USDT-SWAP,1H,6H,0.01,0.004,0.005,148.0,0.206,-99.861,315,176,139,55.873,99.869,0.293,-5.447,2201,15.82,-89.31,0.21,-98.65,0.21,-3.24
SOL-USDT-SWAP,1H,6H,0.01,0.004,0.008,148.0,0.459,-99.69,315,218,97,69.206,99.734,0.334,-5.438,2201,12.95,-91.25,0.49,-96.21,0.46,-6.36
SOL-USDT-SWAP,1H,6H,0.01,0.004,0.01,148.0,1.66,-98.878,315,241,74,76.508,99.015,0.443,-5.393,2201,28.6,-80.68,1.81,-93.66,1.66,-8.44
SOL-USDT-SWAP,1H,6H,0.01,0.004,0.015,148.0,8.374,-94.342,315,269,46,85.397,97.99,0.59,-5.146,2201,49.09,-66.83,7.89,-83.92,8.37,6.12
SOL-USDT-SWAP,1H,6H,0.01,0.004,0.02,148.0,72.173,-51.234,315,287,28,91.111,86.524,0.884,-2.795,2201,202.48,36.81,68.01,-66.41,72.17,6.12
SOL-USDT-SWAP,1H,6H,0.01,0.004,0.025,148.0,1065.547,619.965,315,300,15,95.238,60.304,1.543,33.816,2201,485.27,227.88,1004.09,106.91,1065.55,6.12
SOL-USDT-SWAP,1H,6H,0.01,0.004,0.03,148.0,1534.431,936.778,315,303,12,96.19,72.16,1.842,51.097,2201,588.16,297.41,1445.93,145.84,1534.43,6.12
SOL-USDT-SWAP,1H,6H,0.01,0.006,0.005,148.0,3.449,-97.67,315,170,145,53.968,97.94,0.568,-5.327,2201,41.87,-71.71,3.43,-91.81,3.45,0.59
SOL-USDT-SWAP,1H,6H,0.01,0.006,0.008,148.0,18.525,-87.483,315,213,102,67.619,97.218,0.696,-4.772,2201,51.87,-64.95,19.03,-63.31,18.53,-2.66
SOL-USDT-SWAP,1H,6H,0.01,0.006,0.01,148.0,92.829,-37.277,315,235,80,74.603,90.758,0.929,-2.033,2201,141.85,-4.15,97.53,-31.25,92.83,-4.82
SOL-USDT-SWAP,1H,6H,0.01,0.006,0.015,148.0,896.703,505.88,315,264,51,83.81,89.416,1.441,27.593,2201,295.65,99.77,797.17,169.63,896.7,12.49
SOL-USDT-SWAP,1H,6H,0.01,0.006,0.02,148.0,7694.904,5099.26,315,281,34,89.206,79.017,1.93,278.141,2201,1088.39,635.4,6840.74,528.52,7694.9,12.49
SOL-USDT-SWAP,1H,6H,0.01,0.006,0.025,148.0,49846.995,33580.402,315,294,21,93.333,55.214,2.909,1831.658,2201,2637.68,1682.21,48046.99,1721.56,49846.99,3.75
SOL-USDT-SWAP,1H,6H,0.01,0.006,0.03,148.0,54818.536,36939.551,315,297,18,94.286,66.28,3.617,2014.885,2201,3035.47,1951.0,53018.54,1646.63,54818.54,3.4
SOL-USDT-SWAP,1H,6H,0.01,0.008,0.005,148.0,51.603,-65.133,315,166,149,52.698,88.319,0.869,-3.553,2201,114.81,-22.42,49.38,-56.99,51.6,4.49
SOL-USDT-SWAP,1H,6H,0.01,0.008,0.008,148.0,425.37,187.412,315,207,108,65.714,85.537,1.186,10.222,2201,183.82,24.2,420.64,128.83,425.37,1.12
SOL-USDT-SWAP,1H,6H,0.01,0.008,0.01,148.0,2472.369,1570.519,315,228,87,72.381,80.717,1.463,85.665,2201,591.11,299.4,2500.45,323.01,2472.37,-1.12
SOL-USDT-SWAP,1H,6H,0.01,0.008,0.015,148.0,28144.387,18916.478,315,256,59,81.27,78.169,2.701,1031.808,2201,1267.99,756.75,25489.39,1910.22,28144.39,10.42
SOL-USDT-SWAP,1H,6H,0.01,0.008,0.02,148.0,66386.856,44755.984,315,272,43,86.349,70.566,2.281,2441.235,2201,5436.19,3573.1,63731.86,1072.36,66386.86,4.17
SOL-USDT-SWAP,1H,6H,0.01,0.008,0.025,148.0,115156.466,77708.423,315,284,31,90.159,36.531,2.795,4238.641,2201,14217.48,9506.41,112501.47,691.29,115156.47,2.36
SOL-USDT-SWAP,1H,6H,0.01,0.008,0.03,148.0,123067.745,83053.882,315,287,28,91.111,32.0,2.902,4530.212,2201,18156.72,12168.05,120412.75,563.19,123067.75,2.2
SOL-USDT-SWAP,1H,6H,0.01,0.01,0.005,148.0,62.365,-57.861,315,147,168,46.667,84.783,0.896,-3.156,2201,121.19,-18.12,63.54,-47.57,62.37,-1.84
SOL-USDT-SWAP,1H,6H,0.01,0.01,0.008,148.0,740.597,400.403,315,187,128,59.365,77.372,1.243,21.84,2201,269.13,81.84,779.64,189.69,740.6,-5.01
SOL-USDT-SWAP,1H,6H,0.01,0.01,0.01,148.0,3637.101,2357.501,315,205,110,65.079,73.078,1.413,128.591,2201,770.49,420.6,3915.89,408.23,3637.1,-7.12
SOL-USDT-SWAP,1H,6H,0.01,0.01,0.015,148.0,49723.575,33497.01,315,233,82,73.968,70.638,2.337,1827.11,2201,2169.1,1365.61,47911.52,2108.82,49723.58,3.78
SOL-USDT-SWAP,1H,6H,0.01,0.01,0.02,148.0,89911.15,60650.777,315,248,67,78.73,63.288,1.946,3308.224,2201,10118.33,6736.71,88099.09,770.69,89911.15,2.06
SOL-USDT-SWAP,1H,6H,0.01,0.01,0.025,148.0,136906.523,92404.407,315,259,56,82.222,32.87,2.615,5040.24,2201,22253.2,14935.95,135094.47,507.08,136906.52,1.34
SOL-USDT-SWAP,1H,6H,0.01,0.01,0.03,148.0,146139.149,98642.668,315,262,53,83.175,32.0,2.732,5380.509,2201,27030.83,18164.07,144327.09,433.94,146139.15,1.26
SOL-USDT-SWAP,1H,6H,0.01,0.012,0.005,148.0,107.49,-27.372,315,135,180,42.857,85.686,0.964,-1.493,2201,141.72,-4.24,107.52,-24.14,107.49,-0.02
SOL-USDT-SWAP,1H,6H,0.01,0.012,0.008,148.0,1343.32,807.649,315,173,142,54.921,88.609,1.317,44.054,2201,355.65,140.31,1388.44,290.39,1343.32,-3.25
SOL-USDT-SWAP,1H,6H,0.01,0.012,0.01,148.0,7052.021,4664.879,315,191,124,60.635,79.503,1.527,254.448,2201,878.64,493.68,7454.52,748.42,7052.02,-5.4
SOL-USDT-SWAP,1H,6H,0.01,0.012,0.015,148.0,74424.063,50186.529,315,221,94,70.159,71.347,2.348,2737.447,2201,4054.53,2639.55,72312.01,1683.49,74424.06,2.92
SOL-USDT-SWAP,1H,6H,0.01,0.012,0.02,148.0,120135.862,81072.88,315,234,81,74.286,41.794,1.971,4422.157,2201,22467.97,15081.06,118023.81,425.3,120135.86,1.79
SOL-USDT-SWAP,1H,6H,0.01,0.012,0.025,148.0,157722.421,106469.203,315,244,71,77.46,29.071,2.464,5807.411,2201,35126.63,23634.21,155610.37,343.0,157722.42,1.36
SOL-USDT-SWAP,1H,6H,0.01,0.012,0.03,148.0,169481.195,114414.321,315,247,68,78.413,32.0,2.606,6240.781,2201,40143.61,27024.06,167369.14,316.93,169481.2,1.26
SOL-USDT-SWAP,1H,6H,0.01,0.015,0.005,148.0,81.386,-45.009,315,121,194,38.413,89.687,0.944,-2.455,2201,146.54,-0.98,79.24,-45.92,81.39,2.7
SOL-USDT-SWAP,1H,6H,0.01,0.015,0.008,148.0,444.882,200.596,315,152,163,48.254,92.741,1.107,10.942,2201,315.69,113.3,447.62,41.79,444.88,-0.61
SOL-USDT-SWAP,1H,6H,0.01,0.015,0.01,148.0,6392.772,4219.441,315,174,141,55.238,80.442,1.406,230.151,2201,912.73,516.71,6578.24,620.72,6392.77,-2.82
SOL-USDT-SWAP,1H,6H,0.01,0.015,0.015,148.0,67288.042,45364.893,315,200,115,63.492,70.622,1.899,2474.449,2201,5578.73,3669.41,64725.99,1060.23,67288.04,3.96
SOL-USDT-SWAP,1H,6H,0.01,0.015,0.02,148.0,116245.734,78444.415,315,211,104,66.984,39.16,1.778,4278.786,2201,26644.08,17902.76,113683.68,326.68,116245.73,2.25
SOL-USDT-SWAP,1H,6H,0.01,0.015,0.025,148.0,163498.741,110372.123,315,222,93,70.476,27.3,2.249,6020.298,2201,40755.26,27437.34,160936.69,294.89,163498.74,1.59
SOL-USDT-SWAP,1H,6H,0.01,0.015,0.03,148.0,168359.343,113656.313,315,224,91,71.111,32.0,2.242,6199.435,2201,46269.07,31162.88,165797.29,258.33,168359.34,1.55
SOL-USDT-SWAP,1H,6H,0.01,0.02,0.005,148.0,5.933,-95.991,315,101,214,32.063,98.336,0.886,-5.236,2201,209.07,41.26,5.55,-97.35,5.93,6.97
SOL-USDT-SWAP,1H,6H,0.01,0.02,0.008,148.0,18.311,-87.628,315,127,188,40.317,98.739,0.956,-4.78,2201,599.25,304.9,17.69,-97.05,18.31,3.52
SOL-USDT-SWAP,1H,6H,0.01,0.02,0.01,148.0,169.9,14.797,315,147,168,46.667,95.775,1.003,0.807,2201,1330.96,799.3,167.85,-87.39,169.9,1.22
SOL-USDT-SWAP,1H,6H,0.01,0.02,0.015,148.0,23359.764,15683.624,315,175,140,55.556,69.617,1.25,855.47,2201,7323.84,4848.54,20092.71,174.35,23359.76,16.26
SOL-USDT-SWAP,1H,6H,0.01,0.02,0.02,148.0,63823.815,43024.2,315,183,132,58.095,46.643,1.356,2346.775,2201,12705.52,8484.81,60556.76,376.62,63823.82,5.4
SOL-USDT-SWAP,1H,6H,0.01,0.02,0.025,148.0,126566.879,85418.162,315,194,121,61.587,30.175,1.747,4659.172,2201,30822.6,20726.08,123299.82,300.03,126566.88,2.65
SOL-USDT-SWAP,1H,6H,0.01,0.02,0.03,148.0,129952.837,87705.971,315,196,119,62.222,33.828,1.731,4783.962,2201,34626.79,23296.48,126685.78,265.86,129952.84,2.58
SOL-USDT-SWAP,1H,6H,0.01,0.03,0.005,148.0,0.101,-99.932,315,79,236,25.079,99.968,0.712,-5.451,2201,36.74,-75.18,0.09,-99.75,0.1,10.87
SOL-USDT-SWAP,1H,6H,0.01,0.03,0.008,148.0,0.299,-99.798,315,104,211,33.016,99.951,0.891,-5.444,2201,161.3,8.98,0.28,-99.83,0.3,7.3
SOL-USDT-SWAP,1H,6H,0.01,0.03,0.01,148.0,5.952,-95.978,315,126,189,40.0,99.414,0.957,-5.235,2201,423.56,186.19,5.67,-98.66,5.95,4.91
SOL-USDT-SWAP,1H,6H,0.01,0.03,0.015,148.0,19.61,-86.75,315,145,170,46.032,98.668,0.97,-4.732,2201,318.01,114.87,15.47,-95.14,19.61,26.79
SOL-USDT-SWAP,1H,6H,0.01,0.03,0.02,148.0,26.324,-82.214,315,154,161,48.889,99.5,0.989,-4.484,2201,894.03,504.07,20.76,-97.68,26.32,26.79
SOL-USDT-SWAP,1H,6H,0.01,0.03,0.025,148.0,1447.645,878.139,315,165,150,52.381,96.627,1.017,47.898,2201,963.6,551.08,1141.76,18.49,1447.65,26.79
SOL-USDT-SWAP,1H,6H,0.01,0.03,0.03,148.0,1567.358,959.026,315,167,148,53.016,96.202,1.016,52.31,2201,1164.77,687.01,1236.18,6.13,1567.36,26.79
SOL-USDT-SWAP,1H,12H,0.001,0.004,0.005,148.0,0.091,-99.939,326,175,151,53.681,99.939,0.221,-5.451,1101,9.2,-93.79,0.09,-99.0,0.09,-1.31
SOL-USDT-SWAP,1H,12H,0.001,0.004,0.008,148.0,0.13,-99.912,326,217,109,66.564,99.927,0.435,-5.45,1101,27.51,-81.41,0.12,-99.56,0.13,8.24
SOL-USDT-SWAP,1H,12H,0.001,0.004,0.01,148.0,0.63,-99.574,326,244,82,74.847,99.651,0.58,-5.431,1101,59.99,-59.47,0.58,-99.03,0.63,8.24
SOL-USDT-SWAP,1H,12H,0.001,0.004,0.015,148.0,10.653,-92.802,326,280,46,85.89,95.892,0.809,-5.062,1101,168.94,14.15,9.84,-94.17,10.65,8.24
SOL-USDT-SWAP,1H,12H,0.001,0.004,0.02,148.0,29.879,-79.812,326,293,33,89.877,94.278,0.895,-4.353,1101,265.35,79.29,27.6,-89.6,29.88,8.24
SOL-USDT-SWAP,1H,12H,0.001,0.004,0.025,148.0,115.1,-22.23,326,302,24,92.638,90.285,0.984,-1.213,1101,592.44,300.29,106.33,-82.05,115.1,8.24
SOL-USDT-SWAP,1H,12H,0.001,0.004,0.03,148.0,364.385,146.206,326,308,18,94.479,77.733,1.1,7.975,1101,514.06,247.34,336.64,-34.51,364.38,8.24
SOL-USDT-SWAP,1H,12H,0.001,0.006,0.005,148.0,1.222,-99.175,326,168,158,51.534,99.179,0.48,-5.41,1101,26.29,-82.24,1.25,-95.25,1.22,-2.08
SOL-USDT-SWAP,1H,12H,0.001,0.006,0.008,148.0,2.96,-98.0,326,209,117,64.11,98.893,0.755,-5.345,1101,100.29,-32.23,2.7,-97.31,2.96,9.5
SOL-USDT-SWAP,1H,12H,0.001,0.006,0.01,148.0,21.172,-85.695,326,236,90,72.393,95.319,0.901,-4.674,1101,253.89,71.55,19.33,-92.38,21.17,9.5
SOL-USDT-SWAP,1H,12H,0.001,0.006,0.015,148.0,695.149,369.695,326,273,53,83.742,85.137,1.059,20.165,1101,787.21,431.9,634.82,-19.36,695.15,9.5
SOL-USDT-SWAP,1H,12H,0.001,0.006,0.02,148.0,3311.869,2137.749,326,287,39,88.037,74.827,1.141,116.604,1101,2005.5,1255.07,3024.45,50.81,3311.87,9.5
SOL-USDT-SWAP,1H,12H,0.001,0.006,0.025,148.0,10689.912,7122.914,326,295,31,90.491,77.874,1.224,388.523,1101,4746.13,3106.84,9762.2,105.69,10689.91,9.5
SOL-USDT-SWAP,1H,12H,0.001,0.006,0.03,148.0,31306.842,21053.272,326,301,25,92.331,63.378,1.592,1148.36,1101,4118.24,2682.59,29904.66,626.15,31306.84,4.69
SOL-USDT-SWAP,1H,12H,0.001,0.008,0.005,148.0,6.571,-95.56,326,158,168,48.466,95.751,0.664,-5.212,1101,45.52,-69.24,6.46,-85.81,6.57,1.72
SOL-USDT-SWAP,1H,12H,0.001,0.008,0.008,148.0,14.883,-89.944,326,195,131,59.816,97.211,0.89,-4.906,1101,187.59,26.75,12.84,-93.16,14.88,15.94
SOL-USDT-SWAP,1H,12H,0.001,0.008,0.01,148.0,153.429,3.669,326,222,104,68.098,87.765,1.001,0.2,1101,632.72,327.51,132.33,-79.09,153.43,15.94
SOL-USDT-SWAP,1H,12H,0.001,0.008,0.015,148.0,4016.593,2613.914,326,257,69,78.834,85.24,1.096,142.577,1101,1497.44,911.78,3464.29,131.35,4016.59,15.94
SOL-USDT-SWAP,1H,12H,0.001,0.008,0.02,148.0,21586.13,14485.223,326,271,55,83.129,78.539,1.253,790.103,1101,5457.83,3587.72,19283.95,253.33,21586.13,11.94
SOL-USDT-SWAP,1H,12H,0.001,0.008,0.025,148.0,47316.624,31870.692,326,278,48,85.276,70.896,1.391,1738.401,1101,12795.81,8545.82,45014.44,251.79,47316.62,5.11
SOL-USDT-SWAP,1H,12H,0.001,0.008,0.03,148.0,59916.196,40383.916,326,283,43,86.81,65.606,1.53,2202.759,1101,11231.68,7488.97,57614.01,412.96,59916.2,4.0
SOL-USDT-SWAP,1H,12H,0.001,0.01,0.005,148.0,3.616,-97.557,326,137,189,42.025,97.742,0.652,-5.321,1101,41.51,-71.95,3.43,-91.73,3.62,5.3
SOL-USDT-SWAP,1H,12H,0.001,0.01,0.008,148.0,9.516,-93.57,326,174,152,53.374,97.945,0.886,-5.104,1101,156.73,5.9,7.78,-95.03,9.52,22.29
SOL-USDT-SWAP,1H,12H,0.001,0.01,0.01,148.0,23.521,-84.107,326,193,133,59.202,95.569,0.927,-4.588,1101,232.35,56.99,19.23,-91.72,23.52,22.29
SOL-USDT-SWAP,1H,12H,0.001,0.01,0.015,148.0,679.652,359.225,326,228,98,69.939,83.734,1.049,19.594,1101,806.13,444.68,555.77,-31.06,679.65,22.29
SOL-USDT-SWAP,1H,12H,0.001,0.01,0.02,148.0,2523.213,1604.874,326,241,85,73.926,91.402,1.059,87.539,1101,4242.32,2766.44,2063.31,-51.36,2523.21,22.29
SOL-USDT-SWAP,1H,12H,0.001,0.01,0.025,148.0,4873.754,3193.077,326,248,78,76.074,91.797,1.062,174.168,1101,8790.04,5839.22,3985.42,-54.66,4873.75,22.29
SOL-USDT-SWAP,1H,12H,0.001,0.01,0.03,148.0,7529.52,4987.513,326,253,73,77.607,92.149,1.11,272.046,1101,6661.13,4400.76,6157.12,-7.57,7529.52,22.29
SOL-USDT-SWAP,1H,12H,0.001,0.012,0.005,148.0,5.279,-96.433,326,127,199,38.957,96.822,0.757,-5.26,1101,65.24,-55.92,4.83,-92.59,5.28,9.25
SOL-USDT-SWAP,1H,12H,0.001,0.012,0.008,148.0,8.874,-94.004,326,160,166,49.08,98.698,0.938,-5.128,1101,314.26,112.33,6.89,-97.81,8.87,28.86
SOL-USDT-SWAP,1H,12H,0.001,0.012,0.01,148.0,18.412,-87.559,326,178,148,54.601,98.389,0.963,-4.776,1101,495.81,235.0,14.29,-97.12,18.41,28.86
SOL-USDT-SWAP,1H,12H,0.001,0.012,0.015,148.0,461.279,211.675,326,211,115,64.724,90.524,1.02,11.546,1101,1403.57,848.36,357.96,-74.5,461.28,28.86
SOL-USDT-SWAP,1H,12H,0.001,0.012,0.02,148.0,2163.693,1361.954,326,225,101,69.018,94.181,1.028,74.288,1101,8000.78,5305.93,1679.05,-79.01,2163.69,28.86
SOL-USDT-SWAP,1H,12H,0.001,0.012,0.025,148.0,1823.679,1132.215,326,230,96,70.552,95.933,1.018,61.757,1101,10134.32,6747.52,1415.19,-86.04,1823.68,28.86
SOL-USDT-SWAP,1H,12H,0.001,0.012,0.03,148.0,3096.565,1992.274,326,235,91,72.086,96.032,1.026,108.669,1101,10672.01,7110.82,2402.97,-77.48,3096.57,28.86
SOL-USDT-SWAP,1H,12H,0.001,0.015,0.005,148.0,2.805,-98.105,326,110,216,33.742,98.105,0.764,-5.351,1101,68.19,-53.92,3.16,-95.36,2.8,-11.3
SOL-USDT-SWAP,1H,12H,0.001,0.015,0.008,148.0,2.661,-98.202,326,140,186,42.945,99.507,0.928,-5.356,1101,276.46,86.8,2.56,-99.07,2.66,4.02
SOL-USDT-SWAP,1H,12H,0.001,0.015,0.01,148.0,6.633,-95.518,326,158,168,48.466,99.408,0.964,-5.21,1101,575.4,288.79,6.52,-98.87,6.63,1.7
SOL-USDT-SWAP,1H,12H,0.001,0.015,0.015,148.0,15.045,-89.834,326,181,145,55.521,99.099,0.979,-4.9,1101,655.47,342.89,15.69,-97.61,15.05,-4.1
SOL-USDT-SWAP,1H,12H,0.001,0.015,0.02,148.0,88.321,-40.323,326,196,130,60.123,99.548,0.999,-2.199,1101,6704.11,4429.8,78.46,-98.83,88.32,12.56
SOL-USDT-SWAP,1H,12H,0.001,0.015,0.025,148.0,32.618,-77.961,326,201,125,61.656,99.865,0.998,-4.252,1101,7340.32,4859.68,28.98,-99.61,32.62,12.56
SOL-USDT-SWAP,1H,12H,0.001,0.015,0.03,148.0,29.707,-79.927,326,206,120,63.19,99.931,0.998,-4.36,1101,6038.55,3980.1,26.39,-99.56,29.71,12.56
SOL-USDT-SWAP,1H,12H,0.001,0.02,0.005,148.0,0.799,-99.46,326,92,234,28.221,99.46,0.664,-5.425,1101,42.17,-71.51,0.9,-97.86,0.8,-11.3
SOL-USDT-SWAP,1H,12H,0.001,0.02,0.008,148.0,0.445,-99.699,326,119,207,36.503,99.841,0.877,-5.438,1101,154.24,4.21,0.41,-99.73,0.44,8.63
SOL-USDT-SWAP,1H,12H,0.001,0.02,0.01,148.0,0.403,-99.727,326,132,194,40.491,99.901,0.895,-5.44,1101,205.09,38.57,0.38,-99.81,0.4,6.21
SOL-USDT-SWAP,1H,12H,0.001,0.02,0.015,148.0,0.28,-99.811,326,152,174,46.626,99.963,0.941,-5.444,1101,268.82,81.64,0.28,-99.9,0.28,0.15
SOL-USDT-SWAP,1H,12H,0.001,0.02,0.02,148.0,0.834,-99.437,326,167,159,51.227,99.987,0.99,-5.424,1101,1867.27,1161.67,0.71,-99.96,0.83,17.56
SOL-USDT-SWAP,1H,12H,0.001,0.02,0.025,148.0,0.254,-99.828,326,172,154,52.761,99.997,0.991,-5.445,1101,1582.04,968.94,0.22,-99.99,0.25,17.56
SOL-USDT-SWAP,1H,12H,0.001,0.02,0.03,148.0,0.178,-99.88,326,176,150,53.988,99.998,0.991,-5.448,1101,1184.55,700.37,0.15,-99.99,0.18,17.56
SOL-USDT-SWAP,1H,12H,0.001,0.03,0.005,148.0,0.003,-99.998,326,64,262,19.632,99.998,0.407,-5.454,1101,5.75,-96.11,0.0,-99.94,0.0,-11.3
SOL-USDT-SWAP,1H,12H,0.001,0.03,0.008,148.0,0.001,-100.0,326,88,238,26.994,100.0,0.472,-5.455,1101,5.02,-96.61,0.0,-99.99,0.0,17.86
SOL-USDT-SWAP,1H,12H,0.001,0.03,0.01,148.0,0.0,-100.0,326,97,229,29.755,100.0,0.433,-5.455,1101,3.22,-97.83,0.0,-100.0,0.0,15.23
SOL-USDT-SWAP,1H,12H,0.001,0.03,0.015,148.0,0.0,-100.0,326,114,212,34.969,100.0,0.523,-5.455,1101,1.95,-98.69,0.0,-100.0,0.0,8.66
SOL-USDT-SWAP,1H,12H,0.001,0.03,0.02,148.0,0.0,-100.0,326,127,199,38.957,100.0,0.791,-5.455,1101,8.77,-94.08,0.0,-100.0,0.0,27.55
SOL-USDT-SWAP,1H,12H,0.001,0.03,0.025,148.0,0.0,-100.0,326,131,195,40.184,100.0,0.791,-5.455,1101,7.75,-94.77,0.0,-100.0,0.0,27.55
SOL-USDT-SWAP,1H,12H,0.001,0.03,0.03,148.0,0.0,-100.0,326,134,192,41.104,100.0,0.753,-5.455,1101,5.59,-96.22,0.0,-100.0,0.0,27.55
SOL-USDT-SWAP,1H,12H,0.002,0.004,0.005,148.0,0.063,-99.958,310,159,151,51.29,99.96,0.188,-5.452,1101,6.85,-95.37,0.06,-99.14,0.06,6.12
SOL-USDT-SWAP,1H,12H,0.002,0.004,0.008,148.0,0.307,-99.793,310,211,99,68.065,99.827,0.489,-5.443,1101,35.14,-76.25,0.29,-99.18,0.31,6.12
SOL-USDT-SWAP,1H,12H,0.002,0.004,0.01,148.0,0.534,-99.639,310,229,81,73.871,99.698,0.617,-5.435,1101,69.16,-53.27,0.5,-99.27,0.53,6.12
SOL-USDT-SWAP,1H,12H,0.002,0.004,0.015,148.0,17.925,-87.888,310,268,42,86.452,95.958,0.865,-4.794,1101,228.65,54.49,16.89,-92.61,17.93,6.12
SOL-USDT-SWAP,1H,12H,0.002,0.004,0.02,148.0,39.582,-73.255,310,280,30,90.323,92.272,0.901,-3.996,1101,236.94,60.1,37.3,-84.26,39.58,6.12
SOL-USDT-SWAP,1H,12H,0.002,0.004,0.025,148.0,100.044,-32.403,310,288,22,92.903,87.979,0.97,-1.767,1101,434.24,193.4,94.27,-78.29,100.04,6.12
SOL-USDT-SWAP,1H,12H,0.002,0.004,0.03,148.0,715.781,383.636,310,296,14,95.484,64.496,1.227,20.926,1101,527.09,256.14,674.5,27.97,715.78,6.12
SOL-USDT-SWAP,1H,12H,0.002,0.006,0.005,148.0,0.837,-99.435,310,155,155,50.0,99.497,0.418,-5.424,1101,16.96,-88.54,0.74,-95.61,0.84,12.49
SOL-USDT-SWAP,1H,12H,0.002,0.006,0.008,148.0,6.834,-95.382,310,204,106,65.806,97.904,0.829,-5.203,1101,121.94,-17.61,6.08,-95.02,6.83,12.49
SOL-USDT-SWAP,1H,12H,0.002,0.006,0.01,148.0,15.033,-89.843,310,222,88,71.613,96.681,0.909,-4.901,1101,230.37,55.66,13.36,-94.2,15.03,12.49
SOL-USDT-SWAP,1H,12H,0.002,0.006,0.015,148.0,357.517,141.566,310,257,53,82.903,84.57,1.032,7.722,1101,628.81,324.87,317.83,-49.46,357.52,12.49
SOL-USDT-SWAP,1H,12H,0.002,0.006,0.02,148.0,1334.811,801.899,310,270,40,87.097,70.066,1.097,43.74,1101,1050.84,610.03,1186.64,12.92,1334.81,12.49
SOL-USDT-SWAP,1H,12H,0.002,0.006,0.025,148.0,2970.843,1907.326,310,277,33,89.355,81.734,1.136,104.036,1101,2352.93,1489.82,2641.07,12.25,2970.84,12.49
SOL-USDT-SWAP,1H,12H,0.002,0.006,0.03,148.0,21161.794,14198.51,310,285,25,91.935,63.378,1.454,774.464,1101,2912.23,1867.72,19361.79,564.84,21161.79,9.3
SOL-USDT-SWAP,1H,12H,0.002,0.008,0.005,148.0,4.924,-96.673,310,146,164,47.097,97.039,0.656,-5.273,1101,41.14,-72.2,4.46,-89.17,4.92,10.5
SOL-USDT-SWAP,1H,12H,0.002,0.008,0.008,148.0,71.915,-51.409,310,194,116,62.581,92.406,0.976,-2.804,1101,390.74,164.01,65.08,-83.34,71.91,10.5
SOL-USDT-SWAP,1H,12H,0.002,0.008,0.01,148.0,185.532,25.36,310,212,98,68.387,89.635,1.005,1.383,1101,803.23,442.73,167.9,-79.1,185.53,10.5
SOL-USDT-SWAP,1H,12H,0.002,0.008,0.015,148.0,9978.133,6641.982,310,247,63,79.677,77.606,1.132,362.29,1101,3196.94,2060.09,9029.83,182.45,9978.13,10.5
SOL-USDT-SWAP,1H,12H,0.002,0.008,0.02,148.0,29327.797,19716.079,310,259,51,83.548,67.652,1.342,1075.422,1101,5469.57,3595.66,27775.86,407.83,29327.8,5.59
SOL-USDT-SWAP,1H,12H,0.002,0.008,0.025,148.0,55980.793,37724.86,310,266,44,85.806,55.436,1.516,2057.72,1101,12967.09,8661.55,54428.86,319.75,55980.79,2.85
SOL-USDT-SWAP,1H,12H,0.002,0.008,0.03,148.0,87346.675,58918.024,310,274,36,88.387,38.296,1.986,3213.71,1101,16542.74,11077.53,85794.74,418.62,87346.68,1.81
SOL-USDT-SWAP,1H,12H,0.002,0.01,0.005,148.0,9.348,-93.684,310,134,176,43.226,94.585,0.753,-5.11,1101,58.22,-60.66,8.15,-86.0,9.35,14.71
SOL-USDT-SWAP,1H,12H,0.002,0.01,0.008,148.0,95.722,-35.323,310,177,133,57.097,88.435,0.985,-1.927,1101,360.32,143.46,83.45,-76.84,95.72,14.71
SOL-USDT-SWAP,1H,12H,0.002,0.01,0.01,148.0,106.527,-28.022,310,190,120,61.29,92.194,0.992,-1.528,1101,553.77,274.17,92.87,-83.23,106.53,14.71
SOL-USDT-SWAP,1H,12H,0.002,0.01,0.015,148.0,3474.529,2247.655,310,224,86,72.258,87.256,1.059,122.599,1101,2717.09,1735.87,3028.94,11.48,3474.53,14.71
SOL-USDT-SWAP,1H,12H,0.002,0.01,0.02,148.0,7910.025,5244.612,310,235,75,75.806,78.089,1.1,286.07,1101,4311.63,2813.26,6895.61,59.93,7910.03,14.71
SOL-USDT-SWAP,1H,12H,0.002,0.01,0.025,148.0,23969.049,16095.303,310,241,69,77.742,80.367,1.181,877.926,1101,8569.33,5690.09,21817.11,154.6,23969.05,9.86
SOL-USDT-SWAP,1H,12H,0.002,0.01,0.03,148.0,50913.045,34300.706,310,247,63,79.677,65.672,1.363,1870.948,1101,9748.13,6486.57,48761.11,400.21,50913.04,4.41
SOL-USDT-SWAP,1H,12H,0.002,0.012,0.005,148.0,5.676,-96.165,310,118,192,38.065,96.831,0.74,-5.245,1101,59.09,-60.07,4.77,-91.93,5.68,19.0
SOL-USDT-SWAP,1H,12H,0.002,0.012,0.008,148.0,35.623,-75.93,310,157,153,50.645,94.423,0.954,-4.142,1101,277.49,87.49,29.94,-89.21,35.62,19.0
SOL-USDT-SWAP,1H,12H,0.002,0.012,0.01,148.0,35.636,-75.921,310,170,140,54.839,96.622,0.97,-4.141,1101,411.28,177.89,29.95,-92.72,35.64,19.0
SOL-USDT-SWAP,1H,12H,0.002,0.012,0.015,148.0,1039.31,602.236,310,202,108,65.161,90.972,1.027,32.849,1101,2377.88,1506.68,873.38,-63.27,1039.31,19.0
SOL-USDT-SWAP,1H,12H,0.002,0.012,0.02,148.0,2767.622,1770.015,310,213,97,68.71,90.101,1.046,96.546,1101,4668.61,3054.47,2325.75,-50.18,2767.62,19.0
SOL-USDT-SWAP,1H,12H,0.002,0.012,0.025,148.0,4059.718,2643.052,310,219,91,70.645,93.583,1.039,144.166,1101,8582.77,5699.17,3411.56,-60.25,4059.72,19.0
SOL-USDT-SWAP,1H,12H,0.002,0.012,0.03,148.0,25213.255,16935.983,310,225,85,72.581,87.857,1.159,923.781,1101,12430.65,8299.09,22461.32,80.69,25213.25,12.25
SOL-USDT-SWAP,1H,12H,0.002,0.015,0.005,148.0,1.508,-98.981,310,98,212,31.613,99.311,0.8,-5.399,1101,87.93,-40.59,1.47,-98.33,1.51,2.75
SOL-USDT-SWAP,1H,12H,0.002,0.015,0.008,148.0,4.437,-97.002,310,132,178,42.581,99.436,0.953,-5.291,1101,380.54,157.12,4.46,-98.83,4.44,-0.58
SOL-USDT-SWAP,1H,12H,0.002,0.015,0.01,148.0,3.778,-97.447,310,145,165,46.774,99.65,0.965,-5.315,1101,457.64,209.22,3.89,-99.15,3.78,-2.8
SOL-USDT-SWAP,1H,12H,0.002,0.015,0.015,148.0,71.141,-51.932,310,174,136,56.129,99.082,0.997,-2.833,1101,2328.18,1473.1,65.45,-97.19,71.14,8.7
SOL-USDT-SWAP,1H,12H,0.002,0.015,0.02,148.0,212.141,43.338,310,185,125,59.677,98.801,1.001,2.364,1101,4826.97,3161.47,195.17,-95.96,212.14,8.7
SOL-USDT-SWAP,1H,12H,0.002,0.015,0.025,148.0,58.429,-60.521,310,189,121,60.968,99.718,0.998,-3.301,1101,5069.53,3325.36,53.75,-98.94,58.43,8.7
SOL-USDT-SWAP,1H,12H,0.002,0.015,0.03,148.0,85.996,-41.895,310,194,116,62.581,99.819,0.999,-2.285,1101,5301.82,3482.31,79.12,-98.51,86.0,8.7
SOL-USDT-SWAP,1H,12H,0.002,0.02,0.005,148.0,1.78,-98.797,310,86,224,27.742,99.229,0.809,-5.389,1101,70.01,-52.7,1.66,-97.63,1.78,7.3
SOL-USDT-SWAP,1H,12H,0.002,0.02,0.008,148.0,2.288,-98.454,310,114,196,36.774,99.614,0.937,-5.37,1101,242.76,64.03,2.2,-99.09,2.29,3.83
SOL-USDT-SWAP,1H,12H,0.002,0.02,0.01,148.0,1.724,-98.835,310,126,184,40.645,99.829,0.96,-5.391,1101,388.11,162.23,1.7,-99.56,1.72,1.52
SOL-USDT-SWAP,1H,12H,0.002,0.02,0.015,148.0,11.298,-92.366,310,151,159,48.71,99.825,0.993,-5.038,1101,1623.39,996.89,9.95,-99.39,11.3,13.52
SOL-USDT-SWAP,1H,12H,0.002,0.02,0.02,148.0,22.256,-84.962,310,162,148,52.258,99.863,0.997,-4.634,1101,4381.03,2860.16,19.61,-99.55,22.26,13.52
SOL-USDT-SWAP,1H,12H,0.002,0.02,0.025,148.0,3.291,-97.776,310,165,145,53.226,99.98,0.996,-5.333,1101,2894.28,1855.59,2.9,-99.9,3.29,13.52
SOL-USDT-SWAP,1H,12H,0.002,0.02,0.03,148.0,2.516,-98.3,310,169,141,54.516,99.987,0.996,-5.362,1101,2552.78,1624.85,2.22,-99.91,2.52,13.52
SOL-USDT-SWAP,1H,12H,0.002,0.03,0.005,148.0,0.005,-99.996,310,58,252,18.71,99.997,0.466,-5.454,1101,7.68,-94.81,0.0,-99.94,0.01,16.42
SOL-USDT-SWAP,1H,12H,0.002,0.03,0.008,148.0,0.004,-99.997,310,84,226,27.097,99.998,0.633,-5.454,1101,13.14,-91.12,0.0,-99.97,0.0,12.65
SOL-USDT-SWAP,1H,12H,0.002,0.03,0.01,148.0,0.001,-99.999,310,93,217,30.0,100.0,0.638,-5.455,1101,10.61,-92.83,0.0,-99.99,0.0,10.14
SOL-USDT-SWAP,1H,12H,0.002,0.03,0.015,148.0,0.0,-100.0,310,112,198,36.129,100.0,0.713,-5.455,1101,13.92,-90.6,0.0,-100.0,0.0,23.16
SOL-USDT-SWAP,1H,12H,0.002,0.03,0.02,148.0,0.0,-100.0,310,123,187,39.677,100.0,0.89,-5.455,1101,36.41,-75.4,0.0,-100.0,0.0,23.16
SOL-USDT-SWAP,1H,12H,0.002,0.03,0.025,148.0,0.0,-100.0,310,127,183,40.968,100.0,0.883,-5.455,1101,30.86,-79.15,0.0,-100.0,0.0,23.16
SOL-USDT-SWAP,1H,12H,0.002,0.03,0.03,148.0,0.0,-100.0,310,130,180,41.935,100.0,0.858,-5.455,1101,21.98,-85.15,0.0,-100.0,0.0,23.16
SOL-USDT-SWAP,1H,12H,0.003,0.004,0.005,148.0,0.052,-99.965,297,147,150,49.495,99.966,0.273,-5.453,1101,11.04,-92.54,0.05,-99.51,0.05,-3.24
SOL-USDT-SWAP,1H,12H,0.003,0.004,0.008,148.0,0.205,-99.862,297,197,100,66.33,99.87,0.48,-5.447,1101,36.9,-75.07,0.22,-99.41,0.2,-6.36
SOL-USDT-SWAP,1H,12H,0.003,0.004,0.01,148.0,0.879,-99.406,297,222,75,74.747,99.44,0.59,-5.422,1101,64.07,-56.71,0.96,-98.5,0.88,-8.44
SOL-USDT-SWAP,1H,12H,0.003,0.004,0.015,148.0,9.462,-93.607,297,254,43,85.522,97.722,0.849,-5.106,1101,263.18,77.83,8.92,-96.61,9.46,6.12
SOL-USDT-SWAP,1H,12H,0.003,0.004,0.02,148.0,26.634,-82.004,297,267,30,89.899,95.792,0.881,-4.473,1101,291.33,96.84,25.1,-91.39,26.63,6.12
SOL-USDT-SWAP,1H,12H,0.003,0.004,0.025,148.0,64.687,-56.293,297,275,22,92.593,92.931,0.953,-3.071,1101,570.63,285.56,60.96,-89.32,64.69,6.12
SOL-USDT-SWAP,1H,12H,0.003,0.004,0.03,148.0,237.047,60.167,297,281,16,94.613,77.353,1.045,3.282,1101,495.14,234.55,223.37,-54.89,237.05,6.12
SOL-USDT-SWAP,1H,12H,0.003,0.006,0.005,148.0,0.522,-99.647,297,141,156,47.475,99.7,0.53,-5.435,1101,27.14,-81.66,0.52,-98.09,0.52,0.59
SOL-USDT-SWAP,1H,12H,0.003,0.006,0.008,148.0,3.643,-97.538,297,189,108,63.636,98.617,0.813,-5.32,1101,118.3,-20.07,3.74,-96.84,3.64,-2.66
SOL-USDT-SWAP,1H,12H,0.003,0.006,0.01,148.0,18.128,-87.751,297,212,85,71.38,95.044,0.899,-4.786,1101,193.41,30.68,19.05,-90.15,18.13,-4.82
SOL-USDT-SWAP,1H,12H,0.003,0.006,0.015,148.0,180.864,22.205,297,242,55,81.481,89.29,1.005,1.211,1101,841.0,468.24,161.25,-80.83,180.86,12.16
SOL-USDT-SWAP,1H,12H,0.003,0.006,0.02,148.0,587.637,297.052,297,254,43,85.522,77.775,1.069,16.203,1101,790.03,433.81,523.92,-33.68,587.64,12.16
SOL-USDT-SWAP,1H,12H,0.003,0.006,0.025,148.0,1003.538,578.066,297,261,36,87.879,80.72,1.061,31.531,1101,2048.28,1283.97,894.72,-56.32,1003.54,12.16
SOL-USDT-SWAP,1H,12H,0.003,0.006,0.03,148.0,3757.862,2439.096,297,267,30,89.899,64.177,1.224,133.042,1101,1655.07,1018.29,3350.39,102.43,3757.86,12.16
SOL-USDT-SWAP,1H,12H,0.003,0.008,0.005,148.0,3.492,-97.641,297,135,162,45.455,98.314,0.736,-5.326,1101,56.65,-61.72,3.57,-93.71,3.49,-2.07
SOL-USDT-SWAP,1H,12H,0.003,0.008,0.008,148.0,55.516,-62.489,297,183,114,61.616,92.899,0.969,-3.408,1101,414.26,179.91,58.58,-85.86,55.52,-5.23
SOL-USDT-SWAP,1H,12H,0.003,0.008,0.01,148.0,221.562,49.704,297,203,94,68.35,81.381,1.014,2.711,1101,517.91,249.94,239.1,-53.83,221.56,-7.33
SOL-USDT-SWAP,1H,12H,0.003,0.008,0.015,148.0,8629.807,5730.951,297,236,61,79.461,77.199,1.117,312.597,1101,3237.53,2087.52,7753.27,139.48,8629.81,11.31
SOL-USDT-SWAP,1H,12H,0.003,0.008,0.02,148.0,22894.387,15369.18,297,247,50,83.165,70.889,1.341,838.319,1101,3795.37,2464.44,21238.0,459.58,22894.39,7.8
SOL-USDT-SWAP,1H,12H,0.003,0.008,0.025,148.0,41378.321,27858.325,297,254,43,85.522,63.987,1.375,1519.545,1101,10619.69,7075.47,39721.93,274.04,41378.32,4.17
SOL-USDT-SWAP,1H,12H,0.003,0.008,0.03,148.0,62739.399,42291.486,297,260,37,87.542,44.298,1.645,2306.808,1101,8581.01,5697.98,61083.01,611.84,62739.4,2.71
SOL-USDT-SWAP,1H,12H,0.003,0.01,0.005,148.0,6.751,-95.438,297,124,173,41.751,97.432,0.805,-5.206,1101,81.28,-45.08,6.77,-91.68,6.75,-0.22
SOL-USDT-SWAP,1H,12H,0.003,0.01,0.008,148.0,155.398,4.999,297,170,127,57.239,90.782,1.001,0.273,1101,780.43,427.31,160.93,-79.38,155.4,-3.44
SOL-USDT-SWAP,1H,12H,0.003,0.01,0.01,148.0,493.577,233.498,297,189,108,63.636,84.961,1.032,12.736,1101,883.26,496.8,522.77,-40.81,493.58,-5.58
SOL-USDT-SWAP,1H,12H,0.003,0.01,0.015,148.0,18979.453,12723.954,297,219,78,73.737,67.429,1.151,694.034,1101,7688.28,5094.78,18018.13,134.36,18979.45,5.34
SOL-USDT-SWAP,1H,12H,0.003,0.01,0.02,148.0,29125.497,19579.39,297,230,67,77.441,82.34,1.284,1067.967,1101,8106.22,5377.18,28164.18,247.44,29125.5,3.41
SOL-USDT-SWAP,1H,12H,0.003,0.01,0.025,148.0,58128.052,39175.711,297,237,60,79.798,46.49,1.39,2136.857,1101,29444.89,19795.19,57166.73,94.15,58128.05,1.68
SOL-USDT-SWAP,1H,12H,0.003,0.01,0.03,148.0,74083.392,49956.346,297,242,55,81.481,43.157,1.531,2724.892,1101,27780.33,18670.49,73122.07,163.22,74083.39,1.31
SOL-USDT-SWAP,1H,12H,0.003,0.012,0.005,148.0,3.94,-97.338,297,109,188,36.7,97.857,0.755,-5.309,1101,54.26,-63.34,3.88,-92.85,3.94,1.63
SOL-USDT-SWAP,1H,12H,0.003,0.012,0.008,148.0,16.181,-89.067,297,144,153,48.485,96.126,0.916,-4.858,1101,175.66,18.69,16.45,-90.63,16.18,-1.65
SOL-USDT-SWAP,1H,12H,0.003,0.012,0.01,148.0,41.6,-71.892,297,163,134,54.882,90.018,0.944,-3.921,1101,186.19,25.8,43.26,-76.77,41.6,-3.84
SOL-USDT-SWAP,1H,12H,0.003,0.012,0.015,148.0,2194.049,1382.465,297,197,100,66.33,89.567,1.032,75.407,1101,5085.62,3336.23,2026.71,-60.15,2194.05,8.26
SOL-USDT-SWAP,1H,12H,0.003,0.012,0.02,148.0,3235.985,2086.477,297,206,91,69.36,86.293,1.074,113.808,1101,4511.99,2948.64,2989.19,-33.75,3235.99,8.26
SOL-USDT-SWAP,1H,12H,0.003,0.012,0.025,148.0,14450.44,9663.811,297,213,84,71.717,79.994,1.09,527.117,1101,17673.65,11841.65,13348.34,-24.47,14450.44,8.26
SOL-USDT-SWAP,1H,12H,0.003,0.012,0.03,148.0,28278.208,19006.897,297,217,80,73.064,81.032,1.172,1036.74,1101,18716.45,12546.25,27016.89,44.35,28278.21,4.67
SOL-USDT-SWAP,1H,12H,0.003,0.015,0.005,148.0,1.003,-99.322,297,90,207,30.303,99.55,0.799,-5.418,1101,89.57,-39.48,0.96,-98.92,1.0,4.12
SOL-USDT-SWAP,1H,12H,0.003,0.015,0.008,148.0,2.255,-98.476,297,121,176,40.741,99.7,0.932,-5.371,1101,320.16,116.32,2.24,-99.3,2.26,0.76
SOL-USDT-SWAP,1H,12H,0.003,0.015,0.01,148.0,7.223,-95.12,297,140,157,47.138,99.227,0.948,-5.188,1101,342.93,131.71,7.33,-97.86,7.22,-1.48
SOL-USDT-SWAP,1H,12H,0.003,0.015,0.015,148.0,383.876,159.376,297,172,125,57.912,98.644,1.003,8.693,1101,14454.44,9666.51,346.1,-97.61,383.88,10.91
SOL-USDT-SWAP,1H,12H,0.003,0.015,0.02,148.0,455.283,207.623,297,181,116,60.943,98.69,1.005,11.325,1101,12472.1,8327.09,410.48,-96.71,455.28,10.91
SOL-USDT-SWAP,1H,12H,0.003,0.015,0.025,148.0,1450.944,880.368,297,187,110,62.963,97.662,1.007,48.02,1101,29872.22,20083.93,1308.17,-95.62,1450.94,10.91
SOL-USDT-SWAP,1H,12H,0.003,0.015,0.03,148.0,2914.528,1869.276,297,190,107,63.973,96.808,1.015,101.961,1101,29723.08,19983.16,2627.75,-91.16,2914.53,10.91
SOL-USDT-SWAP,1H,12H,0.003,0.02,0.005,148.0,0.395,-99.733,297,74,223,24.916,99.85,0.79,-5.44,1101,52.49,-64.54,0.36,-99.31,0.4,8.74
SOL-USDT-SWAP,1H,12H,0.003,0.02,0.008,148.0,1.104,-99.254,297,103,194,34.68,99.827,0.925,-5.414,1101,223.13,50.76,1.05,-99.53,1.1,5.23
SOL-USDT-SWAP,1H,12H,0.003,0.02,0.01,148.0,1.068,-99.278,297,117,180,39.394,99.822,0.925,-5.415,1101,172.77,16.74,1.04,-99.4,1.07,2.9
SOL-USDT-SWAP,1H,12H,0.003,0.02,0.015,148.0,9.159,-93.812,297,145,152,48.822,99.888,0.994,-5.117,1101,2700.27,1724.5,7.91,-99.71,9.16,15.83
SOL-USDT-SWAP,1H,12H,0.003,0.02,0.02,148.0,6.018,-95.934,297,154,143,51.852,99.966,0.995,-5.233,1101,2689.8,1717.43,5.2,-99.81,6.02,15.83
SOL-USDT-SWAP,1H,12H,0.003,0.02,0.025,148.0,1.727,-98.833,297,158,139,53.199,99.991,0.996,-5.391,1101,3345.84,2160.71,1.49,-99.96,1.73,15.83
SOL-USDT-SWAP,1H,12H,0.003,0.02,0.03,148.0,1.167,-99.212,297,160,137,53.872,99.994,0.996,-5.412,1101,2665.32,1700.89,1.01,-99.96,1.17,15.83
SOL-USDT-SWAP,1H,12H,0.003,0.03,0.005,148.0,0.005,-99.997,297,52,245,17.508,99.997,0.551,-5.454,1101,16.61,-88.78,0.0,-99.97,0.0,17.98
SOL-USDT-SWAP,1H,12H,0.003,0.03,0.008,148.0,0.006,-99.996,297,78,219,26.263,99.997,0.76,-5.454,1101,43.24,-70.79,0.01,-99.99,0.01,14.17
SOL-USDT-SWAP,1H,12H,0.003,0.03,0.01,148.0,0.001,-99.999,297,88,209,29.63,100.0,0.699,-5.455,1101,23.31,-84.25,0.0,-100.0,0.0,11.64
SOL-USDT-SWAP,1H,12H,0.003,0.03,0.015,148.0,0.001,-99.999,297,112,185,37.71,100.0,0.88,-5.455,1101,95.2,-35.67,0.0,-100.0,0.0,25.68
SOL-USDT-SWAP,1H,12H,0.003,0.03,0.02,148.0,0.0,-100.0,297,121,176,40.741,100.0,0.935,-5.455,1101,127.34,-13.96,0.0,-100.0,0.0,25.68
SOL-USDT-SWAP,1H,12H,0.003,0.03,0.025,148.0,0.0,-100.0,297,125,172,42.088,100.0,0.925,-5.455,1101,119.85,-19.02,0.0,-100.0,0.0,25.68
SOL-USDT-SWAP,1H,12H,0.003,0.03,0.03,148.0,0.0,-100.0,297,129,168,43.434,100.0,0.899,-5.455,1101,67.02,-54.71,0.0,-100.0,0.0,25.68
SOL-USDT-SWAP,1H,12H,0.004,0.004,0.005,148.0,0.079,-99.946,287,144,143,50.174,99.949,0.37,-5.452,1101,20.14,-86.4,0.08,-99.59,0.08,-3.24
SOL-USDT-SWAP,1H,12H,0.004,0.004,0.008,148.0,0.487,-99.671,287,196,91,68.293,99.694,0.57,-5.437,1101,60.09,-59.4,0.52,-99.13,0.49,-6.36
SOL-USDT-SWAP,1H,12H,0.004,0.004,0.01,148.0,3.936,-97.34,287,224,63,78.049,97.494,0.645,-5.309,1101,86.9,-41.29,4.3,-95.05,3.94,-8.44
SOL-USDT-SWAP,1H,12H,0.004,0.004,0.015,148.0,13.9,-90.608,287,248,39,86.411,96.648,0.851,-4.942,1101,252.55,70.64,13.1,-94.81,13.9,6.12
SOL-USDT-SWAP,1H,12H,0.004,0.004,0.02,148.0,44.825,-69.713,287,261,26,90.941,92.907,0.903,-3.803,1101,365.58,147.01,42.24,-88.45,44.83,6.12
SOL-USDT-SWAP,1H,12H,0.004,0.004,0.025,148.0,173.671,17.345,287,270,17,94.077,80.966,1.014,0.946,1101,547.58,269.98,163.65,-70.11,173.67,6.12
SOL-USDT-SWAP,1H,12H,0.004,0.004,0.03,148.0,281.286,90.058,287,274,13,95.47,75.206,1.072,4.912,1101,475.14,221.04,265.06,-44.21,281.29,6.12
SOL-USDT-SWAP,1H,12H,0.004,0.006,0.005,148.0,0.764,-99.484,287,138,149,48.084,99.563,0.641,-5.426,1101,52.08,-64.81,0.76,-98.54,0.76,0.59
SOL-USDT-SWAP,1H,12H,0.004,0.006,0.008,148.0,8.238,-94.434,287,187,100,65.157,97.811,0.873,-5.151,1101,221.73,49.82,8.46,-96.18,8.24,-2.66
SOL-USDT-SWAP,1H,12H,0.004,0.006,0.01,148.0,91.26,-38.338,287,214,73,74.564,83.921,0.973,-2.091,1101,374.61,153.11,95.88,-74.41,91.26,-4.82
SOL-USDT-SWAP,1H,12H,0.004,0.006,0.015,148.0,478.827,223.532,287,239,48,83.275,83.131,1.036,12.193,1101,1322.07,793.29,426.91,-67.71,478.83,12.16
SOL-USDT-SWAP,1H,12H,0.004,0.006,0.02,148.0,1157.084,681.813,287,251,36,87.456,80.064,1.12,37.19,1101,1515.56,924.03,1031.62,-31.93,1157.08,12.16
SOL-USDT-SWAP,1H,12H,0.004,0.006,0.025,148.0,3809.567,2474.032,287,259,28,90.244,64.476,1.158,134.947,1101,3149.67,2028.15,3396.49,7.84,3809.57,12.16
SOL-USDT-SWAP,1H,12H,0.004,0.006,0.03,148.0,6163.646,4064.626,287,263,24,91.638,70.615,1.242,221.707,1101,2732.98,1746.61,5495.31,101.07,6163.65,12.16
SOL-USDT-SWAP,1H,12H,0.004,0.008,0.005,148.0,4.429,-97.008,287,131,156,45.645,98.782,0.816,-5.291,1101,110.11,-25.6,4.24,-96.15,4.43,4.49
SOL-USDT-SWAP,1H,12H,0.004,0.008,0.008,148.0,73.708,-50.198,287,178,109,62.021,92.152,0.977,-2.738,1101,460.13,210.9,72.89,-84.16,73.71,1.12
SOL-USDT-SWAP,1H,12H,0.004,0.008,0.01,148.0,444.218,200.147,287,199,88,69.338,79.362,1.049,10.917,1101,658.85,345.17,449.26,-31.81,444.22,-1.12
SOL-USDT-SWAP,1H,12H,0.004,0.008,0.015,148.0,3120.415,2008.389,287,225,62,78.397,79.14,1.082,109.548,1101,2680.94,1711.44,2627.4,-2.0,3120.42,18.76
SOL-USDT-SWAP,1H,12H,0.004,0.008,0.02,148.0,10066.163,6701.461,287,237,50,82.578,81.433,1.242,365.534,1101,4558.59,2980.13,8475.73,85.93,10066.16,18.76
SOL-USDT-SWAP,1H,12H,0.004,0.008,0.025,148.0,32601.416,21927.984,287,244,43,85.017,68.479,1.341,1196.072,1101,9385.92,6241.84,29946.42,219.06,32601.42,8.87
SOL-USDT-SWAP,1H,12H,0.004,0.008,0.03,148.0,41266.058,27782.471,287,248,39,86.411,66.583,1.427,1515.408,1101,7584.09,5024.38,38611.06,409.11,41266.06,6.88
SOL-USDT-SWAP,1H,12H,0.004,0.01,0.005,148.0,9.753,-93.41,287,121,166,42.16,97.965,0.878,-5.095,1101,151.91,2.64,9.68,-93.63,9.75,0.78
SOL-USDT-SWAP,1H,12H,0.004,0.01,0.008,148.0,232.287,56.951,287,167,120,58.188,84.93,1.012,3.106,1101,637.93,331.04,238.18,-62.66,232.29,-2.47
SOL-USDT-SWAP,1H,12H,0.004,0.01,0.01,148.0,1234.868,734.37,287,186,101,64.808,83.639,1.07,40.057,1101,862.02,482.45,1294.95,50.22,1234.87,-4.64
SOL-USDT-SWAP,1H,12H,0.004,0.01,0.015,148.0,16727.452,11202.333,287,212,75,73.868,65.925,1.182,611.036,1101,4788.66,3135.58,14368.9,200.06,16727.45,16.41
SOL-USDT-SWAP,1H,12H,0.004,0.01,0.02,148.0,32816.246,22073.139,287,224,63,78.049,75.972,1.39,1203.989,1101,7217.9,4776.96,30410.7,321.32,32816.25,7.91
SOL-USDT-SWAP,1H,12H,0.004,0.01,0.025,148.0,73123.319,49307.648,287,232,55,80.836,29.122,1.556,2689.508,1101,20820.46,13967.88,70717.77,239.66,73123.32,3.4
SOL-USDT-SWAP,1H,12H,0.004,0.01,0.03,148.0,83568.804,56365.408,287,236,51,82.23,33.664,1.661,3074.477,1101,20031.68,13434.92,81163.26,305.17,83568.8,2.96
SOL-USDT-SWAP,1H,12H,0.004,0.012,0.005,148.0,10.93,-92.615,287,110,177,38.328,97.471,0.886,-5.052,1101,148.55,0.37,10.65,-92.83,10.93,2.64
SOL-USDT-SWAP,1H,12H,0.004,0.012,0.008,148.0,74.124,-49.916,287,148,139,51.568,91.034,0.977,-2.723,1101,304.62,105.83,74.62,-75.5,74.12,-0.67
SOL-USDT-SWAP,1H,12H,0.004,0.012,0.01,148.0,358.218,142.039,287,167,120,58.188,85.258,1.035,7.748,1101,416.72,181.57,368.82,-11.5,358.22,-2.87
SOL-USDT-SWAP,1H,12H,0.004,0.012,0.015,148.0,4927.804,3229.597,287,194,93,67.596,82.749,1.068,176.16,1101,3862.31,2509.67,4462.07,15.53,4927.8,10.44
SOL-USDT-SWAP,1H,12H,0.004,0.012,0.02,148.0,5938.743,3912.664,287,204,83,71.08,82.284,1.107,213.418,1101,4704.82,3078.93,5377.47,14.3,5938.74,10.44
SOL-USDT-SWAP,1H,12H,0.004,0.012,0.025,148.0,28186.286,18944.788,287,211,76,73.519,78.543,1.195,1033.352,1101,11596.14,7735.23,26626.66,129.62,28186.29,5.86
SOL-USDT-SWAP,1H,12H,0.004,0.012,0.03,148.0,34256.806,23046.49,287,214,73,74.564,79.851,1.226,1257.081,1101,11289.74,7528.2,32697.18,189.62,34256.81,4.77
SOL-USDT-SWAP,1H,12H,0.004,0.015,0.005,148.0,3.665,-97.524,287,92,195,32.056,99.119,0.889,-5.319,1101,165.53,11.85,3.49,-97.89,3.67,5.16
SOL-USDT-SWAP,1H,12H,0.004,0.015,0.008,148.0,10.01,-93.236,287,125,162,43.554,98.823,0.95,-5.086,1101,305.71,106.56,9.84,-96.78,10.01,1.77
SOL-USDT-SWAP,1H,12H,0.004,0.015,0.01,148.0,37.304,-74.795,287,143,144,49.826,96.034,0.96,-4.08,1101,258.69,74.79,37.49,-85.51,37.3,-0.49
SOL-USDT-SWAP,1H,12H,0.004,0.015,0.015,148.0,882.781,496.474,287,172,115,59.93,93.048,1.015,27.08,1101,5400.91,3549.26,780.2,-85.55,882.78,13.15
SOL-USDT-SWAP,1H,12H,0.004,0.015,0.02,148.0,639.415,332.037,287,181,106,63.066,96.487,1.011,18.111,1101,6128.65,4040.98,565.11,-90.78,639.41,13.15
SOL-USDT-SWAP,1H,12H,0.004,0.015,0.025,148.0,510.172,244.711,287,186,101,64.808,98.263,1.005,13.348,1101,9623.83,6402.59,450.89,-95.31,510.17,13.15
SOL-USDT-SWAP,1H,12H,0.004,0.015,0.03,148.0,804.097,443.309,287,189,98,65.854,98.4,1.006,24.18,1101,12507.72,8351.16,710.66,-94.32,804.1,13.15
SOL-USDT-SWAP,1H,12H,0.004,0.02,0.005,148.0,0.689,-99.535,287,73,214,25.436,99.731,0.829,-5.429,1101,91.54,-38.15,0.63,-99.31,0.69,9.83
SOL-USDT-SWAP,1H,12H,0.004,0.02,0.008,148.0,0.891,-99.398,287,101,186,35.192,99.792,0.887,-5.422,1101,119.68,-19.13,0.84,-99.3,0.89,6.29
SOL-USDT-SWAP,1H,12H,0.004,0.02,0.01,148.0,1.971,-98.668,287,117,170,40.767,99.751,0.923,-5.382,1101,155.95,5.37,1.9,-98.78,1.97,3.93
SOL-USDT-SWAP,1H,12H,0.004,0.02,0.015,148.0,8.836,-94.03,287,141,146,49.129,99.855,0.992,-5.129,1101,1830.55,1136.86,7.48,-99.59,8.84,18.17
SOL-USDT-SWAP,1H,12H,0.004,0.02,0.02,148.0,4.625,-96.875,287,151,136,52.613,99.966,0.992,-5.284,1101,1829.74,1136.31,3.91,-99.79,4.62,18.17
SOL-USDT-SWAP,1H,12H,0.004,0.02,0.025,148.0,1.706,-98.847,287,155,132,54.007,99.988,0.994,-5.392,1101,1825.75,1133.61,1.44,-99.92,1.71,18.17
SOL-USDT-SWAP,1H,12H,0.004,0.02,0.03,148.0,0.732,-99.505,287,157,130,54.704,99.995,0.994,-5.428,1101,1683.25,1037.33,0.62,-99.96,0.73,18.17
SOL-USDT-SWAP,1H,12H,0.004,0.03,0.005,148.0,0.061,-99.958,287,58,229,20.209,99.968,0.66,-5.452,1101,36.8,-75.14,0.05,-99.86,0.06,19.16
SOL-USDT-SWAP,1H,12H,0.004,0.03,0.008,148.0,0.012,-99.992,287,79,208,27.526,99.995,0.702,-5.454,1101,32.38,-78.12,0.01,-99.97,0.01,15.32
SOL-USDT-SWAP,1H,12H,0.004,0.03,0.01,148.0,0.005,-99.996,287,91,196,31.707,99.998,0.718,-5.454,1101,25.13,-83.02,0.0,-99.98,0.01,12.75
SOL-USDT-SWAP,1H,12H,0.004,0.03,0.015,148.0,0.007,-99.996,287,114,173,39.721,99.999,0.937,-5.454,1101,187.49,26.68,0.01,-100.0,0.01,28.21
SOL-USDT-SWAP,1H,12H,0.004,0.03,0.02,148.0,0.0,-100.0,287,122,165,42.509,100.0,0.927,-5.455,1101,171.52,15.89,0.0,-100.0,0.0,28.21
SOL-USDT-SWAP,1H,12H,0.004,0.03,0.025,148.0,0.0,-100.0,287,125,162,43.554,100.0,0.915,-5.455,1101,105.89,-28.45,0.0,-100.0,0.0,28.21
SOL-USDT-SWAP,1H,12H,0.004,0.03,0.03,148.0,0.0,-100.0,287,129,158,44.948,100.0,0.889,-5.455,1101,63.67,-56.98,0.0,-100.0,0.0,28.21
SOL-USDT-SWAP,1H,12H,0.005,0.004,0.005,148.0,0.224,-99.848,272,143,129,52.574,99.858,0.403,-5.446,1101,37.55,-74.63,0.23,-99.38,0.22,-3.24
SOL-USDT-SWAP,1H,12H,0.005,0.004,0.008,148.0,0.939,-99.365,272,188,84,69.118,99.402,0.558,-5.42,1101,77.9,-47.37,1.0,-98.71,0.94,-6.36
SOL-USDT-SWAP,1H,12H,0.005,0.004,0.01,148.0,4.049,-97.264,272,210,62,77.206,97.747,0.681,-5.305,1101,120.51,-18.57,4.42,-96.33,4.05,-8.44
SOL-USDT-SWAP,1H,12H,0.005,0.004,0.015,148.0,4.912,-96.681,272,228,44,83.824,98.398,0.765,-5.274,1101,183.02,23.66,4.63,-97.47,4.91,6.12
SOL-USDT-SWAP,1H,12H,0.005,0.004,0.02,148.0,11.479,-92.244,272,240,32,88.235,97.995,0.834,-5.031,1101,324.62,119.34,10.82,-96.67,11.48,6.12
SOL-USDT-SWAP,1H,12H,0.005,0.004,0.025,148.0,138.924,-6.132,272,253,19,93.015,83.19,0.994,-0.334,1101,486.23,228.54,130.91,-73.08,138.92,6.12
SOL-USDT-SWAP,1H,12H,0.005,0.004,0.03,148.0,132.149,-10.71,272,255,17,93.75,85.094,0.989,-0.584,1101,421.91,185.07,124.53,-70.48,132.15,6.12
SOL-USDT-SWAP,1H,12H,0.005,0.006,0.005,148.0,1.787,-98.793,272,136,136,50.0,99.146,0.694,-5.389,1101,93.53,-36.8,1.78,-98.1,1.79,0.59
SOL-USDT-SWAP,1H,12H,0.005,0.006,0.008,148.0,15.072,-89.816,272,181,91,66.544,95.956,0.874,-4.899,1101,243.13,64.28,15.48,-93.63,15.07,-2.66
SOL-USDT-SWAP,1H,12H,0.005,0.006,0.01,148.0,95.631,-35.385,272,203,69,74.632,84.444,0.977,-1.93,1101,434.22,193.39,100.47,-76.86,95.63,-4.82
SOL-USDT-SWAP,1H,12H,0.005,0.006,0.015,148.0,130.109,-12.089,272,221,51,81.25,88.182,0.995,-0.659,1101,698.69,372.09,115.67,-83.45,130.11,12.49
SOL-USDT-SWAP,1H,12H,0.005,0.006,0.02,148.0,299.133,102.117,272,233,39,85.662,89.672,1.029,5.57,1101,1258.44,750.3,265.93,-78.87,299.13,12.49
SOL-USDT-SWAP,1H,12H,0.005,0.006,0.025,148.0,1670.285,1028.571,272,243,29,89.338,68.632,1.122,56.104,1101,1833.5,1138.85,1484.88,-19.01,1670.28,12.49
SOL-USDT-SWAP,1H,12H,0.005,0.006,0.03,148.0,1585.869,971.533,272,245,27,90.074,74.729,1.126,52.993,1101,1481.52,901.03,1409.83,-4.84,1585.87,12.49
SOL-USDT-SWAP,1H,12H,0.005,0.008,0.005,148.0,8.49,-94.264,272,129,143,47.426,97.98,0.851,-5.142,1101,196.59,32.83,8.12,-95.87,8.49,4.49
SOL-USDT-SWAP,1H,12H,0.005,0.008,0.008,148.0,60.583,-59.065,272,169,103,62.132,92.771,0.967,-3.222,1101,538.82,264.06,59.91,-88.88,60.58,1.12
SOL-USDT-SWAP,1H,12H,0.005,0.008,0.01,148.0,315.717,113.322,272,188,84,69.118,82.205,1.025,6.181,1101,1008.25,581.25,319.3,-68.33,315.72,-1.12
SOL-USDT-SWAP,1H,12H,0.005,0.008,0.015,148.0,485.92,228.324,272,206,66,75.735,85.376,1.03,12.454,1101,1656.44,1019.22,409.15,-75.3,485.92,18.76
SOL-USDT-SWAP,1H,12H,0.005,0.008,0.02,148.0,840.031,467.589,272,217,55,79.779,88.746,1.055,25.505,1101,2481.62,1576.77,707.31,-71.5,840.03,18.76
SOL-USDT-SWAP,1H,12H,0.005,0.008,0.025,148.0,4364.614,2849.064,272,226,46,83.088,77.445,1.111,155.403,1101,5426.14,3566.31,3675.02,-32.27,4364.61,18.76
SOL-USDT-SWAP,1H,12H,0.005,0.008,0.03,148.0,3476.405,2248.923,272,228,44,83.824,81.019,1.105,122.669,1101,4384.48,2862.48,2927.14,-33.24,3476.41,18.76
SOL-USDT-SWAP,1H,12H,0.005,0.01,0.005,148.0,33.146,-77.604,272,123,149,45.221,95.768,0.942,-4.233,1101,379.91,156.7,32.57,-91.43,33.15,1.78
SOL-USDT-SWAP,1H,12H,0.005,0.01,0.008,148.0,228.206,54.193,272,160,112,58.824,83.103,1.013,2.956,1101,871.29,488.71,231.7,-73.41,228.21,-1.51
SOL-USDT-SWAP,1H,12H,0.005,0.01,0.01,148.0,2095.883,1316.137,272,180,92,66.176,81.787,1.078,71.789,1101,1666.57,1026.06,2176.33,30.59,2095.88,-3.7
SOL-USDT-SWAP,1H,12H,0.005,0.01,0.015,148.0,4773.068,3125.046,272,199,73,73.162,79.552,1.088,170.457,1101,3442.23,2225.83,4049.7,17.65,4773.07,17.86
SOL-USDT-SWAP,1H,12H,0.005,0.01,0.02,148.0,9063.399,6023.918,272,210,62,77.206,86.99,1.166,328.577,1101,6397.84,4222.86,7689.82,20.19,9063.4,17.86
SOL-USDT-SWAP,1H,12H,0.005,0.01,0.025,148.0,55764.889,37578.979,272,219,53,80.515,54.868,1.418,2049.763,1101,14880.25,9954.22,53210.48,257.59,55764.89,4.8
SOL-USDT-SWAP,1H,12H,0.005,0.01,0.03,148.0,48079.742,32386.312,272,221,51,81.25,69.142,1.363,1766.526,1101,10741.67,7157.88,45525.33,323.82,48079.74,5.61
SOL-USDT-SWAP,1H,12H,0.005,0.012,0.005,148.0,75.108,-49.251,272,117,155,43.015,90.861,0.972,-2.686,1101,401.39,171.21,72.46,-81.95,75.11,3.66
SOL-USDT-SWAP,1H,12H,0.005,0.012,0.008,148.0,368.722,149.136,272,151,121,55.515,80.057,1.03,8.135,1101,887.35,499.56,367.56,-58.58,368.72,0.32
SOL-USDT-SWAP,1H,12H,0.005,0.012,0.01,148.0,3333.88,2152.621,272,170,102,62.5,84.299,1.086,117.416,1101,1731.4,1069.86,3398.91,96.31,3333.88,-1.91
SOL-USDT-SWAP,1H,12H,0.005,0.012,0.015,148.0,8905.026,5916.909,272,189,83,69.485,77.636,1.109,322.741,1101,5292.05,3475.71,7906.03,49.39,8905.03,12.64
SOL-USDT-SWAP,1H,12H,0.005,0.012,0.02,148.0,8322.064,5523.016,272,199,73,73.162,86.902,1.108,301.255,1101,9174.37,6098.9,7388.46,-19.47,8322.06,12.64
SOL-USDT-SWAP,1H,12H,0.005,0.012,0.025,148.0,54513.157,36733.214,272,207,65,76.103,53.842,1.341,2003.63,1101,20070.79,13461.34,52655.81,162.35,54513.16,3.53
SOL-USDT-SWAP,1H,12H,0.005,0.012,0.03,148.0,56093.617,37801.092,272,209,63,76.838,51.904,1.341,2061.878,1101,20841.22,13981.9,54236.27,160.24,56093.62,3.42
SOL-USDT-SWAP,1H,12H,0.005,0.015,0.005,148.0,8.104,-94.524,272,93,179,34.191,98.133,0.882,-5.156,1101,148.17,0.11,7.61,-94.86,8.1,6.49
SOL-USDT-SWAP,1H,12H,0.005,0.015,0.008,148.0,9.535,-93.557,272,121,151,44.485,98.032,0.904,-5.103,1101,134.56,-9.08,9.25,-93.12,9.54,3.05
SOL-USDT-SWAP,1H,12H,0.005,0.015,0.01,148.0,48.236,-67.408,272,137,135,50.368,93.864,0.963,-3.677,1101,186.17,25.79,47.87,-74.29,48.24,0.76
SOL-USDT-SWAP,1H,12H,0.005,0.015,0.015,148.0,333.156,125.106,272,162,110,59.559,93.391,1.009,6.824,1101,2083.53,1307.79,287.93,-86.18,333.16,15.71
SOL-USDT-SWAP,1H,12H,0.005,0.015,0.02,148.0,235.35,59.02,272,171,101,62.868,98.582,1.004,3.219,1101,2886.61,1850.41,203.4,-92.95,235.35,15.71
SOL-USDT-SWAP,1H,12H,0.005,0.015,0.025,148.0,693.472,368.562,272,179,93,65.809,97.64,1.011,20.103,1101,4781.19,3130.53,599.33,-87.46,693.47,15.71
SOL-USDT-SWAP,1H,12H,0.005,0.015,0.03,148.0,296.151,100.102,272,180,92,66.176,99.514,1.003,5.46,1101,5255.9,3451.29,255.95,-95.13,296.15,15.71
SOL-USDT-SWAP,1H,12H,0.005,0.02,0.005,148.0,0.683,-99.539,272,71,201,26.103,99.825,0.849,-5.429,1101,141.76,-4.21,0.62,-99.57,0.68,10.92
SOL-USDT-SWAP,1H,12H,0.005,0.02,0.008,148.0,0.767,-99.481,272,98,174,36.029,99.884,0.907,-5.426,1101,177.51,19.94,0.71,-99.6,0.77,7.34
SOL-USDT-SWAP,1H,12H,0.005,0.02,0.01,148.0,1.151,-99.223,272,109,163,40.074,99.872,0.93,-5.412,1101,199.68,34.92,1.1,-99.45,1.15,4.95
SOL-USDT-SWAP,1H,12H,0.005,0.02,0.015,148.0,2.632,-98.221,272,132,140,48.529,99.958,0.988,-5.358,1101,1699.19,1048.1,2.18,-99.87,2.63,20.52
SOL-USDT-SWAP,1H,12H,0.005,0.02,0.02,148.0,0.797,-99.462,272,140,132,51.471,99.996,0.993,-5.425,1101,2639.9,1683.72,0.66,-99.97,0.8,20.52
SOL-USDT-SWAP,1H,12H,0.005,0.02,0.025,148.0,0.582,-99.607,272,146,126,53.676,99.996,0.994,-5.433,1101,2010.73,1258.6,0.48,-99.98,0.58,20.52
SOL-USDT-SWAP,1H,12H,0.005,0.02,0.03,148.0,0.227,-99.846,272,147,125,54.044,99.999,0.995,-5.446,1101,2625.46,1673.96,0.19,-99.99,0.23,20.52
SOL-USDT-SWAP,1H,12H,0.005,0.03,0.005,148.0,0.166,-99.888,272,58,214,21.324,99.915,0.683,-5.448,1101,40.52,-72.62,0.14,-99.66,0.17,20.34
SOL-USDT-SWAP,1H,12H,0.005,0.03,0.008,148.0,0.012,-99.992,272,76,196,27.941,99.995,0.663,-5.454,1101,22.64,-84.7,0.01,-99.96,0.01,16.46
SOL-USDT-SWAP,1H,12H,0.005,0.03,0.01,148.0,0.013,-99.991,272,86,186,31.618,99.996,0.723,-5.454,1101,24.22,-83.63,0.01,-99.95,0.01,13.87
SOL-USDT-SWAP,1H,12H,0.005,0.03,0.015,148.0,0.013,-99.991,272,109,163,40.074,99.999,0.928,-5.454,1101,164.32,11.03,0.01,-99.99,0.01,30.76
SOL-USDT-SWAP,1H,12H,0.005,0.03,0.02,148.0,0.001,-100.0,272,114,158,41.912,100.0,0.912,-5.455,1101,85.03,-42.55,0.0,-100.0,0.0,30.76
SOL-USDT-SWAP,1H,12H,0.005,0.03,0.025,148.0,0.0,-100.0,272,119,153,43.75,100.0,0.884,-5.455,1101,42.36,-71.38,0.0,-100.0,0.0,30.76
SOL-USDT-SWAP,1H,12H,0.005,0.03,0.03,148.0,0.0,-100.0,272,121,151,44.485,100.0,0.868,-5.455,1101,31.28,-78.86,0.0,-100.0,0.0,30.76
SOL-USDT-SWAP,1H,12H,0.007,0.004,0.005,148.0,0.849,-99.426,248,139,109,56.048,99.452,0.508,-5.423,1101,68.44,-53.76,0.91,-98.67,0.85,-7.0
SOL-USDT-SWAP,1H,12H,0.007,0.004,0.008,148.0,4.018,-97.285,248,180,68,72.581,97.636,0.627,-5.306,1101,98.72,-33.3,4.46,-95.48,4.02,-10.0
SOL-USDT-SWAP,1H,12H,0.007,0.004,0.01,148.0,6.886,-95.347,248,194,54,78.226,97.389,0.751,-5.201,1101,189.37,27.95,6.75,-96.43,6.89,2.0
SOL-USDT-SWAP,1H,12H,0.007,0.004,0.015,148.0,14.645,-90.104,248,213,35,85.887,95.03,0.787,-4.915,1101,195.8,32.3,14.36,-92.67,14.65,2.0
SOL-USDT-SWAP,1H,12H,0.007,0.004,0.02,148.0,35.043,-76.323,248,224,24,90.323,93.51,0.885,-4.163,1101,370.65,150.44,34.36,-90.73,35.04,2.0
SOL-USDT-SWAP,1H,12H,0.007,0.004,0.025,148.0,110.934,-25.045,248,232,16,93.548,81.666,0.961,-1.366,1101,303.84,105.3,108.76,-64.21,110.93,2.0
SOL-USDT-SWAP,1H,12H,0.007,0.004,0.03,148.0,290.611,96.359,248,237,11,95.565,76.404,1.128,5.256,1101,368.38,148.9,284.91,-22.66,290.61,2.0
SOL-USDT-SWAP,1H,12H,0.007,0.006,0.005,148.0,4.654,-96.855,248,129,119,52.016,98.099,0.802,-5.283,1101,188.68,27.49,5.0,-97.35,4.65,-7.0
SOL-USDT-SWAP,1H,12H,0.007,0.006,0.008,148.0,49.682,-66.431,248,170,78,68.548,88.368,0.933,-3.624,1101,343.16,131.86,55.2,-83.91,49.68,-10.0
SOL-USDT-SWAP,1H,12H,0.007,0.006,0.01,148.0,98.766,-33.267,248,184,64,74.194,90.894,0.983,-1.815,1101,754.11,409.53,94.97,-87.41,98.77,4.0
SOL-USDT-SWAP,1H,12H,0.007,0.006,0.015,148.0,162.895,10.064,248,200,48,80.645,86.297,1.004,0.549,1101,826.52,458.46,156.63,-81.05,162.9,4.0
SOL-USDT-SWAP,1H,12H,0.007,0.006,0.02,148.0,431.76,191.73,248,211,37,85.081,86.99,1.04,10.458,1101,1686.04,1039.22,415.15,-75.38,431.76,4.0
SOL-USDT-SWAP,1H,12H,0.007,0.006,0.025,148.0,1529.093,933.171,248,219,29,88.306,68.282,1.185,50.9,1101,1382.14,833.88,1470.28,6.38,1529.09,4.0
SOL-USDT-SWAP,1H,12H,0.007,0.006,0.03,148.0,2222.602,1401.758,248,222,26,89.516,59.121,1.303,76.46,1101,1112.22,651.5,2137.12,92.15,2222.6,4.0
SOL-USDT-SWAP,1H,12H,0.007,0.008,0.005,148.0,25.614,-82.693,248,124,124,50.0,95.419,0.936,-4.511,1101,435.62,194.33,27.54,-93.68,25.61,-7.0
SOL-USDT-SWAP,1H,12H,0.007,0.008,0.008,148.0,466.726,215.356,248,164,84,66.129,70.997,1.048,11.747,1101,897.48,506.4,518.58,-42.22,466.73,-10.0
SOL-USDT-SWAP,1H,12H,0.007,0.008,0.01,148.0,1061.809,617.438,248,178,70,71.774,71.592,1.063,33.678,1101,2154.19,1355.53,1001.71,-53.5,1061.81,6.0
SOL-USDT-SWAP,1H,12H,0.007,0.008,0.015,148.0,1771.183,1096.745,248,194,54,78.226,71.198,1.088,59.822,1101,2222.97,1402.0,1670.93,-24.83,1771.18,6.0
SOL-USDT-SWAP,1H,12H,0.007,0.008,0.02,148.0,4238.339,2763.743,248,205,43,82.661,72.702,1.106,150.75,1101,4320.1,2818.98,3998.43,-7.45,4238.34,6.0
SOL-USDT-SWAP,1H,12H,0.007,0.008,0.025,148.0,8657.691,5749.791,248,210,38,84.677,66.593,1.215,313.625,1101,3903.54,2537.53,8167.63,109.24,8657.69,6.0
SOL-USDT-SWAP,1H,12H,0.007,0.008,0.03,148.0,12176.388,8127.289,248,213,35,85.887,66.951,1.315,443.307,1101,3355.04,2166.92,11487.16,242.39,12176.39,6.0
SOL-USDT-SWAP,1H,12H,0.007,0.01,0.005,148.0,33.517,-77.353,248,111,137,44.758,96.179,0.961,-4.219,1101,564.47,281.4,36.04,-93.62,33.52,-7.0
SOL-USDT-SWAP,1H,12H,0.007,0.01,0.008,148.0,307.009,107.439,248,144,104,58.065,82.703,1.021,5.86,1101,987.81,567.44,341.12,-65.47,307.01,-10.0
SOL-USDT-SWAP,1H,12H,0.007,0.01,0.01,148.0,502.748,239.694,248,157,91,63.306,89.761,1.023,13.074,1101,2360.47,1494.91,466.8,-80.22,502.75,7.7
SOL-USDT-SWAP,1H,12H,0.007,0.01,0.015,148.0,930.748,528.884,248,174,74,70.161,81.965,1.045,28.848,1101,2005.71,1255.21,864.2,-56.91,930.75,7.7
SOL-USDT-SWAP,1H,12H,0.007,0.01,0.02,148.0,1486.963,904.705,248,184,64,74.194,92.84,1.033,49.348,1101,5643.44,3713.13,1380.65,-75.54,1486.96,7.7
SOL-USDT-SWAP,1H,12H,0.007,0.01,0.025,148.0,4438.303,2898.853,248,190,58,76.613,93.302,1.07,158.119,1101,6953.09,4598.03,4120.99,-40.73,4438.3,7.7
SOL-USDT-SWAP,1H,12H,0.007,0.01,0.03,148.0,5713.172,3760.251,248,193,55,77.823,93.822,1.097,205.105,1101,5976.09,3937.9,5304.71,-11.23,5713.17,7.7
SOL-USDT-SWAP,1H,12H,0.007,0.012,0.005,148.0,68.389,-53.791,248,105,143,42.339,94.03,0.982,-2.934,1101,694.2,369.05,73.54,-89.41,68.39,-7.0
SOL-USDT-SWAP,1H,12H,0.007,0.012,0.008,148.0,1149.317,676.566,248,139,109,56.048,69.934,1.063,36.904,1101,1256.27,748.83,1277.02,1.65,1149.32,-10.0
SOL-USDT-SWAP,1H,12H,0.007,0.012,0.01,148.0,2089.958,1312.133,248,152,96,61.29,68.85,1.071,71.571,1101,2486.74,1580.23,1905.16,-23.39,2089.96,9.7
SOL-USDT-SWAP,1H,12H,0.007,0.012,0.015,148.0,4145.267,2700.856,248,169,79,68.145,76.066,1.097,147.319,1101,3134.09,2017.63,3778.73,20.57,4145.27,9.7
SOL-USDT-SWAP,1H,12H,0.007,0.012,0.02,148.0,8595.304,5707.638,248,179,69,72.177,84.597,1.088,311.326,1101,8533.08,5665.59,7835.28,-8.18,8595.3,9.7
SOL-USDT-SWAP,1H,12H,0.007,0.012,0.025,148.0,29773.427,20017.18,248,185,63,74.597,82.927,1.221,1091.846,1101,9374.7,6234.26,28318.43,202.07,29773.43,5.14
SOL-USDT-SWAP,1H,12H,0.007,0.012,0.03,148.0,26175.528,17586.167,248,188,60,75.806,87.651,1.236,959.245,1101,6956.27,4600.18,24720.53,255.37,26175.53,5.89
SOL-USDT-SWAP,1H,12H,0.007,0.015,0.005,148.0,22.776,-84.611,248,89,159,35.887,96.342,0.941,-4.615,1101,275.47,86.13,24.49,-91.11,22.78,-7.0
SOL-USDT-SWAP,1H,12H,0.007,0.015,0.008,148.0,342.429,131.371,248,121,127,48.79,77.514,1.03,7.166,1101,491.08,231.81,380.48,-22.52,342.43,-10.0
SOL-USDT-SWAP,1H,12H,0.007,0.015,0.01,148.0,918.565,520.652,248,136,112,54.839,81.497,1.042,28.399,1101,1832.48,1138.17,891.54,-51.35,918.56,3.03
SOL-USDT-SWAP,1H,12H,0.007,0.015,0.015,148.0,1231.389,732.02,248,151,97,60.887,83.81,1.046,39.928,1101,2038.4,1277.3,1195.15,-41.37,1231.39,3.03
SOL-USDT-SWAP,1H,12H,0.007,0.015,0.02,148.0,1252.528,746.303,248,160,88,64.516,94.934,1.023,40.707,1101,4802.39,3144.86,1215.67,-74.69,1252.53,3.03
SOL-USDT-SWAP,1H,12H,0.007,0.015,0.025,148.0,1928.003,1202.705,248,165,83,66.532,96.213,1.031,65.602,1101,5118.39,3358.37,1871.27,-63.44,1928.0,3.03
SOL-USDT-SWAP,1H,12H,0.007,0.015,0.03,148.0,1423.512,861.832,248,167,81,67.339,95.368,1.031,47.009,1101,3824.09,2483.84,1381.62,-63.87,1423.51,3.03
SOL-USDT-SWAP,1H,12H,0.007,0.02,0.005,148.0,5.423,-96.336,248,72,176,29.032,98.595,0.898,-5.255,1101,154.17,4.17,5.83,-96.22,5.42,-7.0
SOL-USDT-SWAP,1H,12H,0.007,0.02,0.008,148.0,24.429,-83.494,248,98,150,39.516,96.277,0.953,-4.554,1101,187.98,27.01,27.14,-85.56,24.43,-10.0
SOL-USDT-SWAP,1H,12H,0.007,0.02,0.01,148.0,57.04,-61.459,248,112,136,45.161,97.728,0.99,-3.352,1101,883.76,497.14,55.36,-93.74,57.04,3.03
SOL-USDT-SWAP,1H,12H,0.007,0.02,0.015,148.0,72.227,-51.198,248,129,119,52.016,98.48,0.994,-2.793,1101,1111.74,651.18,70.1,-93.69,72.23,3.03
SOL-USDT-SWAP,1H,12H,0.007,0.02,0.02,148.0,25.347,-82.874,248,136,112,54.839,99.723,0.994,-4.52,1101,1776.54,1100.36,24.6,-98.62,25.35,3.03
SOL-USDT-SWAP,1H,12H,0.007,0.02,0.025,148.0,20.639,-86.054,248,140,108,56.452,99.816,0.994,-4.694,1101,1515.5,923.99,20.03,-98.68,20.64,3.03
SOL-USDT-SWAP,1H,12H,0.007,0.02,0.03,148.0,13.533,-90.856,248,142,106,57.258,99.881,0.993,-4.956,1101,1318.53,790.9,13.13,-99.0,13.53,3.03
SOL-USDT-SWAP,1H,12H,0.007,0.03,0.005,148.0,0.346,-99.767,248,53,195,21.371,99.826,0.741,-5.442,1101,55.08,-62.79,0.37,-99.33,0.35,-7.0
SOL-USDT-SWAP,1H,12H,0.007,0.03,0.008,148.0,0.166,-99.888,248,71,177,28.629,99.938,0.775,-5.448,1101,43.03,-70.92,0.18,-99.57,0.17,-10.0
SOL-USDT-SWAP,1H,12H,0.007,0.03,0.01,148.0,0.114,-99.923,248,83,165,33.468,99.976,0.832,-5.45,1101,74.25,-49.83,0.11,-99.85,0.11,3.03
SOL-USDT-SWAP,1H,12H,0.007,0.03,0.015,148.0,0.142,-99.904,248,101,147,40.726,99.992,0.936,-5.449,1101,174.27,17.75,0.14,-99.92,0.14,3.03
SOL-USDT-SWAP,1H,12H,0.007,0.03,0.02,148.0,0.018,-99.988,248,106,142,42.742,99.999,0.933,-5.454,1101,136.44,-7.81,0.02,-99.99,0.02,3.03
SOL-USDT-SWAP,1H,12H,0.007,0.03,0.025,148.0,0.005,-99.996,248,109,139,43.952,100.0,0.919,-5.454,1101,90.55,-38.82,0.01,-99.99,0.01,3.03
SOL-USDT-SWAP,1H,12H,0.007,0.03,0.03,148.0,0.004,-99.998,248,111,137,44.758,100.0,0.912,-5.454,1101,87.57,-40.83,0.0,-100.0,0.0,3.03
SOL-USDT-SWAP,1H,12H,0.01,0.004,0.005,148.0,1.962,-98.674,211,119,92,56.398,98.674,0.372,-5.382,1101,34.0,-77.02,2.11,-93.8,1.96,-7.0
SOL-USDT-SWAP,1H,12H,0.01,0.004,0.008,148.0,3.652,-97.533,211,148,63,70.142,97.99,0.607,-5.32,1101,88.22,-40.39,3.58,-95.94,3.65,2.0
SOL-USDT-SWAP,1H,12H,0.01,0.004,0.01,148.0,5.331,-96.398,211,160,51,75.829,97.409,0.674,-5.258,1101,128.82,-12.96,5.23,-95.94,5.33,2.0
SOL-USDT-SWAP,1H,12H,0.01,0.004,0.015,148.0,5.127,-96.536,211,174,37,82.464,98.254,0.705,-5.266,1101,154.39,4.32,5.03,-96.74,5.13,2.0
SOL-USDT-SWAP,1H,12H,0.01,0.004,0.02,148.0,52.366,-64.617,211,191,20,90.521,85.486,0.848,-3.525,1101,170.9,15.47,51.34,-69.96,52.37,2.0
SOL-USDT-SWAP,1H,12H,0.01,0.004,0.025,148.0,56.456,-61.854,211,195,16,92.417,86.907,0.843,-3.374,1101,122.21,-17.43,55.35,-54.71,56.46,2.0
SOL-USDT-SWAP,1H,12H,0.01,0.004,0.03,148.0,396.145,167.666,211,202,9,95.735,67.836,1.293,9.145,1101,344.36,132.68,388.38,12.78,396.15,2.0
SOL-USDT-SWAP,1H,12H,0.01,0.006,0.005,148.0,13.289,-91.021,211,115,96,54.502,91.177,0.659,-4.965,1101,52.8,-64.32,14.29,-72.94,13.29,-7.0
SOL-USDT-SWAP,1H,12H,0.01,0.006,0.008,148.0,31.502,-78.715,211,142,69,67.299,89.724,0.87,-4.294,1101,157.17,6.19,30.29,-80.73,31.5,4.0
SOL-USDT-SWAP,1H,12H,0.01,0.006,0.01,148.0,52.895,-64.26,211,154,57,72.986,86.138,0.921,-3.505,1101,235.68,59.24,50.86,-78.42,52.9,4.0
SOL-USDT-SWAP,1H,12H,0.01,0.006,0.015,148.0,66.485,-55.078,211,169,42,80.095,90.28,0.942,-3.004,1101,323.3,118.44,63.93,-80.23,66.48,4.0
SOL-USDT-SWAP,1H,12H,0.01,0.006,0.02,148.0,950.52,542.243,211,186,25,88.152,62.149,1.296,29.577,1101,349.55,136.18,913.96,161.47,950.52,4.0
SOL-USDT-SWAP,1H,12H,0.01,0.006,0.025,148.0,724.379,389.445,211,189,22,89.573,73.053,1.27,21.242,1101,233.87,58.02,696.52,197.82,724.38,4.0
SOL-USDT-SWAP,1H,12H,0.01,0.006,0.03,148.0,5430.428,3569.208,211,196,15,92.891,70.976,2.57,194.684,1101,699.57,372.68,5221.57,646.4,5430.43,4.0
SOL-USDT-SWAP,1H,12H,0.01,0.008,0.005,148.0,83.347,-43.684,211,113,98,53.555,64.779,0.933,-2.383,1101,110.68,-25.22,89.62,-19.03,83.35,-7.0
SOL-USDT-SWAP,1H,12H,0.01,0.008,0.008,148.0,204.86,38.419,211,137,74,64.929,77.78,1.019,2.096,1101,405.35,173.89,193.26,-52.32,204.86,6.0
SOL-USDT-SWAP,1H,12H,0.01,0.008,0.01,148.0,408.76,176.189,211,149,62,70.616,74.464,1.05,9.61,1101,668.63,351.78,385.62,-42.33,408.76,6.0
SOL-USDT-SWAP,1H,12H,0.01,0.008,0.015,148.0,642.959,334.432,211,164,47,77.725,80.37,1.085,18.242,1101,1006.05,579.76,606.57,-39.71,642.96,6.0
SOL-USDT-SWAP,1H,12H,0.01,0.008,0.02,148.0,9867.085,6566.949,211,180,31,85.308,54.206,1.515,358.197,1101,1129.99,663.5,9308.57,723.78,9867.09,6.0
SOL-USDT-SWAP,1H,12H,0.01,0.008,0.025,148.0,7188.638,4757.188,211,183,28,86.73,56.47,1.52,259.483,1101,756.03,410.83,6781.73,797.02,7188.64,6.0
SOL-USDT-SWAP,1H,12H,0.01,0.008,0.03,148.0,25465.796,17106.619,211,188,23,89.1,64.826,2.808,933.088,1101,1228.08,729.78,24565.8,1900.34,25465.8,3.66
SOL-USDT-SWAP,1H,12H,0.01,0.01,0.005,148.0,144.322,-2.485,211,104,107,49.289,65.694,0.998,-0.136,1101,144.7,-2.23,155.18,7.24,144.32,-7.0
SOL-USDT-SWAP,1H,12H,0.01,0.01,0.008,148.0,569.647,284.896,211,130,81,61.611,77.223,1.059,15.54,1101,744.87,403.29,527.45,-29.19,569.65,8.0
SOL-USDT-SWAP,1H,12H,0.01,0.01,0.01,148.0,917.628,520.019,211,140,71,66.351,81.244,1.062,28.365,1101,1289.6,771.35,849.66,-34.11,917.63,8.0
SOL-USDT-SWAP,1H,12H,0.01,0.01,0.015,148.0,1335.81,802.575,211,155,56,73.46,84.851,1.09,43.777,1101,1894.69,1180.19,1236.86,-34.72,1335.81,8.0
SOL-USDT-SWAP,1H,12H,0.01,0.01,0.02,148.0,12045.706,8038.991,211,169,42,80.095,67.536,1.284,438.49,1101,2197.07,1384.51,11153.43,407.65,12045.71,8.0
SOL-USDT-SWAP,1H,12H,0.01,0.01,0.025,148.0,16765.237,11227.863,211,172,39,81.517,72.296,1.38,612.429,1101,1788.7,1108.58,15565.24,770.2,16765.24,7.71
SOL-USDT-SWAP,1H,12H,0.01,0.01,0.03,148.0,33880.452,22792.198,211,176,35,83.412,67.863,1.588,1243.211,1101,2960.34,1900.23,32680.45,1003.94,33880.45,3.67
SOL-USDT-SWAP,1H,12H,0.01,0.012,0.005,148.0,275.053,85.847,211,97,114,45.972,62.397,1.057,4.683,1101,144.72,-2.22,295.76,104.37,275.05,-7.0
SOL-USDT-SWAP,1H,12H,0.01,0.012,0.008,148.0,1715.308,1058.992,211,124,87,58.768,75.063,1.088,57.763,1101,1329.63,798.4,1563.64,17.6,1715.31,9.7
SOL-USDT-SWAP,1H,12H,0.01,0.012,0.01,148.0,2364.597,1497.7,211,133,78,63.033,81.237,1.079,81.693,1101,1966.92,1229.0,2155.51,9.59,2364.6,9.7
SOL-USDT-SWAP,1H,12H,0.01,0.012,0.015,148.0,2916.925,1870.895,211,147,64,69.668,88.709,1.113,102.049,1101,2428.52,1540.89,2659.0,9.49,2916.93,9.7
SOL-USDT-SWAP,1H,12H,0.01,0.012,0.02,148.0,16671.401,11164.46,211,159,52,75.355,81.873,1.228,608.971,1101,3640.86,2360.04,15216.4,317.93,16671.4,9.56
SOL-USDT-SWAP,1H,12H,0.01,0.012,0.025,148.0,18059.19,12102.155,211,162,49,76.777,81.486,1.265,660.118,1101,3031.6,1948.38,16604.19,447.7,18059.19,8.76
SOL-USDT-SWAP,1H,12H,0.01,0.012,0.03,148.0,43328.091,29175.737,211,166,45,78.673,61.102,1.445,1591.404,1101,5110.3,3352.91,41873.09,719.39,43328.09,3.47
SOL-USDT-SWAP,1H,12H,0.01,0.015,0.005,148.0,172.625,16.639,211,84,127,39.81,71.954,1.012,0.908,1101,149.75,1.19,185.62,23.95,172.63,-7.0
SOL-USDT-SWAP,1H,12H,0.01,0.015,0.008,148.0,1327.995,797.294,211,110,101,52.133,85.034,1.067,43.489,1101,1532.03,935.15,1178.34,-23.09,1327.99,12.7
SOL-USDT-SWAP,1H,12H,0.01,0.015,0.01,148.0,2200.701,1386.96,211,119,92,56.398,87.171,1.071,75.652,1101,2300.23,1454.21,1952.71,-15.11,2200.7,12.7
SOL-USDT-SWAP,1H,12H,0.01,0.015,0.015,148.0,2860.37,1832.683,211,133,78,63.033,94.706,1.083,99.965,1101,3859.71,2507.92,2538.04,-34.24,2860.37,12.7
SOL-USDT-SWAP,1H,12H,0.01,0.015,0.02,148.0,16351.727,10948.464,211,144,67,68.246,92.175,1.199,597.189,1101,5537.79,3641.75,14509.07,162.0,16351.73,12.7
SOL-USDT-SWAP,1H,12H,0.01,0.015,0.025,148.0,11031.205,7353.517,211,147,64,69.668,94.438,1.177,401.101,1101,4036.75,2627.54,9788.11,142.47,11031.2,12.7
SOL-USDT-SWAP,1H,12H,0.01,0.015,0.03,148.0,24619.246,16534.626,211,151,60,71.564,91.596,1.342,901.889,1101,6061.79,3995.8,22714.25,274.71,24619.25,8.39
SOL-USDT-SWAP,1H,12H,0.01,0.02,0.005,148.0,21.554,-85.436,211,65,146,30.806,92.426,0.857,-4.66,1101,85.62,-42.15,23.18,-72.93,21.55,-7.0
SOL-USDT-SWAP,1H,12H,0.01,0.02,0.008,148.0,127.17,-14.074,211,89,122,42.18,96.066,0.997,-0.768,1101,1162.05,685.17,119.99,-89.67,127.17,5.99
SOL-USDT-SWAP,1H,12H,0.01,0.02,0.01,148.0,187.874,26.942,211,97,114,45.972,96.274,1.004,1.47,1101,1398.89,845.2,177.26,-87.33,187.87,5.99
SOL-USDT-SWAP,1H,12H,0.01,0.02,0.015,148.0,87.427,-40.927,211,109,102,51.659,99.108,0.996,-2.232,1101,2207.52,1391.57,82.49,-96.26,87.43,5.99
SOL-USDT-SWAP,1H,12H,0.01,0.02,0.02,148.0,279.07,88.561,211,119,92,56.398,99.032,1.005,4.831,1101,2799.81,1791.76,263.31,-90.6,279.07,5.99
SOL-USDT-SWAP,1H,12H,0.01,0.02,0.025,148.0,120.751,-18.411,211,121,90,57.346,99.595,0.999,-1.004,1101,2335.13,1477.79,113.93,-95.12,120.75,5.99
SOL-USDT-SWAP,1H,12H,0.01,0.02,0.03,148.0,318.671,115.318,211,125,86,59.242,99.094,1.007,6.29,1101,3409.86,2203.96,300.67,-91.18,318.67,5.99
SOL-USDT-SWAP,1H,12H,0.01,0.03,0.005,148.0,0.566,-99.617,211,46,165,21.801,99.748,0.582,-5.434,1101,31.91,-78.44,0.61,-98.09,0.57,-7.0
SOL-USDT-SWAP,1H,12H,0.01,0.03,0.008,148.0,0.774,-99.477,211,66,145,31.28,99.873,0.849,-5.426,1101,143.3,-3.17,0.73,-99.49,0.77,5.99
SOL-USDT-SWAP,1H,12H,0.01,0.03,0.01,148.0,1.111,-99.249,211,74,137,35.071,99.928,0.913,-5.414,1101,218.0,47.3,1.05,-99.52,1.11,5.99
SOL-USDT-SWAP,1H,12H,0.01,0.03,0.015,148.0,0.168,-99.886,211,85,126,40.284,99.991,0.909,-5.448,1101,182.0,22.97,0.16,-99.91,0.17,5.99
SOL-USDT-SWAP,1H,12H,0.01,0.03,0.02,148.0,0.095,-99.936,211,92,119,43.602,99.992,0.894,-5.451,1101,90.65,-38.75,0.09,-99.9,0.09,5.99
SOL-USDT-SWAP,1H,12H,0.01,0.03,0.025,148.0,0.043,-99.971,211,94,117,44.55,99.996,0.9,-5.453,1101,120.06,-18.88,0.04,-99.97,0.04,5.99
SOL-USDT-SWAP,1H,12H,0.01,0.03,0.03,148.0,0.057,-99.962,211,95,116,45.024,99.995,0.914,-5.452,1101,188.47,27.34,0.05,-99.97,0.06,5.99
SOL-USDT-SWAP,1H,1D,0.001,0.004,0.005,148.0,5.071,-96.573,147,79,68,53.741,96.834,0.276,-5.268,551,49.68,-66.43,5.07,-89.79,,
SOL-USDT-SWAP,1H,1D,0.001,0.004,0.008,148.0,12.464,-91.578,147,104,43,70.748,93.448,0.499,-4.995,551,87.23,-41.06,12.46,-85.71,,
SOL-USDT-SWAP,1H,1D,0.001,0.004,0.01,148.0,20.755,-85.976,147,114,33,77.551,88.842,0.575,-4.69,551,122.96,-16.92,20.76,-83.12,,
SOL-USDT-SWAP,1H,1D,0.001,0.004,0.015,148.0,53.755,-63.679,147,128,19,87.075,75.535,0.711,-3.473,551,122.83,-17.01,53.75,-56.24,,
SOL-USDT-SWAP,1H,1D,0.001,0.004,0.02,148.0,107.496,-27.367,147,135,12,91.837,70.151,0.884,-1.493,551,117.68,-20.49,107.5,-8.65,,
SOL-USDT-SWAP,1H,1D,0.001,0.004,0.025,148.0,185.099,25.067,147,139,8,94.558,61.171,1.093,1.367,551,126.08,-14.81,185.1,46.81,,
SOL-USDT-SWAP,1H,1D,0.001,0.004,0.03,148.0,235.945,59.422,147,141,6,95.918,61.972,1.235,3.241,551,152.77,3.22,235.95,54.44,,
SOL-USDT-SWAP,1H,1D,0.001,0.006,0.005,148.0,23.379,-84.203,147,79,68,53.741,86.458,0.578,-4.593,551,75.94,-48.69,23.38,-69.21,,
SOL-USDT-SWAP,1H,1D,0.001,0.006,0.008,148.0,80.53,-45.588,147,103,44,70.068,71.159,0.875,-2.487,551,139.65,-5.64,80.53,-42.34,,
SOL-USDT-SWAP,1H,1D,0.001,0.006,0.01,148.0,159.208,7.573,147,113,34,76.871,58.896,1.016,0.413,551,208.0,40.54,159.21,-23.46,,
SOL-USDT-SWAP,1H,1D,0.001,0.006,0.015,148.0,508.827,243.802,147,127,20,86.395,56.554,1.422,13.298,551,203.7,37.63,508.83,149.8,,
SOL-USDT-SWAP,1H,1D,0.001,0.006,0.02,148.0,1095.203,640.002,147,134,13,91.156,41.42,1.873,34.909,551,186.95,26.32,1095.2,485.83,,
SOL-USDT-SWAP,1H,1D,0.001,0.006,0.025,148.0,1893.752,1179.562,147,138,9,93.878,46.71,1.924,64.34,551,271.78,83.63,1893.75,596.8,,
SOL-USDT-SWAP,1H,1D,0.001,0.006,0.03,148.0,3573.681,2314.649,147,141,6,95.918,53.76,2.744,126.254,551,335.76,126.87,3573.68,964.35,,
SOL-USDT-SWAP,1H,1D,0.001,0.008,0.005,148.0,40.498,-72.637,147,72,75,48.98,78.264,0.738,-3.962,551,88.07,-40.49,40.5,-54.01,,
SOL-USDT-SWAP,1H,1D,0.001,0.008,0.008,148.0,112.336,-24.097,147,93,54,63.265,66.518,0.96,-1.314,551,180.0,21.62,112.34,-37.59,,
SOL-USDT-SWAP,1H,1D,0.001,0.008,0.01,148.0,219.322,48.191,147,103,44,70.068,50.853,1.058,2.629,551,276.56,86.86,219.32,-20.7,,
SOL-USDT-SWAP,1H,1D,0.001,0.008,0.015,148.0,441.746,198.477,147,116,31,78.912,52.518,1.2,10.826,551,206.6,39.6,441.75,113.81,,
SOL-USDT-SWAP,1H,1D,0.001,0.008,0.02,148.0,713.751,382.265,147,123,24,83.673,62.263,1.289,20.851,551,197.06,33.15,713.75,262.19,,
SOL-USDT-SWAP,1H,1D,0.001,0.008,0.025,148.0,556.178,275.796,147,126,21,85.714,70.902,1.137,15.043,551,405.32,173.86,556.18,37.22,,
SOL-USDT-SWAP,1H,1D,0.001,0.008,0.03,148.0,465.073,214.238,147,128,19,87.075,65.985,1.139,11.686,551,325.96,120.24,465.07,42.68,,
SOL-USDT-SWAP,1H,1D,0.001,0.01,0.005,148.0,42.717,-71.137,147,64,83,43.537,78.667,0.797,-3.88,551,93.52,-36.81,42.72,-54.32,,
SOL-USDT-SWAP,1H,1D,0.001,0.01,0.008,148.0,142.213,-3.91,147,85,62,57.823,61.847,0.995,-0.213,551,175.88,18.84,142.21,-19.14,,
SOL-USDT-SWAP,1H,1D,0.001,0.01,0.01,148.0,232.117,56.836,147,94,53,63.946,51.9,1.059,3.1,551,221.01,49.33,232.12,5.03,,
SOL-USDT-SWAP,1H,1D,0.001,0.01,0.015,148.0,556.11,275.75,147,107,40,72.789,53.762,1.201,15.041,551,167.67,13.29,556.11,231.67,,
SOL-USDT-SWAP,1H,1D,0.001,0.01,0.02,148.0,533.234,260.293,147,113,34,76.871,64.04,1.174,14.198,551,143.28,-3.19,533.23,272.15,,
SOL-USDT-SWAP,1H,1D,0.001,0.01,0.025,148.0,270.186,82.558,147,115,32,78.231,72.114,1.046,4.503,551,250.17,69.03,270.19,8.0,,
SOL-USDT-SWAP,1H,1D,0.001,0.01,0.03,148.0,185.2,25.135,147,117,30,79.592,77.317,1.021,1.371,551,174.42,17.85,185.2,6.18,,
SOL-USDT-SWAP,1H,1D,0.001,0.012,0.005,148.0,22.844,-84.565,147,54,93,36.735,89.4,0.673,-4.613,551,52.53,-64.51,22.84,-56.51,,
SOL-USDT-SWAP,1H,1D,0.001,0.012,0.008,148.0,33.731,-77.209,147,71,76,48.299,91.151,0.877,-4.211,551,150.32,1.57,33.73,-77.56,,
SOL-USDT-SWAP,1H,1D,0.001,0.012,0.01,148.0,42.736,-71.124,147,80,67,54.422,88.005,0.89,-3.879,551,152.1,2.77,42.74,-71.9,,
SOL-USDT-SWAP,1H,1D,0.001,0.012,0.015,148.0,140.061,-5.364,147,96,51,65.306,73.99,0.994,-0.293,551,165.92,12.11,140.06,-15.59,,
SOL-USDT-SWAP,1H,1D,0.001,0.012,0.02,148.0,133.113,-10.059,147,103,44,70.068,80.705,0.99,-0.549,551,135.69,-8.32,133.11,-1.9,,
SOL-USDT-SWAP,1H,1D,0.001,0.012,0.025,148.0,43.603,-70.538,147,105,42,71.429,93.683,0.945,-3.848,551,229.34,54.96,43.6,-80.99,,
SOL-USDT-SWAP,1H,1D,0.001,0.012,0.03,148.0,25.441,-82.81,147,106,41,72.109,96.041,0.915,-4.517,551,148.9,0.61,25.44,-82.91,,
SOL-USDT-SWAP,1H,1D,0.001,0.015,0.005,148.0,33.016,-77.692,147,50,97,34.014,86.245,0.745,-4.238,551,66.44,-55.11,33.02,-50.31,,
SOL-USDT-SWAP,1H,1D,0.001,0.015,0.008,148.0,43.344,-70.714,147,65,82,44.218,92.032,0.908,-3.857,551,206.66,39.63,43.34,-79.03,,
SOL-USDT-SWAP,1H,1D,0.001,0.015,0.01,148.0,45.846,-69.023,147,73,74,49.66,90.274,0.898,-3.765,551,171.26,15.72,45.85,-73.23,,
SOL-USDT-SWAP,1H,1D,0.001,0.015,0.015,148.0,81.929,-44.643,147,87,60,59.184,84.004,0.932,-2.435,551,136.07,-8.06,81.93,-39.79,,
SOL-USDT-SWAP,1H,1D,0.001,0.015,0.02,148.0,80.661,-45.499,147,95,52,64.626,88.447,0.934,-2.482,551,100.9,-31.82,80.66,-20.06,,
SOL-USDT-SWAP,1H,1D,0.001,0.015,0.025,148.0,12.276,-91.705,147,96,51,65.306,97.591,0.854,-5.002,551,110.54,-25.31,12.28,-88.89,,
SOL-USDT-SWAP,1H,1D,0.001,0.015,0.03,148.0,8.011,-94.587,147,97,50,65.986,98.379,0.827,-5.159,551,80.85,-45.37,8.01,-90.09,,
SOL-USDT-SWAP,1H,1D,0.001,0.02,0.005,148.0,17.814,-87.963,147,40,107,27.211,91.57,0.717,-4.798,551,56.86,-61.58,17.81,-68.67,,
SOL-USDT-SWAP,1H,1D,0.001,0.02,0.008,148.0,9.426,-93.631,147,50,97,34.014,96.724,0.772,-5.107,551,67.07,-54.68,9.43,-85.95,,
SOL-USDT-SWAP,1H,1D,0.001,0.02,0.01,148.0,9.4,-93.649,147,58,89,39.456,97.504,0.711,-5.108,551,37.68,-74.54,9.4,-75.05,,
SOL-USDT-SWAP,1H,1D,0.001,0.02,0.015,148.0,5.253,-96.451,147,69,78,46.939,98.888,0.608,-5.261,551,20.72,-86.0,5.25,-74.65,,
SOL-USDT-SWAP,1H,1D,0.001,0.02,0.02,148.0,1.916,-98.705,147,76,71,51.701,99.418,0.61,-5.384,551,15.7,-89.39,1.92,-87.8,,
SOL-USDT-SWAP,1H,1D,0.001,0.02,0.025,148.0,0.136,-99.908,147,77,70,52.381,99.958,0.612,-5.45,551,14.63,-90.12,0.14,-99.07,,
SOL-USDT-SWAP,1H,1D,0.001,0.02,0.03,148.0,0.144,-99.902,147,80,67,54.422,99.956,0.607,-5.449,551,15.4,-89.6,0.14,-99.06,,
SOL-USDT-SWAP,1H,1D,0.001,0.03,0.005,148.0,5.369,-96.372,147,30,117,20.408,97.842,0.696,-5.257,551,62.91,-57.49,5.37,-91.47,,
SOL-USDT-SWAP,1H,1D,0.001,0.03,0.008,148.0,1.155,-99.22,147,37,110,25.17,99.585,0.68,-5.412,551,53.44,-63.89,1.15,-97.84,,
SOL-USDT-SWAP,1H,1D,0.001,0.03,0.01,148.0,0.791,-99.466,147,44,103,29.932,99.745,0.677,-5.425,551,36.7,-75.2,0.79,-97.85,,
SOL-USDT-SWAP,1H,1D,0.001,0.03,0.015,148.0,0.48,-99.676,147,56,91,38.095,99.831,0.575,-5.437,551,16.3,-88.98,0.48,-97.06,,
SOL-USDT-SWAP,1H,1D,0.001,0.03,0.02,148.0,0.169,-99.886,147,64,83,43.537,99.949,0.489,-5.448,551,8.29,-94.4,0.17,-97.96,,
SOL-USDT-SWAP,1H,1D,0.001,0.03,0.025,148.0,0.019,-99.987,147,66,81,44.898,99.993,0.536,-5.454,551,8.93,-93.97,0.02,-99.79,,
SOL-USDT-SWAP,1H,1D,0.001,0.03,0.03,148.0,0.019,-99.987,147,69,78,46.939,99.995,0.512,-5.454,551,8.75,-94.09,0.02,-99.78,,
SOL-USDT-SWAP,1H,1D,0.002,0.004,0.005,148.0,6.984,-95.281,140,77,63,55.0,95.553,0.323,-5.197,551,63.0,-57.43,6.98,-88.91,,
SOL-USDT-SWAP,1H,1D,0.002,0.004,0.008,148.0,13.844,-90.646,140,99,41,70.714,92.429,0.507,-4.944,551,107.34,-27.47,13.84,-87.1,,
SOL-USDT-SWAP,1H,1D,0.002,0.004,0.01,148.0,15.483,-89.539,140,106,34,75.714,91.34,0.546,-4.884,551,117.78,-20.42,15.48,-86.85,,
SOL-USDT-SWAP,1H,1D,0.002,0.004,0.015,148.0,30.784,-79.2,140,119,21,85.0,84.374,0.619,-4.32,551,117.71,-20.46,30.78,-73.85,,
SOL-USDT-SWAP,1H,1D,0.002,0.004,0.02,148.0,71.142,-51.931,140,127,13,90.714,70.614,0.776,-2.833,551,112.78,-23.8,71.14,-36.92,,
SOL-USDT-SWAP,1H,1D,0.002,0.004,0.025,148.0,81.956,-44.624,140,130,10,92.857,66.147,0.83,-2.434,551,120.83,-18.36,81.96,-32.17,,
SOL-USDT-SWAP,1H,1D,0.002,0.004,0.03,148.0,110.271,-25.492,140,132,8,94.286,63.449,0.9,-1.39,551,146.41,-1.08,110.27,-24.68,,
SOL-USDT-SWAP,1H,1D,0.002,0.006,0.005,148.0,24.677,-83.327,140,75,65,53.571,85.177,0.588,-4.545,551,78.01,-47.29,24.68,-68.37,,
SOL-USDT-SWAP,1H,1D,0.002,0.006,0.008,148.0,70.213,-52.559,140,97,43,69.286,70.646,0.85,-2.867,551,148.21,0.14,70.21,-52.63,,
SOL-USDT-SWAP,1H,1D,0.002,0.006,0.01,148.0,85.987,-41.9,140,104,36,74.286,69.08,0.894,-2.285,551,161.62,9.2,85.99,-46.8,,
SOL-USDT-SWAP,1H,1D,0.002,0.006,0.015,148.0,244.681,65.325,140,118,22,84.286,66.661,1.13,3.563,551,187.24,26.52,244.68,30.67,,
SOL-USDT-SWAP,1H,1D,0.002,0.006,0.02,148.0,620.602,319.326,140,126,14,90.0,52.489,1.461,17.418,551,171.85,16.11,620.6,261.13,,
SOL-USDT-SWAP,1H,1D,0.002,0.006,0.025,148.0,709.055,379.091,140,129,11,92.143,46.71,1.43,20.678,551,175.65,18.68,709.05,303.67,,
SOL-USDT-SWAP,1H,1D,0.002,0.006,0.03,148.0,923.595,524.051,140,131,9,93.571,53.76,1.653,28.585,551,202.08,36.54,923.59,357.05,,
SOL-USDT-SWAP,1H,1D,0.002,0.008,0.005,148.0,39.833,-73.086,140,68,72,48.571,77.338,0.755,-3.986,551,116.06,-21.58,39.83,-65.68,,
SOL-USDT-SWAP,1H,1D,0.002,0.008,0.008,148.0,139.861,-5.499,140,90,50,64.286,72.883,0.991,-0.3,551,221.48,49.65,139.86,-36.85,,
SOL-USDT-SWAP,1H,1D,0.002,0.008,0.01,148.0,170.948,15.505,140,97,43,69.286,78.074,1.021,0.846,551,245.3,65.74,170.95,-30.31,,
SOL-USDT-SWAP,1H,1D,0.002,0.008,0.015,148.0,269.343,81.989,140,109,31,77.857,77.991,1.104,4.472,551,221.23,49.48,269.34,21.75,,
SOL-USDT-SWAP,1H,1D,0.002,0.008,0.02,148.0,481.134,225.091,140,117,23,83.571,74.483,1.211,12.278,551,182.63,23.4,481.13,163.44,,
SOL-USDT-SWAP,1H,1D,0.002,0.008,0.025,148.0,415.449,180.709,140,120,20,85.714,81.426,1.108,9.857,551,351.46,137.47,415.45,18.21,,
SOL-USDT-SWAP,1H,1D,0.002,0.008,0.03,148.0,568.946,284.423,140,123,17,87.857,82.109,1.167,15.514,551,412.12,178.46,568.95,38.05,,
SOL-USDT-SWAP,1H,1D,0.002,0.01,0.005,148.0,68.189,-53.926,140,63,77,45.0,67.768,0.88,-2.941,551,147.11,-0.6,68.19,-53.65,,
SOL-USDT-SWAP,1H,1D,0.002,0.01,0.008,148.0,177.488,19.924,140,82,58,58.571,68.346,1.02,1.087,551,315.47,113.15,177.49,-43.74,,
SOL-USDT-SWAP,1H,1D,0.002,0.01,0.01,148.0,174.583,17.961,140,87,53,62.143,76.826,1.018,0.98,551,260.09,75.74,174.58,-32.88,,
SOL-USDT-SWAP,1H,1D,0.002,0.01,0.015,148.0,417.385,182.017,140,101,39,72.143,69.655,1.144,9.928,551,233.47,57.75,417.39,78.77,,
SOL-USDT-SWAP,1H,1D,0.002,0.01,0.02,148.0,566.946,283.072,140,108,32,77.143,76.705,1.156,15.44,551,215.54,45.63,566.95,163.04,,
SOL-USDT-SWAP,1H,1D,0.002,0.01,0.025,148.0,378.674,155.861,140,110,30,78.571,85.946,1.06,8.501,551,406.42,174.6,378.67,-6.83,,
SOL-USDT-SWAP,1H,1D,0.002,0.01,0.03,148.0,340.089,129.79,140,112,28,80.0,84.213,1.064,7.079,551,344.9,133.04,340.09,-1.39,,
SOL-USDT-SWAP,1H,1D,0.002,0.012,0.005,148.0,54.245,-63.348,140,55,85,39.286,77.411,0.871,-3.455,551,126.41,-14.59,54.24,-57.09,,
SOL-USDT-SWAP,1H,1D,0.002,0.012,0.008,148.0,152.041,2.73,140,74,66,52.857,76.543,1.002,0.149,551,296.92,100.62,152.04,-48.79,,
SOL-USDT-SWAP,1H,1D,0.002,0.012,0.01,148.0,162.807,10.005,140,80,60,57.143,77.397,1.008,0.546,551,234.0,58.11,162.81,-30.43,,
SOL-USDT-SWAP,1H,1D,0.002,0.012,0.015,148.0,367.672,148.427,140,94,46,67.143,73.069,1.085,8.096,551,202.93,37.11,367.67,81.18,,
SOL-USDT-SWAP,1H,1D,0.002,0.012,0.02,148.0,413.579,179.445,140,101,39,72.143,78.468,1.077,9.788,551,179.23,21.1,413.58,130.75,,
SOL-USDT-SWAP,1H,1D,0.002,0.012,0.025,148.0,204.494,38.172,140,103,37,73.571,90.666,1.013,2.082,551,327.98,121.61,204.49,-37.65,,
SOL-USDT-SWAP,1H,1D,0.002,0.012,0.03,148.0,204.031,37.859,140,105,35,75.0,84.278,1.017,2.065,551,259.11,75.08,204.03,-21.26,,
SOL-USDT-SWAP,1H,1D,0.002,0.015,0.005,148.0,40.117,-72.894,140,47,93,33.571,81.176,0.847,-3.976,551,102.94,-30.45,40.12,-61.03,,
SOL-USDT-SWAP,1H,1D,0.002,0.015,0.008,148.0,45.634,-69.166,140,61,79,43.571,91.546,0.921,-3.773,551,181.0,22.3,45.63,-74.79,,
SOL-USDT-SWAP,1H,1D,0.002,0.015,0.01,148.0,70.431,-52.411,140,69,71,49.286,91.23,0.948,-2.859,551,167.5,13.17,70.43,-57.95,,
SOL-USDT-SWAP,1H,1D,0.002,0.015,0.015,148.0,107.514,-27.356,140,82,58,58.571,85.45,0.963,-1.492,551,91.57,-38.13,107.51,17.41,,
SOL-USDT-SWAP,1H,1D,0.002,0.015,0.02,148.0,109.965,-25.7,140,90,50,64.286,89.439,0.972,-1.402,551,64.74,-56.26,109.96,69.85,,
SOL-USDT-SWAP,1H,1D,0.002,0.015,0.025,148.0,23.875,-83.868,140,91,49,65.0,93.985,0.891,-4.575,551,67.9,-54.12,23.88,-64.84,,
SOL-USDT-SWAP,1H,1D,0.002,0.015,0.03,148.0,20.47,-86.169,140,92,48,65.714,94.576,0.871,-4.7,551,53.0,-64.19,20.47,-61.38,,
SOL-USDT-SWAP,1H,1D,0.002,0.02,0.005,148.0,16.14,-89.095,140,37,103,26.429,93.742,0.81,-4.86,551,111.24,-24.84,16.14,-85.49,,
SOL-USDT-SWAP,1H,1D,0.002,0.02,0.008,148.0,9.697,-93.448,140,48,92,34.286,97.27,0.813,-5.097,551,81.63,-44.85,9.7,-88.12,,
SOL-USDT-SWAP,1H,1D,0.002,0.02,0.01,148.0,6.264,-95.767,140,53,87,37.857,98.818,0.781,-5.224,551,70.47,-52.39,6.26,-91.11,,
SOL-USDT-SWAP,1H,1D,0.002,0.02,0.015,148.0,4.922,-96.674,140,65,75,46.429,99.354,0.709,-5.273,551,40.87,-72.39,4.92,-87.96,,
SOL-USDT-SWAP,1H,1D,0.002,0.02,0.02,148.0,1.234,-99.166,140,71,69,50.714,99.8,0.707,-5.409,551,25.1,-83.04,1.23,-95.09,,
SOL-USDT-SWAP,1H,1D,0.002,0.02,0.025,148.0,0.136,-99.908,140,73,67,52.143,99.968,0.733,-5.45,551,31.68,-78.59,0.14,-99.57,,
SOL-USDT-SWAP,1H,1D,0.002,0.02,0.03,148.0,0.193,-99.87,140,75,65,53.571,99.958,0.71,-5.447,551,27.75,-81.25,0.19,-99.31,,
SOL-USDT-SWAP,1H,1D,0.002,0.03,0.005,148.0,4.182,-97.174,140,27,113,19.286,98.059,0.704,-5.3,551,72.43,-51.06,4.18,-94.23,,
SOL-USDT-SWAP,1H,1D,0.002,0.03,0.008,148.0,1.161,-99.216,140,35,105,25.0,99.457,0.618,-5.412,551,38.08,-74.27,1.16,-96.95,,
SOL-USDT-SWAP,1H,1D,0.002,0.03,0.01,148.0,0.554,-99.626,140,39,101,27.857,99.757,0.684,-5.434,551,48.53,-67.21,0.55,-98.86,,
SOL-USDT-SWAP,1H,1D,0.002,0.03,0.015,148.0,1.085,-99.267,140,53,87,37.857,99.684,0.604,-5.415,551,27.15,-81.65,1.09,-96.0,,
SOL-USDT-SWAP,1H,1D,0.002,0.03,0.02,148.0,0.104,-99.93,140,58,82,41.429,99.96,0.489,-5.451,551,9.69,-93.45,0.1,-98.93,,
SOL-USDT-SWAP,1H,1D,0.002,0.03,0.025,148.0,0.018,-99.988,140,61,79,43.571,99.992,0.566,-5.454,551,14.58,-90.15,0.02,-99.88,,
SOL-USDT-SWAP,1H,1D,0.002,0.03,0.03,148.0,0.024,-99.984,140,63,77,45.0,99.993,0.523,-5.454,551,11.83,-92.0,0.02,-99.8,,
SOL-USDT-SWAP,1H,1D,0.003,0.004,0.005,148.0,8.887,-93.995,138,78,60,56.522,94.341,0.381,-5.127,551,81.51,-44.92,8.89,-89.1,,
SOL-USDT-SWAP,1H,1D,0.003,0.004,0.008,148.0,19.451,-86.858,138,100,38,72.464,88.559,0.556,-4.738,551,135.67,-8.33,19.45,-85.66,,
SOL-USDT-SWAP,1H,1D,0.003,0.004,0.01,148.0,26.978,-81.772,138,108,30,78.261,84.757,0.618,-4.46,551,155.74,5.23,26.98,-82.68,,
SOL-USDT-SWAP,1H,1D,0.003,0.004,0.015,148.0,55.352,-62.6,138,120,18,86.957,79.546,0.717,-3.415,551,142.86,-3.48,55.35,-61.25,,
SOL-USDT-SWAP,1H,1D,0.003,0.004,0.02,148.0,52.744,-64.362,138,124,14,89.855,76.516,0.695,-3.511,551,111.42,-24.72,52.74,-52.66,,
SOL-USDT-SWAP,1H,1D,0.003,0.004,0.025,148.0,111.11,-24.926,138,129,9,93.478,67.882,0.911,-1.36,551,166.89,12.76,111.11,-33.42,,
SOL-USDT-SWAP,1H,1D,0.003,0.004,0.03,148.0,198.016,33.795,138,132,6,95.652,73.936,1.122,1.843,551,217.22,46.77,198.02,-8.84,,
SOL-USDT-SWAP,1H,1D,0.003,0.006,0.005,148.0,32.206,-78.239,138,76,62,55.072,80.655,0.688,-4.268,551,118.41,-19.99,32.21,-72.8,,
SOL-USDT-SWAP,1H,1D,0.003,0.006,0.008,148.0,87.264,-41.038,138,97,41,70.29,74.445,0.892,-2.238,551,192.12,29.81,87.26,-54.58,,
SOL-USDT-SWAP,1H,1D,0.003,0.006,0.01,148.0,131.674,-11.031,138,105,33,76.087,70.825,0.975,-0.602,551,218.42,47.58,131.67,-39.71,,
SOL-USDT-SWAP,1H,1D,0.003,0.006,0.015,148.0,358.53,142.25,138,118,20,85.507,58.231,1.256,7.759,551,227.73,53.87,358.53,57.44,,
SOL-USDT-SWAP,1H,1D,0.003,0.006,0.02,148.0,325.876,120.186,138,122,16,88.406,45.209,1.225,6.556,551,166.84,12.73,325.88,95.33,,
SOL-USDT-SWAP,1H,1D,0.003,0.006,0.025,148.0,462.82,212.716,138,126,12,91.304,57.964,1.252,11.603,551,243.01,64.2,462.82,90.45,,
SOL-USDT-SWAP,1H,1D,0.003,0.006,0.03,148.0,869.163,487.272,138,129,9,93.478,68.35,1.577,26.578,551,300.22,102.85,869.16,189.51,,
SOL-USDT-SWAP,1H,1D,0.003,0.008,0.005,148.0,60.242,-59.296,138,70,68,50.725,71.622,0.842,-3.234,551,141.83,-4.17,60.24,-57.53,,
SOL-USDT-SWAP,1H,1D,0.003,0.008,0.008,148.0,216.427,46.234,138,91,47,65.942,71.278,1.068,2.522,551,246.21,66.36,216.43,-12.1,,
SOL-USDT-SWAP,1H,1D,0.003,0.008,0.01,148.0,339.776,129.578,138,99,39,71.739,69.853,1.153,7.068,551,277.95,87.81,339.78,22.24,,
SOL-USDT-SWAP,1H,1D,0.003,0.008,0.015,148.0,1295.411,775.278,138,113,25,81.884,53.776,1.533,42.288,551,342.18,131.2,1295.41,278.58,,
SOL-USDT-SWAP,1H,1D,0.003,0.008,0.02,148.0,771.722,421.434,138,116,22,84.058,54.512,1.325,22.987,551,235.53,59.14,771.72,227.65,,
SOL-USDT-SWAP,1H,1D,0.003,0.008,0.025,148.0,1093.871,639.102,138,120,18,86.957,54.364,1.297,34.86,551,333.45,125.31,1093.87,228.04,,
SOL-USDT-SWAP,1H,1D,0.003,0.008,0.03,148.0,2940.3,1886.689,138,124,14,89.855,65.64,1.757,102.91,551,391.0,164.19,2940.3,651.99,,
SOL-USDT-SWAP,1H,1D,0.003,0.01,0.005,148.0,43.496,-70.611,138,59,79,42.754,80.817,0.834,-3.851,551,157.67,6.54,43.5,-72.41,,
SOL-USDT-SWAP,1H,1D,0.003,0.01,0.008,148.0,130.666,-11.712,138,79,59,57.246,83.323,0.987,-0.639,551,292.1,97.36,130.67,-55.27,,
SOL-USDT-SWAP,1H,1D,0.003,0.01,0.01,148.0,125.598,-15.137,138,85,53,61.594,80.801,0.983,-0.826,551,272.28,83.98,125.6,-53.87,,
SOL-USDT-SWAP,1H,1D,0.003,0.01,0.015,148.0,413.627,179.478,138,100,38,72.464,68.099,1.134,9.79,551,241.23,62.99,413.63,71.47,,
SOL-USDT-SWAP,1H,1D,0.003,0.01,0.02,148.0,164.445,11.112,138,103,35,74.638,76.061,1.011,0.606,551,162.6,9.87,164.45,1.13,,
SOL-USDT-SWAP,1H,1D,0.003,0.01,0.025,148.0,152.406,2.977,138,107,31,77.536,90.929,1.001,0.162,551,458.35,209.7,152.41,-66.75,,
SOL-USDT-SWAP,1H,1D,0.003,0.01,0.03,148.0,150.194,1.482,138,109,29,78.986,90.898,1.001,0.081,551,393.95,166.18,150.19,-61.88,,
SOL-USDT-SWAP,1H,1D,0.003,0.012,0.005,148.0,45.644,-69.16,138,53,85,38.406,83.145,0.863,-3.772,551,161.21,8.92,45.64,-71.69,,
SOL-USDT-SWAP,1H,1D,0.003,0.012,0.008,148.0,189.907,28.316,138,74,64,53.623,76.491,1.028,1.544,551,259.28,75.19,189.91,-26.76,,
SOL-USDT-SWAP,1H,1D,0.003,0.012,0.01,148.0,233.754,57.942,138,80,58,57.971,74.17,1.049,3.16,551,259.39,75.26,233.75,-9.88,,
SOL-USDT-SWAP,1H,1D,0.003,0.012,0.015,148.0,928.893,527.631,138,95,43,68.841,50.413,1.25,28.78,551,232.42,57.04,928.89,299.66,,
SOL-USDT-SWAP,1H,1D,0.003,0.012,0.02,148.0,243.2,64.324,138,97,41,70.29,68.554,1.048,3.509,551,147.16,-0.57,243.2,65.26,,
SOL-USDT-SWAP,1H,1D,0.003,0.012,0.025,148.0,212.608,43.654,138,101,37,73.188,86.004,1.018,2.381,551,383.6,159.19,212.61,-44.58,,
SOL-USDT-SWAP,1H,1D,0.003,0.012,0.03,148.0,187.621,26.771,138,103,35,74.638,88.68,1.015,1.46,551,306.94,107.39,187.62,-38.87,,
SOL-USDT-SWAP,1H,1D,0.003,0.015,0.005,148.0,24.405,-83.51,138,43,95,31.159,92.246,0.827,-4.555,551,135.78,-8.26,24.4,-82.03,,
SOL-USDT-SWAP,1H,1D,0.003,0.015,0.008,148.0,79.104,-46.552,138,62,76,44.928,92.914,0.949,-2.539,551,208.61,40.95,79.1,-62.08,,
SOL-USDT-SWAP,1H,1D,0.003,0.015,0.01,148.0,149.615,1.091,138,70,68,50.725,88.648,1.001,0.06,551,204.39,38.1,149.62,-26.8,,
SOL-USDT-SWAP,1H,1D,0.003,0.015,0.015,148.0,298.065,101.396,138,83,55,60.145,85.239,1.084,5.531,551,163.09,10.19,298.07,82.76,,
SOL-USDT-SWAP,1H,1D,0.003,0.015,0.02,148.0,90.878,-38.596,138,87,51,63.043,89.283,0.955,-2.105,551,91.15,-38.41,90.88,-0.3,,
SOL-USDT-SWAP,1H,1D,0.003,0.015,0.025,148.0,24.844,-83.213,138,89,49,64.493,95.573,0.897,-4.539,551,104.1,-29.66,24.84,-76.14,,
SOL-USDT-SWAP,1H,1D,0.003,0.015,0.03,148.0,24.478,-83.461,138,90,48,65.217,95.696,0.886,-4.552,551,89.39,-39.6,24.48,-72.62,,
SOL-USDT-SWAP,1H,1D,0.003,0.02,0.005,148.0,17.081,-88.459,138,36,102,26.087,95.969,0.862,-4.825,551,213.07,43.97,17.08,-91.98,,
SOL-USDT-SWAP,1H,1D,0.003,0.02,0.008,148.0,22.311,-84.925,138,50,88,36.232,97.423,0.866,-4.632,551,135.64,-8.35,22.31,-83.55,,
SOL-USDT-SWAP,1H,1D,0.003,0.02,0.01,148.0,14.186,-90.415,138,54,84,39.13,97.736,0.848,-4.932,551,126.81,-14.32,14.19,-88.81,,
SOL-USDT-SWAP,1H,1D,0.003,0.02,0.015,148.0,14.741,-90.04,138,66,72,47.826,98.729,0.832,-4.911,551,83.53,-43.56,14.74,-82.35,,
SOL-USDT-SWAP,1H,1D,0.003,0.02,0.02,148.0,1.424,-99.038,138,69,69,50.0,99.822,0.745,-5.402,551,39.31,-73.44,1.42,-96.38,,
SOL-USDT-SWAP,1H,1D,0.003,0.02,0.025,148.0,0.197,-99.867,138,71,67,51.449,99.976,0.758,-5.447,551,38.41,-74.05,0.2,-99.49,,
SOL-USDT-SWAP,1H,1D,0.003,0.02,0.03,148.0,0.445,-99.699,138,74,64,53.623,99.953,0.818,-5.438,551,60.59,-59.06,0.44,-99.27,,
SOL-USDT-SWAP,1H,1D,0.003,0.03,0.005,148.0,3.46,-97.662,138,26,112,18.841,98.459,0.696,-5.327,551,85.35,-42.33,3.46,-95.95,,
SOL-USDT-SWAP,1H,1D,0.003,0.03,0.008,148.0,1.807,-98.779,138,36,102,26.087,99.37,0.694,-5.388,551,51.55,-65.17,1.81,-96.5,,
SOL-USDT-SWAP,1H,1D,0.003,0.03,0.01,148.0,1.041,-99.297,138,40,98,28.986,99.568,0.675,-5.416,551,47.77,-67.72,1.04,-97.82,,
SOL-USDT-SWAP,1H,1D,0.003,0.03,0.015,148.0,0.797,-99.461,138,51,87,36.957,99.86,0.593,-5.425,551,26.92,-81.81,0.8,-97.04,,
SOL-USDT-SWAP,1H,1D,0.003,0.03,0.02,148.0,0.085,-99.943,138,56,82,40.58,99.975,0.497,-5.451,551,10.19,-93.11,0.08,-99.17,,
SOL-USDT-SWAP,1H,1D,0.003,0.03,0.025,148.0,0.03,-99.98,138,60,78,43.478,99.992,0.577,-5.453,551,15.64,-89.43,0.03,-99.81,,
SOL-USDT-SWAP,1H,1D,0.003,0.03,0.03,148.0,0.031,-99.979,138,62,76,44.928,99.991,0.536,-5.453,551,13.09,-91.15,0.03,-99.76,,
SOL-USDT-SWAP,1H,1D,0.004,0.004,0.005,148.0,15.017,-89.853,132,79,53,59.848,90.99,0.448,-4.901,551,94.52,-36.13,15.02,-84.11,,
SOL-USDT-SWAP,1H,1D,0.004,0.004,0.008,148.0,22.111,-85.06,132,96,36,72.727,86.734,0.554,-4.64,551,130.79,-11.63,22.11,-83.09,,
SOL-USDT-SWAP,1H,1D,0.004,0.004,0.01,148.0,32.089,-78.318,132,104,28,78.788,82.593,0.585,-4.272,551,129.53,-12.48,32.09,-75.23,,
SOL-USDT-SWAP,1H,1D,0.004,0.004,0.015,148.0,60.224,-59.308,132,115,17,87.121,76.778,0.715,-3.235,551,137.71,-6.95,60.22,-56.27,,
SOL-USDT-SWAP,1H,1D,0.004,0.004,0.02,148.0,104.733,-29.234,132,121,11,91.667,65.624,0.884,-1.595,551,183.68,24.11,104.73,-42.98,,
SOL-USDT-SWAP,1H,1D,0.004,0.004,0.025,148.0,137.857,-6.854,132,124,8,93.939,69.735,0.972,-0.374,551,160.88,8.71,137.86,-14.31,,
SOL-USDT-SWAP,1H,1D,0.004,0.004,0.03,148.0,263.749,78.209,132,127,5,96.212,61.671,1.292,4.266,551,209.4,41.49,263.75,25.95,,
SOL-USDT-SWAP,1H,1D,0.004,0.006,0.005,148.0,55.166,-62.726,132,77,55,58.333,74.117,0.762,-3.421,551,122.03,-17.55,55.17,-54.79,,
SOL-USDT-SWAP,1H,1D,0.004,0.006,0.008,148.0,105.803,-28.512,132,94,38,71.212,65.876,0.921,-1.555,551,177.63,20.02,105.8,-40.44,,
SOL-USDT-SWAP,1H,1D,0.004,0.006,0.01,148.0,144.508,-2.36,132,101,31,76.515,67.749,0.993,-0.129,551,170.87,15.45,144.51,-15.43,,
SOL-USDT-SWAP,1H,1D,0.004,0.006,0.015,148.0,352.997,138.511,132,113,19,85.606,47.662,1.278,7.555,551,210.55,42.26,353.0,67.66,,
SOL-USDT-SWAP,1H,1D,0.004,0.006,0.02,148.0,606.958,310.107,132,119,13,90.152,45.924,1.426,16.915,551,274.22,85.29,606.96,121.34,,
SOL-USDT-SWAP,1H,1D,0.004,0.006,0.025,148.0,741.16,400.784,132,122,10,92.424,57.964,1.582,21.861,551,224.68,51.81,741.16,229.88,,
SOL-USDT-SWAP,1H,1D,0.004,0.006,0.03,148.0,1623.632,997.049,132,125,7,94.697,53.456,2.085,54.384,551,277.57,87.55,1623.63,484.94,,
SOL-USDT-SWAP,1H,1D,0.004,0.008,0.005,148.0,181.367,22.546,132,75,57,56.818,50.643,1.048,1.23,551,164.45,11.12,181.37,10.28,,
SOL-USDT-SWAP,1H,1D,0.004,0.008,0.008,148.0,381.024,157.449,132,91,41,68.939,54.37,1.228,8.588,551,219.75,48.48,381.02,73.39,,
SOL-USDT-SWAP,1H,1D,0.004,0.008,0.01,148.0,554.172,274.441,132,98,34,74.242,63.149,1.401,14.969,551,205.95,39.16,554.17,169.08,,
SOL-USDT-SWAP,1H,1D,0.004,0.008,0.015,148.0,1823.502,1132.096,132,111,21,84.091,34.213,1.805,61.751,551,305.4,106.35,1823.5,497.08,,
SOL-USDT-SWAP,1H,1D,0.004,0.008,0.02,148.0,2274.568,1436.87,132,116,16,87.879,39.16,1.646,78.375,551,388.23,162.32,2274.57,485.88,,
SOL-USDT-SWAP,1H,1D,0.004,0.008,0.025,148.0,2502.724,1591.03,132,119,13,90.152,49.143,1.772,86.783,551,297.62,101.09,2502.72,740.92,,
SOL-USDT-SWAP,1H,1D,0.004,0.008,0.03,148.0,5034.018,3301.364,132,122,10,92.424,50.986,2.08,180.074,551,348.98,135.8,5034.02,1342.49,,
SOL-USDT-SWAP,1H,1D,0.004,0.01,0.005,148.0,268.124,81.165,132,68,64,51.515,55.01,1.122,4.427,551,212.98,43.91,268.12,25.89,,
SOL-USDT-SWAP,1H,1D,0.004,0.01,0.008,148.0,536.758,262.675,132,83,49,62.879,60.841,1.243,14.328,551,302.36,104.3,536.76,77.52,,
SOL-USDT-SWAP,1H,1D,0.004,0.01,0.01,148.0,512.523,246.299,132,88,44,66.667,66.031,1.25,13.435,551,282.29,90.74,512.52,81.56,,
SOL-USDT-SWAP,1H,1D,0.004,0.01,0.015,148.0,1196.7,708.581,132,100,32,75.758,54.251,1.406,38.65,551,326.67,120.72,1196.7,266.34,,
SOL-USDT-SWAP,1H,1D,0.004,0.01,0.02,148.0,1521.484,928.03,132,106,26,80.303,67.394,1.278,50.62,551,523.96,254.02,1521.48,190.38,,
SOL-USDT-SWAP,1H,1D,0.004,0.01,0.025,148.0,857.735,479.551,132,108,24,81.818,78.208,1.163,26.157,551,557.35,276.59,857.74,53.9,,
SOL-USDT-SWAP,1H,1D,0.004,0.01,0.03,148.0,1524.76,930.243,132,111,21,84.091,77.374,1.23,50.741,551,665.87,349.91,1524.76,128.99,,
SOL-USDT-SWAP,1H,1D,0.004,0.012,0.005,148.0,327.516,121.295,132,62,70,46.97,60.559,1.131,6.616,551,263.17,77.82,327.52,24.45,,
SOL-USDT-SWAP,1H,1D,0.004,0.012,0.008,148.0,426.419,188.121,132,74,58,56.061,66.167,1.154,10.261,551,292.4,97.56,426.42,45.84,,
SOL-USDT-SWAP,1H,1D,0.004,0.012,0.01,148.0,387.38,161.743,132,79,53,59.848,72.339,1.144,8.822,551,276.31,86.7,387.38,40.2,,
SOL-USDT-SWAP,1H,1D,0.004,0.012,0.015,148.0,2062.956,1293.889,132,94,38,71.212,48.26,1.436,70.576,551,357.38,141.47,2062.96,477.25,,
SOL-USDT-SWAP,1H,1D,0.004,0.012,0.02,148.0,1825.616,1133.524,132,99,33,75.0,64.264,1.232,61.829,551,605.71,309.26,1825.62,201.4,,
SOL-USDT-SWAP,1H,1D,0.004,0.012,0.025,148.0,857.738,479.553,132,101,31,76.515,78.511,1.126,26.157,551,608.83,311.37,857.74,40.88,,
SOL-USDT-SWAP,1H,1D,0.004,0.012,0.03,148.0,995.03,572.318,132,103,29,78.03,74.41,1.143,31.217,551,529.92,258.05,995.03,87.77,,
SOL-USDT-SWAP,1H,1D,0.004,0.015,0.005,148.0,84.712,-42.762,132,47,85,35.606,85.93,0.945,-2.332,551,243.61,64.6,84.71,-65.23,,
SOL-USDT-SWAP,1H,1D,0.004,0.015,0.008,148.0,150.965,2.003,132,62,70,46.97,88.538,1.002,0.109,551,274.0,85.14,150.96,-44.9,,
SOL-USDT-SWAP,1H,1D,0.004,0.015,0.01,148.0,263.806,78.247,132,70,62,53.03,80.944,1.067,4.268,551,254.26,71.8,263.81,3.75,,
SOL-USDT-SWAP,1H,1D,0.004,0.015,0.015,148.0,532.758,259.972,132,82,50,62.121,85.08,1.145,14.18,551,246.3,66.42,532.76,116.31,,
SOL-USDT-SWAP,1H,1D,0.004,0.015,0.02,148.0,211.064,42.611,132,86,46,65.152,87.973,1.024,2.324,551,274.66,85.58,211.06,-23.15,,
SOL-USDT-SWAP,1H,1D,0.004,0.015,0.025,148.0,46.638,-68.488,132,87,45,65.909,95.712,0.947,-3.736,551,226.07,52.75,46.64,-79.37,,
SOL-USDT-SWAP,1H,1D,0.004,0.015,0.03,148.0,84.76,-42.73,132,89,43,67.424,94.56,0.974,-2.331,551,235.64,59.21,84.76,-64.03,,
SOL-USDT-SWAP,1H,1D,0.004,0.02,0.005,148.0,38.788,-73.792,132,37,95,28.03,94.24,0.905,-4.025,551,274.89,85.74,38.79,-85.89,,
SOL-USDT-SWAP,1H,1D,0.004,0.02,0.008,148.0,22.09,-85.074,132,47,85,35.606,97.332,0.872,-4.64,551,196.87,33.02,22.09,-88.78,,
SOL-USDT-SWAP,1H,1D,0.004,0.02,0.01,148.0,38.808,-73.779,132,55,77,41.667,95.893,0.866,-4.024,551,132.5,-10.47,38.81,-70.71,,
SOL-USDT-SWAP,1H,1D,0.004,0.02,0.015,148.0,21.966,-85.158,132,64,68,48.485,98.221,0.854,-4.645,551,105.96,-28.41,21.97,-79.27,,
SOL-USDT-SWAP,1H,1D,0.004,0.02,0.02,148.0,3.078,-97.92,132,67,65,50.758,99.668,0.813,-5.341,551,76.39,-48.39,3.08,-95.97,,
SOL-USDT-SWAP,1H,1D,0.004,0.02,0.025,148.0,0.545,-99.631,132,68,64,51.515,99.94,0.805,-5.434,551,64.44,-56.46,0.55,-99.15,,
SOL-USDT-SWAP,1H,1D,0.004,0.02,0.03,148.0,0.873,-99.41,132,70,62,53.03,99.923,0.823,-5.422,551,77.08,-47.92,0.87,-98.87,,
SOL-USDT-SWAP,1H,1D,0.004,0.03,0.005,148.0,3.644,-97.538,132,24,108,18.182,98.325,0.592,-5.32,551,66.95,-54.77,3.64,-94.56,,
SOL-USDT-SWAP,1H,1D,0.004,0.03,0.008,148.0,1.543,-98.958,132,33,99,25.0,99.377,0.653,-5.398,551,60.78,-58.93,1.54,-97.46,,
SOL-USDT-SWAP,1H,1D,0.004,0.03,0.01,148.0,3.217,-97.827,132,41,91,31.061,99.153,0.599,-5.336,551,36.54,-75.31,3.22,-91.2,,
SOL-USDT-SWAP,1H,1D,0.004,0.03,0.015,148.0,0.623,-99.579,132,48,84,36.364,99.861,0.527,-5.432,551,23.58,-84.07,0.62,-97.36,,
SOL-USDT-SWAP,1H,1D,0.004,0.03,0.02,148.0,0.096,-99.935,132,53,79,40.152,99.964,0.514,-5.451,551,14.06,-90.5,0.1,-99.32,,
SOL-USDT-SWAP,1H,1D,0.004,0.03,0.025,148.0,0.035,-99.976,132,56,76,42.424,99.99,0.53,-5.453,551,16.46,-88.88,0.04,-99.79,,
SOL-USDT-SWAP,1H,1D,0.004,0.03,0.03,148.0,0.057,-99.962,132,59,73,44.697,99.987,0.629,-5.452,551,26.64,-82.0,0.06,-99.79,,
SOL-USDT-SWAP,1H,1D,0.005,0.004,0.005,148.0,15.726,-89.374,125,74,51,59.2,90.565,0.457,-4.875,551,117.52,-20.6,15.73,-86.62,,
SOL-USDT-SWAP,1H,1D,0.005,0.004,0.008,148.0,14.98,-89.878,125,87,38,69.6,91.591,0.489,-4.902,551,123.24,-16.73,14.98,-87.85,,
SOL-USDT-SWAP,1H,1D,0.005,0.004,0.01,148.0,17.931,-87.885,125,94,31,75.2,90.079,0.491,-4.794,551,105.3,-28.85,17.93,-82.97,,
SOL-USDT-SWAP,1H,1D,0.005,0.004,0.015,148.0,28.23,-80.926,125,105,20,84.0,85.712,0.58,-4.414,551,129.77,-12.32,28.23,-78.25,,
SOL-USDT-SWAP,1H,1D,0.005,0.004,0.02,148.0,40.423,-72.687,125,111,14,88.8,84.62,0.695,-3.965,551,173.08,16.95,40.42,-76.65,,
SOL-USDT-SWAP,1H,1D,0.005,0.004,0.025,148.0,43.582,-70.553,125,114,11,91.2,83.418,0.704,-3.848,551,151.6,2.44,43.58,-71.25,,
SOL-USDT-SWAP,1H,1D,0.005,0.004,0.03,148.0,67.334,-54.504,125,117,8,93.6,76.576,0.802,-2.973,551,197.32,33.33,67.33,-65.88,,
SOL-USDT-SWAP,1H,1D,0.005,0.006,0.005,148.0,29.497,-80.07,125,67,58,53.6,86.202,0.702,-4.367,551,151.27,2.21,29.5,-80.5,,
SOL-USDT-SWAP,1H,1D,0.005,0.006,0.008,148.0,33.21,-77.561,125,81,44,64.8,86.286,0.74,-4.231,551,157.45,6.39,33.21,-78.91,,
SOL-USDT-SWAP,1H,1D,0.005,0.006,0.01,148.0,39.779,-73.122,125,88,37,70.4,84.725,0.749,-3.988,551,128.6,-13.11,39.78,-69.07,,
SOL-USDT-SWAP,1H,1D,0.005,0.006,0.015,148.0,54.521,-63.161,125,99,26,79.2,82.804,0.82,-3.445,551,149.38,0.93,54.52,-63.5,,
SOL-USDT-SWAP,1H,1D,0.005,0.006,0.02,148.0,59.698,-59.664,125,105,20,84.0,84.01,0.873,-3.254,551,182.13,23.06,59.7,-67.22,,
SOL-USDT-SWAP,1H,1D,0.005,0.006,0.025,148.0,48.173,-67.451,125,108,17,86.4,87.708,0.847,-3.679,551,139.62,-5.66,48.17,-65.5,,
SOL-USDT-SWAP,1H,1D,0.005,0.006,0.03,148.0,88.054,-40.504,125,111,14,88.8,75.879,0.921,-2.209,551,160.63,8.53,88.05,-45.18,,
SOL-USDT-SWAP,1H,1D,0.005,0.008,0.005,148.0,73.684,-50.214,125,64,61,51.2,71.393,0.87,-2.739,551,163.9,10.74,73.68,-55.04,,
SOL-USDT-SWAP,1H,1D,0.005,0.008,0.008,148.0,101.422,-31.472,125,78,47,62.4,65.009,0.929,-1.717,551,169.13,14.28,101.42,-40.03,,
SOL-USDT-SWAP,1H,1D,0.005,0.008,0.01,148.0,132.322,-10.593,125,85,40,68.0,62.421,0.978,-0.578,551,159.15,7.53,132.32,-16.86,,
SOL-USDT-SWAP,1H,1D,0.005,0.008,0.015,148.0,291.202,96.758,125,97,28,77.6,59.022,1.124,5.278,551,235.91,59.4,291.2,23.44,,
SOL-USDT-SWAP,1H,1D,0.005,0.008,0.02,148.0,262.036,77.051,125,102,23,81.6,72.637,1.067,4.203,551,298.8,101.89,262.04,-12.3,,
SOL-USDT-SWAP,1H,1D,0.005,0.008,0.025,148.0,143.669,-2.926,125,104,21,83.2,81.513,0.997,-0.16,551,229.06,54.77,143.67,-37.28,,
SOL-USDT-SWAP,1H,1D,0.005,0.008,0.03,148.0,241.121,62.92,125,107,18,85.6,65.814,1.062,3.432,551,268.59,81.48,241.12,-10.23,,
SOL-USDT-SWAP,1H,1D,0.005,0.01,0.005,148.0,183.076,23.7,125,62,63,49.6,59.024,1.037,1.293,551,236.89,60.06,183.08,-22.72,,
SOL-USDT-SWAP,1H,1D,0.005,0.01,0.008,148.0,182.009,22.979,125,73,52,58.4,64.602,1.029,1.253,551,258.54,74.69,182.01,-29.6,,
SOL-USDT-SWAP,1H,1D,0.005,0.01,0.01,148.0,246.652,66.657,125,80,45,64.0,61.349,1.072,3.636,551,247.89,67.49,246.65,-0.5,,
SOL-USDT-SWAP,1H,1D,0.005,0.01,0.015,148.0,628.552,324.697,125,92,33,73.6,65.106,1.17,17.711,551,396.0,167.57,628.55,58.73,,
SOL-USDT-SWAP,1H,1D,0.005,0.01,0.02,148.0,417.23,181.912,125,96,29,76.8,82.884,1.065,9.922,551,520.68,251.81,417.23,-19.87,,
SOL-USDT-SWAP,1H,1D,0.005,0.01,0.025,148.0,341.649,130.844,125,99,26,79.2,79.054,1.063,7.137,551,399.15,169.7,341.65,-14.41,,
SOL-USDT-SWAP,1H,1D,0.005,0.01,0.03,148.0,682.686,361.274,125,102,23,81.6,63.732,1.134,19.706,551,476.87,222.21,682.69,43.16,,
SOL-USDT-SWAP,1H,1D,0.005,0.012,0.005,148.0,77.088,-47.914,125,50,75,40.0,82.538,0.923,-2.613,551,242.2,63.65,77.09,-68.17,,
SOL-USDT-SWAP,1H,1D,0.005,0.012,0.008,148.0,54.239,-63.352,125,60,65,48.0,86.825,0.907,-3.456,551,218.42,47.58,54.24,-75.17,,
SOL-USDT-SWAP,1H,1D,0.005,0.012,0.01,148.0,65.045,-56.051,125,67,58,53.6,88.509,0.934,-3.057,551,203.9,37.77,65.04,-68.1,,
SOL-USDT-SWAP,1H,1D,0.005,0.012,0.015,148.0,173.194,17.023,125,80,45,64.0,85.783,1.012,0.929,551,266.44,80.02,173.19,-35.0,,
SOL-USDT-SWAP,1H,1D,0.005,0.012,0.02,148.0,75.864,-48.74,125,84,41,67.2,95.074,0.976,-2.659,551,449.94,204.01,75.86,-83.14,,
SOL-USDT-SWAP,1H,1D,0.005,0.012,0.025,148.0,47.299,-68.041,125,87,38,69.6,96.268,0.966,-3.711,551,487.53,229.41,47.3,-90.3,,
SOL-USDT-SWAP,1H,1D,0.005,0.012,0.03,148.0,34.068,-76.981,125,88,37,70.4,96.878,0.959,-4.199,551,429.65,190.31,34.07,-92.07,,
SOL-USDT-SWAP,1H,1D,0.005,0.015,0.005,148.0,85.044,-42.538,125,44,81,35.2,84.399,0.943,-2.32,551,264.64,78.81,85.04,-67.86,,
SOL-USDT-SWAP,1H,1D,0.005,0.015,0.008,148.0,95.843,-35.241,125,57,68,45.6,81.571,0.958,-1.922,551,210.48,42.22,95.84,-54.47,,
SOL-USDT-SWAP,1H,1D,0.005,0.015,0.01,148.0,125.364,-15.295,125,64,61,51.2,83.484,0.986,-0.834,551,186.49,26.0,125.36,-32.78,,
SOL-USDT-SWAP,1H,1D,0.005,0.015,0.015,148.0,173.678,17.35,125,74,51,59.2,89.453,1.012,0.946,551,192.63,30.16,173.68,-9.84,,
SOL-USDT-SWAP,1H,1D,0.005,0.015,0.02,148.0,90.029,-39.17,125,79,46,63.2,95.148,0.981,-2.137,551,311.27,110.32,90.03,-71.08,,
SOL-USDT-SWAP,1H,1D,0.005,0.015,0.025,148.0,78.349,-47.062,125,83,42,66.4,95.511,0.979,-2.567,551,428.71,189.67,78.35,-81.72,,
SOL-USDT-SWAP,1H,1D,0.005,0.015,0.03,148.0,82.546,-44.226,125,85,40,68.0,95.995,0.985,-2.412,551,527.01,256.09,82.55,-84.34,,
SOL-USDT-SWAP,1H,1D,0.005,0.02,0.005,148.0,36.89,-75.075,125,34,91,27.2,91.822,0.881,-4.095,551,247.79,67.43,36.89,-85.11,,
SOL-USDT-SWAP,1H,1D,0.005,0.02,0.008,148.0,27.978,-81.096,125,45,80,36.0,93.165,0.867,-4.423,551,192.21,29.87,27.98,-85.44,,
SOL-USDT-SWAP,1H,1D,0.005,0.02,0.01,148.0,28.005,-81.078,125,51,74,40.8,94.321,0.867,-4.422,551,162.79,9.99,28.0,-82.8,,
SOL-USDT-SWAP,1H,1D,0.005,0.02,0.015,148.0,14.562,-90.161,125,59,66,47.2,97.603,0.85,-4.918,551,114.27,-22.79,14.56,-87.26,,
SOL-USDT-SWAP,1H,1D,0.005,0.02,0.02,148.0,2.057,-98.61,125,62,63,49.6,99.652,0.812,-5.379,551,80.88,-45.35,2.06,-97.46,,
SOL-USDT-SWAP,1H,1D,0.005,0.02,0.025,148.0,0.828,-99.44,125,64,61,51.2,99.896,0.817,-5.424,551,88.92,-39.92,0.83,-99.07,,
SOL-USDT-SWAP,1H,1D,0.005,0.02,0.03,148.0,2.028,-98.63,125,68,57,54.4,99.803,0.851,-5.38,551,88.27,-40.36,2.03,-97.7,,
SOL-USDT-SWAP,1H,1D,0.005,0.03,0.005,148.0,3.747,-97.469,125,21,104,16.8,98.563,0.489,-5.316,551,47.18,-68.12,3.75,-92.06,,
SOL-USDT-SWAP,1H,1D,0.005,0.03,0.008,148.0,1.55,-98.953,125,30,95,24.0,99.491,0.564,-5.397,551,44.89,-69.67,1.55,-96.55,,
SOL-USDT-SWAP,1H,1D,0.005,0.03,0.01,148.0,1.605,-98.916,125,36,89,28.8,99.546,0.539,-5.395,551,33.2,-77.57,1.6,-95.17,,
SOL-USDT-SWAP,1H,1D,0.005,0.03,0.015,148.0,0.418,-99.718,125,43,82,34.4,99.934,0.598,-5.439,551,27.44,-81.46,0.42,-98.48,,
SOL-USDT-SWAP,1H,1D,0.005,0.03,0.02,148.0,0.074,-99.95,125,48,77,38.4,99.987,0.622,-5.452,551,18.05,-87.8,0.07,-99.59,,
SOL-USDT-SWAP,1H,1D,0.005,0.03,0.025,148.0,0.06,-99.96,125,52,73,41.6,99.991,0.648,-5.452,551,29.35,-80.17,0.06,-99.8,,
SOL-USDT-SWAP,1H,1D,0.005,0.03,0.03,148.0,0.051,-99.966,125,55,70,44.0,99.993,0.666,-5.453,551,27.01,-81.75,0.05,-99.81,,
SOL-USDT-SWAP,1H,1D,0.007,0.004,0.005,148.0,17.648,-88.076,112,65,47,58.036,88.984,0.429,-4.804,551,116.74,-21.12,17.65,-84.88,,
SOL-USDT-SWAP,1H,1D,0.007,0.004,0.008,148.0,21.733,-85.316,112,79,33,70.536,87.216,0.476,-4.654,551,111.63,-24.58,21.73,-80.53,,
SOL-USDT-SWAP,1H,1D,0.007,0.004,0.01,148.0,25.104,-83.038,112,85,27,75.893,85.392,0.477,-4.529,551,110.55,-25.3,25.1,-77.29,,
SOL-USDT-SWAP,1H,1D,0.007,0.004,0.015,148.0,40.649,-72.535,112,95,17,84.821,76.831,0.577,-3.956,551,117.54,-20.58,40.65,-65.42,,
SOL-USDT-SWAP,1H,1D,0.007,0.004,0.02,148.0,92.441,-37.54,112,102,10,91.071,70.018,0.814,-2.048,551,156.77,5.92,92.44,-41.03,,
SOL-USDT-SWAP,1H,1D,0.007,0.004,0.025,148.0,130.011,-12.154,112,105,7,93.75,66.727,0.943,-0.663,551,191.86,29.64,130.01,-32.24,,
SOL-USDT-SWAP,1H,1D,0.007,0.004,0.03,148.0,178.019,20.283,112,107,5,95.536,63.159,1.095,1.106,551,178.72,20.76,178.02,-0.39,,
SOL-USDT-SWAP,1H,1D,0.007,0.006,0.005,148.0,31.272,-78.87,112,59,53,52.679,84.316,0.674,-4.302,551,156.44,5.7,31.27,-80.01,,
SOL-USDT-SWAP,1H,1D,0.007,0.006,0.008,148.0,64.107,-56.685,112,76,36,67.857,72.678,0.811,-3.092,551,173.97,17.55,64.11,-63.15,,
SOL-USDT-SWAP,1H,1D,0.007,0.006,0.01,148.0,65.572,-55.694,112,81,31,72.321,71.881,0.81,-3.038,551,175.67,18.7,65.57,-62.67,,
SOL-USDT-SWAP,1H,1D,0.007,0.006,0.015,148.0,101.652,-31.316,112,91,21,81.25,59.151,0.916,-1.708,551,194.17,31.2,101.65,-47.65,,
SOL-USDT-SWAP,1H,1D,0.007,0.006,0.02,148.0,154.177,4.174,112,97,15,86.607,57.876,1.007,0.228,551,269.23,81.91,154.18,-42.73,,
SOL-USDT-SWAP,1H,1D,0.007,0.006,0.025,148.0,178.143,20.367,112,100,12,89.286,70.558,1.029,1.111,551,335.97,127.0,178.14,-46.98,,
SOL-USDT-SWAP,1H,1D,0.007,0.006,0.03,148.0,190.694,28.847,112,102,10,91.071,67.467,1.037,1.573,551,312.96,111.46,190.69,-39.07,,
SOL-USDT-SWAP,1H,1D,0.007,0.008,0.005,148.0,42.678,-71.163,112,53,59,47.321,82.901,0.784,-3.882,551,174.63,17.99,42.68,-75.56,,
SOL-USDT-SWAP,1H,1D,0.007,0.008,0.008,148.0,117.015,-20.936,112,71,41,63.393,64.822,0.954,-1.142,551,192.53,30.09,117.02,-39.22,,
SOL-USDT-SWAP,1H,1D,0.007,0.008,0.01,148.0,117.281,-20.756,112,76,36,67.857,68.582,0.953,-1.132,551,189.42,27.99,117.28,-38.08,,
SOL-USDT-SWAP,1H,1D,0.007,0.008,0.015,148.0,163.558,10.512,112,86,26,76.786,55.102,1.018,0.573,551,193.4,30.68,163.56,-15.43,,
SOL-USDT-SWAP,1H,1D,0.007,0.008,0.02,148.0,202.818,37.039,112,92,20,82.143,61.422,1.04,2.02,551,244.96,65.52,202.82,-17.21,,
SOL-USDT-SWAP,1H,1D,0.007,0.008,0.025,148.0,256.477,73.295,112,95,17,84.821,60.753,1.069,3.998,551,272.68,84.24,256.48,-5.94,,
SOL-USDT-SWAP,1H,1D,0.007,0.008,0.03,148.0,230.245,55.571,112,97,15,86.607,59.744,1.052,3.031,551,220.2,48.78,230.25,4.56,,
SOL-USDT-SWAP,1H,1D,0.007,0.01,0.005,148.0,62.328,-57.886,112,49,63,43.75,74.407,0.841,-3.157,551,164.91,11.43,62.33,-62.21,,
SOL-USDT-SWAP,1H,1D,0.007,0.01,0.008,148.0,179.579,21.337,112,66,46,58.929,54.476,1.034,1.164,551,216.2,46.08,179.58,-16.94,,
SOL-USDT-SWAP,1H,1D,0.007,0.01,0.01,148.0,244.63,65.29,112,72,40,64.286,56.943,1.094,3.561,551,260.21,75.82,244.63,-5.99,,
SOL-USDT-SWAP,1H,1D,0.007,0.01,0.015,148.0,365.756,147.132,112,82,30,73.214,56.36,1.135,8.025,551,275.8,86.35,365.76,32.61,,
SOL-USDT-SWAP,1H,1D,0.007,0.01,0.02,148.0,322.227,117.721,112,87,25,77.679,73.701,1.069,6.421,551,362.64,145.03,322.23,-11.14,,
SOL-USDT-SWAP,1H,1D,0.007,0.01,0.025,148.0,236.652,59.9,112,89,23,79.464,71.212,1.042,3.267,551,411.29,177.9,236.65,-42.46,,
SOL-USDT-SWAP,1H,1D,0.007,0.01,0.03,148.0,214.772,45.116,112,91,21,81.25,68.539,1.033,2.461,551,332.13,124.41,214.77,-35.33,,
SOL-USDT-SWAP,1H,1D,0.007,0.012,0.005,148.0,43.93,-70.318,112,42,70,37.5,82.325,0.825,-3.836,551,182.52,23.33,43.93,-75.93,,
SOL-USDT-SWAP,1H,1D,0.007,0.012,0.008,148.0,91.354,-38.275,112,57,55,50.893,69.931,0.932,-2.088,551,166.17,12.27,91.35,-45.02,,
SOL-USDT-SWAP,1H,1D,0.007,0.012,0.01,148.0,138.406,-6.483,112,63,49,56.25,70.586,0.99,-0.354,551,210.04,41.92,138.41,-34.1,,
SOL-USDT-SWAP,1H,1D,0.007,0.012,0.015,148.0,143.375,-3.125,112,72,40,64.286,78.297,0.997,-0.17,551,237.82,60.69,143.37,-39.71,,
SOL-USDT-SWAP,1H,1D,0.007,0.012,0.02,148.0,111.294,-24.801,112,77,35,68.75,87.509,0.985,-1.353,551,330.2,123.11,111.29,-66.3,,
SOL-USDT-SWAP,1H,1D,0.007,0.012,0.025,148.0,136.36,-7.865,112,80,32,71.429,81.806,0.995,-0.429,551,381.43,157.73,136.36,-64.25,,
SOL-USDT-SWAP,1H,1D,0.007,0.012,0.03,148.0,137.906,-6.82,112,82,30,73.214,75.231,0.995,-0.372,551,308.02,108.12,137.91,-55.23,,
SOL-USDT-SWAP,1H,1D,0.007,0.015,0.005,148.0,23.914,-83.842,112,34,78,30.357,90.77,0.77,-4.573,551,162.0,9.46,23.91,-85.24,,
SOL-USDT-SWAP,1H,1D,0.007,0.015,0.008,148.0,51.315,-65.328,112,48,64,42.857,86.651,0.887,-3.563,551,153.01,3.38,51.32,-66.46,,
SOL-USDT-SWAP,1H,1D,0.007,0.015,0.01,148.0,80.026,-45.928,112,54,58,48.214,84.926,0.923,-2.505,551,155.29,4.93,80.03,-48.47,,
SOL-USDT-SWAP,1H,1D,0.007,0.015,0.015,148.0,54.144,-63.416,112,62,50,55.357,92.258,0.921,-3.459,551,164.41,11.08,54.14,-67.07,,
SOL-USDT-SWAP,1H,1D,0.007,0.015,0.02,148.0,30.976,-79.07,112,67,45,59.821,97.25,0.952,-4.313,551,415.28,180.6,30.98,-92.54,,
SOL-USDT-SWAP,1H,1D,0.007,0.015,0.025,148.0,20.847,-85.914,112,69,43,61.607,97.541,0.926,-4.686,551,317.05,114.22,20.85,-93.42,,
SOL-USDT-SWAP,1H,1D,0.007,0.015,0.03,148.0,12.641,-91.458,112,70,42,62.5,98.064,0.915,-4.989,551,287.53,94.28,12.64,-95.6,,
SOL-USDT-SWAP,1H,1D,0.007,0.02,0.005,148.0,13.802,-90.674,112,28,84,25.0,94.393,0.708,-4.946,551,136.26,-7.93,13.8,-89.87,,
SOL-USDT-SWAP,1H,1D,0.007,0.02,0.008,148.0,17.883,-87.917,112,39,73,34.821,92.885,0.725,-4.795,551,94.1,-36.42,17.88,-81.0,,
SOL-USDT-SWAP,1H,1D,0.007,0.02,0.01,148.0,16.612,-88.775,112,43,69,38.393,95.731,0.672,-4.842,551,69.04,-53.35,16.61,-75.94,,
SOL-USDT-SWAP,1H,1D,0.007,0.02,0.015,148.0,11.387,-92.306,112,52,60,46.429,96.905,0.688,-5.035,551,44.16,-70.16,11.39,-74.21,,
SOL-USDT-SWAP,1H,1D,0.007,0.02,0.02,148.0,1.686,-98.861,112,54,58,48.214,99.492,0.678,-5.392,551,53.88,-63.6,1.69,-96.87,,
SOL-USDT-SWAP,1H,1D,0.007,0.02,0.025,148.0,0.89,-99.399,112,56,56,50.0,99.776,0.639,-5.422,551,38.11,-74.25,0.89,-97.66,,
SOL-USDT-SWAP,1H,1D,0.007,0.02,0.03,148.0,0.806,-99.455,112,58,54,51.786,99.847,0.688,-5.425,551,39.71,-73.17,0.81,-97.97,,
SOL-USDT-SWAP,1H,1D,0.007,0.03,0.005,148.0,2.849,-98.075,112,18,94,16.071,98.912,0.386,-5.35,551,51.87,-64.96,2.85,-94.51,,
SOL-USDT-SWAP,1H,1D,0.007,0.03,0.008,148.0,1.821,-98.77,112,26,86,23.214,99.364,0.358,-5.387,551,30.38,-79.47,1.82,-94.01,,
SOL-USDT-SWAP,1H,1D,0.007,0.03,0.01,148.0,2.594,-98.247,112,31,81,27.679,99.49,0.371,-5.359,551,28.99,-80.41,2.59,-91.05,,
SOL-USDT-SWAP,1H,1D,0.007,0.03,0.015,148.0,0.492,-99.668,112,37,75,33.036,99.9,0.436,-5.436,551,16.91,-88.58,0.49,-97.09,,
SOL-USDT-SWAP,1H,1D,0.007,0.03,0.02,148.0,0.092,-99.938,112,41,71,36.607,99.978,0.549,-5.451,551,25.65,-82.67,0.09,-99.64,,
SOL-USDT-SWAP,1H,1D,0.007,0.03,0.025,148.0,0.092,-99.938,112,44,68,39.286,99.984,0.526,-5.451,551,20.23,-86.33,0.09,-99.55,,
SOL-USDT-SWAP,1H,1D,0.007,0.03,0.03,148.0,0.058,-99.961,112,46,66,41.071,99.993,0.681,-5.452,551,36.94,-75.04,0.06,-99.84,,
SOL-USDT-SWAP,1H,1D,0.01,0.004,0.005,148.0,13.196,-91.084,102,54,48,52.941,91.084,0.278,-4.968,551,62.99,-57.44,13.2,-79.05,,
SOL-USDT-SWAP,1H,1D,0.01,0.004,0.008,148.0,26.02,-82.419,102,72,30,70.588,83.655,0.432,-4.496,551,81.62,-44.85,26.02,-68.12,,
SOL-USDT-SWAP,1H,1D,0.01,0.004,0.01,148.0,23.93,-83.831,102,76,26,74.51,85.924,0.41,-4.573,551,66.67,-54.95,23.93,-64.11,,
SOL-USDT-SWAP,1H,1D,0.01,0.004,0.015,148.0,50.475,-65.895,102,87,15,85.294,80.091,0.614,-3.594,551,110.36,-25.43,50.47,-54.26,,
SOL-USDT-SWAP,1H,1D,0.01,0.004,0.02,148.0,58.109,-60.737,102,91,11,89.216,80.154,0.64,-3.313,551,86.05,-41.86,58.11,-32.47,,
SOL-USDT-SWAP,1H,1D,0.01,0.004,0.025,148.0,106.844,-27.808,102,95,7,93.137,66.129,0.847,-1.517,551,128.86,-12.93,106.84,-17.09,,
SOL-USDT-SWAP,1H,1D,0.01,0.004,0.03,148.0,65.001,-56.08,102,95,7,93.137,77.831,0.691,-3.059,551,111.78,-24.47,65.0,-41.85,,
SOL-USDT-SWAP,1H,1D,0.01,0.006,0.005,148.0,33.275,-77.517,102,53,49,51.961,78.737,0.527,-4.228,551,70.88,-52.11,33.28,-53.06,,
SOL-USDT-SWAP,1H,1D,0.01,0.006,0.008,148.0,77.444,-47.673,102,70,32,68.627,73.9,0.783,-2.6,551,99.56,-32.73,77.44,-22.22,,
SOL-USDT-SWAP,1H,1D,0.01,0.006,0.01,148.0,73.583,-50.282,102,74,28,72.549,75.987,0.76,-2.743,551,79.51,-46.28,73.58,-7.46,,
SOL-USDT-SWAP,1H,1D,0.01,0.006,0.015,148.0,170.878,15.458,102,85,17,83.333,67.322,1.051,0.843,551,136.77,-7.59,170.88,24.94,,
SOL-USDT-SWAP,1H,1D,0.01,0.006,0.02,148.0,187.681,26.811,102,89,13,87.255,70.683,1.091,1.462,551,100.2,-32.3,187.68,87.31,,
SOL-USDT-SWAP,1H,1D,0.01,0.006,0.025,148.0,294.261,98.825,102,92,10,90.196,67.373,1.319,5.39,551,102.02,-31.07,294.26,188.42,,
SOL-USDT-SWAP,1H,1D,0.01,0.006,0.03,148.0,153.87,3.966,102,92,10,90.196,80.338,1.014,0.216,551,76.07,-48.6,153.87,102.28,,
SOL-USDT-SWAP,1H,1D,0.01,0.008,0.005,148.0,60.4,-59.189,102,50,52,49.02,69.765,0.716,-3.229,551,76.22,-48.5,60.4,-20.76,,
SOL-USDT-SWAP,1H,1D,0.01,0.008,0.008,148.0,175.576,18.632,102,67,35,65.686,63.917,1.053,1.016,551,136.87,-7.52,175.58,28.28,,
SOL-USDT-SWAP,1H,1D,0.01,0.008,0.01,148.0,202.787,37.018,102,72,30,70.588,65.116,1.106,2.019,551,109.3,-26.15,202.79,85.53,,
SOL-USDT-SWAP,1H,1D,0.01,0.008,0.015,148.0,345.762,133.623,102,81,21,79.412,61.12,1.271,7.289,551,138.86,-6.17,345.76,148.99,,
SOL-USDT-SWAP,1H,1D,0.01,0.008,0.02,148.0,485.622,228.123,102,86,16,84.314,52.163,1.394,12.443,551,130.03,-12.14,485.62,273.47,,
SOL-USDT-SWAP,1H,1D,0.01,0.008,0.025,148.0,754.297,409.66,102,89,13,87.255,49.91,1.593,22.345,551,134.94,-8.82,754.3,458.98,,
SOL-USDT-SWAP,1H,1D,0.01,0.008,0.03,148.0,367.298,148.174,102,89,13,87.255,66.672,1.273,8.082,551,100.61,-32.02,367.3,265.07,,
SOL-USDT-SWAP,1H,1D,0.01,0.01,0.005,148.0,131.686,-11.023,102,49,53,48.039,59.163,0.962,-0.601,551,91.64,-38.08,131.69,43.7,,
SOL-USDT-SWAP,1H,1D,0.01,0.01,0.008,148.0,421.589,184.858,102,65,37,63.725,47.628,1.305,10.083,551,187.05,26.38,421.59,125.39,,
SOL-USDT-SWAP,1H,1D,0.01,0.01,0.01,148.0,511.084,245.327,102,70,32,68.627,55.137,1.389,13.381,551,149.38,0.93,511.08,242.14,,
SOL-USDT-SWAP,1H,1D,0.01,0.01,0.015,148.0,539.134,264.28,102,77,25,75.49,49.115,1.268,14.415,551,200.72,35.62,539.13,168.59,,
SOL-USDT-SWAP,1H,1D,0.01,0.01,0.02,148.0,647.876,337.754,102,82,20,80.392,50.028,1.272,18.423,551,191.51,29.4,647.88,238.3,,
SOL-USDT-SWAP,1H,1D,0.01,0.01,0.025,148.0,1012.667,584.234,102,85,17,83.333,42.447,1.346,31.867,551,202.5,36.82,1012.67,400.09,,
SOL-USDT-SWAP,1H,1D,0.01,0.01,0.03,148.0,631.714,326.834,102,86,16,84.314,55.101,1.229,17.827,551,150.98,2.01,631.71,318.42,,
SOL-USDT-SWAP,1H,1D,0.01,0.012,0.005,148.0,136.108,-8.035,102,44,58,43.137,48.583,0.977,-0.438,551,92.54,-37.47,136.11,47.08,,
SOL-USDT-SWAP,1H,1D,0.01,0.012,0.008,148.0,309.637,109.214,102,57,45,55.882,41.931,1.194,5.957,551,138.59,-6.36,309.64,123.42,,
SOL-USDT-SWAP,1H,1D,0.01,0.012,0.01,148.0,359.389,142.83,102,62,40,60.784,49.263,1.244,7.791,551,103.44,-30.11,359.39,247.44,,
SOL-USDT-SWAP,1H,1D,0.01,0.012,0.015,148.0,421.49,184.79,102,70,32,68.627,70.74,1.134,10.079,551,228.4,54.33,421.49,84.54,,
SOL-USDT-SWAP,1H,1D,0.01,0.012,0.02,148.0,493.028,233.127,102,75,27,73.529,75.116,1.127,12.716,551,221.96,49.98,493.03,122.12,,
SOL-USDT-SWAP,1H,1D,0.01,0.012,0.025,148.0,1050.843,610.029,102,78,24,76.471,54.425,1.236,33.274,551,239.04,61.52,1050.84,339.6,,
SOL-USDT-SWAP,1H,1D,0.01,0.012,0.03,148.0,667.737,351.173,102,79,23,77.451,63.459,1.162,19.155,551,178.22,20.42,667.74,274.66,,
SOL-USDT-SWAP,1H,1D,0.01,0.015,0.005,148.0,61.276,-58.597,102,34,68,33.333,71.855,0.835,-3.196,551,96.48,-34.81,61.28,-36.49,,
SOL-USDT-SWAP,1H,1D,0.01,0.015,0.008,148.0,176.549,19.29,102,48,54,47.059,61.305,1.027,1.052,551,174.73,18.06,176.55,1.04,,
SOL-USDT-SWAP,1H,1D,0.01,0.015,0.01,148.0,117.807,-20.401,102,51,51,50.0,75.0,0.97,-1.113,551,130.42,-11.88,117.81,-9.67,,
SOL-USDT-SWAP,1H,1D,0.01,0.015,0.015,148.0,77.976,-47.314,102,58,44,56.863,91.489,0.969,-2.581,551,329.49,122.63,77.98,-76.33,,
SOL-USDT-SWAP,1H,1D,0.01,0.015,0.02,148.0,94.997,-35.813,102,63,39,61.765,91.17,0.978,-1.953,551,328.96,122.27,95.0,-71.12,,
SOL-USDT-SWAP,1H,1D,0.01,0.015,0.025,148.0,242.915,64.132,102,67,35,65.686,82.411,1.028,3.498,551,363.93,145.9,242.91,-33.25,,
SOL-USDT-SWAP,1H,1D,0.01,0.015,0.03,148.0,142.766,-3.537,102,68,34,66.667,85.25,0.998,-0.193,551,271.34,83.33,142.77,-47.38,,
SOL-USDT-SWAP,1H,1D,0.01,0.02,0.005,148.0,64.149,-56.656,102,30,72,29.412,73.692,0.827,-3.09,551,76.29,-48.45,64.15,-15.92,,
SOL-USDT-SWAP,1H,1D,0.01,0.02,0.008,148.0,129.115,-12.76,102,41,61,40.196,72.495,0.975,-0.696,551,96.2,-35.0,129.12,34.22,,
SOL-USDT-SWAP,1H,1D,0.01,0.02,0.01,148.0,71.558,-51.65,102,43,59,42.157,83.114,0.888,-2.817,551,75.6,-48.92,71.56,-5.34,,
SOL-USDT-SWAP,1H,1D,0.01,0.02,0.015,148.0,15.801,-89.323,102,47,55,46.078,96.134,0.828,-4.872,551,103.87,-29.82,15.8,-84.79,,
SOL-USDT-SWAP,1H,1D,0.01,0.02,0.02,148.0,24.535,-83.422,102,53,49,51.961,96.743,0.902,-4.55,551,217.71,47.1,24.54,-88.73,,
SOL-USDT-SWAP,1H,1D,0.01,0.02,0.025,148.0,36.639,-75.244,102,56,46,54.902,95.637,0.931,-4.104,551,246.22,66.36,36.64,-85.12,,
SOL-USDT-SWAP,1H,1D,0.01,0.02,0.03,148.0,16.914,-88.572,102,57,45,55.882,97.668,0.898,-4.831,551,183.57,24.04,16.91,-90.79,,
SOL-USDT-SWAP,1H,1D,0.01,0.03,0.005,148.0,6.973,-95.288,102,17,85,16.667,97.272,0.414,-5.198,551,55.57,-62.46,6.97,-87.45,,
SOL-USDT-SWAP,1H,1D,0.01,0.03,0.008,148.0,7.567,-94.887,102,25,77,24.51,97.984,0.574,-5.176,551,58.69,-60.34,7.57,-87.11,,
SOL-USDT-SWAP,1H,1D,0.01,0.03,0.01,148.0,3.116,-97.894,102,27,75,26.471,99.067,0.538,-5.34,551,43.11,-70.87,3.12,-92.77,,
SOL-USDT-SWAP,1H,1D,0.01,0.03,0.015,148.0,0.283,-99.809,102,30,72,29.412,99.892,0.541,-5.444,551,28.2,-80.95,0.28,-99.0,,
SOL-USDT-SWAP,1H,1D,0.01,0.03,0.02,148.0,0.211,-99.857,102,35,67,34.314,99.946,0.601,-5.447,551,44.73,-69.77,0.21,-99.53,,
SOL-USDT-SWAP,1H,1D,0.01,0.03,0.025,148.0,0.507,-99.658,102,40,62,39.216,99.923,0.744,-5.436,551,72.79,-50.82,0.51,-99.3,,
SOL-USDT-SWAP,1H,1D,0.01,0.03,0.03,148.0,0.132,-99.911,102,41,61,40.196,99.978,0.724,-5.45,551,47.06,-68.2,0.13,-99.72,,
