pair,base_bar,signal_bar,float_pct,tp_pct,sl_pct,initial,final,total_return_pct,trades,wins,losses,win_rate_pct,max_dd_pct,profit_factor,monthly_pct,n_signals,y2024_end,y2024_pnl_pct,y2025_end,y2025_pnl_pct,y2026_end,y2026_pnl_pct
BTC-USDT-SWAP,5m,1H,0.001,0.004,0.005,148.0,0.0,-100.0,3256,900,2356,27.641,100.0,0.261,-4.11,17526,0.0,-100.0,0.0,-100.0,0.0,-100.0
BTC-USDT-SWAP,5m,1H,0.001,0.004,0.008,148.0,0.0,-100.0,3256,943,2313,28.962,100.0,0.243,-4.11,17526,0.0,-100.0,0.0,-100.0,0.0,-100.0
BTC-USDT-SWAP,5m,1H,0.001,0.004,0.01,148.0,0.0,-100.0,3256,954,2302,29.3,100.0,0.29,-4.11,17526,0.0,-100.0,0.0,-100.0,0.0,-100.0
BTC-USDT-SWAP,5m,1H,0.001,0.004,0.015,148.0,0.0,-100.0,3256,961,2295,29.515,100.0,0.285,-4.11,17526,0.0,-100.0,0.0,-100.0,0.0,-100.0
BTC-USDT-SWAP,5m,1H,0.001,0.004,0.02,148.0,0.0,-100.0,3256,965,2291,29.638,100.0,0.277,-4.11,17526,0.0,-100.0,0.0,-100.0,0.0,-100.0
BTC-USDT-SWAP,5m,1H,0.001,0.004,0.025,148.0,0.0,-100.0,3256,965,2291,29.638,100.0,0.264,-4.11,17526,0.0,-100.0,0.0,-100.0,0.0,-100.0
BTC-USDT-SWAP,5m,1H,0.001,0.004,0.03,148.0,0.0,-100.0,3256,965,2291,29.638,100.0,0.251,-4.11,17526,0.0,-100.0,0.0,-100.0,0.0,-100.0
BTC-USDT-SWAP,5m,1H,0.001,0.006,0.005,148.0,0.0,-100.0,3256,667,2589,20.485,100.0,0.225,-4.11,17526,0.0,-100.0,0.0,-100.0,0.0,-100.0
BTC-USDT-SWAP,5m,1H,0.001,0.006,0.008,148.0,0.0,-100.0,3256,699,2557,21.468,100.0,0.199,-4.11,17526,0.0,-100.0,0.0,-100.0,0.0,-100.0
BTC-USDT-SWAP,5m,1H,0.001,0.006,0.01,148.0,0.0,-100.0,3256,709,2547,21.775,100.0,0.248,-4.11,17526,0.0,-100.0,0.0,-100.0,0.0,-100.0
BTC-USDT-SWAP,5m,1H,0.001,0.006,0.015,148.0,0.0,-100.0,3256,718,2538,22.052,100.0,0.285,-4.11,17526,0.0,-100.0,0.0,-100.0,0.0,-100.0
BTC-USDT-SWAP,5m,1H,0.001,0.006,0.02,148.0,0.0,-100.0,3256,723,2533,22.205,100.0,0.276,-4.11,17526,0.0,-100.0,0.0,-100.0,0.0,-100.0
BTC-USDT-SWAP,5m,1H,0.001,0.006,0.025,148.0,0.0,-100.0,3256,723,2533,22.205,100.0,0.263,-4.11,17526,0.0,-100.0,0.0,-100.0,0.0,-100.0
BTC-USDT-SWAP,5m,1H,0.001,0.006,0.03,148.0,0.0,-100.0,3256,723,2533,22.205,100.0,0.251,-4.11,17526,0.0,-100.0,0.0,-100.0,0.0,-100.0
BTC-USDT-SWAP,5m,1H,0.001,0.008,0.005,148.0,0.0,-100.0,3256,604,2652,18.55,100.0,0.269,-4.11,17526,0.0,-100.0,0.0,-100.0,0.0,-100.0
BTC-USDT-SWAP,5m,1H,0.001,0.008,0.008,148.0,0.0,-100.0,3256,631,2625,19.38,100.0,0.241,-4.11,17526,0.0,-100.0,0.0,-100.0,0.0,-100.0
BTC-USDT-SWAP,5m,1H,0.001,0.008,0.01,148.0,0.0,-100.0,3256,641,2615,19.687,100.0,0.286,-4.11,17526,0.0,-100.0,0.0,-100.0,0.0,-100.0
BTC-USDT-SWAP,5m,1H,0.001,0.008,0.015,148.0,0.0,-100.0,3256,647,2609,19.871,100.0,0.331,-4.11,17526,0.0,-100.0,0.0,-100.0,0.0,-100.0
BTC-USDT-SWAP,5m,1H,0.001,0.008,0.02,148.0,0.0,-100.0,3256,652,2604,20.025,100.0,0.322,-4.11,17526,0.0,-100.0,0.0,-100.0,0.0,-100.0
BTC-USDT-SWAP,5m,1H,0.001,0.008,0.025,148.0,0.0,-100.0,3256,652,2604,20.025,100.0,0.308,-4.11,17526,0.0,-100.0,0.0,-100.0,0.0,-100.0
BTC-USDT-SWAP,5m,1H,0.001,0.008,0.03,148.0,0.0,-100.0,3256,652,2604,20.025,100.0,0.295,-4.11,17526,0.0,-100.0,0.0,-100.0,0.0,-100.0
BTC-USDT-SWAP,5m,1H,0.001,0.01,0.005,148.0,0.0,-100.0,3256,580,2676,17.813,100.0,0.3,-4.11,17526,0.0,-100.0,0.0,-100.0,0.0,-100.0
BTC-USDT-SWAP,5m,1H,0.001,0.01,0.008,148.0,0.0,-100.0,3256,607,2649,18.643,100.0,0.271,-4.11,17526,0.0,-100.0,0.0,-100.0,0.0,-100.0
BTC-USDT-SWAP,5m,1H,0.001,0.01,0.01,148.0,0.0,-100.0,3256,617,2639,18.95,100.0,0.313,-4.11,17526,0.0,-100.0,0.0,-100.0,0.0,-100.0
BTC-USDT-SWAP,5m,1H,0.001,0.01,0.015,148.0,0.0,-100.0,3256,623,2633,19.134,100.0,0.353,-4.11,17526,0.0,-100.0,0.0,-100.0,0.0,-100.0
BTC-USDT-SWAP,5m,1H,0.001,0.01,0.02,148.0,0.0,-100.0,3256,628,2628,19.287,100.0,0.34,-4.11,17526,0.0,-100.0,0.0,-100.0,0.0,-100.0
BTC-USDT-SWAP,5m,1H,0.001,0.01,0.025,148.0,0.0,-100.0,3256,628,2628,19.287,100.0,0.327,-4.11,17526,0.0,-100.0,0.0,-100.0,0.0,-100.0
BTC-USDT-SWAP,5m,1H,0.001,0.01,0.03,148.0,0.0,-100.0,3256,628,2628,19.287,100.0,0.314,-4.11,17526,0.0,-100.0,0.0,-100.0,0.0,-100.0
BTC-USDT-SWAP,5m,1H,0.001,0.012,0.005,148.0,0.0,-100.0,3256,573,2683,17.598,100.0,0.256,-4.11,17526,0.0,-100.0,0.0,-100.0,0.0,-100.0
BTC-USDT-SWAP,5m,1H,0.001,0.012,0.008,148.0,0.0,-100.0,3256,600,2656,18.428,100.0,0.226,-4.11,17526,0.0,-100.0,0.0,-100.0,0.0,-100.0
BTC-USDT-SWAP,5m,1H,0.001,0.012,0.01,148.0,0.0,-100.0,3256,609,2647,18.704,100.0,0.27,-4.11,17526,0.0,-100.0,0.0,-100.0,0.0,-100.0
BTC-USDT-SWAP,5m,1H,0.001,0.012,0.015,148.0,0.0,-100.0,3256,613,2643,18.827,100.0,0.307,-4.11,17526,0.0,-100.0,0.0,-100.0,0.0,-100.0
BTC-USDT-SWAP,5m,1H,0.001,0.012,0.02,148.0,0.0,-100.0,3256,618,2638,18.98,100.0,0.294,-4.11,17526,0.0,-100.0,0.0,-100.0,0.0,-100.0
BTC-USDT-SWAP,5m,1H,0.001,0.012,0.025,148.0,0.0,-100.0,3256,618,2638,18.98,100.0,0.279,-4.11,17526,0.0,-100.0,0.0,-100.0,0.0,-100.0
BTC-USDT-SWAP,5m,1H,0.001,0.012,0.03,148.0,0.0,-100.0,3256,618,2638,18.98,100.0,0.265,-4.11,17526,0.0,-100.0,0.0,-100.0,0.0,-100.0
BTC-USDT-SWAP,5m,1H,0.001,0.015,0.005,148.0,0.0,-100.0,3256,569,2687,17.475,100.0,0.271,-4.11,17526,0.0,-100.0,0.0,-100.0,0.0,-100.0
BTC-USDT-SWAP,5m,1H,0.001,0.015,0.008,148.0,0.0,-100.0,3256,595,2661,18.274,100.0,0.241,-4.11,17526,0.0,-100.0,0.0,-100.0,0.0,-100.0
BTC-USDT-SWAP,5m,1H,0.001,0.015,0.01,148.0,0.0,-100.0,3256,604,2652,18.55,100.0,0.285,-4.11,17526,0.0,-100.0,0.0,-100.0,0.0,-100.0
BTC-USDT-SWAP,5m,1H,0.001,0.015,0.015,148.0,0.0,-100.0,3256,608,2648,18.673,100.0,0.321,-4.11,17526,0.0,-100.0,0.0,-100.0,0.0,-100.0
BTC-USDT-SWAP,5m,1H,0.001,0.015,0.02,148.0,0.0,-100.0,3256,613,2643,18.827,100.0,0.308,-4.11,17526,0.0,-100.0,0.0,-100.0,0.0,-100.0
BTC-USDT-SWAP,5m,1H,0.001,0.015,0.025,148.0,0.0,-100.0,3256,613,2643,18.827,100.0,0.292,-4.11,17526,0.0,-100.0,0.0,-100.0,0.0,-100.0
BTC-USDT-SWAP,5m,1H,0.001,0.015,0.03,148.0,0.0,-100.0,3256,613,2643,18.827,100.0,0.278,-4.11,17526,0.0,-100.0,0.0,-100.0,0.0,-100.0
BTC-USDT-SWAP,5m,1H,0.001,0.02,0.005,148.0,0.0,-100.0,3256,568,2688,17.445,100.0,0.274,-4.11,17526,0.0,-100.0,0.0,-100.0,0.0,-100.0
BTC-USDT-SWAP,5m,1H,0.001,0.02,0.008,148.0,0.0,-100.0,3256,594,2662,18.243,100.0,0.246,-4.11,17526,0.0,-100.0,0.0,-100.0,0.0,-100.0
BTC-USDT-SWAP,5m,1H,0.001,0.02,0.01,148.0,0.0,-100.0,3256,603,2653,18.52,100.0,0.29,-4.11,17526,0.0,-100.0,0.0,-100.0,0.0,-100.0
BTC-USDT-SWAP,5m,1H,0.001,0.02,0.015,148.0,0.0,-100.0,3256,607,2649,18.643,100.0,0.326,-4.11,17526,0.0,-100.0,0.0,-100.0,0.0,-100.0
BTC-USDT-SWAP,5m,1H,0.001,0.02,0.02,148.0,0.0,-100.0,3256,612,2644,18.796,100.0,0.312,-4.11,17526,0.0,-100.0,0.0,-100.0,0.0,-100.0
BTC-USDT-SWAP,5m,1H,0.001,0.02,0.025,148.0,0.0,-100.0,3256,612,2644,18.796,100.0,0.297,-4.11,17526,0.0,-100.0,0.0,-100.0,0.0,-100.0
BTC-USDT-SWAP,5m,1H,0.001,0.02,0.03,148.0,0.0,-100.0,3256,612,2644,18.796,100.0,0.282,-4.11,17526,0.0,-100.0,0.0,-100.0,0.0,-100.0
BTC-USDT-SWAP,5m,1H,0.001,0.03,0.005,148.0,0.0,-100.0,3256,566,2690,17.383,100.0,0.28,-4.11,17526,0.0,-100.0,0.0,-100.0,0.0,-100.0
BTC-USDT-SWAP,5m,1H,0.001,0.03,0.008,148.0,0.0,-100.0,3256,593,2663,18.213,100.0,0.247,-4.11,17526,0.0,-100.0,0.0,-100.0,0.0,-100.0
BTC-USDT-SWAP,5m,1H,0.001,0.03,0.01,148.0,0.0,-100.0,3256,602,2654,18.489,100.0,0.292,-4.11,17526,0.0,-100.0,0.0,-100.0,0.0,-100.0
BTC-USDT-SWAP,5m,1H,0.001,0.03,0.015,148.0,0.0,-100.0,3256,606,2650,18.612,100.0,0.328,-4.11,17526,0.0,-100.0,0.0,-100.0,0.0,-100.0
BTC-USDT-SWAP,5m,1H,0.001,0.03,0.02,148.0,0.0,-100.0,3256,610,2646,18.735,100.0,0.314,-4.11,17526,0.0,-100.0,0.0,-100.0,0.0,-100.0
BTC-USDT-SWAP,5m,1H,0.001,0.03,0.025,148.0,0.0,-100.0,3256,610,2646,18.735,100.0,0.299,-4.11,17526,0.0,-100.0,0.0,-100.0,0.0,-100.0
BTC-USDT-SWAP,5m,1H,0.001,0.03,0.03,148.0,0.0,-100.0,3256,610,2646,18.735,100.0,0.284,-4.11,17526,0.0,-100.0,0.0,-100.0,0.0,-100.0
BTC-USDT-SWAP,5m,1H,0.002,0.004,0.005,148.0,0.0,-100.0,2176,728,1448,33.456,100.0,0.293,-4.11,17526,0.0,-100.0,0.0,-100.0,0.0,-99.99
BTC-USDT-SWAP,5m,1H,0.002,0.004,0.008,148.0,0.0,-100.0,2176,763,1413,35.064,100.0,0.387,-4.11,17526,0.0,-100.0,0.0,-100.0,0.0,-99.99
BTC-USDT-SWAP,5m,1H,0.002,0.004,0.01,148.0,0.0,-100.0,2176,769,1407,35.34,100.0,0.384,-4.11,17526,0.0,-100.0,0.0,-100.0,0.0,-99.99
BTC-USDT-SWAP,5m,1H,0.002,0.004,0.015,148.0,0.0,-100.0,2176,778,1398,35.754,100.0,0.382,-4.11,17526,0.0,-100.0,0.0,-100.0,0.0,-99.99
BTC-USDT-SWAP,5m,1H,0.002,0.004,0.02,148.0,0.0,-100.0,2176,781,1395,35.892,100.0,0.371,-4.11,17526,0.0,-100.0,0.0,-100.0,0.0,-99.99
BTC-USDT-SWAP,5m,1H,0.002,0.004,0.025,148.0,0.0,-100.0,2176,781,1395,35.892,100.0,0.356,-4.11,17526,0.0,-100.0,0.0,-100.0,0.0,-99.99
BTC-USDT-SWAP,5m,1H,0.002,0.004,0.03,148.0,0.0,-100.0,2176,782,1394,35.938,100.0,0.341,-4.11,17526,0.0,-100.0,0.0,-100.0,0.0,-99.99
BTC-USDT-SWAP,5m,1H,0.002,0.006,0.005,148.0,0.0,-100.0,2176,508,1668,23.346,100.0,0.352,-4.11,17526,0.0,-100.0,0.0,-100.0,0.0,-100.0
BTC-USDT-SWAP,5m,1H,0.002,0.006,0.008,148.0,0.0,-100.0,2176,537,1639,24.678,100.0,0.401,-4.11,17526,0.0,-100.0,0.0,-100.0,0.0,-100.0
BTC-USDT-SWAP,5m,1H,0.002,0.006,0.01,148.0,0.0,-100.0,2176,543,1633,24.954,100.0,0.389,-4.11,17526,0.0,-100.0,0.0,-100.0,0.0,-100.0
BTC-USDT-SWAP,5m,1H,0.002,0.006,0.015,148.0,0.0,-100.0,2176,554,1622,25.46,100.0,0.429,-4.11,17526,0.0,-100.0,0.0,-100.0,0.0,-100.0
BTC-USDT-SWAP,5m,1H,0.002,0.006,0.02,148.0,0.0,-100.0,2176,558,1618,25.643,100.0,0.412,-4.11,17526,0.0,-100.0,0.0,-100.0,0.0,-100.0
BTC-USDT-SWAP,5m,1H,0.002,0.006,0.025,148.0,0.0,-100.0,2176,558,1618,25.643,100.0,0.397,-4.11,17526,0.0,-100.0,0.0,-100.0,0.0,-100.0
BTC-USDT-SWAP,5m,1H,0.002,0.006,0.03,148.0,0.0,-100.0,2176,558,1618,25.643,100.0,0.381,-4.11,17526,0.0,-100.0,0.0,-100.0,0.0,-100.0
BTC-USDT-SWAP,5m,1H,0.002,0.008,0.005,148.0,0.0,-100.0,2176,432,1744,19.853,100.0,0.301,-4.11,17526,0.0,-100.0,0.0,-100.0,0.0,-100.0
BTC-USDT-SWAP,5m,1H,0.002,0.008,0.008,148.0,0.0,-100.0,2176,458,1718,21.048,100.0,0.346,-4.11,17526,0.0,-100.0,0.0,-100.0,0.0,-100.0
BTC-USDT-SWAP,5m,1H,0.002,0.008,0.01,148.0,0.0,-100.0,2176,464,1712,21.324,100.0,0.332,-4.11,17526,0.0,-100.0,0.0,-100.0,0.0,-100.0
BTC-USDT-SWAP,5m,1H,0.002,0.008,0.015,148.0,0.0,-100.0,2176,474,1702,21.783,100.0,0.382,-4.11,17526,0.0,-100.0,0.0,-100.0,0.0,-100.0
BTC-USDT-SWAP,5m,1H,0.002,0.008,0.02,148.0,0.0,-100.0,2176,478,1698,21.967,100.0,0.364,-4.11,17526,0.0,-100.0,0.0,-100.0,0.0,-100.0
BTC-USDT-SWAP,5m,1H,0.002,0.008,0.025,148.0,0.0,-100.0,2176,478,1698,21.967,100.0,0.349,-4.11,17526,0.0,-100.0,0.0,-100.0,0.0,-100.0
BTC-USDT-SWAP,5m,1H,0.002,0.008,0.03,148.0,0.0,-100.0,2176,478,1698,21.967,100.0,0.333,-4.11,17526,0.0,-100.0,0.0,-100.0,0.0,-100.0
BTC-USDT-SWAP,5m,1H,0.002,0.01,0.005,148.0,0.0,-100.0,2176,412,1764,18.934,100.0,0.331,-4.11,17526,0.0,-100.0,0.0,-100.0,0.0,-100.0
BTC-USDT-SWAP,5m,1H,0.002,0.01,0.008,148.0,0.0,-100.0,2176,436,1740,20.037,100.0,0.379,-4.11,17526,0.0,-100.0,0.0,-100.0,0.0,-100.0
BTC-USDT-SWAP,5m,1H,0.002,0.01,0.01,148.0,0.0,-100.0,2176,442,1734,20.312,100.0,0.366,-4.11,17526,0.0,-100.0,0.0,-100.0,0.0,-100.0
BTC-USDT-SWAP,5m,1H,0.002,0.01,0.015,148.0,0.0,-100.0,2176,449,1727,20.634,100.0,0.416,-4.11,17526,0.0,-100.0,0.0,-100.0,0.0,-100.0
BTC-USDT-SWAP,5m,1H,0.002,0.01,0.02,148.0,0.0,-100.0,2176,453,1723,20.818,100.0,0.396,-4.11,17526,0.0,-100.0,0.0,-100.0,0.0,-100.0
BTC-USDT-SWAP,5m,1H,0.002,0.01,0.025,148.0,0.0,-100.0,2176,453,1723,20.818,100.0,0.381,-4.11,17526,0.0,-100.0,0.0,-100.0,0.0,-100.0
BTC-USDT-SWAP,5m,1H,0.002,0.01,0.03,148.0,0.0,-100.0,2176,453,1723,20.818,100.0,0.364,-4.11,17526,0.0,-100.0,0.0,-100.0,0.0,-100.0
BTC-USDT-SWAP,5m,1H,0.002,0.012,0.005,148.0,0.0,-100.0,2176,406,1770,18.658,100.0,0.361,-4.11,17526,0.0,-100.0,0.0,-100.0,0.0,-100.0
BTC-USDT-SWAP,5m,1H,0.002,0.012,0.008,148.0,0.0,-100.0,2176,430,1746,19.761,100.0,0.41,-4.11,17526,0.0,-100.0,0.0,-100.0,0.0,-100.0
BTC-USDT-SWAP,5m,1H,0.002,0.012,0.01,148.0,0.0,-100.0,2176,436,1740,20.037,100.0,0.396,-4.11,17526,0.0,-100.0,0.0,-100.0,0.0,-100.0
BTC-USDT-SWAP,5m,1H,0.002,0.012,0.015,148.0,0.0,-100.0,2176,441,1735,20.267,100.0,0.436,-4.11,17526,0.0,-100.0,0.0,-100.0,0.0,-100.0
BTC-USDT-SWAP,5m,1H,0.002,0.012,0.02,148.0,0.0,-100.0,2176,445,1731,20.45,100.0,0.416,-4.11,17526,0.0,-100.0,0.0,-100.0,0.0,-100.0
BTC-USDT-SWAP,5m,1H,0.002,0.012,0.025,148.0,0.0,-100.0,2176,445,1731,20.45,100.0,0.4,-4.11,17526,0.0,-100.0,0.0,-100.0,0.0,-100.0
BTC-USDT-SWAP,5m,1H,0.002,0.012,0.03,148.0,0.0,-100.0,2176,445,1731,20.45,100.0,0.384,-4.11,17526,0.0,-100.0,0.0,-100.0,0.0,-100.0
BTC-USDT-SWAP,5m,1H,0.002,0.015,0.005,148.0,0.0,-100.0,2176,403,1773,18.52,100.0,0.377,-4.11,17526,0.0,-100.0,0.0,-100.0,0.0,-100.0
BTC-USDT-SWAP,5m,1H,0.002,0.015,0.008,148.0,0.0,-100.0,2176,427,1749,19.623,100.0,0.427,-4.11,17526,0.0,-100.0,0.0,-100.0,0.0,-100.0
BTC-USDT-SWAP,5m,1H,0.002,0.015,0.01,148.0,0.0,-100.0,2176,430,1746,19.761,100.0,0.413,-4.11,17526,0.0,-100.0,0.0,-100.0,0.0,-100.0
BTC-USDT-SWAP,5m,1H,0.002,0.015,0.015,148.0,0.0,-100.0,2176,435,1741,19.991,100.0,0.451,-4.11,17526,0.0,-100.0,0.0,-100.0,0.0,-100.0
BTC-USDT-SWAP,5m,1H,0.002,0.015,0.02,148.0,0.0,-100.0,2176,439,1737,20.175,100.0,0.431,-4.11,17526,0.0,-100.0,0.0,-100.0,0.0,-100.0
BTC-USDT-SWAP,5m,1H,0.002,0.015,0.025,148.0,0.0,-100.0,2176,439,1737,20.175,100.0,0.415,-4.11,17526,0.0,-100.0,0.0,-100.0,0.0,-100.0
BTC-USDT-SWAP,5m,1H,0.002,0.015,0.03,148.0,0.0,-100.0,2176,439,1737,20.175,100.0,0.398,-4.11,17526,0.0,-100.0,0.0,-100.0,0.0,-100.0
BTC-USDT-SWAP,5m,1H,0.002,0.02,0.005,148.0,0.0,-100.0,2176,402,1774,18.474,100.0,0.39,-4.11,17526,0.0,-100.0,0.0,-100.0,0.0,-100.0
BTC-USDT-SWAP,5m,1H,0.002,0.02,0.008,148.0,0.0,-100.0,2176,425,1751,19.531,100.0,0.435,-4.11,17526,0.0,-100.0,0.0,-100.0,0.0,-100.0
BTC-USDT-SWAP,5m,1H,0.002,0.02,0.01,148.0,0.0,-100.0,2176,428,1748,19.669,100.0,0.421,-4.11,17526,0.0,-100.0,0.0,-100.0,0.0,-100.0
BTC-USDT-SWAP,5m,1H,0.002,0.02,0.015,148.0,0.0,-100.0,2176,433,1743,19.899,100.0,0.459,-4.11,17526,0.0,-100.0,0.0,-100.0,0.0,-100.0
BTC-USDT-SWAP,5m,1H,0.002,0.02,0.02,148.0,0.0,-100.0,2176,437,1739,20.083,100.0,0.439,-4.11,17526,0.0,-100.0,0.0,-100.0,0.0,-100.0
BTC-USDT-SWAP,5m,1H,0.002,0.02,0.025,148.0,0.0,-100.0,2176,437,1739,20.083,100.0,0.423,-4.11,17526,0.0,-100.0,0.0,-100.0,0.0,-100.0
BTC-USDT-SWAP,5m,1H,0.002,0.02,0.03,148.0,0.0,-100.0,2176,437,1739,20.083,100.0,0.406,-4.11,17526,0.0,-100.0,0.0,-100.0,0.0,-100.0
BTC-USDT-SWAP,5m,1H,0.002,0.03,0.005,148.0,0.0,-100.0,2176,401,1775,18.428,100.0,0.392,-4.11,17526,0.0,-100.0,0.0,-100.0,0.0,-100.0
BTC-USDT-SWAP,5m,1H,0.002,0.03,0.008,148.0,0.0,-100.0,2176,425,1751,19.531,100.0,0.438,-4.11,17526,0.0,-100.0,0.0,-100.0,0.0,-100.0
BTC-USDT-SWAP,5m,1H,0.002,0.03,0.01,148.0,0.0,-100.0,2176,428,1748,19.669,100.0,0.424,-4.11,17526,0.0,-100.0,0.0,-100.0,0.0,-100.0
BTC-USDT-SWAP,5m,1H,0.002,0.03,0.015,148.0,0.0,-100.0,2176,433,1743,19.899,100.0,0.462,-4.11,17526,0.0,-100.0,0.0,-100.0,0.0,-100.0
BTC-USDT-SWAP,5m,1H,0.002,0.03,0.02,148.0,0.0,-100.0,2176,436,1740,20.037,100.0,0.442,-4.11,17526,0.0,-100.0,0.0,-100.0,0.0,-100.0
BTC-USDT-SWAP,5m,1H,0.002,0.03,0.025,148.0,0.0,-100.0,2176,436,1740,20.037,100.0,0.426,-4.11,17526,0.0,-100.0,0.0,-100.0,0.0,-100.0
BTC-USDT-SWAP,5m,1H,0.002,0.03,0.03,148.0,0.0,-100.0,2176,436,1740,20.037,100.0,0.408,-4.11,17526,0.0,-100.0,0.0,-100.0,0.0,-100.0
BTC-USDT-SWAP,5m,1H,0.003,0.004,0.005,148.0,0.0,-100.0,1557,612,945,39.306,100.0,0.314,-4.11,17526,0.08,-99.95,0.0,-100.0,0.0,-99.69
BTC-USDT-SWAP,5m,1H,0.003,0.004,0.008,148.0,0.0,-100.0,1557,644,913,41.362,100.0,0.421,-4.11,17526,0.07,-99.95,0.0,-100.0,0.0,-99.62
BTC-USDT-SWAP,5m,1H,0.003,0.004,0.01,148.0,0.0,-100.0,1557,650,907,41.747,100.0,0.411,-4.11,17526,0.05,-99.96,0.0,-100.0,0.0,-99.62
BTC-USDT-SWAP,5m,1H,0.003,0.004,0.015,148.0,0.0,-100.0,1557,659,898,42.325,100.0,0.465,-4.11,17526,0.05,-99.96,0.0,-100.0,0.0,-99.7
BTC-USDT-SWAP,5m,1H,0.003,0.004,0.02,148.0,0.0,-100.0,1557,664,893,42.646,100.0,0.533,-4.11,17526,0.08,-99.94,0.0,-100.0,0.0,-99.69
BTC-USDT-SWAP,5m,1H,0.003,0.004,0.025,148.0,0.0,-100.0,1557,664,893,42.646,100.0,0.532,-4.11,17526,0.09,-99.94,0.0,-100.0,0.0,-99.62
BTC-USDT-SWAP,5m,1H,0.003,0.004,0.03,148.0,0.0,-100.0,1557,665,892,42.71,100.0,0.532,-4.11,17526,0.08,-99.95,0.0,-100.0,0.0,-99.47
BTC-USDT-SWAP,5m,1H,0.003,0.006,0.005,148.0,0.0,-100.0,1557,431,1126,27.681,100.0,0.241,-4.11,17526,0.01,-99.99,0.0,-100.0,0.0,-99.95
BTC-USDT-SWAP,5m,1H,0.003,0.006,0.008,148.0,0.0,-100.0,1557,461,1096,29.608,100.0,0.366,-4.11,17526,0.01,-99.99,0.0,-100.0,0.0,-99.92
BTC-USDT-SWAP,5m,1H,0.003,0.006,0.01,148.0,0.0,-100.0,1557,465,1092,29.865,100.0,0.356,-4.11,17526,0.01,-99.99,0.0,-100.0,0.0,-99.94
BTC-USDT-SWAP,5m,1H,0.003,0.006,0.015,148.0,0.0,-100.0,1557,473,1084,30.379,100.0,0.366,-4.11,17526,0.01,-100.0,0.0,-100.0,0.0,-99.95
BTC-USDT-SWAP,5m,1H,0.003,0.006,0.02,148.0,0.0,-100.0,1557,476,1081,30.572,100.0,0.359,-4.11,17526,0.01,-99.99,0.0,-100.0,0.0,-99.95
BTC-USDT-SWAP,5m,1H,0.003,0.006,0.025,148.0,0.0,-100.0,1557,476,1081,30.572,100.0,0.344,-4.11,17526,0.01,-99.99,0.0,-100.0,0.0,-99.94
BTC-USDT-SWAP,5m,1H,0.003,0.006,0.03,148.0,0.0,-100.0,1557,476,1081,30.572,100.0,0.329,-4.11,17526,0.01,-100.0,0.0,-100.0,0.0,-99.94
BTC-USDT-SWAP,5m,1H,0.003,0.008,0.005,148.0,0.0,-100.0,1557,365,1192,23.443,100.0,0.214,-4.11,17526,0.01,-99.99,0.0,-100.0,0.0,-99.99
BTC-USDT-SWAP,5m,1H,0.003,0.008,0.008,148.0,0.0,-100.0,1557,389,1168,24.984,100.0,0.293,-4.11,17526,0.01,-100.0,0.0,-100.0,0.0,-99.98
BTC-USDT-SWAP,5m,1H,0.003,0.008,0.01,148.0,0.0,-100.0,1557,394,1163,25.305,100.0,0.334,-4.11,17526,0.0,-100.0,0.0,-100.0,0.0,-99.99
BTC-USDT-SWAP,5m,1H,0.003,0.008,0.015,148.0,0.0,-100.0,1557,403,1154,25.883,100.0,0.334,-4.11,17526,0.0,-100.0,0.0,-100.0,0.0,-99.99
BTC-USDT-SWAP,5m,1H,0.003,0.008,0.02,148.0,0.0,-100.0,1557,405,1152,26.012,100.0,0.323,-4.11,17526,0.0,-100.0,0.0,-100.0,0.0,-99.99
BTC-USDT-SWAP,5m,1H,0.003,0.008,0.025,148.0,0.0,-100.0,1557,405,1152,26.012,100.0,0.308,-4.11,17526,0.0,-100.0,0.0,-100.0,0.0,-99.99
BTC-USDT-SWAP,5m,1H,0.003,0.008,0.03,148.0,0.0,-100.0,1557,405,1152,26.012,100.0,0.294,-4.11,17526,0.0,-100.0,0.0,-100.0,0.0,-99.99
BTC-USDT-SWAP,5m,1H,0.003,0.01,0.005,148.0,0.0,-100.0,1557,345,1212,22.158,100.0,0.245,-4.11,17526,0.0,-100.0,0.0,-100.0,0.0,-99.99
BTC-USDT-SWAP,5m,1H,0.003,0.01,0.008,148.0,0.0,-100.0,1557,369,1188,23.699,100.0,0.322,-4.11,17526,0.0,-100.0,0.0,-100.0,0.0,-99.99
BTC-USDT-SWAP,5m,1H,0.003,0.01,0.01,148.0,0.0,-100.0,1557,373,1184,23.956,100.0,0.369,-4.11,17526,0.0,-100.0,0.0,-100.0,0.0,-99.99
BTC-USDT-SWAP,5m,1H,0.003,0.01,0.015,148.0,0.0,-100.0,1557,380,1177,24.406,100.0,0.373,-4.11,17526,0.0,-100.0,0.0,-100.0,0.0,-99.99
BTC-USDT-SWAP,5m,1H,0.003,0.01,0.02,148.0,0.0,-100.0,1557,382,1175,24.534,100.0,0.359,-4.11,17526,0.0,-100.0,0.0,-100.0,0.0,-99.99
BTC-USDT-SWAP,5m,1H,0.003,0.01,0.025,148.0,0.0,-100.0,1557,382,1175,24.534,100.0,0.344,-4.11,17526,0.0,-100.0,0.0,-100.0,0.0,-99.99
BTC-USDT-SWAP,5m,1H,0.003,0.01,0.03,148.0,0.0,-100.0,1557,382,1175,24.534,100.0,0.328,-4.11,17526,0.0,-100.0,0.0,-100.0,0.0,-99.99
BTC-USDT-SWAP,5m,1H,0.003,0.012,0.005,148.0,0.0,-100.0,1557,335,1222,21.516,100.0,0.274,-4.11,17526,0.0,-100.0,0.0,-100.0,0.0,-99.99
BTC-USDT-SWAP,5m,1H,0.003,0.012,0.008,148.0,0.0,-100.0,1557,359,1198,23.057,100.0,0.352,-4.11,17526,0.0,-100.0,0.0,-100.0,0.0,-99.99
BTC-USDT-SWAP,5m,1H,0.003,0.012,0.01,148.0,0.0,-100.0,1557,363,1194,23.314,100.0,0.398,-4.11,17526,0.0,-100.0,0.0,-100.0,0.0,-99.99
BTC-USDT-SWAP,5m,1H,0.003,0.012,0.015,148.0,0.0,-100.0,1557,370,1187,23.764,100.0,0.404,-4.11,17526,0.0,-100.0,0.0,-100.0,0.0,-100.0
BTC-USDT-SWAP,5m,1H,0.003,0.012,0.02,148.0,0.0,-100.0,1557,372,1185,23.892,100.0,0.389,-4.11,17526,0.0,-100.0,0.0,-100.0,0.0,-99.99
BTC-USDT-SWAP,5m,1H,0.003,0.012,0.025,148.0,0.0,-100.0,1557,372,1185,23.892,100.0,0.373,-4.11,17526,0.0,-100.0,0.0,-100.0,0.0,-99.99
BTC-USDT-SWAP,5m,1H,0.003,0.012,0.03,148.0,0.0,-100.0,1557,372,1185,23.892,100.0,0.357,-4.11,17526,0.0,-100.0,0.0,-100.0,0.0,-99.99
BTC-USDT-SWAP,5m,1H,0.003,0.015,0.005,148.0,0.0,-100.0,1557,332,1225,21.323,100.0,0.31,-4.11,17526,0.0,-100.0,0.0,-100.0,0.0,-100.0
BTC-USDT-SWAP,5m,1H,0.003,0.015,0.008,148.0,0.0,-100.0,1557,355,1202,22.8,100.0,0.387,-4.11,17526,0.0,-100.0,0.0,-100.0,0.0,-99.99
BTC-USDT-SWAP,5m,1H,0.003,0.015,0.01,148.0,0.0,-100.0,1557,358,1199,22.993,100.0,0.431,-4.11,17526,0.0,-100.0,0.0,-100.0,0.0,-100.0
BTC-USDT-SWAP,5m,1H,0.003,0.015,0.015,148.0,0.0,-100.0,1557,363,1194,23.314,100.0,0.422,-4.11,17526,0.0,-100.0,0.0,-100.0,0.0,-100.0
BTC-USDT-SWAP,5m,1H,0.003,0.015,0.02,148.0,0.0,-100.0,1557,365,1192,23.443,100.0,0.406,-4.11,17526,0.0,-100.0,0.0,-100.0,0.0,-100.0
BTC-USDT-SWAP,5m,1H,0.003,0.015,0.025,148.0,0.0,-100.0,1557,365,1192,23.443,100.0,0.39,-4.11,17526,0.0,-100.0,0.0,-100.0,0.0,-100.0
BTC-USDT-SWAP,5m,1H,0.003,0.015,0.03,148.0,0.0,-100.0,1557,365,1192,23.443,100.0,0.373,-4.11,17526,0.0,-100.0,0.0,-100.0,0.0,-100.0
BTC-USDT-SWAP,5m,1H,0.003,0.02,0.005,148.0,0.0,-100.0,1557,331,1226,21.259,100.0,0.317,-4.11,17526,0.01,-100.0,0.0,-100.0,0.0,-100.0
BTC-USDT-SWAP,5m,1H,0.003,0.02,0.008,148.0,0.0,-100.0,1557,353,1204,22.672,100.0,0.392,-4.11,17526,0.0,-100.0,0.0,-100.0,0.0,-99.99
BTC-USDT-SWAP,5m,1H,0.003,0.02,0.01,148.0,0.0,-100.0,1557,356,1201,22.864,100.0,0.438,-4.11,17526,0.0,-100.0,0.0,-100.0,0.0,-100.0
BTC-USDT-SWAP,5m,1H,0.003,0.02,0.015,148.0,0.0,-100.0,1557,361,1196,23.186,100.0,0.428,-4.11,17526,0.0,-100.0,0.0,-100.0,0.0,-100.0
BTC-USDT-SWAP,5m,1H,0.003,0.02,0.02,148.0,0.0,-100.0,1557,363,1194,23.314,100.0,0.412,-4.11,17526,0.0,-100.0,0.0,-100.0,0.0,-100.0
BTC-USDT-SWAP,5m,1H,0.003,0.02,0.025,148.0,0.0,-100.0,1557,363,1194,23.314,100.0,0.396,-4.11,17526,0.0,-100.0,0.0,-100.0,0.0,-100.0
BTC-USDT-SWAP,5m,1H,0.003,0.02,0.03,148.0,0.0,-100.0,1557,363,1194,23.314,100.0,0.38,-4.11,17526,0.0,-100.0,0.0,-100.0,0.0,-100.0
BTC-USDT-SWAP,5m,1H,0.003,0.03,0.005,148.0,0.0,-100.0,1557,330,1227,21.195,100.0,0.314,-4.11,17526,0.01,-100.0,0.0,-100.0,0.0,-100.0
BTC-USDT-SWAP,5m,1H,0.003,0.03,0.008,148.0,0.0,-100.0,1557,353,1204,22.672,100.0,0.391,-4.11,17526,0.0,-100.0,0.0,-100.0,0.0,-99.99
BTC-USDT-SWAP,5m,1H,0.003,0.03,0.01,148.0,0.0,-100.0,1557,356,1201,22.864,100.0,0.437,-4.11,17526,0.0,-100.0,0.0,-100.0,0.0,-100.0
BTC-USDT-SWAP,5m,1H,0.003,0.03,0.015,148.0,0.0,-100.0,1557,361,1196,23.186,100.0,0.426,-4.11,17526,0.0,-100.0,0.0,-100.0,0.0,-100.0
BTC-USDT-SWAP,5m,1H,0.003,0.03,0.02,148.0,0.0,-100.0,1557,362,1195,23.25,100.0,0.41,-4.11,17526,0.0,-100.0,0.0,-100.0,0.0,-100.0
BTC-USDT-SWAP,5m,1H,0.003,0.03,0.025,148.0,0.0,-100.0,1557,362,1195,23.25,100.0,0.394,-4.11,17526,0.0,-100.0,0.0,-100.0,0.0,-100.0
BTC-USDT-SWAP,5m,1H,0.003,0.03,0.03,148.0,0.0,-100.0,1557,362,1195,23.25,100.0,0.378,-4.11,17526,0.0,-100.0,0.0,-100.0,0.0,-100.0
BTC-USDT-SWAP,5m,1H,0.004,0.004,0.005,148.0,0.0,-100.0,1076,467,609,43.401,100.0,0.361,-4.11,17526,0.99,-99.33,0.0,-99.93,0.0,-98.14
BTC-USDT-SWAP,5m,1H,0.004,0.004,0.008,148.0,0.0,-100.0,1076,491,585,45.632,100.0,0.487,-4.11,17526,1.46,-99.02,0.0,-99.94,0.0,-97.89
BTC-USDT-SWAP,5m,1H,0.004,0.004,0.01,148.0,0.0,-100.0,1076,499,577,46.375,100.0,0.491,-4.11,17526,1.36,-99.08,0.0,-99.94,0.0,-97.85
BTC-USDT-SWAP,5m,1H,0.004,0.004,0.015,148.0,0.0,-100.0,1076,508,568,47.212,100.0,0.54,-4.11,17526,1.73,-98.83,0.0,-99.93,0.0,-98.15
BTC-USDT-SWAP,5m,1H,0.004,0.004,0.02,148.0,0.0,-100.0,1076,511,565,47.491,100.0,0.594,-4.11,17526,2.03,-98.63,0.0,-99.9,0.0,-97.85
BTC-USDT-SWAP,5m,1H,0.004,0.004,0.025,148.0,0.0,-100.0,1076,511,565,47.491,100.0,0.594,-4.11,17526,2.39,-98.38,0.0,-99.89,0.0,-97.71
BTC-USDT-SWAP,5m,1H,0.004,0.004,0.03,148.0,0.0,-100.0,1076,512,564,47.584,100.0,0.594,-4.11,17526,2.39,-98.38,0.0,-99.9,0.0,-96.8
BTC-USDT-SWAP,5m,1H,0.004,0.006,0.005,148.0,0.0,-100.0,1076,336,740,31.227,100.0,0.316,-4.11,17526,0.21,-99.86,0.0,-99.98,0.0,-99.25
BTC-USDT-SWAP,5m,1H,0.004,0.006,0.008,148.0,0.0,-100.0,1076,357,719,33.178,100.0,0.461,-4.11,17526,0.25,-99.83,0.0,-99.99,0.0,-99.04
BTC-USDT-SWAP,5m,1H,0.004,0.006,0.01,148.0,0.0,-100.0,1076,362,714,33.643,100.0,0.459,-4.11,17526,0.19,-99.87,0.0,-99.99,0.0,-99.16
BTC-USDT-SWAP,5m,1H,0.004,0.006,0.015,148.0,0.0,-100.0,1076,370,706,34.387,100.0,0.472,-4.11,17526,0.23,-99.84,0.0,-99.99,0.0,-99.35
BTC-USDT-SWAP,5m,1H,0.004,0.006,0.02,148.0,0.0,-100.0,1076,372,704,34.572,100.0,0.457,-4.11,17526,0.21,-99.86,0.0,-99.99,0.0,-99.15
BTC-USDT-SWAP,5m,1H,0.004,0.006,0.025,148.0,0.0,-100.0,1076,372,704,34.572,100.0,0.44,-4.11,17526,0.21,-99.86,0.0,-99.99,0.0,-99.1
BTC-USDT-SWAP,5m,1H,0.004,0.006,0.03,148.0,0.0,-100.0,1076,373,703,34.665,100.0,0.496,-4.11,17526,0.25,-99.83,0.0,-99.99,0.0,-98.71
BTC-USDT-SWAP,5m,1H,0.004,0.008,0.005,148.0,0.0,-100.0,1076,290,786,26.952,100.0,0.292,-4.11,17526,0.1,-99.93,0.0,-99.99,0.0,-99.75
BTC-USDT-SWAP,5m,1H,0.004,0.008,0.008,148.0,0.0,-100.0,1076,306,770,28.439,100.0,0.378,-4.11,17526,0.08,-99.94,0.0,-100.0,0.0,-99.65
BTC-USDT-SWAP,5m,1H,0.004,0.008,0.01,148.0,0.0,-100.0,1076,312,764,28.996,100.0,0.432,-4.11,17526,0.08,-99.94,0.0,-100.0,0.0,-99.74
BTC-USDT-SWAP,5m,1H,0.004,0.008,0.015,148.0,0.0,-100.0,1076,320,756,29.74,100.0,0.437,-4.11,17526,0.09,-99.94,0.0,-100.0,0.0,-99.79
BTC-USDT-SWAP,5m,1H,0.004,0.008,0.02,148.0,0.0,-100.0,1076,321,755,29.833,100.0,0.417,-4.11,17526,0.08,-99.95,0.0,-100.0,0.0,-99.74
BTC-USDT-SWAP,5m,1H,0.004,0.008,0.025,148.0,0.0,-100.0,1076,321,755,29.833,100.0,0.401,-4.11,17526,0.08,-99.94,0.0,-100.0,0.0,-99.68
BTC-USDT-SWAP,5m,1H,0.004,0.008,0.03,148.0,0.0,-100.0,1076,321,755,29.833,100.0,0.455,-4.11,17526,0.1,-99.94,0.0,-100.0,0.0,-99.7
BTC-USDT-SWAP,5m,1H,0.004,0.01,0.005,148.0,0.0,-100.0,1076,271,805,25.186,100.0,0.307,-4.11,17526,0.08,-99.95,0.0,-100.0,0.0,-99.72
BTC-USDT-SWAP,5m,1H,0.004,0.01,0.008,148.0,0.0,-100.0,1076,287,789,26.673,100.0,0.392,-4.11,17526,0.06,-99.96,0.0,-100.0,0.0,-99.65
BTC-USDT-SWAP,5m,1H,0.004,0.01,0.01,148.0,0.0,-100.0,1076,292,784,27.138,100.0,0.457,-4.11,17526,0.06,-99.96,0.0,-100.0,0.0,-99.74
BTC-USDT-SWAP,5m,1H,0.004,0.01,0.015,148.0,0.0,-100.0,1076,301,775,27.974,100.0,0.459,-4.11,17526,0.07,-99.95,0.0,-100.0,0.0,-99.77
BTC-USDT-SWAP,5m,1H,0.004,0.01,0.02,148.0,0.0,-100.0,1076,303,773,28.16,100.0,0.438,-4.11,17526,0.06,-99.96,0.0,-100.0,0.0,-99.71
BTC-USDT-SWAP,5m,1H,0.004,0.01,0.025,148.0,0.0,-100.0,1076,303,773,28.16,100.0,0.422,-4.11,17526,0.06,-99.96,0.0,-100.0,0.0,-99.65
BTC-USDT-SWAP,5m,1H,0.004,0.01,0.03,148.0,0.0,-100.0,1076,303,773,28.16,100.0,0.477,-4.11,17526,0.07,-99.95,0.0,-100.0,0.0,-99.68
BTC-USDT-SWAP,5m,1H,0.004,0.012,0.005,148.0,0.0,-100.0,1076,264,812,24.535,100.0,0.343,-4.11,17526,0.09,-99.94,0.0,-100.0,0.0,-99.82
BTC-USDT-SWAP,5m,1H,0.004,0.012,0.008,148.0,0.0,-100.0,1076,280,796,26.022,100.0,0.431,-4.11,17526,0.07,-99.95,0.0,-100.0,0.0,-99.78
BTC-USDT-SWAP,5m,1H,0.004,0.012,0.01,148.0,0.0,-100.0,1076,285,791,26.487,100.0,0.498,-4.11,17526,0.07,-99.95,0.0,-100.0,0.0,-99.84
BTC-USDT-SWAP,5m,1H,0.004,0.012,0.015,148.0,0.0,-100.0,1076,292,784,27.138,100.0,0.498,-4.11,17526,0.08,-99.95,0.0,-100.0,0.0,-99.85
BTC-USDT-SWAP,5m,1H,0.004,0.012,0.02,148.0,0.0,-100.0,1076,294,782,27.323,100.0,0.476,-4.11,17526,0.07,-99.95,0.0,-100.0,0.0,-99.82
BTC-USDT-SWAP,5m,1H,0.004,0.012,0.025,148.0,0.0,-100.0,1076,294,782,27.323,100.0,0.46,-4.11,17526,0.07,-99.95,0.0,-100.0,0.0,-99.78
BTC-USDT-SWAP,5m,1H,0.004,0.012,0.03,148.0,0.0,-100.0,1076,294,782,27.323,100.0,0.516,-4.11,17526,0.08,-99.95,0.0,-100.0,0.0,-99.8
BTC-USDT-SWAP,5m,1H,0.004,0.015,0.005,148.0,0.0,-100.0,1076,262,814,24.349,100.0,0.394,-4.11,17526,0.09,-99.94,0.0,-100.0,0.0,-99.83
BTC-USDT-SWAP,5m,1H,0.004,0.015,0.008,148.0,0.0,-100.0,1076,276,800,25.651,100.0,0.476,-4.11,17526,0.06,-99.96,0.0,-100.0,0.0,-99.76
BTC-USDT-SWAP,5m,1H,0.004,0.015,0.01,148.0,0.0,-100.0,1076,279,797,25.929,100.0,0.52,-4.11,17526,0.06,-99.96,0.0,-100.0,0.0,-99.83
BTC-USDT-SWAP,5m,1H,0.004,0.015,0.015,148.0,0.0,-100.0,1076,286,790,26.58,100.0,0.519,-4.11,17526,0.07,-99.96,0.0,-100.0,0.0,-99.84
BTC-USDT-SWAP,5m,1H,0.004,0.015,0.02,148.0,0.0,-100.0,1076,288,788,26.766,100.0,0.497,-4.11,17526,0.06,-99.96,0.0,-100.0,0.0,-99.8
BTC-USDT-SWAP,5m,1H,0.004,0.015,0.025,148.0,0.0,-100.0,1076,288,788,26.766,100.0,0.481,-4.11,17526,0.06,-99.96,0.0,-100.0,0.0,-99.76
BTC-USDT-SWAP,5m,1H,0.004,0.015,0.03,148.0,0.0,-100.0,1076,288,788,26.766,100.0,0.537,-4.11,17526,0.07,-99.95,0.0,-100.0,0.0,-99.78
BTC-USDT-SWAP,5m,1H,0.004,0.02,0.005,148.0,0.0,-100.0,1076,261,815,24.257,100.0,0.411,-4.11,17526,0.11,-99.93,0.0,-100.0,0.0,-99.85
BTC-USDT-SWAP,5m,1H,0.004,0.02,0.008,148.0,0.0,-100.0,1076,274,802,25.465,100.0,0.491,-4.11,17526,0.07,-99.95,0.0,-100.0,0.0,-99.84
BTC-USDT-SWAP,5m,1H,0.004,0.02,0.01,148.0,0.0,-100.0,1076,277,799,25.743,100.0,0.535,-4.11,17526,0.07,-99.96,0.0,-100.0,0.0,-99.88
BTC-USDT-SWAP,5m,1H,0.004,0.02,0.015,148.0,0.0,-100.0,1076,284,792,26.394,100.0,0.534,-4.11,17526,0.07,-99.95,0.0,-100.0,0.0,-99.89
BTC-USDT-SWAP,5m,1H,0.004,0.02,0.02,148.0,0.0,-100.0,1076,286,790,26.58,100.0,0.513,-4.11,17526,0.06,-99.96,0.0,-100.0,0.0,-99.87
BTC-USDT-SWAP,5m,1H,0.004,0.02,0.025,148.0,0.0,-100.0,1076,286,790,26.58,100.0,0.496,-4.11,17526,0.06,-99.96,0.0,-100.0,0.0,-99.84
BTC-USDT-SWAP,5m,1H,0.004,0.02,0.03,148.0,0.0,-100.0,1076,286,790,26.58,100.0,0.552,-4.11,17526,0.07,-99.95,0.0,-100.0,0.0,-99.85
BTC-USDT-SWAP,5m,1H,0.004,0.03,0.005,148.0,0.0,-100.0,1076,260,816,24.164,100.0,0.414,-4.11,17526,0.12,-99.92,0.0,-100.0,0.0,-99.85
BTC-USDT-SWAP,5m,1H,0.004,0.03,0.008,148.0,0.0,-100.0,1076,273,803,25.372,100.0,0.496,-4.11,17526,0.08,-99.95,0.0,-100.0,0.0,-99.84
BTC-USDT-SWAP,5m,1H,0.004,0.03,0.01,148.0,0.0,-100.0,1076,276,800,25.651,100.0,0.539,-4.11,17526,0.07,-99.95,0.0,-100.0,0.0,-99.88
BTC-USDT-SWAP,5m,1H,0.004,0.03,0.015,148.0,0.0,-100.0,1076,282,794,26.208,100.0,0.538,-4.11,17526,0.08,-99.95,0.0,-100.0,0.0,-99.89
BTC-USDT-SWAP,5m,1H,0.004,0.03,0.02,148.0,0.0,-100.0,1076,284,792,26.394,100.0,0.517,-4.11,17526,0.07,-99.95,0.0,-100.0,0.0,-99.86
BTC-USDT-SWAP,5m,1H,0.004,0.03,0.025,148.0,0.0,-100.0,1076,284,792,26.394,100.0,0.5,-4.11,17526,0.07,-99.95,0.0,-100.0,0.0,-99.83
BTC-USDT-SWAP,5m,1H,0.004,0.03,0.03,148.0,0.0,-100.0,1076,284,792,26.394,100.0,0.556,-4.11,17526,0.08,-99.94,0.0,-100.0,0.0,-99.85
BTC-USDT-SWAP,5m,1H,0.005,0.004,0.005,148.0,0.009,-99.994,804,398,406,49.502,99.994,0.481,-4.109,17526,9.45,-93.61,0.07,-99.22,0.01,-87.29
BTC-USDT-SWAP,5m,1H,0.005,0.004,0.008,148.0,0.011,-99.993,804,418,386,51.99,99.993,0.511,-4.109,17526,9.79,-93.38,0.07,-99.26,0.01,-84.78
BTC-USDT-SWAP,5m,1H,0.005,0.004,0.01,148.0,0.011,-99.993,804,422,382,52.488,99.993,0.502,-4.109,17526,8.22,-94.44,0.07,-99.16,0.01,-84.67
BTC-USDT-SWAP,5m,1H,0.005,0.004,0.015,148.0,0.017,-99.989,804,432,372,53.731,99.99,0.58,-4.109,17526,12.06,-91.85,0.14,-98.81,0.02,-88.4
BTC-USDT-SWAP,5m,1H,0.005,0.004,0.02,148.0,0.032,-99.978,804,433,371,53.856,99.983,0.641,-4.109,17526,18.21,-87.7,0.23,-98.75,0.03,-85.88
BTC-USDT-SWAP,5m,1H,0.005,0.004,0.025,148.0,0.046,-99.969,804,434,370,53.98,99.976,0.64,-4.108,17526,17.84,-87.95,0.21,-98.8,0.05,-78.6
BTC-USDT-SWAP,5m,1H,0.005,0.004,0.03,148.0,0.046,-99.969,804,434,370,53.98,99.977,0.64,-4.108,17526,17.84,-87.95,0.21,-98.8,0.05,-78.6
BTC-USDT-SWAP,5m,1H,0.005,0.006,0.005,148.0,0.0,-100.0,804,279,525,34.701,100.0,0.522,-4.11,17526,2.53,-98.29,0.0,-99.86,0.0,-95.32
BTC-USDT-SWAP,5m,1H,0.005,0.006,0.008,148.0,0.0,-100.0,804,295,509,36.692,100.0,0.531,-4.11,17526,1.99,-98.65,0.0,-99.87,0.0,-95.8
BTC-USDT-SWAP,5m,1H,0.005,0.006,0.01,148.0,0.0,-100.0,804,298,506,37.065,100.0,0.522,-4.11,17526,1.48,-99.0,0.0,-99.88,0.0,-96.31
BTC-USDT-SWAP,5m,1H,0.005,0.006,0.015,148.0,0.0,-100.0,804,310,494,38.557,100.0,0.637,-4.11,17526,2.79,-98.11,0.01,-99.82,0.0,-97.08
BTC-USDT-SWAP,5m,1H,0.005,0.006,0.02,148.0,0.0,-100.0,804,311,493,38.682,100.0,0.696,-4.11,17526,4.02,-97.29,0.01,-99.81,0.0,-96.21
BTC-USDT-SWAP,5m,1H,0.005,0.006,0.025,148.0,0.0,-100.0,804,312,492,38.806,100.0,0.695,-4.11,17526,3.85,-97.4,0.01,-99.81,0.0,-94.14
BTC-USDT-SWAP,5m,1H,0.005,0.006,0.03,148.0,0.0,-100.0,804,312,492,38.806,100.0,0.695,-4.11,17526,3.59,-97.57,0.01,-99.83,0.0,-94.14
BTC-USDT-SWAP,5m,1H,0.005,0.008,0.005,148.0,0.0,-100.0,804,240,564,29.851,100.0,0.539,-4.11,17526,1.48,-99.0,0.0,-99.93,0.0,-97.36
BTC-USDT-SWAP,5m,1H,0.005,0.008,0.008,148.0,0.0,-100.0,804,252,552,31.343,100.0,0.515,-4.11,17526,0.94,-99.36,0.0,-99.93,0.0,-97.91
BTC-USDT-SWAP,5m,1H,0.005,0.008,0.01,148.0,0.0,-100.0,804,255,549,31.716,100.0,0.516,-4.11,17526,0.75,-99.49,0.0,-99.94,0.0,-98.17
BTC-USDT-SWAP,5m,1H,0.005,0.008,0.015,148.0,0.0,-100.0,804,265,539,32.96,100.0,0.577,-4.11,17526,1.14,-99.23,0.0,-99.9,0.0,-98.56
BTC-USDT-SWAP,5m,1H,0.005,0.008,0.02,148.0,0.0,-100.0,804,265,539,32.96,100.0,0.566,-4.11,17526,1.22,-99.18,0.0,-99.91,0.0,-98.13
BTC-USDT-SWAP,5m,1H,0.005,0.008,0.025,148.0,0.0,-100.0,804,265,539,32.96,100.0,0.549,-4.11,17526,1.1,-99.26,0.0,-99.91,0.0,-97.98
BTC-USDT-SWAP,5m,1H,0.005,0.008,0.03,148.0,0.0,-100.0,804,265,539,32.96,100.0,0.606,-4.11,17526,1.29,-99.13,0.0,-99.92,0.0,-98.12
BTC-USDT-SWAP,5m,1H,0.005,0.01,0.005,148.0,0.0,-100.0,804,223,581,27.736,100.0,0.448,-4.11,17526,1.11,-99.25,0.0,-99.97,0.0,-97.81
BTC-USDT-SWAP,5m,1H,0.005,0.01,0.008,148.0,0.0,-100.0,804,236,568,29.353,100.0,0.473,-4.11,17526,0.79,-99.47,0.0,-99.97,0.0,-98.35
BTC-USDT-SWAP,5m,1H,0.005,0.01,0.01,148.0,0.0,-100.0,804,239,565,29.726,100.0,0.472,-4.11,17526,0.61,-99.59,0.0,-99.97,0.0,-98.62
BTC-USDT-SWAP,5m,1H,0.005,0.01,0.015,148.0,0.0,-100.0,804,249,555,30.97,100.0,0.521,-4.11,17526,0.92,-99.38,0.0,-99.97,0.0,-98.7
BTC-USDT-SWAP,5m,1H,0.005,0.01,0.02,148.0,0.0,-100.0,804,249,555,30.97,100.0,0.505,-4.11,17526,0.96,-99.35,0.0,-99.97,0.0,-98.31
BTC-USDT-SWAP,5m,1H,0.005,0.01,0.025,148.0,0.0,-100.0,804,249,555,30.97,100.0,0.489,-4.11,17526,0.86,-99.42,0.0,-99.97,0.0,-98.17
BTC-USDT-SWAP,5m,1H,0.005,0.01,0.03,148.0,0.0,-100.0,804,249,555,30.97,100.0,0.547,-4.11,17526,1.02,-99.31,0.0,-99.97,0.0,-98.3
BTC-USDT-SWAP,5m,1H,0.005,0.012,0.005,148.0,0.0,-100.0,804,218,586,27.114,100.0,0.482,-4.11,17526,0.99,-99.33,0.0,-99.97,0.0,-98.23
BTC-USDT-SWAP,5m,1H,0.005,0.012,0.008,148.0,0.0,-100.0,804,229,575,28.483,100.0,0.51,-4.11,17526,0.71,-99.52,0.0,-99.98,0.0,-98.68
BTC-USDT-SWAP,5m,1H,0.005,0.012,0.01,148.0,0.0,-100.0,804,232,572,28.856,100.0,0.512,-4.11,17526,0.56,-99.62,0.0,-99.98,0.0,-98.86
BTC-USDT-SWAP,5m,1H,0.005,0.012,0.015,148.0,0.0,-100.0,804,241,563,29.975,100.0,0.564,-4.11,17526,0.82,-99.45,0.0,-99.98,0.0,-98.93
BTC-USDT-SWAP,5m,1H,0.005,0.012,0.02,148.0,0.0,-100.0,804,242,562,30.1,100.0,0.548,-4.11,17526,0.86,-99.42,0.0,-99.98,0.0,-98.61
BTC-USDT-SWAP,5m,1H,0.005,0.012,0.025,148.0,0.0,-100.0,804,242,562,30.1,100.0,0.532,-4.11,17526,0.77,-99.48,0.0,-99.98,0.0,-98.49
BTC-USDT-SWAP,5m,1H,0.005,0.012,0.03,148.0,0.0,-100.0,804,242,562,30.1,100.0,0.589,-4.11,17526,0.9,-99.39,0.0,-99.98,0.0,-98.6
BTC-USDT-SWAP,5m,1H,0.005,0.015,0.005,148.0,0.0,-100.0,804,217,587,26.99,100.0,0.522,-4.11,17526,0.95,-99.36,0.0,-99.97,0.0,-98.04
BTC-USDT-SWAP,5m,1H,0.005,0.015,0.008,148.0,0.0,-100.0,804,228,576,28.358,100.0,0.549,-4.11,17526,0.7,-99.53,0.0,-99.97,0.0,-98.5
BTC-USDT-SWAP,5m,1H,0.005,0.015,0.01,148.0,0.0,-100.0,804,229,575,28.483,100.0,0.531,-4.11,17526,0.5,-99.66,0.0,-99.98,0.0,-98.71
BTC-USDT-SWAP,5m,1H,0.005,0.015,0.015,148.0,0.0,-100.0,804,238,566,29.602,100.0,0.587,-4.11,17526,0.76,-99.49,0.0,-99.98,0.0,-98.78
BTC-USDT-SWAP,5m,1H,0.005,0.015,0.02,148.0,0.0,-100.0,804,239,565,29.726,100.0,0.571,-4.11,17526,0.79,-99.46,0.0,-99.98,0.0,-98.42
BTC-USDT-SWAP,5m,1H,0.005,0.015,0.025,148.0,0.0,-100.0,804,239,565,29.726,100.0,0.555,-4.11,17526,0.71,-99.52,0.0,-99.98,0.0,-98.29
BTC-USDT-SWAP,5m,1H,0.005,0.015,0.03,148.0,0.0,-100.0,804,239,565,29.726,100.0,0.611,-4.11,17526,0.84,-99.43,0.0,-99.97,0.0,-98.41
BTC-USDT-SWAP,5m,1H,0.005,0.02,0.005,148.0,0.0,-100.0,804,216,588,26.866,100.0,0.528,-4.11,17526,0.95,-99.36,0.0,-99.96,0.0,-98.16
BTC-USDT-SWAP,5m,1H,0.005,0.02,0.008,148.0,0.0,-100.0,804,224,580,27.861,100.0,0.546,-4.11,17526,0.56,-99.62,0.0,-99.97,0.0,-98.83
BTC-USDT-SWAP,5m,1H,0.005,0.02,0.01,148.0,0.0,-100.0,804,225,579,27.985,100.0,0.529,-4.11,17526,0.4,-99.73,0.0,-99.98,0.0,-98.99
BTC-USDT-SWAP,5m,1H,0.005,0.02,0.015,148.0,0.0,-100.0,804,234,570,29.104,100.0,0.592,-4.11,17526,0.65,-99.56,0.0,-99.98,0.0,-99.05
BTC-USDT-SWAP,5m,1H,0.005,0.02,0.02,148.0,0.0,-100.0,804,235,569,29.229,100.0,0.575,-4.11,17526,0.68,-99.54,0.0,-99.98,0.0,-98.76
BTC-USDT-SWAP,5m,1H,0.005,0.02,0.025,148.0,0.0,-100.0,804,235,569,29.229,100.0,0.559,-4.11,17526,0.61,-99.59,0.0,-99.98,0.0,-98.66
BTC-USDT-SWAP,5m,1H,0.005,0.02,0.03,148.0,0.0,-100.0,804,235,569,29.229,100.0,0.616,-4.11,17526,0.72,-99.52,0.0,-99.97,0.0,-98.76
BTC-USDT-SWAP,5m,1H,0.005,0.03,0.005,148.0,0.0,-100.0,804,215,589,26.741,100.0,0.514,-4.11,17526,0.88,-99.4,0.0,-99.96,0.0,-98.25
BTC-USDT-SWAP,5m,1H,0.005,0.03,0.008,148.0,0.0,-100.0,804,223,581,27.736,100.0,0.534,-4.11,17526,0.53,-99.64,0.0,-99.97,0.0,-98.89
BTC-USDT-SWAP,5m,1H,0.005,0.03,0.01,148.0,0.0,-100.0,804,224,580,27.861,100.0,0.517,-4.11,17526,0.37,-99.75,0.0,-99.98,0.0,-99.04
BTC-USDT-SWAP,5m,1H,0.005,0.03,0.015,148.0,0.0,-100.0,804,231,573,28.731,100.0,0.533,-4.11,17526,0.49,-99.67,0.0,-99.98,0.0,-99.09
BTC-USDT-SWAP,5m,1H,0.005,0.03,0.02,148.0,0.0,-100.0,804,232,572,28.856,100.0,0.516,-4.11,17526,0.51,-99.66,0.0,-99.99,0.0,-98.82
BTC-USDT-SWAP,5m,1H,0.005,0.03,0.025,148.0,0.0,-100.0,804,232,572,28.856,100.0,0.499,-4.11,17526,0.46,-99.69,0.0,-99.99,0.0,-98.73
BTC-USDT-SWAP,5m,1H,0.005,0.03,0.03,148.0,0.0,-100.0,804,232,572,28.856,100.0,0.557,-4.11,17526,0.54,-99.64,0.0,-99.98,0.0,-98.82
BTC-USDT-SWAP,5m,1H,0.007,0.004,0.005,148.0,4.252,-97.127,449,268,181,59.688,97.491,0.579,-3.992,17526,47.72,-67.76,9.27,-80.57,4.25,-54.14
BTC-USDT-SWAP,5m,1H,0.007,0.004,0.008,148.0,6.077,-95.894,449,287,162,63.92,96.181,0.607,-3.941,17526,46.93,-68.29,12.14,-74.13,6.08,-49.95
BTC-USDT-SWAP,5m,1H,0.007,0.004,0.01,148.0,10.184,-93.119,449,295,154,65.702,93.454,0.687,-3.827,17526,66.84,-54.84,20.56,-69.24,10.18,-50.46
BTC-USDT-SWAP,5m,1H,0.007,0.004,0.015,148.0,24.514,-83.436,449,304,145,67.706,89.478,0.805,-3.429,17526,92.04,-37.81,42.57,-53.75,24.51,-42.41
BTC-USDT-SWAP,5m,1H,0.007,0.004,0.02,148.0,34.506,-76.685,449,305,144,67.929,85.189,0.82,-3.151,17526,87.13,-41.13,45.25,-48.07,34.51,-23.75
BTC-USDT-SWAP,5m,1H,0.007,0.004,0.025,148.0,59.351,-59.898,449,307,142,68.374,78.396,0.865,-2.462,17526,87.64,-40.78,59.52,-32.09,59.35,-0.28
BTC-USDT-SWAP,5m,1H,0.007,0.004,0.03,148.0,59.351,-59.898,449,307,142,68.374,78.396,0.865,-2.462,17526,87.64,-40.78,59.52,-32.09,59.35,-0.28
BTC-USDT-SWAP,5m,1H,0.007,0.006,0.005,148.0,0.259,-99.825,449,183,266,40.757,99.837,0.565,-4.102,17526,24.85,-83.21,1.19,-95.21,0.26,-78.21
BTC-USDT-SWAP,5m,1H,0.007,0.006,0.008,148.0,0.211,-99.857,449,195,254,43.43,99.859,0.557,-4.104,17526,19.53,-86.8,0.89,-95.42,0.21,-76.38
BTC-USDT-SWAP,5m,1H,0.007,0.006,0.01,148.0,0.23,-99.845,449,201,248,44.766,99.871,0.62,-4.103,17526,26.19,-82.31,1.13,-95.67,0.23,-79.71
BTC-USDT-SWAP,5m,1H,0.007,0.006,0.015,148.0,0.424,-99.713,449,207,242,46.102,99.829,0.705,-4.098,17526,36.84,-75.11,1.88,-94.91,0.42,-77.38
BTC-USDT-SWAP,5m,1H,0.007,0.006,0.02,148.0,0.478,-99.677,449,207,242,46.102,99.808,0.702,-4.096,17526,38.83,-73.76,1.94,-95.01,0.48,-75.36
BTC-USDT-SWAP,5m,1H,0.007,0.006,0.025,148.0,0.766,-99.483,449,208,241,46.325,99.732,0.702,-4.088,17526,39.06,-73.61,1.97,-94.96,0.77,-61.07
BTC-USDT-SWAP,5m,1H,0.007,0.006,0.03,148.0,0.778,-99.474,449,208,241,46.325,99.728,0.702,-4.088,17526,39.06,-73.61,2.0,-94.88,0.78,-61.07
BTC-USDT-SWAP,5m,1H,0.007,0.008,0.005,148.0,0.024,-99.984,449,145,304,32.294,99.985,0.546,-4.109,17526,10.72,-92.75,0.16,-98.47,0.02,-85.35
BTC-USDT-SWAP,5m,1H,0.007,0.008,0.008,148.0,0.011,-99.992,449,154,295,34.298,99.993,0.54,-4.109,17526,7.03,-95.25,0.1,-98.63,0.01,-88.21
BTC-USDT-SWAP,5m,1H,0.007,0.008,0.01,148.0,0.011,-99.992,449,160,289,35.635,99.994,0.612,-4.109,17526,9.15,-93.82,0.11,-98.77,0.01,-90.09
BTC-USDT-SWAP,5m,1H,0.007,0.008,0.015,148.0,0.034,-99.977,449,167,282,37.194,99.987,0.723,-4.109,17526,17.56,-88.13,0.3,-98.28,0.03,-88.82
BTC-USDT-SWAP,5m,1H,0.007,0.008,0.02,148.0,0.036,-99.976,449,167,282,37.194,99.986,0.719,-4.109,17526,17.39,-88.25,0.3,-98.3,0.04,-87.82
BTC-USDT-SWAP,5m,1H,0.007,0.008,0.025,148.0,0.052,-99.965,449,168,281,37.416,99.983,0.719,-4.108,17526,16.37,-88.94,0.26,-98.39,0.05,-80.39
BTC-USDT-SWAP,5m,1H,0.007,0.008,0.03,148.0,0.045,-99.969,449,168,281,37.416,99.985,0.718,-4.108,17526,15.24,-89.7,0.23,-98.48,0.05,-80.39
BTC-USDT-SWAP,5m,1H,0.007,0.01,0.005,148.0,0.011,-99.993,449,132,317,29.399,99.993,0.536,-4.109,17526,6.95,-95.3,0.09,-98.72,0.01,-87.95
BTC-USDT-SWAP,5m,1H,0.007,0.01,0.008,148.0,0.005,-99.996,449,140,309,31.18,99.997,0.539,-4.109,17526,4.77,-96.78,0.06,-98.8,0.01,-90.78
BTC-USDT-SWAP,5m,1H,0.007,0.01,0.01,148.0,0.005,-99.997,449,144,305,32.071,99.997,0.556,-4.109,17526,5.34,-96.39,0.06,-98.88,0.0,-92.25
BTC-USDT-SWAP,5m,1H,0.007,0.01,0.015,148.0,0.011,-99.993,449,150,299,33.408,99.993,0.62,-4.109,17526,7.82,-94.71,0.13,-98.39,0.01,-91.26
BTC-USDT-SWAP,5m,1H,0.007,0.01,0.02,148.0,0.011,-99.992,449,150,299,33.408,99.992,0.601,-4.109,17526,7.42,-94.98,0.12,-98.41,0.01,-90.48
BTC-USDT-SWAP,5m,1H,0.007,0.01,0.025,148.0,0.01,-99.993,449,150,299,33.408,99.993,0.585,-4.109,17526,6.54,-95.58,0.1,-98.5,0.01,-89.48
BTC-USDT-SWAP,5m,1H,0.007,0.01,0.03,148.0,0.011,-99.993,449,150,299,33.408,99.994,0.644,-4.109,17526,7.86,-94.69,0.11,-98.58,0.01,-90.21
BTC-USDT-SWAP,5m,1H,0.007,0.012,0.005,148.0,0.005,-99.996,449,125,324,27.84,99.997,0.391,-4.109,17526,4.37,-97.05,0.04,-99.03,0.01,-87.8
BTC-USDT-SWAP,5m,1H,0.007,0.012,0.008,148.0,0.003,-99.998,449,134,315,29.844,99.998,0.458,-4.11,17526,3.45,-97.67,0.03,-99.09,0.0,-90.97
BTC-USDT-SWAP,5m,1H,0.007,0.012,0.01,148.0,0.003,-99.998,449,139,310,30.958,99.998,0.467,-4.11,17526,3.83,-97.42,0.03,-99.16,0.0,-91.51
BTC-USDT-SWAP,5m,1H,0.007,0.012,0.015,148.0,0.006,-99.996,449,145,304,32.294,99.996,0.535,-4.109,17526,5.48,-96.3,0.06,-98.89,0.01,-90.42
BTC-USDT-SWAP,5m,1H,0.007,0.012,0.02,148.0,0.005,-99.996,449,145,304,32.294,99.996,0.516,-4.109,17526,5.2,-96.49,0.05,-99.04,0.01,-89.56
BTC-USDT-SWAP,5m,1H,0.007,0.012,0.025,148.0,0.005,-99.997,449,145,304,32.294,99.997,0.498,-4.109,17526,4.58,-96.9,0.04,-99.02,0.01,-88.47
BTC-USDT-SWAP,5m,1H,0.007,0.012,0.03,148.0,0.007,-99.995,449,145,304,32.294,99.996,0.561,-4.109,17526,5.51,-96.28,0.06,-98.86,0.01,-89.27
BTC-USDT-SWAP,5m,1H,0.007,0.015,0.005,148.0,0.005,-99.997,449,125,324,27.84,99.997,0.401,-4.109,17526,4.36,-97.06,0.04,-99.01,0.0,-89.36
BTC-USDT-SWAP,5m,1H,0.007,0.015,0.008,148.0,0.002,-99.998,449,133,316,29.621,99.999,0.48,-4.11,17526,3.6,-97.57,0.03,-99.18,0.0,-92.12
BTC-USDT-SWAP,5m,1H,0.007,0.015,0.01,148.0,0.002,-99.999,449,137,312,30.512,99.999,0.489,-4.11,17526,3.89,-97.37,0.02,-99.45,0.0,-92.6
BTC-USDT-SWAP,5m,1H,0.007,0.015,0.015,148.0,0.004,-99.997,449,144,305,32.071,99.997,0.56,-4.109,17526,5.63,-96.2,0.05,-99.15,0.0,-91.64
BTC-USDT-SWAP,5m,1H,0.007,0.015,0.02,148.0,0.003,-99.998,449,144,305,32.071,99.998,0.541,-4.109,17526,5.34,-96.39,0.04,-99.31,0.0,-90.9
BTC-USDT-SWAP,5m,1H,0.007,0.015,0.025,148.0,0.003,-99.998,449,144,305,32.071,99.998,0.523,-4.11,17526,4.7,-96.82,0.03,-99.34,0.0,-89.95
BTC-USDT-SWAP,5m,1H,0.007,0.015,0.03,148.0,0.005,-99.997,449,144,305,32.071,99.997,0.586,-4.109,17526,5.65,-96.18,0.05,-99.08,0.0,-90.64
BTC-USDT-SWAP,5m,1H,0.007,0.02,0.005,148.0,0.003,-99.998,449,121,328,26.949,99.998,0.375,-4.11,17526,3.55,-97.6,0.03,-99.03,0.0,-91.83
BTC-USDT-SWAP,5m,1H,0.007,0.02,0.008,148.0,0.001,-99.999,449,128,321,28.508,99.999,0.427,-4.11,17526,2.64,-98.22,0.02,-99.34,0.0,-93.96
BTC-USDT-SWAP,5m,1H,0.007,0.02,0.01,148.0,0.001,-99.999,449,132,317,29.399,100.0,0.436,-4.11,17526,2.94,-98.02,0.01,-99.55,0.0,-94.32
BTC-USDT-SWAP,5m,1H,0.007,0.02,0.015,148.0,0.002,-99.999,449,139,310,30.958,99.999,0.518,-4.11,17526,4.42,-97.01,0.03,-99.25,0.0,-93.59
BTC-USDT-SWAP,5m,1H,0.007,0.02,0.02,148.0,0.002,-99.999,449,139,310,30.958,99.999,0.499,-4.11,17526,4.2,-97.16,0.03,-99.39,0.0,-93.02
BTC-USDT-SWAP,5m,1H,0.007,0.02,0.025,148.0,0.002,-99.999,449,139,310,30.958,99.999,0.481,-4.11,17526,3.7,-97.5,0.02,-99.42,0.0,-92.29
BTC-USDT-SWAP,5m,1H,0.007,0.02,0.03,148.0,0.003,-99.998,449,139,310,30.958,99.998,0.545,-4.11,17526,4.44,-97.0,0.04,-99.19,0.0,-92.82
BTC-USDT-SWAP,5m,1H,0.007,0.03,0.005,148.0,0.003,-99.998,449,120,329,26.726,99.998,0.373,-4.11,17526,3.5,-97.64,0.04,-98.97,0.0,-92.25
BTC-USDT-SWAP,5m,1H,0.007,0.03,0.008,148.0,0.001,-99.999,449,127,322,28.285,99.999,0.425,-4.11,17526,2.6,-98.24,0.02,-99.29,0.0,-94.27
BTC-USDT-SWAP,5m,1H,0.007,0.03,0.01,148.0,0.001,-99.999,449,131,318,29.176,100.0,0.434,-4.11,17526,2.9,-98.04,0.01,-99.52,0.0,-94.61
BTC-USDT-SWAP,5m,1H,0.007,0.03,0.015,148.0,0.001,-99.999,449,136,313,30.29,99.999,0.455,-4.11,17526,3.59,-97.58,0.02,-99.44,0.0,-93.92
BTC-USDT-SWAP,5m,1H,0.007,0.03,0.02,148.0,0.001,-99.999,449,136,313,30.29,99.999,0.436,-4.11,17526,3.41,-97.7,0.01,-99.56,0.0,-93.37
BTC-USDT-SWAP,5m,1H,0.007,0.03,0.025,148.0,0.001,-99.999,449,136,313,30.29,99.999,0.42,-4.11,17526,3.0,-97.97,0.02,-99.48,0.0,-92.68
BTC-USDT-SWAP,5m,1H,0.007,0.03,0.03,148.0,0.002,-99.999,449,136,313,30.29,99.999,0.483,-4.11,17526,3.61,-97.56,0.03,-99.27,0.0,-93.18
BTC-USDT-SWAP,5m,1H,0.01,0.004,0.005,148.0,33.85,-77.129,220,147,73,66.818,79.033,0.615,-3.17,17526,69.9,-52.77,37.32,-46.61,33.85,-9.3
BTC-USDT-SWAP,5m,1H,0.01,0.004,0.008,148.0,75.652,-48.884,220,163,57,74.091,66.214,0.811,-2.009,17526,101.7,-31.29,75.81,-25.45,75.65,-0.21
BTC-USDT-SWAP,5m,1H,0.01,0.004,0.01,148.0,121.24,-18.081,220,168,52,76.364,53.844,0.938,-0.743,17526,105.37,-28.81,112.56,6.82,121.24,7.72
BTC-USDT-SWAP,5m,1H,0.01,0.004,0.015,148.0,162.562,9.839,220,172,48,78.182,55.817,1.026,0.404,17526,156.48,5.73,138.05,-11.78,162.56,17.76
BTC-USDT-SWAP,5m,1H,0.01,0.004,0.02,148.0,257.127,73.734,220,174,46,79.091,43.977,1.209,3.03,17526,153.6,3.79,177.68,15.67,257.13,44.72
BTC-USDT-SWAP,5m,1H,0.01,0.004,0.025,148.0,336.243,127.191,220,175,45,79.545,31.352,1.358,5.227,17526,153.6,3.79,232.35,51.26,336.24,44.72
BTC-USDT-SWAP,5m,1H,0.01,0.004,0.03,148.0,336.243,127.191,220,175,45,79.545,31.352,1.358,5.227,17526,153.6,3.79,232.35,51.26,336.24,44.72
BTC-USDT-SWAP,5m,1H,0.01,0.006,0.005,148.0,5.038,-96.596,220,99,121,45.0,96.596,0.439,-3.97,17526,29.83,-79.84,8.96,-69.95,5.04,-43.79
BTC-USDT-SWAP,5m,1H,0.01,0.006,0.008,148.0,9.006,-93.915,220,114,106,51.818,94.619,0.583,-3.86,17526,40.23,-72.82,15.26,-62.06,9.01,-40.99
BTC-USDT-SWAP,5m,1H,0.01,0.006,0.01,148.0,13.164,-91.105,220,119,101,54.091,92.998,0.614,-3.744,17526,37.62,-74.58,19.31,-48.68,13.16,-31.81
BTC-USDT-SWAP,5m,1H,0.01,0.006,0.015,148.0,17.458,-88.204,220,122,98,55.455,91.67,0.689,-3.625,17526,48.15,-67.46,22.14,-54.02,17.46,-21.14
BTC-USDT-SWAP,5m,1H,0.01,0.006,0.02,148.0,29.735,-79.909,220,124,96,56.364,88.677,0.725,-3.284,17526,52.11,-64.79,30.09,-42.25,29.73,-1.19
BTC-USDT-SWAP,5m,1H,0.01,0.006,0.025,148.0,36.994,-75.004,220,125,95,56.818,85.912,0.743,-3.082,17526,48.76,-67.06,37.44,-23.21,36.99,-1.19
BTC-USDT-SWAP,5m,1H,0.01,0.006,0.03,148.0,40.433,-72.681,220,125,95,56.818,84.603,0.757,-2.987,17526,53.29,-63.99,40.92,-23.21,40.43,-1.19
BTC-USDT-SWAP,5m,1H,0.01,0.008,0.005,148.0,0.862,-99.417,220,73,147,33.182,99.417,0.31,-4.086,17526,15.74,-89.36,2.41,-84.7,0.86,-64.2
BTC-USDT-SWAP,5m,1H,0.01,0.008,0.008,148.0,1.503,-98.984,220,86,134,39.091,99.087,0.469,-4.068,17526,20.99,-85.82,3.9,-81.4,1.5,-61.5
BTC-USDT-SWAP,5m,1H,0.01,0.008,0.01,148.0,2.432,-98.357,220,92,128,41.818,98.489,0.516,-4.042,17526,22.11,-85.06,5.61,-74.62,2.43,-56.66
BTC-USDT-SWAP,5m,1H,0.01,0.008,0.015,148.0,3.268,-97.792,220,94,126,42.727,98.314,0.574,-4.019,17526,25.13,-83.02,5.53,-78.0,3.27,-40.89
BTC-USDT-SWAP,5m,1H,0.01,0.008,0.02,148.0,5.67,-96.169,220,96,124,43.636,97.135,0.59,-3.952,17526,28.38,-80.82,7.51,-73.54,5.67,-24.5
BTC-USDT-SWAP,5m,1H,0.01,0.008,0.025,148.0,5.877,-96.029,220,96,124,43.636,97.03,0.586,-3.946,17526,26.55,-82.06,7.78,-70.68,5.88,-24.5
BTC-USDT-SWAP,5m,1H,0.01,0.008,0.03,148.0,6.788,-95.414,220,96,124,43.636,96.57,0.596,-3.921,17526,29.02,-80.39,8.99,-69.02,6.79,-24.5
BTC-USDT-SWAP,5m,1H,0.01,0.01,0.005,148.0,0.465,-99.686,220,64,156,29.091,99.686,0.359,-4.097,17526,17.51,-88.17,1.77,-89.9,0.47,-73.69
BTC-USDT-SWAP,5m,1H,0.01,0.01,0.008,148.0,0.728,-99.508,220,75,145,34.091,99.594,0.531,-4.089,17526,24.69,-83.32,2.78,-88.74,0.73,-73.83
BTC-USDT-SWAP,5m,1H,0.01,0.01,0.01,148.0,0.972,-99.343,220,80,140,36.364,99.439,0.567,-4.083,17526,26.5,-82.09,3.56,-86.55,0.97,-72.72
BTC-USDT-SWAP,5m,1H,0.01,0.01,0.015,148.0,1.271,-99.141,220,81,139,36.818,99.403,0.632,-4.074,17526,30.68,-79.27,4.06,-86.78,1.27,-68.67
BTC-USDT-SWAP,5m,1H,0.01,0.01,0.02,148.0,2.212,-98.506,220,82,138,37.273,98.982,0.638,-4.048,17526,34.66,-76.58,4.72,-86.38,2.21,-53.14
BTC-USDT-SWAP,5m,1H,0.01,0.01,0.025,148.0,2.293,-98.451,220,82,138,37.273,98.945,0.635,-4.046,17526,32.43,-78.09,4.89,-84.91,2.29,-53.14
BTC-USDT-SWAP,5m,1H,0.01,0.01,0.03,148.0,2.648,-98.211,220,82,138,37.273,98.781,0.641,-4.036,17526,35.44,-76.05,5.65,-84.06,2.65,-53.14
BTC-USDT-SWAP,5m,1H,0.01,0.012,0.005,148.0,0.321,-99.783,220,60,160,27.273,99.787,0.335,-4.101,17526,16.27,-89.0,1.59,-90.22,0.32,-79.8
BTC-USDT-SWAP,5m,1H,0.01,0.012,0.008,148.0,0.508,-99.657,220,70,150,31.818,99.707,0.492,-4.095,17526,22.57,-84.75,2.56,-88.64,0.51,-80.2
BTC-USDT-SWAP,5m,1H,0.01,0.012,0.01,148.0,0.672,-99.546,220,75,145,34.091,99.603,0.537,-4.091,17526,24.68,-83.33,3.33,-86.5,0.67,-79.82
BTC-USDT-SWAP,5m,1H,0.01,0.012,0.015,148.0,0.708,-99.522,220,75,145,34.091,99.555,0.525,-4.09,17526,21.88,-85.22,2.74,-87.49,0.71,-74.14
BTC-USDT-SWAP,5m,1H,0.01,0.012,0.02,148.0,1.107,-99.252,220,76,144,34.545,99.293,0.515,-4.079,17526,23.22,-84.31,2.81,-87.89,1.11,-60.61
BTC-USDT-SWAP,5m,1H,0.01,0.012,0.025,148.0,1.339,-99.095,220,76,144,34.545,99.314,0.564,-4.072,17526,27.09,-81.7,3.4,-87.45,1.34,-60.61
BTC-USDT-SWAP,5m,1H,0.01,0.012,0.03,148.0,1.441,-99.027,220,76,144,34.545,99.262,0.569,-4.07,17526,29.61,-80.0,3.66,-87.65,1.44,-60.61
BTC-USDT-SWAP,5m,1H,0.01,0.015,0.005,148.0,0.391,-99.736,220,60,160,27.273,99.748,0.348,-4.099,17526,16.87,-88.6,2.04,-87.9,0.39,-80.81
BTC-USDT-SWAP,5m,1H,0.01,0.015,0.008,148.0,0.596,-99.597,220,69,151,31.364,99.603,0.475,-4.093,17526,22.03,-85.11,3.36,-84.74,0.6,-82.28
BTC-USDT-SWAP,5m,1H,0.01,0.015,0.01,148.0,0.664,-99.551,220,73,147,33.182,99.551,0.534,-4.091,17526,24.75,-83.28,3.68,-85.15,0.66,-81.94
BTC-USDT-SWAP,5m,1H,0.01,0.015,0.015,148.0,0.659,-99.555,220,73,147,33.182,99.555,0.523,-4.091,17526,21.94,-85.18,2.85,-87.01,0.66,-76.86
BTC-USDT-SWAP,5m,1H,0.01,0.015,0.02,148.0,0.813,-99.451,220,73,147,33.182,99.451,0.513,-4.087,17526,23.28,-84.27,3.26,-85.98,0.81,-75.1
BTC-USDT-SWAP,5m,1H,0.01,0.015,0.025,148.0,0.92,-99.379,220,73,147,33.182,99.431,0.561,-4.084,17526,27.17,-81.64,3.95,-85.47,0.92,-76.7
BTC-USDT-SWAP,5m,1H,0.01,0.015,0.03,148.0,1.28,-99.135,220,73,147,33.182,99.208,0.567,-4.074,17526,29.69,-79.94,4.25,-85.7,1.28,-69.86
BTC-USDT-SWAP,5m,1H,0.01,0.02,0.005,148.0,0.306,-99.793,220,59,161,26.818,99.804,0.327,-4.101,17526,16.44,-88.89,1.53,-90.71,0.31,-79.96
BTC-USDT-SWAP,5m,1H,0.01,0.02,0.008,148.0,0.363,-99.755,220,67,153,30.455,99.76,0.465,-4.1,17526,22.28,-84.94,1.96,-91.2,0.36,-81.49
BTC-USDT-SWAP,5m,1H,0.01,0.02,0.01,148.0,0.397,-99.732,220,71,149,32.273,99.732,0.519,-4.099,17526,24.59,-83.39,2.1,-91.45,0.4,-81.14
BTC-USDT-SWAP,5m,1H,0.01,0.02,0.015,148.0,0.45,-99.696,220,72,148,32.727,99.696,0.513,-4.097,17526,21.8,-85.27,1.86,-91.46,0.45,-75.84
BTC-USDT-SWAP,5m,1H,0.01,0.02,0.02,148.0,0.521,-99.648,220,72,148,32.727,99.648,0.501,-4.095,17526,23.13,-84.37,2.0,-91.34,0.52,-74.0
BTC-USDT-SWAP,5m,1H,0.01,0.02,0.025,148.0,0.683,-99.539,220,72,148,32.727,99.581,0.554,-4.091,17526,26.99,-81.76,2.81,-89.6,0.68,-75.67
BTC-USDT-SWAP,5m,1H,0.01,0.02,0.03,148.0,0.95,-99.358,220,72,148,32.727,99.417,0.559,-4.083,17526,29.5,-80.07,3.02,-89.77,0.95,-68.53
BTC-USDT-SWAP,5m,1H,0.01,0.03,0.005,148.0,0.162,-99.89,220,57,163,25.909,99.896,0.258,-4.105,17526,13.46,-90.9,0.95,-92.94,0.16,-82.92
BTC-USDT-SWAP,5m,1H,0.01,0.03,0.008,148.0,0.153,-99.897,220,64,156,29.091,99.899,0.303,-4.105,17526,14.03,-90.52,0.97,-93.1,0.15,-84.22
BTC-USDT-SWAP,5m,1H,0.01,0.03,0.01,148.0,0.201,-99.864,220,68,152,30.909,99.864,0.383,-4.104,17526,17.22,-88.36,1.25,-92.74,0.2,-83.92
BTC-USDT-SWAP,5m,1H,0.01,0.03,0.015,148.0,0.228,-99.846,220,69,151,31.364,99.846,0.376,-4.103,17526,15.27,-89.68,1.11,-92.75,0.23,-79.4
BTC-USDT-SWAP,5m,1H,0.01,0.03,0.02,148.0,0.264,-99.822,220,69,151,31.364,99.822,0.365,-4.102,17526,16.2,-89.05,1.19,-92.65,0.26,-77.83
BTC-USDT-SWAP,5m,1H,0.01,0.03,0.025,148.0,0.346,-99.766,220,69,151,31.364,99.788,0.415,-4.1,17526,18.91,-87.23,1.67,-91.17,0.35,-79.26
BTC-USDT-SWAP,5m,1H,0.01,0.03,0.03,148.0,0.482,-99.675,220,69,151,31.364,99.705,0.42,-4.096,17526,20.66,-86.04,1.8,-91.31,0.48,-73.17
BTC-USDT-SWAP,15m,2H,0.001,0.004,0.005,148.0,0.0,-100.0,2006,957,1049,47.707,100.0,0.563,-4.11,8764,0.37,-99.75,0.0,-100.0,0.0,-99.75
BTC-USDT-SWAP,15m,2H,0.001,0.004,0.008,148.0,0.0,-100.0,2006,1017,989,50.698,100.0,0.604,-4.11,8764,0.62,-99.58,0.0,-100.0,0.0,-99.5
BTC-USDT-SWAP,15m,2H,0.001,0.004,0.01,148.0,0.0,-100.0,2006,1038,968,51.745,100.0,0.593,-4.11,8764,1.0,-99.32,0.0,-100.0,0.0,-99.3
BTC-USDT-SWAP,15m,2H,0.001,0.004,0.015,148.0,0.0,-100.0,2006,1057,949,52.692,100.0,0.61,-4.11,8764,1.6,-98.92,0.0,-100.0,0.0,-98.54
BTC-USDT-SWAP,15m,2H,0.001,0.004,0.02,148.0,0.0,-100.0,2006,1062,944,52.941,100.0,0.576,-4.11,8764,1.56,-98.95,0.0,-100.0,0.0,-98.58
BTC-USDT-SWAP,15m,2H,0.001,0.004,0.025,148.0,0.0,-100.0,2006,1065,941,53.091,100.0,0.634,-4.11,8764,1.71,-98.84,0.0,-100.0,0.0,-98.34
BTC-USDT-SWAP,15m,2H,0.001,0.004,0.03,148.0,0.0,-100.0,2006,1065,941,53.091,100.0,0.633,-4.11,8764,1.53,-98.97,0.0,-100.0,0.0,-98.66
BTC-USDT-SWAP,15m,2H,0.001,0.006,0.005,148.0,0.0,-100.0,2006,686,1320,34.197,100.0,0.502,-4.11,8764,0.03,-99.98,0.0,-100.0,0.0,-99.98
BTC-USDT-SWAP,15m,2H,0.001,0.006,0.008,148.0,0.0,-100.0,2006,739,1267,36.839,100.0,0.568,-4.11,8764,0.04,-99.97,0.0,-100.0,0.0,-99.98
BTC-USDT-SWAP,15m,2H,0.001,0.006,0.01,148.0,0.0,-100.0,2006,759,1247,37.836,100.0,0.549,-4.11,8764,0.06,-99.96,0.0,-100.0,0.0,-99.96
BTC-USDT-SWAP,15m,2H,0.001,0.006,0.015,148.0,0.0,-100.0,2006,777,1229,38.734,100.0,0.532,-4.11,8764,0.06,-99.96,0.0,-100.0,0.0,-99.94
BTC-USDT-SWAP,15m,2H,0.001,0.006,0.02,148.0,0.0,-100.0,2006,781,1225,38.933,100.0,0.496,-4.11,8764,0.04,-99.97,0.0,-100.0,0.0,-99.93
BTC-USDT-SWAP,15m,2H,0.001,0.006,0.025,148.0,0.0,-100.0,2006,783,1223,39.033,100.0,0.573,-4.11,8764,0.05,-99.97,0.0,-100.0,0.0,-99.92
BTC-USDT-SWAP,15m,2H,0.001,0.006,0.03,148.0,0.0,-100.0,2006,783,1223,39.033,100.0,0.573,-4.11,8764,0.04,-99.97,0.0,-100.0,0.0,-99.94
BTC-USDT-SWAP,15m,2H,0.001,0.008,0.005,148.0,0.0,-100.0,2006,581,1425,28.963,100.0,0.481,-4.11,8764,0.01,-100.0,0.0,-100.0,0.0,-100.0
BTC-USDT-SWAP,15m,2H,0.001,0.008,0.008,148.0,0.0,-100.0,2006,629,1377,31.356,100.0,0.559,-4.11,8764,0.01,-99.99,0.0,-100.0,0.0,-100.0
BTC-USDT-SWAP,15m,2H,0.001,0.008,0.01,148.0,0.0,-100.0,2006,644,1362,32.104,100.0,0.54,-4.11,8764,0.01,-99.99,0.0,-100.0,0.0,-100.0
BTC-USDT-SWAP,15m,2H,0.001,0.008,0.015,148.0,0.0,-100.0,2006,660,1346,32.901,100.0,0.514,-4.11,8764,0.01,-100.0,0.0,-100.0,0.0,-100.0
BTC-USDT-SWAP,15m,2H,0.001,0.008,0.02,148.0,0.0,-100.0,2006,663,1343,33.051,100.0,0.48,-4.11,8764,0.0,-100.0,0.0,-100.0,0.0,-100.0
BTC-USDT-SWAP,15m,2H,0.001,0.008,0.025,148.0,0.0,-100.0,2006,663,1343,33.051,100.0,0.464,-4.11,8764,0.0,-100.0,0.0,-100.0,0.0,-100.0
BTC-USDT-SWAP,15m,2H,0.001,0.008,0.03,148.0,0.0,-100.0,2006,663,1343,33.051,100.0,0.447,-4.11,8764,0.0,-100.0,0.0,-100.0,0.0,-100.0
BTC-USDT-SWAP,15m,2H,0.001,0.01,0.005,148.0,0.0,-100.0,2006,533,1473,26.57,100.0,0.503,-4.11,8764,0.0,-100.0,0.0,-100.0,0.0,-100.0
BTC-USDT-SWAP,15m,2H,0.001,0.01,0.008,148.0,0.0,-100.0,2006,575,1431,28.664,100.0,0.528,-4.11,8764,0.0,-100.0,0.0,-100.0,0.0,-100.0
BTC-USDT-SWAP,15m,2H,0.001,0.01,0.01,148.0,0.0,-100.0,2006,592,1414,29.511,100.0,0.571,-4.11,8764,0.0,-100.0,0.0,-100.0,0.0,-100.0
BTC-USDT-SWAP,15m,2H,0.001,0.01,0.015,148.0,0.0,-100.0,2006,606,1400,30.209,100.0,0.547,-4.11,8764,0.0,-100.0,0.0,-100.0,0.0,-100.0
BTC-USDT-SWAP,15m,2H,0.001,0.01,0.02,148.0,0.0,-100.0,2006,608,1398,30.309,100.0,0.512,-4.11,8764,0.0,-100.0,0.0,-100.0,0.0,-100.0
BTC-USDT-SWAP,15m,2H,0.001,0.01,0.025,148.0,0.0,-100.0,2006,609,1397,30.359,100.0,0.496,-4.11,8764,0.0,-100.0,0.0,-100.0,0.0,-100.0
BTC-USDT-SWAP,15m,2H,0.001,0.01,0.03,148.0,0.0,-100.0,2006,609,1397,30.359,100.0,0.479,-4.11,8764,0.0,-100.0,0.0,-100.0,0.0,-100.0
BTC-USDT-SWAP,15m,2H,0.001,0.012,0.005,148.0,0.0,-100.0,2006,518,1488,25.823,100.0,0.52,-4.11,8764,0.0,-100.0,0.0,-100.0,0.0,-100.0
BTC-USDT-SWAP,15m,2H,0.001,0.012,0.008,148.0,0.0,-100.0,2006,557,1449,27.767,100.0,0.541,-4.11,8764,0.0,-100.0,0.0,-100.0,0.0,-100.0
BTC-USDT-SWAP,15m,2H,0.001,0.012,0.01,148.0,0.0,-100.0,2006,574,1432,28.614,100.0,0.591,-4.11,8764,0.0,-100.0,0.0,-100.0,0.0,-100.0
BTC-USDT-SWAP,15m,2H,0.001,0.012,0.015,148.0,0.0,-100.0,2006,589,1417,29.362,100.0,0.569,-4.11,8764,0.0,-100.0,0.0,-100.0,0.0,-100.0
BTC-USDT-SWAP,15m,2H,0.001,0.012,0.02,148.0,0.0,-100.0,2006,591,1415,29.462,100.0,0.533,-4.11,8764,0.0,-100.0,0.0,-100.0,0.0,-100.0
BTC-USDT-SWAP,15m,2H,0.001,0.012,0.025,148.0,0.0,-100.0,2006,592,1414,29.511,100.0,0.518,-4.11,8764,0.0,-100.0,0.0,-100.0,0.0,-100.0
BTC-USDT-SWAP,15m,2H,0.001,0.012,0.03,148.0,0.0,-100.0,2006,592,1414,29.511,100.0,0.501,-4.11,8764,0.0,-100.0,0.0,-100.0,0.0,-100.0
BTC-USDT-SWAP,15m,2H,0.001,0.015,0.005,148.0,0.0,-100.0,2006,501,1505,24.975,100.0,0.508,-4.11,8764,0.0,-100.0,0.0,-100.0,0.0,-100.0
BTC-USDT-SWAP,15m,2H,0.001,0.015,0.008,148.0,0.0,-100.0,2006,538,1468,26.82,100.0,0.532,-4.11,8764,0.0,-100.0,0.0,-100.0,0.0,-100.0
BTC-USDT-SWAP,15m,2H,0.001,0.015,0.01,148.0,0.0,-100.0,2006,553,1453,27.567,100.0,0.547,-4.11,8764,0.0,-100.0,0.0,-100.0,0.0,-100.0
BTC-USDT-SWAP,15m,2H,0.001,0.015,0.015,148.0,0.0,-100.0,2006,567,1439,28.265,100.0,0.517,-4.11,8764,0.0,-100.0,0.0,-100.0,0.0,-100.0
BTC-USDT-SWAP,15m,2H,0.001,0.015,0.02,148.0,0.0,-100.0,2006,569,1437,28.365,100.0,0.481,-4.11,8764,0.0,-100.0,0.0,-100.0,0.0,-100.0
BTC-USDT-SWAP,15m,2H,0.001,0.015,0.025,148.0,0.0,-100.0,2006,570,1436,28.415,100.0,0.471,-4.11,8764,0.0,-100.0,0.0,-100.0,0.0,-100.0
BTC-USDT-SWAP,15m,2H,0.001,0.015,0.03,148.0,0.0,-100.0,2006,570,1436,28.415,100.0,0.454,-4.11,8764,0.0,-100.0,0.0,-100.0,0.0,-100.0
BTC-USDT-SWAP,15m,2H,0.001,0.02,0.005,148.0,0.0,-100.0,2006,493,1513,24.576,100.0,0.518,-4.11,8764,0.0,-100.0,0.0,-100.0,0.0,-100.0
BTC-USDT-SWAP,15m,2H,0.001,0.02,0.008,148.0,0.0,-100.0,2006,531,1475,26.471,100.0,0.54,-4.11,8764,0.0,-100.0,0.0,-100.0,0.0,-100.0
BTC-USDT-SWAP,15m,2H,0.001,0.02,0.01,148.0,0.0,-100.0,2006,545,1461,27.168,100.0,0.554,-4.11,8764,0.0,-100.0,0.0,-100.0,0.0,-100.0
BTC-USDT-SWAP,15m,2H,0.001,0.02,0.015,148.0,0.0,-100.0,2006,559,1447,27.866,100.0,0.522,-4.11,8764,0.0,-100.0,0.0,-100.0,0.0,-100.0
BTC-USDT-SWAP,15m,2H,0.001,0.02,0.02,148.0,0.0,-100.0,2006,561,1445,27.966,100.0,0.488,-4.11,8764,0.0,-100.0,0.0,-100.0,0.0,-100.0
BTC-USDT-SWAP,15m,2H,0.001,0.02,0.025,148.0,0.0,-100.0,2006,562,1444,28.016,100.0,0.474,-4.11,8764,0.0,-100.0,0.0,-100.0,0.0,-100.0
BTC-USDT-SWAP,15m,2H,0.001,0.02,0.03,148.0,0.0,-100.0,2006,562,1444,28.016,100.0,0.462,-4.11,8764,0.0,-100.0,0.0,-100.0,0.0,-100.0
BTC-USDT-SWAP,15m,2H,0.001,0.03,0.005,148.0,0.0,-100.0,2006,490,1516,24.427,100.0,0.474,-4.11,8764,0.0,-100.0,0.0,-100.0,0.0,-100.0
BTC-USDT-SWAP,15m,2H,0.001,0.03,0.008,148.0,0.0,-100.0,2006,528,1478,26.321,100.0,0.5,-4.11,8764,0.0,-100.0,0.0,-100.0,0.0,-100.0
BTC-USDT-SWAP,15m,2H,0.001,0.03,0.01,148.0,0.0,-100.0,2006,542,1464,27.019,100.0,0.514,-4.11,8764,0.0,-100.0,0.0,-100.0,0.0,-100.0
BTC-USDT-SWAP,15m,2H,0.001,0.03,0.015,148.0,0.0,-100.0,2006,556,1450,27.717,100.0,0.483,-4.11,8764,0.0,-100.0,0.0,-100.0,0.0,-100.0
BTC-USDT-SWAP,15m,2H,0.001,0.03,0.02,148.0,0.0,-100.0,2006,558,1448,27.817,100.0,0.451,-4.11,8764,0.0,-100.0,0.0,-100.0,0.0,-100.0
BTC-USDT-SWAP,15m,2H,0.001,0.03,0.025,148.0,0.0,-100.0,2006,559,1447,27.866,100.0,0.437,-4.11,8764,0.0,-100.0,0.0,-100.0,0.0,-100.0
BTC-USDT-SWAP,15m,2H,0.001,0.03,0.03,148.0,0.0,-100.0,2006,559,1447,27.866,100.0,0.424,-4.11,8764,0.0,-100.0,0.0,-100.0,0.0,-100.0
BTC-USDT-SWAP,15m,2H,0.002,0.004,0.005,148.0,0.0,-100.0,1535,798,737,51.987,100.0,0.522,-4.11,8764,1.41,-99.05,0.0,-99.93,0.0,-97.51
BTC-USDT-SWAP,15m,2H,0.002,0.004,0.008,148.0,0.002,-99.998,1535,872,663,56.808,99.999,0.645,-4.11,8764,6.84,-95.38,0.03,-99.55,0.0,-92.55
BTC-USDT-SWAP,15m,2H,0.002,0.004,0.01,148.0,0.001,-99.999,1535,878,657,57.199,99.999,0.613,-4.11,8764,6.54,-95.58,0.02,-99.68,0.0,-93.57
BTC-USDT-SWAP,15m,2H,0.002,0.004,0.015,148.0,0.016,-99.989,1535,904,631,58.893,99.991,0.725,-4.109,8764,22.25,-84.96,0.09,-99.58,0.02,-83.07
BTC-USDT-SWAP,15m,2H,0.002,0.004,0.02,148.0,0.033,-99.977,1535,908,627,59.153,99.984,0.759,-4.109,8764,26.04,-82.41,0.16,-99.38,0.03,-79.49
BTC-USDT-SWAP,15m,2H,0.002,0.004,0.025,148.0,0.04,-99.973,1535,910,625,59.283,99.981,0.76,-4.108,8764,24.92,-83.16,0.17,-99.32,0.04,-76.52
BTC-USDT-SWAP,15m,2H,0.002,0.004,0.03,148.0,0.024,-99.984,1535,910,625,59.283,99.988,0.751,-4.109,8764,23.21,-84.32,0.12,-99.49,0.02,-79.64
BTC-USDT-SWAP,15m,2H,0.002,0.006,0.005,148.0,0.0,-100.0,1535,568,967,37.003,100.0,0.597,-4.11,8764,0.72,-99.51,0.0,-100.0,0.0,-99.79
BTC-USDT-SWAP,15m,2H,0.002,0.006,0.008,148.0,0.0,-100.0,1535,622,913,40.521,100.0,0.627,-4.11,8764,1.42,-99.04,0.0,-99.99,0.0,-99.6
BTC-USDT-SWAP,15m,2H,0.002,0.006,0.01,148.0,0.0,-100.0,1535,629,906,40.977,100.0,0.588,-4.11,8764,1.18,-99.2,0.0,-100.0,0.0,-99.73
BTC-USDT-SWAP,15m,2H,0.002,0.006,0.015,148.0,0.0,-100.0,1535,653,882,42.541,100.0,0.624,-4.11,8764,2.87,-98.06,0.0,-100.0,0.0,-99.44
BTC-USDT-SWAP,15m,2H,0.002,0.006,0.02,148.0,0.0,-100.0,1535,655,880,42.671,100.0,0.648,-4.11,8764,2.55,-98.28,0.0,-100.0,0.0,-99.33
BTC-USDT-SWAP,15m,2H,0.002,0.006,0.025,148.0,0.0,-100.0,1535,657,878,42.801,100.0,0.636,-4.11,8764,1.97,-98.67,0.0,-99.99,0.0,-99.27
BTC-USDT-SWAP,15m,2H,0.002,0.006,0.03,148.0,0.0,-100.0,1535,657,878,42.801,100.0,0.631,-4.11,8764,1.73,-98.83,0.0,-100.0,0.0,-99.41
BTC-USDT-SWAP,15m,2H,0.002,0.008,0.005,148.0,0.0,-100.0,1535,468,1067,30.489,100.0,0.468,-4.11,8764,0.06,-99.96,0.0,-100.0,0.0,-99.97
BTC-USDT-SWAP,15m,2H,0.002,0.008,0.008,148.0,0.0,-100.0,1535,516,1019,33.616,100.0,0.506,-4.11,8764,0.12,-99.92,0.0,-100.0,0.0,-99.95
BTC-USDT-SWAP,15m,2H,0.002,0.008,0.01,148.0,0.0,-100.0,1535,525,1010,34.202,100.0,0.472,-4.11,8764,0.09,-99.94,0.0,-100.0,0.0,-99.96
BTC-USDT-SWAP,15m,2H,0.002,0.008,0.015,148.0,0.0,-100.0,1535,544,991,35.44,100.0,0.47,-4.11,8764,0.11,-99.92,0.0,-100.0,0.0,-99.96
BTC-USDT-SWAP,15m,2H,0.002,0.008,0.02,148.0,0.0,-100.0,1535,546,989,35.57,100.0,0.522,-4.11,8764,0.09,-99.94,0.0,-100.0,0.0,-99.95
BTC-USDT-SWAP,15m,2H,0.002,0.008,0.025,148.0,0.0,-100.0,1535,547,988,35.635,100.0,0.523,-4.11,8764,0.08,-99.95,0.0,-100.0,0.0,-99.93
BTC-USDT-SWAP,15m,2H,0.002,0.008,0.03,148.0,0.0,-100.0,1535,547,988,35.635,100.0,0.523,-4.11,8764,0.06,-99.96,0.0,-100.0,0.0,-99.95
BTC-USDT-SWAP,15m,2H,0.002,0.01,0.005,148.0,0.0,-100.0,1535,430,1105,28.013,100.0,0.495,-4.11,8764,0.03,-99.98,0.0,-100.0,0.0,-99.98
BTC-USDT-SWAP,15m,2H,0.002,0.01,0.008,148.0,0.0,-100.0,1535,473,1062,30.814,100.0,0.533,-4.11,8764,0.04,-99.97,0.0,-100.0,0.0,-99.98
BTC-USDT-SWAP,15m,2H,0.002,0.01,0.01,148.0,0.0,-100.0,1535,481,1054,31.336,100.0,0.501,-4.11,8764,0.03,-99.98,0.0,-100.0,0.0,-99.98
BTC-USDT-SWAP,15m,2H,0.002,0.01,0.015,148.0,0.0,-100.0,1535,496,1039,32.313,100.0,0.487,-4.11,8764,0.02,-99.98,0.0,-100.0,0.0,-99.98
BTC-USDT-SWAP,15m,2H,0.002,0.01,0.02,148.0,0.0,-100.0,1535,496,1039,32.313,100.0,0.45,-4.11,8764,0.02,-99.99,0.0,-100.0,0.0,-99.97
BTC-USDT-SWAP,15m,2H,0.002,0.01,0.025,148.0,0.0,-100.0,1535,496,1039,32.313,100.0,0.436,-4.11,8764,0.01,-99.99,0.0,-100.0,0.0,-99.96
BTC-USDT-SWAP,15m,2H,0.002,0.01,0.03,148.0,0.0,-100.0,1535,496,1039,32.313,100.0,0.418,-4.11,8764,0.01,-99.99,0.0,-100.0,0.0,-99.97
BTC-USDT-SWAP,15m,2H,0.002,0.012,0.005,148.0,0.0,-100.0,1535,405,1130,26.384,100.0,0.52,-4.11,8764,0.02,-99.99,0.0,-100.0,0.0,-99.98
BTC-USDT-SWAP,15m,2H,0.002,0.012,0.008,148.0,0.0,-100.0,1535,448,1087,29.186,100.0,0.574,-4.11,8764,0.02,-99.98,0.0,-100.0,0.0,-99.98
BTC-USDT-SWAP,15m,2H,0.002,0.012,0.01,148.0,0.0,-100.0,1535,456,1079,29.707,100.0,0.543,-4.11,8764,0.01,-99.99,0.0,-100.0,0.0,-99.98
BTC-USDT-SWAP,15m,2H,0.002,0.012,0.015,148.0,0.0,-100.0,1535,472,1063,30.749,100.0,0.531,-4.11,8764,0.01,-99.99,0.0,-100.0,0.0,-99.98
BTC-USDT-SWAP,15m,2H,0.002,0.012,0.02,148.0,0.0,-100.0,1535,473,1062,30.814,100.0,0.495,-4.11,8764,0.01,-100.0,0.0,-100.0,0.0,-99.98
BTC-USDT-SWAP,15m,2H,0.002,0.012,0.025,148.0,0.0,-100.0,1535,473,1062,30.814,100.0,0.479,-4.11,8764,0.0,-100.0,0.0,-100.0,0.0,-99.97
BTC-USDT-SWAP,15m,2H,0.002,0.012,0.03,148.0,0.0,-100.0,1535,473,1062,30.814,100.0,0.462,-4.11,8764,0.0,-100.0,0.0,-100.0,0.0,-99.97
BTC-USDT-SWAP,15m,2H,0.002,0.015,0.005,148.0,0.0,-100.0,1535,395,1140,25.733,100.0,0.524,-4.11,8764,0.01,-99.99,0.0,-100.0,0.0,-99.99
BTC-USDT-SWAP,15m,2H,0.002,0.015,0.008,148.0,0.0,-100.0,1535,435,1100,28.339,100.0,0.543,-4.11,8764,0.02,-99.99,0.0,-100.0,0.0,-99.99
BTC-USDT-SWAP,15m,2H,0.002,0.015,0.01,148.0,0.0,-100.0,1535,443,1092,28.86,100.0,0.511,-4.11,8764,0.01,-99.99,0.0,-100.0,0.0,-99.99
BTC-USDT-SWAP,15m,2H,0.002,0.015,0.015,148.0,0.0,-100.0,1535,457,1078,29.772,100.0,0.492,-4.11,8764,0.01,-100.0,0.0,-100.0,0.0,-99.99
BTC-USDT-SWAP,15m,2H,0.002,0.015,0.02,148.0,0.0,-100.0,1535,458,1077,29.837,100.0,0.455,-4.11,8764,0.0,-100.0,0.0,-100.0,0.0,-99.98
BTC-USDT-SWAP,15m,2H,0.002,0.015,0.025,148.0,0.0,-100.0,1535,458,1077,29.837,100.0,0.446,-4.11,8764,0.0,-100.0,0.0,-100.0,0.0,-99.98
BTC-USDT-SWAP,15m,2H,0.002,0.015,0.03,148.0,0.0,-100.0,1535,458,1077,29.837,100.0,0.429,-4.11,8764,0.0,-100.0,0.0,-100.0,0.0,-99.98
BTC-USDT-SWAP,15m,2H,0.002,0.02,0.005,148.0,0.0,-100.0,1535,387,1148,25.212,100.0,0.474,-4.11,8764,0.01,-99.99,0.0,-100.0,0.0,-99.99
BTC-USDT-SWAP,15m,2H,0.002,0.02,0.008,148.0,0.0,-100.0,1535,426,1109,27.752,100.0,0.494,-4.11,8764,0.01,-99.99,0.0,-100.0,0.0,-99.99
BTC-USDT-SWAP,15m,2H,0.002,0.02,0.01,148.0,0.0,-100.0,1535,434,1101,28.274,100.0,0.462,-4.11,8764,0.0,-100.0,0.0,-100.0,0.0,-99.99
BTC-USDT-SWAP,15m,2H,0.002,0.02,0.015,148.0,0.0,-100.0,1535,448,1087,29.186,100.0,0.439,-4.11,8764,0.0,-100.0,0.0,-100.0,0.0,-99.99
BTC-USDT-SWAP,15m,2H,0.002,0.02,0.02,148.0,0.0,-100.0,1535,449,1086,29.251,100.0,0.404,-4.11,8764,0.0,-100.0,0.0,-100.0,0.0,-99.99
BTC-USDT-SWAP,15m,2H,0.002,0.02,0.025,148.0,0.0,-100.0,1535,449,1086,29.251,100.0,0.398,-4.11,8764,0.0,-100.0,0.0,-100.0,0.0,-99.98
BTC-USDT-SWAP,15m,2H,0.002,0.02,0.03,148.0,0.0,-100.0,1535,449,1086,29.251,100.0,0.381,-4.11,8764,0.0,-100.0,0.0,-100.0,0.0,-99.99
BTC-USDT-SWAP,15m,2H,0.002,0.03,0.005,148.0,0.0,-100.0,1535,385,1150,25.081,100.0,0.423,-4.11,8764,0.01,-100.0,0.0,-100.0,0.0,-99.99
BTC-USDT-SWAP,15m,2H,0.002,0.03,0.008,148.0,0.0,-100.0,1535,423,1112,27.557,100.0,0.444,-4.11,8764,0.01,-100.0,0.0,-100.0,0.0,-99.99
BTC-USDT-SWAP,15m,2H,0.002,0.03,0.01,148.0,0.0,-100.0,1535,431,1104,28.078,100.0,0.416,-4.11,8764,0.0,-100.0,0.0,-100.0,0.0,-99.99
BTC-USDT-SWAP,15m,2H,0.002,0.03,0.015,148.0,0.0,-100.0,1535,445,1090,28.99,100.0,0.395,-4.11,8764,0.0,-100.0,0.0,-100.0,0.0,-99.99
BTC-USDT-SWAP,15m,2H,0.002,0.03,0.02,148.0,0.0,-100.0,1535,446,1089,29.055,100.0,0.363,-4.11,8764,0.0,-100.0,0.0,-100.0,0.0,-99.99
BTC-USDT-SWAP,15m,2H,0.002,0.03,0.025,148.0,0.0,-100.0,1535,446,1089,29.055,100.0,0.356,-4.11,8764,0.0,-100.0,0.0,-100.0,0.0,-99.99
BTC-USDT-SWAP,15m,2H,0.002,0.03,0.03,148.0,0.0,-100.0,1535,446,1089,29.055,100.0,0.341,-4.11,8764,0.0,-100.0,0.0,-100.0,0.0,-99.99
BTC-USDT-SWAP,15m,2H,0.003,0.004,0.005,148.0,0.033,-99.978,1148,669,479,58.275,99.98,0.59,-4.109,8764,18.1,-87.77,0.16,-99.1,0.03,-79.85
BTC-USDT-SWAP,15m,2H,0.003,0.004,0.008,148.0,1.319,-99.109,1148,731,417,63.676,99.323,0.792,-4.073,8764,77.13,-47.88,2.55,-96.69,1.32,-48.39
BTC-USDT-SWAP,15m,2H,0.003,0.004,0.01,148.0,3.833,-97.41,1148,747,401,65.07,97.989,0.828,-4.003,8764,111.81,-24.45,4.68,-95.82,3.83,-18.04
BTC-USDT-SWAP,15m,2H,0.003,0.004,0.015,148.0,10.023,-93.228,1148,760,388,66.202,97.334,0.914,-3.831,8764,263.95,78.35,11.74,-95.55,10.02,-14.64
BTC-USDT-SWAP,15m,2H,0.003,0.004,0.02,148.0,24.035,-83.76,1148,765,383,66.638,96.808,0.95,-3.442,8764,334.38,125.93,28.62,-91.44,24.04,-16.02
BTC-USDT-SWAP,15m,2H,0.003,0.004,0.025,148.0,27.551,-81.384,1148,766,382,66.725,96.171,0.951,-3.345,8764,334.38,125.93,23.02,-93.12,27.55,19.69
BTC-USDT-SWAP,15m,2H,0.003,0.004,0.03,148.0,26.982,-81.769,1148,767,381,66.812,97.26,0.956,-3.36,8764,334.38,125.93,26.0,-92.23,26.98,3.79
BTC-USDT-SWAP,15m,2H,0.003,0.006,0.005,148.0,0.0,-100.0,1148,472,676,41.115,100.0,0.475,-4.11,8764,1.92,-98.7,0.0,-99.81,0.0,-96.04
BTC-USDT-SWAP,15m,2H,0.003,0.006,0.008,148.0,0.002,-99.999,1148,525,623,45.732,99.999,0.516,-4.11,8764,4.84,-96.73,0.02,-99.65,0.0,-90.2
BTC-USDT-SWAP,15m,2H,0.003,0.006,0.01,148.0,0.002,-99.999,1148,536,612,46.69,99.999,0.477,-4.11,8764,3.5,-97.64,0.01,-99.7,0.0,-85.68
BTC-USDT-SWAP,15m,2H,0.003,0.006,0.015,148.0,0.004,-99.997,1148,552,596,48.084,99.997,0.558,-4.109,8764,7.96,-94.62,0.02,-99.7,0.0,-81.89
BTC-USDT-SWAP,15m,2H,0.003,0.006,0.02,148.0,0.007,-99.995,1148,555,593,48.345,99.996,0.605,-4.109,8764,8.31,-94.38,0.04,-99.48,0.01,-82.61
BTC-USDT-SWAP,15m,2H,0.003,0.006,0.025,148.0,0.006,-99.996,1148,556,592,48.432,99.996,0.592,-4.109,8764,7.11,-95.19,0.03,-99.62,0.01,-76.35
BTC-USDT-SWAP,15m,2H,0.003,0.006,0.03,148.0,0.005,-99.996,1148,557,591,48.519,99.997,0.599,-4.109,8764,6.87,-95.36,0.03,-99.59,0.01,-80.9
BTC-USDT-SWAP,15m,2H,0.003,0.008,0.005,148.0,0.0,-100.0,1148,387,761,33.711,100.0,0.495,-4.11,8764,0.7,-99.52,0.0,-99.94,0.0,-99.32
BTC-USDT-SWAP,15m,2H,0.003,0.008,0.008,148.0,0.0,-100.0,1148,436,712,37.979,100.0,0.504,-4.11,8764,1.33,-99.1,0.0,-99.9,0.0,-98.65
BTC-USDT-SWAP,15m,2H,0.003,0.008,0.01,148.0,0.0,-100.0,1148,445,703,38.763,100.0,0.459,-4.11,8764,0.79,-99.46,0.0,-99.93,0.0,-98.27
BTC-USDT-SWAP,15m,2H,0.003,0.008,0.015,148.0,0.0,-100.0,1148,459,689,39.983,100.0,0.476,-4.11,8764,1.15,-99.23,0.0,-99.94,0.0,-97.97
BTC-USDT-SWAP,15m,2H,0.003,0.008,0.02,148.0,0.0,-100.0,1148,463,685,40.331,100.0,0.531,-4.11,8764,1.16,-99.22,0.0,-99.86,0.0,-98.08
BTC-USDT-SWAP,15m,2H,0.003,0.008,0.025,148.0,0.0,-100.0,1148,463,685,40.331,100.0,0.526,-4.11,8764,0.93,-99.37,0.0,-99.9,0.0,-97.69
BTC-USDT-SWAP,15m,2H,0.003,0.008,0.03,148.0,0.0,-100.0,1148,464,684,40.418,100.0,0.525,-4.11,8764,0.84,-99.43,0.0,-99.89,0.0,-98.13
BTC-USDT-SWAP,15m,2H,0.003,0.01,0.005,148.0,0.0,-100.0,1148,350,798,30.488,100.0,0.503,-4.11,8764,0.23,-99.84,0.0,-99.97,0.0,-99.67
BTC-USDT-SWAP,15m,2H,0.003,0.01,0.008,148.0,0.0,-100.0,1148,394,754,34.321,100.0,0.504,-4.11,8764,0.39,-99.74,0.0,-99.96,0.0,-99.56
BTC-USDT-SWAP,15m,2H,0.003,0.01,0.01,148.0,0.0,-100.0,1148,403,745,35.105,100.0,0.465,-4.11,8764,0.21,-99.86,0.0,-99.97,0.0,-99.48
BTC-USDT-SWAP,15m,2H,0.003,0.01,0.015,148.0,0.0,-100.0,1148,415,733,36.15,100.0,0.459,-4.11,8764,0.19,-99.87,0.0,-99.98,0.0,-99.54
BTC-USDT-SWAP,15m,2H,0.003,0.01,0.02,148.0,0.0,-100.0,1148,416,732,36.237,100.0,0.425,-4.11,8764,0.14,-99.91,0.0,-99.97,0.0,-99.56
BTC-USDT-SWAP,15m,2H,0.003,0.01,0.025,148.0,0.0,-100.0,1148,416,732,36.237,100.0,0.416,-4.11,8764,0.12,-99.92,0.0,-99.98,0.0,-99.38
BTC-USDT-SWAP,15m,2H,0.003,0.01,0.03,148.0,0.0,-100.0,1148,417,731,36.324,100.0,0.399,-4.11,8764,0.09,-99.94,0.0,-99.98,0.0,-99.5
BTC-USDT-SWAP,15m,2H,0.003,0.012,0.005,148.0,0.0,-100.0,1148,323,825,28.136,100.0,0.494,-4.11,8764,0.08,-99.94,0.0,-99.99,0.0,-99.79
BTC-USDT-SWAP,15m,2H,0.003,0.012,0.008,148.0,0.0,-100.0,1148,367,781,31.969,100.0,0.554,-4.11,8764,0.16,-99.89,0.0,-99.99,0.0,-99.75
BTC-USDT-SWAP,15m,2H,0.003,0.012,0.01,148.0,0.0,-100.0,1148,374,774,32.578,100.0,0.518,-4.11,8764,0.09,-99.94,0.0,-99.99,0.0,-99.74
BTC-USDT-SWAP,15m,2H,0.003,0.012,0.015,148.0,0.0,-100.0,1148,385,763,33.537,100.0,0.515,-4.11,8764,0.08,-99.94,0.0,-100.0,0.0,-99.74
BTC-USDT-SWAP,15m,2H,0.003,0.012,0.02,148.0,0.0,-100.0,1148,387,761,33.711,100.0,0.48,-4.11,8764,0.06,-99.96,0.0,-99.99,0.0,-99.76
BTC-USDT-SWAP,15m,2H,0.003,0.012,0.025,148.0,0.0,-100.0,1148,387,761,33.711,100.0,0.471,-4.11,8764,0.05,-99.97,0.0,-100.0,0.0,-99.66
BTC-USDT-SWAP,15m,2H,0.003,0.012,0.03,148.0,0.0,-100.0,1148,388,760,33.798,100.0,0.454,-4.11,8764,0.04,-99.97,0.0,-100.0,0.0,-99.72
BTC-USDT-SWAP,15m,2H,0.003,0.015,0.005,148.0,0.0,-100.0,1148,312,836,27.178,100.0,0.492,-4.11,8764,0.07,-99.95,0.0,-100.0,0.0,-99.85
BTC-USDT-SWAP,15m,2H,0.003,0.015,0.008,148.0,0.0,-100.0,1148,352,796,30.662,100.0,0.521,-4.11,8764,0.08,-99.94,0.0,-100.0,0.0,-99.81
BTC-USDT-SWAP,15m,2H,0.003,0.015,0.01,148.0,0.0,-100.0,1148,359,789,31.272,100.0,0.483,-4.11,8764,0.04,-99.97,0.0,-100.0,0.0,-99.81
BTC-USDT-SWAP,15m,2H,0.003,0.015,0.015,148.0,0.0,-100.0,1148,369,779,32.143,100.0,0.472,-4.11,8764,0.03,-99.98,0.0,-100.0,0.0,-99.78
BTC-USDT-SWAP,15m,2H,0.003,0.015,0.02,148.0,0.0,-100.0,1148,371,777,32.317,100.0,0.438,-4.11,8764,0.02,-99.99,0.0,-100.0,0.0,-99.79
BTC-USDT-SWAP,15m,2H,0.003,0.015,0.025,148.0,0.0,-100.0,1148,371,777,32.317,100.0,0.428,-4.11,8764,0.02,-99.99,0.0,-100.0,0.0,-99.7
BTC-USDT-SWAP,15m,2H,0.003,0.015,0.03,148.0,0.0,-100.0,1148,371,777,32.317,100.0,0.412,-4.11,8764,0.01,-99.99,0.0,-100.0,0.0,-99.76
BTC-USDT-SWAP,15m,2H,0.003,0.02,0.005,148.0,0.0,-100.0,1148,307,841,26.742,100.0,0.428,-4.11,8764,0.04,-99.97,0.0,-100.0,0.0,-99.9
BTC-USDT-SWAP,15m,2H,0.003,0.02,0.008,148.0,0.0,-100.0,1148,343,805,29.878,100.0,0.459,-4.11,8764,0.04,-99.97,0.0,-100.0,0.0,-99.89
BTC-USDT-SWAP,15m,2H,0.003,0.02,0.01,148.0,0.0,-100.0,1148,351,797,30.575,100.0,0.422,-4.11,8764,0.02,-99.99,0.0,-100.0,0.0,-99.87
BTC-USDT-SWAP,15m,2H,0.003,0.02,0.015,148.0,0.0,-100.0,1148,361,787,31.446,100.0,0.414,-4.11,8764,0.02,-99.99,0.0,-100.0,0.0,-99.85
BTC-USDT-SWAP,15m,2H,0.003,0.02,0.02,148.0,0.0,-100.0,1148,363,785,31.62,100.0,0.38,-4.11,8764,0.01,-99.99,0.0,-100.0,0.0,-99.87
BTC-USDT-SWAP,15m,2H,0.003,0.02,0.025,148.0,0.0,-100.0,1148,363,785,31.62,100.0,0.376,-4.11,8764,0.01,-99.99,0.0,-100.0,0.0,-99.83
BTC-USDT-SWAP,15m,2H,0.003,0.02,0.03,148.0,0.0,-100.0,1148,363,785,31.62,100.0,0.36,-4.11,8764,0.01,-100.0,0.0,-100.0,0.0,-99.87
BTC-USDT-SWAP,15m,2H,0.003,0.03,0.005,148.0,0.0,-100.0,1148,307,841,26.742,100.0,0.391,-4.11,8764,0.03,-99.98,0.0,-100.0,0.0,-99.91
BTC-USDT-SWAP,15m,2H,0.003,0.03,0.008,148.0,0.0,-100.0,1148,343,805,29.878,100.0,0.423,-4.11,8764,0.03,-99.98,0.0,-100.0,0.0,-99.89
BTC-USDT-SWAP,15m,2H,0.003,0.03,0.01,148.0,0.0,-100.0,1148,351,797,30.575,100.0,0.388,-4.11,8764,0.02,-99.99,0.0,-100.0,0.0,-99.88
BTC-USDT-SWAP,15m,2H,0.003,0.03,0.015,148.0,0.0,-100.0,1148,361,787,31.446,100.0,0.374,-4.11,8764,0.01,-99.99,0.0,-100.0,0.0,-99.86
BTC-USDT-SWAP,15m,2H,0.003,0.03,0.02,148.0,0.0,-100.0,1148,363,785,31.62,100.0,0.342,-4.11,8764,0.01,-100.0,0.0,-100.0,0.0,-99.88
BTC-USDT-SWAP,15m,2H,0.003,0.03,0.025,148.0,0.0,-100.0,1148,363,785,31.62,100.0,0.338,-4.11,8764,0.01,-100.0,0.0,-100.0,0.0,-99.84
BTC-USDT-SWAP,15m,2H,0.003,0.03,0.03,148.0,0.0,-100.0,1148,363,785,31.62,100.0,0.323,-4.11,8764,0.01,-100.0,0.0,-100.0,0.0,-99.88
BTC-USDT-SWAP,15m,2H,0.004,0.004,0.005,148.0,0.415,-99.719,883,549,334,62.174,99.769,0.729,-4.098,8764,50.86,-65.63,3.8,-92.53,0.42,-89.06
BTC-USDT-SWAP,15m,2H,0.004,0.004,0.008,148.0,2.839,-98.082,883,594,289,67.271,98.337,0.805,-4.031,8764,86.57,-41.51,10.37,-88.03,2.84,-72.62
BTC-USDT-SWAP,15m,2H,0.004,0.004,0.01,148.0,9.484,-93.592,883,612,271,69.309,95.715,0.873,-3.846,8764,159.84,8.0,20.19,-87.37,9.48,-53.02
BTC-USDT-SWAP,15m,2H,0.004,0.004,0.015,148.0,34.991,-76.357,883,628,255,71.121,90.201,0.943,-3.138,8764,318.0,114.87,60.92,-80.84,34.99,-42.56
BTC-USDT-SWAP,15m,2H,0.004,0.004,0.02,148.0,76.697,-48.178,883,634,249,71.801,90.065,0.979,-1.98,8764,367.17,148.09,167.07,-54.5,76.7,-54.09
BTC-USDT-SWAP,15m,2H,0.004,0.004,0.025,148.0,78.849,-46.724,883,635,248,71.914,88.336,0.977,-1.92,8764,343.54,132.12,111.59,-67.52,78.85,-29.34
BTC-USDT-SWAP,15m,2H,0.004,0.004,0.03,148.0,115.576,-21.908,883,637,246,72.14,87.737,0.991,-0.9,8764,342.78,131.61,175.65,-48.76,115.58,-34.2
BTC-USDT-SWAP,15m,2H,0.004,0.006,0.005,148.0,0.072,-99.951,883,417,466,47.225,99.962,0.727,-4.108,8764,23.78,-83.93,1.01,-95.77,0.07,-92.8
BTC-USDT-SWAP,15m,2H,0.004,0.006,0.008,148.0,0.176,-99.881,883,450,433,50.963,99.897,0.727,-4.105,8764,27.04,-81.73,1.51,-94.41,0.18,-88.35
BTC-USDT-SWAP,15m,2H,0.004,0.006,0.01,148.0,0.59,-99.601,883,466,417,52.775,99.641,0.803,-4.093,8764,50.23,-66.06,2.17,-95.68,0.59,-72.77
BTC-USDT-SWAP,15m,2H,0.004,0.006,0.015,148.0,1.092,-99.262,883,479,404,54.247,99.487,0.861,-4.079,8764,84.3,-43.04,3.81,-95.48,1.09,-71.34
BTC-USDT-SWAP,15m,2H,0.004,0.006,0.02,148.0,3.041,-97.945,883,484,399,54.813,99.111,0.913,-4.025,8764,101.1,-31.69,12.16,-87.97,3.04,-74.99
BTC-USDT-SWAP,15m,2H,0.004,0.006,0.025,148.0,2.443,-98.349,883,485,398,54.926,99.109,0.897,-4.042,8764,82.81,-44.05,7.11,-91.41,2.44,-65.64
BTC-USDT-SWAP,15m,2H,0.004,0.006,0.03,148.0,3.163,-97.863,883,487,396,55.153,99.134,0.911,-4.022,8764,80.95,-45.3,11.4,-85.92,3.16,-72.25
BTC-USDT-SWAP,15m,2H,0.004,0.008,0.005,148.0,0.001,-100.0,883,331,552,37.486,100.0,0.511,-4.11,8764,3.47,-97.65,0.02,-99.39,0.0,-97.08
BTC-USDT-SWAP,15m,2H,0.004,0.008,0.008,148.0,0.001,-100.0,883,361,522,40.883,100.0,0.478,-4.11,8764,3.37,-97.73,0.02,-99.55,0.0,-95.87
BTC-USDT-SWAP,15m,2H,0.004,0.008,0.01,148.0,0.001,-99.999,883,374,509,42.356,99.999,0.535,-4.11,8764,5.7,-96.15,0.02,-99.71,0.0,-92.56
BTC-USDT-SWAP,15m,2H,0.004,0.008,0.015,148.0,0.002,-99.999,883,387,496,43.828,99.999,0.513,-4.11,8764,5.49,-96.29,0.02,-99.63,0.0,-91.61
BTC-USDT-SWAP,15m,2H,0.004,0.008,0.02,148.0,0.004,-99.997,883,391,492,44.281,99.998,0.568,-4.109,8764,5.56,-96.24,0.05,-99.1,0.0,-92.23
BTC-USDT-SWAP,15m,2H,0.004,0.008,0.025,148.0,0.003,-99.998,883,392,491,44.394,99.998,0.549,-4.11,8764,4.33,-97.07,0.03,-99.39,0.0,-89.12
BTC-USDT-SWAP,15m,2H,0.004,0.008,0.03,148.0,0.003,-99.998,883,394,489,44.621,99.998,0.547,-4.109,8764,3.95,-97.33,0.04,-99.04,0.0,-91.21
BTC-USDT-SWAP,15m,2H,0.004,0.01,0.005,148.0,0.0,-100.0,883,295,588,33.409,100.0,0.478,-4.11,8764,1.12,-99.24,0.0,-99.62,0.0,-98.85
BTC-USDT-SWAP,15m,2H,0.004,0.01,0.008,148.0,0.0,-100.0,883,323,560,36.58,100.0,0.456,-4.11,8764,1.14,-99.23,0.0,-99.78,0.0,-98.42
BTC-USDT-SWAP,15m,2H,0.004,0.01,0.01,148.0,0.0,-100.0,883,333,550,37.712,100.0,0.478,-4.11,8764,1.6,-98.92,0.0,-99.87,0.0,-97.82
BTC-USDT-SWAP,15m,2H,0.004,0.01,0.015,148.0,0.0,-100.0,883,345,538,39.071,100.0,0.446,-4.11,8764,1.02,-99.31,0.0,-99.84,0.0,-97.72
BTC-USDT-SWAP,15m,2H,0.004,0.01,0.02,148.0,0.0,-100.0,883,349,534,39.524,100.0,0.531,-4.11,8764,1.26,-99.15,0.0,-99.64,0.0,-97.71
BTC-USDT-SWAP,15m,2H,0.004,0.01,0.025,148.0,0.0,-100.0,883,349,534,39.524,100.0,0.523,-4.11,8764,0.92,-99.38,0.0,-99.77,0.0,-96.75
BTC-USDT-SWAP,15m,2H,0.004,0.01,0.03,148.0,0.0,-100.0,883,350,533,39.638,100.0,0.518,-4.11,8764,0.78,-99.47,0.0,-99.71,0.0,-97.38
BTC-USDT-SWAP,15m,2H,0.004,0.012,0.005,148.0,0.0,-100.0,883,274,609,31.031,100.0,0.401,-4.11,8764,0.31,-99.79,0.0,-99.81,0.0,-98.99
BTC-USDT-SWAP,15m,2H,0.004,0.012,0.008,148.0,0.0,-100.0,883,301,582,34.088,100.0,0.454,-4.11,8764,0.35,-99.76,0.0,-99.89,0.0,-98.82
BTC-USDT-SWAP,15m,2H,0.004,0.012,0.01,148.0,0.0,-100.0,883,309,574,34.994,100.0,0.478,-4.11,8764,0.42,-99.72,0.0,-99.93,0.0,-98.59
BTC-USDT-SWAP,15m,2H,0.004,0.012,0.015,148.0,0.0,-100.0,883,318,565,36.014,100.0,0.428,-4.11,8764,0.19,-99.87,0.0,-99.91,0.0,-98.61
BTC-USDT-SWAP,15m,2H,0.004,0.012,0.02,148.0,0.0,-100.0,883,319,564,36.127,100.0,0.414,-4.11,8764,0.19,-99.87,0.0,-99.9,0.0,-98.69
BTC-USDT-SWAP,15m,2H,0.004,0.012,0.025,148.0,0.0,-100.0,883,319,564,36.127,100.0,0.394,-4.11,8764,0.13,-99.91,0.0,-99.94,0.0,-98.09
BTC-USDT-SWAP,15m,2H,0.004,0.012,0.03,148.0,0.0,-100.0,883,320,563,36.24,100.0,0.424,-4.11,8764,0.12,-99.92,0.0,-99.93,0.0,-98.46
BTC-USDT-SWAP,15m,2H,0.004,0.015,0.005,148.0,0.0,-100.0,883,262,621,29.672,100.0,0.451,-4.11,8764,0.27,-99.82,0.0,-99.9,0.0,-99.1
BTC-USDT-SWAP,15m,2H,0.004,0.015,0.008,148.0,0.0,-100.0,883,288,595,32.616,100.0,0.508,-4.11,8764,0.27,-99.82,0.0,-99.95,0.0,-98.95
BTC-USDT-SWAP,15m,2H,0.004,0.015,0.01,148.0,0.0,-100.0,883,296,587,33.522,100.0,0.539,-4.11,8764,0.32,-99.78,0.0,-99.97,0.0,-98.75
BTC-USDT-SWAP,15m,2H,0.004,0.015,0.015,148.0,0.0,-100.0,883,304,579,34.428,100.0,0.486,-4.11,8764,0.14,-99.9,0.0,-99.97,0.0,-98.59
BTC-USDT-SWAP,15m,2H,0.004,0.015,0.02,148.0,0.0,-100.0,883,306,577,34.655,100.0,0.472,-4.11,8764,0.13,-99.91,0.0,-99.97,0.0,-98.67
BTC-USDT-SWAP,15m,2H,0.004,0.015,0.025,148.0,0.0,-100.0,883,306,577,34.655,100.0,0.451,-4.11,8764,0.08,-99.94,0.0,-99.98,0.0,-98.05
BTC-USDT-SWAP,15m,2H,0.004,0.015,0.03,148.0,0.0,-100.0,883,306,577,34.655,100.0,0.481,-4.11,8764,0.08,-99.94,0.0,-99.99,0.0,-98.42
BTC-USDT-SWAP,15m,2H,0.004,0.02,0.005,148.0,0.0,-100.0,883,255,628,28.879,100.0,0.378,-4.11,8764,0.17,-99.89,0.0,-99.92,0.0,-99.46
BTC-USDT-SWAP,15m,2H,0.004,0.02,0.008,148.0,0.0,-100.0,883,278,605,31.484,100.0,0.397,-4.11,8764,0.15,-99.9,0.0,-99.98,0.0,-99.42
BTC-USDT-SWAP,15m,2H,0.004,0.02,0.01,148.0,0.0,-100.0,883,285,598,32.276,100.0,0.415,-4.11,8764,0.15,-99.9,0.0,-99.98,0.0,-99.31
BTC-USDT-SWAP,15m,2H,0.004,0.02,0.015,148.0,0.0,-100.0,883,293,590,33.182,100.0,0.369,-4.11,8764,0.06,-99.96,0.0,-99.99,0.0,-99.22
BTC-USDT-SWAP,15m,2H,0.004,0.02,0.02,148.0,0.0,-100.0,883,295,588,33.409,100.0,0.353,-4.11,8764,0.05,-99.96,0.0,-99.99,0.0,-99.31
BTC-USDT-SWAP,15m,2H,0.004,0.02,0.025,148.0,0.0,-100.0,883,295,588,33.409,100.0,0.341,-4.11,8764,0.04,-99.97,0.0,-99.99,0.0,-99.06
BTC-USDT-SWAP,15m,2H,0.004,0.02,0.03,148.0,0.0,-100.0,883,295,588,33.409,100.0,0.37,-4.11,8764,0.04,-99.97,0.0,-100.0,0.0,-99.29
BTC-USDT-SWAP,15m,2H,0.004,0.03,0.005,148.0,0.0,-100.0,883,255,628,28.879,100.0,0.355,-4.11,8764,0.16,-99.89,0.0,-99.9,0.0,-99.49
BTC-USDT-SWAP,15m,2H,0.004,0.03,0.008,148.0,0.0,-100.0,883,278,605,31.484,100.0,0.375,-4.11,8764,0.14,-99.91,0.0,-99.97,0.0,-99.46
BTC-USDT-SWAP,15m,2H,0.004,0.03,0.01,148.0,0.0,-100.0,883,285,598,32.276,100.0,0.383,-4.11,8764,0.13,-99.91,0.0,-99.98,0.0,-99.36
BTC-USDT-SWAP,15m,2H,0.004,0.03,0.015,148.0,0.0,-100.0,883,293,590,33.182,100.0,0.339,-4.11,8764,0.05,-99.96,0.0,-99.98,0.0,-99.28
BTC-USDT-SWAP,15m,2H,0.004,0.03,0.02,148.0,0.0,-100.0,883,295,588,33.409,100.0,0.323,-4.11,8764,0.05,-99.97,0.0,-99.98,0.0,-99.36
BTC-USDT-SWAP,15m,2H,0.004,0.03,0.025,148.0,0.0,-100.0,883,295,588,33.409,100.0,0.312,-4.11,8764,0.03,-99.98,0.0,-99.99,0.0,-99.13
BTC-USDT-SWAP,15m,2H,0.004,0.03,0.03,148.0,0.0,-100.0,883,295,588,33.409,100.0,0.34,-4.11,8764,0.03,-99.98,0.0,-99.99,0.0,-99.35
BTC-USDT-SWAP,15m,2H,0.005,0.004,0.005,148.0,7.235,-95.112,690,471,219,68.261,96.099,0.751,-3.909,8764,61.23,-58.63,21.15,-65.45,7.23,-65.8
BTC-USDT-SWAP,15m,2H,0.005,0.004,0.008,148.0,87.168,-41.102,690,520,170,75.362,68.682,0.936,-1.689,8764,104.18,-29.6,98.47,-5.49,87.17,-11.48
BTC-USDT-SWAP,15m,2H,0.005,0.004,0.01,148.0,121.611,-17.831,690,530,160,76.812,60.483,0.982,-0.733,8764,188.53,27.39,164.58,-12.7,121.61,-26.11
BTC-USDT-SWAP,15m,2H,0.005,0.004,0.015,148.0,457.922,209.407,690,547,143,79.275,57.297,1.107,8.606,8764,309.24,108.95,430.9,39.34,457.92,6.27
BTC-USDT-SWAP,15m,2H,0.005,0.004,0.02,148.0,814.077,450.052,690,552,138,80.0,55.712,1.155,18.495,8764,335.47,126.67,721.15,114.97,814.08,12.89
BTC-USDT-SWAP,15m,2H,0.005,0.004,0.025,148.0,586.953,296.59,690,552,138,80.0,61.208,1.108,12.189,8764,369.35,149.56,634.78,71.87,586.95,-7.53
BTC-USDT-SWAP,15m,2H,0.005,0.004,0.03,148.0,696.308,370.478,690,554,136,80.29,51.944,1.111,15.225,8764,343.95,132.4,932.53,171.13,696.31,-25.33
BTC-USDT-SWAP,15m,2H,0.005,0.006,0.005,148.0,2.623,-98.228,690,361,329,52.319,98.726,0.818,-4.037,8764,77.8,-47.43,15.32,-80.3,2.62,-82.89
BTC-USDT-SWAP,15m,2H,0.005,0.006,0.008,148.0,9.818,-93.366,690,399,291,57.826,95.073,0.851,-3.837,8764,103.06,-30.37,24.07,-76.64,9.82,-59.22
BTC-USDT-SWAP,15m,2H,0.005,0.006,0.01,148.0,10.094,-93.18,690,407,283,58.986,95.105,0.887,-3.829,8764,158.29,6.95,28.74,-81.84,10.09,-64.88
BTC-USDT-SWAP,15m,2H,0.005,0.006,0.015,148.0,19.59,-86.763,690,418,272,60.58,95.481,0.934,-3.566,8764,280.37,89.44,49.79,-82.24,19.59,-60.65
BTC-USDT-SWAP,15m,2H,0.005,0.006,0.02,148.0,30.607,-79.32,690,423,267,61.304,93.969,0.952,-3.26,8764,288.76,95.11,78.34,-72.87,30.61,-60.93
BTC-USDT-SWAP,15m,2H,0.005,0.006,0.025,148.0,23.077,-84.408,690,423,267,61.304,95.572,0.948,-3.469,8764,296.58,100.39,60.64,-79.55,23.08,-61.95
BTC-USDT-SWAP,15m,2H,0.005,0.006,0.03,148.0,24.972,-83.127,690,425,265,61.594,95.568,0.953,-3.416,8764,279.44,88.81,87.27,-68.77,24.97,-71.38
BTC-USDT-SWAP,15m,2H,0.005,0.008,0.005,148.0,0.036,-99.975,690,284,406,41.159,99.978,0.576,-4.109,8764,17.03,-88.49,0.54,-96.82,0.04,-93.26
BTC-USDT-SWAP,15m,2H,0.005,0.008,0.008,148.0,0.057,-99.962,690,316,374,45.797,99.965,0.507,-4.108,8764,12.69,-91.42,0.33,-97.42,0.06,-82.63
BTC-USDT-SWAP,15m,2H,0.005,0.008,0.01,148.0,0.048,-99.968,690,324,366,46.957,99.97,0.559,-4.108,8764,17.95,-87.87,0.31,-98.28,0.05,-84.5
BTC-USDT-SWAP,15m,2H,0.005,0.008,0.015,148.0,0.075,-99.949,690,334,356,48.406,99.953,0.593,-4.107,8764,24.48,-83.46,0.39,-98.39,0.08,-80.91
BTC-USDT-SWAP,15m,2H,0.005,0.008,0.02,148.0,0.148,-99.9,690,339,351,49.13,99.922,0.65,-4.105,8764,24.57,-83.4,0.65,-97.36,0.15,-77.2
BTC-USDT-SWAP,15m,2H,0.005,0.008,0.025,148.0,0.108,-99.927,690,339,351,49.13,99.943,0.662,-4.107,8764,25.51,-82.76,0.48,-98.1,0.11,-77.8
BTC-USDT-SWAP,15m,2H,0.005,0.008,0.03,148.0,0.113,-99.924,690,341,349,49.42,99.94,0.664,-4.106,8764,24.04,-83.76,0.67,-97.2,0.11,-83.3
BTC-USDT-SWAP,15m,2H,0.005,0.01,0.005,148.0,0.007,-99.995,690,254,436,36.812,99.996,0.519,-4.109,8764,8.23,-94.44,0.16,-98.07,0.01,-95.73
BTC-USDT-SWAP,15m,2H,0.005,0.01,0.008,148.0,0.004,-99.997,690,280,410,40.58,99.997,0.423,-4.109,8764,4.75,-96.79,0.06,-98.76,0.0,-93.19
BTC-USDT-SWAP,15m,2H,0.005,0.01,0.01,148.0,0.004,-99.997,690,289,401,41.884,99.998,0.464,-4.109,8764,6.47,-95.63,0.07,-98.94,0.0,-94.45
BTC-USDT-SWAP,15m,2H,0.005,0.01,0.015,148.0,0.003,-99.998,690,297,393,43.043,99.998,0.428,-4.11,8764,4.72,-96.81,0.04,-99.1,0.0,-93.14
BTC-USDT-SWAP,15m,2H,0.005,0.01,0.02,148.0,0.006,-99.996,690,301,389,43.623,99.997,0.501,-4.109,8764,4.97,-96.64,0.07,-98.51,0.01,-92.26
BTC-USDT-SWAP,15m,2H,0.005,0.01,0.025,148.0,0.004,-99.997,690,301,389,43.623,99.998,0.509,-4.109,8764,4.98,-96.63,0.05,-98.93,0.0,-92.46
BTC-USDT-SWAP,15m,2H,0.005,0.01,0.03,148.0,0.005,-99.997,690,303,387,43.913,99.998,0.514,-4.109,8764,5.02,-96.61,0.08,-98.36,0.0,-94.33
BTC-USDT-SWAP,15m,2H,0.005,0.012,0.005,148.0,0.003,-99.998,690,240,450,34.783,99.998,0.448,-4.11,8764,4.16,-97.19,0.07,-98.28,0.0,-95.87
BTC-USDT-SWAP,15m,2H,0.005,0.012,0.008,148.0,0.001,-99.999,690,263,427,38.116,99.999,0.365,-4.11,8764,1.93,-98.7,0.02,-99.01,0.0,-94.51
BTC-USDT-SWAP,15m,2H,0.005,0.012,0.01,148.0,0.001,-99.999,690,271,419,39.275,100.0,0.402,-4.11,8764,2.58,-98.25,0.02,-99.16,0.0,-96.53
BTC-USDT-SWAP,15m,2H,0.005,0.012,0.015,148.0,0.0,-100.0,690,278,412,40.29,100.0,0.339,-4.11,8764,1.14,-99.23,0.01,-99.31,0.0,-95.94
BTC-USDT-SWAP,15m,2H,0.005,0.012,0.02,148.0,0.0,-100.0,690,280,410,40.58,100.0,0.329,-4.11,8764,1.09,-99.27,0.01,-99.21,0.0,-95.24
BTC-USDT-SWAP,15m,2H,0.005,0.012,0.025,148.0,0.0,-100.0,690,280,410,40.58,100.0,0.32,-4.11,8764,0.95,-99.36,0.0,-99.51,0.0,-95.16
BTC-USDT-SWAP,15m,2H,0.005,0.012,0.03,148.0,0.0,-100.0,690,281,409,40.725,100.0,0.356,-4.11,8764,1.04,-99.3,0.01,-99.27,0.0,-96.36
BTC-USDT-SWAP,15m,2H,0.005,0.015,0.005,148.0,0.0,-100.0,690,221,469,32.029,100.0,0.435,-4.11,8764,1.65,-98.89,0.01,-99.34,0.0,-97.5
BTC-USDT-SWAP,15m,2H,0.005,0.015,0.008,148.0,0.0,-100.0,690,242,448,35.072,100.0,0.368,-4.11,8764,0.58,-99.61,0.0,-99.63,0.0,-97.11
BTC-USDT-SWAP,15m,2H,0.005,0.015,0.01,148.0,0.0,-100.0,690,250,440,36.232,100.0,0.408,-4.11,8764,0.74,-99.5,0.0,-99.63,0.0,-98.25
BTC-USDT-SWAP,15m,2H,0.005,0.015,0.015,148.0,0.0,-100.0,690,257,433,37.246,100.0,0.357,-4.11,8764,0.34,-99.77,0.0,-99.75,0.0,-97.38
BTC-USDT-SWAP,15m,2H,0.005,0.015,0.02,148.0,0.0,-100.0,690,259,431,37.536,100.0,0.346,-4.11,8764,0.31,-99.79,0.0,-99.75,0.0,-96.93
BTC-USDT-SWAP,15m,2H,0.005,0.015,0.025,148.0,0.0,-100.0,690,259,431,37.536,100.0,0.338,-4.11,8764,0.25,-99.83,0.0,-99.85,0.0,-96.88
BTC-USDT-SWAP,15m,2H,0.005,0.015,0.03,148.0,0.0,-100.0,690,260,430,37.681,100.0,0.375,-4.11,8764,0.28,-99.81,0.0,-99.79,0.0,-97.65
BTC-USDT-SWAP,15m,2H,0.005,0.02,0.005,148.0,0.0,-100.0,690,213,477,30.87,100.0,0.427,-4.11,8764,1.59,-98.93,0.0,-99.71,0.0,-98.18
BTC-USDT-SWAP,15m,2H,0.005,0.02,0.008,148.0,0.0,-100.0,690,233,457,33.768,100.0,0.354,-4.11,8764,0.56,-99.62,0.0,-99.86,0.0,-97.89
BTC-USDT-SWAP,15m,2H,0.005,0.02,0.01,148.0,0.0,-100.0,690,239,451,34.638,100.0,0.382,-4.11,8764,0.62,-99.58,0.0,-99.89,0.0,-98.75
BTC-USDT-SWAP,15m,2H,0.005,0.02,0.015,148.0,0.0,-100.0,690,246,444,35.652,100.0,0.332,-4.11,8764,0.29,-99.81,0.0,-99.94,0.0,-98.0
BTC-USDT-SWAP,15m,2H,0.005,0.02,0.02,148.0,0.0,-100.0,690,248,442,35.942,100.0,0.321,-4.11,8764,0.26,-99.83,0.0,-99.95,0.0,-97.65
BTC-USDT-SWAP,15m,2H,0.005,0.02,0.025,148.0,0.0,-100.0,690,248,442,35.942,100.0,0.314,-4.11,8764,0.21,-99.86,0.0,-99.97,0.0,-97.61
BTC-USDT-SWAP,15m,2H,0.005,0.02,0.03,148.0,0.0,-100.0,690,248,442,35.942,100.0,0.35,-4.11,8764,0.24,-99.84,0.0,-99.98,0.0,-98.2
BTC-USDT-SWAP,15m,2H,0.005,0.03,0.005,148.0,0.0,-100.0,690,213,477,30.87,100.0,0.407,-4.11,8764,1.51,-98.98,0.01,-99.66,0.0,-98.44
BTC-USDT-SWAP,15m,2H,0.005,0.03,0.008,148.0,0.0,-100.0,690,233,457,33.768,100.0,0.334,-4.11,8764,0.53,-99.64,0.0,-99.8,0.0,-98.19
BTC-USDT-SWAP,15m,2H,0.005,0.03,0.01,148.0,0.0,-100.0,690,239,451,34.638,100.0,0.352,-4.11,8764,0.55,-99.63,0.0,-99.84,0.0,-98.93
BTC-USDT-SWAP,15m,2H,0.005,0.03,0.015,148.0,0.0,-100.0,690,246,444,35.652,100.0,0.305,-4.11,8764,0.26,-99.83,0.0,-99.91,0.0,-98.28
BTC-USDT-SWAP,15m,2H,0.005,0.03,0.02,148.0,0.0,-100.0,690,248,442,35.942,100.0,0.294,-4.11,8764,0.23,-99.84,0.0,-99.92,0.0,-97.98
BTC-USDT-SWAP,15m,2H,0.005,0.03,0.025,148.0,0.0,-100.0,690,248,442,35.942,100.0,0.287,-4.11,8764,0.19,-99.87,0.0,-99.95,0.0,-97.95
BTC-USDT-SWAP,15m,2H,0.005,0.03,0.03,148.0,0.0,-100.0,690,248,442,35.942,100.0,0.321,-4.11,8764,0.21,-99.86,0.0,-99.97,0.0,-98.46
BTC-USDT-SWAP,15m,2H,0.007,0.004,0.005,148.0,4.692,-96.83,440,292,148,66.364,97.671,0.685,-3.979,8764,84.71,-42.76,8.84,-89.56,4.69,-46.94
BTC-USDT-SWAP,15m,2H,0.007,0.004,0.008,148.0,49.042,-66.863,440,336,104,76.364,88.054,0.877,-2.748,8764,174.14,17.66,37.49,-78.47,49.04,30.81
BTC-USDT-SWAP,15m,2H,0.007,0.004,0.01,148.0,138.116,-6.679,440,350,90,79.545,78.591,0.992,-0.274,8764,255.83,72.86,87.1,-65.95,138.12,58.57
BTC-USDT-SWAP,15m,2H,0.007,0.004,0.015,148.0,531.58,259.175,440,363,77,82.5,64.584,1.202,10.651,8764,339.07,129.1,231.37,-31.76,531.58,129.75
BTC-USDT-SWAP,15m,2H,0.007,0.004,0.02,148.0,584.994,295.266,440,366,74,83.182,65.151,1.225,12.134,8764,291.95,97.26,220.53,-24.46,584.99,165.27
BTC-USDT-SWAP,15m,2H,0.007,0.004,0.025,148.0,362.662,145.042,440,366,74,83.182,74.247,1.126,5.961,8764,269.4,82.03,146.12,-45.76,362.66,148.2
BTC-USDT-SWAP,15m,2H,0.007,0.004,0.03,148.0,741.355,400.915,440,369,71,83.864,54.708,1.279,16.476,8764,249.84,68.81,320.75,28.38,741.35,131.13
BTC-USDT-SWAP,15m,2H,0.007,0.006,0.005,148.0,6.402,-95.675,440,236,204,53.636,96.698,0.717,-3.932,8764,64.71,-56.28,10.69,-83.48,6.4,-40.13
BTC-USDT-SWAP,15m,2H,0.007,0.006,0.008,148.0,39.657,-73.205,440,271,169,61.591,84.412,0.891,-3.008,8764,147.25,-0.51,37.69,-74.4,39.66,5.21
BTC-USDT-SWAP,15m,2H,0.007,0.006,0.01,148.0,100.786,-31.901,440,283,157,64.318,72.6,0.966,-1.311,8764,185.55,25.37,71.5,-61.47,100.79,40.97
BTC-USDT-SWAP,15m,2H,0.007,0.006,0.015,148.0,194.592,31.481,440,293,147,66.591,71.105,1.027,1.294,8764,207.79,40.4,102.95,-50.45,194.59,89.01
BTC-USDT-SWAP,15m,2H,0.007,0.006,0.02,148.0,201.972,36.467,440,296,144,67.273,72.742,1.031,1.499,8764,178.43,20.56,103.38,-42.06,201.97,95.36
BTC-USDT-SWAP,15m,2H,0.007,0.006,0.025,148.0,113.75,-23.142,440,296,144,67.273,77.622,0.977,-0.951,8764,159.67,7.88,71.08,-55.48,113.75,60.02
BTC-USDT-SWAP,15m,2H,0.007,0.006,0.03,148.0,222.832,50.562,440,299,141,67.955,54.063,1.037,2.078,8764,165.78,12.01,172.44,4.02,222.83,29.22
BTC-USDT-SWAP,15m,2H,0.007,0.008,0.005,148.0,1.425,-99.037,440,196,244,44.545,99.129,0.7,-4.07,8764,55.3,-62.63,5.52,-90.01,1.42,-74.2
BTC-USDT-SWAP,15m,2H,0.007,0.008,0.008,148.0,4.096,-97.232,440,225,215,51.136,97.414,0.798,-3.996,8764,98.7,-33.31,8.17,-91.72,4.1,-49.89
BTC-USDT-SWAP,15m,2H,0.007,0.008,0.01,148.0,5.981,-95.959,440,235,205,53.409,96.187,0.833,-3.944,8764,120.33,-18.69,11.56,-90.39,5.98,-48.25
BTC-USDT-SWAP,15m,2H,0.007,0.008,0.015,148.0,5.935,-95.99,440,242,198,55.0,97.241,0.836,-3.945,8764,110.69,-25.21,9.17,-91.71,5.94,-35.31
BTC-USDT-SWAP,15m,2H,0.007,0.008,0.02,148.0,8.722,-94.107,440,246,194,55.909,96.279,0.858,-3.867,8764,108.87,-26.44,11.18,-89.73,8.72,-21.99
BTC-USDT-SWAP,15m,2H,0.007,0.008,0.025,148.0,4.277,-97.11,440,246,194,55.909,97.989,0.841,-3.991,8764,96.91,-34.52,7.15,-92.62,4.28,-40.21
BTC-USDT-SWAP,15m,2H,0.007,0.008,0.03,148.0,7.694,-94.802,440,249,191,56.591,96.381,0.864,-3.896,8764,100.62,-32.02,17.11,-82.99,7.69,-55.04
BTC-USDT-SWAP,15m,2H,0.007,0.01,0.005,148.0,0.114,-99.923,440,165,275,37.5,99.928,0.458,-4.106,8764,15.6,-89.46,0.53,-96.59,0.11,-78.53
BTC-USDT-SWAP,15m,2H,0.007,0.01,0.008,148.0,0.183,-99.876,440,190,250,43.182,99.885,0.513,-4.105,8764,17.32,-88.3,0.48,-97.23,0.18,-61.81
BTC-USDT-SWAP,15m,2H,0.007,0.01,0.01,148.0,0.467,-99.685,440,203,237,46.136,99.708,0.606,-4.097,8764,27.67,-81.3,0.91,-96.7,0.47,-48.86
BTC-USDT-SWAP,15m,2H,0.007,0.01,0.015,148.0,0.278,-99.812,440,206,234,46.818,99.869,0.571,-4.102,8764,18.26,-87.66,0.45,-97.56,0.28,-37.59
BTC-USDT-SWAP,15m,2H,0.007,0.01,0.02,148.0,0.507,-99.657,440,210,230,47.727,99.769,0.629,-4.096,8764,18.68,-87.38,0.66,-96.46,0.51,-23.31
BTC-USDT-SWAP,15m,2H,0.007,0.01,0.025,148.0,0.249,-99.832,440,210,230,47.727,99.87,0.62,-4.103,8764,16.63,-88.76,0.42,-97.46,0.25,-41.23
BTC-USDT-SWAP,15m,2H,0.007,0.01,0.03,148.0,0.354,-99.761,440,212,228,48.182,99.809,0.637,-4.1,8764,17.27,-88.33,0.8,-95.37,0.35,-55.8
BTC-USDT-SWAP,15m,2H,0.007,0.012,0.005,148.0,0.068,-99.954,440,153,287,34.773,99.954,0.402,-4.108,8764,10.52,-92.89,0.54,-94.84,0.07,-87.4
BTC-USDT-SWAP,15m,2H,0.007,0.012,0.008,148.0,0.065,-99.956,440,174,266,39.545,99.956,0.419,-4.108,8764,9.93,-93.29,0.41,-95.86,0.07,-84.09
BTC-USDT-SWAP,15m,2H,0.007,0.012,0.01,148.0,0.103,-99.931,440,185,255,42.045,99.931,0.446,-4.107,8764,9.96,-93.27,0.52,-94.79,0.1,-80.2
BTC-USDT-SWAP,15m,2H,0.007,0.012,0.015,148.0,0.071,-99.952,440,188,252,42.727,99.96,0.443,-4.108,8764,6.49,-95.61,0.25,-96.12,0.07,-72.03
BTC-USDT-SWAP,15m,2H,0.007,0.012,0.02,148.0,0.108,-99.927,440,191,249,43.409,99.939,0.48,-4.107,8764,6.21,-95.81,0.36,-94.26,0.11,-69.71
BTC-USDT-SWAP,15m,2H,0.007,0.012,0.025,148.0,0.05,-99.967,440,191,249,43.409,99.972,0.463,-4.108,8764,5.17,-96.51,0.21,-95.87,0.05,-76.78
BTC-USDT-SWAP,15m,2H,0.007,0.012,0.03,148.0,0.08,-99.946,440,193,247,43.864,99.955,0.492,-4.107,8764,5.88,-96.02,0.46,-92.21,0.08,-82.54
BTC-USDT-SWAP,15m,2H,0.007,0.015,0.005,148.0,0.013,-99.991,440,140,300,31.818,99.991,0.371,-4.109,8764,7.47,-94.95,0.19,-97.41,0.01,-93.12
BTC-USDT-SWAP,15m,2H,0.007,0.015,0.008,148.0,0.007,-99.995,440,157,283,35.682,99.995,0.4,-4.109,8764,6.51,-95.6,0.15,-97.72,0.01,-95.0
BTC-USDT-SWAP,15m,2H,0.007,0.015,0.01,148.0,0.009,-99.994,440,167,273,37.955,99.994,0.375,-4.109,8764,4.98,-96.64,0.13,-97.36,0.01,-92.93
BTC-USDT-SWAP,15m,2H,0.007,0.015,0.015,148.0,0.004,-99.998,440,168,272,38.182,99.998,0.296,-4.109,8764,2.94,-98.02,0.04,-98.6,0.0,-91.12
BTC-USDT-SWAP,15m,2H,0.007,0.015,0.02,148.0,0.004,-99.997,440,170,270,38.636,99.997,0.308,-4.109,8764,2.64,-98.22,0.03,-98.71,0.0,-89.07
BTC-USDT-SWAP,15m,2H,0.007,0.015,0.025,148.0,0.001,-99.999,440,170,270,38.636,99.999,0.284,-4.11,8764,2.05,-98.61,0.02,-99.14,0.0,-91.62
BTC-USDT-SWAP,15m,2H,0.007,0.015,0.03,148.0,0.002,-99.998,440,171,269,38.864,99.998,0.339,-4.11,8764,2.78,-98.12,0.04,-98.63,0.0,-93.7
BTC-USDT-SWAP,15m,2H,0.007,0.02,0.005,148.0,0.005,-99.996,440,136,304,30.909,99.996,0.307,-4.109,8764,5.04,-96.59,0.06,-98.73,0.01,-91.46
BTC-USDT-SWAP,15m,2H,0.007,0.02,0.008,148.0,0.003,-99.998,440,153,287,34.773,99.998,0.316,-4.11,8764,3.66,-97.53,0.04,-98.93,0.0,-93.51
BTC-USDT-SWAP,15m,2H,0.007,0.02,0.01,148.0,0.003,-99.998,440,163,277,37.045,99.998,0.293,-4.11,8764,2.9,-98.04,0.03,-98.89,0.0,-90.78
BTC-USDT-SWAP,15m,2H,0.007,0.02,0.015,148.0,0.001,-99.999,440,164,276,37.273,99.999,0.226,-4.11,8764,1.71,-98.84,0.01,-99.48,0.0,-88.42
BTC-USDT-SWAP,15m,2H,0.007,0.02,0.02,148.0,0.001,-99.999,440,166,274,37.727,99.999,0.239,-4.11,8764,1.54,-98.96,0.01,-99.57,0.0,-85.75
BTC-USDT-SWAP,15m,2H,0.007,0.02,0.025,148.0,0.0,-100.0,440,166,274,37.727,100.0,0.221,-4.11,8764,1.2,-99.19,0.0,-99.69,0.0,-89.08
BTC-USDT-SWAP,15m,2H,0.007,0.02,0.03,148.0,0.0,-100.0,440,166,274,37.727,100.0,0.266,-4.11,8764,1.62,-98.91,0.0,-99.73,0.0,-91.79
BTC-USDT-SWAP,15m,2H,0.007,0.03,0.005,148.0,0.003,-99.998,440,133,307,30.227,99.998,0.296,-4.11,8764,4.91,-96.68,0.03,-99.3,0.0,-92.62
BTC-USDT-SWAP,15m,2H,0.007,0.03,0.008,148.0,0.001,-99.999,440,150,290,34.091,99.999,0.297,-4.11,8764,3.38,-97.71,0.02,-99.3,0.0,-94.29
BTC-USDT-SWAP,15m,2H,0.007,0.03,0.01,148.0,0.002,-99.999,440,160,280,36.364,99.999,0.275,-4.11,8764,2.68,-98.19,0.02,-99.3,0.0,-91.9
BTC-USDT-SWAP,15m,2H,0.007,0.03,0.015,148.0,0.001,-100.0,440,161,279,36.591,100.0,0.213,-4.11,8764,1.58,-98.93,0.01,-99.67,0.0,-89.82
BTC-USDT-SWAP,15m,2H,0.007,0.03,0.02,148.0,0.0,-100.0,440,163,277,37.045,100.0,0.224,-4.11,8764,1.42,-99.04,0.0,-99.75,0.0,-87.48
BTC-USDT-SWAP,15m,2H,0.007,0.03,0.025,148.0,0.0,-100.0,440,163,277,37.045,100.0,0.208,-4.11,8764,1.11,-99.25,0.0,-99.83,0.0,-90.4
BTC-USDT-SWAP,15m,2H,0.007,0.03,0.03,148.0,0.0,-100.0,440,163,277,37.045,100.0,0.25,-4.11,8764,1.5,-98.99,0.0,-99.86,0.0,-92.78
BTC-USDT-SWAP,15m,2H,0.01,0.004,0.005,148.0,19.198,-87.029,260,178,82,68.462,88.141,0.67,-3.577,8764,131.82,-10.93,31.94,-75.77,19.2,-39.89
BTC-USDT-SWAP,15m,2H,0.01,0.004,0.008,148.0,56.635,-61.733,260,202,58,77.692,84.073,0.816,-2.537,8764,176.84,19.49,56.7,-67.94,56.63,-0.11
BTC-USDT-SWAP,15m,2H,0.01,0.004,0.01,148.0,79.24,-46.46,260,210,50,80.769,81.688,0.874,-1.909,8764,198.47,34.1,72.51,-63.47,79.24,9.29
BTC-USDT-SWAP,15m,2H,0.01,0.004,0.015,148.0,137.352,-7.195,260,218,42,83.846,78.291,0.985,-0.296,8764,235.87,59.37,117.57,-50.16,137.35,16.83
BTC-USDT-SWAP,15m,2H,0.01,0.004,0.02,148.0,114.201,-22.837,260,220,40,84.615,80.098,0.948,-0.939,8764,210.35,42.13,90.35,-57.05,114.2,26.39
BTC-USDT-SWAP,15m,2H,0.01,0.004,0.025,148.0,178.537,20.633,260,223,37,85.769,77.204,1.035,0.848,8764,257.44,73.94,161.31,-37.34,178.54,10.68
BTC-USDT-SWAP,15m,2H,0.01,0.004,0.03,148.0,652.341,340.771,260,227,33,87.308,48.873,1.414,14.004,8764,359.71,143.04,409.9,13.96,652.34,59.14
BTC-USDT-SWAP,15m,2H,0.01,0.006,0.005,148.0,24.45,-83.48,260,145,115,55.769,84.981,0.737,-3.431,8764,104.01,-29.72,31.28,-69.93,24.45,-21.83
BTC-USDT-SWAP,15m,2H,0.01,0.006,0.008,148.0,60.018,-59.447,260,166,94,63.846,74.289,0.855,-2.443,8764,124.03,-16.19,54.31,-56.21,60.02,10.51
BTC-USDT-SWAP,15m,2H,0.01,0.006,0.01,148.0,69.59,-52.98,260,172,88,66.154,79.347,0.88,-2.177,8764,144.21,-2.56,59.24,-58.92,69.59,17.48
BTC-USDT-SWAP,15m,2H,0.01,0.006,0.015,148.0,117.291,-20.749,260,180,80,69.231,74.24,0.962,-0.853,8764,130.6,-11.76,91.54,-29.9,117.29,28.12
BTC-USDT-SWAP,15m,2H,0.01,0.006,0.02,148.0,89.194,-39.734,260,182,78,70.0,75.921,0.919,-1.633,8764,109.05,-26.32,67.17,-38.41,89.19,32.79
BTC-USDT-SWAP,15m,2H,0.01,0.006,0.025,148.0,141.754,-4.22,260,185,75,71.154,74.008,0.994,-0.173,8764,139.49,-5.75,130.29,-6.59,141.75,8.8
BTC-USDT-SWAP,15m,2H,0.01,0.006,0.03,148.0,430.208,190.681,260,188,72,72.308,52.004,1.163,7.836,8764,198.72,34.27,350.93,76.6,430.21,22.59
BTC-USDT-SWAP,15m,2H,0.01,0.008,0.005,148.0,8.031,-94.574,260,115,145,44.231,94.574,0.643,-3.887,8764,79.85,-46.05,18.2,-77.2,8.03,-55.88
BTC-USDT-SWAP,15m,2H,0.01,0.008,0.008,148.0,20.789,-85.953,260,134,126,51.538,87.329,0.743,-3.532,8764,87.57,-40.83,28.53,-67.43,20.79,-27.12
BTC-USDT-SWAP,15m,2H,0.01,0.008,0.01,148.0,21.374,-85.558,260,139,121,53.462,88.492,0.747,-3.516,8764,92.7,-37.36,27.78,-70.03,21.37,-23.06
BTC-USDT-SWAP,15m,2H,0.01,0.008,0.015,148.0,40.209,-72.832,260,147,113,56.538,82.851,0.824,-2.993,8764,87.11,-41.14,43.57,-49.98,40.21,-7.73
BTC-USDT-SWAP,15m,2H,0.01,0.008,0.02,148.0,33.154,-77.599,260,149,111,57.308,85.762,0.795,-3.189,8764,72.74,-50.85,34.01,-53.25,33.15,-2.52
BTC-USDT-SWAP,15m,2H,0.01,0.008,0.025,148.0,40.731,-72.479,260,151,109,58.077,81.305,0.83,-2.979,8764,74.0,-50.0,51.0,-31.08,40.73,-20.13
BTC-USDT-SWAP,15m,2H,0.01,0.008,0.03,148.0,77.844,-47.403,260,153,107,58.846,68.235,0.903,-1.948,8764,68.63,-53.63,86.5,26.05,77.84,-10.01
BTC-USDT-SWAP,15m,2H,0.01,0.01,0.005,148.0,1.01,-99.317,260,90,170,34.615,99.317,0.419,-4.082,8764,29.56,-80.03,2.04,-93.09,1.01,-50.52
BTC-USDT-SWAP,15m,2H,0.01,0.01,0.008,148.0,1.345,-99.092,260,104,156,40.0,99.12,0.441,-4.072,8764,28.82,-80.53,1.87,-93.52,1.34,-28.01
BTC-USDT-SWAP,15m,2H,0.01,0.01,0.01,148.0,1.192,-99.195,260,109,151,41.923,99.292,0.422,-4.076,8764,28.4,-80.81,1.64,-94.22,1.19,-27.44
BTC-USDT-SWAP,15m,2H,0.01,0.01,0.015,148.0,2.416,-98.368,260,118,142,45.385,98.817,0.508,-4.043,8764,26.65,-81.99,2.89,-89.16,2.42,-16.39
BTC-USDT-SWAP,15m,2H,0.01,0.01,0.02,148.0,1.234,-99.166,260,119,141,45.769,99.341,0.49,-4.075,8764,22.91,-84.52,1.51,-93.39,1.23,-18.51
BTC-USDT-SWAP,15m,2H,0.01,0.01,0.025,148.0,1.142,-99.229,260,121,139,46.538,99.309,0.497,-4.078,8764,22.07,-85.09,1.83,-91.72,1.14,-37.53
BTC-USDT-SWAP,15m,2H,0.01,0.01,0.03,148.0,2.097,-98.583,260,123,137,47.308,98.731,0.521,-4.051,8764,23.75,-83.95,3.2,-86.53,2.1,-34.45
BTC-USDT-SWAP,15m,2H,0.01,0.012,0.005,148.0,0.402,-99.729,260,80,180,30.769,99.729,0.346,-4.098,8764,22.09,-85.07,0.99,-95.51,0.4,-59.49
BTC-USDT-SWAP,15m,2H,0.01,0.012,0.008,148.0,0.596,-99.597,260,96,164,36.923,99.628,0.441,-4.093,8764,30.04,-79.7,1.02,-96.59,0.6,-41.78
BTC-USDT-SWAP,15m,2H,0.01,0.012,0.01,148.0,0.429,-99.71,260,99,161,38.077,99.726,0.403,-4.098,8764,24.04,-83.76,0.73,-96.94,0.43,-41.57
BTC-USDT-SWAP,15m,2H,0.01,0.012,0.015,148.0,1.015,-99.314,260,108,152,41.538,99.51,0.495,-4.081,8764,23.64,-84.03,1.27,-94.65,1.02,-19.74
BTC-USDT-SWAP,15m,2H,0.01,0.012,0.02,148.0,0.519,-99.65,260,109,151,41.923,99.727,0.489,-4.095,8764,20.32,-86.27,0.66,-96.74,0.52,-21.77
BTC-USDT-SWAP,15m,2H,0.01,0.012,0.025,148.0,0.498,-99.664,260,111,149,42.692,99.703,0.496,-4.096,8764,19.57,-86.78,0.83,-95.76,0.5,-40.03
BTC-USDT-SWAP,15m,2H,0.01,0.012,0.03,148.0,0.722,-99.512,260,112,148,43.077,99.569,0.509,-4.09,8764,21.06,-85.77,1.15,-94.55,0.72,-37.07
BTC-USDT-SWAP,15m,2H,0.01,0.015,0.005,148.0,0.173,-99.883,260,72,188,27.692,99.883,0.258,-4.105,8764,16.78,-88.66,0.63,-96.22,0.17,-72.69
BTC-USDT-SWAP,15m,2H,0.01,0.015,0.008,148.0,0.191,-99.871,260,86,174,33.077,99.871,0.294,-4.104,8764,14.81,-90.0,0.45,-96.99,0.19,-57.23
BTC-USDT-SWAP,15m,2H,0.01,0.015,0.01,148.0,0.1,-99.932,260,87,173,33.462,99.932,0.246,-4.107,8764,11.07,-92.52,0.26,-97.68,0.1,-61.03
BTC-USDT-SWAP,15m,2H,0.01,0.015,0.015,148.0,0.248,-99.832,260,95,165,36.538,99.851,0.371,-4.103,8764,11.53,-92.21,0.52,-95.49,0.25,-52.24
BTC-USDT-SWAP,15m,2H,0.01,0.015,0.02,148.0,0.131,-99.912,260,96,164,36.923,99.922,0.376,-4.106,8764,10.22,-93.1,0.28,-97.25,0.13,-53.44
BTC-USDT-SWAP,15m,2H,0.01,0.015,0.025,148.0,0.132,-99.911,260,98,162,37.692,99.921,0.383,-4.106,8764,9.84,-93.35,0.37,-96.23,0.13,-64.31
BTC-USDT-SWAP,15m,2H,0.01,0.015,0.03,148.0,0.197,-99.867,260,99,161,38.077,99.882,0.392,-4.104,8764,10.59,-92.84,0.53,-95.03,0.2,-62.55
BTC-USDT-SWAP,15m,2H,0.01,0.02,0.005,148.0,0.102,-99.931,260,68,192,26.154,99.931,0.26,-4.107,8764,12.75,-91.38,0.6,-95.31,0.1,-83.01
BTC-USDT-SWAP,15m,2H,0.01,0.02,0.008,148.0,0.086,-99.942,260,82,178,31.538,99.942,0.228,-4.107,8764,8.65,-94.16,0.29,-96.66,0.09,-70.3
BTC-USDT-SWAP,15m,2H,0.01,0.02,0.01,148.0,0.042,-99.972,260,83,177,31.923,99.972,0.186,-4.108,8764,6.18,-95.82,0.16,-97.43,0.04,-73.54
BTC-USDT-SWAP,15m,2H,0.01,0.02,0.015,148.0,0.046,-99.969,260,89,171,34.231,99.969,0.195,-4.108,8764,5.58,-96.23,0.15,-97.33,0.05,-69.42
BTC-USDT-SWAP,15m,2H,0.01,0.02,0.02,148.0,0.021,-99.986,260,90,170,34.615,99.986,0.193,-4.109,8764,4.64,-96.86,0.07,-98.56,0.02,-68.94
BTC-USDT-SWAP,15m,2H,0.01,0.02,0.025,148.0,0.021,-99.986,260,91,169,35.0,99.986,0.223,-4.109,8764,5.14,-96.53,0.09,-98.25,0.02,-76.19
BTC-USDT-SWAP,15m,2H,0.01,0.02,0.03,148.0,0.021,-99.986,260,91,169,35.0,99.986,0.228,-4.109,8764,5.53,-96.26,0.08,-98.49,0.02,-75.02
BTC-USDT-SWAP,15m,2H,0.01,0.03,0.005,148.0,0.08,-99.946,260,67,193,25.769,99.946,0.191,-4.107,8764,10.45,-92.94,0.44,-95.83,0.08,-81.69
BTC-USDT-SWAP,15m,2H,0.01,0.03,0.008,148.0,0.064,-99.957,260,81,179,31.154,99.957,0.168,-4.108,8764,7.09,-95.21,0.2,-97.13,0.06,-68.4
BTC-USDT-SWAP,15m,2H,0.01,0.03,0.01,148.0,0.031,-99.979,260,82,178,31.538,99.979,0.134,-4.109,8764,5.07,-96.58,0.11,-97.84,0.03,-71.85
BTC-USDT-SWAP,15m,2H,0.01,0.03,0.015,148.0,0.032,-99.979,260,88,172,33.846,99.979,0.143,-4.109,8764,4.57,-96.91,0.1,-97.88,0.03,-67.46
BTC-USDT-SWAP,15m,2H,0.01,0.03,0.02,148.0,0.016,-99.989,260,89,171,34.231,99.989,0.141,-4.109,8764,3.81,-97.43,0.05,-98.73,0.02,-66.95
BTC-USDT-SWAP,15m,2H,0.01,0.03,0.025,148.0,0.01,-99.993,260,89,171,34.231,99.993,0.162,-4.109,8764,4.21,-97.15,0.04,-99.04,0.01,-74.67
BTC-USDT-SWAP,15m,2H,0.01,0.03,0.03,148.0,0.009,-99.994,260,89,171,34.231,99.994,0.167,-4.109,8764,4.53,-96.94,0.03,-99.23,0.01,-73.42
BTC-USDT-SWAP,30m,4H,0.001,0.004,0.005,148.0,0.001,-99.999,1076,628,448,58.364,99.999,0.43,-4.104,4388,5.47,-96.3,0.01,-99.73,0.0,-92.25
BTC-USDT-SWAP,30m,4H,0.001,0.004,0.008,148.0,0.089,-99.94,1076,710,366,65.985,99.942,0.548,-4.101,4388,16.69,-88.72,0.25,-98.47,0.09,-65.03
BTC-USDT-SWAP,30m,4H,0.001,0.004,0.01,148.0,0.271,-99.817,1076,731,345,67.937,99.829,0.642,-4.096,4388,37.29,-74.8,0.66,-98.24,0.27,-58.74
BTC-USDT-SWAP,30m,4H,0.001,0.004,0.015,148.0,1.837,-98.759,1076,753,323,69.981,99.061,0.785,-4.053,4388,103.01,-30.4,3.13,-96.96,1.84,-41.29
BTC-USDT-SWAP,30m,4H,0.001,0.004,0.02,148.0,8.939,-93.96,1076,765,311,71.097,98.095,0.881,-3.856,4388,234.47,58.42,9.76,-95.84,8.94,-8.45
BTC-USDT-SWAP,30m,4H,0.001,0.004,0.025,148.0,40.842,-72.404,1076,772,304,71.747,91.092,0.945,-2.971,4388,279.57,88.9,54.43,-80.53,40.84,-24.97
BTC-USDT-SWAP,30m,4H,0.001,0.004,0.03,148.0,61.747,-58.279,1076,774,302,71.933,88.405,0.961,-2.392,4388,267.93,81.03,67.9,-74.66,61.75,-9.06
BTC-USDT-SWAP,30m,4H,0.001,0.006,0.005,148.0,0.0,-100.0,1076,471,605,43.773,100.0,0.418,-4.104,4388,1.42,-99.04,0.0,-99.94,0.0,-95.78
BTC-USDT-SWAP,30m,4H,0.001,0.006,0.008,148.0,0.001,-99.999,1076,539,537,50.093,99.999,0.527,-4.104,4388,3.72,-97.49,0.01,-99.86,0.0,-83.07
BTC-USDT-SWAP,30m,4H,0.001,0.006,0.01,148.0,0.002,-99.999,1076,556,520,51.673,99.999,0.596,-4.104,4388,4.61,-96.89,0.01,-99.82,0.0,-79.22
BTC-USDT-SWAP,30m,4H,0.001,0.006,0.015,148.0,0.007,-99.995,1076,575,501,53.439,99.996,0.687,-4.104,4388,10.55,-92.87,0.04,-99.57,0.01,-84.59
BTC-USDT-SWAP,30m,4H,0.001,0.006,0.02,148.0,0.03,-99.98,1076,586,490,54.461,99.988,0.762,-4.103,4388,22.16,-85.03,0.11,-99.5,0.03,-72.66
BTC-USDT-SWAP,30m,4H,0.001,0.006,0.025,148.0,0.088,-99.941,1076,591,485,54.926,99.965,0.772,-4.102,4388,18.21,-87.7,0.43,-97.62,0.09,-79.75
BTC-USDT-SWAP,30m,4H,0.001,0.006,0.03,148.0,0.123,-99.917,1076,593,483,55.112,99.951,0.772,-4.101,4388,17.91,-87.9,0.53,-97.06,0.12,-76.69
BTC-USDT-SWAP,30m,4H,0.001,0.008,0.005,148.0,0.0,-100.0,1076,397,679,36.896,100.0,0.447,-4.104,4388,0.78,-99.47,0.0,-99.99,0.0,-95.38
BTC-USDT-SWAP,30m,4H,0.001,0.008,0.008,148.0,0.0,-100.0,1076,458,618,42.565,100.0,0.553,-4.104,4388,1.38,-99.06,0.0,-99.98,0.0,-79.08
BTC-USDT-SWAP,30m,4H,0.001,0.008,0.01,148.0,0.0,-100.0,1076,473,603,43.959,100.0,0.629,-4.104,4388,1.52,-98.97,0.0,-99.98,0.0,-81.29
BTC-USDT-SWAP,30m,4H,0.001,0.008,0.015,148.0,0.0,-100.0,1076,487,589,45.26,100.0,0.681,-4.104,4388,3.34,-97.74,0.0,-99.98,0.0,-84.21
BTC-USDT-SWAP,30m,4H,0.001,0.008,0.02,148.0,0.0,-100.0,1076,495,581,46.004,100.0,0.665,-4.104,4388,3.65,-97.53,0.0,-99.98,0.0,-68.57
BTC-USDT-SWAP,30m,4H,0.001,0.008,0.025,148.0,0.0,-100.0,1076,498,578,46.283,100.0,0.657,-4.104,4388,2.46,-98.34,0.0,-99.96,0.0,-78.22
BTC-USDT-SWAP,30m,4H,0.001,0.008,0.03,148.0,0.0,-100.0,1076,499,577,46.375,100.0,0.655,-4.104,4388,2.27,-98.46,0.0,-99.94,0.0,-80.69
BTC-USDT-SWAP,30m,4H,0.001,0.01,0.005,148.0,0.0,-100.0,1076,355,721,32.993,100.0,0.456,-4.104,4388,0.45,-99.69,0.0,-100.0,0.0,-97.2
BTC-USDT-SWAP,30m,4H,0.001,0.01,0.008,148.0,0.0,-100.0,1076,408,668,37.918,100.0,0.573,-4.104,4388,0.92,-99.38,0.0,-99.99,0.0,-94.26
BTC-USDT-SWAP,30m,4H,0.001,0.01,0.01,148.0,0.0,-100.0,1076,424,652,39.405,100.0,0.655,-4.104,4388,1.3,-99.12,0.0,-100.0,0.0,-94.86
BTC-USDT-SWAP,30m,4H,0.001,0.01,0.015,148.0,0.0,-100.0,1076,435,641,40.428,100.0,0.681,-4.104,4388,2.03,-98.63,0.0,-100.0,0.0,-96.19
BTC-USDT-SWAP,30m,4H,0.001,0.01,0.02,148.0,0.0,-100.0,1076,441,635,40.985,100.0,0.649,-4.104,4388,1.69,-98.86,0.0,-100.0,0.0,-92.63
BTC-USDT-SWAP,30m,4H,0.001,0.01,0.025,148.0,0.0,-100.0,1076,443,633,41.171,100.0,0.646,-4.104,4388,1.05,-99.29,0.0,-100.0,0.0,-94.93
BTC-USDT-SWAP,30m,4H,0.001,0.01,0.03,148.0,0.0,-100.0,1076,444,632,41.264,100.0,0.645,-4.104,4388,0.9,-99.39,0.0,-100.0,0.0,-95.81
BTC-USDT-SWAP,30m,4H,0.001,0.012,0.005,148.0,0.0,-100.0,1076,330,746,30.669,100.0,0.464,-4.104,4388,0.22,-99.85,0.0,-100.0,0.0,-97.68
BTC-USDT-SWAP,30m,4H,0.001,0.012,0.008,148.0,0.0,-100.0,1076,375,701,34.851,100.0,0.512,-4.104,4388,0.23,-99.85,0.0,-100.0,0.0,-96.17
BTC-USDT-SWAP,30m,4H,0.001,0.012,0.01,148.0,0.0,-100.0,1076,388,688,36.059,100.0,0.476,-4.104,4388,0.13,-99.91,0.0,-100.0,0.0,-96.01
BTC-USDT-SWAP,30m,4H,0.001,0.012,0.015,148.0,0.0,-100.0,1076,398,678,36.989,100.0,0.492,-4.104,4388,0.18,-99.88,0.0,-100.0,0.0,-96.98
BTC-USDT-SWAP,30m,4H,0.001,0.012,0.02,148.0,0.0,-100.0,1076,404,672,37.546,100.0,0.465,-4.104,4388,0.14,-99.91,0.0,-100.0,0.0,-93.82
BTC-USDT-SWAP,30m,4H,0.001,0.012,0.025,148.0,0.0,-100.0,1076,406,670,37.732,100.0,0.472,-4.104,4388,0.09,-99.94,0.0,-100.0,0.0,-95.74
BTC-USDT-SWAP,30m,4H,0.001,0.012,0.03,148.0,0.0,-100.0,1076,406,670,37.732,100.0,0.473,-4.104,4388,0.08,-99.95,0.0,-100.0,0.0,-96.49
BTC-USDT-SWAP,30m,4H,0.001,0.015,0.005,148.0,0.0,-100.0,1076,308,768,28.625,100.0,0.429,-4.104,4388,0.09,-99.94,0.0,-100.0,0.0,-98.04
BTC-USDT-SWAP,30m,4H,0.001,0.015,0.008,148.0,0.0,-100.0,1076,350,726,32.528,100.0,0.458,-4.104,4388,0.09,-99.94,0.0,-100.0,0.0,-95.74
BTC-USDT-SWAP,30m,4H,0.001,0.015,0.01,148.0,0.0,-100.0,1076,361,715,33.55,100.0,0.426,-4.104,4388,0.05,-99.97,0.0,-100.0,0.0,-96.07
BTC-USDT-SWAP,30m,4H,0.001,0.015,0.015,148.0,0.0,-100.0,1076,372,704,34.572,100.0,0.49,-4.104,4388,0.08,-99.94,0.0,-100.0,0.0,-96.67
BTC-USDT-SWAP,30m,4H,0.001,0.015,0.02,148.0,0.0,-100.0,1076,377,699,35.037,100.0,0.464,-4.104,4388,0.07,-99.95,0.0,-100.0,0.0,-94.14
BTC-USDT-SWAP,30m,4H,0.001,0.015,0.025,148.0,0.0,-100.0,1076,379,697,35.223,100.0,0.472,-4.104,4388,0.05,-99.97,0.0,-100.0,0.0,-95.97
BTC-USDT-SWAP,30m,4H,0.001,0.015,0.03,148.0,0.0,-100.0,1076,379,697,35.223,100.0,0.473,-4.104,4388,0.04,-99.97,0.0,-100.0,0.0,-96.67
BTC-USDT-SWAP,30m,4H,0.001,0.02,0.005,148.0,0.0,-100.0,1076,296,780,27.509,100.0,0.472,-4.104,4388,0.08,-99.95,0.0,-100.0,0.0,-99.47
BTC-USDT-SWAP,30m,4H,0.001,0.02,0.008,148.0,0.0,-100.0,1076,332,744,30.855,100.0,0.479,-4.104,4388,0.05,-99.97,0.0,-100.0,0.0,-99.36
BTC-USDT-SWAP,30m,4H,0.001,0.02,0.01,148.0,0.0,-100.0,1076,344,732,31.97,100.0,0.455,-4.104,4388,0.03,-99.98,0.0,-100.0,0.0,-99.16
BTC-USDT-SWAP,30m,4H,0.001,0.02,0.015,148.0,0.0,-100.0,1076,353,723,32.807,100.0,0.484,-4.104,4388,0.04,-99.98,0.0,-100.0,0.0,-99.3
BTC-USDT-SWAP,30m,4H,0.001,0.02,0.02,148.0,0.0,-100.0,1076,357,719,33.178,100.0,0.464,-4.104,4388,0.02,-99.99,0.0,-100.0,0.0,-98.84
BTC-USDT-SWAP,30m,4H,0.001,0.02,0.025,148.0,0.0,-100.0,1076,359,717,33.364,100.0,0.475,-4.104,4388,0.02,-99.99,0.0,-100.0,0.0,-99.25
BTC-USDT-SWAP,30m,4H,0.001,0.02,0.03,148.0,0.0,-100.0,1076,359,717,33.364,100.0,0.476,-4.104,4388,0.01,-99.99,0.0,-100.0,0.0,-99.42
BTC-USDT-SWAP,30m,4H,0.001,0.03,0.005,148.0,0.0,-100.0,1076,292,784,27.138,100.0,0.294,-4.104,4388,0.05,-99.97,0.0,-100.0,0.0,-99.64
BTC-USDT-SWAP,30m,4H,0.001,0.03,0.008,148.0,0.0,-100.0,1076,328,748,30.483,100.0,0.33,-4.104,4388,0.04,-99.97,0.0,-100.0,0.0,-99.58
BTC-USDT-SWAP,30m,4H,0.001,0.03,0.01,148.0,0.0,-100.0,1076,340,736,31.599,100.0,0.298,-4.104,4388,0.03,-99.98,0.0,-100.0,0.0,-99.4
BTC-USDT-SWAP,30m,4H,0.001,0.03,0.015,148.0,0.0,-100.0,1076,347,729,32.249,100.0,0.334,-4.104,4388,0.02,-99.98,0.0,-100.0,0.0,-99.52
BTC-USDT-SWAP,30m,4H,0.001,0.03,0.02,148.0,0.0,-100.0,1076,351,725,32.621,100.0,0.31,-4.104,4388,0.01,-99.99,0.0,-100.0,0.0,-99.21
BTC-USDT-SWAP,30m,4H,0.001,0.03,0.025,148.0,0.0,-100.0,1076,352,724,32.714,100.0,0.319,-4.104,4388,0.01,-99.99,0.0,-100.0,0.0,-99.49
BTC-USDT-SWAP,30m,4H,0.001,0.03,0.03,148.0,0.0,-100.0,1076,352,724,32.714,100.0,0.318,-4.104,4388,0.01,-100.0,0.0,-100.0,0.0,-99.61
BTC-USDT-SWAP,30m,4H,0.002,0.004,0.005,148.0,0.04,-99.973,877,537,340,61.231,99.975,0.506,-4.103,4388,11.59,-92.17,0.16,-98.6,0.04,-75.31
BTC-USDT-SWAP,30m,4H,0.002,0.004,0.008,148.0,1.373,-99.072,877,604,273,68.871,99.315,0.69,-4.066,4388,48.22,-67.42,1.75,-96.38,1.37,-21.38
BTC-USDT-SWAP,30m,4H,0.002,0.004,0.01,148.0,4.704,-96.821,877,623,254,71.038,97.565,0.81,-3.974,4388,148.28,0.19,5.79,-96.1,4.7,-18.69
BTC-USDT-SWAP,30m,4H,0.002,0.004,0.015,148.0,51.467,-65.225,877,649,228,74.002,95.806,0.944,-2.677,4388,411.35,177.94,29.89,-92.73,51.47,72.16
BTC-USDT-SWAP,30m,4H,0.002,0.004,0.02,148.0,528.357,256.998,877,663,214,75.599,84.422,1.087,10.547,4388,595.04,302.05,300.97,-49.42,528.36,75.55
BTC-USDT-SWAP,30m,4H,0.002,0.004,0.025,148.0,535.766,262.004,877,665,212,75.827,82.005,1.077,10.753,4388,637.37,330.65,372.4,-41.57,535.77,43.87
BTC-USDT-SWAP,30m,4H,0.002,0.004,0.03,148.0,764.158,416.323,877,667,210,76.055,76.578,1.108,17.086,4388,576.26,289.36,438.22,-23.95,764.16,74.38
BTC-USDT-SWAP,30m,4H,0.002,0.006,0.005,148.0,0.003,-99.998,877,401,476,45.724,99.998,0.507,-4.104,4388,6.06,-95.9,0.02,-99.71,0.0,-80.23
BTC-USDT-SWAP,30m,4H,0.002,0.006,0.008,148.0,0.072,-99.951,877,460,417,52.452,99.964,0.687,-4.102,4388,23.24,-84.3,0.1,-99.56,0.07,-30.14
BTC-USDT-SWAP,30m,4H,0.002,0.006,0.01,148.0,0.394,-99.734,877,481,396,54.846,99.793,0.826,-4.093,4388,98.31,-33.57,0.58,-99.41,0.39,-32.13
BTC-USDT-SWAP,30m,4H,0.002,0.006,0.015,148.0,2.977,-97.988,877,504,373,57.469,99.485,0.922,-4.021,4388,251.37,69.84,2.26,-99.1,2.98,31.57
BTC-USDT-SWAP,30m,4H,0.002,0.006,0.02,148.0,27.584,-81.362,877,516,361,58.837,97.295,0.965,-3.339,4388,449.32,203.6,20.36,-95.47,27.58,35.49
BTC-USDT-SWAP,30m,4H,0.002,0.006,0.025,148.0,36.33,-75.452,877,519,358,59.179,96.197,0.976,-3.097,4388,490.72,231.57,33.41,-93.19,36.33,8.74
BTC-USDT-SWAP,30m,4H,0.002,0.006,0.03,148.0,50.975,-65.557,877,521,356,59.407,96.008,0.98,-2.69,4388,443.67,199.78,37.93,-91.45,50.98,34.39
BTC-USDT-SWAP,30m,4H,0.002,0.008,0.005,148.0,0.001,-100.0,877,336,541,38.312,100.0,0.478,-4.104,4388,3.39,-97.71,0.0,-99.87,0.0,-85.78
BTC-USDT-SWAP,30m,4H,0.002,0.008,0.008,148.0,0.003,-99.998,877,382,495,43.558,99.999,0.624,-4.104,4388,6.49,-95.61,0.01,-99.88,0.0,-60.53
BTC-USDT-SWAP,30m,4H,0.002,0.008,0.01,148.0,0.008,-99.995,877,398,479,45.382,99.996,0.716,-4.104,4388,17.44,-88.22,0.03,-99.85,0.01,-68.39
BTC-USDT-SWAP,30m,4H,0.002,0.008,0.015,148.0,0.023,-99.984,877,416,461,47.434,99.993,0.787,-4.103,4388,27.11,-81.68,0.05,-99.81,0.02,-54.19
BTC-USDT-SWAP,30m,4H,0.002,0.008,0.02,148.0,0.169,-99.886,877,426,451,48.575,99.946,0.803,-4.099,4388,32.61,-77.96,0.31,-99.06,0.17,-44.81
BTC-USDT-SWAP,30m,4H,0.002,0.008,0.025,148.0,0.12,-99.919,877,426,451,48.575,99.962,0.787,-4.101,4388,25.64,-82.68,0.31,-98.79,0.12,-61.22
BTC-USDT-SWAP,30m,4H,0.002,0.008,0.03,148.0,0.155,-99.895,877,428,449,48.803,99.95,0.789,-4.1,4388,20.55,-86.12,0.37,-98.22,0.16,-57.64
BTC-USDT-SWAP,30m,4H,0.002,0.01,0.005,148.0,0.0,-100.0,877,293,584,33.409,100.0,0.496,-4.104,4388,1.51,-98.98,0.0,-99.96,0.0,-89.68
BTC-USDT-SWAP,30m,4H,0.002,0.01,0.008,148.0,0.0,-100.0,877,333,544,37.97,100.0,0.629,-4.104,4388,2.45,-98.35,0.0,-99.98,0.0,-83.05
BTC-USDT-SWAP,30m,4H,0.002,0.01,0.01,148.0,0.0,-100.0,877,350,527,39.909,100.0,0.713,-4.104,4388,7.63,-94.84,0.0,-99.97,0.0,-86.3
BTC-USDT-SWAP,30m,4H,0.002,0.01,0.015,148.0,0.0,-100.0,877,366,511,41.733,100.0,0.764,-4.104,4388,9.49,-93.59,0.0,-99.98,0.0,-73.57
BTC-USDT-SWAP,30m,4H,0.002,0.01,0.02,148.0,0.001,-99.999,877,372,505,42.417,100.0,0.74,-4.104,4388,9.22,-93.77,0.0,-99.97,0.0,-62.99
BTC-USDT-SWAP,30m,4H,0.002,0.01,0.025,148.0,0.0,-100.0,877,372,505,42.417,100.0,0.715,-4.104,4388,6.37,-95.69,0.0,-99.97,0.0,-74.0
BTC-USDT-SWAP,30m,4H,0.002,0.01,0.03,148.0,0.0,-100.0,877,373,504,42.531,100.0,0.715,-4.104,4388,4.87,-96.71,0.0,-99.97,0.0,-76.68
BTC-USDT-SWAP,30m,4H,0.002,0.012,0.005,148.0,0.0,-100.0,877,267,610,30.445,100.0,0.52,-4.104,4388,0.73,-99.51,0.0,-99.99,0.0,-93.2
BTC-USDT-SWAP,30m,4H,0.002,0.012,0.008,148.0,0.0,-100.0,877,301,576,34.322,100.0,0.588,-4.104,4388,0.67,-99.54,0.0,-99.99,0.0,-88.71
BTC-USDT-SWAP,30m,4H,0.002,0.012,0.01,148.0,0.0,-100.0,877,317,560,36.146,100.0,0.667,-4.104,4388,1.68,-98.86,0.0,-99.99,0.0,-91.12
BTC-USDT-SWAP,30m,4H,0.002,0.012,0.015,148.0,0.0,-100.0,877,329,548,37.514,100.0,0.686,-4.104,4388,1.24,-99.16,0.0,-99.99,0.0,-87.9
BTC-USDT-SWAP,30m,4H,0.002,0.012,0.02,148.0,0.0,-100.0,877,335,542,38.198,100.0,0.668,-4.104,4388,1.08,-99.27,0.0,-99.99,0.0,-85.68
BTC-USDT-SWAP,30m,4H,0.002,0.012,0.025,148.0,0.0,-100.0,877,335,542,38.198,100.0,0.653,-4.104,4388,0.77,-99.48,0.0,-99.99,0.0,-89.76
BTC-USDT-SWAP,30m,4H,0.002,0.012,0.03,148.0,0.0,-100.0,877,335,542,38.198,100.0,0.657,-4.104,4388,0.59,-99.6,0.0,-99.99,0.0,-91.45
BTC-USDT-SWAP,30m,4H,0.002,0.015,0.005,148.0,0.0,-100.0,877,246,631,28.05,100.0,0.499,-4.104,4388,0.4,-99.73,0.0,-100.0,0.0,-96.09
BTC-USDT-SWAP,30m,4H,0.002,0.015,0.008,148.0,0.0,-100.0,877,276,601,31.471,100.0,0.52,-4.104,4388,0.31,-99.79,0.0,-100.0,0.0,-92.86
BTC-USDT-SWAP,30m,4H,0.002,0.015,0.01,148.0,0.0,-100.0,877,291,586,33.181,100.0,0.537,-4.104,4388,0.56,-99.62,0.0,-100.0,0.0,-94.6
BTC-USDT-SWAP,30m,4H,0.002,0.015,0.015,148.0,0.0,-100.0,877,303,574,34.55,100.0,0.576,-4.104,4388,0.41,-99.73,0.0,-100.0,0.0,-91.54
BTC-USDT-SWAP,30m,4H,0.002,0.015,0.02,148.0,0.0,-100.0,877,307,570,35.006,100.0,0.572,-4.104,4388,0.45,-99.7,0.0,-100.0,0.0,-91.11
BTC-USDT-SWAP,30m,4H,0.002,0.015,0.025,148.0,0.0,-100.0,877,307,570,35.006,100.0,0.557,-4.104,4388,0.32,-99.79,0.0,-100.0,0.0,-93.65
BTC-USDT-SWAP,30m,4H,0.002,0.015,0.03,148.0,0.0,-100.0,877,307,570,35.006,100.0,0.562,-4.104,4388,0.24,-99.84,0.0,-100.0,0.0,-94.69
BTC-USDT-SWAP,30m,4H,0.002,0.02,0.005,148.0,0.0,-100.0,877,235,642,26.796,100.0,0.512,-4.104,4388,0.3,-99.8,0.0,-100.0,0.0,-98.19
BTC-USDT-SWAP,30m,4H,0.002,0.02,0.008,148.0,0.0,-100.0,877,259,618,29.532,100.0,0.485,-4.104,4388,0.18,-99.88,0.0,-100.0,0.0,-98.13
BTC-USDT-SWAP,30m,4H,0.002,0.02,0.01,148.0,0.0,-100.0,877,275,602,31.357,100.0,0.507,-4.104,4388,0.34,-99.77,0.0,-100.0,0.0,-98.09
BTC-USDT-SWAP,30m,4H,0.002,0.02,0.015,148.0,0.0,-100.0,877,284,593,32.383,100.0,0.521,-4.104,4388,0.17,-99.88,0.0,-100.0,0.0,-97.07
BTC-USDT-SWAP,30m,4H,0.002,0.02,0.02,148.0,0.0,-100.0,877,287,590,32.725,100.0,0.513,-4.104,4388,0.14,-99.91,0.0,-100.0,0.0,-97.11
BTC-USDT-SWAP,30m,4H,0.002,0.02,0.025,148.0,0.0,-100.0,877,287,590,32.725,100.0,0.507,-4.104,4388,0.11,-99.93,0.0,-100.0,0.0,-98.07
BTC-USDT-SWAP,30m,4H,0.002,0.02,0.03,148.0,0.0,-100.0,877,287,590,32.725,100.0,0.512,-4.104,4388,0.08,-99.94,0.0,-100.0,0.0,-98.5
BTC-USDT-SWAP,30m,4H,0.002,0.03,0.005,148.0,0.0,-100.0,877,232,645,26.454,100.0,0.553,-4.104,4388,0.33,-99.78,0.0,-100.0,0.0,-98.64
BTC-USDT-SWAP,30m,4H,0.002,0.03,0.008,148.0,0.0,-100.0,877,255,622,29.076,100.0,0.525,-4.104,4388,0.2,-99.87,0.0,-100.0,0.0,-98.75
BTC-USDT-SWAP,30m,4H,0.002,0.03,0.01,148.0,0.0,-100.0,877,269,608,30.673,100.0,0.514,-4.104,4388,0.3,-99.8,0.0,-100.0,0.0,-98.58
BTC-USDT-SWAP,30m,4H,0.002,0.03,0.015,148.0,0.0,-100.0,877,278,599,31.699,100.0,0.516,-4.104,4388,0.14,-99.9,0.0,-100.0,0.0,-97.91
BTC-USDT-SWAP,30m,4H,0.002,0.03,0.02,148.0,0.0,-100.0,877,280,597,31.927,100.0,0.509,-4.104,4388,0.11,-99.93,0.0,-100.0,0.0,-97.93
BTC-USDT-SWAP,30m,4H,0.002,0.03,0.025,148.0,0.0,-100.0,877,280,597,31.927,100.0,0.501,-4.104,4388,0.08,-99.95,0.0,-100.0,0.0,-98.62
BTC-USDT-SWAP,30m,4H,0.002,0.03,0.03,148.0,0.0,-100.0,877,280,597,31.927,100.0,0.502,-4.104,4388,0.05,-99.96,0.0,-100.0,0.0,-98.92
BTC-USDT-SWAP,30m,4H,0.003,0.004,0.005,148.0,0.636,-99.57,717,465,252,64.854,99.627,0.503,-4.086,4388,19.33,-86.94,1.19,-93.85,0.64,-46.49
BTC-USDT-SWAP,30m,4H,0.003,0.004,0.008,148.0,8.513,-94.248,717,519,198,72.385,95.789,0.704,-3.868,4388,73.42,-50.39,6.87,-90.64,8.51,23.86
BTC-USDT-SWAP,30m,4H,0.003,0.004,0.01,148.0,28.331,-80.857,717,538,179,75.035,89.566,0.845,-3.318,4388,163.44,10.44,23.01,-85.92,28.33,23.11
BTC-USDT-SWAP,30m,4H,0.003,0.004,0.015,148.0,334.293,125.874,717,562,155,78.382,84.796,1.083,5.166,4388,555.51,275.35,118.37,-78.69,334.29,182.4
BTC-USDT-SWAP,30m,4H,0.003,0.004,0.02,148.0,1854.791,1153.237,717,573,144,79.916,55.267,1.261,47.328,4388,740.92,400.62,759.17,2.46,1854.79,144.32
BTC-USDT-SWAP,30m,4H,0.003,0.004,0.025,148.0,2276.841,1438.406,717,575,142,80.195,55.267,1.281,59.032,4388,906.79,512.69,761.45,-16.03,2276.84,199.01
BTC-USDT-SWAP,30m,4H,0.003,0.004,0.03,148.0,5387.718,3540.35,717,578,139,80.614,55.267,1.302,145.295,4388,1267.02,756.09,1934.32,52.67,5387.72,178.53
BTC-USDT-SWAP,30m,4H,0.003,0.006,0.005,148.0,0.463,-99.687,717,370,347,51.604,99.723,0.613,-4.091,4388,27.45,-81.45,0.51,-98.15,0.46,-8.87
BTC-USDT-SWAP,30m,4H,0.003,0.006,0.008,148.0,3.927,-97.347,717,416,301,58.02,98.548,0.735,-3.995,4388,66.94,-54.77,2.23,-96.66,3.93,75.87
BTC-USDT-SWAP,30m,4H,0.003,0.006,0.01,148.0,14.03,-90.52,717,434,283,60.53,95.659,0.849,-3.715,4388,142.45,-3.75,7.93,-94.43,14.03,76.83
BTC-USDT-SWAP,30m,4H,0.003,0.006,0.015,148.0,112.603,-23.917,717,453,264,63.18,93.904,0.983,-0.982,4388,380.41,157.03,30.9,-91.88,112.6,264.45
BTC-USDT-SWAP,30m,4H,0.003,0.006,0.02,148.0,741.945,401.314,717,464,253,64.714,80.684,1.098,16.47,4388,493.79,233.64,241.78,-51.04,741.94,206.86
BTC-USDT-SWAP,30m,4H,0.003,0.006,0.025,148.0,779.176,426.47,717,466,251,64.993,80.684,1.095,17.502,4388,579.22,291.37,217.47,-62.45,779.18,258.28
BTC-USDT-SWAP,30m,4H,0.003,0.006,0.03,148.0,1740.923,1076.3,717,469,248,65.411,80.684,1.112,44.171,4388,766.22,417.72,560.16,-26.89,1740.92,210.79
BTC-USDT-SWAP,30m,4H,0.003,0.008,0.005,148.0,0.01,-99.993,717,291,426,40.586,99.994,0.503,-4.104,4388,7.74,-94.77,0.02,-99.77,0.01,-43.49
BTC-USDT-SWAP,30m,4H,0.003,0.008,0.008,148.0,0.05,-99.966,717,332,385,46.304,99.975,0.593,-4.103,4388,10.89,-92.64,0.05,-99.57,0.05,6.49
BTC-USDT-SWAP,30m,4H,0.003,0.008,0.01,148.0,0.169,-99.886,717,351,366,48.954,99.896,0.706,-4.099,4388,26.06,-82.4,0.2,-99.23,0.17,-16.04
BTC-USDT-SWAP,30m,4H,0.003,0.008,0.015,148.0,1.148,-99.224,717,369,348,51.464,99.772,0.845,-4.072,4388,74.81,-49.45,0.7,-99.06,1.15,63.72
BTC-USDT-SWAP,30m,4H,0.003,0.008,0.02,148.0,6.732,-95.451,717,379,338,52.859,98.56,0.897,-3.917,4388,95.52,-35.46,5.31,-94.44,6.73,26.78
BTC-USDT-SWAP,30m,4H,0.003,0.008,0.025,148.0,6.255,-95.774,717,380,337,52.999,98.779,0.895,-3.931,4388,94.24,-36.32,4.46,-95.26,6.25,40.09
BTC-USDT-SWAP,30m,4H,0.003,0.008,0.03,148.0,8.531,-94.236,717,382,335,53.278,97.859,0.916,-3.867,4388,110.2,-25.54,7.54,-93.16,8.53,13.16
BTC-USDT-SWAP,30m,4H,0.003,0.01,0.005,148.0,0.002,-99.999,717,257,460,35.844,99.999,0.407,-4.104,4388,2.16,-98.54,0.0,-99.85,0.0,-52.3
BTC-USDT-SWAP,30m,4H,0.003,0.01,0.008,148.0,0.004,-99.998,717,294,423,41.004,99.998,0.533,-4.104,4388,2.76,-98.13,0.01,-99.79,0.0,-39.48
BTC-USDT-SWAP,30m,4H,0.003,0.01,0.01,148.0,0.01,-99.993,717,310,407,43.236,99.995,0.632,-4.104,4388,7.37,-95.02,0.02,-99.67,0.01,-58.59
BTC-USDT-SWAP,30m,4H,0.003,0.01,0.015,148.0,0.022,-99.985,717,322,395,44.909,99.993,0.685,-4.103,4388,6.98,-95.28,0.02,-99.67,0.02,-6.98
BTC-USDT-SWAP,30m,4H,0.003,0.01,0.02,148.0,0.054,-99.963,717,329,388,45.886,99.982,0.674,-4.102,4388,7.31,-95.06,0.07,-99.06,0.05,-20.94
BTC-USDT-SWAP,30m,4H,0.003,0.01,0.025,148.0,0.025,-99.983,717,329,388,45.886,99.992,0.657,-4.103,4388,5.91,-96.01,0.04,-99.39,0.02,-32.11
BTC-USDT-SWAP,30m,4H,0.003,0.01,0.03,148.0,0.043,-99.971,717,331,386,46.165,99.985,0.682,-4.103,4388,8.03,-94.57,0.08,-98.95,0.04,-48.42
BTC-USDT-SWAP,30m,4H,0.003,0.012,0.005,148.0,0.0,-100.0,717,231,486,32.218,100.0,0.412,-4.104,4388,1.65,-98.89,0.0,-99.93,0.0,-83.97
BTC-USDT-SWAP,30m,4H,0.003,0.012,0.008,148.0,0.0,-100.0,717,267,450,37.238,100.0,0.566,-4.104,4388,2.54,-98.28,0.0,-99.93,0.0,-79.51
BTC-USDT-SWAP,30m,4H,0.003,0.012,0.01,148.0,0.001,-100.0,717,280,437,39.052,100.0,0.637,-4.104,4388,5.4,-96.35,0.0,-99.92,0.0,-87.05
BTC-USDT-SWAP,30m,4H,0.003,0.012,0.015,148.0,0.001,-99.999,717,290,427,40.446,100.0,0.683,-4.104,4388,4.28,-97.11,0.0,-99.93,0.0,-67.97
BTC-USDT-SWAP,30m,4H,0.003,0.012,0.02,148.0,0.001,-99.999,717,295,422,41.144,100.0,0.668,-4.104,4388,4.1,-97.23,0.0,-99.88,0.0,-75.97
BTC-USDT-SWAP,30m,4H,0.003,0.012,0.025,148.0,0.0,-100.0,717,295,422,41.144,100.0,0.657,-4.104,4388,3.1,-97.91,0.0,-99.94,0.0,-79.35
BTC-USDT-SWAP,30m,4H,0.003,0.012,0.03,148.0,0.001,-100.0,717,297,420,41.423,100.0,0.666,-4.104,4388,4.0,-97.3,0.0,-99.91,0.0,-85.39
BTC-USDT-SWAP,30m,4H,0.003,0.015,0.005,148.0,0.0,-100.0,717,211,506,29.428,100.0,0.364,-4.104,4388,0.71,-99.52,0.0,-99.97,0.0,-87.7
BTC-USDT-SWAP,30m,4H,0.003,0.015,0.008,148.0,0.0,-100.0,717,240,477,33.473,100.0,0.31,-4.104,4388,0.42,-99.72,0.0,-99.98,0.0,-88.71
BTC-USDT-SWAP,30m,4H,0.003,0.015,0.01,148.0,0.0,-100.0,717,252,465,35.146,100.0,0.374,-4.104,4388,0.62,-99.58,0.0,-99.97,0.0,-92.15
BTC-USDT-SWAP,30m,4H,0.003,0.015,0.015,148.0,0.0,-100.0,717,263,454,36.681,100.0,0.481,-4.104,4388,0.62,-99.58,0.0,-99.97,0.0,-79.64
BTC-USDT-SWAP,30m,4H,0.003,0.015,0.02,148.0,0.0,-100.0,717,267,450,37.238,100.0,0.475,-4.104,4388,0.64,-99.57,0.0,-99.96,0.0,-84.06
BTC-USDT-SWAP,30m,4H,0.003,0.015,0.025,148.0,0.0,-100.0,717,267,450,37.238,100.0,0.47,-4.104,4388,0.49,-99.67,0.0,-99.98,0.0,-86.3
BTC-USDT-SWAP,30m,4H,0.003,0.015,0.03,148.0,0.0,-100.0,717,268,449,37.378,100.0,0.475,-4.104,4388,0.65,-99.56,0.0,-99.98,0.0,-90.31
BTC-USDT-SWAP,30m,4H,0.003,0.02,0.005,148.0,0.0,-100.0,717,192,525,26.778,100.0,0.327,-4.104,4388,0.45,-99.7,0.0,-99.99,0.0,-96.02
BTC-USDT-SWAP,30m,4H,0.003,0.02,0.008,148.0,0.0,-100.0,717,222,495,30.962,100.0,0.291,-4.104,4388,0.29,-99.81,0.0,-99.99,0.0,-94.69
BTC-USDT-SWAP,30m,4H,0.003,0.02,0.01,148.0,0.0,-100.0,717,232,485,32.357,100.0,0.377,-4.104,4388,0.45,-99.7,0.0,-100.0,0.0,-96.39
BTC-USDT-SWAP,30m,4H,0.003,0.02,0.015,148.0,0.0,-100.0,717,241,476,33.612,100.0,0.453,-4.104,4388,0.32,-99.79,0.0,-100.0,0.0,-92.17
BTC-USDT-SWAP,30m,4H,0.003,0.02,0.02,148.0,0.0,-100.0,717,244,473,34.031,100.0,0.442,-4.104,4388,0.24,-99.84,0.0,-99.99,0.0,-94.24
BTC-USDT-SWAP,30m,4H,0.003,0.02,0.025,148.0,0.0,-100.0,717,244,473,34.031,100.0,0.453,-4.104,4388,0.2,-99.86,0.0,-100.0,0.0,-95.37
BTC-USDT-SWAP,30m,4H,0.003,0.02,0.03,148.0,0.0,-100.0,717,244,473,34.031,100.0,0.454,-4.104,4388,0.24,-99.84,0.0,-100.0,0.0,-96.95
BTC-USDT-SWAP,30m,4H,0.003,0.03,0.005,148.0,0.0,-100.0,717,190,527,26.499,100.0,0.355,-4.104,4388,0.47,-99.68,0.0,-100.0,0.0,-96.7
BTC-USDT-SWAP,30m,4H,0.003,0.03,0.008,148.0,0.0,-100.0,717,219,498,30.544,100.0,0.276,-4.104,4388,0.26,-99.82,0.0,-100.0,0.0,-95.18
BTC-USDT-SWAP,30m,4H,0.003,0.03,0.01,148.0,0.0,-100.0,717,227,490,31.66,100.0,0.3,-4.104,4388,0.29,-99.8,0.0,-100.0,0.0,-96.72
BTC-USDT-SWAP,30m,4H,0.003,0.03,0.015,148.0,0.0,-100.0,717,236,481,32.915,100.0,0.303,-4.104,4388,0.17,-99.89,0.0,-100.0,0.0,-93.09
BTC-USDT-SWAP,30m,4H,0.003,0.03,0.02,148.0,0.0,-100.0,717,239,478,33.333,100.0,0.293,-4.104,4388,0.12,-99.92,0.0,-100.0,0.0,-94.92
BTC-USDT-SWAP,30m,4H,0.003,0.03,0.025,148.0,0.0,-100.0,717,239,478,33.333,100.0,0.294,-4.104,4388,0.1,-99.94,0.0,-100.0,0.0,-95.91
BTC-USDT-SWAP,30m,4H,0.003,0.03,0.03,148.0,0.0,-100.0,717,239,478,33.333,100.0,0.301,-4.104,4388,0.12,-99.92,0.0,-100.0,0.0,-97.31
BTC-USDT-SWAP,30m,4H,0.004,0.004,0.005,148.0,1.629,-98.899,599,391,208,65.275,98.963,0.533,-4.059,4388,36.64,-75.24,3.53,-90.37,1.63,-53.83
BTC-USDT-SWAP,30m,4H,0.004,0.004,0.008,148.0,11.149,-92.467,599,438,161,73.122,93.798,0.79,-3.795,4388,154.0,4.06,18.02,-88.3,11.15,-38.12
BTC-USDT-SWAP,30m,4H,0.004,0.004,0.01,148.0,30.371,-79.479,599,457,142,76.294,91.223,0.877,-3.262,4388,269.04,81.78,36.95,-86.27,30.37,-17.8
BTC-USDT-SWAP,30m,4H,0.004,0.004,0.015,148.0,183.272,23.832,599,478,121,79.8,88.546,1.016,0.978,4388,594.43,301.64,115.87,-80.51,183.27,58.18
BTC-USDT-SWAP,30m,4H,0.004,0.004,0.02,148.0,925.556,525.376,599,487,112,81.302,69.03,1.161,21.561,4388,652.0,340.54,542.28,-16.83,925.56,70.68
BTC-USDT-SWAP,30m,4H,0.004,0.004,0.025,148.0,1136.162,667.677,599,489,110,81.636,71.023,1.18,27.401,4388,797.97,439.17,543.91,-31.84,1136.16,108.89
BTC-USDT-SWAP,30m,4H,0.004,0.004,0.03,148.0,4522.051,2955.44,599,493,106,82.304,69.742,1.362,121.29,4388,1114.97,653.36,1549.33,38.96,4522.05,191.87
BTC-USDT-SWAP,30m,4H,0.004,0.006,0.005,148.0,1.889,-98.724,599,308,291,51.419,98.782,0.697,-4.052,4388,55.65,-62.4,3.2,-94.24,1.89,-41.04
BTC-USDT-SWAP,30m,4H,0.004,0.006,0.008,148.0,15.228,-89.711,599,348,251,58.097,94.531,0.893,-3.682,4388,257.78,74.17,19.32,-92.51,15.23,-21.18
BTC-USDT-SWAP,30m,4H,0.004,0.006,0.01,148.0,48.59,-67.169,599,366,233,61.102,92.711,0.953,-2.757,4388,487.13,229.14,47.03,-90.35,48.59,3.32
BTC-USDT-SWAP,30m,4H,0.004,0.006,0.015,148.0,380.178,156.877,599,385,214,64.274,88.941,1.036,6.438,4388,1231.02,731.77,163.2,-86.74,380.18,132.95
BTC-USDT-SWAP,30m,4H,0.004,0.006,0.02,148.0,2075.792,1302.562,599,394,205,65.776,77.364,1.122,53.457,4388,1215.29,721.14,825.82,-32.05,2075.79,151.36
BTC-USDT-SWAP,30m,4H,0.004,0.006,0.025,148.0,2320.903,1468.178,599,396,203,66.11,79.822,1.125,60.254,4388,1420.05,859.49,739.94,-47.89,2320.9,213.66
BTC-USDT-SWAP,30m,4H,0.004,0.006,0.03,148.0,10515.764,7005.246,599,400,199,66.778,80.379,1.216,287.493,4388,2288.31,1446.16,2353.24,2.84,10515.76,346.86
BTC-USDT-SWAP,30m,4H,0.004,0.008,0.005,148.0,0.33,-99.777,599,252,347,42.07,99.799,0.657,-4.095,4388,32.08,-78.32,0.48,-98.49,0.33,-31.8
BTC-USDT-SWAP,30m,4H,0.004,0.008,0.008,148.0,3.947,-97.333,599,293,306,48.915,98.115,0.849,-3.995,4388,140.99,-4.73,4.84,-96.57,3.95,-18.39
BTC-USDT-SWAP,30m,4H,0.004,0.008,0.01,148.0,7.075,-95.22,599,305,294,50.918,97.259,0.9,-3.908,4388,218.57,47.68,11.71,-94.64,7.07,-39.6
BTC-USDT-SWAP,30m,4H,0.004,0.008,0.015,148.0,29.965,-79.754,599,321,278,53.589,96.863,0.959,-3.273,4388,506.09,241.95,20.08,-96.03,29.96,49.2
BTC-USDT-SWAP,30m,4H,0.004,0.008,0.02,148.0,235.616,59.2,599,331,268,55.259,91.841,1.011,2.43,4388,575.26,288.69,165.79,-71.18,235.62,42.12
BTC-USDT-SWAP,30m,4H,0.004,0.008,0.025,148.0,269.786,82.288,599,333,266,55.593,92.729,1.014,3.377,4388,705.26,376.52,158.65,-77.5,269.79,70.05
BTC-USDT-SWAP,30m,4H,0.004,0.008,0.03,148.0,888.85,500.574,599,336,263,56.093,92.93,1.04,20.543,4388,1158.39,682.7,386.55,-66.63,888.85,129.94
BTC-USDT-SWAP,30m,4H,0.004,0.01,0.005,148.0,0.083,-99.944,599,222,377,37.062,99.954,0.566,-4.102,4388,12.15,-91.79,0.15,-98.78,0.08,-43.55
BTC-USDT-SWAP,30m,4H,0.004,0.01,0.008,148.0,0.251,-99.831,599,254,345,42.404,99.874,0.706,-4.097,4388,31.03,-79.04,0.53,-98.3,0.25,-52.51
BTC-USDT-SWAP,30m,4H,0.004,0.01,0.01,148.0,0.392,-99.735,599,265,334,44.24,99.803,0.748,-4.093,4388,43.14,-70.85,1.17,-97.3,0.39,-66.43
BTC-USDT-SWAP,30m,4H,0.004,0.01,0.015,148.0,1.166,-99.212,599,278,321,46.411,99.606,0.823,-4.072,4388,74.33,-49.77,1.46,-98.03,1.17,-20.41
BTC-USDT-SWAP,30m,4H,0.004,0.01,0.02,148.0,3.947,-97.333,599,285,314,47.579,98.668,0.846,-3.995,4388,49.41,-66.61,5.9,-88.07,3.95,-33.08
BTC-USDT-SWAP,30m,4H,0.004,0.01,0.025,148.0,3.726,-97.483,599,286,313,47.746,98.742,0.843,-4.001,4388,44.76,-69.76,5.22,-88.35,3.73,-28.58
BTC-USDT-SWAP,30m,4H,0.004,0.01,0.03,148.0,11.302,-92.364,599,289,310,48.247,96.523,0.903,-3.791,4388,73.41,-50.4,12.93,-82.39,11.3,-12.6
BTC-USDT-SWAP,30m,4H,0.004,0.012,0.005,148.0,0.008,-99.995,599,197,402,32.888,99.996,0.499,-4.104,4388,4.01,-97.29,0.03,-99.34,0.01,-70.53
BTC-USDT-SWAP,30m,4H,0.004,0.012,0.008,148.0,0.013,-99.991,599,225,374,37.563,99.994,0.647,-4.104,4388,10.36,-93.0,0.05,-99.47,0.01,-76.17
BTC-USDT-SWAP,30m,4H,0.004,0.012,0.01,148.0,0.012,-99.992,599,234,365,39.065,99.995,0.68,-4.104,4388,11.75,-92.06,0.07,-99.38,0.01,-84.25
BTC-USDT-SWAP,30m,4H,0.004,0.012,0.015,148.0,0.025,-99.983,599,245,354,40.902,99.992,0.729,-4.103,4388,12.25,-91.73,0.04,-99.66,0.02,-41.08
BTC-USDT-SWAP,30m,4H,0.004,0.012,0.02,148.0,0.026,-99.982,599,250,349,41.736,99.992,0.712,-4.103,4388,9.02,-93.91,0.05,-99.41,0.03,-50.45
BTC-USDT-SWAP,30m,4H,0.004,0.012,0.025,148.0,0.011,-99.992,599,250,349,41.736,99.997,0.703,-4.104,4388,7.15,-95.17,0.03,-99.64,0.01,-56.4
BTC-USDT-SWAP,30m,4H,0.004,0.012,0.03,148.0,0.028,-99.981,599,253,346,42.237,99.991,0.72,-4.103,4388,11.68,-92.11,0.05,-99.55,0.03,-45.65
BTC-USDT-SWAP,30m,4H,0.004,0.015,0.005,148.0,0.001,-99.999,599,176,423,29.382,99.999,0.392,-4.104,4388,2.14,-98.56,0.0,-99.78,0.0,-79.76
BTC-USDT-SWAP,30m,4H,0.004,0.015,0.008,148.0,0.001,-99.999,599,200,399,33.389,100.0,0.383,-4.104,4388,2.17,-98.53,0.01,-99.76,0.0,-83.6
BTC-USDT-SWAP,30m,4H,0.004,0.015,0.01,148.0,0.001,-100.0,599,208,391,34.725,100.0,0.405,-4.104,4388,2.05,-98.62,0.01,-99.75,0.0,-89.26
BTC-USDT-SWAP,30m,4H,0.004,0.015,0.015,148.0,0.001,-99.999,599,217,382,36.227,99.999,0.508,-4.104,4388,2.15,-98.55,0.0,-99.84,0.0,-69.11
BTC-USDT-SWAP,30m,4H,0.004,0.015,0.02,148.0,0.001,-100.0,599,221,378,36.895,100.0,0.495,-4.104,4388,1.52,-98.98,0.0,-99.8,0.0,-77.07
BTC-USDT-SWAP,30m,4H,0.004,0.015,0.025,148.0,0.0,-100.0,599,221,378,36.895,100.0,0.496,-4.104,4388,1.2,-99.19,0.0,-99.89,0.0,-79.57
BTC-USDT-SWAP,30m,4H,0.004,0.015,0.03,148.0,0.0,-100.0,599,222,377,37.062,100.0,0.506,-4.104,4388,2.02,-98.64,0.0,-99.89,0.0,-78.58
BTC-USDT-SWAP,30m,4H,0.004,0.02,0.005,148.0,0.0,-100.0,599,159,440,26.544,100.0,0.325,-4.104,4388,1.17,-99.21,0.0,-99.96,0.0,-88.97
BTC-USDT-SWAP,30m,4H,0.004,0.02,0.008,148.0,0.0,-100.0,599,184,415,30.718,100.0,0.337,-4.104,4388,1.24,-99.16,0.0,-99.94,0.0,-90.57
BTC-USDT-SWAP,30m,4H,0.004,0.02,0.01,148.0,0.0,-100.0,599,190,409,31.72,100.0,0.373,-4.104,4388,1.15,-99.22,0.0,-99.96,0.0,-93.39
BTC-USDT-SWAP,30m,4H,0.004,0.02,0.015,148.0,0.0,-100.0,599,198,401,33.055,100.0,0.511,-4.104,4388,1.4,-99.05,0.0,-99.98,0.0,-83.81
BTC-USDT-SWAP,30m,4H,0.004,0.02,0.02,148.0,0.0,-100.0,599,202,397,33.723,100.0,0.5,-4.104,4388,1.11,-99.25,0.0,-99.97,0.0,-88.71
BTC-USDT-SWAP,30m,4H,0.004,0.02,0.025,148.0,0.0,-100.0,599,202,397,33.723,100.0,0.504,-4.104,4388,0.88,-99.41,0.0,-99.98,0.0,-90.59
BTC-USDT-SWAP,30m,4H,0.004,0.02,0.03,148.0,0.0,-100.0,599,203,396,33.89,100.0,0.511,-4.104,4388,1.54,-98.96,0.0,-99.98,0.0,-90.81
BTC-USDT-SWAP,30m,4H,0.004,0.03,0.005,148.0,0.0,-100.0,599,155,444,25.876,100.0,0.307,-4.104,4388,0.9,-99.39,0.0,-99.96,0.0,-92.66
BTC-USDT-SWAP,30m,4H,0.004,0.03,0.008,148.0,0.0,-100.0,599,178,421,29.716,100.0,0.275,-4.104,4388,0.82,-99.45,0.0,-99.96,0.0,-92.82
BTC-USDT-SWAP,30m,4H,0.004,0.03,0.01,148.0,0.0,-100.0,599,184,415,30.718,100.0,0.302,-4.104,4388,0.72,-99.51,0.0,-99.97,0.0,-94.97
BTC-USDT-SWAP,30m,4H,0.004,0.03,0.015,148.0,0.0,-100.0,599,191,408,31.886,100.0,0.308,-4.104,4388,0.35,-99.76,0.0,-99.98,0.0,-87.9
BTC-USDT-SWAP,30m,4H,0.004,0.03,0.02,148.0,0.0,-100.0,599,194,405,32.387,100.0,0.296,-4.104,4388,0.23,-99.84,0.0,-99.98,0.0,-91.56
BTC-USDT-SWAP,30m,4H,0.004,0.03,0.025,148.0,0.0,-100.0,599,194,405,32.387,100.0,0.302,-4.104,4388,0.2,-99.87,0.0,-99.99,0.0,-92.96
BTC-USDT-SWAP,30m,4H,0.004,0.03,0.03,148.0,0.0,-100.0,599,194,405,32.387,100.0,0.312,-4.104,4388,0.33,-99.78,0.0,-99.99,0.0,-93.13
BTC-USDT-SWAP,30m,4H,0.005,0.004,0.005,148.0,4.045,-97.267,508,341,167,67.126,97.439,0.561,-3.992,4388,43.15,-70.85,10.84,-74.87,4.05,-62.69
BTC-USDT-SWAP,30m,4H,0.005,0.004,0.008,148.0,78.555,-46.923,508,394,114,77.559,74.989,0.935,-1.926,4388,252.24,70.43,125.3,-50.32,78.55,-37.31
BTC-USDT-SWAP,30m,4H,0.005,0.004,0.01,148.0,120.481,-18.594,508,406,102,79.921,76.548,0.98,-0.763,4388,368.3,148.85,173.02,-53.02,120.48,-30.36
BTC-USDT-SWAP,30m,4H,0.005,0.004,0.015,148.0,1397.053,843.955,508,430,78,84.646,71.46,1.233,34.636,4388,1006.56,580.11,1197.42,18.96,1397.05,16.67
BTC-USDT-SWAP,30m,4H,0.005,0.004,0.02,148.0,3883.193,2523.779,508,436,72,85.827,40.979,1.359,103.575,4388,913.38,517.15,3390.03,271.15,3883.19,14.55
BTC-USDT-SWAP,30m,4H,0.005,0.004,0.025,148.0,8709.825,5785.017,508,440,68,86.614,47.32,1.4,237.415,4388,1561.94,955.36,7094.93,354.24,8709.83,22.76
BTC-USDT-SWAP,30m,4H,0.005,0.004,0.03,148.0,21486.096,14417.633,508,443,65,87.205,32.799,1.865,591.695,4388,1561.94,955.36,9913.47,534.69,21486.1,116.74
BTC-USDT-SWAP,30m,4H,0.005,0.006,0.005,148.0,5.741,-96.121,508,275,233,54.134,96.166,0.72,-3.945,4388,60.55,-59.09,9.67,-84.04,5.74,-40.61
BTC-USDT-SWAP,30m,4H,0.005,0.006,0.008,148.0,63.718,-56.948,508,318,190,62.598,81.936,0.946,-2.337,4388,269.68,82.22,75.07,-72.16,63.72,-15.12
BTC-USDT-SWAP,30m,4H,0.005,0.006,0.01,148.0,77.405,-47.699,508,328,180,64.567,88.277,0.962,-1.958,4388,380.93,157.39,76.02,-80.04,77.4,1.82
BTC-USDT-SWAP,30m,4H,0.005,0.006,0.015,148.0,867.899,486.419,508,348,160,68.504,75.135,1.098,19.962,4388,1049.26,608.96,571.69,-45.52,867.9,51.81
BTC-USDT-SWAP,30m,4H,0.005,0.006,0.02,148.0,2487.06,1580.446,508,354,154,69.685,56.288,1.163,64.861,4388,1004.14,578.47,1662.78,65.59,2487.06,49.57
BTC-USDT-SWAP,30m,4H,0.005,0.006,0.025,148.0,5277.96,3466.189,508,358,150,70.472,59.101,1.174,142.251,4388,1785.14,1106.17,3229.29,80.9,5277.96,63.44
BTC-USDT-SWAP,30m,4H,0.005,0.006,0.03,148.0,11975.898,7991.823,508,360,148,70.866,56.721,1.293,327.982,4388,1785.14,1106.17,4533.52,153.96,11975.9,164.16
BTC-USDT-SWAP,30m,4H,0.005,0.008,0.005,148.0,1.327,-99.103,508,225,283,44.291,99.18,0.678,-4.067,4388,39.67,-73.19,2.17,-94.52,1.33,-38.93
BTC-USDT-SWAP,30m,4H,0.005,0.008,0.008,148.0,34.219,-76.879,508,271,237,53.346,85.674,0.912,-3.155,4388,157.19,6.21,35.9,-77.16,34.22,-4.69
BTC-USDT-SWAP,30m,4H,0.005,0.008,0.01,148.0,40.301,-72.769,508,278,230,54.724,88.194,0.926,-2.986,4388,193.36,30.65,38.24,-80.22,40.3,5.4
BTC-USDT-SWAP,30m,4H,0.005,0.008,0.015,148.0,283.368,91.465,508,295,213,58.071,80.266,1.035,3.754,4388,494.88,234.38,177.69,-64.09,283.37,59.47
BTC-USDT-SWAP,30m,4H,0.005,0.008,0.02,148.0,1039.736,602.524,508,302,206,59.449,73.846,1.104,24.727,4388,423.96,186.46,704.34,66.13,1039.74,47.62
BTC-USDT-SWAP,30m,4H,0.005,0.008,0.025,148.0,1509.976,920.254,508,305,203,60.039,75.599,1.108,37.767,4388,530.66,258.55,981.6,84.98,1509.98,53.83
BTC-USDT-SWAP,30m,4H,0.005,0.008,0.03,148.0,5532.089,3637.898,508,308,200,60.63,74.597,1.189,149.298,4388,885.71,498.46,2344.29,164.68,5532.09,135.98
BTC-USDT-SWAP,30m,4H,0.005,0.01,0.005,148.0,0.121,-99.918,508,189,319,37.205,99.93,0.618,-4.101,4388,16.63,-88.77,0.26,-98.42,0.12,-53.79
BTC-USDT-SWAP,30m,4H,0.005,0.01,0.008,148.0,1.082,-99.269,508,227,281,44.685,99.409,0.793,-4.074,4388,52.88,-64.27,2.91,-94.5,1.08,-62.79
BTC-USDT-SWAP,30m,4H,0.005,0.01,0.01,148.0,1.28,-99.135,508,234,274,46.063,99.431,0.826,-4.068,4388,68.21,-53.91,3.06,-95.52,1.28,-58.16
BTC-USDT-SWAP,30m,4H,0.005,0.01,0.015,148.0,7.954,-94.626,508,249,259,49.016,98.438,0.918,-3.883,4388,180.69,22.09,14.38,-92.04,7.95,-44.7
BTC-USDT-SWAP,30m,4H,0.005,0.01,0.02,148.0,27.648,-81.319,508,255,253,50.197,95.743,0.955,-3.337,4388,153.27,3.56,56.44,-63.18,27.65,-51.01
BTC-USDT-SWAP,30m,4H,0.005,0.01,0.025,148.0,34.636,-76.597,508,257,251,50.591,95.869,0.963,-3.144,4388,152.69,3.17,66.59,-56.39,34.64,-47.99
BTC-USDT-SWAP,30m,4H,0.005,0.01,0.03,148.0,83.75,-43.412,508,259,249,50.984,95.401,0.985,-1.782,4388,225.18,52.15,103.02,-54.25,83.75,-18.71
BTC-USDT-SWAP,30m,4H,0.005,0.012,0.005,148.0,0.018,-99.988,508,169,339,33.268,99.991,0.551,-4.103,4388,6.91,-95.33,0.06,-99.18,0.02,-67.81
BTC-USDT-SWAP,30m,4H,0.005,0.012,0.008,148.0,0.121,-99.918,508,204,304,40.157,99.941,0.727,-4.101,4388,24.32,-83.57,0.52,-97.86,0.12,-76.79
BTC-USDT-SWAP,30m,4H,0.005,0.012,0.01,148.0,0.081,-99.945,508,208,300,40.945,99.968,0.738,-4.102,4388,22.13,-85.04,0.33,-98.53,0.08,-75.16
BTC-USDT-SWAP,30m,4H,0.005,0.012,0.015,148.0,0.2,-99.865,508,219,289,43.11,99.94,0.754,-4.098,4388,20.14,-86.39,0.51,-97.46,0.2,-60.99
BTC-USDT-SWAP,30m,4H,0.005,0.012,0.02,148.0,0.307,-99.792,508,223,285,43.898,99.907,0.759,-4.095,4388,18.17,-87.72,0.95,-94.79,0.31,-67.54
BTC-USDT-SWAP,30m,4H,0.005,0.012,0.025,148.0,0.27,-99.818,508,224,284,44.094,99.919,0.752,-4.096,4388,14.83,-89.98,1.0,-93.24,0.27,-73.11
BTC-USDT-SWAP,30m,4H,0.005,0.012,0.03,148.0,0.732,-99.506,508,226,282,44.488,99.779,0.79,-4.084,4388,27.45,-81.45,1.77,-93.56,0.73,-58.59
BTC-USDT-SWAP,30m,4H,0.005,0.015,0.005,148.0,0.001,-99.999,508,148,360,29.134,99.999,0.454,-4.104,4388,3.13,-97.88,0.01,-99.67,0.0,-87.07
BTC-USDT-SWAP,30m,4H,0.005,0.015,0.008,148.0,0.003,-99.998,508,177,331,34.843,99.998,0.603,-4.104,4388,6.04,-95.92,0.03,-99.44,0.0,-91.61
BTC-USDT-SWAP,30m,4H,0.005,0.015,0.01,148.0,0.002,-99.999,508,182,326,35.827,99.999,0.647,-4.104,4388,6.34,-95.72,0.03,-99.6,0.0,-93.45
BTC-USDT-SWAP,30m,4H,0.005,0.015,0.015,148.0,0.003,-99.998,508,192,316,37.795,99.998,0.652,-4.104,4388,4.77,-96.78,0.02,-99.53,0.0,-84.82
BTC-USDT-SWAP,30m,4H,0.005,0.015,0.02,148.0,0.003,-99.998,508,195,313,38.386,99.999,0.654,-4.104,4388,3.97,-97.32,0.02,-99.41,0.0,-87.79
BTC-USDT-SWAP,30m,4H,0.005,0.015,0.025,148.0,0.001,-99.999,508,195,313,38.386,99.999,0.652,-4.104,4388,3.03,-97.95,0.01,-99.61,0.0,-90.53
BTC-USDT-SWAP,30m,4H,0.005,0.015,0.03,148.0,0.002,-99.998,508,196,312,38.583,99.999,0.662,-4.104,4388,5.37,-96.37,0.02,-99.64,0.0,-87.44
BTC-USDT-SWAP,30m,4H,0.005,0.02,0.005,148.0,0.0,-100.0,508,135,373,26.575,100.0,0.339,-4.104,4388,1.56,-98.94,0.0,-99.9,0.0,-92.08
BTC-USDT-SWAP,30m,4H,0.005,0.02,0.008,148.0,0.0,-100.0,508,161,347,31.693,100.0,0.444,-4.104,4388,2.29,-98.46,0.0,-99.88,0.0,-94.44
BTC-USDT-SWAP,30m,4H,0.005,0.02,0.01,148.0,0.0,-100.0,508,166,342,32.677,100.0,0.517,-4.104,4388,2.41,-98.37,0.0,-99.92,0.0,-95.56
BTC-USDT-SWAP,30m,4H,0.005,0.02,0.015,148.0,0.0,-100.0,508,174,334,34.252,100.0,0.559,-4.104,4388,2.29,-98.45,0.0,-99.92,0.0,-90.51
BTC-USDT-SWAP,30m,4H,0.005,0.02,0.02,148.0,0.0,-100.0,508,177,331,34.843,100.0,0.563,-4.104,4388,2.17,-98.53,0.0,-99.91,0.0,-92.37
BTC-USDT-SWAP,30m,4H,0.005,0.02,0.025,148.0,0.0,-100.0,508,177,331,34.843,100.0,0.562,-4.104,4388,1.66,-98.88,0.0,-99.94,0.0,-94.08
BTC-USDT-SWAP,30m,4H,0.005,0.02,0.03,148.0,0.0,-100.0,508,178,330,35.039,100.0,0.571,-4.104,4388,3.06,-97.93,0.0,-99.94,0.0,-92.15
BTC-USDT-SWAP,30m,4H,0.005,0.03,0.005,148.0,0.0,-100.0,508,131,377,25.787,100.0,0.332,-4.104,4388,1.56,-98.95,0.0,-99.93,0.0,-94.93
BTC-USDT-SWAP,30m,4H,0.005,0.03,0.008,148.0,0.0,-100.0,508,156,352,30.709,100.0,0.376,-4.104,4388,1.83,-98.76,0.0,-99.91,0.0,-95.17
BTC-USDT-SWAP,30m,4H,0.005,0.03,0.01,148.0,0.0,-100.0,508,161,347,31.693,100.0,0.391,-4.104,4388,1.66,-98.88,0.0,-99.94,0.0,-96.14
BTC-USDT-SWAP,30m,4H,0.005,0.03,0.015,148.0,0.0,-100.0,508,168,340,33.071,100.0,0.366,-4.104,4388,0.73,-99.51,0.0,-99.94,0.0,-91.83
BTC-USDT-SWAP,30m,4H,0.005,0.03,0.02,148.0,0.0,-100.0,508,170,338,33.465,100.0,0.362,-4.104,4388,0.57,-99.61,0.0,-99.95,0.0,-93.43
BTC-USDT-SWAP,30m,4H,0.005,0.03,0.025,148.0,0.0,-100.0,508,170,338,33.465,100.0,0.368,-4.104,4388,0.48,-99.68,0.0,-99.96,0.0,-94.91
BTC-USDT-SWAP,30m,4H,0.005,0.03,0.03,148.0,0.0,-100.0,508,171,337,33.661,100.0,0.381,-4.104,4388,0.86,-99.42,0.0,-99.97,0.0,-93.24
BTC-USDT-SWAP,30m,4H,0.007,0.004,0.005,148.0,12.86,-91.311,374,258,116,68.984,92.18,0.703,-3.747,4388,116.57,-21.23,19.47,-83.3,12.86,-33.95
BTC-USDT-SWAP,30m,4H,0.007,0.004,0.008,148.0,50.155,-66.111,374,292,82,78.075,85.101,0.863,-2.713,4388,236.85,60.03,49.95,-78.91,50.16,0.41
BTC-USDT-SWAP,30m,4H,0.007,0.004,0.01,148.0,217.371,46.872,374,310,64,82.888,75.116,1.071,1.924,4388,305.15,106.18,103.16,-66.19,217.37,110.71
BTC-USDT-SWAP,30m,4H,0.007,0.004,0.015,148.0,2983.412,1915.819,374,330,44,88.235,39.251,1.882,78.625,4388,638.87,331.67,1246.06,95.04,2983.41,139.43
BTC-USDT-SWAP,30m,4H,0.007,0.004,0.02,148.0,2915.746,1870.098,374,332,42,88.77,39.251,1.728,76.748,4388,692.97,368.22,1467.33,111.74,2915.75,98.71
BTC-USDT-SWAP,30m,4H,0.007,0.004,0.025,148.0,6989.67,4622.75,374,336,38,89.84,39.251,1.929,189.716,4388,1185.02,700.69,3070.95,159.15,6989.67,127.61
BTC-USDT-SWAP,30m,4H,0.007,0.004,0.03,148.0,18740.213,12562.306,374,339,35,90.642,39.251,4.003,515.553,4388,1185.02,700.69,4290.91,262.1,18740.21,336.74
BTC-USDT-SWAP,30m,4H,0.007,0.006,0.005,148.0,37.015,-74.99,374,217,157,58.021,85.542,0.903,-3.078,4388,245.68,66.0,54.76,-77.71,37.02,-32.41
BTC-USDT-SWAP,30m,4H,0.007,0.006,0.008,148.0,158.503,7.096,374,246,128,65.775,84.814,1.004,0.291,4388,683.28,361.68,160.98,-76.44,158.5,-1.54
BTC-USDT-SWAP,30m,4H,0.007,0.006,0.01,148.0,624.246,321.788,374,262,112,70.053,81.218,1.11,13.206,4388,909.46,514.5,326.05,-64.15,624.25,91.46
BTC-USDT-SWAP,30m,4H,0.007,0.006,0.015,148.0,8015.775,5316.064,374,279,95,74.599,54.443,1.383,218.17,4388,1761.22,1090.01,4046.57,129.76,8015.77,98.09
BTC-USDT-SWAP,30m,4H,0.007,0.006,0.02,148.0,7114.138,4706.85,374,281,93,75.134,54.443,1.331,193.168,4388,1830.06,1136.53,4372.91,138.95,7114.14,62.69
BTC-USDT-SWAP,30m,4H,0.007,0.006,0.025,148.0,10553.664,7030.854,374,284,90,75.936,54.443,1.368,288.544,4388,2127.93,1337.79,5936.67,178.99,10553.66,77.77
BTC-USDT-SWAP,30m,4H,0.007,0.006,0.03,148.0,25691.361,17259.028,374,287,87,76.738,54.443,1.778,708.305,4388,2328.95,1473.61,8620.05,270.13,25691.36,198.04
BTC-USDT-SWAP,30m,4H,0.007,0.008,0.005,148.0,10.559,-92.866,374,168,206,44.92,94.062,0.816,-3.811,4388,119.72,-19.11,18.56,-84.5,10.56,-43.11
BTC-USDT-SWAP,30m,4H,0.007,0.008,0.008,148.0,34.659,-76.581,374,194,180,51.872,91.036,0.921,-3.143,4388,278.34,88.07,37.74,-86.44,34.66,-8.17
BTC-USDT-SWAP,30m,4H,0.007,0.008,0.01,148.0,107.729,-27.21,374,206,168,55.08,89.49,0.983,-1.117,4388,432.58,192.29,78.93,-81.75,107.73,36.49
BTC-USDT-SWAP,30m,4H,0.007,0.008,0.015,148.0,1421.818,860.688,374,222,152,59.358,67.32,1.146,35.322,4388,732.76,395.11,1018.84,39.04,1421.82,39.55
BTC-USDT-SWAP,30m,4H,0.007,0.008,0.02,148.0,1243.662,740.312,374,224,150,59.893,73.715,1.115,30.382,4388,806.78,445.12,1056.06,30.9,1243.66,17.76
BTC-USDT-SWAP,30m,4H,0.007,0.008,0.025,148.0,1857.326,1154.95,374,227,147,60.695,77.319,1.135,47.399,4388,956.14,546.04,1416.1,48.11,1857.33,31.16
BTC-USDT-SWAP,30m,4H,0.007,0.008,0.03,148.0,4311.307,2813.045,374,229,145,61.23,75.5,1.24,115.446,4388,1046.46,607.07,1951.58,86.49,4311.31,120.91
BTC-USDT-SWAP,30m,4H,0.007,0.01,0.005,148.0,12.611,-91.479,374,155,219,41.444,93.016,0.824,-3.754,4388,95.85,-35.24,21.07,-78.02,12.61,-40.14
BTC-USDT-SWAP,30m,4H,0.007,0.01,0.008,148.0,24.976,-83.125,374,176,198,47.059,91.649,0.88,-3.411,4388,127.91,-13.57,28.48,-77.73,24.98,-12.31
BTC-USDT-SWAP,30m,4H,0.007,0.01,0.01,148.0,68.528,-53.698,374,187,187,50.0,87.104,0.948,-2.204,4388,191.39,29.31,50.98,-73.36,68.53,34.42
BTC-USDT-SWAP,30m,4H,0.007,0.01,0.015,148.0,762.976,415.524,374,201,173,53.743,68.16,1.124,17.053,4388,360.38,143.5,577.8,60.33,762.98,32.05
BTC-USDT-SWAP,30m,4H,0.007,0.01,0.02,148.0,887.457,499.633,374,204,170,54.545,72.653,1.106,20.505,4388,389.47,163.15,847.67,117.65,887.46,4.69
BTC-USDT-SWAP,30m,4H,0.007,0.01,0.025,148.0,917.24,519.757,374,206,168,55.08,74.414,1.111,21.331,4388,328.88,122.22,825.18,150.91,917.24,11.16
BTC-USDT-SWAP,30m,4H,0.007,0.01,0.03,148.0,3049.124,1960.219,374,209,165,55.882,74.263,1.21,80.447,4388,533.24,260.3,1716.49,221.9,3049.12,77.64
BTC-USDT-SWAP,30m,4H,0.007,0.012,0.005,148.0,2.365,-98.402,374,134,240,35.829,98.734,0.756,-4.038,4388,50.9,-65.61,4.21,-91.73,2.37,-43.8
BTC-USDT-SWAP,30m,4H,0.007,0.012,0.008,148.0,3.163,-97.863,374,153,221,40.909,98.629,0.83,-4.016,4388,72.68,-50.89,5.96,-91.79,3.16,-46.96
BTC-USDT-SWAP,30m,4H,0.007,0.012,0.01,148.0,8.779,-94.068,374,164,210,43.85,97.44,0.891,-3.861,4388,111.8,-24.46,12.59,-88.74,8.78,-30.28
BTC-USDT-SWAP,30m,4H,0.007,0.012,0.015,148.0,76.825,-48.091,374,177,197,47.326,84.88,0.972,-1.974,4388,197.8,33.65,113.38,-42.68,76.83,-32.24
BTC-USDT-SWAP,30m,4H,0.007,0.012,0.02,148.0,69.477,-53.056,374,178,196,47.594,90.371,0.973,-2.177,4388,171.89,16.14,131.78,-23.34,69.48,-47.28
BTC-USDT-SWAP,30m,4H,0.007,0.012,0.025,148.0,65.214,-55.936,374,180,194,48.128,90.1,0.968,-2.296,4388,127.07,-14.14,114.38,-9.98,65.21,-42.98
BTC-USDT-SWAP,30m,4H,0.007,0.012,0.03,148.0,143.991,-2.709,374,182,192,48.663,89.399,0.999,-0.111,4388,181.98,22.96,155.16,-14.74,143.99,-7.2
BTC-USDT-SWAP,30m,4H,0.007,0.015,0.005,148.0,0.276,-99.814,374,118,256,31.551,99.861,0.697,-4.096,4388,37.19,-74.87,1.11,-97.01,0.28,-75.21
BTC-USDT-SWAP,30m,4H,0.007,0.015,0.008,148.0,0.161,-99.891,374,134,240,35.829,99.935,0.763,-4.099,4388,37.87,-74.41,0.79,-97.91,0.16,-79.61
BTC-USDT-SWAP,30m,4H,0.007,0.015,0.01,148.0,0.267,-99.819,374,142,232,37.968,99.911,0.796,-4.097,4388,38.33,-74.1,0.85,-97.78,0.27,-68.52
BTC-USDT-SWAP,30m,4H,0.007,0.015,0.015,148.0,0.617,-99.583,374,151,223,40.374,99.783,0.792,-4.087,4388,44.14,-70.18,1.65,-96.26,0.62,-62.64
BTC-USDT-SWAP,30m,4H,0.007,0.015,0.02,148.0,0.243,-99.836,374,152,222,40.642,99.919,0.768,-4.097,4388,31.81,-78.51,0.89,-97.21,0.24,-72.69
BTC-USDT-SWAP,30m,4H,0.007,0.015,0.025,148.0,0.182,-99.877,374,153,221,40.909,99.939,0.766,-4.099,4388,24.49,-83.46,0.79,-96.79,0.18,-76.87
BTC-USDT-SWAP,30m,4H,0.007,0.015,0.03,148.0,0.41,-99.723,374,155,219,41.444,99.863,0.781,-4.093,4388,37.65,-74.56,1.07,-97.17,0.41,-61.55
BTC-USDT-SWAP,30m,4H,0.007,0.02,0.005,148.0,0.051,-99.966,374,107,267,28.61,99.966,0.462,-4.103,4388,13.92,-90.59,0.27,-98.08,0.05,-80.92
BTC-USDT-SWAP,30m,4H,0.007,0.02,0.008,148.0,0.021,-99.986,374,123,251,32.888,99.986,0.567,-4.103,4388,12.07,-91.85,0.16,-98.67,0.02,-86.85
BTC-USDT-SWAP,30m,4H,0.007,0.02,0.01,148.0,0.055,-99.963,374,133,241,35.561,99.974,0.629,-4.102,4388,12.07,-91.85,0.2,-98.31,0.06,-72.79
BTC-USDT-SWAP,30m,4H,0.007,0.02,0.015,148.0,0.09,-99.939,374,140,234,37.433,99.955,0.635,-4.101,4388,14.73,-90.05,0.33,-97.73,0.09,-73.13
BTC-USDT-SWAP,30m,4H,0.007,0.02,0.02,148.0,0.031,-99.979,374,141,233,37.701,99.985,0.613,-4.103,4388,10.67,-92.79,0.17,-98.41,0.03,-81.54
BTC-USDT-SWAP,30m,4H,0.007,0.02,0.025,148.0,0.017,-99.989,374,141,233,37.701,99.992,0.612,-4.103,4388,8.21,-94.45,0.12,-98.59,0.02,-85.38
BTC-USDT-SWAP,30m,4H,0.007,0.02,0.03,148.0,0.035,-99.976,374,142,232,37.968,99.983,0.63,-4.103,4388,13.19,-91.09,0.16,-98.75,0.04,-78.62
BTC-USDT-SWAP,30m,4H,0.007,0.03,0.005,148.0,0.038,-99.975,374,104,270,27.807,99.975,0.409,-4.103,4388,13.09,-91.16,0.26,-98.0,0.04,-85.68
BTC-USDT-SWAP,30m,4H,0.007,0.03,0.008,148.0,0.008,-99.994,374,118,256,31.551,99.994,0.462,-4.104,4388,10.11,-93.17,0.08,-99.16,0.01,-90.13
BTC-USDT-SWAP,30m,4H,0.007,0.03,0.01,148.0,0.012,-99.992,374,126,248,33.69,99.994,0.463,-4.104,4388,7.52,-94.92,0.06,-99.24,0.01,-79.53
BTC-USDT-SWAP,30m,4H,0.007,0.03,0.015,148.0,0.012,-99.992,374,132,242,35.294,99.993,0.447,-4.104,4388,6.06,-95.9,0.06,-98.99,0.01,-79.79
BTC-USDT-SWAP,30m,4H,0.007,0.03,0.02,148.0,0.004,-99.997,374,133,241,35.561,99.998,0.438,-4.104,4388,4.73,-96.8,0.03,-99.37,0.0,-86.12
BTC-USDT-SWAP,30m,4H,0.007,0.03,0.025,148.0,0.002,-99.998,374,133,241,35.561,99.999,0.439,-4.104,4388,3.66,-97.53,0.02,-99.38,0.0,-89.0
BTC-USDT-SWAP,30m,4H,0.007,0.03,0.03,148.0,0.005,-99.997,374,134,240,35.829,99.998,0.446,-4.104,4388,5.11,-96.54,0.03,-99.44,0.0,-83.92
BTC-USDT-SWAP,30m,4H,0.01,0.004,0.005,148.0,21.649,-85.373,245,169,76,68.98,86.398,0.646,-3.504,4388,104.8,-29.19,44.59,-57.45,21.65,-51.45
BTC-USDT-SWAP,30m,4H,0.01,0.004,0.008,148.0,193.133,30.495,245,204,41,83.265,53.072,1.071,1.252,4388,215.53,45.63,165.73,-23.1,193.13,16.53
BTC-USDT-SWAP,30m,4H,0.01,0.004,0.01,148.0,299.701,102.501,245,212,33,86.531,56.554,1.181,4.207,4388,274.17,85.25,301.02,9.79,299.7,-0.44
BTC-USDT-SWAP,30m,4H,0.01,0.004,0.015,148.0,495.411,234.737,245,221,24,90.204,52.543,1.31,9.634,4388,237.2,60.27,546.37,130.34,495.41,-9.33
BTC-USDT-SWAP,30m,4H,0.01,0.004,0.02,148.0,2181.035,1373.672,245,230,15,93.878,46.763,1.731,56.375,4388,508.42,243.52,2510.15,393.72,2181.03,-13.11
BTC-USDT-SWAP,30m,4H,0.01,0.004,0.025,148.0,5585.043,3673.678,245,234,11,95.51,42.554,2.565,150.767,4388,664.85,349.22,4292.5,545.63,5585.04,30.11
BTC-USDT-SWAP,30m,4H,0.01,0.004,0.03,148.0,4823.326,3159.004,245,234,11,95.51,50.389,2.24,129.644,4388,664.85,349.22,4292.5,545.63,4823.33,12.37
BTC-USDT-SWAP,30m,4H,0.01,0.006,0.005,148.0,87.483,-40.89,245,147,98,60.0,57.233,0.92,-1.678,4388,166.63,12.59,120.93,-27.43,87.48,-27.66
BTC-USDT-SWAP,30m,4H,0.01,0.006,0.008,148.0,1801.116,1116.97,245,183,62,74.694,38.908,1.721,45.84,4388,362.94,145.23,722.15,98.97,1801.12,149.41
BTC-USDT-SWAP,30m,4H,0.01,0.006,0.01,148.0,2353.93,1490.493,245,188,57,76.735,41.066,1.682,61.169,4388,451.06,204.77,1104.67,144.9,2353.93,113.09
BTC-USDT-SWAP,30m,4H,0.01,0.006,0.015,148.0,2968.032,1905.427,245,195,50,79.592,42.542,1.755,78.198,4388,298.36,101.6,1499.99,402.74,2968.03,97.87
BTC-USDT-SWAP,30m,4H,0.01,0.006,0.02,148.0,9998.414,6655.685,245,202,43,82.449,42.559,1.963,273.147,4388,543.09,266.95,5171.68,852.27,9998.41,93.33
BTC-USDT-SWAP,30m,4H,0.01,0.006,0.025,148.0,26476.161,17789.298,245,206,39,84.082,40.378,2.721,730.067,4388,824.18,456.88,10464.61,1169.69,26476.16,153.01
BTC-USDT-SWAP,30m,4H,0.01,0.006,0.03,148.0,24218.716,16263.997,245,206,39,84.082,48.51,2.467,667.469,4388,824.18,456.88,10464.61,1169.69,24218.72,131.43
BTC-USDT-SWAP,30m,4H,0.01,0.008,0.005,148.0,72.178,-51.231,245,125,120,51.02,68.725,0.921,-2.103,4388,182.83,23.53,102.46,-43.96,72.18,-29.55
BTC-USDT-SWAP,30m,4H,0.01,0.008,0.008,148.0,1130.408,663.789,245,154,91,62.857,41.112,1.32,27.242,4388,332.12,124.41,579.88,74.6,1130.41,94.94
BTC-USDT-SWAP,30m,4H,0.01,0.008,0.01,148.0,1540.427,940.829,245,160,85,65.306,42.39,1.301,38.611,4388,450.62,204.47,967.57,114.72,1540.43,59.21
BTC-USDT-SWAP,30m,4H,0.01,0.008,0.015,148.0,3256.17,2100.115,245,168,77,68.571,43.526,1.382,86.188,4388,366.01,147.3,2283.41,523.87,3256.17,42.6
BTC-USDT-SWAP,30m,4H,0.01,0.008,0.02,148.0,8631.931,5732.385,245,174,71,71.02,40.62,1.426,235.255,4388,705.4,376.62,6469.6,817.15,8631.93,33.42
BTC-USDT-SWAP,30m,4H,0.01,0.008,0.025,148.0,25185.429,16917.182,245,178,67,72.653,35.394,1.823,694.276,4388,1091.09,637.22,12724.11,1066.18,25185.43,97.93
BTC-USDT-SWAP,30m,4H,0.01,0.008,0.03,148.0,24399.002,16385.812,245,178,67,72.653,42.363,1.742,672.468,4388,1091.09,637.22,13603.93,1146.82,24399.0,79.35
BTC-USDT-SWAP,30m,4H,0.01,0.01,0.005,148.0,23.826,-83.902,245,106,139,43.265,86.308,0.841,-3.443,4388,148.73,0.49,46.31,-68.87,23.83,-48.55
BTC-USDT-SWAP,30m,4H,0.01,0.01,0.008,148.0,306.253,106.928,245,131,114,53.469,63.853,1.076,4.388,4388,270.78,82.96,230.98,-14.7,306.25,32.59
BTC-USDT-SWAP,30m,4H,0.01,0.01,0.01,148.0,418.489,182.763,245,137,108,55.918,63.73,1.09,7.501,4388,364.57,146.33,380.56,4.39,418.49,9.97
BTC-USDT-SWAP,30m,4H,0.01,0.01,0.015,148.0,623.709,321.425,245,144,101,58.776,68.38,1.128,13.191,4388,272.11,83.86,631.32,132.0,623.71,-1.2
BTC-USDT-SWAP,30m,4H,0.01,0.01,0.02,148.0,1187.53,702.385,245,149,96,60.816,69.236,1.134,28.826,4388,596.85,303.27,1260.91,111.26,1187.53,-5.82
BTC-USDT-SWAP,30m,4H,0.01,0.01,0.025,148.0,2292.903,1449.259,245,152,93,62.041,63.175,1.227,59.477,4388,633.16,327.81,1497.71,136.54,2292.9,53.09
BTC-USDT-SWAP,30m,4H,0.01,0.01,0.03,148.0,2505.099,1592.635,245,153,92,62.449,53.401,1.259,65.361,4388,589.62,298.39,1894.72,221.35,2505.1,32.21
BTC-USDT-SWAP,30m,4H,0.01,0.012,0.005,148.0,29.49,-80.074,245,101,144,41.224,85.895,0.871,-3.286,4388,174.03,17.59,54.34,-68.78,29.49,-45.73
BTC-USDT-SWAP,30m,4H,0.01,0.012,0.008,148.0,381.455,157.74,245,125,120,51.02,59.71,1.099,6.474,4388,302.26,104.23,252.29,-16.53,381.46,51.2
BTC-USDT-SWAP,30m,4H,0.01,0.012,0.01,148.0,587.572,297.008,245,131,114,53.469,61.435,1.117,12.189,4388,412.75,178.89,468.56,13.52,587.57,25.4
BTC-USDT-SWAP,30m,4H,0.01,0.012,0.015,148.0,922.828,523.532,245,138,107,56.327,66.252,1.161,21.486,4388,308.39,108.37,819.12,165.61,922.83,12.66
BTC-USDT-SWAP,30m,4H,0.01,0.012,0.02,148.0,1181.624,698.395,245,142,103,57.959,68.579,1.146,28.662,4388,466.72,215.35,1080.22,131.45,1181.62,9.39
BTC-USDT-SWAP,30m,4H,0.01,0.012,0.025,148.0,2833.3,1814.392,245,145,100,59.184,68.11,1.23,74.462,4388,699.02,372.31,1798.57,157.3,2833.3,57.53
BTC-USDT-SWAP,30m,4H,0.01,0.012,0.03,148.0,3095.508,1991.559,245,146,99,59.592,59.645,1.263,81.733,4388,650.95,339.83,2275.34,249.54,3095.51,36.05
BTC-USDT-SWAP,30m,4H,0.01,0.015,0.005,148.0,4.509,-96.953,245,84,161,34.286,97.345,0.731,-3.979,4388,82.89,-43.99,16.36,-80.27,4.51,-72.43
BTC-USDT-SWAP,30m,4H,0.01,0.015,0.008,148.0,32.826,-77.821,245,106,139,43.265,90.63,0.886,-3.194,4388,149.13,0.76,53.99,-63.8,32.83,-39.2
BTC-USDT-SWAP,30m,4H,0.01,0.015,0.01,148.0,38.126,-74.239,245,111,134,45.306,89.309,0.911,-3.047,4388,200.85,35.71,74.34,-62.99,38.13,-48.71
BTC-USDT-SWAP,30m,4H,0.01,0.015,0.015,148.0,83.456,-43.611,245,119,126,48.571,79.364,0.964,-1.79,4388,169.52,14.54,188.68,11.3,83.46,-55.77
BTC-USDT-SWAP,30m,4H,0.01,0.015,0.02,148.0,79.326,-46.401,245,122,123,49.796,83.36,0.964,-1.904,4388,170.26,15.04,179.8,5.61,79.33,-55.88
BTC-USDT-SWAP,30m,4H,0.01,0.015,0.025,148.0,123.708,-16.413,245,124,121,50.612,77.835,0.989,-0.674,4388,229.35,54.96,189.54,-17.36,123.71,-34.73
BTC-USDT-SWAP,30m,4H,0.01,0.015,0.03,148.0,112.439,-24.028,245,125,120,51.02,73.88,0.981,-0.986,4388,190.8,28.92,199.48,4.55,112.44,-43.63
BTC-USDT-SWAP,30m,4H,0.01,0.02,0.005,148.0,0.956,-99.354,245,74,171,30.204,99.504,0.664,-4.077,4388,49.13,-66.8,4.73,-90.38,0.96,-79.77
BTC-USDT-SWAP,30m,4H,0.01,0.02,0.008,148.0,3.096,-97.908,245,93,152,37.959,98.557,0.693,-4.018,4388,38.78,-73.8,5.78,-85.1,3.1,-46.4
BTC-USDT-SWAP,30m,4H,0.01,0.02,0.01,148.0,2.369,-98.399,245,97,148,39.592,98.887,0.681,-4.038,4388,38.22,-74.18,5.36,-85.98,2.37,-55.79
BTC-USDT-SWAP,30m,4H,0.01,0.02,0.015,148.0,1.892,-98.722,245,103,142,42.041,99.135,0.682,-4.051,4388,33.6,-77.3,5.26,-84.34,1.89,-64.05
BTC-USDT-SWAP,30m,4H,0.01,0.02,0.02,148.0,0.736,-99.503,245,104,141,42.449,99.666,0.661,-4.084,4388,27.99,-81.09,2.6,-90.72,0.74,-71.66
BTC-USDT-SWAP,30m,4H,0.01,0.02,0.025,148.0,1.339,-99.095,245,105,140,42.857,99.393,0.709,-4.067,4388,47.83,-67.69,3.62,-92.43,1.34,-63.02
BTC-USDT-SWAP,30m,4H,0.01,0.02,0.03,148.0,1.495,-98.99,245,106,139,43.265,99.322,0.693,-4.063,4388,39.79,-73.12,4.68,-88.23,1.49,-68.07
BTC-USDT-SWAP,30m,4H,0.01,0.03,0.005,148.0,0.866,-99.415,245,72,173,29.388,99.415,0.586,-4.08,4388,39.69,-73.18,3.83,-90.35,0.87,-77.39
BTC-USDT-SWAP,30m,4H,0.01,0.03,0.008,148.0,1.783,-98.795,245,90,155,36.735,99.01,0.568,-4.055,4388,26.66,-81.99,3.09,-88.4,1.78,-42.35
BTC-USDT-SWAP,30m,4H,0.01,0.03,0.01,148.0,0.704,-99.524,245,92,153,37.551,99.6,0.52,-4.084,4388,19.09,-87.1,1.48,-92.24,0.7,-52.45
BTC-USDT-SWAP,30m,4H,0.01,0.03,0.015,148.0,0.494,-99.666,245,98,147,40.0,99.731,0.508,-4.09,4388,14.93,-89.91,1.28,-91.45,0.49,-61.33
BTC-USDT-SWAP,30m,4H,0.01,0.03,0.02,148.0,0.25,-99.831,245,99,146,40.408,99.866,0.52,-4.097,4388,14.42,-90.25,0.82,-94.33,0.25,-69.52
BTC-USDT-SWAP,30m,4H,0.01,0.03,0.025,148.0,0.403,-99.728,245,100,145,40.816,99.783,0.555,-4.093,4388,22.05,-85.1,1.01,-95.4,0.4,-60.23
BTC-USDT-SWAP,30m,4H,0.01,0.03,0.03,148.0,0.45,-99.696,245,101,144,41.224,99.758,0.538,-4.091,4388,18.34,-87.61,1.31,-92.86,0.45,-65.65
BTC-USDT-SWAP,1H,6H,0.001,0.004,0.005,148.0,0.008,-99.995,768,465,303,60.547,99.996,0.513,-4.093,2934,14.74,-90.04,0.14,-99.04,0.01,-94.69
BTC-USDT-SWAP,1H,6H,0.001,0.004,0.008,148.0,0.516,-99.652,768,549,219,71.484,99.718,0.698,-4.079,2934,71.68,-51.57,3.34,-95.33,0.52,-84.58
BTC-USDT-SWAP,1H,6H,0.001,0.004,0.01,148.0,2.35,-98.412,768,576,192,75.0,98.758,0.722,-4.028,2934,84.36,-43.0,7.13,-91.55,2.35,-67.05
BTC-USDT-SWAP,1H,6H,0.001,0.004,0.015,148.0,82.517,-44.245,768,612,156,79.688,89.177,0.955,-1.811,2934,284.98,92.56,76.28,-73.23,82.52,8.17
BTC-USDT-SWAP,1H,6H,0.001,0.004,0.02,148.0,281.233,90.023,768,623,145,81.12,89.38,1.042,3.684,2934,664.67,349.1,170.67,-74.32,281.23,64.78
BTC-USDT-SWAP,1H,6H,0.001,0.004,0.025,148.0,635.983,329.718,768,628,140,81.771,86.368,1.132,13.495,2934,666.67,350.45,287.36,-56.9,635.98,121.32
BTC-USDT-SWAP,1H,6H,0.001,0.004,0.03,148.0,1582.733,969.414,768,632,136,82.292,80.135,1.346,39.676,2934,501.79,239.05,366.3,-27.0,1582.73,332.09
BTC-USDT-SWAP,1H,6H,0.001,0.006,0.005,148.0,0.021,-99.986,768,380,388,49.479,99.991,0.692,-4.092,2934,25.24,-82.94,0.18,-99.28,0.02,-88.32
BTC-USDT-SWAP,1H,6H,0.001,0.006,0.008,148.0,1.739,-98.825,768,458,310,59.635,99.416,0.87,-4.045,2934,219.33,48.2,5.86,-97.33,1.74,-70.32
BTC-USDT-SWAP,1H,6H,0.001,0.006,0.01,148.0,5.945,-95.983,768,482,286,62.76,98.338,0.881,-3.928,2934,229.93,55.36,10.13,-95.6,5.94,-41.3
BTC-USDT-SWAP,1H,6H,0.001,0.006,0.015,148.0,153.749,3.884,768,512,256,66.667,93.533,1.001,0.159,2934,710.62,380.15,141.02,-80.16,153.75,9.03
BTC-USDT-SWAP,1H,6H,0.001,0.006,0.02,148.0,679.027,358.802,768,524,244,68.229,89.751,1.045,14.685,2934,1750.18,1082.55,459.19,-73.76,679.03,47.87
BTC-USDT-SWAP,1H,6H,0.001,0.006,0.025,148.0,729.334,392.793,768,527,241,68.62,90.487,1.055,16.076,2934,1674.68,1031.54,383.12,-77.12,729.33,90.37
BTC-USDT-SWAP,1H,6H,0.001,0.006,0.03,148.0,1790.059,1109.499,768,531,237,69.141,85.476,1.146,45.409,2934,1173.81,693.12,409.99,-65.07,1790.06,336.61
BTC-USDT-SWAP,1H,6H,0.001,0.008,0.005,148.0,0.002,-99.998,768,312,456,40.625,99.999,0.719,-4.093,2934,23.33,-84.24,0.05,-99.79,0.0,-95.02
BTC-USDT-SWAP,1H,6H,0.001,0.008,0.008,148.0,0.063,-99.957,768,378,390,49.219,99.968,0.812,-4.091,2934,99.42,-32.83,0.63,-99.37,0.06,-89.89
BTC-USDT-SWAP,1H,6H,0.001,0.008,0.01,148.0,0.249,-99.832,768,400,368,52.083,99.873,0.842,-4.086,2934,122.37,-17.32,1.29,-98.94,0.25,-80.71
BTC-USDT-SWAP,1H,6H,0.001,0.008,0.015,148.0,6.765,-95.429,768,429,339,55.859,98.991,0.952,-3.906,2934,452.67,205.86,24.87,-94.51,6.76,-72.8
BTC-USDT-SWAP,1H,6H,0.001,0.008,0.02,148.0,16.709,-88.71,768,439,329,57.161,98.925,0.981,-3.631,2934,1122.22,658.26,80.85,-92.8,16.71,-79.33
BTC-USDT-SWAP,1H,6H,0.001,0.008,0.025,148.0,20.741,-85.986,768,443,325,57.682,98.989,0.984,-3.519,2934,1392.31,840.75,78.04,-94.39,20.74,-73.42
BTC-USDT-SWAP,1H,6H,0.001,0.008,0.03,148.0,27.26,-81.581,768,446,322,58.073,98.74,0.981,-3.339,2934,908.78,514.04,49.64,-94.54,27.26,-45.09
BTC-USDT-SWAP,1H,6H,0.001,0.01,0.005,148.0,0.001,-100.0,768,277,491,36.068,100.0,0.723,-4.093,2934,22.01,-85.13,0.01,-99.95,0.0,-95.21
BTC-USDT-SWAP,1H,6H,0.001,0.01,0.008,148.0,0.018,-99.988,768,343,425,44.661,99.992,0.823,-4.092,2934,117.36,-20.7,0.15,-99.88,0.02,-87.28
BTC-USDT-SWAP,1H,6H,0.001,0.01,0.01,148.0,0.031,-99.979,768,360,408,46.875,99.987,0.841,-4.092,2934,129.53,-12.48,0.24,-99.81,0.03,-87.53
BTC-USDT-SWAP,1H,6H,0.001,0.01,0.015,148.0,0.336,-99.773,768,385,383,50.13,99.922,0.916,-4.083,2934,286.02,93.25,1.82,-99.36,0.34,-81.53
BTC-USDT-SWAP,1H,6H,0.001,0.01,0.02,148.0,0.44,-99.703,768,393,375,51.172,99.935,0.948,-4.081,2934,484.7,227.5,4.67,-99.04,0.44,-90.59
BTC-USDT-SWAP,1H,6H,0.001,0.01,0.025,148.0,0.382,-99.742,768,396,372,51.562,99.947,0.95,-4.082,2934,511.37,245.52,3.11,-99.39,0.38,-87.72
BTC-USDT-SWAP,1H,6H,0.001,0.01,0.03,148.0,0.346,-99.766,768,399,369,51.953,99.914,0.925,-4.083,2934,269.53,82.12,1.41,-99.48,0.35,-75.47
BTC-USDT-SWAP,1H,6H,0.001,0.012,0.005,148.0,0.0,-100.0,768,250,518,32.552,100.0,0.682,-4.093,2934,9.4,-93.65,0.0,-99.97,0.0,-96.37
BTC-USDT-SWAP,1H,6H,0.001,0.012,0.008,148.0,0.002,-99.998,768,312,456,40.625,99.999,0.747,-4.093,2934,36.84,-75.11,0.02,-99.93,0.0,-90.45
BTC-USDT-SWAP,1H,6H,0.001,0.012,0.01,148.0,0.003,-99.998,768,328,440,42.708,99.999,0.737,-4.093,2934,33.56,-77.33,0.03,-99.91,0.0,-90.37
BTC-USDT-SWAP,1H,6H,0.001,0.012,0.015,148.0,0.008,-99.995,768,348,420,45.312,99.997,0.789,-4.093,2934,58.48,-60.48,0.09,-99.84,0.01,-91.92
BTC-USDT-SWAP,1H,6H,0.001,0.012,0.02,148.0,0.008,-99.995,768,356,412,46.354,99.996,0.754,-4.093,2934,43.95,-70.3,0.14,-99.68,0.01,-94.53
BTC-USDT-SWAP,1H,6H,0.001,0.012,0.025,148.0,0.007,-99.995,768,358,410,46.615,99.997,0.761,-4.093,2934,45.21,-69.46,0.1,-99.78,0.01,-93.32
BTC-USDT-SWAP,1H,6H,0.001,0.012,0.03,148.0,0.004,-99.997,768,359,409,46.745,99.998,0.708,-4.093,2934,29.23,-80.25,0.04,-99.87,0.0,-88.25
BTC-USDT-SWAP,1H,6H,0.001,0.015,0.005,148.0,0.0,-100.0,768,234,534,30.469,100.0,0.742,-4.093,2934,13.06,-91.17,0.0,-99.98,0.0,-98.62
BTC-USDT-SWAP,1H,6H,0.001,0.015,0.008,148.0,0.001,-100.0,768,290,478,37.76,100.0,0.793,-4.093,2934,41.47,-71.98,0.01,-99.97,0.0,-96.21
BTC-USDT-SWAP,1H,6H,0.001,0.015,0.01,148.0,0.0,-100.0,768,300,468,39.062,100.0,0.768,-4.093,2934,30.3,-79.53,0.01,-99.98,0.0,-96.61
BTC-USDT-SWAP,1H,6H,0.001,0.015,0.015,148.0,0.0,-100.0,768,314,454,40.885,100.0,0.779,-4.093,2934,39.1,-73.58,0.0,-99.99,0.0,-97.37
BTC-USDT-SWAP,1H,6H,0.001,0.015,0.02,148.0,0.0,-100.0,768,322,446,41.927,100.0,0.714,-4.093,2934,17.21,-88.37,0.0,-99.97,0.0,-97.97
BTC-USDT-SWAP,1H,6H,0.001,0.015,0.025,148.0,0.0,-100.0,768,324,444,42.188,100.0,0.738,-4.093,2934,20.02,-86.47,0.0,-99.98,0.0,-97.35
BTC-USDT-SWAP,1H,6H,0.001,0.015,0.03,148.0,0.0,-100.0,768,325,443,42.318,100.0,0.692,-4.093,2934,11.22,-92.42,0.0,-99.99,0.0,-95.21
BTC-USDT-SWAP,1H,6H,0.001,0.02,0.005,148.0,0.0,-100.0,768,211,557,27.474,100.0,0.638,-4.093,2934,3.73,-97.48,0.0,-99.99,0.0,-99.48
BTC-USDT-SWAP,1H,6H,0.001,0.02,0.008,148.0,0.0,-100.0,768,259,509,33.724,100.0,0.622,-4.093,2934,5.25,-96.45,0.0,-99.99,0.0,-98.77
BTC-USDT-SWAP,1H,6H,0.001,0.02,0.01,148.0,0.0,-100.0,768,269,499,35.026,100.0,0.614,-4.093,2934,4.3,-97.09,0.0,-100.0,0.0,-99.01
BTC-USDT-SWAP,1H,6H,0.001,0.02,0.015,148.0,0.0,-100.0,768,284,484,36.979,100.0,0.674,-4.093,2934,10.7,-92.77,0.0,-100.0,0.0,-99.3
BTC-USDT-SWAP,1H,6H,0.001,0.02,0.02,148.0,0.0,-100.0,768,293,475,38.151,100.0,0.602,-4.093,2934,4.45,-96.99,0.0,-99.99,0.0,-99.44
BTC-USDT-SWAP,1H,6H,0.001,0.02,0.025,148.0,0.0,-100.0,768,294,474,38.281,100.0,0.602,-4.093,2934,4.23,-97.14,0.0,-100.0,0.0,-99.27
BTC-USDT-SWAP,1H,6H,0.001,0.02,0.03,148.0,0.0,-100.0,768,294,474,38.281,100.0,0.561,-4.093,2934,2.21,-98.51,0.0,-100.0,0.0,-98.97
BTC-USDT-SWAP,1H,6H,0.001,0.03,0.005,148.0,0.0,-100.0,768,202,566,26.302,100.0,0.682,-4.093,2934,3.81,-97.43,0.0,-100.0,0.0,-99.78
BTC-USDT-SWAP,1H,6H,0.001,0.03,0.008,148.0,0.0,-100.0,768,248,520,32.292,100.0,0.669,-4.093,2934,5.94,-95.99,0.0,-100.0,0.0,-99.71
BTC-USDT-SWAP,1H,6H,0.001,0.03,0.01,148.0,0.0,-100.0,768,257,511,33.464,100.0,0.664,-4.093,2934,5.18,-96.5,0.0,-100.0,0.0,-99.77
BTC-USDT-SWAP,1H,6H,0.001,0.03,0.015,148.0,0.0,-100.0,768,270,498,35.156,100.0,0.654,-4.093,2934,6.47,-95.63,0.0,-100.0,0.0,-99.82
BTC-USDT-SWAP,1H,6H,0.001,0.03,0.02,148.0,0.0,-100.0,768,278,490,36.198,100.0,0.608,-4.093,2934,3.09,-97.91,0.0,-100.0,0.0,-99.87
BTC-USDT-SWAP,1H,6H,0.001,0.03,0.025,148.0,0.0,-100.0,768,278,490,36.198,100.0,0.587,-4.093,2934,2.04,-98.62,0.0,-100.0,0.0,-99.84
BTC-USDT-SWAP,1H,6H,0.001,0.03,0.03,148.0,0.0,-100.0,768,278,490,36.198,100.0,0.554,-4.093,2934,0.99,-99.33,0.0,-100.0,0.0,-99.8
BTC-USDT-SWAP,1H,6H,0.002,0.004,0.005,148.0,0.047,-99.968,671,415,256,61.848,99.974,0.518,-4.091,2934,19.12,-87.08,0.42,-97.83,0.05,-88.59
BTC-USDT-SWAP,1H,6H,0.002,0.004,0.008,148.0,3.192,-97.843,671,496,175,73.92,98.685,0.683,-4.004,2934,64.23,-56.6,6.35,-90.11,3.19,-49.77
BTC-USDT-SWAP,1H,6H,0.002,0.004,0.01,148.0,39.294,-73.45,671,528,143,78.689,89.522,0.837,-3.006,2934,118.16,-20.16,36.65,-68.98,39.29,7.21
BTC-USDT-SWAP,1H,6H,0.002,0.004,0.015,148.0,1903.904,1186.421,671,563,108,83.905,62.69,1.498,48.557,2934,358.53,142.25,489.94,36.65,1903.9,288.6
BTC-USDT-SWAP,1H,6H,0.002,0.004,0.02,148.0,4516.721,2951.839,671,571,100,85.097,68.861,1.704,120.812,2934,806.1,444.66,863.95,7.18,4516.72,422.8
BTC-USDT-SWAP,1H,6H,0.002,0.004,0.025,148.0,10166.634,6769.348,671,576,95,85.842,59.016,1.994,277.054,2934,864.13,483.87,1697.77,96.47,10166.63,498.82
BTC-USDT-SWAP,1H,6H,0.002,0.004,0.03,148.0,31552.071,21218.967,671,581,90,86.587,49.979,3.208,868.443,2934,1047.67,607.89,3743.43,257.31,31552.07,742.87
BTC-USDT-SWAP,1H,6H,0.002,0.006,0.005,148.0,0.165,-99.889,671,344,327,51.267,99.929,0.742,-4.088,2934,57.57,-61.1,0.69,-98.81,0.16,-76.0
BTC-USDT-SWAP,1H,6H,0.002,0.006,0.008,148.0,4.727,-96.806,671,407,264,60.656,98.48,0.881,-3.962,2934,219.76,48.49,7.74,-96.48,4.73,-38.95
BTC-USDT-SWAP,1H,6H,0.002,0.006,0.01,148.0,60.723,-58.971,671,434,237,64.68,95.981,0.961,-2.414,2934,539.12,264.27,44.3,-91.78,60.72,37.06
BTC-USDT-SWAP,1H,6H,0.002,0.006,0.015,148.0,1960.34,1224.554,671,464,207,69.151,80.449,1.188,50.118,2934,1153.35,679.29,435.03,-62.28,1960.34,350.62
BTC-USDT-SWAP,1H,6H,0.002,0.006,0.02,148.0,4132.505,2692.233,671,472,199,70.343,85.611,1.239,110.187,2934,2310.16,1460.92,732.83,-68.28,4132.51,463.91
BTC-USDT-SWAP,1H,6H,0.002,0.006,0.025,148.0,6627.494,4378.037,671,476,195,70.939,80.91,1.334,179.183,2934,2210.51,1393.58,941.5,-57.41,6627.49,603.93
BTC-USDT-SWAP,1H,6H,0.002,0.006,0.03,148.0,25380.789,17049.181,671,481,190,71.684,75.414,1.67,697.784,2934,2369.64,1501.11,2049.27,-13.52,25380.79,1138.53
BTC-USDT-SWAP,1H,6H,0.002,0.008,0.005,148.0,0.162,-99.89,671,299,372,44.56,99.93,0.805,-4.088,2934,70.14,-52.61,1.03,-98.53,0.16,-84.26
BTC-USDT-SWAP,1H,6H,0.002,0.008,0.008,148.0,2.066,-98.604,671,353,318,52.608,99.321,0.914,-4.036,2934,245.82,66.09,6.96,-97.17,2.07,-70.32
BTC-USDT-SWAP,1H,6H,0.002,0.008,0.01,148.0,16.767,-88.671,671,376,295,56.036,98.541,0.968,-3.629,2934,864.3,483.99,42.81,-95.05,16.77,-60.83
BTC-USDT-SWAP,1H,6H,0.002,0.008,0.015,148.0,1034.49,598.98,671,406,265,60.507,89.484,1.033,24.515,2934,2112.44,1327.33,844.06,-60.04,1034.49,22.56
BTC-USDT-SWAP,1H,6H,0.002,0.008,0.02,148.0,1282.071,766.264,671,413,258,61.55,95.105,1.021,31.361,2934,5483.28,3604.92,1408.76,-74.31,1282.07,-8.99
BTC-USDT-SWAP,1H,6H,0.002,0.008,0.025,148.0,1108.728,649.14,671,416,255,61.997,94.272,1.021,26.568,2934,5414.87,3558.7,1165.06,-78.48,1108.73,-4.84
BTC-USDT-SWAP,1H,6H,0.002,0.008,0.03,148.0,4087.326,2661.707,671,421,250,62.742,92.735,1.045,108.938,2934,5916.33,3897.52,2179.52,-63.16,4087.33,87.53
BTC-USDT-SWAP,1H,6H,0.002,0.01,0.005,148.0,0.043,-99.971,671,262,409,39.046,99.978,0.736,-4.092,2934,31.58,-78.66,0.23,-99.29,0.04,-80.85
BTC-USDT-SWAP,1H,6H,0.002,0.01,0.008,148.0,0.425,-99.713,671,312,359,46.498,99.798,0.87,-4.081,2934,148.0,0.0,1.35,-99.09,0.42,-68.47
BTC-USDT-SWAP,1H,6H,0.002,0.01,0.01,148.0,2.58,-98.257,671,333,338,49.627,99.61,0.935,-4.021,2934,452.18,205.53,7.21,-98.41,2.58,-64.23
BTC-USDT-SWAP,1H,6H,0.002,0.01,0.015,148.0,85.015,-42.557,671,359,312,53.502,96.618,0.991,-1.742,2934,793.93,436.44,107.39,-86.47,85.02,-20.84
BTC-USDT-SWAP,1H,6H,0.002,0.01,0.02,148.0,84.993,-42.572,671,365,306,54.396,98.278,0.994,-1.742,2934,1533.97,936.47,130.54,-91.49,84.99,-34.89
BTC-USDT-SWAP,1H,6H,0.002,0.01,0.025,148.0,94.758,-35.974,671,369,302,54.993,98.269,0.995,-1.472,2934,1752.34,1084.01,136.61,-92.2,94.76,-30.63
BTC-USDT-SWAP,1H,6H,0.002,0.01,0.03,148.0,126.72,-14.378,671,372,299,55.44,97.42,0.997,-0.588,2934,987.48,567.21,89.3,-90.96,126.72,41.9
BTC-USDT-SWAP,1H,6H,0.002,0.012,0.005,148.0,0.01,-99.993,671,232,439,34.575,99.995,0.681,-4.092,2934,12.45,-91.59,0.05,-99.63,0.01,-77.54
BTC-USDT-SWAP,1H,6H,0.002,0.012,0.008,148.0,0.092,-99.938,671,280,391,41.729,99.957,0.808,-4.09,2934,67.55,-54.36,0.26,-99.62,0.09,-64.57
BTC-USDT-SWAP,1H,6H,0.002,0.012,0.01,148.0,0.542,-99.634,671,301,370,44.858,99.859,0.901,-4.078,2934,262.99,77.7,1.67,-99.36,0.54,-67.63
BTC-USDT-SWAP,1H,6H,0.002,0.012,0.015,148.0,5.794,-96.085,671,323,348,48.137,99.345,0.946,-3.933,2934,266.43,80.02,10.52,-96.05,5.79,-44.94
BTC-USDT-SWAP,1H,6H,0.002,0.012,0.02,148.0,2.431,-98.358,671,327,344,48.733,99.63,0.938,-4.026,2934,269.04,81.78,8.05,-97.01,2.43,-69.81
BTC-USDT-SWAP,1H,6H,0.002,0.012,0.025,148.0,1.751,-98.817,671,329,342,49.031,99.57,0.935,-4.044,2934,261.16,76.46,5.97,-97.71,1.75,-70.67
BTC-USDT-SWAP,1H,6H,0.002,0.012,0.03,148.0,1.242,-99.161,671,331,340,49.329,99.619,0.894,-4.058,2934,148.6,0.4,2.14,-98.56,1.24,-42.04
BTC-USDT-SWAP,1H,6H,0.002,0.015,0.005,148.0,0.001,-99.999,671,208,463,30.999,99.999,0.661,-4.093,2934,8.37,-94.35,0.02,-99.8,0.0,-92.03
BTC-USDT-SWAP,1H,6H,0.002,0.015,0.008,148.0,0.008,-99.995,671,252,419,37.556,99.997,0.756,-4.093,2934,28.53,-80.72,0.05,-99.84,0.01,-83.25
BTC-USDT-SWAP,1H,6H,0.002,0.015,0.01,148.0,0.014,-99.99,671,268,403,39.94,99.994,0.791,-4.092,2934,54.0,-63.51,0.09,-99.83,0.01,-84.94
BTC-USDT-SWAP,1H,6H,0.002,0.015,0.015,148.0,0.025,-99.983,671,283,388,42.176,99.99,0.785,-4.092,2934,38.36,-74.08,0.14,-99.62,0.02,-82.96
BTC-USDT-SWAP,1H,6H,0.002,0.015,0.02,148.0,0.011,-99.993,671,287,384,42.772,99.995,0.717,-4.092,2934,24.66,-83.34,0.08,-99.66,0.01,-86.73
BTC-USDT-SWAP,1H,6H,0.002,0.015,0.025,148.0,0.009,-99.994,671,289,382,43.07,99.996,0.732,-4.093,2934,28.99,-80.41,0.06,-99.78,0.01,-86.36
BTC-USDT-SWAP,1H,6H,0.002,0.015,0.03,148.0,0.007,-99.995,671,290,381,43.219,99.996,0.677,-4.093,2934,18.06,-87.79,0.03,-99.84,0.01,-76.23
BTC-USDT-SWAP,1H,6H,0.002,0.02,0.005,148.0,0.0,-100.0,671,190,481,28.316,100.0,0.561,-4.093,2934,4.67,-96.84,0.0,-99.9,0.0,-97.9
BTC-USDT-SWAP,1H,6H,0.002,0.02,0.008,148.0,0.0,-100.0,671,225,446,33.532,100.0,0.658,-4.093,2934,13.74,-90.71,0.0,-99.97,0.0,-98.0
BTC-USDT-SWAP,1H,6H,0.002,0.02,0.01,148.0,0.0,-100.0,671,239,432,35.618,100.0,0.702,-4.093,2934,26.56,-82.05,0.01,-99.98,0.0,-98.12
BTC-USDT-SWAP,1H,6H,0.002,0.02,0.015,148.0,0.0,-100.0,671,254,417,37.854,100.0,0.666,-4.093,2934,13.59,-90.82,0.01,-99.95,0.0,-97.83
BTC-USDT-SWAP,1H,6H,0.002,0.02,0.02,148.0,0.0,-100.0,671,259,412,38.599,100.0,0.584,-4.093,2934,7.37,-95.02,0.0,-99.94,0.0,-98.06
BTC-USDT-SWAP,1H,6H,0.002,0.02,0.025,148.0,0.0,-100.0,671,260,411,38.748,100.0,0.579,-4.093,2934,6.53,-95.59,0.0,-99.97,0.0,-97.84
BTC-USDT-SWAP,1H,6H,0.002,0.02,0.03,148.0,0.0,-100.0,671,260,411,38.748,100.0,0.527,-4.093,2934,3.53,-97.61,0.0,-99.98,0.0,-97.05
BTC-USDT-SWAP,1H,6H,0.002,0.03,0.005,148.0,0.0,-100.0,671,180,491,26.826,100.0,0.576,-4.093,2934,3.96,-97.33,0.0,-99.95,0.0,-99.0
BTC-USDT-SWAP,1H,6H,0.002,0.03,0.008,148.0,0.0,-100.0,671,212,459,31.595,100.0,0.638,-4.093,2934,10.77,-92.72,0.0,-99.98,0.0,-99.35
BTC-USDT-SWAP,1H,6H,0.002,0.03,0.01,148.0,0.0,-100.0,671,224,447,33.383,100.0,0.636,-4.093,2934,16.05,-89.15,0.0,-99.99,0.0,-99.37
BTC-USDT-SWAP,1H,6H,0.002,0.03,0.015,148.0,0.0,-100.0,671,238,433,35.469,100.0,0.563,-4.093,2934,5.49,-96.29,0.0,-99.99,0.0,-99.34
BTC-USDT-SWAP,1H,6H,0.002,0.03,0.02,148.0,0.0,-100.0,671,242,429,36.066,100.0,0.523,-4.093,2934,3.98,-97.31,0.0,-99.99,0.0,-99.46
BTC-USDT-SWAP,1H,6H,0.002,0.03,0.025,148.0,0.0,-100.0,671,242,429,36.066,100.0,0.483,-4.093,2934,2.17,-98.53,0.0,-100.0,0.0,-99.44
BTC-USDT-SWAP,1H,6H,0.002,0.03,0.03,148.0,0.0,-100.0,671,242,429,36.066,100.0,0.445,-4.093,2934,1.09,-99.26,0.0,-100.0,0.0,-99.29
BTC-USDT-SWAP,1H,6H,0.003,0.004,0.005,148.0,0.107,-99.928,588,366,222,62.245,99.949,0.556,-4.09,2934,27.39,-81.49,1.03,-96.25,0.11,-89.58
BTC-USDT-SWAP,1H,6H,0.003,0.004,0.008,148.0,11.776,-92.043,588,447,141,76.02,95.107,0.71,-3.767,2934,79.47,-46.31,18.59,-76.61,11.78,-36.65
BTC-USDT-SWAP,1H,6H,0.003,0.004,0.01,148.0,79.061,-46.58,588,474,114,80.612,82.433,0.922,-1.906,2934,176.64,19.35,90.85,-48.57,79.06,-12.97
BTC-USDT-SWAP,1H,6H,0.003,0.004,0.015,148.0,4871.751,3191.723,588,511,77,86.905,71.684,1.756,130.63,2934,980.01,562.17,1643.75,67.73,4871.75,196.38
BTC-USDT-SWAP,1H,6H,0.003,0.004,0.02,148.0,14706.386,9836.747,588,520,68,88.435,60.786,2.566,402.595,2934,977.48,560.46,3286.89,236.26,14706.39,347.43
BTC-USDT-SWAP,1H,6H,0.003,0.004,0.025,148.0,23650.111,15879.805,588,524,64,89.116,57.963,2.867,649.924,2934,1047.84,608.0,4939.37,371.38,23650.11,378.81
BTC-USDT-SWAP,1H,6H,0.003,0.004,0.03,148.0,45488.316,30635.349,588,529,59,89.966,35.344,5.049,1253.834,2934,1270.42,758.39,10890.84,757.27,45488.32,317.67
BTC-USDT-SWAP,1H,6H,0.003,0.006,0.005,148.0,0.45,-99.696,588,307,281,52.211,99.829,0.777,-4.08,2934,74.01,-49.99,2.48,-96.65,0.45,-81.83
BTC-USDT-SWAP,1H,6H,0.003,0.006,0.008,148.0,20.203,-86.35,588,372,216,63.265,94.894,0.904,-3.534,2934,248.72,68.06,29.58,-88.11,20.2,-31.7
BTC-USDT-SWAP,1H,6H,0.003,0.006,0.01,148.0,139.924,-5.457,588,396,192,67.347,92.432,0.997,-0.223,2934,666.63,350.43,115.02,-82.75,139.92,21.65
BTC-USDT-SWAP,1H,6H,0.003,0.006,0.015,148.0,6585.892,4349.927,588,427,161,72.619,81.943,1.291,178.032,2934,3142.67,2023.43,1363.12,-56.63,6585.89,383.15
BTC-USDT-SWAP,1H,6H,0.003,0.006,0.02,148.0,15210.894,10177.631,588,435,153,73.98,77.108,1.504,416.547,2934,2821.22,1806.23,2279.95,-19.19,15210.89,567.16
BTC-USDT-SWAP,1H,6H,0.003,0.006,0.025,148.0,21871.581,14678.095,588,439,149,74.66,71.001,1.585,600.741,2934,2699.53,1724.01,2931.79,8.6,21871.58,646.02
BTC-USDT-SWAP,1H,6H,0.003,0.006,0.03,148.0,46840.05,31548.682,588,444,144,75.51,64.712,1.878,1291.215,2934,3211.2,2069.73,7173.28,123.38,46840.05,552.98
BTC-USDT-SWAP,1H,6H,0.003,0.008,0.005,148.0,1.597,-98.921,588,278,310,47.279,99.513,0.861,-4.049,2934,144.1,-2.64,5.84,-95.95,1.6,-72.66
BTC-USDT-SWAP,1H,6H,0.003,0.008,0.008,148.0,52.166,-64.752,588,334,254,56.803,93.872,0.959,-2.65,2934,453.63,206.51,49.91,-89.0,52.17,4.51
BTC-USDT-SWAP,1H,6H,0.003,0.008,0.01,148.0,358.407,142.167,588,354,234,60.204,92.853,1.023,5.819,2934,2013.2,1260.27,335.27,-83.35,358.41,6.9
BTC-USDT-SWAP,1H,6H,0.003,0.008,0.015,148.0,18689.567,12528.086,588,381,207,64.796,75.524,1.244,512.746,2934,6933.67,4584.91,5284.04,-23.79,18689.57,253.7
BTC-USDT-SWAP,1H,6H,0.003,0.008,0.02,148.0,14603.688,9767.357,588,385,203,65.476,78.267,1.23,399.755,2934,5960.59,3927.43,3404.77,-42.88,14603.69,328.92
BTC-USDT-SWAP,1H,6H,0.003,0.008,0.025,148.0,16004.174,10713.631,588,388,200,65.986,78.96,1.273,438.484,2934,5439.08,3575.06,2784.02,-48.81,16004.17,474.86
BTC-USDT-SWAP,1H,6H,0.003,0.008,0.03,148.0,40813.786,27476.883,588,393,195,66.837,75.836,1.432,1124.565,2934,6140.89,4049.25,5824.22,-5.16,40813.79,600.76
BTC-USDT-SWAP,1H,6H,0.003,0.01,0.005,148.0,0.207,-99.86,588,239,349,40.646,99.9,0.76,-4.087,2934,56.69,-61.7,1.14,-97.99,0.21,-81.85
BTC-USDT-SWAP,1H,6H,0.003,0.01,0.008,148.0,3.551,-97.601,588,289,299,49.15,98.833,0.893,-3.995,2934,208.38,40.8,9.0,-95.68,3.55,-60.56
BTC-USDT-SWAP,1H,6H,0.003,0.01,0.01,148.0,18.881,-87.243,588,308,280,52.381,98.432,0.966,-3.571,2934,771.2,421.08,47.61,-93.83,18.88,-60.35
BTC-USDT-SWAP,1H,6H,0.003,0.01,0.015,148.0,444.068,200.046,588,330,258,56.122,93.502,1.017,8.187,2934,1927.66,1202.47,651.09,-66.22,444.07,-31.8
BTC-USDT-SWAP,1H,6H,0.003,0.01,0.02,148.0,293.688,98.438,588,334,254,56.803,95.839,1.009,4.029,2934,2022.98,1266.88,502.28,-75.17,293.69,-41.53
BTC-USDT-SWAP,1H,6H,0.003,0.01,0.025,148.0,350.465,136.801,588,338,250,57.483,96.134,1.011,5.599,2934,2501.79,1590.4,496.48,-80.16,350.47,-29.41
BTC-USDT-SWAP,1H,6H,0.003,0.01,0.03,148.0,531.695,259.253,588,341,247,57.993,94.854,1.023,10.611,2934,1679.94,1035.1,396.84,-76.38,531.7,33.98
BTC-USDT-SWAP,1H,6H,0.003,0.012,0.005,148.0,0.092,-99.938,588,219,369,37.245,99.957,0.746,-4.09,2934,46.16,-68.81,0.52,-98.88,0.09,-82.28
BTC-USDT-SWAP,1H,6H,0.003,0.012,0.008,148.0,0.813,-99.45,588,264,324,44.898,99.73,0.887,-4.07,2934,205.89,39.11,3.96,-98.08,0.81,-79.44
BTC-USDT-SWAP,1H,6H,0.003,0.012,0.01,148.0,3.412,-97.695,588,282,306,47.959,99.66,0.954,-3.998,2934,641.28,333.29,17.41,-97.28,3.41,-80.41
BTC-USDT-SWAP,1H,6H,0.003,0.012,0.015,148.0,31.038,-79.029,588,300,288,51.02,98.629,0.987,-3.234,2934,1218.47,723.29,113.92,-90.65,31.04,-72.76
BTC-USDT-SWAP,1H,6H,0.003,0.012,0.02,148.0,12.485,-91.564,588,303,285,51.531,99.17,0.978,-3.748,2934,837.66,465.99,59.54,-92.89,12.48,-79.03
BTC-USDT-SWAP,1H,6H,0.003,0.012,0.025,148.0,9.433,-93.626,588,306,282,52.041,99.403,0.976,-3.832,2934,880.29,494.79,35.88,-95.92,9.43,-73.71
BTC-USDT-SWAP,1H,6H,0.003,0.012,0.03,148.0,11.686,-92.104,588,309,279,52.551,99.104,0.967,-3.77,2934,477.35,222.53,24.24,-94.92,11.69,-51.79
BTC-USDT-SWAP,1H,6H,0.003,0.015,0.005,148.0,0.031,-99.979,588,202,386,34.354,99.987,0.672,-4.092,2934,17.15,-88.42,0.21,-98.76,0.03,-85.23
BTC-USDT-SWAP,1H,6H,0.003,0.015,0.008,148.0,0.126,-99.915,588,241,347,40.986,99.944,0.752,-4.089,2934,37.71,-74.52,0.67,-98.22,0.13,-81.19
BTC-USDT-SWAP,1H,6H,0.003,0.015,0.01,148.0,0.326,-99.78,588,257,331,43.707,99.854,0.857,-4.084,2934,110.43,-25.39,2.32,-97.9,0.33,-85.93
BTC-USDT-SWAP,1H,6H,0.003,0.015,0.015,148.0,0.675,-99.544,588,270,318,45.918,99.695,0.868,-4.074,2934,81.88,-44.67,4.98,-93.92,0.67,-86.45
BTC-USDT-SWAP,1H,6H,0.003,0.015,0.02,148.0,0.408,-99.724,588,274,314,46.599,99.794,0.833,-4.081,2934,62.61,-57.69,3.57,-94.3,0.41,-88.58
BTC-USDT-SWAP,1H,6H,0.003,0.015,0.025,148.0,0.268,-99.819,588,276,312,46.939,99.855,0.817,-4.085,2934,57.83,-60.92,1.95,-96.63,0.27,-86.23
BTC-USDT-SWAP,1H,6H,0.003,0.015,0.03,148.0,0.238,-99.84,588,277,311,47.109,99.866,0.769,-4.086,2934,40.87,-72.39,1.06,-97.42,0.24,-77.51
BTC-USDT-SWAP,1H,6H,0.003,0.02,0.005,148.0,0.003,-99.998,588,185,403,31.463,99.999,0.514,-4.093,2934,8.33,-94.37,0.05,-99.34,0.0,-94.42
BTC-USDT-SWAP,1H,6H,0.003,0.02,0.008,148.0,0.003,-99.998,588,216,372,36.735,99.999,0.629,-4.093,2934,21.76,-85.3,0.07,-99.66,0.0,-96.33
BTC-USDT-SWAP,1H,6H,0.003,0.02,0.01,148.0,0.004,-99.998,588,229,359,38.946,99.999,0.736,-4.093,2934,50.81,-65.67,0.14,-99.72,0.0,-97.43
BTC-USDT-SWAP,1H,6H,0.003,0.02,0.015,148.0,0.004,-99.997,588,239,349,40.646,99.998,0.66,-4.093,2934,20.26,-86.31,0.12,-99.39,0.0,-96.9
BTC-USDT-SWAP,1H,6H,0.003,0.02,0.02,148.0,0.002,-99.999,588,243,345,41.327,99.999,0.582,-4.093,2934,12.85,-91.32,0.07,-99.45,0.0,-97.44
BTC-USDT-SWAP,1H,6H,0.003,0.02,0.025,148.0,0.001,-99.999,588,244,344,41.497,100.0,0.543,-4.093,2934,9.16,-93.81,0.03,-99.7,0.0,-96.63
BTC-USDT-SWAP,1H,6H,0.003,0.02,0.03,148.0,0.001,-100.0,588,244,344,41.497,100.0,0.482,-4.093,2934,5.61,-96.21,0.01,-99.79,0.0,-95.62
BTC-USDT-SWAP,1H,6H,0.003,0.03,0.005,148.0,0.0,-100.0,588,172,416,29.252,100.0,0.517,-4.093,2934,8.41,-94.32,0.02,-99.75,0.0,-97.81
BTC-USDT-SWAP,1H,6H,0.003,0.03,0.008,148.0,0.0,-100.0,588,201,387,34.184,100.0,0.562,-4.093,2934,14.89,-89.94,0.01,-99.9,0.0,-98.59
BTC-USDT-SWAP,1H,6H,0.003,0.03,0.01,148.0,0.0,-100.0,588,213,375,36.224,100.0,0.647,-4.093,2934,35.17,-76.24,0.02,-99.95,0.0,-99.11
BTC-USDT-SWAP,1H,6H,0.003,0.03,0.015,148.0,0.0,-100.0,588,222,366,37.755,100.0,0.53,-4.093,2934,11.38,-92.31,0.01,-99.91,0.0,-99.02
BTC-USDT-SWAP,1H,6H,0.003,0.03,0.02,148.0,0.0,-100.0,588,226,362,38.435,100.0,0.478,-4.093,2934,8.3,-94.39,0.0,-99.94,0.0,-99.26
BTC-USDT-SWAP,1H,6H,0.003,0.03,0.025,148.0,0.0,-100.0,588,226,362,38.435,100.0,0.405,-4.093,2934,3.65,-97.54,0.0,-99.98,0.0,-99.08
BTC-USDT-SWAP,1H,6H,0.003,0.03,0.03,148.0,0.0,-100.0,588,226,362,38.435,100.0,0.363,-4.093,2934,2.08,-98.59,0.0,-99.99,0.0,-98.89
BTC-USDT-SWAP,1H,6H,0.004,0.004,0.005,148.0,1.452,-99.019,505,337,168,66.733,99.271,0.599,-4.053,2934,55.98,-62.18,5.89,-89.48,1.45,-75.34
BTC-USDT-SWAP,1H,6H,0.004,0.004,0.008,148.0,44.526,-69.915,505,401,104,79.406,83.558,0.832,-2.861,2934,108.12,-26.95,66.58,-38.42,44.53,-33.12
BTC-USDT-SWAP,1H,6H,0.004,0.004,0.01,148.0,178.053,20.306,505,422,83,83.564,78.059,1.034,0.831,2934,149.49,1.01,137.04,-8.33,178.05,29.93
BTC-USDT-SWAP,1H,6H,0.004,0.004,0.015,148.0,3401.201,2198.109,505,451,54,89.307,62.527,1.868,89.964,2934,474.97,220.93,1210.36,154.83,3401.2,181.01
BTC-USDT-SWAP,1H,6H,0.004,0.004,0.02,148.0,9430.329,6271.844,505,460,45,91.089,57.645,2.83,256.692,2934,490.3,231.29,2195.56,347.8,9430.33,329.52
BTC-USDT-SWAP,1H,6H,0.004,0.004,0.025,148.0,21823.133,14645.36,505,465,40,92.079,54.608,9.304,599.401,2934,510.43,244.89,2450.25,380.03,21823.13,790.65
BTC-USDT-SWAP,1H,6H,0.004,0.004,0.03,148.0,43008.905,28960.071,505,469,36,92.871,35.609,6.771,1185.269,2934,1117.02,654.74,9751.53,772.99,43008.9,341.05
BTC-USDT-SWAP,1H,6H,0.004,0.006,0.005,148.0,37.829,-74.44,505,301,204,59.604,88.844,0.916,-3.047,2934,217.4,46.89,71.4,-67.16,37.83,-47.02
BTC-USDT-SWAP,1H,6H,0.004,0.006,0.008,148.0,1589.512,973.995,505,359,146,71.089,63.095,1.27,39.863,2934,478.11,223.05,740.49,54.88,1589.51,114.66
BTC-USDT-SWAP,1H,6H,0.004,0.006,0.01,148.0,7298.104,4831.152,505,379,126,75.05,61.885,1.593,197.728,2934,796.5,438.18,1756.52,120.53,7298.1,315.49
BTC-USDT-SWAP,1H,6H,0.004,0.006,0.015,148.0,55505.398,37403.647,505,405,100,80.198,42.602,2.118,1530.845,2934,2491.6,1583.51,16738.38,571.79,55505.4,231.61
BTC-USDT-SWAP,1H,6H,0.004,0.006,0.02,148.0,67914.579,45788.229,505,412,93,81.584,51.478,2.607,1874.007,2934,2110.68,1326.14,23981.12,1036.18,67914.58,183.2
BTC-USDT-SWAP,1H,6H,0.004,0.006,0.025,148.0,80997.392,54627.967,505,417,88,82.574,46.979,3.463,2235.797,2934,2096.25,1316.39,25363.93,1109.97,80997.39,219.34
BTC-USDT-SWAP,1H,6H,0.004,0.006,0.03,148.0,103783.586,70024.044,505,421,84,83.366,32.3,2.865,2865.923,2934,4441.06,2900.72,48150.13,984.2,103783.59,115.54
BTC-USDT-SWAP,1H,6H,0.004,0.008,0.005,148.0,19.414,-86.882,505,252,253,49.901,95.358,0.922,-3.556,2934,278.92,88.46,47.69,-82.9,19.41,-59.29
BTC-USDT-SWAP,1H,6H,0.004,0.008,0.008,148.0,550.702,272.096,505,301,204,59.604,75.201,1.064,11.136,2934,878.93,493.87,472.3,-46.26,550.7,16.6
BTC-USDT-SWAP,1H,6H,0.004,0.008,0.01,148.0,3087.103,1985.88,505,319,186,63.168,70.223,1.219,81.277,2934,1332.86,800.58,1145.66,-14.05,3087.1,169.46
BTC-USDT-SWAP,1H,6H,0.004,0.008,0.015,148.0,28749.097,19325.065,505,339,166,67.129,61.925,1.508,790.93,2934,2867.38,1837.42,6619.17,130.84,28749.1,334.33
BTC-USDT-SWAP,1H,6H,0.004,0.008,0.02,148.0,34468.912,23189.805,505,345,160,68.317,54.336,1.642,949.105,2934,2185.41,1376.63,6822.59,212.19,34468.91,405.22
BTC-USDT-SWAP,1H,6H,0.004,0.008,0.025,148.0,48403.12,32604.811,505,350,155,69.307,54.336,2.056,1334.44,2934,1936.66,1208.55,6290.69,224.82,48403.12,669.44
BTC-USDT-SWAP,1H,6H,0.004,0.008,0.03,148.0,77533.851,52287.737,505,354,151,70.099,49.073,1.736,2140.017,2934,4155.03,2707.45,29540.68,610.96,77533.85,162.46
BTC-USDT-SWAP,1H,6H,0.004,0.01,0.005,148.0,9.027,-93.9,505,224,281,44.356,97.139,0.914,-3.843,2934,250.63,69.34,28.66,-88.56,9.03,-68.5
BTC-USDT-SWAP,1H,6H,0.004,0.01,0.008,148.0,115.459,-21.987,505,266,239,52.673,91.409,0.994,-0.9,2934,920.29,521.82,258.04,-71.96,115.46,-55.25
BTC-USDT-SWAP,1H,6H,0.004,0.01,0.01,148.0,812.041,448.676,505,284,221,56.238,78.928,1.046,18.363,2934,1582.36,969.16,1027.63,-35.06,812.04,-20.98
BTC-USDT-SWAP,1H,6H,0.004,0.01,0.015,148.0,7156.515,4735.483,505,301,204,59.604,68.667,1.106,193.812,2934,3450.2,2231.21,5447.71,57.9,7156.51,31.37
BTC-USDT-SWAP,1H,6H,0.004,0.01,0.02,148.0,5997.845,3952.598,505,306,199,60.594,70.659,1.089,161.771,2934,3278.2,2115.0,5495.57,67.64,5997.84,9.14
BTC-USDT-SWAP,1H,6H,0.004,0.01,0.025,148.0,9668.249,6432.6,505,310,195,61.386,66.662,1.165,263.272,2934,3074.41,1977.3,3261.3,6.08,9668.25,196.45
BTC-USDT-SWAP,1H,6H,0.004,0.01,0.03,148.0,24000.646,16116.653,505,313,192,61.98,70.06,1.197,659.617,2934,4292.23,2800.15,8434.32,96.5,24000.65,184.56
BTC-USDT-SWAP,1H,6H,0.004,0.012,0.005,148.0,1.598,-98.92,505,198,307,39.208,99.298,0.831,-4.049,2934,130.81,-11.61,6.11,-95.33,1.6,-73.85
BTC-USDT-SWAP,1H,6H,0.004,0.012,0.008,148.0,12.186,-91.766,505,237,268,46.931,98.431,0.946,-3.756,2934,483.97,227.01,43.31,-91.05,12.19,-71.87
BTC-USDT-SWAP,1H,6H,0.004,0.012,0.01,148.0,63.765,-56.916,505,253,252,50.099,94.417,0.979,-2.329,2934,623.63,321.37,173.16,-72.23,63.76,-63.18
BTC-USDT-SWAP,1H,6H,0.004,0.012,0.015,148.0,300.671,103.156,505,267,238,52.871,89.901,1.016,4.222,2934,981.16,562.94,512.53,-47.76,300.67,-41.34
BTC-USDT-SWAP,1H,6H,0.004,0.012,0.02,148.0,396.751,168.075,505,273,232,54.059,89.458,1.02,6.879,2934,1193.21,706.22,723.21,-39.39,396.75,-45.14
BTC-USDT-SWAP,1H,6H,0.004,0.012,0.025,148.0,527.472,256.4,505,277,228,54.851,88.433,1.044,10.494,2934,933.58,530.8,335.02,-64.11,527.47,57.45
BTC-USDT-SWAP,1H,6H,0.004,0.012,0.03,148.0,402.006,171.626,505,278,227,55.05,91.054,1.033,7.024,2934,659.78,345.8,294.44,-55.37,402.01,36.53
BTC-USDT-SWAP,1H,6H,0.004,0.015,0.005,148.0,0.584,-99.606,505,181,324,35.842,99.721,0.787,-4.077,2934,76.99,-47.98,2.82,-96.34,0.58,-79.27
BTC-USDT-SWAP,1H,6H,0.004,0.015,0.008,148.0,1.06,-99.284,505,212,293,41.98,99.555,0.879,-4.063,2934,174.68,18.03,6.86,-96.07,1.06,-84.54
BTC-USDT-SWAP,1H,6H,0.004,0.015,0.01,148.0,3.378,-97.718,505,226,279,44.752,98.938,0.912,-3.999,2934,201.54,36.18,21.24,-89.46,3.38,-84.09
BTC-USDT-SWAP,1H,6H,0.004,0.015,0.015,148.0,2.424,-98.362,505,233,272,46.139,98.892,0.889,-4.026,2934,115.95,-21.66,17.78,-84.66,2.42,-86.37
BTC-USDT-SWAP,1H,6H,0.004,0.015,0.02,148.0,1.659,-98.879,505,237,268,46.931,99.183,0.881,-4.047,2934,104.53,-29.37,12.64,-87.91,1.66,-86.88
BTC-USDT-SWAP,1H,6H,0.004,0.015,0.025,148.0,1.643,-98.89,505,239,266,47.327,99.124,0.836,-4.047,2934,75.81,-48.77,5.71,-92.46,1.64,-71.24
BTC-USDT-SWAP,1H,6H,0.004,0.015,0.03,148.0,0.695,-99.53,505,239,266,47.327,99.629,0.778,-4.074,2934,49.89,-66.29,2.99,-94.0,0.7,-76.78
BTC-USDT-SWAP,1H,6H,0.004,0.02,0.005,148.0,0.062,-99.958,505,164,341,32.475,99.97,0.724,-4.091,2934,45.2,-69.46,0.72,-98.41,0.06,-91.34
BTC-USDT-SWAP,1H,6H,0.004,0.02,0.008,148.0,0.022,-99.985,505,189,316,37.426,99.99,0.794,-4.092,2934,80.58,-45.55,0.49,-99.4,0.02,-95.45
BTC-USDT-SWAP,1H,6H,0.004,0.02,0.01,148.0,0.032,-99.978,505,201,304,39.802,99.987,0.797,-4.092,2934,78.91,-46.68,0.61,-99.23,0.03,-94.68
BTC-USDT-SWAP,1H,6H,0.004,0.02,0.015,148.0,0.017,-99.989,505,208,297,41.188,99.993,0.706,-4.092,2934,28.57,-80.69,0.37,-98.71,0.02,-95.48
BTC-USDT-SWAP,1H,6H,0.004,0.02,0.02,148.0,0.011,-99.993,505,212,293,41.98,99.995,0.672,-4.092,2934,22.66,-84.69,0.25,-98.92,0.01,-95.51
BTC-USDT-SWAP,1H,6H,0.004,0.02,0.025,148.0,0.008,-99.994,505,213,292,42.178,99.996,0.616,-4.093,2934,15.05,-89.83,0.09,-99.37,0.01,-91.25
BTC-USDT-SWAP,1H,6H,0.004,0.02,0.03,148.0,0.003,-99.998,505,213,292,42.178,99.999,0.543,-4.093,2934,8.59,-94.2,0.04,-99.53,0.0,-92.94
BTC-USDT-SWAP,1H,6H,0.004,0.03,0.005,148.0,0.002,-99.999,505,147,358,29.109,99.999,0.521,-4.093,2934,17.74,-88.02,0.07,-99.6,0.0,-97.41
BTC-USDT-SWAP,1H,6H,0.004,0.03,0.008,148.0,0.001,-100.0,505,173,332,34.257,100.0,0.614,-4.093,2934,34.66,-76.58,0.03,-99.9,0.0,-98.48
BTC-USDT-SWAP,1H,6H,0.004,0.03,0.01,148.0,0.001,-100.0,505,185,320,36.634,100.0,0.612,-4.093,2934,31.72,-78.57,0.03,-99.89,0.0,-98.51
BTC-USDT-SWAP,1H,6H,0.004,0.03,0.015,148.0,0.0,-100.0,505,193,312,38.218,100.0,0.474,-4.093,2934,9.52,-93.57,0.02,-99.79,0.0,-98.81
BTC-USDT-SWAP,1H,6H,0.004,0.03,0.02,148.0,0.0,-100.0,505,196,309,38.812,100.0,0.449,-4.093,2934,8.88,-94.0,0.01,-99.91,0.0,-98.9
BTC-USDT-SWAP,1H,6H,0.004,0.03,0.025,148.0,0.0,-100.0,505,196,309,38.812,100.0,0.359,-4.093,2934,3.63,-97.55,0.0,-99.96,0.0,-98.0
BTC-USDT-SWAP,1H,6H,0.004,0.03,0.03,148.0,0.0,-100.0,505,196,309,38.812,100.0,0.311,-4.093,2934,1.93,-98.7,0.0,-99.98,0.0,-98.5
BTC-USDT-SWAP,1H,6H,0.005,0.004,0.005,148.0,0.439,-99.703,442,276,166,62.443,99.722,0.43,-4.081,2934,23.76,-83.95,2.85,-88.01,0.44,-84.58
BTC-USDT-SWAP,1H,6H,0.005,0.004,0.008,148.0,18.151,-87.736,442,341,101,77.149,88.369,0.688,-3.591,2934,53.17,-64.08,36.49,-31.36,18.15,-50.26
BTC-USDT-SWAP,1H,6H,0.005,0.004,0.01,148.0,113.79,-23.115,442,364,78,82.353,73.914,0.95,-0.946,2934,98.08,-33.73,107.7,9.81,113.79,5.66
BTC-USDT-SWAP,1H,6H,0.005,0.004,0.015,148.0,1687.044,1039.895,442,390,52,88.235,50.412,1.584,42.56,2934,330.39,123.23,806.93,144.24,1687.04,109.07
BTC-USDT-SWAP,1H,6H,0.005,0.004,0.02,148.0,11396.022,7600.015,442,402,40,90.95,45.988,2.8,311.051,2934,476.41,221.9,2706.07,468.01,11396.02,321.13
BTC-USDT-SWAP,1H,6H,0.005,0.004,0.025,148.0,20008.234,13419.077,442,405,37,91.629,49.583,6.268,549.212,2934,444.7,200.48,2893.29,550.61,20008.23,591.54
BTC-USDT-SWAP,1H,6H,0.005,0.004,0.03,148.0,33126.999,22283.108,442,408,34,92.308,34.877,6.543,911.996,2934,808.75,446.45,6848.51,746.8,33127.0,383.71
BTC-USDT-SWAP,1H,6H,0.005,0.006,0.005,148.0,10.49,-92.912,442,254,188,57.466,94.288,0.786,-3.803,2934,85.67,-42.11,27.68,-67.69,10.49,-62.1
BTC-USDT-SWAP,1H,6H,0.005,0.006,0.008,148.0,794.917,437.106,442,315,127,71.267,64.934,1.198,17.89,2934,230.14,55.5,531.43,130.91,794.92,49.58
BTC-USDT-SWAP,1H,6H,0.005,0.006,0.01,148.0,5985.428,3944.208,442,336,106,76.018,60.274,1.582,161.427,2934,411.57,178.09,1631.43,296.4,5985.43,266.88
BTC-USDT-SWAP,1H,6H,0.005,0.006,0.015,148.0,46456.935,31289.821,442,360,82,81.448,53.758,2.274,1280.62,2934,1724.96,1065.51,14409.19,735.33,46456.93,222.41
BTC-USDT-SWAP,1H,6H,0.005,0.006,0.02,148.0,66830.206,45055.545,442,369,73,83.484,35.304,3.37,1844.02,2934,1471.68,894.38,25326.3,1620.91,66830.21,163.88
BTC-USDT-SWAP,1H,6H,0.005,0.006,0.025,148.0,76932.63,51881.507,442,372,70,84.163,39.426,4.481,2123.39,2934,1350.84,812.73,27628.73,1945.3,76932.63,178.45
BTC-USDT-SWAP,1H,6H,0.005,0.006,0.03,148.0,92115.431,62140.156,442,375,67,84.842,32.0,3.886,2543.253,2934,2708.09,1729.79,42811.53,1480.87,92115.43,115.17
BTC-USDT-SWAP,1H,6H,0.005,0.008,0.005,148.0,6.925,-95.321,442,216,226,48.869,96.513,0.863,-3.901,2934,169.95,14.83,27.44,-83.85,6.92,-74.77
BTC-USDT-SWAP,1H,6H,0.005,0.008,0.008,148.0,254.821,72.176,442,265,177,59.955,70.599,1.028,2.954,2934,540.0,264.87,266.04,-50.73,254.82,-4.22
BTC-USDT-SWAP,1H,6H,0.005,0.008,0.01,148.0,1921.735,1198.47,442,284,158,64.253,64.343,1.203,49.051,2934,840.39,467.83,675.56,-19.61,1921.73,184.46
BTC-USDT-SWAP,1H,6H,0.005,0.008,0.015,148.0,24610.155,16528.483,442,304,138,68.778,66.012,1.477,676.473,2934,3644.71,2362.64,4916.38,34.89,24610.16,400.57
BTC-USDT-SWAP,1H,6H,0.005,0.008,0.02,148.0,44539.527,29994.275,442,312,130,70.588,45.633,1.801,1227.597,2934,2977.72,1911.98,9530.32,220.05,44539.53,367.35
BTC-USDT-SWAP,1H,6H,0.005,0.008,0.025,148.0,54551.534,36759.144,442,315,127,71.267,46.929,2.117,1504.467,2934,2557.34,1627.93,9969.28,289.83,54551.53,447.2
BTC-USDT-SWAP,1H,6H,0.005,0.008,0.03,148.0,73303.429,49429.344,442,318,124,71.946,44.783,1.846,2023.029,2934,4959.62,3251.09,27433.01,453.13,73303.43,167.21
BTC-USDT-SWAP,1H,6H,0.005,0.01,0.005,148.0,11.488,-92.238,442,199,243,45.023,95.211,0.904,-3.775,2934,223.07,50.72,41.94,-81.2,11.49,-72.61
BTC-USDT-SWAP,1H,6H,0.005,0.01,0.008,148.0,248.412,67.846,442,240,202,54.299,82.003,1.013,2.777,2934,1091.97,637.82,623.98,-42.86,248.41,-60.19
BTC-USDT-SWAP,1H,6H,0.005,0.01,0.01,148.0,1528.605,932.841,442,257,185,58.145,68.951,1.085,38.179,2934,1376.68,830.19,1602.63,16.41,1528.6,-4.62
BTC-USDT-SWAP,1H,6H,0.005,0.01,0.015,148.0,14650.571,9799.035,442,274,168,61.991,65.516,1.166,401.052,2934,5409.52,3555.08,9077.09,67.8,14650.57,61.4
BTC-USDT-SWAP,1H,6H,0.005,0.01,0.02,148.0,21505.657,14430.849,442,279,163,63.122,63.142,1.265,590.621,2934,4230.72,2758.59,8062.2,90.56,21505.66,166.75
BTC-USDT-SWAP,1H,6H,0.005,0.01,0.025,148.0,32297.023,21722.313,442,282,160,63.801,66.493,1.442,889.044,2934,3399.62,2197.04,7218.43,112.33,32297.02,347.42
BTC-USDT-SWAP,1H,6H,0.005,0.01,0.03,148.0,53677.629,36168.668,442,285,157,64.48,60.438,1.416,1480.3,2934,6373.54,4206.45,23330.05,266.05,53677.63,130.08
BTC-USDT-SWAP,1H,6H,0.005,0.012,0.005,148.0,2.158,-98.542,442,176,266,39.819,98.818,0.814,-4.033,2934,97.61,-34.05,11.7,-88.02,2.16,-81.55
BTC-USDT-SWAP,1H,6H,0.005,0.012,0.008,148.0,26.669,-81.981,442,214,228,48.416,95.29,0.953,-3.355,2934,409.53,176.71,98.87,-75.86,26.67,-73.03
BTC-USDT-SWAP,1H,6H,0.005,0.012,0.01,148.0,98.129,-33.697,442,227,215,51.357,84.194,0.985,-1.379,2934,407.53,175.36,249.57,-38.76,98.13,-60.68
BTC-USDT-SWAP,1H,6H,0.005,0.012,0.015,148.0,941.006,535.815,442,245,197,55.43,81.957,1.038,21.93,2934,1720.94,1062.8,1793.06,4.19,941.01,-47.52
BTC-USDT-SWAP,1H,6H,0.005,0.012,0.02,148.0,1119.311,656.291,442,250,192,56.561,82.495,1.04,26.86,2934,1819.53,1129.41,2029.05,11.52,1119.31,-44.84
BTC-USDT-SWAP,1H,6H,0.005,0.012,0.025,148.0,1226.701,728.852,442,252,190,57.014,81.213,1.064,29.83,2934,1438.76,872.13,1053.5,-26.78,1226.7,16.44
BTC-USDT-SWAP,1H,6H,0.005,0.012,0.03,148.0,934.433,531.374,442,253,189,57.24,85.133,1.052,21.748,2934,987.01,566.9,925.41,-6.24,934.43,0.98
BTC-USDT-SWAP,1H,6H,0.005,0.015,0.005,148.0,0.593,-99.599,442,157,285,35.52,99.67,0.737,-4.076,2934,59.35,-59.9,3.3,-94.44,0.59,-82.03
BTC-USDT-SWAP,1H,6H,0.005,0.015,0.008,148.0,3.521,-97.621,442,190,252,42.986,98.784,0.894,-3.995,2934,203.06,37.2,22.88,-88.73,3.52,-84.61
BTC-USDT-SWAP,1H,6H,0.005,0.015,0.01,148.0,7.21,-95.129,442,201,241,45.475,97.6,0.901,-3.893,2934,198.43,34.07,36.35,-81.68,7.21,-80.17
BTC-USDT-SWAP,1H,6H,0.005,0.015,0.015,148.0,20.245,-86.321,442,215,227,48.643,97.038,0.956,-3.533,2934,263.8,78.24,103.68,-60.7,20.24,-80.47
BTC-USDT-SWAP,1H,6H,0.005,0.015,0.02,148.0,16.227,-89.036,442,219,223,49.548,98.021,0.959,-3.644,2934,256.03,72.99,87.72,-65.74,16.23,-81.5
BTC-USDT-SWAP,1H,6H,0.005,0.015,0.025,148.0,14.336,-90.314,442,221,221,50.0,97.05,0.93,-3.696,2934,162.1,9.53,37.18,-77.06,14.34,-61.45
BTC-USDT-SWAP,1H,6H,0.005,0.015,0.03,148.0,6.453,-95.64,442,221,221,50.0,97.765,0.889,-3.914,2934,103.85,-29.83,20.73,-80.04,6.45,-68.87
BTC-USDT-SWAP,1H,6H,0.005,0.02,0.005,148.0,0.028,-99.981,442,138,304,31.222,99.983,0.642,-4.092,2934,28.92,-80.46,0.44,-98.49,0.03,-93.62
BTC-USDT-SWAP,1H,6H,0.005,0.02,0.008,148.0,0.024,-99.984,442,163,279,36.878,99.986,0.69,-4.092,2934,42.42,-71.34,0.45,-98.94,0.02,-94.56
BTC-USDT-SWAP,1H,6H,0.005,0.02,0.01,148.0,0.016,-99.989,442,170,272,38.462,99.992,0.637,-4.092,2934,29.49,-80.08,0.21,-99.28,0.02,-92.7
BTC-USDT-SWAP,1H,6H,0.005,0.02,0.015,148.0,0.022,-99.985,442,182,260,41.176,99.987,0.604,-4.092,2934,18.45,-87.53,0.33,-98.19,0.02,-93.3
BTC-USDT-SWAP,1H,6H,0.005,0.02,0.02,148.0,0.02,-99.987,442,187,255,42.308,99.989,0.671,-4.092,2934,20.02,-86.47,0.29,-98.56,0.02,-93.11
BTC-USDT-SWAP,1H,6H,0.005,0.02,0.025,148.0,0.011,-99.993,442,187,255,42.308,99.994,0.594,-4.092,2934,11.26,-92.39,0.11,-99.04,0.01,-89.95
BTC-USDT-SWAP,1H,6H,0.005,0.02,0.03,148.0,0.004,-99.997,442,187,255,42.308,99.998,0.518,-4.093,2934,6.25,-95.77,0.05,-99.22,0.0,-91.89
BTC-USDT-SWAP,1H,6H,0.005,0.03,0.005,148.0,0.005,-99.996,442,129,313,29.186,99.997,0.561,-4.093,2934,22.27,-84.95,0.14,-99.36,0.01,-96.27
BTC-USDT-SWAP,1H,6H,0.005,0.03,0.008,148.0,0.003,-99.998,442,154,288,34.842,99.998,0.602,-4.093,2934,33.54,-77.34,0.1,-99.7,0.0,-97.0
BTC-USDT-SWAP,1H,6H,0.005,0.03,0.01,148.0,0.002,-99.999,442,161,281,36.425,99.999,0.557,-4.093,2934,24.65,-83.35,0.05,-99.81,0.0,-96.13
BTC-USDT-SWAP,1H,6H,0.005,0.03,0.015,148.0,0.002,-99.999,442,172,270,38.914,99.999,0.464,-4.093,2934,11.07,-92.52,0.05,-99.55,0.0,-96.37
BTC-USDT-SWAP,1H,6H,0.005,0.03,0.02,148.0,0.0,-100.0,442,174,268,39.367,100.0,0.423,-4.093,2934,7.31,-95.06,0.01,-99.81,0.0,-96.49
BTC-USDT-SWAP,1H,6H,0.005,0.03,0.025,148.0,0.0,-100.0,442,174,268,39.367,100.0,0.36,-4.093,2934,3.85,-97.4,0.0,-99.9,0.0,-95.22
BTC-USDT-SWAP,1H,6H,0.005,0.03,0.03,148.0,0.0,-100.0,442,174,268,39.367,100.0,0.312,-4.093,2934,1.99,-98.66,0.0,-99.94,0.0,-96.4
BTC-USDT-SWAP,1H,6H,0.007,0.004,0.005,148.0,3.009,-97.967,341,224,117,65.689,97.967,0.42,-4.01,2934,35.85,-75.77,8.63,-75.92,3.01,-65.15
BTC-USDT-SWAP,1H,6H,0.007,0.004,0.008,148.0,31.947,-78.414,341,270,71,79.179,83.36,0.686,-3.209,2934,63.8,-56.89,38.42,-39.77,31.95,-16.85
BTC-USDT-SWAP,1H,6H,0.007,0.004,0.01,148.0,81.84,-44.702,341,285,56,83.578,70.08,0.857,-1.83,2934,81.41,-44.99,60.96,-25.12,81.84,34.25
BTC-USDT-SWAP,1H,6H,0.007,0.004,0.015,148.0,484.208,227.168,341,305,36,89.443,52.925,1.496,9.297,2934,156.66,5.85,177.26,13.15,484.21,173.16
BTC-USDT-SWAP,1H,6H,0.007,0.004,0.02,148.0,1282.999,766.891,341,313,28,91.789,54.672,2.032,31.387,2934,281.16,89.98,432.77,53.92,1283.0,196.46
BTC-USDT-SWAP,1H,6H,0.007,0.004,0.025,148.0,6436.921,4249.271,341,320,21,93.842,29.293,5.106,173.913,2934,421.14,184.55,1269.7,201.49,6436.92,406.96
BTC-USDT-SWAP,1H,6H,0.007,0.004,0.03,148.0,16318.002,10925.677,341,323,18,94.721,34.136,5.973,447.163,2934,822.21,455.55,3226.41,292.41,16318.0,405.76
BTC-USDT-SWAP,1H,6H,0.007,0.006,0.005,148.0,72.504,-51.011,341,210,131,61.584,68.056,0.894,-2.088,2934,102.12,-31.0,80.5,-21.17,72.5,-9.93
BTC-USDT-SWAP,1H,6H,0.007,0.006,0.008,148.0,1049.828,609.343,341,252,89,73.9,54.116,1.355,24.939,2934,232.4,57.03,413.32,77.85,1049.83,154.0
BTC-USDT-SWAP,1H,6H,0.007,0.006,0.01,148.0,3342.458,2158.418,341,266,75,78.006,48.813,1.568,88.339,2934,326.8,120.81,877.05,168.38,3342.46,281.1
BTC-USDT-SWAP,1H,6H,0.007,0.006,0.015,148.0,20621.473,13833.428,341,284,57,83.284,43.935,2.643,566.17,2934,623.21,321.09,2530.74,306.08,20621.47,714.84
BTC-USDT-SWAP,1H,6H,0.007,0.006,0.02,148.0,34006.844,22877.598,341,291,50,85.337,46.241,3.409,936.327,2934,903.13,510.22,5148.84,470.11,34006.84,560.48
BTC-USDT-SWAP,1H,6H,0.007,0.006,0.025,148.0,62648.55,42230.101,341,298,43,87.39,27.907,4.573,1728.381,2934,1637.47,1006.4,18917.88,1055.31,62648.55,231.16
BTC-USDT-SWAP,1H,6H,0.007,0.006,0.03,148.0,78955.713,53248.454,341,301,40,88.27,32.845,3.74,2179.336,2934,3323.5,2145.61,35225.04,959.88,78955.71,124.15
BTC-USDT-SWAP,1H,6H,0.007,0.008,0.005,148.0,482.015,225.686,341,196,145,57.478,62.193,1.151,9.237,2934,281.15,89.97,249.67,-11.2,482.01,93.06
BTC-USDT-SWAP,1H,6H,0.007,0.008,0.008,148.0,5432.961,3570.919,341,232,109,68.035,48.731,1.551,146.149,2934,594.12,301.43,1002.91,68.81,5432.96,441.72
BTC-USDT-SWAP,1H,6H,0.007,0.008,0.01,148.0,15410.232,10312.319,341,244,97,71.554,45.097,1.679,422.059,2934,898.42,507.04,1975.31,119.86,15410.23,680.14
BTC-USDT-SWAP,1H,6H,0.007,0.008,0.015,148.0,44068.165,29675.787,341,261,80,76.54,42.294,2.407,1214.562,2934,2011.99,1259.45,5815.91,189.06,44068.17,657.72
BTC-USDT-SWAP,1H,6H,0.007,0.008,0.02,148.0,46052.408,31016.492,341,266,75,78.006,52.078,2.742,1269.434,2934,1658.76,1020.78,5554.02,234.83,46052.41,729.17
BTC-USDT-SWAP,1H,6H,0.007,0.008,0.025,148.0,78310.979,52812.824,341,273,68,80.059,43.533,2.832,2161.507,2934,2159.16,1358.89,22634.19,948.29,78310.98,245.99
BTC-USDT-SWAP,1H,6H,0.007,0.008,0.03,148.0,102173.414,68936.09,341,276,65,80.938,34.213,2.887,2821.395,2934,5209.56,3419.98,46496.62,792.52,102173.41,119.74
BTC-USDT-SWAP,1H,6H,0.007,0.01,0.005,148.0,62.038,-58.083,341,162,179,47.507,83.994,0.936,-2.377,2934,289.82,95.82,54.41,-81.23,62.04,14.03
BTC-USDT-SWAP,1H,6H,0.007,0.01,0.008,148.0,602.929,307.385,341,195,146,57.185,79.711,1.139,12.581,2934,491.58,232.15,140.37,-71.44,602.93,329.52
BTC-USDT-SWAP,1H,6H,0.007,0.01,0.01,148.0,1726.464,1066.53,341,206,135,60.411,77.34,1.223,43.651,2934,780.2,427.16,303.03,-61.16,1726.46,469.74
BTC-USDT-SWAP,1H,6H,0.007,0.01,0.015,148.0,7938.365,5263.76,341,221,120,64.809,77.856,1.444,215.434,2934,1702.66,1050.44,707.98,-58.42,7938.37,1021.28
BTC-USDT-SWAP,1H,6H,0.007,0.01,0.02,148.0,10190.161,6785.244,341,226,115,66.276,66.367,1.596,277.704,2934,1343.75,807.94,749.45,-44.23,10190.16,1259.69
BTC-USDT-SWAP,1H,6H,0.007,0.01,0.025,148.0,37537.952,25263.481,341,232,109,68.035,64.749,2.221,1033.976,2934,1667.44,1026.65,2318.18,39.03,37537.95,1519.29
BTC-USDT-SWAP,1H,6H,0.007,0.01,0.03,148.0,62043.828,41821.506,341,235,106,68.915,60.947,1.873,1711.658,2934,4766.6,3120.68,10733.42,125.18,62043.83,478.04
BTC-USDT-SWAP,1H,6H,0.007,0.012,0.005,148.0,26.628,-82.008,341,146,195,42.815,92.445,0.905,-3.356,2934,314.75,112.67,42.81,-86.4,26.63,-37.81
BTC-USDT-SWAP,1H,6H,0.007,0.012,0.008,148.0,258.088,74.384,341,178,163,52.199,80.729,1.032,3.044,2934,604.22,308.26,173.15,-71.34,258.09,49.05
BTC-USDT-SWAP,1H,6H,0.007,0.012,0.01,148.0,764.346,416.45,341,188,153,55.132,70.508,1.081,17.044,2934,838.03,466.24,457.82,-45.37,764.35,66.95
BTC-USDT-SWAP,1H,6H,0.007,0.012,0.015,148.0,1616.499,992.229,341,199,142,58.358,81.533,1.116,40.61,2934,1645.21,1011.63,530.35,-67.76,1616.5,204.8
BTC-USDT-SWAP,1H,6H,0.007,0.012,0.02,148.0,1077.651,628.143,341,202,139,59.238,86.046,1.11,25.708,2934,1242.5,739.53,284.09,-77.14,1077.65,279.34
BTC-USDT-SWAP,1H,6H,0.007,0.012,0.025,148.0,4626.554,3026.05,341,207,134,60.704,84.822,1.275,123.849,2934,1469.31,892.77,572.07,-61.07,4626.55,708.74
BTC-USDT-SWAP,1H,6H,0.007,0.012,0.03,148.0,17936.563,12019.299,341,210,131,61.584,80.043,1.345,491.922,2934,4057.53,2641.58,2189.01,-46.05,17936.56,719.39
BTC-USDT-SWAP,1H,6H,0.007,0.015,0.005,148.0,4.241,-97.134,341,127,214,37.243,98.611,0.854,-3.975,2934,258.64,74.76,16.59,-93.58,4.24,-74.44
BTC-USDT-SWAP,1H,6H,0.007,0.015,0.008,148.0,31.045,-79.024,341,158,183,46.334,93.203,0.924,-3.234,2934,324.28,119.11,60.76,-81.26,31.04,-48.9
BTC-USDT-SWAP,1H,6H,0.007,0.015,0.01,148.0,88.983,-39.876,341,168,173,49.267,86.629,0.981,-1.632,2934,447.47,202.34,166.35,-62.82,88.98,-46.51
BTC-USDT-SWAP,1H,6H,0.007,0.015,0.015,148.0,168.984,14.178,341,180,161,52.786,90.872,1.003,0.58,2934,1024.22,592.04,263.75,-74.25,168.98,-35.93
BTC-USDT-SWAP,1H,6H,0.007,0.015,0.02,148.0,138.207,-6.617,341,184,157,53.959,92.494,0.998,-0.271,2934,955.89,545.87,191.86,-79.93,138.21,-27.96
BTC-USDT-SWAP,1H,6H,0.007,0.015,0.025,148.0,201.473,36.13,341,187,154,54.839,90.685,1.011,1.479,2934,654.02,341.9,142.0,-78.29,201.47,41.88
BTC-USDT-SWAP,1H,6H,0.007,0.015,0.03,148.0,376.129,154.141,341,189,152,55.425,89.331,1.025,6.309,2934,1140.67,670.72,305.7,-73.2,376.13,23.04
BTC-USDT-SWAP,1H,6H,0.007,0.02,0.005,148.0,0.755,-99.49,341,112,229,32.845,99.578,0.72,-4.072,2934,103.13,-30.32,3.18,-96.92,0.76,-76.22
BTC-USDT-SWAP,1H,6H,0.007,0.02,0.008,148.0,0.819,-99.446,341,135,206,39.589,99.631,0.722,-4.07,2934,90.45,-38.89,2.59,-97.13,0.82,-68.4
BTC-USDT-SWAP,1H,6H,0.007,0.02,0.01,148.0,1.518,-98.974,341,143,198,41.935,99.311,0.752,-4.051,2934,73.23,-50.52,4.91,-93.3,1.52,-69.08
BTC-USDT-SWAP,1H,6H,0.007,0.02,0.015,148.0,1.121,-99.243,341,152,189,44.575,99.426,0.753,-4.062,2934,84.03,-43.23,3.96,-95.28,1.12,-71.72
BTC-USDT-SWAP,1H,6H,0.007,0.02,0.02,148.0,0.555,-99.625,341,155,186,45.455,99.713,0.732,-4.077,2934,72.33,-51.13,1.91,-97.36,0.56,-70.91
BTC-USDT-SWAP,1H,6H,0.007,0.02,0.025,148.0,0.398,-99.731,341,156,185,45.748,99.792,0.651,-4.082,2934,43.48,-70.62,0.81,-98.14,0.4,-50.74
BTC-USDT-SWAP,1H,6H,0.007,0.02,0.03,148.0,0.417,-99.719,341,157,184,46.041,99.783,0.65,-4.081,2934,46.72,-68.44,1.05,-97.76,0.42,-60.22
BTC-USDT-SWAP,1H,6H,0.007,0.03,0.005,148.0,0.073,-99.951,341,102,239,29.912,99.951,0.72,-4.091,2934,120.3,-18.72,0.78,-99.35,0.07,-90.6
BTC-USDT-SWAP,1H,6H,0.007,0.03,0.008,148.0,0.046,-99.969,341,125,216,36.657,99.974,0.701,-4.092,2934,99.08,-33.05,0.45,-99.55,0.05,-89.75
BTC-USDT-SWAP,1H,6H,0.007,0.03,0.01,148.0,0.093,-99.937,341,133,208,39.003,99.946,0.711,-4.09,2934,63.24,-57.27,0.96,-98.48,0.09,-90.37
BTC-USDT-SWAP,1H,6H,0.007,0.03,0.015,148.0,0.04,-99.973,341,141,200,41.349,99.975,0.674,-4.092,2934,64.52,-56.41,0.47,-99.27,0.04,-91.53
BTC-USDT-SWAP,1H,6H,0.007,0.03,0.02,148.0,0.014,-99.991,341,144,197,42.229,99.992,0.646,-4.092,2934,47.1,-68.18,0.16,-99.66,0.01,-91.18
BTC-USDT-SWAP,1H,6H,0.007,0.03,0.025,148.0,0.006,-99.996,341,144,197,42.229,99.997,0.562,-4.093,2934,26.49,-82.1,0.05,-99.8,0.01,-88.91
BTC-USDT-SWAP,1H,6H,0.007,0.03,0.03,148.0,0.005,-99.997,341,145,196,42.522,99.997,0.539,-4.093,2934,26.5,-82.09,0.05,-99.79,0.0,-91.66
BTC-USDT-SWAP,1H,6H,0.01,0.004,0.005,148.0,8.086,-94.536,238,153,85,64.286,94.749,0.447,-3.869,2934,56.68,-61.7,18.93,-66.6,8.09,-57.29
BTC-USDT-SWAP,1H,6H,0.01,0.004,0.008,148.0,52.29,-64.669,238,188,50,78.992,75.601,0.723,-2.647,2934,98.61,-33.37,56.1,-43.11,52.29,-6.78
BTC-USDT-SWAP,1H,6H,0.01,0.004,0.01,148.0,58.271,-60.627,238,195,43,81.933,70.914,0.744,-2.481,2934,100.8,-31.89,67.52,-33.02,58.27,-13.7
BTC-USDT-SWAP,1H,6H,0.01,0.004,0.015,148.0,329.249,122.465,238,212,26,89.076,46.986,1.33,5.012,2934,182.45,23.28,230.43,26.3,329.25,42.88
BTC-USDT-SWAP,1H,6H,0.01,0.004,0.02,148.0,495.792,234.995,238,217,21,91.176,50.406,1.64,9.618,2934,228.69,54.52,260.16,13.76,495.79,90.57
BTC-USDT-SWAP,1H,6H,0.01,0.004,0.025,148.0,974.297,558.309,238,221,17,92.857,43.448,1.838,22.85,2934,366.01,147.3,583.69,59.47,974.3,66.92
BTC-USDT-SWAP,1H,6H,0.01,0.004,0.03,148.0,1432.155,867.673,238,223,15,93.697,50.93,1.848,35.512,2934,511.41,245.54,988.8,93.35,1432.16,44.84
BTC-USDT-SWAP,1H,6H,0.01,0.006,0.005,148.0,85.835,-42.003,238,146,92,61.345,62.948,0.893,-1.719,2934,123.57,-16.51,98.94,-19.93,85.83,-13.25
BTC-USDT-SWAP,1H,6H,0.01,0.006,0.008,148.0,831.225,461.638,238,179,59,75.21,36.493,1.499,18.894,2934,266.16,79.84,404.33,51.91,831.22,105.58
BTC-USDT-SWAP,1H,6H,0.01,0.006,0.01,148.0,1014.381,585.393,238,186,52,78.151,37.723,1.553,23.959,2934,282.85,91.12,534.64,89.02,1014.38,89.73
BTC-USDT-SWAP,1H,6H,0.01,0.006,0.015,148.0,6953.695,4598.443,238,202,36,84.874,30.433,2.573,188.204,2934,575.23,288.67,2172.01,277.59,6953.69,220.15
BTC-USDT-SWAP,1H,6H,0.01,0.006,0.02,148.0,9717.629,6465.965,238,206,32,86.555,42.263,3.606,264.637,2934,625.21,322.44,2189.09,250.14,9717.63,343.91
BTC-USDT-SWAP,1H,6H,0.01,0.006,0.025,148.0,19883.234,13334.618,238,210,28,88.235,40.056,3.227,545.755,2934,1040.24,602.86,5308.0,410.27,19883.23,274.59
BTC-USDT-SWAP,1H,6H,0.01,0.006,0.03,148.0,26368.41,17716.493,238,212,26,89.076,47.986,2.684,725.095,2934,1481.98,901.34,9348.12,530.79,26368.41,182.07
BTC-USDT-SWAP,1H,6H,0.01,0.008,0.005,148.0,262.669,77.479,238,132,106,55.462,60.964,1.115,3.171,2934,192.69,30.19,160.05,-16.94,262.67,64.12
BTC-USDT-SWAP,1H,6H,0.01,0.008,0.008,148.0,2265.742,1430.907,238,159,79,66.807,36.118,1.705,58.564,2934,372.75,151.86,698.8,87.47,2265.74,224.23
BTC-USDT-SWAP,1H,6H,0.01,0.008,0.01,148.0,2718.253,1736.657,238,165,73,69.328,40.862,1.68,71.077,2934,484.91,227.64,911.57,87.99,2718.25,198.19
BTC-USDT-SWAP,1H,6H,0.01,0.008,0.015,148.0,16399.487,10980.735,238,179,59,75.21,41.917,2.627,449.416,2934,862.54,482.8,2919.01,238.42,16399.49,461.82
BTC-USDT-SWAP,1H,6H,0.01,0.008,0.02,148.0,25791.325,17326.571,238,183,55,76.891,51.794,3.59,709.137,2934,1080.07,629.78,3719.52,244.38,25791.33,593.4
BTC-USDT-SWAP,1H,6H,0.01,0.008,0.025,148.0,38982.505,26239.53,238,187,51,78.571,38.465,2.733,1073.923,2934,1866.82,1161.37,9732.96,421.37,38982.5,300.52
BTC-USDT-SWAP,1H,6H,0.01,0.008,0.03,148.0,48351.309,32569.804,238,189,49,79.412,42.679,2.56,1333.007,2934,2710.73,1731.57,17641.85,550.82,48351.31,174.07
BTC-USDT-SWAP,1H,6H,0.01,0.01,0.005,148.0,313.519,111.837,238,119,119,50.0,62.21,1.121,4.577,2934,269.77,82.27,188.87,-29.99,313.52,65.99
BTC-USDT-SWAP,1H,6H,0.01,0.01,0.008,148.0,2866.797,1837.025,238,144,94,60.504,41.799,1.518,75.185,2934,717.39,384.72,944.08,31.6,2866.8,203.66
BTC-USDT-SWAP,1H,6H,0.01,0.01,0.01,148.0,3694.269,2396.128,238,150,88,63.025,46.05,1.51,98.068,2934,987.13,566.98,1327.93,34.52,3694.27,178.2
BTC-USDT-SWAP,1H,6H,0.01,0.01,0.015,148.0,12826.927,8566.842,238,161,77,67.647,48.062,2.046,350.621,2934,1130.43,663.8,2520.46,122.96,12826.93,408.91
BTC-USDT-SWAP,1H,6H,0.01,0.01,0.02,148.0,21314.142,14301.447,238,165,73,69.328,49.014,2.604,585.325,2934,1420.4,859.73,2926.67,106.05,21314.14,628.27
BTC-USDT-SWAP,1H,6H,0.01,0.01,0.025,148.0,45395.048,30572.33,238,170,68,71.429,41.57,2.153,1251.255,2934,2690.76,1718.08,13566.53,404.19,45395.05,234.61
BTC-USDT-SWAP,1H,6H,0.01,0.01,0.03,148.0,55085.432,37119.886,238,172,66,72.269,42.499,2.032,1519.231,2934,3980.84,2589.76,24446.59,514.11,55085.43,125.33
BTC-USDT-SWAP,1H,6H,0.01,0.012,0.005,148.0,474.95,220.912,238,109,129,45.798,60.524,1.221,9.041,2934,235.09,58.84,195.2,-16.97,474.95,143.31
BTC-USDT-SWAP,1H,6H,0.01,0.012,0.008,148.0,4795.838,3140.431,238,133,105,55.882,40.216,1.667,128.531,2934,746.61,404.47,1038.6,39.11,4795.84,361.76
BTC-USDT-SWAP,1H,6H,0.01,0.012,0.01,148.0,5726.612,3769.332,238,138,100,57.983,48.871,1.64,154.27,2934,921.52,522.65,1329.07,44.23,5726.61,330.87
BTC-USDT-SWAP,1H,6H,0.01,0.012,0.015,148.0,20713.895,13895.875,238,148,90,62.185,42.018,2.232,568.726,2934,1115.01,653.39,2905.77,160.6,20713.9,612.85
BTC-USDT-SWAP,1H,6H,0.01,0.012,0.02,148.0,25084.519,16848.999,238,151,87,63.445,46.128,2.791,689.591,2934,1007.96,581.06,2472.42,145.29,25084.52,914.57
BTC-USDT-SWAP,1H,6H,0.01,0.012,0.025,148.0,50010.997,33691.214,238,156,82,65.546,41.351,2.251,1378.904,2934,1853.36,1152.27,11754.32,534.22,50011.0,325.47
BTC-USDT-SWAP,1H,6H,0.01,0.012,0.03,148.0,62216.172,41937.954,238,158,80,66.387,41.057,2.043,1716.424,2934,3055.21,1964.33,24720.39,709.12,62216.17,151.68
BTC-USDT-SWAP,1H,6H,0.01,0.015,0.005,148.0,117.155,-20.842,238,95,143,39.916,73.939,0.972,-0.853,2934,219.19,48.1,119.57,-45.45,117.15,-2.02
BTC-USDT-SWAP,1H,6H,0.01,0.015,0.008,148.0,734.519,396.296,238,116,122,48.739,71.637,1.135,16.219,2934,604.25,308.27,591.59,-2.09,734.52,24.16
BTC-USDT-SWAP,1H,6H,0.01,0.015,0.01,148.0,524.128,254.141,238,119,119,50.0,81.577,1.087,10.401,2934,752.38,408.37,464.05,-38.32,524.13,12.95
BTC-USDT-SWAP,1H,6H,0.01,0.015,0.015,148.0,825.133,457.523,238,126,112,52.941,75.083,1.137,18.725,2934,764.59,416.62,474.54,-37.94,825.13,73.88
BTC-USDT-SWAP,1H,6H,0.01,0.015,0.02,148.0,1060.658,616.661,238,129,109,54.202,72.617,1.221,25.238,2934,610.13,312.25,310.82,-49.06,1060.66,241.25
BTC-USDT-SWAP,1H,6H,0.01,0.015,0.025,148.0,2058.96,1291.189,238,132,106,55.462,71.09,1.231,52.845,2934,1036.42,600.29,688.85,-33.54,2058.96,198.9
BTC-USDT-SWAP,1H,6H,0.01,0.015,0.03,148.0,3967.958,2581.053,238,134,104,56.303,69.806,1.233,105.637,2934,1932.48,1205.73,1529.93,-20.83,3967.96,159.36
BTC-USDT-SWAP,1H,6H,0.01,0.02,0.005,148.0,13.904,-90.605,238,80,158,33.613,94.368,0.811,-3.708,2934,160.71,8.59,51.55,-67.92,13.9,-73.03
BTC-USDT-SWAP,1H,6H,0.01,0.02,0.008,148.0,33.795,-77.165,238,97,141,40.756,91.358,0.924,-3.158,2934,230.81,55.95,148.34,-35.73,33.8,-77.22
BTC-USDT-SWAP,1H,6H,0.01,0.02,0.01,148.0,23.005,-84.456,238,100,138,42.017,93.297,0.905,-3.457,2934,207.18,39.99,102.87,-50.35,23.0,-77.64
BTC-USDT-SWAP,1H,6H,0.01,0.02,0.015,148.0,16.385,-88.929,238,105,133,44.118,95.231,0.91,-3.64,2934,201.51,36.16,75.79,-62.39,16.39,-78.38
BTC-USDT-SWAP,1H,6H,0.01,0.02,0.02,148.0,11.547,-92.198,238,107,131,44.958,95.606,0.857,-3.773,2934,130.64,-11.73,28.27,-78.36,11.55,-59.16
BTC-USDT-SWAP,1H,6H,0.01,0.02,0.025,148.0,4.198,-97.163,238,107,131,44.958,98.043,0.791,-3.977,2934,86.15,-41.79,13.41,-84.44,4.2,-68.68
BTC-USDT-SWAP,1H,6H,0.01,0.02,0.03,148.0,9.4,-93.649,238,109,129,45.798,97.758,0.904,-3.833,2934,218.71,47.78,39.89,-81.76,9.4,-76.43
BTC-USDT-SWAP,1H,6H,0.01,0.03,0.005,148.0,0.739,-99.501,238,67,171,28.151,99.635,0.515,-4.072,2934,52.66,-64.42,2.57,-95.12,0.74,-71.24
BTC-USDT-SWAP,1H,6H,0.01,0.03,0.008,148.0,1.364,-99.078,238,82,156,34.454,99.304,0.611,-4.055,2934,42.02,-71.61,5.61,-86.64,1.36,-75.7
BTC-USDT-SWAP,1H,6H,0.01,0.03,0.01,148.0,1.084,-99.268,238,85,153,35.714,99.434,0.568,-4.063,2934,35.27,-76.17,4.2,-88.09,1.08,-74.19
BTC-USDT-SWAP,1H,6H,0.01,0.03,0.015,148.0,0.747,-99.495,238,91,147,38.235,99.621,0.619,-4.072,2934,33.45,-77.4,2.99,-91.05,0.75,-75.05
BTC-USDT-SWAP,1H,6H,0.01,0.03,0.02,148.0,0.353,-99.761,238,92,146,38.655,99.821,0.522,-4.083,2934,19.39,-86.9,1.05,-94.57,0.35,-66.45
BTC-USDT-SWAP,1H,6H,0.01,0.03,0.025,148.0,0.112,-99.924,238,92,146,38.655,99.943,0.429,-4.09,2934,11.19,-92.44,0.44,-96.1,0.11,-74.28
BTC-USDT-SWAP,1H,6H,0.01,0.03,0.03,148.0,0.136,-99.908,238,93,145,39.076,99.931,0.478,-4.089,2934,14.14,-90.45,0.7,-95.04,0.14,-80.64
BTC-USDT-SWAP,1H,12H,0.001,0.004,0.005,148.0,0.248,-99.833,394,235,159,59.645,99.845,0.482,-4.086,1468,35.17,-76.23,2.3,-93.45,0.25,-89.24
BTC-USDT-SWAP,1H,12H,0.001,0.004,0.008,148.0,3.77,-97.453,394,290,104,73.604,97.826,0.64,-3.989,1468,62.53,-57.75,10.98,-82.43,3.77,-65.68
BTC-USDT-SWAP,1H,12H,0.001,0.004,0.01,148.0,9.421,-93.634,394,308,86,78.173,94.797,0.713,-3.832,1468,83.45,-43.61,21.11,-74.71,9.42,-55.37
BTC-USDT-SWAP,1H,12H,0.001,0.004,0.015,148.0,71.095,-51.963,394,330,64,83.756,77.916,0.923,-2.127,1468,210.8,42.43,67.23,-68.11,71.09,5.75
BTC-USDT-SWAP,1H,12H,0.001,0.004,0.02,148.0,176.365,19.165,394,339,55,86.041,71.09,1.028,0.784,1468,201.27,35.99,105.36,-47.65,176.36,67.4
BTC-USDT-SWAP,1H,12H,0.001,0.004,0.025,148.0,647.285,337.355,394,345,49,87.563,65.071,1.236,13.807,1468,326.27,120.45,405.29,24.22,647.29,59.71
BTC-USDT-SWAP,1H,12H,0.001,0.004,0.03,148.0,470.963,218.218,394,345,49,87.563,66.246,1.169,8.931,1468,303.92,105.35,339.85,11.82,470.96,38.58
BTC-USDT-SWAP,1H,12H,0.001,0.006,0.005,148.0,0.72,-99.514,394,205,189,52.03,99.57,0.711,-4.073,1468,60.26,-59.28,6.57,-89.1,0.72,-89.05
BTC-USDT-SWAP,1H,12H,0.001,0.006,0.008,148.0,12.133,-91.802,394,258,136,65.482,93.814,0.836,-3.757,1468,106.57,-27.99,26.25,-75.37,12.13,-53.77
BTC-USDT-SWAP,1H,12H,0.001,0.006,0.01,148.0,24.207,-83.644,394,273,121,69.289,87.229,0.874,-3.423,1468,123.2,-16.76,33.76,-72.6,24.21,-28.3
BTC-USDT-SWAP,1H,12H,0.001,0.006,0.015,148.0,128.01,-13.507,394,293,101,74.365,80.625,0.991,-0.553,1468,298.29,101.55,98.37,-67.02,128.01,30.13
BTC-USDT-SWAP,1H,12H,0.001,0.006,0.02,148.0,470.72,218.054,394,304,90,77.157,82.844,1.07,8.924,1468,572.54,286.85,276.66,-51.68,470.72,70.14
BTC-USDT-SWAP,1H,12H,0.001,0.006,0.025,148.0,1464.765,889.706,394,310,84,78.68,79.461,1.11,36.414,1468,964.86,551.93,1122.16,16.3,1464.76,30.53
BTC-USDT-SWAP,1H,12H,0.001,0.006,0.03,148.0,1136.763,668.083,394,310,84,78.68,79.54,1.086,27.343,1468,898.77,507.28,1091.02,21.39,1136.76,4.19
BTC-USDT-SWAP,1H,12H,0.001,0.008,0.005,148.0,0.205,-99.861,394,170,224,43.147,99.895,0.725,-4.087,1468,47.56,-67.87,2.2,-95.38,0.21,-90.66
BTC-USDT-SWAP,1H,12H,0.001,0.008,0.008,148.0,2.193,-98.518,394,218,176,55.33,99.155,0.797,-4.032,1468,77.76,-47.46,6.78,-91.28,2.19,-67.65
BTC-USDT-SWAP,1H,12H,0.001,0.008,0.01,148.0,5.261,-96.445,394,234,160,59.391,97.973,0.841,-3.947,1468,112.6,-23.92,10.2,-90.94,5.26,-48.45
BTC-USDT-SWAP,1H,12H,0.001,0.008,0.015,148.0,13.048,-91.184,394,252,142,63.959,97.267,0.913,-3.732,1468,206.9,39.8,18.34,-91.14,13.05,-28.84
BTC-USDT-SWAP,1H,12H,0.001,0.008,0.02,148.0,33.62,-77.284,394,262,132,66.497,96.207,0.966,-3.163,1468,568.48,284.11,41.72,-92.66,33.62,-19.41
BTC-USDT-SWAP,1H,12H,0.001,0.008,0.025,148.0,54.244,-63.349,394,267,127,67.766,95.871,0.984,-2.593,1468,871.25,488.69,77.37,-91.12,54.24,-29.89
BTC-USDT-SWAP,1H,12H,0.001,0.008,0.03,148.0,40.315,-72.76,394,267,127,67.766,97.077,0.98,-2.978,1468,795.35,437.4,77.36,-90.27,40.31,-47.89
BTC-USDT-SWAP,1H,12H,0.001,0.01,0.005,148.0,0.274,-99.815,394,156,238,39.594,99.893,0.814,-4.085,1468,70.33,-52.48,3.31,-95.29,0.27,-91.73
BTC-USDT-SWAP,1H,12H,0.001,0.01,0.008,148.0,1.323,-99.106,394,198,196,50.254,99.553,0.875,-4.056,1468,126.7,-14.39,9.42,-92.57,1.32,-85.95
BTC-USDT-SWAP,1H,12H,0.001,0.01,0.01,148.0,1.828,-98.765,394,212,182,53.807,99.504,0.903,-4.042,1468,181.05,22.33,13.19,-92.72,1.83,-86.14
BTC-USDT-SWAP,1H,12H,0.001,0.01,0.015,148.0,7.257,-95.096,394,232,162,58.883,98.998,0.958,-3.892,1468,439.16,196.73,36.19,-91.76,7.26,-79.95
BTC-USDT-SWAP,1H,12H,0.001,0.01,0.02,148.0,7.234,-95.112,394,237,157,60.152,99.371,0.978,-3.893,1468,927.81,526.9,50.68,-94.54,7.23,-85.72
BTC-USDT-SWAP,1H,12H,0.001,0.01,0.025,148.0,12.123,-91.809,394,242,152,61.421,99.328,0.983,-3.758,1468,927.12,526.44,84.05,-90.93,12.12,-85.58
BTC-USDT-SWAP,1H,12H,0.001,0.01,0.03,148.0,17.913,-87.897,394,243,151,61.675,99.005,0.985,-3.597,1468,947.77,540.38,139.42,-85.29,17.91,-87.15
BTC-USDT-SWAP,1H,12H,0.001,0.012,0.005,148.0,0.16,-99.892,394,142,252,36.041,99.939,0.797,-4.088,1468,37.65,-74.56,2.03,-94.62,0.16,-92.11
BTC-USDT-SWAP,1H,12H,0.001,0.012,0.008,148.0,0.551,-99.628,394,181,213,45.939,99.762,0.819,-4.078,1468,50.76,-65.7,3.73,-92.65,0.55,-85.24
BTC-USDT-SWAP,1H,12H,0.001,0.012,0.01,148.0,0.568,-99.616,394,193,201,48.985,99.76,0.845,-4.077,1468,64.45,-56.45,3.93,-93.9,0.57,-85.56
BTC-USDT-SWAP,1H,12H,0.001,0.012,0.015,148.0,1.447,-99.022,394,212,182,53.807,99.709,0.928,-4.053,1468,189.93,28.33,7.49,-96.06,1.45,-80.67
BTC-USDT-SWAP,1H,12H,0.001,0.012,0.02,148.0,2.034,-98.626,394,218,176,55.33,99.707,0.96,-4.037,1468,373.96,152.67,16.45,-95.6,2.03,-87.64
BTC-USDT-SWAP,1H,12H,0.001,0.012,0.025,148.0,1.59,-98.926,394,221,173,56.091,99.802,0.963,-4.049,1468,333.21,125.14,13.6,-95.92,1.59,-88.31
BTC-USDT-SWAP,1H,12H,0.001,0.012,0.03,148.0,1.676,-98.868,394,222,172,56.345,99.785,0.961,-4.046,1468,295.39,99.58,17.28,-94.15,1.68,-90.3
BTC-USDT-SWAP,1H,12H,0.001,0.015,0.005,148.0,0.015,-99.99,394,121,273,30.711,99.992,0.613,-4.092,1468,9.9,-93.31,0.23,-97.72,0.02,-93.26
BTC-USDT-SWAP,1H,12H,0.001,0.015,0.008,148.0,0.034,-99.977,394,158,236,40.102,99.981,0.623,-4.092,1468,11.79,-92.03,0.33,-97.24,0.03,-89.53
BTC-USDT-SWAP,1H,12H,0.001,0.015,0.01,148.0,0.035,-99.976,394,170,224,43.147,99.981,0.666,-4.092,1468,14.53,-90.18,0.37,-97.46,0.04,-90.51
BTC-USDT-SWAP,1H,12H,0.001,0.015,0.015,148.0,0.091,-99.938,394,189,205,47.97,99.959,0.765,-4.09,1468,28.48,-80.76,0.58,-97.96,0.09,-84.27
BTC-USDT-SWAP,1H,12H,0.001,0.015,0.02,148.0,0.136,-99.908,394,196,198,49.746,99.953,0.836,-4.089,1468,52.26,-64.69,1.14,-97.82,0.14,-88.05
BTC-USDT-SWAP,1H,12H,0.001,0.015,0.025,148.0,0.097,-99.934,394,199,195,50.508,99.966,0.837,-4.09,1468,49.35,-66.65,0.92,-98.13,0.1,-89.43
BTC-USDT-SWAP,1H,12H,0.001,0.015,0.03,148.0,0.086,-99.942,394,200,194,50.761,99.97,0.817,-4.09,1468,35.33,-76.13,0.84,-97.62,0.09,-89.83
BTC-USDT-SWAP,1H,12H,0.001,0.02,0.005,148.0,0.005,-99.996,394,109,285,27.665,99.997,0.625,-4.093,1468,11.36,-92.32,0.09,-99.23,0.01,-93.95
BTC-USDT-SWAP,1H,12H,0.001,0.02,0.008,148.0,0.007,-99.995,394,143,251,36.294,99.996,0.642,-4.093,1468,15.73,-89.37,0.09,-99.45,0.01,-91.78
BTC-USDT-SWAP,1H,12H,0.001,0.02,0.01,148.0,0.006,-99.996,394,154,240,39.086,99.997,0.668,-4.093,1468,16.88,-88.6,0.08,-99.54,0.01,-92.56
BTC-USDT-SWAP,1H,12H,0.001,0.02,0.015,148.0,0.008,-99.994,394,172,222,43.655,99.996,0.766,-4.093,1468,36.11,-75.6,0.08,-99.78,0.01,-89.56
BTC-USDT-SWAP,1H,12H,0.001,0.02,0.02,148.0,0.006,-99.996,394,177,217,44.924,99.998,0.827,-4.093,1468,70.91,-52.09,0.07,-99.9,0.01,-91.7
BTC-USDT-SWAP,1H,12H,0.001,0.02,0.025,148.0,0.003,-99.998,394,179,215,45.431,99.999,0.821,-4.093,1468,70.42,-52.42,0.04,-99.95,0.0,-92.66
BTC-USDT-SWAP,1H,12H,0.001,0.02,0.03,148.0,0.003,-99.998,394,180,214,45.685,99.999,0.81,-4.093,1468,50.41,-65.94,0.04,-99.92,0.0,-92.94
BTC-USDT-SWAP,1H,12H,0.001,0.03,0.005,148.0,0.001,-99.999,394,99,295,25.127,99.999,0.547,-4.093,1468,6.05,-95.91,0.02,-99.73,0.0,-93.27
BTC-USDT-SWAP,1H,12H,0.001,0.03,0.008,148.0,0.001,-99.999,394,132,262,33.503,99.999,0.563,-4.093,1468,8.37,-94.35,0.02,-99.76,0.0,-93.06
BTC-USDT-SWAP,1H,12H,0.001,0.03,0.01,148.0,0.001,-99.999,394,142,252,36.041,100.0,0.553,-4.093,1468,6.11,-95.87,0.01,-99.79,0.0,-94.23
BTC-USDT-SWAP,1H,12H,0.001,0.03,0.015,148.0,0.0,-100.0,394,160,234,40.609,100.0,0.585,-4.093,1468,6.44,-95.65,0.01,-99.92,0.0,-91.61
BTC-USDT-SWAP,1H,12H,0.001,0.03,0.02,148.0,0.0,-100.0,394,164,230,41.624,100.0,0.69,-4.093,1468,11.83,-92.0,0.0,-99.98,0.0,-92.58
BTC-USDT-SWAP,1H,12H,0.001,0.03,0.025,148.0,0.0,-100.0,394,165,229,41.878,100.0,0.666,-4.093,1468,7.64,-94.84,0.0,-99.99,0.0,-93.44
BTC-USDT-SWAP,1H,12H,0.001,0.03,0.03,148.0,0.0,-100.0,394,166,228,42.132,100.0,0.681,-4.093,1468,6.7,-95.48,0.0,-99.98,0.0,-93.68
BTC-USDT-SWAP,1H,12H,0.002,0.004,0.005,148.0,0.988,-99.332,371,233,138,62.803,99.411,0.568,-4.065,1468,64.57,-56.37,4.62,-92.85,0.99,-78.59
BTC-USDT-SWAP,1H,12H,0.002,0.004,0.008,148.0,9.435,-93.625,371,282,89,76.011,94.873,0.701,-3.832,1468,81.18,-45.15,21.53,-73.48,9.44,-56.18
BTC-USDT-SWAP,1H,12H,0.002,0.004,0.01,148.0,35.031,-76.33,371,301,70,81.132,80.963,0.821,-3.124,1468,95.6,-35.4,58.56,-38.75,35.03,-40.18
BTC-USDT-SWAP,1H,12H,0.002,0.004,0.015,148.0,575.595,288.915,371,327,44,88.14,53.03,1.246,11.825,1468,383.83,159.34,290.13,-24.41,575.59,98.39
BTC-USDT-SWAP,1H,12H,0.002,0.004,0.02,148.0,1949.892,1217.495,371,336,35,90.566,55.627,1.601,49.829,1468,509.96,244.57,736.91,44.5,1949.89,164.6
BTC-USDT-SWAP,1H,12H,0.002,0.004,0.025,148.0,3221.5,2076.689,371,339,32,91.375,45.512,1.772,84.994,1468,489.45,230.71,1389.97,183.99,3221.5,131.77
BTC-USDT-SWAP,1H,12H,0.002,0.004,0.03,148.0,2258.69,1426.142,371,339,32,91.375,49.259,1.581,58.369,1468,455.93,208.06,1123.14,146.34,2258.69,101.11
BTC-USDT-SWAP,1H,12H,0.002,0.006,0.005,148.0,2.113,-98.573,371,198,173,53.369,98.806,0.771,-4.034,1468,110.7,-25.2,12.94,-88.31,2.11,-83.67
BTC-USDT-SWAP,1H,12H,0.002,0.006,0.008,148.0,24.963,-83.133,371,246,125,66.307,86.339,0.883,-3.402,1468,119.4,-19.32,65.44,-45.19,24.96,-61.85
BTC-USDT-SWAP,1H,12H,0.002,0.006,0.01,148.0,119.615,-19.179,371,264,107,71.159,68.715,0.986,-0.785,1468,169.4,14.46,179.61,6.03,119.61,-33.4
BTC-USDT-SWAP,1H,12H,0.002,0.006,0.015,148.0,1401.182,846.745,371,286,85,77.089,56.088,1.153,34.655,1468,713.57,382.14,787.66,10.38,1401.18,77.89
BTC-USDT-SWAP,1H,12H,0.002,0.006,0.02,148.0,2902.492,1861.144,371,294,77,79.245,62.43,1.196,76.172,1468,926.02,525.69,1452.23,56.82,2902.49,99.86
BTC-USDT-SWAP,1H,12H,0.002,0.006,0.025,148.0,7115.359,4707.675,371,298,73,80.323,58.99,1.247,192.674,1468,909.67,514.64,4190.33,360.64,7115.36,69.8
BTC-USDT-SWAP,1H,12H,0.002,0.006,0.03,148.0,4254.79,2774.858,371,298,73,80.323,62.441,1.178,113.569,1468,847.36,472.54,3330.03,292.99,4254.79,27.77
BTC-USDT-SWAP,1H,12H,0.002,0.008,0.005,148.0,2.011,-98.641,371,172,199,46.361,99.038,0.82,-4.037,1468,123.11,-16.82,9.22,-92.51,2.01,-78.19
BTC-USDT-SWAP,1H,12H,0.002,0.008,0.008,148.0,35.509,-76.007,371,222,149,59.838,89.575,0.926,-3.111,1468,186.39,25.94,56.23,-69.83,35.51,-36.85
BTC-USDT-SWAP,1H,12H,0.002,0.008,0.01,148.0,139.181,-5.959,371,238,133,64.151,72.094,0.997,-0.244,1468,219.15,48.08,142.41,-35.02,139.18,-2.27
BTC-USDT-SWAP,1H,12H,0.002,0.008,0.015,148.0,654.201,342.028,371,257,114,69.272,85.731,1.05,13.998,1468,1276.1,762.23,406.35,-68.16,654.2,60.99
BTC-USDT-SWAP,1H,12H,0.002,0.008,0.02,148.0,1222.912,726.292,371,266,105,71.698,88.156,1.047,29.725,1468,2321.6,1468.65,697.96,-69.94,1222.91,75.21
BTC-USDT-SWAP,1H,12H,0.002,0.008,0.025,148.0,2845.762,1822.812,371,270,101,72.776,84.476,1.074,74.604,1468,2280.61,1440.95,1860.07,-18.44,2845.76,52.99
BTC-USDT-SWAP,1H,12H,0.002,0.008,0.03,148.0,1652.555,1016.591,371,270,101,72.776,85.173,1.049,41.607,1468,2124.4,1335.41,1541.53,-27.44,1652.56,7.2
BTC-USDT-SWAP,1H,12H,0.002,0.01,0.005,148.0,0.486,-99.672,371,145,226,39.084,99.793,0.825,-4.079,1468,142.0,-4.05,3.97,-97.21,0.49,-87.75
BTC-USDT-SWAP,1H,12H,0.002,0.01,0.008,148.0,4.212,-97.154,371,190,181,51.213,98.324,0.889,-3.976,1468,170.86,15.44,23.35,-86.33,4.21,-81.96
BTC-USDT-SWAP,1H,12H,0.002,0.01,0.01,148.0,13.435,-90.922,371,206,165,55.526,95.345,0.93,-3.721,1468,229.98,55.39,53.49,-76.74,13.44,-74.88
BTC-USDT-SWAP,1H,12H,0.002,0.01,0.015,148.0,65.913,-55.464,371,225,146,60.647,94.867,0.986,-2.27,1468,918.33,520.49,158.84,-82.7,65.91,-58.5
BTC-USDT-SWAP,1H,12H,0.002,0.01,0.02,148.0,106.559,-28.0,371,233,138,62.803,95.306,0.997,-1.146,1468,1658.03,1020.29,268.77,-83.79,106.56,-60.35
BTC-USDT-SWAP,1H,12H,0.002,0.01,0.025,148.0,130.073,-12.113,371,236,135,63.612,95.45,0.999,-0.496,1468,1334.12,801.43,382.12,-71.36,130.07,-65.96
BTC-USDT-SWAP,1H,12H,0.002,0.01,0.03,148.0,118.444,-19.971,371,236,135,63.612,95.802,0.998,-0.817,1468,1500.44,913.81,404.03,-73.07,118.44,-70.68
BTC-USDT-SWAP,1H,12H,0.002,0.012,0.005,148.0,0.449,-99.697,371,133,238,35.849,99.819,0.81,-4.08,1468,79.28,-46.44,3.15,-96.02,0.45,-85.76
BTC-USDT-SWAP,1H,12H,0.002,0.012,0.008,148.0,1.771,-98.804,371,173,198,46.631,99.351,0.862,-4.044,1468,99.04,-33.08,11.58,-88.31,1.77,-84.71
BTC-USDT-SWAP,1H,12H,0.002,0.012,0.01,148.0,3.794,-97.437,371,187,184,50.404,98.753,0.891,-3.988,1468,109.29,-26.16,22.28,-79.62,3.79,-82.97
BTC-USDT-SWAP,1H,12H,0.002,0.012,0.015,148.0,10.476,-92.922,371,205,166,55.256,98.676,0.964,-3.803,1468,538.51,263.86,58.16,-89.2,10.48,-81.99
BTC-USDT-SWAP,1H,12H,0.002,0.012,0.02,148.0,11.517,-92.218,371,212,159,57.143,99.155,0.979,-3.774,1468,731.16,394.02,81.81,-88.81,11.52,-85.92
BTC-USDT-SWAP,1H,12H,0.002,0.012,0.025,148.0,13.487,-90.887,371,215,156,57.951,99.376,0.982,-3.72,1468,727.15,391.32,87.89,-87.91,13.49,-84.65
BTC-USDT-SWAP,1H,12H,0.002,0.012,0.03,148.0,12.978,-91.231,371,216,155,58.221,99.298,0.981,-3.734,1468,709.18,379.18,105.45,-85.13,12.98,-87.69
BTC-USDT-SWAP,1H,12H,0.002,0.015,0.005,148.0,0.088,-99.94,371,117,254,31.536,99.956,0.727,-4.09,1468,30.59,-79.33,0.56,-98.17,0.09,-84.22
BTC-USDT-SWAP,1H,12H,0.002,0.015,0.008,148.0,0.279,-99.811,371,155,216,41.779,99.848,0.744,-4.085,1468,28.85,-80.5,1.56,-94.6,0.28,-82.09
BTC-USDT-SWAP,1H,12H,0.002,0.015,0.01,148.0,0.533,-99.64,371,169,202,45.553,99.71,0.799,-4.078,1468,35.81,-75.8,2.31,-93.56,0.53,-76.89
BTC-USDT-SWAP,1H,12H,0.002,0.015,0.015,148.0,1.029,-99.305,371,185,186,49.865,99.528,0.857,-4.064,1468,81.45,-44.97,4.12,-94.95,1.03,-75.01
BTC-USDT-SWAP,1H,12H,0.002,0.015,0.02,148.0,0.917,-99.38,371,192,179,51.752,99.663,0.891,-4.067,1468,86.39,-41.63,4.86,-94.37,0.92,-81.15
BTC-USDT-SWAP,1H,12H,0.002,0.015,0.025,148.0,0.965,-99.348,371,194,177,52.291,99.629,0.896,-4.066,1468,86.08,-41.84,4.27,-95.04,0.96,-77.43
BTC-USDT-SWAP,1H,12H,0.002,0.015,0.03,148.0,0.665,-99.551,371,195,176,52.561,99.734,0.874,-4.074,1468,62.85,-57.53,3.67,-94.16,0.66,-81.9
BTC-USDT-SWAP,1H,12H,0.002,0.02,0.005,148.0,0.035,-99.977,371,108,263,29.111,99.982,0.655,-4.092,1468,25.37,-82.86,0.37,-98.54,0.03,-90.65
BTC-USDT-SWAP,1H,12H,0.002,0.02,0.008,148.0,0.029,-99.981,371,139,232,37.466,99.985,0.649,-4.092,1468,22.05,-85.1,0.33,-98.5,0.03,-91.33
BTC-USDT-SWAP,1H,12H,0.002,0.02,0.01,148.0,0.046,-99.969,371,154,217,41.509,99.976,0.731,-4.091,1468,31.02,-79.04,0.57,-98.15,0.05,-91.97
BTC-USDT-SWAP,1H,12H,0.002,0.02,0.015,148.0,0.113,-99.923,371,172,199,46.361,99.941,0.817,-4.09,1468,81.15,-45.17,1.01,-98.76,0.11,-88.77
BTC-USDT-SWAP,1H,12H,0.002,0.02,0.02,148.0,0.041,-99.972,371,176,195,47.439,99.983,0.847,-4.092,1468,104.69,-29.26,0.46,-99.56,0.04,-91.08
BTC-USDT-SWAP,1H,12H,0.002,0.02,0.025,148.0,0.05,-99.966,371,178,193,47.978,99.98,0.851,-4.091,1468,108.93,-26.4,0.47,-99.57,0.05,-89.32
BTC-USDT-SWAP,1H,12H,0.002,0.02,0.03,148.0,0.04,-99.973,371,179,192,48.248,99.984,0.837,-4.092,1468,79.54,-46.26,0.46,-99.42,0.04,-91.44
BTC-USDT-SWAP,1H,12H,0.002,0.03,0.005,148.0,0.01,-99.993,371,99,272,26.685,99.995,0.554,-4.092,1468,14.45,-90.23,0.08,-99.44,0.01,-87.73
BTC-USDT-SWAP,1H,12H,0.002,0.03,0.008,148.0,0.008,-99.995,371,129,242,34.771,99.996,0.55,-4.093,1468,11.2,-92.43,0.08,-99.24,0.01,-91.11
BTC-USDT-SWAP,1H,12H,0.002,0.03,0.01,148.0,0.007,-99.995,371,143,228,38.544,99.996,0.581,-4.093,1468,10.73,-92.75,0.07,-99.31,0.01,-89.91
BTC-USDT-SWAP,1H,12H,0.002,0.03,0.015,148.0,0.006,-99.996,371,160,211,43.127,99.997,0.641,-4.093,1468,18.38,-87.58,0.05,-99.72,0.01,-87.78
BTC-USDT-SWAP,1H,12H,0.002,0.03,0.02,148.0,0.001,-99.999,371,163,208,43.935,99.999,0.697,-4.093,1468,18.27,-87.65,0.01,-99.93,0.0,-90.29
BTC-USDT-SWAP,1H,12H,0.002,0.03,0.025,148.0,0.001,-100.0,371,164,207,44.205,100.0,0.67,-4.093,1468,12.49,-91.56,0.01,-99.95,0.0,-88.37
BTC-USDT-SWAP,1H,12H,0.002,0.03,0.03,148.0,0.001,-99.999,371,166,205,44.744,99.999,0.693,-4.093,1468,14.39,-90.28,0.01,-99.9,0.0,-90.67
BTC-USDT-SWAP,1H,12H,0.003,0.004,0.005,148.0,1.56,-98.946,334,210,124,62.874,99.152,0.59,-4.05,1468,79.35,-46.39,6.33,-92.02,1.56,-75.36
BTC-USDT-SWAP,1H,12H,0.003,0.004,0.008,148.0,22.929,-84.507,334,260,74,77.844,87.54,0.747,-3.459,1468,95.14,-35.71,35.97,-62.19,22.93,-36.26
BTC-USDT-SWAP,1H,12H,0.003,0.004,0.01,148.0,39.619,-73.23,334,272,62,81.437,78.47,0.802,-2.997,1468,101.11,-31.68,49.34,-51.21,39.62,-19.7
BTC-USDT-SWAP,1H,12H,0.003,0.004,0.015,148.0,658.609,345.006,334,298,36,89.222,42.821,1.317,14.12,1468,350.24,136.65,318.12,-9.17,658.61,107.03
BTC-USDT-SWAP,1H,12H,0.003,0.004,0.02,148.0,4144.197,2700.133,334,309,25,92.515,36.827,2.187,110.51,1468,610.87,312.75,1500.79,145.68,4144.2,176.13
BTC-USDT-SWAP,1H,12H,0.003,0.004,0.025,148.0,3955.141,2572.393,334,310,24,92.814,39.906,1.982,105.282,1468,571.71,286.29,1635.25,186.03,3955.14,141.87
BTC-USDT-SWAP,1H,12H,0.003,0.004,0.03,148.0,4846.787,3174.856,334,311,23,93.114,34.793,1.884,129.94,1468,532.55,259.83,2309.43,333.65,4846.79,109.87
BTC-USDT-SWAP,1H,12H,0.003,0.006,0.005,148.0,4.688,-96.832,334,184,150,55.09,97.691,0.779,-3.963,1468,127.9,-13.58,16.45,-87.14,4.69,-71.5
BTC-USDT-SWAP,1H,12H,0.003,0.006,0.008,148.0,61.15,-58.682,334,228,106,68.263,73.943,0.929,-2.402,1468,154.07,4.1,85.56,-44.46,61.15,-28.53
BTC-USDT-SWAP,1H,12H,0.003,0.006,0.01,148.0,148.248,0.168,334,241,93,72.156,63.674,1.0,0.007,1468,210.74,42.39,166.89,-20.81,148.25,-11.17
BTC-USDT-SWAP,1H,12H,0.003,0.006,0.015,148.0,995.597,572.701,334,260,74,77.844,66.251,1.174,23.439,1468,498.03,236.51,395.94,-20.5,995.6,151.45
BTC-USDT-SWAP,1H,12H,0.003,0.006,0.02,148.0,5418.545,3561.179,334,271,63,81.138,52.071,1.493,145.751,1468,607.24,310.3,1500.84,147.16,5418.55,261.03
BTC-USDT-SWAP,1H,12H,0.003,0.006,0.025,148.0,6053.108,3989.938,334,272,62,81.437,60.251,1.408,163.299,1468,785.78,430.93,1880.58,139.33,6053.11,221.87
BTC-USDT-SWAP,1H,12H,0.003,0.006,0.03,148.0,7019.0,4642.568,334,273,61,81.737,57.016,1.363,190.01,1468,731.96,394.57,2513.14,243.35,7019.0,179.29
BTC-USDT-SWAP,1H,12H,0.003,0.008,0.005,148.0,9.358,-93.677,334,165,169,49.401,95.456,0.842,-3.834,1468,144.24,-2.54,23.94,-83.4,9.36,-60.92
BTC-USDT-SWAP,1H,12H,0.003,0.008,0.008,148.0,101.411,-31.479,334,205,129,61.377,61.095,0.975,-1.288,1468,170.79,15.4,114.23,-33.12,101.41,-11.22
BTC-USDT-SWAP,1H,12H,0.003,0.008,0.01,148.0,242.268,63.695,334,217,117,64.97,57.911,1.027,2.607,1468,229.58,55.12,274.24,19.45,242.27,-11.66
BTC-USDT-SWAP,1H,12H,0.003,0.008,0.015,148.0,3247.183,2094.043,334,239,95,71.557,64.779,1.156,85.704,1468,1090.47,636.8,1211.81,11.13,3247.18,167.96
BTC-USDT-SWAP,1H,12H,0.003,0.008,0.02,148.0,14235.576,9518.633,334,249,85,74.551,54.208,1.335,389.576,1468,1381.21,833.25,3882.66,181.11,14235.58,266.64
BTC-USDT-SWAP,1H,12H,0.003,0.008,0.025,148.0,22925.285,15390.057,334,250,84,74.85,59.702,1.388,629.88,1468,1787.32,1107.65,6945.35,288.59,22925.28,230.08
BTC-USDT-SWAP,1H,12H,0.003,0.008,0.03,148.0,28179.923,18940.489,334,251,83,75.15,56.423,1.427,775.191,1468,1664.9,1024.93,9460.0,468.2,28179.92,197.89
BTC-USDT-SWAP,1H,12H,0.003,0.01,0.005,148.0,0.507,-99.657,334,129,205,38.623,99.761,0.747,-4.079,1468,83.28,-43.73,2.34,-97.19,0.51,-78.33
BTC-USDT-SWAP,1H,12H,0.003,0.01,0.008,148.0,7.97,-94.615,334,172,162,51.497,95.992,0.856,-3.872,1468,115.59,-21.9,15.2,-86.85,7.97,-47.56
BTC-USDT-SWAP,1H,12H,0.003,0.01,0.01,148.0,17.501,-88.175,334,185,149,55.389,94.293,0.921,-3.609,1468,177.27,19.78,34.65,-80.45,17.5,-49.49
BTC-USDT-SWAP,1H,12H,0.003,0.01,0.015,148.0,63.645,-56.997,334,202,132,60.479,93.596,0.979,-2.333,1468,478.43,223.26,59.36,-87.59,63.65,7.21
BTC-USDT-SWAP,1H,12H,0.003,0.01,0.02,148.0,132.418,-10.529,334,211,123,63.174,93.807,0.998,-0.431,1468,1005.69,579.52,116.68,-88.4,132.42,13.48
BTC-USDT-SWAP,1H,12H,0.003,0.01,0.025,148.0,162.991,10.129,334,212,122,63.473,95.263,1.001,0.415,1468,1229.73,730.9,174.67,-85.8,162.99,-6.69
BTC-USDT-SWAP,1H,12H,0.003,0.01,0.03,148.0,186.248,25.843,334,213,121,63.772,95.309,1.003,1.058,1468,1066.72,620.76,212.17,-80.11,186.25,-12.22
BTC-USDT-SWAP,1H,12H,0.003,0.012,0.005,148.0,0.431,-99.708,334,119,215,35.629,99.824,0.816,-4.081,1468,121.67,-17.79,2.87,-97.64,0.43,-84.94
BTC-USDT-SWAP,1H,12H,0.003,0.012,0.008,148.0,2.923,-98.025,334,156,178,46.707,98.861,0.884,-4.012,1468,142.61,-3.64,15.95,-88.81,2.92,-81.68
BTC-USDT-SWAP,1H,12H,0.003,0.012,0.01,148.0,6.876,-95.354,334,170,164,50.898,98.613,0.941,-3.903,1468,281.44,90.16,43.0,-84.72,6.88,-84.01
BTC-USDT-SWAP,1H,12H,0.003,0.012,0.015,148.0,16.064,-89.146,334,185,149,55.389,98.478,0.974,-3.649,1468,529.28,257.62,70.85,-86.61,16.06,-77.33
BTC-USDT-SWAP,1H,12H,0.003,0.012,0.02,148.0,17.753,-88.005,334,191,143,57.186,98.571,0.978,-3.602,1468,647.46,337.47,70.46,-89.12,17.75,-74.8
BTC-USDT-SWAP,1H,12H,0.003,0.012,0.025,148.0,52.783,-64.336,334,194,140,58.084,98.599,0.993,-2.633,1468,1203.83,713.4,230.63,-80.84,52.78,-77.11
BTC-USDT-SWAP,1H,12H,0.003,0.012,0.03,148.0,69.685,-52.915,334,195,139,58.383,98.409,0.995,-2.166,1468,972.44,557.05,265.71,-72.68,69.69,-73.77
BTC-USDT-SWAP,1H,12H,0.003,0.015,0.005,148.0,0.347,-99.766,334,110,224,32.934,99.846,0.749,-4.083,1468,56.06,-62.12,1.94,-96.53,0.35,-82.17
BTC-USDT-SWAP,1H,12H,0.003,0.015,0.008,148.0,0.803,-99.458,334,141,193,42.216,99.62,0.79,-4.071,1468,48.64,-67.14,4.1,-91.58,0.8,-80.41
BTC-USDT-SWAP,1H,12H,0.003,0.015,0.01,148.0,1.313,-99.113,334,153,181,45.808,99.464,0.859,-4.056,1468,84.45,-42.94,7.16,-91.52,1.31,-81.67
BTC-USDT-SWAP,1H,12H,0.003,0.015,0.015,148.0,4.088,-97.238,334,169,165,50.599,99.181,0.938,-3.98,1468,184.62,24.75,15.79,-91.45,4.09,-74.11
BTC-USDT-SWAP,1H,12H,0.003,0.015,0.02,148.0,2.292,-98.451,334,173,161,51.796,99.617,0.942,-4.029,1468,202.24,36.65,8.25,-95.92,2.29,-72.23
BTC-USDT-SWAP,1H,12H,0.003,0.015,0.025,148.0,4.638,-96.866,334,176,158,52.695,99.45,0.964,-3.965,1468,316.42,113.8,19.65,-93.79,4.64,-76.4
BTC-USDT-SWAP,1H,12H,0.003,0.015,0.03,148.0,3.82,-97.419,334,177,157,52.994,99.495,0.96,-3.987,1468,206.41,39.47,15.17,-92.65,3.82,-74.81
BTC-USDT-SWAP,1H,12H,0.003,0.02,0.005,148.0,0.082,-99.945,334,98,236,29.341,99.958,0.719,-4.091,1468,62.9,-57.5,0.51,-99.19,0.08,-83.95
BTC-USDT-SWAP,1H,12H,0.003,0.02,0.008,148.0,0.097,-99.935,334,127,207,38.024,99.951,0.772,-4.09,1468,62.77,-57.59,0.69,-98.89,0.1,-86.07
BTC-USDT-SWAP,1H,12H,0.003,0.02,0.01,148.0,0.136,-99.908,334,139,195,41.617,99.941,0.846,-4.089,1468,111.26,-24.83,1.44,-98.71,0.14,-90.55
BTC-USDT-SWAP,1H,12H,0.003,0.02,0.015,148.0,0.267,-99.82,334,154,180,46.108,99.89,0.88,-4.085,1468,157.64,6.51,1.47,-99.07,0.27,-81.87
BTC-USDT-SWAP,1H,12H,0.003,0.02,0.02,148.0,0.111,-99.925,334,157,177,47.006,99.959,0.886,-4.09,1468,166.25,12.33,0.73,-99.56,0.11,-84.76
BTC-USDT-SWAP,1H,12H,0.003,0.02,0.025,148.0,0.263,-99.822,334,160,174,47.904,99.913,0.914,-4.086,1468,237.82,60.69,1.83,-99.23,0.26,-85.61
BTC-USDT-SWAP,1H,12H,0.003,0.02,0.03,148.0,0.189,-99.873,334,161,173,48.204,99.932,0.894,-4.088,1468,133.93,-9.5,1.23,-99.08,0.19,-84.64
BTC-USDT-SWAP,1H,12H,0.003,0.03,0.005,148.0,0.03,-99.979,334,91,243,27.246,99.986,0.619,-4.092,1468,35.12,-76.27,0.19,-99.45,0.03,-84.24
BTC-USDT-SWAP,1H,12H,0.003,0.03,0.008,148.0,0.029,-99.98,334,118,216,35.329,99.986,0.614,-4.092,1468,19.56,-86.78,0.22,-98.9,0.03,-86.35
BTC-USDT-SWAP,1H,12H,0.003,0.03,0.01,148.0,0.034,-99.977,334,130,204,38.922,99.984,0.683,-4.092,1468,31.43,-78.76,0.29,-99.09,0.03,-88.2
BTC-USDT-SWAP,1H,12H,0.003,0.03,0.015,148.0,0.019,-99.987,334,143,191,42.814,99.991,0.708,-4.092,1468,29.53,-80.05,0.09,-99.68,0.02,-80.18
BTC-USDT-SWAP,1H,12H,0.003,0.03,0.02,148.0,0.003,-99.998,334,144,190,43.114,99.999,0.725,-4.093,1468,24.25,-83.61,0.02,-99.92,0.0,-83.34
BTC-USDT-SWAP,1H,12H,0.003,0.03,0.025,148.0,0.004,-99.997,334,146,188,43.713,99.998,0.728,-4.093,1468,23.05,-84.42,0.02,-99.89,0.0,-84.27
BTC-USDT-SWAP,1H,12H,0.003,0.03,0.03,148.0,0.012,-99.992,334,148,186,44.311,99.995,0.743,-4.092,1468,20.93,-85.86,0.07,-99.66,0.01,-83.21
BTC-USDT-SWAP,1H,12H,0.004,0.004,0.005,148.0,1.689,-98.859,308,190,118,61.688,98.987,0.422,-4.046,1468,33.89,-77.1,5.83,-82.8,1.69,-71.02
BTC-USDT-SWAP,1H,12H,0.004,0.004,0.008,148.0,8.698,-94.123,308,231,77,75.0,94.781,0.537,-3.852,1468,40.03,-72.95,13.96,-65.12,8.7,-37.69
BTC-USDT-SWAP,1H,12H,0.004,0.004,0.01,148.0,25.038,-83.082,308,247,61,80.195,88.909,0.706,-3.4,1468,90.14,-39.09,22.35,-75.21,25.04,12.05
BTC-USDT-SWAP,1H,12H,0.004,0.004,0.015,148.0,113.013,-23.64,308,267,41,86.688,70.528,0.955,-0.968,1468,206.7,39.66,74.86,-63.78,113.01,50.96
BTC-USDT-SWAP,1H,12H,0.004,0.004,0.02,148.0,760.402,413.785,308,279,29,90.584,52.66,1.382,16.935,1468,364.45,146.25,401.88,10.27,760.4,89.21
BTC-USDT-SWAP,1H,12H,0.004,0.004,0.025,148.0,586.989,296.614,308,279,29,90.584,53.2,1.299,12.14,1468,319.14,115.64,343.73,7.7,586.99,70.77
BTC-USDT-SWAP,1H,12H,0.004,0.004,0.03,148.0,835.302,464.393,308,280,28,90.909,45.347,1.378,19.007,1468,276.84,87.05,563.71,103.63,835.3,48.18
BTC-USDT-SWAP,1H,12H,0.004,0.006,0.005,148.0,6.749,-95.44,308,164,144,53.247,96.324,0.64,-3.906,1468,53.54,-63.83,12.98,-75.76,6.75,-48.0
BTC-USDT-SWAP,1H,12H,0.004,0.006,0.008,148.0,72.136,-51.259,308,206,102,66.883,78.502,0.896,-2.098,1468,85.41,-42.29,47.54,-44.34,72.14,51.73
BTC-USDT-SWAP,1H,12H,0.004,0.006,0.01,148.0,178.597,20.674,308,218,90,70.779,74.006,1.03,0.846,1468,152.49,3.03,62.18,-59.22,178.6,187.22
BTC-USDT-SWAP,1H,12H,0.004,0.006,0.015,148.0,1204.6,713.919,308,238,70,77.273,64.945,1.375,29.219,1468,412.57,178.76,243.6,-40.96,1204.6,394.5
BTC-USDT-SWAP,1H,12H,0.004,0.006,0.02,148.0,8758.364,5817.813,308,250,58,81.169,54.53,2.016,238.11,1468,702.67,374.78,1359.24,93.44,8758.36,544.36
BTC-USDT-SWAP,1H,12H,0.004,0.006,0.025,148.0,6647.828,4391.776,308,250,58,81.169,53.689,1.823,179.745,1468,646.62,336.91,1143.11,76.78,6647.83,481.56
BTC-USDT-SWAP,1H,12H,0.004,0.006,0.03,148.0,11029.812,7352.576,308,251,57,81.494,47.22,1.894,300.924,1468,560.91,278.99,2185.76,289.68,11029.81,404.62
BTC-USDT-SWAP,1H,12H,0.004,0.008,0.005,148.0,8.339,-94.365,308,144,164,46.753,95.933,0.701,-3.862,1468,51.97,-64.89,14.5,-72.09,8.34,-42.5
BTC-USDT-SWAP,1H,12H,0.004,0.008,0.008,148.0,84.464,-42.93,308,182,126,59.091,80.083,0.934,-1.757,1468,76.96,-48.0,46.0,-40.22,84.46,83.6
BTC-USDT-SWAP,1H,12H,0.004,0.008,0.01,148.0,164.417,11.093,308,192,116,62.338,77.155,1.012,0.454,1468,118.76,-19.75,57.08,-51.94,164.42,188.04
BTC-USDT-SWAP,1H,12H,0.004,0.008,0.015,148.0,588.822,297.853,308,209,99,67.857,78.231,1.122,12.19,1468,344.13,132.52,145.97,-57.58,588.82,303.4
BTC-USDT-SWAP,1H,12H,0.004,0.008,0.02,148.0,4649.298,3041.418,308,221,87,71.753,70.843,1.367,124.478,1468,592.05,300.04,855.33,44.47,4649.3,443.57
BTC-USDT-SWAP,1H,12H,0.004,0.008,0.025,148.0,3496.188,2262.289,308,221,87,71.753,74.079,1.269,92.59,1468,571.47,286.13,814.04,42.45,3496.19,329.49
BTC-USDT-SWAP,1H,12H,0.004,0.008,0.03,148.0,7026.358,4647.54,308,222,86,72.078,64.801,1.378,190.213,1468,495.71,234.94,1601.8,223.13,7026.36,338.65
BTC-USDT-SWAP,1H,12H,0.004,0.01,0.005,148.0,4.391,-97.033,308,125,183,40.584,98.347,0.624,-3.971,1468,41.73,-71.8,5.59,-86.61,4.39,-21.4
BTC-USDT-SWAP,1H,12H,0.004,0.01,0.008,148.0,46.223,-68.768,308,163,145,52.922,87.346,0.876,-2.815,1468,68.57,-53.67,27.44,-59.98,46.22,68.44
BTC-USDT-SWAP,1H,12H,0.004,0.01,0.01,148.0,44.898,-69.664,308,171,137,55.519,88.376,0.896,-2.851,1468,100.42,-32.15,26.66,-73.45,44.9,68.41
BTC-USDT-SWAP,1H,12H,0.004,0.01,0.015,148.0,218.403,47.57,308,189,119,61.364,90.716,1.019,1.947,1468,427.78,189.04,75.45,-82.36,218.4,189.47
BTC-USDT-SWAP,1H,12H,0.004,0.01,0.02,148.0,922.775,523.497,308,200,108,64.935,87.125,1.088,21.426,1468,717.81,385.0,275.55,-61.61,922.77,234.89
BTC-USDT-SWAP,1H,12H,0.004,0.01,0.025,148.0,959.292,548.17,308,200,108,64.935,89.471,1.069,22.435,1468,879.67,494.37,335.83,-61.82,959.29,185.65
BTC-USDT-SWAP,1H,12H,0.004,0.01,0.03,148.0,1586.233,971.779,308,201,107,65.26,87.165,1.094,39.773,1468,763.06,415.58,583.86,-23.49,1586.23,171.68
BTC-USDT-SWAP,1H,12H,0.004,0.012,0.005,148.0,0.773,-99.478,308,104,204,33.766,99.612,0.588,-4.071,1468,37.39,-74.74,2.62,-92.98,0.77,-70.55
BTC-USDT-SWAP,1H,12H,0.004,0.012,0.008,148.0,2.173,-98.532,308,136,172,44.156,98.793,0.731,-4.033,1468,49.51,-66.54,6.98,-85.9,2.17,-68.88
BTC-USDT-SWAP,1H,12H,0.004,0.012,0.01,148.0,2.46,-98.338,308,146,162,47.403,98.708,0.8,-4.025,1468,72.73,-50.86,9.37,-87.12,2.46,-73.74
BTC-USDT-SWAP,1H,12H,0.004,0.012,0.015,148.0,12.341,-91.662,308,164,144,53.247,96.801,0.929,-3.751,1468,233.4,57.71,25.8,-88.95,12.34,-52.17
BTC-USDT-SWAP,1H,12H,0.004,0.012,0.02,148.0,29.334,-80.18,308,173,135,56.169,96.023,0.963,-3.282,1468,336.04,127.06,65.05,-80.64,29.33,-54.9
BTC-USDT-SWAP,1H,12H,0.004,0.012,0.025,148.0,41.324,-72.079,308,173,135,56.169,96.539,0.977,-2.95,1468,458.65,209.9,84.53,-81.57,41.32,-51.11
BTC-USDT-SWAP,1H,12H,0.004,0.012,0.03,148.0,58.486,-60.482,308,174,134,56.494,95.847,0.983,-2.475,1468,370.49,150.33,125.79,-66.05,58.49,-53.5
BTC-USDT-SWAP,1H,12H,0.004,0.015,0.005,148.0,0.466,-99.685,308,96,212,31.169,99.736,0.547,-4.08,1468,30.4,-79.46,1.67,-94.5,0.47,-72.14
BTC-USDT-SWAP,1H,12H,0.004,0.015,0.008,148.0,0.776,-99.476,308,124,184,40.26,99.559,0.685,-4.071,1468,34.24,-76.87,3.19,-90.68,0.78,-75.69
BTC-USDT-SWAP,1H,12H,0.004,0.015,0.01,148.0,1.32,-99.108,308,136,172,44.156,99.249,0.812,-4.056,1468,86.44,-41.59,7.06,-91.84,1.32,-81.29
BTC-USDT-SWAP,1H,12H,0.004,0.015,0.015,148.0,4.354,-97.058,308,153,155,49.675,99.171,0.928,-3.972,1468,231.16,56.19,18.11,-92.17,4.35,-75.96
BTC-USDT-SWAP,1H,12H,0.004,0.015,0.02,148.0,4.602,-96.89,308,158,150,51.299,99.467,0.947,-3.965,1468,264.48,78.7,16.81,-93.65,4.6,-72.62
BTC-USDT-SWAP,1H,12H,0.004,0.015,0.025,148.0,10.454,-92.937,308,160,148,51.948,99.447,0.973,-3.804,1468,489.89,231.01,37.64,-92.32,10.45,-72.22
BTC-USDT-SWAP,1H,12H,0.004,0.015,0.03,148.0,11.429,-92.277,308,161,147,52.273,99.465,0.974,-3.777,1468,368.51,148.99,46.46,-87.39,11.43,-75.4
BTC-USDT-SWAP,1H,12H,0.004,0.02,0.005,148.0,0.188,-99.873,308,85,223,27.597,99.905,0.6,-4.088,1468,33.83,-77.14,0.88,-97.41,0.19,-78.5
BTC-USDT-SWAP,1H,12H,0.004,0.02,0.008,148.0,0.162,-99.891,308,112,196,36.364,99.912,0.711,-4.088,1468,36.5,-75.34,1.04,-97.15,0.16,-84.47
BTC-USDT-SWAP,1H,12H,0.004,0.02,0.01,148.0,0.191,-99.871,308,122,186,39.61,99.899,0.772,-4.087,1468,66.99,-54.73,1.71,-97.44,0.19,-88.83
BTC-USDT-SWAP,1H,12H,0.004,0.02,0.015,148.0,0.706,-99.523,308,140,168,45.455,99.709,0.87,-4.073,1468,127.08,-14.14,3.05,-97.6,0.71,-76.82
BTC-USDT-SWAP,1H,12H,0.004,0.02,0.02,148.0,0.513,-99.653,308,144,164,46.753,99.813,0.883,-4.079,1468,118.32,-20.05,2.31,-98.05,0.51,-77.74
BTC-USDT-SWAP,1H,12H,0.004,0.02,0.025,148.0,0.798,-99.461,308,146,162,47.403,99.76,0.914,-4.071,1468,175.42,18.53,3.54,-97.98,0.8,-77.43
BTC-USDT-SWAP,1H,12H,0.004,0.02,0.03,148.0,0.717,-99.515,308,147,161,47.727,99.784,0.905,-4.073,1468,106.2,-28.25,3.59,-96.62,0.72,-80.01
BTC-USDT-SWAP,1H,12H,0.004,0.03,0.005,148.0,0.201,-99.864,308,81,227,26.299,99.916,0.621,-4.087,1468,35.74,-75.85,0.97,-97.28,0.2,-79.24
BTC-USDT-SWAP,1H,12H,0.004,0.03,0.008,148.0,0.084,-99.943,308,105,203,34.091,99.958,0.643,-4.09,1468,23.94,-83.83,0.46,-98.1,0.08,-81.63
BTC-USDT-SWAP,1H,12H,0.004,0.03,0.01,148.0,0.076,-99.949,308,115,193,37.338,99.962,0.68,-4.091,1468,36.82,-75.12,0.57,-98.44,0.08,-86.78
BTC-USDT-SWAP,1H,12H,0.004,0.03,0.015,148.0,0.047,-99.968,308,128,180,41.558,99.977,0.705,-4.091,1468,35.81,-75.8,0.17,-99.53,0.05,-72.17
BTC-USDT-SWAP,1H,12H,0.004,0.03,0.02,148.0,0.018,-99.988,308,132,176,42.857,99.993,0.735,-4.092,1468,33.99,-77.03,0.07,-99.8,0.02,-73.28
BTC-USDT-SWAP,1H,12H,0.004,0.03,0.025,148.0,0.017,-99.988,308,133,175,43.182,99.993,0.754,-4.092,1468,36.19,-75.55,0.06,-99.82,0.02,-72.9
BTC-USDT-SWAP,1H,12H,0.004,0.03,0.03,148.0,0.049,-99.967,308,136,172,44.156,99.981,0.753,-4.091,1468,26.6,-82.03,0.2,-99.23,0.05,-76.0
BTC-USDT-SWAP,1H,12H,0.005,0.004,0.005,148.0,1.394,-99.058,277,164,113,59.206,99.163,0.402,-4.054,1468,35.26,-76.17,4.98,-85.87,1.39,-72.01
BTC-USDT-SWAP,1H,12H,0.005,0.004,0.008,148.0,14.999,-89.865,277,209,68,75.451,91.686,0.641,-3.678,1468,71.01,-52.02,30.19,-57.48,15.0,-50.32
BTC-USDT-SWAP,1H,12H,0.005,0.004,0.01,148.0,38.141,-74.229,277,224,53,80.866,82.657,0.801,-3.038,1468,154.36,4.3,44.35,-71.27,38.14,-14.01
BTC-USDT-SWAP,1H,12H,0.005,0.004,0.015,148.0,336.329,127.249,277,246,31,88.809,34.375,1.183,5.208,1468,214.13,44.69,290.3,35.57,336.33,15.85
BTC-USDT-SWAP,1H,12H,0.005,0.004,0.02,148.0,1855.408,1153.654,277,255,22,92.058,40.503,1.621,47.216,1468,458.98,210.12,1469.85,220.24,1855.41,26.23
BTC-USDT-SWAP,1H,12H,0.005,0.004,0.025,148.0,1484.791,903.237,277,255,22,92.058,41.919,1.518,36.967,1468,429.56,190.24,1287.45,199.72,1484.79,15.33
BTC-USDT-SWAP,1H,12H,0.005,0.004,0.03,148.0,1676.875,1033.024,277,256,21,92.419,45.897,1.463,42.279,1468,400.13,170.36,1675.69,318.78,1676.87,0.07
BTC-USDT-SWAP,1H,12H,0.005,0.006,0.005,148.0,5.153,-96.518,277,145,132,52.347,97.369,0.651,-3.95,1468,69.79,-52.84,9.27,-86.72,5.15,-44.4
BTC-USDT-SWAP,1H,12H,0.005,0.006,0.008,148.0,42.12,-71.541,277,183,94,66.065,85.23,0.865,-2.928,1468,158.64,7.19,34.57,-78.21,42.12,21.84
BTC-USDT-SWAP,1H,12H,0.005,0.006,0.01,148.0,117.313,-20.734,277,198,79,71.48,85.956,0.979,-0.849,1468,393.82,166.1,58.71,-85.09,117.31,99.83
BTC-USDT-SWAP,1H,12H,0.005,0.006,0.015,148.0,1259.642,751.109,277,219,58,79.061,62.987,1.284,30.741,1468,698.17,371.74,459.09,-34.24,1259.64,174.38
BTC-USDT-SWAP,1H,12H,0.005,0.006,0.02,148.0,4526.746,2958.612,277,227,50,81.949,55.056,1.484,121.089,1468,1208.34,716.44,1580.65,30.81,4526.75,186.39
BTC-USDT-SWAP,1H,12H,0.005,0.006,0.025,148.0,3694.876,2396.538,277,227,50,81.949,51.969,1.434,98.085,1468,1058.11,614.94,1509.27,42.64,3694.88,144.81
BTC-USDT-SWAP,1H,12H,0.005,0.006,0.03,148.0,4030.5,2623.311,277,228,49,82.31,52.882,1.379,107.366,1468,917.85,520.17,2037.51,121.99,4030.5,97.82
BTC-USDT-SWAP,1H,12H,0.005,0.008,0.005,148.0,5.881,-96.027,277,126,151,45.487,97.108,0.718,-3.93,1468,73.67,-50.23,9.32,-87.35,5.88,-36.91
BTC-USDT-SWAP,1H,12H,0.005,0.008,0.008,148.0,50.197,-66.083,277,159,118,57.401,88.896,0.915,-2.705,1468,192.64,30.16,32.86,-82.94,50.2,52.75
BTC-USDT-SWAP,1H,12H,0.005,0.008,0.01,148.0,100.094,-32.369,277,171,106,61.733,92.994,0.972,-1.325,1468,369.54,149.69,33.23,-91.01,100.09,201.22
BTC-USDT-SWAP,1H,12H,0.005,0.008,0.015,148.0,561.992,279.724,277,188,89,67.87,88.66,1.112,11.448,1468,568.29,283.98,133.52,-76.5,561.99,320.89
BTC-USDT-SWAP,1H,12H,0.005,0.008,0.02,148.0,2140.722,1346.434,277,197,80,71.119,87.063,1.259,55.106,1468,883.55,496.99,444.37,-49.71,2140.72,381.74
BTC-USDT-SWAP,1H,12H,0.005,0.008,0.025,148.0,1505.856,917.47,277,197,80,71.119,87.913,1.196,37.55,1468,873.62,490.29,365.67,-58.14,1505.86,311.81
BTC-USDT-SWAP,1H,12H,0.005,0.008,0.03,148.0,1845.021,1146.636,277,198,79,71.48,87.425,1.199,46.929,1468,757.82,412.04,554.47,-26.83,1845.02,232.75
BTC-USDT-SWAP,1H,12H,0.005,0.01,0.005,148.0,4.872,-96.708,277,111,166,40.072,97.397,0.687,-3.958,1468,58.8,-60.27,7.11,-87.92,4.87,-31.44
BTC-USDT-SWAP,1H,12H,0.005,0.01,0.008,148.0,28.946,-80.442,277,141,136,50.903,92.009,0.868,-3.292,1468,126.5,-14.52,19.27,-84.76,28.95,50.17
BTC-USDT-SWAP,1H,12H,0.005,0.01,0.01,148.0,57.764,-60.97,277,153,124,55.235,93.385,0.939,-2.495,1468,259.82,75.55,21.52,-91.72,57.76,168.44
BTC-USDT-SWAP,1H,12H,0.005,0.01,0.015,148.0,510.228,244.749,277,172,105,62.094,90.427,1.082,10.017,1468,610.65,312.6,111.94,-81.67,510.23,355.82
BTC-USDT-SWAP,1H,12H,0.005,0.01,0.02,148.0,2001.757,1252.538,277,181,96,65.343,89.946,1.177,51.264,1468,925.99,525.67,413.71,-55.32,2001.76,383.85
BTC-USDT-SWAP,1H,12H,0.005,0.01,0.025,148.0,2025.859,1268.823,277,181,96,65.343,90.168,1.143,51.93,1468,1174.33,693.47,523.48,-55.42,2025.86,287.0
BTC-USDT-SWAP,1H,12H,0.005,0.01,0.03,148.0,3231.425,2083.395,277,182,95,65.704,89.771,1.19,85.269,1468,1018.66,588.29,808.75,-20.61,3231.42,299.56
BTC-USDT-SWAP,1H,12H,0.005,0.012,0.005,148.0,1.813,-98.775,277,97,180,35.018,99.035,0.58,-4.043,1468,36.26,-75.5,2.97,-91.82,1.81,-38.86
BTC-USDT-SWAP,1H,12H,0.005,0.012,0.008,148.0,7.85,-94.696,277,126,151,45.487,96.122,0.8,-3.876,1468,88.6,-40.13,10.63,-88.0,7.85,-26.17
BTC-USDT-SWAP,1H,12H,0.005,0.012,0.01,148.0,7.475,-94.949,277,135,142,48.736,97.052,0.822,-3.886,1468,106.61,-27.96,7.48,-92.98,7.48,-0.05
BTC-USDT-SWAP,1H,12H,0.005,0.012,0.015,148.0,26.952,-81.789,277,150,127,54.152,94.386,0.928,-3.347,1468,245.03,65.56,22.28,-90.91,26.95,20.97
BTC-USDT-SWAP,1H,12H,0.005,0.012,0.02,148.0,67.418,-54.448,277,159,118,57.401,94.287,0.977,-2.228,1468,424.06,186.52,56.7,-86.63,67.42,18.9
BTC-USDT-SWAP,1H,12H,0.005,0.012,0.025,148.0,77.549,-47.602,277,159,118,57.401,94.579,0.984,-1.948,1468,556.33,275.9,67.05,-87.95,77.55,15.66
BTC-USDT-SWAP,1H,12H,0.005,0.012,0.03,148.0,93.088,-37.103,277,160,117,57.762,94.34,0.988,-1.519,1468,449.39,203.64,83.71,-81.37,93.09,11.2
BTC-USDT-SWAP,1H,12H,0.005,0.015,0.005,148.0,0.26,-99.825,277,80,197,28.881,99.862,0.483,-4.086,1468,24.69,-83.32,1.08,-95.63,0.26,-75.93
BTC-USDT-SWAP,1H,12H,0.005,0.015,0.008,148.0,0.831,-99.439,277,108,169,38.989,99.559,0.72,-4.07,1468,63.14,-57.34,4.01,-93.65,0.83,-79.28
BTC-USDT-SWAP,1H,12H,0.005,0.015,0.01,148.0,1.375,-99.071,277,119,158,42.96,99.275,0.792,-4.055,1468,103.62,-29.99,3.95,-96.18,1.38,-65.21
BTC-USDT-SWAP,1H,12H,0.005,0.015,0.015,148.0,1.902,-98.715,277,130,147,46.931,99.266,0.877,-4.04,1468,165.97,12.14,8.22,-95.05,1.9,-76.87
BTC-USDT-SWAP,1H,12H,0.005,0.015,0.02,148.0,2.451,-98.344,277,136,141,49.097,99.572,0.927,-4.025,1468,236.29,59.66,9.93,-95.8,2.45,-75.32
BTC-USDT-SWAP,1H,12H,0.005,0.015,0.025,148.0,4.272,-97.114,277,137,140,49.458,99.447,0.946,-3.975,1468,341.36,130.65,16.42,-95.19,4.27,-73.98
BTC-USDT-SWAP,1H,12H,0.005,0.015,0.03,148.0,4.243,-97.133,277,138,139,49.819,99.52,0.948,-3.975,1468,256.78,73.5,18.21,-92.91,4.24,-76.7
BTC-USDT-SWAP,1H,12H,0.005,0.02,0.005,148.0,0.074,-99.95,277,69,208,24.91,99.96,0.47,-4.091,1468,23.0,-84.46,0.45,-98.03,0.07,-83.75
BTC-USDT-SWAP,1H,12H,0.005,0.02,0.008,148.0,0.147,-99.901,277,96,181,34.657,99.92,0.684,-4.089,1468,52.52,-64.52,1.25,-97.63,0.15,-88.2
BTC-USDT-SWAP,1H,12H,0.005,0.02,0.01,148.0,0.289,-99.805,277,108,169,38.989,99.845,0.731,-4.085,1468,72.63,-50.93,0.92,-98.73,0.29,-68.75
BTC-USDT-SWAP,1H,12H,0.005,0.02,0.015,148.0,0.278,-99.812,277,118,159,42.599,99.865,0.768,-4.085,1468,76.57,-48.26,1.34,-98.25,0.28,-79.26
BTC-USDT-SWAP,1H,12H,0.005,0.02,0.02,148.0,0.235,-99.842,277,123,154,44.404,99.886,0.83,-4.086,1468,92.65,-37.4,1.24,-98.66,0.23,-81.15
BTC-USDT-SWAP,1H,12H,0.005,0.02,0.025,148.0,0.268,-99.819,277,124,153,44.765,99.874,0.839,-4.085,1468,102.58,-30.69,1.35,-98.68,0.27,-80.13
BTC-USDT-SWAP,1H,12H,0.005,0.02,0.03,148.0,0.225,-99.848,277,125,152,45.126,99.894,0.827,-4.087,1468,62.94,-57.47,1.26,-97.99,0.22,-82.21
BTC-USDT-SWAP,1H,12H,0.005,0.03,0.005,148.0,0.066,-99.955,277,66,211,23.827,99.963,0.46,-4.091,1468,22.76,-84.62,0.43,-98.11,0.07,-84.54
BTC-USDT-SWAP,1H,12H,0.005,0.03,0.008,148.0,0.098,-99.934,277,92,185,33.213,99.944,0.612,-4.09,1468,36.84,-75.11,0.63,-98.28,0.1,-84.63
BTC-USDT-SWAP,1H,12H,0.005,0.03,0.01,148.0,0.113,-99.924,277,103,174,37.184,99.941,0.6,-4.09,1468,32.47,-78.06,0.28,-99.14,0.11,-59.88
BTC-USDT-SWAP,1H,12H,0.005,0.03,0.015,148.0,0.027,-99.982,277,109,168,39.35,99.985,0.591,-4.092,1468,26.14,-82.34,0.1,-99.62,0.03,-73.37
BTC-USDT-SWAP,1H,12H,0.005,0.03,0.02,148.0,0.012,-99.992,277,113,164,40.794,99.993,0.65,-4.092,1468,25.02,-83.09,0.05,-99.8,0.01,-75.8
BTC-USDT-SWAP,1H,12H,0.005,0.03,0.025,148.0,0.017,-99.988,277,115,162,41.516,99.991,0.679,-4.092,1468,25.92,-82.49,0.07,-99.74,0.02,-74.49
BTC-USDT-SWAP,1H,12H,0.005,0.03,0.03,148.0,0.035,-99.977,277,117,160,42.238,99.982,0.674,-4.092,1468,19.52,-86.81,0.15,-99.22,0.03,-77.16
BTC-USDT-SWAP,1H,12H,0.007,0.004,0.005,148.0,11.427,-92.279,237,157,80,66.245,92.724,0.521,-3.777,1468,48.27,-67.39,25.68,-46.79,11.43,-55.51
BTC-USDT-SWAP,1H,12H,0.007,0.004,0.008,148.0,46.66,-68.473,237,188,49,79.325,77.034,0.799,-2.802,1468,152.45,3.01,52.69,-65.44,46.66,-11.45
BTC-USDT-SWAP,1H,12H,0.007,0.004,0.01,148.0,191.896,29.66,237,204,33,86.076,39.818,1.061,1.214,1468,219.79,48.51,174.23,-20.73,191.9,10.14
BTC-USDT-SWAP,1H,12H,0.007,0.004,0.015,148.0,646.663,336.935,237,217,20,91.561,31.11,1.386,13.79,1468,352.92,138.46,478.16,35.49,646.66,35.24
BTC-USDT-SWAP,1H,12H,0.007,0.004,0.02,148.0,1368.88,824.919,237,222,15,93.671,22.6,1.77,33.762,1468,407.58,175.39,850.64,108.71,1368.88,60.92
BTC-USDT-SWAP,1H,12H,0.007,0.004,0.025,148.0,1035.385,599.584,237,222,15,93.671,27.0,1.589,24.54,1468,381.45,157.74,734.56,92.57,1035.38,40.95
BTC-USDT-SWAP,1H,12H,0.007,0.004,0.03,148.0,1633.859,1003.959,237,224,13,94.515,32.0,1.874,41.09,1468,355.32,140.08,890.59,150.64,1633.86,83.46
BTC-USDT-SWAP,1H,12H,0.007,0.006,0.005,148.0,47.914,-67.625,237,139,98,58.65,71.388,0.824,-2.768,1468,72.66,-50.9,62.89,-13.45,47.91,-23.81
BTC-USDT-SWAP,1H,12H,0.007,0.006,0.008,148.0,289.247,95.437,237,170,67,71.73,55.662,1.103,3.906,1468,252.14,70.37,148.49,-41.11,289.25,94.79
BTC-USDT-SWAP,1H,12H,0.007,0.006,0.01,148.0,1386.029,836.506,237,186,51,78.481,40.84,1.466,34.236,1468,367.18,148.09,539.69,46.98,1386.03,156.82
BTC-USDT-SWAP,1H,12H,0.007,0.006,0.015,148.0,4765.041,3119.623,237,199,38,83.966,37.271,1.801,127.679,1468,638.7,331.55,1425.53,123.19,4765.04,234.26
BTC-USDT-SWAP,1H,12H,0.007,0.006,0.02,148.0,11605.492,7741.549,237,204,33,86.076,36.97,2.149,316.844,1468,706.62,377.44,3571.15,405.39,11605.49,224.98
BTC-USDT-SWAP,1H,12H,0.007,0.006,0.025,148.0,8827.388,5864.451,237,204,33,86.076,44.281,1.935,240.018,1468,704.08,375.73,3101.13,340.45,8827.39,184.65
BTC-USDT-SWAP,1H,12H,0.007,0.006,0.03,148.0,15299.696,10237.632,237,206,31,86.92,39.769,2.321,419.003,1468,655.85,343.14,3833.56,484.51,15299.7,299.1
BTC-USDT-SWAP,1H,12H,0.007,0.008,0.005,148.0,75.837,-48.759,237,122,115,51.477,64.722,0.916,-1.996,1468,122.46,-17.26,69.37,-43.35,75.84,9.32
BTC-USDT-SWAP,1H,12H,0.007,0.008,0.008,148.0,481.688,225.465,237,151,86,63.713,72.557,1.131,9.228,1468,478.53,223.33,177.39,-62.93,481.69,171.54
BTC-USDT-SWAP,1H,12H,0.007,0.008,0.01,148.0,2573.747,1639.018,237,166,71,70.042,46.782,1.416,67.081,1468,735.25,396.79,726.51,-1.19,2573.75,254.26
BTC-USDT-SWAP,1H,12H,0.007,0.008,0.015,148.0,10468.877,6973.565,237,180,57,75.949,70.938,1.693,285.412,1468,1663.5,1023.99,1818.84,9.34,10468.88,475.58
BTC-USDT-SWAP,1H,12H,0.007,0.008,0.02,148.0,12305.237,8214.349,237,183,54,77.215,63.474,1.771,336.194,1468,1374.98,829.04,2340.47,70.22,12305.24,425.76
BTC-USDT-SWAP,1H,12H,0.007,0.008,0.025,148.0,9977.728,6641.708,237,183,54,77.215,56.294,1.665,271.83,1468,1281.88,766.14,2315.66,80.65,9977.73,330.88
BTC-USDT-SWAP,1H,12H,0.007,0.008,0.03,148.0,17937.552,12019.967,237,185,52,78.059,53.185,1.895,491.95,1468,1111.96,651.32,3124.22,180.97,17937.55,474.15
BTC-USDT-SWAP,1H,12H,0.007,0.01,0.005,148.0,126.354,-14.626,237,111,126,46.835,73.579,0.98,-0.599,1468,129.63,-12.42,73.7,-43.15,126.35,71.45
BTC-USDT-SWAP,1H,12H,0.007,0.01,0.008,148.0,481.495,225.334,237,136,101,57.384,85.278,1.136,9.222,1468,393.88,166.13,116.64,-70.39,481.5,312.81
BTC-USDT-SWAP,1H,12H,0.007,0.01,0.01,148.0,1473.954,895.915,237,147,90,62.025,75.049,1.309,36.668,1468,506.23,242.04,280.15,-44.66,1473.95,426.14
BTC-USDT-SWAP,1H,12H,0.007,0.01,0.015,148.0,5486.553,3607.13,237,161,76,67.932,87.465,1.534,147.632,1468,949.34,541.45,635.61,-33.05,5486.55,763.19
BTC-USDT-SWAP,1H,12H,0.007,0.01,0.02,148.0,7428.793,4919.455,237,165,72,69.62,85.316,1.584,201.342,1468,1030.45,596.25,942.17,-8.57,7428.79,688.48
BTC-USDT-SWAP,1H,12H,0.007,0.01,0.025,148.0,4934.011,3233.791,237,165,72,69.62,85.702,1.459,132.352,1468,960.67,549.1,763.55,-20.52,4934.01,546.19
BTC-USDT-SWAP,1H,12H,0.007,0.01,0.03,148.0,8940.374,5940.793,237,167,70,70.464,86.719,1.59,243.143,1468,833.33,463.06,1078.09,29.37,8940.37,729.28
BTC-USDT-SWAP,1H,12H,0.007,0.012,0.005,148.0,64.239,-56.595,237,98,139,41.35,75.211,0.892,-2.316,1468,89.48,-39.54,48.01,-46.35,64.24,33.81
BTC-USDT-SWAP,1H,12H,0.007,0.012,0.008,148.0,250.008,68.924,237,124,113,52.321,83.43,1.053,2.821,1468,287.65,94.36,84.41,-70.66,250.01,196.19
BTC-USDT-SWAP,1H,12H,0.007,0.012,0.01,148.0,901.458,509.093,237,136,101,57.384,73.194,1.18,20.836,1468,467.07,215.59,238.67,-48.9,901.46,277.7
BTC-USDT-SWAP,1H,12H,0.007,0.012,0.015,148.0,3805.435,2471.24,237,151,86,63.713,86.882,1.348,101.142,1468,886.5,498.99,523.98,-40.89,3805.44,626.26
BTC-USDT-SWAP,1H,12H,0.007,0.012,0.02,148.0,6085.923,4012.11,237,155,82,65.401,84.338,1.364,164.206,1468,904.06,510.85,980.43,8.45,6085.92,520.74
BTC-USDT-SWAP,1H,12H,0.007,0.012,0.025,148.0,6459.47,4264.507,237,156,81,65.823,85.299,1.392,174.536,1468,1102.93,645.22,1039.74,-5.73,6459.47,521.26
BTC-USDT-SWAP,1H,12H,0.007,0.012,0.03,148.0,13008.369,8689.439,237,158,79,66.667,86.345,1.541,355.639,1468,956.73,546.44,1495.23,56.29,13008.37,769.99
BTC-USDT-SWAP,1H,12H,0.007,0.015,0.005,148.0,13.04,-91.189,237,82,155,34.599,92.182,0.784,-3.732,1468,63.17,-57.32,27.14,-57.03,13.04,-51.96
BTC-USDT-SWAP,1H,12H,0.007,0.015,0.008,148.0,30.884,-79.132,237,106,131,44.726,90.306,0.908,-3.239,1468,162.45,9.76,44.9,-72.36,30.88,-31.21
BTC-USDT-SWAP,1H,12H,0.007,0.015,0.01,148.0,76.048,-48.616,237,116,121,48.945,85.038,0.965,-1.99,1468,236.23,59.62,96.2,-59.28,76.05,-20.95
BTC-USDT-SWAP,1H,12H,0.007,0.015,0.015,148.0,164.813,11.36,237,129,108,54.43,91.334,1.004,0.465,1468,470.5,217.91,185.52,-60.57,164.81,-11.16
BTC-USDT-SWAP,1H,12H,0.007,0.015,0.02,148.0,169.835,14.753,237,132,105,55.696,91.23,1.004,0.604,1468,397.95,168.88,201.48,-49.37,169.83,-15.71
BTC-USDT-SWAP,1H,12H,0.007,0.015,0.025,148.0,225.808,52.573,237,133,104,56.118,92.277,1.012,2.152,1468,597.34,303.61,235.44,-60.59,225.81,-4.09
BTC-USDT-SWAP,1H,12H,0.007,0.015,0.03,148.0,264.849,78.952,237,134,103,56.54,92.631,1.016,3.231,1468,482.52,226.03,280.87,-41.79,264.85,-5.7
BTC-USDT-SWAP,1H,12H,0.007,0.02,0.005,148.0,3.382,-97.715,237,70,167,29.536,98.059,0.692,-3.999,1468,43.28,-70.76,9.35,-78.39,3.38,-63.84
BTC-USDT-SWAP,1H,12H,0.007,0.02,0.008,148.0,9.112,-93.844,237,94,143,39.662,95.327,0.826,-3.841,1468,100.68,-31.97,13.31,-86.78,9.11,-31.55
BTC-USDT-SWAP,1H,12H,0.007,0.02,0.01,148.0,7.584,-94.876,237,100,137,42.194,95.98,0.818,-3.883,1468,84.16,-43.14,16.32,-80.61,7.58,-53.52
BTC-USDT-SWAP,1H,12H,0.007,0.02,0.015,148.0,7.328,-95.049,237,111,126,46.835,98.056,0.89,-3.89,1468,113.25,-23.48,16.27,-85.63,7.33,-54.97
BTC-USDT-SWAP,1H,12H,0.007,0.02,0.02,148.0,5.874,-96.031,237,114,123,48.101,98.537,0.891,-3.93,1468,99.8,-32.57,10.97,-89.01,5.87,-46.44
BTC-USDT-SWAP,1H,12H,0.007,0.02,0.025,148.0,6.475,-95.625,237,116,121,48.945,98.181,0.89,-3.914,1468,106.98,-27.71,11.35,-89.39,6.47,-42.98
BTC-USDT-SWAP,1H,12H,0.007,0.02,0.03,148.0,12.649,-91.453,237,118,119,49.789,97.853,0.909,-3.743,1468,67.68,-54.27,24.23,-64.2,12.65,-47.79
BTC-USDT-SWAP,1H,12H,0.007,0.03,0.005,148.0,0.772,-99.478,237,62,175,26.16,99.539,0.58,-4.071,1468,31.77,-78.54,2.92,-90.8,0.77,-73.57
BTC-USDT-SWAP,1H,12H,0.007,0.03,0.008,148.0,1.432,-99.032,237,86,151,36.287,99.302,0.714,-4.053,1468,55.91,-62.22,2.68,-95.21,1.43,-46.49
BTC-USDT-SWAP,1H,12H,0.007,0.03,0.01,148.0,0.711,-99.52,237,90,147,37.975,99.638,0.701,-4.073,1468,48.93,-66.94,1.9,-96.13,0.71,-62.5
BTC-USDT-SWAP,1H,12H,0.007,0.03,0.015,148.0,0.196,-99.868,237,97,140,40.928,99.923,0.76,-4.087,1468,57.08,-61.44,0.65,-98.87,0.2,-69.75
BTC-USDT-SWAP,1H,12H,0.007,0.03,0.02,148.0,0.173,-99.883,237,101,136,42.616,99.933,0.768,-4.088,1468,51.27,-65.36,0.48,-99.06,0.17,-64.01
BTC-USDT-SWAP,1H,12H,0.007,0.03,0.025,148.0,0.434,-99.707,237,105,132,44.304,99.832,0.795,-4.081,1468,64.54,-56.39,1.13,-98.24,0.43,-61.69
BTC-USDT-SWAP,1H,12H,0.007,0.03,0.03,148.0,1.291,-99.128,237,107,130,45.148,99.501,0.812,-4.057,1468,40.83,-72.41,3.68,-90.99,1.29,-64.92
BTC-USDT-SWAP,1H,12H,0.01,0.004,0.005,148.0,12.19,-91.764,181,114,67,62.983,93.108,0.497,-3.756,1468,97.7,-33.98,17.52,-82.07,12.19,-30.41
BTC-USDT-SWAP,1H,12H,0.01,0.004,0.008,148.0,56.875,-61.571,181,142,39,78.453,72.639,0.722,-2.52,1468,126.61,-14.46,53.85,-57.46,56.88,5.61
BTC-USDT-SWAP,1H,12H,0.01,0.004,0.01,148.0,174.17,17.682,181,154,27,85.083,47.936,1.06,0.724,1468,174.99,18.24,143.67,-17.9,174.17,21.23
BTC-USDT-SWAP,1H,12H,0.01,0.004,0.015,148.0,785.777,430.93,181,167,14,92.265,31.359,1.898,17.637,1468,297.91,101.29,574.99,93.01,785.78,36.66
BTC-USDT-SWAP,1H,12H,0.01,0.004,0.02,148.0,664.996,349.322,181,168,13,92.818,40.047,1.811,14.297,1468,279.96,89.16,448.36,60.15,665.0,48.32
BTC-USDT-SWAP,1H,12H,0.01,0.004,0.025,148.0,655.563,342.948,181,169,12,93.37,29.316,1.68,14.036,1468,262.01,77.04,504.62,92.59,655.56,29.91
BTC-USDT-SWAP,1H,12H,0.01,0.004,0.03,148.0,740.372,400.251,181,170,11,93.923,34.157,1.906,16.381,1468,244.07,64.91,437.86,79.4,740.37,69.09
BTC-USDT-SWAP,1H,12H,0.01,0.006,0.005,148.0,65.352,-55.843,181,108,73,59.669,72.393,0.85,-2.286,1468,175.35,18.48,58.04,-66.9,65.35,12.59
BTC-USDT-SWAP,1H,12H,0.01,0.006,0.008,148.0,488.296,229.93,181,135,46,74.586,43.872,1.35,9.41,1468,255.3,72.5,241.26,-5.5,488.3,102.39
BTC-USDT-SWAP,1H,12H,0.01,0.006,0.01,148.0,1336.017,802.714,181,145,36,80.11,32.772,1.663,32.853,1468,329.36,122.54,655.95,99.16,1336.02,103.68
BTC-USDT-SWAP,1H,12H,0.01,0.006,0.015,148.0,7800.864,5170.854,181,158,23,87.293,31.359,2.528,211.631,1468,605.99,309.45,3007.86,396.36,7800.86,159.35
BTC-USDT-SWAP,1H,12H,0.01,0.006,0.02,148.0,6299.868,4156.667,181,159,22,87.845,39.394,2.462,170.123,1468,569.48,284.79,2195.12,285.46,6299.87,186.99
BTC-USDT-SWAP,1H,12H,0.01,0.006,0.025,148.0,6917.305,4573.855,181,160,21,88.398,33.149,2.237,187.197,1468,532.98,260.12,2751.74,416.3,6917.31,151.38
BTC-USDT-SWAP,1H,12H,0.01,0.006,0.03,148.0,7965.363,5282.002,181,161,20,88.95,37.727,2.558,216.18,1468,496.47,235.45,2387.7,380.93,7965.36,233.6
BTC-USDT-SWAP,1H,12H,0.01,0.008,0.005,148.0,125.662,-15.093,181,98,83,54.144,74.701,0.97,-0.618,1468,218.05,47.33,65.0,-70.19,125.66,93.34
BTC-USDT-SWAP,1H,12H,0.01,0.008,0.008,148.0,1698.729,1047.79,181,127,54,70.166,43.416,1.778,42.884,1468,379.97,156.74,446.34,17.47,1698.73,280.59
BTC-USDT-SWAP,1H,12H,0.01,0.008,0.01,148.0,3000.273,1927.211,181,133,48,73.481,39.093,1.995,78.876,1468,402.74,172.12,768.56,90.83,3000.27,290.38
BTC-USDT-SWAP,1H,12H,0.01,0.008,0.015,148.0,13642.214,9117.712,181,144,37,79.558,38.648,2.669,373.167,1468,857.03,479.08,2989.94,248.87,13642.21,356.27
BTC-USDT-SWAP,1H,12H,0.01,0.008,0.02,148.0,10622.957,7077.674,181,145,36,80.11,49.105,2.556,289.673,1468,784.24,429.89,2064.25,163.22,10622.96,414.62
BTC-USDT-SWAP,1H,12H,0.01,0.008,0.025,148.0,10223.258,6807.607,181,146,35,80.663,56.222,2.287,278.62,1468,686.73,364.01,2268.03,230.26,10223.26,350.75
BTC-USDT-SWAP,1H,12H,0.01,0.008,0.03,148.0,17358.084,11628.435,181,148,33,81.768,50.077,3.018,475.925,1468,595.7,302.5,2664.5,347.29,17358.08,551.46
BTC-USDT-SWAP,1H,12H,0.01,0.01,0.005,148.0,127.946,-13.55,181,88,93,48.619,84.395,0.982,-0.555,1468,381.05,157.46,70.17,-81.59,127.95,82.34
BTC-USDT-SWAP,1H,12H,0.01,0.01,0.008,148.0,1702.713,1050.482,181,115,66,63.536,62.885,1.468,42.994,1468,628.62,324.74,455.14,-27.6,1702.71,274.11
BTC-USDT-SWAP,1H,12H,0.01,0.01,0.01,148.0,2349.177,1487.282,181,120,61,66.298,62.232,1.546,60.871,1468,661.87,347.21,642.92,-2.86,2349.18,265.39
BTC-USDT-SWAP,1H,12H,0.01,0.01,0.015,148.0,6790.96,4488.486,181,130,51,71.823,65.253,1.787,183.703,1468,1062.22,617.72,1637.73,54.18,6790.96,314.66
BTC-USDT-SWAP,1H,12H,0.01,0.01,0.02,148.0,5322.134,3496.036,181,130,51,71.823,59.952,1.664,143.085,1468,965.81,552.57,1494.6,54.75,5322.13,256.09
BTC-USDT-SWAP,1H,12H,0.01,0.01,0.025,148.0,5046.056,3309.497,181,131,50,72.376,58.436,1.56,135.45,1468,791.31,434.67,1729.1,118.51,5046.06,191.83
BTC-USDT-SWAP,1H,12H,0.01,0.01,0.03,148.0,7600.386,5035.396,181,133,48,73.481,54.341,1.69,206.087,1468,673.01,354.74,2029.38,201.54,7600.39,274.52
BTC-USDT-SWAP,1H,12H,0.01,0.012,0.005,148.0,267.706,80.883,181,85,96,46.961,78.449,1.08,3.31,1468,438.38,196.2,113.55,-74.1,267.71,135.76
BTC-USDT-SWAP,1H,12H,0.01,0.012,0.008,148.0,2566.981,1634.447,181,109,72,60.221,60.722,1.497,66.894,1468,753.94,409.42,525.69,-30.27,2566.98,388.31
BTC-USDT-SWAP,1H,12H,0.01,0.012,0.01,148.0,4848.663,3176.124,181,116,65,64.088,59.114,1.668,129.991,1468,883.56,497.0,816.17,-7.63,4848.66,494.07
BTC-USDT-SWAP,1H,12H,0.01,0.012,0.015,148.0,16807.622,11256.501,181,127,54,70.166,63.088,1.967,460.703,1468,1373.69,828.17,2455.64,78.76,16807.62,584.45
BTC-USDT-SWAP,1H,12H,0.01,0.012,0.02,148.0,12358.734,8250.496,181,127,54,70.166,54.042,1.781,337.674,1468,1323.27,794.1,2095.86,58.38,12358.73,489.67
BTC-USDT-SWAP,1H,12H,0.01,0.012,0.025,148.0,12805.819,8552.58,181,128,53,70.718,51.62,1.681,350.037,1468,1084.19,632.56,2649.87,144.41,12805.82,383.26
BTC-USDT-SWAP,1H,12H,0.01,0.012,0.03,148.0,19584.368,13132.681,181,130,51,71.823,52.148,1.891,537.49,1468,922.1,523.04,2949.94,219.91,19584.37,563.89
BTC-USDT-SWAP,1H,12H,0.01,0.015,0.005,148.0,84.339,-43.014,181,72,109,39.779,88.712,0.934,-1.76,1468,290.7,96.42,40.12,-86.2,84.34,110.23
BTC-USDT-SWAP,1H,12H,0.01,0.015,0.008,148.0,681.872,360.724,181,95,86,52.486,76.066,1.186,14.764,1468,567.11,283.18,184.15,-67.53,681.87,270.27
BTC-USDT-SWAP,1H,12H,0.01,0.015,0.01,148.0,904.843,511.38,181,101,80,55.801,78.508,1.23,20.93,1468,667.56,351.05,220.78,-66.93,904.84,309.83
BTC-USDT-SWAP,1H,12H,0.01,0.015,0.015,148.0,3191.182,2056.204,181,113,68,62.431,76.277,1.364,84.156,1468,1032.81,597.84,759.56,-26.46,3191.18,320.14
BTC-USDT-SWAP,1H,12H,0.01,0.015,0.02,148.0,2168.289,1365.06,181,114,67,62.983,77.22,1.241,55.869,1468,1259.79,751.21,680.8,-45.96,2168.29,218.49
BTC-USDT-SWAP,1H,12H,0.01,0.015,0.025,148.0,2696.391,1721.886,181,115,66,63.536,79.303,1.281,70.473,1468,1032.17,597.41,876.58,-15.07,2696.39,207.6
BTC-USDT-SWAP,1H,12H,0.01,0.015,0.03,148.0,3947.536,2567.254,181,117,64,64.641,79.06,1.35,105.072,1468,877.86,493.15,1026.33,16.91,3947.54,284.63
BTC-USDT-SWAP,1H,12H,0.01,0.02,0.005,148.0,20.395,-86.22,181,60,121,33.149,92.436,0.835,-3.529,1468,213.59,44.32,25.69,-87.97,20.39,-20.62
BTC-USDT-SWAP,1H,12H,0.01,0.02,0.008,148.0,37.837,-74.435,181,77,104,42.541,90.418,0.923,-3.046,1468,280.34,89.42,58.89,-78.99,37.84,-35.75
BTC-USDT-SWAP,1H,12H,0.01,0.02,0.01,148.0,24.499,-83.447,181,82,99,45.304,93.329,0.912,-3.415,1468,314.91,112.78,43.96,-86.04,24.5,-44.26
BTC-USDT-SWAP,1H,12H,0.01,0.02,0.015,148.0,30.597,-79.326,181,93,88,51.381,96.239,0.951,-3.247,1468,417.96,182.41,51.18,-87.75,30.6,-40.22
BTC-USDT-SWAP,1H,12H,0.01,0.02,0.02,148.0,40.947,-72.333,181,95,86,52.486,95.606,0.964,-2.96,1468,558.07,277.08,65.04,-88.35,40.95,-37.04
BTC-USDT-SWAP,1H,12H,0.01,0.02,0.025,148.0,38.077,-74.273,181,96,85,53.039,96.472,0.963,-3.04,1468,400.29,170.46,66.93,-83.28,38.08,-43.11
BTC-USDT-SWAP,1H,12H,0.01,0.02,0.03,148.0,48.359,-67.325,181,97,84,53.591,96.248,0.966,-2.755,1468,295.23,99.48,89.81,-69.58,48.36,-46.16
BTC-USDT-SWAP,1H,12H,0.01,0.03,0.005,148.0,11.94,-91.933,181,56,125,30.939,94.71,0.791,-3.763,1468,178.78,20.79,13.89,-92.23,11.94,-14.01
BTC-USDT-SWAP,1H,12H,0.01,0.03,0.008,148.0,6.628,-95.521,181,69,112,38.122,97.343,0.818,-3.909,1468,178.49,20.6,9.83,-94.49,6.63,-32.58
BTC-USDT-SWAP,1H,12H,0.01,0.03,0.01,148.0,3.398,-97.704,181,74,107,40.884,98.471,0.795,-3.999,1468,163.6,10.54,5.81,-96.45,3.4,-41.52
BTC-USDT-SWAP,1H,12H,0.01,0.03,0.015,148.0,2.157,-98.543,181,84,97,46.409,99.301,0.853,-4.033,1468,214.32,44.81,4.0,-98.13,2.16,-46.15
BTC-USDT-SWAP,1H,12H,0.01,0.03,0.02,148.0,3.108,-97.9,181,87,94,48.066,99.192,0.874,-4.007,1468,237.34,60.36,5.48,-97.69,3.11,-43.29
BTC-USDT-SWAP,1H,12H,0.01,0.03,0.025,148.0,4.902,-96.688,181,89,92,49.171,98.495,0.87,-3.957,1468,150.3,1.55,9.57,-93.64,4.9,-48.75
BTC-USDT-SWAP,1H,12H,0.01,0.03,0.03,148.0,5.455,-96.314,181,90,91,49.724,98.074,0.855,-3.942,1468,96.13,-35.05,11.25,-88.3,5.45,-51.5
BTC-USDT-SWAP,1H,1D,0.001,0.004,0.005,148.0,5.665,-96.172,214,133,81,62.15,96.172,0.427,-3.931,735,55.22,-62.69,12.12,-78.05,5.66,-53.26
BTC-USDT-SWAP,1H,1D,0.001,0.004,0.008,148.0,12.738,-91.393,214,160,54,74.766,92.953,0.574,-3.735,735,82.82,-44.04,20.48,-75.28,12.74,-37.79
BTC-USDT-SWAP,1H,1D,0.001,0.004,0.01,148.0,31.87,-78.466,214,174,40,81.308,84.277,0.71,-3.207,735,129.38,-12.58,56.6,-56.25,31.87,-43.69
BTC-USDT-SWAP,1H,1D,0.001,0.004,0.015,148.0,49.677,-66.435,214,186,28,86.916,79.48,0.825,-2.715,735,149.83,1.24,105.61,-29.51,49.68,-52.96
BTC-USDT-SWAP,1H,1D,0.001,0.004,0.02,148.0,201.108,35.883,214,196,18,91.589,60.368,1.089,1.467,735,161.45,9.09,140.48,-12.99,201.11,43.15
BTC-USDT-SWAP,1H,1D,0.001,0.004,0.025,148.0,311.81,110.683,214,198,16,92.523,54.787,1.234,4.524,735,201.86,36.39,203.26,0.69,311.81,53.41
BTC-USDT-SWAP,1H,1D,0.001,0.004,0.03,148.0,327.729,121.439,214,199,15,92.991,61.451,1.294,4.963,735,188.04,27.05,152.9,-18.69,327.73,114.35
BTC-USDT-SWAP,1H,1D,0.001,0.006,0.005,148.0,16.908,-88.576,214,120,94,56.075,91.884,0.68,-3.62,735,79.63,-46.19,25.27,-68.27,16.91,-33.08
BTC-USDT-SWAP,1H,1D,0.001,0.006,0.008,148.0,38.163,-74.214,214,145,69,67.757,87.484,0.806,-3.033,735,99.09,-33.05,39.45,-60.19,38.16,-3.27
BTC-USDT-SWAP,1H,1D,0.001,0.006,0.01,148.0,110.129,-25.589,214,159,55,74.299,71.241,0.961,-1.046,735,205.39,38.78,126.16,-38.57,110.13,-12.71
BTC-USDT-SWAP,1H,1D,0.001,0.006,0.015,148.0,120.9,-18.311,214,170,44,79.439,76.558,0.981,-0.748,735,237.76,60.65,169.75,-28.61,120.9,-28.78
BTC-USDT-SWAP,1H,1D,0.001,0.006,0.02,148.0,640.775,332.956,214,180,34,84.112,67.63,1.274,13.609,735,245.42,65.82,280.08,14.12,640.78,128.78
BTC-USDT-SWAP,1H,1D,0.001,0.006,0.025,148.0,689.387,365.802,214,181,33,84.579,73.979,1.276,14.951,735,292.74,97.79,300.61,2.69,689.39,129.33
BTC-USDT-SWAP,1H,1D,0.001,0.006,0.03,148.0,588.14,297.392,214,182,32,85.047,79.086,1.272,12.155,735,253.93,71.58,193.37,-23.85,588.14,204.15
BTC-USDT-SWAP,1H,1D,0.001,0.008,0.005,148.0,13.334,-90.99,214,100,114,46.729,93.215,0.749,-3.719,735,104.34,-29.5,21.79,-79.12,13.33,-38.8
BTC-USDT-SWAP,1H,1D,0.001,0.008,0.008,148.0,15.147,-89.766,214,120,94,56.075,93.058,0.818,-3.669,735,117.55,-20.58,27.91,-76.26,15.15,-45.73
BTC-USDT-SWAP,1H,1D,0.001,0.008,0.01,148.0,42.591,-71.222,214,135,79,63.084,88.01,0.915,-2.911,735,209.3,41.42,103.3,-50.65,42.59,-58.77
BTC-USDT-SWAP,1H,1D,0.001,0.008,0.015,148.0,54.267,-63.333,214,147,67,68.692,89.75,0.947,-2.589,735,261.96,77.0,116.27,-55.61,54.27,-53.33
BTC-USDT-SWAP,1H,1D,0.001,0.008,0.02,148.0,192.375,29.983,214,156,58,72.897,88.28,1.02,1.225,735,272.42,84.07,165.62,-39.2,192.38,16.15
BTC-USDT-SWAP,1H,1D,0.001,0.008,0.025,148.0,144.786,-2.172,214,157,57,73.364,90.556,0.999,-0.089,735,309.89,109.38,142.09,-54.15,144.79,1.9
BTC-USDT-SWAP,1H,1D,0.001,0.008,0.03,148.0,148.19,0.128,214,158,56,73.832,89.038,1.0,0.005,735,250.32,69.14,124.1,-50.42,148.19,19.41
BTC-USDT-SWAP,1H,1D,0.001,0.01,0.005,148.0,15.878,-89.271,214,90,124,42.056,93.426,0.811,-3.649,735,126.32,-14.65,24.66,-80.48,15.88,-35.6
BTC-USDT-SWAP,1H,1D,0.001,0.01,0.008,148.0,14.183,-90.417,214,108,106,50.467,94.041,0.852,-3.696,735,123.81,-16.34,20.89,-83.13,14.18,-32.09
BTC-USDT-SWAP,1H,1D,0.001,0.01,0.01,148.0,18.997,-87.164,214,119,95,55.607,93.094,0.882,-3.563,735,149.2,0.81,37.66,-74.76,19.0,-49.56
BTC-USDT-SWAP,1H,1D,0.001,0.01,0.015,148.0,14.372,-90.289,214,130,84,60.748,95.948,0.907,-3.69,735,168.76,14.03,33.01,-80.44,14.37,-56.46
BTC-USDT-SWAP,1H,1D,0.001,0.01,0.02,148.0,60.981,-58.796,214,140,74,65.421,93.465,0.951,-2.403,735,179.69,21.41,52.53,-70.77,60.98,16.09
BTC-USDT-SWAP,1H,1D,0.001,0.01,0.025,148.0,37.245,-74.834,214,141,73,65.888,95.25,0.937,-3.059,735,210.17,42.01,39.1,-81.4,37.25,-4.73
BTC-USDT-SWAP,1H,1D,0.001,0.01,0.03,148.0,39.073,-73.599,214,142,72,66.355,94.333,0.923,-3.008,735,166.48,12.49,33.78,-79.71,39.07,15.66
BTC-USDT-SWAP,1H,1D,0.001,0.012,0.005,148.0,12.955,-91.247,214,80,134,37.383,95.098,0.727,-3.729,735,52.67,-64.41,14.65,-72.18,12.96,-11.58
BTC-USDT-SWAP,1H,1D,0.001,0.012,0.008,148.0,9.118,-93.839,214,97,117,45.327,96.379,0.729,-3.835,735,35.82,-75.8,9.09,-74.63,9.12,0.33
BTC-USDT-SWAP,1H,1D,0.001,0.012,0.01,148.0,12.012,-91.884,214,108,106,50.467,94.466,0.76,-3.755,735,39.15,-73.55,16.12,-58.83,12.01,-25.47
BTC-USDT-SWAP,1H,1D,0.001,0.012,0.015,148.0,7.191,-95.142,214,119,95,55.607,96.6,0.805,-3.889,735,44.04,-70.24,12.81,-70.9,7.19,-43.89
BTC-USDT-SWAP,1H,1D,0.001,0.012,0.02,148.0,15.353,-89.626,214,126,88,58.879,96.658,0.811,-3.663,735,32.93,-77.75,13.29,-59.65,15.35,15.54
BTC-USDT-SWAP,1H,1D,0.001,0.012,0.025,148.0,12.509,-91.548,214,128,86,59.813,97.65,0.798,-3.742,735,36.93,-75.05,9.34,-74.69,12.51,33.86
BTC-USDT-SWAP,1H,1D,0.001,0.012,0.03,148.0,10.698,-92.772,214,129,85,60.28,98.375,0.743,-3.792,735,23.41,-84.18,6.46,-72.4,10.7,65.53
BTC-USDT-SWAP,1H,1D,0.001,0.015,0.005,148.0,1.865,-98.74,214,63,151,29.439,99.071,0.645,-4.036,735,29.88,-79.81,5.32,-82.21,1.86,-64.91
BTC-USDT-SWAP,1H,1D,0.001,0.015,0.008,148.0,1.52,-98.973,214,81,133,37.85,99.356,0.719,-4.045,735,25.33,-82.89,4.91,-80.61,1.52,-69.04
BTC-USDT-SWAP,1H,1D,0.001,0.015,0.01,148.0,1.645,-98.888,214,91,123,42.523,99.285,0.74,-4.042,735,27.31,-81.55,8.38,-69.32,1.65,-80.36
BTC-USDT-SWAP,1H,1D,0.001,0.015,0.015,148.0,0.792,-99.465,214,103,111,48.131,99.676,0.801,-4.065,735,29.79,-79.87,7.08,-76.23,0.79,-88.82
BTC-USDT-SWAP,1H,1D,0.001,0.015,0.02,148.0,2.172,-98.533,214,112,102,52.336,99.315,0.801,-4.027,735,19.66,-86.72,8.72,-55.64,2.17,-75.09
BTC-USDT-SWAP,1H,1D,0.001,0.015,0.025,148.0,1.499,-98.987,214,114,100,53.271,99.527,0.785,-4.046,735,19.65,-86.73,5.95,-69.69,1.5,-74.83
BTC-USDT-SWAP,1H,1D,0.001,0.015,0.03,148.0,1.101,-99.256,214,115,99,53.738,99.653,0.741,-4.057,735,12.9,-91.28,4.27,-66.94,1.1,-74.2
BTC-USDT-SWAP,1H,1D,0.001,0.02,0.005,148.0,1.322,-99.106,214,57,157,26.636,99.151,0.558,-4.051,735,23.22,-84.31,3.75,-83.87,1.32,-64.69
BTC-USDT-SWAP,1H,1D,0.001,0.02,0.008,148.0,0.367,-99.752,214,70,144,32.71,99.77,0.564,-4.077,735,12.25,-91.72,1.41,-88.49,0.37,-73.99
BTC-USDT-SWAP,1H,1D,0.001,0.02,0.01,148.0,0.441,-99.702,214,80,134,37.383,99.709,0.565,-4.075,735,10.29,-93.05,2.4,-76.63,0.44,-81.65
BTC-USDT-SWAP,1H,1D,0.001,0.02,0.015,148.0,0.141,-99.905,214,91,123,42.523,99.905,0.674,-4.083,735,14.79,-90.01,1.87,-87.36,0.14,-92.46
BTC-USDT-SWAP,1H,1D,0.001,0.02,0.02,148.0,0.319,-99.784,214,98,116,45.794,99.839,0.664,-4.078,735,8.95,-93.96,2.34,-73.85,0.32,-86.37
BTC-USDT-SWAP,1H,1D,0.001,0.02,0.025,148.0,0.127,-99.914,214,99,115,46.262,99.936,0.589,-4.084,735,5.03,-96.6,0.94,-81.24,0.13,-86.54
BTC-USDT-SWAP,1H,1D,0.001,0.02,0.03,148.0,0.056,-99.962,214,99,115,46.262,99.972,0.522,-4.086,735,2.67,-98.2,0.55,-79.54,0.06,-89.81
BTC-USDT-SWAP,1H,1D,0.001,0.03,0.005,148.0,0.828,-99.44,214,53,161,24.766,99.51,0.437,-4.064,735,13.83,-90.65,2.43,-82.46,0.83,-65.87
BTC-USDT-SWAP,1H,1D,0.001,0.03,0.008,148.0,0.213,-99.856,214,66,148,30.841,99.886,0.503,-4.081,735,7.85,-94.7,0.78,-90.07,0.21,-72.63
BTC-USDT-SWAP,1H,1D,0.001,0.03,0.01,148.0,0.136,-99.908,214,75,139,35.047,99.924,0.476,-4.083,735,4.68,-96.84,0.71,-84.91,0.14,-80.7
BTC-USDT-SWAP,1H,1D,0.001,0.03,0.015,148.0,0.015,-99.99,214,84,130,39.252,99.99,0.481,-4.087,735,4.78,-96.77,0.19,-96.02,0.02,-92.07
BTC-USDT-SWAP,1H,1D,0.001,0.03,0.02,148.0,0.028,-99.981,214,91,123,42.523,99.986,0.491,-4.086,735,3.26,-97.8,0.18,-94.43,0.03,-84.47
BTC-USDT-SWAP,1H,1D,0.001,0.03,0.025,148.0,0.012,-99.992,214,92,122,42.991,99.994,0.442,-4.087,735,1.61,-98.91,0.07,-95.58,0.01,-83.37
BTC-USDT-SWAP,1H,1D,0.001,0.03,0.03,148.0,0.004,-99.997,214,92,122,42.991,99.998,0.4,-4.087,735,0.74,-99.5,0.03,-95.51,0.0,-87.41
BTC-USDT-SWAP,1H,1D,0.002,0.004,0.005,148.0,10.342,-93.012,198,126,72,63.636,94.69,0.524,-3.802,735,80.98,-45.28,19.09,-76.43,10.34,-45.82
BTC-USDT-SWAP,1H,1D,0.002,0.004,0.008,148.0,16.612,-88.776,198,148,50,74.747,90.838,0.592,-3.628,735,97.62,-34.04,27.7,-71.62,16.61,-40.03
BTC-USDT-SWAP,1H,1D,0.002,0.004,0.01,148.0,30.53,-79.371,198,159,39,80.303,86.999,0.71,-3.244,735,137.59,-7.03,56.43,-58.98,30.53,-45.9
BTC-USDT-SWAP,1H,1D,0.002,0.004,0.015,148.0,74.75,-49.493,198,173,25,87.374,72.942,0.852,-2.023,735,137.92,-6.81,109.15,-20.86,74.75,-31.52
BTC-USDT-SWAP,1H,1D,0.002,0.004,0.02,148.0,225.052,52.062,198,181,17,91.414,67.586,1.134,2.128,735,172.13,16.3,163.08,-5.26,225.05,38.0
BTC-USDT-SWAP,1H,1D,0.002,0.004,0.025,148.0,260.521,76.028,198,181,17,91.414,62.94,1.199,3.107,735,175.59,18.64,174.22,-0.78,260.52,49.54
BTC-USDT-SWAP,1H,1D,0.002,0.004,0.03,148.0,292.832,97.859,198,182,16,91.919,68.04,1.292,4.0,735,163.56,10.51,140.15,-14.31,292.83,108.94
BTC-USDT-SWAP,1H,1D,0.002,0.006,0.005,148.0,31.842,-78.485,198,115,83,58.081,88.494,0.758,-3.208,735,94.62,-36.07,45.33,-52.09,31.84,-29.75
BTC-USDT-SWAP,1H,1D,0.002,0.006,0.008,148.0,52.099,-64.798,198,136,62,68.687,80.747,0.83,-2.648,735,115.73,-21.81,56.62,-51.08,52.1,-7.98
BTC-USDT-SWAP,1H,1D,0.002,0.006,0.01,148.0,132.777,-10.286,198,148,50,74.747,65.088,0.983,-0.42,735,178.07,20.32,160.44,-9.9,132.78,-17.24
BTC-USDT-SWAP,1H,1D,0.002,0.006,0.015,148.0,218.926,47.923,198,160,38,80.808,61.853,1.071,1.959,735,131.21,-11.34,205.8,56.84,218.93,6.38
BTC-USDT-SWAP,1H,1D,0.002,0.006,0.02,148.0,565.686,282.22,198,168,30,84.848,57.483,1.337,11.535,735,161.18,8.9,259.92,61.26,565.69,117.64
BTC-USDT-SWAP,1H,1D,0.002,0.006,0.025,148.0,624.556,321.997,198,169,29,85.354,65.364,1.386,13.161,735,143.94,-2.74,283.13,96.7,624.56,120.59
BTC-USDT-SWAP,1H,1D,0.002,0.006,0.03,148.0,498.719,236.972,198,170,28,85.859,72.286,1.364,9.686,735,116.27,-21.44,170.46,46.61,498.72,192.57
BTC-USDT-SWAP,1H,1D,0.002,0.008,0.005,148.0,23.288,-84.265,198,98,100,49.495,93.373,0.816,-3.444,735,123.37,-16.64,31.13,-74.76,23.29,-25.2
BTC-USDT-SWAP,1H,1D,0.002,0.008,0.008,148.0,43.195,-70.814,198,121,77,61.111,84.408,0.884,-2.894,735,157.95,6.72,54.72,-65.36,43.2,-21.06
BTC-USDT-SWAP,1H,1D,0.002,0.008,0.01,148.0,108.494,-26.693,198,133,65,67.172,80.261,0.972,-1.091,735,225.82,52.58,136.15,-39.71,108.49,-20.31
BTC-USDT-SWAP,1H,1D,0.002,0.008,0.015,148.0,142.433,-3.761,198,145,53,73.232,83.289,0.997,-0.154,735,192.75,30.24,139.61,-27.57,142.43,2.02
BTC-USDT-SWAP,1H,1D,0.002,0.008,0.02,148.0,369.849,149.898,198,153,45,77.273,85.564,1.109,6.127,735,231.09,56.14,172.12,-25.52,369.85,114.88
BTC-USDT-SWAP,1H,1D,0.002,0.008,0.025,148.0,263.179,77.824,198,153,45,77.273,86.146,1.068,3.181,735,193.09,30.47,129.18,-33.1,263.18,103.73
BTC-USDT-SWAP,1H,1D,0.002,0.008,0.03,148.0,210.436,42.186,198,154,44,77.778,88.982,1.049,1.724,735,145.25,-1.86,71.99,-50.44,210.44,192.32
BTC-USDT-SWAP,1H,1D,0.002,0.01,0.005,148.0,19.246,-86.996,198,85,113,42.929,94.791,0.829,-3.556,735,107.68,-27.24,24.4,-77.34,19.25,-21.11
BTC-USDT-SWAP,1H,1D,0.002,0.01,0.008,148.0,28.98,-80.419,198,106,92,53.535,89.823,0.874,-3.287,735,111.31,-24.79,34.01,-69.44,28.98,-14.8
BTC-USDT-SWAP,1H,1D,0.002,0.01,0.01,148.0,57.539,-61.122,198,117,81,59.091,85.141,0.937,-2.498,735,149.42,0.96,80.49,-46.13,57.54,-28.52
BTC-USDT-SWAP,1H,1D,0.002,0.01,0.015,148.0,60.232,-59.303,198,129,69,65.152,88.588,0.938,-2.424,735,107.4,-27.43,64.91,-39.57,60.23,-7.2
BTC-USDT-SWAP,1H,1D,0.002,0.01,0.02,148.0,185.054,25.037,198,138,60,69.697,89.678,1.018,1.023,735,144.41,-2.43,93.51,-35.25,185.05,97.91
BTC-USDT-SWAP,1H,1D,0.002,0.01,0.025,148.0,125.67,-15.088,198,138,60,69.697,90.736,0.988,-0.617,735,131.61,-11.08,71.58,-45.61,125.67,75.56
BTC-USDT-SWAP,1H,1D,0.002,0.01,0.03,148.0,119.854,-19.017,198,139,59,70.202,91.843,0.98,-0.777,735,105.63,-28.63,50.15,-52.53,119.85,139.01
BTC-USDT-SWAP,1H,1D,0.002,0.012,0.005,148.0,14.166,-90.428,198,75,123,37.879,96.663,0.818,-3.696,735,84.97,-42.59,15.73,-81.49,14.17,-9.92
BTC-USDT-SWAP,1H,1D,0.002,0.012,0.008,148.0,21.081,-85.756,198,95,103,47.98,93.42,0.854,-3.505,735,86.98,-41.23,21.19,-75.63,21.08,-0.53
BTC-USDT-SWAP,1H,1D,0.002,0.012,0.01,148.0,32.353,-78.14,198,105,93,53.03,90.875,0.893,-3.194,735,92.17,-37.73,39.65,-56.98,32.35,-18.4
BTC-USDT-SWAP,1H,1D,0.002,0.012,0.015,148.0,22.748,-84.629,198,115,83,58.081,93.607,0.877,-3.459,735,61.86,-58.2,26.9,-56.52,22.75,-15.43
BTC-USDT-SWAP,1H,1D,0.002,0.012,0.02,148.0,45.67,-69.142,198,123,75,62.121,91.638,0.923,-2.826,735,83.14,-43.83,35.46,-57.35,45.67,28.79
BTC-USDT-SWAP,1H,1D,0.002,0.012,0.025,148.0,33.359,-77.46,198,124,74,62.626,93.57,0.895,-3.166,735,66.33,-55.18,22.2,-66.53,33.36,50.25
BTC-USDT-SWAP,1H,1D,0.002,0.012,0.03,148.0,26.947,-81.792,198,125,73,63.131,96.38,0.852,-3.343,735,45.96,-68.94,12.5,-72.8,26.95,115.56
BTC-USDT-SWAP,1H,1D,0.002,0.015,0.005,148.0,2.494,-98.315,198,58,140,29.293,98.988,0.719,-4.018,735,34.66,-76.58,5.75,-83.41,2.49,-56.62
BTC-USDT-SWAP,1H,1D,0.002,0.015,0.008,148.0,2.703,-98.173,198,78,120,39.394,98.867,0.741,-4.013,735,31.06,-79.02,5.67,-81.75,2.7,-52.32
BTC-USDT-SWAP,1H,1D,0.002,0.015,0.01,148.0,3.354,-97.734,198,88,110,44.444,98.723,0.772,-3.995,735,26.58,-82.04,9.6,-63.89,3.35,-65.06
BTC-USDT-SWAP,1H,1D,0.002,0.015,0.015,148.0,3.948,-97.332,198,101,97,51.01,98.502,0.824,-3.978,735,26.14,-82.34,12.45,-52.36,3.95,-68.3
BTC-USDT-SWAP,1H,1D,0.002,0.015,0.02,148.0,9.606,-93.509,198,109,89,55.051,97.101,0.843,-3.822,735,25.56,-82.73,14.24,-44.29,9.61,-32.53
BTC-USDT-SWAP,1H,1D,0.002,0.015,0.025,148.0,6.195,-95.814,198,110,88,55.556,98.131,0.802,-3.916,735,17.84,-87.95,7.8,-56.28,6.2,-20.57
BTC-USDT-SWAP,1H,1D,0.002,0.015,0.03,148.0,4.128,-97.211,198,111,87,56.061,98.94,0.742,-3.973,735,10.67,-92.79,3.79,-64.48,4.13,8.94
BTC-USDT-SWAP,1H,1D,0.002,0.02,0.005,148.0,1.346,-99.091,198,50,148,25.253,99.217,0.638,-4.05,735,25.78,-82.58,3.98,-84.55,1.35,-66.23
BTC-USDT-SWAP,1H,1D,0.002,0.02,0.008,148.0,0.357,-99.759,198,64,134,32.323,99.778,0.553,-4.077,735,10.95,-92.6,1.23,-88.77,0.36,-70.98
BTC-USDT-SWAP,1H,1D,0.002,0.02,0.01,148.0,0.921,-99.378,198,77,121,38.889,99.399,0.638,-4.062,735,12.47,-91.58,4.04,-67.63,0.92,-77.18
BTC-USDT-SWAP,1H,1D,0.002,0.02,0.015,148.0,1.06,-99.284,198,90,108,45.455,99.382,0.743,-4.058,735,17.65,-88.08,6.61,-62.55,1.06,-83.97
BTC-USDT-SWAP,1H,1D,0.002,0.02,0.02,148.0,1.458,-99.015,198,96,102,48.485,99.284,0.719,-4.047,735,11.15,-92.47,6.09,-45.36,1.46,-76.05
BTC-USDT-SWAP,1H,1D,0.002,0.02,0.025,148.0,0.8,-99.46,198,97,101,48.99,99.608,0.649,-4.065,735,6.81,-95.4,3.1,-54.45,0.8,-74.23
BTC-USDT-SWAP,1H,1D,0.002,0.02,0.03,148.0,0.287,-99.806,198,97,101,48.99,99.859,0.556,-4.079,735,3.53,-97.61,1.31,-62.99,0.29,-78.04
BTC-USDT-SWAP,1H,1D,0.002,0.03,0.005,148.0,0.528,-99.643,198,46,152,23.232,99.739,0.554,-4.073,735,17.22,-88.36,1.66,-90.38,0.53,-68.14
BTC-USDT-SWAP,1H,1D,0.002,0.03,0.008,148.0,0.096,-99.935,198,59,139,29.798,99.949,0.468,-4.085,735,5.2,-96.49,0.32,-93.85,0.1,-69.96
BTC-USDT-SWAP,1H,1D,0.002,0.03,0.01,148.0,0.1,-99.933,198,70,128,35.354,99.945,0.449,-4.084,735,3.07,-97.93,0.42,-86.26,0.1,-76.37
BTC-USDT-SWAP,1H,1D,0.002,0.03,0.015,148.0,0.041,-99.973,198,81,117,40.909,99.976,0.513,-4.086,735,4.43,-97.01,0.25,-94.46,0.04,-83.4
BTC-USDT-SWAP,1H,1D,0.002,0.03,0.02,148.0,0.031,-99.979,198,86,112,43.434,99.986,0.505,-4.086,735,2.99,-97.98,0.17,-94.17,0.03,-82.33
BTC-USDT-SWAP,1H,1D,0.002,0.03,0.025,148.0,0.016,-99.989,198,87,111,43.939,99.993,0.46,-4.087,735,1.5,-98.99,0.08,-94.5,0.02,-80.7
BTC-USDT-SWAP,1H,1D,0.002,0.03,0.03,148.0,0.005,-99.996,198,87,111,43.939,99.998,0.417,-4.087,735,0.63,-99.58,0.03,-95.84,0.01,-79.5
BTC-USDT-SWAP,1H,1D,0.003,0.004,0.005,148.0,9.963,-93.268,185,116,69,62.703,93.268,0.477,-3.812,735,78.93,-46.67,17.39,-77.97,9.96,-42.7
BTC-USDT-SWAP,1H,1D,0.003,0.004,0.008,148.0,33.546,-77.334,185,143,42,77.297,81.9,0.645,-3.161,735,108.56,-26.65,51.2,-52.83,33.55,-34.48
BTC-USDT-SWAP,1H,1D,0.003,0.004,0.01,148.0,59.525,-59.78,185,153,32,82.703,74.145,0.775,-2.443,735,135.02,-8.77,73.3,-45.72,59.53,-18.79
BTC-USDT-SWAP,1H,1D,0.003,0.004,0.015,148.0,182.646,23.409,185,167,18,90.27,53.911,1.055,0.957,735,204.49,38.17,224.32,9.7,182.65,-18.58
BTC-USDT-SWAP,1H,1D,0.003,0.004,0.02,148.0,649.875,339.105,185,175,10,94.595,46.533,1.74,13.86,735,290.22,96.09,372.12,28.22,649.88,74.64
BTC-USDT-SWAP,1H,1D,0.003,0.004,0.025,148.0,768.229,419.074,185,176,9,95.135,49.386,2.101,17.128,735,271.62,83.52,336.39,23.85,768.23,128.38
BTC-USDT-SWAP,1H,1D,0.003,0.004,0.03,148.0,927.0,526.351,185,177,8,95.676,53.076,2.221,21.513,735,253.01,70.95,405.91,60.43,927.0,128.38
BTC-USDT-SWAP,1H,1D,0.003,0.006,0.005,148.0,18.017,-87.826,185,102,83,55.135,90.826,0.679,-3.59,735,90.45,-38.88,24.55,-72.86,18.02,-26.61
BTC-USDT-SWAP,1H,1D,0.003,0.006,0.008,148.0,69.436,-53.084,185,129,56,69.73,70.521,0.865,-2.17,735,124.17,-16.1,80.44,-35.22,69.44,-13.68
BTC-USDT-SWAP,1H,1D,0.003,0.006,0.01,148.0,87.679,-40.757,185,137,48,74.054,65.891,0.912,-1.666,735,126.13,-14.78,95.9,-23.97,87.68,-8.57
BTC-USDT-SWAP,1H,1D,0.003,0.006,0.015,148.0,138.409,-6.481,185,150,35,81.081,58.96,0.99,-0.265,735,122.38,-17.31,173.21,41.53,138.41,-20.09
BTC-USDT-SWAP,1H,1D,0.003,0.006,0.02,148.0,439.706,197.099,185,157,28,84.865,59.001,1.262,8.056,735,123.47,-16.57,222.75,80.41,439.71,97.4
BTC-USDT-SWAP,1H,1D,0.003,0.006,0.025,148.0,676.127,356.843,185,159,26,85.946,59.896,1.585,14.585,735,105.73,-28.56,193.04,82.57,676.13,250.25
BTC-USDT-SWAP,1H,1D,0.003,0.006,0.03,148.0,625.366,322.545,185,160,25,86.486,67.419,1.532,13.183,735,79.53,-46.26,178.55,124.49,625.37,250.25
BTC-USDT-SWAP,1H,1D,0.003,0.008,0.005,148.0,25.354,-82.869,185,91,94,49.189,89.571,0.753,-3.387,735,83.22,-43.77,28.67,-65.54,25.35,-11.58
BTC-USDT-SWAP,1H,1D,0.003,0.008,0.008,148.0,106.901,-27.769,185,117,68,63.243,65.915,0.943,-1.135,735,107.69,-27.24,86.17,-19.98,106.9,24.06
BTC-USDT-SWAP,1H,1D,0.003,0.008,0.01,148.0,126.2,-14.73,185,124,61,67.027,67.881,0.975,-0.602,735,116.43,-21.33,94.89,-18.5,126.2,33.0
BTC-USDT-SWAP,1H,1D,0.003,0.008,0.015,148.0,188.948,27.668,185,136,49,73.514,65.231,1.032,1.131,735,110.41,-25.4,165.97,50.33,188.95,13.84
BTC-USDT-SWAP,1H,1D,0.003,0.008,0.02,148.0,597.254,303.55,185,143,42,77.297,69.684,1.301,12.407,735,106.67,-27.93,209.49,96.4,597.25,185.1
BTC-USDT-SWAP,1H,1D,0.003,0.008,0.025,148.0,730.869,393.831,185,145,40,78.378,74.98,1.514,16.097,735,85.46,-42.25,148.67,73.95,730.87,391.61
BTC-USDT-SWAP,1H,1D,0.003,0.008,0.03,148.0,629.221,325.149,185,146,39,78.919,79.98,1.408,13.289,735,66.77,-54.88,137.49,105.9,629.22,357.66
BTC-USDT-SWAP,1H,1D,0.003,0.01,0.005,148.0,10.71,-92.763,185,76,109,41.081,94.392,0.739,-3.791,735,79.41,-46.34,17.8,-77.59,10.71,-39.83
BTC-USDT-SWAP,1H,1D,0.003,0.01,0.008,148.0,36.429,-75.385,185,101,84,54.595,80.952,0.846,-3.081,735,86.03,-41.87,57.0,-33.74,36.43,-36.09
BTC-USDT-SWAP,1H,1D,0.003,0.01,0.01,148.0,69.088,-53.319,185,111,74,60.0,79.654,0.92,-2.179,735,108.35,-26.79,86.03,-20.6,69.09,-19.69
BTC-USDT-SWAP,1H,1D,0.003,0.01,0.015,148.0,59.349,-59.899,185,121,64,65.405,82.373,0.925,-2.448,735,97.74,-33.96,89.65,-8.27,59.35,-33.8
BTC-USDT-SWAP,1H,1D,0.003,0.01,0.02,148.0,139.394,-5.815,185,128,57,69.189,87.565,0.994,-0.238,735,111.73,-24.51,88.41,-20.87,139.39,57.67
BTC-USDT-SWAP,1H,1D,0.003,0.01,0.025,148.0,104.82,-29.176,185,129,56,69.73,87.329,0.96,-1.192,735,83.76,-43.41,63.2,-24.54,104.82,65.85
BTC-USDT-SWAP,1H,1D,0.003,0.01,0.03,148.0,79.927,-45.995,185,130,55,70.27,89.651,0.935,-1.88,735,60.94,-58.83,55.57,-8.82,79.93,43.84
BTC-USDT-SWAP,1H,1D,0.003,0.012,0.005,148.0,10.8,-92.703,185,69,116,37.297,95.678,0.797,-3.789,735,94.86,-35.9,17.44,-81.61,10.8,-38.08
BTC-USDT-SWAP,1H,1D,0.003,0.012,0.008,148.0,20.972,-85.83,185,90,95,48.649,88.384,0.827,-3.508,735,72.49,-51.02,31.19,-56.97,20.97,-32.76
BTC-USDT-SWAP,1H,1D,0.003,0.012,0.01,148.0,43.781,-70.418,185,101,84,54.595,81.83,0.897,-2.878,735,90.16,-39.08,51.26,-43.14,43.78,-14.6
BTC-USDT-SWAP,1H,1D,0.003,0.012,0.015,148.0,15.325,-89.646,185,108,77,58.378,92.736,0.861,-3.664,735,66.62,-54.99,27.7,-58.43,15.32,-44.67
BTC-USDT-SWAP,1H,1D,0.003,0.012,0.02,148.0,28.926,-80.456,185,115,70,62.162,93.193,0.881,-3.288,735,68.47,-53.74,21.71,-68.29,28.93,33.22
BTC-USDT-SWAP,1H,1D,0.003,0.012,0.025,148.0,20.143,-86.39,185,116,69,62.703,93.78,0.848,-3.531,735,56.61,-61.75,15.15,-73.24,20.14,32.95
BTC-USDT-SWAP,1H,1D,0.003,0.012,0.03,148.0,19.674,-86.706,185,117,68,63.243,93.609,0.845,-3.544,735,44.52,-69.92,16.28,-63.44,19.67,20.88
BTC-USDT-SWAP,1H,1D,0.003,0.015,0.005,148.0,4.439,-97.001,185,57,128,30.811,97.784,0.648,-3.965,735,32.25,-78.21,7.55,-76.58,4.44,-41.22
BTC-USDT-SWAP,1H,1D,0.003,0.015,0.008,148.0,5.573,-96.234,185,77,108,41.622,96.806,0.642,-3.933,735,21.84,-85.24,9.57,-56.2,5.57,-41.74
BTC-USDT-SWAP,1H,1D,0.003,0.015,0.01,148.0,8.501,-94.256,185,87,98,47.027,95.1,0.73,-3.852,735,26.24,-82.27,14.67,-44.07,8.5,-42.07
BTC-USDT-SWAP,1H,1D,0.003,0.015,0.015,148.0,3.69,-97.507,185,95,90,51.351,97.644,0.692,-3.985,735,15.53,-89.5,7.36,-52.61,3.69,-49.88
BTC-USDT-SWAP,1H,1D,0.003,0.015,0.02,148.0,7.302,-95.066,185,102,83,55.135,97.468,0.697,-3.886,735,14.9,-89.94,5.8,-61.08,7.3,25.94
BTC-USDT-SWAP,1H,1D,0.003,0.015,0.025,148.0,4.582,-96.904,185,103,82,55.676,98.553,0.628,-3.961,735,10.08,-93.19,3.31,-67.15,4.58,38.35
BTC-USDT-SWAP,1H,1D,0.003,0.015,0.03,148.0,3.694,-97.504,185,104,81,56.216,98.717,0.595,-3.985,735,6.37,-95.7,2.94,-53.91,3.69,25.78
BTC-USDT-SWAP,1H,1D,0.003,0.02,0.005,148.0,1.562,-98.945,185,47,138,25.405,99.108,0.64,-4.044,735,29.39,-80.14,7.02,-76.11,1.56,-77.76
BTC-USDT-SWAP,1H,1D,0.003,0.02,0.008,148.0,2.221,-98.499,185,67,118,36.216,98.64,0.659,-4.026,735,21.87,-85.23,9.76,-55.35,2.22,-77.25
BTC-USDT-SWAP,1H,1D,0.003,0.02,0.01,148.0,2.653,-98.207,185,76,109,41.081,98.295,0.722,-4.014,735,21.66,-85.36,15.74,-27.36,2.65,-83.14
BTC-USDT-SWAP,1H,1D,0.003,0.02,0.015,148.0,1.534,-98.963,185,86,99,46.486,99.032,0.778,-4.045,735,21.24,-85.65,12.59,-40.73,1.53,-87.81
BTC-USDT-SWAP,1H,1D,0.003,0.02,0.02,148.0,2.625,-98.226,185,92,93,49.73,98.768,0.733,-4.015,735,14.01,-90.54,7.85,-43.95,2.62,-66.56
BTC-USDT-SWAP,1H,1D,0.003,0.02,0.025,148.0,0.868,-99.414,185,92,93,49.73,99.593,0.661,-4.063,735,8.87,-94.01,4.2,-52.69,0.87,-79.32
BTC-USDT-SWAP,1H,1D,0.003,0.02,0.03,148.0,0.665,-99.551,185,93,92,50.27,99.688,0.628,-4.069,735,5.22,-96.47,3.62,-30.68,0.67,-81.62
BTC-USDT-SWAP,1H,1D,0.003,0.03,0.005,148.0,0.389,-99.737,185,41,144,22.162,99.81,0.55,-4.076,735,17.58,-88.12,1.79,-89.83,0.39,-78.22
BTC-USDT-SWAP,1H,1D,0.003,0.03,0.008,148.0,0.256,-99.827,185,59,126,31.892,99.866,0.51,-4.08,735,6.84,-95.38,1.04,-84.81,0.26,-75.36
BTC-USDT-SWAP,1H,1D,0.003,0.03,0.01,148.0,0.142,-99.904,185,66,119,35.676,99.922,0.488,-4.083,735,5.63,-96.19,0.78,-86.15,0.14,-81.74
BTC-USDT-SWAP,1H,1D,0.003,0.03,0.015,148.0,0.068,-99.954,185,77,108,41.622,99.961,0.58,-4.085,735,7.01,-95.27,0.51,-92.66,0.07,-86.8
BTC-USDT-SWAP,1H,1D,0.003,0.03,0.02,148.0,0.06,-99.96,185,81,104,43.784,99.973,0.531,-4.086,735,3.83,-97.41,0.21,-94.43,0.06,-71.99
BTC-USDT-SWAP,1H,1D,0.003,0.03,0.025,148.0,0.021,-99.986,185,81,104,43.784,99.991,0.484,-4.087,735,1.99,-98.66,0.1,-94.83,0.02,-79.56
BTC-USDT-SWAP,1H,1D,0.003,0.03,0.03,148.0,0.013,-99.991,185,82,103,44.324,99.994,0.456,-4.087,735,0.94,-99.36,0.07,-92.35,0.01,-81.84
BTC-USDT-SWAP,1H,1D,0.004,0.004,0.005,148.0,14.027,-90.522,173,111,62,64.162,90.891,0.48,-3.7,735,70.74,-52.2,24.23,-65.75,14.03,-42.11
BTC-USDT-SWAP,1H,1D,0.004,0.004,0.008,148.0,53.598,-63.785,173,138,35,79.769,76.984,0.761,-2.607,735,137.05,-7.4,100.66,-26.56,53.6,-46.75
BTC-USDT-SWAP,1H,1D,0.004,0.004,0.01,148.0,78.964,-46.646,173,146,27,84.393,69.041,0.832,-1.907,735,132.7,-10.33,122.77,-7.49,78.96,-35.68
BTC-USDT-SWAP,1H,1D,0.004,0.004,0.015,148.0,236.355,59.699,173,159,14,91.908,54.452,1.154,2.44,735,163.5,10.48,316.28,93.44,236.35,-25.27
BTC-USDT-SWAP,1H,1D,0.004,0.004,0.02,148.0,1132.368,665.114,173,168,5,97.11,24.935,2.37,27.184,735,284.53,92.25,924.92,225.07,1132.37,22.43
BTC-USDT-SWAP,1H,1D,0.004,0.004,0.025,148.0,1213.242,719.758,173,169,4,97.688,28.701,2.972,29.418,735,266.29,79.92,810.14,204.24,1213.24,49.76
BTC-USDT-SWAP,1H,1D,0.004,0.004,0.03,148.0,1470.05,893.277,173,170,3,98.266,32.6,3.068,36.51,735,248.05,67.6,1054.45,325.1,1470.05,39.41
BTC-USDT-SWAP,1H,1D,0.004,0.006,0.005,148.0,19.354,-86.923,173,95,78,54.913,90.203,0.631,-3.553,735,75.22,-49.18,23.74,-68.44,19.35,-18.47
BTC-USDT-SWAP,1H,1D,0.004,0.006,0.008,148.0,60.616,-59.043,173,119,54,68.786,78.432,0.865,-2.413,735,143.95,-2.74,105.93,-26.41,60.62,-42.78
BTC-USDT-SWAP,1H,1D,0.004,0.006,0.01,148.0,55.672,-62.384,173,125,48,72.254,77.249,0.862,-2.55,735,129.85,-12.26,96.42,-25.75,55.67,-42.26
BTC-USDT-SWAP,1H,1D,0.004,0.006,0.015,148.0,139.7,-5.608,173,140,33,80.925,72.9,0.991,-0.229,735,134.07,-9.41,198.71,48.22,139.7,-29.7
BTC-USDT-SWAP,1H,1D,0.004,0.006,0.02,148.0,718.667,385.586,173,147,26,84.971,59.251,1.518,15.76,735,149.15,0.77,356.7,139.16,718.67,101.48
BTC-USDT-SWAP,1H,1D,0.004,0.006,0.025,148.0,808.211,446.088,173,148,25,85.549,60.219,1.663,18.232,735,139.23,-5.92,321.63,131.0,808.21,151.28
BTC-USDT-SWAP,1H,1D,0.004,0.006,0.03,148.0,1142.728,672.114,173,149,24,86.127,67.886,1.946,27.471,735,112.4,-24.05,488.5,334.6,1142.73,133.93
BTC-USDT-SWAP,1H,1D,0.004,0.008,0.005,148.0,30.081,-79.675,173,86,87,49.711,87.156,0.738,-3.256,735,78.81,-46.75,28.84,-63.4,30.08,4.29
BTC-USDT-SWAP,1H,1D,0.004,0.008,0.008,148.0,89.169,-39.75,173,108,65,62.428,69.351,0.934,-1.625,735,144.46,-2.4,123.52,-14.49,89.17,-27.81
BTC-USDT-SWAP,1H,1D,0.004,0.008,0.01,148.0,74.737,-49.502,173,114,59,65.896,67.514,0.911,-2.023,735,102.7,-30.61,101.02,-1.63,74.74,-26.02
BTC-USDT-SWAP,1H,1D,0.004,0.008,0.015,148.0,132.494,-10.477,173,127,46,73.41,73.676,0.986,-0.428,735,97.35,-34.23,138.53,42.31,132.49,-4.36
BTC-USDT-SWAP,1H,1D,0.004,0.008,0.02,148.0,786.671,431.534,173,135,38,78.035,68.861,1.459,17.638,735,91.54,-38.15,265.93,190.49,786.67,195.82
BTC-USDT-SWAP,1H,1D,0.004,0.008,0.025,148.0,643.922,335.083,173,136,37,78.613,74.599,1.454,13.695,735,70.0,-52.7,171.24,144.62,643.92,276.05
BTC-USDT-SWAP,1H,1D,0.004,0.008,0.03,148.0,744.107,402.775,173,137,36,79.191,77.594,1.53,16.462,735,51.56,-65.16,212.56,312.25,744.11,250.08
BTC-USDT-SWAP,1H,1D,0.004,0.01,0.005,148.0,15.729,-89.372,173,73,100,42.197,91.781,0.696,-3.653,735,54.84,-62.95,19.11,-65.15,15.73,-17.71
BTC-USDT-SWAP,1H,1D,0.004,0.01,0.008,148.0,55.733,-62.342,173,96,77,55.491,80.686,0.896,-2.548,735,106.96,-27.73,79.24,-25.91,55.73,-29.67
BTC-USDT-SWAP,1H,1D,0.004,0.01,0.01,148.0,41.445,-71.996,173,102,71,58.96,82.537,0.869,-2.943,735,85.03,-42.55,57.94,-31.85,41.45,-28.47
BTC-USDT-SWAP,1H,1D,0.004,0.01,0.015,148.0,54.341,-63.283,173,114,59,65.896,86.404,0.91,-2.587,735,75.05,-49.29,71.66,-4.51,54.34,-24.17
BTC-USDT-SWAP,1H,1D,0.004,0.01,0.02,148.0,134.887,-8.86,173,120,53,69.364,86.871,0.989,-0.362,735,84.33,-43.02,84.22,-0.13,134.89,60.15
BTC-USDT-SWAP,1H,1D,0.004,0.01,0.025,148.0,92.088,-37.778,173,121,52,69.942,87.372,0.941,-1.544,735,60.34,-59.23,54.24,-10.1,92.09,69.77
BTC-USDT-SWAP,1H,1D,0.004,0.01,0.03,148.0,96.251,-34.965,173,122,51,70.52,85.191,0.944,-1.429,735,41.38,-72.04,64.55,55.98,96.25,49.11
BTC-USDT-SWAP,1H,1D,0.004,0.012,0.005,148.0,11.997,-91.894,173,64,109,36.994,93.577,0.737,-3.756,735,61.66,-58.34,15.68,-74.56,12.0,-23.5
BTC-USDT-SWAP,1H,1D,0.004,0.012,0.008,148.0,20.275,-86.301,173,82,91,47.399,91.395,0.847,-3.527,735,79.41,-46.34,37.57,-52.69,20.28,-46.04
BTC-USDT-SWAP,1H,1D,0.004,0.012,0.01,148.0,19.913,-86.545,173,90,83,52.023,89.892,0.831,-3.537,735,60.1,-59.39,28.6,-52.41,19.91,-30.37
BTC-USDT-SWAP,1H,1D,0.004,0.012,0.015,148.0,16.064,-89.146,173,100,73,57.803,94.539,0.825,-3.644,735,41.48,-71.97,20.59,-50.36,16.06,-21.99
BTC-USDT-SWAP,1H,1D,0.004,0.012,0.02,148.0,49.956,-66.246,173,106,67,61.272,93.277,0.892,-2.708,735,49.94,-66.26,28.7,-42.53,49.96,74.07
BTC-USDT-SWAP,1H,1D,0.004,0.012,0.025,148.0,30.394,-79.464,173,107,66,61.85,93.953,0.831,-3.248,735,33.43,-77.41,16.17,-51.62,30.39,87.94
BTC-USDT-SWAP,1H,1D,0.004,0.012,0.03,148.0,42.732,-71.127,173,108,65,62.428,91.849,0.852,-2.907,735,25.11,-83.03,25.89,3.11,42.73,65.06
BTC-USDT-SWAP,1H,1D,0.004,0.015,0.005,148.0,5.597,-96.218,173,53,120,30.636,96.841,0.533,-3.933,735,22.94,-84.5,6.61,-71.18,5.6,-15.34
BTC-USDT-SWAP,1H,1D,0.004,0.015,0.008,148.0,5.944,-95.984,173,69,104,39.884,96.4,0.613,-3.923,735,23.14,-84.37,10.29,-55.54,5.94,-42.21
BTC-USDT-SWAP,1H,1D,0.004,0.015,0.01,148.0,4.436,-97.003,173,76,97,43.931,97.243,0.624,-3.965,735,20.65,-86.05,9.32,-54.84,4.44,-52.43
BTC-USDT-SWAP,1H,1D,0.004,0.015,0.015,148.0,3.951,-97.33,173,85,88,49.133,98.148,0.635,-3.978,735,15.71,-89.38,6.59,-58.08,3.95,-40.01
BTC-USDT-SWAP,1H,1D,0.004,0.015,0.02,148.0,10.259,-93.068,173,91,82,52.601,96.766,0.678,-3.804,735,17.15,-88.41,7.55,-56.0,10.26,35.94
BTC-USDT-SWAP,1H,1D,0.004,0.015,0.025,148.0,5.323,-96.403,173,92,81,53.179,98.471,0.565,-3.94,735,10.05,-93.21,3.57,-64.49,5.32,49.15
BTC-USDT-SWAP,1H,1D,0.004,0.015,0.03,148.0,6.179,-95.825,173,93,80,53.757,97.979,0.539,-3.917,735,6.52,-95.6,4.72,-27.62,6.18,30.99
BTC-USDT-SWAP,1H,1D,0.004,0.02,0.005,148.0,2.686,-98.185,173,46,127,26.59,98.207,0.597,-4.013,735,29.67,-79.95,7.6,-74.4,2.69,-64.64
BTC-USDT-SWAP,1H,1D,0.004,0.02,0.008,148.0,3.032,-97.951,173,62,111,35.838,97.951,0.702,-4.003,735,34.0,-77.03,14.86,-56.29,3.03,-79.59
BTC-USDT-SWAP,1H,1D,0.004,0.02,0.01,148.0,1.499,-98.987,173,67,106,38.728,98.987,0.673,-4.046,735,24.58,-83.4,11.85,-51.8,1.5,-87.35
BTC-USDT-SWAP,1H,1D,0.004,0.02,0.015,148.0,2.395,-98.382,173,79,94,45.665,98.863,0.749,-4.021,735,24.05,-83.75,10.58,-56.01,2.4,-77.36
BTC-USDT-SWAP,1H,1D,0.004,0.02,0.02,148.0,3.282,-97.782,173,83,90,47.977,98.478,0.725,-3.997,735,18.05,-87.8,9.7,-46.26,3.28,-66.16
BTC-USDT-SWAP,1H,1D,0.004,0.02,0.025,148.0,0.973,-99.342,173,83,90,47.977,99.549,0.615,-4.06,735,9.9,-93.31,4.29,-56.63,0.97,-77.33
BTC-USDT-SWAP,1H,1D,0.004,0.02,0.03,148.0,1.087,-99.266,173,84,89,48.555,99.496,0.581,-4.057,735,5.98,-95.96,5.52,-7.69,1.09,-80.3
BTC-USDT-SWAP,1H,1D,0.004,0.03,0.005,148.0,0.481,-99.675,173,38,135,21.965,99.703,0.37,-4.074,735,11.95,-91.92,1.59,-86.68,0.48,-69.76
BTC-USDT-SWAP,1H,1D,0.004,0.03,0.008,148.0,0.185,-99.875,173,52,121,30.058,99.877,0.323,-4.082,735,5.26,-96.45,0.94,-82.18,0.19,-80.23
BTC-USDT-SWAP,1H,1D,0.004,0.03,0.01,148.0,0.078,-99.947,173,58,115,33.526,99.947,0.317,-4.085,735,5.8,-96.08,0.64,-88.99,0.08,-87.74
BTC-USDT-SWAP,1H,1D,0.004,0.03,0.015,148.0,0.09,-99.939,173,69,104,39.884,99.956,0.449,-4.085,735,6.3,-95.74,0.46,-92.69,0.09,-80.55
BTC-USDT-SWAP,1H,1D,0.004,0.03,0.02,148.0,0.055,-99.963,173,71,102,41.04,99.974,0.388,-4.086,735,3.92,-97.35,0.27,-93.24,0.06,-79.23
BTC-USDT-SWAP,1H,1D,0.004,0.03,0.025,148.0,0.018,-99.988,173,71,102,41.04,99.992,0.324,-4.087,735,1.76,-98.81,0.11,-93.93,0.02,-83.41
BTC-USDT-SWAP,1H,1D,0.004,0.03,0.03,148.0,0.017,-99.988,173,72,101,41.618,99.992,0.291,-4.087,735,0.92,-99.38,0.12,-86.96,0.02,-85.58
BTC-USDT-SWAP,1H,1D,0.005,0.004,0.005,148.0,14.271,-90.358,163,103,60,63.19,91.382,0.456,-3.693,735,77.84,-47.41,25.5,-67.24,14.27,-44.03
BTC-USDT-SWAP,1H,1D,0.005,0.004,0.008,148.0,65.749,-55.575,163,131,32,80.368,70.689,0.76,-2.271,735,121.33,-18.02,87.73,-27.69,65.75,-25.05
BTC-USDT-SWAP,1H,1D,0.005,0.004,0.01,148.0,49.865,-66.307,163,134,29,82.209,77.77,0.739,-2.71,735,133.16,-10.03,79.64,-40.19,49.86,-37.39
BTC-USDT-SWAP,1H,1D,0.005,0.004,0.015,148.0,163.095,10.199,163,148,15,90.798,56.424,1.028,0.417,735,201.66,36.26,182.36,-9.57,163.1,-10.56
BTC-USDT-SWAP,1H,1D,0.005,0.004,0.02,148.0,752.946,408.747,163,156,7,95.706,29.868,2.094,16.706,735,286.21,93.39,482.68,68.65,752.95,55.99
BTC-USDT-SWAP,1H,1D,0.005,0.004,0.025,148.0,935.005,531.76,163,157,6,96.319,31.064,2.998,21.734,735,267.86,80.99,458.36,71.12,935.01,103.99
BTC-USDT-SWAP,1H,1D,0.005,0.004,0.03,148.0,1216.963,722.272,163,158,5,96.933,32.0,3.68,29.521,735,249.52,68.59,596.58,139.1,1216.96,103.99
BTC-USDT-SWAP,1H,1D,0.005,0.006,0.005,148.0,23.1,-84.392,163,90,73,55.215,86.28,0.655,-3.449,735,95.65,-35.37,34.28,-64.16,23.1,-32.61
BTC-USDT-SWAP,1H,1D,0.005,0.006,0.008,148.0,111.848,-24.427,163,117,46,71.779,56.297,0.948,-0.998,735,157.78,6.61,158.92,0.72,111.85,-29.62
BTC-USDT-SWAP,1H,1D,0.005,0.006,0.01,148.0,57.839,-60.92,163,119,44,73.006,75.904,0.863,-2.49,735,141.88,-4.14,107.66,-24.12,57.84,-46.28
BTC-USDT-SWAP,1H,1D,0.005,0.006,0.015,148.0,363.903,145.88,163,138,25,84.663,55.795,1.15,5.962,735,288.72,95.08,352.99,22.26,363.9,3.09
BTC-USDT-SWAP,1H,1D,0.005,0.006,0.02,148.0,1336.176,802.822,163,145,18,88.957,49.539,1.578,32.813,735,447.8,202.56,728.02,62.58,1336.18,83.54
BTC-USDT-SWAP,1H,1D,0.005,0.006,0.025,148.0,1850.582,1150.393,163,146,17,89.571,50.461,1.905,47.019,735,391.91,164.81,808.45,106.28,1850.58,128.91
BTC-USDT-SWAP,1H,1D,0.005,0.006,0.03,148.0,2839.164,1818.354,163,147,16,90.184,48.823,2.255,74.32,735,339.75,129.56,1332.33,292.15,2839.16,113.1
BTC-USDT-SWAP,1H,1D,0.005,0.008,0.005,148.0,22.347,-84.901,163,77,86,47.239,85.304,0.713,-3.47,735,91.27,-38.33,30.93,-66.11,22.35,-27.75
BTC-USDT-SWAP,1H,1D,0.005,0.008,0.008,148.0,71.472,-51.708,163,100,63,61.35,63.499,0.9,-2.113,735,119.65,-19.15,110.77,-7.42,71.47,-35.48
BTC-USDT-SWAP,1H,1D,0.005,0.008,0.01,148.0,23.693,-83.991,163,101,62,61.963,86.948,0.792,-3.433,735,81.05,-45.24,51.47,-36.49,23.69,-53.97
BTC-USDT-SWAP,1H,1D,0.005,0.008,0.015,148.0,109.506,-26.009,163,120,43,73.62,82.113,0.967,-1.063,735,144.12,-2.62,125.31,-13.05,109.51,-12.62
BTC-USDT-SWAP,1H,1D,0.005,0.008,0.02,148.0,617.766,317.41,163,127,36,77.914,68.514,1.304,12.973,735,146.86,-0.77,278.23,89.46,617.77,122.03
BTC-USDT-SWAP,1H,1D,0.005,0.008,0.025,148.0,783.207,429.194,163,128,35,78.528,69.777,1.446,17.542,735,123.41,-16.62,277.49,124.86,783.21,182.24
BTC-USDT-SWAP,1H,1D,0.005,0.008,0.03,148.0,1309.591,784.859,163,129,34,79.141,75.71,1.61,32.079,735,122.88,-16.97,498.41,305.59,1309.59,162.75
BTC-USDT-SWAP,1H,1D,0.005,0.01,0.005,148.0,28.669,-80.629,163,70,93,42.945,86.564,0.722,-3.295,735,66.01,-55.4,29.45,-55.38,28.67,-2.66
BTC-USDT-SWAP,1H,1D,0.005,0.01,0.008,148.0,77.653,-47.532,163,90,73,55.215,71.932,0.908,-1.943,735,92.86,-37.26,84.46,-9.05,77.65,-8.06
BTC-USDT-SWAP,1H,1D,0.005,0.01,0.01,148.0,27.5,-81.419,163,92,71,56.442,85.178,0.794,-3.328,735,58.78,-60.29,41.93,-28.67,27.5,-34.41
BTC-USDT-SWAP,1H,1D,0.005,0.01,0.015,148.0,124.167,-16.103,163,108,55,66.258,81.185,0.978,-0.658,735,91.87,-37.93,90.11,-1.91,124.17,37.79
BTC-USDT-SWAP,1H,1D,0.005,0.01,0.02,148.0,475.972,221.603,163,114,49,69.939,74.931,1.276,9.057,735,84.19,-43.11,128.52,52.65,475.97,270.34
BTC-USDT-SWAP,1H,1D,0.005,0.01,0.025,148.0,491.131,231.845,163,115,48,70.552,79.556,1.348,9.476,735,61.94,-58.15,102.39,65.32,491.13,379.65
BTC-USDT-SWAP,1H,1D,0.005,0.01,0.03,148.0,798.886,439.788,163,116,47,71.166,75.566,1.503,17.975,735,61.21,-58.65,178.91,192.32,798.89,346.53
BTC-USDT-SWAP,1H,1D,0.005,0.012,0.005,148.0,13.158,-91.11,163,61,102,37.423,91.505,0.719,-3.724,735,75.81,-48.78,24.84,-67.23,13.16,-47.04
BTC-USDT-SWAP,1H,1D,0.005,0.012,0.008,148.0,44.786,-69.739,163,82,81,50.307,77.092,0.88,-2.85,735,93.69,-36.7,94.21,0.55,44.79,-52.46
BTC-USDT-SWAP,1H,1D,0.005,0.012,0.01,148.0,12.531,-91.533,163,83,80,50.92,91.926,0.764,-3.741,735,56.49,-61.83,31.6,-44.05,12.53,-60.35
BTC-USDT-SWAP,1H,1D,0.005,0.012,0.015,148.0,48.046,-67.536,163,98,65,60.123,88.241,0.912,-2.76,735,94.72,-36.0,69.49,-26.64,48.05,-30.85
BTC-USDT-SWAP,1H,1D,0.005,0.012,0.02,148.0,117.105,-20.875,163,103,60,63.19,87.869,0.978,-0.853,735,111.45,-24.7,95.88,-13.97,117.11,22.14
BTC-USDT-SWAP,1H,1D,0.005,0.012,0.025,148.0,87.818,-40.664,163,104,59,63.804,87.762,0.947,-1.662,735,81.99,-44.6,66.59,-18.77,87.82,31.87
BTC-USDT-SWAP,1H,1D,0.005,0.012,0.03,148.0,169.39,14.453,163,105,58,64.417,84.969,1.014,0.591,735,81.02,-45.26,121.79,50.33,169.39,39.09
BTC-USDT-SWAP,1H,1D,0.005,0.015,0.005,148.0,4.753,-96.788,163,51,112,31.288,96.788,0.573,-3.956,735,44.41,-69.99,8.61,-80.62,4.75,-44.78
BTC-USDT-SWAP,1H,1D,0.005,0.015,0.008,148.0,14.541,-90.175,163,71,92,43.558,90.175,0.74,-3.686,735,47.98,-67.58,28.83,-39.93,14.54,-49.56
BTC-USDT-SWAP,1H,1D,0.005,0.015,0.01,148.0,2.628,-98.225,163,71,92,43.558,98.225,0.605,-4.015,735,26.44,-82.14,8.02,-69.67,2.63,-67.23
BTC-USDT-SWAP,1H,1D,0.005,0.015,0.015,148.0,3.501,-97.635,163,82,81,50.307,98.068,0.694,-3.991,735,27.58,-81.37,7.77,-71.83,3.5,-54.94
BTC-USDT-SWAP,1H,1D,0.005,0.015,0.02,148.0,10.116,-93.165,163,88,75,53.988,96.045,0.735,-3.808,735,31.28,-78.86,9.41,-69.93,10.12,7.53
BTC-USDT-SWAP,1H,1D,0.005,0.015,0.025,148.0,6.826,-95.388,163,89,74,54.601,97.598,0.654,-3.899,735,18.85,-87.26,5.71,-69.7,6.83,19.49
BTC-USDT-SWAP,1H,1D,0.005,0.015,0.03,148.0,13.191,-91.087,163,90,73,55.215,95.599,0.714,-3.723,735,19.52,-86.81,10.47,-46.37,13.19,26.03
BTC-USDT-SWAP,1H,1D,0.005,0.02,0.005,148.0,2.271,-98.466,163,44,119,26.994,98.5,0.526,-4.024,735,36.52,-75.32,5.38,-85.27,2.27,-57.79
BTC-USDT-SWAP,1H,1D,0.005,0.02,0.008,148.0,5.02,-96.608,163,61,102,37.423,96.608,0.662,-3.949,735,29.1,-80.34,20.56,-29.36,5.02,-75.58
BTC-USDT-SWAP,1H,1D,0.005,0.02,0.01,148.0,1.393,-99.059,163,63,100,38.65,99.059,0.588,-4.049,735,20.59,-86.09,7.02,-65.9,1.39,-80.15
BTC-USDT-SWAP,1H,1D,0.005,0.02,0.015,148.0,2.061,-98.608,163,74,89,45.399,98.903,0.663,-4.03,735,19.05,-87.13,7.37,-61.33,2.06,-72.03
BTC-USDT-SWAP,1H,1D,0.005,0.02,0.02,148.0,3.177,-97.853,163,78,85,47.853,98.387,0.638,-3.999,735,13.96,-90.57,6.78,-51.42,3.18,-53.16
BTC-USDT-SWAP,1H,1D,0.005,0.02,0.025,148.0,1.708,-98.846,163,79,84,48.466,99.112,0.538,-4.04,735,7.34,-95.04,3.59,-51.05,1.71,-52.43
BTC-USDT-SWAP,1H,1D,0.005,0.02,0.03,148.0,2.59,-98.25,163,80,83,49.08,98.654,0.575,-4.016,735,6.58,-95.55,5.96,-9.53,2.59,-56.51
BTC-USDT-SWAP,1H,1D,0.005,0.03,0.005,148.0,0.424,-99.713,163,35,128,21.472,99.741,0.364,-4.075,735,14.82,-89.98,1.33,-91.0,0.42,-68.17
BTC-USDT-SWAP,1H,1D,0.005,0.03,0.008,148.0,0.387,-99.738,163,50,113,30.675,99.746,0.366,-4.076,735,10.01,-93.24,1.9,-81.01,0.39,-79.62
BTC-USDT-SWAP,1H,1D,0.005,0.03,0.01,148.0,0.107,-99.928,163,53,110,32.515,99.928,0.402,-4.084,735,10.03,-93.22,0.89,-91.15,0.11,-87.98
BTC-USDT-SWAP,1H,1D,0.005,0.03,0.015,148.0,0.147,-99.901,163,63,100,38.65,99.927,0.501,-4.083,735,8.9,-93.98,0.7,-92.14,0.15,-79.01
BTC-USDT-SWAP,1H,1D,0.005,0.03,0.02,148.0,0.09,-99.939,163,65,98,39.877,99.957,0.442,-4.085,735,5.76,-96.11,0.36,-93.8,0.09,-74.89
BTC-USDT-SWAP,1H,1D,0.005,0.03,0.025,148.0,0.035,-99.976,163,65,98,39.877,99.983,0.374,-4.086,735,2.65,-98.21,0.19,-92.98,0.04,-81.06
BTC-USDT-SWAP,1H,1D,0.005,0.03,0.03,148.0,0.054,-99.964,163,66,97,40.491,99.974,0.382,-4.086,735,2.05,-98.61,0.27,-86.89,0.05,-79.99
BTC-USDT-SWAP,1H,1D,0.007,0.004,0.005,148.0,24.821,-83.229,140,91,49,65.0,84.711,0.524,-3.402,735,107.54,-27.34,52.8,-50.9,24.82,-52.99
BTC-USDT-SWAP,1H,1D,0.007,0.004,0.008,148.0,55.633,-62.41,140,110,30,78.571,72.618,0.709,-2.551,735,135.67,-8.33,91.33,-32.68,55.63,-39.09
BTC-USDT-SWAP,1H,1D,0.007,0.004,0.01,148.0,147.071,-0.628,140,121,19,86.429,41.276,0.997,-0.026,735,155.74,5.23,189.8,21.87,147.07,-22.51
BTC-USDT-SWAP,1H,1D,0.007,0.004,0.015,148.0,554.28,274.513,140,132,8,94.286,34.513,1.789,11.22,735,265.14,79.15,547.48,106.49,554.28,1.24
BTC-USDT-SWAP,1H,1D,0.007,0.004,0.02,148.0,531.019,258.796,140,133,7,95.0,36.702,1.833,10.578,735,249.16,68.35,483.28,93.96,531.02,9.88
BTC-USDT-SWAP,1H,1D,0.007,0.004,0.025,148.0,795.385,437.422,140,135,5,96.429,32.415,3.715,17.878,735,233.19,57.56,423.3,81.53,795.39,87.9
BTC-USDT-SWAP,1H,1D,0.007,0.004,0.03,148.0,1035.24,599.486,140,136,4,97.143,32.0,5.164,24.502,735,217.22,46.77,550.95,153.64,1035.24,87.9
BTC-USDT-SWAP,1H,1D,0.007,0.006,0.005,148.0,67.949,-54.089,140,84,56,60.0,66.373,0.833,-2.211,735,165.11,11.56,130.4,-21.02,67.95,-47.89
BTC-USDT-SWAP,1H,1D,0.007,0.006,0.008,148.0,174.725,18.057,140,103,37,73.571,58.207,1.036,0.738,735,248.84,68.14,245.97,-1.15,174.72,-28.97
BTC-USDT-SWAP,1H,1D,0.007,0.006,0.01,148.0,420.016,183.794,140,113,27,80.714,42.528,1.264,7.512,735,296.97,100.65,458.74,54.48,420.02,-8.44
BTC-USDT-SWAP,1H,1D,0.007,0.006,0.015,148.0,1650.646,1015.301,140,124,16,88.571,40.384,1.609,41.497,735,546.39,269.18,1469.22,168.89,1650.65,12.35
BTC-USDT-SWAP,1H,1D,0.007,0.006,0.02,148.0,2744.375,1754.307,140,127,13,90.714,47.03,2.091,71.702,735,513.48,246.94,1874.14,264.99,2744.37,46.43
BTC-USDT-SWAP,1H,1D,0.007,0.006,0.025,148.0,3997.376,2600.93,140,129,11,92.143,27.6,3.355,106.305,735,480.56,224.7,1641.56,241.59,3997.38,143.51
BTC-USDT-SWAP,1H,1D,0.007,0.006,0.03,148.0,5992.262,3948.826,140,130,10,92.857,32.0,4.664,161.396,735,447.65,202.46,2178.48,386.65,5992.26,175.07
BTC-USDT-SWAP,1H,1D,0.007,0.008,0.005,148.0,44.981,-69.608,140,69,71,49.286,76.962,0.799,-2.845,735,140.07,-5.36,97.26,-30.56,44.98,-53.75
BTC-USDT-SWAP,1H,1D,0.007,0.008,0.008,148.0,61.539,-58.42,140,85,55,60.714,68.824,0.866,-2.388,735,141.05,-4.69,135.49,-3.95,61.54,-54.58
BTC-USDT-SWAP,1H,1D,0.007,0.008,0.01,148.0,310.822,110.015,140,99,41,70.714,58.197,1.146,4.497,735,199.55,34.83,352.74,76.77,310.82,-11.88
BTC-USDT-SWAP,1H,1D,0.007,0.008,0.015,148.0,1259.591,751.075,140,111,29,79.286,53.319,1.415,30.698,735,433.29,192.76,968.26,123.47,1259.59,30.09
BTC-USDT-SWAP,1H,1D,0.007,0.008,0.02,148.0,1635.95,1005.372,140,113,27,80.714,47.646,1.558,41.091,735,336.32,127.24,1204.12,258.03,1635.95,35.86
BTC-USDT-SWAP,1H,1D,0.007,0.008,0.025,148.0,1766.32,1093.46,140,115,25,82.143,57.128,1.845,44.692,735,257.68,74.11,804.55,212.22,1766.32,119.54
BTC-USDT-SWAP,1H,1D,0.007,0.008,0.03,148.0,3631.692,2353.846,140,116,24,82.857,61.377,2.39,96.206,735,253.69,71.41,1573.08,520.08,3631.69,130.86
BTC-USDT-SWAP,1H,1D,0.007,0.01,0.005,148.0,22.086,-85.077,140,55,85,39.286,86.22,0.719,-3.477,735,95.02,-35.8,70.5,-25.81,22.09,-68.67
BTC-USDT-SWAP,1H,1D,0.007,0.01,0.008,148.0,15.452,-89.56,140,68,72,48.571,90.333,0.718,-3.66,735,73.69,-50.21,53.15,-27.87,15.45,-70.93
BTC-USDT-SWAP,1H,1D,0.007,0.01,0.01,148.0,63.056,-57.395,140,81,59,57.857,67.96,0.891,-2.346,735,98.5,-33.45,130.33,32.32,63.06,-51.62
BTC-USDT-SWAP,1H,1D,0.007,0.01,0.015,148.0,301.139,103.472,140,94,46,67.143,58.515,1.097,4.229,735,171.86,16.12,287.8,67.46,301.14,4.64
BTC-USDT-SWAP,1H,1D,0.007,0.01,0.02,148.0,510.853,245.171,140,97,43,69.286,59.839,1.215,10.021,735,127.69,-13.72,399.53,212.9,510.85,27.86
BTC-USDT-SWAP,1H,1D,0.007,0.01,0.025,148.0,368.315,148.861,140,98,42,70.0,67.113,1.186,6.084,735,85.65,-42.13,255.1,197.85,368.31,44.38
BTC-USDT-SWAP,1H,1D,0.007,0.01,0.03,148.0,870.598,488.242,140,99,41,70.714,70.373,1.356,19.955,735,109.75,-25.85,615.77,461.07,870.6,41.38
BTC-USDT-SWAP,1H,1D,0.007,0.012,0.005,148.0,20.147,-86.387,140,49,91,35.0,88.104,0.746,-3.531,735,107.09,-27.64,56.49,-47.25,20.15,-64.33
BTC-USDT-SWAP,1H,1D,0.007,0.012,0.008,148.0,14.59,-90.142,140,62,78,44.286,91.038,0.745,-3.684,735,83.35,-43.68,40.96,-50.86,14.59,-64.38
BTC-USDT-SWAP,1H,1D,0.007,0.012,0.01,148.0,57.789,-60.953,140,75,65,53.571,79.972,0.901,-2.491,735,117.9,-20.34,90.82,-22.96,57.79,-36.37
BTC-USDT-SWAP,1H,1D,0.007,0.012,0.015,148.0,297.321,100.893,140,87,53,62.143,74.824,1.09,4.124,735,166.45,12.46,198.76,19.41,297.32,49.59
BTC-USDT-SWAP,1H,1D,0.007,0.012,0.02,148.0,331.983,124.313,140,89,51,63.571,77.015,1.13,5.081,735,116.19,-21.5,178.3,53.46,331.98,86.2
BTC-USDT-SWAP,1H,1D,0.007,0.012,0.025,148.0,213.704,44.394,140,90,50,64.286,79.881,1.068,1.814,735,72.92,-50.73,99.79,36.86,213.7,114.15
BTC-USDT-SWAP,1H,1D,0.007,0.012,0.03,148.0,601.339,306.31,140,91,49,65.0,74.631,1.25,12.519,735,110.28,-25.49,286.76,160.03,601.34,109.7
BTC-USDT-SWAP,1H,1D,0.007,0.015,0.005,148.0,13.281,-91.026,140,43,97,30.714,91.026,0.649,-3.72,735,53.28,-64.0,39.74,-25.42,13.28,-66.58
BTC-USDT-SWAP,1H,1D,0.007,0.015,0.008,148.0,7.326,-95.05,140,54,86,38.571,95.05,0.601,-3.885,735,37.03,-74.98,19.71,-46.77,7.33,-62.83
BTC-USDT-SWAP,1H,1D,0.007,0.015,0.01,148.0,28.008,-81.076,140,66,74,47.143,85.584,0.78,-3.314,735,43.9,-70.33,48.79,11.12,28.01,-42.59
BTC-USDT-SWAP,1H,1D,0.007,0.015,0.015,148.0,124.172,-16.1,140,78,62,55.714,81.51,0.976,-0.658,735,68.04,-54.03,87.6,28.75,124.17,41.75
BTC-USDT-SWAP,1H,1D,0.007,0.015,0.02,148.0,65.692,-55.614,140,78,62,55.714,82.622,0.891,-2.273,735,48.45,-67.26,56.23,16.05,65.69,16.83
BTC-USDT-SWAP,1H,1D,0.007,0.015,0.025,148.0,37.434,-74.707,140,79,61,56.429,91.103,0.798,-3.053,735,30.26,-79.55,31.0,2.43,37.43,20.77
BTC-USDT-SWAP,1H,1D,0.007,0.015,0.03,148.0,116.327,-21.401,140,80,60,57.143,81.151,0.967,-0.875,735,47.67,-67.79,93.35,95.83,116.33,24.62
BTC-USDT-SWAP,1H,1D,0.007,0.02,0.005,148.0,7.105,-95.2,140,38,102,27.143,95.2,0.533,-3.891,735,37.95,-74.36,20.03,-47.22,7.1,-64.53
BTC-USDT-SWAP,1H,1D,0.007,0.02,0.008,148.0,2.828,-98.089,140,47,93,33.571,98.089,0.506,-4.009,735,26.93,-81.8,10.43,-61.27,2.83,-72.89
BTC-USDT-SWAP,1H,1D,0.007,0.02,0.01,148.0,8.072,-94.546,140,57,83,40.714,94.546,0.651,-3.864,735,34.06,-76.98,20.91,-38.61,8.07,-61.4
BTC-USDT-SWAP,1H,1D,0.007,0.02,0.015,148.0,21.2,-85.676,140,67,73,47.857,88.823,0.762,-3.502,735,37.82,-74.44,28.31,-25.15,21.2,-25.11
BTC-USDT-SWAP,1H,1D,0.007,0.02,0.02,148.0,12.379,-91.636,140,68,72,48.571,93.921,0.67,-3.745,735,23.78,-83.94,15.06,-36.65,12.38,-17.81
BTC-USDT-SWAP,1H,1D,0.007,0.02,0.025,148.0,6.196,-95.814,140,69,71,49.286,97.015,0.531,-3.916,735,12.95,-91.25,6.77,-47.7,6.2,-8.49
BTC-USDT-SWAP,1H,1D,0.007,0.02,0.03,148.0,16.226,-89.037,140,70,70,50.0,92.424,0.674,-3.639,735,17.68,-88.06,17.18,-2.8,16.23,-5.57
BTC-USDT-SWAP,1H,1D,0.007,0.03,0.005,148.0,1.32,-99.108,140,30,110,21.429,99.108,0.125,-4.051,735,11.4,-92.3,3.45,-69.71,1.32,-61.76
BTC-USDT-SWAP,1H,1D,0.007,0.03,0.008,148.0,0.322,-99.783,140,38,102,27.143,99.783,0.231,-4.078,735,13.82,-90.66,1.74,-87.41,0.32,-81.51
BTC-USDT-SWAP,1H,1D,0.007,0.03,0.01,148.0,0.649,-99.562,140,47,93,33.571,99.562,0.362,-4.069,735,18.09,-87.78,2.39,-86.79,0.65,-72.84
BTC-USDT-SWAP,1H,1D,0.007,0.03,0.015,148.0,0.476,-99.679,140,53,87,37.857,99.769,0.372,-4.074,735,12.52,-91.54,1.7,-86.41,0.48,-72.02
BTC-USDT-SWAP,1H,1D,0.007,0.03,0.02,148.0,0.247,-99.833,140,54,86,38.571,99.888,0.291,-4.08,735,6.5,-95.61,0.84,-87.06,0.25,-70.59
BTC-USDT-SWAP,1H,1D,0.007,0.03,0.025,148.0,0.08,-99.946,140,54,86,38.571,99.964,0.212,-4.085,735,2.9,-98.04,0.29,-90.0,0.08,-72.52
BTC-USDT-SWAP,1H,1D,0.007,0.03,0.03,148.0,0.158,-99.893,140,55,85,39.286,99.929,0.241,-4.083,735,3.18,-97.85,0.6,-81.23,0.16,-73.6
BTC-USDT-SWAP,1H,1D,0.01,0.004,0.005,148.0,52.809,-64.318,121,84,37,69.421,68.944,0.647,-2.629,735,113.7,-23.17,87.18,-23.33,52.81,-39.42
BTC-USDT-SWAP,1H,1D,0.01,0.004,0.008,148.0,191.212,29.197,121,104,17,85.95,38.954,1.133,1.193,735,148.23,0.15,242.13,63.36,191.21,-21.03
BTC-USDT-SWAP,1H,1D,0.01,0.004,0.01,148.0,174.709,18.047,121,106,15,87.603,40.973,1.078,0.738,735,149.62,1.1,218.42,45.98,174.71,-20.01
BTC-USDT-SWAP,1H,1D,0.01,0.004,0.015,148.0,376.925,154.679,121,114,7,94.215,42.358,1.748,6.322,735,168.63,13.94,340.17,101.73,376.93,10.81
BTC-USDT-SWAP,1H,1D,0.01,0.004,0.02,148.0,713.333,381.982,121,118,3,97.521,41.222,4.747,15.612,735,182.97,23.63,426.27,132.97,713.33,67.34
BTC-USDT-SWAP,1H,1D,0.01,0.004,0.025,148.0,965.719,552.513,121,119,2,98.347,32.084,9.166,22.582,735,189.42,27.99,577.09,204.66,965.72,67.34
BTC-USDT-SWAP,1H,1D,0.01,0.004,0.03,148.0,899.573,507.82,121,119,2,98.347,36.736,7.754,20.756,735,176.45,19.22,537.57,204.66,899.57,67.34
BTC-USDT-SWAP,1H,1D,0.01,0.006,0.005,148.0,132.637,-10.381,121,78,43,64.463,42.308,0.969,-0.424,735,152.6,3.11,184.64,20.99,132.64,-28.16
BTC-USDT-SWAP,1H,1D,0.01,0.006,0.008,148.0,645.697,336.282,121,99,22,81.818,36.345,1.643,13.744,735,198.36,34.02,560.95,182.8,645.7,15.11
BTC-USDT-SWAP,1H,1D,0.01,0.006,0.01,148.0,547.94,270.229,121,101,20,83.471,43.309,1.506,11.045,735,195.15,31.86,460.93,136.2,547.94,18.88
BTC-USDT-SWAP,1H,1D,0.01,0.006,0.015,148.0,1932.255,1205.577,121,111,10,91.736,36.099,2.951,49.274,735,254.95,72.26,1106.95,334.19,1932.25,74.56
BTC-USDT-SWAP,1H,1D,0.01,0.006,0.02,148.0,3220.977,2076.336,121,114,7,94.215,38.676,8.532,84.864,735,229.87,55.32,1175.27,411.27,3220.98,174.06
BTC-USDT-SWAP,1H,1D,0.01,0.006,0.025,148.0,5014.218,3287.985,121,115,6,95.041,36.513,12.956,134.386,735,268.39,81.34,1829.59,581.69,5014.22,174.06
BTC-USDT-SWAP,1H,1D,0.01,0.006,0.03,148.0,4670.779,3055.931,121,115,6,95.041,40.861,12.111,124.902,735,250.01,68.92,1704.28,581.69,4670.78,174.06
BTC-USDT-SWAP,1H,1D,0.01,0.008,0.005,148.0,118.872,-19.681,121,66,55,54.545,49.661,0.95,-0.804,735,143.3,-3.18,165.7,15.63,118.87,-28.26
BTC-USDT-SWAP,1H,1D,0.01,0.008,0.008,148.0,766.087,417.626,121,87,34,71.901,48.44,1.561,17.069,735,175.72,18.73,635.4,261.59,766.09,20.57
BTC-USDT-SWAP,1H,1D,0.01,0.008,0.01,148.0,576.391,289.454,121,89,32,73.554,58.973,1.405,11.831,735,161.01,8.79,464.53,188.51,576.39,24.08
BTC-USDT-SWAP,1H,1D,0.01,0.008,0.015,148.0,3062.967,1969.572,121,99,22,81.818,35.986,2.237,80.5,735,373.17,152.14,1683.73,351.19,3062.97,81.92
BTC-USDT-SWAP,1H,1D,0.01,0.008,0.02,148.0,4746.534,3107.117,121,101,20,83.471,35.066,3.368,126.994,735,336.47,127.35,1709.29,408.0,4746.53,177.69
BTC-USDT-SWAP,1H,1D,0.01,0.008,0.025,148.0,7742.422,5131.366,121,102,19,84.298,32.776,4.094,209.729,735,392.85,165.44,2536.89,545.76,7742.42,205.19
BTC-USDT-SWAP,1H,1D,0.01,0.008,0.03,148.0,8042.435,5334.078,121,102,19,84.298,37.38,4.505,218.014,735,365.94,147.26,2635.19,620.11,8042.44,205.19
BTC-USDT-SWAP,1H,1D,0.01,0.01,0.005,148.0,68.19,-53.925,121,55,66,45.455,71.883,0.874,-2.204,735,149.87,1.27,140.76,-6.08,68.19,-51.56
BTC-USDT-SWAP,1H,1D,0.01,0.01,0.008,148.0,545.836,268.808,121,77,44,63.636,51.19,1.264,10.987,735,222.66,50.45,583.37,161.99,545.84,-6.43
BTC-USDT-SWAP,1H,1D,0.01,0.01,0.01,148.0,442.527,199.005,121,79,42,65.289,62.027,1.198,8.134,735,203.24,37.32,458.78,125.74,442.53,-3.54
BTC-USDT-SWAP,1H,1D,0.01,0.01,0.015,148.0,2945.373,1890.117,121,89,32,73.554,45.197,1.722,77.253,735,478.72,223.46,2040.14,326.17,2945.37,44.37
BTC-USDT-SWAP,1H,1D,0.01,0.01,0.02,148.0,4619.538,3021.31,121,91,30,75.207,50.586,2.21,123.487,735,405.54,174.01,2149.7,430.08,4619.54,114.89
BTC-USDT-SWAP,1H,1D,0.01,0.01,0.025,148.0,6719.357,4440.106,121,92,29,76.033,52.135,2.34,181.476,735,443.02,199.34,3041.55,586.55,6719.36,120.92
BTC-USDT-SWAP,1H,1D,0.01,0.01,0.03,148.0,7023.645,4645.706,121,92,29,76.033,51.805,2.361,189.879,735,446.08,201.41,3415.14,665.59,7023.65,105.66
BTC-USDT-SWAP,1H,1D,0.01,0.012,0.005,148.0,48.613,-67.154,121,48,73,39.669,75.811,0.841,-2.745,735,138.32,-6.54,123.57,-10.66,48.61,-60.66
BTC-USDT-SWAP,1H,1D,0.01,0.012,0.008,148.0,295.4,99.595,121,68,53,56.198,49.137,1.096,4.071,735,218.3,47.5,456.01,108.89,295.4,-35.22
BTC-USDT-SWAP,1H,1D,0.01,0.012,0.01,148.0,294.855,99.226,121,71,50,58.678,57.608,1.097,4.056,735,198.42,34.07,370.81,86.89,294.85,-20.48
BTC-USDT-SWAP,1H,1D,0.01,0.012,0.015,148.0,1294.01,774.331,121,79,42,65.289,67.664,1.48,31.648,735,267.86,80.99,775.81,189.63,1294.01,66.79
BTC-USDT-SWAP,1H,1D,0.01,0.012,0.02,148.0,1236.837,735.701,121,80,41,66.116,74.185,1.517,30.07,735,213.84,44.49,679.87,217.93,1236.84,81.92
BTC-USDT-SWAP,1H,1D,0.01,0.012,0.025,148.0,2090.152,1312.265,121,82,39,67.769,74.373,1.679,53.635,735,231.8,56.62,1194.44,415.3,2090.15,74.99
BTC-USDT-SWAP,1H,1D,0.01,0.012,0.03,148.0,1763.232,1091.373,121,82,39,67.769,77.637,1.601,44.607,735,217.28,46.81,1162.31,434.94,1763.23,51.7
BTC-USDT-SWAP,1H,1D,0.01,0.015,0.005,148.0,28.565,-80.699,121,40,81,33.058,84.443,0.796,-3.298,735,136.84,-7.54,63.46,-53.62,28.57,-54.99
BTC-USDT-SWAP,1H,1D,0.01,0.015,0.008,148.0,194.09,31.142,121,60,61,49.587,73.28,1.03,1.273,735,231.37,56.33,230.83,-0.23,194.09,-15.92
BTC-USDT-SWAP,1H,1D,0.01,0.015,0.01,148.0,174.113,17.644,121,62,59,51.24,72.459,1.02,0.721,735,176.73,19.41,159.85,-9.55,174.11,8.92
BTC-USDT-SWAP,1H,1D,0.01,0.015,0.015,148.0,741.036,400.7,121,70,51,57.851,66.544,1.311,16.377,735,217.06,46.66,299.14,37.82,741.04,147.72
BTC-USDT-SWAP,1H,1D,0.01,0.015,0.02,148.0,667.887,351.275,121,71,50,58.678,71.252,1.346,14.357,735,152.96,3.35,240.63,57.31,667.89,177.56
BTC-USDT-SWAP,1H,1D,0.01,0.015,0.025,148.0,1136.793,668.104,121,73,48,60.331,72.218,1.489,27.307,735,168.34,13.74,425.79,152.94,1136.79,166.98
BTC-USDT-SWAP,1H,1D,0.01,0.015,0.03,148.0,1171.462,691.528,121,73,48,60.331,75.757,1.461,28.264,735,192.76,30.24,506.14,162.58,1171.46,131.45
BTC-USDT-SWAP,1H,1D,0.01,0.02,0.005,148.0,13.224,-91.065,121,34,87,28.099,91.065,0.662,-3.722,735,80.35,-45.71,34.36,-57.23,13.22,-61.52
BTC-USDT-SWAP,1H,1D,0.01,0.02,0.008,148.0,38.573,-73.937,121,49,72,40.496,81.54,0.857,-3.022,735,114.8,-22.43,76.08,-33.73,38.57,-49.3
BTC-USDT-SWAP,1H,1D,0.01,0.02,0.01,148.0,23.948,-83.819,121,50,71,41.322,90.321,0.804,-3.426,735,83.82,-43.36,47.06,-43.85,23.95,-49.12
BTC-USDT-SWAP,1H,1D,0.01,0.02,0.015,148.0,65.518,-55.731,121,57,64,47.107,82.278,0.897,-2.278,735,95.6,-35.41,59.57,-37.68,65.52,9.98
BTC-USDT-SWAP,1H,1D,0.01,0.02,0.02,148.0,42.282,-71.431,121,58,63,47.934,84.524,0.822,-2.92,735,59.47,-59.82,37.2,-37.45,42.28,13.67
BTC-USDT-SWAP,1H,1D,0.01,0.02,0.025,148.0,75.02,-49.311,121,60,61,49.587,77.503,0.9,-2.015,735,62.01,-58.1,66.81,7.73,75.02,12.29
BTC-USDT-SWAP,1H,1D,0.01,0.02,0.03,148.0,68.431,-53.763,121,60,61,49.587,80.443,0.895,-2.197,735,66.13,-55.32,75.54,14.23,68.43,-9.41
BTC-USDT-SWAP,1H,1D,0.01,0.03,0.005,148.0,6.615,-95.53,121,30,91,24.793,95.77,0.632,-3.905,735,60.92,-58.84,32.46,-46.72,6.62,-79.62
BTC-USDT-SWAP,1H,1D,0.01,0.03,0.008,148.0,15.167,-89.752,121,46,75,38.017,94.014,0.787,-3.668,735,80.04,-45.92,49.5,-38.16,15.17,-69.36
BTC-USDT-SWAP,1H,1D,0.01,0.03,0.01,148.0,10.378,-92.988,121,47,74,38.843,96.851,0.743,-3.801,735,55.87,-62.25,31.1,-44.33,10.38,-66.63
BTC-USDT-SWAP,1H,1D,0.01,0.03,0.015,148.0,10.192,-93.114,121,51,70,42.149,96.699,0.729,-3.806,735,39.71,-73.17,26.62,-32.97,10.19,-61.71
BTC-USDT-SWAP,1H,1D,0.01,0.03,0.02,148.0,4.008,-97.292,121,51,70,42.149,98.435,0.626,-3.977,735,20.41,-86.21,13.73,-32.72,4.01,-70.81
BTC-USDT-SWAP,1H,1D,0.01,0.03,0.025,148.0,6.769,-95.426,121,53,68,43.802,97.546,0.664,-3.9,735,17.43,-88.23,21.9,25.69,6.77,-69.1
BTC-USDT-SWAP,1H,1D,0.01,0.03,0.03,148.0,8.753,-94.086,121,54,67,44.628,96.737,0.732,-3.845,735,28.3,-80.88,37.71,33.28,8.75,-76.79
ETH-USDT-SWAP,5m,1H,0.001,0.004,0.005,148.0,0.0,-100.0,3858,1567,2291,40.617,100.0,0.312,-4.11,17526,0.0,-100.0,0.0,-100.0,0.0,-100.0
ETH-USDT-SWAP,5m,1H,0.001,0.004,0.008,148.0,0.0,-100.0,3858,1707,2151,44.246,100.0,0.326,-4.11,17526,0.0,-100.0,0.0,-100.0,0.0,-100.0
ETH-USDT-SWAP,5m,1H,0.001,0.004,0.01,148.0,0.0,-100.0,3858,1729,2129,44.816,100.0,0.324,-4.11,17526,0.0,-100.0,0.0,-100.0,0.0,-100.0
ETH-USDT-SWAP,5m,1H,0.001,0.004,0.015,148.0,0.0,-100.0,3858,1753,2105,45.438,100.0,0.335,-4.11,17526,0.0,-100.0,0.0,-100.0,0.0,-100.0
ETH-USDT-SWAP,5m,1H,0.001,0.004,0.02,148.0,0.0,-100.0,3858,1763,2095,45.697,100.0,0.343,-4.11,17526,0.0,-100.0,0.0,-100.0,0.0,-100.0
ETH-USDT-SWAP,5m,1H,0.001,0.004,0.025,148.0,0.0,-100.0,3858,1765,2093,45.749,100.0,0.352,-4.11,17526,0.0,-100.0,0.0,-100.0,0.0,-100.0
ETH-USDT-SWAP,5m,1H,0.001,0.004,0.03,148.0,0.0,-100.0,3858,1771,2087,45.905,100.0,0.352,-4.11,17526,0.0,-100.0,0.0,-100.0,0.0,-100.0
ETH-USDT-SWAP,5m,1H,0.001,0.006,0.005,148.0,0.0,-100.0,3858,1075,2783,27.864,100.0,0.344,-4.11,17526,0.0,-100.0,0.0,-100.0,0.0,-100.0
ETH-USDT-SWAP,5m,1H,0.001,0.006,0.008,148.0,0.0,-100.0,3858,1193,2665,30.923,100.0,0.345,-4.11,17526,0.0,-100.0,0.0,-100.0,0.0,-100.0
ETH-USDT-SWAP,5m,1H,0.001,0.006,0.01,148.0,0.0,-100.0,3858,1211,2647,31.389,100.0,0.348,-4.11,17526,0.0,-100.0,0.0,-100.0,0.0,-100.0
ETH-USDT-SWAP,5m,1H,0.001,0.006,0.015,148.0,0.0,-100.0,3858,1238,2620,32.089,100.0,0.362,-4.11,17526,0.0,-100.0,0.0,-100.0,0.0,-100.0
ETH-USDT-SWAP,5m,1H,0.001,0.006,0.02,148.0,0.0,-100.0,3858,1247,2611,32.322,100.0,0.368,-4.11,17526,0.0,-100.0,0.0,-100.0,0.0,-100.0
ETH-USDT-SWAP,5m,1H,0.001,0.006,0.025,148.0,0.0,-100.0,3858,1249,2609,32.374,100.0,0.372,-4.11,17526,0.0,-100.0,0.0,-100.0,0.0,-100.0
ETH-USDT-SWAP,5m,1H,0.001,0.006,0.03,148.0,0.0,-100.0,3858,1255,2603,32.53,100.0,0.371,-4.11,17526,0.0,-100.0,0.0,-100.0,0.0,-100.0
ETH-USDT-SWAP,5m,1H,0.001,0.008,0.005,148.0,0.0,-100.0,3858,924,2934,23.95,100.0,0.299,-4.11,17526,0.0,-100.0,0.0,-100.0,0.0,-100.0
ETH-USDT-SWAP,5m,1H,0.001,0.008,0.008,148.0,0.0,-100.0,3858,1034,2824,26.801,100.0,0.299,-4.11,17526,0.0,-100.0,0.0,-100.0,0.0,-100.0
ETH-USDT-SWAP,5m,1H,0.001,0.008,0.01,148.0,0.0,-100.0,3858,1052,2806,27.268,100.0,0.347,-4.11,17526,0.0,-100.0,0.0,-100.0,0.0,-100.0
ETH-USDT-SWAP,5m,1H,0.001,0.008,0.015,148.0,0.0,-100.0,3858,1079,2779,27.968,100.0,0.372,-4.11,17526,0.0,-100.0,0.0,-100.0,0.0,-100.0
ETH-USDT-SWAP,5m,1H,0.001,0.008,0.02,148.0,0.0,-100.0,3858,1086,2772,28.149,100.0,0.378,-4.11,17526,0.0,-100.0,0.0,-100.0,0.0,-100.0
ETH-USDT-SWAP,5m,1H,0.001,0.008,0.025,148.0,0.0,-100.0,3858,1088,2770,28.201,100.0,0.384,-4.11,17526,0.0,-100.0,0.0,-100.0,0.0,-100.0
ETH-USDT-SWAP,5m,1H,0.001,0.008,0.03,148.0,0.0,-100.0,3858,1093,2765,28.331,100.0,0.382,-4.11,17526,0.0,-100.0,0.0,-100.0,0.0,-100.0
ETH-USDT-SWAP,5m,1H,0.001,0.01,0.005,148.0,0.0,-100.0,3858,877,2981,22.732,100.0,0.331,-4.11,17526,0.0,-100.0,0.0,-100.0,0.0,-100.0
ETH-USDT-SWAP,5m,1H,0.001,0.01,0.008,148.0,0.0,-100.0,3858,978,2880,25.35,100.0,0.329,-4.11,17526,0.0,-100.0,0.0,-100.0,0.0,-100.0
ETH-USDT-SWAP,5m,1H,0.001,0.01,0.01,148.0,0.0,-100.0,3858,996,2862,25.816,100.0,0.383,-4.11,17526,0.0,-100.0,0.0,-100.0,0.0,-100.0
ETH-USDT-SWAP,5m,1H,0.001,0.01,0.015,148.0,0.0,-100.0,3858,1022,2836,26.49,100.0,0.411,-4.11,17526,0.0,-100.0,0.0,-100.0,0.0,-100.0
ETH-USDT-SWAP,5m,1H,0.001,0.01,0.02,148.0,0.0,-100.0,3858,1028,2830,26.646,100.0,0.415,-4.11,17526,0.0,-100.0,0.0,-100.0,0.0,-100.0
ETH-USDT-SWAP,5m,1H,0.001,0.01,0.025,148.0,0.0,-100.0,3858,1030,2828,26.698,100.0,0.42,-4.11,17526,0.0,-100.0,0.0,-100.0,0.0,-100.0
ETH-USDT-SWAP,5m,1H,0.001,0.01,0.03,148.0,0.0,-100.0,3858,1035,2823,26.827,100.0,0.419,-4.11,17526,0.0,-100.0,0.0,-100.0,0.0,-100.0
ETH-USDT-SWAP,5m,1H,0.001,0.012,0.005,148.0,0.0,-100.0,3858,849,3009,22.006,100.0,0.327,-4.11,17526,0.0,-100.0,0.0,-100.0,0.0,-100.0
ETH-USDT-SWAP,5m,1H,0.001,0.012,0.008,148.0,0.0,-100.0,3858,948,2910,24.572,100.0,0.328,-4.11,17526,0.0,-100.0,0.0,-100.0,0.0,-100.0
ETH-USDT-SWAP,5m,1H,0.001,0.012,0.01,148.0,0.0,-100.0,3858,967,2891,25.065,100.0,0.392,-4.11,17526,0.0,-100.0,0.0,-100.0,0.0,-100.0
ETH-USDT-SWAP,5m,1H,0.001,0.012,0.015,148.0,0.0,-100.0,3858,994,2864,25.765,100.0,0.416,-4.11,17526,0.0,-100.0,0.0,-100.0,0.0,-100.0
ETH-USDT-SWAP,5m,1H,0.001,0.012,0.02,148.0,0.0,-100.0,3858,1000,2858,25.92,100.0,0.42,-4.11,17526,0.0,-100.0,0.0,-100.0,0.0,-100.0
ETH-USDT-SWAP,5m,1H,0.001,0.012,0.025,148.0,0.0,-100.0,3858,1002,2856,25.972,100.0,0.426,-4.11,17526,0.0,-100.0,0.0,-100.0,0.0,-100.0
ETH-USDT-SWAP,5m,1H,0.001,0.012,0.03,148.0,0.0,-100.0,3858,1007,2851,26.102,100.0,0.424,-4.11,17526,0.0,-100.0,0.0,-100.0,0.0,-100.0
ETH-USDT-SWAP,5m,1H,0.001,0.015,0.005,148.0,0.0,-100.0,3858,837,3021,21.695,100.0,0.367,-4.11,17526,0.0,-100.0,0.0,-100.0,0.0,-100.0
ETH-USDT-SWAP,5m,1H,0.001,0.015,0.008,148.0,0.0,-100.0,3858,934,2924,24.209,100.0,0.368,-4.11,17526,0.0,-100.0,0.0,-100.0,0.0,-100.0
ETH-USDT-SWAP,5m,1H,0.001,0.015,0.01,148.0,0.0,-100.0,3858,953,2905,24.702,100.0,0.428,-4.11,17526,0.0,-100.0,0.0,-100.0,0.0,-100.0
ETH-USDT-SWAP,5m,1H,0.001,0.015,0.015,148.0,0.0,-100.0,3858,983,2875,25.48,100.0,0.45,-4.11,17526,0.0,-100.0,0.0,-100.0,0.0,-100.0
ETH-USDT-SWAP,5m,1H,0.001,0.015,0.02,148.0,0.0,-100.0,3858,988,2870,25.609,100.0,0.464,-4.11,17526,0.0,-100.0,0.0,-100.0,0.0,-100.0
ETH-USDT-SWAP,5m,1H,0.001,0.015,0.025,148.0,0.0,-100.0,3858,990,2868,25.661,100.0,0.469,-4.11,17526,0.0,-100.0,0.0,-100.0,0.0,-100.0
ETH-USDT-SWAP,5m,1H,0.001,0.015,0.03,148.0,0.0,-100.0,3858,994,2864,25.765,100.0,0.467,-4.11,17526,0.0,-100.0,0.0,-100.0,0.0,-100.0
ETH-USDT-SWAP,5m,1H,0.001,0.02,0.005,148.0,0.0,-100.0,3858,825,3033,21.384,100.0,0.433,-4.11,17526,0.0,-100.0,0.0,-100.0,0.0,-100.0
ETH-USDT-SWAP,5m,1H,0.001,0.02,0.008,148.0,0.0,-100.0,3858,924,2934,23.95,100.0,0.432,-4.11,17526,0.0,-100.0,0.0,-100.0,0.0,-100.0
ETH-USDT-SWAP,5m,1H,0.001,0.02,0.01,148.0,0.0,-100.0,3858,943,2915,24.443,100.0,0.487,-4.11,17526,0.0,-100.0,0.0,-100.0,0.0,-100.0
ETH-USDT-SWAP,5m,1H,0.001,0.02,0.015,148.0,0.0,-100.0,3858,973,2885,25.22,100.0,0.504,-4.11,17526,0.0,-100.0,0.0,-100.0,0.0,-100.0
ETH-USDT-SWAP,5m,1H,0.001,0.02,0.02,148.0,0.0,-100.0,3858,978,2880,25.35,100.0,0.515,-4.11,17526,0.0,-100.0,0.0,-100.0,0.0,-100.0
ETH-USDT-SWAP,5m,1H,0.001,0.02,0.025,148.0,0.0,-100.0,3858,979,2879,25.376,100.0,0.52,-4.11,17526,0.0,-100.0,0.0,-100.0,0.0,-100.0
ETH-USDT-SWAP,5m,1H,0.001,0.02,0.03,148.0,0.0,-100.0,3858,983,2875,25.48,100.0,0.518,-4.11,17526,0.0,-100.0,0.0,-100.0,0.0,-100.0
ETH-USDT-SWAP,5m,1H,0.001,0.03,0.005,148.0,0.0,-100.0,3858,822,3036,21.306,100.0,0.443,-4.11,17526,0.0,-100.0,0.0,-100.0,0.0,-100.0
ETH-USDT-SWAP,5m,1H,0.001,0.03,0.008,148.0,0.0,-100.0,3858,921,2937,23.872,100.0,0.441,-4.11,17526,0.0,-100.0,0.0,-100.0,0.0,-100.0
ETH-USDT-SWAP,5m,1H,0.001,0.03,0.01,148.0,0.0,-100.0,3858,940,2918,24.365,100.0,0.496,-4.11,17526,0.0,-100.0,0.0,-100.0,0.0,-100.0
ETH-USDT-SWAP,5m,1H,0.001,0.03,0.015,148.0,0.0,-100.0,3858,968,2890,25.091,100.0,0.509,-4.11,17526,0.0,-100.0,0.0,-100.0,0.0,-100.0
ETH-USDT-SWAP,5m,1H,0.001,0.03,0.02,148.0,0.0,-100.0,3858,973,2885,25.22,100.0,0.513,-4.11,17526,0.0,-100.0,0.0,-100.0,0.0,-100.0
ETH-USDT-SWAP,5m,1H,0.001,0.03,0.025,148.0,0.0,-100.0,3858,975,2883,25.272,100.0,0.517,-4.11,17526,0.0,-100.0,0.0,-100.0,0.0,-100.0
ETH-USDT-SWAP,5m,1H,0.001,0.03,0.03,148.0,0.0,-100.0,3858,979,2879,25.376,100.0,0.517,-4.11,17526,0.0,-100.0,0.0,-100.0,0.0,-100.0
ETH-USDT-SWAP,5m,1H,0.002,0.004,0.005,148.0,0.0,-100.0,2943,1381,1562,46.925,100.0,0.395,-4.11,17526,0.0,-100.0,0.0,-100.0,0.0,-99.99
ETH-USDT-SWAP,5m,1H,0.002,0.004,0.008,148.0,0.0,-100.0,2943,1483,1460,50.391,100.0,0.423,-4.11,17526,0.0,-100.0,0.0,-100.0,0.0,-99.95
ETH-USDT-SWAP,5m,1H,0.002,0.004,0.01,148.0,0.0,-100.0,2943,1507,1436,51.206,100.0,0.433,-4.11,17526,0.0,-100.0,0.0,-100.0,0.0,-99.93
ETH-USDT-SWAP,5m,1H,0.002,0.004,0.015,148.0,0.0,-100.0,2943,1530,1413,51.988,100.0,0.424,-4.11,17526,0.0,-100.0,0.0,-100.0,0.0,-99.9
ETH-USDT-SWAP,5m,1H,0.002,0.004,0.02,148.0,0.0,-100.0,2943,1539,1404,52.294,100.0,0.454,-4.11,17526,0.0,-100.0,0.0,-100.0,0.0,-99.9
ETH-USDT-SWAP,5m,1H,0.002,0.004,0.025,148.0,0.0,-100.0,2943,1543,1400,52.429,100.0,0.447,-4.11,17526,0.0,-100.0,0.0,-100.0,0.0,-99.88
ETH-USDT-SWAP,5m,1H,0.002,0.004,0.03,148.0,0.0,-100.0,2943,1545,1398,52.497,100.0,0.443,-4.11,17526,0.0,-100.0,0.0,-100.0,0.0,-99.9
ETH-USDT-SWAP,5m,1H,0.002,0.006,0.005,148.0,0.0,-100.0,2943,937,2006,31.838,100.0,0.332,-4.11,17526,0.0,-100.0,0.0,-100.0,0.0,-100.0
ETH-USDT-SWAP,5m,1H,0.002,0.006,0.008,148.0,0.0,-100.0,2943,1026,1917,34.862,100.0,0.352,-4.11,17526,0.0,-100.0,0.0,-100.0,0.0,-100.0
ETH-USDT-SWAP,5m,1H,0.002,0.006,0.01,148.0,0.0,-100.0,2943,1047,1896,35.576,100.0,0.372,-4.11,17526,0.0,-100.0,0.0,-100.0,0.0,-100.0
ETH-USDT-SWAP,5m,1H,0.002,0.006,0.015,148.0,0.0,-100.0,2943,1069,1874,36.323,100.0,0.379,-4.11,17526,0.0,-100.0,0.0,-100.0,0.0,-100.0
ETH-USDT-SWAP,5m,1H,0.002,0.006,0.02,148.0,0.0,-100.0,2943,1077,1866,36.595,100.0,0.402,-4.11,17526,0.0,-100.0,0.0,-100.0,0.0,-100.0
ETH-USDT-SWAP,5m,1H,0.002,0.006,0.025,148.0,0.0,-100.0,2943,1081,1862,36.731,100.0,0.396,-4.11,17526,0.0,-100.0,0.0,-100.0,0.0,-100.0
ETH-USDT-SWAP,5m,1H,0.002,0.006,0.03,148.0,0.0,-100.0,2943,1084,1859,36.833,100.0,0.393,-4.11,17526,0.0,-100.0,0.0,-100.0,0.0,-100.0
ETH-USDT-SWAP,5m,1H,0.002,0.008,0.005,148.0,0.0,-100.0,2943,789,2154,26.809,100.0,0.308,-4.11,17526,0.0,-100.0,0.0,-100.0,0.0,-100.0
ETH-USDT-SWAP,5m,1H,0.002,0.008,0.008,148.0,0.0,-100.0,2943,871,2072,29.596,100.0,0.335,-4.11,17526,0.0,-100.0,0.0,-100.0,0.0,-100.0
ETH-USDT-SWAP,5m,1H,0.002,0.008,0.01,148.0,0.0,-100.0,2943,889,2054,30.207,100.0,0.361,-4.11,17526,0.0,-100.0,0.0,-100.0,0.0,-100.0
ETH-USDT-SWAP,5m,1H,0.002,0.008,0.015,148.0,0.0,-100.0,2943,913,2030,31.023,100.0,0.374,-4.11,17526,0.0,-100.0,0.0,-100.0,0.0,-100.0
ETH-USDT-SWAP,5m,1H,0.002,0.008,0.02,148.0,0.0,-100.0,2943,919,2024,31.227,100.0,0.404,-4.11,17526,0.0,-100.0,0.0,-100.0,0.0,-100.0
ETH-USDT-SWAP,5m,1H,0.002,0.008,0.025,148.0,0.0,-100.0,2943,922,2021,31.329,100.0,0.395,-4.11,17526,0.0,-100.0,0.0,-100.0,0.0,-100.0
ETH-USDT-SWAP,5m,1H,0.002,0.008,0.03,148.0,0.0,-100.0,2943,926,2017,31.464,100.0,0.391,-4.11,17526,0.0,-100.0,0.0,-100.0,0.0,-100.0
ETH-USDT-SWAP,5m,1H,0.002,0.01,0.005,148.0,0.0,-100.0,2943,749,2194,25.45,100.0,0.296,-4.11,17526,0.0,-100.0,0.0,-100.0,0.0,-100.0
ETH-USDT-SWAP,5m,1H,0.002,0.01,0.008,148.0,0.0,-100.0,2943,826,2117,28.067,100.0,0.388,-4.11,17526,0.0,-100.0,0.0,-100.0,0.0,-100.0
ETH-USDT-SWAP,5m,1H,0.002,0.01,0.01,148.0,0.0,-100.0,2943,843,2100,28.644,100.0,0.417,-4.11,17526,0.0,-100.0,0.0,-100.0,0.0,-100.0
ETH-USDT-SWAP,5m,1H,0.002,0.01,0.015,148.0,0.0,-100.0,2943,866,2077,29.426,100.0,0.436,-4.11,17526,0.0,-100.0,0.0,-100.0,0.0,-100.0
ETH-USDT-SWAP,5m,1H,0.002,0.01,0.02,148.0,0.0,-100.0,2943,872,2071,29.63,100.0,0.468,-4.11,17526,0.0,-100.0,0.0,-100.0,0.0,-100.0
ETH-USDT-SWAP,5m,1H,0.002,0.01,0.025,148.0,0.0,-100.0,2943,875,2068,29.732,100.0,0.458,-4.11,17526,0.0,-100.0,0.0,-100.0,0.0,-100.0
ETH-USDT-SWAP,5m,1H,0.002,0.01,0.03,148.0,0.0,-100.0,2943,878,2065,29.834,100.0,0.453,-4.11,17526,0.0,-100.0,0.0,-100.0,0.0,-100.0
ETH-USDT-SWAP,5m,1H,0.002,0.012,0.005,148.0,0.0,-100.0,2943,721,2222,24.499,100.0,0.266,-4.11,17526,0.0,-100.0,0.0,-100.0,0.0,-100.0
ETH-USDT-SWAP,5m,1H,0.002,0.012,0.008,148.0,0.0,-100.0,2943,797,2146,27.081,100.0,0.377,-4.11,17526,0.0,-100.0,0.0,-100.0,0.0,-100.0
ETH-USDT-SWAP,5m,1H,0.002,0.012,0.01,148.0,0.0,-100.0,2943,814,2129,27.659,100.0,0.407,-4.11,17526,0.0,-100.0,0.0,-100.0,0.0,-100.0
ETH-USDT-SWAP,5m,1H,0.002,0.012,0.015,148.0,0.0,-100.0,2943,835,2108,28.372,100.0,0.419,-4.11,17526,0.0,-100.0,0.0,-100.0,0.0,-100.0
ETH-USDT-SWAP,5m,1H,0.002,0.012,0.02,148.0,0.0,-100.0,2943,840,2103,28.542,100.0,0.45,-4.11,17526,0.0,-100.0,0.0,-100.0,0.0,-100.0
ETH-USDT-SWAP,5m,1H,0.002,0.012,0.025,148.0,0.0,-100.0,2943,843,2100,28.644,100.0,0.44,-4.11,17526,0.0,-100.0,0.0,-100.0,0.0,-100.0
ETH-USDT-SWAP,5m,1H,0.002,0.012,0.03,148.0,0.0,-100.0,2943,846,2097,28.746,100.0,0.435,-4.11,17526,0.0,-100.0,0.0,-100.0,0.0,-100.0
ETH-USDT-SWAP,5m,1H,0.002,0.015,0.005,148.0,0.0,-100.0,2943,711,2232,24.159,100.0,0.272,-4.11,17526,0.0,-100.0,0.0,-100.0,0.0,-100.0
ETH-USDT-SWAP,5m,1H,0.002,0.015,0.008,148.0,0.0,-100.0,2943,788,2155,26.775,100.0,0.391,-4.11,17526,0.0,-100.0,0.0,-100.0,0.0,-100.0
ETH-USDT-SWAP,5m,1H,0.002,0.015,0.01,148.0,0.0,-100.0,2943,806,2137,27.387,100.0,0.423,-4.11,17526,0.0,-100.0,0.0,-100.0,0.0,-100.0
ETH-USDT-SWAP,5m,1H,0.002,0.015,0.015,148.0,0.0,-100.0,2943,829,2114,28.169,100.0,0.443,-4.11,17526,0.0,-100.0,0.0,-100.0,0.0,-100.0
ETH-USDT-SWAP,5m,1H,0.002,0.015,0.02,148.0,0.0,-100.0,2943,834,2109,28.338,100.0,0.474,-4.11,17526,0.0,-100.0,0.0,-100.0,0.0,-100.0
ETH-USDT-SWAP,5m,1H,0.002,0.015,0.025,148.0,0.0,-100.0,2943,837,2106,28.44,100.0,0.464,-4.11,17526,0.0,-100.0,0.0,-100.0,0.0,-100.0
ETH-USDT-SWAP,5m,1H,0.002,0.015,0.03,148.0,0.0,-100.0,2943,839,2104,28.508,100.0,0.46,-4.11,17526,0.0,-100.0,0.0,-100.0,0.0,-100.0
ETH-USDT-SWAP,5m,1H,0.002,0.02,0.005,148.0,0.0,-100.0,2943,703,2240,23.887,100.0,0.286,-4.11,17526,0.0,-100.0,0.0,-100.0,0.0,-100.0
ETH-USDT-SWAP,5m,1H,0.002,0.02,0.008,148.0,0.0,-100.0,2943,781,2162,26.538,100.0,0.395,-4.11,17526,0.0,-100.0,0.0,-100.0,0.0,-100.0
ETH-USDT-SWAP,5m,1H,0.002,0.02,0.01,148.0,0.0,-100.0,2943,799,2144,27.149,100.0,0.427,-4.11,17526,0.0,-100.0,0.0,-100.0,0.0,-100.0
ETH-USDT-SWAP,5m,1H,0.002,0.02,0.015,148.0,0.0,-100.0,2943,823,2120,27.965,100.0,0.438,-4.11,17526,0.0,-100.0,0.0,-100.0,0.0,-100.0
ETH-USDT-SWAP,5m,1H,0.002,0.02,0.02,148.0,0.0,-100.0,2943,828,2115,28.135,100.0,0.495,-4.11,17526,0.0,-100.0,0.0,-100.0,0.0,-100.0
ETH-USDT-SWAP,5m,1H,0.002,0.02,0.025,148.0,0.0,-100.0,2943,831,2112,28.236,100.0,0.487,-4.11,17526,0.0,-100.0,0.0,-100.0,0.0,-100.0
ETH-USDT-SWAP,5m,1H,0.002,0.02,0.03,148.0,0.0,-100.0,2943,833,2110,28.304,100.0,0.482,-4.11,17526,0.0,-100.0,0.0,-100.0,0.0,-100.0
ETH-USDT-SWAP,5m,1H,0.002,0.03,0.005,148.0,0.0,-100.0,2943,701,2242,23.819,100.0,0.289,-4.11,17526,0.0,-100.0,0.0,-100.0,0.0,-100.0
ETH-USDT-SWAP,5m,1H,0.002,0.03,0.008,148.0,0.0,-100.0,2943,779,2164,26.47,100.0,0.397,-4.11,17526,0.0,-100.0,0.0,-100.0,0.0,-100.0
ETH-USDT-SWAP,5m,1H,0.002,0.03,0.01,148.0,0.0,-100.0,2943,796,2147,27.047,100.0,0.416,-4.11,17526,0.0,-100.0,0.0,-100.0,0.0,-100.0
ETH-USDT-SWAP,5m,1H,0.002,0.03,0.015,148.0,0.0,-100.0,2943,818,2125,27.795,100.0,0.415,-4.11,17526,0.0,-100.0,0.0,-100.0,0.0,-100.0
ETH-USDT-SWAP,5m,1H,0.002,0.03,0.02,148.0,0.0,-100.0,2943,823,2120,27.965,100.0,0.442,-4.11,17526,0.0,-100.0,0.0,-100.0,0.0,-100.0
ETH-USDT-SWAP,5m,1H,0.002,0.03,0.025,148.0,0.0,-100.0,2943,827,2116,28.101,100.0,0.437,-4.11,17526,0.0,-100.0,0.0,-100.0,0.0,-100.0
ETH-USDT-SWAP,5m,1H,0.002,0.03,0.03,148.0,0.0,-100.0,2943,829,2114,28.169,100.0,0.435,-4.11,17526,0.0,-100.0,0.0,-100.0,0.0,-100.0
ETH-USDT-SWAP,5m,1H,0.003,0.004,0.005,148.0,0.0,-100.0,2304,1244,1060,53.993,100.0,0.392,-4.11,17526,0.11,-99.93,0.0,-100.0,0.0,-97.97
ETH-USDT-SWAP,5m,1H,0.003,0.004,0.008,148.0,0.0,-100.0,2304,1326,978,57.552,100.0,0.444,-4.11,17526,0.15,-99.9,0.0,-100.0,0.0,-87.4
ETH-USDT-SWAP,5m,1H,0.003,0.004,0.01,148.0,0.0,-100.0,2304,1343,961,58.29,100.0,0.497,-4.11,17526,0.16,-99.89,0.0,-100.0,0.0,-82.87
ETH-USDT-SWAP,5m,1H,0.003,0.004,0.015,148.0,0.0,-100.0,2304,1372,932,59.549,100.0,0.514,-4.11,17526,0.17,-99.88,0.0,-99.95,0.0,-74.43
ETH-USDT-SWAP,5m,1H,0.003,0.004,0.02,148.0,0.0,-100.0,2304,1379,925,59.852,100.0,0.557,-4.11,17526,0.25,-99.83,0.0,-99.94,0.0,-67.94
ETH-USDT-SWAP,5m,1H,0.003,0.004,0.025,148.0,0.0,-100.0,2304,1385,919,60.113,100.0,0.554,-4.11,17526,0.3,-99.8,0.0,-99.9,0.0,-58.07
ETH-USDT-SWAP,5m,1H,0.003,0.004,0.03,148.0,0.0,-100.0,2304,1386,918,60.156,100.0,0.559,-4.11,17526,0.3,-99.8,0.0,-99.91,0.0,-58.07
ETH-USDT-SWAP,5m,1H,0.003,0.006,0.005,148.0,0.0,-100.0,2304,881,1423,38.238,100.0,0.416,-4.11,17526,0.02,-99.99,0.0,-100.0,0.0,-99.91
ETH-USDT-SWAP,5m,1H,0.003,0.006,0.008,148.0,0.0,-100.0,2304,944,1360,40.972,100.0,0.473,-4.11,17526,0.02,-99.99,0.0,-100.0,0.0,-99.84
ETH-USDT-SWAP,5m,1H,0.003,0.006,0.01,148.0,0.0,-100.0,2304,961,1343,41.71,100.0,0.522,-4.11,17526,0.02,-99.99,0.0,-100.0,0.0,-99.74
ETH-USDT-SWAP,5m,1H,0.003,0.006,0.015,148.0,0.0,-100.0,2304,980,1324,42.535,100.0,0.524,-4.11,17526,0.01,-99.99,0.0,-100.0,0.0,-99.82
ETH-USDT-SWAP,5m,1H,0.003,0.006,0.02,148.0,0.0,-100.0,2304,984,1320,42.708,100.0,0.531,-4.11,17526,0.01,-99.99,0.0,-100.0,0.0,-99.84
ETH-USDT-SWAP,5m,1H,0.003,0.006,0.025,148.0,0.0,-100.0,2304,989,1315,42.925,100.0,0.515,-4.11,17526,0.02,-99.99,0.0,-100.0,0.0,-99.81
ETH-USDT-SWAP,5m,1H,0.003,0.006,0.03,148.0,0.0,-100.0,2304,991,1313,43.012,100.0,0.509,-4.11,17526,0.02,-99.99,0.0,-100.0,0.0,-99.78
ETH-USDT-SWAP,5m,1H,0.003,0.008,0.005,148.0,0.0,-100.0,2304,712,1592,30.903,100.0,0.363,-4.11,17526,0.0,-100.0,0.0,-100.0,0.0,-100.0
ETH-USDT-SWAP,5m,1H,0.003,0.008,0.008,148.0,0.0,-100.0,2304,772,1532,33.507,100.0,0.393,-4.11,17526,0.0,-100.0,0.0,-100.0,0.0,-99.99
ETH-USDT-SWAP,5m,1H,0.003,0.008,0.01,148.0,0.0,-100.0,2304,793,1511,34.418,100.0,0.466,-4.11,17526,0.0,-100.0,0.0,-100.0,0.0,-99.98
ETH-USDT-SWAP,5m,1H,0.003,0.008,0.015,148.0,0.0,-100.0,2304,815,1489,35.373,100.0,0.47,-4.11,17526,0.0,-100.0,0.0,-100.0,0.0,-99.99
ETH-USDT-SWAP,5m,1H,0.003,0.008,0.02,148.0,0.0,-100.0,2304,820,1484,35.59,100.0,0.506,-4.11,17526,0.0,-100.0,0.0,-100.0,0.0,-99.99
ETH-USDT-SWAP,5m,1H,0.003,0.008,0.025,148.0,0.0,-100.0,2304,824,1480,35.764,100.0,0.492,-4.11,17526,0.0,-100.0,0.0,-100.0,0.0,-99.99
ETH-USDT-SWAP,5m,1H,0.003,0.008,0.03,148.0,0.0,-100.0,2304,827,1477,35.894,100.0,0.486,-4.11,17526,0.0,-100.0,0.0,-100.0,0.0,-99.99
ETH-USDT-SWAP,5m,1H,0.003,0.01,0.005,148.0,0.0,-100.0,2304,664,1640,28.819,100.0,0.361,-4.11,17526,0.0,-100.0,0.0,-100.0,0.0,-100.0
ETH-USDT-SWAP,5m,1H,0.003,0.01,0.008,148.0,0.0,-100.0,2304,721,1583,31.293,100.0,0.452,-4.11,17526,0.0,-100.0,0.0,-100.0,0.0,-100.0
ETH-USDT-SWAP,5m,1H,0.003,0.01,0.01,148.0,0.0,-100.0,2304,742,1562,32.205,100.0,0.544,-4.11,17526,0.0,-100.0,0.0,-100.0,0.0,-99.99
ETH-USDT-SWAP,5m,1H,0.003,0.01,0.015,148.0,0.0,-100.0,2304,762,1542,33.073,100.0,0.548,-4.11,17526,0.0,-100.0,0.0,-100.0,0.0,-99.99
ETH-USDT-SWAP,5m,1H,0.003,0.01,0.02,148.0,0.0,-100.0,2304,766,1538,33.247,100.0,0.589,-4.11,17526,0.0,-100.0,0.0,-100.0,0.0,-100.0
ETH-USDT-SWAP,5m,1H,0.003,0.01,0.025,148.0,0.0,-100.0,2304,769,1535,33.377,100.0,0.574,-4.11,17526,0.0,-100.0,0.0,-100.0,0.0,-100.0
ETH-USDT-SWAP,5m,1H,0.003,0.01,0.03,148.0,0.0,-100.0,2304,772,1532,33.507,100.0,0.567,-4.11,17526,0.0,-100.0,0.0,-100.0,0.0,-100.0
ETH-USDT-SWAP,5m,1H,0.003,0.012,0.005,148.0,0.0,-100.0,2304,640,1664,27.778,100.0,0.368,-4.11,17526,0.0,-100.0,0.0,-100.0,0.0,-100.0
ETH-USDT-SWAP,5m,1H,0.003,0.012,0.008,148.0,0.0,-100.0,2304,697,1607,30.252,100.0,0.472,-4.11,17526,0.0,-100.0,0.0,-100.0,0.0,-100.0
ETH-USDT-SWAP,5m,1H,0.003,0.012,0.01,148.0,0.0,-100.0,2304,718,1586,31.163,100.0,0.566,-4.11,17526,0.0,-100.0,0.0,-100.0,0.0,-100.0
ETH-USDT-SWAP,5m,1H,0.003,0.012,0.015,148.0,0.0,-100.0,2304,736,1568,31.944,100.0,0.567,-4.11,17526,0.0,-100.0,0.0,-100.0,0.0,-100.0
ETH-USDT-SWAP,5m,1H,0.003,0.012,0.02,148.0,0.0,-100.0,2304,739,1565,32.075,100.0,0.605,-4.11,17526,0.0,-100.0,0.0,-100.0,0.0,-100.0
ETH-USDT-SWAP,5m,1H,0.003,0.012,0.025,148.0,0.0,-100.0,2304,742,1562,32.205,100.0,0.592,-4.11,17526,0.0,-100.0,0.0,-100.0,0.0,-100.0
ETH-USDT-SWAP,5m,1H,0.003,0.012,0.03,148.0,0.0,-100.0,2304,745,1559,32.335,100.0,0.585,-4.11,17526,0.0,-100.0,0.0,-100.0,0.0,-100.0
ETH-USDT-SWAP,5m,1H,0.003,0.015,0.005,148.0,0.0,-100.0,2304,626,1678,27.17,100.0,0.381,-4.11,17526,0.0,-100.0,0.0,-100.0,0.0,-100.0
ETH-USDT-SWAP,5m,1H,0.003,0.015,0.008,148.0,0.0,-100.0,2304,683,1621,29.644,100.0,0.513,-4.11,17526,0.0,-100.0,0.0,-100.0,0.0,-100.0
ETH-USDT-SWAP,5m,1H,0.003,0.015,0.01,148.0,0.0,-100.0,2304,704,1600,30.556,100.0,0.598,-4.11,17526,0.0,-100.0,0.0,-100.0,0.0,-100.0
ETH-USDT-SWAP,5m,1H,0.003,0.015,0.015,148.0,0.0,-100.0,2304,723,1581,31.38,100.0,0.612,-4.11,17526,0.0,-100.0,0.0,-100.0,0.0,-100.0
ETH-USDT-SWAP,5m,1H,0.003,0.015,0.02,148.0,0.0,-100.0,2304,726,1578,31.51,100.0,0.654,-4.11,17526,0.0,-100.0,0.0,-100.0,0.0,-100.0
ETH-USDT-SWAP,5m,1H,0.003,0.015,0.025,148.0,0.0,-100.0,2304,729,1575,31.641,100.0,0.641,-4.11,17526,0.0,-100.0,0.0,-100.0,0.0,-100.0
ETH-USDT-SWAP,5m,1H,0.003,0.015,0.03,148.0,0.0,-100.0,2304,731,1573,31.727,100.0,0.634,-4.11,17526,0.0,-100.0,0.0,-100.0,0.0,-100.0
ETH-USDT-SWAP,5m,1H,0.003,0.02,0.005,148.0,0.0,-100.0,2304,621,1683,26.953,100.0,0.379,-4.11,17526,0.0,-100.0,0.0,-100.0,0.0,-100.0
ETH-USDT-SWAP,5m,1H,0.003,0.02,0.008,148.0,0.0,-100.0,2304,677,1627,29.384,100.0,0.504,-4.11,17526,0.0,-100.0,0.0,-100.0,0.0,-100.0
ETH-USDT-SWAP,5m,1H,0.003,0.02,0.01,148.0,0.0,-100.0,2304,700,1604,30.382,100.0,0.591,-4.11,17526,0.0,-100.0,0.0,-100.0,0.0,-100.0
ETH-USDT-SWAP,5m,1H,0.003,0.02,0.015,148.0,0.0,-100.0,2304,719,1585,31.207,100.0,0.596,-4.11,17526,0.0,-100.0,0.0,-100.0,0.0,-100.0
ETH-USDT-SWAP,5m,1H,0.003,0.02,0.02,148.0,0.0,-100.0,2304,722,1582,31.337,100.0,0.647,-4.11,17526,0.0,-100.0,0.0,-100.0,0.0,-100.0
ETH-USDT-SWAP,5m,1H,0.003,0.02,0.025,148.0,0.0,-100.0,2304,725,1579,31.467,100.0,0.635,-4.11,17526,0.0,-100.0,0.0,-100.0,0.0,-100.0
ETH-USDT-SWAP,5m,1H,0.003,0.02,0.03,148.0,0.0,-100.0,2304,727,1577,31.554,100.0,0.629,-4.11,17526,0.0,-100.0,0.0,-100.0,0.0,-100.0
ETH-USDT-SWAP,5m,1H,0.003,0.03,0.005,148.0,0.0,-100.0,2304,619,1685,26.866,100.0,0.413,-4.11,17526,0.0,-100.0,0.0,-100.0,0.0,-100.0
ETH-USDT-SWAP,5m,1H,0.003,0.03,0.008,148.0,0.0,-100.0,2304,675,1629,29.297,100.0,0.536,-4.11,17526,0.0,-100.0,0.0,-100.0,0.0,-100.0
ETH-USDT-SWAP,5m,1H,0.003,0.03,0.01,148.0,0.0,-100.0,2304,697,1607,30.252,100.0,0.575,-4.11,17526,0.0,-100.0,0.0,-100.0,0.0,-100.0
ETH-USDT-SWAP,5m,1H,0.003,0.03,0.015,148.0,0.0,-100.0,2304,716,1588,31.076,100.0,0.58,-4.11,17526,0.0,-100.0,0.0,-100.0,0.0,-100.0
ETH-USDT-SWAP,5m,1H,0.003,0.03,0.02,148.0,0.0,-100.0,2304,719,1585,31.207,100.0,0.6,-4.11,17526,0.0,-100.0,0.0,-100.0,0.0,-100.0
ETH-USDT-SWAP,5m,1H,0.003,0.03,0.025,148.0,0.0,-100.0,2304,722,1582,31.337,100.0,0.592,-4.11,17526,0.0,-100.0,0.0,-100.0,0.0,-100.0
ETH-USDT-SWAP,5m,1H,0.003,0.03,0.03,148.0,0.0,-100.0,2304,724,1580,31.424,100.0,0.589,-4.11,17526,0.0,-100.0,0.0,-100.0,0.0,-100.0
ETH-USDT-SWAP,5m,1H,0.004,0.004,0.005,148.0,0.0,-100.0,1807,1051,756,58.163,100.0,0.458,-4.11,17526,1.24,-99.16,0.0,-99.96,0.0,-70.53
ETH-USDT-SWAP,5m,1H,0.004,0.004,0.008,148.0,0.002,-99.999,1807,1120,687,61.981,99.999,0.59,-4.11,17526,1.79,-98.79,0.0,-99.85,0.0,-37.42
ETH-USDT-SWAP,5m,1H,0.004,0.004,0.01,148.0,0.012,-99.992,1807,1144,663,63.309,99.993,0.6,-4.109,17526,1.9,-98.72,0.02,-99.15,0.01,-23.91
ETH-USDT-SWAP,5m,1H,0.004,0.004,0.015,148.0,0.177,-99.881,1807,1168,639,64.638,99.911,0.671,-4.105,17526,5.43,-96.33,0.14,-97.36,0.18,23.36
ETH-USDT-SWAP,5m,1H,0.004,0.004,0.02,148.0,0.323,-99.781,1807,1175,632,65.025,99.855,0.751,-4.101,17526,10.3,-93.04,0.29,-97.23,0.32,13.25
ETH-USDT-SWAP,5m,1H,0.004,0.004,0.025,148.0,1.502,-98.985,1807,1182,625,65.412,99.453,0.779,-4.068,17526,9.64,-93.49,1.08,-88.82,1.5,39.39
ETH-USDT-SWAP,5m,1H,0.004,0.004,0.03,148.0,1.123,-99.241,1807,1182,625,65.412,99.6,0.77,-4.078,17526,8.98,-93.94,0.79,-91.21,1.12,42.37
ETH-USDT-SWAP,5m,1H,0.004,0.006,0.005,148.0,0.0,-100.0,1807,761,1046,42.114,100.0,0.463,-4.11,17526,0.16,-99.9,0.0,-100.0,0.0,-98.01
ETH-USDT-SWAP,5m,1H,0.004,0.006,0.008,148.0,0.0,-100.0,1807,817,990,45.213,100.0,0.529,-4.11,17526,0.12,-99.92,0.0,-99.99,0.0,-96.76
ETH-USDT-SWAP,5m,1H,0.004,0.006,0.01,148.0,0.0,-100.0,1807,833,974,46.099,100.0,0.534,-4.11,17526,0.1,-99.94,0.0,-99.97,0.0,-95.84
ETH-USDT-SWAP,5m,1H,0.004,0.006,0.015,148.0,0.0,-100.0,1807,851,956,47.095,100.0,0.555,-4.11,17526,0.15,-99.9,0.0,-99.93,0.0,-94.9
ETH-USDT-SWAP,5m,1H,0.004,0.006,0.02,148.0,0.0,-100.0,1807,855,952,47.316,100.0,0.574,-4.11,17526,0.25,-99.83,0.0,-99.95,0.0,-96.31
ETH-USDT-SWAP,5m,1H,0.004,0.006,0.025,148.0,0.0,-100.0,1807,860,947,47.593,100.0,0.558,-4.11,17526,0.2,-99.86,0.0,-99.86,0.0,-95.89
ETH-USDT-SWAP,5m,1H,0.004,0.006,0.03,148.0,0.0,-100.0,1807,860,947,47.593,100.0,0.552,-4.11,17526,0.19,-99.87,0.0,-99.91,0.0,-96.31
ETH-USDT-SWAP,5m,1H,0.004,0.008,0.005,148.0,0.0,-100.0,1807,628,1179,34.754,100.0,0.411,-4.11,17526,0.06,-99.96,0.0,-100.0,0.0,-99.8
ETH-USDT-SWAP,5m,1H,0.004,0.008,0.008,148.0,0.0,-100.0,1807,673,1134,37.244,100.0,0.479,-4.11,17526,0.04,-99.97,0.0,-100.0,0.0,-99.71
ETH-USDT-SWAP,5m,1H,0.004,0.008,0.01,148.0,0.0,-100.0,1807,691,1116,38.24,100.0,0.519,-4.11,17526,0.03,-99.98,0.0,-100.0,0.0,-99.68
ETH-USDT-SWAP,5m,1H,0.004,0.008,0.015,148.0,0.0,-100.0,1807,706,1101,39.07,100.0,0.534,-4.11,17526,0.04,-99.97,0.0,-100.0,0.0,-99.78
ETH-USDT-SWAP,5m,1H,0.004,0.008,0.02,148.0,0.0,-100.0,1807,709,1098,39.236,100.0,0.545,-4.11,17526,0.05,-99.96,0.0,-100.0,0.0,-99.83
ETH-USDT-SWAP,5m,1H,0.004,0.008,0.025,148.0,0.0,-100.0,1807,715,1092,39.568,100.0,0.527,-4.11,17526,0.05,-99.96,0.0,-100.0,0.0,-99.84
ETH-USDT-SWAP,5m,1H,0.004,0.008,0.03,148.0,0.0,-100.0,1807,716,1091,39.624,100.0,0.521,-4.11,17526,0.05,-99.97,0.0,-100.0,0.0,-99.8
ETH-USDT-SWAP,5m,1H,0.004,0.01,0.005,148.0,0.0,-100.0,1807,569,1238,31.489,100.0,0.44,-4.11,17526,0.02,-99.98,0.0,-100.0,0.0,-99.92
ETH-USDT-SWAP,5m,1H,0.004,0.01,0.008,148.0,0.0,-100.0,1807,612,1195,33.868,100.0,0.505,-4.11,17526,0.02,-99.99,0.0,-100.0,0.0,-99.89
ETH-USDT-SWAP,5m,1H,0.004,0.01,0.01,148.0,0.0,-100.0,1807,628,1179,34.754,100.0,0.549,-4.11,17526,0.01,-99.99,0.0,-100.0,0.0,-99.88
ETH-USDT-SWAP,5m,1H,0.004,0.01,0.015,148.0,0.0,-100.0,1807,646,1161,35.75,100.0,0.563,-4.11,17526,0.02,-99.99,0.0,-100.0,0.0,-99.9
ETH-USDT-SWAP,5m,1H,0.004,0.01,0.02,148.0,0.0,-100.0,1807,649,1158,35.916,100.0,0.615,-4.11,17526,0.02,-99.98,0.0,-100.0,0.0,-99.93
ETH-USDT-SWAP,5m,1H,0.004,0.01,0.025,148.0,0.0,-100.0,1807,654,1153,36.193,100.0,0.597,-4.11,17526,0.02,-99.99,0.0,-100.0,0.0,-99.95
ETH-USDT-SWAP,5m,1H,0.004,0.01,0.03,148.0,0.0,-100.0,1807,656,1151,36.303,100.0,0.59,-4.11,17526,0.02,-99.99,0.0,-100.0,0.0,-99.91
ETH-USDT-SWAP,5m,1H,0.004,0.012,0.005,148.0,0.0,-100.0,1807,549,1258,30.382,100.0,0.429,-4.11,17526,0.02,-99.98,0.0,-100.0,0.0,-99.95
ETH-USDT-SWAP,5m,1H,0.004,0.012,0.008,148.0,0.0,-100.0,1807,592,1215,32.761,100.0,0.569,-4.11,17526,0.02,-99.99,0.0,-100.0,0.0,-99.94
ETH-USDT-SWAP,5m,1H,0.004,0.012,0.01,148.0,0.0,-100.0,1807,609,1198,33.702,100.0,0.619,-4.11,17526,0.02,-99.99,0.0,-100.0,0.0,-99.92
ETH-USDT-SWAP,5m,1H,0.004,0.012,0.015,148.0,0.0,-100.0,1807,625,1182,34.588,100.0,0.633,-4.11,17526,0.02,-99.99,0.0,-100.0,0.0,-99.95
ETH-USDT-SWAP,5m,1H,0.004,0.012,0.02,148.0,0.0,-100.0,1807,629,1178,34.809,100.0,0.687,-4.11,17526,0.03,-99.98,0.0,-100.0,0.0,-99.96
ETH-USDT-SWAP,5m,1H,0.004,0.012,0.025,148.0,0.0,-100.0,1807,634,1173,35.086,100.0,0.669,-4.11,17526,0.03,-99.98,0.0,-100.0,0.0,-99.97
ETH-USDT-SWAP,5m,1H,0.004,0.012,0.03,148.0,0.0,-100.0,1807,635,1172,35.141,100.0,0.663,-4.11,17526,0.02,-99.98,0.0,-100.0,0.0,-99.96
ETH-USDT-SWAP,5m,1H,0.004,0.015,0.005,148.0,0.0,-100.0,1807,533,1274,29.496,100.0,0.42,-4.11,17526,0.01,-99.99,0.0,-100.0,0.0,-99.97
ETH-USDT-SWAP,5m,1H,0.004,0.015,0.008,148.0,0.0,-100.0,1807,578,1229,31.987,100.0,0.597,-4.11,17526,0.01,-99.99,0.0,-100.0,0.0,-99.97
ETH-USDT-SWAP,5m,1H,0.004,0.015,0.01,148.0,0.0,-100.0,1807,593,1214,32.817,100.0,0.638,-4.11,17526,0.01,-99.99,0.0,-100.0,0.0,-99.96
ETH-USDT-SWAP,5m,1H,0.004,0.015,0.015,148.0,0.0,-100.0,1807,609,1198,33.702,100.0,0.648,-4.11,17526,0.01,-99.99,0.0,-100.0,0.0,-99.97
ETH-USDT-SWAP,5m,1H,0.004,0.015,0.02,148.0,0.0,-100.0,1807,612,1195,33.868,100.0,0.703,-4.11,17526,0.02,-99.99,0.0,-100.0,0.0,-99.98
ETH-USDT-SWAP,5m,1H,0.004,0.015,0.025,148.0,0.0,-100.0,1807,617,1190,34.145,100.0,0.686,-4.11,17526,0.02,-99.99,0.0,-100.0,0.0,-99.99
ETH-USDT-SWAP,5m,1H,0.004,0.015,0.03,148.0,0.0,-100.0,1807,618,1189,34.2,100.0,0.679,-4.11,17526,0.01,-99.99,0.0,-100.0,0.0,-99.98
ETH-USDT-SWAP,5m,1H,0.004,0.02,0.005,148.0,0.0,-100.0,1807,527,1280,29.164,100.0,0.38,-4.11,17526,0.01,-99.99,0.0,-100.0,0.0,-99.98
ETH-USDT-SWAP,5m,1H,0.004,0.02,0.008,148.0,0.0,-100.0,1807,571,1236,31.599,100.0,0.558,-4.11,17526,0.01,-99.99,0.0,-100.0,0.0,-99.97
ETH-USDT-SWAP,5m,1H,0.004,0.02,0.01,148.0,0.0,-100.0,1807,587,1220,32.485,100.0,0.599,-4.11,17526,0.01,-99.99,0.0,-100.0,0.0,-99.95
ETH-USDT-SWAP,5m,1H,0.004,0.02,0.015,148.0,0.0,-100.0,1807,604,1203,33.426,100.0,0.616,-4.11,17526,0.01,-99.99,0.0,-100.0,0.0,-99.97
ETH-USDT-SWAP,5m,1H,0.004,0.02,0.02,148.0,0.0,-100.0,1807,607,1200,33.592,100.0,0.686,-4.11,17526,0.02,-99.99,0.0,-100.0,0.0,-99.98
ETH-USDT-SWAP,5m,1H,0.004,0.02,0.025,148.0,0.0,-100.0,1807,611,1196,33.813,100.0,0.669,-4.11,17526,0.02,-99.99,0.0,-100.0,0.0,-99.99
ETH-USDT-SWAP,5m,1H,0.004,0.02,0.03,148.0,0.0,-100.0,1807,612,1195,33.868,100.0,0.663,-4.11,17526,0.01,-99.99,0.0,-100.0,0.0,-99.98
ETH-USDT-SWAP,5m,1H,0.004,0.03,0.005,148.0,0.0,-100.0,1807,525,1282,29.054,100.0,0.374,-4.11,17526,0.01,-99.99,0.0,-100.0,0.0,-99.98
ETH-USDT-SWAP,5m,1H,0.004,0.03,0.008,148.0,0.0,-100.0,1807,568,1239,31.433,100.0,0.524,-4.11,17526,0.01,-99.99,0.0,-100.0,0.0,-99.97
ETH-USDT-SWAP,5m,1H,0.004,0.03,0.01,148.0,0.0,-100.0,1807,585,1222,32.374,100.0,0.539,-4.11,17526,0.01,-100.0,0.0,-100.0,0.0,-99.96
ETH-USDT-SWAP,5m,1H,0.004,0.03,0.015,148.0,0.0,-100.0,1807,601,1206,33.26,100.0,0.556,-4.11,17526,0.01,-99.99,0.0,-100.0,0.0,-99.97
ETH-USDT-SWAP,5m,1H,0.004,0.03,0.02,148.0,0.0,-100.0,1807,604,1203,33.426,100.0,0.594,-4.11,17526,0.01,-99.99,0.0,-100.0,0.0,-99.98
ETH-USDT-SWAP,5m,1H,0.004,0.03,0.025,148.0,0.0,-100.0,1807,608,1199,33.647,100.0,0.579,-4.11,17526,0.01,-99.99,0.0,-100.0,0.0,-99.99
ETH-USDT-SWAP,5m,1H,0.004,0.03,0.03,148.0,0.0,-100.0,1807,609,1198,33.702,100.0,0.575,-4.11,17526,0.01,-99.99,0.0,-100.0,0.0,-99.98
ETH-USDT-SWAP,5m,1H,0.005,0.004,0.005,148.0,0.005,-99.997,1446,888,558,61.411,99.997,0.624,-4.109,17526,13.85,-90.64,0.02,-99.89,0.0,-68.12
ETH-USDT-SWAP,5m,1H,0.005,0.004,0.008,148.0,0.242,-99.836,1446,961,485,66.459,99.883,0.763,-4.103,17526,30.91,-79.11,0.27,-99.12,0.24,-10.81
ETH-USDT-SWAP,5m,1H,0.005,0.004,0.01,148.0,1.928,-98.697,1446,987,459,68.257,99.202,0.792,-4.056,17526,29.01,-80.4,1.72,-94.07,1.93,12.0
ETH-USDT-SWAP,5m,1H,0.005,0.004,0.015,148.0,14.092,-90.479,1446,1010,436,69.848,96.653,0.866,-3.718,17526,62.72,-57.62,8.13,-87.04,14.09,73.41
ETH-USDT-SWAP,5m,1H,0.005,0.004,0.02,148.0,35.494,-76.017,1446,1019,427,70.47,94.03,0.941,-3.124,17526,117.86,-20.36,25.62,-78.27,35.49,38.56
ETH-USDT-SWAP,5m,1H,0.005,0.004,0.025,148.0,111.063,-24.958,1446,1025,421,70.885,87.315,0.986,-1.026,17526,103.21,-30.26,64.59,-37.42,111.06,71.94
ETH-USDT-SWAP,5m,1H,0.005,0.004,0.03,148.0,143.266,-3.199,1446,1026,420,70.954,89.75,0.998,-0.131,17526,89.53,-39.51,68.27,-23.75,143.27,109.85
ETH-USDT-SWAP,5m,1H,0.005,0.006,0.005,148.0,0.0,-100.0,1446,668,778,46.196,100.0,0.592,-4.11,17526,1.8,-98.78,0.0,-99.98,0.0,-76.66
ETH-USDT-SWAP,5m,1H,0.005,0.006,0.008,148.0,0.001,-99.999,1446,721,725,49.862,99.999,0.682,-4.11,17526,2.07,-98.6,0.0,-99.9,0.0,-51.07
ETH-USDT-SWAP,5m,1H,0.005,0.006,0.01,148.0,0.008,-99.994,1446,744,702,51.452,99.995,0.681,-4.109,17526,1.5,-98.99,0.01,-99.2,0.01,-30.11
ETH-USDT-SWAP,5m,1H,0.005,0.006,0.015,148.0,0.032,-99.978,1446,761,685,52.628,99.984,0.738,-4.109,17526,3.18,-97.85,0.03,-99.06,0.03,7.84
ETH-USDT-SWAP,5m,1H,0.005,0.006,0.02,148.0,0.029,-99.98,1446,766,680,52.974,99.988,0.787,-4.109,17526,5.37,-96.37,0.04,-99.33,0.03,-19.04
ETH-USDT-SWAP,5m,1H,0.005,0.006,0.025,148.0,0.081,-99.945,1446,772,674,53.389,99.968,0.792,-4.107,17526,4.81,-96.75,0.08,-98.25,0.08,-4.15
ETH-USDT-SWAP,5m,1H,0.005,0.006,0.03,148.0,0.101,-99.932,1446,772,674,53.389,99.966,0.791,-4.107,17526,4.17,-97.18,0.08,-98.0,0.1,21.05
ETH-USDT-SWAP,5m,1H,0.005,0.008,0.005,148.0,0.0,-100.0,1446,551,895,38.105,100.0,0.547,-4.11,17526,0.73,-99.51,0.0,-100.0,0.0,-98.44
ETH-USDT-SWAP,5m,1H,0.005,0.008,0.008,148.0,0.0,-100.0,1446,599,847,41.425,100.0,0.589,-4.11,17526,0.56,-99.62,0.0,-100.0,0.0,-96.96
ETH-USDT-SWAP,5m,1H,0.005,0.008,0.01,148.0,0.0,-100.0,1446,616,830,42.6,100.0,0.572,-4.11,17526,0.39,-99.74,0.0,-99.98,0.0,-96.84
ETH-USDT-SWAP,5m,1H,0.005,0.008,0.015,148.0,0.0,-100.0,1446,627,819,43.361,100.0,0.616,-4.11,17526,0.69,-99.54,0.0,-99.99,0.0,-97.64
ETH-USDT-SWAP,5m,1H,0.005,0.008,0.02,148.0,0.0,-100.0,1446,630,816,43.568,100.0,0.631,-4.11,17526,0.75,-99.49,0.0,-99.99,0.0,-98.33
ETH-USDT-SWAP,5m,1H,0.005,0.008,0.025,148.0,0.0,-100.0,1446,637,809,44.053,100.0,0.621,-4.11,17526,0.83,-99.44,0.0,-99.96,0.0,-98.07
ETH-USDT-SWAP,5m,1H,0.005,0.008,0.03,148.0,0.0,-100.0,1446,637,809,44.053,100.0,0.607,-4.11,17526,0.67,-99.55,0.0,-99.97,0.0,-97.83
ETH-USDT-SWAP,5m,1H,0.005,0.01,0.005,148.0,0.0,-100.0,1446,503,943,34.786,100.0,0.481,-4.11,17526,0.25,-99.83,0.0,-100.0,0.0,-99.24
ETH-USDT-SWAP,5m,1H,0.005,0.01,0.008,148.0,0.0,-100.0,1446,550,896,38.036,100.0,0.57,-4.11,17526,0.19,-99.87,0.0,-100.0,0.0,-98.39
ETH-USDT-SWAP,5m,1H,0.005,0.01,0.01,148.0,0.0,-100.0,1446,568,878,39.281,100.0,0.549,-4.11,17526,0.13,-99.92,0.0,-100.0,0.0,-98.38
ETH-USDT-SWAP,5m,1H,0.005,0.01,0.015,148.0,0.0,-100.0,1446,582,864,40.249,100.0,0.622,-4.11,17526,0.21,-99.86,0.0,-100.0,0.0,-98.81
ETH-USDT-SWAP,5m,1H,0.005,0.01,0.02,148.0,0.0,-100.0,1446,585,861,40.456,100.0,0.637,-4.11,17526,0.24,-99.84,0.0,-100.0,0.0,-99.16
ETH-USDT-SWAP,5m,1H,0.005,0.01,0.025,148.0,0.0,-100.0,1446,592,854,40.941,100.0,0.625,-4.11,17526,0.27,-99.82,0.0,-100.0,0.0,-99.02
ETH-USDT-SWAP,5m,1H,0.005,0.01,0.03,148.0,0.0,-100.0,1446,592,854,40.941,100.0,0.612,-4.11,17526,0.22,-99.85,0.0,-100.0,0.0,-98.9
ETH-USDT-SWAP,5m,1H,0.005,0.012,0.005,148.0,0.0,-100.0,1446,489,957,33.817,100.0,0.519,-4.11,17526,0.21,-99.86,0.0,-100.0,0.0,-99.4
ETH-USDT-SWAP,5m,1H,0.005,0.012,0.008,148.0,0.0,-100.0,1446,534,912,36.929,100.0,0.626,-4.11,17526,0.18,-99.88,0.0,-100.0,0.0,-98.78
ETH-USDT-SWAP,5m,1H,0.005,0.012,0.01,148.0,0.0,-100.0,1446,551,895,38.105,100.0,0.608,-4.11,17526,0.12,-99.92,0.0,-100.0,0.0,-98.72
ETH-USDT-SWAP,5m,1H,0.005,0.012,0.015,148.0,0.0,-100.0,1446,563,883,38.935,100.0,0.679,-4.11,17526,0.21,-99.86,0.0,-100.0,0.0,-99.18
ETH-USDT-SWAP,5m,1H,0.005,0.012,0.02,148.0,0.0,-100.0,1446,566,880,39.142,100.0,0.694,-4.11,17526,0.24,-99.84,0.0,-100.0,0.0,-99.42
ETH-USDT-SWAP,5m,1H,0.005,0.012,0.025,148.0,0.0,-100.0,1446,572,874,39.557,100.0,0.683,-4.11,17526,0.26,-99.82,0.0,-100.0,0.0,-99.4
ETH-USDT-SWAP,5m,1H,0.005,0.012,0.03,148.0,0.0,-100.0,1446,572,874,39.557,100.0,0.67,-4.11,17526,0.21,-99.86,0.0,-100.0,0.0,-99.32
ETH-USDT-SWAP,5m,1H,0.005,0.015,0.005,148.0,0.0,-100.0,1446,475,971,32.849,100.0,0.545,-4.11,17526,0.2,-99.86,0.0,-100.0,0.0,-99.62
ETH-USDT-SWAP,5m,1H,0.005,0.015,0.008,148.0,0.0,-100.0,1446,520,926,35.961,100.0,0.648,-4.11,17526,0.17,-99.88,0.0,-100.0,0.0,-99.22
ETH-USDT-SWAP,5m,1H,0.005,0.015,0.01,148.0,0.0,-100.0,1446,536,910,37.068,100.0,0.632,-4.11,17526,0.11,-99.93,0.0,-100.0,0.0,-99.22
ETH-USDT-SWAP,5m,1H,0.005,0.015,0.015,148.0,0.0,-100.0,1446,548,898,37.898,100.0,0.697,-4.11,17526,0.16,-99.89,0.0,-100.0,0.0,-99.56
ETH-USDT-SWAP,5m,1H,0.005,0.015,0.02,148.0,0.0,-100.0,1446,550,896,38.036,100.0,0.709,-4.11,17526,0.17,-99.88,0.0,-100.0,0.0,-99.68
ETH-USDT-SWAP,5m,1H,0.005,0.015,0.025,148.0,0.0,-100.0,1446,556,890,38.451,100.0,0.698,-4.11,17526,0.19,-99.87,0.0,-100.0,0.0,-99.66
ETH-USDT-SWAP,5m,1H,0.005,0.015,0.03,148.0,0.0,-100.0,1446,556,890,38.451,100.0,0.687,-4.11,17526,0.16,-99.89,0.0,-100.0,0.0,-99.62
ETH-USDT-SWAP,5m,1H,0.005,0.02,0.005,148.0,0.0,-100.0,1446,471,975,32.573,100.0,0.541,-4.11,17526,0.22,-99.85,0.0,-100.0,0.0,-99.78
ETH-USDT-SWAP,5m,1H,0.005,0.02,0.008,148.0,0.0,-100.0,1446,517,929,35.754,100.0,0.66,-4.11,17526,0.2,-99.87,0.0,-100.0,0.0,-99.44
ETH-USDT-SWAP,5m,1H,0.005,0.02,0.01,148.0,0.0,-100.0,1446,533,913,36.86,100.0,0.642,-4.11,17526,0.12,-99.92,0.0,-100.0,0.0,-99.45
ETH-USDT-SWAP,5m,1H,0.005,0.02,0.015,148.0,0.0,-100.0,1446,545,901,37.69,100.0,0.717,-4.11,17526,0.19,-99.87,0.0,-100.0,0.0,-99.71
ETH-USDT-SWAP,5m,1H,0.005,0.02,0.02,148.0,0.0,-100.0,1446,547,899,37.828,100.0,0.729,-4.11,17526,0.21,-99.86,0.0,-100.0,0.0,-99.78
ETH-USDT-SWAP,5m,1H,0.005,0.02,0.025,148.0,0.0,-100.0,1446,552,894,38.174,100.0,0.718,-4.11,17526,0.23,-99.84,0.0,-100.0,0.0,-99.77
ETH-USDT-SWAP,5m,1H,0.005,0.02,0.03,148.0,0.0,-100.0,1446,552,894,38.174,100.0,0.707,-4.11,17526,0.19,-99.87,0.0,-100.0,0.0,-99.74
ETH-USDT-SWAP,5m,1H,0.005,0.03,0.005,148.0,0.0,-100.0,1446,471,975,32.573,100.0,0.542,-4.11,17526,0.24,-99.84,0.0,-100.0,0.0,-99.79
ETH-USDT-SWAP,5m,1H,0.005,0.03,0.008,148.0,0.0,-100.0,1446,515,931,35.615,100.0,0.588,-4.11,17526,0.14,-99.9,0.0,-100.0,0.0,-99.46
ETH-USDT-SWAP,5m,1H,0.005,0.03,0.01,148.0,0.0,-100.0,1446,530,916,36.653,100.0,0.569,-4.11,17526,0.09,-99.94,0.0,-100.0,0.0,-99.48
ETH-USDT-SWAP,5m,1H,0.005,0.03,0.015,148.0,0.0,-100.0,1446,542,904,37.483,100.0,0.665,-4.11,17526,0.15,-99.9,0.0,-100.0,0.0,-99.72
ETH-USDT-SWAP,5m,1H,0.005,0.03,0.02,148.0,0.0,-100.0,1446,544,902,37.621,100.0,0.677,-4.11,17526,0.16,-99.89,0.0,-100.0,0.0,-99.79
ETH-USDT-SWAP,5m,1H,0.005,0.03,0.025,148.0,0.0,-100.0,1446,549,897,37.967,100.0,0.667,-4.11,17526,0.18,-99.88,0.0,-100.0,0.0,-99.78
ETH-USDT-SWAP,5m,1H,0.005,0.03,0.03,148.0,0.0,-100.0,1446,549,897,37.967,100.0,0.655,-4.11,17526,0.15,-99.9,0.0,-100.0,0.0,-99.75
ETH-USDT-SWAP,5m,1H,0.007,0.004,0.005,148.0,0.549,-99.629,893,594,299,66.517,99.872,0.592,-4.094,17526,19.98,-86.5,0.29,-98.54,0.55,88.63
ETH-USDT-SWAP,5m,1H,0.007,0.004,0.008,148.0,10.082,-93.188,893,656,237,73.46,98.671,0.715,-3.83,17526,30.18,-79.61,3.86,-87.22,10.08,161.52
ETH-USDT-SWAP,5m,1H,0.007,0.004,0.01,148.0,10.365,-92.996,893,667,226,74.692,98.695,0.744,-3.822,17526,41.34,-72.07,3.54,-91.44,10.37,193.0
ETH-USDT-SWAP,5m,1H,0.007,0.004,0.015,148.0,71.683,-51.566,893,690,203,77.268,96.474,0.902,-2.119,17526,64.1,-56.69,16.84,-73.73,71.68,325.7
ETH-USDT-SWAP,5m,1H,0.007,0.004,0.02,148.0,184.536,24.686,893,699,194,78.275,90.377,1.034,1.015,17526,66.79,-54.87,43.18,-35.35,184.54,327.38
ETH-USDT-SWAP,5m,1H,0.007,0.004,0.025,148.0,214.81,45.142,893,702,191,78.611,88.765,1.061,1.855,17526,54.72,-63.03,56.23,2.76,214.81,281.99
ETH-USDT-SWAP,5m,1H,0.007,0.004,0.03,148.0,418.302,182.637,893,704,189,78.835,87.319,1.204,7.506,17526,46.62,-68.5,89.42,91.79,418.3,367.82
ETH-USDT-SWAP,5m,1H,0.007,0.006,0.005,148.0,0.414,-99.72,893,471,422,52.744,99.935,0.661,-4.098,17526,14.89,-89.94,0.13,-99.1,0.41,208.63
ETH-USDT-SWAP,5m,1H,0.007,0.006,0.008,148.0,7.029,-95.25,893,524,369,58.679,99.481,0.735,-3.914,17526,15.5,-89.53,1.36,-91.23,7.03,416.93
ETH-USDT-SWAP,5m,1H,0.007,0.006,0.01,148.0,7.245,-95.105,893,533,360,59.686,99.431,0.762,-3.908,17526,20.92,-85.87,1.37,-93.43,7.24,427.2
ETH-USDT-SWAP,5m,1H,0.007,0.006,0.015,148.0,39.384,-73.389,893,553,340,61.926,98.86,0.888,-3.016,17526,40.67,-72.52,5.79,-85.75,39.38,579.83
ETH-USDT-SWAP,5m,1H,0.007,0.006,0.02,148.0,129.862,-12.255,893,561,332,62.822,96.019,0.987,-0.504,17526,52.92,-64.24,19.01,-64.09,129.86,583.27
ETH-USDT-SWAP,5m,1H,0.007,0.006,0.025,148.0,156.32,5.621,893,564,329,63.158,94.27,1.006,0.231,17526,43.36,-70.7,25.6,-40.97,156.32,510.7
ETH-USDT-SWAP,5m,1H,0.007,0.006,0.03,148.0,297.531,101.034,893,566,327,63.382,92.63,1.085,4.152,17526,36.94,-75.04,39.78,7.69,297.53,647.92
ETH-USDT-SWAP,5m,1H,0.007,0.008,0.005,148.0,0.002,-99.998,893,373,520,41.769,99.999,0.576,-4.11,17526,2.98,-97.99,0.0,-99.85,0.0,-48.99
ETH-USDT-SWAP,5m,1H,0.007,0.008,0.008,148.0,0.025,-99.983,893,418,475,46.809,99.988,0.593,-4.109,17526,2.17,-98.54,0.03,-98.8,0.03,-1.94
ETH-USDT-SWAP,5m,1H,0.007,0.008,0.01,148.0,0.026,-99.983,893,426,467,47.704,99.989,0.624,-4.109,17526,2.52,-98.3,0.02,-99.02,0.03,3.49
ETH-USDT-SWAP,5m,1H,0.007,0.008,0.015,148.0,0.047,-99.968,893,440,453,49.272,99.984,0.741,-4.108,17526,5.02,-96.61,0.04,-99.19,0.05,14.98
ETH-USDT-SWAP,5m,1H,0.007,0.008,0.02,148.0,0.089,-99.94,893,446,447,49.944,99.968,0.736,-4.107,17526,5.97,-95.97,0.08,-98.66,0.09,10.66
ETH-USDT-SWAP,5m,1H,0.007,0.008,0.025,148.0,0.117,-99.921,893,449,444,50.28,99.954,0.729,-4.106,17526,5.12,-96.54,0.12,-97.67,0.12,-1.73
ETH-USDT-SWAP,5m,1H,0.007,0.008,0.03,148.0,0.173,-99.883,893,450,443,50.392,99.932,0.729,-4.105,17526,4.37,-97.05,0.14,-96.71,0.17,20.36
ETH-USDT-SWAP,5m,1H,0.007,0.01,0.005,148.0,0.0,-100.0,893,331,562,37.066,100.0,0.579,-4.11,17526,2.3,-98.45,0.0,-99.97,0.0,-90.35
ETH-USDT-SWAP,5m,1H,0.007,0.01,0.008,148.0,0.0,-100.0,893,372,521,41.657,100.0,0.587,-4.11,17526,1.41,-99.05,0.0,-99.84,0.0,-85.18
ETH-USDT-SWAP,5m,1H,0.007,0.01,0.01,148.0,0.0,-100.0,893,377,516,42.217,100.0,0.596,-4.11,17526,1.36,-99.08,0.0,-99.87,0.0,-88.91
ETH-USDT-SWAP,5m,1H,0.007,0.01,0.015,148.0,0.0,-100.0,893,387,506,43.337,100.0,0.699,-4.11,17526,2.49,-98.32,0.0,-99.93,0.0,-90.04
ETH-USDT-SWAP,5m,1H,0.007,0.01,0.02,148.0,0.0,-100.0,893,392,501,43.897,100.0,0.684,-4.11,17526,3.05,-97.94,0.0,-99.89,0.0,-90.88
ETH-USDT-SWAP,5m,1H,0.007,0.01,0.025,148.0,0.001,-100.0,893,396,497,44.345,100.0,0.677,-4.11,17526,2.64,-98.22,0.01,-99.75,0.0,-91.41
ETH-USDT-SWAP,5m,1H,0.007,0.01,0.03,148.0,0.001,-99.999,893,397,496,44.457,100.0,0.675,-4.11,17526,2.25,-98.48,0.01,-99.66,0.0,-90.21
ETH-USDT-SWAP,5m,1H,0.007,0.012,0.005,148.0,0.0,-100.0,893,309,584,34.602,100.0,0.533,-4.11,17526,1.24,-99.16,0.0,-99.99,0.0,-92.95
ETH-USDT-SWAP,5m,1H,0.007,0.012,0.008,148.0,0.0,-100.0,893,352,541,39.418,100.0,0.587,-4.11,17526,0.85,-99.42,0.0,-99.93,0.0,-88.93
ETH-USDT-SWAP,5m,1H,0.007,0.012,0.01,148.0,0.0,-100.0,893,359,534,40.202,100.0,0.591,-4.11,17526,0.78,-99.47,0.0,-99.93,0.0,-91.9
ETH-USDT-SWAP,5m,1H,0.007,0.012,0.015,148.0,0.0,-100.0,893,369,524,41.321,100.0,0.688,-4.11,17526,1.3,-99.12,0.0,-99.96,0.0,-92.59
ETH-USDT-SWAP,5m,1H,0.007,0.012,0.02,148.0,0.0,-100.0,893,373,520,41.769,100.0,0.672,-4.11,17526,1.63,-98.9,0.0,-99.93,0.0,-95.11
ETH-USDT-SWAP,5m,1H,0.007,0.012,0.025,148.0,0.0,-100.0,893,378,515,42.329,100.0,0.665,-4.11,17526,1.4,-99.05,0.0,-99.83,0.0,-93.5
ETH-USDT-SWAP,5m,1H,0.007,0.012,0.03,148.0,0.0,-100.0,893,379,514,42.441,100.0,0.662,-4.11,17526,1.19,-99.19,0.0,-99.76,0.0,-92.59
ETH-USDT-SWAP,5m,1H,0.007,0.015,0.005,148.0,0.0,-100.0,893,302,591,33.819,100.0,0.563,-4.11,17526,1.44,-99.03,0.0,-99.99,0.0,-93.04
ETH-USDT-SWAP,5m,1H,0.007,0.015,0.008,148.0,0.0,-100.0,893,344,549,38.522,100.0,0.633,-4.11,17526,1.07,-99.28,0.0,-99.96,0.0,-89.0
ETH-USDT-SWAP,5m,1H,0.007,0.015,0.01,148.0,0.0,-100.0,893,351,542,39.306,100.0,0.634,-4.11,17526,0.91,-99.38,0.0,-99.96,0.0,-92.13
ETH-USDT-SWAP,5m,1H,0.007,0.015,0.015,148.0,0.0,-100.0,893,359,534,40.202,100.0,0.731,-4.11,17526,1.56,-98.95,0.0,-99.98,0.0,-93.99
ETH-USDT-SWAP,5m,1H,0.007,0.015,0.02,148.0,0.0,-100.0,893,363,530,40.649,100.0,0.716,-4.11,17526,1.95,-98.68,0.0,-99.97,0.0,-96.04
ETH-USDT-SWAP,5m,1H,0.007,0.015,0.025,148.0,0.0,-100.0,893,367,526,41.097,100.0,0.709,-4.11,17526,1.68,-98.86,0.0,-99.94,0.0,-95.33
ETH-USDT-SWAP,5m,1H,0.007,0.015,0.03,148.0,0.0,-100.0,893,367,526,41.097,100.0,0.706,-4.11,17526,1.43,-99.03,0.0,-99.94,0.0,-94.67
ETH-USDT-SWAP,5m,1H,0.007,0.02,0.005,148.0,0.0,-100.0,893,299,594,33.483,100.0,0.633,-4.11,17526,2.12,-98.57,0.0,-99.99,0.0,-94.19
ETH-USDT-SWAP,5m,1H,0.007,0.02,0.008,148.0,0.0,-100.0,893,339,554,37.962,100.0,0.694,-4.11,17526,1.61,-98.91,0.0,-99.98,0.0,-91.24
ETH-USDT-SWAP,5m,1H,0.007,0.02,0.01,148.0,0.0,-100.0,893,346,547,38.746,100.0,0.695,-4.11,17526,1.37,-99.07,0.0,-99.97,0.0,-93.87
ETH-USDT-SWAP,5m,1H,0.007,0.02,0.015,148.0,0.0,-100.0,893,353,540,39.53,100.0,0.789,-4.11,17526,2.44,-98.35,0.0,-99.99,0.0,-95.59
ETH-USDT-SWAP,5m,1H,0.007,0.02,0.02,148.0,0.0,-100.0,893,357,536,39.978,100.0,0.776,-4.11,17526,3.05,-97.94,0.0,-99.99,0.0,-96.91
ETH-USDT-SWAP,5m,1H,0.007,0.02,0.025,148.0,0.0,-100.0,893,360,533,40.314,100.0,0.77,-4.11,17526,2.63,-98.22,0.0,-99.96,0.0,-96.35
ETH-USDT-SWAP,5m,1H,0.007,0.02,0.03,148.0,0.0,-100.0,893,360,533,40.314,100.0,0.767,-4.11,17526,2.24,-98.49,0.0,-99.97,0.0,-95.84
ETH-USDT-SWAP,5m,1H,0.007,0.03,0.005,148.0,0.0,-100.0,893,296,597,33.147,100.0,0.588,-4.11,17526,1.81,-98.78,0.0,-99.99,0.0,-94.5
ETH-USDT-SWAP,5m,1H,0.007,0.03,0.008,148.0,0.0,-100.0,893,335,558,37.514,100.0,0.666,-4.11,17526,1.43,-99.03,0.0,-99.98,0.0,-91.46
ETH-USDT-SWAP,5m,1H,0.007,0.03,0.01,148.0,0.0,-100.0,893,342,551,38.298,100.0,0.664,-4.11,17526,1.19,-99.19,0.0,-99.98,0.0,-94.03
ETH-USDT-SWAP,5m,1H,0.007,0.03,0.015,148.0,0.0,-100.0,893,348,545,38.97,100.0,0.783,-4.11,17526,2.42,-98.37,0.0,-100.0,0.0,-95.7
ETH-USDT-SWAP,5m,1H,0.007,0.03,0.02,148.0,0.0,-100.0,893,353,540,39.53,100.0,0.77,-4.11,17526,3.02,-97.96,0.0,-99.99,0.0,-96.99
ETH-USDT-SWAP,5m,1H,0.007,0.03,0.025,148.0,0.0,-100.0,893,356,537,39.866,100.0,0.764,-4.11,17526,2.61,-98.24,0.0,-99.98,0.0,-96.45
ETH-USDT-SWAP,5m,1H,0.007,0.03,0.03,148.0,0.0,-100.0,893,356,537,39.866,100.0,0.761,-4.11,17526,2.22,-98.5,0.0,-99.98,0.0,-95.95
ETH-USDT-SWAP,5m,1H,0.01,0.004,0.005,148.0,7.256,-95.097,502,346,156,68.924,95.792,0.663,-3.908,17526,52.7,-64.39,9.63,-81.73,7.26,-24.65
ETH-USDT-SWAP,5m,1H,0.01,0.004,0.008,148.0,80.818,-45.394,502,391,111,77.888,69.676,0.921,-1.865,17526,140.83,-4.84,74.88,-46.83,80.82,7.93
ETH-USDT-SWAP,5m,1H,0.01,0.004,0.01,148.0,137.265,-7.253,502,401,101,79.88,61.563,0.99,-0.298,17526,199.41,34.74,116.96,-41.35,137.27,17.36
ETH-USDT-SWAP,5m,1H,0.01,0.004,0.015,148.0,721.209,387.303,502,420,82,83.665,51.767,1.211,15.917,17526,320.13,116.3,431.78,34.88,721.21,67.03
ETH-USDT-SWAP,5m,1H,0.01,0.004,0.02,148.0,2103.405,1321.22,502,428,74,85.259,59.465,1.445,54.297,17526,297.97,101.33,944.39,216.94,2103.4,122.73
ETH-USDT-SWAP,5m,1H,0.01,0.004,0.025,148.0,4594.3,3004.257,502,432,70,86.056,53.57,1.669,123.463,17526,278.87,88.42,1685.88,504.54,4594.3,172.52
ETH-USDT-SWAP,5m,1H,0.01,0.004,0.03,148.0,10123.854,6740.442,502,435,67,86.653,41.17,1.758,277.004,17526,259.77,75.52,3989.33,1435.73,10123.85,153.77
ETH-USDT-SWAP,5m,1H,0.01,0.006,0.005,148.0,24.075,-83.733,502,288,214,57.371,88.653,0.798,-3.441,17526,43.47,-70.63,20.53,-52.77,24.07,17.27
ETH-USDT-SWAP,5m,1H,0.01,0.006,0.008,148.0,125.701,-15.067,502,321,181,63.944,71.447,0.981,-0.619,17526,72.23,-51.2,91.32,26.44,125.7,37.65
ETH-USDT-SWAP,5m,1H,0.01,0.006,0.01,148.0,159.681,7.892,502,328,174,65.339,69.249,1.008,0.324,17526,89.11,-39.79,110.98,24.54,159.68,43.88
ETH-USDT-SWAP,5m,1H,0.01,0.006,0.015,148.0,603.025,307.45,502,345,157,68.725,70.071,1.12,12.635,17526,122.33,-17.34,401.44,228.15,603.03,50.21
ETH-USDT-SWAP,5m,1H,0.01,0.006,0.02,148.0,1517.139,925.094,502,352,150,70.12,74.813,1.19,38.018,17526,109.52,-26.0,882.74,705.99,1517.14,71.87
ETH-USDT-SWAP,5m,1H,0.01,0.006,0.025,148.0,2233.412,1409.062,502,354,148,70.518,70.585,1.252,57.907,17526,95.91,-35.2,1235.24,1187.97,2233.41,80.81
ETH-USDT-SWAP,5m,1H,0.01,0.006,0.03,148.0,7217.422,4776.637,502,357,145,71.116,60.964,1.296,196.3,17526,91.37,-38.27,4172.42,4466.66,7217.42,72.98
ETH-USDT-SWAP,5m,1H,0.01,0.008,0.005,148.0,7.79,-94.737,502,243,259,48.406,96.537,0.75,-3.893,17526,24.69,-83.32,8.11,-67.14,7.79,-3.97
ETH-USDT-SWAP,5m,1H,0.01,0.008,0.008,148.0,20.33,-86.263,502,269,233,53.586,92.593,0.829,-3.545,17526,29.95,-79.76,19.97,-33.33,20.33,1.79
ETH-USDT-SWAP,5m,1H,0.01,0.008,0.01,148.0,23.644,-84.024,502,276,226,54.98,91.928,0.853,-3.453,17526,37.95,-74.36,23.57,-37.9,23.64,0.33
ETH-USDT-SWAP,5m,1H,0.01,0.008,0.015,148.0,37.156,-74.895,502,288,214,57.371,87.398,0.928,-3.078,17526,63.75,-56.93,50.4,-20.94,37.16,-26.28
ETH-USDT-SWAP,5m,1H,0.01,0.008,0.02,148.0,70.842,-52.134,502,295,207,58.765,89.022,0.96,-2.142,17526,53.62,-63.77,91.67,70.96,70.84,-22.72
ETH-USDT-SWAP,5m,1H,0.01,0.008,0.025,148.0,72.191,-51.223,502,296,206,58.964,89.629,0.953,-2.105,17526,43.93,-70.31,84.08,91.37,72.19,-14.14
ETH-USDT-SWAP,5m,1H,0.01,0.008,0.03,148.0,221.639,49.756,502,299,203,59.562,86.937,1.024,2.045,17526,38.98,-73.66,269.82,592.26,221.64,-17.86
ETH-USDT-SWAP,5m,1H,0.01,0.01,0.005,148.0,1.699,-98.852,502,219,283,43.625,99.243,0.701,-4.062,17526,14.53,-90.18,3.36,-76.86,1.7,-49.46
ETH-USDT-SWAP,5m,1H,0.01,0.01,0.008,148.0,3.637,-97.543,502,243,259,48.406,98.35,0.769,-4.009,17526,19.45,-86.86,7.05,-63.78,3.64,-48.38
ETH-USDT-SWAP,5m,1H,0.01,0.01,0.01,148.0,4.396,-97.03,502,250,252,49.801,98.262,0.796,-3.988,17526,25.25,-82.94,8.87,-64.87,4.4,-50.45
ETH-USDT-SWAP,5m,1H,0.01,0.01,0.015,148.0,7.072,-95.222,502,261,241,51.992,97.926,0.886,-3.913,17526,48.28,-67.38,18.42,-61.85,7.07,-61.6
ETH-USDT-SWAP,5m,1H,0.01,0.01,0.02,148.0,12.746,-91.388,502,268,234,53.386,96.021,0.899,-3.756,17526,40.61,-72.56,31.08,-23.46,12.75,-58.99
ETH-USDT-SWAP,5m,1H,0.01,0.01,0.025,148.0,8.992,-93.924,502,268,234,53.386,97.0,0.871,-3.86,17526,33.27,-77.52,19.73,-40.69,8.99,-54.43
ETH-USDT-SWAP,5m,1H,0.01,0.01,0.03,148.0,26.38,-82.175,502,271,231,53.984,91.393,0.922,-3.377,17526,29.52,-80.06,60.51,105.02,26.38,-56.41
ETH-USDT-SWAP,5m,1H,0.01,0.012,0.005,148.0,0.249,-99.832,502,199,303,39.641,99.855,0.579,-4.103,17526,8.2,-94.46,0.87,-89.39,0.25,-71.34
ETH-USDT-SWAP,5m,1H,0.01,0.012,0.008,148.0,0.346,-99.766,502,221,281,44.024,99.827,0.672,-4.1,17526,9.79,-93.39,1.49,-84.75,0.35,-76.82
ETH-USDT-SWAP,5m,1H,0.01,0.012,0.01,148.0,0.236,-99.841,502,225,277,44.821,99.899,0.694,-4.103,17526,12.37,-91.64,1.01,-91.82,0.24,-76.73
ETH-USDT-SWAP,5m,1H,0.01,0.012,0.015,148.0,0.191,-99.871,502,232,270,46.215,99.926,0.733,-4.104,17526,18.61,-87.43,1.22,-93.46,0.19,-84.29
ETH-USDT-SWAP,5m,1H,0.01,0.012,0.02,148.0,0.504,-99.659,502,240,262,47.809,99.791,0.739,-4.096,17526,15.99,-89.2,2.83,-82.27,0.5,-82.2
ETH-USDT-SWAP,5m,1H,0.01,0.012,0.025,148.0,0.462,-99.688,502,241,261,48.008,99.796,0.721,-4.097,17526,13.1,-91.15,2.34,-82.17,0.46,-80.23
ETH-USDT-SWAP,5m,1H,0.01,0.012,0.03,148.0,1.431,-99.033,502,244,258,48.606,99.381,0.759,-4.07,17526,11.62,-92.15,7.57,-34.9,1.43,-81.08
ETH-USDT-SWAP,5m,1H,0.01,0.015,0.005,148.0,0.047,-99.968,502,187,315,37.251,99.971,0.463,-4.108,17526,5.33,-96.4,0.19,-96.44,0.05,-75.21
ETH-USDT-SWAP,5m,1H,0.01,0.015,0.008,148.0,0.072,-99.951,502,210,292,41.833,99.955,0.568,-4.108,17526,6.21,-95.81,0.46,-92.66,0.07,-84.18
ETH-USDT-SWAP,5m,1H,0.01,0.015,0.01,148.0,0.04,-99.973,502,213,289,42.43,99.978,0.605,-4.108,17526,7.97,-94.61,0.26,-96.78,0.04,-84.4
ETH-USDT-SWAP,5m,1H,0.01,0.015,0.015,148.0,0.027,-99.982,502,219,283,43.625,99.986,0.624,-4.109,17526,8.38,-94.34,0.23,-97.3,0.03,-88.11
ETH-USDT-SWAP,5m,1H,0.01,0.015,0.02,148.0,0.085,-99.943,502,227,275,45.219,99.954,0.634,-4.107,17526,9.37,-93.67,0.61,-93.45,0.08,-86.2
ETH-USDT-SWAP,5m,1H,0.01,0.015,0.025,148.0,0.073,-99.951,502,228,274,45.418,99.958,0.617,-4.108,17526,7.68,-94.81,0.47,-93.84,0.07,-84.66
ETH-USDT-SWAP,5m,1H,0.01,0.015,0.03,148.0,0.163,-99.89,502,230,272,45.817,99.908,0.646,-4.105,17526,6.81,-95.4,1.11,-83.66,0.16,-85.33
ETH-USDT-SWAP,5m,1H,0.01,0.02,0.005,148.0,0.035,-99.976,502,182,320,36.255,99.978,0.51,-4.109,17526,6.22,-95.79,0.14,-97.71,0.03,-75.57
ETH-USDT-SWAP,5m,1H,0.01,0.02,0.008,148.0,0.04,-99.973,502,204,298,40.637,99.975,0.596,-4.108,17526,6.6,-95.54,0.25,-96.14,0.04,-84.4
ETH-USDT-SWAP,5m,1H,0.01,0.02,0.01,148.0,0.02,-99.986,502,206,296,41.036,99.99,0.647,-4.109,17526,8.85,-94.02,0.15,-98.3,0.02,-86.63
ETH-USDT-SWAP,5m,1H,0.01,0.02,0.015,148.0,0.01,-99.994,502,211,291,42.032,99.996,0.663,-4.109,17526,9.31,-93.71,0.09,-98.99,0.01,-89.81
ETH-USDT-SWAP,5m,1H,0.01,0.02,0.02,148.0,0.034,-99.977,502,219,283,43.625,99.984,0.667,-4.109,17526,10.4,-92.97,0.32,-96.92,0.03,-89.46
ETH-USDT-SWAP,5m,1H,0.01,0.02,0.025,148.0,0.032,-99.979,502,220,282,43.825,99.984,0.651,-4.109,17526,8.52,-94.24,0.27,-96.84,0.03,-88.28
ETH-USDT-SWAP,5m,1H,0.01,0.02,0.03,148.0,0.03,-99.979,502,220,282,43.825,99.985,0.656,-4.109,17526,7.56,-94.89,0.27,-96.42,0.03,-88.79
ETH-USDT-SWAP,5m,1H,0.01,0.03,0.005,148.0,0.014,-99.99,502,178,324,35.458,99.991,0.446,-4.109,17526,5.13,-96.53,0.06,-98.86,0.01,-76.04
ETH-USDT-SWAP,5m,1H,0.01,0.03,0.008,148.0,0.014,-99.991,502,200,302,39.841,99.991,0.539,-4.109,17526,5.57,-96.23,0.09,-98.39,0.01,-84.7
ETH-USDT-SWAP,5m,1H,0.01,0.03,0.01,148.0,0.009,-99.994,502,202,300,40.239,99.996,0.624,-4.109,17526,8.11,-94.52,0.07,-99.19,0.01,-86.89
ETH-USDT-SWAP,5m,1H,0.01,0.03,0.015,148.0,0.004,-99.997,502,207,295,41.235,99.998,0.641,-4.109,17526,8.53,-94.24,0.04,-99.52,0.0,-90.0
ETH-USDT-SWAP,5m,1H,0.01,0.03,0.02,148.0,0.011,-99.993,502,214,288,42.629,99.995,0.641,-4.109,17526,9.53,-93.56,0.1,-98.91,0.01,-89.66
ETH-USDT-SWAP,5m,1H,0.01,0.03,0.025,148.0,0.013,-99.992,502,215,287,42.829,99.994,0.627,-4.109,17526,7.81,-94.72,0.11,-98.6,0.01,-88.51
ETH-USDT-SWAP,5m,1H,0.01,0.03,0.03,148.0,0.012,-99.992,502,215,287,42.829,99.994,0.631,-4.109,17526,6.93,-95.32,0.11,-98.42,0.01,-89.01
ETH-USDT-SWAP,15m,2H,0.001,0.004,0.005,148.0,0.0,-100.0,2211,1332,879,60.244,100.0,0.477,-4.11,8764,0.24,-99.84,0.0,-100.0,0.0,-99.83
ETH-USDT-SWAP,15m,2H,0.001,0.004,0.008,148.0,0.0,-100.0,2211,1465,746,66.26,100.0,0.591,-4.11,8764,1.36,-99.08,0.0,-99.97,0.0,-99.7
ETH-USDT-SWAP,15m,2H,0.001,0.004,0.01,148.0,0.0,-100.0,2211,1520,691,68.747,100.0,0.672,-4.11,8764,3.08,-97.92,0.01,-99.55,0.0,-99.48
ETH-USDT-SWAP,15m,2H,0.001,0.004,0.015,148.0,0.009,-99.994,2211,1573,638,71.144,99.996,0.786,-4.109,8764,20.67,-86.03,0.3,-98.53,0.01,-97.16
ETH-USDT-SWAP,15m,2H,0.001,0.004,0.02,148.0,0.046,-99.969,2211,1588,623,71.823,99.978,0.782,-4.108,8764,20.03,-86.47,1.24,-93.8,0.05,-96.27
ETH-USDT-SWAP,15m,2H,0.001,0.004,0.025,148.0,0.218,-99.853,2211,1595,616,72.139,99.896,0.829,-4.104,8764,24.52,-83.43,4.92,-79.95,0.22,-95.57
ETH-USDT-SWAP,15m,2H,0.001,0.004,0.03,148.0,0.179,-99.879,2211,1597,614,72.23,99.915,0.829,-4.105,8764,25.73,-82.61,3.79,-85.29,0.18,-95.27
ETH-USDT-SWAP,15m,2H,0.001,0.006,0.005,148.0,0.0,-100.0,2211,978,1233,44.233,100.0,0.456,-4.11,8764,0.01,-99.99,0.0,-100.0,0.0,-99.98
ETH-USDT-SWAP,15m,2H,0.001,0.006,0.008,148.0,0.0,-100.0,2211,1098,1113,49.661,100.0,0.566,-4.11,8764,0.05,-99.97,0.0,-100.0,0.0,-99.98
ETH-USDT-SWAP,15m,2H,0.001,0.006,0.01,148.0,0.0,-100.0,2211,1148,1063,51.922,100.0,0.627,-4.11,8764,0.14,-99.91,0.0,-100.0,0.0,-99.98
ETH-USDT-SWAP,15m,2H,0.001,0.006,0.015,148.0,0.0,-100.0,2211,1201,1010,54.319,100.0,0.708,-4.11,8764,0.7,-99.52,0.0,-99.99,0.0,-99.88
ETH-USDT-SWAP,15m,2H,0.001,0.006,0.02,148.0,0.0,-100.0,2211,1211,1000,54.772,100.0,0.683,-4.11,8764,0.55,-99.63,0.0,-99.98,0.0,-99.91
ETH-USDT-SWAP,15m,2H,0.001,0.006,0.025,148.0,0.0,-100.0,2211,1217,994,55.043,100.0,0.708,-4.11,8764,0.7,-99.53,0.0,-99.96,0.0,-99.88
ETH-USDT-SWAP,15m,2H,0.001,0.006,0.03,148.0,0.0,-100.0,2211,1218,993,55.088,100.0,0.716,-4.11,8764,0.69,-99.54,0.0,-99.97,0.0,-99.9
ETH-USDT-SWAP,15m,2H,0.001,0.008,0.005,148.0,0.0,-100.0,2211,815,1396,36.861,100.0,0.407,-4.11,8764,0.0,-100.0,0.0,-100.0,0.0,-99.99
ETH-USDT-SWAP,15m,2H,0.001,0.008,0.008,148.0,0.0,-100.0,2211,928,1283,41.972,100.0,0.533,-4.11,8764,0.0,-100.0,0.0,-100.0,0.0,-99.99
ETH-USDT-SWAP,15m,2H,0.001,0.008,0.01,148.0,0.0,-100.0,2211,971,1240,43.917,100.0,0.562,-4.11,8764,0.01,-99.99,0.0,-100.0,0.0,-99.99
ETH-USDT-SWAP,15m,2H,0.001,0.008,0.015,148.0,0.0,-100.0,2211,1016,1195,45.952,100.0,0.622,-4.11,8764,0.03,-99.98,0.0,-100.0,0.0,-99.97
ETH-USDT-SWAP,15m,2H,0.001,0.008,0.02,148.0,0.0,-100.0,2211,1024,1187,46.314,100.0,0.601,-4.11,8764,0.03,-99.98,0.0,-100.0,0.0,-99.98
ETH-USDT-SWAP,15m,2H,0.001,0.008,0.025,148.0,0.0,-100.0,2211,1030,1181,46.585,100.0,0.616,-4.11,8764,0.03,-99.98,0.0,-100.0,0.0,-99.98
ETH-USDT-SWAP,15m,2H,0.001,0.008,0.03,148.0,0.0,-100.0,2211,1031,1180,46.63,100.0,0.619,-4.11,8764,0.03,-99.98,0.0,-100.0,0.0,-99.97
ETH-USDT-SWAP,15m,2H,0.001,0.01,0.005,148.0,0.0,-100.0,2211,718,1493,32.474,100.0,0.426,-4.11,8764,0.0,-100.0,0.0,-100.0,0.0,-100.0
ETH-USDT-SWAP,15m,2H,0.001,0.01,0.008,148.0,0.0,-100.0,2211,822,1389,37.178,100.0,0.557,-4.11,8764,0.0,-100.0,0.0,-100.0,0.0,-100.0
ETH-USDT-SWAP,15m,2H,0.001,0.01,0.01,148.0,0.0,-100.0,2211,864,1347,39.077,100.0,0.583,-4.11,8764,0.0,-100.0,0.0,-100.0,0.0,-100.0
ETH-USDT-SWAP,15m,2H,0.001,0.01,0.015,148.0,0.0,-100.0,2211,904,1307,40.886,100.0,0.638,-4.11,8764,0.01,-100.0,0.0,-100.0,0.0,-100.0
ETH-USDT-SWAP,15m,2H,0.001,0.01,0.02,148.0,0.0,-100.0,2211,914,1297,41.339,100.0,0.618,-4.11,8764,0.0,-100.0,0.0,-100.0,0.0,-100.0
ETH-USDT-SWAP,15m,2H,0.001,0.01,0.025,148.0,0.0,-100.0,2211,918,1293,41.52,100.0,0.612,-4.11,8764,0.0,-100.0,0.0,-100.0,0.0,-100.0
ETH-USDT-SWAP,15m,2H,0.001,0.01,0.03,148.0,0.0,-100.0,2211,919,1292,41.565,100.0,0.612,-4.11,8764,0.0,-100.0,0.0,-100.0,0.0,-100.0
ETH-USDT-SWAP,15m,2H,0.001,0.012,0.005,148.0,0.0,-100.0,2211,665,1546,30.077,100.0,0.468,-4.11,8764,0.0,-100.0,0.0,-100.0,0.0,-100.0
ETH-USDT-SWAP,15m,2H,0.001,0.012,0.008,148.0,0.0,-100.0,2211,766,1445,34.645,100.0,0.533,-4.11,8764,0.0,-100.0,0.0,-100.0,0.0,-100.0
ETH-USDT-SWAP,15m,2H,0.001,0.012,0.01,148.0,0.0,-100.0,2211,810,1401,36.635,100.0,0.603,-4.11,8764,0.0,-100.0,0.0,-100.0,0.0,-100.0
ETH-USDT-SWAP,15m,2H,0.001,0.012,0.015,148.0,0.0,-100.0,2211,844,1367,38.173,100.0,0.656,-4.11,8764,0.0,-100.0,0.0,-100.0,0.0,-100.0
ETH-USDT-SWAP,15m,2H,0.001,0.012,0.02,148.0,0.0,-100.0,2211,852,1359,38.535,100.0,0.635,-4.11,8764,0.0,-100.0,0.0,-100.0,0.0,-100.0
ETH-USDT-SWAP,15m,2H,0.001,0.012,0.025,148.0,0.0,-100.0,2211,856,1355,38.716,100.0,0.626,-4.11,8764,0.0,-100.0,0.0,-100.0,0.0,-100.0
ETH-USDT-SWAP,15m,2H,0.001,0.012,0.03,148.0,0.0,-100.0,2211,857,1354,38.761,100.0,0.623,-4.11,8764,0.0,-100.0,0.0,-100.0,0.0,-100.0
ETH-USDT-SWAP,15m,2H,0.001,0.015,0.005,148.0,0.0,-100.0,2211,640,1571,28.946,100.0,0.401,-4.11,8764,0.0,-100.0,0.0,-100.0,0.0,-100.0
ETH-USDT-SWAP,15m,2H,0.001,0.015,0.008,148.0,0.0,-100.0,2211,738,1473,33.379,100.0,0.551,-4.11,8764,0.0,-100.0,0.0,-100.0,0.0,-100.0
ETH-USDT-SWAP,15m,2H,0.001,0.015,0.01,148.0,0.0,-100.0,2211,777,1434,35.142,100.0,0.622,-4.11,8764,0.0,-100.0,0.0,-100.0,0.0,-100.0
ETH-USDT-SWAP,15m,2H,0.001,0.015,0.015,148.0,0.0,-100.0,2211,807,1404,36.499,100.0,0.68,-4.11,8764,0.0,-100.0,0.0,-100.0,0.0,-100.0
ETH-USDT-SWAP,15m,2H,0.001,0.015,0.02,148.0,0.0,-100.0,2211,814,1397,36.816,100.0,0.658,-4.11,8764,0.0,-100.0,0.0,-100.0,0.0,-100.0
ETH-USDT-SWAP,15m,2H,0.001,0.015,0.025,148.0,0.0,-100.0,2211,819,1392,37.042,100.0,0.648,-4.11,8764,0.0,-100.0,0.0,-100.0,0.0,-100.0
ETH-USDT-SWAP,15m,2H,0.001,0.015,0.03,148.0,0.0,-100.0,2211,820,1391,37.087,100.0,0.643,-4.11,8764,0.0,-100.0,0.0,-100.0,0.0,-100.0
ETH-USDT-SWAP,15m,2H,0.001,0.02,0.005,148.0,0.0,-100.0,2211,621,1590,28.087,100.0,0.394,-4.11,8764,0.0,-100.0,0.0,-100.0,0.0,-100.0
ETH-USDT-SWAP,15m,2H,0.001,0.02,0.008,148.0,0.0,-100.0,2211,716,1495,32.384,100.0,0.509,-4.11,8764,0.0,-100.0,0.0,-100.0,0.0,-100.0
ETH-USDT-SWAP,15m,2H,0.001,0.02,0.01,148.0,0.0,-100.0,2211,754,1457,34.102,100.0,0.582,-4.11,8764,0.0,-100.0,0.0,-100.0,0.0,-100.0
ETH-USDT-SWAP,15m,2H,0.001,0.02,0.015,148.0,0.0,-100.0,2211,783,1428,35.414,100.0,0.617,-4.11,8764,0.0,-100.0,0.0,-100.0,0.0,-100.0
ETH-USDT-SWAP,15m,2H,0.001,0.02,0.02,148.0,0.0,-100.0,2211,790,1421,35.73,100.0,0.624,-4.11,8764,0.0,-100.0,0.0,-100.0,0.0,-100.0
ETH-USDT-SWAP,15m,2H,0.001,0.02,0.025,148.0,0.0,-100.0,2211,795,1416,35.957,100.0,0.619,-4.11,8764,0.0,-100.0,0.0,-100.0,0.0,-100.0
ETH-USDT-SWAP,15m,2H,0.001,0.02,0.03,148.0,0.0,-100.0,2211,796,1415,36.002,100.0,0.614,-4.11,8764,0.0,-100.0,0.0,-100.0,0.0,-100.0
ETH-USDT-SWAP,15m,2H,0.001,0.03,0.005,148.0,0.0,-100.0,2211,612,1599,27.68,100.0,0.39,-4.11,8764,0.0,-100.0,0.0,-100.0,0.0,-100.0
ETH-USDT-SWAP,15m,2H,0.001,0.03,0.008,148.0,0.0,-100.0,2211,707,1504,31.976,100.0,0.504,-4.11,8764,0.0,-100.0,0.0,-100.0,0.0,-100.0
ETH-USDT-SWAP,15m,2H,0.001,0.03,0.01,148.0,0.0,-100.0,2211,745,1466,33.695,100.0,0.579,-4.11,8764,0.0,-100.0,0.0,-100.0,0.0,-100.0
ETH-USDT-SWAP,15m,2H,0.001,0.03,0.015,148.0,0.0,-100.0,2211,772,1439,34.916,100.0,0.611,-4.11,8764,0.0,-100.0,0.0,-100.0,0.0,-100.0
ETH-USDT-SWAP,15m,2H,0.001,0.03,0.02,148.0,0.0,-100.0,2211,780,1431,35.278,100.0,0.629,-4.11,8764,0.0,-100.0,0.0,-100.0,0.0,-100.0
ETH-USDT-SWAP,15m,2H,0.001,0.03,0.025,148.0,0.0,-100.0,2211,784,1427,35.459,100.0,0.624,-4.11,8764,0.0,-100.0,0.0,-100.0,0.0,-100.0
ETH-USDT-SWAP,15m,2H,0.001,0.03,0.03,148.0,0.0,-100.0,2211,785,1426,35.504,100.0,0.619,-4.11,8764,0.0,-100.0,0.0,-100.0,0.0,-100.0
ETH-USDT-SWAP,15m,2H,0.002,0.004,0.005,148.0,0.0,-100.0,1859,1176,683,63.26,100.0,0.609,-4.11,8764,2.22,-98.5,0.0,-99.91,0.0,-98.86
ETH-USDT-SWAP,15m,2H,0.002,0.004,0.008,148.0,0.006,-99.996,1859,1304,555,70.145,99.997,0.705,-4.109,8764,7.19,-95.14,0.21,-97.08,0.01,-96.99
ETH-USDT-SWAP,15m,2H,0.002,0.004,0.01,148.0,0.425,-99.713,1859,1357,502,72.996,99.807,0.824,-4.098,8764,20.92,-85.86,3.81,-81.81,0.43,-88.83
ETH-USDT-SWAP,15m,2H,0.002,0.004,0.015,148.0,47.343,-68.011,1859,1407,452,75.686,91.945,0.977,-2.795,8764,117.7,-20.47,158.12,34.34,47.34,-70.06
ETH-USDT-SWAP,15m,2H,0.002,0.004,0.02,148.0,146.816,-0.8,1859,1419,440,76.331,90.519,1.0,-0.033,8764,115.56,-21.92,443.29,283.61,146.82,-66.88
ETH-USDT-SWAP,15m,2H,0.002,0.004,0.025,148.0,313.066,111.531,1859,1425,434,76.654,90.178,1.011,4.583,8764,131.7,-11.02,974.9,640.27,313.07,-67.89
ETH-USDT-SWAP,15m,2H,0.002,0.004,0.03,148.0,391.012,164.198,1859,1428,431,76.815,89.373,1.015,6.748,8764,106.38,-28.12,1208.12,1035.65,391.01,-67.63
ETH-USDT-SWAP,15m,2H,0.002,0.006,0.005,148.0,0.0,-100.0,1859,874,985,47.015,100.0,0.538,-4.11,8764,0.22,-99.85,0.0,-100.0,0.0,-99.67
ETH-USDT-SWAP,15m,2H,0.002,0.006,0.008,148.0,0.0,-100.0,1859,980,879,52.717,100.0,0.614,-4.11,8764,0.59,-99.6,0.0,-99.94,0.0,-99.66
ETH-USDT-SWAP,15m,2H,0.002,0.006,0.01,148.0,0.0,-100.0,1859,1026,833,55.191,100.0,0.709,-4.11,8764,1.99,-98.65,0.01,-99.68,0.0,-99.04
ETH-USDT-SWAP,15m,2H,0.002,0.006,0.015,148.0,0.004,-99.997,1859,1070,789,57.558,99.998,0.805,-4.109,8764,10.61,-92.83,0.12,-98.86,0.0,-96.51
ETH-USDT-SWAP,15m,2H,0.002,0.006,0.02,148.0,0.006,-99.996,1859,1079,780,58.042,99.997,0.776,-4.109,8764,6.05,-95.91,0.19,-96.87,0.01,-97.09
ETH-USDT-SWAP,15m,2H,0.002,0.006,0.025,148.0,0.008,-99.995,1859,1084,775,58.311,99.996,0.799,-4.109,8764,6.81,-95.4,0.33,-95.15,0.01,-97.62
ETH-USDT-SWAP,15m,2H,0.002,0.006,0.03,148.0,0.007,-99.995,1859,1085,774,58.365,99.997,0.805,-4.109,8764,6.27,-95.76,0.37,-94.04,0.01,-98.02
ETH-USDT-SWAP,15m,2H,0.002,0.008,0.005,148.0,0.0,-100.0,1859,729,1130,39.215,100.0,0.489,-4.11,8764,0.08,-99.95,0.0,-100.0,0.0,-99.93
ETH-USDT-SWAP,15m,2H,0.002,0.008,0.008,148.0,0.0,-100.0,1859,821,1038,44.164,100.0,0.576,-4.11,8764,0.11,-99.93,0.0,-100.0,0.0,-99.96
ETH-USDT-SWAP,15m,2H,0.002,0.008,0.01,148.0,0.0,-100.0,1859,856,1003,46.046,100.0,0.637,-4.11,8764,0.2,-99.86,0.0,-99.99,0.0,-99.91
ETH-USDT-SWAP,15m,2H,0.002,0.008,0.015,148.0,0.0,-100.0,1859,896,963,48.198,100.0,0.707,-4.11,8764,0.74,-99.5,0.0,-99.97,0.0,-99.79
ETH-USDT-SWAP,15m,2H,0.002,0.008,0.02,148.0,0.0,-100.0,1859,904,955,48.628,100.0,0.681,-4.11,8764,0.54,-99.63,0.0,-99.98,0.0,-99.8
ETH-USDT-SWAP,15m,2H,0.002,0.008,0.025,148.0,0.0,-100.0,1859,909,950,48.897,100.0,0.698,-4.11,8764,0.55,-99.63,0.0,-99.97,0.0,-99.84
ETH-USDT-SWAP,15m,2H,0.002,0.008,0.03,148.0,0.0,-100.0,1859,910,949,48.951,100.0,0.701,-4.11,8764,0.48,-99.68,0.0,-99.97,0.0,-99.84
ETH-USDT-SWAP,15m,2H,0.002,0.01,0.005,148.0,0.0,-100.0,1859,647,1212,34.804,100.0,0.519,-4.11,8764,0.02,-99.99,0.0,-100.0,0.0,-99.97
ETH-USDT-SWAP,15m,2H,0.002,0.01,0.008,148.0,0.0,-100.0,1859,729,1130,39.215,100.0,0.568,-4.11,8764,0.02,-99.99,0.0,-100.0,0.0,-99.99
ETH-USDT-SWAP,15m,2H,0.002,0.01,0.01,148.0,0.0,-100.0,1859,758,1101,40.775,100.0,0.623,-4.11,8764,0.03,-99.98,0.0,-100.0,0.0,-99.98
ETH-USDT-SWAP,15m,2H,0.002,0.01,0.015,148.0,0.0,-100.0,1859,793,1066,42.657,100.0,0.668,-4.11,8764,0.06,-99.96,0.0,-100.0,0.0,-99.96
ETH-USDT-SWAP,15m,2H,0.002,0.01,0.02,148.0,0.0,-100.0,1859,801,1058,43.088,100.0,0.648,-4.11,8764,0.04,-99.97,0.0,-100.0,0.0,-99.97
ETH-USDT-SWAP,15m,2H,0.002,0.01,0.025,148.0,0.0,-100.0,1859,804,1055,43.249,100.0,0.639,-4.11,8764,0.03,-99.98,0.0,-100.0,0.0,-99.98
ETH-USDT-SWAP,15m,2H,0.002,0.01,0.03,148.0,0.0,-100.0,1859,805,1054,43.303,100.0,0.638,-4.11,8764,0.03,-99.98,0.0,-100.0,0.0,-99.98
ETH-USDT-SWAP,15m,2H,0.002,0.012,0.005,148.0,0.0,-100.0,1859,595,1264,32.006,100.0,0.525,-4.11,8764,0.0,-100.0,0.0,-100.0,0.0,-99.99
ETH-USDT-SWAP,15m,2H,0.002,0.012,0.008,148.0,0.0,-100.0,1859,672,1187,36.148,100.0,0.631,-4.11,8764,0.0,-100.0,0.0,-100.0,0.0,-100.0
ETH-USDT-SWAP,15m,2H,0.002,0.012,0.01,148.0,0.0,-100.0,1859,702,1157,37.762,100.0,0.686,-4.11,8764,0.01,-100.0,0.0,-100.0,0.0,-99.99
ETH-USDT-SWAP,15m,2H,0.002,0.012,0.015,148.0,0.0,-100.0,1859,731,1128,39.322,100.0,0.733,-4.11,8764,0.01,-99.99,0.0,-100.0,0.0,-99.99
ETH-USDT-SWAP,15m,2H,0.002,0.012,0.02,148.0,0.0,-100.0,1859,742,1117,39.914,100.0,0.714,-4.11,8764,0.01,-100.0,0.0,-100.0,0.0,-99.98
ETH-USDT-SWAP,15m,2H,0.002,0.012,0.025,148.0,0.0,-100.0,1859,745,1114,40.075,100.0,0.707,-4.11,8764,0.0,-100.0,0.0,-100.0,0.0,-99.99
ETH-USDT-SWAP,15m,2H,0.002,0.012,0.03,148.0,0.0,-100.0,1859,746,1113,40.129,100.0,0.706,-4.11,8764,0.01,-100.0,0.0,-100.0,0.0,-99.99
ETH-USDT-SWAP,15m,2H,0.002,0.015,0.005,148.0,0.0,-100.0,1859,571,1288,30.715,100.0,0.471,-4.11,8764,0.0,-100.0,0.0,-100.0,0.0,-99.98
ETH-USDT-SWAP,15m,2H,0.002,0.015,0.008,148.0,0.0,-100.0,1859,645,1214,34.696,100.0,0.634,-4.11,8764,0.0,-100.0,0.0,-100.0,0.0,-99.99
ETH-USDT-SWAP,15m,2H,0.002,0.015,0.01,148.0,0.0,-100.0,1859,673,1186,36.202,100.0,0.679,-4.11,8764,0.0,-100.0,0.0,-100.0,0.0,-99.99
ETH-USDT-SWAP,15m,2H,0.002,0.015,0.015,148.0,0.0,-100.0,1859,698,1161,37.547,100.0,0.729,-4.11,8764,0.0,-100.0,0.0,-100.0,0.0,-99.99
ETH-USDT-SWAP,15m,2H,0.002,0.015,0.02,148.0,0.0,-100.0,1859,708,1151,38.085,100.0,0.707,-4.11,8764,0.0,-100.0,0.0,-100.0,0.0,-99.99
ETH-USDT-SWAP,15m,2H,0.002,0.015,0.025,148.0,0.0,-100.0,1859,711,1148,38.246,100.0,0.695,-4.11,8764,0.0,-100.0,0.0,-100.0,0.0,-99.99
ETH-USDT-SWAP,15m,2H,0.002,0.015,0.03,148.0,0.0,-100.0,1859,712,1147,38.3,100.0,0.69,-4.11,8764,0.0,-100.0,0.0,-100.0,0.0,-100.0
ETH-USDT-SWAP,15m,2H,0.002,0.02,0.005,148.0,0.0,-100.0,1859,549,1310,29.532,100.0,0.473,-4.11,8764,0.0,-100.0,0.0,-100.0,0.0,-99.99
ETH-USDT-SWAP,15m,2H,0.002,0.02,0.008,148.0,0.0,-100.0,1859,621,1238,33.405,100.0,0.618,-4.11,8764,0.0,-100.0,0.0,-100.0,0.0,-100.0
ETH-USDT-SWAP,15m,2H,0.002,0.02,0.01,148.0,0.0,-100.0,1859,648,1211,34.857,100.0,0.661,-4.11,8764,0.0,-100.0,0.0,-100.0,0.0,-100.0
ETH-USDT-SWAP,15m,2H,0.002,0.02,0.015,148.0,0.0,-100.0,1859,670,1189,36.041,100.0,0.683,-4.11,8764,0.0,-100.0,0.0,-100.0,0.0,-100.0
ETH-USDT-SWAP,15m,2H,0.002,0.02,0.02,148.0,0.0,-100.0,1859,679,1180,36.525,100.0,0.692,-4.11,8764,0.0,-100.0,0.0,-100.0,0.0,-100.0
ETH-USDT-SWAP,15m,2H,0.002,0.02,0.025,148.0,0.0,-100.0,1859,683,1176,36.74,100.0,0.688,-4.11,8764,0.0,-100.0,0.0,-100.0,0.0,-100.0
ETH-USDT-SWAP,15m,2H,0.002,0.02,0.03,148.0,0.0,-100.0,1859,684,1175,36.794,100.0,0.683,-4.11,8764,0.0,-100.0,0.0,-100.0,0.0,-100.0
ETH-USDT-SWAP,15m,2H,0.002,0.03,0.005,148.0,0.0,-100.0,1859,541,1318,29.102,100.0,0.43,-4.11,8764,0.0,-100.0,0.0,-100.0,0.0,-100.0
ETH-USDT-SWAP,15m,2H,0.002,0.03,0.008,148.0,0.0,-100.0,1859,612,1247,32.921,100.0,0.569,-4.11,8764,0.0,-100.0,0.0,-100.0,0.0,-100.0
ETH-USDT-SWAP,15m,2H,0.002,0.03,0.01,148.0,0.0,-100.0,1859,638,1221,34.32,100.0,0.615,-4.11,8764,0.0,-100.0,0.0,-100.0,0.0,-100.0
ETH-USDT-SWAP,15m,2H,0.002,0.03,0.015,148.0,0.0,-100.0,1859,659,1200,35.449,100.0,0.637,-4.11,8764,0.0,-100.0,0.0,-100.0,0.0,-100.0
ETH-USDT-SWAP,15m,2H,0.002,0.03,0.02,148.0,0.0,-100.0,1859,669,1190,35.987,100.0,0.661,-4.11,8764,0.0,-100.0,0.0,-100.0,0.0,-100.0
ETH-USDT-SWAP,15m,2H,0.002,0.03,0.025,148.0,0.0,-100.0,1859,672,1187,36.148,100.0,0.656,-4.11,8764,0.0,-100.0,0.0,-100.0,0.0,-100.0
ETH-USDT-SWAP,15m,2H,0.002,0.03,0.03,148.0,0.0,-100.0,1859,673,1186,36.202,100.0,0.65,-4.11,8764,0.0,-100.0,0.0,-100.0,0.0,-100.0
ETH-USDT-SWAP,15m,2H,0.003,0.004,0.005,148.0,0.0,-100.0,1607,1038,569,64.592,100.0,0.663,-4.11,8764,8.54,-94.23,0.01,-99.92,0.0,-96.41
ETH-USDT-SWAP,15m,2H,0.003,0.004,0.008,148.0,1.039,-99.298,1607,1183,424,73.615,99.575,0.855,-4.081,8764,39.95,-73.0,3.68,-90.78,1.04,-71.81
ETH-USDT-SWAP,15m,2H,0.003,0.004,0.01,148.0,12.434,-91.599,1607,1221,386,75.98,96.255,0.919,-3.764,8764,73.94,-50.04,17.98,-75.68,12.43,-30.86
ETH-USDT-SWAP,15m,2H,0.003,0.004,0.015,148.0,4080.539,2657.121,1607,1275,332,79.34,68.617,1.124,109.197,8764,575.58,288.9,1664.05,189.11,4080.54,145.22
ETH-USDT-SWAP,15m,2H,0.003,0.004,0.02,148.0,5026.752,3296.454,1607,1285,322,79.963,73.603,1.101,135.471,8764,499.6,237.57,2546.04,409.62,5026.75,97.43
ETH-USDT-SWAP,15m,2H,0.003,0.004,0.025,148.0,8415.542,5586.177,1607,1291,316,80.336,67.948,1.101,229.569,8764,589.74,298.47,4167.92,606.74,8415.54,101.91
ETH-USDT-SWAP,15m,2H,0.003,0.004,0.03,148.0,14252.17,9529.844,1607,1295,312,80.585,70.214,1.126,391.637,8764,511.57,245.65,6839.89,1237.05,14252.17,108.37
ETH-USDT-SWAP,15m,2H,0.003,0.006,0.005,148.0,0.0,-100.0,1607,804,803,50.031,100.0,0.608,-4.11,8764,0.84,-99.43,0.0,-99.88,0.0,-98.98
ETH-USDT-SWAP,15m,2H,0.003,0.006,0.008,148.0,0.006,-99.996,1607,920,687,57.25,99.997,0.731,-4.109,8764,3.14,-97.88,0.27,-91.31,0.01,-97.7
ETH-USDT-SWAP,15m,2H,0.003,0.006,0.01,148.0,0.039,-99.973,1607,952,655,59.241,99.982,0.778,-4.108,8764,5.02,-96.61,0.95,-81.13,0.04,-95.84
ETH-USDT-SWAP,15m,2H,0.003,0.006,0.015,148.0,2.703,-98.174,1607,992,615,61.73,98.765,0.878,-4.035,8764,14.44,-90.25,17.63,22.13,2.7,-84.67
ETH-USDT-SWAP,15m,2H,0.003,0.006,0.02,148.0,1.838,-98.758,1607,1002,605,62.352,99.16,0.869,-4.059,8764,8.28,-94.41,15.01,81.38,1.84,-87.76
ETH-USDT-SWAP,15m,2H,0.003,0.006,0.025,148.0,1.412,-99.046,1607,1006,601,62.601,99.355,0.876,-4.07,8764,8.16,-94.49,11.93,46.24,1.41,-88.17
ETH-USDT-SWAP,15m,2H,0.003,0.006,0.03,148.0,1.392,-99.06,1607,1009,598,62.788,99.407,0.88,-4.071,8764,8.36,-94.35,13.99,67.24,1.39,-90.05
ETH-USDT-SWAP,15m,2H,0.003,0.008,0.005,148.0,0.0,-100.0,1607,680,927,42.315,100.0,0.603,-4.11,8764,0.33,-99.78,0.0,-99.98,0.0,-99.74
ETH-USDT-SWAP,15m,2H,0.003,0.008,0.008,148.0,0.0,-100.0,1607,770,837,47.915,100.0,0.696,-4.11,8764,0.91,-99.38,0.0,-99.77,0.0,-99.62
ETH-USDT-SWAP,15m,2H,0.003,0.008,0.01,148.0,0.0,-100.0,1607,800,807,49.782,100.0,0.745,-4.11,8764,1.84,-98.76,0.01,-99.68,0.0,-99.28
ETH-USDT-SWAP,15m,2H,0.003,0.008,0.015,148.0,0.003,-99.998,1607,835,772,51.96,99.999,0.789,-4.11,8764,4.3,-97.09,0.11,-97.43,0.0,-97.54
ETH-USDT-SWAP,15m,2H,0.003,0.008,0.02,148.0,0.001,-100.0,1607,841,766,52.334,100.0,0.766,-4.11,8764,2.27,-98.47,0.05,-97.98,0.0,-98.42
ETH-USDT-SWAP,15m,2H,0.003,0.008,0.025,148.0,0.0,-100.0,1607,845,762,52.582,100.0,0.788,-4.11,8764,2.23,-98.49,0.03,-98.82,0.0,-98.47
ETH-USDT-SWAP,15m,2H,0.003,0.008,0.03,148.0,0.0,-100.0,1607,847,760,52.707,100.0,0.798,-4.11,8764,2.37,-98.4,0.04,-98.5,0.0,-98.86
ETH-USDT-SWAP,15m,2H,0.003,0.01,0.005,148.0,0.0,-100.0,1607,614,993,38.208,100.0,0.641,-4.11,8764,0.18,-99.88,0.0,-100.0,0.0,-99.89
ETH-USDT-SWAP,15m,2H,0.003,0.01,0.008,148.0,0.0,-100.0,1607,691,916,42.999,100.0,0.68,-4.11,8764,0.23,-99.85,0.0,-99.97,0.0,-99.93
ETH-USDT-SWAP,15m,2H,0.003,0.01,0.01,148.0,0.0,-100.0,1607,716,891,44.555,100.0,0.726,-4.11,8764,0.44,-99.71,0.0,-99.98,0.0,-99.86
ETH-USDT-SWAP,15m,2H,0.003,0.01,0.015,148.0,0.0,-100.0,1607,747,860,46.484,100.0,0.753,-4.11,8764,0.98,-99.34,0.0,-99.9,0.0,-99.59
ETH-USDT-SWAP,15m,2H,0.003,0.01,0.02,148.0,0.0,-100.0,1607,754,853,46.92,100.0,0.732,-4.11,8764,0.48,-99.68,0.0,-99.91,0.0,-99.72
ETH-USDT-SWAP,15m,2H,0.003,0.01,0.025,148.0,0.0,-100.0,1607,758,849,47.169,100.0,0.752,-4.11,8764,0.45,-99.69,0.0,-99.94,0.0,-99.74
ETH-USDT-SWAP,15m,2H,0.003,0.01,0.03,148.0,0.0,-100.0,1607,759,848,47.231,100.0,0.757,-4.11,8764,0.45,-99.7,0.0,-99.95,0.0,-99.75
ETH-USDT-SWAP,15m,2H,0.003,0.012,0.005,148.0,0.0,-100.0,1607,565,1042,35.159,100.0,0.657,-4.11,8764,0.1,-99.93,0.0,-100.0,0.0,-99.94
ETH-USDT-SWAP,15m,2H,0.003,0.012,0.008,148.0,0.0,-100.0,1607,636,971,39.577,100.0,0.691,-4.11,8764,0.1,-99.93,0.0,-100.0,0.0,-99.95
ETH-USDT-SWAP,15m,2H,0.003,0.012,0.01,148.0,0.0,-100.0,1607,658,949,40.946,100.0,0.747,-4.11,8764,0.16,-99.89,0.0,-100.0,0.0,-99.92
ETH-USDT-SWAP,15m,2H,0.003,0.012,0.015,148.0,0.0,-100.0,1607,685,922,42.626,100.0,0.751,-4.11,8764,0.23,-99.84,0.0,-100.0,0.0,-99.86
ETH-USDT-SWAP,15m,2H,0.003,0.012,0.02,148.0,0.0,-100.0,1607,694,913,43.186,100.0,0.731,-4.11,8764,0.09,-99.94,0.0,-100.0,0.0,-99.83
ETH-USDT-SWAP,15m,2H,0.003,0.012,0.025,148.0,0.0,-100.0,1607,696,911,43.311,100.0,0.723,-4.11,8764,0.07,-99.95,0.0,-100.0,0.0,-99.84
ETH-USDT-SWAP,15m,2H,0.003,0.012,0.03,148.0,0.0,-100.0,1607,697,910,43.373,100.0,0.723,-4.11,8764,0.09,-99.94,0.0,-100.0,0.0,-99.9
ETH-USDT-SWAP,15m,2H,0.003,0.015,0.005,148.0,0.0,-100.0,1607,536,1071,33.354,100.0,0.645,-4.11,8764,0.05,-99.97,0.0,-100.0,0.0,-99.95
ETH-USDT-SWAP,15m,2H,0.003,0.015,0.008,148.0,0.0,-100.0,1607,604,1003,37.586,100.0,0.712,-4.11,8764,0.05,-99.97,0.0,-100.0,0.0,-99.97
ETH-USDT-SWAP,15m,2H,0.003,0.015,0.01,148.0,0.0,-100.0,1607,624,983,38.83,100.0,0.775,-4.11,8764,0.07,-99.95,0.0,-100.0,0.0,-99.96
ETH-USDT-SWAP,15m,2H,0.003,0.015,0.015,148.0,0.0,-100.0,1607,648,959,40.324,100.0,0.774,-4.11,8764,0.13,-99.91,0.0,-100.0,0.0,-99.95
ETH-USDT-SWAP,15m,2H,0.003,0.015,0.02,148.0,0.0,-100.0,1607,656,951,40.821,100.0,0.748,-4.11,8764,0.05,-99.97,0.0,-100.0,0.0,-99.94
ETH-USDT-SWAP,15m,2H,0.003,0.015,0.025,148.0,0.0,-100.0,1607,658,949,40.946,100.0,0.735,-4.11,8764,0.03,-99.98,0.0,-100.0,0.0,-99.95
ETH-USDT-SWAP,15m,2H,0.003,0.015,0.03,148.0,0.0,-100.0,1607,659,948,41.008,100.0,0.729,-4.11,8764,0.04,-99.97,0.0,-100.0,0.0,-99.97
ETH-USDT-SWAP,15m,2H,0.003,0.02,0.005,148.0,0.0,-100.0,1607,520,1087,32.358,100.0,0.616,-4.11,8764,0.03,-99.98,0.0,-100.0,0.0,-99.93
ETH-USDT-SWAP,15m,2H,0.003,0.02,0.008,148.0,0.0,-100.0,1607,586,1021,36.465,100.0,0.681,-4.11,8764,0.02,-99.98,0.0,-100.0,0.0,-99.96
ETH-USDT-SWAP,15m,2H,0.003,0.02,0.01,148.0,0.0,-100.0,1607,603,1004,37.523,100.0,0.73,-4.11,8764,0.03,-99.98,0.0,-100.0,0.0,-99.97
ETH-USDT-SWAP,15m,2H,0.003,0.02,0.015,148.0,0.0,-100.0,1607,625,982,38.892,100.0,0.736,-4.11,8764,0.05,-99.97,0.0,-100.0,0.0,-99.96
ETH-USDT-SWAP,15m,2H,0.003,0.02,0.02,148.0,0.0,-100.0,1607,631,976,39.266,100.0,0.709,-4.11,8764,0.02,-99.99,0.0,-100.0,0.0,-99.96
ETH-USDT-SWAP,15m,2H,0.003,0.02,0.025,148.0,0.0,-100.0,1607,633,974,39.39,100.0,0.706,-4.11,8764,0.01,-99.99,0.0,-100.0,0.0,-99.96
ETH-USDT-SWAP,15m,2H,0.003,0.02,0.03,148.0,0.0,-100.0,1607,634,973,39.452,100.0,0.701,-4.11,8764,0.02,-99.99,0.0,-100.0,0.0,-99.98
ETH-USDT-SWAP,15m,2H,0.003,0.03,0.005,148.0,0.0,-100.0,1607,511,1096,31.798,100.0,0.634,-4.11,8764,0.02,-99.99,0.0,-100.0,0.0,-99.98
ETH-USDT-SWAP,15m,2H,0.003,0.03,0.008,148.0,0.0,-100.0,1607,576,1031,35.843,100.0,0.701,-4.11,8764,0.02,-99.99,0.0,-100.0,0.0,-99.99
ETH-USDT-SWAP,15m,2H,0.003,0.03,0.01,148.0,0.0,-100.0,1607,593,1014,36.901,100.0,0.747,-4.11,8764,0.02,-99.99,0.0,-100.0,0.0,-100.0
ETH-USDT-SWAP,15m,2H,0.003,0.03,0.015,148.0,0.0,-100.0,1607,614,993,38.208,100.0,0.767,-4.11,8764,0.03,-99.98,0.0,-100.0,0.0,-99.99
ETH-USDT-SWAP,15m,2H,0.003,0.03,0.02,148.0,0.0,-100.0,1607,621,986,38.643,100.0,0.744,-4.11,8764,0.01,-99.99,0.0,-100.0,0.0,-99.99
ETH-USDT-SWAP,15m,2H,0.003,0.03,0.025,148.0,0.0,-100.0,1607,623,984,38.768,100.0,0.741,-4.11,8764,0.01,-99.99,0.0,-100.0,0.0,-99.99
ETH-USDT-SWAP,15m,2H,0.003,0.03,0.03,148.0,0.0,-100.0,1607,624,983,38.83,100.0,0.736,-4.11,8764,0.01,-99.99,0.0,-100.0,0.0,-100.0
ETH-USDT-SWAP,15m,2H,0.004,0.004,0.005,148.0,0.001,-100.0,1323,854,469,64.55,100.0,0.576,-4.11,8764,4.35,-97.06,0.01,-99.77,0.0,-94.41
ETH-USDT-SWAP,15m,2H,0.004,0.004,0.008,148.0,0.436,-99.705,1323,980,343,74.074,99.823,0.741,-4.097,8764,11.91,-91.95,1.45,-87.8,0.44,-69.98
ETH-USDT-SWAP,15m,2H,0.004,0.004,0.01,148.0,10.04,-93.216,1323,1022,301,77.249,96.864,0.853,-3.831,8764,29.6,-80.0,20.43,-30.98,10.04,-50.85
ETH-USDT-SWAP,15m,2H,0.004,0.004,0.015,148.0,1580.661,968.015,1323,1072,251,81.028,81.051,1.178,39.781,8764,125.8,-15.0,664.85,428.49,1580.66,137.75
ETH-USDT-SWAP,15m,2H,0.004,0.004,0.02,148.0,2865.926,1836.436,1323,1083,240,81.859,79.658,1.178,75.47,8764,146.77,-0.83,1487.11,913.24,2865.93,92.72
ETH-USDT-SWAP,15m,2H,0.004,0.004,0.025,148.0,5378.727,3534.275,1323,1090,233,82.389,81.0,1.215,145.244,8764,160.82,8.66,2428.84,1410.29,5378.73,121.45
ETH-USDT-SWAP,15m,2H,0.004,0.004,0.03,148.0,7930.832,5258.671,1323,1093,230,82.615,83.004,1.237,216.11,8764,140.66,-4.96,4157.82,2855.98,7930.83,90.74
ETH-USDT-SWAP,15m,2H,0.004,0.006,0.005,148.0,0.0,-100.0,1323,682,641,51.55,100.0,0.668,-4.11,8764,4.39,-97.03,0.02,-99.62,0.0,-97.52
ETH-USDT-SWAP,15m,2H,0.004,0.006,0.008,148.0,0.594,-99.599,1323,802,521,60.62,99.736,0.859,-4.093,8764,19.97,-86.5,4.82,-75.85,0.59,-87.69
ETH-USDT-SWAP,15m,2H,0.004,0.006,0.01,148.0,2.1,-98.581,1323,828,495,62.585,99.136,0.896,-4.051,8764,25.77,-82.59,17.26,-33.01,2.1,-87.83
ETH-USDT-SWAP,15m,2H,0.004,0.006,0.015,148.0,262.131,77.116,1323,871,452,65.835,88.21,1.013,3.169,8764,77.39,-47.71,337.51,336.13,262.13,-22.33
ETH-USDT-SWAP,15m,2H,0.004,0.006,0.02,148.0,228.804,54.597,1323,879,444,66.44,89.556,1.009,2.244,8764,74.79,-49.47,340.71,355.56,228.8,-32.85
ETH-USDT-SWAP,15m,2H,0.004,0.006,0.025,148.0,169.876,14.781,1323,884,439,66.818,91.561,1.002,0.607,8764,78.18,-47.18,277.15,254.5,169.88,-38.71
ETH-USDT-SWAP,15m,2H,0.004,0.006,0.03,148.0,397.097,168.309,1323,887,436,67.045,92.348,1.015,6.917,8764,76.1,-48.58,764.79,904.98,397.1,-48.08
ETH-USDT-SWAP,15m,2H,0.004,0.008,0.005,148.0,0.0,-100.0,1323,559,764,42.252,100.0,0.627,-4.11,8764,1.35,-99.09,0.0,-99.97,0.0,-99.25
ETH-USDT-SWAP,15m,2H,0.004,0.008,0.008,148.0,0.002,-99.999,1323,663,660,50.113,99.999,0.755,-4.11,8764,5.55,-96.25,0.08,-98.47,0.0,-97.56
ETH-USDT-SWAP,15m,2H,0.004,0.008,0.01,148.0,0.004,-99.997,1323,686,637,51.852,99.998,0.789,-4.109,8764,8.21,-94.46,0.18,-97.77,0.0,-97.97
ETH-USDT-SWAP,15m,2H,0.004,0.008,0.015,148.0,0.18,-99.879,1323,719,604,54.346,99.914,0.831,-4.105,8764,12.76,-91.38,1.87,-85.32,0.18,-90.4
ETH-USDT-SWAP,15m,2H,0.004,0.008,0.02,148.0,0.113,-99.924,1323,725,598,54.8,99.943,0.816,-4.106,8764,8.89,-94.0,1.36,-84.7,0.11,-91.68
ETH-USDT-SWAP,15m,2H,0.004,0.008,0.025,148.0,0.07,-99.952,1323,730,593,55.178,99.972,0.839,-4.108,8764,9.39,-93.65,1.08,-88.52,0.07,-93.47
ETH-USDT-SWAP,15m,2H,0.004,0.008,0.03,148.0,0.091,-99.939,1323,731,592,55.253,99.969,0.859,-4.107,8764,10.68,-92.78,1.98,-81.48,0.09,-95.41
ETH-USDT-SWAP,15m,2H,0.004,0.01,0.005,148.0,0.0,-100.0,1323,491,832,37.113,100.0,0.618,-4.11,8764,0.67,-99.55,0.0,-100.0,0.0,-99.83
ETH-USDT-SWAP,15m,2H,0.004,0.01,0.008,148.0,0.0,-100.0,1323,581,742,43.915,100.0,0.709,-4.11,8764,1.59,-98.93,0.0,-99.95,0.0,-99.53
ETH-USDT-SWAP,15m,2H,0.004,0.01,0.01,148.0,0.0,-100.0,1323,600,723,45.351,100.0,0.744,-4.11,8764,2.0,-98.65,0.0,-99.95,0.0,-99.59
ETH-USDT-SWAP,15m,2H,0.004,0.01,0.015,148.0,0.0,-100.0,1323,632,691,47.77,100.0,0.765,-4.11,8764,3.5,-97.64,0.01,-99.78,0.0,-98.3
ETH-USDT-SWAP,15m,2H,0.004,0.01,0.02,148.0,0.0,-100.0,1323,637,686,48.148,100.0,0.748,-4.11,8764,2.14,-98.56,0.0,-99.81,0.0,-98.38
ETH-USDT-SWAP,15m,2H,0.004,0.01,0.025,148.0,0.0,-100.0,1323,642,681,48.526,100.0,0.768,-4.11,8764,2.11,-98.57,0.0,-99.88,0.0,-98.7
ETH-USDT-SWAP,15m,2H,0.004,0.01,0.03,148.0,0.0,-100.0,1323,643,680,48.602,100.0,0.777,-4.11,8764,2.24,-98.49,0.0,-99.81,0.0,-99.09
ETH-USDT-SWAP,15m,2H,0.004,0.012,0.005,148.0,0.0,-100.0,1323,463,860,34.996,100.0,0.63,-4.11,8764,0.37,-99.75,0.0,-100.0,0.0,-99.83
ETH-USDT-SWAP,15m,2H,0.004,0.012,0.008,148.0,0.0,-100.0,1323,542,781,40.967,100.0,0.698,-4.11,8764,0.77,-99.48,0.0,-99.99,0.0,-99.73
ETH-USDT-SWAP,15m,2H,0.004,0.012,0.01,148.0,0.0,-100.0,1323,558,765,42.177,100.0,0.74,-4.11,8764,0.91,-99.39,0.0,-99.99,0.0,-99.73
ETH-USDT-SWAP,15m,2H,0.004,0.012,0.015,148.0,0.0,-100.0,1323,588,735,44.444,100.0,0.733,-4.11,8764,1.11,-99.25,0.0,-99.97,0.0,-98.94
ETH-USDT-SWAP,15m,2H,0.004,0.012,0.02,148.0,0.0,-100.0,1323,593,730,44.822,100.0,0.718,-4.11,8764,0.61,-99.59,0.0,-99.98,0.0,-99.05
ETH-USDT-SWAP,15m,2H,0.004,0.012,0.025,148.0,0.0,-100.0,1323,595,728,44.974,100.0,0.701,-4.11,8764,0.39,-99.74,0.0,-99.99,0.0,-99.45
ETH-USDT-SWAP,15m,2H,0.004,0.012,0.03,148.0,0.0,-100.0,1323,596,727,45.049,100.0,0.704,-4.11,8764,0.58,-99.61,0.0,-99.99,0.0,-99.61
ETH-USDT-SWAP,15m,2H,0.004,0.015,0.005,148.0,0.0,-100.0,1323,430,893,32.502,100.0,0.583,-4.11,8764,0.17,-99.89,0.0,-100.0,0.0,-99.83
ETH-USDT-SWAP,15m,2H,0.004,0.015,0.008,148.0,0.0,-100.0,1323,508,815,38.398,100.0,0.694,-4.11,8764,0.39,-99.73,0.0,-100.0,0.0,-99.86
ETH-USDT-SWAP,15m,2H,0.004,0.015,0.01,148.0,0.0,-100.0,1323,522,801,39.456,100.0,0.742,-4.11,8764,0.44,-99.7,0.0,-100.0,0.0,-99.86
ETH-USDT-SWAP,15m,2H,0.004,0.015,0.015,148.0,0.0,-100.0,1323,549,774,41.497,100.0,0.73,-4.11,8764,0.5,-99.66,0.0,-100.0,0.0,-99.68
ETH-USDT-SWAP,15m,2H,0.004,0.015,0.02,148.0,0.0,-100.0,1323,554,769,41.875,100.0,0.71,-4.11,8764,0.24,-99.84,0.0,-100.0,0.0,-99.59
ETH-USDT-SWAP,15m,2H,0.004,0.015,0.025,148.0,0.0,-100.0,1323,556,767,42.026,100.0,0.69,-4.11,8764,0.15,-99.9,0.0,-100.0,0.0,-99.77
ETH-USDT-SWAP,15m,2H,0.004,0.015,0.03,148.0,0.0,-100.0,1323,557,766,42.101,100.0,0.685,-4.11,8764,0.22,-99.85,0.0,-100.0,0.0,-99.83
ETH-USDT-SWAP,15m,2H,0.004,0.02,0.005,148.0,0.0,-100.0,1323,415,908,31.368,100.0,0.57,-4.11,8764,0.08,-99.95,0.0,-100.0,0.0,-99.85
ETH-USDT-SWAP,15m,2H,0.004,0.02,0.008,148.0,0.0,-100.0,1323,487,836,36.81,100.0,0.66,-4.11,8764,0.13,-99.91,0.0,-100.0,0.0,-99.9
ETH-USDT-SWAP,15m,2H,0.004,0.02,0.01,148.0,0.0,-100.0,1323,498,825,37.642,100.0,0.708,-4.11,8764,0.11,-99.92,0.0,-100.0,0.0,-99.95
ETH-USDT-SWAP,15m,2H,0.004,0.02,0.015,148.0,0.0,-100.0,1323,525,798,39.683,100.0,0.705,-4.11,8764,0.14,-99.9,0.0,-100.0,0.0,-99.89
ETH-USDT-SWAP,15m,2H,0.004,0.02,0.02,148.0,0.0,-100.0,1323,529,794,39.985,100.0,0.683,-4.11,8764,0.07,-99.96,0.0,-100.0,0.0,-99.87
ETH-USDT-SWAP,15m,2H,0.004,0.02,0.025,148.0,0.0,-100.0,1323,531,792,40.136,100.0,0.677,-4.11,8764,0.05,-99.97,0.0,-100.0,0.0,-99.93
ETH-USDT-SWAP,15m,2H,0.004,0.02,0.03,148.0,0.0,-100.0,1323,532,791,40.212,100.0,0.672,-4.11,8764,0.07,-99.95,0.0,-100.0,0.0,-99.96
ETH-USDT-SWAP,15m,2H,0.004,0.03,0.005,148.0,0.0,-100.0,1323,405,918,30.612,100.0,0.545,-4.11,8764,0.05,-99.97,0.0,-100.0,0.0,-99.92
ETH-USDT-SWAP,15m,2H,0.004,0.03,0.008,148.0,0.0,-100.0,1323,476,847,35.979,100.0,0.641,-4.11,8764,0.08,-99.95,0.0,-100.0,0.0,-99.95
ETH-USDT-SWAP,15m,2H,0.004,0.03,0.01,148.0,0.0,-100.0,1323,487,836,36.81,100.0,0.693,-4.11,8764,0.07,-99.95,0.0,-100.0,0.0,-99.97
ETH-USDT-SWAP,15m,2H,0.004,0.03,0.015,148.0,0.0,-100.0,1323,513,810,38.776,100.0,0.706,-4.11,8764,0.11,-99.93,0.0,-100.0,0.0,-99.95
ETH-USDT-SWAP,15m,2H,0.004,0.03,0.02,148.0,0.0,-100.0,1323,518,805,39.153,100.0,0.684,-4.11,8764,0.05,-99.97,0.0,-100.0,0.0,-99.93
ETH-USDT-SWAP,15m,2H,0.004,0.03,0.025,148.0,0.0,-100.0,1323,519,804,39.229,100.0,0.676,-4.11,8764,0.04,-99.97,0.0,-100.0,0.0,-99.97
ETH-USDT-SWAP,15m,2H,0.004,0.03,0.03,148.0,0.0,-100.0,1323,520,803,39.305,100.0,0.671,-4.11,8764,0.06,-99.96,0.0,-100.0,0.0,-99.98
ETH-USDT-SWAP,15m,2H,0.005,0.004,0.005,148.0,0.013,-99.991,1127,756,371,67.081,99.993,0.652,-4.109,8764,10.01,-93.24,0.14,-98.61,0.01,-90.53
ETH-USDT-SWAP,15m,2H,0.005,0.004,0.008,148.0,3.252,-97.803,1127,869,258,77.107,99.134,0.812,-4.019,8764,36.45,-75.37,7.58,-79.2,3.25,-57.1
ETH-USDT-SWAP,15m,2H,0.005,0.004,0.01,148.0,174.139,17.661,1127,916,211,81.278,84.859,1.011,0.726,8764,155.88,5.32,127.99,-17.89,174.14,36.06
ETH-USDT-SWAP,15m,2H,0.005,0.004,0.015,148.0,5236.609,3438.249,1127,957,170,84.916,70.948,1.395,141.298,8764,410.17,177.15,1449.74,253.44,5236.61,261.21
ETH-USDT-SWAP,15m,2H,0.005,0.004,0.02,148.0,47680.31,32116.426,1127,977,150,86.69,48.039,1.667,1319.853,8764,830.57,461.2,22866.38,2653.09,47680.31,108.52
ETH-USDT-SWAP,15m,2H,0.005,0.004,0.025,148.0,45441.687,30603.842,1127,981,146,87.045,57.879,1.663,1257.692,8764,974.53,558.47,17180.56,1662.96,45441.69,164.49
ETH-USDT-SWAP,15m,2H,0.005,0.004,0.03,148.0,53782.251,36239.358,1127,984,143,87.311,49.073,1.712,1489.289,8764,928.03,527.05,29268.32,3053.8,53782.25,83.76
ETH-USDT-SWAP,15m,2H,0.005,0.006,0.005,148.0,0.049,-99.967,1127,618,509,54.836,99.976,0.774,-4.108,8764,15.41,-89.59,0.32,-97.91,0.05,-84.68
ETH-USDT-SWAP,15m,2H,0.005,0.006,0.008,148.0,19.182,-87.039,1127,720,407,63.886,94.855,0.935,-3.577,8764,68.47,-53.73,31.38,-54.17,19.18,-38.87
ETH-USDT-SWAP,15m,2H,0.005,0.006,0.01,148.0,410.289,177.223,1127,757,370,67.169,77.943,1.032,7.283,8764,230.21,55.55,277.38,20.49,410.29,47.92
ETH-USDT-SWAP,15m,2H,0.005,0.006,0.015,148.0,7866.504,5215.206,1127,792,335,70.275,79.845,1.153,214.324,8764,473.42,219.88,2345.38,395.41,7866.5,235.4
ETH-USDT-SWAP,15m,2H,0.005,0.006,0.02,148.0,43533.154,29314.293,1127,806,321,71.517,73.924,1.252,1204.697,8764,620.7,319.39,16781.95,2603.7,43533.15,159.4
ETH-USDT-SWAP,15m,2H,0.005,0.006,0.025,148.0,32040.077,21548.701,1127,810,317,71.872,74.4,1.216,885.563,8764,711.48,380.73,7323.24,929.3,32040.08,337.51
ETH-USDT-SWAP,15m,2H,0.005,0.006,0.03,148.0,54691.719,36853.864,1127,813,314,72.138,73.829,1.294,1514.542,8764,630.93,326.31,27739.6,4296.59,54691.72,97.16
ETH-USDT-SWAP,15m,2H,0.005,0.008,0.005,148.0,0.001,-99.999,1127,505,622,44.809,99.999,0.618,-4.11,8764,3.09,-97.91,0.04,-98.72,0.0,-97.13
ETH-USDT-SWAP,15m,2H,0.005,0.008,0.008,148.0,0.114,-99.923,1127,591,536,52.44,99.94,0.781,-4.106,8764,10.63,-92.82,1.52,-85.71,0.11,-92.48
ETH-USDT-SWAP,15m,2H,0.005,0.008,0.01,148.0,0.496,-99.665,1127,615,512,54.57,99.766,0.838,-4.096,8764,19.03,-87.14,4.22,-77.81,0.5,-88.25
ETH-USDT-SWAP,15m,2H,0.005,0.008,0.015,148.0,4.323,-97.079,1127,647,480,57.409,97.868,0.879,-3.99,8764,20.99,-85.82,17.78,-15.28,4.32,-75.69
ETH-USDT-SWAP,15m,2H,0.005,0.008,0.02,148.0,20.214,-86.342,1127,659,468,58.474,94.113,0.947,-3.548,8764,20.41,-86.21,65.23,219.61,20.21,-69.01
ETH-USDT-SWAP,15m,2H,0.005,0.008,0.025,148.0,5.966,-95.969,1127,661,466,58.651,97.944,0.921,-3.944,8764,28.7,-80.61,17.54,-38.91,5.97,-65.98
ETH-USDT-SWAP,15m,2H,0.005,0.008,0.03,148.0,9.456,-93.611,1127,664,463,58.917,96.781,0.94,-3.847,8764,25.45,-82.8,50.6,98.78,9.46,-81.31
ETH-USDT-SWAP,15m,2H,0.005,0.01,0.005,148.0,0.0,-100.0,1127,442,685,39.219,100.0,0.634,-4.11,8764,2.35,-98.41,0.0,-99.8,0.0,-99.36
ETH-USDT-SWAP,15m,2H,0.005,0.01,0.008,148.0,0.001,-99.999,1127,517,610,45.874,99.999,0.779,-4.11,8764,9.48,-93.59,0.07,-99.24,0.0,-98.55
ETH-USDT-SWAP,15m,2H,0.005,0.01,0.01,148.0,0.003,-99.998,1127,537,590,47.649,99.999,0.821,-4.11,8764,14.85,-89.97,0.15,-99.02,0.0,-98.09
ETH-USDT-SWAP,15m,2H,0.005,0.01,0.015,148.0,0.021,-99.986,1127,567,560,50.311,99.991,0.809,-4.109,8764,13.04,-91.19,0.49,-96.28,0.02,-95.75
ETH-USDT-SWAP,15m,2H,0.005,0.01,0.02,148.0,0.048,-99.968,1127,577,550,51.198,99.98,0.81,-4.108,8764,8.96,-93.94,1.02,-88.59,0.05,-95.31
ETH-USDT-SWAP,15m,2H,0.005,0.01,0.025,148.0,0.019,-99.987,1127,579,548,51.375,99.994,0.845,-4.109,8764,13.68,-90.76,0.37,-97.33,0.02,-94.88
ETH-USDT-SWAP,15m,2H,0.005,0.01,0.03,148.0,0.03,-99.98,1127,581,546,51.553,99.99,0.847,-4.109,8764,12.13,-91.8,1.15,-90.56,0.03,-97.38
ETH-USDT-SWAP,15m,2H,0.005,0.012,0.005,148.0,0.0,-100.0,1127,411,716,36.469,100.0,0.607,-4.11,8764,1.16,-99.22,0.0,-99.91,0.0,-99.62
ETH-USDT-SWAP,15m,2H,0.005,0.012,0.008,148.0,0.0,-100.0,1127,475,652,42.147,100.0,0.747,-4.11,8764,3.41,-97.69,0.0,-99.85,0.0,-99.33
ETH-USDT-SWAP,15m,2H,0.005,0.012,0.01,148.0,0.0,-100.0,1127,494,633,43.833,100.0,0.776,-4.11,8764,5.17,-96.51,0.01,-99.79,0.0,-99.05
ETH-USDT-SWAP,15m,2H,0.005,0.012,0.015,148.0,0.0,-100.0,1127,521,606,46.229,100.0,0.761,-4.11,8764,4.63,-96.87,0.02,-99.57,0.0,-97.98
ETH-USDT-SWAP,15m,2H,0.005,0.012,0.02,148.0,0.001,-99.999,1127,531,596,47.116,100.0,0.75,-4.11,8764,2.97,-98.0,0.04,-98.76,0.0,-97.77
ETH-USDT-SWAP,15m,2H,0.005,0.012,0.025,148.0,0.0,-100.0,1127,533,594,47.294,100.0,0.788,-4.11,8764,4.32,-97.08,0.01,-99.7,0.0,-97.51
ETH-USDT-SWAP,15m,2H,0.005,0.012,0.03,148.0,0.0,-100.0,1127,534,593,47.382,100.0,0.781,-4.11,8764,3.56,-97.59,0.02,-99.41,0.0,-98.73
ETH-USDT-SWAP,15m,2H,0.005,0.015,0.005,148.0,0.0,-100.0,1127,381,746,33.807,100.0,0.627,-4.11,8764,0.48,-99.68,0.0,-99.98,0.0,-99.68
ETH-USDT-SWAP,15m,2H,0.005,0.015,0.008,148.0,0.0,-100.0,1127,440,687,39.042,100.0,0.774,-4.11,8764,1.32,-99.11,0.0,-99.98,0.0,-99.6
ETH-USDT-SWAP,15m,2H,0.005,0.015,0.01,148.0,0.0,-100.0,1127,456,671,40.461,100.0,0.803,-4.11,8764,2.03,-98.63,0.0,-99.98,0.0,-99.67
ETH-USDT-SWAP,15m,2H,0.005,0.015,0.015,148.0,0.0,-100.0,1127,485,642,43.035,100.0,0.764,-4.11,8764,1.35,-99.09,0.0,-99.95,0.0,-98.93
ETH-USDT-SWAP,15m,2H,0.005,0.015,0.02,148.0,0.0,-100.0,1127,493,634,43.744,100.0,0.754,-4.11,8764,0.79,-99.47,0.0,-99.94,0.0,-98.89
ETH-USDT-SWAP,15m,2H,0.005,0.015,0.025,148.0,0.0,-100.0,1127,494,633,43.833,100.0,0.755,-4.11,8764,1.18,-99.2,0.0,-99.99,0.0,-99.12
ETH-USDT-SWAP,15m,2H,0.005,0.015,0.03,148.0,0.0,-100.0,1127,495,632,43.922,100.0,0.745,-4.11,8764,0.91,-99.38,0.0,-99.99,0.0,-99.54
ETH-USDT-SWAP,15m,2H,0.005,0.02,0.005,148.0,0.0,-100.0,1127,364,763,32.298,100.0,0.572,-4.11,8764,0.25,-99.83,0.0,-99.99,0.0,-99.76
ETH-USDT-SWAP,15m,2H,0.005,0.02,0.008,148.0,0.0,-100.0,1127,416,711,36.912,100.0,0.694,-4.11,8764,0.37,-99.75,0.0,-100.0,0.0,-99.86
ETH-USDT-SWAP,15m,2H,0.005,0.02,0.01,148.0,0.0,-100.0,1127,431,696,38.243,100.0,0.734,-4.11,8764,0.55,-99.63,0.0,-100.0,0.0,-99.9
ETH-USDT-SWAP,15m,2H,0.005,0.02,0.015,148.0,0.0,-100.0,1127,457,670,40.55,100.0,0.691,-4.11,8764,0.32,-99.78,0.0,-100.0,0.0,-99.78
ETH-USDT-SWAP,15m,2H,0.005,0.02,0.02,148.0,0.0,-100.0,1127,464,663,41.171,100.0,0.674,-4.11,8764,0.17,-99.89,0.0,-99.99,0.0,-99.75
ETH-USDT-SWAP,15m,2H,0.005,0.02,0.025,148.0,0.0,-100.0,1127,465,662,41.26,100.0,0.678,-4.11,8764,0.3,-99.8,0.0,-100.0,0.0,-99.83
ETH-USDT-SWAP,15m,2H,0.005,0.02,0.03,148.0,0.0,-100.0,1127,465,662,41.26,100.0,0.664,-4.11,8764,0.21,-99.86,0.0,-100.0,0.0,-99.92
ETH-USDT-SWAP,15m,2H,0.005,0.03,0.005,148.0,0.0,-100.0,1127,355,772,31.5,100.0,0.552,-4.11,8764,0.15,-99.9,0.0,-100.0,0.0,-99.88
ETH-USDT-SWAP,15m,2H,0.005,0.03,0.008,148.0,0.0,-100.0,1127,407,720,36.114,100.0,0.686,-4.11,8764,0.24,-99.84,0.0,-100.0,0.0,-99.93
ETH-USDT-SWAP,15m,2H,0.005,0.03,0.01,148.0,0.0,-100.0,1127,420,707,37.267,100.0,0.681,-4.11,8764,0.26,-99.83,0.0,-100.0,0.0,-99.95
ETH-USDT-SWAP,15m,2H,0.005,0.03,0.015,148.0,0.0,-100.0,1127,447,680,39.663,100.0,0.7,-4.11,8764,0.25,-99.83,0.0,-100.0,0.0,-99.89
ETH-USDT-SWAP,15m,2H,0.005,0.03,0.02,148.0,0.0,-100.0,1127,452,675,40.106,100.0,0.683,-4.11,8764,0.13,-99.91,0.0,-100.0,0.0,-99.88
ETH-USDT-SWAP,15m,2H,0.005,0.03,0.025,148.0,0.0,-100.0,1127,453,674,40.195,100.0,0.686,-4.11,8764,0.25,-99.83,0.0,-100.0,0.0,-99.92
ETH-USDT-SWAP,15m,2H,0.005,0.03,0.03,148.0,0.0,-100.0,1127,453,674,40.195,100.0,0.671,-4.11,8764,0.18,-99.88,0.0,-100.0,0.0,-99.96
ETH-USDT-SWAP,15m,2H,0.007,0.004,0.005,148.0,0.123,-99.917,809,543,266,67.12,99.946,0.638,-4.106,8764,23.29,-84.27,0.74,-96.82,0.12,-83.38
ETH-USDT-SWAP,15m,2H,0.007,0.004,0.008,148.0,89.236,-39.706,809,653,156,80.717,83.669,0.964,-1.632,8764,181.84,22.87,104.41,-42.59,89.24,-14.53
ETH-USDT-SWAP,15m,2H,0.007,0.004,0.01,148.0,751.517,407.782,809,683,126,84.425,78.591,1.12,16.758,8764,489.83,230.97,633.5,29.33,751.52,18.63
ETH-USDT-SWAP,15m,2H,0.007,0.004,0.015,148.0,22709.439,15244.215,809,718,91,88.752,55.814,1.524,626.475,8764,855.33,477.92,9617.77,1024.46,22709.44,136.12
ETH-USDT-SWAP,15m,2H,0.007,0.004,0.02,148.0,62366.331,42039.413,809,735,74,90.853,43.287,1.998,1727.647,8764,1732.88,1070.87,46180.03,2564.93,62366.33,35.05
ETH-USDT-SWAP,15m,2H,0.007,0.004,0.025,148.0,60597.641,40844.352,809,738,71,91.224,41.057,1.999,1678.535,8764,1517.84,925.57,45005.92,2865.13,60597.64,34.64
ETH-USDT-SWAP,15m,2H,0.007,0.004,0.03,148.0,84418.876,56939.781,809,744,65,91.965,38.582,2.552,2339.991,8764,2226.99,1404.72,63172.16,2736.66,84418.88,33.63
ETH-USDT-SWAP,15m,2H,0.007,0.006,0.005,148.0,0.595,-99.598,809,450,359,55.624,99.787,0.717,-4.093,8764,23.16,-84.35,2.28,-90.17,0.59,-73.89
ETH-USDT-SWAP,15m,2H,0.007,0.006,0.008,148.0,244.125,64.949,809,538,271,66.502,78.838,1.035,2.669,8764,160.4,8.38,190.63,18.85,244.12,28.06
ETH-USDT-SWAP,15m,2H,0.007,0.006,0.01,148.0,1224.709,727.506,809,563,246,69.592,76.591,1.143,29.898,8764,374.44,153.0,740.68,97.81,1224.71,65.35
ETH-USDT-SWAP,15m,2H,0.007,0.006,0.015,148.0,18155.197,12167.025,809,593,216,73.3,62.136,1.396,500.015,8764,552.33,273.19,5299.9,859.56,18155.2,242.56
ETH-USDT-SWAP,15m,2H,0.007,0.006,0.02,148.0,55618.113,37479.806,809,608,201,75.155,51.035,1.582,1540.266,8764,895.28,504.92,33017.68,3587.99,55618.11,68.45
ETH-USDT-SWAP,15m,2H,0.007,0.006,0.025,148.0,50600.402,34089.461,809,611,198,75.525,62.337,1.582,1400.937,8764,770.89,420.87,28233.25,3562.44,50600.4,79.22
ETH-USDT-SWAP,15m,2H,0.007,0.006,0.03,148.0,78214.864,52747.881,809,617,192,76.267,47.037,1.725,2167.721,8764,1073.92,625.62,50342.72,4587.77,78214.86,55.36
ETH-USDT-SWAP,15m,2H,0.007,0.008,0.005,148.0,0.637,-99.57,809,393,416,48.578,99.784,0.753,-4.092,8764,26.63,-82.01,2.73,-89.76,0.64,-76.63
ETH-USDT-SWAP,15m,2H,0.007,0.008,0.008,148.0,39.823,-73.092,809,459,350,56.737,90.916,0.94,-3.004,8764,132.97,-10.16,56.48,-57.53,39.82,-29.49
ETH-USDT-SWAP,15m,2H,0.007,0.008,0.01,148.0,164.393,11.076,809,482,327,59.58,85.082,1.005,0.455,8764,269.54,82.12,160.96,-40.28,164.39,2.13
ETH-USDT-SWAP,15m,2H,0.007,0.008,0.015,148.0,1007.18,580.527,809,506,303,62.546,78.821,1.084,23.857,8764,332.03,124.34,726.78,118.89,1007.18,38.58
ETH-USDT-SWAP,15m,2H,0.007,0.008,0.02,148.0,3303.285,2131.949,809,518,291,64.03,71.819,1.109,87.614,8764,359.96,143.22,2805.56,679.4,3303.28,17.74
ETH-USDT-SWAP,15m,2H,0.007,0.008,0.025,148.0,2449.959,1555.378,809,521,288,64.4,72.289,1.115,63.92,8764,290.01,95.95,1990.55,586.38,2449.96,23.08
ETH-USDT-SWAP,15m,2H,0.007,0.008,0.03,148.0,12577.113,8398.05,809,527,282,65.142,72.37,1.156,345.125,8764,531.55,259.15,7993.81,1403.87,12577.11,57.34
ETH-USDT-SWAP,15m,2H,0.007,0.01,0.005,148.0,0.025,-99.983,809,337,472,41.656,99.989,0.686,-4.109,8764,10.82,-92.69,0.27,-97.48,0.02,-90.89
ETH-USDT-SWAP,15m,2H,0.007,0.01,0.008,148.0,0.345,-99.767,809,391,418,48.331,99.87,0.821,-4.1,8764,30.12,-79.65,1.87,-93.81,0.34,-81.52
ETH-USDT-SWAP,15m,2H,0.007,0.01,0.01,148.0,1.039,-99.298,809,412,397,50.927,99.607,0.845,-4.081,8764,47.47,-67.93,3.21,-93.24,1.04,-67.63
ETH-USDT-SWAP,15m,2H,0.007,0.01,0.015,148.0,2.906,-98.036,809,433,376,53.523,98.974,0.844,-4.029,8764,34.36,-76.79,6.51,-81.06,2.91,-55.33
ETH-USDT-SWAP,15m,2H,0.007,0.01,0.02,148.0,5.445,-96.321,809,443,366,54.759,98.331,0.88,-3.958,8764,33.28,-77.51,15.75,-52.69,5.44,-65.42
ETH-USDT-SWAP,15m,2H,0.007,0.01,0.025,148.0,3.616,-97.557,809,445,364,55.006,98.954,0.867,-4.009,8764,32.8,-77.84,10.49,-68.0,3.62,-65.54
ETH-USDT-SWAP,15m,2H,0.007,0.01,0.03,148.0,19.058,-87.123,809,451,358,55.748,94.08,0.926,-3.58,8764,61.24,-58.62,41.74,-31.84,19.06,-54.35
ETH-USDT-SWAP,15m,2H,0.007,0.012,0.005,148.0,0.001,-99.999,809,303,506,37.454,100.0,0.664,-4.11,8764,5.77,-96.1,0.03,-99.53,0.0,-96.09
ETH-USDT-SWAP,15m,2H,0.007,0.012,0.008,148.0,0.005,-99.997,809,349,460,43.14,99.998,0.787,-4.109,8764,13.39,-90.95,0.11,-99.21,0.01,-95.16
ETH-USDT-SWAP,15m,2H,0.007,0.012,0.01,148.0,0.015,-99.99,809,372,437,45.983,99.995,0.797,-4.109,8764,15.98,-89.2,0.17,-98.91,0.01,-91.41
ETH-USDT-SWAP,15m,2H,0.007,0.012,0.015,148.0,0.02,-99.987,809,390,419,48.208,99.993,0.755,-4.109,8764,8.33,-94.37,0.19,-97.67,0.02,-89.72
ETH-USDT-SWAP,15m,2H,0.007,0.012,0.02,148.0,0.029,-99.981,809,399,410,49.32,99.99,0.791,-4.109,8764,9.27,-93.74,0.34,-96.28,0.03,-91.73
ETH-USDT-SWAP,15m,2H,0.007,0.012,0.025,148.0,0.022,-99.985,809,401,408,49.567,99.993,0.79,-4.109,8764,9.31,-93.71,0.28,-97.01,0.02,-92.15
ETH-USDT-SWAP,15m,2H,0.007,0.012,0.03,148.0,0.106,-99.929,809,407,402,50.309,99.964,0.811,-4.107,8764,17.7,-88.04,1.12,-93.69,0.11,-90.55
ETH-USDT-SWAP,15m,2H,0.007,0.015,0.005,148.0,0.0,-100.0,809,278,531,34.363,100.0,0.634,-4.11,8764,3.24,-97.81,0.0,-99.91,0.0,-98.17
ETH-USDT-SWAP,15m,2H,0.007,0.015,0.008,148.0,0.0,-100.0,809,320,489,39.555,100.0,0.763,-4.11,8764,7.04,-95.24,0.01,-99.9,0.0,-97.61
ETH-USDT-SWAP,15m,2H,0.007,0.015,0.01,148.0,0.0,-100.0,809,341,468,42.151,100.0,0.745,-4.11,8764,6.26,-95.77,0.01,-99.85,0.0,-96.44
ETH-USDT-SWAP,15m,2H,0.007,0.015,0.015,148.0,0.0,-100.0,809,357,452,44.129,100.0,0.701,-4.11,8764,3.3,-97.77,0.01,-99.81,0.0,-95.37
ETH-USDT-SWAP,15m,2H,0.007,0.015,0.02,148.0,0.0,-100.0,809,364,445,44.994,100.0,0.697,-4.11,8764,2.42,-98.37,0.01,-99.78,0.0,-96.5
ETH-USDT-SWAP,15m,2H,0.007,0.015,0.025,148.0,0.0,-100.0,809,366,443,45.241,100.0,0.69,-4.11,8764,3.09,-97.92,0.0,-99.85,0.0,-97.57
ETH-USDT-SWAP,15m,2H,0.007,0.015,0.03,148.0,0.0,-100.0,809,370,439,45.735,100.0,0.705,-4.11,8764,6.8,-95.41,0.01,-99.89,0.0,-96.85
ETH-USDT-SWAP,15m,2H,0.007,0.02,0.005,148.0,0.0,-100.0,809,263,546,32.509,100.0,0.662,-4.11,8764,4.13,-97.21,0.0,-99.97,0.0,-99.3
ETH-USDT-SWAP,15m,2H,0.007,0.02,0.008,148.0,0.0,-100.0,809,296,513,36.588,100.0,0.779,-4.11,8764,6.43,-95.65,0.0,-99.98,0.0,-99.54
ETH-USDT-SWAP,15m,2H,0.007,0.02,0.01,148.0,0.0,-100.0,809,316,493,39.061,100.0,0.759,-4.11,8764,5.72,-96.14,0.0,-99.98,0.0,-99.44
ETH-USDT-SWAP,15m,2H,0.007,0.02,0.015,148.0,0.0,-100.0,809,332,477,41.038,100.0,0.712,-4.11,8764,3.02,-97.96,0.0,-99.97,0.0,-99.06
ETH-USDT-SWAP,15m,2H,0.007,0.02,0.02,148.0,0.0,-100.0,809,338,471,41.78,100.0,0.706,-4.11,8764,2.21,-98.51,0.0,-99.98,0.0,-99.33
ETH-USDT-SWAP,15m,2H,0.007,0.02,0.025,148.0,0.0,-100.0,809,340,469,42.027,100.0,0.7,-4.11,8764,2.94,-98.01,0.0,-99.99,0.0,-99.57
ETH-USDT-SWAP,15m,2H,0.007,0.02,0.03,148.0,0.0,-100.0,809,342,467,42.274,100.0,0.713,-4.11,8764,6.77,-95.42,0.0,-99.99,0.0,-99.56
ETH-USDT-SWAP,15m,2H,0.007,0.03,0.005,148.0,0.0,-100.0,809,254,555,31.397,100.0,0.598,-4.11,8764,1.96,-98.68,0.0,-99.99,0.0,-99.58
ETH-USDT-SWAP,15m,2H,0.007,0.03,0.008,148.0,0.0,-100.0,809,285,524,35.229,100.0,0.674,-4.11,8764,2.0,-98.65,0.0,-100.0,0.0,-99.8
ETH-USDT-SWAP,15m,2H,0.007,0.03,0.01,148.0,0.0,-100.0,809,306,503,37.824,100.0,0.656,-4.11,8764,1.7,-98.85,0.0,-99.99,0.0,-99.72
ETH-USDT-SWAP,15m,2H,0.007,0.03,0.015,148.0,0.0,-100.0,809,322,487,39.802,100.0,0.686,-4.11,8764,1.51,-98.98,0.0,-99.99,0.0,-99.49
ETH-USDT-SWAP,15m,2H,0.007,0.03,0.02,148.0,0.0,-100.0,809,326,483,40.297,100.0,0.68,-4.11,8764,1.11,-99.25,0.0,-100.0,0.0,-99.64
ETH-USDT-SWAP,15m,2H,0.007,0.03,0.025,148.0,0.0,-100.0,809,328,481,40.544,100.0,0.675,-4.11,8764,1.6,-98.92,0.0,-100.0,0.0,-99.76
ETH-USDT-SWAP,15m,2H,0.007,0.03,0.03,148.0,0.0,-100.0,809,330,479,40.791,100.0,0.681,-4.11,8764,3.26,-97.8,0.0,-100.0,0.0,-99.76
ETH-USDT-SWAP,15m,2H,0.01,0.004,0.005,148.0,2.151,-98.546,526,361,165,68.631,98.888,0.669,-4.05,8764,81.75,-44.76,5.52,-93.24,2.15,-61.05
ETH-USDT-SWAP,15m,2H,0.01,0.004,0.008,148.0,64.525,-56.402,526,427,99,81.179,86.533,0.905,-2.318,8764,242.6,63.92,50.6,-79.14,64.53,27.53
ETH-USDT-SWAP,15m,2H,0.01,0.004,0.01,148.0,64.042,-56.728,526,439,87,83.46,82.301,0.899,-2.331,8764,189.44,28.0,65.15,-65.61,64.04,-1.69
ETH-USDT-SWAP,15m,2H,0.01,0.004,0.015,148.0,1524.627,930.154,526,471,55,89.544,55.8,1.343,38.225,8764,425.65,187.6,1078.92,153.48,1524.63,41.31
ETH-USDT-SWAP,15m,2H,0.01,0.004,0.02,148.0,1403.838,848.539,526,477,49,90.684,62.27,1.289,34.871,8764,567.71,283.59,975.82,71.89,1403.84,43.86
ETH-USDT-SWAP,15m,2H,0.01,0.004,0.025,148.0,2469.001,1568.244,526,481,45,91.445,70.67,1.3,64.448,8764,694.8,369.46,2728.84,292.75,2469.0,-9.52
ETH-USDT-SWAP,15m,2H,0.01,0.004,0.03,148.0,14552.947,9733.072,526,488,38,92.776,54.256,1.731,399.989,8764,970.82,555.96,7831.26,706.67,14552.95,85.83
ETH-USDT-SWAP,15m,2H,0.01,0.006,0.005,148.0,228.368,54.303,526,334,192,63.498,66.204,1.031,2.232,8764,270.62,82.85,218.36,-19.31,228.37,4.58
ETH-USDT-SWAP,15m,2H,0.01,0.006,0.008,148.0,16759.407,11223.924,526,396,130,75.285,69.729,1.641,461.257,8764,927.67,526.8,3510.4,278.41,16759.41,377.42
ETH-USDT-SWAP,15m,2H,0.01,0.006,0.01,148.0,15257.82,10209.338,526,406,120,77.186,76.932,1.493,419.562,8764,722.63,388.27,4922.72,581.22,15257.82,209.95
ETH-USDT-SWAP,15m,2H,0.01,0.006,0.015,148.0,75846.406,51147.571,526,438,88,83.27,50.339,2.082,2101.955,8764,1720.33,1062.39,49181.33,2758.83,75846.41,54.22
ETH-USDT-SWAP,15m,2H,0.01,0.006,0.02,148.0,77952.43,52570.561,526,444,82,84.411,44.632,1.961,2160.434,8764,2560.46,1630.04,50472.21,1871.22,77952.43,54.45
ETH-USDT-SWAP,15m,2H,0.01,0.006,0.025,148.0,84748.503,57162.502,526,447,79,84.981,54.612,2.13,2349.144,8764,2448.19,1554.19,63268.29,2484.28,84748.5,33.95
ETH-USDT-SWAP,15m,2H,0.01,0.006,0.03,148.0,113501.226,76590.017,526,454,72,86.312,45.399,2.709,3147.535,8764,3487.84,2256.65,81821.01,2245.89,113501.23,38.72
ETH-USDT-SWAP,15m,2H,0.01,0.008,0.005,148.0,405.222,173.799,526,294,232,55.894,63.389,1.055,7.142,8764,418.76,182.94,321.35,-23.26,405.22,26.1
ETH-USDT-SWAP,15m,2H,0.01,0.008,0.008,148.0,26675.05,17923.682,526,352,174,66.92,62.099,1.496,736.59,8764,1561.31,954.94,5783.54,270.43,26675.05,361.22
ETH-USDT-SWAP,15m,2H,0.01,0.008,0.01,148.0,30694.274,20639.375,526,362,164,68.821,71.693,1.489,848.193,8764,1273.44,760.44,7441.83,484.39,30694.27,312.46
ETH-USDT-SWAP,15m,2H,0.01,0.008,0.015,148.0,86743.865,58510.72,526,388,138,73.764,57.752,1.805,2404.55,8764,2148.86,1351.93,56872.4,2546.63,86743.87,52.52
ETH-USDT-SWAP,15m,2H,0.01,0.008,0.02,148.0,89347.346,60269.828,526,394,132,74.905,54.894,1.74,2476.842,8764,3399.08,2196.67,59560.74,1652.26,89347.35,50.01
ETH-USDT-SWAP,15m,2H,0.01,0.008,0.025,148.0,95283.875,64280.997,526,397,129,75.475,57.705,1.839,2641.685,8764,3250.04,2095.97,72559.46,2132.57,95283.88,31.32
ETH-USDT-SWAP,15m,2H,0.01,0.008,0.03,148.0,124877.459,84276.661,526,404,122,76.806,44.349,2.177,3463.424,8764,4719.24,3088.67,91848.04,1846.25,124877.46,35.96
ETH-USDT-SWAP,15m,2H,0.01,0.01,0.005,148.0,55.154,-62.734,526,252,274,47.909,87.435,0.944,-2.578,8764,192.28,29.92,49.17,-74.43,55.15,12.16
ETH-USDT-SWAP,15m,2H,0.01,0.01,0.008,148.0,3039.133,1953.468,526,305,221,57.985,68.878,1.265,80.28,8764,684.55,362.53,765.77,11.86,3039.13,296.87
ETH-USDT-SWAP,15m,2H,0.01,0.01,0.01,148.0,3189.147,2054.829,526,315,211,59.886,73.767,1.251,84.445,8764,510.18,244.72,916.11,79.57,3189.15,248.12
ETH-USDT-SWAP,15m,2H,0.01,0.01,0.015,148.0,29816.902,20046.555,526,336,190,63.878,59.944,1.399,823.831,8764,720.92,387.11,8183.9,1035.21,29816.9,264.34
ETH-USDT-SWAP,15m,2H,0.01,0.01,0.02,148.0,13971.68,9340.324,526,341,185,64.829,74.98,1.33,383.849,8764,819.09,453.44,3277.58,300.15,13971.68,326.28
ETH-USDT-SWAP,15m,2H,0.01,0.01,0.025,148.0,13861.747,9266.045,526,344,182,65.399,62.459,1.265,380.796,8764,685.62,363.26,6068.62,785.12,13861.75,128.42
ETH-USDT-SWAP,15m,2H,0.01,0.01,0.03,148.0,48528.214,32689.334,526,349,177,66.35,61.882,1.379,1343.397,8764,1258.56,750.38,20411.48,1521.81,48528.21,137.75
ETH-USDT-SWAP,15m,2H,0.01,0.012,0.005,148.0,6.08,-95.892,526,224,302,42.586,98.001,0.872,-3.941,8764,112.27,-24.14,14.54,-87.05,6.08,-58.19
ETH-USDT-SWAP,15m,2H,0.01,0.012,0.008,148.0,218.837,47.863,526,273,253,51.901,85.901,1.021,1.967,8764,289.64,95.7,138.77,-52.09,218.84,57.7
ETH-USDT-SWAP,15m,2H,0.01,0.012,0.01,148.0,199.536,34.822,526,282,244,53.612,85.867,1.016,1.431,8764,201.74,36.31,148.77,-26.26,199.54,34.13
ETH-USDT-SWAP,15m,2H,0.01,0.012,0.015,148.0,1104.024,645.962,526,300,226,57.034,74.714,1.077,26.546,8764,239.01,61.49,868.68,263.45,1104.02,27.09
ETH-USDT-SWAP,15m,2H,0.01,0.012,0.02,148.0,491.808,232.303,526,305,221,57.985,91.09,1.036,9.547,8764,290.8,96.48,386.75,33.0,491.81,27.17
ETH-USDT-SWAP,15m,2H,0.01,0.012,0.025,148.0,566.694,282.901,526,308,218,58.555,81.702,1.036,11.626,8764,243.41,64.47,888.86,265.16,566.69,-36.24
ETH-USDT-SWAP,15m,2H,0.01,0.012,0.03,148.0,3040.365,1954.3,526,313,213,59.506,79.768,1.071,80.314,8764,455.1,207.5,3256.93,615.66,3040.36,-6.65
ETH-USDT-SWAP,15m,2H,0.01,0.015,0.005,148.0,0.141,-99.904,526,196,330,37.262,99.945,0.791,-4.106,8764,64.94,-56.12,0.73,-98.87,0.14,-80.76
ETH-USDT-SWAP,15m,2H,0.01,0.015,0.008,148.0,1.49,-98.993,526,241,285,45.817,99.43,0.828,-4.068,8764,86.39,-41.63,2.55,-97.05,1.49,-41.55
ETH-USDT-SWAP,15m,2H,0.01,0.015,0.01,148.0,0.929,-99.372,526,250,276,47.529,99.624,0.782,-4.084,8764,53.76,-63.68,1.89,-96.47,0.93,-50.96
ETH-USDT-SWAP,15m,2H,0.01,0.015,0.015,148.0,1.814,-98.774,526,264,262,50.19,99.341,0.777,-4.059,8764,31.39,-78.79,3.84,-87.77,1.81,-52.74
ETH-USDT-SWAP,15m,2H,0.01,0.015,0.02,148.0,0.713,-99.518,526,269,257,51.141,99.794,0.83,-4.09,8764,56.59,-61.77,1.56,-97.24,0.71,-54.36
ETH-USDT-SWAP,15m,2H,0.01,0.015,0.025,148.0,0.662,-99.552,526,272,254,51.711,99.795,0.817,-4.091,8764,47.37,-68.0,3.09,-93.47,0.66,-78.59
ETH-USDT-SWAP,15m,2H,0.01,0.015,0.03,148.0,3.851,-97.398,526,277,249,52.662,98.721,0.876,-4.003,8764,90.97,-38.53,13.26,-85.42,3.85,-70.96
ETH-USDT-SWAP,15m,2H,0.01,0.02,0.005,148.0,0.007,-99.995,526,178,348,33.84,99.998,0.783,-4.109,8764,46.59,-68.52,0.11,-99.77,0.01,-93.27
ETH-USDT-SWAP,15m,2H,0.01,0.02,0.008,148.0,0.046,-99.969,526,220,306,41.825,99.986,0.776,-4.108,8764,54.1,-63.44,0.28,-99.48,0.05,-83.78
ETH-USDT-SWAP,15m,2H,0.01,0.02,0.01,148.0,0.034,-99.977,526,229,297,43.536,99.989,0.727,-4.109,8764,31.46,-78.74,0.16,-99.48,0.03,-79.3
ETH-USDT-SWAP,15m,2H,0.01,0.02,0.015,148.0,0.029,-99.98,526,241,285,45.817,99.991,0.696,-4.109,8764,16.84,-88.62,0.15,-99.08,0.03,-81.19
ETH-USDT-SWAP,15m,2H,0.01,0.02,0.02,148.0,0.006,-99.996,526,245,281,46.578,99.998,0.72,-4.109,8764,27.9,-81.15,0.05,-99.83,0.01,-86.57
ETH-USDT-SWAP,15m,2H,0.01,0.02,0.025,148.0,0.004,-99.998,526,247,279,46.958,99.999,0.707,-4.109,8764,23.77,-83.94,0.06,-99.76,0.0,-93.57
ETH-USDT-SWAP,15m,2H,0.01,0.02,0.03,148.0,0.006,-99.996,526,249,277,47.338,99.998,0.741,-4.109,8764,49.96,-66.24,0.08,-99.83,0.01,-92.4
ETH-USDT-SWAP,15m,2H,0.01,0.03,0.005,148.0,0.001,-99.999,526,171,355,32.51,100.0,0.65,-4.11,8764,18.41,-87.56,0.03,-99.84,0.0,-96.33
ETH-USDT-SWAP,15m,2H,0.01,0.03,0.008,148.0,0.005,-99.997,526,212,314,40.304,99.998,0.711,-4.109,8764,29.46,-80.1,0.08,-99.72,0.01,-93.91
ETH-USDT-SWAP,15m,2H,0.01,0.03,0.01,148.0,0.002,-99.998,526,219,307,41.635,99.999,0.668,-4.11,8764,17.13,-88.42,0.03,-99.81,0.0,-92.59
ETH-USDT-SWAP,15m,2H,0.01,0.03,0.015,148.0,0.002,-99.999,526,231,295,43.916,99.999,0.641,-4.11,8764,9.17,-93.81,0.02,-99.74,0.0,-91.84
ETH-USDT-SWAP,15m,2H,0.01,0.03,0.02,148.0,0.0,-100.0,526,235,291,44.677,100.0,0.665,-4.11,8764,16.48,-88.86,0.01,-99.95,0.0,-94.17
ETH-USDT-SWAP,15m,2H,0.01,0.03,0.025,148.0,0.0,-100.0,526,236,290,44.867,100.0,0.655,-4.11,8764,14.04,-90.51,0.01,-99.94,0.0,-97.21
ETH-USDT-SWAP,15m,2H,0.01,0.03,0.03,148.0,0.0,-100.0,526,238,288,45.247,100.0,0.674,-4.11,8764,26.92,-81.81,0.01,-99.96,0.0,-96.7
ETH-USDT-SWAP,30m,4H,0.001,0.004,0.005,148.0,0.0,-100.0,1164,731,433,62.801,100.0,0.414,-4.104,4388,4.35,-97.06,0.01,-99.88,0.0,-98.21
ETH-USDT-SWAP,30m,4H,0.001,0.004,0.008,148.0,1.422,-99.039,1164,894,270,76.804,99.304,0.675,-4.065,4388,31.2,-78.92,4.08,-86.94,1.42,-65.1
ETH-USDT-SWAP,30m,4H,0.001,0.004,0.01,148.0,29.688,-79.941,1164,940,224,80.756,92.152,0.879,-3.281,4388,116.98,-20.96,34.46,-70.54,29.69,-13.85
ETH-USDT-SWAP,30m,4H,0.001,0.004,0.015,148.0,1394.737,842.39,1164,986,178,84.708,85.638,1.129,34.571,4388,649.03,338.54,1057.5,62.93,1394.74,31.89
ETH-USDT-SWAP,30m,4H,0.001,0.004,0.02,148.0,5000.735,3278.875,1164,1002,162,86.082,82.76,1.243,134.564,4388,737.2,398.11,2465.11,234.39,5000.74,102.86
ETH-USDT-SWAP,30m,4H,0.001,0.004,0.025,148.0,18267.223,12242.718,1164,1011,153,86.856,72.316,1.463,502.437,4388,679.33,359.01,4189.54,516.71,18267.22,336.02
ETH-USDT-SWAP,30m,4H,0.001,0.004,0.03,148.0,23457.91,15749.939,1164,1015,149,87.199,70.747,1.435,646.372,4388,957.4,546.89,7194.66,651.48,23457.91,226.05
ETH-USDT-SWAP,30m,4H,0.001,0.006,0.005,148.0,0.0,-100.0,1164,571,593,49.055,100.0,0.541,-4.104,4388,5.8,-96.08,0.0,-99.94,0.0,-99.42
ETH-USDT-SWAP,30m,4H,0.001,0.006,0.008,148.0,0.194,-99.869,1164,713,451,61.254,99.909,0.739,-4.099,4388,34.16,-76.92,2.01,-94.11,0.19,-90.36
ETH-USDT-SWAP,30m,4H,0.001,0.006,0.01,148.0,4.079,-97.244,1164,757,407,65.034,98.575,0.878,-3.991,4388,127.58,-13.8,16.11,-87.37,4.08,-74.67
ETH-USDT-SWAP,30m,4H,0.001,0.006,0.015,148.0,91.881,-37.918,1164,799,365,68.643,92.836,0.992,-1.556,4388,738.49,398.98,298.04,-59.64,91.88,-69.17
ETH-USDT-SWAP,30m,4H,0.001,0.006,0.02,148.0,509.662,244.366,1164,818,346,70.275,88.951,1.023,10.029,4388,939.84,535.03,907.7,-3.42,509.66,-43.85
ETH-USDT-SWAP,30m,4H,0.001,0.006,0.025,148.0,365.586,147.018,1164,823,341,70.704,91.263,1.019,6.034,4388,810.34,447.52,548.2,-32.35,365.59,-33.31
ETH-USDT-SWAP,30m,4H,0.001,0.006,0.03,148.0,798.021,439.204,1164,827,337,71.048,87.819,1.035,18.025,4388,1005.0,579.05,1316.61,31.01,798.02,-39.39
ETH-USDT-SWAP,30m,4H,0.001,0.008,0.005,148.0,0.0,-100.0,1164,478,686,41.065,100.0,0.556,-4.104,4388,4.15,-97.2,0.0,-99.98,0.0,-99.65
ETH-USDT-SWAP,30m,4H,0.001,0.008,0.008,148.0,0.006,-99.996,1164,600,564,51.546,99.997,0.756,-4.104,4388,23.02,-84.45,0.17,-99.24,0.01,-96.62
ETH-USDT-SWAP,30m,4H,0.001,0.008,0.01,148.0,0.053,-99.964,1164,637,527,54.725,99.97,0.832,-4.102,4388,61.48,-58.46,0.68,-98.89,0.05,-92.2
ETH-USDT-SWAP,30m,4H,0.001,0.008,0.015,148.0,0.757,-99.489,1164,677,487,58.162,99.837,0.944,-4.083,4388,255.26,72.47,7.88,-96.91,0.76,-90.4
ETH-USDT-SWAP,30m,4H,0.001,0.008,0.02,148.0,6.567,-95.563,1164,695,469,59.708,98.895,0.969,-3.922,4388,407.91,175.61,31.11,-92.37,6.57,-78.89
ETH-USDT-SWAP,30m,4H,0.001,0.008,0.025,148.0,3.092,-97.911,1164,699,465,60.052,99.376,0.961,-4.018,4388,340.04,129.76,12.57,-96.3,3.09,-75.4
ETH-USDT-SWAP,30m,4H,0.001,0.008,0.03,148.0,8.545,-94.226,1164,703,461,60.395,98.592,0.973,-3.867,4388,392.72,165.35,36.87,-90.61,8.55,-76.83
ETH-USDT-SWAP,30m,4H,0.001,0.01,0.005,148.0,0.0,-100.0,1164,425,739,36.512,100.0,0.479,-4.104,4388,2.43,-98.36,0.0,-99.99,0.0,-99.66
ETH-USDT-SWAP,30m,4H,0.001,0.01,0.008,148.0,0.0,-100.0,1164,528,636,45.361,100.0,0.578,-4.104,4388,7.17,-95.16,0.01,-99.82,0.0,-98.37
ETH-USDT-SWAP,30m,4H,0.001,0.01,0.01,148.0,0.001,-99.999,1164,562,602,48.282,99.999,0.603,-4.104,4388,13.55,-90.85,0.02,-99.83,0.0,-94.95
ETH-USDT-SWAP,30m,4H,0.001,0.01,0.015,148.0,0.004,-99.997,1164,599,565,51.46,99.998,0.754,-4.104,4388,36.45,-75.37,0.08,-99.79,0.0,-94.24
ETH-USDT-SWAP,30m,4H,0.001,0.01,0.02,148.0,0.086,-99.942,1164,620,544,53.265,99.957,0.856,-4.102,4388,77.72,-47.48,0.73,-99.06,0.09,-88.24
ETH-USDT-SWAP,30m,4H,0.001,0.01,0.025,148.0,0.064,-99.957,1164,624,540,53.608,99.968,0.838,-4.102,4388,53.07,-64.14,0.49,-99.07,0.06,-86.98
ETH-USDT-SWAP,30m,4H,0.001,0.01,0.03,148.0,0.105,-99.929,1164,627,537,53.866,99.947,0.849,-4.101,4388,49.5,-66.56,0.92,-98.14,0.11,-88.58
ETH-USDT-SWAP,30m,4H,0.001,0.012,0.005,148.0,0.0,-100.0,1164,380,784,32.646,100.0,0.346,-4.104,4388,0.42,-99.71,0.0,-100.0,0.0,-99.81
ETH-USDT-SWAP,30m,4H,0.001,0.012,0.008,148.0,0.0,-100.0,1164,475,689,40.808,100.0,0.417,-4.104,4388,0.78,-99.47,0.0,-99.92,0.0,-99.33
ETH-USDT-SWAP,30m,4H,0.001,0.012,0.01,148.0,0.0,-100.0,1164,505,659,43.385,100.0,0.411,-4.104,4388,1.42,-99.04,0.0,-99.96,0.0,-97.87
ETH-USDT-SWAP,30m,4H,0.001,0.012,0.015,148.0,0.0,-100.0,1164,536,628,46.048,100.0,0.557,-4.104,4388,3.56,-97.6,0.0,-99.98,0.0,-98.34
ETH-USDT-SWAP,30m,4H,0.001,0.012,0.02,148.0,0.0,-100.0,1164,552,612,47.423,100.0,0.618,-4.104,4388,5.3,-96.42,0.0,-99.97,0.0,-96.99
ETH-USDT-SWAP,30m,4H,0.001,0.012,0.025,148.0,0.0,-100.0,1164,558,606,47.938,100.0,0.607,-4.104,4388,4.57,-96.91,0.0,-99.95,0.0,-97.08
ETH-USDT-SWAP,30m,4H,0.001,0.012,0.03,148.0,0.0,-100.0,1164,560,604,48.11,100.0,0.614,-4.104,4388,4.6,-96.89,0.0,-99.95,0.0,-97.47
ETH-USDT-SWAP,30m,4H,0.001,0.015,0.005,148.0,0.0,-100.0,1164,352,812,30.241,100.0,0.33,-4.104,4388,0.17,-99.89,0.0,-99.99,0.0,-99.91
ETH-USDT-SWAP,30m,4H,0.001,0.015,0.008,148.0,0.0,-100.0,1164,443,721,38.058,100.0,0.405,-4.104,4388,0.43,-99.71,0.0,-99.96,0.0,-99.65
ETH-USDT-SWAP,30m,4H,0.001,0.015,0.01,148.0,0.0,-100.0,1164,471,693,40.464,100.0,0.382,-4.104,4388,0.65,-99.56,0.0,-99.99,0.0,-98.93
ETH-USDT-SWAP,30m,4H,0.001,0.015,0.015,148.0,0.0,-100.0,1164,494,670,42.44,100.0,0.458,-4.104,4388,1.03,-99.31,0.0,-100.0,0.0,-99.18
ETH-USDT-SWAP,30m,4H,0.001,0.015,0.02,148.0,0.0,-100.0,1164,508,656,43.643,100.0,0.483,-4.104,4388,0.9,-99.39,0.0,-99.99,0.0,-98.66
ETH-USDT-SWAP,30m,4H,0.001,0.015,0.025,148.0,0.0,-100.0,1164,513,651,44.072,100.0,0.477,-4.104,4388,0.79,-99.47,0.0,-99.99,0.0,-98.95
ETH-USDT-SWAP,30m,4H,0.001,0.015,0.03,148.0,0.0,-100.0,1164,515,649,44.244,100.0,0.474,-4.104,4388,0.69,-99.54,0.0,-99.99,0.0,-99.09
ETH-USDT-SWAP,30m,4H,0.001,0.02,0.005,148.0,0.0,-100.0,1164,324,840,27.835,100.0,0.28,-4.104,4388,0.1,-99.93,0.0,-100.0,0.0,-99.97
ETH-USDT-SWAP,30m,4H,0.001,0.02,0.008,148.0,0.0,-100.0,1164,406,758,34.88,100.0,0.288,-4.104,4388,0.08,-99.95,0.0,-100.0,0.0,-99.96
ETH-USDT-SWAP,30m,4H,0.001,0.02,0.01,148.0,0.0,-100.0,1164,436,728,37.457,100.0,0.269,-4.104,4388,0.13,-99.91,0.0,-100.0,0.0,-99.87
ETH-USDT-SWAP,30m,4H,0.001,0.02,0.015,148.0,0.0,-100.0,1164,458,706,39.347,100.0,0.373,-4.104,4388,0.19,-99.87,0.0,-100.0,0.0,-99.92
ETH-USDT-SWAP,30m,4H,0.001,0.02,0.02,148.0,0.0,-100.0,1164,474,690,40.722,100.0,0.397,-4.104,4388,0.18,-99.88,0.0,-100.0,0.0,-99.83
ETH-USDT-SWAP,30m,4H,0.001,0.02,0.025,148.0,0.0,-100.0,1164,477,687,40.979,100.0,0.393,-4.104,4388,0.16,-99.89,0.0,-100.0,0.0,-99.84
ETH-USDT-SWAP,30m,4H,0.001,0.02,0.03,148.0,0.0,-100.0,1164,478,686,41.065,100.0,0.39,-4.104,4388,0.13,-99.91,0.0,-100.0,0.0,-99.86
ETH-USDT-SWAP,30m,4H,0.001,0.03,0.005,148.0,0.0,-100.0,1164,306,858,26.289,100.0,0.222,-4.104,4388,0.09,-99.94,0.0,-100.0,0.0,-99.99
ETH-USDT-SWAP,30m,4H,0.001,0.03,0.008,148.0,0.0,-100.0,1164,389,775,33.419,100.0,0.231,-4.104,4388,0.06,-99.96,0.0,-100.0,0.0,-99.99
ETH-USDT-SWAP,30m,4H,0.001,0.03,0.01,148.0,0.0,-100.0,1164,418,746,35.911,100.0,0.219,-4.104,4388,0.12,-99.92,0.0,-100.0,0.0,-99.98
ETH-USDT-SWAP,30m,4H,0.001,0.03,0.015,148.0,0.0,-100.0,1164,444,720,38.144,100.0,0.374,-4.104,4388,0.22,-99.85,0.0,-100.0,0.0,-99.98
ETH-USDT-SWAP,30m,4H,0.001,0.03,0.02,148.0,0.0,-100.0,1164,458,706,39.347,100.0,0.396,-4.104,4388,0.22,-99.85,0.0,-100.0,0.0,-99.96
ETH-USDT-SWAP,30m,4H,0.001,0.03,0.025,148.0,0.0,-100.0,1164,461,703,39.605,100.0,0.392,-4.104,4388,0.2,-99.86,0.0,-100.0,0.0,-99.97
ETH-USDT-SWAP,30m,4H,0.001,0.03,0.03,148.0,0.0,-100.0,1164,464,700,39.863,100.0,0.39,-4.104,4388,0.16,-99.89,0.0,-100.0,0.0,-99.94
ETH-USDT-SWAP,30m,4H,0.002,0.004,0.005,148.0,0.019,-99.987,1040,702,338,67.5,99.989,0.506,-4.103,4388,12.47,-91.57,0.21,-98.31,0.02,-90.96
ETH-USDT-SWAP,30m,4H,0.002,0.004,0.008,148.0,12.33,-91.669,1040,826,214,79.423,94.811,0.814,-3.762,4388,67.0,-54.73,19.52,-70.87,12.33,-36.82
ETH-USDT-SWAP,30m,4H,0.002,0.004,0.01,148.0,75.045,-49.294,1040,862,178,82.885,86.781,0.961,-2.023,4388,180.0,21.62,98.28,-45.4,75.04,-23.64
ETH-USDT-SWAP,30m,4H,0.002,0.004,0.015,148.0,6714.839,4437.053,1040,912,128,87.692,71.633,1.156,182.095,4388,1076.81,627.57,4730.67,339.32,6714.84,41.94
ETH-USDT-SWAP,30m,4H,0.002,0.004,0.02,148.0,35283.067,23739.91,1040,929,111,89.327,69.855,1.464,974.278,4388,1453.32,881.97,15577.12,971.83,35283.07,126.51
ETH-USDT-SWAP,30m,4H,0.002,0.004,0.025,148.0,62512.221,42137.987,1040,939,101,90.288,58.571,1.723,1729.329,4388,2557.9,1628.31,36398.11,1322.97,62512.22,71.75
ETH-USDT-SWAP,30m,4H,0.002,0.004,0.03,148.0,69823.688,47078.167,1040,943,97,90.673,69.997,1.784,1932.073,4388,3574.06,2314.9,46910.03,1212.51,69823.69,48.85
ETH-USDT-SWAP,30m,4H,0.002,0.006,0.005,148.0,0.051,-99.966,1040,567,473,54.519,99.972,0.633,-4.103,4388,16.78,-88.67,0.4,-97.61,0.05,-87.41
ETH-USDT-SWAP,30m,4H,0.002,0.006,0.008,148.0,28.202,-80.945,1040,675,365,64.904,93.845,0.891,-3.322,4388,58.46,-60.5,29.99,-48.7,28.2,-5.97
ETH-USDT-SWAP,30m,4H,0.002,0.006,0.01,148.0,177.301,19.798,1040,709,331,68.173,84.922,1.009,0.812,4388,129.9,-12.23,126.47,-2.64,177.3,40.19
ETH-USDT-SWAP,30m,4H,0.002,0.006,0.015,148.0,8965.235,5957.591,1040,753,287,72.404,73.789,1.127,244.498,4388,745.7,403.85,3674.79,392.79,8965.24,143.97
ETH-USDT-SWAP,30m,4H,0.002,0.006,0.02,148.0,44972.926,30287.112,1040,770,270,74.038,74.515,1.422,1242.973,4388,806.24,444.75,10715.78,1229.11,44972.93,319.69
ETH-USDT-SWAP,30m,4H,0.002,0.006,0.025,148.0,65849.622,44392.988,1040,778,262,74.808,68.122,1.496,1821.874,4388,1274.42,761.09,31013.73,2333.57,65849.62,112.32
ETH-USDT-SWAP,30m,4H,0.002,0.006,0.03,148.0,77305.243,52133.272,1040,783,257,75.288,78.756,1.553,2139.532,4388,1854.38,1152.96,41041.29,2113.21,77305.24,88.36
ETH-USDT-SWAP,30m,4H,0.002,0.008,0.005,148.0,0.003,-99.998,1040,467,573,44.904,99.998,0.645,-4.104,4388,13.13,-91.13,0.11,-99.17,0.0,-97.44
ETH-USDT-SWAP,30m,4H,0.002,0.008,0.008,148.0,1.311,-99.114,1040,567,473,54.519,99.341,0.853,-4.068,4388,58.02,-60.79,7.89,-86.4,1.31,-83.39
ETH-USDT-SWAP,30m,4H,0.002,0.008,0.01,148.0,5.006,-96.618,1040,597,443,57.404,98.187,0.913,-3.965,4388,103.39,-30.14,21.48,-79.23,5.01,-76.69
ETH-USDT-SWAP,30m,4H,0.002,0.008,0.015,148.0,110.144,-25.579,1040,637,403,61.25,92.492,0.996,-1.05,4388,491.52,232.11,240.07,-51.16,110.14,-54.12
ETH-USDT-SWAP,30m,4H,0.002,0.008,0.02,148.0,726.249,390.709,1040,652,388,62.692,91.76,1.023,16.035,4388,539.15,264.29,693.77,28.68,726.25,4.68
ETH-USDT-SWAP,30m,4H,0.002,0.008,0.025,148.0,507.408,242.843,1040,657,383,63.173,91.855,1.016,9.966,4388,425.2,187.3,680.0,59.92,507.41,-25.38
ETH-USDT-SWAP,30m,4H,0.002,0.008,0.03,148.0,1193.424,706.368,1040,662,378,63.654,92.073,1.026,28.989,4388,744.67,403.15,1616.5,117.08,1193.42,-26.17
ETH-USDT-SWAP,30m,4H,0.002,0.01,0.005,148.0,0.001,-99.999,1040,415,625,39.904,99.999,0.639,-4.104,4388,10.57,-92.86,0.03,-99.71,0.0,-96.4
ETH-USDT-SWAP,30m,4H,0.002,0.01,0.008,148.0,0.074,-99.95,1040,499,541,47.981,99.963,0.803,-4.102,4388,38.53,-73.96,0.54,-98.6,0.07,-86.37
ETH-USDT-SWAP,30m,4H,0.002,0.01,0.01,148.0,0.164,-99.889,1040,526,514,50.577,99.937,0.851,-4.099,4388,64.12,-56.67,0.87,-98.65,0.16,-81.08
ETH-USDT-SWAP,30m,4H,0.002,0.01,0.015,148.0,2.129,-98.562,1040,564,476,54.231,99.691,0.948,-4.045,4388,241.97,63.5,6.79,-97.2,2.13,-68.63
ETH-USDT-SWAP,30m,4H,0.002,0.01,0.02,148.0,25.191,-82.979,1040,580,460,55.769,96.538,0.974,-3.405,4388,329.93,122.92,38.14,-88.44,25.19,-33.95
ETH-USDT-SWAP,30m,4H,0.002,0.01,0.025,148.0,10.556,-92.868,1040,584,456,56.154,98.488,0.963,-3.811,4388,243.45,64.49,23.96,-90.16,10.56,-55.95
ETH-USDT-SWAP,30m,4H,0.002,0.01,0.03,148.0,18.291,-87.641,1040,587,453,56.442,98.242,0.974,-3.597,4388,335.53,126.71,41.06,-87.76,18.29,-55.46
ETH-USDT-SWAP,30m,4H,0.002,0.012,0.005,148.0,0.0,-100.0,1040,373,667,35.865,100.0,0.51,-4.104,4388,2.53,-98.29,0.0,-99.82,0.0,-98.53
ETH-USDT-SWAP,30m,4H,0.002,0.012,0.008,148.0,0.003,-99.998,1040,455,585,43.75,99.998,0.572,-4.104,4388,5.14,-96.53,0.04,-99.17,0.0,-93.01
ETH-USDT-SWAP,30m,4H,0.002,0.012,0.01,148.0,0.004,-99.997,1040,480,560,46.154,99.998,0.612,-4.104,4388,6.16,-95.84,0.04,-99.4,0.0,-89.97
ETH-USDT-SWAP,30m,4H,0.002,0.012,0.015,148.0,0.018,-99.988,1040,512,528,49.231,99.992,0.756,-4.103,4388,20.02,-86.48,0.12,-99.4,0.02,-85.36
ETH-USDT-SWAP,30m,4H,0.002,0.012,0.02,148.0,0.128,-99.913,1040,526,514,50.577,99.944,0.795,-4.1,4388,32.57,-77.99,0.34,-98.94,0.13,-62.77
ETH-USDT-SWAP,30m,4H,0.002,0.012,0.025,148.0,0.079,-99.947,1040,532,508,51.154,99.966,0.763,-4.102,4388,19.69,-86.7,0.32,-98.39,0.08,-75.17
ETH-USDT-SWAP,30m,4H,0.002,0.012,0.03,148.0,0.107,-99.928,1040,535,505,51.442,99.954,0.777,-4.101,4388,23.91,-83.85,0.42,-98.22,0.11,-74.89
ETH-USDT-SWAP,30m,4H,0.002,0.015,0.005,148.0,0.0,-100.0,1040,339,701,32.596,100.0,0.425,-4.104,4388,1.05,-99.29,0.0,-99.88,0.0,-99.58
ETH-USDT-SWAP,30m,4H,0.002,0.015,0.008,148.0,0.0,-100.0,1040,414,626,39.808,100.0,0.481,-4.104,4388,2.32,-98.43,0.0,-99.79,0.0,-98.54
ETH-USDT-SWAP,30m,4H,0.002,0.015,0.01,148.0,0.0,-100.0,1040,436,604,41.923,100.0,0.522,-4.104,4388,2.26,-98.47,0.0,-99.92,0.0,-97.35
ETH-USDT-SWAP,30m,4H,0.002,0.015,0.015,148.0,0.0,-100.0,1040,458,582,44.038,100.0,0.555,-4.104,4388,3.28,-97.78,0.0,-99.98,0.0,-97.27
ETH-USDT-SWAP,30m,4H,0.002,0.015,0.02,148.0,0.0,-100.0,1040,469,571,45.096,100.0,0.563,-4.104,4388,2.86,-98.07,0.0,-99.96,0.0,-95.64
ETH-USDT-SWAP,30m,4H,0.002,0.015,0.025,148.0,0.0,-100.0,1040,475,565,45.673,100.0,0.553,-4.104,4388,2.72,-98.16,0.0,-99.96,0.0,-97.47
ETH-USDT-SWAP,30m,4H,0.002,0.015,0.03,148.0,0.0,-100.0,1040,477,563,45.865,100.0,0.558,-4.104,4388,3.35,-97.73,0.0,-99.97,0.0,-97.44
ETH-USDT-SWAP,30m,4H,0.002,0.02,0.005,148.0,0.0,-100.0,1040,312,728,30.0,100.0,0.38,-4.104,4388,0.59,-99.6,0.0,-99.98,0.0,-99.82
ETH-USDT-SWAP,30m,4H,0.002,0.02,0.008,148.0,0.0,-100.0,1040,383,657,36.827,100.0,0.383,-4.104,4388,0.56,-99.62,0.0,-99.97,0.0,-99.65
ETH-USDT-SWAP,30m,4H,0.002,0.02,0.01,148.0,0.0,-100.0,1040,406,634,39.038,100.0,0.464,-4.104,4388,0.56,-99.62,0.0,-99.98,0.0,-99.5
ETH-USDT-SWAP,30m,4H,0.002,0.02,0.015,148.0,0.0,-100.0,1040,427,613,41.058,100.0,0.485,-4.104,4388,0.75,-99.49,0.0,-100.0,0.0,-99.43
ETH-USDT-SWAP,30m,4H,0.002,0.02,0.02,148.0,0.0,-100.0,1040,439,601,42.212,100.0,0.497,-4.104,4388,0.75,-99.5,0.0,-99.99,0.0,-99.15
ETH-USDT-SWAP,30m,4H,0.002,0.02,0.025,148.0,0.0,-100.0,1040,443,597,42.596,100.0,0.489,-4.104,4388,0.69,-99.53,0.0,-100.0,0.0,-99.44
ETH-USDT-SWAP,30m,4H,0.002,0.02,0.03,148.0,0.0,-100.0,1040,446,594,42.885,100.0,0.488,-4.104,4388,0.8,-99.46,0.0,-100.0,0.0,-99.09
ETH-USDT-SWAP,30m,4H,0.002,0.03,0.005,148.0,0.0,-100.0,1040,296,744,28.462,100.0,0.251,-4.104,4388,0.34,-99.77,0.0,-100.0,0.0,-99.95
ETH-USDT-SWAP,30m,4H,0.002,0.03,0.008,148.0,0.0,-100.0,1040,366,674,35.192,100.0,0.262,-4.104,4388,0.37,-99.75,0.0,-100.0,0.0,-99.93
ETH-USDT-SWAP,30m,4H,0.002,0.03,0.01,148.0,0.0,-100.0,1040,390,650,37.5,100.0,0.402,-4.104,4388,0.43,-99.71,0.0,-100.0,0.0,-99.89
ETH-USDT-SWAP,30m,4H,0.002,0.03,0.015,148.0,0.0,-100.0,1040,412,628,39.615,100.0,0.431,-4.104,4388,0.68,-99.54,0.0,-100.0,0.0,-99.83
ETH-USDT-SWAP,30m,4H,0.002,0.03,0.02,148.0,0.0,-100.0,1040,423,617,40.673,100.0,0.442,-4.104,4388,0.68,-99.54,0.0,-100.0,0.0,-99.74
ETH-USDT-SWAP,30m,4H,0.002,0.03,0.025,148.0,0.0,-100.0,1040,427,613,41.058,100.0,0.436,-4.104,4388,0.68,-99.54,0.0,-100.0,0.0,-99.84
ETH-USDT-SWAP,30m,4H,0.002,0.03,0.03,148.0,0.0,-100.0,1040,431,609,41.442,100.0,0.435,-4.104,4388,0.78,-99.47,0.0,-100.0,0.0,-99.64
ETH-USDT-SWAP,30m,4H,0.003,0.004,0.005,148.0,0.177,-99.88,918,633,285,68.954,99.909,0.561,-4.099,4388,19.83,-86.6,0.84,-95.78,0.18,-78.87
ETH-USDT-SWAP,30m,4H,0.003,0.004,0.008,148.0,20.312,-86.276,918,732,186,79.739,91.691,0.851,-3.541,4388,104.37,-29.48,21.84,-79.07,20.31,-7.01
ETH-USDT-SWAP,30m,4H,0.003,0.004,0.01,148.0,96.949,-34.494,918,762,156,83.007,90.527,0.975,-1.416,4388,322.85,118.14,78.67,-75.63,96.95,23.24
ETH-USDT-SWAP,30m,4H,0.003,0.004,0.015,148.0,2454.559,1558.485,918,807,111,87.908,75.85,1.152,63.96,4388,938.81,534.33,1678.23,78.76,2454.56,46.26
ETH-USDT-SWAP,30m,4H,0.003,0.004,0.02,148.0,30670.365,20623.22,918,826,92,89.978,60.095,1.436,846.37,4388,1479.3,899.53,12472.04,743.11,30670.37,145.91
ETH-USDT-SWAP,30m,4H,0.003,0.004,0.025,148.0,52042.665,35063.963,918,835,83,90.959,60.264,1.658,1439.014,4388,2633.81,1679.6,27093.11,928.66,52042.66,92.09
ETH-USDT-SWAP,30m,4H,0.003,0.004,0.03,148.0,71271.86,48056.662,918,841,77,91.612,72.14,2.002,1972.23,4388,3680.12,2386.57,38373.49,942.72,71271.86,85.73
ETH-USDT-SWAP,30m,4H,0.003,0.006,0.005,148.0,4.921,-96.675,918,542,376,59.041,97.469,0.765,-3.968,4388,30.74,-79.23,14.28,-53.53,4.92,-65.55
ETH-USDT-SWAP,30m,4H,0.003,0.006,0.008,148.0,713.207,381.896,918,631,287,68.736,75.334,1.093,15.673,4388,172.39,16.48,413.98,140.14,713.21,72.28
ETH-USDT-SWAP,30m,4H,0.003,0.006,0.01,148.0,3411.207,2204.87,918,659,259,71.786,82.821,1.127,90.487,4388,550.45,271.92,1621.13,194.51,3411.21,110.42
ETH-USDT-SWAP,30m,4H,0.003,0.006,0.015,148.0,55495.799,37397.161,918,700,218,76.253,61.154,1.45,1534.767,4388,1194.86,707.34,30476.0,2450.58,55495.8,82.1
ETH-USDT-SWAP,30m,4H,0.003,0.006,0.02,148.0,87503.774,59024.172,918,715,203,77.887,56.101,1.653,2422.333,4388,1286.01,768.93,57089.94,4339.29,87503.77,53.27
ETH-USDT-SWAP,30m,4H,0.003,0.006,0.025,148.0,98738.482,66615.19,918,721,197,78.54,55.148,1.636,2733.866,4388,2083.67,1307.89,68501.66,3187.54,98738.48,44.14
ETH-USDT-SWAP,30m,4H,0.003,0.006,0.03,148.0,123377.35,83263.074,918,728,190,79.303,63.748,1.872,3417.089,4388,3070.51,1974.67,80691.71,2527.96,123377.35,52.9
ETH-USDT-SWAP,30m,4H,0.003,0.008,0.005,148.0,1.497,-98.988,918,459,459,50.0,99.104,0.774,-4.062,4388,41.02,-72.28,8.59,-79.05,1.5,-82.58
ETH-USDT-SWAP,30m,4H,0.003,0.008,0.008,148.0,175.22,18.392,918,542,376,59.041,84.722,1.007,0.755,4388,205.65,38.95,157.98,-23.18,175.22,10.91
ETH-USDT-SWAP,30m,4H,0.003,0.008,0.01,148.0,578.54,290.906,918,567,351,61.765,88.89,1.038,11.939,4388,509.25,244.09,430.66,-15.43,578.54,34.34
ETH-USDT-SWAP,30m,4H,0.003,0.008,0.015,148.0,5354.362,3517.812,918,603,315,65.686,83.705,1.07,144.37,4388,1039.21,602.17,3353.23,222.67,5354.36,59.68
ETH-USDT-SWAP,30m,4H,0.003,0.008,0.02,148.0,40022.51,26942.237,918,618,300,67.32,80.596,1.256,1105.701,4388,1362.8,820.81,18020.03,1222.28,40022.51,122.1
ETH-USDT-SWAP,30m,4H,0.003,0.008,0.025,148.0,32129.647,21609.221,918,622,296,67.756,83.731,1.215,886.835,4388,1737.19,1073.78,13393.49,670.98,32129.65,139.89
ETH-USDT-SWAP,30m,4H,0.003,0.008,0.03,148.0,60113.198,40517.026,918,629,289,68.519,82.484,1.358,1662.805,4388,2868.54,1838.2,29651.78,933.69,60113.2,102.73
ETH-USDT-SWAP,30m,4H,0.003,0.01,0.005,148.0,0.074,-99.95,918,392,526,42.702,99.955,0.692,-4.102,4388,25.42,-82.83,0.91,-96.44,0.07,-91.86
ETH-USDT-SWAP,30m,4H,0.003,0.01,0.008,148.0,2.919,-98.028,918,465,453,50.654,98.798,0.894,-4.023,4388,114.07,-22.92,9.05,-92.06,2.92,-67.77
ETH-USDT-SWAP,30m,4H,0.003,0.01,0.01,148.0,10.102,-93.174,918,491,427,53.486,98.523,0.955,-3.824,4388,287.64,94.35,23.75,-91.74,10.1,-57.46
ETH-USDT-SWAP,30m,4H,0.003,0.01,0.015,148.0,55.501,-62.499,918,523,395,56.972,95.867,0.987,-2.565,4388,505.04,241.24,97.9,-80.62,55.5,-43.31
ETH-USDT-SWAP,30m,4H,0.003,0.01,0.02,148.0,338.408,128.654,918,536,382,58.388,90.688,1.01,5.28,4388,789.28,433.29,404.81,-48.71,338.41,-16.4
ETH-USDT-SWAP,30m,4H,0.003,0.01,0.025,148.0,120.94,-18.284,918,539,379,58.715,96.225,0.998,-0.75,4388,645.63,336.24,198.26,-69.29,120.94,-39.0
ETH-USDT-SWAP,30m,4H,0.003,0.01,0.03,148.0,1094.086,639.247,918,546,372,59.477,95.285,1.023,26.235,4388,1195.51,707.78,782.2,-34.57,1094.09,39.87
ETH-USDT-SWAP,30m,4H,0.003,0.012,0.005,148.0,0.005,-99.996,918,355,563,38.671,99.997,0.525,-4.104,4388,9.48,-93.59,0.1,-98.98,0.01,-94.37
ETH-USDT-SWAP,30m,4H,0.003,0.012,0.008,148.0,0.051,-99.965,918,419,499,45.643,99.972,0.616,-4.103,4388,20.69,-86.02,0.22,-98.92,0.05,-77.13
ETH-USDT-SWAP,30m,4H,0.003,0.012,0.01,148.0,0.092,-99.938,918,444,474,48.366,99.963,0.73,-4.101,4388,34.05,-76.99,0.27,-99.21,0.09,-65.76
ETH-USDT-SWAP,30m,4H,0.003,0.012,0.015,148.0,0.254,-99.828,918,473,445,51.525,99.895,0.777,-4.097,4388,43.67,-70.49,0.81,-98.15,0.25,-68.53
ETH-USDT-SWAP,30m,4H,0.003,0.012,0.02,148.0,3.161,-97.865,918,489,429,53.268,98.741,0.879,-4.016,4388,83.43,-43.63,6.23,-92.53,3.16,-49.3
ETH-USDT-SWAP,30m,4H,0.003,0.012,0.025,148.0,1.037,-99.299,918,492,426,53.595,99.587,0.833,-4.075,4388,52.3,-64.66,3.0,-94.27,1.04,-65.38
ETH-USDT-SWAP,30m,4H,0.003,0.012,0.03,148.0,2.905,-98.037,918,496,422,54.031,99.172,0.87,-4.023,4388,67.56,-54.35,5.54,-91.8,2.91,-47.53
ETH-USDT-SWAP,30m,4H,0.003,0.015,0.005,148.0,0.0,-100.0,918,318,600,34.641,100.0,0.435,-4.104,4388,4.19,-97.17,0.01,-99.71,0.0,-98.09
ETH-USDT-SWAP,30m,4H,0.003,0.015,0.008,148.0,0.0,-100.0,918,373,545,40.632,100.0,0.479,-4.104,4388,5.84,-96.06,0.01,-99.91,0.0,-92.92
ETH-USDT-SWAP,30m,4H,0.003,0.015,0.01,148.0,0.001,-100.0,918,397,521,43.246,100.0,0.661,-4.104,4388,11.74,-92.07,0.01,-99.93,0.0,-93.76
ETH-USDT-SWAP,30m,4H,0.003,0.015,0.015,148.0,0.0,-100.0,918,417,501,45.425,100.0,0.64,-4.104,4388,10.59,-92.84,0.0,-99.97,0.0,-94.35
ETH-USDT-SWAP,30m,4H,0.003,0.015,0.02,148.0,0.0,-100.0,918,427,491,46.514,100.0,0.667,-4.104,4388,13.19,-91.09,0.01,-99.95,0.0,-94.25
ETH-USDT-SWAP,30m,4H,0.003,0.015,0.025,148.0,0.0,-100.0,918,432,486,47.059,100.0,0.657,-4.104,4388,12.56,-91.52,0.01,-99.96,0.0,-96.54
ETH-USDT-SWAP,30m,4H,0.003,0.015,0.03,148.0,0.0,-100.0,918,435,483,47.386,100.0,0.672,-4.104,4388,15.11,-89.79,0.0,-99.97,0.0,-94.54
ETH-USDT-SWAP,30m,4H,0.003,0.02,0.005,148.0,0.0,-100.0,918,287,631,31.264,100.0,0.326,-4.104,4388,1.28,-99.14,0.0,-99.97,0.0,-99.33
ETH-USDT-SWAP,30m,4H,0.003,0.02,0.008,148.0,0.0,-100.0,918,344,574,37.473,100.0,0.359,-4.104,4388,1.7,-98.85,0.0,-99.98,0.0,-98.51
ETH-USDT-SWAP,30m,4H,0.003,0.02,0.01,148.0,0.0,-100.0,918,363,555,39.542,100.0,0.474,-4.104,4388,2.09,-98.59,0.0,-99.99,0.0,-98.59
ETH-USDT-SWAP,30m,4H,0.003,0.02,0.015,148.0,0.0,-100.0,918,381,537,41.503,100.0,0.455,-4.104,4388,1.49,-99.0,0.0,-100.0,0.0,-98.66
ETH-USDT-SWAP,30m,4H,0.003,0.02,0.02,148.0,0.0,-100.0,918,390,528,42.484,100.0,0.472,-4.104,4388,1.53,-98.96,0.0,-100.0,0.0,-98.47
ETH-USDT-SWAP,30m,4H,0.003,0.02,0.025,148.0,0.0,-100.0,918,394,524,42.919,100.0,0.464,-4.104,4388,1.51,-98.98,0.0,-100.0,0.0,-99.14
ETH-USDT-SWAP,30m,4H,0.003,0.02,0.03,148.0,0.0,-100.0,918,397,521,43.246,100.0,0.467,-4.104,4388,1.87,-98.74,0.0,-100.0,0.0,-98.15
ETH-USDT-SWAP,30m,4H,0.003,0.03,0.005,148.0,0.0,-100.0,918,274,644,29.847,100.0,0.3,-4.104,4388,1.19,-99.19,0.0,-99.99,0.0,-99.89
ETH-USDT-SWAP,30m,4H,0.003,0.03,0.008,148.0,0.0,-100.0,918,332,586,36.166,100.0,0.349,-4.104,4388,1.93,-98.7,0.0,-100.0,0.0,-99.63
ETH-USDT-SWAP,30m,4H,0.003,0.03,0.01,148.0,0.0,-100.0,918,353,565,38.453,100.0,0.512,-4.104,4388,2.79,-98.11,0.0,-100.0,0.0,-99.47
ETH-USDT-SWAP,30m,4H,0.003,0.03,0.015,148.0,0.0,-100.0,918,372,546,40.523,100.0,0.492,-4.104,4388,2.15,-98.55,0.0,-100.0,0.0,-99.46
ETH-USDT-SWAP,30m,4H,0.003,0.03,0.02,148.0,0.0,-100.0,918,380,538,41.394,100.0,0.504,-4.104,4388,2.22,-98.5,0.0,-100.0,0.0,-99.39
ETH-USDT-SWAP,30m,4H,0.003,0.03,0.025,148.0,0.0,-100.0,918,384,534,41.83,100.0,0.499,-4.104,4388,2.37,-98.4,0.0,-100.0,0.0,-99.66
ETH-USDT-SWAP,30m,4H,0.003,0.03,0.03,148.0,0.0,-100.0,918,388,530,42.266,100.0,0.505,-4.104,4388,2.94,-98.01,0.0,-100.0,0.0,-99.21
ETH-USDT-SWAP,30m,4H,0.004,0.004,0.005,148.0,0.726,-99.509,826,581,245,70.339,99.656,0.595,-4.084,4388,32.65,-77.94,1.71,-94.75,0.73,-57.66
ETH-USDT-SWAP,30m,4H,0.004,0.004,0.008,148.0,14.234,-90.383,826,661,165,80.024,94.175,0.841,-3.709,4388,135.29,-8.59,16.85,-87.55,14.23,-15.51
ETH-USDT-SWAP,30m,4H,0.004,0.004,0.01,148.0,74.932,-49.37,826,692,134,83.777,91.825,0.951,-2.026,4388,346.77,134.3,40.46,-88.33,74.93,85.22
ETH-USDT-SWAP,30m,4H,0.004,0.004,0.015,148.0,5062.949,3320.912,826,739,87,89.467,70.288,1.347,136.289,4388,1211.93,718.87,1549.17,27.83,5062.95,226.82
ETH-USDT-SWAP,30m,4H,0.004,0.004,0.02,148.0,43989.005,29622.3,826,760,66,92.01,53.251,1.771,1215.689,4388,1986.44,1242.19,16032.21,707.08,43989.0,174.38
ETH-USDT-SWAP,30m,4H,0.004,0.004,0.025,148.0,59806.072,40309.508,826,768,58,92.978,61.151,2.051,1654.289,4388,2431.14,1542.66,24527.14,908.87,59806.07,143.84
ETH-USDT-SWAP,30m,4H,0.004,0.004,0.03,148.0,85984.206,57997.437,826,774,52,93.705,72.762,2.486,2380.196,4388,3396.93,2195.23,48605.28,1330.86,85984.21,76.9
ETH-USDT-SWAP,30m,4H,0.004,0.006,0.005,148.0,91.503,-38.173,826,516,310,62.47,73.154,0.967,-1.567,4388,91.69,-38.05,93.23,1.68,91.5,-1.85
ETH-USDT-SWAP,30m,4H,0.004,0.006,0.008,148.0,2808.531,1797.656,826,590,236,71.429,67.414,1.13,73.775,4388,416.17,181.2,1357.14,226.1,2808.53,106.95
ETH-USDT-SWAP,30m,4H,0.004,0.006,0.01,148.0,11473.3,7652.23,826,615,211,74.455,68.493,1.161,314.045,4388,1267.87,756.67,4177.93,229.52,11473.3,174.62
ETH-USDT-SWAP,30m,4H,0.004,0.006,0.015,148.0,90580.406,61102.977,826,660,166,79.903,51.447,1.59,2507.646,4388,3893.48,2530.73,57558.72,1378.34,90580.41,57.37
ETH-USDT-SWAP,30m,4H,0.004,0.006,0.02,148.0,134566.107,90823.045,826,677,149,81.961,45.071,1.846,3727.348,4388,5995.14,3950.77,93220.98,1454.94,134566.11,44.35
ETH-USDT-SWAP,30m,4H,0.004,0.006,0.025,148.0,152427.862,102891.799,826,684,142,82.809,41.504,1.979,4222.646,4388,8418.13,5587.92,102608.71,1118.9,152427.86,48.55
ETH-USDT-SWAP,30m,4H,0.004,0.006,0.03,148.0,177188.29,119621.817,826,690,136,83.535,30.342,2.224,4909.24,4388,11992.95,8003.34,125719.14,948.28,177188.29,40.94
ETH-USDT-SWAP,30m,4H,0.004,0.008,0.005,148.0,65.783,-55.552,826,448,378,54.237,83.161,0.941,-2.28,4388,60.34,-59.23,63.97,6.01,65.78,2.84
ETH-USDT-SWAP,30m,4H,0.004,0.008,0.008,148.0,1545.358,944.161,826,513,313,62.107,76.554,1.114,38.748,4388,235.0,58.78,564.18,140.08,1545.36,173.91
ETH-USDT-SWAP,30m,4H,0.004,0.008,0.01,148.0,4769.634,3122.726,826,538,288,65.133,73.288,1.128,128.156,4388,735.79,397.16,1411.93,91.89,4769.63,237.81
ETH-USDT-SWAP,30m,4H,0.004,0.008,0.015,148.0,68256.441,46019.217,826,579,247,70.097,61.146,1.456,1888.614,4388,1696.34,1046.17,28920.8,1604.9,68256.44,136.01
ETH-USDT-SWAP,30m,4H,0.004,0.008,0.02,148.0,117546.082,79323.028,826,595,231,72.034,56.149,1.644,3255.391,4388,2420.33,1535.36,69453.52,2769.59,117546.08,69.24
ETH-USDT-SWAP,30m,4H,0.004,0.008,0.025,148.0,128415.325,86667.111,826,601,225,72.76,54.882,1.7,3556.79,4388,3071.8,1975.54,76845.59,2401.64,128415.32,67.11
ETH-USDT-SWAP,30m,4H,0.004,0.008,0.03,148.0,158985.119,107322.377,826,608,218,73.608,62.968,1.864,4404.475,4388,5565.39,3660.4,100515.38,1706.08,158985.12,58.17
ETH-USDT-SWAP,30m,4H,0.004,0.01,0.005,148.0,8.032,-94.573,826,394,432,47.7,95.622,0.842,-3.881,4388,53.91,-63.58,18.03,-66.55,8.03,-55.46
ETH-USDT-SWAP,30m,4H,0.004,0.01,0.008,148.0,103.596,-30.003,826,455,371,55.085,85.218,0.987,-1.231,4388,189.22,27.85,98.79,-47.79,103.6,4.87
ETH-USDT-SWAP,30m,4H,0.004,0.01,0.01,148.0,231.013,56.09,826,479,347,57.99,88.579,1.011,2.302,4388,490.55,231.45,195.38,-60.17,231.01,18.24
ETH-USDT-SWAP,30m,4H,0.004,0.01,0.015,148.0,4727.064,3093.962,826,515,311,62.349,80.216,1.07,126.975,4388,1126.67,661.26,1733.22,53.84,4727.06,172.73
ETH-USDT-SWAP,30m,4H,0.004,0.01,0.02,148.0,22891.133,15366.982,826,526,300,63.68,77.991,1.194,630.656,4388,1175.33,694.14,3999.37,240.27,22891.13,472.37
ETH-USDT-SWAP,30m,4H,0.004,0.01,0.025,148.0,23982.892,16104.657,826,531,295,64.286,77.704,1.2,660.93,4388,1114.03,652.72,3733.75,235.16,23982.89,542.33
ETH-USDT-SWAP,30m,4H,0.004,0.01,0.03,148.0,56318.787,37953.234,826,537,289,65.012,83.064,1.318,1557.588,4388,2289.5,1446.96,16434.4,617.82,56318.79,242.69
ETH-USDT-SWAP,30m,4H,0.004,0.012,0.005,148.0,0.5,-99.662,826,350,476,42.373,99.732,0.723,-4.09,4388,31.39,-78.79,3.02,-90.38,0.5,-83.45
ETH-USDT-SWAP,30m,4H,0.004,0.012,0.008,148.0,3.935,-97.341,826,410,416,49.637,98.538,0.868,-3.995,4388,103.04,-30.38,9.72,-90.57,3.94,-59.51
ETH-USDT-SWAP,30m,4H,0.004,0.012,0.01,148.0,5.24,-96.459,826,433,393,52.421,98.928,0.916,-3.959,4388,208.76,41.06,11.87,-94.31,5.24,-55.87
ETH-USDT-SWAP,30m,4H,0.004,0.012,0.015,148.0,41.306,-72.091,826,465,361,56.295,95.368,0.969,-2.959,4388,280.08,89.24,56.32,-79.89,41.31,-26.66
ETH-USDT-SWAP,30m,4H,0.004,0.012,0.02,148.0,152.372,2.954,826,477,349,57.748,89.582,1.001,0.121,4388,364.48,146.27,174.9,-52.01,152.37,-12.88
ETH-USDT-SWAP,30m,4H,0.004,0.012,0.025,148.0,134.219,-9.311,826,482,344,58.354,92.198,0.998,-0.382,4388,302.44,104.35,153.5,-49.25,134.22,-12.56
ETH-USDT-SWAP,30m,4H,0.004,0.012,0.03,148.0,219.671,48.426,826,485,341,58.717,90.441,1.006,1.987,4388,512.41,246.22,301.58,-41.15,219.67,-27.16
ETH-USDT-SWAP,30m,4H,0.004,0.015,0.005,148.0,0.055,-99.963,826,323,503,39.104,99.967,0.577,-4.102,4388,11.79,-92.04,0.67,-94.32,0.06,-91.78
ETH-USDT-SWAP,30m,4H,0.004,0.015,0.008,148.0,0.125,-99.915,826,375,451,45.4,99.934,0.655,-4.1,4388,18.38,-87.58,0.46,-97.48,0.13,-72.94
ETH-USDT-SWAP,30m,4H,0.004,0.015,0.01,148.0,0.156,-99.895,826,399,427,48.305,99.933,0.751,-4.1,4388,37.36,-74.76,0.53,-98.57,0.16,-70.86
ETH-USDT-SWAP,30m,4H,0.004,0.015,0.015,148.0,0.092,-99.938,826,419,407,50.726,99.962,0.739,-4.101,4388,33.82,-77.15,0.23,-99.33,0.09,-59.74
ETH-USDT-SWAP,30m,4H,0.004,0.015,0.02,148.0,0.284,-99.808,826,432,394,52.3,99.882,0.764,-4.096,4388,30.65,-79.29,0.62,-97.96,0.28,-54.57
ETH-USDT-SWAP,30m,4H,0.004,0.015,0.025,148.0,0.377,-99.745,826,438,388,53.027,99.844,0.784,-4.094,4388,34.21,-76.89,0.78,-97.71,0.38,-51.77
ETH-USDT-SWAP,30m,4H,0.004,0.015,0.03,148.0,0.482,-99.674,826,441,385,53.39,99.8,0.81,-4.091,4388,46.8,-68.38,1.2,-97.44,0.48,-59.82
ETH-USDT-SWAP,30m,4H,0.004,0.02,0.005,148.0,0.0,-100.0,826,289,537,34.988,100.0,0.408,-4.104,4388,2.91,-98.04,0.01,-99.55,0.0,-96.97
ETH-USDT-SWAP,30m,4H,0.004,0.02,0.008,148.0,0.0,-100.0,826,341,485,41.283,100.0,0.488,-4.104,4388,3.74,-97.47,0.01,-99.8,0.0,-93.93
ETH-USDT-SWAP,30m,4H,0.004,0.02,0.01,148.0,0.0,-100.0,826,358,468,43.341,100.0,0.508,-4.104,4388,4.73,-96.8,0.0,-99.94,0.0,-94.77
ETH-USDT-SWAP,30m,4H,0.004,0.02,0.015,148.0,0.0,-100.0,826,376,450,45.521,100.0,0.488,-4.104,4388,3.88,-97.38,0.0,-99.98,0.0,-93.12
ETH-USDT-SWAP,30m,4H,0.004,0.02,0.02,148.0,0.0,-100.0,826,387,439,46.852,100.0,0.505,-4.104,4388,3.32,-97.75,0.0,-99.96,0.0,-92.69
ETH-USDT-SWAP,30m,4H,0.004,0.02,0.025,148.0,0.0,-100.0,826,392,434,47.458,100.0,0.497,-4.104,4388,3.39,-97.71,0.0,-99.97,0.0,-92.41
ETH-USDT-SWAP,30m,4H,0.004,0.02,0.03,148.0,0.0,-100.0,826,395,431,47.821,100.0,0.504,-4.104,4388,4.83,-96.73,0.0,-99.99,0.0,-89.77
ETH-USDT-SWAP,30m,4H,0.004,0.03,0.005,148.0,0.0,-100.0,826,278,548,33.656,100.0,0.39,-4.104,4388,3.28,-97.78,0.0,-99.91,0.0,-99.32
ETH-USDT-SWAP,30m,4H,0.004,0.03,0.008,148.0,0.0,-100.0,826,332,494,40.194,100.0,0.523,-4.104,4388,5.43,-96.33,0.0,-99.97,0.0,-98.15
ETH-USDT-SWAP,30m,4H,0.004,0.03,0.01,148.0,0.0,-100.0,826,349,477,42.252,100.0,0.558,-4.104,4388,7.46,-94.96,0.0,-99.99,0.0,-97.83
ETH-USDT-SWAP,30m,4H,0.004,0.03,0.015,148.0,0.0,-100.0,826,369,457,44.673,100.0,0.538,-4.104,4388,6.62,-95.53,0.0,-100.0,0.0,-96.61
ETH-USDT-SWAP,30m,4H,0.004,0.03,0.02,148.0,0.0,-100.0,826,378,448,45.763,100.0,0.55,-4.104,4388,5.68,-96.16,0.0,-99.99,0.0,-96.46
ETH-USDT-SWAP,30m,4H,0.004,0.03,0.025,148.0,0.0,-100.0,826,384,442,46.489,100.0,0.547,-4.104,4388,6.29,-95.75,0.0,-99.99,0.0,-97.01
ETH-USDT-SWAP,30m,4H,0.004,0.03,0.03,148.0,0.0,-100.0,826,386,440,46.731,100.0,0.559,-4.104,4388,8.96,-93.95,0.0,-100.0,0.0,-95.63
ETH-USDT-SWAP,30m,4H,0.005,0.004,0.005,148.0,0.158,-99.893,734,495,239,67.439,99.902,0.533,-4.1,4388,27.7,-81.28,0.59,-97.87,0.16,-73.24
ETH-USDT-SWAP,30m,4H,0.005,0.004,0.008,148.0,5.465,-96.308,734,580,154,79.019,97.959,0.825,-3.952,4388,156.87,5.99,9.14,-94.17,5.46,-40.21
ETH-USDT-SWAP,30m,4H,0.005,0.004,0.01,148.0,13.339,-90.987,734,604,130,82.289,96.942,0.868,-3.734,4388,278.53,88.2,14.56,-94.77,13.34,-8.38
ETH-USDT-SWAP,30m,4H,0.005,0.004,0.015,148.0,1006.4,580.0,734,652,82,88.828,74.507,1.144,23.803,4388,925.46,525.31,577.22,-37.63,1006.4,74.35
ETH-USDT-SWAP,30m,4H,0.005,0.004,0.02,148.0,12139.086,8102.085,734,672,62,91.553,67.148,1.457,332.507,4388,1516.9,924.93,4470.72,194.73,12139.09,171.52
ETH-USDT-SWAP,30m,4H,0.005,0.004,0.025,148.0,20285.725,13606.571,734,678,56,92.371,71.718,1.562,558.409,4388,1856.48,1154.38,6431.96,246.46,20285.72,215.39
ETH-USDT-SWAP,30m,4H,0.005,0.004,0.03,148.0,50794.136,34220.362,734,685,49,93.324,68.614,1.885,1404.392,4388,2593.99,1652.7,23163.58,792.97,50794.14,119.28
ETH-USDT-SWAP,30m,4H,0.005,0.006,0.005,148.0,36.973,-75.018,734,455,279,61.989,85.457,0.902,-3.079,4388,109.13,-26.27,25.39,-76.73,36.97,45.59
ETH-USDT-SWAP,30m,4H,0.005,0.006,0.008,148.0,1581.671,968.697,734,531,203,72.343,81.988,1.113,39.755,4388,801.46,441.53,674.01,-15.9,1581.67,134.67
ETH-USDT-SWAP,30m,4H,0.005,0.006,0.01,148.0,3424.979,2214.175,734,553,181,75.341,85.219,1.144,90.869,4388,1572.41,962.44,1037.56,-34.01,3424.98,230.1
ETH-USDT-SWAP,30m,4H,0.005,0.006,0.015,148.0,67525.805,45525.544,734,597,137,81.335,68.305,1.531,1868.353,4388,4496.83,2938.4,32630.6,625.64,67525.81,106.94
ETH-USDT-SWAP,30m,4H,0.005,0.006,0.02,148.0,99345.673,67025.455,734,613,121,83.515,62.208,1.71,2750.703,4388,5659.31,3723.85,58576.14,935.04,99345.67,69.6
ETH-USDT-SWAP,30m,4H,0.005,0.006,0.025,148.0,114572.873,77314.103,734,619,115,84.332,61.853,1.805,3172.945,4388,8561.93,5685.09,69531.28,712.1,114572.87,64.78
ETH-USDT-SWAP,30m,4H,0.005,0.006,0.03,148.0,145653.407,98314.464,734,625,109,85.15,28.912,2.025,4034.793,4388,12197.82,8141.77,98325.78,706.09,145653.41,48.13
ETH-USDT-SWAP,30m,4H,0.005,0.008,0.005,148.0,95.278,-35.623,734,400,334,54.496,79.266,0.974,-1.462,4388,150.55,1.72,52.34,-65.24,95.28,82.04
ETH-USDT-SWAP,30m,4H,0.005,0.008,0.008,148.0,2622.85,1672.196,734,468,266,63.76,79.588,1.112,68.626,4388,1008.78,581.61,794.68,-21.22,2622.85,230.05
ETH-USDT-SWAP,30m,4H,0.005,0.008,0.01,148.0,6610.945,4366.855,734,489,245,66.621,80.712,1.133,179.214,4388,1805.05,1119.63,1535.73,-14.92,6610.95,330.48
ETH-USDT-SWAP,30m,4H,0.005,0.008,0.015,148.0,69139.349,46615.776,734,526,208,71.662,68.456,1.449,1913.096,4388,3032.43,1948.94,28987.47,855.92,69139.35,138.51
ETH-USDT-SWAP,30m,4H,0.005,0.008,0.02,148.0,98963.2,66767.027,734,539,195,73.433,62.007,1.539,2740.097,4388,3933.68,2557.89,57285.95,1356.29,98963.2,72.75
ETH-USDT-SWAP,30m,4H,0.005,0.008,0.025,148.0,117541.4,79319.865,734,546,188,74.387,60.541,1.641,3255.261,4388,5823.12,3834.54,66792.09,1047.02,117541.4,75.98
ETH-USDT-SWAP,30m,4H,0.005,0.008,0.03,148.0,151942.469,102563.83,734,552,182,75.204,36.887,1.761,4209.186,4388,9498.26,6317.74,98607.13,938.16,151942.47,54.09
ETH-USDT-SWAP,30m,4H,0.005,0.01,0.005,148.0,58.107,-60.739,734,362,372,49.319,81.759,0.957,-2.493,4388,149.17,0.79,45.93,-69.21,58.11,26.5
ETH-USDT-SWAP,30m,4H,0.005,0.01,0.008,148.0,910.839,515.432,734,422,312,57.493,85.466,1.058,21.153,4388,732.91,395.21,315.39,-56.97,910.84,188.8
ETH-USDT-SWAP,30m,4H,0.005,0.01,0.01,148.0,872.707,489.667,734,439,295,59.809,85.97,1.046,20.096,4388,1277.93,763.47,301.96,-76.37,872.71,189.02
ETH-USDT-SWAP,30m,4H,0.005,0.01,0.015,148.0,30085.382,20227.961,734,474,260,64.578,77.064,1.225,830.149,4388,2302.57,1455.79,4886.43,112.22,30085.38,515.69
ETH-USDT-SWAP,30m,4H,0.005,0.01,0.02,148.0,47634.49,32085.466,734,485,249,66.076,76.97,1.257,1316.777,4388,3265.98,2106.74,11890.84,264.08,47634.49,300.6
ETH-USDT-SWAP,30m,4H,0.005,0.01,0.025,148.0,68799.822,46386.366,734,492,242,67.03,78.206,1.362,1903.681,4388,4224.35,2754.29,25060.33,493.24,68799.82,174.54
ETH-USDT-SWAP,30m,4H,0.005,0.01,0.03,148.0,109858.672,74128.832,734,498,236,67.847,46.632,1.456,3042.223,4388,7020.46,4643.56,64733.15,822.06,109858.67,69.71
ETH-USDT-SWAP,30m,4H,0.005,0.012,0.005,148.0,5.133,-96.532,734,328,406,44.687,97.333,0.864,-3.962,4388,76.68,-48.19,8.38,-89.07,5.13,-38.75
ETH-USDT-SWAP,30m,4H,0.005,0.012,0.008,148.0,61.919,-58.163,734,387,347,52.725,94.448,0.98,-2.387,4388,318.94,115.5,50.62,-84.13,61.92,22.31
ETH-USDT-SWAP,30m,4H,0.005,0.012,0.01,148.0,47.634,-67.815,734,404,330,55.041,96.451,0.98,-2.783,4388,540.85,265.44,43.78,-91.91,47.63,8.81
ETH-USDT-SWAP,30m,4H,0.005,0.012,0.015,148.0,1024.658,592.337,734,435,299,59.264,88.432,1.033,24.309,4388,1265.98,755.39,545.26,-56.93,1024.66,87.92
ETH-USDT-SWAP,30m,4H,0.005,0.012,0.02,148.0,1741.266,1076.531,734,444,290,60.49,85.8,1.034,44.18,4388,1380.33,832.66,963.36,-30.21,1741.27,80.75
ETH-USDT-SWAP,30m,4H,0.005,0.012,0.025,148.0,3704.94,2403.338,734,451,283,61.444,88.966,1.058,98.632,4388,1562.99,956.08,1346.0,-13.88,3704.94,175.26
ETH-USDT-SWAP,30m,4H,0.005,0.012,0.03,148.0,31275.461,21032.068,734,456,278,62.125,88.152,1.153,863.149,4388,2979.16,1912.95,7934.76,166.34,31275.46,294.16
ETH-USDT-SWAP,30m,4H,0.005,0.015,0.005,148.0,0.851,-99.425,734,303,431,41.281,99.492,0.745,-4.08,4388,41.33,-72.07,1.47,-96.43,0.85,-42.25
ETH-USDT-SWAP,30m,4H,0.005,0.015,0.008,148.0,2.298,-98.447,734,353,381,48.093,99.212,0.857,-4.04,4388,79.99,-45.95,2.14,-97.32,2.3,7.32
ETH-USDT-SWAP,30m,4H,0.005,0.015,0.01,148.0,1.443,-99.025,734,371,363,50.545,99.579,0.858,-4.064,4388,100.02,-32.42,1.34,-98.66,1.44,7.97
ETH-USDT-SWAP,30m,4H,0.005,0.015,0.015,148.0,2.081,-98.594,734,389,345,52.997,99.464,0.868,-4.046,4388,106.03,-28.36,1.31,-98.76,2.08,58.75
ETH-USDT-SWAP,30m,4H,0.005,0.015,0.02,148.0,8.054,-94.558,734,402,332,54.768,98.784,0.92,-3.881,4388,148.99,0.67,5.01,-96.64,8.05,60.72
ETH-USDT-SWAP,30m,4H,0.005,0.015,0.025,148.0,12.239,-91.73,734,409,325,55.722,98.808,0.921,-3.765,4388,129.29,-12.64,4.87,-96.23,12.24,151.42
ETH-USDT-SWAP,30m,4H,0.005,0.015,0.03,148.0,25.137,-83.016,734,412,322,56.131,96.869,0.959,-3.407,4388,177.21,19.73,16.76,-90.54,25.14,50.0
ETH-USDT-SWAP,30m,4H,0.005,0.02,0.005,148.0,0.008,-99.995,734,270,464,36.785,99.995,0.598,-4.104,4388,16.25,-89.02,0.04,-99.76,0.01,-79.4
ETH-USDT-SWAP,30m,4H,0.005,0.02,0.008,148.0,0.005,-99.996,734,314,420,42.779,99.997,0.695,-4.104,4388,21.42,-85.53,0.02,-99.93,0.01,-64.17
ETH-USDT-SWAP,30m,4H,0.005,0.02,0.01,148.0,0.002,-99.998,734,330,404,44.959,99.999,0.681,-4.104,4388,21.85,-85.24,0.01,-99.96,0.0,-71.68
ETH-USDT-SWAP,30m,4H,0.005,0.02,0.015,148.0,0.001,-100.0,734,344,390,46.866,100.0,0.639,-4.104,4388,14.33,-90.32,0.0,-99.99,0.0,-71.02
ETH-USDT-SWAP,30m,4H,0.005,0.02,0.02,148.0,0.001,-99.999,734,355,379,48.365,99.999,0.661,-4.104,4388,12.59,-91.49,0.01,-99.96,0.0,-74.65
ETH-USDT-SWAP,30m,4H,0.005,0.02,0.025,148.0,0.004,-99.997,734,363,371,49.455,99.998,0.673,-4.104,4388,16.59,-88.79,0.01,-99.96,0.0,-34.59
ETH-USDT-SWAP,30m,4H,0.005,0.02,0.03,148.0,0.003,-99.998,734,364,370,49.591,99.999,0.695,-4.104,4388,23.98,-83.8,0.01,-99.97,0.0,-60.98
ETH-USDT-SWAP,30m,4H,0.005,0.03,0.005,148.0,0.0,-100.0,734,260,474,35.422,100.0,0.459,-4.104,4388,7.98,-94.61,0.01,-99.93,0.0,-96.53
ETH-USDT-SWAP,30m,4H,0.005,0.03,0.008,148.0,0.0,-100.0,734,305,429,41.553,100.0,0.632,-4.104,4388,13.03,-91.2,0.0,-99.98,0.0,-90.44
ETH-USDT-SWAP,30m,4H,0.005,0.03,0.01,148.0,0.0,-100.0,734,321,413,43.733,100.0,0.618,-4.104,4388,14.09,-90.48,0.0,-99.99,0.0,-92.78
ETH-USDT-SWAP,30m,4H,0.005,0.03,0.015,148.0,0.0,-100.0,734,336,398,45.777,100.0,0.575,-4.104,4388,8.72,-94.11,0.0,-99.99,0.0,-90.95
ETH-USDT-SWAP,30m,4H,0.005,0.03,0.02,148.0,0.0,-100.0,734,344,390,46.866,100.0,0.586,-4.104,4388,7.2,-95.14,0.0,-99.99,0.0,-92.16
ETH-USDT-SWAP,30m,4H,0.005,0.03,0.025,148.0,0.0,-100.0,734,352,382,47.956,100.0,0.594,-4.104,4388,9.62,-93.5,0.0,-99.99,0.0,-81.94
ETH-USDT-SWAP,30m,4H,0.005,0.03,0.03,148.0,0.0,-100.0,734,352,382,47.956,100.0,0.604,-4.104,4388,12.95,-91.25,0.0,-100.0,0.0,-89.23
ETH-USDT-SWAP,30m,4H,0.007,0.004,0.005,148.0,0.049,-99.967,554,341,213,61.552,99.97,0.529,-4.103,4388,35.8,-75.81,0.51,-98.58,0.05,-90.48
ETH-USDT-SWAP,30m,4H,0.007,0.004,0.008,148.0,0.432,-99.708,554,410,144,74.007,99.788,0.722,-4.092,4388,136.79,-7.57,2.13,-98.44,0.43,-79.71
ETH-USDT-SWAP,30m,4H,0.007,0.004,0.01,148.0,7.94,-94.635,554,448,106,80.866,97.926,0.867,-3.884,4388,256.55,73.34,30.32,-88.18,7.94,-73.81
ETH-USDT-SWAP,30m,4H,0.007,0.004,0.015,148.0,144.304,-2.497,554,484,70,87.365,83.859,0.999,-0.102,4388,617.3,317.1,343.97,-44.28,144.3,-58.05
ETH-USDT-SWAP,30m,4H,0.007,0.004,0.02,148.0,997.929,574.276,554,501,53,90.433,63.284,1.096,23.568,4388,1076.66,627.48,1799.56,67.14,997.93,-44.55
ETH-USDT-SWAP,30m,4H,0.007,0.004,0.025,148.0,1009.925,582.382,554,506,48,91.336,75.347,1.134,23.901,4388,1007.65,580.84,1211.91,20.27,1009.93,-16.67
ETH-USDT-SWAP,30m,4H,0.007,0.004,0.03,148.0,6523.078,4307.485,554,514,40,92.78,50.313,1.197,176.778,4388,1407.95,851.31,7987.77,467.34,6523.08,-18.34
ETH-USDT-SWAP,30m,4H,0.007,0.006,0.005,148.0,3.468,-97.657,554,317,237,57.22,98.379,0.837,-4.008,4388,131.61,-11.07,13.19,-89.98,3.47,-73.71
ETH-USDT-SWAP,30m,4H,0.007,0.006,0.008,148.0,23.75,-83.953,554,375,179,67.69,95.807,0.934,-3.445,4388,393.52,165.89,35.97,-90.86,23.75,-33.97
ETH-USDT-SWAP,30m,4H,0.007,0.006,0.01,148.0,852.856,476.254,554,412,142,74.368,74.206,1.071,19.545,4388,931.47,529.37,782.42,-16.0,852.86,9.0
ETH-USDT-SWAP,30m,4H,0.007,0.006,0.015,148.0,20846.347,13985.37,554,445,109,80.325,65.577,1.248,573.955,4388,2516.58,1600.39,10391.87,312.94,20846.35,100.6
ETH-USDT-SWAP,30m,4H,0.007,0.006,0.02,148.0,54379.239,36642.729,554,459,95,82.852,54.2,1.47,1503.806,4388,5086.99,3337.16,35629.9,600.41,54379.24,52.62
ETH-USDT-SWAP,30m,4H,0.007,0.006,0.025,148.0,53225.224,35862.989,554,464,90,83.755,73.049,1.535,1471.805,4388,4760.9,3116.83,27275.88,472.91,53225.22,95.14
ETH-USDT-SWAP,30m,4H,0.007,0.006,0.03,148.0,85212.597,57476.079,554,471,83,85.018,43.399,1.738,2358.799,4388,6782.66,4482.88,58363.26,760.48,85212.6,46.0
ETH-USDT-SWAP,30m,4H,0.007,0.008,0.005,148.0,16.156,-89.083,554,284,270,51.264,94.563,0.91,-3.656,4388,168.1,13.58,43.29,-74.25,16.16,-62.67
ETH-USDT-SWAP,30m,4H,0.007,0.008,0.008,148.0,129.273,-12.654,554,337,217,60.83,90.332,0.996,-0.519,4388,764.0,416.22,152.57,-80.03,129.27,-15.27
ETH-USDT-SWAP,30m,4H,0.007,0.008,0.01,148.0,5730.723,3772.11,554,372,182,67.148,68.212,1.113,154.806,4388,1975.33,1234.69,4417.81,123.65,5730.72,29.72
ETH-USDT-SWAP,30m,4H,0.007,0.008,0.015,148.0,46913.621,31598.392,554,399,155,72.022,71.828,1.337,1296.788,4388,4030.69,2623.44,30400.49,654.23,46913.62,54.32
ETH-USDT-SWAP,30m,4H,0.007,0.008,0.02,148.0,70271.622,47380.826,554,411,143,74.188,62.852,1.429,1944.494,4388,5941.26,3914.36,49876.14,739.49,70271.62,40.89
ETH-USDT-SWAP,30m,4H,0.007,0.008,0.025,148.0,74436.342,50194.826,554,415,139,74.91,75.037,1.489,2059.979,4388,6557.5,4330.74,48089.89,633.36,74436.34,54.79
ETH-USDT-SWAP,30m,4H,0.007,0.008,0.03,148.0,113092.414,76313.793,554,422,132,76.173,35.749,1.686,3131.893,4388,9521.85,6333.68,85545.97,798.42,113092.41,32.2
ETH-USDT-SWAP,30m,4H,0.007,0.01,0.005,148.0,11.705,-92.091,554,253,301,45.668,95.507,0.886,-3.779,4388,134.05,-9.43,28.76,-78.55,11.71,-59.3
ETH-USDT-SWAP,30m,4H,0.007,0.01,0.008,148.0,88.428,-40.252,554,302,252,54.513,91.855,0.985,-1.652,4388,622.59,320.67,96.59,-84.49,88.43,-8.45
ETH-USDT-SWAP,30m,4H,0.007,0.01,0.01,148.0,3879.008,2520.951,554,333,221,60.108,73.002,1.099,103.459,4388,1524.0,929.73,2577.87,69.15,3879.01,50.47
ETH-USDT-SWAP,30m,4H,0.007,0.01,0.015,148.0,30297.756,20371.457,554,356,198,64.26,73.453,1.263,836.038,4388,2152.13,1354.14,12521.24,481.81,30297.76,141.97
ETH-USDT-SWAP,30m,4H,0.007,0.01,0.02,148.0,47480.829,31981.641,554,365,189,65.884,65.318,1.29,1312.516,4388,3058.25,1966.38,29806.83,874.64,47480.83,59.3
ETH-USDT-SWAP,30m,4H,0.007,0.01,0.025,148.0,52837.356,35600.916,554,370,184,66.787,75.966,1.383,1461.05,4388,3158.25,2033.95,24112.39,663.47,52837.36,119.13
ETH-USDT-SWAP,30m,4H,0.007,0.01,0.03,148.0,99824.102,67348.718,554,377,177,68.051,52.24,1.559,2763.969,4388,5378.4,3534.05,69599.14,1194.05,99824.1,43.43
ETH-USDT-SWAP,30m,4H,0.007,0.012,0.005,148.0,5.184,-96.497,554,233,321,42.058,97.599,0.845,-3.96,4388,96.79,-34.6,14.46,-85.06,5.18,-64.16
ETH-USDT-SWAP,30m,4H,0.007,0.012,0.008,148.0,8.025,-94.578,554,273,281,49.278,98.37,0.916,-3.881,4388,267.62,80.83,13.57,-94.93,8.03,-40.87
ETH-USDT-SWAP,30m,4H,0.007,0.012,0.01,148.0,255.824,72.854,554,300,254,54.152,85.385,1.016,2.99,4388,547.38,269.85,244.68,-55.3,255.82,4.55
ETH-USDT-SWAP,30m,4H,0.007,0.012,0.015,148.0,1531.708,934.938,554,322,232,58.123,81.677,1.06,38.37,4388,894.1,504.12,981.24,9.75,1531.71,56.1
ETH-USDT-SWAP,30m,4H,0.007,0.012,0.02,148.0,1531.297,934.66,554,330,224,59.567,86.495,1.046,38.358,4388,1011.15,583.21,1366.71,35.16,1531.3,12.04
ETH-USDT-SWAP,30m,4H,0.007,0.012,0.025,148.0,3259.968,2102.681,554,335,219,60.469,84.352,1.091,86.293,4388,1133.18,665.66,1452.41,28.17,3259.97,124.45
ETH-USDT-SWAP,30m,4H,0.007,0.012,0.03,148.0,41789.473,28136.131,554,342,212,61.733,67.072,1.29,1154.698,4388,1965.51,1228.05,16683.11,748.79,41789.47,150.49
ETH-USDT-SWAP,30m,4H,0.007,0.015,0.005,148.0,0.385,-99.74,554,209,345,37.726,99.788,0.76,-4.093,4388,55.24,-62.68,2.12,-96.17,0.38,-81.82
ETH-USDT-SWAP,30m,4H,0.007,0.015,0.008,148.0,0.492,-99.668,554,248,306,44.765,99.822,0.845,-4.09,4388,117.65,-20.51,1.72,-98.54,0.49,-71.34
ETH-USDT-SWAP,30m,4H,0.007,0.015,0.01,148.0,7.603,-94.863,554,271,283,48.917,98.633,0.933,-3.893,4388,207.22,40.01,17.44,-91.58,7.6,-56.4
ETH-USDT-SWAP,30m,4H,0.007,0.015,0.015,148.0,55.933,-62.207,554,293,261,52.888,92.987,0.975,-2.553,4388,330.05,123.01,78.75,-76.14,55.93,-28.97
ETH-USDT-SWAP,30m,4H,0.007,0.015,0.02,148.0,26.228,-82.278,554,299,255,53.971,95.143,0.957,-3.377,4388,218.67,47.75,54.76,-74.96,26.23,-52.1
ETH-USDT-SWAP,30m,4H,0.007,0.015,0.025,148.0,34.436,-76.733,554,303,251,54.693,97.194,0.961,-3.149,4388,252.23,70.43,36.34,-85.59,34.44,-5.25
ETH-USDT-SWAP,30m,4H,0.007,0.015,0.03,148.0,95.063,-35.768,554,307,247,55.415,89.189,0.992,-1.468,4388,326.18,120.39,177.88,-45.47,95.06,-46.56
ETH-USDT-SWAP,30m,4H,0.007,0.02,0.005,148.0,0.021,-99.986,554,186,368,33.574,99.987,0.584,-4.103,4388,18.47,-87.52,0.09,-99.5,0.02,-77.24
ETH-USDT-SWAP,30m,4H,0.007,0.02,0.008,148.0,0.007,-99.995,554,219,335,39.531,99.996,0.632,-4.104,4388,24.38,-83.52,0.03,-99.89,0.01,-74.59
ETH-USDT-SWAP,30m,4H,0.007,0.02,0.01,148.0,0.008,-99.995,554,231,323,41.697,99.995,0.659,-4.104,4388,22.98,-84.48,0.03,-99.87,0.01,-73.47
ETH-USDT-SWAP,30m,4H,0.007,0.02,0.015,148.0,0.011,-99.993,554,248,306,44.765,99.993,0.656,-4.104,4388,23.87,-83.87,0.03,-99.87,0.01,-65.64
ETH-USDT-SWAP,30m,4H,0.007,0.02,0.02,148.0,0.009,-99.994,554,256,298,46.209,99.994,0.647,-4.104,4388,22.82,-84.58,0.04,-99.81,0.01,-78.36
ETH-USDT-SWAP,30m,4H,0.007,0.02,0.025,148.0,0.009,-99.994,554,260,294,46.931,99.994,0.647,-4.104,4388,21.56,-85.43,0.02,-99.91,0.01,-50.11
ETH-USDT-SWAP,30m,4H,0.007,0.02,0.03,148.0,0.013,-99.991,554,263,291,47.473,99.992,0.645,-4.104,4388,22.52,-84.79,0.05,-99.79,0.01,-71.86
ETH-USDT-SWAP,30m,4H,0.007,0.03,0.005,148.0,0.003,-99.998,554,179,375,32.31,99.998,0.511,-4.104,4388,11.13,-92.48,0.03,-99.72,0.0,-90.37
ETH-USDT-SWAP,30m,4H,0.007,0.03,0.008,148.0,0.001,-99.999,554,213,341,38.448,99.999,0.581,-4.104,4388,16.93,-88.56,0.01,-99.93,0.0,-87.44
ETH-USDT-SWAP,30m,4H,0.007,0.03,0.01,148.0,0.001,-99.999,554,224,330,40.433,99.999,0.606,-4.104,4388,15.6,-89.46,0.01,-99.93,0.0,-86.6
ETH-USDT-SWAP,30m,4H,0.007,0.03,0.015,148.0,0.002,-99.998,554,241,313,43.502,99.999,0.6,-4.104,4388,15.28,-89.68,0.01,-99.92,0.0,-81.01
ETH-USDT-SWAP,30m,4H,0.007,0.03,0.02,148.0,0.001,-99.999,554,247,307,44.585,99.999,0.585,-4.104,4388,14.89,-89.94,0.01,-99.95,0.0,-88.04
ETH-USDT-SWAP,30m,4H,0.007,0.03,0.025,148.0,0.001,-99.999,554,251,303,45.307,99.999,0.577,-4.104,4388,13.16,-91.11,0.01,-99.96,0.0,-74.89
ETH-USDT-SWAP,30m,4H,0.007,0.03,0.03,148.0,0.0,-100.0,554,251,303,45.307,100.0,0.553,-4.104,4388,12.8,-91.35,0.0,-99.98,0.0,-85.84
ETH-USDT-SWAP,30m,4H,0.01,0.004,0.005,148.0,0.069,-99.953,380,214,166,56.316,99.959,0.457,-4.102,4388,58.81,-60.26,0.52,-99.12,0.07,-86.71
ETH-USDT-SWAP,30m,4H,0.01,0.004,0.008,148.0,2.647,-98.211,380,285,95,75.0,98.454,0.681,-4.031,4388,119.49,-19.26,8.68,-92.74,2.65,-69.49
ETH-USDT-SWAP,30m,4H,0.01,0.004,0.01,148.0,8.115,-94.517,380,306,74,80.526,95.76,0.748,-3.879,4388,178.44,20.56,21.8,-87.78,8.12,-62.78
ETH-USDT-SWAP,30m,4H,0.01,0.004,0.015,148.0,135.412,-8.505,380,338,42,88.947,68.878,0.988,-0.349,4388,244.57,65.25,172.91,-29.3,135.41,-21.69
ETH-USDT-SWAP,30m,4H,0.01,0.004,0.02,148.0,197.804,33.652,380,346,34,91.053,69.026,1.042,1.381,4388,282.4,90.81,210.24,-25.55,197.8,-5.91
ETH-USDT-SWAP,30m,4H,0.01,0.004,0.025,148.0,959.716,548.457,380,355,25,93.421,49.092,1.262,22.508,4388,451.97,205.38,830.75,83.81,959.72,15.52
ETH-USDT-SWAP,30m,4H,0.01,0.004,0.03,148.0,854.72,477.513,380,357,23,93.947,59.034,1.231,19.597,4388,421.01,184.47,703.28,67.05,854.72,21.53
ETH-USDT-SWAP,30m,4H,0.01,0.006,0.005,148.0,1.025,-99.307,380,200,180,52.632,99.516,0.745,-4.076,4388,158.57,7.14,4.74,-97.01,1.03,-78.39
ETH-USDT-SWAP,30m,4H,0.01,0.006,0.008,148.0,49.152,-66.789,380,263,117,69.211,89.273,0.944,-2.741,4388,371.16,150.78,109.03,-70.62,49.15,-54.92
ETH-USDT-SWAP,30m,4H,0.01,0.006,0.01,148.0,167.672,13.292,380,282,98,74.211,74.548,1.007,0.546,4388,503.57,240.25,275.11,-45.37,167.67,-39.05
ETH-USDT-SWAP,30m,4H,0.01,0.006,0.015,148.0,4794.309,3139.398,380,313,67,82.368,58.614,1.284,128.84,4388,870.58,488.23,3279.95,276.75,4794.31,46.17
ETH-USDT-SWAP,30m,4H,0.01,0.006,0.02,148.0,6981.572,4617.278,380,321,59,84.474,64.28,1.377,189.492,4388,1024.95,592.53,3578.09,249.1,6981.57,95.12
ETH-USDT-SWAP,30m,4H,0.01,0.006,0.025,148.0,30977.248,20830.573,380,330,50,86.842,63.438,1.619,854.88,4388,1705.32,1052.25,13267.17,677.98,30977.25,133.49
ETH-USDT-SWAP,30m,4H,0.01,0.006,0.03,148.0,20558.686,13791.004,380,331,49,87.105,72.297,1.391,565.978,4388,1588.52,973.33,10041.2,532.11,20558.69,104.74
ETH-USDT-SWAP,30m,4H,0.01,0.008,0.005,148.0,3.029,-97.954,380,181,199,47.632,98.733,0.822,-4.02,4388,199.77,34.98,9.34,-95.33,3.03,-67.56
ETH-USDT-SWAP,30m,4H,0.01,0.008,0.008,148.0,119.734,-19.099,380,235,145,61.842,82.17,0.991,-0.784,4388,438.87,196.53,183.97,-58.08,119.73,-34.92
ETH-USDT-SWAP,30m,4H,0.01,0.008,0.01,148.0,309.889,109.384,380,251,129,66.053,73.069,1.033,4.489,4388,643.71,334.94,428.97,-33.36,309.89,-27.76
ETH-USDT-SWAP,30m,4H,0.01,0.008,0.015,148.0,9269.603,6163.245,380,278,102,73.158,54.38,1.179,252.938,4388,1181.59,698.37,7689.22,550.75,9269.6,20.55
ETH-USDT-SWAP,30m,4H,0.01,0.008,0.02,148.0,20194.799,13545.134,380,286,94,75.263,59.635,1.323,555.888,4388,1601.81,982.3,10494.22,555.15,20194.8,92.44
ETH-USDT-SWAP,30m,4H,0.01,0.008,0.025,148.0,53647.376,36148.227,380,294,86,77.368,40.162,1.557,1483.511,4388,2768.61,1770.68,36246.67,1209.2,53647.38,48.01
ETH-USDT-SWAP,30m,4H,0.01,0.008,0.03,148.0,46442.448,31280.032,380,295,85,77.632,45.088,1.447,1283.722,4388,2578.98,1642.55,33586.74,1202.33,46442.45,38.28
ETH-USDT-SWAP,30m,4H,0.01,0.01,0.005,148.0,8.807,-94.049,380,170,210,44.737,97.388,0.884,-3.86,4388,267.83,80.96,18.51,-93.09,8.81,-52.42
ETH-USDT-SWAP,30m,4H,0.01,0.01,0.008,148.0,368.882,149.245,380,221,159,58.158,82.866,1.037,6.125,4388,615.84,316.11,384.16,-37.62,368.88,-3.98
ETH-USDT-SWAP,30m,4H,0.01,0.01,0.01,148.0,827.724,459.273,380,235,145,61.842,80.462,1.074,18.848,4388,838.6,466.62,765.17,-8.76,827.72,8.18
ETH-USDT-SWAP,30m,4H,0.01,0.01,0.015,148.0,14580.922,9751.974,380,258,122,67.895,66.64,1.239,400.218,4388,1194.48,707.08,6864.9,474.72,14580.92,112.4
ETH-USDT-SWAP,30m,4H,0.01,0.01,0.02,148.0,30190.173,20298.765,380,266,114,70.0,71.744,1.433,833.055,4388,1842.24,1144.76,11188.61,507.34,30190.17,169.83
ETH-USDT-SWAP,30m,4H,0.01,0.01,0.025,148.0,68135.406,45937.436,380,274,106,72.105,38.484,1.579,1885.257,4388,3305.47,2133.43,42507.23,1185.96,68135.41,60.29
ETH-USDT-SWAP,30m,4H,0.01,0.01,0.03,148.0,59872.702,40354.528,380,275,105,72.368,45.363,1.478,1656.137,4388,3079.07,1980.45,38789.53,1159.78,59872.7,54.35
ETH-USDT-SWAP,30m,4H,0.01,0.012,0.005,148.0,2.467,-98.333,380,151,229,39.737,98.967,0.852,-4.036,4388,204.11,37.91,10.43,-94.89,2.47,-76.36
ETH-USDT-SWAP,30m,4H,0.01,0.012,0.008,148.0,64.519,-56.406,380,195,185,51.316,87.519,0.975,-2.315,4388,393.39,165.8,164.62,-58.15,64.52,-60.81
ETH-USDT-SWAP,30m,4H,0.01,0.012,0.01,148.0,109.672,-25.897,380,207,173,54.474,84.089,0.991,-1.063,4388,467.37,215.79,256.2,-45.18,109.67,-57.19
ETH-USDT-SWAP,30m,4H,0.01,0.012,0.015,148.0,1260.351,751.588,380,228,152,60.0,74.934,1.053,30.845,4388,688.44,365.16,1870.73,171.73,1260.35,-32.63
ETH-USDT-SWAP,30m,4H,0.01,0.012,0.02,148.0,3764.213,2443.387,380,236,144,62.105,69.398,1.099,100.276,4388,1108.42,648.93,3359.99,203.13,3764.21,12.03
ETH-USDT-SWAP,30m,4H,0.01,0.012,0.025,148.0,27343.422,18375.285,380,243,137,63.947,69.851,1.243,754.116,4388,2063.14,1294.01,16895.41,718.92,27343.42,61.84
ETH-USDT-SWAP,30m,4H,0.01,0.012,0.03,148.0,13583.146,9077.801,380,244,136,64.211,77.386,1.124,372.55,4388,1921.83,1198.53,11514.91,499.17,13583.15,17.96
ETH-USDT-SWAP,30m,4H,0.01,0.015,0.005,148.0,0.583,-99.606,380,134,246,35.263,99.68,0.787,-4.088,4388,115.26,-22.12,2.21,-98.08,0.58,-73.62
ETH-USDT-SWAP,30m,4H,0.01,0.015,0.008,148.0,13.169,-91.102,380,174,206,45.789,95.726,0.917,-3.739,4388,209.27,41.4,27.18,-87.01,13.17,-51.55
ETH-USDT-SWAP,30m,4H,0.01,0.015,0.01,148.0,15.414,-89.585,380,184,196,48.421,94.95,0.919,-3.677,4388,206.27,39.37,34.29,-83.38,15.41,-55.05
ETH-USDT-SWAP,30m,4H,0.01,0.015,0.015,148.0,75.364,-49.079,380,201,179,52.895,84.999,0.982,-2.014,4388,326.46,120.58,132.48,-59.42,75.36,-43.11
ETH-USDT-SWAP,30m,4H,0.01,0.015,0.02,148.0,260.167,75.789,380,210,170,55.263,88.93,1.022,3.11,4388,391.47,164.51,206.54,-47.24,260.17,25.96
ETH-USDT-SWAP,30m,4H,0.01,0.015,0.025,148.0,1248.853,743.819,380,216,164,56.842,77.585,1.058,30.526,4388,620.25,319.09,966.76,55.87,1248.85,29.18
ETH-USDT-SWAP,30m,4H,0.01,0.015,0.03,148.0,510.256,244.767,380,217,163,57.105,83.358,1.028,10.045,4388,538.03,263.54,607.48,12.91,510.26,-16.0
ETH-USDT-SWAP,30m,4H,0.01,0.02,0.005,148.0,0.139,-99.906,380,122,258,32.105,99.933,0.645,-4.1,4388,43.59,-70.54,0.58,-98.66,0.14,-76.19
ETH-USDT-SWAP,30m,4H,0.01,0.02,0.008,148.0,0.253,-99.829,380,153,227,40.263,99.879,0.713,-4.097,4388,41.6,-71.89,0.84,-97.97,0.25,-69.92
ETH-USDT-SWAP,30m,4H,0.01,0.02,0.01,148.0,0.113,-99.924,380,159,221,41.842,99.945,0.685,-4.101,4388,38.71,-73.84,0.35,-99.08,0.11,-68.08
ETH-USDT-SWAP,30m,4H,0.01,0.02,0.015,148.0,0.522,-99.648,380,176,204,46.316,99.787,0.762,-4.09,4388,45.28,-69.41,1.62,-96.42,0.52,-67.84
ETH-USDT-SWAP,30m,4H,0.01,0.02,0.02,148.0,0.726,-99.51,380,184,196,48.421,99.766,0.738,-4.084,4388,39.75,-73.14,0.99,-97.5,0.73,-27.04
ETH-USDT-SWAP,30m,4H,0.01,0.02,0.025,148.0,1.258,-99.15,380,187,193,49.211,99.487,0.797,-4.069,4388,56.21,-62.02,2.79,-95.03,1.26,-54.96
ETH-USDT-SWAP,30m,4H,0.01,0.02,0.03,148.0,0.414,-99.72,380,188,192,49.474,99.831,0.755,-4.092,4388,39.38,-73.39,1.34,-96.59,0.41,-69.1
ETH-USDT-SWAP,30m,4H,0.01,0.03,0.005,148.0,0.031,-99.979,380,112,268,29.474,99.983,0.6,-4.103,4388,36.75,-75.17,0.12,-99.66,0.03,-74.94
ETH-USDT-SWAP,30m,4H,0.01,0.03,0.008,148.0,0.037,-99.975,380,141,239,37.105,99.981,0.601,-4.103,4388,25.8,-82.57,0.12,-99.54,0.04,-69.04
ETH-USDT-SWAP,30m,4H,0.01,0.03,0.01,148.0,0.014,-99.99,380,147,233,38.684,99.992,0.568,-4.104,4388,22.95,-84.49,0.05,-99.79,0.01,-70.68
ETH-USDT-SWAP,30m,4H,0.01,0.03,0.015,148.0,0.028,-99.981,380,161,219,42.368,99.988,0.596,-4.103,4388,19.2,-87.03,0.11,-99.44,0.03,-74.54
ETH-USDT-SWAP,30m,4H,0.01,0.03,0.02,148.0,0.047,-99.968,380,168,212,44.211,99.979,0.601,-4.103,4388,24.46,-83.48,0.09,-99.65,0.05,-45.8
ETH-USDT-SWAP,30m,4H,0.01,0.03,0.025,148.0,0.029,-99.98,380,169,211,44.474,99.987,0.616,-4.103,4388,32.36,-78.14,0.09,-99.73,0.03,-66.54
ETH-USDT-SWAP,30m,4H,0.01,0.03,0.03,148.0,0.005,-99.997,380,169,211,44.474,99.998,0.555,-4.104,4388,21.11,-85.74,0.02,-99.9,0.0,-77.05
ETH-USDT-SWAP,1H,6H,0.001,0.004,0.005,148.0,0.0,-100.0,836,508,328,60.766,100.0,0.435,-4.093,2934,4.69,-96.83,0.01,-99.77,0.0,-96.99
ETH-USDT-SWAP,1H,6H,0.001,0.004,0.008,148.0,0.178,-99.88,836,638,198,76.316,99.9,0.621,-4.088,2934,34.8,-76.49,1.03,-97.03,0.18,-82.77
ETH-USDT-SWAP,1H,6H,0.001,0.004,0.01,148.0,4.002,-97.296,836,685,151,81.938,98.487,0.806,-3.982,2934,86.31,-41.68,8.8,-89.81,4.0,-54.51
ETH-USDT-SWAP,1H,6H,0.001,0.004,0.015,148.0,7064.253,4673.144,836,754,82,90.191,55.579,1.307,191.261,2934,857.06,479.1,2720.85,217.46,7064.25,159.63
ETH-USDT-SWAP,1H,6H,0.001,0.004,0.02,148.0,46822.086,31536.545,836,775,61,92.703,56.631,1.827,1290.718,2934,1362.5,820.61,11402.5,736.88,46822.09,310.63
ETH-USDT-SWAP,1H,6H,0.001,0.004,0.025,148.0,64326.028,43363.533,836,784,52,93.78,59.527,2.299,1774.769,2934,1278.99,764.18,23367.8,1727.05,64326.03,175.28
ETH-USDT-SWAP,1H,6H,0.001,0.004,0.03,148.0,99861.193,67373.779,836,793,43,94.856,32.3,3.009,2757.453,2934,2017.66,1263.28,56052.97,2678.12,99861.19,78.16
ETH-USDT-SWAP,1H,6H,0.001,0.006,0.005,148.0,0.014,-99.991,836,445,391,53.23,99.991,0.577,-4.092,2934,5.61,-96.21,0.15,-97.31,0.01,-90.88
ETH-USDT-SWAP,1H,6H,0.001,0.006,0.008,148.0,64.935,-56.125,836,576,260,68.9,86.521,0.958,-2.297,2934,78.68,-46.83,74.34,-5.52,64.94,-12.65
ETH-USDT-SWAP,1H,6H,0.001,0.006,0.01,148.0,1542.865,942.476,836,618,218,73.923,67.453,1.104,38.573,2934,180.27,21.8,820.55,355.19,1542.86,88.03
ETH-USDT-SWAP,1H,6H,0.001,0.006,0.015,148.0,100069.897,67514.795,836,677,159,80.981,42.243,1.654,2763.225,2934,1867.38,1161.74,61429.0,3189.59,100069.9,62.9
ETH-USDT-SWAP,1H,6H,0.001,0.006,0.02,148.0,134070.227,90487.991,836,695,141,83.134,49.342,2.004,3703.465,2934,2717.25,1735.98,75722.58,2686.74,134070.23,77.05
ETH-USDT-SWAP,1H,6H,0.001,0.006,0.025,148.0,150529.633,101609.212,836,704,132,84.211,57.924,2.181,4158.631,2934,2808.37,1797.55,87796.61,3026.24,150529.63,71.45
ETH-USDT-SWAP,1H,6H,0.001,0.006,0.03,148.0,188647.937,127364.822,836,713,123,85.287,32.83,2.607,5212.749,2934,4605.77,3012.01,122124.91,2551.56,188647.94,54.47
ETH-USDT-SWAP,1H,6H,0.001,0.008,0.005,148.0,0.013,-99.991,836,381,455,45.574,99.993,0.607,-4.092,2934,5.5,-96.28,0.14,-97.38,0.01,-90.95
ETH-USDT-SWAP,1H,6H,0.001,0.008,0.008,148.0,37.747,-74.495,836,498,338,59.569,93.693,0.945,-3.049,2934,79.01,-46.62,47.39,-40.02,37.75,-20.34
ETH-USDT-SWAP,1H,6H,0.001,0.008,0.01,148.0,1296.394,775.942,836,540,296,64.593,75.671,1.063,31.758,2934,237.29,60.33,953.04,301.64,1296.39,36.03
ETH-USDT-SWAP,1H,6H,0.001,0.008,0.015,148.0,107791.974,72732.415,836,596,240,71.292,57.936,1.489,2976.77,2934,2194.41,1382.71,70640.8,3119.13,107791.97,52.59
ETH-USDT-SWAP,1H,6H,0.001,0.008,0.02,148.0,146330.337,98771.849,836,613,223,73.325,67.212,1.731,4042.504,2934,3113.0,2003.38,87035.02,2695.85,146330.34,68.13
ETH-USDT-SWAP,1H,6H,0.001,0.008,0.025,148.0,160589.624,108406.503,836,622,214,74.402,76.723,1.837,4436.828,2934,2686.08,1714.92,97002.66,3511.31,160589.62,65.55
ETH-USDT-SWAP,1H,6H,0.001,0.008,0.03,148.0,203108.189,137135.263,836,631,205,75.478,67.106,2.069,5612.63,2934,5758.74,3791.04,135458.13,2252.22,203108.19,49.94
ETH-USDT-SWAP,1H,6H,0.001,0.01,0.005,148.0,0.002,-99.999,836,331,505,39.593,99.999,0.556,-4.093,2934,2.55,-98.28,0.02,-99.27,0.0,-90.72
ETH-USDT-SWAP,1H,6H,0.001,0.01,0.008,148.0,1.12,-99.243,836,436,400,52.153,99.571,0.732,-4.062,2934,14.52,-90.19,1.64,-88.69,1.12,-31.77
ETH-USDT-SWAP,1H,6H,0.001,0.01,0.01,148.0,31.62,-78.635,836,477,359,57.057,91.505,0.927,-3.218,2934,34.96,-76.38,28.82,-17.58,31.62,9.73
ETH-USDT-SWAP,1H,6H,0.001,0.01,0.015,148.0,35475.423,23869.881,836,532,304,63.636,79.328,1.269,976.939,2934,228.03,54.07,5053.77,2116.27,35475.42,601.96
ETH-USDT-SWAP,1H,6H,0.001,0.01,0.02,148.0,65124.524,43903.056,836,547,289,65.431,81.642,1.464,1796.851,2934,247.51,67.24,5536.81,2137.0,65124.52,1076.21
ETH-USDT-SWAP,1H,6H,0.001,0.01,0.025,148.0,77215.654,52072.739,836,554,282,66.268,85.602,1.535,2131.217,2934,259.33,75.22,10022.19,3764.66,77215.65,670.45
ETH-USDT-SWAP,1H,6H,0.001,0.01,0.03,148.0,127726.614,86201.766,836,561,275,67.105,77.866,1.561,3528.04,2934,644.57,335.52,60664.39,9311.68,127726.61,110.55
ETH-USDT-SWAP,1H,6H,0.001,0.012,0.005,148.0,0.0,-100.0,836,288,548,34.45,100.0,0.438,-4.093,2934,0.92,-99.38,0.0,-99.86,0.0,-94.9
ETH-USDT-SWAP,1H,6H,0.001,0.012,0.008,148.0,0.01,-99.993,836,385,451,46.053,99.996,0.526,-4.092,2934,4.64,-96.87,0.04,-99.21,0.01,-72.21
ETH-USDT-SWAP,1H,6H,0.001,0.012,0.01,148.0,0.122,-99.917,836,418,418,50.0,99.952,0.659,-4.089,2934,9.95,-93.28,0.26,-97.4,0.12,-52.82
ETH-USDT-SWAP,1H,6H,0.001,0.012,0.015,148.0,74.667,-49.55,836,471,365,56.34,94.168,0.981,-2.028,2934,66.42,-55.12,32.54,-51.01,74.67,129.44
ETH-USDT-SWAP,1H,6H,0.001,0.012,0.02,148.0,249.643,68.677,836,484,352,57.895,94.377,1.021,2.811,2934,48.46,-67.26,20.91,-56.84,249.64,1093.62
ETH-USDT-SWAP,1H,6H,0.001,0.012,0.025,148.0,649.274,338.699,836,492,344,58.852,94.858,1.049,13.862,2934,42.24,-71.46,50.87,20.42,649.27,1176.43
ETH-USDT-SWAP,1H,6H,0.001,0.012,0.03,148.0,3084.199,1983.918,836,498,338,59.569,95.553,1.05,81.197,2934,124.08,-16.16,328.31,164.59,3084.2,839.42
ETH-USDT-SWAP,1H,6H,0.001,0.015,0.005,148.0,0.0,-100.0,836,252,584,30.144,100.0,0.466,-4.093,2934,0.63,-99.58,0.0,-99.98,0.0,-98.53
ETH-USDT-SWAP,1H,6H,0.001,0.015,0.008,148.0,0.0,-100.0,836,345,491,41.268,100.0,0.53,-4.093,2934,2.99,-97.98,0.0,-99.96,0.0,-88.75
ETH-USDT-SWAP,1H,6H,0.001,0.015,0.01,148.0,0.001,-99.999,836,375,461,44.856,100.0,0.638,-4.093,2934,6.92,-95.32,0.01,-99.9,0.0,-85.66
ETH-USDT-SWAP,1H,6H,0.001,0.015,0.015,148.0,0.06,-99.96,836,418,418,50.0,99.984,0.827,-4.091,2934,36.77,-75.15,0.28,-99.23,0.06,-79.1
ETH-USDT-SWAP,1H,6H,0.001,0.015,0.02,148.0,0.17,-99.885,836,430,406,51.435,99.955,0.789,-4.088,2934,23.68,-84.0,0.16,-99.32,0.17,4.75
ETH-USDT-SWAP,1H,6H,0.001,0.015,0.025,148.0,0.169,-99.885,836,436,400,52.153,99.952,0.773,-4.088,2934,19.13,-87.08,0.18,-99.06,0.17,-5.74
ETH-USDT-SWAP,1H,6H,0.001,0.015,0.03,148.0,0.279,-99.812,836,440,396,52.632,99.916,0.863,-4.085,2934,38.94,-73.69,0.4,-98.97,0.28,-30.66
ETH-USDT-SWAP,1H,6H,0.001,0.02,0.005,148.0,0.0,-100.0,836,230,606,27.512,100.0,0.365,-4.093,2934,0.22,-99.85,0.0,-99.98,0.0,-99.48
ETH-USDT-SWAP,1H,6H,0.001,0.02,0.008,148.0,0.0,-100.0,836,313,523,37.44,100.0,0.447,-4.093,2934,0.72,-99.51,0.0,-99.97,0.0,-98.56
ETH-USDT-SWAP,1H,6H,0.001,0.02,0.01,148.0,0.0,-100.0,836,340,496,40.67,100.0,0.517,-4.093,2934,1.23,-99.17,0.0,-99.95,0.0,-98.02
ETH-USDT-SWAP,1H,6H,0.001,0.02,0.015,148.0,0.0,-100.0,836,374,462,44.737,100.0,0.546,-4.093,2934,2.12,-98.57,0.0,-99.89,0.0,-97.73
ETH-USDT-SWAP,1H,6H,0.001,0.02,0.02,148.0,0.0,-100.0,836,386,450,46.172,100.0,0.511,-4.093,2934,0.83,-99.44,0.0,-99.88,0.0,-95.43
ETH-USDT-SWAP,1H,6H,0.001,0.02,0.025,148.0,0.0,-100.0,836,391,445,46.77,100.0,0.489,-4.093,2934,0.88,-99.41,0.0,-99.93,0.0,-96.81
ETH-USDT-SWAP,1H,6H,0.001,0.02,0.03,148.0,0.0,-100.0,836,394,442,47.129,100.0,0.505,-4.093,2934,1.58,-98.93,0.0,-99.94,0.0,-98.11
ETH-USDT-SWAP,1H,6H,0.001,0.03,0.005,148.0,0.0,-100.0,836,205,631,24.522,100.0,0.31,-4.093,2934,0.04,-99.97,0.0,-100.0,0.0,-99.75
ETH-USDT-SWAP,1H,6H,0.001,0.03,0.008,148.0,0.0,-100.0,836,285,551,34.091,100.0,0.4,-4.093,2934,0.23,-99.84,0.0,-100.0,0.0,-99.74
ETH-USDT-SWAP,1H,6H,0.001,0.03,0.01,148.0,0.0,-100.0,836,311,525,37.201,100.0,0.465,-4.093,2934,0.27,-99.82,0.0,-100.0,0.0,-99.59
ETH-USDT-SWAP,1H,6H,0.001,0.03,0.015,148.0,0.0,-100.0,836,343,493,41.029,100.0,0.481,-4.093,2934,0.66,-99.56,0.0,-100.0,0.0,-99.48
ETH-USDT-SWAP,1H,6H,0.001,0.03,0.02,148.0,0.0,-100.0,836,357,479,42.703,100.0,0.455,-4.093,2934,0.23,-99.85,0.0,-100.0,0.0,-98.9
ETH-USDT-SWAP,1H,6H,0.001,0.03,0.025,148.0,0.0,-100.0,836,361,475,43.182,100.0,0.433,-4.093,2934,0.25,-99.83,0.0,-100.0,0.0,-99.33
ETH-USDT-SWAP,1H,6H,0.001,0.03,0.03,148.0,0.0,-100.0,836,363,473,43.421,100.0,0.415,-4.093,2934,0.26,-99.83,0.0,-100.0,0.0,-99.62
ETH-USDT-SWAP,1H,6H,0.002,0.004,0.005,148.0,0.005,-99.997,769,489,280,63.589,99.997,0.536,-4.093,2934,11.62,-92.15,0.06,-99.49,0.0,-92.39
ETH-USDT-SWAP,1H,6H,0.002,0.004,0.008,148.0,0.265,-99.821,769,590,179,76.723,99.846,0.647,-4.085,2934,41.7,-71.83,1.41,-96.62,0.26,-81.2
ETH-USDT-SWAP,1H,6H,0.002,0.004,0.01,148.0,6.598,-95.542,769,636,133,82.705,98.083,0.822,-3.91,2934,110.58,-25.28,9.85,-91.09,6.6,-33.02
ETH-USDT-SWAP,1H,6H,0.002,0.004,0.015,148.0,3049.5,1960.473,769,697,72,90.637,56.035,1.179,80.238,2934,1208.31,716.43,1796.8,48.7,3049.5,69.72
ETH-USDT-SWAP,1H,6H,0.002,0.004,0.02,148.0,38081.755,25630.916,769,719,50,93.498,56.631,1.88,1049.014,2934,1256.67,749.1,6235.33,396.18,38081.75,510.74
ETH-USDT-SWAP,1H,6H,0.002,0.004,0.025,148.0,65664.251,44267.737,769,729,40,94.798,59.527,2.491,1811.776,2934,1179.65,697.06,31044.34,2531.66,65664.25,111.52
ETH-USDT-SWAP,1H,6H,0.002,0.004,0.03,148.0,92647.873,62499.914,769,736,33,95.709,34.999,2.947,2557.977,2934,2791.42,1786.1,55177.97,1876.7,92647.87,67.91
ETH-USDT-SWAP,1H,6H,0.002,0.006,0.005,148.0,1.609,-98.913,769,451,318,58.648,99.286,0.808,-4.048,2934,50.24,-66.06,4.24,-91.56,1.61,-62.07
ETH-USDT-SWAP,1H,6H,0.002,0.006,0.008,148.0,582.665,293.692,769,552,217,71.782,68.693,1.083,12.02,2934,311.11,110.21,307.31,-1.22,582.66,89.6
ETH-USDT-SWAP,1H,6H,0.002,0.006,0.01,148.0,18438.695,12358.578,769,594,175,77.243,70.952,1.53,505.808,2934,818.59,453.1,2524.08,208.34,18438.7,630.51
ETH-USDT-SWAP,1H,6H,0.002,0.006,0.015,148.0,123110.579,83082.824,769,646,123,84.005,56.361,1.873,3400.388,2934,6047.5,3986.15,69449.45,1048.4,123110.58,77.27
ETH-USDT-SWAP,1H,6H,0.002,0.006,0.02,148.0,169425.312,114376.562,769,666,103,86.606,49.342,2.484,4681.169,2934,6631.6,4380.81,89056.51,1242.91,169425.31,90.24
ETH-USDT-SWAP,1H,6H,0.002,0.006,0.025,148.0,196389.228,132595.424,769,676,93,87.906,57.924,3.066,5426.825,2934,6934.73,4585.63,118270.43,1605.48,196389.23,66.05
ETH-USDT-SWAP,1H,6H,0.002,0.006,0.03,148.0,223902.939,151185.77,769,683,86,88.817,32.3,3.499,6187.685,2934,17371.47,11637.48,142634.14,721.08,223902.94,56.98
ETH-USDT-SWAP,1H,6H,0.002,0.008,0.005,148.0,3.617,-97.556,769,394,375,51.235,98.32,0.864,-3.993,2934,64.34,-56.53,10.28,-84.03,3.62,-64.8
ETH-USDT-SWAP,1H,6H,0.002,0.008,0.008,148.0,1390.738,839.688,769,488,281,63.459,78.824,1.08,34.366,2934,531.49,259.12,854.43,60.76,1390.74,62.77
ETH-USDT-SWAP,1H,6H,0.002,0.008,0.01,148.0,39438.646,26547.734,769,529,240,68.791,71.799,1.324,1086.538,2934,1644.11,1010.88,10691.95,550.32,39438.65,268.86
ETH-USDT-SWAP,1H,6H,0.002,0.008,0.015,148.0,150864.098,101835.202,769,578,191,75.163,37.893,1.697,4167.88,2934,13488.88,9014.11,104734.78,676.45,150864.1,44.04
ETH-USDT-SWAP,1H,6H,0.002,0.008,0.02,148.0,184033.575,124247.01,769,594,175,77.243,49.321,1.954,5085.144,2934,11168.59,7446.34,112052.76,903.28,184033.58,64.24
ETH-USDT-SWAP,1H,6H,0.002,0.008,0.025,148.0,207796.863,140303.286,769,603,166,78.414,63.767,2.182,5742.29,2934,13235.95,8843.21,138128.66,943.59,207796.86,50.44
ETH-USDT-SWAP,1H,6H,0.002,0.008,0.03,148.0,237845.346,160606.315,769,610,159,79.324,42.249,2.37,6573.246,2934,31191.37,20975.25,163939.21,425.59,237845.35,45.08
ETH-USDT-SWAP,1H,6H,0.002,0.01,0.005,148.0,0.69,-99.534,769,344,425,44.733,99.689,0.754,-4.074,2934,20.22,-86.34,2.07,-89.78,0.69,-66.58
ETH-USDT-SWAP,1H,6H,0.002,0.01,0.008,148.0,186.556,26.051,769,432,337,56.177,82.755,1.009,1.066,2934,140.66,-4.96,129.36,-8.04,186.56,44.22
ETH-USDT-SWAP,1H,6H,0.002,0.01,0.01,148.0,7688.647,5095.032,769,472,297,61.378,75.791,1.145,208.528,2934,419.65,183.55,2681.6,539.01,7688.65,186.72
ETH-USDT-SWAP,1H,6H,0.002,0.01,0.015,148.0,111223.246,75050.842,769,514,255,66.84,70.334,1.501,3071.658,2934,1247.61,742.98,69752.71,5490.92,111223.25,59.45
ETH-USDT-SWAP,1H,6H,0.002,0.01,0.02,148.0,148283.932,100091.846,769,530,239,68.921,79.601,1.75,4096.528,2934,1109.93,649.95,75185.9,6673.95,148283.93,97.22
ETH-USDT-SWAP,1H,6H,0.002,0.01,0.025,148.0,176047.026,118850.693,769,539,230,70.091,83.998,1.889,4864.285,2934,1822.01,1131.09,106303.16,5734.39,176047.03,65.61
ETH-USDT-SWAP,1H,6H,0.002,0.01,0.03,148.0,211455.86,142775.581,769,546,223,71.001,50.559,1.97,5843.475,2934,5692.67,3746.4,137053.7,2307.55,211455.86,54.29
ETH-USDT-SWAP,1H,6H,0.002,0.012,0.005,148.0,0.017,-99.989,769,299,470,38.882,99.991,0.631,-4.092,2934,7.41,-94.99,0.07,-99.01,0.02,-76.91
ETH-USDT-SWAP,1H,6H,0.002,0.012,0.008,148.0,0.81,-99.453,769,377,392,49.025,99.663,0.819,-4.07,2934,43.64,-70.51,1.22,-97.2,0.81,-33.63
ETH-USDT-SWAP,1H,6H,0.002,0.012,0.01,148.0,49.662,-66.444,769,417,352,54.226,90.934,0.966,-2.719,2934,145.82,-1.48,29.5,-79.77,49.66,68.32
ETH-USDT-SWAP,1H,6H,0.002,0.012,0.015,148.0,5288.939,3473.607,769,459,310,59.688,85.864,1.09,142.167,2934,465.67,214.64,996.01,113.89,5288.94,431.01
ETH-USDT-SWAP,1H,6H,0.002,0.012,0.02,148.0,49576.906,33397.909,769,474,295,61.638,86.655,1.386,1366.899,2934,576.15,289.29,1604.49,178.49,49576.91,2989.88
ETH-USDT-SWAP,1H,6H,0.002,0.012,0.025,148.0,87035.696,58707.903,769,483,286,62.809,86.209,1.415,2402.779,2934,595.68,302.49,19749.2,3215.39,87035.7,340.7
ETH-USDT-SWAP,1H,6H,0.002,0.012,0.03,148.0,122889.49,82933.439,769,488,281,63.459,71.466,1.469,3394.274,2934,1995.04,1248.0,56209.16,2717.44,122889.49,118.63
ETH-USDT-SWAP,1H,6H,0.002,0.015,0.005,148.0,0.0,-100.0,769,264,505,34.33,100.0,0.535,-4.093,2934,3.63,-97.55,0.01,-99.75,0.0,-95.11
ETH-USDT-SWAP,1H,6H,0.002,0.015,0.008,148.0,0.014,-99.991,769,339,430,44.083,99.995,0.69,-4.092,2934,16.76,-88.67,0.08,-99.52,0.01,-82.66
ETH-USDT-SWAP,1H,6H,0.002,0.015,0.01,148.0,0.113,-99.924,769,369,400,47.984,99.964,0.814,-4.09,2934,44.94,-69.64,0.46,-98.98,0.11,-75.37
ETH-USDT-SWAP,1H,6H,0.002,0.015,0.015,148.0,8.254,-94.423,769,410,359,53.316,98.704,0.952,-3.865,2934,115.84,-21.73,13.92,-87.98,8.25,-40.7
ETH-USDT-SWAP,1H,6H,0.002,0.015,0.02,148.0,44.241,-70.107,769,422,347,54.876,97.694,0.96,-2.869,2934,64.91,-56.14,8.94,-86.23,44.24,394.92
ETH-USDT-SWAP,1H,6H,0.002,0.015,0.025,148.0,165.081,11.541,769,430,339,55.917,97.432,1.002,0.472,2934,86.45,-41.59,55.35,-35.98,165.08,198.25
ETH-USDT-SWAP,1H,6H,0.002,0.015,0.03,148.0,155.625,5.152,769,433,336,56.307,96.585,1.001,0.211,2934,201.49,36.14,69.79,-65.36,155.63,123.0
ETH-USDT-SWAP,1H,6H,0.002,0.02,0.005,148.0,0.0,-100.0,769,241,528,31.339,100.0,0.53,-4.093,2934,1.27,-99.14,0.0,-99.86,0.0,-97.85
ETH-USDT-SWAP,1H,6H,0.002,0.02,0.008,148.0,0.0,-100.0,769,309,460,40.182,100.0,0.633,-4.093,2934,4.28,-97.11,0.01,-99.77,0.0,-96.14
ETH-USDT-SWAP,1H,6H,0.002,0.02,0.01,148.0,0.001,-99.999,769,334,435,43.433,100.0,0.705,-4.093,2934,8.94,-93.96,0.02,-99.79,0.0,-94.55
ETH-USDT-SWAP,1H,6H,0.002,0.02,0.015,148.0,0.002,-99.999,769,364,405,47.334,99.999,0.722,-4.093,2934,8.17,-94.48,0.06,-99.32,0.0,-96.76
ETH-USDT-SWAP,1H,6H,0.002,0.02,0.02,148.0,0.002,-99.999,769,375,394,48.765,99.999,0.686,-4.093,2934,4.48,-96.97,0.02,-99.55,0.0,-90.26
ETH-USDT-SWAP,1H,6H,0.002,0.02,0.025,148.0,0.003,-99.998,769,381,388,49.545,99.999,0.684,-4.093,2934,5.65,-96.18,0.06,-98.95,0.0,-95.18
ETH-USDT-SWAP,1H,6H,0.002,0.02,0.03,148.0,0.001,-99.999,769,383,386,49.805,99.999,0.716,-4.093,2934,7.69,-94.8,0.03,-99.56,0.0,-96.08
ETH-USDT-SWAP,1H,6H,0.002,0.03,0.005,148.0,0.0,-100.0,769,214,555,27.828,100.0,0.373,-4.093,2934,0.35,-99.76,0.0,-99.99,0.0,-99.53
ETH-USDT-SWAP,1H,6H,0.002,0.03,0.008,148.0,0.0,-100.0,769,282,487,36.671,100.0,0.49,-4.093,2934,1.51,-98.98,0.0,-99.99,0.0,-98.82
ETH-USDT-SWAP,1H,6H,0.002,0.03,0.01,148.0,0.0,-100.0,769,307,462,39.922,100.0,0.566,-4.093,2934,3.22,-97.83,0.0,-99.99,0.0,-98.1
ETH-USDT-SWAP,1H,6H,0.002,0.03,0.015,148.0,0.0,-100.0,769,335,434,43.563,100.0,0.584,-4.093,2934,3.59,-97.58,0.0,-99.99,0.0,-98.98
ETH-USDT-SWAP,1H,6H,0.002,0.03,0.02,148.0,0.0,-100.0,769,348,421,45.254,100.0,0.549,-4.093,2934,1.88,-98.73,0.0,-99.99,0.0,-96.75
ETH-USDT-SWAP,1H,6H,0.002,0.03,0.025,148.0,0.0,-100.0,769,352,417,45.774,100.0,0.526,-4.093,2934,2.26,-98.47,0.0,-99.99,0.0,-98.59
ETH-USDT-SWAP,1H,6H,0.002,0.03,0.03,148.0,0.0,-100.0,769,353,416,45.904,100.0,0.509,-4.093,2934,1.8,-98.78,0.0,-100.0,0.0,-98.89
ETH-USDT-SWAP,1H,6H,0.003,0.004,0.005,148.0,0.019,-99.987,693,445,248,64.214,99.988,0.502,-4.092,2934,18.17,-87.72,0.12,-99.33,0.02,-84.35
ETH-USDT-SWAP,1H,6H,0.003,0.004,0.008,148.0,0.899,-99.393,693,537,156,77.489,99.654,0.75,-4.068,2934,77.7,-47.5,2.27,-97.08,0.9,-60.36
ETH-USDT-SWAP,1H,6H,0.003,0.004,0.01,148.0,10.905,-92.632,693,575,118,82.973,97.489,0.842,-3.791,2934,136.66,-7.66,8.15,-94.04,10.91,33.85
ETH-USDT-SWAP,1H,6H,0.003,0.004,0.015,148.0,3871.336,2515.767,693,633,60,91.342,47.568,1.268,102.965,2934,1294.0,774.32,1457.54,12.64,3871.34,165.61
ETH-USDT-SWAP,1H,6H,0.003,0.004,0.02,148.0,29395.22,19761.635,693,652,41,94.084,60.792,2.154,808.798,2934,1432.39,867.83,3166.35,121.05,29395.22,828.36
ETH-USDT-SWAP,1H,6H,0.003,0.004,0.025,148.0,70117.515,47276.699,693,665,28,95.96,44.785,3.524,1934.926,2934,2007.96,1256.73,29593.79,1373.82,70117.51,136.93
ETH-USDT-SWAP,1H,6H,0.003,0.004,0.03,148.0,91675.939,61843.202,693,670,23,96.681,36.208,3.329,2531.1,2934,3651.71,2367.37,47552.22,1202.19,91675.94,92.79
ETH-USDT-SWAP,1H,6H,0.003,0.006,0.005,148.0,5.056,-96.583,693,414,279,59.74,97.197,0.848,-3.953,2934,99.45,-32.8,8.3,-91.65,5.06,-39.09
ETH-USDT-SWAP,1H,6H,0.003,0.006,0.008,148.0,1044.892,606.008,693,505,188,72.872,74.871,1.101,24.803,2934,774.88,423.57,376.0,-51.48,1044.89,177.9
ETH-USDT-SWAP,1H,6H,0.003,0.006,0.01,148.0,17477.081,11708.838,693,541,152,78.066,69.661,1.597,479.216,2934,1015.19,585.94,1526.17,50.33,17477.08,1045.16
ETH-USDT-SWAP,1H,6H,0.003,0.006,0.015,148.0,125515.425,84707.72,693,595,98,85.859,48.501,1.923,3466.892,2934,9797.11,6519.67,73814.83,653.43,125515.42,70.04
ETH-USDT-SWAP,1H,6H,0.003,0.006,0.02,148.0,165662.303,111833.989,693,613,80,88.456,58.094,2.558,4577.107,2934,11449.8,7636.35,90058.79,686.55,165662.3,83.95
ETH-USDT-SWAP,1H,6H,0.003,0.006,0.025,148.0,205690.695,138880.2,693,626,67,90.332,46.366,3.634,5684.046,2934,15612.06,10448.69,127687.18,717.88,205690.7,61.09
ETH-USDT-SWAP,1H,6H,0.003,0.006,0.03,148.0,223541.74,150941.716,693,631,62,91.053,34.894,4.104,6177.696,2934,24270.82,16299.2,141638.23,483.57,223541.74,57.83
ETH-USDT-SWAP,1H,6H,0.003,0.008,0.005,148.0,135.744,-8.281,693,382,311,55.123,81.144,0.996,-0.339,2934,173.82,17.45,74.93,-56.89,135.74,81.15
ETH-USDT-SWAP,1H,6H,0.003,0.008,0.008,148.0,28317.963,19033.759,693,464,229,66.955,62.861,1.365,779.008,2934,982.58,563.91,4652.25,373.47,28317.96,508.69
ETH-USDT-SWAP,1H,6H,0.003,0.008,0.01,148.0,73790.667,49758.559,693,496,197,71.573,56.194,1.589,2036.503,2934,1348.52,811.16,21181.95,1470.76,73790.67,248.37
ETH-USDT-SWAP,1H,6H,0.003,0.008,0.015,148.0,159921.197,107954.863,693,538,155,77.633,43.84,1.839,4418.344,2934,13858.11,9263.59,98739.96,612.51,159921.2,61.96
ETH-USDT-SWAP,1H,6H,0.003,0.008,0.02,148.0,203761.236,137576.511,693,556,137,80.231,52.114,2.264,5630.689,2934,16601.44,11117.19,115335.5,594.73,203761.24,76.67
ETH-USDT-SWAP,1H,6H,0.003,0.008,0.025,148.0,243911.831,164705.291,693,568,125,81.962,42.116,2.762,6741.008,2934,23533.52,15801.02,151968.99,545.76,243911.83,60.5
ETH-USDT-SWAP,1H,6H,0.003,0.008,0.03,148.0,261162.123,176360.894,693,573,120,82.684,34.894,2.903,7218.045,2934,32941.52,22157.78,165769.28,403.22,261162.12,57.55
ETH-USDT-SWAP,1H,6H,0.003,0.01,0.005,148.0,53.784,-63.66,693,339,354,48.918,90.218,0.965,-2.605,2934,149.95,1.32,47.69,-68.2,53.78,12.79
ETH-USDT-SWAP,1H,6H,0.003,0.01,0.008,148.0,18275.182,12248.096,693,419,274,60.462,76.929,1.199,501.286,2934,1059.49,615.87,3930.58,270.99,18275.18,364.95
ETH-USDT-SWAP,1H,6H,0.003,0.01,0.01,148.0,68626.29,46269.115,693,449,244,64.791,75.351,1.45,1893.688,2934,1188.47,703.02,15855.42,1234.11,68626.29,332.83
ETH-USDT-SWAP,1H,6H,0.003,0.01,0.015,148.0,159924.907,107957.37,693,490,203,70.707,42.877,1.674,4418.446,2934,10858.51,7236.83,104664.58,863.89,159924.91,52.8
ETH-USDT-SWAP,1H,6H,0.003,0.01,0.02,148.0,204962.789,138388.371,693,506,187,73.016,50.538,1.958,5663.917,2934,13698.93,9156.04,122277.27,792.6,204962.79,67.62
ETH-USDT-SWAP,1H,6H,0.003,0.01,0.025,148.0,245144.591,165538.237,693,517,176,74.603,46.012,2.268,6775.098,2934,23103.25,15510.3,159039.2,588.38,245144.59,54.14
ETH-USDT-SWAP,1H,6H,0.003,0.01,0.03,148.0,265742.975,179456.064,693,522,171,75.325,36.027,2.359,7344.723,2934,36191.42,24353.66,175619.66,385.25,265742.97,51.32
ETH-USDT-SWAP,1H,6H,0.003,0.012,0.005,148.0,2.497,-98.313,693,297,396,42.857,98.706,0.805,-4.024,2934,30.39,-79.47,3.43,-88.72,2.5,-27.14
ETH-USDT-SWAP,1H,6H,0.003,0.012,0.008,148.0,224.794,51.888,693,369,324,53.247,81.415,1.016,2.124,2934,145.5,-1.69,122.64,-15.71,224.79,83.29
ETH-USDT-SWAP,1H,6H,0.003,0.012,0.01,148.0,4373.697,2855.2,693,399,294,57.576,81.542,1.219,116.857,2934,190.31,28.59,467.36,145.58,4373.7,835.84
ETH-USDT-SWAP,1H,6H,0.003,0.012,0.015,148.0,60380.272,40697.481,693,435,258,62.771,71.261,1.371,1665.654,2934,593.75,301.18,9837.73,1556.89,60380.27,513.76
ETH-USDT-SWAP,1H,6H,0.003,0.012,0.02,148.0,106750.2,72028.513,693,449,244,64.791,76.063,1.561,2947.961,2934,657.95,344.56,28310.61,4202.85,106750.2,277.07
ETH-USDT-SWAP,1H,6H,0.003,0.012,0.025,148.0,149804.313,101119.13,693,458,235,66.089,71.703,1.7,4138.573,2934,1566.9,958.71,72633.5,4535.5,149804.31,106.25
ETH-USDT-SWAP,1H,6H,0.003,0.012,0.03,148.0,164773.588,111233.506,693,462,231,66.667,61.177,1.679,4552.531,2934,3171.22,2042.71,89452.59,2720.77,164773.59,84.2
ETH-USDT-SWAP,1H,6H,0.003,0.015,0.005,148.0,0.452,-99.694,693,269,424,38.817,99.809,0.775,-4.08,2934,20.78,-85.96,0.87,-95.81,0.45,-48.04
ETH-USDT-SWAP,1H,6H,0.003,0.015,0.008,148.0,7.551,-94.898,693,330,363,47.619,97.698,0.927,-3.884,2934,109.53,-25.99,10.02,-90.85,7.55,-24.62
ETH-USDT-SWAP,1H,6H,0.003,0.015,0.01,148.0,157.084,6.138,693,358,335,51.659,91.921,1.002,0.251,2934,128.13,-13.43,62.11,-51.52,157.08,152.89
ETH-USDT-SWAP,1H,6H,0.003,0.015,0.015,148.0,2587.018,1647.985,693,393,300,56.71,87.972,1.061,67.448,2934,291.64,97.06,616.5,111.39,2587.02,319.63
ETH-USDT-SWAP,1H,6H,0.003,0.015,0.02,148.0,26950.907,18110.072,693,404,289,58.297,88.684,1.288,741.203,2934,208.92,41.17,819.45,292.22,26950.91,3188.91
ETH-USDT-SWAP,1H,6H,0.003,0.015,0.025,148.0,61126.275,41201.537,693,412,281,59.452,88.271,1.328,1686.284,2934,424.25,186.66,6808.05,1504.71,61126.27,797.85
ETH-USDT-SWAP,1H,6H,0.003,0.015,0.03,148.0,86430.201,58298.784,693,415,278,59.885,76.141,1.341,2386.035,2934,649.16,338.62,30723.69,4632.83,86430.2,181.31
ETH-USDT-SWAP,1H,6H,0.003,0.02,0.005,148.0,0.002,-99.999,693,229,464,33.045,99.999,0.69,-4.093,2934,6.59,-95.55,0.03,-99.6,0.0,-93.43
ETH-USDT-SWAP,1H,6H,0.003,0.02,0.008,148.0,0.008,-99.995,693,284,409,40.981,99.997,0.79,-4.093,2934,18.73,-87.35,0.1,-99.47,0.01,-92.05
ETH-USDT-SWAP,1H,6H,0.003,0.02,0.01,148.0,0.017,-99.988,693,305,388,44.012,99.994,0.806,-4.092,2934,17.8,-87.97,0.2,-98.9,0.02,-91.22
ETH-USDT-SWAP,1H,6H,0.003,0.02,0.015,148.0,0.021,-99.986,693,334,359,48.196,99.993,0.798,-4.092,2934,14.67,-90.09,0.32,-97.84,0.02,-93.45
ETH-USDT-SWAP,1H,6H,0.003,0.02,0.02,148.0,0.042,-99.972,693,345,348,49.784,99.984,0.771,-4.092,2934,10.29,-93.05,0.17,-98.31,0.04,-75.75
ETH-USDT-SWAP,1H,6H,0.003,0.02,0.025,148.0,0.139,-99.906,693,351,342,50.649,99.947,0.839,-4.089,2934,23.8,-83.92,0.94,-96.07,0.14,-85.15
ETH-USDT-SWAP,1H,6H,0.003,0.02,0.03,148.0,0.026,-99.982,693,352,341,50.794,99.989,0.814,-4.092,2934,22.45,-84.83,0.21,-99.04,0.03,-87.89
ETH-USDT-SWAP,1H,6H,0.003,0.03,0.005,148.0,0.0,-100.0,693,205,488,29.582,100.0,0.57,-4.093,2934,2.04,-98.62,0.0,-99.96,0.0,-99.08
ETH-USDT-SWAP,1H,6H,0.003,0.03,0.008,148.0,0.0,-100.0,693,259,434,37.374,100.0,0.681,-4.093,2934,5.61,-96.21,0.0,-99.98,0.0,-97.87
ETH-USDT-SWAP,1H,6H,0.003,0.03,0.01,148.0,0.0,-100.0,693,281,412,40.548,100.0,0.716,-4.093,2934,7.24,-95.11,0.0,-99.95,0.0,-97.41
ETH-USDT-SWAP,1H,6H,0.003,0.03,0.015,148.0,0.0,-100.0,693,306,387,44.156,100.0,0.676,-4.093,2934,4.99,-96.63,0.0,-99.98,0.0,-98.09
ETH-USDT-SWAP,1H,6H,0.003,0.03,0.02,148.0,0.0,-100.0,693,318,375,45.887,100.0,0.651,-4.093,2934,3.15,-97.87,0.0,-99.96,0.0,-95.39
ETH-USDT-SWAP,1H,6H,0.003,0.03,0.025,148.0,0.0,-100.0,693,322,371,46.465,100.0,0.63,-4.093,2934,3.98,-97.31,0.0,-99.94,0.0,-97.69
ETH-USDT-SWAP,1H,6H,0.003,0.03,0.03,148.0,0.0,-100.0,693,323,370,46.609,100.0,0.616,-4.093,2934,3.37,-97.72,0.0,-99.99,0.0,-98.28
ETH-USDT-SWAP,1H,6H,0.004,0.004,0.005,148.0,0.014,-99.991,634,394,240,62.145,99.992,0.513,-4.092,2934,25.35,-82.87,0.12,-99.52,0.01,-88.78
ETH-USDT-SWAP,1H,6H,0.004,0.004,0.008,148.0,0.778,-99.474,634,485,149,76.498,99.716,0.722,-4.071,2934,78.62,-46.88,1.56,-98.01,0.78,-50.2
ETH-USDT-SWAP,1H,6H,0.004,0.004,0.01,148.0,6.14,-95.851,634,520,114,82.019,97.939,0.821,-3.923,2934,141.42,-4.44,7.26,-94.87,6.14,-15.44
ETH-USDT-SWAP,1H,6H,0.004,0.004,0.015,148.0,1014.391,585.399,634,573,61,90.379,63.261,1.169,23.959,2934,764.96,416.87,425.96,-44.32,1014.39,138.14
ETH-USDT-SWAP,1H,6H,0.004,0.004,0.02,148.0,14874.353,9950.239,634,593,41,93.533,60.362,1.792,407.24,2934,1218.9,723.58,2278.36,86.92,14874.35,552.85
ETH-USDT-SWAP,1H,6H,0.004,0.004,0.025,148.0,48957.0,32979.054,634,604,30,95.268,51.537,3.136,1349.757,2934,1306.64,782.87,16045.12,1127.96,48957.0,205.12
ETH-USDT-SWAP,1H,6H,0.004,0.004,0.03,148.0,54110.624,36461.232,634,607,27,95.741,60.829,3.214,1492.274,2934,2376.28,1505.59,17598.74,640.6,54110.62,207.47
ETH-USDT-SWAP,1H,6H,0.004,0.006,0.005,148.0,2.18,-98.527,634,368,266,58.044,98.901,0.816,-4.032,2934,115.89,-21.69,5.66,-95.11,2.18,-61.49
ETH-USDT-SWAP,1H,6H,0.004,0.006,0.008,148.0,383.66,159.23,634,453,181,71.451,87.988,1.054,6.517,2934,629.84,325.57,142.25,-77.41,383.66,169.7
ETH-USDT-SWAP,1H,6H,0.004,0.006,0.01,148.0,2924.491,1876.008,634,484,150,76.341,73.873,1.183,76.781,2934,1013.85,585.04,643.11,-36.57,2924.49,354.74
ETH-USDT-SWAP,1H,6H,0.004,0.006,0.015,148.0,84387.247,56918.41,634,534,100,84.227,48.165,1.607,2329.539,2934,7089.95,4690.51,46102.4,550.25,84387.25,83.04
ETH-USDT-SWAP,1H,6H,0.004,0.006,0.02,148.0,127526.964,86066.868,634,554,80,87.382,53.405,2.082,3522.518,2934,11250.81,7501.9,74796.21,564.81,127526.96,70.5
ETH-USDT-SWAP,1H,6H,0.004,0.006,0.025,148.0,159309.366,107541.464,634,565,69,89.117,45.583,2.721,4401.424,2934,11505.91,7674.26,104899.45,811.7,159309.37,51.87
ETH-USDT-SWAP,1H,6H,0.004,0.006,0.03,148.0,167686.603,113201.759,634,568,66,89.59,34.213,2.772,4633.087,2934,19596.45,13140.84,108960.91,456.02,167686.6,53.9
ETH-USDT-SWAP,1H,6H,0.004,0.008,0.005,148.0,65.794,-55.545,634,343,291,54.101,92.126,0.963,-2.273,2934,271.43,83.4,49.47,-81.77,65.79,32.99
ETH-USDT-SWAP,1H,6H,0.004,0.008,0.008,148.0,21557.879,14466.134,634,423,211,66.719,81.976,1.491,592.066,2934,1532.04,935.16,2044.57,33.45,21557.88,954.39
ETH-USDT-SWAP,1H,6H,0.004,0.008,0.01,148.0,60972.236,41097.457,634,452,182,71.293,66.383,1.577,1682.024,2934,1839.63,1142.99,11162.24,506.77,60972.24,446.24
ETH-USDT-SWAP,1H,6H,0.004,0.008,0.015,148.0,149836.154,101140.645,634,495,139,78.076,43.636,1.875,4139.453,2934,12363.7,8253.85,85194.78,589.07,149836.15,75.87
ETH-USDT-SWAP,1H,6H,0.004,0.008,0.02,148.0,198006.21,133687.979,634,516,118,81.388,50.804,2.371,5471.541,2934,20131.57,13502.41,114598.47,469.25,198006.21,72.78
ETH-USDT-SWAP,1H,6H,0.004,0.008,0.025,148.0,230463.627,155618.667,634,527,107,83.123,41.441,2.909,6369.113,2934,19740.69,13238.3,145076.73,634.91,230463.63,58.86
ETH-USDT-SWAP,1H,6H,0.004,0.008,0.03,148.0,239354.312,161625.887,634,530,104,83.596,34.213,2.952,6614.975,2934,27969.93,18798.6,149351.63,433.97,239354.31,60.26
ETH-USDT-SWAP,1H,6H,0.004,0.01,0.005,148.0,131.952,-10.843,634,310,324,48.896,88.676,0.996,-0.444,2934,525.22,254.88,126.77,-75.86,131.95,4.09
ETH-USDT-SWAP,1H,6H,0.004,0.01,0.008,148.0,37279.354,25088.752,634,385,249,60.726,75.567,1.404,1026.825,2934,2959.73,1899.81,5919.62,100.01,37279.35,529.76
ETH-USDT-SWAP,1H,6H,0.004,0.01,0.01,148.0,91297.044,61587.192,634,415,219,65.457,50.815,1.498,2520.622,2934,3514.12,2274.41,43436.46,1136.05,91297.04,110.19
ETH-USDT-SWAP,1H,6H,0.004,0.01,0.015,148.0,157679.572,106440.251,634,448,186,70.662,42.111,1.723,4356.354,2934,21774.22,14612.31,97853.05,349.4,157679.57,61.14
ETH-USDT-SWAP,1H,6H,0.004,0.01,0.02,148.0,197913.911,133625.616,634,466,168,73.502,50.397,1.989,5468.988,2934,26003.89,17470.2,122902.29,372.63,197913.91,61.03
ETH-USDT-SWAP,1H,6H,0.004,0.01,0.025,148.0,227948.167,153919.032,634,476,158,75.079,44.818,2.278,6299.551,2934,28001.03,18819.61,149071.21,432.38,227948.17,52.91
ETH-USDT-SWAP,1H,6H,0.004,0.01,0.03,148.0,238486.488,161039.519,634,479,155,75.552,34.213,2.287,6590.976,2934,39827.9,26810.75,155443.75,290.29,238486.49,53.42
ETH-USDT-SWAP,1H,6H,0.004,0.012,0.005,148.0,24.573,-83.396,634,276,358,43.533,94.188,0.912,-3.413,2934,111.49,-24.67,16.4,-85.29,24.57,49.88
ETH-USDT-SWAP,1H,6H,0.004,0.012,0.008,148.0,5615.204,3694.057,634,346,288,54.574,72.457,1.234,151.189,2934,575.5,288.85,832.72,44.69,5615.2,574.32
ETH-USDT-SWAP,1H,6H,0.004,0.012,0.01,148.0,44206.378,29769.174,634,374,260,58.991,61.282,1.443,1218.384,2934,550.72,272.11,4725.76,758.1,44206.38,835.43
ETH-USDT-SWAP,1H,6H,0.004,0.012,0.015,148.0,103310.685,69704.517,634,404,230,63.722,62.557,1.563,2852.845,2934,1352.31,813.72,40624.63,2904.09,103310.68,154.31
ETH-USDT-SWAP,1H,6H,0.004,0.012,0.02,148.0,151807.12,102472.378,634,422,212,66.562,68.963,1.844,4193.958,2934,2110.92,1326.3,70615.81,3245.26,151807.12,114.98
ETH-USDT-SWAP,1H,6H,0.004,0.012,0.025,148.0,191615.595,129369.997,634,432,202,68.139,67.095,2.033,5294.816,2934,3060.78,1968.1,106258.95,3371.63,191615.6,80.33
ETH-USDT-SWAP,1H,6H,0.004,0.012,0.03,148.0,197688.041,133473.001,634,434,200,68.454,58.02,1.94,5462.742,2934,6266.04,4133.81,114210.62,1722.69,197688.04,73.09
ETH-USDT-SWAP,1H,6H,0.004,0.015,0.005,148.0,0.714,-99.517,634,238,396,37.539,99.687,0.808,-4.073,2934,52.25,-64.7,1.19,-97.72,0.71,-39.99
ETH-USDT-SWAP,1H,6H,0.004,0.015,0.008,148.0,70.048,-52.67,634,301,333,47.476,95.821,0.974,-2.156,2934,259.68,75.46,35.54,-86.32,70.05,97.12
ETH-USDT-SWAP,1H,6H,0.004,0.015,0.01,148.0,745.525,403.733,634,329,305,51.893,82.234,1.068,16.524,2934,213.43,44.21,139.34,-34.71,745.52,435.03
ETH-USDT-SWAP,1H,6H,0.004,0.015,0.015,148.0,3835.096,2491.281,634,355,279,55.994,82.769,1.125,101.962,2934,463.27,213.02,331.81,-28.38,3835.1,1055.8
ETH-USDT-SWAP,1H,6H,0.004,0.015,0.02,148.0,39169.073,26365.59,634,371,263,58.517,82.812,1.475,1079.083,2934,324.92,119.54,1174.7,261.54,39169.07,3234.4
ETH-USDT-SWAP,1H,6H,0.004,0.015,0.025,148.0,63346.042,42701.38,634,379,255,59.779,83.613,1.507,1747.669,2934,537.99,263.51,5622.37,945.06,63346.04,1026.68
ETH-USDT-SWAP,1H,6H,0.004,0.015,0.03,148.0,59705.906,40241.829,634,381,253,60.095,81.083,1.392,1647.005,2934,1325.52,795.62,5411.04,308.22,59705.91,1003.41
ETH-USDT-SWAP,1H,6H,0.004,0.02,0.005,148.0,0.007,-99.995,634,206,428,32.492,99.997,0.746,-4.093,2934,15.34,-89.64,0.08,-99.47,0.01,-91.22
ETH-USDT-SWAP,1H,6H,0.004,0.02,0.008,148.0,0.147,-99.901,634,261,373,41.167,99.95,0.859,-4.089,2934,68.51,-53.71,0.84,-98.78,0.15,-82.43
ETH-USDT-SWAP,1H,6H,0.004,0.02,0.01,148.0,0.374,-99.747,634,283,351,44.637,99.889,0.864,-4.082,2934,41.05,-72.27,2.12,-94.85,0.37,-82.31
ETH-USDT-SWAP,1H,6H,0.004,0.02,0.015,148.0,0.536,-99.638,634,307,327,48.423,99.833,0.886,-4.078,2934,72.44,-51.05,2.2,-96.96,0.54,-75.64
ETH-USDT-SWAP,1H,6H,0.004,0.02,0.02,148.0,0.793,-99.464,634,320,314,50.473,99.739,0.866,-4.071,2934,56.34,-61.93,1.96,-96.52,0.79,-59.55
ETH-USDT-SWAP,1H,6H,0.004,0.02,0.025,148.0,1.252,-99.154,634,326,308,51.42,99.559,0.91,-4.058,2934,104.14,-29.63,5.35,-94.86,1.25,-76.6
ETH-USDT-SWAP,1H,6H,0.004,0.02,0.03,148.0,0.322,-99.782,634,326,308,51.42,99.878,0.894,-4.084,2934,95.29,-35.62,1.58,-98.34,0.32,-79.68
ETH-USDT-SWAP,1H,6H,0.004,0.03,0.005,148.0,0.0,-100.0,634,188,446,29.653,100.0,0.678,-4.093,2934,10.96,-92.59,0.01,-99.92,0.0,-97.71
ETH-USDT-SWAP,1H,6H,0.004,0.03,0.008,148.0,0.001,-99.999,634,239,395,37.697,99.999,0.764,-4.093,2934,23.53,-84.1,0.02,-99.9,0.0,-94.23
ETH-USDT-SWAP,1H,6H,0.004,0.03,0.01,148.0,0.002,-99.999,634,258,376,40.694,99.999,0.779,-4.093,2934,18.34,-87.61,0.04,-99.78,0.0,-95.35
ETH-USDT-SWAP,1H,6H,0.004,0.03,0.015,148.0,0.001,-100.0,634,279,355,44.006,100.0,0.764,-4.093,2934,15.12,-89.78,0.02,-99.88,0.0,-95.91
ETH-USDT-SWAP,1H,6H,0.004,0.03,0.02,148.0,0.001,-100.0,634,291,343,45.899,100.0,0.727,-4.093,2934,9.34,-93.69,0.01,-99.9,0.0,-93.62
ETH-USDT-SWAP,1H,6H,0.004,0.03,0.025,148.0,0.001,-100.0,634,296,338,46.688,100.0,0.701,-4.093,2934,11.73,-92.07,0.02,-99.82,0.0,-96.98
ETH-USDT-SWAP,1H,6H,0.004,0.03,0.03,148.0,0.0,-100.0,634,296,338,46.688,100.0,0.693,-4.093,2934,9.76,-93.41,0.0,-99.95,0.0,-97.57
ETH-USDT-SWAP,1H,6H,0.005,0.004,0.005,148.0,0.022,-99.985,579,357,222,61.658,99.986,0.486,-4.092,2934,24.13,-83.7,0.15,-99.38,0.02,-85.64
ETH-USDT-SWAP,1H,6H,0.005,0.004,0.008,148.0,0.91,-99.385,579,444,135,76.684,99.596,0.711,-4.068,2934,70.71,-52.22,1.3,-98.16,0.91,-30.16
ETH-USDT-SWAP,1H,6H,0.005,0.004,0.01,148.0,15.168,-89.751,579,483,96,83.42,95.549,0.845,-3.673,2934,234.79,58.65,15.71,-93.31,15.17,-3.43
ETH-USDT-SWAP,1H,6H,0.005,0.004,0.015,148.0,1954.088,1220.33,579,532,47,91.883,69.038,1.294,49.945,2934,916.78,519.45,636.89,-30.53,1954.09,206.82
ETH-USDT-SWAP,1H,6H,0.005,0.004,0.02,148.0,6975.48,4613.162,579,545,34,94.128,71.674,1.529,188.806,2934,1181.31,698.18,1671.27,41.48,6975.48,317.38
ETH-USDT-SWAP,1H,6H,0.005,0.004,0.025,148.0,35858.997,24129.052,579,556,23,96.028,74.941,2.592,987.546,2934,1769.43,1095.56,11744.2,563.73,35859.0,205.33
ETH-USDT-SWAP,1H,6H,0.005,0.004,0.03,148.0,56792.534,38273.334,579,562,17,97.064,73.816,6.931,1566.439,2934,2303.01,1456.09,14829.33,543.91,56792.53,282.97
ETH-USDT-SWAP,1H,6H,0.005,0.006,0.005,148.0,4.817,-96.745,579,338,241,58.377,97.816,0.821,-3.96,2934,136.75,-7.6,8.3,-93.93,4.82,-41.98
ETH-USDT-SWAP,1H,6H,0.005,0.006,0.008,148.0,491.068,231.803,579,418,161,72.193,86.376,1.087,9.487,2934,580.27,292.07,141.62,-75.59,491.07,246.75
ETH-USDT-SWAP,1H,6H,0.005,0.006,0.01,148.0,8810.449,5853.006,579,453,126,78.238,71.824,1.355,239.55,2934,1874.33,1166.44,1711.03,-8.71,8810.45,414.92
ETH-USDT-SWAP,1H,6H,0.005,0.006,0.015,148.0,94152.607,63516.627,579,500,79,86.356,46.979,1.865,2599.589,2934,7396.49,4897.63,49289.81,566.39,94152.61,91.02
ETH-USDT-SWAP,1H,6H,0.005,0.006,0.02,148.0,111127.044,74985.841,579,512,67,88.428,52.868,2.076,3068.998,2934,7865.13,5214.28,62064.24,689.11,111127.04,79.05
ETH-USDT-SWAP,1H,6H,0.005,0.006,0.025,148.0,145604.707,98281.559,579,523,56,90.328,39.6,2.646,4022.438,2934,11459.18,7642.69,95464.23,733.08,145604.71,52.52
ETH-USDT-SWAP,1H,6H,0.005,0.006,0.03,148.0,173457.71,117101.155,579,529,50,91.364,33.958,3.488,4792.68,2934,16925.18,11335.93,103403.29,510.94,173457.71,67.75
ETH-USDT-SWAP,1H,6H,0.005,0.008,0.005,148.0,67.479,-54.406,579,309,270,53.368,92.842,0.963,-2.227,2934,326.39,120.54,52.37,-83.95,67.48,28.85
ETH-USDT-SWAP,1H,6H,0.005,0.008,0.008,148.0,18039.308,12088.722,579,386,193,66.667,68.763,1.53,494.764,2934,1272.9,760.06,1356.08,6.53,18039.31,1230.26
ETH-USDT-SWAP,1H,6H,0.005,0.008,0.01,148.0,68140.546,45940.909,579,418,161,72.193,56.818,1.533,1880.256,2934,4213.33,2746.84,19383.42,360.05,68140.55,251.54
ETH-USDT-SWAP,1H,6H,0.005,0.008,0.015,148.0,158538.57,107020.655,579,461,118,79.62,40.728,2.106,4380.109,2934,15462.52,10347.65,95241.26,515.95,158538.57,66.46
ETH-USDT-SWAP,1H,6H,0.005,0.008,0.02,148.0,174180.738,117589.688,579,473,106,81.693,50.237,2.278,4812.675,2934,14793.28,9895.46,107069.5,623.77,174180.74,62.68
ETH-USDT-SWAP,1H,6H,0.005,0.008,0.025,148.0,204966.844,138391.111,579,484,95,83.592,28.643,2.715,5664.029,2934,19124.02,12821.64,137227.93,617.57,204966.84,49.36
ETH-USDT-SWAP,1H,6H,0.005,0.008,0.03,148.0,214811.596,145042.97,579,486,93,83.938,33.53,2.825,5936.274,2934,25715.71,17275.48,140127.05,444.91,214811.6,53.3
ETH-USDT-SWAP,1H,6H,0.005,0.01,0.005,148.0,533.674,260.59,579,290,289,50.086,84.864,1.059,10.665,2934,660.84,346.51,239.42,-63.77,533.67,122.9
ETH-USDT-SWAP,1H,6H,0.005,0.01,0.008,148.0,47331.088,31880.465,579,357,222,61.658,55.974,1.566,1304.794,2934,2231.29,1407.63,6983.04,212.96,47331.09,577.8
ETH-USDT-SWAP,1H,6H,0.005,0.01,0.01,148.0,92991.84,62732.324,579,385,194,66.494,54.862,1.523,2567.489,2934,6477.6,4276.76,41828.57,545.74,92991.84,122.32
ETH-USDT-SWAP,1H,6H,0.005,0.01,0.015,148.0,174565.033,117849.347,579,420,159,72.539,36.58,1.926,4823.302,2934,29988.55,20162.53,107987.4,260.1,174565.03,61.65
ETH-USDT-SWAP,1H,6H,0.005,0.01,0.02,148.0,191482.889,129280.33,579,432,147,74.611,47.364,2.042,5291.146,2934,29597.07,19898.02,117857.6,298.21,191482.89,62.47
ETH-USDT-SWAP,1H,6H,0.005,0.01,0.025,148.0,220196.227,148681.234,579,442,137,76.339,29.607,2.268,6085.18,2934,34566.95,23256.04,145159.73,319.94,220196.23,51.69
ETH-USDT-SWAP,1H,6H,0.005,0.01,0.03,148.0,228874.61,154545.007,579,444,135,76.684,33.53,2.31,6325.171,2934,41942.26,28239.37,147342.49,251.3,228874.61,55.34
ETH-USDT-SWAP,1H,6H,0.005,0.012,0.005,148.0,256.024,72.989,579,260,319,44.905,90.788,1.021,2.987,2934,536.69,262.63,122.12,-77.25,256.02,109.65
ETH-USDT-SWAP,1H,6H,0.005,0.012,0.008,148.0,41667.694,28053.847,579,327,252,56.477,70.939,1.513,1148.179,2934,1626.75,999.16,3855.98,137.04,41667.69,980.6
ETH-USDT-SWAP,1H,6H,0.005,0.012,0.01,148.0,90269.769,60893.087,579,354,225,61.14,42.861,1.462,2492.214,2934,4702.26,3077.2,39507.04,740.17,90269.77,128.49
ETH-USDT-SWAP,1H,6H,0.005,0.012,0.015,148.0,174327.658,117688.958,579,388,191,67.012,36.159,1.801,4816.738,2934,22943.8,15402.57,108740.2,373.94,174327.66,60.32
ETH-USDT-SWAP,1H,6H,0.005,0.012,0.02,148.0,196333.207,132557.573,579,400,179,69.085,51.945,1.94,5425.276,2934,22200.4,14900.27,120181.68,441.35,196333.21,63.36
ETH-USDT-SWAP,1H,6H,0.005,0.012,0.025,148.0,225325.317,152146.836,579,410,169,70.812,43.882,2.132,6227.019,2934,30469.66,20487.61,147462.59,383.97,225325.32,52.8
ETH-USDT-SWAP,1H,6H,0.005,0.012,0.03,148.0,237204.086,160173.031,579,412,167,71.157,33.53,2.172,6555.513,2934,41495.36,27937.41,152545.73,267.62,237204.09,55.5
ETH-USDT-SWAP,1H,6H,0.005,0.015,0.005,148.0,3.902,-97.364,579,219,360,37.824,98.726,0.869,-3.985,2934,118.0,-20.27,4.5,-96.19,3.9,-13.26
ETH-USDT-SWAP,1H,6H,0.005,0.015,0.008,148.0,949.377,541.471,579,284,295,49.05,84.48,1.088,22.161,2934,428.21,189.33,205.48,-52.01,949.38,362.03
ETH-USDT-SWAP,1H,6H,0.005,0.015,0.01,148.0,5658.372,3723.224,579,309,270,53.368,77.292,1.139,152.383,2934,823.62,456.5,951.85,15.57,5658.37,494.46
ETH-USDT-SWAP,1H,6H,0.005,0.015,0.015,148.0,66663.745,44943.071,579,339,240,58.549,59.075,1.366,1839.416,2934,2113.8,1328.24,12955.18,512.89,66663.75,414.57
ETH-USDT-SWAP,1H,6H,0.005,0.015,0.02,148.0,91014.062,61395.988,579,349,230,60.276,71.656,1.532,2512.796,2934,1443.49,875.33,26842.33,1759.55,91014.06,239.07
ETH-USDT-SWAP,1H,6H,0.005,0.015,0.025,148.0,123059.886,83048.571,579,357,222,61.658,73.766,1.564,3398.987,2934,2684.62,1713.93,62771.95,2238.21,123059.89,96.04
ETH-USDT-SWAP,1H,6H,0.005,0.015,0.03,148.0,133472.701,90084.257,579,358,221,61.831,69.824,1.536,3686.941,2934,5593.94,3679.69,72262.55,1191.8,133472.7,84.71
ETH-USDT-SWAP,1H,6H,0.005,0.02,0.005,148.0,0.165,-99.889,579,193,386,33.333,99.924,0.792,-4.088,2934,64.52,-56.41,0.62,-99.03,0.16,-73.55
ETH-USDT-SWAP,1H,6H,0.005,0.02,0.008,148.0,1.931,-98.695,579,244,335,42.142,99.493,0.907,-4.039,2934,152.82,3.26,5.6,-96.34,1.93,-65.51
ETH-USDT-SWAP,1H,6H,0.005,0.02,0.01,148.0,8.068,-94.549,579,268,311,46.287,98.721,0.946,-3.87,2934,227.3,53.58,18.14,-92.02,8.07,-55.52
ETH-USDT-SWAP,1H,6H,0.005,0.02,0.015,148.0,21.71,-85.331,579,291,288,50.259,97.902,0.966,-3.492,2934,256.3,73.17,23.86,-90.69,21.71,-9.0
ETH-USDT-SWAP,1H,6H,0.005,0.02,0.02,148.0,15.097,-89.799,579,299,280,51.641,97.876,0.952,-3.675,2934,182.37,23.22,15.62,-91.44,15.1,-3.32
ETH-USDT-SWAP,1H,6H,0.005,0.02,0.025,148.0,10.217,-93.097,579,303,276,52.332,98.111,0.956,-3.81,2934,226.53,53.06,17.25,-92.38,10.22,-40.78
ETH-USDT-SWAP,1H,6H,0.005,0.02,0.03,148.0,4.642,-96.864,579,303,276,52.332,99.327,0.952,-3.964,2934,292.2,97.43,8.42,-97.12,4.64,-44.85
ETH-USDT-SWAP,1H,6H,0.005,0.03,0.005,148.0,0.006,-99.996,579,173,406,29.879,99.997,0.664,-4.093,2934,19.82,-86.61,0.07,-99.67,0.01,-91.54
ETH-USDT-SWAP,1H,6H,0.005,0.03,0.008,148.0,0.021,-99.986,579,220,359,37.997,99.991,0.802,-4.092,2934,42.14,-71.53,0.21,-99.51,0.02,-89.93
ETH-USDT-SWAP,1H,6H,0.005,0.03,0.01,148.0,0.025,-99.983,579,240,339,41.451,99.989,0.77,-4.092,2934,34.66,-76.58,0.16,-99.54,0.03,-84.16
ETH-USDT-SWAP,1H,6H,0.005,0.03,0.015,148.0,0.024,-99.984,579,262,317,45.25,99.988,0.786,-4.092,2934,25.91,-82.49,0.15,-99.44,0.02,-83.38
ETH-USDT-SWAP,1H,6H,0.005,0.03,0.02,148.0,0.011,-99.992,579,269,310,46.459,99.994,0.773,-4.092,2934,26.98,-81.77,0.07,-99.75,0.01,-83.25
ETH-USDT-SWAP,1H,6H,0.005,0.03,0.025,148.0,0.006,-99.996,579,273,306,47.15,99.997,0.704,-4.093,2934,18.9,-87.23,0.06,-99.66,0.01,-91.02
ETH-USDT-SWAP,1H,6H,0.005,0.03,0.03,148.0,0.002,-99.999,579,273,306,47.15,99.999,0.703,-4.093,2934,19.68,-86.7,0.03,-99.87,0.0,-92.75
ETH-USDT-SWAP,1H,6H,0.007,0.004,0.005,148.0,0.033,-99.978,474,281,193,59.283,99.979,0.374,-4.092,2934,18.44,-87.54,0.22,-98.81,0.03,-84.93
ETH-USDT-SWAP,1H,6H,0.007,0.004,0.008,148.0,0.634,-99.572,474,355,119,74.895,99.625,0.525,-4.075,2934,49.26,-66.72,2.0,-95.95,0.63,-68.27
ETH-USDT-SWAP,1H,6H,0.007,0.004,0.01,148.0,9.083,-93.863,474,391,83,82.489,96.586,0.731,-3.842,2934,130.21,-12.02,19.11,-85.32,9.08,-52.47
ETH-USDT-SWAP,1H,6H,0.007,0.004,0.015,148.0,374.46,153.014,474,431,43,90.928,70.516,1.144,6.262,2934,290.64,96.38,184.57,-36.5,374.46,102.88
ETH-USDT-SWAP,1H,6H,0.007,0.004,0.02,148.0,739.258,399.498,474,442,32,93.249,75.164,1.251,16.351,2934,270.31,82.64,598.99,121.6,739.26,23.42
ETH-USDT-SWAP,1H,6H,0.007,0.004,0.025,148.0,4795.621,3140.285,474,452,22,95.359,74.275,1.749,128.525,2934,858.11,479.8,2191.74,155.42,4795.62,118.8
ETH-USDT-SWAP,1H,6H,0.007,0.004,0.03,148.0,34171.846,22989.085,474,460,14,97.046,50.93,4.109,940.89,2934,799.33,440.09,9563.75,1096.47,34171.85,257.31
ETH-USDT-SWAP,1H,6H,0.007,0.006,0.005,148.0,2.574,-98.261,474,270,204,56.962,98.637,0.693,-4.022,2934,63.77,-56.91,5.58,-91.25,2.57,-53.86
ETH-USDT-SWAP,1H,6H,0.007,0.006,0.008,148.0,102.555,-30.706,474,339,135,71.519,82.574,0.968,-1.257,2934,215.95,45.91,91.75,-57.51,102.55,11.77
ETH-USDT-SWAP,1H,6H,0.007,0.006,0.01,148.0,2751.261,1758.96,474,373,101,78.692,72.807,1.284,71.99,2934,767.35,418.48,1506.76,96.36,2751.26,82.59
ETH-USDT-SWAP,1H,6H,0.007,0.006,0.015,148.0,45734.234,30801.51,474,406,68,85.654,65.912,1.932,1260.635,2934,1485.82,903.93,11368.38,665.13,45734.23,302.29
ETH-USDT-SWAP,1H,6H,0.007,0.006,0.02,148.0,64692.132,43610.9,474,417,57,87.975,71.729,2.371,1784.894,2934,1508.3,919.12,35716.31,2267.99,64692.13,81.13
ETH-USDT-SWAP,1H,6H,0.007,0.006,0.025,148.0,97658.025,65885.152,474,427,47,90.084,68.734,2.656,2696.527,2934,5174.93,3396.57,59591.92,1051.55,97658.02,63.88
ETH-USDT-SWAP,1H,6H,0.007,0.006,0.03,148.0,135608.156,91527.132,474,435,39,91.772,51.111,3.98,3745.995,2934,4820.48,3157.08,84342.06,1649.66,135608.16,60.78
ETH-USDT-SWAP,1H,6H,0.007,0.008,0.005,148.0,44.307,-70.063,474,252,222,53.165,90.287,0.916,-2.868,2934,201.64,36.24,46.77,-76.8,44.31,-5.27
ETH-USDT-SWAP,1H,6H,0.007,0.008,0.008,148.0,1650.45,1015.169,474,312,162,65.823,74.612,1.14,41.549,2934,698.64,372.06,1015.1,45.3,1650.45,62.59
ETH-USDT-SWAP,1H,6H,0.007,0.008,0.01,148.0,39541.682,26617.353,474,343,131,72.363,60.182,1.44,1089.387,2934,2709.86,1730.99,18485.6,582.16,39541.68,113.91
ETH-USDT-SWAP,1H,6H,0.007,0.008,0.015,148.0,93286.02,62931.095,474,374,100,78.903,67.445,1.89,2575.625,2934,3686.71,2391.02,48665.24,1220.02,93286.02,91.69
ETH-USDT-SWAP,1H,6H,0.007,0.008,0.02,148.0,117175.101,79072.366,474,386,88,81.435,73.48,2.18,3236.25,2934,3894.24,2531.24,77879.33,1899.86,117175.1,50.46
ETH-USDT-SWAP,1H,6H,0.007,0.008,0.025,148.0,158441.905,106955.341,474,396,78,83.544,36.117,2.467,4377.436,2934,13490.96,9015.52,108294.7,702.72,158441.9,46.31
ETH-USDT-SWAP,1H,6H,0.007,0.008,0.03,148.0,187688.124,126716.3,474,402,72,84.81,32.0,3.223,5186.206,2934,14402.27,9631.26,129185.92,796.98,187688.12,45.29
ETH-USDT-SWAP,1H,6H,0.007,0.01,0.005,148.0,155.558,5.107,474,232,242,48.945,90.482,1.003,0.209,2934,365.55,146.99,90.31,-75.29,155.56,72.24
ETH-USDT-SWAP,1H,6H,0.007,0.01,0.008,148.0,4068.489,2648.979,474,285,189,60.127,70.687,1.204,108.417,2934,707.36,377.95,1444.16,104.16,4068.49,181.72
ETH-USDT-SWAP,1H,6H,0.007,0.01,0.01,148.0,48833.232,32895.427,474,312,162,65.823,62.711,1.418,1346.334,2934,2392.86,1516.79,26334.06,1000.53,48833.23,85.44
ETH-USDT-SWAP,1H,6H,0.007,0.01,0.015,148.0,115550.55,77974.696,474,345,129,72.785,71.985,1.856,3191.325,2934,3737.05,2425.03,64902.39,1636.73,115550.55,78.04
ETH-USDT-SWAP,1H,6H,0.007,0.01,0.02,148.0,138923.575,93767.281,474,357,117,75.316,78.804,2.121,3837.679,2934,3335.62,2153.8,93851.09,2713.6,138923.58,48.03
ETH-USDT-SWAP,1H,6H,0.007,0.01,0.025,148.0,171598.951,115845.237,474,365,109,77.004,36.044,2.257,4741.278,2934,11114.72,7409.95,123920.69,1014.92,171598.95,38.47
ETH-USDT-SWAP,1H,6H,0.007,0.01,0.03,148.0,200313.56,135247.0,474,370,104,78.059,35.704,2.701,5535.348,2934,14634.89,9788.44,149447.97,921.18,200313.56,34.04
ETH-USDT-SWAP,1H,6H,0.007,0.012,0.005,148.0,313.6,111.892,474,214,260,45.148,85.643,1.05,4.579,2934,426.0,187.84,215.66,-49.38,313.6,45.42
ETH-USDT-SWAP,1H,6H,0.007,0.012,0.008,148.0,5560.066,3656.802,474,262,212,55.274,69.282,1.17,149.664,2934,812.9,449.26,2487.92,206.05,5560.07,123.48
ETH-USDT-SWAP,1H,6H,0.007,0.012,0.01,148.0,46985.919,31647.242,474,284,190,59.916,63.589,1.342,1295.249,2934,2949.72,1893.05,30594.14,937.19,46985.92,53.58
ETH-USDT-SWAP,1H,6H,0.007,0.012,0.015,148.0,112486.762,75904.569,474,313,161,66.034,76.569,1.705,3106.599,2934,4662.18,3050.12,62028.6,1230.46,112486.76,81.35
ETH-USDT-SWAP,1H,6H,0.007,0.012,0.02,148.0,132462.182,89401.474,474,324,150,68.354,78.655,1.844,3658.996,2934,4395.99,2870.26,89079.69,1926.39,132462.18,48.7
ETH-USDT-SWAP,1H,6H,0.007,0.012,0.025,148.0,168032.35,113435.371,474,332,142,70.042,40.987,1.982,4642.648,2934,15894.22,10639.34,120962.01,661.04,168032.35,38.91
ETH-USDT-SWAP,1H,6H,0.007,0.012,0.03,148.0,195975.482,132315.866,474,337,137,71.097,37.622,2.268,5415.383,2934,20208.43,13554.34,146167.81,623.3,195975.48,34.08
ETH-USDT-SWAP,1H,6H,0.007,0.015,0.005,148.0,102.997,-30.407,474,193,281,40.717,88.045,0.979,-1.245,2934,264.03,78.4,77.47,-70.66,103.0,32.95
ETH-USDT-SWAP,1H,6H,0.007,0.015,0.008,148.0,2910.758,1866.729,474,242,232,51.055,70.004,1.167,76.401,2934,400.63,170.7,918.92,129.37,2910.76,216.76
ETH-USDT-SWAP,1H,6H,0.007,0.015,0.01,148.0,16322.533,10928.738,474,260,214,54.852,70.282,1.209,447.288,2934,729.77,393.09,6074.43,732.37,16322.53,168.71
ETH-USDT-SWAP,1H,6H,0.007,0.015,0.015,148.0,68116.807,45924.869,474,285,189,60.127,81.712,1.598,1879.599,2934,889.2,500.81,11497.39,1193.01,68116.81,492.45
ETH-USDT-SWAP,1H,6H,0.007,0.015,0.02,148.0,104375.435,70423.943,474,296,178,62.447,83.755,1.689,2882.29,2934,1227.83,729.61,53610.14,4266.27,104375.44,94.69
ETH-USDT-SWAP,1H,6H,0.007,0.015,0.025,148.0,133652.44,90205.703,474,304,170,64.135,73.746,1.729,3691.911,2934,4587.66,2999.77,78749.3,1616.55,133652.44,69.72
ETH-USDT-SWAP,1H,6H,0.007,0.015,0.03,148.0,154494.728,104288.329,474,307,167,64.768,60.771,1.8,4268.281,2934,5625.18,3700.79,103199.25,1734.6,154494.73,49.71
ETH-USDT-SWAP,1H,6H,0.007,0.02,0.005,148.0,1.939,-98.69,474,164,310,34.599,99.123,0.801,-4.039,2934,111.84,-24.43,3.93,-96.49,1.94,-50.64
ETH-USDT-SWAP,1H,6H,0.007,0.02,0.008,148.0,30.357,-79.488,474,210,264,44.304,95.182,0.92,-3.253,2934,144.93,-2.08,24.51,-83.09,30.36,23.85
ETH-USDT-SWAP,1H,6H,0.007,0.02,0.01,148.0,56.724,-61.673,474,226,248,47.679,93.126,0.968,-2.524,2934,207.18,39.99,62.57,-69.8,56.72,-9.34
ETH-USDT-SWAP,1H,6H,0.007,0.02,0.015,148.0,242.52,63.865,474,246,228,51.899,90.476,1.027,2.614,2934,125.01,-15.54,44.25,-64.61,242.52,448.13
ETH-USDT-SWAP,1H,6H,0.007,0.02,0.02,148.0,492.024,232.448,474,255,219,53.797,94.013,1.043,9.514,2934,128.6,-13.11,167.26,30.06,492.02,194.17
ETH-USDT-SWAP,1H,6H,0.007,0.02,0.025,148.0,304.856,105.984,474,258,216,54.43,89.62,1.021,4.338,2934,235.9,59.39,125.12,-46.96,304.86,143.65
ETH-USDT-SWAP,1H,6H,0.007,0.02,0.03,148.0,502.273,239.374,474,260,214,54.852,87.251,1.025,9.797,2934,276.72,86.97,312.01,12.75,502.27,60.98
ETH-USDT-SWAP,1H,6H,0.007,0.03,0.005,148.0,0.201,-99.864,474,149,325,31.435,99.92,0.739,-4.087,2934,64.15,-56.65,0.45,-99.3,0.2,-55.25
ETH-USDT-SWAP,1H,6H,0.007,0.03,0.008,148.0,0.424,-99.713,474,188,286,39.662,99.858,0.759,-4.081,2934,53.84,-63.62,0.83,-98.46,0.42,-48.95
ETH-USDT-SWAP,1H,6H,0.007,0.03,0.01,148.0,0.3,-99.797,474,202,272,42.616,99.899,0.819,-4.084,2934,70.34,-52.48,1.16,-98.36,0.3,-74.04
ETH-USDT-SWAP,1H,6H,0.007,0.03,0.015,148.0,0.472,-99.681,474,221,253,46.624,99.812,0.773,-4.08,2934,36.41,-75.4,0.61,-98.31,0.47,-23.13
ETH-USDT-SWAP,1H,6H,0.007,0.03,0.02,148.0,0.243,-99.836,474,226,248,47.679,99.876,0.76,-4.086,2934,42.08,-71.57,0.65,-98.46,0.24,-62.63
ETH-USDT-SWAP,1H,6H,0.007,0.03,0.025,148.0,0.09,-99.939,474,228,246,48.101,99.951,0.792,-4.09,2934,51.38,-65.28,0.28,-99.45,0.09,-68.34
ETH-USDT-SWAP,1H,6H,0.007,0.03,0.03,148.0,0.146,-99.902,474,230,244,48.523,99.92,0.809,-4.089,2934,52.27,-64.69,0.8,-98.46,0.15,-81.86
ETH-USDT-SWAP,1H,6H,0.01,0.004,0.005,148.0,0.131,-99.912,354,202,152,57.062,99.923,0.402,-4.089,2934,32.47,-78.06,0.57,-98.24,0.13,-77.17
ETH-USDT-SWAP,1H,6H,0.01,0.004,0.008,148.0,1.059,-99.284,354,258,96,72.881,99.469,0.539,-4.063,2934,55.67,-62.38,3.57,-93.59,1.06,-70.34
ETH-USDT-SWAP,1H,6H,0.01,0.004,0.01,148.0,5.95,-95.979,354,284,70,80.226,97.113,0.673,-3.928,2934,108.17,-26.91,11.97,-88.94,5.95,-50.28
ETH-USDT-SWAP,1H,6H,0.01,0.004,0.015,148.0,15.688,-89.4,354,308,46,87.006,94.299,0.745,-3.659,2934,154.95,4.69,19.0,-87.73,15.69,-17.45
ETH-USDT-SWAP,1H,6H,0.01,0.004,0.02,148.0,142.137,-3.961,354,326,28,92.09,72.762,0.995,-0.162,2934,258.03,74.35,230.32,-10.74,142.14,-38.29
ETH-USDT-SWAP,1H,6H,0.01,0.004,0.025,148.0,550.549,271.993,354,335,19,94.633,82.584,1.291,11.132,2934,361.62,144.34,203.67,-43.68,550.55,170.31
ETH-USDT-SWAP,1H,6H,0.01,0.004,0.03,148.0,6799.271,4494.102,354,344,10,97.175,67.531,2.559,183.933,2934,657.46,344.23,2898.88,340.92,6799.27,134.55
ETH-USDT-SWAP,1H,6H,0.01,0.006,0.005,148.0,2.967,-97.995,354,194,160,54.802,98.498,0.691,-4.011,2934,89.85,-39.29,5.4,-93.99,2.97,-45.01
ETH-USDT-SWAP,1H,6H,0.01,0.006,0.008,148.0,57.187,-61.36,354,249,105,70.339,87.275,0.92,-2.511,2934,195.62,32.18,74.94,-61.69,57.19,-23.69
ETH-USDT-SWAP,1H,6H,0.01,0.006,0.01,148.0,359.057,142.606,354,273,81,77.119,66.867,1.087,5.837,2934,327.71,121.43,250.61,-23.53,359.06,43.27
ETH-USDT-SWAP,1H,6H,0.01,0.006,0.015,148.0,1545.707,944.397,354,297,57,83.898,73.469,1.281,38.652,2934,494.45,234.09,601.51,21.65,1545.71,156.97
ETH-USDT-SWAP,1H,6H,0.01,0.006,0.02,148.0,12099.773,8075.522,354,313,41,88.418,64.873,1.411,330.513,2934,735.86,397.2,6574.87,793.5,12099.77,84.03
ETH-USDT-SWAP,1H,6H,0.01,0.006,0.025,148.0,35740.071,24048.697,354,322,32,90.96,70.152,2.818,984.258,2934,1003.12,577.79,5690.6,467.29,35740.07,528.05
ETH-USDT-SWAP,1H,6H,0.01,0.006,0.03,148.0,83045.814,56012.037,354,331,23,93.503,64.221,3.417,2292.444,2934,2176.11,1370.35,47447.3,2080.37,83045.81,75.03
ETH-USDT-SWAP,1H,6H,0.01,0.008,0.005,148.0,32.032,-78.357,354,185,169,52.26,85.722,0.868,-3.207,2934,149.28,0.86,31.15,-79.13,32.03,2.82
ETH-USDT-SWAP,1H,6H,0.01,0.008,0.008,148.0,1522.18,928.5,354,238,116,67.232,65.715,1.221,38.001,2934,393.46,165.85,917.65,133.22,1522.18,65.88
ETH-USDT-SWAP,1H,6H,0.01,0.008,0.01,148.0,10823.161,7212.946,354,259,95,73.164,62.563,1.443,295.209,2934,686.49,363.84,2920.57,325.44,10823.16,270.58
ETH-USDT-SWAP,1H,6H,0.01,0.008,0.015,148.0,33217.438,22344.215,354,280,74,79.096,70.364,1.811,914.497,2934,970.75,555.91,6462.18,565.69,33217.44,414.03
ETH-USDT-SWAP,1H,6H,0.01,0.008,0.02,148.0,59544.803,40132.975,354,293,61,82.768,65.146,2.171,1642.55,2934,1053.48,611.81,30487.99,2794.04,59544.8,95.31
ETH-USDT-SWAP,1H,6H,0.01,0.008,0.025,148.0,85916.233,57951.509,354,301,53,85.028,67.516,2.83,2371.822,2934,1673.14,1030.5,35213.15,2004.61,85916.23,143.99
ETH-USDT-SWAP,1H,6H,0.01,0.008,0.03,148.0,130269.293,87919.792,354,309,45,87.288,59.12,3.312,3598.354,2934,3511.22,2272.45,81066.21,2208.78,130269.29,60.69
ETH-USDT-SWAP,1H,6H,0.01,0.01,0.005,148.0,129.094,-12.774,354,173,181,48.87,75.037,0.989,-0.523,2934,217.16,46.73,111.28,-48.76,129.09,16.01
ETH-USDT-SWAP,1H,6H,0.01,0.01,0.008,148.0,6363.608,4199.735,354,221,133,62.429,63.984,1.27,171.885,2934,706.2,377.16,3635.11,414.75,6363.61,75.06
ETH-USDT-SWAP,1H,6H,0.01,0.01,0.01,148.0,27249.273,18311.671,354,237,117,66.949,65.797,1.488,749.454,2934,1031.5,596.96,6640.07,543.73,27249.27,310.38
ETH-USDT-SWAP,1H,6H,0.01,0.01,0.015,148.0,52098.538,35101.715,354,256,98,72.316,69.183,1.788,1436.632,2934,1274.58,761.2,18976.18,1388.82,52098.54,174.55
ETH-USDT-SWAP,1H,6H,0.01,0.01,0.02,148.0,84708.434,57135.428,354,269,85,75.989,59.47,2.032,2338.421,2934,1492.19,908.24,54411.29,3546.39,84708.43,55.68
ETH-USDT-SWAP,1H,6H,0.01,0.01,0.025,148.0,110323.774,74443.091,354,276,78,77.966,66.679,2.227,3046.784,2934,2460.19,1562.29,62925.36,2457.74,110323.77,75.32
ETH-USDT-SWAP,1H,6H,0.01,0.01,0.03,148.0,146494.311,98882.643,354,282,72,79.661,44.105,2.712,4047.039,2934,3359.66,2170.04,100197.54,2882.37,146494.31,46.21
ETH-USDT-SWAP,1H,6H,0.01,0.012,0.005,148.0,197.775,33.632,354,160,194,45.198,70.098,1.018,1.376,2934,280.1,89.26,165.44,-40.94,197.77,19.55
ETH-USDT-SWAP,1H,6H,0.01,0.012,0.008,148.0,6157.924,4060.76,354,203,151,57.345,66.423,1.119,166.198,2934,930.17,528.49,7243.4,678.72,6157.92,-14.99
ETH-USDT-SWAP,1H,6H,0.01,0.012,0.01,148.0,31675.635,21302.456,354,219,135,61.864,64.518,1.362,871.86,2934,1347.28,810.32,14600.6,983.71,31675.64,116.95
ETH-USDT-SWAP,1H,6H,0.01,0.012,0.015,148.0,53675.623,36167.313,354,237,117,66.949,68.612,1.572,1480.245,2934,1175.94,694.55,27719.3,2257.2,53675.62,93.64
ETH-USDT-SWAP,1H,6H,0.01,0.012,0.02,148.0,87852.364,59259.705,354,250,104,70.621,57.177,1.794,2425.363,2934,1236.94,735.77,65921.25,5229.38,87852.36,33.27
ETH-USDT-SWAP,1H,6H,0.01,0.012,0.025,148.0,108033.065,72895.314,354,255,99,72.034,63.787,1.851,2983.437,2934,2542.79,1618.1,73472.58,2789.45,108033.06,47.04
ETH-USDT-SWAP,1H,6H,0.01,0.012,0.03,148.0,144608.838,97608.674,354,261,93,73.729,40.667,2.221,3994.898,2934,3536.76,2289.7,112649.99,3085.12,144608.84,28.37
ETH-USDT-SWAP,1H,6H,0.01,0.015,0.005,148.0,138.109,-6.683,354,143,211,40.395,72.862,0.995,-0.274,2934,167.52,13.19,133.56,-20.27,138.11,3.4
ETH-USDT-SWAP,1H,6H,0.01,0.015,0.008,148.0,995.061,572.338,354,178,176,50.282,71.172,1.061,23.424,2934,501.54,238.88,1536.4,206.34,995.06,-35.23
ETH-USDT-SWAP,1H,6H,0.01,0.015,0.01,148.0,7031.658,4651.12,354,193,161,54.52,67.645,1.13,190.36,2934,803.27,442.75,3621.48,350.84,7031.66,94.17
ETH-USDT-SWAP,1H,6H,0.01,0.015,0.015,148.0,26931.489,18096.952,354,211,143,59.605,75.448,1.396,740.667,2934,656.18,343.36,5298.43,707.47,26931.49,408.29
ETH-USDT-SWAP,1H,6H,0.01,0.015,0.02,148.0,61769.348,41636.046,354,223,131,62.994,72.277,1.56,1704.067,2934,777.61,425.41,35654.86,4485.2,61769.35,73.24
ETH-USDT-SWAP,1H,6H,0.01,0.015,0.025,148.0,78151.351,52704.967,354,226,128,63.842,78.731,1.57,2157.093,2934,1686.92,1039.81,47743.72,2730.24,78151.35,63.69
ETH-USDT-SWAP,1H,6H,0.01,0.015,0.03,148.0,119696.494,80776.01,354,232,122,65.537,51.066,1.821,3305.976,2934,2410.32,1528.59,91890.5,3712.38,119696.49,30.26
ETH-USDT-SWAP,1H,6H,0.01,0.02,0.005,148.0,95.826,-35.253,354,132,222,37.288,75.281,0.973,-1.443,2934,142.28,-3.86,110.58,-22.28,95.83,-13.35
ETH-USDT-SWAP,1H,6H,0.01,0.02,0.008,148.0,142.476,-3.732,354,159,195,44.915,75.23,0.999,-0.153,2934,191.72,29.54,248.79,29.76,142.48,-42.73
ETH-USDT-SWAP,1H,6H,0.01,0.02,0.01,148.0,662.805,347.841,354,172,182,48.588,72.098,1.057,14.236,2934,232.59,57.15,438.58,88.57,662.81,51.13
ETH-USDT-SWAP,1H,6H,0.01,0.02,0.015,148.0,2063.497,1294.255,354,188,166,53.107,79.648,1.105,52.971,2934,177.73,20.09,913.92,414.21,2063.5,125.79
ETH-USDT-SWAP,1H,6H,0.01,0.02,0.02,148.0,19614.626,13153.126,354,198,156,55.932,72.277,1.227,538.327,2934,278.61,88.25,8104.79,2808.97,19614.63,142.01
ETH-USDT-SWAP,1H,6H,0.01,0.02,0.025,148.0,22698.326,15236.707,354,200,154,56.497,78.731,1.215,623.603,2934,739.12,399.41,10609.68,1335.45,22698.33,113.94
ETH-USDT-SWAP,1H,6H,0.01,0.02,0.03,148.0,59946.623,40404.475,354,204,150,57.627,82.074,1.366,1653.662,2934,1102.81,645.14,50017.13,4435.45,59946.62,19.85
ETH-USDT-SWAP,1H,6H,0.01,0.03,0.005,148.0,0.771,-99.479,354,109,245,30.791,99.565,0.634,-4.071,2934,32.23,-78.22,3.01,-90.65,0.77,-74.42
ETH-USDT-SWAP,1H,6H,0.01,0.03,0.008,148.0,0.239,-99.839,354,132,222,37.288,99.87,0.664,-4.086,2934,27.31,-81.55,1.89,-93.08,0.24,-87.37
ETH-USDT-SWAP,1H,6H,0.01,0.03,0.01,148.0,0.394,-99.734,354,143,211,40.395,99.785,0.682,-4.082,2934,24.1,-83.71,1.69,-92.99,0.39,-76.66
ETH-USDT-SWAP,1H,6H,0.01,0.03,0.015,148.0,0.707,-99.522,354,158,196,44.633,99.614,0.698,-4.073,2934,23.28,-84.27,3.17,-86.37,0.71,-77.71
ETH-USDT-SWAP,1H,6H,0.01,0.03,0.02,148.0,0.459,-99.69,354,163,191,46.045,99.749,0.735,-4.08,2934,24.16,-83.67,3.92,-83.76,0.46,-88.3
ETH-USDT-SWAP,1H,6H,0.01,0.03,0.025,148.0,0.148,-99.9,354,163,191,46.045,99.919,0.706,-4.089,2934,25.11,-83.03,1.66,-93.39,0.15,-91.09
ETH-USDT-SWAP,1H,6H,0.01,0.03,0.03,148.0,0.241,-99.837,354,165,189,46.61,99.868,0.751,-4.086,2934,21.28,-85.62,4.33,-79.64,0.24,-94.43
ETH-USDT-SWAP,1H,12H,0.001,0.004,0.005,148.0,0.041,-99.972,411,234,177,56.934,99.974,0.366,-4.092,1468,23.56,-84.08,0.18,-99.24,0.04,-76.99
ETH-USDT-SWAP,1H,12H,0.001,0.004,0.008,148.0,0.992,-99.329,411,305,106,74.209,99.571,0.655,-4.065,1468,87.92,-40.6,4.74,-94.61,0.99,-79.04
ETH-USDT-SWAP,1H,12H,0.001,0.004,0.01,148.0,3.828,-97.413,411,330,81,80.292,98.307,0.729,-3.987,1468,139.11,-6.01,12.19,-91.23,3.83,-68.6
ETH-USDT-SWAP,1H,12H,0.001,0.004,0.015,148.0,282.986,91.207,411,372,39,90.511,64.272,1.058,3.733,1468,415.7,180.88,341.14,-17.94,282.99,-17.05
ETH-USDT-SWAP,1H,12H,0.001,0.004,0.02,148.0,803.724,443.057,411,384,27,93.431,57.263,1.2,18.133,1468,423.99,186.48,616.73,45.46,803.72,30.32
ETH-USDT-SWAP,1H,12H,0.001,0.004,0.025,148.0,2531.876,1610.727,411,392,19,95.377,52.861,1.405,65.923,1468,485.64,228.14,1480.83,204.92,2531.88,70.98
ETH-USDT-SWAP,1H,12H,0.001,0.004,0.03,148.0,2083.454,1307.739,411,394,17,95.864,69.232,1.309,53.523,1468,421.39,184.73,1618.46,284.07,2083.45,28.73
ETH-USDT-SWAP,1H,12H,0.001,0.006,0.005,148.0,1.011,-99.317,411,222,189,54.015,99.44,0.624,-4.065,1468,47.28,-68.06,2.65,-94.39,1.01,-61.86
ETH-USDT-SWAP,1H,12H,0.001,0.006,0.008,148.0,50.75,-65.71,411,290,121,70.56,89.105,0.952,-2.689,1468,243.49,64.52,146.85,-39.69,50.75,-65.44
ETH-USDT-SWAP,1H,12H,0.001,0.006,0.01,148.0,366.414,147.577,411,316,95,76.886,70.474,1.045,6.04,1468,412.57,178.77,626.8,51.93,366.41,-41.54
ETH-USDT-SWAP,1H,12H,0.001,0.006,0.015,148.0,37073.18,24949.446,411,357,54,86.861,42.821,1.603,1021.123,1468,1034.53,599.01,24187.45,2238.01,37073.18,53.27
ETH-USDT-SWAP,1H,12H,0.001,0.006,0.02,148.0,45963.043,30956.11,411,367,44,89.294,39.394,1.782,1266.962,1468,1039.39,602.29,26477.31,2447.4,45963.04,73.59
ETH-USDT-SWAP,1H,12H,0.001,0.006,0.025,148.0,66700.798,44968.106,411,375,36,91.241,46.62,2.227,1840.441,1468,1062.67,618.02,40982.48,3756.56,66700.8,62.75
ETH-USDT-SWAP,1H,12H,0.001,0.006,0.03,148.0,63859.492,43048.305,411,377,34,91.727,53.11,2.176,1761.868,1468,933.47,530.72,41891.18,4387.7,63859.49,52.44
ETH-USDT-SWAP,1H,12H,0.001,0.008,0.005,148.0,2.194,-98.518,411,197,214,47.932,98.833,0.681,-4.032,1468,52.02,-64.85,2.96,-94.31,2.19,-25.9
ETH-USDT-SWAP,1H,12H,0.001,0.008,0.008,148.0,123.61,-16.48,411,261,150,63.504,75.143,0.992,-0.674,1468,291.37,96.87,236.05,-18.99,123.61,-47.63
ETH-USDT-SWAP,1H,12H,0.001,0.008,0.01,148.0,729.255,392.74,411,285,126,69.343,72.068,1.072,16.074,1468,494.5,234.12,869.84,75.9,729.26,-16.16
ETH-USDT-SWAP,1H,12H,0.001,0.008,0.015,148.0,39356.065,26491.936,411,319,92,77.616,54.334,1.502,1084.254,1468,837.86,466.12,15838.24,1790.33,39356.06,148.49
ETH-USDT-SWAP,1H,12H,0.001,0.008,0.02,148.0,41183.764,27726.868,411,329,82,80.049,57.283,1.443,1134.797,1468,1162.41,685.41,19195.94,1551.39,41183.76,114.54
ETH-USDT-SWAP,1H,12H,0.001,0.008,0.025,148.0,55392.271,37327.21,411,337,74,81.995,62.536,1.612,1527.717,1468,992.19,570.4,25607.18,2480.87,55392.27,116.32
ETH-USDT-SWAP,1H,12H,0.001,0.008,0.03,148.0,63944.581,43105.798,411,341,70,82.968,67.101,1.689,1764.221,1468,921.39,522.56,38659.49,4095.79,63944.58,65.4
ETH-USDT-SWAP,1H,12H,0.001,0.01,0.005,148.0,2.391,-98.384,411,177,234,43.066,99.066,0.667,-4.027,1468,35.24,-76.19,1.92,-94.56,2.39,24.78
ETH-USDT-SWAP,1H,12H,0.001,0.01,0.008,148.0,158.644,7.192,411,239,172,58.151,63.325,1.004,0.294,1468,158.77,7.28,194.99,22.81,158.64,-18.64
ETH-USDT-SWAP,1H,12H,0.001,0.01,0.01,148.0,1216.346,721.856,411,264,147,64.234,69.181,1.088,29.544,1468,325.91,120.21,1324.23,306.32,1216.35,-8.15
ETH-USDT-SWAP,1H,12H,0.001,0.01,0.015,148.0,36861.656,24806.524,411,295,116,71.776,53.15,1.433,1015.274,1468,509.68,244.38,14553.29,2755.38,36861.66,153.29
ETH-USDT-SWAP,1H,12H,0.001,0.01,0.02,148.0,39752.115,26759.537,411,305,106,74.209,57.51,1.397,1095.206,1468,812.44,448.94,18933.97,2230.51,39752.11,109.95
ETH-USDT-SWAP,1H,12H,0.001,0.01,0.025,148.0,56504.929,38079.006,411,312,99,75.912,63.598,1.525,1558.486,1468,1142.82,672.18,24510.95,2044.78,56504.93,130.53
ETH-USDT-SWAP,1H,12H,0.001,0.01,0.03,148.0,62328.065,42013.558,411,315,96,76.642,68.034,1.548,1719.518,1468,988.28,567.76,35584.09,3500.62,62328.07,75.16
ETH-USDT-SWAP,1H,12H,0.001,0.012,0.005,148.0,2.379,-98.393,411,160,251,38.929,99.239,0.673,-4.027,1468,40.0,-72.98,1.44,-96.4,2.38,65.45
ETH-USDT-SWAP,1H,12H,0.001,0.012,0.008,148.0,56.321,-61.945,411,214,197,52.068,83.778,0.948,-2.535,1468,122.84,-17.0,80.53,-34.45,56.32,-30.06
ETH-USDT-SWAP,1H,12H,0.001,0.012,0.01,148.0,588.766,297.815,411,240,171,58.394,71.43,1.057,12.189,1468,209.48,41.54,620.07,196.0,588.77,-5.05
ETH-USDT-SWAP,1H,12H,0.001,0.012,0.015,148.0,7637.094,5060.199,411,268,143,65.207,69.285,1.1,207.102,1468,303.72,105.22,4416.38,1354.08,7637.09,72.93
ETH-USDT-SWAP,1H,12H,0.001,0.012,0.02,148.0,3670.411,2380.007,411,277,134,67.397,85.416,1.048,97.408,1468,542.18,266.34,4280.81,689.55,3670.41,-14.26
ETH-USDT-SWAP,1H,12H,0.001,0.012,0.025,148.0,9876.011,6572.981,411,284,127,69.1,80.251,1.111,269.017,1468,740.29,400.2,4024.67,443.66,9876.01,145.39
ETH-USDT-SWAP,1H,12H,0.001,0.012,0.03,148.0,22475.253,15085.982,411,287,124,69.83,74.038,1.224,617.434,1468,717.46,384.77,7153.59,897.07,22475.25,214.18
ETH-USDT-SWAP,1H,12H,0.001,0.015,0.005,148.0,0.42,-99.716,411,136,275,33.09,99.783,0.692,-4.081,1468,36.49,-75.34,0.59,-98.38,0.42,-28.85
ETH-USDT-SWAP,1H,12H,0.001,0.015,0.008,148.0,7.077,-95.218,411,187,224,45.499,96.521,0.858,-3.897,1468,85.54,-42.2,23.94,-72.01,7.08,-70.44
ETH-USDT-SWAP,1H,12H,0.001,0.015,0.01,148.0,111.684,-24.538,411,216,195,52.555,91.274,0.99,-1.004,1468,190.92,29.0,203.24,6.45,111.68,-45.05
ETH-USDT-SWAP,1H,12H,0.001,0.015,0.015,148.0,409.134,176.442,411,241,170,58.637,91.785,1.015,7.221,1468,300.51,103.05,1413.84,370.47,409.13,-71.06
ETH-USDT-SWAP,1H,12H,0.001,0.015,0.02,148.0,77.611,-47.56,411,249,162,60.584,95.561,0.994,-1.947,1468,482.39,225.94,567.62,17.67,77.61,-86.33
ETH-USDT-SWAP,1H,12H,0.001,0.015,0.025,148.0,85.787,-42.036,411,255,156,62.044,94.169,0.993,-1.72,1468,410.06,177.07,317.31,-22.62,85.79,-72.96
ETH-USDT-SWAP,1H,12H,0.001,0.015,0.03,148.0,87.438,-40.92,411,258,153,62.774,95.185,0.993,-1.675,1468,320.92,116.84,357.84,11.5,87.44,-75.56
ETH-USDT-SWAP,1H,12H,0.001,0.02,0.005,148.0,0.04,-99.973,411,114,297,27.737,99.977,0.451,-4.092,1468,13.37,-90.97,0.16,-98.83,0.04,-74.67
ETH-USDT-SWAP,1H,12H,0.001,0.02,0.008,148.0,0.026,-99.983,411,151,260,36.74,99.985,0.47,-4.092,1468,14.43,-90.25,0.25,-98.25,0.03,-89.82
ETH-USDT-SWAP,1H,12H,0.001,0.02,0.01,148.0,0.104,-99.93,411,175,236,42.579,99.94,0.605,-4.09,1468,26.21,-82.29,0.74,-97.19,0.1,-85.89
ETH-USDT-SWAP,1H,12H,0.001,0.02,0.015,148.0,0.031,-99.979,411,194,217,47.202,99.985,0.701,-4.092,1468,27.64,-81.32,0.46,-98.35,0.03,-93.29
ETH-USDT-SWAP,1H,12H,0.001,0.02,0.02,148.0,0.004,-99.998,411,203,208,49.392,99.998,0.815,-4.093,1468,86.11,-41.82,0.15,-99.83,0.0,-97.48
ETH-USDT-SWAP,1H,12H,0.001,0.02,0.025,148.0,0.004,-99.997,411,211,200,51.338,99.998,0.794,-4.093,1468,68.12,-53.97,0.1,-99.86,0.0,-95.92
ETH-USDT-SWAP,1H,12H,0.001,0.02,0.03,148.0,0.003,-99.998,411,215,196,52.311,99.999,0.744,-4.093,1468,46.23,-68.76,0.05,-99.89,0.0,-94.09
ETH-USDT-SWAP,1H,12H,0.001,0.03,0.005,148.0,0.002,-99.999,411,94,317,22.871,99.999,0.337,-4.093,1468,3.14,-97.88,0.02,-99.47,0.0,-89.99
ETH-USDT-SWAP,1H,12H,0.001,0.03,0.008,148.0,0.001,-100.0,411,128,283,31.144,100.0,0.386,-4.093,1468,2.27,-98.47,0.01,-99.4,0.0,-95.35
ETH-USDT-SWAP,1H,12H,0.001,0.03,0.01,148.0,0.001,-99.999,411,148,263,36.01,99.999,0.474,-4.093,1468,2.43,-98.36,0.03,-98.69,0.0,-96.67
ETH-USDT-SWAP,1H,12H,0.001,0.03,0.015,148.0,0.0,-100.0,411,165,246,40.146,100.0,0.56,-4.093,1468,1.41,-99.05,0.0,-99.72,0.0,-98.53
ETH-USDT-SWAP,1H,12H,0.001,0.03,0.02,148.0,0.0,-100.0,411,172,239,41.849,100.0,0.633,-4.093,1468,2.19,-98.52,0.0,-99.99,0.0,-99.52
ETH-USDT-SWAP,1H,12H,0.001,0.03,0.025,148.0,0.0,-100.0,411,179,232,43.552,100.0,0.593,-4.093,1468,1.58,-98.93,0.0,-99.99,0.0,-99.01
ETH-USDT-SWAP,1H,12H,0.001,0.03,0.03,148.0,0.0,-100.0,411,182,229,44.282,100.0,0.579,-4.093,1468,1.25,-99.15,0.0,-100.0,0.0,-98.89
ETH-USDT-SWAP,1H,12H,0.002,0.004,0.005,148.0,0.137,-99.907,377,220,157,58.355,99.917,0.432,-4.089,1468,34.69,-76.56,0.63,-98.19,0.14,-78.13
ETH-USDT-SWAP,1H,12H,0.002,0.004,0.008,148.0,1.699,-98.852,377,281,96,74.536,99.207,0.627,-4.046,1468,81.56,-44.89,4.83,-94.08,1.7,-64.8
ETH-USDT-SWAP,1H,12H,0.002,0.004,0.01,148.0,11.862,-91.985,377,308,69,81.698,94.338,0.738,-3.765,1468,111.34,-24.77,26.41,-76.28,11.86,-55.08
ETH-USDT-SWAP,1H,12H,0.002,0.004,0.015,148.0,483.575,226.74,377,345,32,91.512,60.146,1.106,9.28,1468,473.93,220.22,687.15,44.99,483.58,-29.63
ETH-USDT-SWAP,1H,12H,0.002,0.004,0.02,148.0,1433.573,868.63,377,356,21,94.43,51.596,1.254,35.551,1468,393.33,165.77,1296.65,229.66,1433.57,10.56
ETH-USDT-SWAP,1H,12H,0.002,0.004,0.025,148.0,3485.3,2254.932,377,362,15,96.021,46.71,1.444,92.289,1468,450.53,204.41,2402.8,433.33,3485.3,45.05
ETH-USDT-SWAP,1H,12H,0.002,0.004,0.03,148.0,5018.971,3291.197,377,365,12,96.817,53.76,1.355,134.701,1468,586.39,296.21,4595.66,683.72,5018.97,9.21
ETH-USDT-SWAP,1H,12H,0.002,0.006,0.005,148.0,3.417,-97.691,377,209,168,55.438,98.502,0.739,-3.998,1468,90.54,-38.82,8.11,-91.05,3.42,-57.86
ETH-USDT-SWAP,1H,12H,0.002,0.006,0.008,148.0,93.664,-36.713,377,269,108,71.353,82.421,0.97,-1.503,1468,290.46,96.26,118.73,-59.12,93.66,-21.11
ETH-USDT-SWAP,1H,12H,0.002,0.006,0.01,148.0,1078.047,628.41,377,297,80,78.78,62.989,1.172,25.719,1468,435.67,194.37,882.03,102.45,1078.05,22.22
ETH-USDT-SWAP,1H,12H,0.002,0.006,0.015,148.0,51819.356,34913.079,377,335,42,88.859,50.822,1.865,1428.912,1468,2289.52,1446.97,33937.3,1382.29,51819.36,52.69
ETH-USDT-SWAP,1H,12H,0.002,0.006,0.02,148.0,69463.915,46835.077,377,346,31,91.777,39.16,2.395,1916.852,1468,1900.18,1183.9,43481.86,2188.31,69463.91,59.75
ETH-USDT-SWAP,1H,12H,0.002,0.006,0.025,148.0,81893.047,55233.14,377,352,25,93.369,43.842,2.922,2260.565,1468,2219.16,1399.43,51110.99,2203.16,81893.05,60.23
ETH-USDT-SWAP,1H,12H,0.002,0.006,0.03,148.0,87456.205,58992.03,377,355,22,94.164,54.637,3.093,2414.408,1468,2945.0,1889.87,59674.15,1926.28,87456.2,46.56
ETH-USDT-SWAP,1H,12H,0.002,0.008,0.005,148.0,12.127,-91.806,377,191,186,50.663,94.327,0.835,-3.757,1468,98.68,-33.32,21.4,-78.31,12.13,-43.34
ETH-USDT-SWAP,1H,12H,0.002,0.008,0.008,148.0,747.23,404.885,377,250,127,66.313,63.271,1.104,16.571,1468,371.81,151.22,653.7,75.82,747.23,14.31
ETH-USDT-SWAP,1H,12H,0.002,0.008,0.01,148.0,5315.208,3491.357,377,273,104,72.414,58.43,1.251,142.893,1468,375.14,153.47,3157.3,741.64,5315.21,68.35
ETH-USDT-SWAP,1H,12H,0.002,0.008,0.015,148.0,75595.717,50978.187,377,306,71,81.167,53.986,1.962,2086.42,1468,1408.93,851.98,50434.64,3479.63,75595.72,49.89
ETH-USDT-SWAP,1H,12H,0.002,0.008,0.02,148.0,82217.694,55452.496,377,316,61,83.82,39.394,2.148,2269.543,1468,804.33,443.47,49256.62,6023.95,82217.69,66.92
ETH-USDT-SWAP,1H,12H,0.002,0.008,0.025,148.0,94195.804,63545.814,377,322,55,85.411,42.53,2.509,2600.784,1468,742.88,401.95,54252.58,7202.97,94195.8,73.62
ETH-USDT-SWAP,1H,12H,0.002,0.008,0.03,148.0,104661.086,70616.95,377,325,52,86.207,53.395,2.642,2890.189,1468,1303.31,780.62,68467.86,5153.37,104661.09,52.86
ETH-USDT-SWAP,1H,12H,0.002,0.01,0.005,148.0,9.337,-93.691,377,167,210,44.297,95.885,0.825,-3.835,1468,96.27,-34.95,11.43,-88.13,9.34,-18.3
ETH-USDT-SWAP,1H,12H,0.002,0.01,0.008,148.0,528.997,257.431,377,224,153,59.416,69.153,1.073,10.536,1468,337.39,127.97,485.68,43.95,529.0,8.92
ETH-USDT-SWAP,1H,12H,0.002,0.01,0.01,148.0,3443.186,2226.477,377,246,131,65.252,68.662,1.177,91.125,1468,335.19,126.48,2021.27,503.02,3443.19,70.35
ETH-USDT-SWAP,1H,12H,0.002,0.01,0.015,148.0,68068.683,45892.353,377,278,99,73.74,60.97,1.618,1878.268,1468,1446.58,877.42,40138.86,2674.75,68068.68,69.58
ETH-USDT-SWAP,1H,12H,0.002,0.01,0.02,148.0,65892.504,44421.962,377,286,91,75.862,58.014,1.576,1818.088,1468,1335.4,802.29,34746.32,2501.95,65892.5,89.64
ETH-USDT-SWAP,1H,12H,0.002,0.01,0.025,148.0,70043.572,47226.738,377,292,85,77.454,65.349,1.726,1932.882,1468,1170.94,691.17,30991.76,2546.75,70043.57,126.01
ETH-USDT-SWAP,1H,12H,0.002,0.01,0.03,148.0,92900.972,62670.927,377,296,81,78.515,71.286,1.832,2564.977,1468,2116.52,1330.08,58349.16,2656.85,92900.97,59.22
ETH-USDT-SWAP,1H,12H,0.002,0.012,0.005,148.0,4.834,-96.734,377,148,229,39.257,97.405,0.725,-3.959,1468,35.53,-75.99,5.78,-83.72,4.83,-16.42
ETH-USDT-SWAP,1H,12H,0.002,0.012,0.008,148.0,250.762,69.434,377,202,175,53.581,72.1,1.026,2.842,1468,127.26,-14.01,374.46,194.24,250.76,-33.03
ETH-USDT-SWAP,1H,12H,0.002,0.012,0.01,148.0,834.256,463.686,377,220,157,58.355,76.495,1.063,18.978,1468,100.33,-32.21,1050.02,946.56,834.26,-20.55
ETH-USDT-SWAP,1H,12H,0.002,0.012,0.015,148.0,32108.922,21595.218,377,251,126,66.578,58.786,1.353,883.842,1468,317.68,114.65,17275.55,5338.01,32108.92,85.86
ETH-USDT-SWAP,1H,12H,0.002,0.012,0.02,148.0,37682.564,25361.192,377,258,119,68.435,61.281,1.34,1037.975,1468,572.07,286.53,21131.14,3593.82,37682.56,78.33
ETH-USDT-SWAP,1H,12H,0.002,0.012,0.025,148.0,35766.513,24066.563,377,263,114,69.761,74.212,1.421,984.989,1468,447.27,202.21,9690.21,2066.54,35766.51,269.1
ETH-USDT-SWAP,1H,12H,0.002,0.012,0.03,148.0,65717.576,44303.768,377,267,110,70.822,66.128,1.505,1813.251,1468,969.72,555.22,39779.11,4002.12,65717.58,65.21
ETH-USDT-SWAP,1H,12H,0.002,0.015,0.005,148.0,5.249,-96.454,377,132,245,35.013,97.199,0.756,-3.948,1468,39.14,-73.55,8.43,-78.46,5.25,-37.74
ETH-USDT-SWAP,1H,12H,0.002,0.015,0.008,148.0,98.123,-33.701,377,179,198,47.48,82.994,0.984,-1.379,1468,119.94,-18.96,271.65,126.48,98.12,-63.88
ETH-USDT-SWAP,1H,12H,0.002,0.015,0.01,148.0,358.474,142.212,377,197,180,52.255,85.791,1.023,5.82,1468,129.04,-12.81,862.11,568.07,358.47,-58.42
ETH-USDT-SWAP,1H,12H,0.002,0.015,0.015,148.0,5627.395,3702.294,377,224,153,59.416,82.264,1.055,151.526,1468,359.33,142.79,13051.66,3532.24,5627.4,-56.88
ETH-USDT-SWAP,1H,12H,0.002,0.015,0.02,148.0,1881.742,1171.447,377,230,147,61.008,91.554,1.02,47.945,1468,602.85,307.33,7033.04,1066.62,1881.74,-73.24
ETH-USDT-SWAP,1H,12H,0.002,0.015,0.025,148.0,569.933,285.09,377,234,143,62.069,93.336,1.016,11.668,1468,308.97,108.76,1524.27,393.34,569.93,-62.61
ETH-USDT-SWAP,1H,12H,0.002,0.015,0.03,148.0,9412.965,6260.111,377,240,137,63.66,80.327,1.084,256.212,1468,596.75,303.21,12626.94,2015.96,9412.96,-25.45
ETH-USDT-SWAP,1H,12H,0.002,0.02,0.005,148.0,0.075,-99.95,377,101,276,26.79,99.95,0.48,-4.091,1468,12.74,-91.39,0.31,-97.58,0.07,-75.79
ETH-USDT-SWAP,1H,12H,0.002,0.02,0.008,148.0,0.184,-99.876,377,138,239,36.605,99.876,0.558,-4.088,1468,16.37,-88.94,1.95,-88.06,0.18,-90.58
ETH-USDT-SWAP,1H,12H,0.002,0.02,0.01,148.0,0.245,-99.834,377,154,223,40.849,99.834,0.654,-4.086,1468,19.96,-86.51,2.14,-89.26,0.25,-88.57
ETH-USDT-SWAP,1H,12H,0.002,0.02,0.015,148.0,0.198,-99.866,377,177,200,46.95,99.887,0.803,-4.087,1468,44.47,-69.95,4.54,-89.8,0.2,-95.64
ETH-USDT-SWAP,1H,12H,0.002,0.02,0.02,148.0,0.078,-99.948,377,185,192,49.072,99.973,0.891,-4.091,1468,146.13,-1.26,2.78,-98.1,0.08,-97.21
ETH-USDT-SWAP,1H,12H,0.002,0.02,0.025,148.0,0.029,-99.981,377,191,186,50.663,99.989,0.845,-4.092,1468,67.82,-54.17,0.69,-98.99,0.03,-95.81
ETH-USDT-SWAP,1H,12H,0.002,0.02,0.03,148.0,0.108,-99.927,377,197,180,52.255,99.96,0.868,-4.09,1468,118.63,-19.85,2.15,-98.19,0.11,-94.98
ETH-USDT-SWAP,1H,12H,0.002,0.03,0.005,148.0,0.002,-99.998,377,80,297,21.22,99.998,0.278,-4.093,1468,2.6,-98.25,0.03,-99.0,0.0,-90.95
ETH-USDT-SWAP,1H,12H,0.002,0.03,0.008,148.0,0.002,-99.999,377,113,264,29.973,99.999,0.334,-4.093,1468,1.89,-98.72,0.07,-96.31,0.0,-97.58
ETH-USDT-SWAP,1H,12H,0.002,0.03,0.01,148.0,0.001,-100.0,377,125,252,33.156,100.0,0.428,-4.093,1468,2.24,-98.49,0.03,-98.72,0.0,-98.2
ETH-USDT-SWAP,1H,12H,0.002,0.03,0.015,148.0,0.0,-100.0,377,143,234,37.931,100.0,0.559,-4.093,1468,1.62,-98.91,0.01,-99.69,0.0,-99.38
ETH-USDT-SWAP,1H,12H,0.002,0.03,0.02,148.0,0.0,-100.0,377,151,226,40.053,100.0,0.628,-4.093,1468,3.74,-97.47,0.0,-99.97,0.0,-99.65
ETH-USDT-SWAP,1H,12H,0.002,0.03,0.025,148.0,0.0,-100.0,377,157,220,41.645,100.0,0.601,-4.093,1468,1.93,-98.69,0.0,-99.99,0.0,-99.31
ETH-USDT-SWAP,1H,12H,0.002,0.03,0.03,148.0,0.0,-100.0,377,162,215,42.971,100.0,0.601,-4.093,1468,3.44,-97.67,0.0,-99.99,0.0,-99.36
ETH-USDT-SWAP,1H,12H,0.003,0.004,0.005,148.0,0.473,-99.681,354,216,138,61.017,99.738,0.496,-4.08,1468,48.88,-66.97,2.7,-94.49,0.47,-82.47
ETH-USDT-SWAP,1H,12H,0.003,0.004,0.008,148.0,2.068,-98.603,354,264,90,74.576,98.906,0.626,-4.036,1468,82.08,-44.54,8.55,-89.58,2.07,-75.82
ETH-USDT-SWAP,1H,12H,0.003,0.004,0.01,148.0,22.383,-84.876,354,293,61,82.768,88.893,0.751,-3.474,1468,114.59,-22.57,27.66,-75.86,22.38,-19.08
ETH-USDT-SWAP,1H,12H,0.003,0.004,0.015,148.0,366.381,147.555,354,323,31,91.243,62.876,1.097,6.039,1468,342.44,131.38,607.09,77.28,366.38,-39.65
ETH-USDT-SWAP,1H,12H,0.003,0.004,0.02,148.0,804.412,443.522,354,332,22,93.785,62.766,1.171,18.152,1468,290.77,96.46,1109.73,281.66,804.41,-27.51
ETH-USDT-SWAP,1H,12H,0.003,0.004,0.025,148.0,1965.835,1228.267,354,337,17,95.198,46.71,1.357,50.27,1468,333.05,125.03,1698.78,410.07,1965.83,15.72
ETH-USDT-SWAP,1H,12H,0.003,0.004,0.03,148.0,2260.998,1427.701,354,339,15,95.763,56.391,1.276,58.433,1468,433.48,192.89,2595.05,498.66,2261.0,-12.87
ETH-USDT-SWAP,1H,12H,0.003,0.006,0.005,148.0,8.508,-94.251,354,204,150,57.627,96.052,0.804,-3.857,1468,110.83,-25.12,27.5,-75.19,8.51,-69.06
ETH-USDT-SWAP,1H,12H,0.003,0.006,0.008,148.0,73.809,-50.129,354,252,102,71.186,82.152,0.952,-2.052,1468,219.96,48.62,147.18,-33.09,73.81,-49.85
ETH-USDT-SWAP,1H,12H,0.003,0.006,0.01,148.0,1111.395,650.943,354,279,75,78.814,67.199,1.256,26.642,1468,382.49,158.44,639.24,67.13,1111.39,73.86
ETH-USDT-SWAP,1H,12H,0.003,0.006,0.015,148.0,34686.148,23336.587,354,311,43,87.853,63.228,1.701,955.113,1468,1553.07,949.37,23136.09,1389.7,34686.15,49.92
ETH-USDT-SWAP,1H,12H,0.003,0.006,0.02,148.0,43436.62,29249.068,354,319,35,90.113,53.914,1.876,1197.097,1468,1318.71,791.02,27686.56,1999.53,43436.62,56.89
ETH-USDT-SWAP,1H,12H,0.003,0.006,0.025,148.0,54263.371,36564.44,354,324,30,91.525,64.67,2.245,1496.498,1468,1540.08,940.59,31186.29,1924.98,54263.37,74.0
ETH-USDT-SWAP,1H,12H,0.003,0.006,0.03,148.0,54237.652,36547.062,354,326,28,92.09,70.342,2.188,1495.787,1468,2043.81,1280.95,34160.57,1571.42,54237.65,58.77
ETH-USDT-SWAP,1H,12H,0.003,0.008,0.005,148.0,46.234,-68.761,354,188,166,53.107,86.986,0.935,-2.814,1468,168.48,13.84,117.32,-30.37,46.23,-60.59
ETH-USDT-SWAP,1H,12H,0.003,0.008,0.008,148.0,983.593,564.59,354,236,118,66.667,64.121,1.107,23.107,1468,336.8,127.57,1288.92,282.69,983.59,-23.69
ETH-USDT-SWAP,1H,12H,0.003,0.008,0.01,148.0,23650.287,15879.924,354,264,90,74.576,58.774,1.663,649.929,1468,613.66,314.63,6889.82,1022.74,23650.29,243.26
ETH-USDT-SWAP,1H,12H,0.003,0.008,0.015,148.0,81478.103,54952.772,354,293,61,82.768,56.351,2.193,2249.09,1468,2150.94,1353.34,57871.08,2590.51,81478.1,40.79
ETH-USDT-SWAP,1H,12H,0.003,0.008,0.02,148.0,85479.737,57656.579,354,301,53,85.028,49.074,2.254,2359.751,1468,1514.71,923.45,57522.72,3697.6,85479.74,48.6
ETH-USDT-SWAP,1H,12H,0.003,0.008,0.025,148.0,92917.601,62682.163,354,306,48,86.441,58.275,2.481,2565.436,1468,1645.5,1011.82,57828.56,3414.35,92917.6,60.68
ETH-USDT-SWAP,1H,12H,0.003,0.008,0.03,148.0,103271.065,69677.747,354,309,45,87.288,66.961,2.631,2851.75,1468,3096.1,1991.96,71932.02,2223.31,103271.07,43.57
ETH-USDT-SWAP,1H,12H,0.003,0.01,0.005,148.0,32.932,-77.749,354,165,189,46.61,90.324,0.939,-3.182,1468,201.56,36.19,116.97,-41.97,32.93,-71.85
ETH-USDT-SWAP,1H,12H,0.003,0.01,0.008,148.0,927.592,526.751,354,213,141,60.169,74.173,1.058,21.559,1468,425.87,187.75,1969.08,362.37,927.59,-52.89
ETH-USDT-SWAP,1H,12H,0.003,0.01,0.01,148.0,22648.354,15202.942,354,238,116,67.232,62.974,1.419,622.221,1468,523.04,253.41,8159.87,1460.08,22648.35,177.56
ETH-USDT-SWAP,1H,12H,0.003,0.01,0.015,148.0,69787.526,47053.734,354,263,91,74.294,61.596,1.734,1925.801,1468,1545.17,944.04,49213.76,3085.0,69787.53,41.8
ETH-USDT-SWAP,1H,12H,0.003,0.01,0.02,148.0,73924.117,49848.728,354,272,82,76.836,52.179,1.73,2040.193,1468,1104.21,646.09,52885.01,4689.4,73924.12,39.78
ETH-USDT-SWAP,1H,12H,0.003,0.01,0.025,148.0,77540.872,52292.481,354,277,77,78.249,60.819,1.802,2140.211,1468,1091.74,637.67,48144.2,4309.84,77540.87,61.06
ETH-USDT-SWAP,1H,12H,0.003,0.01,0.03,148.0,95394.773,64355.928,354,281,73,79.379,69.32,1.971,2633.94,1468,2359.98,1494.58,70498.1,2887.23,95394.77,35.32
ETH-USDT-SWAP,1H,12H,0.003,0.012,0.005,148.0,41.741,-71.797,354,150,204,42.373,81.196,0.94,-2.938,1468,110.72,-25.19,115.51,4.33,41.74,-63.86
ETH-USDT-SWAP,1H,12H,0.003,0.012,0.008,148.0,986.809,566.763,354,195,159,55.085,83.08,1.048,23.196,1468,234.5,58.44,2629.47,1021.32,986.81,-62.47
ETH-USDT-SWAP,1H,12H,0.003,0.012,0.01,148.0,16669.379,11163.094,354,216,138,61.017,65.566,1.273,456.88,1468,306.85,107.33,7191.99,2243.8,16669.38,131.78
ETH-USDT-SWAP,1H,12H,0.003,0.012,0.015,148.0,53771.345,36231.99,354,240,114,67.797,57.901,1.473,1482.892,1468,891.2,502.16,40218.45,4412.85,53771.35,33.7
ETH-USDT-SWAP,1H,12H,0.003,0.012,0.02,148.0,60557.393,40817.158,354,248,106,70.056,52.909,1.433,1670.552,1468,1125.69,660.6,47189.56,4092.04,60557.39,28.33
ETH-USDT-SWAP,1H,12H,0.003,0.012,0.025,148.0,63946.611,43107.169,354,253,101,71.469,62.814,1.503,1764.277,1468,1060.65,616.66,39452.48,3619.65,63946.61,62.09
ETH-USDT-SWAP,1H,12H,0.003,0.012,0.03,148.0,80458.664,54263.962,354,256,98,72.316,66.467,1.569,2220.899,1468,2455.27,1558.96,61214.54,2393.19,80458.66,31.44
ETH-USDT-SWAP,1H,12H,0.003,0.015,0.005,148.0,12.699,-91.419,354,127,227,35.876,93.165,0.883,-3.742,1468,95.28,-35.62,50.47,-47.02,12.7,-74.84
ETH-USDT-SWAP,1H,12H,0.003,0.015,0.008,148.0,217.954,47.266,354,169,185,47.74,88.432,1.011,1.934,1468,145.93,-1.4,838.87,474.86,217.95,-74.02
ETH-USDT-SWAP,1H,12H,0.003,0.015,0.01,148.0,1641.452,1009.089,354,187,167,52.825,78.006,1.064,41.3,1468,137.51,-7.09,2305.19,1576.37,1641.45,-28.79
ETH-USDT-SWAP,1H,12H,0.003,0.015,0.015,148.0,5568.344,3662.395,354,209,145,59.04,81.909,1.059,149.893,1468,424.16,186.6,10197.26,2304.08,5568.34,-45.39
ETH-USDT-SWAP,1H,12H,0.003,0.015,0.02,148.0,4484.514,2930.077,354,218,136,61.582,87.25,1.04,119.921,1468,572.68,286.95,10889.83,1801.55,4484.51,-58.82
ETH-USDT-SWAP,1H,12H,0.003,0.015,0.025,148.0,3963.324,2577.922,354,223,131,62.994,84.6,1.058,105.508,1468,556.38,275.93,3415.97,513.96,3963.32,16.02
ETH-USDT-SWAP,1H,12H,0.003,0.015,0.03,148.0,26684.703,17930.205,354,227,127,64.124,69.2,1.191,733.842,1468,1519.65,926.79,20810.72,1269.45,26684.7,28.23
ETH-USDT-SWAP,1H,12H,0.003,0.02,0.005,148.0,0.707,-99.522,354,100,254,28.249,99.522,0.673,-4.073,1468,40.12,-72.9,7.35,-81.67,0.71,-90.38
ETH-USDT-SWAP,1H,12H,0.003,0.02,0.008,148.0,1.709,-98.845,354,134,220,37.853,98.845,0.792,-4.046,1468,53.74,-63.69,20.09,-62.62,1.71,-91.49
ETH-USDT-SWAP,1H,12H,0.003,0.02,0.01,148.0,1.372,-99.073,354,145,209,40.96,99.073,0.781,-4.055,1468,47.16,-68.13,11.61,-75.38,1.37,-88.19
ETH-USDT-SWAP,1H,12H,0.003,0.02,0.015,148.0,0.295,-99.8,354,163,191,46.045,99.874,0.873,-4.085,1468,87.32,-41.0,9.82,-88.76,0.3,-96.99
ETH-USDT-SWAP,1H,12H,0.003,0.02,0.02,148.0,0.249,-99.832,354,175,179,49.435,99.931,0.918,-4.086,1468,198.29,33.98,11.03,-94.44,0.25,-97.74
ETH-USDT-SWAP,1H,12H,0.003,0.02,0.025,148.0,0.171,-99.884,354,180,174,50.847,99.946,0.879,-4.088,1468,106.31,-28.17,2.26,-97.87,0.17,-92.42
ETH-USDT-SWAP,1H,12H,0.003,0.02,0.03,148.0,0.399,-99.73,354,186,168,52.542,99.91,0.922,-4.082,1468,228.01,54.06,11.53,-94.95,0.4,-96.54
ETH-USDT-SWAP,1H,12H,0.003,0.03,0.005,148.0,0.023,-99.985,354,78,276,22.034,99.985,0.399,-4.092,1468,6.69,-95.48,0.4,-94.05,0.02,-94.32
ETH-USDT-SWAP,1H,12H,0.003,0.03,0.008,148.0,0.016,-99.989,354,108,246,30.508,99.989,0.536,-4.092,1468,5.6,-96.22,0.59,-89.42,0.02,-97.33
ETH-USDT-SWAP,1H,12H,0.003,0.03,0.01,148.0,0.003,-99.998,354,116,238,32.768,99.998,0.509,-4.093,1468,3.94,-97.34,0.09,-97.7,0.0,-96.69
ETH-USDT-SWAP,1H,12H,0.003,0.03,0.015,148.0,0.0,-100.0,354,130,224,36.723,100.0,0.64,-4.093,1468,2.74,-98.15,0.01,-99.5,0.0,-99.33
ETH-USDT-SWAP,1H,12H,0.003,0.03,0.02,148.0,0.0,-100.0,354,142,212,40.113,100.0,0.66,-4.093,1468,5.55,-96.25,0.01,-99.86,0.0,-99.43
ETH-USDT-SWAP,1H,12H,0.003,0.03,0.025,148.0,0.0,-100.0,354,146,208,41.243,100.0,0.641,-4.093,1468,3.96,-97.32,0.0,-99.97,0.0,-98.32
ETH-USDT-SWAP,1H,12H,0.003,0.03,0.03,148.0,0.0,-100.0,354,152,202,42.938,100.0,0.657,-4.093,1468,8.36,-94.35,0.01,-99.93,0.0,-99.28
ETH-USDT-SWAP,1H,12H,0.004,0.004,0.005,148.0,0.592,-99.6,333,202,131,60.661,99.616,0.499,-4.076,1468,48.42,-67.29,4.42,-90.87,0.59,-86.62
ETH-USDT-SWAP,1H,12H,0.004,0.004,0.008,148.0,6.133,-95.856,333,255,78,76.577,95.992,0.606,-3.923,1468,57.71,-61.01,18.98,-67.11,6.13,-67.69
ETH-USDT-SWAP,1H,12H,0.004,0.004,0.01,148.0,47.889,-67.643,333,280,53,84.084,69.758,0.824,-2.768,1468,77.03,-47.96,75.18,-2.4,47.89,-36.3
ETH-USDT-SWAP,1H,12H,0.004,0.004,0.015,148.0,597.434,303.672,333,307,26,92.192,47.838,1.195,12.429,1468,204.77,38.36,715.8,249.57,597.43,-16.54
ETH-USDT-SWAP,1H,12H,0.004,0.004,0.02,148.0,1190.357,704.295,333,315,18,94.595,51.596,1.317,28.825,1468,155.34,4.96,1048.41,574.9,1190.36,13.54
ETH-USDT-SWAP,1H,12H,0.004,0.004,0.025,148.0,2196.423,1384.069,333,320,13,96.096,46.71,1.394,56.647,1468,217.77,47.14,1928.2,785.45,2196.42,13.91
ETH-USDT-SWAP,1H,12H,0.004,0.004,0.03,148.0,3396.536,2194.957,333,323,10,96.997,57.915,1.308,89.835,1468,396.03,167.59,3960.29,900.0,3396.54,-14.24
ETH-USDT-SWAP,1H,12H,0.004,0.006,0.005,148.0,9.84,-93.352,333,192,141,57.658,94.746,0.821,-3.821,1468,101.57,-31.37,45.66,-55.05,9.84,-78.45
ETH-USDT-SWAP,1H,12H,0.004,0.006,0.008,148.0,155.96,5.379,333,242,91,72.673,60.67,1.005,0.22,1468,135.0,-8.78,303.05,124.47,155.96,-48.54
ETH-USDT-SWAP,1H,12H,0.004,0.006,0.01,148.0,1794.288,1112.357,333,267,66,80.18,50.949,1.256,45.526,1468,224.44,51.65,1482.85,560.7,1794.29,21.0
ETH-USDT-SWAP,1H,12H,0.004,0.006,0.015,148.0,29741.699,19995.742,333,294,39,88.288,46.481,1.711,818.38,1468,670.08,352.76,17861.08,2565.51,29741.7,66.52
ETH-USDT-SWAP,1H,12H,0.004,0.006,0.02,148.0,37045.364,24930.652,333,301,32,90.39,46.825,1.908,1020.354,1468,477.61,222.71,20214.74,4132.5,37045.36,83.26
ETH-USDT-SWAP,1H,12H,0.004,0.006,0.025,148.0,48858.14,32912.257,333,306,27,91.892,54.939,2.256,1347.023,1468,673.39,354.99,28450.32,4124.96,48858.14,71.73
ETH-USDT-SWAP,1H,12H,0.004,0.006,0.03,148.0,56691.968,38205.384,333,309,24,92.793,56.866,2.363,1563.658,1468,1273.13,760.22,39284.15,2985.64,56691.97,44.31
ETH-USDT-SWAP,1H,12H,0.004,0.008,0.005,148.0,78.157,-47.191,333,180,153,54.054,81.886,0.969,-1.931,1468,197.44,33.41,261.32,32.35,78.16,-70.09
ETH-USDT-SWAP,1H,12H,0.004,0.008,0.008,148.0,1828.837,1135.701,333,228,105,68.468,55.864,1.162,46.482,1468,300.57,103.09,2112.38,602.79,1828.84,-13.42
ETH-USDT-SWAP,1H,12H,0.004,0.008,0.01,148.0,26401.26,17738.689,333,253,80,75.976,40.704,1.597,726.004,1468,453.16,206.19,10061.03,2120.17,26401.26,162.41
ETH-USDT-SWAP,1H,12H,0.004,0.008,0.015,148.0,87491.689,59016.006,333,282,51,84.685,46.338,2.424,2415.389,1468,2068.44,1297.6,59980.76,2799.8,87491.69,45.87
ETH-USDT-SWAP,1H,12H,0.004,0.008,0.02,148.0,93288.416,62932.713,333,289,44,86.787,50.976,2.629,2575.691,1468,1474.31,896.15,60626.39,4012.19,93288.42,53.87
ETH-USDT-SWAP,1H,12H,0.004,0.008,0.025,148.0,102696.396,69289.457,333,294,39,88.288,59.834,2.823,2835.858,1468,2159.37,1359.03,66157.17,2963.73,102696.4,55.23
ETH-USDT-SWAP,1H,12H,0.004,0.008,0.03,148.0,106514.305,71869.125,333,296,37,88.889,64.776,2.666,2941.438,1468,3738.66,2426.12,72975.08,1851.91,106514.31,45.96
ETH-USDT-SWAP,1H,12H,0.004,0.01,0.005,148.0,102.43,-30.79,333,161,172,48.348,83.875,0.987,-1.26,1468,212.63,43.67,445.17,109.36,102.43,-76.99
ETH-USDT-SWAP,1H,12H,0.004,0.01,0.008,148.0,2573.057,1638.552,333,207,126,62.162,64.698,1.144,67.062,1468,231.64,56.51,3107.55,1241.57,2573.06,-17.2
ETH-USDT-SWAP,1H,12H,0.004,0.01,0.01,148.0,32902.876,22131.673,333,229,104,68.769,46.384,1.598,905.798,1468,334.94,126.31,12475.02,3624.52,32902.88,163.75
ETH-USDT-SWAP,1H,12H,0.004,0.01,0.015,148.0,84762.601,57172.028,333,255,78,76.577,46.65,2.083,2339.919,1468,934.26,531.25,54555.78,5739.48,84762.6,55.37
ETH-USDT-SWAP,1H,12H,0.004,0.01,0.02,148.0,80997.402,54627.974,333,262,71,78.679,54.354,2.039,2235.797,1468,458.04,209.49,46584.48,10070.39,80997.4,73.87
ETH-USDT-SWAP,1H,12H,0.004,0.01,0.025,148.0,84641.462,57090.177,333,267,66,80.18,62.601,2.052,2336.569,1468,624.05,321.66,47551.35,7519.75,84641.46,78.0
ETH-USDT-SWAP,1H,12H,0.004,0.01,0.03,148.0,100372.507,67719.262,333,270,63,81.081,65.848,2.193,2771.593,1468,1744.35,1078.61,67782.39,3785.83,100372.51,48.08
ETH-USDT-SWAP,1H,12H,0.004,0.012,0.005,148.0,63.815,-56.881,333,143,190,42.943,87.517,0.976,-2.328,1468,248.23,67.73,375.46,51.25,63.82,-83.0
ETH-USDT-SWAP,1H,12H,0.004,0.012,0.008,148.0,2010.11,1258.182,333,188,145,56.456,78.862,1.072,51.495,1468,295.71,99.81,4023.15,1260.5,2010.11,-50.04
ETH-USDT-SWAP,1H,12H,0.004,0.012,0.01,148.0,35112.73,23624.818,333,210,123,63.063,64.645,1.471,966.909,1468,448.04,202.73,20111.03,4388.69,35112.73,74.59
ETH-USDT-SWAP,1H,12H,0.004,0.012,0.015,148.0,73524.182,49578.501,333,231,102,69.369,47.098,1.592,2029.134,1468,1560.12,954.14,55345.37,3447.5,73524.18,32.85
ETH-USDT-SWAP,1H,12H,0.004,0.012,0.02,148.0,65933.328,44449.546,333,238,95,71.471,54.354,1.522,1819.217,1468,1014.6,585.54,44978.32,4333.09,65933.33,46.59
ETH-USDT-SWAP,1H,12H,0.004,0.012,0.025,148.0,75134.792,50666.752,333,244,89,73.273,62.601,1.598,2073.673,1468,1434.01,868.93,49500.46,3351.89,75134.79,51.79
ETH-USDT-SWAP,1H,12H,0.004,0.012,0.03,148.0,88419.636,59642.998,333,247,86,74.174,66.756,1.609,2441.05,1468,4082.56,2658.49,68035.31,1566.48,88419.64,29.96
ETH-USDT-SWAP,1H,12H,0.004,0.015,0.005,148.0,19.432,-86.87,333,121,212,36.336,91.837,0.917,-3.555,1468,90.13,-39.1,153.08,69.85,19.43,-87.31
ETH-USDT-SWAP,1H,12H,0.004,0.015,0.008,148.0,202.889,37.087,333,160,173,48.048,93.747,1.006,1.518,1468,94.38,-36.23,1433.25,1418.53,202.89,-85.84
ETH-USDT-SWAP,1H,12H,0.004,0.015,0.01,148.0,2881.629,1847.046,333,180,153,54.054,84.108,1.059,75.595,1468,119.4,-19.32,5162.64,4223.8,2881.63,-44.18
ETH-USDT-SWAP,1H,12H,0.004,0.015,0.015,148.0,15151.47,10137.479,333,201,132,60.36,72.81,1.141,414.904,1468,395.65,167.33,24317.47,6046.14,15151.47,-37.69
ETH-USDT-SWAP,1H,12H,0.004,0.015,0.02,148.0,2769.873,1771.536,333,206,127,61.862,93.567,1.03,72.505,1468,389.2,162.97,8785.56,2157.33,2769.87,-68.47
ETH-USDT-SWAP,1H,12H,0.004,0.015,0.025,148.0,3248.845,2095.166,333,211,122,63.363,90.868,1.053,85.75,1468,326.95,120.91,4326.73,1223.35,3248.85,-24.91
ETH-USDT-SWAP,1H,12H,0.004,0.015,0.03,148.0,10695.891,7126.954,333,214,119,64.264,83.838,1.086,291.69,1468,1102.3,644.8,15671.73,1321.73,10695.89,-31.75
ETH-USDT-SWAP,1H,12H,0.004,0.02,0.005,148.0,0.638,-99.569,333,92,241,27.628,99.621,0.666,-4.075,1468,44.97,-69.61,7.83,-82.59,0.64,-91.85
ETH-USDT-SWAP,1H,12H,0.004,0.02,0.008,148.0,2.34,-98.419,333,128,205,38.438,98.565,0.793,-4.028,1468,54.26,-63.34,21.89,-59.66,2.34,-89.31
ETH-USDT-SWAP,1H,12H,0.004,0.02,0.01,148.0,3.168,-97.86,333,140,193,42.042,98.013,0.817,-4.005,1468,55.44,-62.54,23.24,-58.08,3.17,-86.37
ETH-USDT-SWAP,1H,12H,0.004,0.02,0.015,148.0,0.562,-99.62,333,156,177,46.847,99.787,0.885,-4.077,1468,124.53,-15.86,16.39,-86.84,0.56,-96.57
ETH-USDT-SWAP,1H,12H,0.004,0.02,0.02,148.0,0.198,-99.866,333,166,167,49.85,99.927,0.878,-4.087,1468,133.3,-9.94,5.55,-95.84,0.2,-96.43
ETH-USDT-SWAP,1H,12H,0.004,0.02,0.025,148.0,0.13,-99.912,333,170,163,51.051,99.966,0.834,-4.089,1468,67.89,-54.13,1.29,-98.1,0.13,-89.9
ETH-USDT-SWAP,1H,12H,0.004,0.02,0.03,148.0,0.309,-99.791,333,176,157,52.853,99.919,0.888,-4.084,1468,178.94,20.9,6.71,-96.25,0.31,-95.4
ETH-USDT-SWAP,1H,12H,0.004,0.03,0.005,148.0,0.021,-99.986,333,69,264,20.721,99.986,0.403,-4.092,1468,7.51,-94.92,0.39,-94.85,0.02,-94.7
ETH-USDT-SWAP,1H,12H,0.004,0.03,0.008,148.0,0.009,-99.994,333,97,236,29.129,99.994,0.478,-4.093,1468,5.16,-96.51,0.28,-94.58,0.01,-96.94
ETH-USDT-SWAP,1H,12H,0.004,0.03,0.01,148.0,0.006,-99.996,333,108,225,32.432,99.996,0.462,-4.093,1468,4.1,-97.23,0.16,-96.12,0.01,-96.16
ETH-USDT-SWAP,1H,12H,0.004,0.03,0.015,148.0,0.0,-100.0,333,120,213,36.036,100.0,0.624,-4.093,1468,3.51,-97.63,0.02,-99.43,0.0,-99.13
ETH-USDT-SWAP,1H,12H,0.004,0.03,0.02,148.0,0.0,-100.0,333,131,202,39.339,100.0,0.641,-4.093,1468,6.08,-95.89,0.01,-99.91,0.0,-99.2
ETH-USDT-SWAP,1H,12H,0.004,0.03,0.025,148.0,0.0,-100.0,333,135,198,40.541,100.0,0.622,-4.093,1468,4.49,-96.96,0.0,-99.96,0.0,-97.95
ETH-USDT-SWAP,1H,12H,0.004,0.03,0.03,148.0,0.0,-100.0,333,141,192,42.342,100.0,0.643,-4.093,1468,9.97,-93.26,0.01,-99.95,0.0,-99.14
ETH-USDT-SWAP,1H,12H,0.005,0.004,0.005,148.0,0.432,-99.708,317,186,131,58.675,99.714,0.419,-4.081,1468,40.9,-72.36,2.28,-94.43,0.43,-81.02
ETH-USDT-SWAP,1H,12H,0.005,0.004,0.008,148.0,9.264,-93.74,317,244,73,76.972,94.739,0.581,-3.837,1468,53.47,-63.87,13.79,-74.2,9.26,-32.84
ETH-USDT-SWAP,1H,12H,0.005,0.004,0.01,148.0,22.599,-84.73,317,261,56,82.334,86.433,0.728,-3.468,1468,71.37,-51.78,40.67,-43.01,22.6,-44.43
ETH-USDT-SWAP,1H,12H,0.005,0.004,0.015,148.0,290.713,96.428,317,289,28,91.167,46.795,1.124,3.947,1468,154.39,4.32,280.33,81.57,290.71,3.71
ETH-USDT-SWAP,1H,12H,0.005,0.004,0.02,148.0,791.929,435.087,317,299,18,94.322,54.963,1.296,17.807,1468,170.4,15.13,689.86,304.85,791.93,14.8
ETH-USDT-SWAP,1H,12H,0.005,0.004,0.025,148.0,1367.582,824.042,317,304,13,95.899,46.71,1.357,33.726,1468,238.87,61.4,1187.43,397.1,1367.58,15.17
ETH-USDT-SWAP,1H,12H,0.005,0.004,0.03,148.0,1961.279,1225.189,317,307,10,96.845,58.9,1.287,50.144,1468,434.41,193.52,2261.78,420.65,1961.28,-13.29
ETH-USDT-SWAP,1H,12H,0.005,0.006,0.005,148.0,7.077,-95.218,317,179,138,56.467,96.193,0.743,-3.897,1468,86.85,-41.32,21.17,-75.63,7.08,-66.56
ETH-USDT-SWAP,1H,12H,0.005,0.006,0.008,148.0,283.942,91.853,317,234,83,73.817,59.055,1.095,3.759,1468,154.23,4.21,177.65,15.18,283.94,59.84
ETH-USDT-SWAP,1H,12H,0.005,0.006,0.01,148.0,1121.779,657.959,317,252,65,79.495,49.628,1.264,26.929,1468,226.85,53.28,719.61,217.22,1121.78,55.89
ETH-USDT-SWAP,1H,12H,0.005,0.006,0.015,148.0,15368.459,10284.094,317,278,39,87.697,53.6,1.648,420.904,1468,477.57,222.68,5791.12,1112.61,15368.46,165.38
ETH-USDT-SWAP,1H,12H,0.005,0.006,0.02,148.0,35136.18,23640.662,317,287,30,90.536,48.255,2.081,967.558,1468,548.0,270.27,13300.47,2327.1,35136.18,164.17
ETH-USDT-SWAP,1H,12H,0.005,0.006,0.025,148.0,47555.551,32032.129,317,292,25,92.114,44.418,2.483,1311.001,1468,639.96,332.41,24679.04,3756.33,47555.55,92.7
ETH-USDT-SWAP,1H,12H,0.005,0.006,0.03,148.0,56042.13,37766.304,317,295,22,93.06,51.984,2.623,1545.688,1468,1209.93,717.52,36165.62,2889.06,56042.13,54.96
ETH-USDT-SWAP,1H,12H,0.005,0.008,0.005,148.0,40.16,-72.865,317,168,149,52.997,83.891,0.908,-2.982,1468,133.94,-9.5,93.73,-30.02,40.16,-57.15
ETH-USDT-SWAP,1H,12H,0.005,0.008,0.008,148.0,1354.918,815.485,317,217,100,68.454,59.948,1.274,33.376,1468,224.25,51.52,672.22,199.77,1354.92,101.56
ETH-USDT-SWAP,1H,12H,0.005,0.008,0.01,148.0,6290.832,4150.562,317,235,82,74.132,52.077,1.444,169.873,1468,385.81,160.68,2302.64,496.84,6290.83,173.2
ETH-USDT-SWAP,1H,12H,0.005,0.008,0.015,148.0,40983.34,27591.446,317,259,58,81.703,52.042,1.975,1129.254,1468,729.01,392.57,11656.25,1498.92,40983.34,251.6
ETH-USDT-SWAP,1H,12H,0.005,0.008,0.02,148.0,57380.3,38670.473,317,268,49,84.543,56.123,2.12,1582.693,1468,980.49,562.49,22267.98,2171.12,57380.3,157.68
ETH-USDT-SWAP,1H,12H,0.005,0.008,0.025,148.0,66214.628,44639.614,317,273,44,86.12,73.06,2.257,1826.996,1468,1221.53,725.36,29902.31,2347.94,66214.63,121.44
ETH-USDT-SWAP,1H,12H,0.005,0.008,0.03,148.0,72151.011,48650.683,317,275,42,86.751,77.668,2.353,1991.16,1468,2137.56,1344.3,38838.69,1716.97,72151.01,85.77
ETH-USDT-SWAP,1H,12H,0.005,0.01,0.005,148.0,126.237,-14.705,317,157,160,49.527,72.803,0.989,-0.602,1468,128.0,-13.51,247.87,93.65,126.24,-49.07
ETH-USDT-SWAP,1H,12H,0.005,0.01,0.008,148.0,9114.58,6058.5,317,207,110,65.3,53.487,1.443,247.96,1468,213.27,44.1,3341.62,1466.84,9114.58,172.76
ETH-USDT-SWAP,1H,12H,0.005,0.01,0.01,148.0,35868.001,24135.136,317,225,92,70.978,46.201,1.701,987.795,1468,297.91,101.29,12309.01,4031.81,35868.0,191.4
ETH-USDT-SWAP,1H,12H,0.005,0.01,0.015,148.0,66277.158,44681.863,317,246,71,77.603,50.737,1.992,1828.726,1468,592.46,300.31,31198.4,5165.95,66277.16,112.44
ETH-USDT-SWAP,1H,12H,0.005,0.01,0.02,148.0,85594.3,57733.986,317,256,61,80.757,52.727,2.159,2362.919,1468,907.67,513.29,46232.87,4993.56,85594.3,85.14
ETH-USDT-SWAP,1H,12H,0.005,0.01,0.025,148.0,89496.445,60370.571,317,261,56,82.334,55.485,2.226,2470.828,1468,1008.64,581.52,50135.02,4870.54,89496.45,78.51
ETH-USDT-SWAP,1H,12H,0.005,0.01,0.03,148.0,100325.553,67687.536,317,263,54,82.965,64.275,2.303,2770.295,1468,2619.14,1669.69,65464.13,2399.45,100325.55,53.25
ETH-USDT-SWAP,1H,12H,0.005,0.012,0.005,148.0,104.883,-29.133,317,142,175,44.795,81.097,0.982,-1.192,1468,134.66,-9.01,322.73,139.66,104.88,-67.5
ETH-USDT-SWAP,1H,12H,0.005,0.012,0.008,148.0,5823.356,3834.7,317,187,130,58.991,61.408,1.253,156.945,1468,159.47,7.75,2793.66,1651.89,5823.36,108.45
ETH-USDT-SWAP,1H,12H,0.005,0.012,0.01,148.0,22072.019,14813.526,317,203,114,64.038,60.499,1.4,606.283,1468,201.79,36.34,6599.96,3170.75,22072.02,234.43
ETH-USDT-SWAP,1H,12H,0.005,0.012,0.015,148.0,47512.097,32002.768,317,222,95,70.032,50.722,1.591,1309.8,1468,440.25,197.47,21040.37,4679.19,47512.1,125.81
ETH-USDT-SWAP,1H,12H,0.005,0.012,0.02,148.0,58823.403,39645.543,317,232,85,73.186,52.959,1.596,1622.601,1468,591.11,299.4,28299.15,4687.43,58823.4,107.86
ETH-USDT-SWAP,1H,12H,0.005,0.012,0.025,148.0,72164.835,48660.024,317,238,79,75.079,58.905,1.714,1991.543,1468,656.56,343.62,39885.24,5974.85,72164.84,80.93
ETH-USDT-SWAP,1H,12H,0.005,0.012,0.03,148.0,83662.258,56428.553,317,240,77,75.71,64.352,1.774,2309.491,1468,1954.95,1220.91,56632.66,2796.88,83662.26,47.73
ETH-USDT-SWAP,1H,12H,0.005,0.015,0.005,148.0,134.465,-9.145,317,127,190,40.063,87.091,0.996,-0.374,1468,115.82,-21.74,510.78,341.0,134.46,-73.67
ETH-USDT-SWAP,1H,12H,0.005,0.015,0.008,148.0,2976.831,1911.372,317,165,152,52.05,72.253,1.109,78.228,1468,107.31,-27.5,2781.8,2492.42,2976.83,7.01
ETH-USDT-SWAP,1H,12H,0.005,0.015,0.01,148.0,9457.346,6290.099,317,180,137,56.782,70.147,1.154,257.439,1468,134.5,-9.12,5577.14,4046.47,9457.35,69.57
ETH-USDT-SWAP,1H,12H,0.005,0.015,0.015,148.0,20455.391,13721.21,317,197,120,62.145,65.77,1.222,561.577,1468,309.35,109.02,12292.98,3873.8,20455.39,66.4
ETH-USDT-SWAP,1H,12H,0.005,0.015,0.02,148.0,7559.552,5007.805,317,204,113,64.353,82.685,1.101,204.958,1468,273.2,84.59,4545.55,1563.82,7559.55,66.31
ETH-USDT-SWAP,1H,12H,0.005,0.015,0.025,148.0,15452.556,10340.916,317,209,108,65.931,69.227,1.216,423.23,1468,275.37,86.06,4194.18,1423.1,15452.56,268.43
ETH-USDT-SWAP,1H,12H,0.005,0.015,0.03,148.0,30281.268,20360.316,317,211,106,66.562,67.455,1.26,833.301,1468,922.66,523.42,12872.44,1295.14,30281.27,135.24
ETH-USDT-SWAP,1H,12H,0.005,0.02,0.005,148.0,21.435,-85.517,317,105,212,33.123,89.733,0.876,-3.5,1468,52.61,-64.45,98.75,87.71,21.43,-78.29
ETH-USDT-SWAP,1H,12H,0.005,0.02,0.008,148.0,113.908,-23.035,317,137,180,43.218,85.467,0.988,-0.943,1468,69.71,-52.9,294.17,321.97,113.91,-61.28
ETH-USDT-SWAP,1H,12H,0.005,0.02,0.01,148.0,123.856,-16.313,317,150,167,47.319,89.361,0.995,-0.668,1468,92.99,-37.17,513.26,451.93,123.86,-75.87
ETH-USDT-SWAP,1H,12H,0.005,0.02,0.015,148.0,58.833,-60.248,317,166,151,52.366,96.07,0.989,-2.466,1468,213.33,44.14,650.33,204.85,58.83,-90.95
ETH-USDT-SWAP,1H,12H,0.005,0.02,0.02,148.0,33.171,-77.587,317,176,141,55.521,96.267,0.98,-3.175,1468,179.2,21.08,271.42,51.46,33.17,-87.78
ETH-USDT-SWAP,1H,12H,0.005,0.02,0.025,148.0,33.511,-77.358,317,181,136,57.098,93.664,0.967,-3.166,1468,101.73,-31.26,129.91,27.69,33.51,-74.2
ETH-USDT-SWAP,1H,12H,0.005,0.02,0.03,148.0,52.242,-64.701,317,184,133,58.044,96.659,0.988,-2.648,1468,287.45,94.22,412.48,43.5,52.24,-87.33
ETH-USDT-SWAP,1H,12H,0.005,0.03,0.005,148.0,0.095,-99.936,317,77,240,24.29,99.936,0.333,-4.09,1468,8.23,-94.44,1.22,-85.19,0.1,-92.2
ETH-USDT-SWAP,1H,12H,0.005,0.03,0.008,148.0,0.033,-99.978,317,101,216,31.861,99.978,0.483,-4.092,1468,10.04,-93.22,0.26,-97.37,0.03,-87.41
ETH-USDT-SWAP,1H,12H,0.005,0.03,0.01,148.0,0.01,-99.993,317,111,206,35.016,99.995,0.576,-4.092,1468,9.17,-93.8,0.14,-98.52,0.01,-92.67
ETH-USDT-SWAP,1H,12H,0.005,0.03,0.015,148.0,0.001,-99.999,317,126,191,39.748,100.0,0.681,-4.093,1468,12.17,-91.78,0.04,-99.69,0.0,-97.69
ETH-USDT-SWAP,1H,12H,0.005,0.03,0.02,148.0,0.0,-100.0,317,136,181,42.902,100.0,0.624,-4.093,1468,9.66,-93.47,0.01,-99.95,0.0,-97.04
ETH-USDT-SWAP,1H,12H,0.005,0.03,0.025,148.0,0.0,-100.0,317,142,175,44.795,100.0,0.594,-4.093,1468,6.57,-95.56,0.0,-99.97,0.0,-95.29
ETH-USDT-SWAP,1H,12H,0.005,0.03,0.03,148.0,0.0,-100.0,317,147,170,46.372,100.0,0.633,-4.093,1468,17.39,-88.25,0.01,-99.96,0.0,-98.01
ETH-USDT-SWAP,1H,12H,0.007,0.004,0.005,148.0,0.992,-99.33,286,170,116,59.441,99.334,0.36,-4.065,1468,37.79,-74.47,3.53,-90.66,0.99,-71.91
ETH-USDT-SWAP,1H,12H,0.007,0.004,0.008,148.0,6.359,-95.703,286,215,71,75.175,95.951,0.573,-3.917,1468,71.67,-51.57,13.85,-80.68,6.36,-54.09
ETH-USDT-SWAP,1H,12H,0.007,0.004,0.01,148.0,13.998,-90.542,286,231,55,80.769,91.087,0.692,-3.706,1468,102.32,-30.86,32.51,-68.23,14.0,-56.94
ETH-USDT-SWAP,1H,12H,0.007,0.004,0.015,148.0,68.099,-53.987,286,254,32,88.811,67.753,0.879,-2.21,1468,142.12,-3.97,104.15,-26.72,68.1,-34.61
ETH-USDT-SWAP,1H,12H,0.007,0.004,0.02,148.0,285.477,92.89,286,266,20,93.007,56.864,1.093,3.802,1468,236.66,59.91,419.69,77.34,285.48,-31.98
ETH-USDT-SWAP,1H,12H,0.007,0.004,0.025,148.0,330.209,123.114,286,270,16,94.406,63.159,1.106,5.039,1468,271.08,83.16,517.01,90.72,330.21,-36.13
ETH-USDT-SWAP,1H,12H,0.007,0.004,0.03,148.0,1392.968,841.195,286,276,10,96.503,40.184,1.397,34.428,1468,352.82,138.39,1382.1,291.73,1392.97,0.79
ETH-USDT-SWAP,1H,12H,0.007,0.006,0.005,148.0,13.352,-90.978,286,164,122,57.343,91.805,0.722,-3.724,1468,77.51,-47.63,33.56,-56.71,13.35,-60.21
ETH-USDT-SWAP,1H,12H,0.007,0.006,0.008,148.0,194.822,31.637,286,209,77,73.077,51.392,1.032,1.295,1468,189.24,27.86,235.77,24.59,194.82,-17.37
ETH-USDT-SWAP,1H,12H,0.007,0.006,0.01,148.0,388.849,162.736,286,223,63,77.972,60.572,1.091,6.66,1468,297.72,101.16,504.99,69.62,388.85,-23.0
ETH-USDT-SWAP,1H,12H,0.007,0.006,0.015,148.0,3082.333,1982.658,286,246,40,86.014,48.047,1.396,81.146,1468,454.34,206.99,1818.14,300.17,3082.33,69.53
ETH-USDT-SWAP,1H,12H,0.007,0.006,0.02,148.0,15004.719,10038.323,286,258,28,90.21,47.892,1.553,410.845,1468,801.99,441.88,7853.79,879.29,15004.72,91.05
ETH-USDT-SWAP,1H,12H,0.007,0.006,0.025,148.0,18604.664,12470.719,286,262,24,91.608,47.145,1.611,510.398,1468,936.62,532.85,8977.93,858.55,18604.66,107.23
ETH-USDT-SWAP,1H,12H,0.007,0.006,0.03,148.0,29002.285,19496.138,286,266,20,93.007,53.964,1.979,797.932,1468,1242.96,739.84,14956.77,1103.31,29002.28,93.91
ETH-USDT-SWAP,1H,12H,0.007,0.008,0.005,148.0,63.727,-56.941,286,153,133,53.497,63.138,0.908,-2.33,1468,125.94,-14.91,100.23,-20.41,63.73,-36.42
ETH-USDT-SWAP,1H,12H,0.007,0.008,0.008,148.0,1745.901,1079.663,286,197,89,68.881,52.711,1.288,44.188,1468,366.68,147.76,999.42,172.56,1745.9,74.69
ETH-USDT-SWAP,1H,12H,0.007,0.008,0.01,148.0,3253.994,2098.645,286,209,77,73.077,63.838,1.263,85.893,1468,667.31,350.88,2325.66,248.52,3253.99,39.92
ETH-USDT-SWAP,1H,12H,0.007,0.008,0.015,148.0,24376.896,16370.875,286,231,55,80.769,59.667,1.754,670.022,1468,883.32,496.84,7461.98,744.76,24376.9,226.68
ETH-USDT-SWAP,1H,12H,0.007,0.008,0.02,148.0,46936.002,31613.515,286,241,45,84.266,43.857,2.21,1293.868,1468,1248.54,743.61,20950.45,1578.0,46936.0,124.03
ETH-USDT-SWAP,1H,12H,0.007,0.008,0.025,148.0,55234.934,37220.901,286,246,40,86.014,52.432,2.413,1523.366,1468,1500.05,913.55,28799.38,1819.9,55234.93,91.79
ETH-USDT-SWAP,1H,12H,0.007,0.008,0.03,148.0,64012.362,43151.596,286,250,36,87.413,60.217,2.749,1766.095,1468,2028.96,1270.92,35671.81,1658.13,64012.36,79.45
ETH-USDT-SWAP,1H,12H,0.007,0.01,0.005,148.0,128.23,-13.358,286,140,146,48.951,71.886,0.987,-0.547,1468,160.28,8.3,217.71,35.84,128.23,-41.1
ETH-USDT-SWAP,1H,12H,0.007,0.01,0.008,148.0,3869.628,2514.614,286,182,104,63.636,60.476,1.362,102.917,1468,431.59,191.62,1828.58,323.68,3869.63,111.62
ETH-USDT-SWAP,1H,12H,0.007,0.01,0.01,148.0,9677.946,6439.153,286,196,90,68.531,54.663,1.327,263.54,1468,788.01,432.44,5862.73,643.99,9677.95,65.08
ETH-USDT-SWAP,1H,12H,0.007,0.01,0.015,148.0,38776.423,26100.286,286,217,69,75.874,50.799,1.805,1068.225,1468,1413.73,855.22,12169.07,760.78,38776.42,218.65
ETH-USDT-SWAP,1H,12H,0.007,0.01,0.02,148.0,51948.051,35000.034,286,225,61,78.671,74.551,2.115,1432.471,1468,1831.12,1137.24,17167.67,837.55,51948.05,202.59
ETH-USDT-SWAP,1H,12H,0.007,0.01,0.025,148.0,59680.255,40224.496,286,230,56,80.42,79.464,2.165,1646.296,1468,2761.03,1765.56,24149.88,774.67,59680.25,147.12
ETH-USDT-SWAP,1H,12H,0.007,0.01,0.03,148.0,68327.595,46067.294,286,232,54,81.119,83.116,2.283,1885.428,1468,3398.09,2196.01,35235.24,936.91,68327.6,93.92
ETH-USDT-SWAP,1H,12H,0.007,0.012,0.005,148.0,317.341,114.42,286,135,151,47.203,64.516,1.073,4.683,1468,151.84,2.59,422.76,178.43,317.34,-24.94
ETH-USDT-SWAP,1H,12H,0.007,0.012,0.008,148.0,10317.133,6871.036,286,175,111,61.189,49.43,1.504,281.216,1468,301.45,103.68,3822.44,1168.01,10317.13,169.91
ETH-USDT-SWAP,1H,12H,0.007,0.012,0.01,148.0,28528.348,19175.911,286,188,98,65.734,52.046,1.551,784.826,1468,659.03,345.29,13006.9,1873.65,28528.35,119.33
ETH-USDT-SWAP,1H,12H,0.007,0.012,0.015,148.0,41194.806,27734.328,286,206,80,72.028,47.985,1.751,1135.102,1468,967.93,554.01,12865.53,1229.18,41194.81,220.2
ETH-USDT-SWAP,1H,12H,0.007,0.012,0.02,148.0,50118.271,33763.696,286,214,72,74.825,61.37,2.003,1381.87,1468,1078.65,628.82,14128.15,1209.8,50118.27,254.74
ETH-USDT-SWAP,1H,12H,0.007,0.012,0.025,148.0,63488.975,42797.956,286,219,67,76.573,75.171,2.005,1751.622,1468,2066.95,1296.59,27111.68,1211.68,63488.98,134.18
ETH-USDT-SWAP,1H,12H,0.007,0.012,0.03,148.0,72652.916,48989.808,286,221,65,77.273,78.833,2.185,2005.04,1468,2368.9,1500.61,39463.64,1565.9,72652.92,84.1
ETH-USDT-SWAP,1H,12H,0.007,0.015,0.005,148.0,192.462,30.042,286,118,168,41.259,60.304,1.022,1.23,1468,103.9,-29.8,295.28,184.19,192.46,-34.82
ETH-USDT-SWAP,1H,12H,0.007,0.015,0.008,148.0,3907.934,2540.496,286,155,131,54.196,54.306,1.322,103.977,1468,208.42,40.82,1405.91,574.56,3907.93,177.96
ETH-USDT-SWAP,1H,12H,0.007,0.015,0.01,148.0,7224.552,4781.454,286,167,119,58.392,49.601,1.276,195.694,1468,388.86,162.74,2997.4,670.82,7224.55,141.03
ETH-USDT-SWAP,1H,12H,0.007,0.015,0.015,148.0,7390.064,4893.287,286,183,103,63.986,60.894,1.234,200.271,1468,684.43,362.45,2412.48,252.48,7390.06,206.33
ETH-USDT-SWAP,1H,12H,0.007,0.015,0.02,148.0,11997.631,8006.507,286,192,94,67.133,71.834,1.308,327.688,1468,866.14,485.23,2446.46,182.46,11997.63,390.41
ETH-USDT-SWAP,1H,12H,0.007,0.015,0.025,148.0,28664.821,19268.122,286,198,88,69.231,72.377,1.431,788.6,1468,1492.62,908.53,5099.19,241.63,28664.82,462.14
ETH-USDT-SWAP,1H,12H,0.007,0.015,0.03,148.0,36092.089,24286.547,286,200,86,69.93,78.18,1.461,993.992,1468,1969.61,1230.82,10414.0,428.73,36092.09,246.57
ETH-USDT-SWAP,1H,12H,0.007,0.02,0.005,148.0,13.826,-90.658,286,94,192,32.867,92.255,0.854,-3.71,1468,72.74,-50.85,91.07,25.19,13.83,-84.82
ETH-USDT-SWAP,1H,12H,0.007,0.02,0.008,148.0,112.598,-23.92,286,126,160,44.056,85.92,0.989,-0.979,1468,128.73,-13.02,392.68,205.04,112.6,-71.33
ETH-USDT-SWAP,1H,12H,0.007,0.02,0.01,148.0,124.726,-15.726,286,137,149,47.902,92.96,0.996,-0.644,1468,250.41,69.2,847.26,238.35,124.73,-85.28
ETH-USDT-SWAP,1H,12H,0.007,0.02,0.015,148.0,31.078,-79.002,286,151,135,52.797,97.6,0.98,-3.233,1468,395.89,167.5,303.28,-23.39,31.08,-89.75
ETH-USDT-SWAP,1H,12H,0.007,0.02,0.02,148.0,14.225,-90.388,286,159,127,55.594,98.182,0.954,-3.699,1468,220.8,49.19,63.08,-71.43,14.23,-77.45
ETH-USDT-SWAP,1H,12H,0.007,0.02,0.025,148.0,75.906,-48.712,286,168,118,58.741,92.733,0.986,-1.994,1468,336.68,127.49,273.76,-18.69,75.91,-72.27
ETH-USDT-SWAP,1H,12H,0.007,0.02,0.03,148.0,29.089,-80.345,286,169,117,59.091,97.484,0.972,-3.288,1468,358.77,142.41,189.37,-47.22,29.09,-84.64
ETH-USDT-SWAP,1H,12H,0.007,0.03,0.005,148.0,0.214,-99.855,286,73,213,25.524,99.855,0.65,-4.087,1468,35.61,-75.94,2.83,-92.05,0.21,-92.43
ETH-USDT-SWAP,1H,12H,0.007,0.03,0.008,148.0,0.062,-99.958,286,94,192,32.867,99.967,0.719,-4.091,1468,32.51,-78.04,0.68,-97.92,0.06,-90.89
ETH-USDT-SWAP,1H,12H,0.007,0.03,0.01,148.0,0.019,-99.987,286,103,183,36.014,99.991,0.743,-4.092,1468,27.8,-81.22,0.45,-98.38,0.02,-95.73
ETH-USDT-SWAP,1H,12H,0.007,0.03,0.015,148.0,0.003,-99.998,286,119,167,41.608,99.999,0.826,-4.093,1468,52.98,-64.2,0.12,-99.77,0.0,-97.63
ETH-USDT-SWAP,1H,12H,0.007,0.03,0.02,148.0,0.002,-99.999,286,130,156,45.455,99.999,0.783,-4.093,1468,28.7,-80.61,0.03,-99.88,0.0,-95.45
ETH-USDT-SWAP,1H,12H,0.007,0.03,0.025,148.0,0.003,-99.998,286,138,148,48.252,99.999,0.792,-4.093,1468,57.97,-60.83,0.06,-99.89,0.0,-95.7
ETH-USDT-SWAP,1H,12H,0.007,0.03,0.03,148.0,0.001,-99.999,286,140,146,48.951,100.0,0.769,-4.093,1468,53.33,-63.97,0.04,-99.92,0.0,-97.75
ETH-USDT-SWAP,1H,12H,0.01,0.004,0.005,148.0,0.924,-99.376,240,133,107,55.417,99.388,0.384,-4.067,1468,43.98,-70.29,2.51,-94.3,0.92,-63.17
ETH-USDT-SWAP,1H,12H,0.01,0.004,0.008,148.0,1.563,-98.944,240,165,75,68.75,99.018,0.494,-4.05,1468,57.84,-60.92,4.26,-92.64,1.56,-63.28
ETH-USDT-SWAP,1H,12H,0.01,0.004,0.01,148.0,3.645,-97.537,240,182,58,75.833,98.17,0.559,-3.992,1468,61.46,-58.47,6.95,-88.69,3.65,-47.58
ETH-USDT-SWAP,1H,12H,0.01,0.004,0.015,148.0,8.017,-94.583,240,202,38,84.167,96.19,0.647,-3.871,1468,93.35,-36.93,13.53,-85.51,8.02,-40.74
ETH-USDT-SWAP,1H,12H,0.01,0.004,0.02,148.0,29.46,-80.094,240,215,25,89.583,90.433,0.8,-3.278,1468,166.05,12.2,47.79,-71.22,29.46,-38.36
ETH-USDT-SWAP,1H,12H,0.01,0.004,0.025,148.0,71.318,-51.812,240,222,18,92.5,85.632,0.928,-2.121,1468,347.53,134.82,172.16,-50.46,71.32,-58.57
ETH-USDT-SWAP,1H,12H,0.01,0.004,0.03,148.0,280.246,89.356,240,228,12,95.0,60.925,1.116,3.657,1468,323.73,118.74,306.82,-5.22,280.25,-8.66
ETH-USDT-SWAP,1H,12H,0.01,0.006,0.005,148.0,11.741,-92.067,240,133,107,55.417,92.975,0.701,-3.768,1468,82.47,-44.28,16.57,-79.91,11.74,-29.13
ETH-USDT-SWAP,1H,12H,0.01,0.006,0.008,148.0,36.115,-75.598,240,165,75,68.75,86.078,0.853,-3.094,1468,129.17,-12.72,45.5,-64.78,36.12,-20.62
ETH-USDT-SWAP,1H,12H,0.01,0.006,0.01,148.0,117.163,-20.836,240,182,58,75.833,74.823,0.971,-0.853,1468,145.51,-1.68,93.81,-35.53,117.16,24.89
ETH-USDT-SWAP,1H,12H,0.01,0.006,0.015,148.0,379.968,156.735,240,202,38,84.167,58.681,1.121,6.415,1468,248.29,67.76,249.03,0.3,379.97,52.58
ETH-USDT-SWAP,1H,12H,0.01,0.006,0.02,148.0,1183.772,699.846,240,213,27,88.75,50.647,1.253,28.643,1468,403.71,172.78,717.4,77.7,1183.77,65.01
ETH-USDT-SWAP,1H,12H,0.01,0.006,0.025,148.0,3282.941,2118.203,240,220,20,91.667,53.032,1.249,86.693,1468,895.59,505.13,2960.67,230.58,3282.94,10.89
ETH-USDT-SWAP,1H,12H,0.01,0.006,0.03,148.0,15412.748,10314.019,240,226,14,94.167,43.719,1.893,422.129,1468,834.25,463.68,5592.9,570.41,15412.75,175.58
ETH-USDT-SWAP,1H,12H,0.01,0.008,0.005,148.0,61.315,-58.571,240,127,113,52.917,73.446,0.907,-2.397,1468,127.28,-14.0,67.07,-47.31,61.32,-8.58
ETH-USDT-SWAP,1H,12H,0.01,0.008,0.008,148.0,287.968,94.573,240,159,81,66.25,56.341,1.066,3.871,1468,228.98,54.72,227.37,-0.7,287.97,26.65
ETH-USDT-SWAP,1H,12H,0.01,0.008,0.01,148.0,935.831,532.319,240,175,65,72.917,54.535,1.268,21.787,1468,220.3,48.85,367.5,66.82,935.83,154.65
ETH-USDT-SWAP,1H,12H,0.01,0.008,0.015,148.0,1901.242,1184.623,240,193,47,80.417,54.57,1.305,48.484,1468,374.74,153.2,725.84,93.69,1901.24,161.94
ETH-USDT-SWAP,1H,12H,0.01,0.008,0.02,148.0,5274.05,3463.547,240,204,36,85.0,50.482,1.361,141.755,1468,677.26,357.61,1907.55,181.66,5274.05,176.48
ETH-USDT-SWAP,1H,12H,0.01,0.008,0.025,148.0,15442.622,10334.204,240,210,30,87.5,56.299,1.378,422.955,1468,1184.7,700.47,8156.02,588.45,15442.62,89.34
ETH-USDT-SWAP,1H,12H,0.01,0.008,0.03,148.0,39008.081,26256.812,240,216,24,90.0,53.964,2.18,1074.631,1468,1027.66,594.36,13173.65,1181.91,39008.08,196.11
ETH-USDT-SWAP,1H,12H,0.01,0.01,0.005,148.0,225.449,52.33,240,122,118,50.833,57.592,1.043,2.142,1468,185.23,25.15,172.09,-7.09,225.45,31.01
ETH-USDT-SWAP,1H,12H,0.01,0.01,0.008,148.0,1840.311,1143.453,240,155,85,64.583,49.768,1.277,46.799,1468,421.84,185.03,840.05,99.14,1840.31,119.07
ETH-USDT-SWAP,1H,12H,0.01,0.01,0.01,148.0,3599.339,2331.986,240,167,73,69.583,62.352,1.509,95.443,1468,358.51,142.23,916.52,155.65,3599.34,292.72
ETH-USDT-SWAP,1H,12H,0.01,0.01,0.015,148.0,6218.104,4101.422,240,182,58,75.833,60.489,1.515,167.862,1468,597.81,303.93,1358.22,127.2,6218.1,357.81
ETH-USDT-SWAP,1H,12H,0.01,0.01,0.02,148.0,18731.965,12556.733,240,192,48,80.0,59.966,1.681,513.918,1468,721.24,387.32,3676.83,409.79,18731.96,409.46
ETH-USDT-SWAP,1H,12H,0.01,0.01,0.025,148.0,41064.801,27646.487,240,198,42,82.5,56.792,1.805,1131.507,1468,1309.69,784.92,17133.58,1208.22,41064.8,139.67
ETH-USDT-SWAP,1H,12H,0.01,0.01,0.03,148.0,49752.357,33516.457,240,202,38,84.167,58.932,2.311,1371.751,1468,1136.08,667.62,16430.47,1346.24,49752.36,202.81
ETH-USDT-SWAP,1H,12H,0.01,0.012,0.005,148.0,130.063,-12.12,240,109,131,45.417,74.146,0.989,-0.496,1468,185.73,25.5,118.44,-36.23,130.06,9.81
ETH-USDT-SWAP,1H,12H,0.01,0.012,0.008,148.0,539.266,264.369,240,138,102,57.5,75.739,1.092,10.82,1468,380.98,157.42,465.77,22.25,539.27,15.78
ETH-USDT-SWAP,1H,12H,0.01,0.012,0.01,148.0,623.765,321.463,240,148,92,61.667,85.737,1.133,13.157,1468,308.22,108.26,312.59,1.42,623.76,99.55
ETH-USDT-SWAP,1H,12H,0.01,0.012,0.015,148.0,603.256,307.605,240,162,78,67.5,84.544,1.108,12.59,1468,471.12,218.32,223.85,-52.49,603.26,169.49
ETH-USDT-SWAP,1H,12H,0.01,0.012,0.02,148.0,707.231,377.859,240,171,69,71.25,88.946,1.103,15.465,1468,502.98,239.85,278.38,-44.65,707.23,154.06
ETH-USDT-SWAP,1H,12H,0.01,0.012,0.025,148.0,1157.351,681.994,240,177,63,73.75,87.411,1.096,27.912,1468,1032.89,597.9,888.19,-14.01,1157.35,30.3
ETH-USDT-SWAP,1H,12H,0.01,0.012,0.03,148.0,2341.844,1482.327,240,182,58,75.833,90.012,1.257,60.668,1468,834.35,463.75,600.85,-27.99,2341.84,289.75
ETH-USDT-SWAP,1H,12H,0.01,0.015,0.005,148.0,146.319,-1.136,240,98,142,40.833,65.238,0.999,-0.046,1468,104.56,-29.35,100.56,-3.82,146.32,45.5
ETH-USDT-SWAP,1H,12H,0.01,0.015,0.008,148.0,316.23,113.669,240,124,116,51.667,71.777,1.053,4.652,1468,237.85,60.71,247.56,4.08,316.23,27.74
ETH-USDT-SWAP,1H,12H,0.01,0.015,0.01,148.0,380.256,156.93,240,135,105,56.25,84.307,1.078,6.423,1468,215.0,45.27,170.93,-20.5,380.26,122.46
ETH-USDT-SWAP,1H,12H,0.01,0.015,0.015,148.0,216.331,46.169,240,147,93,61.25,89.234,1.024,1.89,1468,246.46,66.53,91.57,-62.85,216.33,136.25
ETH-USDT-SWAP,1H,12H,0.01,0.015,0.02,148.0,144.596,-2.3,240,155,85,64.583,93.331,0.999,-0.094,1468,224.18,51.47,60.7,-72.92,144.6,138.21
ETH-USDT-SWAP,1H,12H,0.01,0.015,0.025,148.0,315.993,113.509,240,161,79,67.083,89.816,1.033,4.646,1468,490.95,231.73,276.42,-43.7,315.99,14.31
ETH-USDT-SWAP,1H,12H,0.01,0.015,0.03,148.0,390.246,163.68,240,164,76,68.333,91.595,1.054,6.699,1468,383.72,159.27,265.77,-30.74,390.25,46.83
ETH-USDT-SWAP,1H,12H,0.01,0.02,0.005,148.0,28.147,-80.982,240,81,159,33.75,91.926,0.84,-3.314,1468,60.0,-59.46,17.76,-70.41,28.15,58.52
ETH-USDT-SWAP,1H,12H,0.01,0.02,0.008,148.0,19.142,-87.066,240,102,138,42.5,94.849,0.888,-3.563,1468,95.87,-35.23,18.32,-80.89,19.14,4.51
ETH-USDT-SWAP,1H,12H,0.01,0.02,0.01,148.0,17.634,-88.085,240,113,127,47.083,96.108,0.895,-3.605,1468,95.28,-35.62,16.96,-82.2,17.63,3.98
ETH-USDT-SWAP,1H,12H,0.01,0.02,0.015,148.0,4.632,-96.87,240,125,115,52.083,98.899,0.865,-3.965,1468,91.78,-37.98,3.35,-96.35,4.63,38.3
ETH-USDT-SWAP,1H,12H,0.01,0.02,0.02,148.0,3.592,-97.573,240,134,106,55.833,99.468,0.859,-3.993,1468,72.31,-51.14,2.27,-96.86,3.59,58.31
ETH-USDT-SWAP,1H,12H,0.01,0.02,0.025,148.0,6.484,-95.619,240,140,100,58.333,98.65,0.901,-3.913,1468,173.06,16.93,8.54,-95.07,6.48,-24.03
ETH-USDT-SWAP,1H,12H,0.01,0.02,0.03,148.0,3.54,-97.608,240,141,99,58.75,99.192,0.881,-3.995,1468,140.85,-4.83,4.52,-96.79,3.54,-21.71
ETH-USDT-SWAP,1H,12H,0.01,0.03,0.005,148.0,0.247,-99.833,240,60,180,25.0,99.883,0.718,-4.086,1468,63.1,-57.36,0.7,-98.89,0.25,-64.77
ETH-USDT-SWAP,1H,12H,0.01,0.03,0.008,148.0,0.052,-99.965,240,78,162,32.5,99.982,0.789,-4.091,1468,72.97,-50.7,0.37,-99.49,0.05,-85.98
ETH-USDT-SWAP,1H,12H,0.01,0.03,0.01,148.0,0.047,-99.969,240,90,150,37.5,99.987,0.847,-4.091,1468,103.45,-30.1,0.4,-99.62,0.05,-88.26
ETH-USDT-SWAP,1H,12H,0.01,0.03,0.015,148.0,0.017,-99.988,240,105,135,43.75,99.993,0.84,-4.092,1468,114.36,-22.73,0.12,-99.9,0.02,-85.11
ETH-USDT-SWAP,1H,12H,0.01,0.03,0.02,148.0,0.011,-99.993,240,114,126,47.5,99.997,0.792,-4.092,1468,59.32,-59.92,0.04,-99.94,0.01,-72.1
ETH-USDT-SWAP,1H,12H,0.01,0.03,0.025,148.0,0.016,-99.989,240,120,120,50.0,99.996,0.84,-4.092,1468,144.11,-2.63,0.13,-99.91,0.02,-87.47
ETH-USDT-SWAP,1H,12H,0.01,0.03,0.03,148.0,0.007,-99.995,240,121,119,50.417,99.998,0.814,-4.093,1468,109.22,-26.2,0.06,-99.95,0.01,-87.98
ETH-USDT-SWAP,1H,1D,0.001,0.004,0.005,148.0,1.084,-99.268,209,111,98,53.11,99.268,0.242,-4.057,735,34.68,-76.57,2.9,-91.63,1.08,-62.68
ETH-USDT-SWAP,1H,1D,0.001,0.004,0.008,148.0,2.385,-98.388,209,143,66,68.421,98.481,0.394,-4.021,735,75.24,-49.17,6.22,-91.73,2.39,-61.67
ETH-USDT-SWAP,1H,1D,0.001,0.004,0.01,148.0,5.745,-96.118,209,159,50,76.077,97.169,0.487,-3.929,735,117.52,-20.59,11.9,-89.88,5.74,-51.71
ETH-USDT-SWAP,1H,1D,0.001,0.004,0.015,148.0,28.638,-80.65,209,181,28,86.603,90.781,0.723,-3.296,735,167.87,13.43,52.66,-68.63,28.64,-45.61
ETH-USDT-SWAP,1H,1D,0.001,0.004,0.02,148.0,73.297,-50.475,209,191,18,91.388,85.456,0.902,-2.063,735,292.8,97.83,169.45,-42.13,73.3,-56.74
ETH-USDT-SWAP,1H,1D,0.001,0.004,0.025,148.0,164.799,11.351,209,197,12,94.258,73.258,1.019,0.464,735,274.03,85.15,222.13,-18.94,164.8,-25.81
ETH-USDT-SWAP,1H,1D,0.001,0.004,0.03,148.0,237.246,60.301,209,200,9,95.694,75.596,1.08,2.465,735,255.26,72.47,283.23,10.96,237.25,-16.24
ETH-USDT-SWAP,1H,1D,0.001,0.006,0.005,148.0,5.787,-96.09,209,107,102,51.196,96.625,0.475,-3.927,735,47.38,-67.99,9.64,-79.66,5.79,-39.96
ETH-USDT-SWAP,1H,1D,0.001,0.006,0.008,148.0,17.928,-87.886,209,138,71,66.029,91.35,0.711,-3.592,735,127.67,-13.74,30.92,-75.78,17.93,-42.01
ETH-USDT-SWAP,1H,1D,0.001,0.006,0.01,148.0,37.19,-74.872,209,152,57,72.727,90.015,0.817,-3.06,735,214.25,44.76,58.63,-72.63,37.19,-36.57
ETH-USDT-SWAP,1H,1D,0.001,0.006,0.015,148.0,207.708,40.343,209,174,35,83.254,72.297,1.038,1.649,735,310.99,110.13,288.54,-7.22,207.71,-28.01
ETH-USDT-SWAP,1H,1D,0.001,0.006,0.02,148.0,789.257,433.282,209,186,23,88.995,74.155,1.149,17.709,735,540.19,264.99,1146.81,112.3,789.26,-31.18
ETH-USDT-SWAP,1H,1D,0.001,0.006,0.025,148.0,1528.059,932.472,209,192,17,91.866,55.111,1.263,38.112,735,473.03,219.61,1305.23,175.93,1528.06,17.07
ETH-USDT-SWAP,1H,1D,0.001,0.006,0.03,148.0,1896.068,1181.127,209,195,14,93.301,59.043,1.255,48.275,735,408.51,176.02,1510.81,269.84,1896.07,25.5
ETH-USDT-SWAP,1H,1D,0.001,0.008,0.005,148.0,16.359,-88.947,209,100,109,47.847,91.733,0.676,-3.635,735,70.48,-52.38,21.14,-70.01,16.36,-22.6
ETH-USDT-SWAP,1H,1D,0.001,0.008,0.008,148.0,61.315,-58.571,209,130,79,62.201,81.42,0.897,-2.394,735,205.89,39.11,79.64,-61.32,61.32,-23.01
ETH-USDT-SWAP,1H,1D,0.001,0.008,0.01,148.0,64.972,-56.1,209,140,69,66.986,89.682,0.912,-2.293,735,307.43,107.72,76.23,-75.21,64.97,-14.76
ETH-USDT-SWAP,1H,1D,0.001,0.008,0.015,148.0,242.299,63.716,209,160,49,76.555,77.38,1.04,2.604,735,490.04,231.11,216.75,-55.77,242.3,11.79
ETH-USDT-SWAP,1H,1D,0.001,0.008,0.02,148.0,872.266,489.369,209,173,36,82.775,72.733,1.091,20.001,735,1151.9,678.31,1028.12,-10.75,872.27,-15.16
ETH-USDT-SWAP,1H,1D,0.001,0.008,0.025,148.0,2177.925,1371.571,209,181,28,86.603,66.903,1.179,56.059,735,1008.69,581.54,1523.27,51.02,2177.92,42.98
ETH-USDT-SWAP,1H,1D,0.001,0.008,0.03,148.0,1099.608,642.978,209,183,26,87.56,80.612,1.104,26.28,735,871.1,488.58,762.64,-12.45,1099.61,44.18
ETH-USDT-SWAP,1H,1D,0.001,0.01,0.005,148.0,32.552,-78.006,209,93,116,44.498,87.97,0.773,-3.188,735,76.47,-48.33,25.52,-66.63,32.55,27.55
ETH-USDT-SWAP,1H,1D,0.001,0.01,0.008,148.0,66.926,-54.78,209,118,91,56.459,80.832,0.913,-2.239,735,180.56,22.0,57.84,-67.96,66.93,15.7
ETH-USDT-SWAP,1H,1D,0.001,0.01,0.01,148.0,58.595,-60.409,209,127,82,60.766,86.571,0.908,-2.469,735,216.2,46.08,54.48,-74.8,58.59,7.56
ETH-USDT-SWAP,1H,1D,0.001,0.01,0.015,148.0,489.78,230.932,209,151,58,72.249,69.614,1.088,9.439,735,469.65,217.33,325.43,-30.71,489.78,50.5
ETH-USDT-SWAP,1H,1D,0.001,0.01,0.02,148.0,1257.1,749.392,209,163,46,77.99,67.216,1.102,30.629,735,853.44,476.65,1149.67,34.71,1257.1,9.34
ETH-USDT-SWAP,1H,1D,0.001,0.01,0.025,148.0,3665.741,2376.852,209,171,38,81.818,71.213,1.214,97.147,735,653.72,341.7,1813.26,177.38,3665.74,102.16
ETH-USDT-SWAP,1H,1D,0.001,0.01,0.03,148.0,2296.342,1451.583,209,174,35,83.254,82.596,1.16,59.329,735,489.12,230.48,1105.52,126.02,2296.34,107.72
ETH-USDT-SWAP,1H,1D,0.001,0.012,0.005,148.0,26.759,-81.92,209,83,126,39.713,87.533,0.742,-3.348,735,54.07,-63.47,28.98,-46.4,26.76,-7.66
ETH-USDT-SWAP,1H,1D,0.001,0.012,0.008,148.0,50.235,-66.058,209,107,102,51.196,80.311,0.888,-2.7,735,128.66,-13.07,77.95,-39.41,50.23,-35.56
ETH-USDT-SWAP,1H,1D,0.001,0.012,0.01,148.0,26.141,-82.337,209,114,95,54.545,90.49,0.856,-3.365,735,148.73,0.5,59.26,-60.16,26.14,-55.89
ETH-USDT-SWAP,1H,1D,0.001,0.012,0.015,148.0,122.364,-17.322,209,136,73,65.072,75.531,0.989,-0.708,735,235.62,59.2,198.6,-15.71,122.36,-38.39
ETH-USDT-SWAP,1H,1D,0.001,0.012,0.02,148.0,579.147,291.315,209,149,60,71.292,75.131,1.044,11.907,735,700.0,372.97,1146.49,63.78,579.15,-49.49
ETH-USDT-SWAP,1H,1D,0.001,0.012,0.025,148.0,1092.163,637.948,209,156,53,74.641,66.431,1.108,26.074,735,469.27,217.08,904.35,92.71,1092.16,20.77
ETH-USDT-SWAP,1H,1D,0.001,0.012,0.03,148.0,593.511,301.021,209,158,51,75.598,78.321,1.053,12.303,735,518.37,250.25,681.95,31.56,593.51,-12.97
ETH-USDT-SWAP,1H,1D,0.001,0.015,0.005,148.0,41.57,-71.912,209,76,133,36.364,82.454,0.819,-2.939,735,54.66,-63.07,48.6,-11.1,41.57,-14.46
ETH-USDT-SWAP,1H,1D,0.001,0.015,0.008,148.0,93.31,-36.952,209,99,110,47.368,72.619,0.955,-1.51,735,146.27,-1.17,154.39,5.55,93.31,-39.56
ETH-USDT-SWAP,1H,1D,0.001,0.015,0.01,148.0,31.296,-78.854,209,104,105,49.761,89.813,0.876,-3.223,735,138.35,-6.52,77.03,-44.32,31.3,-59.37
ETH-USDT-SWAP,1H,1D,0.001,0.015,0.015,148.0,83.458,-43.609,209,124,85,59.33,78.857,0.961,-1.782,735,163.21,10.28,112.97,-30.78,83.46,-26.13
ETH-USDT-SWAP,1H,1D,0.001,0.015,0.02,148.0,160.162,8.218,209,135,74,64.593,86.324,1.002,0.336,735,458.93,210.09,398.46,-13.18,160.16,-59.8
ETH-USDT-SWAP,1H,1D,0.001,0.015,0.025,148.0,416.619,181.5,209,142,67,67.943,79.773,1.039,7.418,735,512.6,246.35,503.9,-1.7,416.62,-17.32
ETH-USDT-SWAP,1H,1D,0.001,0.015,0.03,148.0,144.412,-2.425,209,144,65,68.9,91.061,0.999,-0.099,735,527.12,256.16,279.49,-46.98,144.41,-48.33
ETH-USDT-SWAP,1H,1D,0.001,0.02,0.005,148.0,12.945,-91.253,209,63,146,30.144,94.471,0.675,-3.73,735,34.7,-76.55,18.21,-47.53,12.95,-28.89
ETH-USDT-SWAP,1H,1D,0.001,0.02,0.008,148.0,7.041,-95.242,209,79,130,37.799,97.383,0.679,-3.893,735,32.19,-78.25,15.04,-53.28,7.04,-53.17
ETH-USDT-SWAP,1H,1D,0.001,0.02,0.01,148.0,2.249,-98.48,209,85,124,40.67,99.041,0.613,-4.025,735,24.31,-83.58,7.32,-69.88,2.25,-69.28
ETH-USDT-SWAP,1H,1D,0.001,0.02,0.015,148.0,5.31,-96.412,209,106,103,50.718,97.749,0.704,-3.941,735,21.5,-85.47,9.16,-57.41,5.31,-42.01
ETH-USDT-SWAP,1H,1D,0.001,0.02,0.02,148.0,6.905,-95.334,209,117,92,55.981,98.173,0.861,-3.897,735,57.41,-61.21,20.15,-64.9,6.91,-65.73
ETH-USDT-SWAP,1H,1D,0.001,0.02,0.025,148.0,8.74,-94.095,209,123,86,58.852,97.82,0.855,-3.846,735,47.81,-67.69,19.26,-59.71,8.74,-54.63
ETH-USDT-SWAP,1H,1D,0.001,0.02,0.03,148.0,3.674,-97.518,209,126,83,60.287,98.937,0.844,-3.986,735,48.16,-67.46,8.58,-82.18,3.67,-57.19
ETH-USDT-SWAP,1H,1D,0.001,0.03,0.005,148.0,0.389,-99.737,209,43,166,20.574,99.761,0.516,-4.076,735,21.58,-85.42,1.44,-93.34,0.39,-72.91
ETH-USDT-SWAP,1H,1D,0.001,0.03,0.008,148.0,0.059,-99.96,209,56,153,26.794,99.973,0.597,-4.086,735,16.17,-89.07,0.6,-96.32,0.06,-90.04
ETH-USDT-SWAP,1H,1D,0.001,0.03,0.01,148.0,0.021,-99.986,209,64,145,30.622,99.99,0.577,-4.087,735,12.89,-91.29,0.38,-97.07,0.02,-94.43
ETH-USDT-SWAP,1H,1D,0.001,0.03,0.015,148.0,0.013,-99.991,209,83,126,39.713,99.995,0.545,-4.087,735,5.11,-96.55,0.14,-97.26,0.01,-90.89
ETH-USDT-SWAP,1H,1D,0.001,0.03,0.02,148.0,0.006,-99.996,209,92,117,44.019,99.998,0.696,-4.087,735,9.65,-93.48,0.11,-98.83,0.01,-94.73
ETH-USDT-SWAP,1H,1D,0.001,0.03,0.025,148.0,0.022,-99.985,209,101,108,48.325,99.993,0.685,-4.087,735,7.11,-95.2,0.34,-95.17,0.02,-93.52
ETH-USDT-SWAP,1H,1D,0.001,0.03,0.03,148.0,0.006,-99.996,209,104,105,49.761,99.998,0.675,-4.087,735,5.78,-96.1,0.09,-98.52,0.01,-93.41
ETH-USDT-SWAP,1H,1D,0.002,0.004,0.005,148.0,1.24,-99.162,202,107,95,52.97,99.162,0.265,-4.053,735,48.23,-67.41,4.24,-91.2,1.24,-70.77
ETH-USDT-SWAP,1H,1D,0.002,0.004,0.008,148.0,2.345,-98.416,202,137,65,67.822,98.621,0.381,-4.022,735,72.31,-51.14,6.47,-91.05,2.34,-63.79
ETH-USDT-SWAP,1H,1D,0.002,0.004,0.01,148.0,3.708,-97.495,202,150,52,74.257,98.122,0.486,-3.985,735,112.96,-23.67,10.92,-90.33,3.71,-66.05
ETH-USDT-SWAP,1H,1D,0.002,0.004,0.015,148.0,13.394,-90.95,202,171,31,84.653,95.062,0.649,-3.717,735,161.35,9.02,26.04,-83.86,13.39,-48.56
ETH-USDT-SWAP,1H,1D,0.002,0.004,0.02,148.0,63.621,-57.013,202,184,18,91.089,84.029,0.848,-2.33,735,215.21,45.41,118.9,-44.75,63.62,-46.49
ETH-USDT-SWAP,1H,1D,0.002,0.004,0.025,148.0,199.87,35.048,202,191,11,94.554,64.748,1.071,1.432,735,187.73,26.84,203.77,8.54,199.87,-1.91
ETH-USDT-SWAP,1H,1D,0.002,0.004,0.03,148.0,267.731,80.899,202,193,9,95.545,65.455,1.153,3.307,735,162.84,10.03,225.13,38.25,267.73,18.92
ETH-USDT-SWAP,1H,1D,0.002,0.006,0.005,148.0,9.736,-93.422,202,107,95,52.97,93.422,0.559,-3.818,735,76.86,-48.07,20.28,-73.61,9.74,-51.99
ETH-USDT-SWAP,1H,1D,0.002,0.006,0.008,148.0,32.859,-77.798,202,137,65,67.822,85.773,0.754,-3.18,735,137.25,-7.26,47.44,-65.44,32.86,-30.73
ETH-USDT-SWAP,1H,1D,0.002,0.006,0.01,148.0,66.89,-54.804,202,150,52,74.257,82.723,0.89,-2.24,735,236.26,59.64,99.06,-58.07,66.89,-32.48
ETH-USDT-SWAP,1H,1D,0.002,0.006,0.015,148.0,259.736,75.497,202,169,33,83.663,77.505,1.068,3.086,735,364.73,146.44,314.24,-13.84,259.74,-17.34
ETH-USDT-SWAP,1H,1D,0.002,0.006,0.02,148.0,788.279,432.621,202,179,23,88.614,73.375,1.193,17.682,735,505.73,241.71,991.7,96.09,788.28,-20.51
ETH-USDT-SWAP,1H,1D,0.002,0.006,0.025,148.0,2317.096,1465.606,202,186,16,92.079,62.873,1.395,59.902,735,441.15,198.07,1603.36,263.45,2317.1,44.52
ETH-USDT-SWAP,1H,1D,0.002,0.006,0.03,148.0,2605.693,1660.603,202,188,14,93.069,67.83,1.392,67.872,735,382.67,158.56,1566.29,309.3,2605.69,66.36
ETH-USDT-SWAP,1H,1D,0.002,0.008,0.005,148.0,31.422,-78.769,202,101,101,50.0,78.769,0.77,-3.219,735,105.57,-28.67,47.59,-54.92,31.42,-33.97
ETH-USDT-SWAP,1H,1D,0.002,0.008,0.008,148.0,79.019,-46.609,202,127,75,62.871,77.334,0.921,-1.905,735,216.54,46.31,102.82,-52.52,79.02,-23.15
ETH-USDT-SWAP,1H,1D,0.002,0.008,0.01,148.0,162.127,9.545,202,140,62,69.307,74.485,1.01,0.39,735,329.77,122.82,185.48,-43.75,162.13,-12.59
ETH-USDT-SWAP,1H,1D,0.002,0.008,0.015,148.0,617.534,317.253,202,159,43,78.713,69.251,1.119,12.967,735,564.91,281.7,602.79,6.71,617.53,2.45
ETH-USDT-SWAP,1H,1D,0.002,0.008,0.02,148.0,1376.835,830.294,202,169,33,83.663,66.576,1.154,33.936,735,764.51,416.56,1553.32,103.18,1376.84,-11.36
ETH-USDT-SWAP,1H,1D,0.002,0.008,0.025,148.0,4021.869,2617.479,202,177,25,87.624,54.554,1.278,106.981,735,623.97,321.6,2692.45,331.5,4021.87,49.38
ETH-USDT-SWAP,1H,1D,0.002,0.008,0.03,148.0,3022.385,1942.152,202,179,23,88.614,64.221,1.218,79.38,735,501.8,239.05,2006.4,299.84,3022.39,50.64
ETH-USDT-SWAP,1H,1D,0.002,0.01,0.005,148.0,67.259,-54.555,202,94,108,46.535,62.872,0.888,-2.23,735,119.9,-18.99,76.17,-36.47,67.26,-11.7
ETH-USDT-SWAP,1H,1D,0.002,0.01,0.008,148.0,150.683,1.813,202,118,84,58.416,72.79,1.002,0.074,735,226.29,52.9,163.08,-27.93,150.68,-7.6
ETH-USDT-SWAP,1H,1D,0.002,0.01,0.01,148.0,390.507,163.856,202,132,70,65.347,67.805,1.119,6.697,735,329.45,122.6,260.93,-20.8,390.51,49.66
ETH-USDT-SWAP,1H,1D,0.002,0.01,0.015,148.0,1208.228,716.37,202,150,52,74.257,63.636,1.138,29.279,735,664.13,348.74,964.06,45.16,1208.23,25.33
ETH-USDT-SWAP,1H,1D,0.002,0.01,0.02,148.0,2902.469,1861.127,202,160,42,79.208,63.127,1.171,76.068,735,1022.4,590.81,2496.04,144.14,2902.47,16.28
ETH-USDT-SWAP,1H,1D,0.002,0.01,0.025,148.0,11149.327,7433.329,202,169,33,83.663,62.165,1.289,303.815,735,834.45,463.82,5379.23,544.64,11149.33,107.27
ETH-USDT-SWAP,1H,1D,0.002,0.01,0.03,148.0,4402.851,2874.899,202,170,32,84.158,73.481,1.192,117.503,735,671.07,353.42,2067.45,208.08,4402.85,112.96
ETH-USDT-SWAP,1H,1D,0.002,0.012,0.005,148.0,56.135,-62.071,202,84,118,41.584,69.241,0.87,-2.537,735,104.07,-29.68,72.61,-30.23,56.14,-22.69
ETH-USDT-SWAP,1H,1D,0.002,0.012,0.008,148.0,39.927,-73.022,202,102,100,50.495,87.303,0.88,-2.985,735,162.76,9.97,74.74,-54.08,39.93,-46.58
ETH-USDT-SWAP,1H,1D,0.002,0.012,0.01,148.0,78.171,-47.182,202,115,87,56.931,80.717,0.941,-1.928,735,206.05,39.22,94.21,-54.28,78.17,-17.02
ETH-USDT-SWAP,1H,1D,0.002,0.012,0.015,148.0,335.289,126.547,202,136,66,67.327,75.658,1.039,5.172,735,477.56,222.68,471.56,-1.26,335.29,-28.9
ETH-USDT-SWAP,1H,1D,0.002,0.012,0.02,148.0,1456.61,884.196,202,149,53,73.762,71.895,1.101,36.139,735,882.76,496.46,1713.8,94.14,1456.61,-15.01
ETH-USDT-SWAP,1H,1D,0.002,0.012,0.025,148.0,3587.918,2324.269,202,157,45,77.723,66.431,1.191,94.997,735,630.24,325.83,2291.16,263.54,3587.92,56.6
ETH-USDT-SWAP,1H,1D,0.002,0.012,0.03,148.0,1142.913,672.239,202,158,44,78.218,76.022,1.126,27.476,735,439.11,196.7,573.72,30.65,1142.91,99.21
ETH-USDT-SWAP,1H,1D,0.002,0.015,0.005,148.0,80.026,-45.928,202,77,125,38.119,66.36,0.908,-1.877,735,76.13,-48.56,94.69,24.38,80.03,-15.48
ETH-USDT-SWAP,1H,1D,0.002,0.015,0.008,148.0,45.479,-69.271,202,93,109,46.04,86.933,0.892,-2.831,735,142.73,-3.56,74.24,-47.99,45.48,-38.74
ETH-USDT-SWAP,1H,1D,0.002,0.015,0.01,148.0,59.442,-59.836,202,104,98,51.485,83.07,0.919,-2.446,735,138.32,-6.54,74.16,-46.39,59.44,-19.84
ETH-USDT-SWAP,1H,1D,0.002,0.015,0.015,148.0,55.159,-62.73,202,120,82,59.406,87.293,0.949,-2.564,735,177.26,19.77,113.84,-35.78,55.16,-51.55
ETH-USDT-SWAP,1H,1D,0.002,0.015,0.02,148.0,103.718,-29.92,202,131,71,64.851,92.617,0.985,-1.223,735,375.78,153.91,145.71,-61.22,103.72,-28.82
ETH-USDT-SWAP,1H,1D,0.002,0.015,0.025,148.0,390.962,164.164,202,140,62,69.307,87.94,1.038,6.71,735,555.03,275.02,352.56,-36.48,390.96,10.89
ETH-USDT-SWAP,1H,1D,0.002,0.015,0.03,148.0,49.565,-66.51,202,140,62,69.307,95.914,0.972,-2.718,735,446.29,201.55,65.85,-85.24,49.56,-24.73
ETH-USDT-SWAP,1H,1D,0.002,0.02,0.005,148.0,28.562,-80.702,202,64,138,31.683,88.118,0.74,-3.298,735,40.92,-72.35,32.45,-20.69,28.56,-11.98
ETH-USDT-SWAP,1H,1D,0.002,0.02,0.008,148.0,7.45,-94.966,202,77,125,38.119,97.301,0.645,-3.881,735,35.53,-75.99,12.01,-66.19,7.45,-37.98
ETH-USDT-SWAP,1H,1D,0.002,0.02,0.01,148.0,14.157,-90.434,202,89,113,44.059,95.693,0.712,-3.696,735,32.97,-77.72,16.02,-51.41,14.16,-11.63
ETH-USDT-SWAP,1H,1D,0.002,0.02,0.015,148.0,8.619,-94.176,202,104,98,51.485,96.602,0.722,-3.849,735,21.12,-85.73,12.88,-39.0,8.62,-33.09
ETH-USDT-SWAP,1H,1D,0.002,0.02,0.02,148.0,26.041,-82.405,202,117,85,57.921,96.266,0.919,-3.368,735,78.13,-47.21,42.91,-45.08,26.04,-39.31
ETH-USDT-SWAP,1H,1D,0.002,0.02,0.025,148.0,72.934,-50.72,202,125,77,61.881,88.899,0.968,-2.073,735,91.59,-38.12,112.13,22.44,72.93,-34.96
ETH-USDT-SWAP,1H,1D,0.002,0.02,0.03,148.0,7.935,-94.639,202,125,77,61.881,98.658,0.903,-3.868,735,78.26,-47.12,20.73,-73.51,7.93,-61.72
ETH-USDT-SWAP,1H,1D,0.002,0.03,0.005,148.0,0.473,-99.681,202,43,159,21.287,99.71,0.359,-4.074,735,16.51,-88.84,1.87,-88.68,0.47,-74.71
ETH-USDT-SWAP,1H,1D,0.002,0.03,0.008,148.0,0.04,-99.973,202,54,148,26.733,99.981,0.476,-4.086,735,13.21,-91.08,0.48,-96.37,0.04,-91.6
ETH-USDT-SWAP,1H,1D,0.002,0.03,0.01,148.0,0.243,-99.836,202,70,132,34.653,99.914,0.522,-4.08,735,12.15,-91.79,1.18,-90.28,0.24,-79.44
ETH-USDT-SWAP,1H,1D,0.002,0.03,0.015,148.0,0.02,-99.987,202,82,120,40.594,99.993,0.464,-4.087,735,3.92,-97.35,0.21,-94.73,0.02,-90.34
ETH-USDT-SWAP,1H,1D,0.002,0.03,0.02,148.0,0.014,-99.991,202,92,110,45.545,99.996,0.622,-4.087,735,7.08,-95.22,0.2,-97.23,0.01,-92.94
ETH-USDT-SWAP,1H,1D,0.002,0.03,0.025,148.0,0.062,-99.958,202,102,100,50.495,99.982,0.648,-4.085,735,6.9,-95.34,0.93,-86.51,0.06,-93.34
ETH-USDT-SWAP,1H,1D,0.002,0.03,0.03,148.0,0.007,-99.995,202,103,99,50.99,99.998,0.612,-4.087,735,4.43,-97.01,0.1,-97.81,0.01,-93.07
ETH-USDT-SWAP,1H,1D,0.003,0.004,0.005,148.0,0.782,-99.471,193,95,98,49.223,99.482,0.256,-4.066,735,56.88,-61.57,2.95,-94.81,0.78,-73.51
ETH-USDT-SWAP,1H,1D,0.003,0.004,0.008,148.0,1.957,-98.678,193,128,65,66.321,99.028,0.392,-4.033,735,91.06,-38.47,6.16,-93.23,1.96,-68.24
ETH-USDT-SWAP,1H,1D,0.003,0.004,0.01,148.0,2.67,-98.196,193,140,53,72.539,98.722,0.487,-4.013,735,110.75,-25.17,7.91,-92.86,2.67,-66.25
ETH-USDT-SWAP,1H,1D,0.003,0.004,0.015,148.0,9.099,-93.852,193,161,32,83.42,96.558,0.59,-3.836,735,128.72,-13.02,17.79,-86.18,9.1,-48.87
ETH-USDT-SWAP,1H,1D,0.003,0.004,0.02,148.0,203.763,37.678,193,180,13,93.264,54.719,1.093,1.54,735,275.91,86.42,171.3,-37.91,203.76,18.95
ETH-USDT-SWAP,1H,1D,0.003,0.004,0.025,148.0,328.249,121.79,193,184,9,95.337,64.748,1.191,4.978,735,258.22,74.47,336.62,30.36,328.25,-2.49
ETH-USDT-SWAP,1H,1D,0.003,0.004,0.03,148.0,389.996,163.511,193,186,7,96.373,65.454,1.244,6.683,735,240.53,62.52,329.88,37.14,390.0,18.22
ETH-USDT-SWAP,1H,1D,0.003,0.006,0.005,148.0,4.349,-97.062,193,94,99,48.705,97.441,0.5,-3.967,735,92.15,-37.74,10.13,-89.01,4.35,-57.07
ETH-USDT-SWAP,1H,1D,0.003,0.006,0.008,148.0,19.863,-86.579,193,127,66,65.803,93.437,0.717,-3.539,735,175.71,18.73,33.14,-81.14,19.86,-40.05
ETH-USDT-SWAP,1H,1D,0.003,0.006,0.01,148.0,33.454,-77.396,193,139,54,72.021,91.988,0.829,-3.163,735,226.52,53.05,49.54,-78.13,33.45,-32.48
ETH-USDT-SWAP,1H,1D,0.003,0.006,0.015,148.0,101.619,-31.339,193,158,35,81.865,83.835,0.955,-1.281,735,279.08,88.57,111.82,-59.93,101.62,-9.12
ETH-USDT-SWAP,1H,1D,0.003,0.006,0.02,148.0,1134.992,666.886,193,174,19,90.155,45.606,1.438,27.257,735,483.01,226.36,518.56,7.36,1134.99,118.87
ETH-USDT-SWAP,1H,1D,0.003,0.006,0.025,148.0,1321.989,793.236,193,178,15,92.228,60.636,1.328,32.421,735,422.96,185.78,787.47,86.18,1321.99,67.88
ETH-USDT-SWAP,1H,1D,0.003,0.006,0.03,148.0,1400.227,846.099,193,180,13,93.264,68.581,1.32,34.582,735,366.89,147.9,724.55,97.48,1400.23,93.25
ETH-USDT-SWAP,1H,1D,0.003,0.008,0.005,148.0,19.438,-86.867,193,92,101,47.668,90.672,0.709,-3.55,735,129.02,-12.83,28.36,-78.02,19.44,-31.46
ETH-USDT-SWAP,1H,1D,0.003,0.008,0.008,148.0,79.219,-46.474,193,121,72,62.694,85.334,0.922,-1.899,735,280.97,89.85,99.3,-64.66,79.22,-20.22
ETH-USDT-SWAP,1H,1D,0.003,0.008,0.01,148.0,210.937,42.525,193,135,58,69.948,77.844,1.038,1.738,735,373.89,152.63,192.98,-48.39,210.94,9.31
ETH-USDT-SWAP,1H,1D,0.003,0.008,0.015,148.0,505.064,241.259,193,152,41,78.756,69.473,1.12,9.861,735,459.94,210.77,369.92,-19.57,505.06,36.53
ETH-USDT-SWAP,1H,1D,0.003,0.008,0.02,148.0,3840.984,2495.259,193,166,27,86.01,54.954,1.529,101.986,735,580.46,292.2,1204.91,107.58,3840.98,218.78
ETH-USDT-SWAP,1H,1D,0.003,0.008,0.025,148.0,4855.74,3180.905,193,171,22,88.601,67.045,1.337,130.01,735,644.3,335.34,2122.53,229.43,4855.74,128.77
ETH-USDT-SWAP,1H,1D,0.003,0.008,0.03,148.0,4855.294,3180.604,193,173,20,89.637,76.901,1.295,129.997,735,520.29,251.55,1942.45,273.34,4855.29,149.96
ETH-USDT-SWAP,1H,1D,0.003,0.01,0.005,148.0,40.257,-72.8,193,86,107,44.56,85.124,0.826,-2.975,735,169.24,14.35,52.14,-69.19,40.26,-22.79
ETH-USDT-SWAP,1H,1D,0.003,0.01,0.008,148.0,110.226,-25.523,193,111,82,57.513,86.035,0.967,-1.043,735,350.51,136.83,117.09,-66.6,110.23,-5.86
ETH-USDT-SWAP,1H,1D,0.003,0.01,0.01,148.0,291.562,97.001,193,125,68,64.767,76.464,1.063,3.965,735,471.61,218.66,233.27,-50.54,291.56,24.99
ETH-USDT-SWAP,1H,1D,0.003,0.01,0.015,148.0,387.276,161.673,193,140,53,72.539,74.421,1.059,6.608,735,637.54,330.77,337.33,-47.09,387.28,14.81
ETH-USDT-SWAP,1H,1D,0.003,0.01,0.02,148.0,4428.465,2892.206,193,156,37,80.829,53.965,1.342,118.21,735,1087.74,634.96,1631.13,49.96,4428.46,171.5
ETH-USDT-SWAP,1H,1D,0.003,0.01,0.025,148.0,5115.237,3356.241,193,161,32,83.42,68.263,1.201,137.176,735,1103.77,645.79,2998.9,171.7,5115.24,70.57
ETH-USDT-SWAP,1H,1D,0.003,0.01,0.03,148.0,3074.087,1977.086,193,162,31,83.938,80.661,1.171,80.807,735,891.34,502.25,1318.13,47.88,3074.09,133.22
ETH-USDT-SWAP,1H,1D,0.003,0.012,0.005,148.0,26.336,-82.205,193,75,118,38.86,89.149,0.779,-3.36,735,127.83,-13.63,27.17,-78.74,26.34,-3.07
ETH-USDT-SWAP,1H,1D,0.003,0.012,0.008,148.0,44.629,-69.846,193,97,96,50.259,89.502,0.886,-2.855,735,206.25,39.36,52.57,-74.51,44.63,-15.11
ETH-USDT-SWAP,1H,1D,0.003,0.012,0.01,148.0,136.624,-7.686,193,112,81,58.031,85.168,0.994,-0.314,735,327.67,121.4,123.08,-62.44,136.62,11.01
ETH-USDT-SWAP,1H,1D,0.003,0.012,0.015,148.0,366.904,147.908,193,130,63,67.358,79.349,1.042,6.045,735,516.04,248.67,356.07,-31.0,366.9,3.04
ETH-USDT-SWAP,1H,1D,0.003,0.012,0.02,148.0,5657.203,3722.435,193,147,46,76.166,55.968,1.36,152.143,735,652.74,341.04,1717.29,163.09,5657.2,229.43
ETH-USDT-SWAP,1H,1D,0.003,0.012,0.025,148.0,5862.96,3861.46,193,152,41,78.756,68.199,1.212,157.825,735,579.4,291.48,2832.83,388.93,5862.96,106.96
ETH-USDT-SWAP,1H,1D,0.003,0.012,0.03,148.0,2895.338,1856.309,193,153,40,79.275,82.608,1.177,75.871,735,405.36,173.89,1004.57,147.82,2895.34,188.22
ETH-USDT-SWAP,1H,1D,0.003,0.015,0.005,148.0,28.979,-80.419,193,68,125,35.233,89.283,0.737,-3.287,735,84.36,-43.0,29.39,-65.16,28.98,-1.4
ETH-USDT-SWAP,1H,1D,0.003,0.015,0.008,148.0,13.463,-90.903,193,83,110,43.005,96.643,0.748,-3.715,735,88.07,-40.49,23.81,-72.97,13.46,-43.45
ETH-USDT-SWAP,1H,1D,0.003,0.015,0.01,148.0,34.005,-77.023,193,98,95,50.777,91.516,0.866,-3.148,735,120.53,-18.56,36.12,-70.03,34.01,-5.85
ETH-USDT-SWAP,1H,1D,0.003,0.015,0.015,148.0,32.933,-77.748,193,113,80,58.549,90.401,0.92,-3.178,735,166.42,12.44,56.65,-65.96,32.93,-41.86
ETH-USDT-SWAP,1H,1D,0.003,0.015,0.02,148.0,1200.657,711.255,193,132,61,68.394,73.289,1.206,29.07,735,406.25,174.49,417.34,2.73,1200.66,187.7
ETH-USDT-SWAP,1H,1D,0.003,0.015,0.025,148.0,662.494,347.631,193,136,57,70.466,79.483,1.084,14.208,735,417.26,181.93,420.53,0.78,662.49,57.54
ETH-USDT-SWAP,1H,1D,0.003,0.015,0.03,148.0,173.914,17.51,193,136,57,70.466,89.24,1.008,0.716,735,340.88,130.32,112.55,-66.98,173.91,54.52
ETH-USDT-SWAP,1H,1D,0.003,0.02,0.005,148.0,3.565,-97.591,193,52,141,26.943,98.774,0.479,-3.989,735,38.52,-73.97,5.19,-86.53,3.57,-31.28
ETH-USDT-SWAP,1H,1D,0.003,0.02,0.008,148.0,1.846,-98.752,193,67,126,34.715,99.373,0.503,-4.036,735,28.76,-80.57,4.74,-83.52,1.85,-61.06
ETH-USDT-SWAP,1H,1D,0.003,0.02,0.01,148.0,5.087,-96.563,193,82,111,42.487,98.525,0.6,-3.947,735,30.45,-79.43,5.74,-81.14,5.09,-11.39
ETH-USDT-SWAP,1H,1D,0.003,0.02,0.015,148.0,1.268,-99.143,193,93,100,48.187,99.537,0.624,-4.052,735,21.23,-85.65,3.41,-83.94,1.27,-62.81
ETH-USDT-SWAP,1H,1D,0.003,0.02,0.02,148.0,21.953,-85.167,193,111,82,57.513,97.272,0.874,-3.481,735,60.25,-59.29,30.3,-49.7,21.95,-27.56
ETH-USDT-SWAP,1H,1D,0.003,0.02,0.025,148.0,21.301,-85.608,193,117,76,60.622,96.768,0.924,-3.499,735,96.21,-34.99,70.07,-27.18,21.3,-69.6
ETH-USDT-SWAP,1H,1D,0.003,0.02,0.03,148.0,2.74,-98.148,193,117,76,60.622,99.586,0.862,-4.012,735,63.43,-57.14,12.22,-80.73,2.74,-77.58
ETH-USDT-SWAP,1H,1D,0.003,0.03,0.005,148.0,0.26,-99.824,193,38,155,19.689,99.841,0.331,-4.08,735,19.6,-86.76,1.28,-93.49,0.26,-79.61
ETH-USDT-SWAP,1H,1D,0.003,0.03,0.008,148.0,0.074,-99.95,193,51,142,26.425,99.967,0.463,-4.085,735,14.1,-90.47,1.0,-92.93,0.07,-92.6
ETH-USDT-SWAP,1H,1D,0.003,0.03,0.01,148.0,0.185,-99.875,193,66,127,34.197,99.936,0.495,-4.082,735,11.28,-92.38,1.08,-90.39,0.18,-82.97
ETH-USDT-SWAP,1H,1D,0.003,0.03,0.015,148.0,0.032,-99.979,193,77,116,39.896,99.989,0.528,-4.086,735,6.17,-95.83,0.45,-92.76,0.03,-92.88
ETH-USDT-SWAP,1H,1D,0.003,0.03,0.02,148.0,0.088,-99.941,193,91,102,47.15,99.975,0.621,-4.085,735,7.41,-94.99,0.75,-89.85,0.09,-88.31
ETH-USDT-SWAP,1H,1D,0.003,0.03,0.025,148.0,0.153,-99.897,193,99,94,51.295,99.956,0.661,-4.083,735,9.84,-93.35,2.01,-79.53,0.15,-92.41
ETH-USDT-SWAP,1H,1D,0.003,0.03,0.03,148.0,0.013,-99.991,193,99,94,51.295,99.996,0.611,-4.087,735,4.87,-96.71,0.21,-95.65,0.01,-93.86
ETH-USDT-SWAP,1H,1D,0.004,0.004,0.005,148.0,0.583,-99.606,187,87,100,46.524,99.624,0.279,-4.071,735,61.16,-58.68,2.32,-96.21,0.58,-74.89
ETH-USDT-SWAP,1H,1D,0.004,0.004,0.008,148.0,0.825,-99.443,187,116,71,62.032,99.537,0.362,-4.064,735,69.51,-53.04,3.11,-95.52,0.82,-73.51
ETH-USDT-SWAP,1H,1D,0.004,0.004,0.01,148.0,4.307,-97.09,187,138,49,73.797,97.569,0.46,-3.968,735,80.82,-45.39,10.04,-87.57,4.31,-57.12
ETH-USDT-SWAP,1H,1D,0.004,0.004,0.015,148.0,12.31,-91.682,187,157,30,83.957,95.222,0.576,-3.747,735,102.69,-30.61,20.67,-79.87,12.31,-40.43
ETH-USDT-SWAP,1H,1D,0.004,0.004,0.02,148.0,139.591,-5.682,187,173,14,92.513,67.274,0.985,-0.232,735,270.5,82.77,123.8,-54.23,139.59,12.75
ETH-USDT-SWAP,1H,1D,0.004,0.004,0.025,148.0,210.456,42.2,187,177,10,94.652,68.003,1.075,1.725,735,253.16,71.05,227.69,-10.06,210.46,-7.57
ETH-USDT-SWAP,1H,1D,0.004,0.004,0.03,148.0,524.068,254.1,187,181,6,96.791,66.284,1.544,10.386,735,235.82,59.34,207.84,-11.86,524.07,152.14
ETH-USDT-SWAP,1H,1D,0.004,0.006,0.005,148.0,2.788,-98.116,187,86,101,45.989,98.399,0.521,-4.01,735,99.37,-32.86,7.26,-92.69,2.79,-61.62
ETH-USDT-SWAP,1H,1D,0.004,0.006,0.008,148.0,6.709,-95.467,187,115,72,61.497,97.439,0.658,-3.902,735,126.9,-14.26,14.46,-88.6,6.71,-53.62
ETH-USDT-SWAP,1H,1D,0.004,0.006,0.01,148.0,37.229,-74.845,187,135,52,72.193,85.704,0.825,-3.059,735,156.39,5.67,52.48,-66.45,37.23,-29.06
ETH-USDT-SWAP,1H,1D,0.004,0.006,0.015,148.0,118.807,-19.725,187,153,34,81.818,79.967,0.967,-0.806,735,198.9,34.39,92.79,-53.35,118.81,28.04
ETH-USDT-SWAP,1H,1D,0.004,0.006,0.02,148.0,1129.08,662.892,187,168,19,89.84,50.387,1.516,27.094,735,428.84,189.76,431.03,0.51,1129.08,161.95
ETH-USDT-SWAP,1H,1D,0.004,0.006,0.025,148.0,1485.464,903.692,187,172,15,91.979,64.07,1.416,36.936,735,375.52,153.73,691.77,84.21,1485.46,114.73
ETH-USDT-SWAP,1H,1D,0.004,0.006,0.03,148.0,4293.161,2800.784,187,176,11,94.118,74.809,2.413,114.473,735,325.75,120.1,691.42,112.26,4293.16,520.92
ETH-USDT-SWAP,1H,1D,0.004,0.008,0.005,148.0,14.108,-90.468,187,86,101,45.989,93.817,0.727,-3.698,735,159.08,7.49,24.31,-84.72,14.11,-41.96
ETH-USDT-SWAP,1H,1D,0.004,0.008,0.008,148.0,47.104,-68.173,187,114,73,60.963,89.254,0.882,-2.786,735,227.74,53.88,58.78,-74.19,47.1,-19.86
ETH-USDT-SWAP,1H,1D,0.004,0.008,0.01,148.0,191.984,29.719,187,130,57,69.519,77.009,1.031,1.215,735,245.88,66.13,157.14,-36.09,191.98,22.18
ETH-USDT-SWAP,1H,1D,0.004,0.008,0.015,148.0,546.616,269.335,187,147,40,78.61,73.205,1.181,11.008,735,311.08,110.19,299.07,-3.86,546.62,82.77
ETH-USDT-SWAP,1H,1D,0.004,0.008,0.02,148.0,2874.769,1842.411,187,160,27,85.561,74.031,1.53,75.303,735,679.97,359.44,758.26,11.51,2874.77,279.13
ETH-USDT-SWAP,1H,1D,0.004,0.008,0.025,148.0,3646.073,2363.563,187,164,23,87.701,80.921,1.335,96.603,735,744.06,402.74,1253.84,68.51,3646.07,190.79
ETH-USDT-SWAP,1H,1D,0.004,0.008,0.03,148.0,13234.019,8841.905,187,168,19,89.84,83.283,2.134,361.386,735,645.43,336.1,1596.26,147.32,13234.02,729.06
ETH-USDT-SWAP,1H,1D,0.004,0.01,0.005,148.0,32.273,-78.194,187,81,106,43.316,89.184,0.844,-3.196,735,216.7,46.42,50.02,-76.92,32.27,-35.48
ETH-USDT-SWAP,1H,1D,0.004,0.01,0.008,148.0,85.277,-42.381,187,106,81,56.684,83.52,0.95,-1.732,735,278.13,87.93,90.49,-67.47,85.28,-5.76
ETH-USDT-SWAP,1H,1D,0.004,0.01,0.01,148.0,264.937,79.011,187,120,67,64.171,78.548,1.06,3.229,735,297.15,100.78,179.03,-39.75,264.94,47.98
ETH-USDT-SWAP,1H,1D,0.004,0.01,0.015,148.0,539.66,264.635,187,136,51,72.727,78.251,1.114,10.816,735,417.43,182.05,254.91,-38.93,539.66,111.71
ETH-USDT-SWAP,1H,1D,0.004,0.01,0.02,148.0,2051.241,1285.974,187,149,38,79.679,80.442,1.331,52.56,735,479.04,223.67,491.03,2.5,2051.24,317.75
ETH-USDT-SWAP,1H,1D,0.004,0.01,0.025,148.0,3366.704,2174.8,187,155,32,82.888,80.783,1.238,88.888,735,633.28,327.89,1200.24,89.53,3366.7,180.5
ETH-USDT-SWAP,1H,1D,0.004,0.01,0.03,148.0,7921.196,5252.159,187,159,28,85.027,85.398,1.474,214.666,735,476.08,221.67,1089.57,128.86,7921.2,627.0
ETH-USDT-SWAP,1H,1D,0.004,0.012,0.005,148.0,34.054,-76.991,187,73,114,39.037,87.914,0.853,-3.147,735,195.94,32.39,51.48,-73.72,34.05,-33.85
ETH-USDT-SWAP,1H,1D,0.004,0.012,0.008,148.0,94.689,-36.021,187,98,89,52.406,86.437,0.959,-1.472,735,237.23,60.29,80.69,-65.99,94.69,17.35
ETH-USDT-SWAP,1H,1D,0.004,0.012,0.01,148.0,251.156,69.7,187,111,76,59.358,82.839,1.049,2.849,735,245.74,66.04,162.92,-33.7,251.16,54.16
ETH-USDT-SWAP,1H,1D,0.004,0.012,0.015,148.0,586.242,296.109,187,127,60,67.914,87.576,1.078,12.103,735,574.32,288.06,297.05,-48.28,586.24,97.36
ETH-USDT-SWAP,1H,1D,0.004,0.012,0.02,148.0,1669.182,1027.826,187,139,48,74.332,87.344,1.216,42.009,735,553.99,274.32,423.92,-23.48,1669.18,293.75
ETH-USDT-SWAP,1H,1D,0.004,0.012,0.025,148.0,2925.643,1876.786,187,145,42,77.54,88.627,1.147,76.708,735,663.92,348.59,1187.57,78.87,2925.64,146.36
ETH-USDT-SWAP,1H,1D,0.004,0.012,0.03,148.0,4970.178,3258.228,187,148,39,79.144,92.582,1.319,133.17,735,499.11,237.24,545.72,9.34,4970.18,810.75
ETH-USDT-SWAP,1H,1D,0.004,0.015,0.005,148.0,8.75,-94.088,187,58,129,31.016,96.152,0.71,-3.846,735,93.01,-37.16,20.34,-78.13,8.75,-56.99
ETH-USDT-SWAP,1H,1D,0.004,0.015,0.008,148.0,5.729,-96.129,187,77,110,41.176,97.905,0.757,-3.929,735,92.06,-37.8,14.23,-84.55,5.73,-59.73
ETH-USDT-SWAP,1H,1D,0.004,0.015,0.01,148.0,12.983,-91.227,187,90,97,48.128,95.188,0.861,-3.729,735,112.95,-23.68,34.16,-69.76,12.98,-61.99
ETH-USDT-SWAP,1H,1D,0.004,0.015,0.015,148.0,21.118,-85.731,187,105,82,56.15,95.519,0.938,-3.504,735,254.85,72.19,48.49,-80.97,21.12,-56.45
ETH-USDT-SWAP,1H,1D,0.004,0.015,0.02,148.0,189.391,27.967,187,122,65,65.241,91.376,1.012,1.143,735,342.54,131.45,136.23,-60.23,189.39,39.03
ETH-USDT-SWAP,1H,1D,0.004,0.015,0.025,148.0,137.863,-6.849,187,127,60,67.914,93.426,0.998,-0.28,735,359.28,142.76,193.6,-46.12,137.86,-28.79
ETH-USDT-SWAP,1H,1D,0.004,0.015,0.03,148.0,125.68,-15.081,187,129,58,68.984,96.26,0.994,-0.616,735,297.03,100.7,68.21,-77.04,125.68,84.26
ETH-USDT-SWAP,1H,1D,0.004,0.02,0.005,148.0,2.335,-98.423,187,46,141,24.599,99.009,0.49,-4.023,735,34.04,-77.0,5.43,-84.04,2.33,-57.02
ETH-USDT-SWAP,1H,1D,0.004,0.02,0.008,148.0,1.807,-98.779,187,65,122,34.759,99.244,0.502,-4.037,735,22.79,-84.6,3.9,-82.88,1.81,-53.68
ETH-USDT-SWAP,1H,1D,0.004,0.02,0.01,148.0,1.898,-98.718,187,75,112,40.107,99.188,0.55,-4.035,735,21.07,-85.76,4.39,-79.16,1.9,-56.77
ETH-USDT-SWAP,1H,1D,0.004,0.02,0.015,148.0,1.35,-99.088,187,87,100,46.524,99.421,0.704,-4.05,735,34.12,-76.95,3.62,-89.39,1.35,-62.72
ETH-USDT-SWAP,1H,1D,0.004,0.02,0.02,148.0,5.104,-96.551,187,103,84,55.08,99.057,0.815,-3.946,735,49.32,-66.68,7.32,-85.15,5.1,-30.31
ETH-USDT-SWAP,1H,1D,0.004,0.02,0.025,148.0,4.258,-97.123,187,109,78,58.289,99.039,0.879,-3.97,735,81.24,-45.11,14.56,-82.07,4.26,-70.76
ETH-USDT-SWAP,1H,1D,0.004,0.02,0.03,148.0,1.103,-99.254,187,110,77,58.824,99.77,0.833,-4.057,735,54.2,-63.38,2.89,-94.67,1.1,-61.78
ETH-USDT-SWAP,1H,1D,0.004,0.03,0.005,148.0,0.306,-99.794,187,34,153,18.182,99.865,0.473,-4.079,735,26.91,-81.82,1.86,-93.1,0.31,-83.54
ETH-USDT-SWAP,1H,1D,0.004,0.03,0.008,148.0,0.493,-99.667,187,55,132,29.412,99.83,0.498,-4.074,735,16.68,-88.73,1.43,-91.42,0.49,-65.57
ETH-USDT-SWAP,1H,1D,0.004,0.03,0.01,148.0,0.246,-99.834,187,63,124,33.69,99.915,0.508,-4.08,735,11.92,-91.94,1.08,-90.95,0.25,-77.18
ETH-USDT-SWAP,1H,1D,0.004,0.03,0.015,148.0,0.057,-99.961,187,72,115,38.503,99.98,0.569,-4.086,735,10.64,-92.81,0.38,-96.4,0.06,-85.08
ETH-USDT-SWAP,1H,1D,0.004,0.03,0.02,148.0,0.049,-99.967,187,85,102,45.455,99.986,0.628,-4.086,735,8.87,-94.01,0.27,-96.99,0.05,-81.54
ETH-USDT-SWAP,1H,1D,0.004,0.03,0.025,148.0,0.085,-99.943,187,93,94,49.733,99.976,0.672,-4.085,735,12.14,-91.8,0.76,-93.75,0.08,-88.84
ETH-USDT-SWAP,1H,1D,0.004,0.03,0.03,148.0,0.023,-99.984,187,94,93,50.267,99.994,0.633,-4.087,735,8.18,-94.48,0.13,-98.4,0.02,-82.46
ETH-USDT-SWAP,1H,1D,0.005,0.004,0.005,148.0,0.692,-99.533,177,81,96,45.763,99.593,0.305,-4.068,735,67.07,-54.68,2.53,-96.23,0.69,-72.64
ETH-USDT-SWAP,1H,1D,0.005,0.004,0.008,148.0,1.438,-99.028,177,112,65,63.277,99.171,0.447,-4.047,735,101.18,-31.64,4.65,-95.4,1.44,-69.09
ETH-USDT-SWAP,1H,1D,0.005,0.004,0.01,148.0,3.544,-97.606,177,128,49,72.316,97.956,0.479,-3.989,735,93.67,-36.71,9.1,-90.29,3.54,-61.05
ETH-USDT-SWAP,1H,1D,0.005,0.004,0.015,148.0,18.798,-87.298,177,150,27,84.746,91.88,0.673,-3.568,735,155.09,4.79,42.69,-72.47,18.8,-55.97
ETH-USDT-SWAP,1H,1D,0.005,0.004,0.02,148.0,51.359,-65.298,177,160,17,90.395,82.616,0.805,-2.669,735,270.5,82.77,65.57,-75.76,51.36,-21.67
ETH-USDT-SWAP,1H,1D,0.005,0.004,0.025,148.0,123.926,-16.266,177,166,11,93.785,65.04,0.966,-0.665,735,253.16,71.05,147.59,-41.7,123.93,-16.04
ETH-USDT-SWAP,1H,1D,0.005,0.004,0.03,148.0,287.458,94.228,177,170,7,96.045,67.593,1.245,3.851,735,235.82,59.34,125.5,-46.78,287.46,129.05
ETH-USDT-SWAP,1H,1D,0.005,0.006,0.005,148.0,3.334,-97.748,177,81,96,45.763,98.288,0.551,-3.995,735,111.13,-24.91,8.43,-92.42,3.33,-60.43
ETH-USDT-SWAP,1H,1D,0.005,0.006,0.008,148.0,12.62,-91.473,177,112,65,63.277,94.27,0.758,-3.739,735,195.8,32.3,24.72,-87.38,12.62,-48.94
ETH-USDT-SWAP,1H,1D,0.005,0.006,0.01,148.0,35.78,-75.825,177,127,50,71.751,83.332,0.836,-3.099,735,184.83,24.89,61.01,-66.99,35.78,-41.35
ETH-USDT-SWAP,1H,1D,0.005,0.006,0.015,148.0,255.965,72.95,177,148,29,83.616,58.88,1.075,2.982,735,315.51,113.18,302.13,-4.24,255.97,-15.28
ETH-USDT-SWAP,1H,1D,0.005,0.006,0.02,148.0,797.866,439.099,177,158,19,89.266,55.553,1.309,17.947,735,583.3,294.12,489.83,-16.02,797.87,62.89
ETH-USDT-SWAP,1H,1D,0.005,0.006,0.025,148.0,2023.888,1267.492,177,164,13,92.655,49.067,1.441,51.805,735,545.91,268.86,1136.79,108.24,2023.89,78.03
ETH-USDT-SWAP,1H,1D,0.005,0.006,0.03,148.0,6353.13,4192.655,177,168,9,94.915,53.76,3.109,171.362,735,508.52,243.59,1234.1,142.69,6353.13,414.8
ETH-USDT-SWAP,1H,1D,0.005,0.008,0.005,148.0,10.343,-93.012,177,78,99,44.068,95.352,0.718,-3.802,735,159.47,7.75,18.25,-88.55,10.34,-43.34
ETH-USDT-SWAP,1H,1D,0.005,0.008,0.008,148.0,45.72,-69.108,177,107,70,60.452,87.359,0.891,-2.825,735,226.75,53.21,54.73,-75.87,45.72,-16.45
ETH-USDT-SWAP,1H,1D,0.005,0.008,0.01,148.0,104.897,-29.124,177,120,57,67.797,71.796,0.967,-1.19,735,203.89,37.76,125.12,-38.63,104.9,-16.16
ETH-USDT-SWAP,1H,1D,0.005,0.008,0.015,148.0,634.248,328.546,177,140,37,79.096,66.058,1.164,13.428,735,313.8,112.03,506.32,61.35,634.25,25.27
ETH-USDT-SWAP,1H,1D,0.005,0.008,0.02,148.0,1123.204,658.922,177,149,28,84.181,64.797,1.284,26.931,735,505.02,241.23,459.98,-8.92,1123.2,144.19
ETH-USDT-SWAP,1H,1D,0.005,0.008,0.025,148.0,2694.662,1720.718,177,155,22,87.571,67.874,1.337,70.329,735,522.38,252.96,1058.69,102.67,2694.66,154.53
ETH-USDT-SWAP,1H,1D,0.005,0.008,0.03,148.0,4911.619,3218.661,177,158,19,89.266,79.025,1.752,131.553,735,420.1,183.85,816.69,94.4,4911.62,501.41
ETH-USDT-SWAP,1H,1D,0.005,0.01,0.005,148.0,27.632,-81.33,177,75,102,42.373,90.56,0.851,-3.324,735,251.65,70.03,46.42,-81.55,27.63,-40.48
ETH-USDT-SWAP,1H,1D,0.005,0.01,0.008,148.0,145.442,-1.729,177,103,74,58.192,86.202,0.999,-0.071,735,398.06,168.96,129.7,-67.42,145.44,12.13
ETH-USDT-SWAP,1H,1D,0.005,0.01,0.01,148.0,283.688,91.681,177,114,63,64.407,74.004,1.049,3.747,735,364.68,146.41,276.45,-24.19,283.69,2.62
ETH-USDT-SWAP,1H,1D,0.005,0.01,0.015,148.0,2256.693,1424.792,177,135,42,76.271,60.995,1.252,58.234,735,463.17,212.95,1516.41,227.4,2256.69,48.82
ETH-USDT-SWAP,1H,1D,0.005,0.01,0.02,148.0,3656.85,2370.844,177,144,33,81.356,69.03,1.346,96.901,735,740.04,400.03,1245.0,68.24,3656.85,193.72
ETH-USDT-SWAP,1H,1D,0.005,0.01,0.025,148.0,7518.045,4979.76,177,150,27,84.746,72.036,1.31,203.532,735,716.02,383.8,2575.89,259.75,7518.04,191.86
ETH-USDT-SWAP,1H,1D,0.005,0.01,0.03,148.0,19710.207,13217.707,177,153,24,86.441,75.903,1.854,540.233,735,536.06,262.2,2778.6,418.34,19710.21,609.36
ETH-USDT-SWAP,1H,1D,0.005,0.012,0.005,148.0,22.786,-84.604,177,66,111,37.288,93.161,0.853,-3.458,735,276.11,86.56,39.46,-85.71,22.79,-42.26
ETH-USDT-SWAP,1H,1D,0.005,0.012,0.008,148.0,93.107,-37.09,177,92,85,51.977,87.964,0.969,-1.516,735,372.32,151.57,83.78,-77.5,93.11,11.13
ETH-USDT-SWAP,1H,1D,0.005,0.012,0.01,148.0,107.719,-27.217,177,100,77,56.497,85.697,0.981,-1.112,735,365.19,146.75,108.79,-70.21,107.72,-0.99
ETH-USDT-SWAP,1H,1D,0.005,0.012,0.015,148.0,698.204,371.76,177,121,56,68.362,80.728,1.068,15.195,735,766.76,418.08,619.29,-19.23,698.2,12.74
ETH-USDT-SWAP,1H,1D,0.005,0.012,0.02,148.0,1000.658,576.12,177,131,46,74.011,82.535,1.122,23.547,735,646.96,337.13,473.38,-26.83,1000.66,111.39
ETH-USDT-SWAP,1H,1D,0.005,0.012,0.025,148.0,1122.232,658.265,177,136,41,76.836,90.755,1.077,26.905,735,746.4,404.33,606.69,-18.72,1122.23,84.98
ETH-USDT-SWAP,1H,1D,0.005,0.012,0.03,148.0,1992.721,1246.433,177,138,39,77.966,91.091,1.202,50.944,735,518.07,250.05,358.22,-30.85,1992.72,456.28
ETH-USDT-SWAP,1H,1D,0.005,0.015,0.005,148.0,6.156,-95.84,177,51,126,28.814,97.934,0.812,-3.917,735,217.96,47.27,23.36,-89.28,6.16,-73.65
ETH-USDT-SWAP,1H,1D,0.005,0.015,0.008,148.0,18.844,-87.267,177,76,101,42.938,95.809,0.917,-3.567,735,312.19,110.94,47.48,-84.79,18.84,-60.31
ETH-USDT-SWAP,1H,1D,0.005,0.015,0.01,148.0,15.681,-89.405,177,83,94,46.893,96.807,0.926,-3.654,735,293.96,98.62,50.54,-82.81,15.68,-68.98
ETH-USDT-SWAP,1H,1D,0.005,0.015,0.015,148.0,229.527,55.085,177,106,71,59.887,91.504,1.009,2.251,735,996.29,573.17,448.85,-54.95,229.53,-48.86
ETH-USDT-SWAP,1H,1D,0.005,0.015,0.02,148.0,535.621,261.906,177,118,59,66.667,83.961,1.046,10.705,735,688.74,365.36,558.02,-18.98,535.62,-4.01
ETH-USDT-SWAP,1H,1D,0.005,0.015,0.025,148.0,316.973,114.171,177,122,55,68.927,90.905,1.017,4.666,735,794.61,436.9,419.74,-47.18,316.97,-24.48
ETH-USDT-SWAP,1H,1D,0.005,0.015,0.03,148.0,522.779,253.229,177,124,53,70.056,91.754,1.06,10.35,735,551.53,272.65,186.37,-66.21,522.78,180.5
ETH-USDT-SWAP,1H,1D,0.005,0.02,0.005,148.0,2.657,-98.205,177,41,136,23.164,98.899,0.706,-4.014,735,105.51,-28.71,9.93,-90.59,2.66,-73.24
ETH-USDT-SWAP,1H,1D,0.005,0.02,0.008,148.0,4.037,-97.272,177,62,115,35.028,98.579,0.781,-3.976,735,91.05,-38.48,11.25,-87.64,4.04,-64.13
ETH-USDT-SWAP,1H,1D,0.005,0.02,0.01,148.0,1.38,-99.067,177,66,111,37.288,99.514,0.742,-4.049,735,62.86,-57.53,6.64,-89.44,1.38,-79.2
ETH-USDT-SWAP,1H,1D,0.005,0.02,0.015,148.0,6.476,-95.624,177,85,92,48.023,98.196,0.908,-3.908,735,185.07,25.05,28.22,-84.75,6.48,-77.06
ETH-USDT-SWAP,1H,1D,0.005,0.02,0.02,148.0,10.666,-92.793,177,97,80,54.802,97.778,0.92,-3.793,735,171.17,15.66,32.6,-80.96,10.67,-67.28
ETH-USDT-SWAP,1H,1D,0.005,0.02,0.025,148.0,2.938,-98.015,177,101,76,57.062,99.416,0.937,-4.006,735,244.03,64.88,23.15,-90.51,2.94,-87.31
ETH-USDT-SWAP,1H,1D,0.005,0.02,0.03,148.0,1.421,-99.04,177,102,75,57.627,99.735,0.912,-4.048,735,175.46,18.55,6.88,-96.08,1.42,-79.36
ETH-USDT-SWAP,1H,1D,0.005,0.03,0.005,148.0,0.147,-99.901,177,26,151,14.689,99.934,0.494,-4.083,735,40.35,-72.73,1.14,-97.17,0.15,-87.13
ETH-USDT-SWAP,1H,1D,0.005,0.03,0.008,148.0,0.285,-99.807,177,47,130,26.554,99.902,0.547,-4.079,735,25.89,-82.51,1.09,-95.8,0.29,-73.74
ETH-USDT-SWAP,1H,1D,0.005,0.03,0.01,148.0,0.093,-99.937,177,52,125,29.379,99.968,0.536,-4.085,735,19.95,-86.52,0.64,-96.78,0.09,-85.44
ETH-USDT-SWAP,1H,1D,0.005,0.03,0.015,148.0,0.096,-99.935,177,65,112,36.723,99.969,0.617,-4.085,735,20.75,-85.98,0.74,-96.46,0.1,-86.96
ETH-USDT-SWAP,1H,1D,0.005,0.03,0.02,148.0,0.1,-99.932,177,77,100,43.503,99.973,0.666,-4.084,735,14.16,-90.44,0.76,-94.64,0.1,-86.76
ETH-USDT-SWAP,1H,1D,0.005,0.03,0.025,148.0,0.044,-99.971,177,82,95,46.328,99.988,0.675,-4.086,735,15.69,-89.4,0.55,-96.49,0.04,-92.09
ETH-USDT-SWAP,1H,1D,0.005,0.03,0.03,148.0,0.017,-99.988,177,83,94,46.893,99.995,0.645,-4.087,735,10.72,-92.76,0.13,-98.75,0.02,-87.0
ETH-USDT-SWAP,1H,1D,0.007,0.004,0.005,148.0,0.776,-99.476,164,72,92,43.902,99.543,0.271,-4.066,735,56.5,-61.82,2.94,-94.79,0.78,-73.62
ETH-USDT-SWAP,1H,1D,0.007,0.004,0.008,148.0,2.079,-98.595,164,104,60,63.415,98.777,0.364,-4.03,735,64.21,-56.61,6.16,-90.41,2.08,-66.22
ETH-USDT-SWAP,1H,1D,0.007,0.004,0.01,148.0,3.657,-97.529,164,117,47,71.341,98.055,0.461,-3.986,735,100.01,-32.42,8.4,-91.6,3.66,-56.48
ETH-USDT-SWAP,1H,1D,0.007,0.004,0.015,148.0,21.724,-85.322,164,139,25,84.756,91.131,0.681,-3.487,735,174.92,18.19,51.18,-70.74,21.72,-57.55
ETH-USDT-SWAP,1H,1D,0.007,0.004,0.02,148.0,67.037,-54.705,164,149,15,90.854,74.777,0.853,-2.236,735,189.8,28.25,116.1,-38.83,67.04,-42.26
ETH-USDT-SWAP,1H,1D,0.007,0.004,0.025,148.0,132.132,-10.722,164,154,10,93.902,62.48,0.969,-0.438,735,166.21,12.3,116.83,-29.71,132.13,13.1
ETH-USDT-SWAP,1H,1D,0.007,0.004,0.03,148.0,457.943,209.421,164,158,6,96.341,55.223,1.636,8.559,735,200.72,35.62,207.4,3.33,457.94,120.8
ETH-USDT-SWAP,1H,1D,0.007,0.006,0.005,148.0,2.496,-98.314,164,70,94,42.683,98.719,0.498,-4.018,735,84.95,-42.6,7.63,-91.02,2.5,-67.29
ETH-USDT-SWAP,1H,1D,0.007,0.006,0.008,148.0,11.622,-92.147,164,102,62,62.195,94.032,0.648,-3.766,735,93.56,-36.79,21.24,-77.3,11.62,-45.27
ETH-USDT-SWAP,1H,1D,0.007,0.006,0.01,148.0,28.668,-80.629,164,115,49,70.122,90.617,0.768,-3.295,735,151.35,2.27,37.62,-75.15,28.67,-23.79
ETH-USDT-SWAP,1H,1D,0.007,0.006,0.015,148.0,195.758,32.269,164,136,28,82.927,57.988,1.043,1.319,735,275.08,85.87,248.47,-9.67,195.76,-21.22
ETH-USDT-SWAP,1H,1D,0.007,0.006,0.02,148.0,495.875,235.051,164,145,19,88.415,46.825,1.188,9.607,735,285.94,93.2,436.5,52.66,495.87,13.6
ETH-USDT-SWAP,1H,1D,0.007,0.006,0.025,148.0,942.888,537.087,164,150,14,91.463,56.901,1.5,21.952,735,234.27,58.29,399.76,70.64,942.89,135.86
ETH-USDT-SWAP,1H,1D,0.007,0.006,0.03,148.0,3062.705,1969.396,164,154,10,93.902,51.367,3.111,80.493,735,263.47,78.02,639.77,142.83,3062.71,378.72
ETH-USDT-SWAP,1H,1D,0.007,0.008,0.005,148.0,6.279,-95.757,164,67,97,40.854,97.178,0.678,-3.914,735,126.37,-14.62,18.61,-85.27,6.28,-66.26
ETH-USDT-SWAP,1H,1D,0.007,0.008,0.008,148.0,34.904,-76.416,164,97,67,59.146,85.531,0.855,-3.123,735,153.08,3.43,65.93,-56.93,34.9,-47.06
ETH-USDT-SWAP,1H,1D,0.007,0.008,0.01,148.0,98.255,-33.611,164,110,54,67.073,75.789,0.954,-1.374,735,221.12,49.41,109.63,-50.42,98.26,-10.38
ETH-USDT-SWAP,1H,1D,0.007,0.008,0.015,148.0,809.336,446.849,164,130,34,79.268,51.851,1.193,18.264,735,499.06,237.2,799.19,60.14,809.34,1.27
ETH-USDT-SWAP,1H,1D,0.007,0.008,0.02,148.0,2579.869,1643.155,164,140,24,85.366,43.697,1.34,67.159,735,528.72,257.24,1775.97,235.9,2579.87,45.27
ETH-USDT-SWAP,1H,1D,0.007,0.008,0.025,148.0,5655.591,3721.345,164,145,19,88.415,55.729,1.784,152.099,735,433.19,192.7,1892.83,336.95,5655.59,198.79
ETH-USDT-SWAP,1H,1D,0.007,0.008,0.03,148.0,17100.652,11454.495,164,149,15,90.854,60.267,3.377,468.167,735,487.17,229.17,2930.46,501.52,17100.65,483.55
ETH-USDT-SWAP,1H,1D,0.007,0.01,0.005,148.0,13.74,-90.716,164,64,100,39.024,94.63,0.764,-3.708,735,137.48,-7.11,31.43,-77.14,13.74,-56.28
ETH-USDT-SWAP,1H,1D,0.007,0.01,0.008,148.0,57.379,-61.23,164,90,74,54.878,82.427,0.912,-2.503,735,142.2,-3.92,86.71,-39.02,57.38,-33.83
ETH-USDT-SWAP,1H,1D,0.007,0.01,0.01,148.0,142.44,-3.757,164,102,62,62.195,74.959,0.996,-0.154,735,203.04,37.19,146.28,-27.96,142.44,-2.63
ETH-USDT-SWAP,1H,1D,0.007,0.01,0.015,148.0,908.657,513.957,164,121,43,73.78,64.765,1.152,21.006,735,544.44,267.87,878.06,61.28,908.66,3.48
ETH-USDT-SWAP,1H,1D,0.007,0.01,0.02,148.0,2715.673,1734.914,164,131,33,79.878,59.141,1.232,70.909,735,480.65,224.76,1959.46,307.67,2715.67,38.59
ETH-USDT-SWAP,1H,1D,0.007,0.01,0.025,148.0,3390.433,2190.833,164,135,29,82.317,74.323,1.286,89.544,735,344.75,132.94,1554.59,350.93,3390.43,118.09
ETH-USDT-SWAP,1H,1D,0.007,0.01,0.03,148.0,6712.566,4435.517,164,139,25,84.756,78.742,1.486,181.288,735,334.73,126.17,1741.88,420.38,6712.57,285.36
ETH-USDT-SWAP,1H,1D,0.007,0.012,0.005,148.0,20.014,-86.477,164,60,104,36.585,91.765,0.817,-3.534,735,162.86,10.04,43.77,-73.13,20.01,-54.27
ETH-USDT-SWAP,1H,1D,0.007,0.012,0.008,148.0,46.622,-68.499,164,81,83,49.39,86.581,0.921,-2.8,735,174.94,18.21,102.26,-41.55,46.62,-54.41
ETH-USDT-SWAP,1H,1D,0.007,0.012,0.01,148.0,149.939,1.31,164,94,70,57.317,79.1,1.001,0.054,735,258.04,74.35,222.66,-13.71,149.94,-32.66
ETH-USDT-SWAP,1H,1D,0.007,0.012,0.015,148.0,769.103,419.664,164,113,51,68.902,74.71,1.103,17.152,735,412.56,178.75,1062.06,157.44,769.1,-27.58
ETH-USDT-SWAP,1H,1D,0.007,0.012,0.02,148.0,2510.001,1595.946,164,124,40,75.61,64.736,1.141,65.229,735,426.37,188.09,2774.82,550.8,2510.0,-9.54
ETH-USDT-SWAP,1H,1D,0.007,0.012,0.025,148.0,2764.383,1767.826,164,128,36,78.049,79.002,1.143,72.254,735,327.17,121.06,2138.33,553.57,2764.38,29.28
ETH-USDT-SWAP,1H,1D,0.007,0.012,0.03,148.0,7331.491,4853.71,164,132,32,80.488,78.333,1.26,198.381,735,295.72,99.81,3567.72,1106.44,7331.49,105.5
ETH-USDT-SWAP,1H,1D,0.007,0.015,0.005,148.0,19.23,-87.007,164,53,111,32.317,93.25,0.793,-3.556,735,110.87,-25.09,37.21,-66.44,19.23,-48.31
ETH-USDT-SWAP,1H,1D,0.007,0.015,0.008,148.0,24.578,-83.393,164,70,94,42.683,91.38,0.879,-3.408,735,130.48,-11.84,55.91,-57.15,24.58,-56.04
ETH-USDT-SWAP,1H,1D,0.007,0.015,0.01,148.0,102.352,-30.843,164,83,81,50.61,84.366,0.98,-1.261,735,250.58,69.31,169.78,-32.24,102.35,-39.72
ETH-USDT-SWAP,1H,1D,0.007,0.015,0.015,148.0,276.099,86.553,164,99,65,60.366,84.896,1.029,3.538,735,356.97,141.2,408.8,14.52,276.1,-32.46
ETH-USDT-SWAP,1H,1D,0.007,0.015,0.02,148.0,1063.245,618.409,164,111,53,67.683,76.232,1.082,25.276,735,244.56,65.25,1237.38,405.96,1063.25,-14.07
ETH-USDT-SWAP,1H,1D,0.007,0.015,0.025,148.0,467.124,215.624,164,114,50,69.512,90.422,1.042,8.813,735,227.41,53.65,386.81,70.1,467.12,20.76
ETH-USDT-SWAP,1H,1D,0.007,0.015,0.03,148.0,1712.973,1057.414,164,119,45,72.561,88.627,1.166,43.219,735,191.35,29.29,607.86,217.67,1712.97,181.8
ETH-USDT-SWAP,1H,1D,0.007,0.02,0.005,148.0,1.989,-98.656,164,36,128,21.951,99.328,0.623,-4.032,735,59.33,-59.91,6.29,-89.39,1.99,-68.39
ETH-USDT-SWAP,1H,1D,0.007,0.02,0.008,148.0,0.938,-99.366,164,49,115,29.878,99.673,0.682,-4.061,735,59.45,-59.83,4.82,-91.89,0.94,-80.55
ETH-USDT-SWAP,1H,1D,0.007,0.02,0.01,148.0,3.762,-97.458,164,62,102,37.805,98.91,0.844,-3.983,735,123.62,-16.47,13.87,-88.78,3.76,-72.87
ETH-USDT-SWAP,1H,1D,0.007,0.02,0.015,148.0,6.639,-95.514,164,78,86,47.561,98.994,0.896,-3.904,735,185.22,25.15,14.53,-92.16,6.64,-54.3
ETH-USDT-SWAP,1H,1D,0.007,0.02,0.02,148.0,38.638,-73.893,164,93,71,56.707,95.61,0.959,-3.02,735,208.73,41.03,70.79,-66.09,38.64,-45.42
ETH-USDT-SWAP,1H,1D,0.007,0.02,0.025,148.0,6.536,-95.584,164,95,69,57.927,99.207,0.925,-3.907,735,181.55,22.67,11.28,-93.79,6.54,-42.07
ETH-USDT-SWAP,1H,1D,0.007,0.02,0.03,148.0,11.058,-92.529,164,99,65,60.366,98.846,0.916,-3.782,735,142.21,-3.91,10.39,-92.69,11.06,6.38
ETH-USDT-SWAP,1H,1D,0.007,0.03,0.005,148.0,1.907,-98.711,164,32,132,19.512,99.186,0.464,-4.035,735,32.86,-77.8,4.47,-86.39,1.91,-57.36
ETH-USDT-SWAP,1H,1D,0.007,0.03,0.008,148.0,0.365,-99.753,164,42,122,25.61,99.844,0.486,-4.077,735,25.13,-83.02,1.83,-92.72,0.36,-80.06
ETH-USDT-SWAP,1H,1D,0.007,0.03,0.01,148.0,0.502,-99.661,164,51,113,31.098,99.786,0.559,-4.073,735,22.25,-84.97,2.66,-88.05,0.5,-81.1
ETH-USDT-SWAP,1H,1D,0.007,0.03,0.015,148.0,0.651,-99.56,164,67,97,40.854,99.788,0.719,-4.069,735,40.22,-72.82,3.42,-91.5,0.65,-80.96
ETH-USDT-SWAP,1H,1D,0.007,0.03,0.02,148.0,2.6,-98.243,164,81,83,49.39,99.152,0.817,-4.015,735,40.63,-72.55,16.66,-59.0,2.6,-84.39
ETH-USDT-SWAP,1H,1D,0.007,0.03,0.025,148.0,0.28,-99.811,164,83,81,50.61,99.909,0.736,-4.079,735,28.94,-80.45,1.9,-93.42,0.28,-85.31
ETH-USDT-SWAP,1H,1D,0.007,0.03,0.03,148.0,0.25,-99.831,164,86,78,52.439,99.918,0.67,-4.08,735,18.3,-87.64,1.06,-94.21,0.25,-76.37
ETH-USDT-SWAP,1H,1D,0.01,0.004,0.005,148.0,2.885,-98.051,151,76,75,50.331,98.163,0.267,-4.008,735,55.02,-62.82,8.45,-84.64,2.88,-65.88
ETH-USDT-SWAP,1H,1D,0.01,0.004,0.008,148.0,6.369,-95.697,151,102,49,67.55,95.999,0.375,-3.911,735,64.62,-56.34,11.66,-81.96,6.37,-45.36
ETH-USDT-SWAP,1H,1D,0.01,0.004,0.01,148.0,19.392,-86.898,151,117,34,77.483,88.49,0.57,-3.552,735,103.24,-30.24,39.21,-62.02,19.39,-50.54
ETH-USDT-SWAP,1H,1D,0.01,0.004,0.015,148.0,47.552,-67.87,151,131,20,86.755,80.869,0.747,-2.774,735,192.14,29.83,61.57,-67.96,47.55,-22.77
ETH-USDT-SWAP,1H,1D,0.01,0.004,0.02,148.0,153.478,3.702,151,140,11,92.715,51.775,1.01,0.151,735,221.9,49.93,158.55,-28.55,153.48,-3.2
ETH-USDT-SWAP,1H,1D,0.01,0.004,0.025,148.0,282.272,90.724,151,144,7,95.364,59.44,1.302,3.708,735,207.68,40.32,130.39,-37.21,282.27,116.47
ETH-USDT-SWAP,1H,1D,0.01,0.004,0.03,148.0,579.754,291.725,151,147,4,97.351,33.958,2.137,11.923,735,193.45,30.71,267.82,38.44,579.75,116.47
ETH-USDT-SWAP,1H,1D,0.01,0.006,0.005,148.0,12.619,-91.474,151,76,75,50.331,92.42,0.543,-3.739,735,75.07,-49.27,25.57,-65.94,12.62,-50.65
ETH-USDT-SWAP,1H,1D,0.01,0.006,0.008,148.0,39.7,-73.175,151,101,50,66.887,79.568,0.742,-2.991,735,98.78,-33.26,48.91,-50.48,39.7,-18.84
ETH-USDT-SWAP,1H,1D,0.01,0.006,0.01,148.0,158.136,6.849,151,116,35,76.821,55.369,1.012,0.28,735,173.89,17.5,215.91,24.16,158.14,-26.76
ETH-USDT-SWAP,1H,1D,0.01,0.006,0.015,148.0,417.4,182.027,151,129,22,85.43,51.306,1.212,7.44,735,283.6,91.62,321.09,13.22,417.4,29.99
ETH-USDT-SWAP,1H,1D,0.01,0.006,0.02,148.0,1126.25,660.98,151,137,14,90.728,39.16,1.475,27.016,735,234.41,58.39,664.89,183.64,1126.25,69.39
ETH-USDT-SWAP,1H,1D,0.01,0.006,0.025,148.0,2610.379,1663.769,151,141,10,93.377,46.76,2.599,68.001,735,255.81,72.85,650.14,154.15,2610.38,301.51
ETH-USDT-SWAP,1H,1D,0.01,0.006,0.03,148.0,5290.546,3474.693,151,144,7,95.364,36.571,4.528,142.017,735,221.83,49.89,1317.65,493.98,5290.55,301.51
ETH-USDT-SWAP,1H,1D,0.01,0.008,0.005,148.0,31.215,-78.909,151,72,79,47.682,82.291,0.734,-3.225,735,89.05,-39.83,44.17,-50.4,31.21,-29.33
ETH-USDT-SWAP,1H,1D,0.01,0.008,0.008,148.0,106.436,-28.084,151,95,56,62.914,63.325,0.941,-1.148,735,123.78,-16.37,84.16,-32.01,106.44,26.47
ETH-USDT-SWAP,1H,1D,0.01,0.008,0.01,148.0,568.821,284.339,151,110,41,72.848,45.496,1.196,11.621,735,264.47,78.69,489.01,84.9,568.82,16.32
ETH-USDT-SWAP,1H,1D,0.01,0.008,0.015,148.0,2477.246,1573.815,151,125,26,82.781,39.61,1.524,64.325,735,465.46,214.5,1090.9,134.37,2477.25,127.08
ETH-USDT-SWAP,1H,1D,0.01,0.008,0.02,148.0,5358.444,3520.57,151,132,19,87.417,49.891,1.675,143.893,735,384.73,159.95,1743.21,353.1,5358.44,207.39
ETH-USDT-SWAP,1H,1D,0.01,0.008,0.025,148.0,11733.414,7827.982,151,136,15,90.066,58.934,3.077,319.945,735,419.85,183.68,1520.9,262.25,11733.41,671.48
ETH-USDT-SWAP,1H,1D,0.01,0.008,0.03,148.0,20724.401,13902.973,151,139,12,92.053,48.503,4.316,568.241,735,364.09,146.0,2817.71,673.91,20724.4,635.51
ETH-USDT-SWAP,1H,1D,0.01,0.01,0.005,148.0,81.222,-45.12,151,70,81,46.358,68.412,0.905,-1.844,735,109.27,-26.17,94.65,-13.37,81.22,-14.19
ETH-USDT-SWAP,1H,1D,0.01,0.01,0.008,148.0,186.702,26.15,151,89,62,58.94,60.732,1.04,1.069,735,138.5,-6.42,132.73,-4.17,186.7,40.67
ETH-USDT-SWAP,1H,1D,0.01,0.01,0.01,148.0,889.504,501.016,151,103,48,68.212,51.54,1.24,20.478,735,301.66,103.82,705.92,134.02,889.5,26.01
ETH-USDT-SWAP,1H,1D,0.01,0.01,0.015,148.0,3660.752,2373.481,151,118,33,78.146,46.603,1.435,97.009,735,539.5,264.53,1838.65,240.8,3660.75,99.1
ETH-USDT-SWAP,1H,1D,0.01,0.01,0.02,148.0,6184.123,4078.462,151,125,26,82.781,48.946,1.472,166.695,735,418.97,183.09,2513.71,499.97,6184.12,146.02
ETH-USDT-SWAP,1H,1D,0.01,0.01,0.025,148.0,17073.861,11436.392,151,129,22,85.43,58.159,2.598,467.427,735,427.8,189.06,2261.71,428.68,17073.86,654.91
ETH-USDT-SWAP,1H,1D,0.01,0.01,0.03,148.0,28433.388,19111.749,151,132,19,87.417,47.273,3.148,781.134,735,345.47,133.42,4981.54,1341.98,28433.39,470.77
ETH-USDT-SWAP,1H,1D,0.01,0.012,0.005,148.0,120.499,-18.582,151,65,86,43.046,70.788,0.972,-0.759,735,118.73,-19.78,119.74,0.85,120.5,0.64
ETH-USDT-SWAP,1H,1D,0.01,0.012,0.008,148.0,398.756,169.43,151,85,66,56.291,63.155,1.172,6.925,735,156.72,5.89,183.46,17.06,398.76,117.35
ETH-USDT-SWAP,1H,1D,0.01,0.012,0.01,148.0,2185.721,1376.839,151,99,52,65.563,51.87,1.331,56.274,735,358.18,142.02,1102.22,207.72,2185.72,98.3
ETH-USDT-SWAP,1H,1D,0.01,0.012,0.015,148.0,9283.985,6172.963,151,114,37,75.497,42.694,1.623,252.301,735,485.65,228.14,2753.29,466.93,9283.98,237.2
ETH-USDT-SWAP,1H,1D,0.01,0.012,0.02,148.0,13016.23,8694.75,151,121,30,80.132,58.111,1.446,355.371,735,441.48,198.3,4263.29,865.68,13016.23,205.31
ETH-USDT-SWAP,1H,1D,0.01,0.012,0.025,148.0,25846.909,17364.128,151,125,26,82.781,75.37,2.066,709.705,735,421.78,184.98,3200.19,658.74,25846.91,707.67
ETH-USDT-SWAP,1H,1D,0.01,0.012,0.03,148.0,36890.862,24826.258,151,128,23,84.768,52.273,2.312,1014.697,735,355.24,140.03,6735.9,1796.15,36890.86,447.68
ETH-USDT-SWAP,1H,1D,0.01,0.015,0.005,148.0,54.218,-63.366,151,53,98,35.099,83.124,0.887,-2.59,735,112.48,-24.0,71.09,-36.8,54.22,-23.73
ETH-USDT-SWAP,1H,1D,0.01,0.015,0.008,148.0,147.072,-0.627,151,72,79,47.682,73.235,0.999,-0.026,735,154.3,4.26,129.53,-16.05,147.07,13.54
ETH-USDT-SWAP,1H,1D,0.01,0.015,0.01,148.0,768.328,419.14,151,86,65,56.954,71.139,1.119,17.131,735,291.37,96.87,726.8,149.44,768.33,5.71
ETH-USDT-SWAP,1H,1D,0.01,0.015,0.015,148.0,2532.95,1611.453,151,101,50,66.887,69.523,1.185,65.863,735,488.02,229.74,1600.2,227.9,2532.95,58.29
ETH-USDT-SWAP,1H,1D,0.01,0.015,0.02,148.0,3027.104,1945.341,151,109,42,72.185,76.901,1.133,79.51,735,391.53,164.54,1826.19,366.43,3027.1,65.76
ETH-USDT-SWAP,1H,1D,0.01,0.015,0.025,148.0,6771.21,4475.142,151,112,39,74.172,83.975,1.238,182.908,735,413.69,179.52,1838.57,344.43,6771.21,268.29
ETH-USDT-SWAP,1H,1D,0.01,0.015,0.03,148.0,10677.324,7114.408,151,115,36,76.159,67.95,1.262,290.78,735,324.37,119.17,4146.59,1178.35,10677.32,157.5
ETH-USDT-SWAP,1H,1D,0.01,0.02,0.005,148.0,23.408,-84.184,151,42,109,27.815,91.675,0.831,-3.441,735,106.09,-28.32,37.73,-64.43,23.41,-37.96
ETH-USDT-SWAP,1H,1D,0.01,0.02,0.008,148.0,48.9,-66.959,151,59,92,39.073,91.883,0.93,-2.737,735,175.5,18.58,54.91,-68.71,48.9,-10.94
ETH-USDT-SWAP,1H,1D,0.01,0.02,0.01,148.0,400.145,170.368,151,74,77,49.007,86.61,1.045,6.963,735,377.46,155.04,376.7,-0.2,400.14,6.22
ETH-USDT-SWAP,1H,1D,0.01,0.02,0.015,148.0,741.882,401.272,151,87,64,57.616,86.357,1.086,16.401,735,298.24,101.52,415.98,39.48,741.88,78.34
ETH-USDT-SWAP,1H,1D,0.01,0.02,0.02,148.0,600.305,305.612,151,95,56,62.914,92.544,1.045,12.491,735,282.91,91.15,314.91,11.31,600.31,90.62
ETH-USDT-SWAP,1H,1D,0.01,0.02,0.025,148.0,1039.743,602.529,151,99,52,65.563,94.773,1.113,24.627,735,278.53,88.2,168.07,-39.66,1039.74,518.63
ETH-USDT-SWAP,1H,1D,0.01,0.02,0.03,148.0,1706.22,1052.851,151,102,49,67.55,85.97,1.177,43.032,735,203.31,37.37,395.73,94.64,1706.22,331.16
ETH-USDT-SWAP,1H,1D,0.01,0.03,0.005,148.0,7.729,-94.778,151,33,118,21.854,95.927,0.621,-3.874,735,50.36,-65.97,14.19,-71.82,7.73,-45.54
ETH-USDT-SWAP,1H,1D,0.01,0.03,0.008,148.0,7.179,-95.149,151,46,105,30.464,96.217,0.631,-3.889,735,35.85,-75.78,10.66,-70.26,7.18,-32.67
ETH-USDT-SWAP,1H,1D,0.01,0.03,0.01,148.0,24.257,-83.61,151,59,92,39.073,91.442,0.843,-3.417,735,78.78,-46.77,32.32,-58.97,24.26,-24.95
ETH-USDT-SWAP,1H,1D,0.01,0.03,0.015,148.0,30.892,-79.127,151,72,79,47.682,91.254,0.876,-3.234,735,60.11,-59.38,38.06,-36.68,30.89,-18.84
ETH-USDT-SWAP,1H,1D,0.01,0.03,0.02,148.0,15.44,-89.568,151,80,71,52.98,95.503,0.894,-3.661,735,68.33,-53.83,30.05,-56.03,15.44,-48.61
ETH-USDT-SWAP,1H,1D,0.01,0.03,0.025,148.0,8.006,-94.591,151,83,68,54.967,97.325,0.825,-3.866,735,51.53,-65.18,9.38,-81.81,8.01,-14.61
ETH-USDT-SWAP,1H,1D,0.01,0.03,0.03,148.0,8.593,-94.194,151,86,65,56.954,96.804,0.763,-3.85,735,28.27,-80.9,13.79,-51.2,8.59,-37.71
SOL-USDT-SWAP,5m,1H,0.001,0.004,0.005,148.0,0.0,-100.0,4037,1970,2067,48.799,100.0,0.427,-4.11,17525,0.0,-100.0,0.0,-100.0,0.0,-100.0
SOL-USDT-SWAP,5m,1H,0.001,0.004,0.008,148.0,0.0,-100.0,4037,2102,1935,52.068,100.0,0.524,-4.11,17525,0.0,-100.0,0.0,-100.0,0.0,-100.0
SOL-USDT-SWAP,5m,1H,0.001,0.004,0.01,148.0,0.0,-100.0,4037,2144,1893,53.109,100.0,0.546,-4.11,17525,0.0,-100.0,0.0,-100.0,0.0,-100.0
SOL-USDT-SWAP,5m,1H,0.001,0.004,0.015,148.0,0.0,-100.0,4037,2180,1857,54.0,100.0,0.53,-4.11,17525,0.0,-100.0,0.0,-100.0,0.0,-100.0
SOL-USDT-SWAP,5m,1H,0.001,0.004,0.02,148.0,0.0,-100.0,4037,2186,1851,54.149,100.0,0.536,-4.11,17525,0.0,-100.0,0.0,-100.0,0.0,-100.0
SOL-USDT-SWAP,5m,1H,0.001,0.004,0.025,148.0,0.0,-100.0,4037,2187,1850,54.174,100.0,0.524,-4.11,17525,0.0,-100.0,0.0,-100.0,0.0,-100.0
SOL-USDT-SWAP,5m,1H,0.001,0.004,0.03,148.0,0.0,-100.0,4037,2191,1846,54.273,100.0,0.507,-4.11,17525,0.0,-100.0,0.0,-100.0,0.0,-100.0
SOL-USDT-SWAP,5m,1H,0.001,0.006,0.005,148.0,0.0,-100.0,4037,1382,2655,34.233,100.0,0.434,-4.11,17525,0.0,-100.0,0.0,-100.0,0.0,-100.0
SOL-USDT-SWAP,5m,1H,0.001,0.006,0.008,148.0,0.0,-100.0,4037,1503,2534,37.231,100.0,0.519,-4.11,17525,0.0,-100.0,0.0,-100.0,0.0,-100.0
SOL-USDT-SWAP,5m,1H,0.001,0.006,0.01,148.0,0.0,-100.0,4037,1545,2492,38.271,100.0,0.6,-4.11,17525,0.0,-100.0,0.0,-100.0,0.0,-100.0
SOL-USDT-SWAP,5m,1H,0.001,0.006,0.015,148.0,0.0,-100.0,4037,1583,2454,39.212,100.0,0.595,-4.11,17525,0.0,-100.0,0.0,-100.0,0.0,-100.0
SOL-USDT-SWAP,5m,1H,0.001,0.006,0.02,148.0,0.0,-100.0,4037,1588,2449,39.336,100.0,0.574,-4.11,17525,0.0,-100.0,0.0,-100.0,0.0,-100.0
SOL-USDT-SWAP,5m,1H,0.001,0.006,0.025,148.0,0.0,-100.0,4037,1589,2448,39.361,100.0,0.556,-4.11,17525,0.0,-100.0,0.0,-100.0,0.0,-100.0
SOL-USDT-SWAP,5m,1H,0.001,0.006,0.03,148.0,0.0,-100.0,4037,1593,2444,39.46,100.0,0.552,-4.11,17525,0.0,-100.0,0.0,-100.0,0.0,-100.0
SOL-USDT-SWAP,5m,1H,0.001,0.008,0.005,148.0,0.0,-100.0,4037,1180,2857,29.23,100.0,0.375,-4.11,17525,0.0,-100.0,0.0,-100.0,0.0,-100.0
SOL-USDT-SWAP,5m,1H,0.001,0.008,0.008,148.0,0.0,-100.0,4037,1291,2746,31.979,100.0,0.453,-4.11,17525,0.0,-100.0,0.0,-100.0,0.0,-100.0
SOL-USDT-SWAP,5m,1H,0.001,0.008,0.01,148.0,0.0,-100.0,4037,1335,2702,33.069,100.0,0.548,-4.11,17525,0.0,-100.0,0.0,-100.0,0.0,-100.0
SOL-USDT-SWAP,5m,1H,0.001,0.008,0.015,148.0,0.0,-100.0,4037,1371,2666,33.961,100.0,0.542,-4.11,17525,0.0,-100.0,0.0,-100.0,0.0,-100.0
SOL-USDT-SWAP,5m,1H,0.001,0.008,0.02,148.0,0.0,-100.0,4037,1375,2662,34.06,100.0,0.523,-4.11,17525,0.0,-100.0,0.0,-100.0,0.0,-100.0
SOL-USDT-SWAP,5m,1H,0.001,0.008,0.025,148.0,0.0,-100.0,4037,1377,2660,34.109,100.0,0.505,-4.11,17525,0.0,-100.0,0.0,-100.0,0.0,-100.0
SOL-USDT-SWAP,5m,1H,0.001,0.008,0.03,148.0,0.0,-100.0,4037,1380,2657,34.184,100.0,0.499,-4.11,17525,0.0,-100.0,0.0,-100.0,0.0,-100.0
SOL-USDT-SWAP,5m,1H,0.001,0.01,0.005,148.0,0.0,-100.0,4037,1097,2940,27.174,100.0,0.295,-4.11,17525,0.0,-100.0,0.0,-100.0,0.0,-100.0
SOL-USDT-SWAP,5m,1H,0.001,0.01,0.008,148.0,0.0,-100.0,4037,1203,2834,29.799,100.0,0.382,-4.11,17525,0.0,-100.0,0.0,-100.0,0.0,-100.0
SOL-USDT-SWAP,5m,1H,0.001,0.01,0.01,148.0,0.0,-100.0,4037,1239,2798,30.691,100.0,0.484,-4.11,17525,0.0,-100.0,0.0,-100.0,0.0,-100.0
SOL-USDT-SWAP,5m,1H,0.001,0.01,0.015,148.0,0.0,-100.0,4037,1269,2768,31.434,100.0,0.474,-4.11,17525,0.0,-100.0,0.0,-100.0,0.0,-100.0
SOL-USDT-SWAP,5m,1H,0.001,0.01,0.02,148.0,0.0,-100.0,4037,1272,2765,31.509,100.0,0.453,-4.11,17525,0.0,-100.0,0.0,-100.0,0.0,-100.0
SOL-USDT-SWAP,5m,1H,0.001,0.01,0.025,148.0,0.0,-100.0,4037,1274,2763,31.558,100.0,0.433,-4.11,17525,0.0,-100.0,0.0,-100.0,0.0,-100.0
SOL-USDT-SWAP,5m,1H,0.001,0.01,0.03,148.0,0.0,-100.0,4037,1277,2760,31.632,100.0,0.422,-4.11,17525,0.0,-100.0,0.0,-100.0,0.0,-100.0
SOL-USDT-SWAP,5m,1H,0.001,0.012,0.005,148.0,0.0,-100.0,4037,1059,2978,26.232,100.0,0.249,-4.11,17525,0.0,-100.0,0.0,-100.0,0.0,-100.0
SOL-USDT-SWAP,5m,1H,0.001,0.012,0.008,148.0,0.0,-100.0,4037,1167,2870,28.908,100.0,0.334,-4.11,17525,0.0,-100.0,0.0,-100.0,0.0,-100.0
SOL-USDT-SWAP,5m,1H,0.001,0.012,0.01,148.0,0.0,-100.0,4037,1203,2834,29.799,100.0,0.447,-4.11,17525,0.0,-100.0,0.0,-100.0,0.0,-100.0
SOL-USDT-SWAP,5m,1H,0.001,0.012,0.015,148.0,0.0,-100.0,4037,1232,2805,30.518,100.0,0.508,-4.11,17525,0.0,-100.0,0.0,-100.0,0.0,-100.0
SOL-USDT-SWAP,5m,1H,0.001,0.012,0.02,148.0,0.0,-100.0,4037,1236,2801,30.617,100.0,0.487,-4.11,17525,0.0,-100.0,0.0,-100.0,0.0,-100.0
SOL-USDT-SWAP,5m,1H,0.001,0.012,0.025,148.0,0.0,-100.0,4037,1237,2800,30.642,100.0,0.466,-4.11,17525,0.0,-100.0,0.0,-100.0,0.0,-100.0
SOL-USDT-SWAP,5m,1H,0.001,0.012,0.03,148.0,0.0,-100.0,4037,1240,2797,30.716,100.0,0.455,-4.11,17525,0.0,-100.0,0.0,-100.0,0.0,-100.0
SOL-USDT-SWAP,5m,1H,0.001,0.015,0.005,148.0,0.0,-100.0,4037,1033,3004,25.588,100.0,0.277,-4.11,17525,0.0,-100.0,0.0,-100.0,0.0,-100.0
SOL-USDT-SWAP,5m,1H,0.001,0.015,0.008,148.0,0.0,-100.0,4037,1140,2897,28.239,100.0,0.368,-4.11,17525,0.0,-100.0,0.0,-100.0,0.0,-100.0
SOL-USDT-SWAP,5m,1H,0.001,0.015,0.01,148.0,0.0,-100.0,4037,1175,2862,29.106,100.0,0.495,-4.11,17525,0.0,-100.0,0.0,-100.0,0.0,-100.0
SOL-USDT-SWAP,5m,1H,0.001,0.015,0.015,148.0,0.0,-100.0,4037,1201,2836,29.75,100.0,0.566,-4.11,17525,0.0,-100.0,0.0,-100.0,0.0,-100.0
SOL-USDT-SWAP,5m,1H,0.001,0.015,0.02,148.0,0.0,-100.0,4037,1205,2832,29.849,100.0,0.544,-4.11,17525,0.0,-100.0,0.0,-100.0,0.0,-100.0
SOL-USDT-SWAP,5m,1H,0.001,0.015,0.025,148.0,0.0,-100.0,4037,1208,2829,29.923,100.0,0.522,-4.11,17525,0.0,-100.0,0.0,-100.0,0.0,-100.0
SOL-USDT-SWAP,5m,1H,0.001,0.015,0.03,148.0,0.0,-100.0,4037,1210,2827,29.973,100.0,0.512,-4.11,17525,0.0,-100.0,0.0,-100.0,0.0,-100.0
SOL-USDT-SWAP,5m,1H,0.001,0.02,0.005,148.0,0.0,-100.0,4037,1019,3018,25.242,100.0,0.318,-4.11,17525,0.0,-100.0,0.0,-100.0,0.0,-100.0
SOL-USDT-SWAP,5m,1H,0.001,0.02,0.008,148.0,0.0,-100.0,4037,1125,2912,27.867,100.0,0.416,-4.11,17525,0.0,-100.0,0.0,-100.0,0.0,-100.0
SOL-USDT-SWAP,5m,1H,0.001,0.02,0.01,148.0,0.0,-100.0,4037,1160,2877,28.734,100.0,0.557,-4.11,17525,0.0,-100.0,0.0,-100.0,0.0,-100.0
SOL-USDT-SWAP,5m,1H,0.001,0.02,0.015,148.0,0.0,-100.0,4037,1184,2853,29.329,100.0,0.64,-4.11,17525,0.0,-100.0,0.0,-100.0,0.0,-100.0
SOL-USDT-SWAP,5m,1H,0.001,0.02,0.02,148.0,0.0,-100.0,4037,1188,2849,29.428,100.0,0.617,-4.11,17525,0.0,-100.0,0.0,-100.0,0.0,-100.0
SOL-USDT-SWAP,5m,1H,0.001,0.02,0.025,148.0,0.0,-100.0,4037,1192,2845,29.527,100.0,0.595,-4.11,17525,0.0,-100.0,0.0,-100.0,0.0,-100.0
SOL-USDT-SWAP,5m,1H,0.001,0.02,0.03,148.0,0.0,-100.0,4037,1193,2844,29.552,100.0,0.587,-4.11,17525,0.0,-100.0,0.0,-100.0,0.0,-100.0
SOL-USDT-SWAP,5m,1H,0.001,0.03,0.005,148.0,0.0,-100.0,4037,1013,3024,25.093,100.0,0.273,-4.11,17525,0.0,-100.0,0.0,-100.0,0.0,-100.0
SOL-USDT-SWAP,5m,1H,0.001,0.03,0.008,148.0,0.0,-100.0,4037,1118,2919,27.694,100.0,0.379,-4.11,17525,0.0,-100.0,0.0,-100.0,0.0,-100.0
SOL-USDT-SWAP,5m,1H,0.001,0.03,0.01,148.0,0.0,-100.0,4037,1153,2884,28.561,100.0,0.526,-4.11,17525,0.0,-100.0,0.0,-100.0,0.0,-100.0
SOL-USDT-SWAP,5m,1H,0.001,0.03,0.015,148.0,0.0,-100.0,4037,1174,2863,29.081,100.0,0.601,-4.11,17525,0.0,-100.0,0.0,-100.0,0.0,-100.0
SOL-USDT-SWAP,5m,1H,0.001,0.03,0.02,148.0,0.0,-100.0,4037,1178,2859,29.18,100.0,0.577,-4.11,17525,0.0,-100.0,0.0,-100.0,0.0,-100.0
SOL-USDT-SWAP,5m,1H,0.001,0.03,0.025,148.0,0.0,-100.0,4037,1182,2855,29.279,100.0,0.554,-4.11,17525,0.0,-100.0,0.0,-100.0,0.0,-100.0
SOL-USDT-SWAP,5m,1H,0.001,0.03,0.03,148.0,0.0,-100.0,4037,1182,2855,29.279,100.0,0.546,-4.11,17525,0.0,-100.0,0.0,-100.0,0.0,-100.0
SOL-USDT-SWAP,5m,1H,0.002,0.004,0.005,148.0,0.0,-100.0,3165,1654,1511,52.259,100.0,0.501,-4.11,17525,0.01,-100.0,0.0,-100.0,0.0,-100.0
SOL-USDT-SWAP,5m,1H,0.002,0.004,0.008,148.0,0.0,-100.0,3165,1765,1400,55.766,100.0,0.58,-4.11,17525,0.01,-100.0,0.0,-100.0,0.0,-99.98
SOL-USDT-SWAP,5m,1H,0.002,0.004,0.01,148.0,0.0,-100.0,3165,1796,1369,56.746,100.0,0.637,-4.11,17525,0.02,-99.99,0.0,-100.0,0.0,-99.97
SOL-USDT-SWAP,5m,1H,0.002,0.004,0.015,148.0,0.0,-100.0,3165,1826,1339,57.694,100.0,0.659,-4.11,17525,0.02,-99.99,0.0,-100.0,0.0,-99.97
SOL-USDT-SWAP,5m,1H,0.002,0.004,0.02,148.0,0.0,-100.0,3165,1832,1333,57.883,100.0,0.704,-4.11,17525,0.02,-99.98,0.0,-100.0,0.0,-99.97
SOL-USDT-SWAP,5m,1H,0.002,0.004,0.025,148.0,0.0,-100.0,3165,1834,1331,57.946,100.0,0.706,-4.11,17525,0.03,-99.98,0.0,-100.0,0.0,-99.98
SOL-USDT-SWAP,5m,1H,0.002,0.004,0.03,148.0,0.0,-100.0,3165,1838,1327,58.073,100.0,0.706,-4.11,17525,0.02,-99.98,0.0,-100.0,0.0,-99.96
SOL-USDT-SWAP,5m,1H,0.002,0.006,0.005,148.0,0.0,-100.0,3165,1144,2021,36.145,100.0,0.47,-4.11,17525,0.0,-100.0,0.0,-100.0,0.0,-100.0
SOL-USDT-SWAP,5m,1H,0.002,0.006,0.008,148.0,0.0,-100.0,3165,1244,1921,39.305,100.0,0.556,-4.11,17525,0.0,-100.0,0.0,-100.0,0.0,-100.0
SOL-USDT-SWAP,5m,1H,0.002,0.006,0.01,148.0,0.0,-100.0,3165,1273,1892,40.221,100.0,0.595,-4.11,17525,0.0,-100.0,0.0,-100.0,0.0,-100.0
SOL-USDT-SWAP,5m,1H,0.002,0.006,0.015,148.0,0.0,-100.0,3165,1306,1859,41.264,100.0,0.579,-4.11,17525,0.0,-100.0,0.0,-100.0,0.0,-100.0
SOL-USDT-SWAP,5m,1H,0.002,0.006,0.02,148.0,0.0,-100.0,3165,1310,1855,41.39,100.0,0.554,-4.11,17525,0.0,-100.0,0.0,-100.0,0.0,-100.0
SOL-USDT-SWAP,5m,1H,0.002,0.006,0.025,148.0,0.0,-100.0,3165,1312,1853,41.453,100.0,0.537,-4.11,17525,0.0,-100.0,0.0,-100.0,0.0,-100.0
SOL-USDT-SWAP,5m,1H,0.002,0.006,0.03,148.0,0.0,-100.0,3165,1314,1851,41.517,100.0,0.54,-4.11,17525,0.0,-100.0,0.0,-100.0,0.0,-100.0
SOL-USDT-SWAP,5m,1H,0.002,0.008,0.005,148.0,0.0,-100.0,3165,957,2208,30.237,100.0,0.464,-4.11,17525,0.0,-100.0,0.0,-100.0,0.0,-100.0
SOL-USDT-SWAP,5m,1H,0.002,0.008,0.008,148.0,0.0,-100.0,3165,1047,2118,33.081,100.0,0.539,-4.11,17525,0.0,-100.0,0.0,-100.0,0.0,-100.0
SOL-USDT-SWAP,5m,1H,0.002,0.008,0.01,148.0,0.0,-100.0,3165,1081,2084,34.155,100.0,0.595,-4.11,17525,0.0,-100.0,0.0,-100.0,0.0,-100.0
SOL-USDT-SWAP,5m,1H,0.002,0.008,0.015,148.0,0.0,-100.0,3165,1114,2051,35.197,100.0,0.588,-4.11,17525,0.0,-100.0,0.0,-100.0,0.0,-100.0
SOL-USDT-SWAP,5m,1H,0.002,0.008,0.02,148.0,0.0,-100.0,3165,1118,2047,35.324,100.0,0.564,-4.11,17525,0.0,-100.0,0.0,-100.0,0.0,-100.0
SOL-USDT-SWAP,5m,1H,0.002,0.008,0.025,148.0,0.0,-100.0,3165,1121,2044,35.419,100.0,0.546,-4.11,17525,0.0,-100.0,0.0,-100.0,0.0,-100.0
SOL-USDT-SWAP,5m,1H,0.002,0.008,0.03,148.0,0.0,-100.0,3165,1122,2043,35.45,100.0,0.548,-4.11,17525,0.0,-100.0,0.0,-100.0,0.0,-100.0
SOL-USDT-SWAP,5m,1H,0.002,0.01,0.005,148.0,0.0,-100.0,3165,867,2298,27.393,100.0,0.402,-4.11,17525,0.0,-100.0,0.0,-100.0,0.0,-100.0
SOL-USDT-SWAP,5m,1H,0.002,0.01,0.008,148.0,0.0,-100.0,3165,955,2210,30.174,100.0,0.49,-4.11,17525,0.0,-100.0,0.0,-100.0,0.0,-100.0
SOL-USDT-SWAP,5m,1H,0.002,0.01,0.01,148.0,0.0,-100.0,3165,988,2177,31.216,100.0,0.547,-4.11,17525,0.0,-100.0,0.0,-100.0,0.0,-100.0
SOL-USDT-SWAP,5m,1H,0.002,0.01,0.015,148.0,0.0,-100.0,3165,1018,2147,32.164,100.0,0.547,-4.11,17525,0.0,-100.0,0.0,-100.0,0.0,-100.0
SOL-USDT-SWAP,5m,1H,0.002,0.01,0.02,148.0,0.0,-100.0,3165,1022,2143,32.291,100.0,0.52,-4.11,17525,0.0,-100.0,0.0,-100.0,0.0,-100.0
SOL-USDT-SWAP,5m,1H,0.002,0.01,0.025,148.0,0.0,-100.0,3165,1025,2140,32.385,100.0,0.5,-4.11,17525,0.0,-100.0,0.0,-100.0,0.0,-100.0
SOL-USDT-SWAP,5m,1H,0.002,0.01,0.03,148.0,0.0,-100.0,3165,1026,2139,32.417,100.0,0.496,-4.11,17525,0.0,-100.0,0.0,-100.0,0.0,-100.0
SOL-USDT-SWAP,5m,1H,0.002,0.012,0.005,148.0,0.0,-100.0,3165,842,2323,26.603,100.0,0.323,-4.11,17525,0.0,-100.0,0.0,-100.0,0.0,-100.0
SOL-USDT-SWAP,5m,1H,0.002,0.012,0.008,148.0,0.0,-100.0,3165,926,2239,29.258,100.0,0.43,-4.11,17525,0.0,-100.0,0.0,-100.0,0.0,-100.0
SOL-USDT-SWAP,5m,1H,0.002,0.012,0.01,148.0,0.0,-100.0,3165,956,2209,30.205,100.0,0.55,-4.11,17525,0.0,-100.0,0.0,-100.0,0.0,-100.0
SOL-USDT-SWAP,5m,1H,0.002,0.012,0.015,148.0,0.0,-100.0,3165,984,2181,31.09,100.0,0.549,-4.11,17525,0.0,-100.0,0.0,-100.0,0.0,-100.0
SOL-USDT-SWAP,5m,1H,0.002,0.012,0.02,148.0,0.0,-100.0,3165,987,2178,31.185,100.0,0.522,-4.11,17525,0.0,-100.0,0.0,-100.0,0.0,-100.0
SOL-USDT-SWAP,5m,1H,0.002,0.012,0.025,148.0,0.0,-100.0,3165,990,2175,31.28,100.0,0.5,-4.11,17525,0.0,-100.0,0.0,-100.0,0.0,-100.0
SOL-USDT-SWAP,5m,1H,0.002,0.012,0.03,148.0,0.0,-100.0,3165,991,2174,31.311,100.0,0.495,-4.11,17525,0.0,-100.0,0.0,-100.0,0.0,-100.0
SOL-USDT-SWAP,5m,1H,0.002,0.015,0.005,148.0,0.0,-100.0,3165,823,2342,26.003,100.0,0.347,-4.11,17525,0.0,-100.0,0.0,-100.0,0.0,-100.0
SOL-USDT-SWAP,5m,1H,0.002,0.015,0.008,148.0,0.0,-100.0,3165,906,2259,28.626,100.0,0.468,-4.11,17525,0.0,-100.0,0.0,-100.0,0.0,-100.0
SOL-USDT-SWAP,5m,1H,0.002,0.015,0.01,148.0,0.0,-100.0,3165,935,2230,29.542,100.0,0.6,-4.11,17525,0.0,-100.0,0.0,-100.0,0.0,-100.0
SOL-USDT-SWAP,5m,1H,0.002,0.015,0.015,148.0,0.0,-100.0,3165,960,2205,30.332,100.0,0.602,-4.11,17525,0.0,-100.0,0.0,-100.0,0.0,-100.0
SOL-USDT-SWAP,5m,1H,0.002,0.015,0.02,148.0,0.0,-100.0,3165,963,2202,30.427,100.0,0.573,-4.11,17525,0.0,-100.0,0.0,-100.0,0.0,-100.0
SOL-USDT-SWAP,5m,1H,0.002,0.015,0.025,148.0,0.0,-100.0,3165,968,2197,30.585,100.0,0.551,-4.11,17525,0.0,-100.0,0.0,-100.0,0.0,-100.0
SOL-USDT-SWAP,5m,1H,0.002,0.015,0.03,148.0,0.0,-100.0,3165,968,2197,30.585,100.0,0.546,-4.11,17525,0.0,-100.0,0.0,-100.0,0.0,-100.0
SOL-USDT-SWAP,5m,1H,0.002,0.02,0.005,148.0,0.0,-100.0,3165,811,2354,25.624,100.0,0.374,-4.11,17525,0.0,-100.0,0.0,-100.0,0.0,-100.0
SOL-USDT-SWAP,5m,1H,0.002,0.02,0.008,148.0,0.0,-100.0,3165,894,2271,28.246,100.0,0.525,-4.11,17525,0.0,-100.0,0.0,-100.0,0.0,-100.0
SOL-USDT-SWAP,5m,1H,0.002,0.02,0.01,148.0,0.0,-100.0,3165,923,2242,29.163,100.0,0.663,-4.11,17525,0.0,-100.0,0.0,-100.0,0.0,-100.0
SOL-USDT-SWAP,5m,1H,0.002,0.02,0.015,148.0,0.0,-100.0,3165,945,2220,29.858,100.0,0.669,-4.11,17525,0.0,-100.0,0.0,-100.0,0.0,-100.0
SOL-USDT-SWAP,5m,1H,0.002,0.02,0.02,148.0,0.0,-100.0,3165,949,2216,29.984,100.0,0.641,-4.11,17525,0.0,-100.0,0.0,-100.0,0.0,-100.0
SOL-USDT-SWAP,5m,1H,0.002,0.02,0.025,148.0,0.0,-100.0,3165,953,2212,30.111,100.0,0.619,-4.11,17525,0.0,-100.0,0.0,-100.0,0.0,-100.0
SOL-USDT-SWAP,5m,1H,0.002,0.02,0.03,148.0,0.0,-100.0,3165,953,2212,30.111,100.0,0.616,-4.11,17525,0.0,-100.0,0.0,-100.0,0.0,-100.0
SOL-USDT-SWAP,5m,1H,0.002,0.03,0.005,148.0,0.0,-100.0,3165,806,2359,25.466,100.0,0.406,-4.11,17525,0.0,-100.0,0.0,-100.0,0.0,-100.0
SOL-USDT-SWAP,5m,1H,0.002,0.03,0.008,148.0,0.0,-100.0,3165,887,2278,28.025,100.0,0.564,-4.11,17525,0.0,-100.0,0.0,-100.0,0.0,-100.0
SOL-USDT-SWAP,5m,1H,0.002,0.03,0.01,148.0,0.0,-100.0,3165,917,2248,28.973,100.0,0.698,-4.11,17525,0.0,-100.0,0.0,-100.0,0.0,-100.0
SOL-USDT-SWAP,5m,1H,0.002,0.03,0.015,148.0,0.0,-100.0,3165,936,2229,29.573,100.0,0.69,-4.11,17525,0.0,-100.0,0.0,-100.0,0.0,-100.0
SOL-USDT-SWAP,5m,1H,0.002,0.03,0.02,148.0,0.0,-100.0,3165,940,2225,29.7,100.0,0.66,-4.11,17525,0.0,-100.0,0.0,-100.0,0.0,-100.0
SOL-USDT-SWAP,5m,1H,0.002,0.03,0.025,148.0,0.0,-100.0,3165,943,2222,29.795,100.0,0.636,-4.11,17525,0.0,-100.0,0.0,-100.0,0.0,-100.0
SOL-USDT-SWAP,5m,1H,0.002,0.03,0.03,148.0,0.0,-100.0,3165,943,2222,29.795,100.0,0.634,-4.11,17525,0.0,-100.0,0.0,-100.0,0.0,-100.0
SOL-USDT-SWAP,5m,1H,0.003,0.004,0.005,148.0,0.0,-100.0,2538,1405,1133,55.359,100.0,0.514,-4.11,17525,0.04,-99.98,0.0,-100.0,0.0,-99.83
SOL-USDT-SWAP,5m,1H,0.003,0.004,0.008,148.0,0.0,-100.0,2538,1522,1016,59.968,100.0,0.655,-4.11,17525,0.2,-99.86,0.0,-100.0,0.0,-99.37
SOL-USDT-SWAP,5m,1H,0.003,0.004,0.01,148.0,0.0,-100.0,2538,1550,988,61.072,100.0,0.669,-4.11,17525,0.23,-99.84,0.0,-100.0,0.0,-99.07
SOL-USDT-SWAP,5m,1H,0.003,0.004,0.015,148.0,0.0,-100.0,2538,1577,961,62.136,100.0,0.676,-4.11,17525,0.24,-99.84,0.0,-99.98,0.0,-99.22
SOL-USDT-SWAP,5m,1H,0.003,0.004,0.02,148.0,0.0,-100.0,2538,1582,956,62.333,100.0,0.72,-4.11,17525,0.32,-99.78,0.0,-99.99,0.0,-99.06
SOL-USDT-SWAP,5m,1H,0.003,0.004,0.025,148.0,0.0,-100.0,2538,1587,951,62.53,100.0,0.712,-4.11,17525,0.26,-99.82,0.0,-99.98,0.0,-98.25
SOL-USDT-SWAP,5m,1H,0.003,0.004,0.03,148.0,0.0,-100.0,2538,1588,950,62.569,100.0,0.706,-4.11,17525,0.2,-99.87,0.0,-99.98,0.0,-98.48
SOL-USDT-SWAP,5m,1H,0.003,0.006,0.005,148.0,0.0,-100.0,2538,982,1556,38.692,100.0,0.507,-4.11,17525,0.0,-100.0,0.0,-100.0,0.0,-99.99
SOL-USDT-SWAP,5m,1H,0.003,0.006,0.008,148.0,0.0,-100.0,2538,1075,1463,42.356,100.0,0.612,-4.11,17525,0.0,-100.0,0.0,-100.0,0.0,-99.99
SOL-USDT-SWAP,5m,1H,0.003,0.006,0.01,148.0,0.0,-100.0,2538,1097,1441,43.223,100.0,0.615,-4.11,17525,0.0,-100.0,0.0,-100.0,0.0,-99.98
SOL-USDT-SWAP,5m,1H,0.003,0.006,0.015,148.0,0.0,-100.0,2538,1124,1414,44.287,100.0,0.614,-4.11,17525,0.0,-100.0,0.0,-100.0,0.0,-99.99
SOL-USDT-SWAP,5m,1H,0.003,0.006,0.02,148.0,0.0,-100.0,2538,1129,1409,44.484,100.0,0.592,-4.11,17525,0.0,-100.0,0.0,-100.0,0.0,-99.98
SOL-USDT-SWAP,5m,1H,0.003,0.006,0.025,148.0,0.0,-100.0,2538,1132,1406,44.602,100.0,0.581,-4.11,17525,0.0,-100.0,0.0,-100.0,0.0,-99.98
SOL-USDT-SWAP,5m,1H,0.003,0.006,0.03,148.0,0.0,-100.0,2538,1133,1405,44.641,100.0,0.559,-4.11,17525,0.0,-100.0,0.0,-100.0,0.0,-99.97
SOL-USDT-SWAP,5m,1H,0.003,0.008,0.005,148.0,0.0,-100.0,2538,812,1726,31.994,100.0,0.511,-4.11,17525,0.0,-100.0,0.0,-100.0,0.0,-100.0
SOL-USDT-SWAP,5m,1H,0.003,0.008,0.008,148.0,0.0,-100.0,2538,897,1641,35.343,100.0,0.632,-4.11,17525,0.0,-100.0,0.0,-100.0,0.0,-100.0
SOL-USDT-SWAP,5m,1H,0.003,0.008,0.01,148.0,0.0,-100.0,2538,921,1617,36.288,100.0,0.659,-4.11,17525,0.0,-100.0,0.0,-100.0,0.0,-100.0
SOL-USDT-SWAP,5m,1H,0.003,0.008,0.015,148.0,0.0,-100.0,2538,945,1593,37.234,100.0,0.625,-4.11,17525,0.0,-100.0,0.0,-100.0,0.0,-100.0
SOL-USDT-SWAP,5m,1H,0.003,0.008,0.02,148.0,0.0,-100.0,2538,950,1588,37.431,100.0,0.597,-4.11,17525,0.0,-100.0,0.0,-100.0,0.0,-100.0
SOL-USDT-SWAP,5m,1H,0.003,0.008,0.025,148.0,0.0,-100.0,2538,953,1585,37.549,100.0,0.578,-4.11,17525,0.0,-100.0,0.0,-100.0,0.0,-100.0
SOL-USDT-SWAP,5m,1H,0.003,0.008,0.03,148.0,0.0,-100.0,2538,954,1584,37.589,100.0,0.58,-4.11,17525,0.0,-100.0,0.0,-100.0,0.0,-100.0
SOL-USDT-SWAP,5m,1H,0.003,0.01,0.005,148.0,0.0,-100.0,2538,735,1803,28.96,100.0,0.47,-4.11,17525,0.0,-100.0,0.0,-100.0,0.0,-100.0
SOL-USDT-SWAP,5m,1H,0.003,0.01,0.008,148.0,0.0,-100.0,2538,821,1717,32.348,100.0,0.601,-4.11,17525,0.0,-100.0,0.0,-100.0,0.0,-100.0
SOL-USDT-SWAP,5m,1H,0.003,0.01,0.01,148.0,0.0,-100.0,2538,844,1694,33.255,100.0,0.62,-4.11,17525,0.0,-100.0,0.0,-100.0,0.0,-100.0
SOL-USDT-SWAP,5m,1H,0.003,0.01,0.015,148.0,0.0,-100.0,2538,867,1671,34.161,100.0,0.603,-4.11,17525,0.0,-100.0,0.0,-100.0,0.0,-100.0
SOL-USDT-SWAP,5m,1H,0.003,0.01,0.02,148.0,0.0,-100.0,2538,872,1666,34.358,100.0,0.575,-4.11,17525,0.0,-100.0,0.0,-100.0,0.0,-100.0
SOL-USDT-SWAP,5m,1H,0.003,0.01,0.025,148.0,0.0,-100.0,2538,874,1664,34.437,100.0,0.555,-4.11,17525,0.0,-100.0,0.0,-100.0,0.0,-100.0
SOL-USDT-SWAP,5m,1H,0.003,0.01,0.03,148.0,0.0,-100.0,2538,876,1662,34.515,100.0,0.558,-4.11,17525,0.0,-100.0,0.0,-100.0,0.0,-100.0
SOL-USDT-SWAP,5m,1H,0.003,0.012,0.005,148.0,0.0,-100.0,2538,704,1834,27.738,100.0,0.5,-4.11,17525,0.0,-100.0,0.0,-100.0,0.0,-100.0
SOL-USDT-SWAP,5m,1H,0.003,0.012,0.008,148.0,0.0,-100.0,2538,784,1754,30.89,100.0,0.622,-4.11,17525,0.0,-100.0,0.0,-100.0,0.0,-100.0
SOL-USDT-SWAP,5m,1H,0.003,0.012,0.01,148.0,0.0,-100.0,2538,803,1735,31.639,100.0,0.641,-4.11,17525,0.0,-100.0,0.0,-100.0,0.0,-100.0
SOL-USDT-SWAP,5m,1H,0.003,0.012,0.015,148.0,0.0,-100.0,2538,824,1714,32.467,100.0,0.624,-4.11,17525,0.0,-100.0,0.0,-100.0,0.0,-100.0
SOL-USDT-SWAP,5m,1H,0.003,0.012,0.02,148.0,0.0,-100.0,2538,828,1710,32.624,100.0,0.594,-4.11,17525,0.0,-100.0,0.0,-100.0,0.0,-100.0
SOL-USDT-SWAP,5m,1H,0.003,0.012,0.025,148.0,0.0,-100.0,2538,830,1708,32.703,100.0,0.573,-4.11,17525,0.0,-100.0,0.0,-100.0,0.0,-100.0
SOL-USDT-SWAP,5m,1H,0.003,0.012,0.03,148.0,0.0,-100.0,2538,832,1706,32.782,100.0,0.574,-4.11,17525,0.0,-100.0,0.0,-100.0,0.0,-100.0
SOL-USDT-SWAP,5m,1H,0.003,0.015,0.005,148.0,0.0,-100.0,2538,688,1850,27.108,100.0,0.461,-4.11,17525,0.0,-100.0,0.0,-100.0,0.0,-100.0
SOL-USDT-SWAP,5m,1H,0.003,0.015,0.008,148.0,0.0,-100.0,2538,765,1773,30.142,100.0,0.595,-4.11,17525,0.0,-100.0,0.0,-100.0,0.0,-100.0
SOL-USDT-SWAP,5m,1H,0.003,0.015,0.01,148.0,0.0,-100.0,2538,782,1756,30.812,100.0,0.682,-4.11,17525,0.0,-100.0,0.0,-100.0,0.0,-100.0
SOL-USDT-SWAP,5m,1H,0.003,0.015,0.015,148.0,0.0,-100.0,2538,803,1735,31.639,100.0,0.664,-4.11,17525,0.0,-100.0,0.0,-100.0,0.0,-100.0
SOL-USDT-SWAP,5m,1H,0.003,0.015,0.02,148.0,0.0,-100.0,2538,806,1732,31.757,100.0,0.634,-4.11,17525,0.0,-100.0,0.0,-100.0,0.0,-100.0
SOL-USDT-SWAP,5m,1H,0.003,0.015,0.025,148.0,0.0,-100.0,2538,809,1729,31.875,100.0,0.613,-4.11,17525,0.0,-100.0,0.0,-100.0,0.0,-100.0
SOL-USDT-SWAP,5m,1H,0.003,0.015,0.03,148.0,0.0,-100.0,2538,811,1727,31.954,100.0,0.613,-4.11,17525,0.0,-100.0,0.0,-100.0,0.0,-100.0
SOL-USDT-SWAP,5m,1H,0.003,0.02,0.005,148.0,0.0,-100.0,2538,678,1860,26.714,100.0,0.497,-4.11,17525,0.0,-100.0,0.0,-100.0,0.0,-100.0
SOL-USDT-SWAP,5m,1H,0.003,0.02,0.008,148.0,0.0,-100.0,2538,755,1783,29.748,100.0,0.644,-4.11,17525,0.0,-100.0,0.0,-100.0,0.0,-100.0
SOL-USDT-SWAP,5m,1H,0.003,0.02,0.01,148.0,0.0,-100.0,2538,771,1767,30.378,100.0,0.728,-4.11,17525,0.0,-100.0,0.0,-100.0,0.0,-100.0
SOL-USDT-SWAP,5m,1H,0.003,0.02,0.015,148.0,0.0,-100.0,2538,789,1749,31.087,100.0,0.71,-4.11,17525,0.0,-100.0,0.0,-100.0,0.0,-100.0
SOL-USDT-SWAP,5m,1H,0.003,0.02,0.02,148.0,0.0,-100.0,2538,794,1744,31.284,100.0,0.68,-4.11,17525,0.0,-100.0,0.0,-100.0,0.0,-100.0
SOL-USDT-SWAP,5m,1H,0.003,0.02,0.025,148.0,0.0,-100.0,2538,797,1741,31.403,100.0,0.658,-4.11,17525,0.0,-100.0,0.0,-100.0,0.0,-100.0
SOL-USDT-SWAP,5m,1H,0.003,0.02,0.03,148.0,0.0,-100.0,2538,799,1739,31.481,100.0,0.659,-4.11,17525,0.0,-100.0,0.0,-100.0,0.0,-100.0
SOL-USDT-SWAP,5m,1H,0.003,0.03,0.005,148.0,0.0,-100.0,2538,676,1862,26.635,100.0,0.529,-4.11,17525,0.0,-100.0,0.0,-100.0,0.0,-100.0
SOL-USDT-SWAP,5m,1H,0.003,0.03,0.008,148.0,0.0,-100.0,2538,753,1785,29.669,100.0,0.676,-4.11,17525,0.0,-100.0,0.0,-100.0,0.0,-100.0
SOL-USDT-SWAP,5m,1H,0.003,0.03,0.01,148.0,0.0,-100.0,2538,768,1770,30.26,100.0,0.739,-4.11,17525,0.0,-100.0,0.0,-100.0,0.0,-100.0
SOL-USDT-SWAP,5m,1H,0.003,0.03,0.015,148.0,0.0,-100.0,2538,784,1754,30.89,100.0,0.725,-4.11,17525,0.0,-100.0,0.0,-100.0,0.0,-100.0
SOL-USDT-SWAP,5m,1H,0.003,0.03,0.02,148.0,0.0,-100.0,2538,789,1749,31.087,100.0,0.695,-4.11,17525,0.0,-100.0,0.0,-100.0,0.0,-100.0
SOL-USDT-SWAP,5m,1H,0.003,0.03,0.025,148.0,0.0,-100.0,2538,790,1748,31.127,100.0,0.674,-4.11,17525,0.0,-100.0,0.0,-100.0,0.0,-100.0
SOL-USDT-SWAP,5m,1H,0.003,0.03,0.03,148.0,0.0,-100.0,2538,792,1746,31.206,100.0,0.677,-4.11,17525,0.0,-100.0,0.0,-100.0,0.0,-100.0
SOL-USDT-SWAP,5m,1H,0.004,0.004,0.005,148.0,0.0,-100.0,2066,1223,843,59.197,100.0,0.491,-4.11,17525,0.21,-99.86,0.0,-99.98,0.0,-98.52
SOL-USDT-SWAP,5m,1H,0.004,0.004,0.008,148.0,0.0,-100.0,2066,1332,734,64.472,100.0,0.641,-4.11,17525,1.7,-98.85,0.0,-99.9,0.0,-91.53
SOL-USDT-SWAP,5m,1H,0.004,0.004,0.01,148.0,0.001,-100.0,2066,1359,707,65.779,100.0,0.668,-4.11,17525,2.4,-98.38,0.01,-99.62,0.0,-93.12
SOL-USDT-SWAP,5m,1H,0.004,0.004,0.015,148.0,0.003,-99.998,2066,1383,683,66.941,99.998,0.693,-4.11,17525,3.33,-97.75,0.03,-99.09,0.0,-90.92
SOL-USDT-SWAP,5m,1H,0.004,0.004,0.02,148.0,0.005,-99.997,2066,1388,678,67.183,99.998,0.731,-4.109,17525,5.32,-96.4,0.04,-99.27,0.0,-87.42
SOL-USDT-SWAP,5m,1H,0.004,0.004,0.025,148.0,0.01,-99.994,2066,1392,674,67.377,99.995,0.735,-4.109,17525,4.66,-96.85,0.06,-98.63,0.01,-85.02
SOL-USDT-SWAP,5m,1H,0.004,0.004,0.03,148.0,0.008,-99.994,2066,1393,673,67.425,99.996,0.725,-4.109,17525,3.76,-97.46,0.06,-98.37,0.01,-86.14
SOL-USDT-SWAP,5m,1H,0.004,0.006,0.005,148.0,0.0,-100.0,2066,896,1170,43.369,100.0,0.536,-4.11,17525,0.02,-99.99,0.0,-100.0,0.0,-99.85
SOL-USDT-SWAP,5m,1H,0.004,0.006,0.008,148.0,0.0,-100.0,2066,983,1083,47.58,100.0,0.639,-4.11,17525,0.11,-99.93,0.0,-100.0,0.0,-99.25
SOL-USDT-SWAP,5m,1H,0.004,0.006,0.01,148.0,0.0,-100.0,2066,1012,1054,48.984,100.0,0.649,-4.11,17525,0.14,-99.91,0.0,-100.0,0.0,-99.3
SOL-USDT-SWAP,5m,1H,0.004,0.006,0.015,148.0,0.0,-100.0,2066,1035,1031,50.097,100.0,0.661,-4.11,17525,0.16,-99.89,0.0,-99.99,0.0,-99.39
SOL-USDT-SWAP,5m,1H,0.004,0.006,0.02,148.0,0.0,-100.0,2066,1040,1026,50.339,100.0,0.698,-4.11,17525,0.21,-99.86,0.0,-99.99,0.0,-99.13
SOL-USDT-SWAP,5m,1H,0.004,0.006,0.025,148.0,0.0,-100.0,2066,1045,1021,50.581,100.0,0.699,-4.11,17525,0.17,-99.88,0.0,-99.99,0.0,-98.52
SOL-USDT-SWAP,5m,1H,0.004,0.006,0.03,148.0,0.0,-100.0,2066,1046,1020,50.629,100.0,0.692,-4.11,17525,0.13,-99.91,0.0,-99.99,0.0,-98.68
SOL-USDT-SWAP,5m,1H,0.004,0.008,0.005,148.0,0.0,-100.0,2066,741,1325,35.866,100.0,0.498,-4.11,17525,0.01,-100.0,0.0,-100.0,0.0,-99.98
SOL-USDT-SWAP,5m,1H,0.004,0.008,0.008,148.0,0.0,-100.0,2066,822,1244,39.787,100.0,0.643,-4.11,17525,0.03,-99.98,0.0,-100.0,0.0,-99.93
SOL-USDT-SWAP,5m,1H,0.004,0.008,0.01,148.0,0.0,-100.0,2066,850,1216,41.142,100.0,0.647,-4.11,17525,0.03,-99.98,0.0,-100.0,0.0,-99.94
SOL-USDT-SWAP,5m,1H,0.004,0.008,0.015,148.0,0.0,-100.0,2066,869,1197,42.062,100.0,0.623,-4.11,17525,0.02,-99.99,0.0,-100.0,0.0,-99.97
SOL-USDT-SWAP,5m,1H,0.004,0.008,0.02,148.0,0.0,-100.0,2066,873,1193,42.256,100.0,0.587,-4.11,17525,0.02,-99.99,0.0,-100.0,0.0,-99.96
SOL-USDT-SWAP,5m,1H,0.004,0.008,0.025,148.0,0.0,-100.0,2066,877,1189,42.449,100.0,0.564,-4.11,17525,0.01,-99.99,0.0,-100.0,0.0,-99.93
SOL-USDT-SWAP,5m,1H,0.004,0.008,0.03,148.0,0.0,-100.0,2066,877,1189,42.449,100.0,0.572,-4.11,17525,0.01,-99.99,0.0,-100.0,0.0,-99.95
SOL-USDT-SWAP,5m,1H,0.004,0.01,0.005,148.0,0.0,-100.0,2066,664,1402,32.139,100.0,0.481,-4.11,17525,0.0,-100.0,0.0,-100.0,0.0,-100.0
SOL-USDT-SWAP,5m,1H,0.004,0.01,0.008,148.0,0.0,-100.0,2066,744,1322,36.012,100.0,0.641,-4.11,17525,0.01,-100.0,0.0,-100.0,0.0,-99.99
SOL-USDT-SWAP,5m,1H,0.004,0.01,0.01,148.0,0.0,-100.0,2066,771,1295,37.318,100.0,0.663,-4.11,17525,0.01,-99.99,0.0,-100.0,0.0,-99.99
SOL-USDT-SWAP,5m,1H,0.004,0.01,0.015,148.0,0.0,-100.0,2066,791,1275,38.287,100.0,0.639,-4.11,17525,0.0,-100.0,0.0,-100.0,0.0,-99.99
SOL-USDT-SWAP,5m,1H,0.004,0.01,0.02,148.0,0.0,-100.0,2066,794,1272,38.432,100.0,0.601,-4.11,17525,0.0,-100.0,0.0,-100.0,0.0,-99.99
SOL-USDT-SWAP,5m,1H,0.004,0.01,0.025,148.0,0.0,-100.0,2066,797,1269,38.577,100.0,0.577,-4.11,17525,0.0,-100.0,0.0,-100.0,0.0,-99.99
SOL-USDT-SWAP,5m,1H,0.004,0.01,0.03,148.0,0.0,-100.0,2066,797,1269,38.577,100.0,0.587,-4.11,17525,0.0,-100.0,0.0,-100.0,0.0,-99.99
SOL-USDT-SWAP,5m,1H,0.004,0.012,0.005,148.0,0.0,-100.0,2066,624,1442,30.203,100.0,0.517,-4.11,17525,0.0,-100.0,0.0,-100.0,0.0,-100.0
SOL-USDT-SWAP,5m,1H,0.004,0.012,0.008,148.0,0.0,-100.0,2066,703,1363,34.027,100.0,0.695,-4.11,17525,0.0,-100.0,0.0,-100.0,0.0,-100.0
SOL-USDT-SWAP,5m,1H,0.004,0.012,0.01,148.0,0.0,-100.0,2066,727,1339,35.189,100.0,0.719,-4.11,17525,0.0,-100.0,0.0,-100.0,0.0,-100.0
SOL-USDT-SWAP,5m,1H,0.004,0.012,0.015,148.0,0.0,-100.0,2066,745,1321,36.06,100.0,0.697,-4.11,17525,0.0,-100.0,0.0,-100.0,0.0,-100.0
SOL-USDT-SWAP,5m,1H,0.004,0.012,0.02,148.0,0.0,-100.0,2066,748,1318,36.205,100.0,0.66,-4.11,17525,0.0,-100.0,0.0,-100.0,0.0,-100.0
SOL-USDT-SWAP,5m,1H,0.004,0.012,0.025,148.0,0.0,-100.0,2066,751,1315,36.35,100.0,0.637,-4.11,17525,0.0,-100.0,0.0,-100.0,0.0,-100.0
SOL-USDT-SWAP,5m,1H,0.004,0.012,0.03,148.0,0.0,-100.0,2066,752,1314,36.399,100.0,0.648,-4.11,17525,0.0,-100.0,0.0,-100.0,0.0,-100.0
SOL-USDT-SWAP,5m,1H,0.004,0.015,0.005,148.0,0.0,-100.0,2066,605,1461,29.284,100.0,0.453,-4.11,17525,0.0,-100.0,0.0,-100.0,0.0,-100.0
SOL-USDT-SWAP,5m,1H,0.004,0.015,0.008,148.0,0.0,-100.0,2066,680,1386,32.914,100.0,0.695,-4.11,17525,0.0,-100.0,0.0,-100.0,0.0,-100.0
SOL-USDT-SWAP,5m,1H,0.004,0.015,0.01,148.0,0.0,-100.0,2066,700,1366,33.882,100.0,0.719,-4.11,17525,0.0,-100.0,0.0,-100.0,0.0,-100.0
SOL-USDT-SWAP,5m,1H,0.004,0.015,0.015,148.0,0.0,-100.0,2066,718,1348,34.753,100.0,0.695,-4.11,17525,0.0,-100.0,0.0,-100.0,0.0,-100.0
SOL-USDT-SWAP,5m,1H,0.004,0.015,0.02,148.0,0.0,-100.0,2066,721,1345,34.898,100.0,0.656,-4.11,17525,0.0,-100.0,0.0,-100.0,0.0,-100.0
SOL-USDT-SWAP,5m,1H,0.004,0.015,0.025,148.0,0.0,-100.0,2066,724,1342,35.044,100.0,0.63,-4.11,17525,0.0,-100.0,0.0,-100.0,0.0,-100.0
SOL-USDT-SWAP,5m,1H,0.004,0.015,0.03,148.0,0.0,-100.0,2066,725,1341,35.092,100.0,0.638,-4.11,17525,0.0,-100.0,0.0,-100.0,0.0,-100.0
SOL-USDT-SWAP,5m,1H,0.004,0.02,0.005,148.0,0.0,-100.0,2066,598,1468,28.945,100.0,0.494,-4.11,17525,0.0,-100.0,0.0,-100.0,0.0,-100.0
SOL-USDT-SWAP,5m,1H,0.004,0.02,0.008,148.0,0.0,-100.0,2066,672,1394,32.527,100.0,0.747,-4.11,17525,0.0,-100.0,0.0,-100.0,0.0,-100.0
SOL-USDT-SWAP,5m,1H,0.004,0.02,0.01,148.0,0.0,-100.0,2066,691,1375,33.446,100.0,0.776,-4.11,17525,0.0,-100.0,0.0,-100.0,0.0,-100.0
SOL-USDT-SWAP,5m,1H,0.004,0.02,0.015,148.0,0.0,-100.0,2066,706,1360,34.172,100.0,0.752,-4.11,17525,0.0,-100.0,0.0,-100.0,0.0,-100.0
SOL-USDT-SWAP,5m,1H,0.004,0.02,0.02,148.0,0.0,-100.0,2066,711,1355,34.414,100.0,0.714,-4.11,17525,0.0,-100.0,0.0,-100.0,0.0,-100.0
SOL-USDT-SWAP,5m,1H,0.004,0.02,0.025,148.0,0.0,-100.0,2066,714,1352,34.56,100.0,0.688,-4.11,17525,0.0,-100.0,0.0,-100.0,0.0,-100.0
SOL-USDT-SWAP,5m,1H,0.004,0.02,0.03,148.0,0.0,-100.0,2066,715,1351,34.608,100.0,0.695,-4.11,17525,0.0,-100.0,0.0,-100.0,0.0,-100.0
SOL-USDT-SWAP,5m,1H,0.004,0.03,0.005,148.0,0.0,-100.0,2066,594,1472,28.751,100.0,0.537,-4.11,17525,0.0,-100.0,0.0,-100.0,0.0,-100.0
SOL-USDT-SWAP,5m,1H,0.004,0.03,0.008,148.0,0.0,-100.0,2066,667,1399,32.285,100.0,0.767,-4.11,17525,0.0,-100.0,0.0,-100.0,0.0,-100.0
SOL-USDT-SWAP,5m,1H,0.004,0.03,0.01,148.0,0.0,-100.0,2066,683,1383,33.059,100.0,0.769,-4.11,17525,0.0,-100.0,0.0,-100.0,0.0,-100.0
SOL-USDT-SWAP,5m,1H,0.004,0.03,0.015,148.0,0.0,-100.0,2066,698,1368,33.785,100.0,0.744,-4.11,17525,0.0,-100.0,0.0,-100.0,0.0,-100.0
SOL-USDT-SWAP,5m,1H,0.004,0.03,0.02,148.0,0.0,-100.0,2066,704,1362,34.076,100.0,0.707,-4.11,17525,0.0,-100.0,0.0,-100.0,0.0,-100.0
SOL-USDT-SWAP,5m,1H,0.004,0.03,0.025,148.0,0.0,-100.0,2066,705,1361,34.124,100.0,0.682,-4.11,17525,0.0,-100.0,0.0,-100.0,0.0,-100.0
SOL-USDT-SWAP,5m,1H,0.004,0.03,0.03,148.0,0.0,-100.0,2066,706,1360,34.172,100.0,0.688,-4.11,17525,0.0,-100.0,0.0,-100.0,0.0,-100.0
SOL-USDT-SWAP,5m,1H,0.005,0.004,0.005,148.0,0.0,-100.0,1651,1008,643,61.054,100.0,0.547,-4.11,17525,1.17,-99.21,0.0,-99.93,0.0,-91.12
SOL-USDT-SWAP,5m,1H,0.005,0.004,0.008,148.0,0.008,-99.995,1651,1102,549,66.747,99.995,0.676,-4.109,17525,5.0,-96.62,0.04,-99.28,0.01,-78.79
SOL-USDT-SWAP,5m,1H,0.005,0.004,0.01,148.0,0.037,-99.975,1651,1127,524,68.262,99.975,0.674,-4.109,17525,5.29,-96.43,0.14,-97.41,0.04,-73.2
SOL-USDT-SWAP,5m,1H,0.005,0.004,0.015,148.0,0.17,-99.885,1651,1148,503,69.534,99.885,0.709,-4.105,17525,7.64,-94.84,0.33,-95.68,0.17,-48.53
SOL-USDT-SWAP,5m,1H,0.005,0.004,0.02,148.0,0.186,-99.874,1651,1152,499,69.776,99.887,0.746,-4.104,17525,8.85,-94.02,0.28,-96.84,0.19,-33.38
SOL-USDT-SWAP,5m,1H,0.005,0.004,0.025,148.0,0.462,-99.688,1651,1157,494,70.079,99.721,0.741,-4.097,17525,6.33,-95.73,0.57,-91.04,0.46,-18.47
SOL-USDT-SWAP,5m,1H,0.005,0.004,0.03,148.0,0.68,-99.54,1651,1159,492,70.2,99.589,0.751,-4.091,17525,7.63,-94.85,0.9,-88.26,0.68,-24.05
SOL-USDT-SWAP,5m,1H,0.005,0.006,0.005,148.0,0.0,-100.0,1651,749,902,45.366,100.0,0.603,-4.11,17525,0.16,-99.89,0.0,-99.99,0.0,-98.69
SOL-USDT-SWAP,5m,1H,0.005,0.006,0.008,148.0,0.0,-100.0,1651,832,819,50.394,100.0,0.727,-4.11,17525,0.87,-99.41,0.0,-99.97,0.0,-96.89
SOL-USDT-SWAP,5m,1H,0.005,0.006,0.01,148.0,0.0,-100.0,1651,855,796,51.787,100.0,0.71,-4.11,17525,0.93,-99.37,0.0,-99.91,0.0,-96.87
SOL-USDT-SWAP,5m,1H,0.005,0.006,0.015,148.0,0.0,-100.0,1651,874,777,52.938,100.0,0.741,-4.11,17525,1.15,-99.22,0.0,-99.83,0.0,-95.73
SOL-USDT-SWAP,5m,1H,0.005,0.006,0.02,148.0,0.0,-100.0,1651,878,773,53.18,100.0,0.78,-4.11,17525,1.4,-99.06,0.0,-99.87,0.0,-93.64
SOL-USDT-SWAP,5m,1H,0.005,0.006,0.025,148.0,0.0,-100.0,1651,884,767,53.543,100.0,0.773,-4.11,17525,0.93,-99.37,0.0,-99.61,0.0,-90.72
SOL-USDT-SWAP,5m,1H,0.005,0.006,0.03,148.0,0.0,-100.0,1651,885,766,53.604,100.0,0.772,-4.11,17525,1.07,-99.28,0.0,-99.68,0.0,-91.48
SOL-USDT-SWAP,5m,1H,0.005,0.008,0.005,148.0,0.0,-100.0,1651,615,1036,37.25,100.0,0.618,-4.11,17525,0.05,-99.97,0.0,-100.0,0.0,-99.68
SOL-USDT-SWAP,5m,1H,0.005,0.008,0.008,148.0,0.0,-100.0,1651,684,967,41.429,100.0,0.693,-4.11,17525,0.13,-99.91,0.0,-100.0,0.0,-99.45
SOL-USDT-SWAP,5m,1H,0.005,0.008,0.01,148.0,0.0,-100.0,1651,709,942,42.944,100.0,0.671,-4.11,17525,0.11,-99.92,0.0,-100.0,0.0,-99.3
SOL-USDT-SWAP,5m,1H,0.005,0.008,0.015,148.0,0.0,-100.0,1651,725,926,43.913,100.0,0.705,-4.11,17525,0.14,-99.9,0.0,-100.0,0.0,-99.37
SOL-USDT-SWAP,5m,1H,0.005,0.008,0.02,148.0,0.0,-100.0,1651,728,923,44.094,100.0,0.687,-4.11,17525,0.14,-99.91,0.0,-100.0,0.0,-99.11
SOL-USDT-SWAP,5m,1H,0.005,0.008,0.025,148.0,0.0,-100.0,1651,732,919,44.337,100.0,0.665,-4.11,17525,0.09,-99.94,0.0,-100.0,0.0,-98.82
SOL-USDT-SWAP,5m,1H,0.005,0.008,0.03,148.0,0.0,-100.0,1651,733,918,44.397,100.0,0.647,-4.11,17525,0.1,-99.93,0.0,-100.0,0.0,-99.03
SOL-USDT-SWAP,5m,1H,0.005,0.01,0.005,148.0,0.0,-100.0,1651,551,1100,33.374,100.0,0.595,-4.11,17525,0.03,-99.98,0.0,-100.0,0.0,-99.92
SOL-USDT-SWAP,5m,1H,0.005,0.01,0.008,148.0,0.0,-100.0,1651,619,1032,37.492,100.0,0.712,-4.11,17525,0.09,-99.94,0.0,-100.0,0.0,-99.88
SOL-USDT-SWAP,5m,1H,0.005,0.01,0.01,148.0,0.0,-100.0,1651,641,1010,38.825,100.0,0.688,-4.11,17525,0.06,-99.96,0.0,-100.0,0.0,-99.88
SOL-USDT-SWAP,5m,1H,0.005,0.01,0.015,148.0,0.0,-100.0,1651,654,997,39.612,100.0,0.68,-4.11,17525,0.05,-99.96,0.0,-100.0,0.0,-99.89
SOL-USDT-SWAP,5m,1H,0.005,0.01,0.02,148.0,0.0,-100.0,1651,657,994,39.794,100.0,0.652,-4.11,17525,0.04,-99.97,0.0,-100.0,0.0,-99.86
SOL-USDT-SWAP,5m,1H,0.005,0.01,0.025,148.0,0.0,-100.0,1651,661,990,40.036,100.0,0.62,-4.11,17525,0.02,-99.98,0.0,-100.0,0.0,-99.81
SOL-USDT-SWAP,5m,1H,0.005,0.01,0.03,148.0,0.0,-100.0,1651,662,989,40.097,100.0,0.638,-4.11,17525,0.03,-99.98,0.0,-100.0,0.0,-99.86
SOL-USDT-SWAP,5m,1H,0.005,0.012,0.005,148.0,0.0,-100.0,1651,525,1126,31.799,100.0,0.592,-4.11,17525,0.01,-99.99,0.0,-100.0,0.0,-99.95
SOL-USDT-SWAP,5m,1H,0.005,0.012,0.008,148.0,0.0,-100.0,1651,591,1060,35.796,100.0,0.719,-4.11,17525,0.05,-99.97,0.0,-100.0,0.0,-99.96
SOL-USDT-SWAP,5m,1H,0.005,0.012,0.01,148.0,0.0,-100.0,1651,611,1040,37.008,100.0,0.697,-4.11,17525,0.03,-99.98,0.0,-100.0,0.0,-99.97
SOL-USDT-SWAP,5m,1H,0.005,0.012,0.015,148.0,0.0,-100.0,1651,624,1027,37.795,100.0,0.687,-4.11,17525,0.02,-99.99,0.0,-100.0,0.0,-99.96
SOL-USDT-SWAP,5m,1H,0.005,0.012,0.02,148.0,0.0,-100.0,1651,627,1024,37.977,100.0,0.66,-4.11,17525,0.01,-99.99,0.0,-100.0,0.0,-99.95
SOL-USDT-SWAP,5m,1H,0.005,0.012,0.025,148.0,0.0,-100.0,1651,630,1021,38.159,100.0,0.628,-4.11,17525,0.01,-100.0,0.0,-100.0,0.0,-99.94
SOL-USDT-SWAP,5m,1H,0.005,0.012,0.03,148.0,0.0,-100.0,1651,632,1019,38.28,100.0,0.645,-4.11,17525,0.01,-99.99,0.0,-100.0,0.0,-99.95
SOL-USDT-SWAP,5m,1H,0.005,0.015,0.005,148.0,0.0,-100.0,1651,502,1149,30.406,100.0,0.519,-4.11,17525,0.01,-100.0,0.0,-100.0,0.0,-99.97
SOL-USDT-SWAP,5m,1H,0.005,0.015,0.008,148.0,0.0,-100.0,1651,565,1086,34.222,100.0,0.727,-4.11,17525,0.02,-99.98,0.0,-100.0,0.0,-99.98
SOL-USDT-SWAP,5m,1H,0.005,0.015,0.01,148.0,0.0,-100.0,1651,583,1068,35.312,100.0,0.704,-4.11,17525,0.01,-99.99,0.0,-100.0,0.0,-99.98
SOL-USDT-SWAP,5m,1H,0.005,0.015,0.015,148.0,0.0,-100.0,1651,594,1057,35.978,100.0,0.687,-4.11,17525,0.01,-100.0,0.0,-100.0,0.0,-99.98
SOL-USDT-SWAP,5m,1H,0.005,0.015,0.02,148.0,0.0,-100.0,1651,598,1053,36.22,100.0,0.656,-4.11,17525,0.0,-100.0,0.0,-100.0,0.0,-99.98
SOL-USDT-SWAP,5m,1H,0.005,0.015,0.025,148.0,0.0,-100.0,1651,601,1050,36.402,100.0,0.623,-4.11,17525,0.0,-100.0,0.0,-100.0,0.0,-99.97
SOL-USDT-SWAP,5m,1H,0.005,0.015,0.03,148.0,0.0,-100.0,1651,603,1048,36.523,100.0,0.636,-4.11,17525,0.0,-100.0,0.0,-100.0,0.0,-99.98
SOL-USDT-SWAP,5m,1H,0.005,0.02,0.005,148.0,0.0,-100.0,1651,493,1158,29.861,100.0,0.548,-4.11,17525,0.01,-100.0,0.0,-100.0,0.0,-99.98
SOL-USDT-SWAP,5m,1H,0.005,0.02,0.008,148.0,0.0,-100.0,1651,553,1098,33.495,100.0,0.773,-4.11,17525,0.03,-99.98,0.0,-100.0,0.0,-99.99
SOL-USDT-SWAP,5m,1H,0.005,0.02,0.01,148.0,0.0,-100.0,1651,568,1083,34.403,100.0,0.751,-4.11,17525,0.02,-99.99,0.0,-100.0,0.0,-99.99
SOL-USDT-SWAP,5m,1H,0.005,0.02,0.015,148.0,0.0,-100.0,1651,579,1072,35.07,100.0,0.734,-4.11,17525,0.01,-99.99,0.0,-100.0,0.0,-99.99
SOL-USDT-SWAP,5m,1H,0.005,0.02,0.02,148.0,0.0,-100.0,1651,583,1068,35.312,100.0,0.703,-4.11,17525,0.0,-100.0,0.0,-100.0,0.0,-99.99
SOL-USDT-SWAP,5m,1H,0.005,0.02,0.025,148.0,0.0,-100.0,1651,586,1065,35.494,100.0,0.669,-4.11,17525,0.0,-100.0,0.0,-100.0,0.0,-99.99
SOL-USDT-SWAP,5m,1H,0.005,0.02,0.03,148.0,0.0,-100.0,1651,588,1063,35.615,100.0,0.679,-4.11,17525,0.0,-100.0,0.0,-100.0,0.0,-99.99
SOL-USDT-SWAP,5m,1H,0.005,0.03,0.005,148.0,0.0,-100.0,1651,490,1161,29.679,100.0,0.58,-4.11,17525,0.0,-100.0,0.0,-100.0,0.0,-99.98
SOL-USDT-SWAP,5m,1H,0.005,0.03,0.008,148.0,0.0,-100.0,1651,548,1103,33.192,100.0,0.754,-4.11,17525,0.02,-99.99,0.0,-100.0,0.0,-99.98
SOL-USDT-SWAP,5m,1H,0.005,0.03,0.01,148.0,0.0,-100.0,1651,561,1090,33.979,100.0,0.734,-4.11,17525,0.01,-99.99,0.0,-100.0,0.0,-99.99
SOL-USDT-SWAP,5m,1H,0.005,0.03,0.015,148.0,0.0,-100.0,1651,572,1079,34.646,100.0,0.713,-4.11,17525,0.0,-100.0,0.0,-100.0,0.0,-99.99
SOL-USDT-SWAP,5m,1H,0.005,0.03,0.02,148.0,0.0,-100.0,1651,577,1074,34.949,100.0,0.681,-4.11,17525,0.0,-100.0,0.0,-100.0,0.0,-99.98
SOL-USDT-SWAP,5m,1H,0.005,0.03,0.025,148.0,0.0,-100.0,1651,579,1072,35.07,100.0,0.649,-4.11,17525,0.0,-100.0,0.0,-100.0,0.0,-99.98
SOL-USDT-SWAP,5m,1H,0.005,0.03,0.03,148.0,0.0,-100.0,1651,581,1070,35.191,100.0,0.652,-4.11,17525,0.0,-100.0,0.0,-100.0,0.0,-99.99
SOL-USDT-SWAP,5m,1H,0.007,0.004,0.005,148.0,0.229,-99.845,1081,711,370,65.772,99.923,0.798,-4.103,17525,48.87,-66.98,0.63,-98.72,0.23,-63.45
SOL-USDT-SWAP,5m,1H,0.007,0.004,0.008,148.0,18.797,-87.299,1081,787,294,72.803,94.811,0.898,-3.588,17525,84.47,-42.93,39.4,-53.35,18.8,-52.29
SOL-USDT-SWAP,5m,1H,0.007,0.004,0.01,148.0,52.042,-64.836,1081,802,279,74.191,89.379,0.943,-2.665,17525,104.03,-29.71,89.95,-13.54,52.04,-42.14
SOL-USDT-SWAP,5m,1H,0.007,0.004,0.015,148.0,136.399,-7.838,1081,815,266,75.393,80.098,0.996,-0.322,17525,166.52,12.52,236.59,42.07,136.4,-42.35
SOL-USDT-SWAP,5m,1H,0.007,0.004,0.02,148.0,208.752,41.048,1081,820,261,75.856,81.473,1.02,1.687,17525,140.31,-5.2,253.82,80.9,208.75,-17.75
SOL-USDT-SWAP,5m,1H,0.007,0.004,0.025,148.0,259.739,75.499,1081,823,258,76.133,76.943,1.033,3.103,17525,120.34,-18.69,295.63,145.66,259.74,-12.14
SOL-USDT-SWAP,5m,1H,0.007,0.004,0.03,148.0,305.985,106.746,1081,825,256,76.318,67.716,1.035,4.387,17525,156.59,5.8,404.54,158.35,305.98,-24.36
SOL-USDT-SWAP,5m,1H,0.007,0.006,0.005,148.0,0.017,-99.988,1081,543,538,50.231,99.99,0.739,-4.109,17525,13.97,-90.56,0.09,-99.39,0.02,-79.68
SOL-USDT-SWAP,5m,1H,0.007,0.006,0.008,148.0,0.318,-99.785,1081,602,479,55.689,99.816,0.734,-4.101,17525,11.31,-92.36,1.57,-86.13,0.32,-79.74
SOL-USDT-SWAP,5m,1H,0.007,0.006,0.01,148.0,0.917,-99.38,1081,617,464,57.077,99.483,0.773,-4.084,17525,12.1,-91.82,3.35,-72.29,0.92,-72.65
SOL-USDT-SWAP,5m,1H,0.007,0.006,0.015,148.0,1.189,-99.197,1081,630,451,58.279,99.434,0.807,-4.077,17525,18.26,-87.66,4.24,-76.78,1.19,-71.96
SOL-USDT-SWAP,5m,1H,0.007,0.006,0.02,148.0,2.584,-98.254,1081,635,446,58.742,99.385,0.815,-4.038,17525,16.61,-88.78,5.18,-68.79,2.58,-50.17
SOL-USDT-SWAP,5m,1H,0.007,0.006,0.025,148.0,2.688,-98.184,1081,638,443,59.019,99.335,0.808,-4.035,17525,12.47,-91.57,5.29,-57.57,2.69,-49.21
SOL-USDT-SWAP,5m,1H,0.007,0.006,0.03,148.0,2.752,-98.141,1081,640,441,59.204,99.088,0.822,-4.033,17525,15.47,-89.55,6.76,-56.31,2.75,-59.28
SOL-USDT-SWAP,5m,1H,0.007,0.008,0.005,148.0,0.0,-100.0,1081,432,649,39.963,100.0,0.709,-4.11,17525,3.13,-97.89,0.0,-99.96,0.0,-93.58
SOL-USDT-SWAP,5m,1H,0.007,0.008,0.008,148.0,0.0,-100.0,1081,484,597,44.773,100.0,0.688,-4.11,17525,2.77,-98.13,0.01,-99.74,0.0,-95.73
SOL-USDT-SWAP,5m,1H,0.007,0.008,0.01,148.0,0.001,-100.0,1081,495,586,45.791,100.0,0.726,-4.11,17525,2.55,-98.27,0.01,-99.56,0.0,-94.46
SOL-USDT-SWAP,5m,1H,0.007,0.008,0.015,148.0,0.001,-100.0,1081,508,573,46.994,100.0,0.764,-4.11,17525,3.62,-97.55,0.01,-99.63,0.0,-95.0
SOL-USDT-SWAP,5m,1H,0.007,0.008,0.02,148.0,0.002,-99.999,1081,513,568,47.456,99.999,0.766,-4.11,17525,3.09,-97.91,0.02,-99.4,0.0,-90.84
SOL-USDT-SWAP,5m,1H,0.007,0.008,0.025,148.0,0.002,-99.999,1081,516,565,47.734,99.999,0.759,-4.11,17525,2.17,-98.53,0.02,-99.17,0.0,-91.39
SOL-USDT-SWAP,5m,1H,0.007,0.008,0.03,148.0,0.001,-99.999,1081,517,564,47.826,99.999,0.761,-4.11,17525,2.55,-98.27,0.02,-99.39,0.0,-93.06
SOL-USDT-SWAP,5m,1H,0.007,0.01,0.005,148.0,0.0,-100.0,1081,379,702,35.06,100.0,0.672,-4.11,17525,1.0,-99.33,0.0,-100.0,0.0,-97.44
SOL-USDT-SWAP,5m,1H,0.007,0.01,0.008,148.0,0.0,-100.0,1081,430,651,39.778,100.0,0.659,-4.11,17525,0.7,-99.53,0.0,-99.97,0.0,-98.07
SOL-USDT-SWAP,5m,1H,0.007,0.01,0.01,148.0,0.0,-100.0,1081,441,640,40.796,100.0,0.701,-4.11,17525,0.69,-99.53,0.0,-99.93,0.0,-98.07
SOL-USDT-SWAP,5m,1H,0.007,0.01,0.015,148.0,0.0,-100.0,1081,453,628,41.906,100.0,0.686,-4.11,17525,0.66,-99.55,0.0,-99.94,0.0,-98.37
SOL-USDT-SWAP,5m,1H,0.007,0.01,0.02,148.0,0.0,-100.0,1081,457,624,42.276,100.0,0.675,-4.11,17525,0.53,-99.64,0.0,-99.91,0.0,-97.97
SOL-USDT-SWAP,5m,1H,0.007,0.01,0.025,148.0,0.0,-100.0,1081,459,622,42.461,100.0,0.652,-4.11,17525,0.35,-99.76,0.0,-99.93,0.0,-97.48
SOL-USDT-SWAP,5m,1H,0.007,0.01,0.03,148.0,0.0,-100.0,1081,460,621,42.553,100.0,0.638,-4.11,17525,0.39,-99.74,0.0,-99.94,0.0,-98.11
SOL-USDT-SWAP,5m,1H,0.007,0.012,0.005,148.0,0.0,-100.0,1081,356,725,32.932,100.0,0.691,-4.11,17525,0.9,-99.4,0.0,-100.0,0.0,-98.11
SOL-USDT-SWAP,5m,1H,0.007,0.012,0.008,148.0,0.0,-100.0,1081,403,678,37.28,100.0,0.704,-4.11,17525,0.61,-99.59,0.0,-99.99,0.0,-98.86
SOL-USDT-SWAP,5m,1H,0.007,0.012,0.01,148.0,0.0,-100.0,1081,413,668,38.205,100.0,0.706,-4.11,17525,0.46,-99.69,0.0,-99.99,0.0,-98.8
SOL-USDT-SWAP,5m,1H,0.007,0.012,0.015,148.0,0.0,-100.0,1081,424,657,39.223,100.0,0.682,-4.11,17525,0.42,-99.72,0.0,-99.99,0.0,-99.02
SOL-USDT-SWAP,5m,1H,0.007,0.012,0.02,148.0,0.0,-100.0,1081,428,653,39.593,100.0,0.661,-4.11,17525,0.28,-99.81,0.0,-99.98,0.0,-98.75
SOL-USDT-SWAP,5m,1H,0.007,0.012,0.025,148.0,0.0,-100.0,1081,430,651,39.778,100.0,0.67,-4.11,17525,0.2,-99.87,0.0,-99.99,0.0,-98.39
SOL-USDT-SWAP,5m,1H,0.007,0.012,0.03,148.0,0.0,-100.0,1081,431,650,39.87,100.0,0.656,-4.11,17525,0.24,-99.84,0.0,-99.99,0.0,-98.79
SOL-USDT-SWAP,5m,1H,0.007,0.015,0.005,148.0,0.0,-100.0,1081,343,738,31.73,100.0,0.698,-4.11,17525,0.66,-99.55,0.0,-100.0,0.0,-98.72
SOL-USDT-SWAP,5m,1H,0.007,0.015,0.008,148.0,0.0,-100.0,1081,388,693,35.893,100.0,0.717,-4.11,17525,0.44,-99.7,0.0,-99.99,0.0,-99.42
SOL-USDT-SWAP,5m,1H,0.007,0.015,0.01,148.0,0.0,-100.0,1081,399,682,36.91,100.0,0.721,-4.11,17525,0.32,-99.79,0.0,-99.99,0.0,-99.24
SOL-USDT-SWAP,5m,1H,0.007,0.015,0.015,148.0,0.0,-100.0,1081,408,673,37.743,100.0,0.694,-4.11,17525,0.26,-99.82,0.0,-100.0,0.0,-99.48
SOL-USDT-SWAP,5m,1H,0.007,0.015,0.02,148.0,0.0,-100.0,1081,412,669,38.113,100.0,0.673,-4.11,17525,0.17,-99.89,0.0,-99.99,0.0,-99.4
SOL-USDT-SWAP,5m,1H,0.007,0.015,0.025,148.0,0.0,-100.0,1081,415,666,38.39,100.0,0.681,-4.11,17525,0.12,-99.92,0.0,-99.99,0.0,-99.3
SOL-USDT-SWAP,5m,1H,0.007,0.015,0.03,148.0,0.0,-100.0,1081,417,664,38.575,100.0,0.667,-4.11,17525,0.15,-99.9,0.0,-99.99,0.0,-99.38
SOL-USDT-SWAP,5m,1H,0.007,0.02,0.005,148.0,0.0,-100.0,1081,330,751,30.527,100.0,0.706,-4.11,17525,0.49,-99.67,0.0,-100.0,0.0,-99.34
SOL-USDT-SWAP,5m,1H,0.007,0.02,0.008,148.0,0.0,-100.0,1081,369,712,34.135,100.0,0.73,-4.11,17525,0.34,-99.77,0.0,-100.0,0.0,-99.73
SOL-USDT-SWAP,5m,1H,0.007,0.02,0.01,148.0,0.0,-100.0,1081,380,701,35.153,100.0,0.732,-4.11,17525,0.23,-99.85,0.0,-100.0,0.0,-99.64
SOL-USDT-SWAP,5m,1H,0.007,0.02,0.015,148.0,0.0,-100.0,1081,388,693,35.893,100.0,0.696,-4.11,17525,0.12,-99.92,0.0,-100.0,0.0,-99.74
SOL-USDT-SWAP,5m,1H,0.007,0.02,0.02,148.0,0.0,-100.0,1081,394,687,36.448,100.0,0.67,-4.11,17525,0.07,-99.95,0.0,-100.0,0.0,-99.69
SOL-USDT-SWAP,5m,1H,0.007,0.02,0.025,148.0,0.0,-100.0,1081,397,684,36.725,100.0,0.672,-4.11,17525,0.04,-99.97,0.0,-100.0,0.0,-99.67
SOL-USDT-SWAP,5m,1H,0.007,0.02,0.03,148.0,0.0,-100.0,1081,399,682,36.91,100.0,0.655,-4.11,17525,0.05,-99.97,0.0,-100.0,0.0,-99.7
SOL-USDT-SWAP,5m,1H,0.007,0.03,0.005,148.0,0.0,-100.0,1081,327,754,30.25,100.0,0.737,-4.11,17525,0.51,-99.66,0.0,-100.0,0.0,-99.11
SOL-USDT-SWAP,5m,1H,0.007,0.03,0.008,148.0,0.0,-100.0,1081,364,717,33.673,100.0,0.768,-4.11,17525,0.41,-99.72,0.0,-100.0,0.0,-99.64
SOL-USDT-SWAP,5m,1H,0.007,0.03,0.01,148.0,0.0,-100.0,1081,374,707,34.598,100.0,0.769,-4.11,17525,0.27,-99.82,0.0,-100.0,0.0,-99.61
SOL-USDT-SWAP,5m,1H,0.007,0.03,0.015,148.0,0.0,-100.0,1081,382,699,35.338,100.0,0.733,-4.11,17525,0.13,-99.91,0.0,-100.0,0.0,-99.72
SOL-USDT-SWAP,5m,1H,0.007,0.03,0.02,148.0,0.0,-100.0,1081,387,694,35.8,100.0,0.706,-4.11,17525,0.07,-99.95,0.0,-100.0,0.0,-99.66
SOL-USDT-SWAP,5m,1H,0.007,0.03,0.025,148.0,0.0,-100.0,1081,390,691,36.078,100.0,0.706,-4.11,17525,0.04,-99.97,0.0,-100.0,0.0,-99.64
SOL-USDT-SWAP,5m,1H,0.007,0.03,0.03,148.0,0.0,-100.0,1081,392,689,36.263,100.0,0.687,-4.11,17525,0.05,-99.97,0.0,-100.0,0.0,-99.68
SOL-USDT-SWAP,5m,1H,0.01,0.004,0.005,148.0,17.199,-88.379,612,429,183,70.098,90.255,0.818,-3.632,17525,112.06,-24.28,40.41,-63.94,17.2,-57.44
SOL-USDT-SWAP,5m,1H,0.01,0.004,0.008,148.0,94.66,-36.041,612,465,147,75.98,61.727,0.955,-1.481,17525,171.0,15.54,136.83,-19.98,94.66,-30.82
SOL-USDT-SWAP,5m,1H,0.01,0.004,0.01,148.0,288.163,94.704,612,479,133,78.268,46.214,1.061,3.892,17525,260.16,75.79,334.82,28.7,288.16,-13.94
SOL-USDT-SWAP,5m,1H,0.01,0.004,0.015,148.0,384.932,160.089,612,488,124,79.739,48.364,1.08,6.579,17525,367.57,148.36,438.67,19.35,384.93,-12.25
SOL-USDT-SWAP,5m,1H,0.01,0.004,0.02,148.0,1074.805,626.22,612,495,117,80.882,48.077,1.19,25.735,17525,324.54,119.28,942.47,190.4,1074.81,14.04
SOL-USDT-SWAP,5m,1H,0.01,0.004,0.025,148.0,1271.437,759.079,612,497,115,81.209,49.813,1.166,31.195,17525,432.27,192.07,1259.08,191.27,1271.44,0.98
SOL-USDT-SWAP,5m,1H,0.01,0.004,0.03,148.0,1337.164,803.489,612,498,114,81.373,51.574,1.216,33.02,17525,432.27,192.07,947.69,119.24,1337.16,41.1
SOL-USDT-SWAP,5m,1H,0.01,0.006,0.005,148.0,68.486,-53.726,612,354,258,57.843,72.098,0.957,-2.208,17525,122.52,-17.22,183.99,50.17,68.49,-62.78
SOL-USDT-SWAP,5m,1H,0.01,0.006,0.008,148.0,320.811,116.764,612,385,227,62.908,72.122,1.04,4.799,17525,179.54,21.31,630.75,251.32,320.81,-49.14
SOL-USDT-SWAP,5m,1H,0.01,0.006,0.01,148.0,772.601,422.028,612,395,217,64.542,64.686,1.059,17.344,17525,289.83,95.83,1659.16,472.47,772.6,-53.43
SOL-USDT-SWAP,5m,1H,0.01,0.006,0.015,148.0,1542.489,942.222,612,403,209,65.85,61.34,1.084,38.721,17525,392.13,164.95,2661.3,578.67,1542.49,-42.04
SOL-USDT-SWAP,5m,1H,0.01,0.006,0.02,148.0,3780.119,2454.134,612,409,203,66.83,68.743,1.109,100.855,17525,324.48,119.24,5468.36,1585.29,3780.12,-30.87
SOL-USDT-SWAP,5m,1H,0.01,0.006,0.025,148.0,3807.826,2472.855,612,411,201,67.157,74.932,1.082,101.624,17525,412.3,178.58,7105.97,1623.51,3807.83,-46.41
SOL-USDT-SWAP,5m,1H,0.01,0.006,0.03,148.0,4690.919,3069.54,612,412,200,67.32,58.292,1.135,126.145,17525,383.94,159.42,4980.7,1197.25,4690.92,-5.82
SOL-USDT-SWAP,5m,1H,0.01,0.008,0.005,148.0,1.652,-98.883,612,276,336,45.098,99.221,0.848,-4.064,17525,99.11,-33.03,11.35,-88.55,1.65,-85.44
SOL-USDT-SWAP,5m,1H,0.01,0.008,0.008,148.0,6.214,-95.801,612,308,304,50.327,97.546,0.884,-3.937,17525,104.81,-29.19,26.48,-74.73,6.21,-76.53
SOL-USDT-SWAP,5m,1H,0.01,0.008,0.01,148.0,12.245,-91.727,612,316,296,51.634,96.247,0.929,-3.77,17525,156.47,5.72,52.88,-66.2,12.24,-76.85
SOL-USDT-SWAP,5m,1H,0.01,0.008,0.015,148.0,14.178,-90.42,612,323,289,52.778,97.253,0.946,-3.716,17525,201.66,36.26,53.66,-73.39,14.18,-73.58
SOL-USDT-SWAP,5m,1H,0.01,0.008,0.02,148.0,27.22,-81.608,612,329,283,53.758,94.01,0.955,-3.354,17525,138.39,-6.49,94.46,-31.75,27.22,-71.18
SOL-USDT-SWAP,5m,1H,0.01,0.008,0.025,148.0,27.825,-81.199,612,331,281,54.085,94.35,0.965,-3.337,17525,163.14,10.23,132.42,-18.83,27.82,-78.99
SOL-USDT-SWAP,5m,1H,0.01,0.008,0.03,148.0,37.721,-74.513,612,332,280,54.248,92.161,0.967,-3.062,17525,176.14,19.01,107.61,-38.9,37.72,-64.95
SOL-USDT-SWAP,5m,1H,0.01,0.01,0.005,148.0,0.08,-99.946,612,232,380,37.908,99.96,0.764,-4.107,17525,35.72,-75.86,1.07,-97.0,0.08,-92.57
SOL-USDT-SWAP,5m,1H,0.01,0.01,0.008,148.0,0.123,-99.917,612,260,352,42.484,99.941,0.771,-4.106,17525,25.54,-82.74,1.42,-94.43,0.12,-91.36
SOL-USDT-SWAP,5m,1H,0.01,0.01,0.01,148.0,0.223,-99.849,612,268,344,43.791,99.893,0.823,-4.103,17525,43.82,-70.39,2.52,-94.25,0.22,-91.15
SOL-USDT-SWAP,5m,1H,0.01,0.01,0.015,148.0,0.283,-99.808,612,275,337,44.935,99.887,0.858,-4.102,17525,58.76,-60.3,2.7,-95.4,0.28,-89.52
SOL-USDT-SWAP,5m,1H,0.01,0.01,0.02,148.0,0.659,-99.555,612,281,331,45.915,99.738,0.853,-4.091,17525,37.89,-74.4,5.55,-85.34,0.66,-88.13
SOL-USDT-SWAP,5m,1H,0.01,0.01,0.025,148.0,0.411,-99.722,612,282,330,46.078,99.837,0.852,-4.098,17525,42.46,-71.31,4.75,-88.81,0.41,-91.35
SOL-USDT-SWAP,5m,1H,0.01,0.01,0.03,148.0,0.323,-99.782,612,282,330,46.078,99.872,0.855,-4.101,17525,48.01,-67.56,3.51,-92.7,0.32,-90.78
SOL-USDT-SWAP,5m,1H,0.01,0.012,0.005,148.0,0.015,-99.99,612,210,402,34.314,99.991,0.655,-4.109,17525,16.58,-88.79,0.2,-98.79,0.01,-92.58
SOL-USDT-SWAP,5m,1H,0.01,0.012,0.008,148.0,0.024,-99.983,612,237,375,38.725,99.985,0.674,-4.109,17525,11.08,-92.51,0.34,-96.95,0.02,-92.78
SOL-USDT-SWAP,5m,1H,0.01,0.012,0.01,148.0,0.034,-99.977,612,243,369,39.706,99.979,0.702,-4.109,17525,13.57,-90.83,0.42,-96.88,0.03,-92.04
SOL-USDT-SWAP,5m,1H,0.01,0.012,0.015,148.0,0.034,-99.977,612,250,362,40.85,99.983,0.747,-4.109,17525,15.23,-89.71,0.37,-97.56,0.03,-90.95
SOL-USDT-SWAP,5m,1H,0.01,0.012,0.02,148.0,0.076,-99.949,612,256,356,41.83,99.963,0.729,-4.107,17525,9.1,-93.85,0.71,-92.14,0.08,-89.38
SOL-USDT-SWAP,5m,1H,0.01,0.012,0.025,148.0,0.046,-99.969,612,257,355,41.993,99.977,0.728,-4.108,17525,10.57,-92.86,0.59,-94.39,0.05,-92.26
SOL-USDT-SWAP,5m,1H,0.01,0.012,0.03,148.0,0.041,-99.972,612,257,355,41.993,99.98,0.733,-4.108,17525,11.95,-91.92,0.5,-95.84,0.04,-91.75
SOL-USDT-SWAP,5m,1H,0.01,0.015,0.005,148.0,0.006,-99.996,612,197,415,32.19,99.996,0.698,-4.109,17525,15.05,-89.83,0.09,-99.39,0.01,-93.49
SOL-USDT-SWAP,5m,1H,0.01,0.015,0.008,148.0,0.005,-99.997,612,222,390,36.275,99.997,0.669,-4.109,17525,7.68,-94.81,0.07,-99.04,0.01,-93.2
SOL-USDT-SWAP,5m,1H,0.01,0.015,0.01,148.0,0.005,-99.996,612,227,385,37.092,99.997,0.693,-4.109,17525,9.27,-93.73,0.07,-99.27,0.01,-92.3
SOL-USDT-SWAP,5m,1H,0.01,0.015,0.015,148.0,0.004,-99.998,612,233,379,38.072,99.998,0.659,-4.109,17525,6.56,-95.57,0.04,-99.4,0.0,-91.01
SOL-USDT-SWAP,5m,1H,0.01,0.015,0.02,148.0,0.005,-99.997,612,237,375,38.725,99.997,0.602,-4.109,17525,3.05,-97.94,0.04,-98.62,0.0,-88.87
SOL-USDT-SWAP,5m,1H,0.01,0.015,0.025,148.0,0.003,-99.998,612,238,374,38.889,99.998,0.628,-4.11,17525,4.6,-96.89,0.04,-99.19,0.0,-91.88
SOL-USDT-SWAP,5m,1H,0.01,0.015,0.03,148.0,0.002,-99.998,612,238,374,38.889,99.998,0.62,-4.11,17525,4.51,-96.95,0.03,-99.36,0.0,-91.35
SOL-USDT-SWAP,5m,1H,0.01,0.02,0.005,148.0,0.002,-99.999,612,186,426,30.392,99.999,0.75,-4.11,17525,16.61,-88.78,0.05,-99.73,0.0,-96.64
SOL-USDT-SWAP,5m,1H,0.01,0.02,0.008,148.0,0.001,-99.999,612,211,401,34.477,100.0,0.723,-4.11,17525,8.2,-94.46,0.02,-99.72,0.0,-95.3
SOL-USDT-SWAP,5m,1H,0.01,0.02,0.01,148.0,0.0,-100.0,612,213,399,34.804,100.0,0.717,-4.11,17525,7.47,-94.95,0.01,-99.86,0.0,-95.42
SOL-USDT-SWAP,5m,1H,0.01,0.02,0.015,148.0,0.0,-100.0,612,220,392,35.948,100.0,0.683,-4.11,17525,4.91,-96.68,0.01,-99.88,0.0,-95.05
SOL-USDT-SWAP,5m,1H,0.01,0.02,0.02,148.0,0.0,-100.0,612,224,388,36.601,100.0,0.636,-4.11,17525,2.38,-98.39,0.0,-99.8,0.0,-94.41
SOL-USDT-SWAP,5m,1H,0.01,0.02,0.025,148.0,0.0,-100.0,612,226,386,36.928,100.0,0.658,-4.11,17525,3.74,-97.47,0.01,-99.86,0.0,-95.32
SOL-USDT-SWAP,5m,1H,0.01,0.02,0.03,148.0,0.0,-100.0,612,227,385,37.092,100.0,0.651,-4.11,17525,3.67,-97.52,0.01,-99.82,0.0,-95.02
SOL-USDT-SWAP,5m,1H,0.01,0.03,0.005,148.0,0.001,-99.999,612,180,432,29.412,100.0,0.735,-4.11,17525,15.17,-89.75,0.03,-99.84,0.0,-96.52
SOL-USDT-SWAP,5m,1H,0.01,0.03,0.008,148.0,0.0,-100.0,612,204,408,33.333,100.0,0.707,-4.11,17525,7.02,-95.26,0.01,-99.83,0.0,-96.17
SOL-USDT-SWAP,5m,1H,0.01,0.03,0.01,148.0,0.0,-100.0,612,206,406,33.66,100.0,0.697,-4.11,17525,6.11,-95.87,0.0,-99.92,0.0,-96.26
SOL-USDT-SWAP,5m,1H,0.01,0.03,0.015,148.0,0.0,-100.0,612,213,399,34.804,100.0,0.653,-4.11,17525,3.57,-97.59,0.0,-99.94,0.0,-95.96
SOL-USDT-SWAP,5m,1H,0.01,0.03,0.02,148.0,0.0,-100.0,612,216,396,35.294,100.0,0.601,-4.11,17525,1.53,-98.97,0.0,-99.94,0.0,-95.84
SOL-USDT-SWAP,5m,1H,0.01,0.03,0.025,148.0,0.0,-100.0,612,219,393,35.784,100.0,0.607,-4.11,17525,2.16,-98.54,0.0,-99.94,0.0,-96.52
SOL-USDT-SWAP,5m,1H,0.01,0.03,0.03,148.0,0.0,-100.0,612,220,392,35.948,100.0,0.586,-4.11,17525,1.84,-98.76,0.0,-99.91,0.0,-96.29
SOL-USDT-SWAP,15m,2H,0.001,0.004,0.005,148.0,0.0,-100.0,2290,1500,790,65.502,100.0,0.648,-4.11,8763,2.26,-98.47,0.0,-99.98,0.0,-98.79
SOL-USDT-SWAP,15m,2H,0.001,0.004,0.008,148.0,0.008,-99.994,2290,1660,630,72.489,99.997,0.779,-4.109,8763,21.26,-85.64,0.06,-99.71,0.01,-86.65
SOL-USDT-SWAP,15m,2H,0.001,0.004,0.01,148.0,0.367,-99.752,2290,1713,577,74.803,99.888,0.871,-4.099,8763,52.81,-64.31,0.75,-98.59,0.37,-50.74
SOL-USDT-SWAP,15m,2H,0.001,0.004,0.015,148.0,5.145,-96.524,2290,1754,536,76.594,99.25,0.944,-3.967,8763,222.66,50.45,4.23,-98.1,5.14,21.72
SOL-USDT-SWAP,15m,2H,0.001,0.004,0.02,148.0,43.133,-70.856,2290,1772,518,77.38,95.412,0.978,-2.912,8763,227.75,53.89,33.59,-85.25,43.13,28.42
SOL-USDT-SWAP,15m,2H,0.001,0.004,0.025,148.0,112.431,-24.033,2290,1779,511,77.686,96.801,0.997,-0.988,8763,804.22,443.39,77.29,-90.39,112.43,45.47
SOL-USDT-SWAP,15m,2H,0.001,0.004,0.03,148.0,395.248,167.06,2290,1785,505,77.948,91.163,1.013,6.865,8763,974.45,558.42,317.44,-67.42,395.25,24.51
SOL-USDT-SWAP,15m,2H,0.001,0.006,0.005,148.0,0.0,-100.0,2290,1151,1139,50.262,100.0,0.654,-4.11,8763,0.21,-99.86,0.0,-100.0,0.0,-99.8
SOL-USDT-SWAP,15m,2H,0.001,0.006,0.008,148.0,0.0,-100.0,2290,1289,1001,56.288,100.0,0.682,-4.11,8763,0.48,-99.67,0.0,-99.99,0.0,-98.33
SOL-USDT-SWAP,15m,2H,0.001,0.006,0.01,148.0,0.0,-100.0,2290,1337,953,58.384,100.0,0.752,-4.11,8763,1.11,-99.25,0.0,-99.97,0.0,-95.97
SOL-USDT-SWAP,15m,2H,0.001,0.006,0.015,148.0,0.0,-100.0,2290,1372,918,59.913,100.0,0.776,-4.11,8763,2.08,-98.59,0.0,-99.97,0.0,-89.97
SOL-USDT-SWAP,15m,2H,0.001,0.006,0.02,148.0,0.0,-100.0,2290,1389,901,60.655,100.0,0.844,-4.11,8763,2.23,-98.5,0.0,-99.82,0.0,-91.44
SOL-USDT-SWAP,15m,2H,0.001,0.006,0.025,148.0,0.0,-100.0,2290,1395,895,60.917,100.0,0.879,-4.11,8763,8.34,-94.36,0.01,-99.94,0.0,-91.84
SOL-USDT-SWAP,15m,2H,0.001,0.006,0.03,148.0,0.001,-99.999,2290,1400,890,61.135,100.0,0.895,-4.11,8763,9.13,-93.83,0.02,-99.83,0.0,-93.46
SOL-USDT-SWAP,15m,2H,0.001,0.008,0.005,148.0,0.0,-100.0,2290,929,1361,40.568,100.0,0.622,-4.11,8763,0.04,-99.97,0.0,-100.0,0.0,-99.99
SOL-USDT-SWAP,15m,2H,0.001,0.008,0.008,148.0,0.0,-100.0,2290,1053,1237,45.983,100.0,0.64,-4.11,8763,0.08,-99.94,0.0,-100.0,0.0,-99.98
SOL-USDT-SWAP,15m,2H,0.001,0.008,0.01,148.0,0.0,-100.0,2290,1094,1196,47.773,100.0,0.665,-4.11,8763,0.15,-99.9,0.0,-100.0,0.0,-99.96
SOL-USDT-SWAP,15m,2H,0.001,0.008,0.015,148.0,0.0,-100.0,2290,1126,1164,49.17,100.0,0.669,-4.11,8763,0.21,-99.86,0.0,-100.0,0.0,-99.97
SOL-USDT-SWAP,15m,2H,0.001,0.008,0.02,148.0,0.0,-100.0,2290,1144,1146,49.956,100.0,0.742,-4.11,8763,0.15,-99.9,0.0,-100.0,0.0,-99.98
SOL-USDT-SWAP,15m,2H,0.001,0.008,0.025,148.0,0.0,-100.0,2290,1149,1141,50.175,100.0,0.761,-4.11,8763,0.48,-99.68,0.0,-100.0,0.0,-99.99
SOL-USDT-SWAP,15m,2H,0.001,0.008,0.03,148.0,0.0,-100.0,2290,1153,1137,50.349,100.0,0.773,-4.11,8763,0.55,-99.63,0.0,-100.0,0.0,-99.99
SOL-USDT-SWAP,15m,2H,0.001,0.01,0.005,148.0,0.0,-100.0,2290,806,1484,35.197,100.0,0.507,-4.11,8763,0.01,-99.99,0.0,-100.0,0.0,-100.0
SOL-USDT-SWAP,15m,2H,0.001,0.01,0.008,148.0,0.0,-100.0,2290,920,1370,40.175,100.0,0.528,-4.11,8763,0.01,-99.99,0.0,-100.0,0.0,-100.0
SOL-USDT-SWAP,15m,2H,0.001,0.01,0.01,148.0,0.0,-100.0,2290,957,1333,41.79,100.0,0.546,-4.11,8763,0.01,-99.99,0.0,-100.0,0.0,-100.0
SOL-USDT-SWAP,15m,2H,0.001,0.01,0.015,148.0,0.0,-100.0,2290,983,1307,42.926,100.0,0.571,-4.11,8763,0.01,-99.99,0.0,-100.0,0.0,-100.0
SOL-USDT-SWAP,15m,2H,0.001,0.01,0.02,148.0,0.0,-100.0,2290,999,1291,43.624,100.0,0.673,-4.11,8763,0.01,-99.99,0.0,-100.0,0.0,-100.0
SOL-USDT-SWAP,15m,2H,0.001,0.01,0.025,148.0,0.0,-100.0,2290,1004,1286,43.843,100.0,0.689,-4.11,8763,0.05,-99.96,0.0,-100.0,0.0,-100.0
SOL-USDT-SWAP,15m,2H,0.001,0.01,0.03,148.0,0.0,-100.0,2290,1007,1283,43.974,100.0,0.682,-4.11,8763,0.04,-99.97,0.0,-100.0,0.0,-100.0
SOL-USDT-SWAP,15m,2H,0.001,0.012,0.005,148.0,0.0,-100.0,2290,748,1542,32.664,100.0,0.555,-4.11,8763,0.0,-100.0,0.0,-100.0,0.0,-100.0
SOL-USDT-SWAP,15m,2H,0.001,0.012,0.008,148.0,0.0,-100.0,2290,856,1434,37.38,100.0,0.54,-4.11,8763,0.0,-100.0,0.0,-100.0,0.0,-100.0
SOL-USDT-SWAP,15m,2H,0.001,0.012,0.01,148.0,0.0,-100.0,2290,887,1403,38.734,100.0,0.546,-4.11,8763,0.0,-100.0,0.0,-100.0,0.0,-100.0
SOL-USDT-SWAP,15m,2H,0.001,0.012,0.015,148.0,0.0,-100.0,2290,912,1378,39.825,100.0,0.487,-4.11,8763,0.0,-100.0,0.0,-100.0,0.0,-100.0
SOL-USDT-SWAP,15m,2H,0.001,0.012,0.02,148.0,0.0,-100.0,2290,927,1363,40.48,100.0,0.576,-4.11,8763,0.0,-100.0,0.0,-100.0,0.0,-100.0
SOL-USDT-SWAP,15m,2H,0.001,0.012,0.025,148.0,0.0,-100.0,2290,931,1359,40.655,100.0,0.572,-4.11,8763,0.0,-100.0,0.0,-100.0,0.0,-100.0
SOL-USDT-SWAP,15m,2H,0.001,0.012,0.03,148.0,0.0,-100.0,2290,934,1356,40.786,100.0,0.549,-4.11,8763,0.0,-100.0,0.0,-100.0,0.0,-100.0
SOL-USDT-SWAP,15m,2H,0.001,0.015,0.005,148.0,0.0,-100.0,2290,696,1594,30.393,100.0,0.572,-4.11,8763,0.0,-100.0,0.0,-100.0,0.0,-100.0
SOL-USDT-SWAP,15m,2H,0.001,0.015,0.008,148.0,0.0,-100.0,2290,797,1493,34.803,100.0,0.565,-4.11,8763,0.0,-100.0,0.0,-100.0,0.0,-100.0
SOL-USDT-SWAP,15m,2H,0.001,0.015,0.01,148.0,0.0,-100.0,2290,828,1462,36.157,100.0,0.571,-4.11,8763,0.0,-100.0,0.0,-100.0,0.0,-100.0
SOL-USDT-SWAP,15m,2H,0.001,0.015,0.015,148.0,0.0,-100.0,2290,849,1441,37.074,100.0,0.497,-4.11,8763,0.0,-100.0,0.0,-100.0,0.0,-100.0
SOL-USDT-SWAP,15m,2H,0.001,0.015,0.02,148.0,0.0,-100.0,2290,860,1430,37.555,100.0,0.475,-4.11,8763,0.0,-100.0,0.0,-100.0,0.0,-100.0
SOL-USDT-SWAP,15m,2H,0.001,0.015,0.025,148.0,0.0,-100.0,2290,864,1426,37.729,100.0,0.456,-4.11,8763,0.0,-100.0,0.0,-100.0,0.0,-100.0
SOL-USDT-SWAP,15m,2H,0.001,0.015,0.03,148.0,0.0,-100.0,2290,869,1421,37.948,100.0,0.418,-4.11,8763,0.0,-100.0,0.0,-100.0,0.0,-100.0
SOL-USDT-SWAP,15m,2H,0.001,0.02,0.005,148.0,0.0,-100.0,2290,671,1619,29.301,100.0,0.631,-4.11,8763,0.0,-100.0,0.0,-100.0,0.0,-100.0
SOL-USDT-SWAP,15m,2H,0.001,0.02,0.008,148.0,0.0,-100.0,2290,765,1525,33.406,100.0,0.606,-4.11,8763,0.0,-100.0,0.0,-100.0,0.0,-100.0
SOL-USDT-SWAP,15m,2H,0.001,0.02,0.01,148.0,0.0,-100.0,2290,798,1492,34.847,100.0,0.612,-4.11,8763,0.0,-100.0,0.0,-100.0,0.0,-100.0
SOL-USDT-SWAP,15m,2H,0.001,0.02,0.015,148.0,0.0,-100.0,2290,816,1474,35.633,100.0,0.544,-4.11,8763,0.0,-100.0,0.0,-100.0,0.0,-100.0
SOL-USDT-SWAP,15m,2H,0.001,0.02,0.02,148.0,0.0,-100.0,2290,825,1465,36.026,100.0,0.523,-4.11,8763,0.0,-100.0,0.0,-100.0,0.0,-100.0
SOL-USDT-SWAP,15m,2H,0.001,0.02,0.025,148.0,0.0,-100.0,2290,829,1461,36.201,100.0,0.503,-4.11,8763,0.0,-100.0,0.0,-100.0,0.0,-100.0
SOL-USDT-SWAP,15m,2H,0.001,0.02,0.03,148.0,0.0,-100.0,2290,832,1458,36.332,100.0,0.465,-4.11,8763,0.0,-100.0,0.0,-100.0,0.0,-100.0
SOL-USDT-SWAP,15m,2H,0.001,0.03,0.005,148.0,0.0,-100.0,2290,655,1635,28.603,100.0,0.644,-4.11,8763,0.0,-100.0,0.0,-100.0,0.0,-100.0
SOL-USDT-SWAP,15m,2H,0.001,0.03,0.008,148.0,0.0,-100.0,2290,745,1545,32.533,100.0,0.619,-4.11,8763,0.0,-100.0,0.0,-100.0,0.0,-100.0
SOL-USDT-SWAP,15m,2H,0.001,0.03,0.01,148.0,0.0,-100.0,2290,776,1514,33.886,100.0,0.624,-4.11,8763,0.0,-100.0,0.0,-100.0,0.0,-100.0
SOL-USDT-SWAP,15m,2H,0.001,0.03,0.015,148.0,0.0,-100.0,2290,795,1495,34.716,100.0,0.567,-4.11,8763,0.0,-100.0,0.0,-100.0,0.0,-100.0
SOL-USDT-SWAP,15m,2H,0.001,0.03,0.02,148.0,0.0,-100.0,2290,804,1486,35.109,100.0,0.546,-4.11,8763,0.0,-100.0,0.0,-100.0,0.0,-100.0
SOL-USDT-SWAP,15m,2H,0.001,0.03,0.025,148.0,0.0,-100.0,2290,809,1481,35.328,100.0,0.523,-4.11,8763,0.0,-100.0,0.0,-100.0,0.0,-100.0
SOL-USDT-SWAP,15m,2H,0.001,0.03,0.03,148.0,0.0,-100.0,2290,812,1478,35.459,100.0,0.486,-4.11,8763,0.0,-100.0,0.0,-100.0,0.0,-100.0
SOL-USDT-SWAP,15m,2H,0.002,0.004,0.005,148.0,0.0,-100.0,1968,1317,651,66.921,100.0,0.601,-4.11,8763,3.1,-97.91,0.01,-99.84,0.0,-96.25
SOL-USDT-SWAP,15m,2H,0.002,0.004,0.008,148.0,1.437,-99.029,1968,1482,486,75.305,99.492,0.85,-4.07,8763,42.13,-71.54,1.3,-96.91,1.44,10.45
SOL-USDT-SWAP,15m,2H,0.002,0.004,0.01,148.0,29.007,-80.401,1968,1525,443,77.49,97.207,0.954,-3.304,8763,150.02,1.36,11.54,-92.3,29.01,151.25
SOL-USDT-SWAP,15m,2H,0.002,0.004,0.015,148.0,194.565,31.463,1968,1560,408,79.268,97.493,1.008,1.293,8763,428.19,189.32,42.93,-89.97,194.56,353.24
SOL-USDT-SWAP,15m,2H,0.002,0.004,0.02,148.0,1905.965,1187.814,1968,1581,387,80.335,92.096,1.1,48.814,8763,606.47,309.78,296.01,-51.19,1905.96,543.89
SOL-USDT-SWAP,15m,2H,0.002,0.004,0.025,148.0,3561.765,2306.598,1968,1587,381,80.64,91.929,1.094,94.792,8763,1683.0,1037.16,646.97,-61.56,3561.76,450.53
SOL-USDT-SWAP,15m,2H,0.002,0.004,0.03,148.0,14090.575,9420.658,1968,1594,374,80.996,83.801,1.196,387.15,8763,2039.25,1277.87,2206.86,8.22,14090.57,538.49
SOL-USDT-SWAP,15m,2H,0.002,0.006,0.005,148.0,0.0,-100.0,1968,1005,963,51.067,100.0,0.636,-4.11,8763,1.4,-99.06,0.0,-99.99,0.0,-99.5
SOL-USDT-SWAP,15m,2H,0.002,0.006,0.008,148.0,0.0,-100.0,1968,1145,823,58.181,100.0,0.78,-4.11,8763,9.59,-93.52,0.0,-99.96,0.0,-92.93
SOL-USDT-SWAP,15m,2H,0.002,0.006,0.01,148.0,0.004,-99.997,1968,1185,783,60.213,99.998,0.89,-4.109,8763,35.14,-76.26,0.03,-99.9,0.0,-87.75
SOL-USDT-SWAP,15m,2H,0.002,0.006,0.015,148.0,0.039,-99.974,1968,1220,748,61.992,99.992,0.945,-4.109,8763,105.51,-28.71,0.16,-99.85,0.04,-75.66
SOL-USDT-SWAP,15m,2H,0.002,0.006,0.02,148.0,0.478,-99.677,1968,1238,730,62.907,99.942,0.969,-4.096,8763,188.75,27.53,1.5,-99.2,0.48,-68.18
SOL-USDT-SWAP,15m,2H,0.002,0.006,0.025,148.0,0.617,-99.583,1968,1244,724,63.211,99.949,0.982,-4.092,8763,495.58,234.85,2.51,-99.49,0.62,-75.39
SOL-USDT-SWAP,15m,2H,0.002,0.006,0.03,148.0,4.067,-97.252,1968,1251,717,63.567,99.727,0.986,-3.997,8763,649.24,338.68,12.96,-98.0,4.07,-68.61
SOL-USDT-SWAP,15m,2H,0.002,0.008,0.005,148.0,0.0,-100.0,1968,822,1146,41.768,100.0,0.585,-4.11,8763,0.08,-99.95,0.0,-100.0,0.0,-99.92
SOL-USDT-SWAP,15m,2H,0.002,0.008,0.008,148.0,0.0,-100.0,1968,948,1020,48.171,100.0,0.646,-4.11,8763,0.34,-99.77,0.0,-100.0,0.0,-99.5
SOL-USDT-SWAP,15m,2H,0.002,0.008,0.01,148.0,0.0,-100.0,1968,979,989,49.746,100.0,0.726,-4.11,8763,0.93,-99.37,0.0,-100.0,0.0,-99.4
SOL-USDT-SWAP,15m,2H,0.002,0.008,0.015,148.0,0.0,-100.0,1968,1011,957,51.372,100.0,0.721,-4.11,8763,1.11,-99.25,0.0,-100.0,0.0,-99.15
SOL-USDT-SWAP,15m,2H,0.002,0.008,0.02,148.0,0.0,-100.0,1968,1028,940,52.236,100.0,0.775,-4.11,8763,1.47,-99.01,0.0,-99.99,0.0,-99.35
SOL-USDT-SWAP,15m,2H,0.002,0.008,0.025,148.0,0.0,-100.0,1968,1032,936,52.439,100.0,0.802,-4.11,8763,3.51,-97.63,0.0,-100.0,0.0,-99.47
SOL-USDT-SWAP,15m,2H,0.002,0.008,0.03,148.0,0.0,-100.0,1968,1039,929,52.795,100.0,0.813,-4.11,8763,4.55,-96.92,0.0,-99.99,0.0,-99.43
SOL-USDT-SWAP,15m,2H,0.002,0.01,0.005,148.0,0.0,-100.0,1968,716,1252,36.382,100.0,0.481,-4.11,8763,0.03,-99.98,0.0,-100.0,0.0,-99.99
SOL-USDT-SWAP,15m,2H,0.002,0.01,0.008,148.0,0.0,-100.0,1968,826,1142,41.972,100.0,0.52,-4.11,8763,0.09,-99.94,0.0,-100.0,0.0,-99.97
SOL-USDT-SWAP,15m,2H,0.002,0.01,0.01,148.0,0.0,-100.0,1968,854,1114,43.394,100.0,0.599,-4.11,8763,0.19,-99.87,0.0,-100.0,0.0,-99.96
SOL-USDT-SWAP,15m,2H,0.002,0.01,0.015,148.0,0.0,-100.0,1968,881,1087,44.766,100.0,0.581,-4.11,8763,0.21,-99.86,0.0,-100.0,0.0,-99.97
SOL-USDT-SWAP,15m,2H,0.002,0.01,0.02,148.0,0.0,-100.0,1968,896,1072,45.528,100.0,0.659,-4.11,8763,0.23,-99.84,0.0,-100.0,0.0,-99.98
SOL-USDT-SWAP,15m,2H,0.002,0.01,0.025,148.0,0.0,-100.0,1968,901,1067,45.783,100.0,0.682,-4.11,8763,0.68,-99.54,0.0,-100.0,0.0,-99.98
SOL-USDT-SWAP,15m,2H,0.002,0.01,0.03,148.0,0.0,-100.0,1968,906,1062,46.037,100.0,0.7,-4.11,8763,0.97,-99.35,0.0,-100.0,0.0,-99.98
SOL-USDT-SWAP,15m,2H,0.002,0.012,0.005,148.0,0.0,-100.0,1968,652,1316,33.13,100.0,0.479,-4.11,8763,0.01,-100.0,0.0,-100.0,0.0,-100.0
SOL-USDT-SWAP,15m,2H,0.002,0.012,0.008,148.0,0.0,-100.0,1968,754,1214,38.313,100.0,0.507,-4.11,8763,0.01,-99.99,0.0,-100.0,0.0,-99.99
SOL-USDT-SWAP,15m,2H,0.002,0.012,0.01,148.0,0.0,-100.0,1968,781,1187,39.685,100.0,0.581,-4.11,8763,0.02,-99.99,0.0,-100.0,0.0,-99.99
SOL-USDT-SWAP,15m,2H,0.002,0.012,0.015,148.0,0.0,-100.0,1968,803,1165,40.803,100.0,0.553,-4.11,8763,0.01,-99.99,0.0,-100.0,0.0,-99.99
SOL-USDT-SWAP,15m,2H,0.002,0.012,0.02,148.0,0.0,-100.0,1968,817,1151,41.514,100.0,0.639,-4.11,8763,0.01,-99.99,0.0,-100.0,0.0,-99.99
SOL-USDT-SWAP,15m,2H,0.002,0.012,0.025,148.0,0.0,-100.0,1968,821,1147,41.717,100.0,0.652,-4.11,8763,0.03,-99.98,0.0,-100.0,0.0,-100.0
SOL-USDT-SWAP,15m,2H,0.002,0.012,0.03,148.0,0.0,-100.0,1968,825,1143,41.921,100.0,0.647,-4.11,8763,0.02,-99.98,0.0,-100.0,0.0,-100.0
SOL-USDT-SWAP,15m,2H,0.002,0.015,0.005,148.0,0.0,-100.0,1968,602,1366,30.589,100.0,0.469,-4.11,8763,0.0,-100.0,0.0,-100.0,0.0,-100.0
SOL-USDT-SWAP,15m,2H,0.002,0.015,0.008,148.0,0.0,-100.0,1968,693,1275,35.213,100.0,0.497,-4.11,8763,0.0,-100.0,0.0,-100.0,0.0,-100.0
SOL-USDT-SWAP,15m,2H,0.002,0.015,0.01,148.0,0.0,-100.0,1968,720,1248,36.585,100.0,0.497,-4.11,8763,0.0,-100.0,0.0,-100.0,0.0,-100.0
SOL-USDT-SWAP,15m,2H,0.002,0.015,0.015,148.0,0.0,-100.0,1968,740,1228,37.602,100.0,0.446,-4.11,8763,0.0,-100.0,0.0,-100.0,0.0,-100.0
SOL-USDT-SWAP,15m,2H,0.002,0.015,0.02,148.0,0.0,-100.0,1968,752,1216,38.211,100.0,0.54,-4.11,8763,0.0,-100.0,0.0,-100.0,0.0,-100.0
SOL-USDT-SWAP,15m,2H,0.002,0.015,0.025,148.0,0.0,-100.0,1968,755,1213,38.364,100.0,0.531,-4.11,8763,0.0,-100.0,0.0,-100.0,0.0,-100.0
SOL-USDT-SWAP,15m,2H,0.002,0.015,0.03,148.0,0.0,-100.0,1968,760,1208,38.618,100.0,0.51,-4.11,8763,0.0,-100.0,0.0,-100.0,0.0,-100.0
SOL-USDT-SWAP,15m,2H,0.002,0.02,0.005,148.0,0.0,-100.0,1968,580,1388,29.472,100.0,0.527,-4.11,8763,0.0,-100.0,0.0,-100.0,0.0,-100.0
SOL-USDT-SWAP,15m,2H,0.002,0.02,0.008,148.0,0.0,-100.0,1968,668,1300,33.943,100.0,0.567,-4.11,8763,0.0,-100.0,0.0,-100.0,0.0,-100.0
SOL-USDT-SWAP,15m,2H,0.002,0.02,0.01,148.0,0.0,-100.0,1968,694,1274,35.264,100.0,0.541,-4.11,8763,0.0,-100.0,0.0,-100.0,0.0,-100.0
SOL-USDT-SWAP,15m,2H,0.002,0.02,0.015,148.0,0.0,-100.0,1968,711,1257,36.128,100.0,0.487,-4.11,8763,0.0,-100.0,0.0,-100.0,0.0,-100.0
SOL-USDT-SWAP,15m,2H,0.002,0.02,0.02,148.0,0.0,-100.0,1968,721,1247,36.636,100.0,0.458,-4.11,8763,0.0,-100.0,0.0,-100.0,0.0,-100.0
SOL-USDT-SWAP,15m,2H,0.002,0.02,0.025,148.0,0.0,-100.0,1968,724,1244,36.789,100.0,0.44,-4.11,8763,0.0,-100.0,0.0,-100.0,0.0,-100.0
SOL-USDT-SWAP,15m,2H,0.002,0.02,0.03,148.0,0.0,-100.0,1968,728,1240,36.992,100.0,0.402,-4.11,8763,0.0,-100.0,0.0,-100.0,0.0,-100.0
SOL-USDT-SWAP,15m,2H,0.002,0.03,0.005,148.0,0.0,-100.0,1968,567,1401,28.811,100.0,0.548,-4.11,8763,0.0,-100.0,0.0,-100.0,0.0,-100.0
SOL-USDT-SWAP,15m,2H,0.002,0.03,0.008,148.0,0.0,-100.0,1968,648,1320,32.927,100.0,0.553,-4.11,8763,0.0,-100.0,0.0,-100.0,0.0,-100.0
SOL-USDT-SWAP,15m,2H,0.002,0.03,0.01,148.0,0.0,-100.0,1968,674,1294,34.248,100.0,0.529,-4.11,8763,0.0,-100.0,0.0,-100.0,0.0,-100.0
SOL-USDT-SWAP,15m,2H,0.002,0.03,0.015,148.0,0.0,-100.0,1968,690,1278,35.061,100.0,0.483,-4.11,8763,0.0,-100.0,0.0,-100.0,0.0,-100.0
SOL-USDT-SWAP,15m,2H,0.002,0.03,0.02,148.0,0.0,-100.0,1968,699,1269,35.518,100.0,0.455,-4.11,8763,0.0,-100.0,0.0,-100.0,0.0,-100.0
SOL-USDT-SWAP,15m,2H,0.002,0.03,0.025,148.0,0.0,-100.0,1968,703,1265,35.722,100.0,0.438,-4.11,8763,0.0,-100.0,0.0,-100.0,0.0,-100.0
SOL-USDT-SWAP,15m,2H,0.002,0.03,0.03,148.0,0.0,-100.0,1968,706,1262,35.874,100.0,0.4,-4.11,8763,0.0,-100.0,0.0,-100.0,0.0,-100.0
SOL-USDT-SWAP,15m,2H,0.003,0.004,0.005,148.0,0.004,-99.997,1705,1159,546,67.977,99.997,0.583,-4.109,8763,7.32,-95.06,0.03,-99.59,0.0,-85.77
SOL-USDT-SWAP,15m,2H,0.003,0.004,0.008,148.0,10.488,-92.914,1705,1309,396,76.774,97.448,0.908,-3.818,8763,95.72,-35.32,7.79,-91.86,10.49,34.63
SOL-USDT-SWAP,15m,2H,0.003,0.004,0.01,148.0,80.037,-45.921,1705,1349,356,79.12,92.437,0.977,-1.887,8763,179.19,21.07,44.19,-75.34,80.04,81.1
SOL-USDT-SWAP,15m,2H,0.003,0.004,0.015,148.0,790.516,434.132,1705,1388,317,81.408,92.045,1.096,17.841,8763,411.81,178.25,184.45,-55.21,790.52,328.58
SOL-USDT-SWAP,15m,2H,0.003,0.004,0.02,148.0,4232.465,2759.774,1705,1405,300,82.405,79.445,1.221,113.415,8763,465.72,214.68,751.49,61.36,4232.47,463.21
SOL-USDT-SWAP,15m,2H,0.003,0.004,0.025,148.0,18715.194,12545.402,1705,1414,291,82.933,74.234,1.21,515.564,8763,2233.37,1409.03,4607.48,106.3,18715.19,306.19
SOL-USDT-SWAP,15m,2H,0.003,0.004,0.03,148.0,44550.417,30001.633,1705,1420,285,83.284,70.195,1.349,1232.944,8763,2118.8,1331.62,15721.25,641.99,44550.42,183.38
SOL-USDT-SWAP,15m,2H,0.003,0.006,0.005,148.0,0.003,-99.998,1705,923,782,54.135,99.998,0.745,-4.109,8763,21.21,-85.67,0.02,-99.9,0.0,-85.17
SOL-USDT-SWAP,15m,2H,0.003,0.006,0.008,148.0,1.644,-98.889,1705,1051,654,61.642,99.718,0.943,-4.064,8763,188.71,27.51,1.08,-99.43,1.64,52.82
SOL-USDT-SWAP,15m,2H,0.003,0.006,0.01,148.0,8.687,-94.13,1705,1085,620,63.636,99.467,0.972,-3.868,8763,431.2,191.35,4.1,-99.05,8.69,111.75
SOL-USDT-SWAP,15m,2H,0.003,0.006,0.015,148.0,31.639,-78.622,1705,1117,588,65.513,99.672,0.984,-3.231,8763,776.63,424.75,7.14,-99.08,31.64,343.33
SOL-USDT-SWAP,15m,2H,0.003,0.006,0.02,148.0,78.425,-47.01,1705,1130,575,66.276,99.011,0.993,-1.932,8763,858.43,480.02,19.8,-97.69,78.43,296.16
SOL-USDT-SWAP,15m,2H,0.003,0.006,0.025,148.0,510.938,245.229,1705,1139,566,66.804,98.962,1.008,10.078,8763,4699.75,3075.51,115.53,-97.54,510.94,342.25
SOL-USDT-SWAP,15m,2H,0.003,0.006,0.03,148.0,1843.855,1145.848,1705,1145,560,67.155,96.429,1.036,47.09,8763,4419.66,2886.25,348.12,-92.12,1843.86,429.66
SOL-USDT-SWAP,15m,2H,0.003,0.008,0.005,148.0,0.0,-100.0,1705,738,967,43.284,100.0,0.585,-4.11,8763,0.76,-99.49,0.0,-100.0,0.0,-95.9
SOL-USDT-SWAP,15m,2H,0.003,0.008,0.008,148.0,0.0,-100.0,1705,850,855,49.853,100.0,0.735,-4.11,8763,3.99,-97.3,0.0,-99.99,0.0,-81.73
SOL-USDT-SWAP,15m,2H,0.003,0.008,0.01,148.0,0.0,-100.0,1705,879,826,51.554,100.0,0.78,-4.11,8763,5.83,-96.06,0.0,-99.99,0.0,-79.81
SOL-USDT-SWAP,15m,2H,0.003,0.008,0.015,148.0,0.0,-100.0,1705,911,794,53.431,100.0,0.797,-4.11,8763,6.69,-95.48,0.0,-99.99,0.0,-63.21
SOL-USDT-SWAP,15m,2H,0.003,0.008,0.02,148.0,0.0,-100.0,1705,920,785,53.959,100.0,0.833,-4.11,8763,6.83,-95.39,0.0,-99.99,0.0,-79.16
SOL-USDT-SWAP,15m,2H,0.003,0.008,0.025,148.0,0.001,-99.999,1705,928,777,54.428,100.0,0.905,-4.11,8763,39.61,-73.23,0.0,-99.99,0.0,-70.74
SOL-USDT-SWAP,15m,2H,0.003,0.008,0.03,148.0,0.003,-99.998,1705,934,771,54.78,99.999,0.891,-4.11,8763,33.73,-77.21,0.01,-99.97,0.0,-71.16
SOL-USDT-SWAP,15m,2H,0.003,0.01,0.005,148.0,0.0,-100.0,1705,634,1071,37.185,100.0,0.571,-4.11,8763,0.12,-99.92,0.0,-100.0,0.0,-99.45
SOL-USDT-SWAP,15m,2H,0.003,0.01,0.008,148.0,0.0,-100.0,1705,731,974,42.874,100.0,0.634,-4.11,8763,0.36,-99.76,0.0,-100.0,0.0,-98.54
SOL-USDT-SWAP,15m,2H,0.003,0.01,0.01,148.0,0.0,-100.0,1705,760,945,44.575,100.0,0.689,-4.11,8763,0.78,-99.47,0.0,-100.0,0.0,-98.9
SOL-USDT-SWAP,15m,2H,0.003,0.01,0.015,148.0,0.0,-100.0,1705,790,915,46.334,100.0,0.668,-4.11,8763,0.56,-99.62,0.0,-100.0,0.0,-98.65
SOL-USDT-SWAP,15m,2H,0.003,0.01,0.02,148.0,0.0,-100.0,1705,800,905,46.921,100.0,0.72,-4.11,8763,0.52,-99.65,0.0,-100.0,0.0,-99.39
SOL-USDT-SWAP,15m,2H,0.003,0.01,0.025,148.0,0.0,-100.0,1705,808,897,47.39,100.0,0.779,-4.11,8763,2.71,-98.17,0.0,-100.0,0.0,-99.26
SOL-USDT-SWAP,15m,2H,0.003,0.01,0.03,148.0,0.0,-100.0,1705,813,892,47.683,100.0,0.769,-4.11,8763,2.51,-98.3,0.0,-100.0,0.0,-99.34
SOL-USDT-SWAP,15m,2H,0.003,0.012,0.005,148.0,0.0,-100.0,1705,573,1132,33.607,100.0,0.49,-4.11,8763,0.05,-99.97,0.0,-100.0,0.0,-99.9
SOL-USDT-SWAP,15m,2H,0.003,0.012,0.008,148.0,0.0,-100.0,1705,664,1041,38.944,100.0,0.551,-4.11,8763,0.14,-99.9,0.0,-100.0,0.0,-99.77
SOL-USDT-SWAP,15m,2H,0.003,0.012,0.01,148.0,0.0,-100.0,1705,689,1016,40.411,100.0,0.618,-4.11,8763,0.24,-99.84,0.0,-100.0,0.0,-99.87
SOL-USDT-SWAP,15m,2H,0.003,0.012,0.015,148.0,0.0,-100.0,1705,710,995,41.642,100.0,0.617,-4.11,8763,0.16,-99.89,0.0,-100.0,0.0,-99.88
SOL-USDT-SWAP,15m,2H,0.003,0.012,0.02,148.0,0.0,-100.0,1705,720,985,42.229,100.0,0.681,-4.11,8763,0.19,-99.87,0.0,-100.0,0.0,-99.93
SOL-USDT-SWAP,15m,2H,0.003,0.012,0.025,148.0,0.0,-100.0,1705,727,978,42.639,100.0,0.711,-4.11,8763,0.64,-99.57,0.0,-100.0,0.0,-99.9
SOL-USDT-SWAP,15m,2H,0.003,0.012,0.03,148.0,0.0,-100.0,1705,731,974,42.874,100.0,0.7,-4.11,8763,0.61,-99.59,0.0,-100.0,0.0,-99.92
SOL-USDT-SWAP,15m,2H,0.003,0.015,0.005,148.0,0.0,-100.0,1705,524,1181,30.733,100.0,0.431,-4.11,8763,0.01,-100.0,0.0,-100.0,0.0,-99.99
SOL-USDT-SWAP,15m,2H,0.003,0.015,0.008,148.0,0.0,-100.0,1705,610,1095,35.777,100.0,0.469,-4.11,8763,0.01,-99.99,0.0,-100.0,0.0,-99.98
SOL-USDT-SWAP,15m,2H,0.003,0.015,0.01,148.0,0.0,-100.0,1705,636,1069,37.302,100.0,0.452,-4.11,8763,0.02,-99.99,0.0,-100.0,0.0,-99.99
SOL-USDT-SWAP,15m,2H,0.003,0.015,0.015,148.0,0.0,-100.0,1705,656,1049,38.475,100.0,0.419,-4.11,8763,0.01,-99.99,0.0,-100.0,0.0,-99.99
SOL-USDT-SWAP,15m,2H,0.003,0.015,0.02,148.0,0.0,-100.0,1705,666,1039,39.062,100.0,0.505,-4.11,8763,0.01,-99.99,0.0,-100.0,0.0,-99.99
SOL-USDT-SWAP,15m,2H,0.003,0.015,0.025,148.0,0.0,-100.0,1705,674,1031,39.531,100.0,0.513,-4.11,8763,0.03,-99.98,0.0,-100.0,0.0,-99.99
SOL-USDT-SWAP,15m,2H,0.003,0.015,0.03,148.0,0.0,-100.0,1705,678,1027,39.765,100.0,0.488,-4.11,8763,0.02,-99.98,0.0,-100.0,0.0,-99.99
SOL-USDT-SWAP,15m,2H,0.003,0.02,0.005,148.0,0.0,-100.0,1705,502,1203,29.443,100.0,0.496,-4.11,8763,0.0,-100.0,0.0,-100.0,0.0,-99.99
SOL-USDT-SWAP,15m,2H,0.003,0.02,0.008,148.0,0.0,-100.0,1705,581,1124,34.076,100.0,0.544,-4.11,8763,0.0,-100.0,0.0,-100.0,0.0,-100.0
SOL-USDT-SWAP,15m,2H,0.003,0.02,0.01,148.0,0.0,-100.0,1705,603,1102,35.367,100.0,0.491,-4.11,8763,0.0,-100.0,0.0,-100.0,0.0,-100.0
SOL-USDT-SWAP,15m,2H,0.003,0.02,0.015,148.0,0.0,-100.0,1705,622,1083,36.481,100.0,0.451,-4.11,8763,0.0,-100.0,0.0,-100.0,0.0,-100.0
SOL-USDT-SWAP,15m,2H,0.003,0.02,0.02,148.0,0.0,-100.0,1705,630,1075,36.95,100.0,0.408,-4.11,8763,0.0,-100.0,0.0,-100.0,0.0,-100.0
SOL-USDT-SWAP,15m,2H,0.003,0.02,0.025,148.0,0.0,-100.0,1705,636,1069,37.302,100.0,0.401,-4.11,8763,0.0,-100.0,0.0,-100.0,0.0,-100.0
SOL-USDT-SWAP,15m,2H,0.003,0.02,0.03,148.0,0.0,-100.0,1705,640,1065,37.537,100.0,0.363,-4.11,8763,0.0,-100.0,0.0,-100.0,0.0,-100.0
SOL-USDT-SWAP,15m,2H,0.003,0.03,0.005,148.0,0.0,-100.0,1705,487,1218,28.563,100.0,0.519,-4.11,8763,0.0,-100.0,0.0,-100.0,0.0,-100.0
SOL-USDT-SWAP,15m,2H,0.003,0.03,0.008,148.0,0.0,-100.0,1705,564,1141,33.079,100.0,0.506,-4.11,8763,0.0,-100.0,0.0,-100.0,0.0,-100.0
SOL-USDT-SWAP,15m,2H,0.003,0.03,0.01,148.0,0.0,-100.0,1705,587,1118,34.428,100.0,0.462,-4.11,8763,0.0,-100.0,0.0,-100.0,0.0,-100.0
SOL-USDT-SWAP,15m,2H,0.003,0.03,0.015,148.0,0.0,-100.0,1705,600,1105,35.191,100.0,0.426,-4.11,8763,0.0,-100.0,0.0,-100.0,0.0,-100.0
SOL-USDT-SWAP,15m,2H,0.003,0.03,0.02,148.0,0.0,-100.0,1705,607,1098,35.601,100.0,0.383,-4.11,8763,0.0,-100.0,0.0,-100.0,0.0,-100.0
SOL-USDT-SWAP,15m,2H,0.003,0.03,0.025,148.0,0.0,-100.0,1705,614,1091,36.012,100.0,0.379,-4.11,8763,0.0,-100.0,0.0,-100.0,0.0,-100.0
SOL-USDT-SWAP,15m,2H,0.003,0.03,0.03,148.0,0.0,-100.0,1705,616,1089,36.129,100.0,0.341,-4.11,8763,0.0,-100.0,0.0,-100.0,0.0,-100.0
SOL-USDT-SWAP,15m,2H,0.004,0.004,0.005,148.0,0.006,-99.996,1452,987,465,67.975,99.997,0.624,-4.109,8763,11.73,-92.08,0.04,-99.65,0.01,-86.08
SOL-USDT-SWAP,15m,2H,0.004,0.004,0.008,148.0,5.728,-96.13,1452,1122,330,77.273,97.113,0.897,-3.951,8763,99.67,-32.65,10.69,-89.27,5.73,-46.43
SOL-USDT-SWAP,15m,2H,0.004,0.004,0.01,148.0,79.575,-46.233,1452,1158,294,79.752,78.52,0.97,-1.9,8763,120.95,-18.28,80.86,-33.14,79.58,-1.59
SOL-USDT-SWAP,15m,2H,0.004,0.004,0.015,148.0,3032.371,1948.899,1452,1202,250,82.782,64.311,1.121,80.092,8763,339.63,129.48,2061.25,506.91,3032.37,47.11
SOL-USDT-SWAP,15m,2H,0.004,0.004,0.02,148.0,9767.802,6499.867,1452,1216,236,83.747,64.486,1.147,267.118,8763,768.46,419.23,5253.57,583.65,9767.8,85.93
SOL-USDT-SWAP,15m,2H,0.004,0.004,0.025,148.0,16458.013,11020.279,1452,1222,230,84.16,57.892,1.153,452.888,8763,1232.26,732.61,10110.75,720.5,16458.01,62.78
SOL-USDT-SWAP,15m,2H,0.004,0.004,0.03,148.0,55683.337,37523.876,1452,1230,222,84.711,65.965,1.413,1542.077,8763,1683.29,1037.36,35231.21,1993.0,55683.34,58.05
SOL-USDT-SWAP,15m,2H,0.004,0.006,0.005,148.0,0.009,-99.994,1452,795,657,54.752,99.996,0.754,-4.109,8763,16.93,-88.56,0.04,-99.77,0.01,-76.54
SOL-USDT-SWAP,15m,2H,0.004,0.006,0.008,148.0,4.19,-97.169,1452,911,541,62.741,98.982,0.937,-3.993,8763,105.18,-28.93,3.48,-96.7,4.19,20.56
SOL-USDT-SWAP,15m,2H,0.004,0.006,0.01,148.0,11.823,-92.012,1452,939,513,64.669,98.677,0.95,-3.781,8763,130.67,-11.71,6.67,-94.9,11.82,77.31
SOL-USDT-SWAP,15m,2H,0.004,0.006,0.015,148.0,105.72,-28.568,1452,977,475,67.287,97.772,0.995,-1.174,8763,259.92,75.62,57.51,-77.87,105.72,83.82
SOL-USDT-SWAP,15m,2H,0.004,0.006,0.02,148.0,259.714,75.483,1452,988,464,68.044,97.336,1.006,3.102,8763,661.59,347.02,110.44,-83.31,259.71,135.16
SOL-USDT-SWAP,15m,2H,0.004,0.006,0.025,148.0,468.112,216.292,1452,994,458,68.457,96.33,1.012,8.889,8763,984.46,565.18,188.24,-80.88,468.11,148.68
SOL-USDT-SWAP,15m,2H,0.004,0.006,0.03,148.0,2289.185,1446.746,1452,1001,451,68.939,89.83,1.053,59.455,8763,1189.11,703.45,734.86,-38.2,2289.18,211.51
SOL-USDT-SWAP,15m,2H,0.004,0.008,0.005,148.0,0.0,-100.0,1452,639,813,44.008,100.0,0.612,-4.11,8763,2.42,-98.37,0.0,-99.99,0.0,-92.75
SOL-USDT-SWAP,15m,2H,0.004,0.008,0.008,148.0,0.001,-100.0,1452,738,714,50.826,100.0,0.865,-4.11,8763,19.88,-86.56,0.0,-99.98,0.0,-79.6
SOL-USDT-SWAP,15m,2H,0.004,0.008,0.01,148.0,0.001,-99.999,1452,764,688,52.617,100.0,0.887,-4.11,8763,27.01,-81.75,0.0,-99.98,0.0,-69.56
SOL-USDT-SWAP,15m,2H,0.004,0.008,0.015,148.0,0.006,-99.996,1452,797,655,54.89,99.999,0.91,-4.109,8763,35.39,-76.09,0.02,-99.94,0.01,-71.37
SOL-USDT-SWAP,15m,2H,0.004,0.008,0.02,148.0,0.014,-99.99,1452,808,644,55.647,99.998,0.948,-4.109,8763,102.84,-30.52,0.05,-99.96,0.01,-69.04
SOL-USDT-SWAP,15m,2H,0.004,0.008,0.025,148.0,0.04,-99.973,1452,814,638,56.061,99.996,0.962,-4.108,8763,152.65,3.14,0.1,-99.93,0.04,-60.44
SOL-USDT-SWAP,15m,2H,0.004,0.008,0.03,148.0,0.195,-99.868,1452,821,631,56.543,99.978,0.959,-4.104,8763,202.59,36.88,0.41,-99.8,0.19,-52.96
SOL-USDT-SWAP,15m,2H,0.004,0.01,0.005,148.0,0.0,-100.0,1452,544,908,37.466,100.0,0.548,-4.11,8763,0.25,-99.83,0.0,-100.0,0.0,-98.58
SOL-USDT-SWAP,15m,2H,0.004,0.01,0.008,148.0,0.0,-100.0,1452,629,823,43.32,100.0,0.705,-4.11,8763,0.74,-99.5,0.0,-100.0,0.0,-97.04
SOL-USDT-SWAP,15m,2H,0.004,0.01,0.01,148.0,0.0,-100.0,1452,654,798,45.041,100.0,0.683,-4.11,8763,0.66,-99.55,0.0,-100.0,0.0,-96.06
SOL-USDT-SWAP,15m,2H,0.004,0.01,0.015,148.0,0.0,-100.0,1452,688,764,47.383,100.0,0.736,-4.11,8763,0.74,-99.5,0.0,-99.99,0.0,-97.21
SOL-USDT-SWAP,15m,2H,0.004,0.01,0.02,148.0,0.0,-100.0,1452,697,755,48.003,100.0,0.77,-4.11,8763,2.34,-98.42,0.0,-100.0,0.0,-97.58
SOL-USDT-SWAP,15m,2H,0.004,0.01,0.025,148.0,0.0,-100.0,1452,702,750,48.347,100.0,0.797,-4.11,8763,2.82,-98.09,0.0,-100.0,0.0,-97.23
SOL-USDT-SWAP,15m,2H,0.004,0.01,0.03,148.0,0.0,-100.0,1452,709,743,48.829,100.0,0.773,-4.11,8763,3.74,-97.48,0.0,-99.99,0.0,-97.29
SOL-USDT-SWAP,15m,2H,0.004,0.012,0.005,148.0,0.0,-100.0,1452,490,962,33.747,100.0,0.508,-4.11,8763,0.12,-99.92,0.0,-100.0,0.0,-99.76
SOL-USDT-SWAP,15m,2H,0.004,0.012,0.008,148.0,0.0,-100.0,1452,569,883,39.187,100.0,0.628,-4.11,8763,0.26,-99.82,0.0,-100.0,0.0,-99.61
SOL-USDT-SWAP,15m,2H,0.004,0.012,0.01,148.0,0.0,-100.0,1452,587,865,40.427,100.0,0.613,-4.11,8763,0.17,-99.88,0.0,-100.0,0.0,-99.67
SOL-USDT-SWAP,15m,2H,0.004,0.012,0.015,148.0,0.0,-100.0,1452,617,835,42.493,100.0,0.672,-4.11,8763,0.19,-99.87,0.0,-100.0,0.0,-99.79
SOL-USDT-SWAP,15m,2H,0.004,0.012,0.02,148.0,0.0,-100.0,1452,627,825,43.182,100.0,0.702,-4.11,8763,0.68,-99.54,0.0,-100.0,0.0,-99.79
SOL-USDT-SWAP,15m,2H,0.004,0.012,0.025,148.0,0.0,-100.0,1452,632,820,43.526,100.0,0.727,-4.11,8763,0.81,-99.45,0.0,-100.0,0.0,-99.78
SOL-USDT-SWAP,15m,2H,0.004,0.012,0.03,148.0,0.0,-100.0,1452,637,815,43.871,100.0,0.714,-4.11,8763,1.28,-99.13,0.0,-100.0,0.0,-99.82
SOL-USDT-SWAP,15m,2H,0.004,0.015,0.005,148.0,0.0,-100.0,1452,448,1004,30.854,100.0,0.483,-4.11,8763,0.03,-99.98,0.0,-100.0,0.0,-99.93
SOL-USDT-SWAP,15m,2H,0.004,0.015,0.008,148.0,0.0,-100.0,1452,520,932,35.813,100.0,0.505,-4.11,8763,0.06,-99.96,0.0,-100.0,0.0,-99.9
SOL-USDT-SWAP,15m,2H,0.004,0.015,0.01,148.0,0.0,-100.0,1452,536,916,36.915,100.0,0.48,-4.11,8763,0.03,-99.98,0.0,-100.0,0.0,-99.92
SOL-USDT-SWAP,15m,2H,0.004,0.015,0.015,148.0,0.0,-100.0,1452,562,890,38.705,100.0,0.533,-4.11,8763,0.02,-99.98,0.0,-100.0,0.0,-99.96
SOL-USDT-SWAP,15m,2H,0.004,0.015,0.02,148.0,0.0,-100.0,1452,571,881,39.325,100.0,0.543,-4.11,8763,0.07,-99.95,0.0,-100.0,0.0,-99.96
SOL-USDT-SWAP,15m,2H,0.004,0.015,0.025,148.0,0.0,-100.0,1452,575,877,39.601,100.0,0.533,-4.11,8763,0.04,-99.97,0.0,-100.0,0.0,-99.95
SOL-USDT-SWAP,15m,2H,0.004,0.015,0.03,148.0,0.0,-100.0,1452,580,872,39.945,100.0,0.505,-4.11,8763,0.05,-99.97,0.0,-100.0,0.0,-99.96
SOL-USDT-SWAP,15m,2H,0.004,0.02,0.005,148.0,0.0,-100.0,1452,420,1032,28.926,100.0,0.516,-4.11,8763,0.01,-99.99,0.0,-100.0,0.0,-99.99
SOL-USDT-SWAP,15m,2H,0.004,0.02,0.008,148.0,0.0,-100.0,1452,487,965,33.54,100.0,0.498,-4.11,8763,0.01,-99.99,0.0,-100.0,0.0,-99.99
SOL-USDT-SWAP,15m,2H,0.004,0.02,0.01,148.0,0.0,-100.0,1452,504,948,34.711,100.0,0.472,-4.11,8763,0.01,-100.0,0.0,-100.0,0.0,-99.99
SOL-USDT-SWAP,15m,2H,0.004,0.02,0.015,148.0,0.0,-100.0,1452,526,926,36.226,100.0,0.421,-4.11,8763,0.0,-100.0,0.0,-100.0,0.0,-100.0
SOL-USDT-SWAP,15m,2H,0.004,0.02,0.02,148.0,0.0,-100.0,1452,535,917,36.846,100.0,0.399,-4.11,8763,0.0,-100.0,0.0,-100.0,0.0,-100.0
SOL-USDT-SWAP,15m,2H,0.004,0.02,0.025,148.0,0.0,-100.0,1452,539,913,37.121,100.0,0.383,-4.11,8763,0.0,-100.0,0.0,-100.0,0.0,-100.0
SOL-USDT-SWAP,15m,2H,0.004,0.02,0.03,148.0,0.0,-100.0,1452,543,909,37.397,100.0,0.345,-4.11,8763,0.0,-100.0,0.0,-100.0,0.0,-100.0
SOL-USDT-SWAP,15m,2H,0.004,0.03,0.005,148.0,0.0,-100.0,1452,406,1046,27.961,100.0,0.532,-4.11,8763,0.01,-99.99,0.0,-100.0,0.0,-99.99
SOL-USDT-SWAP,15m,2H,0.004,0.03,0.008,148.0,0.0,-100.0,1452,474,978,32.645,100.0,0.512,-4.11,8763,0.01,-99.99,0.0,-100.0,0.0,-99.99
SOL-USDT-SWAP,15m,2H,0.004,0.03,0.01,148.0,0.0,-100.0,1452,489,963,33.678,100.0,0.499,-4.11,8763,0.01,-100.0,0.0,-100.0,0.0,-99.99
SOL-USDT-SWAP,15m,2H,0.004,0.03,0.015,148.0,0.0,-100.0,1452,508,944,34.986,100.0,0.448,-4.11,8763,0.0,-100.0,0.0,-100.0,0.0,-100.0
SOL-USDT-SWAP,15m,2H,0.004,0.03,0.02,148.0,0.0,-100.0,1452,517,935,35.606,100.0,0.422,-4.11,8763,0.0,-100.0,0.0,-100.0,0.0,-100.0
SOL-USDT-SWAP,15m,2H,0.004,0.03,0.025,148.0,0.0,-100.0,1452,521,931,35.882,100.0,0.407,-4.11,8763,0.0,-100.0,0.0,-100.0,0.0,-100.0
SOL-USDT-SWAP,15m,2H,0.004,0.03,0.03,148.0,0.0,-100.0,1452,523,929,36.019,100.0,0.367,-4.11,8763,0.0,-100.0,0.0,-100.0,0.0,-100.0
SOL-USDT-SWAP,15m,2H,0.005,0.004,0.005,148.0,0.017,-99.988,1246,849,397,68.138,99.989,0.711,-4.109,8763,21.16,-85.7,0.11,-99.46,0.02,-84.97
SOL-USDT-SWAP,15m,2H,0.005,0.004,0.008,148.0,9.594,-93.517,1246,970,276,77.849,95.598,0.894,-3.843,8763,97.26,-34.28,18.28,-81.21,9.59,-47.5
SOL-USDT-SWAP,15m,2H,0.005,0.004,0.01,148.0,105.282,-28.864,1246,1006,240,80.738,84.185,0.98,-1.186,8763,185.09,25.06,87.86,-52.53,105.28,19.83
SOL-USDT-SWAP,15m,2H,0.005,0.004,0.015,148.0,3118.008,2006.762,1246,1046,200,83.949,64.615,1.224,82.47,8763,219.01,47.98,1322.5,503.86,3118.01,135.77
SOL-USDT-SWAP,15m,2H,0.005,0.004,0.02,148.0,11731.797,7826.89,1246,1060,186,85.072,60.719,1.231,321.653,8763,1084.32,632.65,5093.61,369.75,11731.8,130.32
SOL-USDT-SWAP,15m,2H,0.005,0.004,0.025,148.0,19584.386,13132.693,1246,1067,179,85.634,57.892,1.253,539.7,8763,1395.77,843.09,8604.6,516.48,19584.39,127.6
SOL-USDT-SWAP,15m,2H,0.005,0.004,0.03,148.0,51631.364,34786.057,1246,1074,172,86.196,65.965,1.518,1429.564,8763,2075.14,1302.12,31843.25,1434.51,51631.36,62.14
SOL-USDT-SWAP,15m,2H,0.005,0.006,0.005,148.0,0.115,-99.922,1246,696,550,55.859,99.959,0.865,-4.106,8763,42.89,-71.02,0.5,-98.83,0.11,-77.08
SOL-USDT-SWAP,15m,2H,0.005,0.006,0.008,148.0,20.218,-86.339,1246,798,448,64.045,97.427,0.97,-3.548,8763,225.6,52.43,27.67,-87.73,20.22,-26.94
SOL-USDT-SWAP,15m,2H,0.005,0.006,0.01,148.0,66.186,-55.28,1246,826,420,66.292,98.049,0.988,-2.272,8763,511.5,245.61,53.91,-89.46,66.19,22.77
SOL-USDT-SWAP,15m,2H,0.005,0.006,0.015,148.0,1226.642,728.812,1246,863,383,69.262,91.548,1.05,29.951,8763,626.06,323.01,491.06,-21.56,1226.64,149.79
SOL-USDT-SWAP,15m,2H,0.005,0.006,0.02,148.0,2359.235,1494.078,1246,873,373,70.064,92.848,1.049,61.4,8763,1668.19,1027.16,883.1,-47.06,2359.23,167.16
SOL-USDT-SWAP,15m,2H,0.005,0.006,0.025,148.0,3109.351,2000.913,1246,879,367,70.546,90.678,1.053,82.229,8763,2019.16,1264.3,1294.22,-35.9,3109.35,140.25
SOL-USDT-SWAP,15m,2H,0.005,0.006,0.03,148.0,36781.488,24752.357,1246,887,359,71.188,69.702,1.198,1017.22,8763,4065.7,2647.1,14249.12,250.47,36781.49,158.13
SOL-USDT-SWAP,15m,2H,0.005,0.008,0.005,148.0,0.003,-99.998,1246,569,677,45.666,99.999,0.784,-4.11,8763,20.45,-86.19,0.03,-99.85,0.0,-91.4
SOL-USDT-SWAP,15m,2H,0.005,0.008,0.008,148.0,0.16,-99.892,1246,658,588,52.809,99.949,0.915,-4.105,8763,98.98,-33.12,0.58,-99.42,0.16,-72.15
SOL-USDT-SWAP,15m,2H,0.005,0.008,0.01,148.0,0.165,-99.889,1246,679,567,54.494,99.974,0.932,-4.105,8763,160.9,8.72,0.42,-99.74,0.16,-60.34
SOL-USDT-SWAP,15m,2H,0.005,0.008,0.015,148.0,0.718,-99.515,1246,708,538,56.822,99.901,0.948,-4.09,8763,165.86,12.07,1.92,-98.84,0.72,-62.61
SOL-USDT-SWAP,15m,2H,0.005,0.008,0.02,148.0,1.358,-99.082,1246,719,527,57.705,99.89,0.974,-4.072,8763,510.5,244.93,3.28,-99.36,1.36,-58.54
SOL-USDT-SWAP,15m,2H,0.005,0.008,0.025,148.0,1.878,-98.731,1246,725,521,58.186,99.884,0.977,-4.057,8763,586.01,295.95,4.38,-99.25,1.88,-57.08
SOL-USDT-SWAP,15m,2H,0.005,0.008,0.03,148.0,17.395,-88.247,1246,733,513,58.828,99.132,0.984,-3.627,8763,819.44,453.67,25.7,-96.86,17.4,-32.3
SOL-USDT-SWAP,15m,2H,0.005,0.01,0.005,148.0,0.0,-100.0,1246,473,773,37.961,100.0,0.592,-4.11,8763,1.23,-99.17,0.0,-99.99,0.0,-96.63
SOL-USDT-SWAP,15m,2H,0.005,0.01,0.008,148.0,0.0,-100.0,1246,553,693,44.382,100.0,0.701,-4.11,8763,3.23,-97.81,0.0,-99.99,0.0,-92.07
SOL-USDT-SWAP,15m,2H,0.005,0.01,0.01,148.0,0.0,-100.0,1246,575,671,46.148,100.0,0.701,-4.11,8763,3.33,-97.75,0.0,-99.99,0.0,-87.35
SOL-USDT-SWAP,15m,2H,0.005,0.01,0.015,148.0,0.0,-100.0,1246,602,644,48.315,100.0,0.747,-4.11,8763,2.63,-98.22,0.0,-99.98,0.0,-88.03
SOL-USDT-SWAP,15m,2H,0.005,0.01,0.02,148.0,0.0,-100.0,1246,611,635,49.037,100.0,0.796,-4.11,8763,10.61,-92.83,0.0,-99.99,0.0,-89.53
SOL-USDT-SWAP,15m,2H,0.005,0.01,0.025,148.0,0.0,-100.0,1246,616,630,49.438,100.0,0.832,-4.11,8763,12.61,-91.48,0.0,-99.99,0.0,-89.2
SOL-USDT-SWAP,15m,2H,0.005,0.01,0.03,148.0,0.001,-99.999,1246,624,622,50.08,100.0,0.811,-4.11,8763,15.58,-89.47,0.01,-99.97,0.0,-84.96
SOL-USDT-SWAP,15m,2H,0.005,0.012,0.005,148.0,0.0,-100.0,1246,421,825,33.788,100.0,0.526,-4.11,8763,0.26,-99.82,0.0,-100.0,0.0,-98.99
SOL-USDT-SWAP,15m,2H,0.005,0.012,0.008,148.0,0.0,-100.0,1246,496,750,39.807,100.0,0.61,-4.11,8763,0.75,-99.5,0.0,-100.0,0.0,-98.28
SOL-USDT-SWAP,15m,2H,0.005,0.012,0.01,148.0,0.0,-100.0,1246,514,732,41.252,100.0,0.584,-4.11,8763,0.5,-99.66,0.0,-100.0,0.0,-98.03
SOL-USDT-SWAP,15m,2H,0.005,0.012,0.015,148.0,0.0,-100.0,1246,543,703,43.579,100.0,0.668,-4.11,8763,0.5,-99.66,0.0,-100.0,0.0,-98.33
SOL-USDT-SWAP,15m,2H,0.005,0.012,0.02,148.0,0.0,-100.0,1246,552,694,44.302,100.0,0.69,-4.11,8763,1.86,-98.74,0.0,-100.0,0.0,-98.66
SOL-USDT-SWAP,15m,2H,0.005,0.012,0.025,148.0,0.0,-100.0,1246,556,690,44.623,100.0,0.715,-4.11,8763,2.09,-98.59,0.0,-100.0,0.0,-98.69
SOL-USDT-SWAP,15m,2H,0.005,0.012,0.03,148.0,0.0,-100.0,1246,565,681,45.345,100.0,0.705,-4.11,8763,2.9,-98.04,0.0,-99.99,0.0,-98.26
SOL-USDT-SWAP,15m,2H,0.005,0.015,0.005,148.0,0.0,-100.0,1246,378,868,30.337,100.0,0.497,-4.11,8763,0.09,-99.94,0.0,-100.0,0.0,-99.71
SOL-USDT-SWAP,15m,2H,0.005,0.015,0.008,148.0,0.0,-100.0,1246,445,801,35.714,100.0,0.595,-4.11,8763,0.17,-99.89,0.0,-100.0,0.0,-99.64
SOL-USDT-SWAP,15m,2H,0.005,0.015,0.01,148.0,0.0,-100.0,1246,458,788,36.758,100.0,0.574,-4.11,8763,0.08,-99.94,0.0,-100.0,0.0,-99.68
SOL-USDT-SWAP,15m,2H,0.005,0.015,0.015,148.0,0.0,-100.0,1246,482,764,38.684,100.0,0.66,-4.11,8763,0.07,-99.95,0.0,-100.0,0.0,-99.77
SOL-USDT-SWAP,15m,2H,0.005,0.015,0.02,148.0,0.0,-100.0,1246,490,756,39.326,100.0,0.67,-4.11,8763,0.18,-99.88,0.0,-100.0,0.0,-99.79
SOL-USDT-SWAP,15m,2H,0.005,0.015,0.025,148.0,0.0,-100.0,1246,493,753,39.567,100.0,0.672,-4.11,8763,0.13,-99.91,0.0,-100.0,0.0,-99.76
SOL-USDT-SWAP,15m,2H,0.005,0.015,0.03,148.0,0.0,-100.0,1246,501,745,40.209,100.0,0.662,-4.11,8763,0.15,-99.9,0.0,-100.0,0.0,-99.72
SOL-USDT-SWAP,15m,2H,0.005,0.02,0.005,148.0,0.0,-100.0,1246,356,890,28.571,100.0,0.493,-4.11,8763,0.05,-99.97,0.0,-100.0,0.0,-99.89
SOL-USDT-SWAP,15m,2H,0.005,0.02,0.008,148.0,0.0,-100.0,1246,417,829,33.467,100.0,0.447,-4.11,8763,0.04,-99.98,0.0,-100.0,0.0,-99.89
SOL-USDT-SWAP,15m,2H,0.005,0.02,0.01,148.0,0.0,-100.0,1246,429,817,34.43,100.0,0.415,-4.11,8763,0.01,-99.99,0.0,-100.0,0.0,-99.9
SOL-USDT-SWAP,15m,2H,0.005,0.02,0.015,148.0,0.0,-100.0,1246,451,795,36.196,100.0,0.395,-4.11,8763,0.01,-100.0,0.0,-100.0,0.0,-99.96
SOL-USDT-SWAP,15m,2H,0.005,0.02,0.02,148.0,0.0,-100.0,1246,459,787,36.838,100.0,0.381,-4.11,8763,0.01,-99.99,0.0,-100.0,0.0,-99.97
SOL-USDT-SWAP,15m,2H,0.005,0.02,0.025,148.0,0.0,-100.0,1246,463,783,37.159,100.0,0.343,-4.11,8763,0.01,-100.0,0.0,-100.0,0.0,-99.95
SOL-USDT-SWAP,15m,2H,0.005,0.02,0.03,148.0,0.0,-100.0,1246,470,776,37.721,100.0,0.306,-4.11,8763,0.01,-100.0,0.0,-100.0,0.0,-99.95
SOL-USDT-SWAP,15m,2H,0.005,0.03,0.005,148.0,0.0,-100.0,1246,337,909,27.047,100.0,0.495,-4.11,8763,0.03,-99.98,0.0,-100.0,0.0,-99.94
SOL-USDT-SWAP,15m,2H,0.005,0.03,0.008,148.0,0.0,-100.0,1246,400,846,32.103,100.0,0.464,-4.11,8763,0.03,-99.98,0.0,-100.0,0.0,-99.94
SOL-USDT-SWAP,15m,2H,0.005,0.03,0.01,148.0,0.0,-100.0,1246,409,837,32.825,100.0,0.435,-4.11,8763,0.01,-99.99,0.0,-100.0,0.0,-99.95
SOL-USDT-SWAP,15m,2H,0.005,0.03,0.015,148.0,0.0,-100.0,1246,429,817,34.43,100.0,0.415,-4.11,8763,0.0,-100.0,0.0,-100.0,0.0,-99.98
SOL-USDT-SWAP,15m,2H,0.005,0.03,0.02,148.0,0.0,-100.0,1246,439,807,35.233,100.0,0.403,-4.11,8763,0.01,-99.99,0.0,-100.0,0.0,-99.98
SOL-USDT-SWAP,15m,2H,0.005,0.03,0.025,148.0,0.0,-100.0,1246,442,804,35.474,100.0,0.363,-4.11,8763,0.0,-100.0,0.0,-100.0,0.0,-99.98
SOL-USDT-SWAP,15m,2H,0.005,0.03,0.03,148.0,0.0,-100.0,1246,447,799,35.875,100.0,0.325,-4.11,8763,0.0,-100.0,0.0,-100.0,0.0,-99.98
SOL-USDT-SWAP,15m,2H,0.007,0.004,0.005,148.0,0.088,-99.941,943,643,300,68.187,99.942,0.669,-4.107,8763,32.66,-77.93,0.19,-99.42,0.09,-53.41
SOL-USDT-SWAP,15m,2H,0.007,0.004,0.008,148.0,17.34,-88.284,943,745,198,79.003,97.909,0.892,-3.628,8763,184.56,24.7,10.61,-94.25,17.34,63.49
SOL-USDT-SWAP,15m,2H,0.007,0.004,0.01,148.0,51.743,-65.039,943,771,172,81.76,96.55,0.945,-2.673,8763,305.49,106.41,28.39,-90.71,51.74,82.24
SOL-USDT-SWAP,15m,2H,0.007,0.004,0.015,148.0,1633.129,1003.466,943,809,134,85.79,81.192,1.212,41.238,8763,613.74,314.69,569.4,-7.22,1633.13,186.82
SOL-USDT-SWAP,15m,2H,0.007,0.004,0.02,148.0,4448.969,2906.06,943,822,121,87.169,86.959,1.248,119.427,8763,2819.64,1805.16,1349.18,-52.15,4448.97,229.75
SOL-USDT-SWAP,15m,2H,0.007,0.004,0.025,148.0,20003.735,13416.037,943,831,112,88.123,84.933,1.534,551.344,8763,3450.86,2231.67,4617.56,33.81,20003.73,333.21
SOL-USDT-SWAP,15m,2H,0.007,0.004,0.03,148.0,47091.246,31718.409,943,837,106,88.759,82.319,1.62,1303.496,8763,4821.76,3157.94,22930.07,375.55,47091.25,105.37
SOL-USDT-SWAP,15m,2H,0.007,0.006,0.005,148.0,1.411,-99.046,943,542,401,57.476,99.524,0.889,-4.07,8763,79.95,-45.98,3.06,-96.17,1.41,-53.95
SOL-USDT-SWAP,15m,2H,0.007,0.006,0.008,148.0,58.634,-60.383,943,618,325,65.536,95.3,0.971,-2.481,8763,205.16,38.62,51.02,-75.13,58.63,14.92
SOL-USDT-SWAP,15m,2H,0.007,0.006,0.01,148.0,170.762,15.38,943,642,301,68.081,93.948,1.004,0.632,8763,376.93,154.68,120.92,-67.92,170.76,41.22
SOL-USDT-SWAP,15m,2H,0.007,0.006,0.015,148.0,7418.756,4912.673,943,678,265,71.898,73.221,1.195,201.891,8763,580.99,292.56,2817.45,384.94,7418.76,163.31
SOL-USDT-SWAP,15m,2H,0.007,0.006,0.02,148.0,13887.278,9283.296,943,690,253,73.171,71.978,1.202,381.505,8763,2282.54,1442.25,4632.56,102.96,13887.28,199.78
SOL-USDT-SWAP,15m,2H,0.007,0.006,0.025,148.0,42642.32,28712.378,943,699,244,74.125,68.527,1.294,1179.961,8763,2743.57,1753.76,16282.82,493.49,42642.32,161.89
SOL-USDT-SWAP,15m,2H,0.007,0.006,0.03,148.0,76710.465,51731.395,943,705,238,74.761,64.059,1.43,2125.948,8763,4072.02,2651.36,51016.0,1152.84,76710.47,50.37
SOL-USDT-SWAP,15m,2H,0.007,0.008,0.005,148.0,0.155,-99.895,943,443,500,46.978,99.932,0.843,-4.105,8763,39.87,-73.06,0.32,-99.21,0.16,-50.89
SOL-USDT-SWAP,15m,2H,0.007,0.008,0.008,148.0,1.164,-99.213,943,505,438,53.552,99.848,0.912,-4.077,8763,93.48,-36.84,1.37,-98.53,1.16,-15.16
SOL-USDT-SWAP,15m,2H,0.007,0.008,0.01,148.0,2.469,-98.332,943,527,416,55.885,99.827,0.94,-4.041,8763,129.16,-12.73,2.02,-98.44,2.47,22.16
SOL-USDT-SWAP,15m,2H,0.007,0.008,0.015,148.0,30.985,-79.064,943,555,388,58.855,99.048,0.968,-3.249,8763,157.46,6.39,17.36,-88.98,30.98,78.5
SOL-USDT-SWAP,15m,2H,0.007,0.008,0.02,148.0,33.677,-77.245,943,564,379,59.809,99.288,0.979,-3.174,8763,377.55,155.1,18.86,-95.0,33.68,78.56
SOL-USDT-SWAP,15m,2H,0.007,0.008,0.025,148.0,195.435,32.051,943,573,370,60.764,96.565,1.005,1.317,8763,691.58,367.29,113.63,-83.57,195.44,71.99
SOL-USDT-SWAP,15m,2H,0.007,0.008,0.03,148.0,1100.666,643.693,943,580,363,61.506,85.597,1.035,26.453,8763,974.24,558.27,849.03,-12.85,1100.67,29.64
SOL-USDT-SWAP,15m,2H,0.007,0.01,0.005,148.0,0.012,-99.992,943,384,559,40.721,99.994,0.819,-4.109,8763,36.3,-75.47,0.03,-99.92,0.01,-60.43
SOL-USDT-SWAP,15m,2H,0.007,0.01,0.008,148.0,0.032,-99.978,943,438,505,46.448,99.993,0.874,-4.109,8763,66.23,-55.25,0.07,-99.9,0.03,-52.33
SOL-USDT-SWAP,15m,2H,0.007,0.01,0.01,148.0,0.035,-99.977,943,456,487,48.356,99.994,0.902,-4.109,8763,85.15,-42.46,0.09,-99.9,0.03,-59.16
SOL-USDT-SWAP,15m,2H,0.007,0.01,0.015,148.0,0.221,-99.851,943,480,463,50.901,99.971,0.915,-4.103,8763,87.94,-40.58,0.4,-99.55,0.22,-44.09
SOL-USDT-SWAP,15m,2H,0.007,0.01,0.02,148.0,0.159,-99.893,943,489,454,51.856,99.98,0.939,-4.105,8763,222.8,50.54,0.3,-99.86,0.16,-47.87
SOL-USDT-SWAP,15m,2H,0.007,0.01,0.025,148.0,0.973,-99.343,943,498,445,52.81,99.912,0.956,-4.083,8763,396.44,167.86,1.62,-99.59,0.97,-39.87
SOL-USDT-SWAP,15m,2H,0.007,0.01,0.03,148.0,3.855,-97.395,943,505,438,53.552,99.598,0.962,-4.003,8763,382.36,158.35,6.05,-98.42,3.85,-36.24
SOL-USDT-SWAP,15m,2H,0.007,0.012,0.005,148.0,0.0,-100.0,943,338,605,35.843,100.0,0.688,-4.11,8763,7.82,-94.72,0.0,-99.99,0.0,-74.87
SOL-USDT-SWAP,15m,2H,0.007,0.012,0.008,148.0,0.0,-100.0,943,391,552,41.463,100.0,0.693,-4.11,8763,7.87,-94.68,0.0,-99.99,0.0,-73.3
SOL-USDT-SWAP,15m,2H,0.007,0.012,0.01,148.0,0.0,-100.0,943,409,534,43.372,100.0,0.739,-4.11,8763,8.99,-93.93,0.0,-99.99,0.0,-76.62
SOL-USDT-SWAP,15m,2H,0.007,0.012,0.015,148.0,0.001,-99.999,943,429,514,45.493,100.0,0.781,-4.11,8763,10.01,-93.24,0.0,-99.96,0.0,-73.47
SOL-USDT-SWAP,15m,2H,0.007,0.012,0.02,148.0,0.001,-100.0,943,437,506,46.341,100.0,0.823,-4.11,8763,30.88,-79.13,0.0,-99.99,0.0,-78.17
SOL-USDT-SWAP,15m,2H,0.007,0.012,0.025,148.0,0.003,-99.998,943,445,498,47.19,99.999,0.848,-4.11,8763,53.75,-63.68,0.01,-99.98,0.0,-72.07
SOL-USDT-SWAP,15m,2H,0.007,0.012,0.03,148.0,0.012,-99.992,943,452,491,47.932,99.996,0.832,-4.109,8763,44.96,-69.62,0.04,-99.9,0.01,-72.42
SOL-USDT-SWAP,15m,2H,0.007,0.015,0.005,148.0,0.0,-100.0,943,296,647,31.389,100.0,0.567,-4.11,8763,2.57,-98.26,0.0,-100.0,0.0,-94.97
SOL-USDT-SWAP,15m,2H,0.007,0.015,0.008,148.0,0.0,-100.0,943,341,602,36.161,100.0,0.513,-4.11,8763,1.42,-99.04,0.0,-100.0,0.0,-96.61
SOL-USDT-SWAP,15m,2H,0.007,0.015,0.01,148.0,0.0,-100.0,943,360,583,38.176,100.0,0.561,-4.11,8763,2.0,-98.65,0.0,-100.0,0.0,-97.03
SOL-USDT-SWAP,15m,2H,0.007,0.015,0.015,148.0,0.0,-100.0,943,380,563,40.297,100.0,0.643,-4.11,8763,2.15,-98.55,0.0,-100.0,0.0,-96.24
SOL-USDT-SWAP,15m,2H,0.007,0.015,0.02,148.0,0.0,-100.0,943,388,555,41.145,100.0,0.679,-4.11,8763,6.45,-95.64,0.0,-100.0,0.0,-97.18
SOL-USDT-SWAP,15m,2H,0.007,0.015,0.025,148.0,0.0,-100.0,943,394,549,41.782,100.0,0.713,-4.11,8763,13.43,-90.93,0.0,-100.0,0.0,-96.97
SOL-USDT-SWAP,15m,2H,0.007,0.015,0.03,148.0,0.0,-100.0,943,401,542,42.524,100.0,0.691,-4.11,8763,10.46,-92.93,0.0,-100.0,0.0,-97.21
SOL-USDT-SWAP,15m,2H,0.007,0.02,0.005,148.0,0.0,-100.0,943,268,675,28.42,100.0,0.467,-4.11,8763,0.9,-99.39,0.0,-100.0,0.0,-98.73
SOL-USDT-SWAP,15m,2H,0.007,0.02,0.008,148.0,0.0,-100.0,943,308,635,32.662,100.0,0.395,-4.11,8763,0.24,-99.83,0.0,-100.0,0.0,-99.24
SOL-USDT-SWAP,15m,2H,0.007,0.02,0.01,148.0,0.0,-100.0,943,325,618,34.464,100.0,0.398,-4.11,8763,0.26,-99.83,0.0,-100.0,0.0,-99.49
SOL-USDT-SWAP,15m,2H,0.007,0.02,0.015,148.0,0.0,-100.0,943,342,601,36.267,100.0,0.513,-4.11,8763,0.24,-99.84,0.0,-100.0,0.0,-99.56
SOL-USDT-SWAP,15m,2H,0.007,0.02,0.02,148.0,0.0,-100.0,943,348,595,36.903,100.0,0.513,-4.11,8763,0.34,-99.77,0.0,-100.0,0.0,-99.72
SOL-USDT-SWAP,15m,2H,0.007,0.02,0.025,148.0,0.0,-100.0,943,354,589,37.54,100.0,0.486,-4.11,8763,0.39,-99.74,0.0,-100.0,0.0,-99.61
SOL-USDT-SWAP,15m,2H,0.007,0.02,0.03,148.0,0.0,-100.0,943,361,582,38.282,100.0,0.452,-4.11,8763,0.23,-99.85,0.0,-100.0,0.0,-99.69
SOL-USDT-SWAP,15m,2H,0.007,0.03,0.005,148.0,0.0,-100.0,943,258,685,27.359,100.0,0.329,-4.11,8763,0.53,-99.64,0.0,-100.0,0.0,-99.02
SOL-USDT-SWAP,15m,2H,0.007,0.03,0.008,148.0,0.0,-100.0,943,297,646,31.495,100.0,0.292,-4.11,8763,0.17,-99.89,0.0,-100.0,0.0,-99.48
SOL-USDT-SWAP,15m,2H,0.007,0.03,0.01,148.0,0.0,-100.0,943,314,629,33.298,100.0,0.296,-4.11,8763,0.13,-99.91,0.0,-100.0,0.0,-99.66
SOL-USDT-SWAP,15m,2H,0.007,0.03,0.015,148.0,0.0,-100.0,943,329,614,34.889,100.0,0.267,-4.11,8763,0.06,-99.96,0.0,-100.0,0.0,-99.73
SOL-USDT-SWAP,15m,2H,0.007,0.03,0.02,148.0,0.0,-100.0,943,337,606,35.737,100.0,0.271,-4.11,8763,0.09,-99.94,0.0,-100.0,0.0,-99.82
SOL-USDT-SWAP,15m,2H,0.007,0.03,0.025,148.0,0.0,-100.0,943,340,603,36.055,100.0,0.239,-4.11,8763,0.09,-99.94,0.0,-100.0,0.0,-99.75
SOL-USDT-SWAP,15m,2H,0.007,0.03,0.03,148.0,0.0,-100.0,943,346,597,36.691,100.0,0.206,-4.11,8763,0.04,-99.97,0.0,-100.0,0.0,-99.8
SOL-USDT-SWAP,15m,2H,0.01,0.004,0.005,148.0,0.149,-99.899,628,405,223,64.49,99.916,0.617,-4.105,8763,52.09,-64.8,0.77,-98.52,0.15,-80.6
SOL-USDT-SWAP,15m,2H,0.01,0.004,0.008,148.0,3.204,-97.835,628,477,151,75.955,98.368,0.75,-4.021,8763,96.4,-34.87,8.74,-90.93,3.2,-63.34
SOL-USDT-SWAP,15m,2H,0.01,0.004,0.01,148.0,23.849,-83.886,628,507,121,80.732,89.132,0.853,-3.447,8763,89.86,-39.29,51.24,-42.97,23.85,-53.46
SOL-USDT-SWAP,15m,2H,0.01,0.004,0.015,148.0,184.003,24.327,628,538,90,85.669,86.445,1.019,1.0,8763,417.02,181.77,95.8,-77.03,184.0,92.07
SOL-USDT-SWAP,15m,2H,0.01,0.004,0.02,148.0,1453.502,882.096,628,555,73,88.376,77.977,1.272,36.251,8763,698.57,372.0,820.54,17.46,1453.5,77.14
SOL-USDT-SWAP,15m,2H,0.01,0.004,0.025,148.0,3637.167,2357.545,628,562,66,89.49,80.109,1.613,96.885,8763,854.72,477.52,1370.81,60.38,3637.17,165.33
SOL-USDT-SWAP,15m,2H,0.01,0.004,0.03,148.0,5489.101,3608.852,628,565,63,89.968,82.61,1.766,148.309,8763,795.94,437.8,2384.2,199.55,5489.1,130.23
SOL-USDT-SWAP,15m,2H,0.01,0.006,0.005,148.0,7.622,-94.85,628,363,265,57.803,97.107,0.838,-3.898,8763,137.5,-7.1,13.78,-89.98,7.62,-44.7
SOL-USDT-SWAP,15m,2H,0.01,0.006,0.008,148.0,120.641,-18.486,628,421,207,67.038,84.912,0.988,-0.76,8763,265.84,79.62,140.11,-47.3,120.64,-13.89
SOL-USDT-SWAP,15m,2H,0.01,0.006,0.01,148.0,939.688,534.924,628,447,181,71.178,56.414,1.1,21.983,8763,285.22,92.72,1029.04,260.79,939.69,-8.68
SOL-USDT-SWAP,15m,2H,0.01,0.006,0.015,148.0,8722.481,5793.568,628,475,153,75.637,65.44,1.316,238.092,8763,1606.68,985.6,3068.83,91.0,8722.48,184.23
SOL-USDT-SWAP,15m,2H,0.01,0.006,0.02,148.0,34569.864,23258.016,628,487,141,77.548,61.322,1.377,955.809,8763,2680.36,1711.06,19884.3,641.85,34569.86,73.86
SOL-USDT-SWAP,15m,2H,0.01,0.006,0.025,148.0,47455.185,31964.314,628,494,134,78.662,67.574,1.579,1313.602,8763,3128.67,2013.96,27969.62,793.98,47455.18,69.67
SOL-USDT-SWAP,15m,2H,0.01,0.006,0.03,148.0,60141.132,40535.9,628,498,130,79.299,72.781,1.857,1665.859,8763,2713.11,1733.18,34587.31,1174.82,60141.13,73.88
SOL-USDT-SWAP,15m,2H,0.01,0.008,0.005,148.0,3.754,-97.463,628,305,323,48.567,99.002,0.885,-4.005,8763,226.37,52.95,14.29,-93.69,3.75,-73.74
SOL-USDT-SWAP,15m,2H,0.01,0.008,0.008,148.0,49.495,-66.557,628,357,271,56.847,93.109,0.966,-2.735,8763,432.58,192.29,88.33,-79.58,49.5,-43.97
SOL-USDT-SWAP,15m,2H,0.01,0.008,0.01,148.0,506.534,242.253,628,383,245,60.987,69.416,1.039,9.956,8763,409.8,176.89,883.58,115.61,506.53,-42.67
SOL-USDT-SWAP,15m,2H,0.01,0.008,0.015,148.0,2871.929,1840.493,628,406,222,64.65,79.007,1.079,75.637,8763,2529.2,1608.92,2125.4,-15.97,2871.93,35.12
SOL-USDT-SWAP,15m,2H,0.01,0.008,0.02,148.0,3641.193,2360.266,628,414,214,65.924,86.944,1.058,96.997,8763,3230.51,2082.78,4773.99,47.78,3641.19,-23.73
SOL-USDT-SWAP,15m,2H,0.01,0.008,0.025,148.0,10704.578,7132.823,628,422,206,67.197,65.348,1.11,293.13,8763,3756.12,2437.92,11320.73,201.39,10704.58,-5.44
SOL-USDT-SWAP,15m,2H,0.01,0.008,0.03,148.0,28875.066,19410.18,628,426,202,67.834,72.268,1.237,797.679,8763,3330.09,2150.06,18046.34,441.92,28875.07,60.01
SOL-USDT-SWAP,15m,2H,0.01,0.01,0.005,148.0,0.299,-99.798,628,258,370,41.083,99.915,0.853,-4.101,8763,100.12,-32.35,2.02,-97.99,0.3,-85.18
SOL-USDT-SWAP,15m,2H,0.01,0.01,0.008,148.0,0.983,-99.336,628,300,328,47.771,99.75,0.884,-4.082,8763,107.24,-27.54,4.39,-95.91,0.98,-77.59
SOL-USDT-SWAP,15m,2H,0.01,0.01,0.01,148.0,7.138,-95.177,628,324,304,51.592,97.931,0.912,-3.911,8763,87.47,-40.9,29.67,-66.08,7.14,-75.94
SOL-USDT-SWAP,15m,2H,0.01,0.01,0.015,148.0,17.53,-88.156,628,344,284,54.777,97.847,0.965,-3.623,8763,371.71,151.15,46.65,-87.45,17.53,-62.42
SOL-USDT-SWAP,15m,2H,0.01,0.01,0.02,148.0,36.006,-75.672,628,354,274,56.369,96.742,0.979,-3.11,8763,451.49,205.06,110.1,-75.61,36.01,-67.3
SOL-USDT-SWAP,15m,2H,0.01,0.01,0.025,148.0,231.677,56.539,628,364,264,57.962,83.351,1.008,2.324,8763,704.26,375.85,564.42,-19.86,231.68,-58.95
SOL-USDT-SWAP,15m,2H,0.01,0.01,0.03,148.0,474.288,220.465,628,368,260,58.599,72.09,1.031,9.06,8763,541.45,265.84,817.74,51.03,474.29,-42.0
SOL-USDT-SWAP,15m,2H,0.01,0.012,0.005,148.0,0.009,-99.994,628,224,404,35.669,99.996,0.748,-4.109,8763,40.15,-72.87,0.05,-99.86,0.01,-82.77
SOL-USDT-SWAP,15m,2H,0.01,0.012,0.008,148.0,0.022,-99.985,628,265,363,42.197,99.991,0.779,-4.109,8763,39.05,-73.62,0.1,-99.75,0.02,-77.04
SOL-USDT-SWAP,15m,2H,0.01,0.012,0.01,148.0,0.122,-99.917,628,289,339,46.019,99.954,0.81,-4.106,8763,35.46,-76.04,0.65,-98.18,0.12,-81.08
SOL-USDT-SWAP,15m,2H,0.01,0.012,0.015,148.0,0.189,-99.872,628,307,321,48.885,99.929,0.88,-4.104,8763,127.57,-13.8,0.82,-99.36,0.19,-76.77
SOL-USDT-SWAP,15m,2H,0.01,0.012,0.02,148.0,0.421,-99.716,628,318,310,50.637,99.881,0.903,-4.098,8763,151.03,2.05,1.79,-98.82,0.42,-76.46
SOL-USDT-SWAP,15m,2H,0.01,0.012,0.025,148.0,1.534,-98.964,628,326,302,51.911,99.466,0.915,-4.067,8763,180.19,21.75,7.1,-96.06,1.53,-78.39
SOL-USDT-SWAP,15m,2H,0.01,0.012,0.03,148.0,2.092,-98.587,628,330,298,52.548,99.275,0.898,-4.052,8763,129.01,-12.83,7.22,-94.4,2.09,-71.04
SOL-USDT-SWAP,15m,2H,0.01,0.015,0.005,148.0,0.002,-99.999,628,207,421,32.962,99.999,0.633,-4.11,8763,18.12,-87.76,0.01,-99.92,0.0,-85.49
SOL-USDT-SWAP,15m,2H,0.01,0.015,0.008,148.0,0.003,-99.998,628,244,384,38.854,99.999,0.697,-4.11,8763,19.28,-86.97,0.02,-99.91,0.0,-84.99
SOL-USDT-SWAP,15m,2H,0.01,0.015,0.01,148.0,0.006,-99.996,628,264,364,42.038,99.998,0.73,-4.109,8763,17.84,-87.95,0.06,-99.69,0.01,-88.23
SOL-USDT-SWAP,15m,2H,0.01,0.015,0.015,148.0,0.008,-99.995,628,281,347,44.745,99.997,0.812,-4.109,8763,72.21,-51.21,0.08,-99.88,0.01,-90.38
SOL-USDT-SWAP,15m,2H,0.01,0.015,0.02,148.0,0.012,-99.992,628,290,338,46.178,99.996,0.845,-4.109,8763,88.84,-39.97,0.12,-99.87,0.01,-90.02
SOL-USDT-SWAP,15m,2H,0.01,0.015,0.025,148.0,0.048,-99.968,628,299,329,47.611,99.985,0.835,-4.108,8763,101.88,-31.16,0.4,-99.61,0.05,-88.06
SOL-USDT-SWAP,15m,2H,0.01,0.015,0.03,148.0,0.05,-99.966,628,302,326,48.089,99.984,0.806,-4.108,8763,67.93,-54.1,0.33,-99.52,0.05,-84.69
SOL-USDT-SWAP,15m,2H,0.01,0.02,0.005,148.0,0.0,-100.0,628,188,440,29.936,100.0,0.511,-4.11,8763,4.51,-96.95,0.0,-99.98,0.0,-92.67
SOL-USDT-SWAP,15m,2H,0.01,0.02,0.008,148.0,0.0,-100.0,628,219,409,34.873,100.0,0.545,-4.11,8763,3.46,-97.66,0.0,-99.99,0.0,-93.67
SOL-USDT-SWAP,15m,2H,0.01,0.02,0.01,148.0,0.0,-100.0,628,238,390,37.898,100.0,0.623,-4.11,8763,3.62,-97.55,0.0,-99.98,0.0,-95.25
SOL-USDT-SWAP,15m,2H,0.01,0.02,0.015,148.0,0.0,-100.0,628,254,374,40.446,100.0,0.668,-4.11,8763,11.53,-92.21,0.0,-99.99,0.0,-96.55
SOL-USDT-SWAP,15m,2H,0.01,0.02,0.02,148.0,0.0,-100.0,628,261,367,41.561,100.0,0.668,-4.11,8763,8.76,-94.08,0.0,-99.99,0.0,-95.39
SOL-USDT-SWAP,15m,2H,0.01,0.02,0.025,148.0,0.0,-100.0,628,270,358,42.994,100.0,0.648,-4.11,8763,10.1,-93.17,0.0,-99.98,0.0,-95.11
SOL-USDT-SWAP,15m,2H,0.01,0.02,0.03,148.0,0.0,-100.0,628,273,355,43.471,100.0,0.621,-4.11,8763,7.53,-94.91,0.0,-99.98,0.0,-93.78
SOL-USDT-SWAP,15m,2H,0.01,0.03,0.005,148.0,0.0,-100.0,628,177,451,28.185,100.0,0.254,-4.11,8763,1.42,-99.04,0.0,-100.0,0.0,-94.65
SOL-USDT-SWAP,15m,2H,0.01,0.03,0.008,148.0,0.0,-100.0,628,206,422,32.803,100.0,0.297,-4.11,8763,0.79,-99.46,0.0,-100.0,0.0,-96.49
SOL-USDT-SWAP,15m,2H,0.01,0.03,0.01,148.0,0.0,-100.0,628,223,405,35.51,100.0,0.273,-4.11,8763,0.59,-99.6,0.0,-100.0,0.0,-97.43
SOL-USDT-SWAP,15m,2H,0.01,0.03,0.015,148.0,0.0,-100.0,628,239,389,38.057,100.0,0.288,-4.11,8763,1.2,-99.19,0.0,-100.0,0.0,-98.24
SOL-USDT-SWAP,15m,2H,0.01,0.03,0.02,148.0,0.0,-100.0,628,244,384,38.854,100.0,0.24,-4.11,8763,0.58,-99.61,0.0,-100.0,0.0,-97.74
SOL-USDT-SWAP,15m,2H,0.01,0.03,0.025,148.0,0.0,-100.0,628,250,378,39.809,100.0,0.203,-4.11,8763,0.55,-99.63,0.0,-100.0,0.0,-97.61
SOL-USDT-SWAP,15m,2H,0.01,0.03,0.03,148.0,0.0,-100.0,628,253,375,40.287,100.0,0.169,-4.11,8763,0.33,-99.78,0.0,-100.0,0.0,-96.96
SOL-USDT-SWAP,30m,4H,0.001,0.004,0.005,148.0,0.0,-100.0,1146,736,410,64.223,100.0,0.418,-4.104,4388,4.11,-97.22,0.0,-99.96,0.0,-92.31
SOL-USDT-SWAP,30m,4H,0.001,0.004,0.008,148.0,0.144,-99.903,1146,880,266,76.789,99.922,0.627,-4.1,4388,27.08,-81.7,0.18,-99.33,0.14,-20.86
SOL-USDT-SWAP,30m,4H,0.001,0.004,0.01,148.0,5.342,-96.391,1146,933,213,81.414,98.693,0.733,-3.956,4388,52.11,-64.79,3.9,-92.51,5.34,36.89
SOL-USDT-SWAP,30m,4H,0.001,0.004,0.015,148.0,1674.457,1031.39,1146,993,153,86.649,83.458,1.15,42.328,4388,587.76,297.13,779.49,32.62,1674.46,114.81
SOL-USDT-SWAP,30m,4H,0.001,0.004,0.02,148.0,30906.078,20782.485,1146,1015,131,88.569,76.614,1.437,852.906,4388,1608.12,986.56,7668.21,376.84,30906.08,303.04
SOL-USDT-SWAP,30m,4H,0.001,0.004,0.025,148.0,52862.773,35618.09,1146,1024,122,89.354,71.232,1.598,1461.755,4388,2253.71,1422.78,30379.6,1247.98,52862.77,74.01
SOL-USDT-SWAP,30m,4H,0.001,0.004,0.03,148.0,75845.536,51146.984,1146,1029,117,89.791,72.124,1.751,2099.055,4388,3535.4,2288.78,50696.26,1333.96,75845.54,49.61
SOL-USDT-SWAP,30m,4H,0.001,0.006,0.005,148.0,0.004,-99.997,1146,630,516,54.974,99.998,0.609,-4.104,4388,9.37,-93.67,0.05,-99.47,0.0,-92.39
SOL-USDT-SWAP,30m,4H,0.001,0.006,0.008,148.0,1.541,-98.959,1146,751,395,65.532,99.237,0.779,-4.061,4388,34.76,-76.51,2.69,-92.27,1.54,-42.65
SOL-USDT-SWAP,30m,4H,0.001,0.006,0.01,148.0,21.008,-85.806,1146,797,349,69.546,94.972,0.894,-3.521,4388,52.74,-64.37,24.02,-54.45,21.01,-12.55
SOL-USDT-SWAP,30m,4H,0.001,0.006,0.015,148.0,4605.125,3011.571,1146,851,295,74.258,78.267,1.082,123.594,4388,419.5,183.45,1905.76,354.29,4605.12,141.64
SOL-USDT-SWAP,30m,4H,0.001,0.006,0.02,148.0,58543.36,39456.324,1146,872,274,76.091,60.734,1.337,1619.275,4388,1301.53,779.41,24475.09,1780.48,58543.36,139.2
SOL-USDT-SWAP,30m,4H,0.001,0.006,0.025,148.0,77266.13,52106.845,1146,881,265,76.876,67.085,1.388,2138.448,4388,2208.79,1392.43,46795.3,2018.59,77266.13,65.12
SOL-USDT-SWAP,30m,4H,0.001,0.006,0.03,148.0,93870.147,63325.775,1146,885,261,77.225,69.392,1.417,2598.869,4388,3063.63,1970.02,60733.23,1882.4,93870.15,54.56
SOL-USDT-SWAP,30m,4H,0.001,0.008,0.005,148.0,0.0,-100.0,1146,517,629,45.113,100.0,0.686,-4.104,4388,9.55,-93.55,0.01,-99.91,0.0,-98.25
SOL-USDT-SWAP,30m,4H,0.001,0.008,0.008,148.0,0.038,-99.974,1146,631,515,55.061,99.981,0.79,-4.103,4388,25.68,-82.65,0.26,-98.99,0.04,-85.36
SOL-USDT-SWAP,30m,4H,0.001,0.008,0.01,148.0,0.23,-99.844,1146,670,476,58.464,99.897,0.845,-4.098,4388,56.54,-61.8,1.79,-96.83,0.23,-87.15
SOL-USDT-SWAP,30m,4H,0.001,0.008,0.015,148.0,20.124,-86.402,1146,719,427,62.74,97.328,0.981,-3.546,4388,518.71,250.48,95.56,-81.58,20.12,-78.94
SOL-USDT-SWAP,30m,4H,0.001,0.008,0.02,148.0,450.339,204.283,1146,740,406,64.572,94.838,1.007,8.384,4388,1078.62,628.8,822.6,-23.74,450.34,-45.25
SOL-USDT-SWAP,30m,4H,0.001,0.008,0.025,148.0,5489.192,3608.914,1146,751,395,65.532,87.704,1.031,148.109,4388,1775.58,1099.72,6580.26,270.6,5489.19,-16.58
SOL-USDT-SWAP,30m,4H,0.001,0.008,0.03,148.0,8311.857,5516.12,1146,755,391,65.881,90.52,1.042,226.38,4388,2200.67,1386.94,8301.61,277.23,8311.86,0.12
SOL-USDT-SWAP,30m,4H,0.001,0.01,0.005,148.0,0.0,-100.0,1146,440,706,38.394,100.0,0.667,-4.104,4388,2.93,-98.02,0.0,-99.97,0.0,-99.49
SOL-USDT-SWAP,30m,4H,0.001,0.01,0.008,148.0,0.001,-99.999,1146,549,597,47.906,100.0,0.803,-4.104,4388,7.53,-94.91,0.03,-99.6,0.0,-95.77
SOL-USDT-SWAP,30m,4H,0.001,0.01,0.01,148.0,0.008,-99.995,1146,589,557,51.396,99.997,0.861,-4.104,4388,34.69,-76.56,0.27,-99.23,0.01,-97.05
SOL-USDT-SWAP,30m,4H,0.001,0.01,0.015,148.0,0.094,-99.937,1146,630,516,54.974,99.973,0.943,-4.101,4388,210.64,42.33,3.1,-98.53,0.09,-96.97
SOL-USDT-SWAP,30m,4H,0.001,0.01,0.02,148.0,2.989,-97.98,1146,651,495,56.806,99.63,0.979,-4.021,4388,589.21,298.11,42.6,-92.77,2.99,-92.98
SOL-USDT-SWAP,30m,4H,0.001,0.01,0.025,148.0,13.086,-91.158,1146,662,484,57.766,99.054,0.991,-3.741,4388,724.62,389.61,176.47,-75.65,13.09,-92.58
SOL-USDT-SWAP,30m,4H,0.001,0.01,0.03,148.0,26.041,-82.405,1146,667,479,58.202,99.066,0.995,-3.382,4388,1198.14,709.55,277.37,-76.85,26.04,-90.61
SOL-USDT-SWAP,30m,4H,0.001,0.012,0.005,148.0,0.0,-100.0,1146,396,750,34.555,100.0,0.622,-4.104,4388,1.43,-99.03,0.0,-99.99,0.0,-99.77
SOL-USDT-SWAP,30m,4H,0.001,0.012,0.008,148.0,0.0,-100.0,1146,496,650,43.281,100.0,0.815,-4.104,4388,3.24,-97.81,0.0,-99.9,0.0,-98.73
SOL-USDT-SWAP,30m,4H,0.001,0.012,0.01,148.0,0.001,-100.0,1146,540,606,47.12,100.0,0.877,-4.104,4388,24.9,-83.18,0.08,-99.67,0.0,-99.24
SOL-USDT-SWAP,30m,4H,0.001,0.012,0.015,148.0,0.003,-99.998,1146,578,568,50.436,99.999,0.908,-4.104,4388,67.17,-54.61,0.34,-99.49,0.0,-99.26
SOL-USDT-SWAP,30m,4H,0.001,0.012,0.02,148.0,0.044,-99.97,1146,597,549,52.094,99.989,0.94,-4.103,4388,146.8,-0.81,3.75,-97.45,0.04,-98.83
SOL-USDT-SWAP,30m,4H,0.001,0.012,0.025,148.0,0.351,-99.763,1146,610,536,53.229,99.926,0.965,-4.094,4388,213.53,44.28,28.28,-86.75,0.35,-98.76
SOL-USDT-SWAP,30m,4H,0.001,0.012,0.03,148.0,0.638,-99.569,1146,615,531,53.665,99.935,0.974,-4.086,4388,311.84,110.7,38.64,-87.61,0.64,-98.35
SOL-USDT-SWAP,30m,4H,0.001,0.015,0.005,148.0,0.0,-100.0,1146,347,799,30.279,100.0,0.429,-4.104,4388,0.29,-99.81,0.0,-100.0,0.0,-99.91
SOL-USDT-SWAP,30m,4H,0.001,0.015,0.008,148.0,0.0,-100.0,1146,438,708,38.22,100.0,0.711,-4.104,4388,0.5,-99.66,0.0,-99.99,0.0,-99.72
SOL-USDT-SWAP,30m,4H,0.001,0.015,0.01,148.0,0.0,-100.0,1146,477,669,41.623,100.0,0.705,-4.104,4388,2.64,-98.21,0.0,-99.99,0.0,-99.87
SOL-USDT-SWAP,30m,4H,0.001,0.015,0.015,148.0,0.0,-100.0,1146,516,630,45.026,100.0,0.703,-4.104,4388,8.53,-94.23,0.0,-99.98,0.0,-99.9
SOL-USDT-SWAP,30m,4H,0.001,0.015,0.02,148.0,0.0,-100.0,1146,530,616,46.248,100.0,0.736,-4.104,4388,9.47,-93.6,0.0,-99.96,0.0,-99.86
SOL-USDT-SWAP,30m,4H,0.001,0.015,0.025,148.0,0.0,-100.0,1146,543,603,47.382,100.0,0.75,-4.104,4388,12.91,-91.28,0.02,-99.81,0.0,-99.87
SOL-USDT-SWAP,30m,4H,0.001,0.015,0.03,148.0,0.0,-100.0,1146,548,598,47.818,100.0,0.789,-4.104,4388,21.86,-85.23,0.04,-99.81,0.0,-99.8
SOL-USDT-SWAP,30m,4H,0.001,0.02,0.005,148.0,0.0,-100.0,1146,311,835,27.138,100.0,0.304,-4.104,4388,0.02,-99.99,0.0,-100.0,0.0,-99.96
SOL-USDT-SWAP,30m,4H,0.001,0.02,0.008,148.0,0.0,-100.0,1146,389,757,33.944,100.0,0.648,-4.104,4388,0.02,-99.98,0.0,-100.0,0.0,-99.9
SOL-USDT-SWAP,30m,4H,0.001,0.02,0.01,148.0,0.0,-100.0,1146,424,722,36.998,100.0,0.639,-4.104,4388,0.15,-99.9,0.0,-100.0,0.0,-99.96
SOL-USDT-SWAP,30m,4H,0.001,0.02,0.015,148.0,0.0,-100.0,1146,460,686,40.14,100.0,0.587,-4.104,4388,0.28,-99.81,0.0,-100.0,0.0,-99.98
SOL-USDT-SWAP,30m,4H,0.001,0.02,0.02,148.0,0.0,-100.0,1146,475,671,41.449,100.0,0.637,-4.104,4388,0.41,-99.73,0.0,-100.0,0.0,-99.96
SOL-USDT-SWAP,30m,4H,0.001,0.02,0.025,148.0,0.0,-100.0,1146,487,659,42.496,100.0,0.603,-4.104,4388,0.28,-99.81,0.0,-100.0,0.0,-99.96
SOL-USDT-SWAP,30m,4H,0.001,0.02,0.03,148.0,0.0,-100.0,1146,491,655,42.845,100.0,0.589,-4.104,4388,0.65,-99.56,0.0,-100.0,0.0,-99.95
SOL-USDT-SWAP,30m,4H,0.001,0.03,0.005,148.0,0.0,-100.0,1146,294,852,25.654,100.0,0.393,-4.104,4388,0.01,-99.99,0.0,-100.0,0.0,-99.97
SOL-USDT-SWAP,30m,4H,0.001,0.03,0.008,148.0,0.0,-100.0,1146,369,777,32.199,100.0,0.753,-4.104,4388,0.02,-99.99,0.0,-100.0,0.0,-99.96
SOL-USDT-SWAP,30m,4H,0.001,0.03,0.01,148.0,0.0,-100.0,1146,404,742,35.253,100.0,0.742,-4.104,4388,0.13,-99.91,0.0,-100.0,0.0,-99.99
SOL-USDT-SWAP,30m,4H,0.001,0.03,0.015,148.0,0.0,-100.0,1146,439,707,38.307,100.0,0.68,-4.104,4388,0.14,-99.9,0.0,-100.0,0.0,-99.99
SOL-USDT-SWAP,30m,4H,0.001,0.03,0.02,148.0,0.0,-100.0,1146,452,694,39.442,100.0,0.683,-4.104,4388,0.12,-99.92,0.0,-100.0,0.0,-99.99
SOL-USDT-SWAP,30m,4H,0.001,0.03,0.025,148.0,0.0,-100.0,1146,461,685,40.227,100.0,0.651,-4.104,4388,0.07,-99.95,0.0,-100.0,0.0,-99.99
SOL-USDT-SWAP,30m,4H,0.001,0.03,0.03,148.0,0.0,-100.0,1146,464,682,40.489,100.0,0.602,-4.104,4388,0.1,-99.93,0.0,-100.0,0.0,-99.98
SOL-USDT-SWAP,30m,4H,0.002,0.004,0.005,148.0,0.002,-99.999,1042,686,356,65.835,99.999,0.515,-4.104,4388,10.44,-92.94,0.01,-99.88,0.0,-86.98
SOL-USDT-SWAP,30m,4H,0.002,0.004,0.008,148.0,0.705,-99.524,1042,818,224,78.503,99.635,0.734,-4.084,4388,73.69,-50.21,0.96,-98.69,0.71,-26.81
SOL-USDT-SWAP,30m,4H,0.002,0.004,0.01,148.0,25.074,-83.058,1042,867,175,83.205,92.352,0.891,-3.409,4388,186.76,26.19,28.69,-84.64,25.07,-12.61
SOL-USDT-SWAP,30m,4H,0.002,0.004,0.015,148.0,6790.699,4488.31,1042,926,116,88.868,68.769,1.172,184.199,4388,1200.4,711.08,4540.47,278.25,6790.7,49.56
SOL-USDT-SWAP,30m,4H,0.002,0.004,0.02,148.0,53219.277,35858.971,1042,947,95,90.883,56.668,1.506,1471.64,4388,3364.51,2173.32,34822.88,935.01,53219.28,52.83
SOL-USDT-SWAP,30m,4H,0.002,0.004,0.025,148.0,85752.524,57840.895,1042,957,85,91.843,51.245,1.778,2373.771,4388,6485.01,4281.76,70782.55,991.48,85752.52,21.15
SOL-USDT-SWAP,30m,4H,0.002,0.004,0.03,148.0,88875.324,59950.895,1042,959,83,92.035,51.892,1.839,2460.365,4388,6040.83,3981.64,73619.53,1118.7,88875.32,20.72
SOL-USDT-SWAP,30m,4H,0.002,0.006,0.005,148.0,0.074,-99.95,1042,593,449,56.91,99.961,0.726,-4.102,4388,18.74,-87.34,0.43,-97.72,0.07,-82.79
SOL-USDT-SWAP,30m,4H,0.002,0.006,0.008,148.0,18.837,-87.272,1042,705,337,67.658,94.951,0.905,-3.582,4388,105.04,-29.03,13.42,-87.23,18.84,40.39
SOL-USDT-SWAP,30m,4H,0.002,0.006,0.01,148.0,348.997,135.809,1042,746,296,71.593,81.273,1.034,5.574,4388,251.85,70.17,208.31,-17.28,349.0,67.53
SOL-USDT-SWAP,30m,4H,0.002,0.006,0.015,148.0,68307.485,46053.706,1042,801,241,76.871,67.038,1.381,1890.029,4388,1787.39,1107.69,44316.55,2379.41,68307.48,54.14
SOL-USDT-SWAP,30m,4H,0.002,0.006,0.02,148.0,109650.653,73988.279,1042,821,221,78.791,66.834,1.556,3036.455,4388,5149.5,3379.39,78090.09,1416.46,109650.65,40.42
SOL-USDT-SWAP,30m,4H,0.002,0.006,0.025,148.0,137808.049,93013.547,1042,830,212,79.655,61.531,1.61,3817.245,4388,9666.98,6431.74,109401.08,1031.7,137808.05,25.97
SOL-USDT-SWAP,30m,4H,0.002,0.006,0.03,148.0,146885.877,99147.214,1042,832,210,79.846,54.407,1.654,4068.969,4388,12817.49,8560.47,115489.14,801.03,146885.88,27.19
SOL-USDT-SWAP,30m,4H,0.002,0.008,0.005,148.0,0.019,-99.987,1042,497,545,47.697,99.988,0.721,-4.103,4388,18.14,-87.74,0.46,-97.47,0.02,-95.84
SOL-USDT-SWAP,30m,4H,0.002,0.008,0.008,148.0,1.737,-98.827,1042,597,445,57.294,99.194,0.867,-4.056,4388,80.53,-45.59,7.98,-90.1,1.74,-78.23
SOL-USDT-SWAP,30m,4H,0.002,0.008,0.01,148.0,13.604,-90.808,1042,632,410,60.653,95.943,0.955,-3.727,4388,201.18,35.93,51.83,-74.24,13.6,-73.75
SOL-USDT-SWAP,30m,4H,0.002,0.008,0.015,148.0,3798.18,2466.338,1042,682,360,65.451,88.994,1.02,101.218,4388,1392.78,841.07,11375.78,716.77,3798.18,-66.61
SOL-USDT-SWAP,30m,4H,0.002,0.008,0.02,148.0,66596.583,44897.691,1042,703,339,67.466,64.274,1.244,1842.587,4388,2939.55,1886.19,53044.71,1704.52,66596.58,25.55
SOL-USDT-SWAP,30m,4H,0.002,0.008,0.025,148.0,85439.405,57629.328,1042,712,330,68.33,68.842,1.289,2365.089,4388,4555.81,2978.25,75232.86,1551.36,85439.41,13.57
SOL-USDT-SWAP,30m,4H,0.002,0.008,0.03,148.0,86582.927,58401.978,1042,714,328,68.522,70.469,1.294,2396.798,4388,5207.13,3418.33,74136.61,1323.75,86582.93,16.79
SOL-USDT-SWAP,30m,4H,0.002,0.01,0.005,148.0,0.001,-99.999,1042,423,619,40.595,100.0,0.711,-4.104,4388,10.19,-93.11,0.04,-99.65,0.0,-97.91
SOL-USDT-SWAP,30m,4H,0.002,0.01,0.008,148.0,0.08,-99.946,1042,518,524,49.712,99.967,0.854,-4.102,4388,51.76,-65.02,0.8,-98.45,0.08,-90.01
SOL-USDT-SWAP,30m,4H,0.002,0.01,0.01,148.0,0.165,-99.889,1042,546,496,52.399,99.939,0.89,-4.099,4388,96.79,-34.6,1.93,-98.01,0.16,-91.47
SOL-USDT-SWAP,30m,4H,0.002,0.01,0.015,148.0,15.931,-89.236,1042,592,450,56.814,98.952,0.99,-3.662,4388,790.97,434.44,224.59,-71.61,15.93,-92.91
SOL-USDT-SWAP,30m,4H,0.002,0.01,0.02,148.0,723.901,389.122,1042,614,428,58.925,96.483,1.007,15.969,4388,2110.56,1326.05,1924.88,-8.8,723.9,-62.39
SOL-USDT-SWAP,30m,4H,0.002,0.01,0.025,148.0,11387.862,7594.501,1042,624,418,59.885,83.049,1.036,311.676,4388,3577.79,2317.42,18272.0,410.71,11387.86,-37.68
SOL-USDT-SWAP,30m,4H,0.002,0.01,0.03,148.0,7862.406,5212.436,1042,627,415,60.173,85.214,1.029,213.917,4388,3808.04,2473.0,13704.98,259.9,7862.41,-42.63
SOL-USDT-SWAP,30m,4H,0.002,0.012,0.005,148.0,0.0,-100.0,1042,383,659,36.756,100.0,0.727,-4.104,4388,4.97,-96.64,0.01,-99.89,0.0,-98.22
SOL-USDT-SWAP,30m,4H,0.002,0.012,0.008,148.0,0.011,-99.993,1042,475,567,45.585,99.997,0.875,-4.104,4388,42.8,-71.08,0.2,-99.54,0.01,-94.66
SOL-USDT-SWAP,30m,4H,0.002,0.012,0.01,148.0,0.019,-99.987,1042,502,540,48.177,99.994,0.898,-4.103,4388,73.91,-50.06,0.48,-99.36,0.02,-96.09
SOL-USDT-SWAP,30m,4H,0.002,0.012,0.015,148.0,0.423,-99.714,1042,541,501,51.919,99.897,0.964,-4.092,4388,314.5,112.5,21.36,-93.21,0.42,-98.02
SOL-USDT-SWAP,30m,4H,0.002,0.012,0.02,148.0,24.533,-83.424,1042,564,478,54.127,97.829,0.993,-3.424,4388,785.41,430.69,239.08,-69.56,24.53,-89.74
SOL-USDT-SWAP,30m,4H,0.002,0.012,0.025,148.0,84.904,-42.633,1042,573,469,54.99,98.391,0.999,-1.75,4388,1059.0,615.54,1101.84,4.05,84.9,-92.29
SOL-USDT-SWAP,30m,4H,0.002,0.012,0.03,148.0,143.909,-2.764,1042,576,466,55.278,97.619,1.0,-0.113,4388,1320.48,792.22,1363.37,3.25,143.91,-89.44
SOL-USDT-SWAP,30m,4H,0.002,0.015,0.005,148.0,0.0,-100.0,1042,330,712,31.67,100.0,0.649,-4.104,4388,0.91,-99.38,0.0,-99.99,0.0,-99.48
SOL-USDT-SWAP,30m,4H,0.002,0.015,0.008,148.0,0.0,-100.0,1042,416,626,39.923,100.0,0.736,-4.104,4388,4.32,-97.08,0.0,-99.98,0.0,-98.53
SOL-USDT-SWAP,30m,4H,0.002,0.015,0.01,148.0,0.0,-100.0,1042,447,595,42.898,100.0,0.749,-4.104,4388,7.64,-94.84,0.0,-99.96,0.0,-98.49
SOL-USDT-SWAP,30m,4H,0.002,0.015,0.015,148.0,0.0,-100.0,1042,481,561,46.161,100.0,0.734,-4.104,4388,12.53,-91.53,0.02,-99.8,0.0,-99.44
SOL-USDT-SWAP,30m,4H,0.002,0.015,0.02,148.0,0.002,-99.999,1042,501,541,48.081,99.999,0.81,-4.104,4388,30.03,-79.71,0.1,-99.67,0.0,-98.12
SOL-USDT-SWAP,30m,4H,0.002,0.015,0.025,148.0,0.004,-99.997,1042,510,532,48.944,99.998,0.827,-4.104,4388,26.11,-82.36,0.35,-98.67,0.0,-98.83
SOL-USDT-SWAP,30m,4H,0.002,0.015,0.03,148.0,0.009,-99.994,1042,513,529,49.232,99.995,0.832,-4.104,4388,37.03,-74.98,0.46,-98.76,0.01,-98.04
SOL-USDT-SWAP,30m,4H,0.002,0.02,0.005,148.0,0.0,-100.0,1042,295,747,28.311,100.0,0.535,-4.104,4388,0.15,-99.9,0.0,-100.0,0.0,-99.8
SOL-USDT-SWAP,30m,4H,0.002,0.02,0.008,148.0,0.0,-100.0,1042,367,675,35.221,100.0,0.662,-4.104,4388,0.24,-99.84,0.0,-100.0,0.0,-99.72
SOL-USDT-SWAP,30m,4H,0.002,0.02,0.01,148.0,0.0,-100.0,1042,395,647,37.908,100.0,0.663,-4.104,4388,0.44,-99.7,0.0,-100.0,0.0,-99.8
SOL-USDT-SWAP,30m,4H,0.002,0.02,0.015,148.0,0.0,-100.0,1042,429,613,41.171,100.0,0.616,-4.104,4388,0.86,-99.42,0.0,-99.99,0.0,-99.95
SOL-USDT-SWAP,30m,4H,0.002,0.02,0.02,148.0,0.0,-100.0,1042,449,593,43.09,100.0,0.668,-4.104,4388,1.64,-98.89,0.0,-99.99,0.0,-99.73
SOL-USDT-SWAP,30m,4H,0.002,0.02,0.025,148.0,0.0,-100.0,1042,458,584,43.954,100.0,0.67,-4.104,4388,1.14,-99.23,0.0,-99.97,0.0,-99.83
SOL-USDT-SWAP,30m,4H,0.002,0.02,0.03,148.0,0.0,-100.0,1042,460,582,44.146,100.0,0.648,-4.104,4388,2.35,-98.42,0.0,-99.99,0.0,-99.72
SOL-USDT-SWAP,30m,4H,0.002,0.03,0.005,148.0,0.0,-100.0,1042,280,762,26.871,100.0,0.651,-4.104,4388,0.11,-99.92,0.0,-100.0,0.0,-99.84
SOL-USDT-SWAP,30m,4H,0.002,0.03,0.008,148.0,0.0,-100.0,1042,346,696,33.205,100.0,0.758,-4.104,4388,0.22,-99.85,0.0,-100.0,0.0,-99.87
SOL-USDT-SWAP,30m,4H,0.002,0.03,0.01,148.0,0.0,-100.0,1042,374,668,35.893,100.0,0.753,-4.104,4388,0.35,-99.77,0.0,-100.0,0.0,-99.91
SOL-USDT-SWAP,30m,4H,0.002,0.03,0.015,148.0,0.0,-100.0,1042,406,636,38.964,100.0,0.693,-4.104,4388,0.39,-99.74,0.0,-100.0,0.0,-99.98
SOL-USDT-SWAP,30m,4H,0.002,0.03,0.02,148.0,0.0,-100.0,1042,424,618,40.691,100.0,0.691,-4.104,4388,0.45,-99.7,0.0,-100.0,0.0,-99.91
SOL-USDT-SWAP,30m,4H,0.002,0.03,0.025,148.0,0.0,-100.0,1042,429,613,41.171,100.0,0.654,-4.104,4388,0.17,-99.89,0.0,-100.0,0.0,-99.94
SOL-USDT-SWAP,30m,4H,0.002,0.03,0.03,148.0,0.0,-100.0,1042,431,611,41.363,100.0,0.628,-4.104,4388,0.32,-99.78,0.0,-100.0,0.0,-99.86
SOL-USDT-SWAP,30m,4H,0.003,0.004,0.005,148.0,0.014,-99.991,948,638,310,67.3,99.991,0.492,-4.104,4388,10.45,-92.94,0.03,-99.75,0.01,-46.85
SOL-USDT-SWAP,30m,4H,0.003,0.004,0.008,148.0,6.129,-95.859,948,761,187,80.274,98.304,0.706,-3.934,4388,50.75,-65.71,4.4,-91.33,6.13,39.36
SOL-USDT-SWAP,30m,4H,0.003,0.004,0.01,148.0,99.902,-32.498,948,802,146,84.599,93.971,0.967,-1.334,4388,247.96,67.54,69.17,-72.11,99.9,44.44
SOL-USDT-SWAP,30m,4H,0.003,0.004,0.015,148.0,13002.509,8685.479,948,854,94,90.084,83.036,1.489,356.449,4388,683.32,361.7,2916.11,326.76,13002.51,345.89
SOL-USDT-SWAP,30m,4H,0.003,0.004,0.02,148.0,62516.051,42140.575,948,875,73,92.3,70.674,1.805,1729.435,4388,4136.88,2695.19,38052.99,819.85,62516.05,64.29
SOL-USDT-SWAP,30m,4H,0.003,0.004,0.025,148.0,82425.881,55593.163,948,884,64,93.249,70.168,1.971,2281.525,4388,6620.83,4373.53,63212.82,854.76,82425.88,30.39
SOL-USDT-SWAP,30m,4H,0.003,0.004,0.03,148.0,90741.366,61211.734,948,887,61,93.565,62.365,2.086,2512.109,4388,6167.35,4067.13,73177.08,1086.52,90741.37,24.0
SOL-USDT-SWAP,30m,4H,0.003,0.006,0.005,148.0,0.38,-99.743,948,550,398,58.017,99.837,0.714,-4.093,4388,20.97,-85.83,0.3,-98.57,0.38,26.5
SOL-USDT-SWAP,30m,4H,0.003,0.006,0.008,148.0,146.599,-0.947,948,660,288,69.62,97.363,0.999,-0.039,4388,92.05,-37.8,47.76,-48.11,146.6,206.94
SOL-USDT-SWAP,30m,4H,0.003,0.006,0.01,148.0,3445.613,2228.117,948,697,251,73.523,94.968,1.155,91.441,4388,660.25,346.12,1009.73,52.93,3445.61,241.24
SOL-USDT-SWAP,30m,4H,0.003,0.006,0.015,148.0,86964.037,58659.484,948,750,198,79.114,86.1,1.605,2407.366,4388,3738.33,2425.9,50074.69,1239.49,86964.04,73.67
SOL-USDT-SWAP,30m,4H,0.003,0.006,0.02,148.0,139531.279,94177.891,948,769,179,81.118,64.955,1.665,3865.03,4388,20092.68,13476.14,102092.82,408.11,139531.28,36.67
SOL-USDT-SWAP,30m,4H,0.003,0.006,0.025,148.0,156621.69,105725.467,948,777,171,81.962,50.466,1.743,4338.938,4388,28723.77,19307.95,124761.95,334.35,156621.69,25.54
SOL-USDT-SWAP,30m,4H,0.003,0.006,0.03,148.0,171262.105,115617.638,948,781,167,82.384,45.239,1.876,4744.91,4388,26547.06,17837.2,136407.57,413.83,171262.1,25.55
SOL-USDT-SWAP,30m,4H,0.003,0.008,0.005,148.0,0.343,-99.768,948,472,476,49.789,99.812,0.754,-4.094,4388,20.01,-86.48,0.77,-96.14,0.34,-55.56
SOL-USDT-SWAP,30m,4H,0.003,0.008,0.008,148.0,27.684,-81.295,948,568,380,59.916,96.359,0.92,-3.336,4388,66.03,-55.39,30.56,-53.71,27.68,-9.42
SOL-USDT-SWAP,30m,4H,0.003,0.008,0.01,148.0,283.88,91.811,948,598,350,63.08,92.763,1.02,3.768,4388,275.12,85.89,210.57,-23.46,283.88,34.81
SOL-USDT-SWAP,30m,4H,0.003,0.008,0.015,148.0,44572.622,30016.637,948,647,301,68.249,86.772,1.265,1231.873,4388,1110.43,650.29,18899.25,1601.98,44572.62,135.84
SOL-USDT-SWAP,30m,4H,0.003,0.008,0.02,148.0,98602.739,66523.472,948,665,283,70.148,68.983,1.393,2730.101,4388,5934.28,3909.65,69170.95,1065.62,98602.74,42.55
SOL-USDT-SWAP,30m,4H,0.003,0.008,0.025,148.0,117915.766,79572.815,948,673,275,70.992,78.904,1.413,3265.642,4388,10620.23,7075.83,93356.41,779.04,117915.77,26.31
SOL-USDT-SWAP,30m,4H,0.003,0.008,0.03,148.0,127947.547,86351.045,948,676,272,71.308,76.151,1.456,3543.819,4388,10848.49,7230.06,100393.4,825.41,127947.55,27.45
SOL-USDT-SWAP,30m,4H,0.003,0.01,0.005,148.0,0.006,-99.996,948,393,555,41.456,99.996,0.753,-4.104,4388,10.34,-93.02,0.05,-99.56,0.01,-85.69
SOL-USDT-SWAP,30m,4H,0.003,0.01,0.008,148.0,0.706,-99.523,948,486,462,51.266,99.724,0.872,-4.084,4388,61.83,-58.22,3.27,-94.72,0.71,-78.38
SOL-USDT-SWAP,30m,4H,0.003,0.01,0.01,148.0,4.42,-97.014,948,513,435,54.114,99.047,0.942,-3.981,4388,243.6,64.6,12.03,-95.06,4.42,-63.26
SOL-USDT-SWAP,30m,4H,0.003,0.01,0.015,148.0,493.704,233.584,948,557,391,58.755,93.686,1.01,9.586,4388,935.77,532.28,971.77,3.85,493.7,-49.2
SOL-USDT-SWAP,30m,4H,0.003,0.01,0.02,148.0,18261.89,12239.115,948,576,372,60.759,79.015,1.102,502.289,4388,3355.58,2167.29,7059.8,110.39,18261.89,158.67
SOL-USDT-SWAP,30m,4H,0.003,0.01,0.025,148.0,48808.186,32878.504,948,586,362,61.814,80.646,1.186,1349.323,4388,4958.95,3250.64,36358.04,633.18,48808.19,34.24
SOL-USDT-SWAP,30m,4H,0.003,0.01,0.03,148.0,50366.301,33931.284,948,589,359,62.131,84.148,1.203,1392.529,4388,4090.61,2663.93,34921.36,753.7,50366.3,44.23
SOL-USDT-SWAP,30m,4H,0.003,0.012,0.005,148.0,0.0,-100.0,948,351,597,37.025,100.0,0.774,-4.104,4388,6.3,-95.75,0.01,-99.85,0.0,-95.02
SOL-USDT-SWAP,30m,4H,0.003,0.012,0.008,148.0,0.053,-99.964,948,442,506,46.624,99.985,0.888,-4.103,4388,55.72,-62.35,0.75,-98.65,0.05,-93.02
SOL-USDT-SWAP,30m,4H,0.003,0.012,0.01,148.0,0.07,-99.953,948,462,486,48.734,99.98,0.921,-4.102,4388,134.87,-8.87,0.77,-99.43,0.07,-90.98
SOL-USDT-SWAP,30m,4H,0.003,0.012,0.015,148.0,3.8,-97.432,948,503,445,53.059,99.684,0.976,-3.999,4388,497.32,236.03,47.07,-90.53,3.8,-91.93
SOL-USDT-SWAP,30m,4H,0.003,0.012,0.02,148.0,70.585,-52.307,948,520,428,54.852,96.625,0.996,-2.147,4388,1352.0,813.51,287.23,-78.75,70.59,-75.43
SOL-USDT-SWAP,30m,4H,0.003,0.012,0.025,148.0,106.796,-27.84,948,528,420,55.696,97.173,0.999,-1.143,4388,1591.55,975.37,648.5,-59.25,106.8,-83.53
SOL-USDT-SWAP,30m,4H,0.003,0.012,0.03,148.0,260.387,75.937,948,532,416,56.118,95.858,1.002,3.116,4388,1555.94,951.31,1259.94,-19.02,260.39,-79.33
SOL-USDT-SWAP,30m,4H,0.003,0.015,0.005,148.0,0.0,-100.0,948,316,632,33.333,100.0,0.815,-4.104,4388,2.43,-98.36,0.0,-99.91,0.0,-97.76
SOL-USDT-SWAP,30m,4H,0.003,0.015,0.008,148.0,0.005,-99.996,948,403,545,42.511,99.999,0.92,-4.104,4388,27.39,-81.49,0.26,-99.04,0.01,-97.95
SOL-USDT-SWAP,30m,4H,0.003,0.015,0.01,148.0,0.004,-99.997,948,421,527,44.409,99.999,0.934,-4.104,4388,45.83,-69.04,0.16,-99.65,0.0,-97.3
SOL-USDT-SWAP,30m,4H,0.003,0.015,0.015,148.0,0.029,-99.98,948,453,495,47.785,99.992,0.923,-4.103,4388,39.62,-73.23,1.82,-95.4,0.03,-98.4
SOL-USDT-SWAP,30m,4H,0.003,0.015,0.02,148.0,0.628,-99.576,948,472,476,49.789,99.863,0.96,-4.087,4388,131.9,-10.88,15.39,-88.33,0.63,-95.92
SOL-USDT-SWAP,30m,4H,0.003,0.015,0.025,148.0,1.084,-99.268,948,480,468,50.633,99.735,0.966,-4.074,4388,133.06,-10.09,33.89,-74.53,1.08,-96.8
SOL-USDT-SWAP,30m,4H,0.003,0.015,0.03,148.0,2.754,-98.139,948,484,464,51.055,99.279,0.97,-4.028,4388,134.3,-9.26,68.64,-48.89,2.75,-95.99
SOL-USDT-SWAP,30m,4H,0.003,0.02,0.005,148.0,0.0,-100.0,948,280,668,29.536,100.0,0.617,-4.104,4388,0.23,-99.84,0.0,-99.99,0.0,-99.23
SOL-USDT-SWAP,30m,4H,0.003,0.02,0.008,148.0,0.0,-100.0,948,358,590,37.764,100.0,0.725,-4.104,4388,1.14,-99.23,0.0,-99.96,0.0,-99.51
SOL-USDT-SWAP,30m,4H,0.003,0.02,0.01,148.0,0.0,-100.0,948,376,572,39.662,100.0,0.723,-4.104,4388,1.34,-99.09,0.0,-99.98,0.0,-99.47
SOL-USDT-SWAP,30m,4H,0.003,0.02,0.015,148.0,0.0,-100.0,948,408,540,43.038,100.0,0.703,-4.104,4388,2.08,-98.59,0.0,-99.9,0.0,-99.75
SOL-USDT-SWAP,30m,4H,0.003,0.02,0.02,148.0,0.0,-100.0,948,425,523,44.831,100.0,0.774,-4.104,4388,4.68,-96.84,0.01,-99.86,0.0,-99.23
SOL-USDT-SWAP,30m,4H,0.003,0.02,0.025,148.0,0.0,-100.0,948,434,514,45.781,100.0,0.77,-4.104,4388,6.12,-95.86,0.03,-99.57,0.0,-99.43
SOL-USDT-SWAP,30m,4H,0.003,0.02,0.03,148.0,0.0,-100.0,948,438,510,46.203,100.0,0.743,-4.104,4388,4.99,-96.63,0.05,-99.03,0.0,-99.25
SOL-USDT-SWAP,30m,4H,0.003,0.03,0.005,148.0,0.0,-100.0,948,263,685,27.743,100.0,0.704,-4.104,4388,0.18,-99.88,0.0,-100.0,0.0,-99.56
SOL-USDT-SWAP,30m,4H,0.003,0.03,0.008,148.0,0.0,-100.0,948,334,614,35.232,100.0,0.795,-4.104,4388,0.89,-99.4,0.0,-100.0,0.0,-99.91
SOL-USDT-SWAP,30m,4H,0.003,0.03,0.01,148.0,0.0,-100.0,948,350,598,36.92,100.0,0.778,-4.104,4388,0.59,-99.6,0.0,-100.0,0.0,-99.89
SOL-USDT-SWAP,30m,4H,0.003,0.03,0.015,148.0,0.0,-100.0,948,382,566,40.295,100.0,0.734,-4.104,4388,0.68,-99.54,0.0,-99.99,0.0,-99.96
SOL-USDT-SWAP,30m,4H,0.003,0.03,0.02,148.0,0.0,-100.0,948,397,551,41.878,100.0,0.75,-4.104,4388,0.95,-99.36,0.0,-99.99,0.0,-99.88
SOL-USDT-SWAP,30m,4H,0.003,0.03,0.025,148.0,0.0,-100.0,948,402,546,42.405,100.0,0.693,-4.104,4388,0.73,-99.51,0.0,-99.99,0.0,-99.9
SOL-USDT-SWAP,30m,4H,0.003,0.03,0.03,148.0,0.0,-100.0,948,403,545,42.511,100.0,0.668,-4.104,4388,0.58,-99.61,0.0,-100.0,0.0,-99.82
SOL-USDT-SWAP,30m,4H,0.004,0.004,0.005,148.0,0.007,-99.995,853,555,298,65.064,99.996,0.421,-4.104,4388,8.98,-93.93,0.04,-99.54,0.01,-83.21
SOL-USDT-SWAP,30m,4H,0.004,0.004,0.008,148.0,0.91,-99.385,853,667,186,78.195,99.454,0.628,-4.079,4388,38.93,-73.69,2.19,-94.38,0.91,-58.4
SOL-USDT-SWAP,30m,4H,0.004,0.004,0.01,148.0,19.072,-87.114,853,709,144,83.118,92.615,0.867,-3.575,4388,151.44,2.32,34.46,-77.24,19.07,-44.66
SOL-USDT-SWAP,30m,4H,0.004,0.004,0.015,148.0,2324.255,1470.443,853,761,92,89.215,82.479,1.185,60.346,4388,418.34,182.66,1299.91,210.73,2324.26,78.8
SOL-USDT-SWAP,30m,4H,0.004,0.004,0.02,148.0,28224.537,18970.633,853,781,72,91.559,78.541,1.398,778.549,4388,1961.2,1225.13,15678.45,699.43,28224.54,80.02
SOL-USDT-SWAP,30m,4H,0.004,0.004,0.025,148.0,30481.096,20495.335,853,787,66,92.263,70.6,1.395,841.122,4388,2101.83,1320.15,23220.57,1004.78,30481.1,31.27
SOL-USDT-SWAP,30m,4H,0.004,0.004,0.03,148.0,58770.243,39609.624,853,794,59,93.083,46.3,1.759,1625.566,4388,2728.0,1743.24,47008.29,1623.18,58770.24,25.02
SOL-USDT-SWAP,30m,4H,0.004,0.006,0.005,148.0,0.335,-99.774,853,487,366,57.093,99.843,0.745,-4.095,4388,37.79,-74.47,0.91,-97.59,0.33,-63.2
SOL-USDT-SWAP,30m,4H,0.004,0.006,0.008,148.0,72.177,-51.232,853,592,261,69.402,86.194,0.977,-2.103,4388,215.86,45.85,143.25,-33.64,72.18,-49.61
SOL-USDT-SWAP,30m,4H,0.004,0.006,0.01,148.0,2506.453,1593.549,853,633,220,74.209,82.643,1.052,65.399,4388,817.16,452.13,2881.02,252.57,2506.45,-13.0
SOL-USDT-SWAP,30m,4H,0.004,0.006,0.015,148.0,65308.746,44027.531,853,679,174,79.601,72.574,1.445,1806.875,4388,2138.57,1344.98,47749.53,2132.78,65308.75,36.77
SOL-USDT-SWAP,30m,4H,0.004,0.006,0.02,148.0,101340.718,68373.458,853,697,156,81.712,62.104,1.604,2806.024,4388,7226.4,4782.7,85960.49,1089.53,101340.72,17.89
SOL-USDT-SWAP,30m,4H,0.004,0.006,0.025,148.0,98366.971,66364.17,853,702,151,82.298,57.255,1.553,2723.564,4388,7325.45,4849.63,88432.89,1107.2,98366.97,11.23
SOL-USDT-SWAP,30m,4H,0.004,0.006,0.03,148.0,128325.111,86606.156,853,709,144,83.118,41.75,1.729,3554.288,4388,8406.66,5580.18,115208.29,1270.44,128325.11,11.39
SOL-USDT-SWAP,30m,4H,0.004,0.008,0.005,148.0,0.932,-99.371,853,427,426,50.059,99.607,0.779,-4.078,4388,29.37,-80.15,1.63,-94.46,0.93,-42.73
SOL-USDT-SWAP,30m,4H,0.004,0.008,0.008,148.0,113.804,-23.106,853,518,335,60.727,86.2,0.992,-0.948,4388,190.85,28.95,114.31,-40.11,113.8,-0.44
SOL-USDT-SWAP,30m,4H,0.004,0.008,0.01,148.0,2313.688,1463.303,853,551,302,64.596,88.185,1.057,60.053,4388,490.99,231.75,1402.68,185.68,2313.69,64.95
SOL-USDT-SWAP,30m,4H,0.004,0.008,0.015,148.0,73239.37,49386.061,853,594,259,69.637,81.663,1.395,2026.788,4388,1618.11,993.32,52444.11,3141.06,73239.37,39.65
SOL-USDT-SWAP,30m,4H,0.004,0.008,0.02,148.0,107441.057,72495.308,853,611,242,71.63,76.299,1.499,2975.184,4388,5877.87,3871.54,88512.18,1405.85,107441.06,21.39
SOL-USDT-SWAP,30m,4H,0.004,0.008,0.025,148.0,96459.5,65075.338,853,615,238,72.098,82.956,1.418,2670.67,4388,6201.97,4090.52,81656.71,1216.63,96459.5,18.13
SOL-USDT-SWAP,30m,4H,0.004,0.008,0.03,148.0,123935.768,83640.384,853,621,232,72.802,69.296,1.522,3432.574,4388,6447.89,4256.68,105950.24,1543.18,123935.77,16.98
SOL-USDT-SWAP,30m,4H,0.004,0.01,0.005,148.0,0.319,-99.785,853,376,477,44.08,99.882,0.778,-4.095,4388,22.43,-84.85,1.02,-95.45,0.32,-68.77
SOL-USDT-SWAP,30m,4H,0.004,0.01,0.008,148.0,7.778,-94.744,853,453,400,53.107,98.098,0.944,-3.888,4388,147.97,-0.02,22.05,-85.1,7.78,-64.72
SOL-USDT-SWAP,30m,4H,0.004,0.01,0.01,148.0,101.613,-31.343,853,483,370,56.624,93.48,0.995,-1.286,4388,347.08,134.52,187.02,-46.12,101.61,-45.67
SOL-USDT-SWAP,30m,4H,0.004,0.01,0.015,148.0,43246.485,29120.598,853,527,326,61.782,73.276,1.176,1195.1,4388,1847.21,1148.11,34257.77,1754.57,43246.49,26.24
SOL-USDT-SWAP,30m,4H,0.004,0.01,0.02,148.0,79976.758,53938.35,853,543,310,63.658,61.792,1.293,2213.612,4388,5287.68,3472.76,66449.03,1156.68,79976.76,20.36
SOL-USDT-SWAP,30m,4H,0.004,0.01,0.025,148.0,70355.26,47437.338,853,547,306,64.127,77.29,1.244,1946.813,4388,5318.7,3493.72,60953.63,1046.02,70355.26,15.42
SOL-USDT-SWAP,30m,4H,0.004,0.01,0.03,148.0,99019.142,66804.826,853,553,300,64.83,59.799,1.336,2741.648,4388,5149.3,3379.26,86434.76,1578.57,99019.14,14.56
SOL-USDT-SWAP,30m,4H,0.004,0.012,0.005,148.0,0.018,-99.988,853,328,525,38.453,99.994,0.775,-4.103,4388,10.91,-92.63,0.08,-99.23,0.02,-79.01
SOL-USDT-SWAP,30m,4H,0.004,0.012,0.008,148.0,0.092,-99.938,853,394,459,46.19,99.973,0.864,-4.101,4388,60.96,-58.81,0.7,-98.86,0.09,-86.79
SOL-USDT-SWAP,30m,4H,0.004,0.012,0.01,148.0,0.564,-99.619,853,421,432,49.355,99.815,0.916,-4.088,4388,141.45,-4.42,3.06,-97.83,0.56,-81.58
SOL-USDT-SWAP,30m,4H,0.004,0.012,0.015,148.0,116.771,-21.101,853,462,391,54.162,96.258,0.998,-0.866,4388,765.39,417.16,333.92,-56.37,116.77,-65.03
SOL-USDT-SWAP,30m,4H,0.004,0.012,0.02,148.0,798.935,439.821,853,478,375,56.038,95.403,1.006,18.05,4388,2515.41,1599.6,1825.19,-27.44,798.93,-56.23
SOL-USDT-SWAP,30m,4H,0.004,0.012,0.025,148.0,253.241,71.109,853,483,370,56.624,97.755,1.001,2.918,4388,2256.03,1424.34,883.9,-60.82,253.24,-71.35
SOL-USDT-SWAP,30m,4H,0.004,0.012,0.03,148.0,27716.082,18627.083,853,489,364,57.327,63.616,1.084,764.449,4388,2212.04,1394.62,27066.85,1123.61,27716.08,2.4
SOL-USDT-SWAP,30m,4H,0.004,0.015,0.005,148.0,0.001,-99.999,853,293,560,34.349,100.0,0.788,-4.104,4388,6.97,-95.29,0.02,-99.67,0.0,-93.78
SOL-USDT-SWAP,30m,4H,0.004,0.015,0.008,148.0,0.009,-99.994,853,358,495,41.97,99.998,0.899,-4.104,4388,66.08,-55.35,0.28,-99.57,0.01,-96.91
SOL-USDT-SWAP,30m,4H,0.004,0.015,0.01,148.0,0.028,-99.981,853,382,471,44.783,99.992,0.922,-4.103,4388,113.53,-23.29,0.8,-99.3,0.03,-96.5
SOL-USDT-SWAP,30m,4H,0.004,0.015,0.015,148.0,0.972,-99.343,853,415,438,48.652,99.837,0.968,-4.077,4388,265.35,79.29,32.5,-87.75,0.97,-97.01
SOL-USDT-SWAP,30m,4H,0.004,0.015,0.02,148.0,4.866,-96.712,853,430,423,50.41,99.634,0.989,-3.969,4388,489.74,230.91,111.34,-77.27,4.87,-95.63
SOL-USDT-SWAP,30m,4H,0.004,0.015,0.025,148.0,1.654,-98.883,853,435,418,50.996,99.899,0.986,-4.058,4388,439.84,197.19,50.26,-88.57,1.65,-96.71
SOL-USDT-SWAP,30m,4H,0.004,0.015,0.03,148.0,14.287,-90.347,853,441,412,51.7,99.722,0.996,-3.708,4388,448.33,202.92,344.86,-23.08,14.29,-95.86
SOL-USDT-SWAP,30m,4H,0.004,0.02,0.005,148.0,0.0,-100.0,853,261,592,30.598,100.0,0.715,-4.104,4388,0.83,-99.44,0.0,-99.93,0.0,-95.32
SOL-USDT-SWAP,30m,4H,0.004,0.02,0.008,148.0,0.0,-100.0,853,318,535,37.28,100.0,0.74,-4.104,4388,4.61,-96.89,0.0,-99.95,0.0,-98.13
SOL-USDT-SWAP,30m,4H,0.004,0.02,0.01,148.0,0.0,-100.0,853,340,513,39.859,100.0,0.726,-4.104,4388,4.37,-97.05,0.0,-99.93,0.0,-98.25
SOL-USDT-SWAP,30m,4H,0.004,0.02,0.015,148.0,0.0,-100.0,853,369,484,43.259,100.0,0.736,-4.104,4388,6.14,-95.85,0.03,-99.53,0.0,-98.31
SOL-USDT-SWAP,30m,4H,0.004,0.02,0.02,148.0,0.002,-99.998,853,385,468,45.135,99.999,0.808,-4.104,4388,14.72,-90.05,0.1,-99.3,0.0,-97.59
SOL-USDT-SWAP,30m,4H,0.004,0.02,0.025,148.0,0.001,-99.999,853,390,463,45.721,99.999,0.782,-4.104,4388,11.65,-92.13,0.06,-99.51,0.0,-98.31
SOL-USDT-SWAP,30m,4H,0.004,0.02,0.03,148.0,0.01,-99.993,853,395,458,46.307,99.994,0.821,-4.104,4388,12.73,-91.4,0.43,-96.66,0.01,-97.73
SOL-USDT-SWAP,30m,4H,0.004,0.03,0.005,148.0,0.0,-100.0,853,240,613,28.136,100.0,0.755,-4.104,4388,0.67,-99.55,0.0,-99.99,0.0,-99.08
SOL-USDT-SWAP,30m,4H,0.004,0.03,0.008,148.0,0.0,-100.0,853,295,558,34.584,100.0,0.768,-4.104,4388,3.12,-97.89,0.0,-100.0,0.0,-99.73
SOL-USDT-SWAP,30m,4H,0.004,0.03,0.01,148.0,0.0,-100.0,853,317,536,37.163,100.0,0.728,-4.104,4388,1.83,-98.76,0.0,-99.99,0.0,-99.75
SOL-USDT-SWAP,30m,4H,0.004,0.03,0.015,148.0,0.0,-100.0,853,345,508,40.445,100.0,0.739,-4.104,4388,2.93,-98.02,0.0,-99.94,0.0,-99.8
SOL-USDT-SWAP,30m,4H,0.004,0.03,0.02,148.0,0.0,-100.0,853,358,495,41.97,100.0,0.723,-4.104,4388,3.09,-97.91,0.0,-99.95,0.0,-99.67
SOL-USDT-SWAP,30m,4H,0.004,0.03,0.025,148.0,0.0,-100.0,853,362,491,42.438,100.0,0.661,-4.104,4388,2.31,-98.44,0.0,-99.98,0.0,-99.78
SOL-USDT-SWAP,30m,4H,0.004,0.03,0.03,148.0,0.0,-100.0,853,364,489,42.673,100.0,0.644,-4.104,4388,2.42,-98.37,0.0,-99.98,0.0,-99.59
SOL-USDT-SWAP,30m,4H,0.005,0.004,0.005,148.0,0.046,-99.969,767,511,256,66.623,99.973,0.459,-4.103,4388,12.65,-91.45,0.15,-98.84,0.05,-69.06
SOL-USDT-SWAP,30m,4H,0.005,0.004,0.008,148.0,4.449,-96.994,767,610,157,79.531,97.826,0.715,-3.981,4388,58.96,-60.16,6.18,-89.52,4.45,-28.0
SOL-USDT-SWAP,30m,4H,0.005,0.004,0.01,148.0,40.994,-72.302,767,644,123,83.963,93.181,0.871,-2.967,4388,98.99,-33.12,27.4,-72.32,40.99,49.63
SOL-USDT-SWAP,30m,4H,0.005,0.004,0.015,148.0,4945.394,3241.483,767,695,72,90.613,71.546,1.593,133.029,4388,365.61,147.04,1040.46,184.58,4945.39,375.31
SOL-USDT-SWAP,30m,4H,0.005,0.004,0.02,148.0,34514.841,23220.839,767,713,54,92.96,74.907,2.008,952.976,4388,980.25,562.33,8776.53,795.34,34514.84,293.26
SOL-USDT-SWAP,30m,4H,0.005,0.004,0.025,148.0,51766.64,34877.46,767,721,46,94.003,54.819,2.395,1431.359,4388,1050.82,610.01,27417.9,2509.2,51766.64,88.81
SOL-USDT-SWAP,30m,4H,0.005,0.004,0.03,148.0,82896.014,55910.82,767,728,39,94.915,32.3,3.121,2294.562,4388,1911.03,1191.24,53294.22,2688.77,82896.01,55.54
SOL-USDT-SWAP,30m,4H,0.005,0.006,0.005,148.0,4.012,-97.289,767,457,310,59.583,98.057,0.801,-3.993,4388,65.62,-55.66,7.97,-87.85,4.01,-49.69
SOL-USDT-SWAP,30m,4H,0.005,0.006,0.008,148.0,285.563,92.948,767,545,222,71.056,84.01,1.024,3.815,4388,317.24,114.35,460.73,45.23,285.56,-38.02
SOL-USDT-SWAP,30m,4H,0.005,0.006,0.01,148.0,2095.431,1315.832,767,575,192,74.967,84.666,1.085,54.001,4388,464.55,213.88,2237.3,381.61,2095.43,-6.34
SOL-USDT-SWAP,30m,4H,0.005,0.006,0.015,148.0,63356.134,42708.199,767,621,146,80.965,60.876,1.487,1752.73,4388,1788.15,1108.21,47754.22,2570.6,63356.13,32.67
SOL-USDT-SWAP,30m,4H,0.005,0.006,0.02,148.0,92101.102,62130.475,767,636,131,82.92,64.974,1.631,2549.814,4388,5622.76,3699.16,78132.02,1289.57,92101.1,17.88
SOL-USDT-SWAP,30m,4H,0.005,0.006,0.025,148.0,99546.242,67160.974,767,643,124,83.833,48.945,1.651,2756.264,4388,5959.59,3926.75,90722.41,1422.29,99546.24,9.73
SOL-USDT-SWAP,30m,4H,0.005,0.006,0.03,148.0,128766.359,86904.296,767,649,118,84.615,37.364,1.827,3566.524,4388,9120.27,6062.34,116157.8,1173.62,128766.36,10.85
SOL-USDT-SWAP,30m,4H,0.005,0.008,0.005,148.0,4.152,-97.195,767,392,375,51.108,98.247,0.819,-3.989,4388,47.22,-68.09,5.02,-89.37,4.15,-17.32
SOL-USDT-SWAP,30m,4H,0.005,0.008,0.008,148.0,468.248,216.384,767,472,295,61.538,92.211,1.046,8.88,4388,289.97,95.92,371.09,27.97,468.25,26.18
SOL-USDT-SWAP,30m,4H,0.005,0.008,0.01,148.0,4316.872,2816.805,767,502,265,65.45,88.001,1.104,115.601,4388,456.61,208.52,2335.08,411.4,4316.87,84.87
SOL-USDT-SWAP,30m,4H,0.005,0.008,0.015,148.0,82831.328,55867.114,767,546,221,71.186,75.355,1.482,2292.768,4388,2939.5,1886.15,57407.51,1852.97,82831.33,44.29
SOL-USDT-SWAP,30m,4H,0.005,0.008,0.02,148.0,101277.62,68330.824,767,559,208,72.881,74.14,1.531,2804.275,4388,5088.22,3337.99,77936.63,1431.71,101277.62,29.95
SOL-USDT-SWAP,30m,4H,0.005,0.008,0.025,148.0,107560.632,72576.102,767,566,201,73.794,66.308,1.536,2978.499,4388,5655.25,3721.12,87895.78,1454.23,107560.63,22.37
SOL-USDT-SWAP,30m,4H,0.005,0.008,0.03,148.0,131404.547,88686.856,767,571,196,74.446,55.133,1.659,3639.679,4388,5612.53,3692.25,107954.97,1823.46,131404.55,21.72
SOL-USDT-SWAP,30m,4H,0.005,0.01,0.005,148.0,2.118,-98.569,767,348,419,45.372,99.139,0.812,-4.045,4388,39.71,-73.17,2.48,-93.76,2.12,-14.57
SOL-USDT-SWAP,30m,4H,0.005,0.01,0.008,148.0,56.524,-61.808,767,415,352,54.107,90.958,0.963,-2.537,4388,154.81,4.6,46.82,-69.76,56.52,20.72
SOL-USDT-SWAP,30m,4H,0.005,0.01,0.01,148.0,292.544,97.665,767,441,326,57.497,91.595,1.022,4.008,4388,219.64,48.41,178.48,-18.74,292.54,63.91
SOL-USDT-SWAP,30m,4H,0.005,0.01,0.015,148.0,28413.183,19098.097,767,481,286,62.712,76.29,1.184,783.78,4388,1152.05,678.41,8843.86,667.66,28413.18,221.28
SOL-USDT-SWAP,30m,4H,0.005,0.01,0.02,148.0,54949.762,37028.218,767,494,273,64.407,75.611,1.259,1519.626,4388,2572.59,1638.23,32415.57,1160.04,54949.76,69.52
SOL-USDT-SWAP,30m,4H,0.005,0.01,0.025,148.0,56219.554,37886.185,767,501,266,65.319,70.48,1.27,1554.837,4388,2550.35,1623.21,37361.49,1364.95,56219.55,50.47
SOL-USDT-SWAP,30m,4H,0.005,0.01,0.03,148.0,93797.24,63276.514,767,506,261,65.971,61.364,1.391,2596.847,4388,3182.25,2050.17,71154.46,2135.98,93797.24,31.82
SOL-USDT-SWAP,30m,4H,0.005,0.012,0.005,148.0,0.273,-99.816,767,311,456,40.548,99.897,0.823,-4.096,4388,45.28,-69.41,0.81,-98.21,0.27,-66.42
SOL-USDT-SWAP,30m,4H,0.005,0.012,0.008,148.0,1.966,-98.671,767,370,397,48.24,99.355,0.903,-4.049,4388,135.95,-8.14,4.72,-96.53,1.97,-58.32
SOL-USDT-SWAP,30m,4H,0.005,0.012,0.01,148.0,6.25,-95.777,767,394,373,51.369,98.984,0.948,-3.931,4388,213.86,44.5,17.97,-91.6,6.25,-65.22
SOL-USDT-SWAP,30m,4H,0.005,0.012,0.015,148.0,460.558,211.188,767,433,334,56.454,93.517,1.012,8.667,4388,771.22,421.09,680.52,-11.76,460.56,-32.32
SOL-USDT-SWAP,30m,4H,0.005,0.012,0.02,148.0,2497.536,1587.524,767,447,320,58.279,91.523,1.024,65.151,4388,1537.08,938.57,2224.29,44.71,2497.54,12.28
SOL-USDT-SWAP,30m,4H,0.005,0.012,0.025,148.0,4044.391,2632.696,767,455,312,59.322,89.809,1.034,108.045,4388,1271.27,758.96,3924.45,208.7,4044.39,3.06
SOL-USDT-SWAP,30m,4H,0.005,0.012,0.03,148.0,27591.773,18543.09,767,460,307,59.974,86.555,1.139,761.002,4388,1514.66,923.42,15166.23,901.3,27591.77,81.93
SOL-USDT-SWAP,30m,4H,0.005,0.015,0.005,148.0,0.022,-99.985,767,273,494,35.593,99.992,0.859,-4.103,4388,42.79,-71.09,0.3,-99.29,0.02,-92.87
SOL-USDT-SWAP,30m,4H,0.005,0.015,0.008,148.0,0.048,-99.967,767,326,441,42.503,99.982,0.898,-4.103,4388,85.65,-42.13,0.76,-99.11,0.05,-93.66
SOL-USDT-SWAP,30m,4H,0.005,0.015,0.01,148.0,0.136,-99.908,767,349,418,45.502,99.975,0.943,-4.1,4388,170.85,15.44,2.38,-98.61,0.14,-94.29
SOL-USDT-SWAP,30m,4H,0.005,0.015,0.015,148.0,7.683,-94.809,767,386,381,50.326,99.041,0.98,-3.891,4388,408.31,175.88,90.05,-77.95,7.68,-91.47
SOL-USDT-SWAP,30m,4H,0.005,0.015,0.02,148.0,16.053,-89.154,767,397,370,51.76,98.689,0.991,-3.659,4388,564.62,281.5,143.14,-74.65,16.05,-88.79
SOL-USDT-SWAP,30m,4H,0.005,0.015,0.025,148.0,22.476,-84.814,767,405,362,52.803,98.669,0.992,-3.481,4388,546.96,269.57,255.36,-53.31,22.48,-91.2
SOL-USDT-SWAP,30m,4H,0.005,0.015,0.03,148.0,225.915,52.645,767,410,357,53.455,97.078,1.001,2.161,4388,790.14,433.88,1942.16,145.8,225.91,-88.37
SOL-USDT-SWAP,30m,4H,0.005,0.02,0.005,148.0,0.0,-100.0,767,240,527,31.291,100.0,0.781,-4.104,4388,13.7,-90.74,0.02,-99.86,0.0,-97.69
SOL-USDT-SWAP,30m,4H,0.005,0.02,0.008,148.0,0.001,-99.999,767,294,473,38.331,99.999,0.827,-4.104,4388,30.93,-79.1,0.04,-99.86,0.0,-97.76
SOL-USDT-SWAP,30m,4H,0.005,0.02,0.01,148.0,0.001,-99.999,767,314,453,40.939,99.999,0.851,-4.104,4388,45.88,-69.0,0.06,-99.86,0.0,-98.04
SOL-USDT-SWAP,30m,4H,0.005,0.02,0.015,148.0,0.014,-99.99,767,347,420,45.241,99.994,0.863,-4.104,4388,51.58,-65.15,0.65,-98.74,0.01,-97.82
SOL-USDT-SWAP,30m,4H,0.005,0.02,0.02,148.0,0.021,-99.986,767,358,409,46.675,99.991,0.907,-4.103,4388,75.42,-49.04,0.85,-98.87,0.02,-97.48
SOL-USDT-SWAP,30m,4H,0.005,0.02,0.025,148.0,0.041,-99.973,767,366,401,47.718,99.98,0.911,-4.103,4388,69.52,-53.03,1.97,-97.16,0.04,-97.94
SOL-USDT-SWAP,30m,4H,0.005,0.02,0.03,148.0,0.237,-99.84,767,369,398,48.11,99.95,0.959,-4.097,4388,90.99,-38.52,8.71,-90.43,0.24,-97.28
SOL-USDT-SWAP,30m,4H,0.005,0.03,0.005,148.0,0.0,-100.0,767,217,550,28.292,100.0,0.787,-4.104,4388,6.41,-95.67,0.0,-99.99,0.0,-99.3
SOL-USDT-SWAP,30m,4H,0.005,0.03,0.008,148.0,0.0,-100.0,767,268,499,34.941,100.0,0.795,-4.104,4388,9.8,-93.38,0.0,-99.99,0.0,-99.52
SOL-USDT-SWAP,30m,4H,0.005,0.03,0.01,148.0,0.0,-100.0,767,291,476,37.94,100.0,0.79,-4.104,4388,14.25,-90.37,0.0,-99.98,0.0,-99.62
SOL-USDT-SWAP,30m,4H,0.005,0.03,0.015,148.0,0.0,-100.0,767,322,445,41.982,100.0,0.804,-4.104,4388,18.48,-87.51,0.02,-99.89,0.0,-99.63
SOL-USDT-SWAP,30m,4H,0.005,0.03,0.02,148.0,0.0,-100.0,767,330,437,43.025,100.0,0.766,-4.104,4388,11.01,-92.56,0.01,-99.93,0.0,-99.54
SOL-USDT-SWAP,30m,4H,0.005,0.03,0.025,148.0,0.0,-100.0,767,336,431,43.807,100.0,0.708,-4.104,4388,9.0,-93.92,0.0,-99.96,0.0,-99.51
SOL-USDT-SWAP,30m,4H,0.005,0.03,0.03,148.0,0.0,-100.0,767,336,431,43.807,100.0,0.715,-4.104,4388,10.63,-92.82,0.0,-99.97,0.0,-99.36
SOL-USDT-SWAP,30m,4H,0.007,0.004,0.005,148.0,0.059,-99.96,626,405,221,64.696,99.964,0.502,-4.102,4388,19.87,-86.57,0.34,-98.29,0.06,-82.72
SOL-USDT-SWAP,30m,4H,0.007,0.004,0.008,148.0,1.085,-99.267,626,482,144,76.997,99.526,0.708,-4.074,4388,66.52,-55.05,3.68,-94.46,1.09,-70.53
SOL-USDT-SWAP,30m,4H,0.007,0.004,0.01,148.0,9.5,-93.581,626,515,111,82.268,96.141,0.806,-3.841,4388,109.84,-25.78,22.03,-79.94,9.5,-56.88
SOL-USDT-SWAP,30m,4H,0.007,0.004,0.015,148.0,1077.797,628.241,626,563,63,89.936,64.644,1.185,25.783,4388,434.71,193.72,634.04,45.85,1077.8,69.99
SOL-USDT-SWAP,30m,4H,0.007,0.004,0.02,148.0,5239.53,3440.223,626,578,48,92.332,60.082,1.309,141.186,4388,619.63,318.67,3655.29,489.91,5239.53,43.34
SOL-USDT-SWAP,30m,4H,0.007,0.004,0.025,148.0,26374.202,17720.407,626,587,39,93.77,44.557,1.734,727.24,4388,948.05,540.57,11729.91,1137.27,26374.2,124.85
SOL-USDT-SWAP,30m,4H,0.007,0.004,0.03,148.0,47354.042,31895.974,626,592,34,94.569,33.692,2.259,1309.0,4388,849.02,473.66,29017.75,3317.79,47354.04,63.19
SOL-USDT-SWAP,30m,4H,0.007,0.006,0.005,148.0,19.602,-86.756,626,384,242,61.342,90.955,0.876,-3.56,4388,101.59,-31.36,35.61,-64.95,19.6,-44.96
SOL-USDT-SWAP,30m,4H,0.007,0.006,0.008,148.0,632.911,327.643,626,455,171,72.684,79.903,1.08,13.446,4388,352.79,138.37,545.46,54.61,632.91,16.03
SOL-USDT-SWAP,30m,4H,0.007,0.006,0.01,148.0,9368.762,6230.245,626,488,138,77.955,64.729,1.215,255.687,4388,817.12,452.11,5168.93,532.58,9368.76,81.25
SOL-USDT-SWAP,30m,4H,0.007,0.006,0.015,148.0,91626.268,61809.64,626,532,94,84.984,49.476,2.065,2536.647,4388,2339.95,1481.05,56875.06,2330.61,91626.27,61.1
SOL-USDT-SWAP,30m,4H,0.007,0.006,0.02,148.0,123379.938,83264.823,626,546,80,87.22,54.945,2.479,3417.161,4388,4307.71,2810.61,91800.49,2031.08,123379.94,34.4
SOL-USDT-SWAP,30m,4H,0.007,0.006,0.025,148.0,150932.983,101881.746,626,554,72,88.498,41.533,2.714,4181.193,4388,6851.83,4529.61,113355.74,1554.39,150932.98,33.15
SOL-USDT-SWAP,30m,4H,0.007,0.006,0.03,148.0,166545.528,112430.762,626,558,68,89.137,37.621,3.206,4614.122,4388,6136.15,4046.05,125818.28,1950.44,166545.53,32.37
SOL-USDT-SWAP,30m,4H,0.007,0.008,0.005,148.0,61.873,-58.194,626,338,288,53.994,81.498,0.97,-2.388,4388,187.53,26.71,191.87,2.32,61.87,-67.75
SOL-USDT-SWAP,30m,4H,0.007,0.008,0.008,148.0,1873.093,1165.603,626,403,223,64.377,72.128,1.057,47.836,4388,471.57,218.63,3587.18,660.68,1873.09,-47.78
SOL-USDT-SWAP,30m,4H,0.007,0.008,0.01,148.0,27874.432,18734.076,626,431,195,68.85,61.217,1.191,768.84,4388,934.32,531.3,32886.08,3419.78,27874.43,-15.24
SOL-USDT-SWAP,30m,4H,0.007,0.008,0.015,148.0,93085.03,62795.29,626,470,156,75.08,50.45,1.585,2577.098,4388,3176.71,2046.43,82583.06,2499.64,93085.03,12.72
SOL-USDT-SWAP,30m,4H,0.007,0.008,0.02,148.0,116293.305,78476.557,626,483,143,77.157,43.602,1.688,3220.652,4388,4824.99,3160.13,110890.52,2198.25,116293.3,4.87
SOL-USDT-SWAP,30m,4H,0.007,0.008,0.025,148.0,133839.806,90332.301,626,487,139,77.796,43.497,1.78,3707.208,4388,7456.76,4938.35,123049.1,1550.17,133839.81,8.77
SOL-USDT-SWAP,30m,4H,0.007,0.008,0.03,148.0,150755.819,101762.04,626,492,134,78.594,33.801,1.93,4176.281,4388,6218.62,4101.77,137265.11,2107.32,150755.82,9.83
SOL-USDT-SWAP,30m,4H,0.007,0.01,0.005,148.0,30.622,-79.309,626,290,336,46.326,90.831,0.953,-3.255,4388,241.29,63.04,71.53,-70.35,30.62,-57.19
SOL-USDT-SWAP,30m,4H,0.007,0.01,0.008,148.0,935.613,532.171,626,351,275,56.07,78.284,1.031,21.84,4388,740.41,400.27,1820.07,145.82,935.61,-48.59
SOL-USDT-SWAP,30m,4H,0.007,0.01,0.01,148.0,32658.922,21966.839,626,381,245,60.863,68.19,1.178,901.512,4388,2430.42,1542.17,37398.65,1438.77,32658.92,-12.67
SOL-USDT-SWAP,30m,4H,0.007,0.01,0.015,148.0,87319.692,58899.792,626,415,211,66.294,64.793,1.422,2417.228,4388,5612.73,3692.39,80490.8,1334.08,87319.69,8.48
SOL-USDT-SWAP,30m,4H,0.007,0.01,0.02,148.0,98025.567,66133.491,626,426,200,68.051,62.023,1.446,2714.097,4388,5928.62,3905.83,97466.16,1543.99,98025.57,0.57
SOL-USDT-SWAP,30m,4H,0.007,0.01,0.025,148.0,116779.51,78805.075,626,430,196,68.69,58.239,1.557,3234.134,4388,7330.83,4853.27,108391.77,1378.57,116779.51,7.74
SOL-USDT-SWAP,30m,4H,0.007,0.01,0.03,148.0,130362.676,87982.889,626,435,191,69.489,50.391,1.645,3610.789,4388,5301.59,3482.15,118974.94,2144.14,130362.68,9.57
SOL-USDT-SWAP,30m,4H,0.007,0.012,0.005,148.0,3.351,-97.736,626,253,373,40.415,98.817,0.909,-4.011,4388,164.81,11.35,6.64,-95.97,3.35,-49.54
SOL-USDT-SWAP,30m,4H,0.007,0.012,0.008,148.0,25.538,-82.744,626,307,319,49.042,95.409,0.966,-3.396,4388,297.97,101.33,44.38,-85.1,25.54,-42.46
SOL-USDT-SWAP,30m,4H,0.007,0.012,0.01,148.0,338.968,129.033,626,334,292,53.355,91.98,1.008,5.295,4388,790.65,434.22,855.13,8.16,338.97,-60.36
SOL-USDT-SWAP,30m,4H,0.007,0.012,0.015,148.0,14402.569,9631.465,626,366,260,58.466,72.353,1.077,395.272,4388,2135.64,1343.0,10557.75,394.36,14402.57,36.42
SOL-USDT-SWAP,30m,4H,0.007,0.012,0.02,148.0,42664.054,28727.063,626,378,248,60.383,70.354,1.193,1178.949,4388,2234.76,1409.97,41527.55,1758.25,42664.05,2.74
SOL-USDT-SWAP,30m,4H,0.007,0.012,0.025,148.0,55851.07,37637.209,626,381,245,60.863,67.696,1.252,1544.619,4388,3191.35,2056.31,46886.24,1369.17,55851.07,19.12
SOL-USDT-SWAP,30m,4H,0.007,0.012,0.03,148.0,77318.006,52141.896,626,387,239,61.821,56.486,1.353,2139.886,4388,2307.95,1459.42,65053.18,2718.66,77318.01,18.85
SOL-USDT-SWAP,30m,4H,0.007,0.015,0.005,148.0,0.217,-99.853,626,223,403,35.623,99.911,0.874,-4.098,4388,89.77,-39.34,1.05,-98.84,0.22,-79.25
SOL-USDT-SWAP,30m,4H,0.007,0.015,0.008,148.0,0.883,-99.403,626,273,353,43.61,99.779,0.943,-4.079,4388,201.32,36.03,4.85,-97.59,0.88,-81.79
SOL-USDT-SWAP,30m,4H,0.007,0.015,0.01,148.0,7.788,-94.738,626,299,327,47.764,99.551,0.986,-3.888,4388,578.29,290.74,82.96,-85.65,7.79,-90.61
SOL-USDT-SWAP,30m,4H,0.007,0.015,0.015,148.0,110.738,-25.177,626,330,296,52.716,97.345,0.999,-1.033,4388,1344.07,808.15,274.11,-79.61,110.74,-59.6
SOL-USDT-SWAP,30m,4H,0.007,0.015,0.02,148.0,233.119,57.513,626,342,284,54.633,98.536,1.001,2.36,4388,1465.15,889.97,1051.47,-28.24,233.12,-77.83
SOL-USDT-SWAP,30m,4H,0.007,0.015,0.025,148.0,550.46,271.932,626,345,281,55.112,97.412,1.004,11.16,4388,1831.69,1137.63,1374.07,-24.98,550.46,-59.94
SOL-USDT-SWAP,30m,4H,0.007,0.015,0.03,148.0,10288.953,6851.995,626,351,275,56.07,82.48,1.042,281.204,4388,1391.87,840.45,12318.52,785.03,10288.95,-16.48
SOL-USDT-SWAP,30m,4H,0.007,0.02,0.005,148.0,0.077,-99.948,626,205,421,32.748,99.954,0.861,-4.102,4388,73.69,-50.21,0.59,-99.2,0.08,-86.98
SOL-USDT-SWAP,30m,4H,0.007,0.02,0.008,148.0,0.142,-99.904,626,251,375,40.096,99.956,0.9,-4.1,4388,112.32,-24.11,0.99,-99.12,0.14,-85.65
SOL-USDT-SWAP,30m,4H,0.007,0.02,0.01,148.0,0.239,-99.839,626,271,355,43.291,99.933,0.913,-4.097,4388,115.47,-21.98,4.55,-96.06,0.24,-94.75
SOL-USDT-SWAP,30m,4H,0.007,0.02,0.015,148.0,1.807,-98.779,626,299,327,47.764,99.696,0.966,-4.054,4388,311.49,110.47,9.4,-96.98,1.81,-80.77
SOL-USDT-SWAP,30m,4H,0.007,0.02,0.02,148.0,5.093,-96.559,626,310,316,49.521,99.57,0.985,-3.963,4388,242.54,63.88,44.77,-81.54,5.09,-88.63
SOL-USDT-SWAP,30m,4H,0.007,0.02,0.025,148.0,9.597,-93.515,626,313,313,50.0,99.503,0.988,-3.838,4388,319.98,116.2,45.09,-85.91,9.6,-78.72
SOL-USDT-SWAP,30m,4H,0.007,0.02,0.03,148.0,22.484,-84.808,626,318,308,50.799,99.401,0.994,-3.48,4388,257.82,74.2,80.88,-68.63,22.48,-72.2
SOL-USDT-SWAP,30m,4H,0.007,0.03,0.005,148.0,0.0,-100.0,626,179,447,28.594,100.0,0.681,-4.104,4388,18.17,-87.72,0.01,-99.96,0.0,-97.42
SOL-USDT-SWAP,30m,4H,0.007,0.03,0.008,148.0,0.0,-100.0,626,227,399,36.262,100.0,0.711,-4.104,4388,24.6,-83.38,0.01,-99.95,0.0,-97.54
SOL-USDT-SWAP,30m,4H,0.007,0.03,0.01,148.0,0.0,-100.0,626,245,381,39.137,100.0,0.722,-4.104,4388,27.32,-81.54,0.04,-99.84,0.0,-99.18
SOL-USDT-SWAP,30m,4H,0.007,0.03,0.015,148.0,0.002,-99.999,626,272,354,43.45,99.999,0.751,-4.104,4388,32.82,-77.82,0.06,-99.83,0.0,-96.68
SOL-USDT-SWAP,30m,4H,0.007,0.03,0.02,148.0,0.002,-99.999,626,280,346,44.728,99.999,0.735,-4.104,4388,21.6,-85.4,0.08,-99.61,0.0,-98.16
SOL-USDT-SWAP,30m,4H,0.007,0.03,0.025,148.0,0.002,-99.999,626,283,343,45.208,99.999,0.758,-4.104,4388,38.37,-74.08,0.04,-99.9,0.0,-95.41
SOL-USDT-SWAP,30m,4H,0.007,0.03,0.03,148.0,0.0,-100.0,626,284,342,45.367,100.0,0.697,-4.104,4388,24.96,-83.13,0.01,-99.96,0.0,-95.36
SOL-USDT-SWAP,30m,4H,0.01,0.004,0.005,148.0,0.128,-99.914,454,278,176,61.233,99.923,0.479,-4.1,4388,39.45,-73.34,0.68,-98.27,0.13,-81.28
SOL-USDT-SWAP,30m,4H,0.01,0.004,0.008,148.0,2.181,-98.527,454,344,110,75.771,98.731,0.573,-4.044,4388,55.71,-62.36,5.36,-90.38,2.18,-59.32
SOL-USDT-SWAP,30m,4H,0.01,0.004,0.01,148.0,18.717,-87.353,454,374,80,82.379,89.521,0.792,-3.585,4388,156.63,5.83,26.84,-82.87,18.72,-30.25
SOL-USDT-SWAP,30m,4H,0.01,0.004,0.015,148.0,244.079,64.918,454,406,48,89.427,78.196,1.064,2.664,4388,363.35,145.51,161.77,-55.48,244.08,50.88
SOL-USDT-SWAP,30m,4H,0.01,0.004,0.02,148.0,612.359,313.756,454,418,36,92.07,73.898,1.221,12.876,4388,427.89,189.11,366.64,-14.31,612.36,67.02
SOL-USDT-SWAP,30m,4H,0.01,0.004,0.025,148.0,14950.705,10001.828,454,432,22,95.154,35.961,1.916,410.472,4388,691.02,366.91,6385.54,824.07,14950.7,134.13
SOL-USDT-SWAP,30m,4H,0.01,0.004,0.03,148.0,23703.186,15915.666,454,435,19,95.815,42.506,2.69,653.174,4388,643.69,334.93,9386.35,1358.2,23703.19,152.53
SOL-USDT-SWAP,30m,4H,0.01,0.006,0.005,148.0,3.845,-97.402,454,261,193,57.489,98.115,0.815,-3.997,4388,142.73,-3.56,10.92,-92.35,3.84,-64.79
SOL-USDT-SWAP,30m,4H,0.01,0.006,0.008,148.0,97.678,-34.001,454,321,133,70.705,73.71,0.975,-1.395,4388,227.67,53.83,136.36,-40.11,97.68,-28.36
SOL-USDT-SWAP,30m,4H,0.01,0.006,0.01,148.0,1038.862,601.933,454,350,104,77.093,59.139,1.089,24.703,4388,773.79,422.83,928.17,19.95,1038.86,11.93
SOL-USDT-SWAP,30m,4H,0.01,0.006,0.015,148.0,24004.726,16119.409,454,382,72,84.141,59.443,1.407,661.535,4388,2096.76,1316.73,7774.98,270.81,24004.73,208.74
SOL-USDT-SWAP,30m,4H,0.01,0.006,0.02,148.0,36833.971,24787.818,454,393,61,86.564,66.173,1.596,1017.284,4388,2040.53,1278.74,14489.88,610.1,36833.97,154.2
SOL-USDT-SWAP,30m,4H,0.01,0.006,0.025,148.0,94825.073,63970.995,454,407,47,89.648,46.929,2.413,2625.349,4388,3425.86,2214.77,66853.09,1851.43,94825.07,41.84
SOL-USDT-SWAP,30m,4H,0.01,0.006,0.03,148.0,102131.851,68908.007,454,410,44,90.308,54.835,2.779,2827.962,4388,3191.21,2056.22,71009.86,2125.17,102131.85,43.83
SOL-USDT-SWAP,30m,4H,0.01,0.008,0.005,148.0,32.135,-78.287,454,242,212,53.304,89.134,0.933,-3.213,4388,218.54,47.66,68.99,-68.43,32.14,-53.42
SOL-USDT-SWAP,30m,4H,0.01,0.008,0.008,148.0,1296.372,775.927,454,299,155,65.859,55.963,1.087,31.844,4388,436.78,195.12,1485.46,240.09,1296.37,-12.73
SOL-USDT-SWAP,30m,4H,0.01,0.008,0.01,148.0,15589.151,10433.21,454,326,128,71.806,57.547,1.194,428.176,4388,1167.24,688.68,9525.13,716.04,15589.15,63.66
SOL-USDT-SWAP,30m,4H,0.01,0.008,0.015,148.0,78461.591,52914.589,454,355,99,78.194,56.413,1.732,2171.597,4388,4663.34,3050.9,53726.55,1052.1,78461.59,46.04
SOL-USDT-SWAP,30m,4H,0.01,0.008,0.02,148.0,87995.769,59356.6,454,364,90,80.176,67.238,1.776,2435.975,4388,4345.89,2836.41,64355.73,1380.84,87995.77,36.73
SOL-USDT-SWAP,30m,4H,0.01,0.008,0.025,148.0,137464.564,92781.462,454,376,78,82.819,32.255,2.398,3807.721,4388,7091.91,4691.83,105581.12,1388.75,137464.56,30.2
SOL-USDT-SWAP,30m,4H,0.01,0.008,0.03,148.0,144672.754,97651.86,454,378,76,83.26,35.621,2.554,4007.6,4388,6628.57,4378.77,109339.31,1549.52,144672.75,32.32
SOL-USDT-SWAP,30m,4H,0.01,0.01,0.005,148.0,47.564,-67.862,454,216,238,47.577,84.5,0.949,-2.785,4388,169.65,14.63,97.3,-42.65,47.56,-51.12
SOL-USDT-SWAP,30m,4H,0.01,0.01,0.008,148.0,2443.057,1550.714,454,271,183,59.692,56.557,1.079,63.641,4388,460.77,211.33,3069.71,566.22,2443.06,-20.41
SOL-USDT-SWAP,30m,4H,0.01,0.01,0.01,148.0,41103.055,27672.335,454,299,155,65.859,55.195,1.356,1135.664,4388,1170.02,690.55,27431.23,2244.51,41103.06,49.84
SOL-USDT-SWAP,30m,4H,0.01,0.01,0.015,148.0,73794.0,49760.811,454,320,134,70.485,51.655,1.528,2042.167,4388,3690.26,2393.42,62190.08,1585.25,73794.0,18.66
SOL-USDT-SWAP,30m,4H,0.01,0.01,0.02,148.0,83457.679,56290.323,454,328,126,72.247,68.713,1.559,2310.136,4388,3976.19,2586.61,72040.08,1711.79,83457.68,15.85
SOL-USDT-SWAP,30m,4H,0.01,0.01,0.025,148.0,130147.102,87837.231,454,338,116,74.449,39.443,1.91,3604.811,4388,6302.32,4158.33,111667.63,1671.85,130147.1,16.55
SOL-USDT-SWAP,30m,4H,0.01,0.01,0.03,148.0,133516.006,90113.517,454,340,114,74.89,46.741,1.957,3698.229,4388,5485.44,3606.38,112036.53,1942.43,133516.01,19.17
SOL-USDT-SWAP,30m,4H,0.01,0.012,0.005,148.0,58.604,-60.403,454,199,255,43.833,92.068,0.976,-2.479,4388,244.75,65.37,199.27,-18.58,58.6,-70.59
SOL-USDT-SWAP,30m,4H,0.01,0.012,0.008,148.0,2702.445,1725.977,454,250,204,55.066,82.117,1.036,70.834,4388,665.98,349.99,8215.7,1133.63,2702.45,-67.11
SOL-USDT-SWAP,30m,4H,0.01,0.012,0.01,148.0,37204.877,25038.43,454,273,181,60.132,56.008,1.248,1027.569,4388,1989.41,1244.2,39013.25,1861.04,37204.88,-4.64
SOL-USDT-SWAP,30m,4H,0.01,0.012,0.015,148.0,71813.664,48422.746,454,293,161,64.537,49.029,1.446,1987.254,4388,3802.8,2469.46,74196.15,1851.09,71813.66,-3.21
SOL-USDT-SWAP,30m,4H,0.01,0.012,0.02,148.0,77789.604,52460.543,454,300,154,66.079,66.94,1.459,2152.963,4388,4339.18,2831.88,79175.94,1724.67,77789.6,-1.75
SOL-USDT-SWAP,30m,4H,0.01,0.012,0.025,148.0,118054.001,79666.217,454,308,146,67.841,34.621,1.707,3269.475,4388,5012.17,3286.6,115645.74,2207.3,118054.0,2.08
SOL-USDT-SWAP,30m,4H,0.01,0.012,0.03,148.0,116860.396,78859.727,454,310,144,68.282,47.372,1.711,3236.377,4388,3783.08,2456.14,111152.14,2838.14,116860.4,5.14
SOL-USDT-SWAP,30m,4H,0.01,0.015,0.005,148.0,3.571,-97.587,454,173,281,38.106,98.879,0.894,-4.005,4388,131.2,-11.35,21.49,-83.62,3.57,-83.39
SOL-USDT-SWAP,30m,4H,0.01,0.015,0.008,148.0,71.666,-51.577,454,218,236,48.018,94.389,0.99,-2.117,4388,319.98,116.2,529.55,65.5,71.67,-86.47
SOL-USDT-SWAP,30m,4H,0.01,0.015,0.01,148.0,364.612,146.36,454,238,216,52.423,87.982,1.011,6.007,4388,634.04,328.4,1572.85,148.07,364.61,-76.82
SOL-USDT-SWAP,30m,4H,0.01,0.015,0.015,148.0,2010.954,1258.753,454,256,198,56.388,90.157,1.02,51.659,4388,1011.34,583.34,8601.47,750.5,2010.95,-76.62
SOL-USDT-SWAP,30m,4H,0.01,0.015,0.02,148.0,1708.689,1054.52,454,263,191,57.93,91.6,1.024,43.277,4388,923.74,524.15,6249.49,576.54,1708.69,-72.66
SOL-USDT-SWAP,30m,4H,0.01,0.015,0.025,148.0,21752.595,14597.7,454,269,185,59.251,78.572,1.146,599.085,4388,870.47,488.15,28870.08,3216.61,21752.6,-24.65
SOL-USDT-SWAP,30m,4H,0.01,0.015,0.03,148.0,12884.147,8605.505,454,271,183,59.692,84.99,1.108,353.167,4388,600.28,305.59,17048.47,2740.1,12884.15,-24.43
SOL-USDT-SWAP,30m,4H,0.01,0.02,0.005,148.0,0.138,-99.907,454,148,306,32.599,99.917,0.751,-4.1,4388,46.01,-68.91,1.44,-96.87,0.14,-90.42
SOL-USDT-SWAP,30m,4H,0.01,0.02,0.008,148.0,0.77,-99.48,454,188,266,41.41,99.559,0.842,-4.083,4388,60.39,-59.2,13.59,-77.49,0.77,-94.33
SOL-USDT-SWAP,30m,4H,0.01,0.02,0.01,148.0,2.748,-98.143,454,206,248,45.374,98.426,0.888,-4.028,4388,91.74,-38.02,27.3,-70.24,2.75,-89.94
SOL-USDT-SWAP,30m,4H,0.01,0.02,0.015,148.0,7.381,-95.013,454,222,232,48.899,97.065,0.94,-3.899,4388,98.7,-33.31,56.69,-42.56,7.38,-86.98
SOL-USDT-SWAP,30m,4H,0.01,0.02,0.02,148.0,5.575,-96.233,454,229,225,50.441,98.534,0.923,-3.949,4388,94.16,-36.38,36.55,-61.19,5.58,-84.74
SOL-USDT-SWAP,30m,4H,0.01,0.02,0.025,148.0,59.971,-59.479,454,235,219,51.762,93.389,0.986,-2.441,4388,108.9,-26.42,301.5,176.87,59.97,-80.11
SOL-USDT-SWAP,30m,4H,0.01,0.02,0.03,148.0,48.794,-67.031,454,237,217,52.203,89.84,0.974,-2.751,4388,69.93,-52.75,187.81,168.57,48.79,-74.02
SOL-USDT-SWAP,30m,4H,0.01,0.03,0.005,148.0,0.03,-99.98,454,138,316,30.396,99.982,0.652,-4.103,4388,31.73,-78.56,0.46,-98.56,0.03,-93.42
SOL-USDT-SWAP,30m,4H,0.01,0.03,0.008,148.0,0.039,-99.974,454,173,281,38.106,99.978,0.662,-4.103,4388,25.64,-82.67,1.23,-95.22,0.04,-96.82
SOL-USDT-SWAP,30m,4H,0.01,0.03,0.01,148.0,0.231,-99.844,454,192,262,42.291,99.868,0.734,-4.098,4388,35.59,-75.95,3.66,-89.71,0.23,-93.7
SOL-USDT-SWAP,30m,4H,0.01,0.03,0.015,148.0,0.3,-99.797,454,206,248,45.374,99.828,0.794,-4.096,4388,33.78,-77.18,3.95,-88.32,0.3,-92.39
SOL-USDT-SWAP,30m,4H,0.01,0.03,0.02,148.0,0.139,-99.906,454,212,242,46.696,99.923,0.794,-4.1,4388,47.65,-67.81,1.72,-96.39,0.14,-91.94
SOL-USDT-SWAP,30m,4H,0.01,0.03,0.025,148.0,0.253,-99.829,454,214,240,47.137,99.901,0.854,-4.097,4388,57.4,-61.21,2.4,-95.81,0.25,-89.49
SOL-USDT-SWAP,30m,4H,0.01,0.03,0.03,148.0,0.139,-99.906,454,215,239,47.357,99.934,0.798,-4.1,4388,36.86,-75.09,1.27,-96.56,0.14,-89.03
SOL-USDT-SWAP,1H,6H,0.001,0.004,0.005,148.0,0.0,-100.0,818,474,344,57.946,100.0,0.369,-4.093,2934,3.05,-97.94,0.0,-99.98,0.0,-96.04
SOL-USDT-SWAP,1H,6H,0.001,0.004,0.008,148.0,0.009,-99.994,818,607,211,74.205,99.994,0.399,-4.093,2934,4.98,-96.64,0.02,-99.52,0.01,-63.04
SOL-USDT-SWAP,1H,6H,0.001,0.004,0.01,148.0,0.173,-99.883,818,656,162,80.196,99.919,0.495,-4.088,2934,13.3,-91.01,0.19,-98.57,0.17,-8.97
SOL-USDT-SWAP,1H,6H,0.001,0.004,0.015,148.0,36.745,-75.172,818,723,95,88.386,97.148,0.798,-3.077,2934,47.56,-67.86,18.15,-61.83,36.74,102.43
SOL-USDT-SWAP,1H,6H,0.001,0.004,0.02,148.0,2557.695,1628.172,818,757,61,92.543,87.775,1.446,66.637,2934,147.1,-0.61,605.33,311.5,2557.7,322.53
SOL-USDT-SWAP,1H,6H,0.001,0.004,0.025,148.0,35087.79,23607.966,818,773,45,94.499,84.531,2.253,966.22,2934,506.14,241.99,7521.56,1386.06,35087.79,366.5
SOL-USDT-SWAP,1H,6H,0.001,0.004,0.03,148.0,59720.05,40251.385,818,781,37,95.477,74.051,3.411,1647.396,2934,851.65,475.44,16865.27,1880.31,59720.05,254.1
SOL-USDT-SWAP,1H,6H,0.001,0.006,0.005,148.0,0.015,-99.99,818,450,368,55.012,99.991,0.658,-4.092,2934,24.1,-83.72,0.12,-99.52,0.02,-86.78
SOL-USDT-SWAP,1H,6H,0.001,0.006,0.008,148.0,12.523,-91.539,818,572,246,69.927,97.352,0.788,-3.746,2934,56.18,-62.04,6.06,-89.21,12.52,106.68
SOL-USDT-SWAP,1H,6H,0.001,0.006,0.01,148.0,541.452,265.846,818,621,197,75.917,86.127,1.133,10.88,2934,191.52,29.4,103.77,-45.82,541.45,421.79
SOL-USDT-SWAP,1H,6H,0.001,0.006,0.015,148.0,56864.677,38322.079,818,683,135,83.496,80.624,1.663,1568.434,2934,964.03,551.37,12399.58,1186.22,56864.68,358.6
SOL-USDT-SWAP,1H,6H,0.001,0.006,0.02,148.0,140442.424,94793.53,818,716,102,87.531,74.511,2.326,3879.681,2934,3620.69,2346.41,80876.82,2133.74,140442.42,73.65
SOL-USDT-SWAP,1H,6H,0.001,0.006,0.025,148.0,187658.804,126696.489,818,731,87,89.364,82.204,2.49,5185.395,2934,13997.21,9357.57,123973.09,785.7,187658.8,51.37
SOL-USDT-SWAP,1H,6H,0.001,0.006,0.03,148.0,218262.633,147374.752,818,738,80,90.22,66.58,2.816,6031.709,2934,22492.39,15097.56,145344.3,546.19,218262.63,50.17
SOL-USDT-SWAP,1H,6H,0.001,0.008,0.005,148.0,0.068,-99.954,818,397,421,48.533,99.968,0.74,-4.091,2934,26.93,-81.81,0.52,-98.07,0.07,-86.95
SOL-USDT-SWAP,1H,6H,0.001,0.008,0.008,148.0,182.456,23.281,818,516,302,63.081,92.719,1.014,0.953,2934,100.99,-31.76,71.4,-29.31,182.46,155.56
SOL-USDT-SWAP,1H,6H,0.001,0.008,0.01,148.0,5346.378,3512.417,818,558,260,68.215,87.969,1.158,143.755,2934,392.25,165.03,1260.25,221.29,5346.38,324.23
SOL-USDT-SWAP,1H,6H,0.001,0.008,0.015,148.0,87212.639,58827.459,818,611,207,74.694,86.431,1.532,2407.672,2934,3409.17,2203.49,46649.58,1268.35,87212.64,86.95
SOL-USDT-SWAP,1H,6H,0.001,0.008,0.02,148.0,170121.263,114846.8,818,642,176,78.484,83.681,1.883,4700.415,2934,10590.29,7055.6,110406.78,942.53,170121.26,54.09
SOL-USDT-SWAP,1H,6H,0.001,0.008,0.025,148.0,237943.43,160672.588,818,658,160,80.44,89.27,2.186,6575.959,2934,26276.47,17654.37,170902.65,550.4,237943.43,39.23
SOL-USDT-SWAP,1H,6H,0.001,0.008,0.03,148.0,258229.417,174379.336,818,664,154,81.174,79.068,2.33,7136.944,2934,33959.58,22845.67,187101.02,450.95,258229.42,38.02
SOL-USDT-SWAP,1H,6H,0.001,0.01,0.005,148.0,0.029,-99.981,818,344,474,42.054,99.988,0.777,-4.092,2934,22.06,-85.1,0.33,-98.52,0.03,-91.18
SOL-USDT-SWAP,1H,6H,0.001,0.01,0.008,148.0,58.144,-60.714,818,453,365,55.379,95.157,0.957,-2.485,2934,107.07,-27.65,50.13,-53.18,58.14,15.98
SOL-USDT-SWAP,1H,6H,0.001,0.01,0.01,148.0,1773.122,1098.055,818,494,324,60.391,87.75,1.076,44.941,2934,576.33,289.41,801.47,39.07,1773.12,121.23
SOL-USDT-SWAP,1H,6H,0.001,0.01,0.015,148.0,61947.531,41756.44,818,541,277,66.137,88.681,1.311,1708.995,2934,3627.18,2350.79,28104.99,674.85,61947.53,120.41
SOL-USDT-SWAP,1H,6H,0.001,0.01,0.02,148.0,149493.55,100909.155,818,567,251,69.315,81.249,1.531,4129.979,2934,14144.97,9457.41,97111.73,586.55,149493.55,53.94
SOL-USDT-SWAP,1H,6H,0.001,0.01,0.025,148.0,215434.85,145464.088,818,582,236,71.149,87.303,1.747,5953.51,2934,28746.48,19323.29,155426.74,440.68,215434.85,38.61
SOL-USDT-SWAP,1H,6H,0.001,0.01,0.03,148.0,233690.539,157799.013,818,588,230,71.883,74.358,1.81,6458.35,2934,36735.51,24721.29,169294.81,360.85,233690.54,38.04
SOL-USDT-SWAP,1H,6H,0.001,0.012,0.005,148.0,0.007,-99.995,818,307,511,37.531,99.998,0.813,-4.093,2934,22.28,-84.95,0.2,-99.12,0.01,-96.21
SOL-USDT-SWAP,1H,6H,0.001,0.012,0.008,148.0,6.038,-95.921,818,407,411,49.756,98.751,0.925,-3.926,2934,142.11,-3.98,16.57,-88.34,6.04,-63.56
SOL-USDT-SWAP,1H,6H,0.001,0.012,0.01,148.0,117.956,-20.3,818,445,373,54.401,96.044,0.997,-0.831,2934,914.19,517.7,176.81,-80.66,117.96,-33.29
SOL-USDT-SWAP,1H,6H,0.001,0.012,0.015,148.0,4380.214,2859.604,818,492,326,60.147,87.741,1.028,117.037,2934,4864.25,3186.66,6008.33,23.52,4380.21,-27.1
SOL-USDT-SWAP,1H,6H,0.001,0.012,0.02,148.0,121158.183,81763.637,818,517,301,63.203,80.55,1.312,3346.397,2934,22524.53,15119.28,90377.7,301.24,121158.18,34.06
SOL-USDT-SWAP,1H,6H,0.001,0.012,0.025,148.0,185838.005,125466.219,818,533,285,65.159,87.211,1.5,5135.043,2934,32396.49,21789.52,150881.23,365.73,185838.0,23.17
SOL-USDT-SWAP,1H,6H,0.001,0.012,0.03,148.0,203993.054,137733.145,818,539,279,65.892,73.207,1.536,5637.1,2934,39596.47,26654.37,163332.33,312.49,203993.05,24.89
SOL-USDT-SWAP,1H,6H,0.001,0.015,0.005,148.0,0.001,-100.0,818,269,549,32.885,100.0,0.714,-4.093,2934,13.17,-91.1,0.02,-99.83,0.0,-97.14
SOL-USDT-SWAP,1H,6H,0.001,0.015,0.008,148.0,0.064,-99.957,818,353,465,43.154,99.971,0.804,-4.091,2934,41.05,-72.27,0.44,-98.92,0.06,-85.51
SOL-USDT-SWAP,1H,6H,0.001,0.015,0.01,148.0,0.327,-99.779,818,384,434,46.944,99.909,0.919,-4.084,2934,171.21,15.69,1.77,-98.97,0.33,-81.54
SOL-USDT-SWAP,1H,6H,0.001,0.015,0.015,148.0,0.401,-99.729,818,420,398,51.345,99.937,0.953,-4.082,2934,415.88,181.0,3.97,-99.05,0.4,-89.89
SOL-USDT-SWAP,1H,6H,0.001,0.015,0.02,148.0,71.147,-51.928,818,448,370,54.768,97.999,0.995,-2.125,2934,1470.8,893.79,139.68,-90.5,71.15,-49.06
SOL-USDT-SWAP,1H,6H,0.001,0.015,0.025,148.0,1581.572,968.63,818,460,358,56.235,95.224,1.011,39.644,2934,3614.37,2342.14,3544.16,-1.94,1581.57,-55.38
SOL-USDT-SWAP,1H,6H,0.001,0.015,0.03,148.0,23620.242,15859.623,818,466,352,56.968,88.725,1.068,649.098,2934,4209.76,2744.43,12231.47,190.55,23620.24,93.11
SOL-USDT-SWAP,1H,6H,0.001,0.02,0.005,148.0,0.0,-100.0,818,231,587,28.24,100.0,0.705,-4.093,2934,7.45,-94.96,0.0,-99.97,0.0,-98.95
SOL-USDT-SWAP,1H,6H,0.001,0.02,0.008,148.0,0.0,-100.0,818,301,517,36.797,100.0,0.741,-4.093,2934,13.51,-90.87,0.01,-99.95,0.0,-97.86
SOL-USDT-SWAP,1H,6H,0.001,0.02,0.01,148.0,0.0,-100.0,818,327,491,39.976,100.0,0.869,-4.093,2934,56.19,-62.03,0.01,-99.98,0.0,-98.36
SOL-USDT-SWAP,1H,6H,0.001,0.02,0.015,148.0,0.0,-100.0,818,359,459,43.888,100.0,0.891,-4.093,2934,71.81,-51.48,0.01,-99.99,0.0,-99.23
SOL-USDT-SWAP,1H,6H,0.001,0.02,0.02,148.0,0.011,-99.993,818,388,430,47.433,99.999,0.967,-4.092,2934,404.32,173.19,0.47,-99.88,0.01,-97.74
SOL-USDT-SWAP,1H,6H,0.001,0.02,0.025,148.0,0.054,-99.964,818,396,422,48.411,99.994,0.977,-4.091,2934,503.68,240.33,2.5,-99.5,0.05,-97.86
SOL-USDT-SWAP,1H,6H,0.001,0.02,0.03,148.0,0.082,-99.944,818,403,415,49.267,99.997,0.991,-4.09,2934,778.93,426.3,3.5,-99.55,0.08,-97.64
SOL-USDT-SWAP,1H,6H,0.001,0.03,0.005,148.0,0.0,-100.0,818,195,623,23.839,100.0,0.503,-4.093,2934,1.12,-99.24,0.0,-100.0,0.0,-99.68
SOL-USDT-SWAP,1H,6H,0.001,0.03,0.008,148.0,0.0,-100.0,818,254,564,31.051,100.0,0.498,-4.093,2934,0.64,-99.57,0.0,-100.0,0.0,-99.67
SOL-USDT-SWAP,1H,6H,0.001,0.03,0.01,148.0,0.0,-100.0,818,282,536,34.474,100.0,0.474,-4.093,2934,2.0,-98.65,0.0,-100.0,0.0,-99.73
SOL-USDT-SWAP,1H,6H,0.001,0.03,0.015,148.0,0.0,-100.0,818,314,504,38.386,100.0,0.511,-4.093,2934,1.31,-99.12,0.0,-100.0,0.0,-99.87
SOL-USDT-SWAP,1H,6H,0.001,0.03,0.02,148.0,0.0,-100.0,818,338,480,41.32,100.0,0.662,-4.093,2934,7.57,-94.89,0.0,-100.0,0.0,-99.59
SOL-USDT-SWAP,1H,6H,0.001,0.03,0.025,148.0,0.0,-100.0,818,345,473,42.176,100.0,0.706,-4.093,2934,12.94,-91.25,0.0,-100.0,0.0,-99.49
SOL-USDT-SWAP,1H,6H,0.001,0.03,0.03,148.0,0.0,-100.0,818,352,466,43.032,100.0,0.788,-4.093,2934,20.63,-86.06,0.0,-100.0,0.0,-99.42
SOL-USDT-SWAP,1H,6H,0.002,0.004,0.005,148.0,0.0,-100.0,763,446,317,58.453,100.0,0.384,-4.093,2934,3.57,-97.59,0.0,-99.96,0.0,-92.63
SOL-USDT-SWAP,1H,6H,0.002,0.004,0.008,148.0,0.01,-99.993,763,563,200,73.788,99.995,0.433,-4.092,2934,6.64,-95.51,0.03,-99.56,0.01,-64.42
SOL-USDT-SWAP,1H,6H,0.002,0.004,0.01,148.0,0.291,-99.803,763,614,149,80.472,99.866,0.531,-4.085,2934,25.16,-83.0,0.42,-98.32,0.29,-30.86
SOL-USDT-SWAP,1H,6H,0.002,0.004,0.015,148.0,73.059,-50.636,763,678,85,88.86,94.415,0.901,-2.072,2934,85.46,-42.26,35.37,-58.61,73.06,106.56
SOL-USDT-SWAP,1H,6H,0.002,0.004,0.02,148.0,8106.502,5377.366,763,712,51,93.316,85.015,1.65,220.083,2934,416.45,181.39,1760.13,322.65,8106.5,360.56
SOL-USDT-SWAP,1H,6H,0.002,0.004,0.025,148.0,33657.586,22641.612,763,723,40,94.758,84.834,2.309,926.669,2934,495.37,234.71,6181.16,1147.8,33657.59,444.52
SOL-USDT-SWAP,1H,6H,0.002,0.004,0.03,148.0,61400.436,41386.781,763,732,31,95.937,68.851,3.577,1693.866,2934,947.74,540.36,16873.96,1680.45,61400.44,263.88
SOL-USDT-SWAP,1H,6H,0.002,0.006,0.005,148.0,0.067,-99.955,763,426,337,55.832,99.96,0.672,-4.091,2934,22.23,-84.98,0.24,-98.91,0.07,-72.32
SOL-USDT-SWAP,1H,6H,0.002,0.006,0.008,148.0,30.632,-79.303,763,539,224,70.642,93.224,0.889,-3.246,2934,67.09,-54.67,16.13,-75.95,30.63,89.88
SOL-USDT-SWAP,1H,6H,0.002,0.006,0.01,148.0,1404.54,849.013,763,586,177,76.802,77.712,1.202,34.748,2934,324.0,118.92,320.51,-1.08,1404.54,338.22
SOL-USDT-SWAP,1H,6H,0.002,0.006,0.015,148.0,75386.063,50836.529,763,645,118,84.535,72.397,1.752,2080.622,2934,1156.93,681.71,31607.86,2632.06,75386.06,138.5
SOL-USDT-SWAP,1H,6H,0.002,0.006,0.02,148.0,149040.913,100603.32,763,677,86,88.729,73.032,2.491,4117.462,2934,6558.57,4331.47,94054.44,1334.07,149040.91,58.46
SOL-USDT-SWAP,1H,6H,0.002,0.006,0.025,148.0,175613.534,118557.793,763,687,76,90.039,80.484,2.618,4852.297,2934,8026.04,5323.0,116959.71,1357.25,175613.53,50.15
SOL-USDT-SWAP,1H,6H,0.002,0.006,0.03,148.0,198436.319,133978.594,763,693,70,90.826,64.631,2.759,5483.435,2934,14197.1,9492.64,134203.65,845.29,198436.32,47.86
SOL-USDT-SWAP,1H,6H,0.002,0.008,0.005,148.0,2.999,-97.974,763,398,365,52.163,98.737,0.861,-4.01,2934,87.61,-40.81,5.35,-93.9,3.0,-43.89
SOL-USDT-SWAP,1H,6H,0.002,0.008,0.008,148.0,2019.812,1264.738,763,502,261,65.793,73.684,1.144,51.763,2934,335.16,126.46,412.3,23.02,2019.81,389.89
SOL-USDT-SWAP,1H,6H,0.002,0.008,0.01,148.0,57680.695,38873.442,763,547,216,71.691,77.381,1.456,1591.0,2934,2294.44,1450.3,14362.45,525.97,57680.69,301.61
SOL-USDT-SWAP,1H,6H,0.002,0.008,0.015,148.0,152213.753,102747.131,763,601,162,78.768,80.26,1.778,4205.203,2934,10457.59,6965.94,91913.82,778.92,152213.75,65.6
SOL-USDT-SWAP,1H,6H,0.002,0.008,0.02,148.0,238692.136,161178.471,763,633,130,82.962,69.274,2.226,6596.663,2934,33857.14,22776.45,163535.52,383.02,238692.14,45.96
SOL-USDT-SWAP,1H,6H,0.002,0.008,0.025,148.0,256373.529,173125.357,763,642,121,84.142,80.47,2.418,7085.622,2934,30776.64,20695.03,177202.02,475.77,256373.53,44.68
SOL-USDT-SWAP,1H,6H,0.002,0.008,0.03,148.0,275124.883,185795.192,763,647,116,84.797,62.551,2.559,7604.169,2934,38318.45,25790.85,194808.93,408.39,275124.88,41.23
SOL-USDT-SWAP,1H,6H,0.002,0.01,0.005,148.0,2.754,-98.139,763,352,411,46.134,99.161,0.862,-4.017,2934,50.76,-65.7,3.31,-93.48,2.75,-16.78
SOL-USDT-SWAP,1H,6H,0.002,0.01,0.008,148.0,3134.622,2017.988,763,452,311,59.24,86.049,1.134,82.592,2934,268.95,81.72,420.77,56.45,3134.62,644.97
SOL-USDT-SWAP,1H,6H,0.002,0.01,0.01,148.0,66744.936,44997.93,763,494,269,64.744,85.626,1.416,1841.662,2934,2550.92,1623.6,16349.5,540.92,66744.94,308.24
SOL-USDT-SWAP,1H,6H,0.002,0.01,0.015,148.0,140726.162,94985.244,763,538,225,70.511,86.098,1.556,3887.527,2934,12474.81,8328.93,75879.3,508.26,140726.16,85.46
SOL-USDT-SWAP,1H,6H,0.002,0.01,0.02,148.0,244835.688,165329.519,763,570,193,74.705,79.389,1.946,6766.556,2934,34218.3,23020.47,158159.43,362.21,244835.69,54.8
SOL-USDT-SWAP,1H,6H,0.002,0.01,0.025,148.0,270695.949,182802.668,763,579,184,75.885,86.284,2.129,7481.692,2934,31918.86,21466.8,179704.8,463.01,270695.95,50.63
SOL-USDT-SWAP,1H,6H,0.002,0.01,0.03,148.0,290965.725,196498.463,763,584,179,76.54,71.912,2.224,8042.229,2934,40748.0,27432.43,198830.13,387.95,290965.73,46.34
SOL-USDT-SWAP,1H,6H,0.002,0.012,0.005,148.0,1.104,-99.254,763,315,448,41.284,99.704,0.894,-4.062,2934,70.75,-52.2,5.16,-92.71,1.1,-78.61
SOL-USDT-SWAP,1H,6H,0.002,0.012,0.008,148.0,305.049,106.114,763,403,360,52.818,82.263,1.013,4.343,2934,388.58,162.55,318.0,-18.16,305.05,-4.07
SOL-USDT-SWAP,1H,6H,0.002,0.012,0.01,148.0,20270.847,13596.519,763,442,321,57.929,81.824,1.101,556.474,2934,4505.28,2944.11,7909.79,75.57,20270.85,156.28
SOL-USDT-SWAP,1H,6H,0.002,0.012,0.015,148.0,108424.657,73159.903,763,483,280,63.303,79.492,1.309,2994.266,2934,21101.36,14157.68,73433.07,248.0,108424.66,47.65
SOL-USDT-SWAP,1H,6H,0.002,0.012,0.02,148.0,204288.905,137933.044,763,511,252,66.972,75.686,1.594,5645.281,2934,51985.17,35025.11,151879.56,192.16,204288.9,34.51
SOL-USDT-SWAP,1H,6H,0.002,0.012,0.025,148.0,234696.69,158478.845,763,521,242,68.283,83.819,1.726,6486.174,2934,50004.82,33687.04,179922.45,259.81,234696.69,30.44
SOL-USDT-SWAP,1H,6H,0.002,0.012,0.03,148.0,258805.927,174768.87,763,526,237,68.938,65.72,1.796,7152.887,2934,60287.45,40634.77,203115.21,236.91,258805.93,27.42
SOL-USDT-SWAP,1H,6H,0.002,0.015,0.005,148.0,0.025,-99.983,763,269,494,35.256,99.987,0.767,-4.092,2934,20.25,-86.32,0.08,-99.6,0.03,-69.43
SOL-USDT-SWAP,1H,6H,0.002,0.015,0.008,148.0,1.367,-99.077,763,347,416,45.478,99.518,0.888,-4.055,2934,94.03,-36.46,1.43,-98.48,1.37,-4.15
SOL-USDT-SWAP,1H,6H,0.002,0.015,0.01,148.0,60.951,-58.817,763,385,378,50.459,98.123,0.993,-2.407,2934,1297.26,776.52,54.95,-95.76,60.95,10.92
SOL-USDT-SWAP,1H,6H,0.002,0.015,0.015,148.0,880.889,495.195,763,426,337,55.832,96.962,1.012,20.267,2934,4763.82,3118.8,441.29,-90.74,880.89,99.62
SOL-USDT-SWAP,1H,6H,0.002,0.015,0.02,148.0,87453.238,58990.026,763,448,315,58.716,74.438,1.224,2414.326,2934,13350.03,8920.29,45053.89,237.48,87453.24,94.11
SOL-USDT-SWAP,1H,6H,0.002,0.015,0.025,148.0,133355.552,90005.103,763,458,305,60.026,82.988,1.337,3683.701,2934,16622.34,11131.31,88644.99,433.29,133355.55,50.44
SOL-USDT-SWAP,1H,6H,0.002,0.015,0.03,148.0,148653.315,100341.429,763,463,300,60.682,61.964,1.368,4106.743,2934,23014.86,15450.58,104526.28,354.17,148653.31,42.22
SOL-USDT-SWAP,1H,6H,0.002,0.02,0.005,148.0,0.001,-100.0,763,228,535,29.882,100.0,0.751,-4.093,2934,10.55,-92.87,0.01,-99.94,0.0,-90.29
SOL-USDT-SWAP,1H,6H,0.002,0.02,0.008,148.0,0.003,-99.998,763,292,471,38.27,99.999,0.779,-4.093,2934,25.09,-83.05,0.02,-99.9,0.0,-88.23
SOL-USDT-SWAP,1H,6H,0.002,0.02,0.01,148.0,0.01,-99.993,763,321,442,42.071,99.997,0.896,-4.092,2934,86.33,-41.67,0.08,-99.9,0.01,-87.76
SOL-USDT-SWAP,1H,6H,0.002,0.02,0.015,148.0,0.039,-99.974,763,359,404,47.051,99.995,0.957,-4.092,2934,315.59,113.23,0.18,-99.94,0.04,-78.32
SOL-USDT-SWAP,1H,6H,0.002,0.02,0.02,148.0,0.897,-99.394,763,380,383,49.803,99.946,0.98,-4.068,2934,467.62,215.96,1.89,-99.6,0.9,-52.57
SOL-USDT-SWAP,1H,6H,0.002,0.02,0.025,148.0,6.127,-95.86,763,390,373,51.114,99.852,0.99,-3.923,2934,513.4,246.89,11.88,-97.69,6.13,-48.43
SOL-USDT-SWAP,1H,6H,0.002,0.02,0.03,148.0,14.047,-90.509,763,396,367,51.9,99.92,0.997,-3.704,2934,768.82,419.47,34.31,-95.54,14.05,-59.05
SOL-USDT-SWAP,1H,6H,0.002,0.03,0.005,148.0,0.0,-100.0,763,193,570,25.295,100.0,0.528,-4.093,2934,1.84,-98.76,0.0,-100.0,0.0,-97.75
SOL-USDT-SWAP,1H,6H,0.002,0.03,0.008,148.0,0.0,-100.0,763,251,512,32.896,100.0,0.475,-4.093,2934,2.46,-98.34,0.0,-100.0,0.0,-98.36
SOL-USDT-SWAP,1H,6H,0.002,0.03,0.01,148.0,0.0,-100.0,763,277,486,36.304,100.0,0.542,-4.093,2934,5.93,-95.99,0.0,-100.0,0.0,-98.93
SOL-USDT-SWAP,1H,6H,0.002,0.03,0.015,148.0,0.0,-100.0,763,313,450,41.022,100.0,0.613,-4.093,2934,9.94,-93.28,0.0,-100.0,0.0,-98.09
SOL-USDT-SWAP,1H,6H,0.002,0.03,0.02,148.0,0.0,-100.0,763,330,433,43.25,100.0,0.707,-4.093,2934,12.83,-91.33,0.0,-100.0,0.0,-96.89
SOL-USDT-SWAP,1H,6H,0.002,0.03,0.025,148.0,0.0,-100.0,763,337,426,44.168,100.0,0.75,-4.093,2934,21.08,-85.76,0.0,-100.0,0.0,-95.61
SOL-USDT-SWAP,1H,6H,0.002,0.03,0.03,148.0,0.0,-100.0,763,343,420,44.954,100.0,0.872,-4.093,2934,35.67,-75.9,0.0,-100.0,0.0,-96.76
SOL-USDT-SWAP,1H,6H,0.003,0.004,0.005,148.0,0.001,-100.0,704,418,286,59.375,100.0,0.372,-4.093,2934,5.49,-96.29,0.01,-99.9,0.0,-87.52
SOL-USDT-SWAP,1H,6H,0.003,0.004,0.008,148.0,0.037,-99.975,704,523,181,74.29,99.982,0.483,-4.092,2934,16.58,-88.8,0.18,-98.94,0.04,-79.13
SOL-USDT-SWAP,1H,6H,0.003,0.004,0.01,148.0,0.475,-99.679,704,567,137,80.54,99.755,0.554,-4.08,2934,38.3,-74.12,1.42,-96.3,0.48,-66.45
SOL-USDT-SWAP,1H,6H,0.003,0.004,0.015,148.0,100.62,-32.013,704,627,77,89.062,93.293,0.942,-1.31,2934,88.31,-40.33,65.46,-25.88,100.62,53.72
SOL-USDT-SWAP,1H,6H,0.003,0.004,0.02,148.0,10643.077,7091.268,704,659,45,93.608,77.605,1.769,290.229,2934,547.04,269.62,3105.14,467.62,10643.08,242.76
SOL-USDT-SWAP,1H,6H,0.003,0.004,0.025,148.0,40402.735,27199.146,704,671,33,95.312,71.541,2.498,1113.198,2934,822.07,455.45,11259.31,1269.63,40402.74,258.84
SOL-USDT-SWAP,1H,6H,0.003,0.004,0.03,148.0,81803.467,55172.613,704,681,23,96.733,70.061,3.502,2258.088,2934,1208.39,716.48,44854.28,3611.9,81803.47,82.38
SOL-USDT-SWAP,1H,6H,0.003,0.006,0.005,148.0,0.41,-99.723,704,401,303,56.96,99.761,0.707,-4.081,2934,38.37,-74.08,0.82,-97.85,0.41,-50.21
SOL-USDT-SWAP,1H,6H,0.003,0.006,0.008,148.0,87.43,-40.926,704,501,203,71.165,76.892,0.974,-1.675,2934,217.87,47.21,72.93,-66.53,87.43,19.88
SOL-USDT-SWAP,1H,6H,0.003,0.006,0.01,148.0,2315.022,1464.204,704,544,160,77.273,79.984,1.15,59.927,2934,544.64,268.0,993.11,82.34,2315.02,133.11
SOL-USDT-SWAP,1H,6H,0.003,0.006,0.015,148.0,82264.841,55484.352,704,600,104,85.227,78.075,1.955,2270.847,2934,1834.26,1139.37,41325.74,2152.99,82264.84,99.06
SOL-USDT-SWAP,1H,6H,0.003,0.006,0.02,148.0,159634.459,107761.121,704,630,74,89.489,76.2,2.544,4410.414,2934,14068.52,9405.76,106191.17,654.81,159634.46,50.33
SOL-USDT-SWAP,1H,6H,0.003,0.006,0.025,148.0,191308.084,129162.219,704,641,63,91.051,61.172,2.843,5286.312,2934,21137.92,14182.38,131460.48,521.92,191308.08,45.53
SOL-USDT-SWAP,1H,6H,0.003,0.006,0.03,148.0,222776.191,150424.454,704,649,55,92.188,64.631,3.769,6156.526,2934,25704.06,17267.61,155128.59,503.52,222776.19,43.61
SOL-USDT-SWAP,1H,6H,0.003,0.008,0.005,148.0,15.691,-89.398,704,372,332,52.841,96.746,0.878,-3.659,2934,94.98,-35.82,8.96,-90.57,15.69,75.16
SOL-USDT-SWAP,1H,6H,0.003,0.008,0.008,148.0,7717.839,5114.756,704,466,238,66.193,75.609,1.205,209.335,2934,846.35,471.86,1365.84,61.38,7717.84,465.06
SOL-USDT-SWAP,1H,6H,0.003,0.008,0.01,148.0,66085.14,44552.122,704,505,199,71.733,79.972,1.479,1823.416,2934,2438.0,1547.3,22659.89,829.45,66085.14,191.64
SOL-USDT-SWAP,1H,6H,0.003,0.008,0.015,148.0,150443.031,101550.697,704,555,149,78.835,79.696,1.982,4156.236,2934,7694.11,5098.72,84738.85,1001.35,150443.03,77.54
SOL-USDT-SWAP,1H,6H,0.003,0.008,0.02,148.0,242434.888,163707.357,704,585,119,83.097,78.936,2.456,6700.165,2934,38916.5,26194.93,165509.0,325.29,242434.89,46.48
SOL-USDT-SWAP,1H,6H,0.003,0.008,0.025,148.0,270466.884,182647.894,704,595,109,84.517,70.089,2.715,7475.357,2934,48734.0,32828.38,190507.62,290.91,270466.88,41.97
SOL-USDT-SWAP,1H,6H,0.003,0.008,0.03,148.0,299635.699,202356.553,704,602,102,85.511,71.706,3.193,8281.987,2934,53649.59,36149.72,216025.75,302.66,299635.7,38.7
SOL-USDT-SWAP,1H,6H,0.003,0.01,0.005,148.0,46.987,-68.252,704,339,365,48.153,94.918,0.933,-2.793,2934,89.21,-39.72,20.41,-77.12,46.99,130.22
SOL-USDT-SWAP,1H,6H,0.003,0.01,0.008,148.0,28685.482,19282.082,704,426,278,60.511,79.419,1.284,789.171,2934,1052.4,611.08,4519.97,329.49,28685.48,534.64
SOL-USDT-SWAP,1H,6H,0.003,0.01,0.01,148.0,87418.384,58966.475,704,461,243,65.483,78.023,1.43,2413.362,2934,5112.3,3354.26,41478.94,711.36,87418.38,110.75
SOL-USDT-SWAP,1H,6H,0.003,0.01,0.015,148.0,168483.768,113740.384,704,504,200,71.591,75.111,1.699,4655.132,2934,18832.48,12624.65,101969.18,441.45,168483.77,65.23
SOL-USDT-SWAP,1H,6H,0.003,0.01,0.02,148.0,273843.84,184929.622,704,535,169,75.994,81.137,2.242,7568.743,2934,51508.31,34702.91,190210.72,269.28,273843.84,43.97
SOL-USDT-SWAP,1H,6H,0.003,0.01,0.025,148.0,298164.087,201362.221,704,544,160,77.273,72.194,2.414,8241.291,2934,54697.4,36857.7,210957.52,285.68,298164.09,41.34
SOL-USDT-SWAP,1H,6H,0.003,0.01,0.03,148.0,325537.046,219857.464,704,550,154,78.125,73.697,2.707,8998.259,2934,59633.09,40192.63,239267.23,301.23,325537.05,36.06
SOL-USDT-SWAP,1H,6H,0.003,0.012,0.005,148.0,10.081,-93.189,704,302,402,42.898,98.138,0.915,-3.814,2934,115.43,-22.0,8.59,-92.56,10.08,17.38
SOL-USDT-SWAP,1H,6H,0.003,0.012,0.008,148.0,10253.273,6827.887,704,387,317,54.972,78.599,1.098,279.45,2934,2289.19,1446.75,3351.03,46.38,10253.27,205.97
SOL-USDT-SWAP,1H,6H,0.003,0.012,0.01,148.0,85681.341,57792.798,704,422,282,59.943,83.802,1.316,2365.326,2934,10730.86,7150.58,45707.46,325.94,85681.34,87.46
SOL-USDT-SWAP,1H,6H,0.003,0.012,0.015,148.0,148403.089,100172.357,704,456,248,64.773,74.309,1.477,4099.824,2934,28024.14,18835.23,87653.14,212.78,148403.09,69.31
SOL-USDT-SWAP,1H,6H,0.003,0.012,0.02,148.0,251853.035,170070.969,704,484,220,68.75,78.551,1.886,6960.613,2934,59012.34,39773.2,176355.54,198.85,251853.03,42.81
SOL-USDT-SWAP,1H,6H,0.003,0.012,0.025,148.0,270560.794,182711.347,704,492,212,69.886,78.322,1.988,7477.954,2934,56117.01,37816.9,191189.86,240.7,270560.79,41.51
SOL-USDT-SWAP,1H,6H,0.003,0.012,0.03,148.0,305778.129,206506.844,704,499,205,70.881,69.057,2.196,8451.849,2934,60243.21,40604.87,227343.94,277.38,305778.13,34.5
SOL-USDT-SWAP,1H,6H,0.003,0.015,0.005,148.0,0.656,-99.557,704,258,446,36.648,99.768,0.905,-4.075,2934,109.78,-25.83,1.73,-98.42,0.66,-62.16
SOL-USDT-SWAP,1H,6H,0.003,0.015,0.008,148.0,252.023,70.286,704,336,368,47.727,97.117,1.002,2.877,2934,2927.18,1877.82,389.81,-86.68,252.02,-35.35
SOL-USDT-SWAP,1H,6H,0.003,0.015,0.01,148.0,24297.675,16317.348,704,368,336,52.273,84.365,1.07,667.831,2934,12207.53,8148.33,17192.71,40.84,24297.68,41.33
SOL-USDT-SWAP,1H,6H,0.003,0.015,0.015,148.0,101004.68,68146.405,704,403,301,57.244,64.172,1.253,2789.075,2934,38177.01,25695.28,69147.79,81.12,101004.68,46.07
SOL-USDT-SWAP,1H,6H,0.003,0.015,0.02,148.0,185726.798,125391.08,704,426,278,60.511,78.21,1.508,5131.968,2934,53067.6,35756.49,136645.32,157.49,185726.8,35.92
SOL-USDT-SWAP,1H,6H,0.003,0.015,0.025,148.0,218690.039,147663.54,704,436,268,61.932,77.377,1.602,6043.528,2934,57908.11,39027.1,167535.13,189.31,218690.04,30.53
SOL-USDT-SWAP,1H,6H,0.003,0.015,0.03,148.0,255444.544,172497.665,704,443,261,62.926,66.825,1.735,7059.932,2934,62182.02,41914.88,205302.33,230.16,255444.54,24.42
SOL-USDT-SWAP,1H,6H,0.003,0.02,0.005,148.0,0.003,-99.998,704,212,492,30.114,99.999,0.683,-4.093,2934,13.34,-90.99,0.01,-99.91,0.0,-74.47
SOL-USDT-SWAP,1H,6H,0.003,0.02,0.008,148.0,0.056,-99.962,704,275,429,39.062,99.982,0.894,-4.091,2934,101.57,-31.37,0.24,-99.77,0.06,-76.56
SOL-USDT-SWAP,1H,6H,0.003,0.02,0.01,148.0,0.095,-99.936,704,300,404,42.614,99.979,0.921,-4.09,2934,189.98,28.37,0.4,-99.79,0.1,-75.96
SOL-USDT-SWAP,1H,6H,0.003,0.02,0.015,148.0,0.179,-99.879,704,330,374,46.875,99.98,0.959,-4.088,2934,441.86,198.55,0.33,-99.93,0.18,-45.54
SOL-USDT-SWAP,1H,6H,0.003,0.02,0.02,148.0,12.943,-91.255,704,353,351,50.142,99.726,0.985,-3.735,2934,498.99,237.15,8.69,-98.26,12.94,48.9
SOL-USDT-SWAP,1H,6H,0.003,0.02,0.025,148.0,127.497,-13.853,704,364,340,51.705,99.368,1.0,-0.567,2934,1362.9,820.88,86.46,-93.66,127.5,47.46
SOL-USDT-SWAP,1H,6H,0.003,0.02,0.03,148.0,3041.615,1955.146,704,371,333,52.699,95.577,1.012,80.02,2934,921.74,522.8,2155.05,133.8,3041.62,41.14
SOL-USDT-SWAP,1H,6H,0.003,0.03,0.005,148.0,0.0,-100.0,704,178,526,25.284,100.0,0.466,-4.093,2934,3.42,-97.69,0.0,-100.0,0.0,-96.05
SOL-USDT-SWAP,1H,6H,0.003,0.03,0.008,148.0,0.0,-100.0,704,234,470,33.239,100.0,0.567,-4.093,2934,15.99,-89.2,0.0,-100.0,0.0,-97.71
SOL-USDT-SWAP,1H,6H,0.003,0.03,0.01,148.0,0.0,-100.0,704,260,444,36.932,100.0,0.649,-4.093,2934,27.13,-81.67,0.0,-100.0,0.0,-98.22
SOL-USDT-SWAP,1H,6H,0.003,0.03,0.015,148.0,0.0,-100.0,704,287,417,40.767,100.0,0.73,-4.093,2934,41.35,-72.06,0.0,-100.0,0.0,-97.0
SOL-USDT-SWAP,1H,6H,0.003,0.03,0.02,148.0,0.0,-100.0,704,307,397,43.608,100.0,0.827,-4.093,2934,45.92,-68.98,0.0,-99.99,0.0,-91.89
SOL-USDT-SWAP,1H,6H,0.003,0.03,0.025,148.0,0.0,-100.0,704,314,390,44.602,100.0,0.941,-4.093,2934,197.95,33.75,0.0,-100.0,0.0,-92.09
SOL-USDT-SWAP,1H,6H,0.003,0.03,0.03,148.0,0.002,-99.999,704,321,383,45.597,100.0,0.975,-4.093,2934,103.24,-30.25,0.02,-99.98,0.0,-92.95
SOL-USDT-SWAP,1H,6H,0.004,0.004,0.005,148.0,0.003,-99.998,659,399,260,60.546,99.998,0.344,-4.093,2934,5.79,-96.09,0.03,-99.51,0.0,-88.58
SOL-USDT-SWAP,1H,6H,0.004,0.004,0.008,148.0,0.14,-99.905,659,496,163,75.266,99.929,0.47,-4.089,2934,22.51,-84.79,0.45,-98.01,0.14,-68.75
SOL-USDT-SWAP,1H,6H,0.004,0.004,0.01,148.0,1.266,-99.145,659,534,125,81.032,99.418,0.531,-4.058,2934,26.18,-82.31,2.67,-89.81,1.27,-52.58
SOL-USDT-SWAP,1H,6H,0.004,0.004,0.015,148.0,139.374,-5.828,659,590,69,89.53,91.979,0.99,-0.239,2934,60.38,-59.2,113.73,88.34,139.37,22.55
SOL-USDT-SWAP,1H,6H,0.004,0.004,0.02,148.0,4373.062,2854.772,659,617,42,93.627,78.977,1.557,116.839,2934,238.58,61.21,1708.39,616.05,4373.06,155.98
SOL-USDT-SWAP,1H,6H,0.004,0.004,0.025,148.0,23486.647,15769.356,659,628,31,95.296,63.538,1.971,645.403,2934,524.84,254.62,5302.79,910.36,23486.65,342.91
SOL-USDT-SWAP,1H,6H,0.004,0.004,0.03,148.0,62637.542,42222.663,659,638,21,96.813,72.548,3.309,1728.076,2934,512.05,245.98,31204.99,5994.1,62637.54,100.73
SOL-USDT-SWAP,1H,6H,0.004,0.006,0.005,148.0,1.715,-98.841,659,386,273,58.574,99.284,0.707,-4.045,2934,40.78,-72.44,4.17,-89.78,1.72,-58.84
SOL-USDT-SWAP,1H,6H,0.004,0.006,0.008,148.0,294.745,99.152,659,479,180,72.686,76.005,1.059,4.058,2934,201.6,36.21,176.66,-12.37,294.75,66.85
SOL-USDT-SWAP,1H,6H,0.004,0.006,0.01,148.0,4229.381,2757.69,659,515,144,78.149,80.484,1.279,112.866,2934,256.8,73.51,1439.04,460.39,4229.38,193.9
SOL-USDT-SWAP,1H,6H,0.004,0.006,0.015,148.0,84979.92,57318.865,659,566,93,85.888,68.508,2.211,2345.929,2934,691.13,366.98,46726.36,6660.91,84979.92,81.87
SOL-USDT-SWAP,1H,6H,0.004,0.006,0.02,148.0,147412.053,99502.739,659,593,66,89.985,74.254,3.232,4072.418,2934,3753.73,2436.3,96303.5,2465.54,147412.05,53.07
SOL-USDT-SWAP,1H,6H,0.004,0.006,0.025,148.0,173710.11,117271.696,659,603,56,91.502,66.244,3.188,4799.66,2934,8924.43,5930.02,116797.95,1208.74,173710.11,48.73
SOL-USDT-SWAP,1H,6H,0.004,0.006,0.03,148.0,207854.435,140342.186,659,612,47,92.868,64.631,4.368,5743.882,2934,8877.71,5898.45,143892.27,1520.83,207854.43,44.45
SOL-USDT-SWAP,1H,6H,0.004,0.008,0.005,148.0,99.822,-32.552,659,362,297,54.932,78.583,0.982,-1.332,2934,149.25,0.85,111.47,-25.32,99.82,-10.45
SOL-USDT-SWAP,1H,6H,0.004,0.008,0.008,148.0,30757.817,20682.309,659,448,211,67.982,71.968,1.342,846.479,2934,975.94,559.42,8565.68,777.68,30757.82,259.08
SOL-USDT-SWAP,1H,6H,0.004,0.008,0.01,148.0,76365.497,51498.309,659,480,179,72.838,75.47,1.605,2107.707,2934,1123.43,659.08,40923.34,3542.7,76365.5,86.61
SOL-USDT-SWAP,1H,6H,0.004,0.008,0.015,148.0,164274.732,110896.441,659,528,131,80.121,64.393,2.391,4538.736,2934,3788.39,2459.72,113637.32,2899.62,164274.73,44.56
SOL-USDT-SWAP,1H,6H,0.004,0.008,0.02,148.0,231122.732,156064.008,659,551,108,83.612,72.028,2.632,6387.34,2934,22203.4,14902.3,171231.54,671.2,231122.73,34.98
SOL-USDT-SWAP,1H,6H,0.004,0.008,0.025,148.0,254024.795,171538.375,659,559,100,84.825,53.667,2.787,7020.67,2934,34913.03,23489.89,191507.28,448.53,254024.8,32.64
SOL-USDT-SWAP,1H,6H,0.004,0.008,0.03,148.0,283778.802,191642.434,659,567,92,86.039,64.529,3.431,7843.483,2934,35123.82,23632.31,218212.76,521.27,283778.8,30.05
SOL-USDT-SWAP,1H,6H,0.004,0.01,0.005,148.0,565.25,281.926,659,332,327,50.379,80.194,1.065,11.539,2934,200.34,35.36,302.88,51.18,565.25,86.63
SOL-USDT-SWAP,1H,6H,0.004,0.01,0.008,148.0,76024.176,51267.687,659,415,244,62.974,74.964,1.518,2098.268,2934,2994.89,1923.57,38140.64,1173.53,76024.18,99.33
SOL-USDT-SWAP,1H,6H,0.004,0.01,0.01,148.0,113330.973,76474.982,659,443,216,67.223,78.196,1.671,3129.945,2934,3676.34,2384.02,67346.16,1731.88,113330.97,68.28
SOL-USDT-SWAP,1H,6H,0.004,0.01,0.015,148.0,208717.93,140925.628,659,489,170,74.203,69.839,2.127,5767.761,2934,12479.24,8331.92,146176.26,1071.36,208717.93,42.79
SOL-USDT-SWAP,1H,6H,0.004,0.01,0.02,148.0,273862.84,184942.459,659,511,148,77.542,77.432,2.437,7569.268,2934,38661.31,26022.51,201462.84,421.1,273862.84,35.94
SOL-USDT-SWAP,1H,6H,0.004,0.01,0.025,148.0,291904.643,197132.867,659,518,141,78.604,60.541,2.551,8068.194,2934,45906.35,30917.81,216235.42,371.04,291904.64,34.99
SOL-USDT-SWAP,1H,6H,0.004,0.01,0.03,148.0,320752.137,216624.417,659,525,134,79.666,70.291,2.972,8865.938,2934,46165.61,31092.98,246474.58,433.89,320752.14,30.14
SOL-USDT-SWAP,1H,6H,0.004,0.012,0.005,148.0,804.509,443.587,659,306,353,46.434,82.66,1.064,18.155,2934,229.2,54.86,421.52,83.91,804.51,90.86
SOL-USDT-SWAP,1H,6H,0.004,0.012,0.008,148.0,85362.139,57577.121,659,384,275,58.27,78.203,1.408,2356.499,2934,5678.74,3736.99,44677.68,686.75,85362.14,91.06
SOL-USDT-SWAP,1H,6H,0.004,0.012,0.01,148.0,118816.914,80181.699,659,408,251,61.912,83.173,1.535,3281.652,2934,7686.89,5093.84,71271.64,827.18,118816.91,66.71
SOL-USDT-SWAP,1H,6H,0.004,0.012,0.015,148.0,211998.211,143142.035,659,448,211,67.982,65.894,1.829,5858.473,2934,25305.91,16998.59,147056.81,481.12,211998.21,44.16
SOL-USDT-SWAP,1H,6H,0.004,0.012,0.02,148.0,283599.826,191521.504,659,472,187,71.624,77.524,2.179,7838.534,2934,49234.71,33166.7,204138.84,314.62,283599.83,38.92
SOL-USDT-SWAP,1H,6H,0.004,0.012,0.025,148.0,305734.349,206477.263,659,479,180,72.686,59.233,2.281,8450.638,2934,58224.24,39240.7,222704.14,282.49,305734.35,37.28
SOL-USDT-SWAP,1H,6H,0.004,0.012,0.03,148.0,327693.699,221314.662,659,485,174,73.596,69.306,2.536,9057.899,2934,49477.78,33330.94,246055.15,397.3,327693.7,33.18
SOL-USDT-SWAP,1H,6H,0.004,0.015,0.005,148.0,64.664,-56.308,659,268,391,40.668,89.217,0.984,-2.305,2934,274.5,85.47,92.66,-66.24,64.66,-30.21
SOL-USDT-SWAP,1H,6H,0.004,0.015,0.008,148.0,50934.777,34315.39,659,339,320,51.442,78.223,1.172,1404.45,2934,10719.4,7142.84,27631.9,157.77,50934.78,84.33
SOL-USDT-SWAP,1H,6H,0.004,0.015,0.01,148.0,63600.712,42873.454,659,358,301,54.325,81.825,1.205,1754.712,2934,11079.72,7386.3,37258.69,236.28,63600.71,70.7
SOL-USDT-SWAP,1H,6H,0.004,0.015,0.015,148.0,160175.427,108126.64,659,396,263,60.091,62.078,1.48,4425.374,2934,37469.93,25217.52,118257.01,215.61,160175.43,35.45
SOL-USDT-SWAP,1H,6H,0.004,0.015,0.02,148.0,237901.162,160644.028,659,420,239,63.733,75.009,1.736,6574.79,2934,60536.11,40802.77,182774.68,201.93,237901.16,30.16
SOL-USDT-SWAP,1H,6H,0.004,0.015,0.025,148.0,251853.255,170071.118,659,426,233,64.643,69.225,1.777,6960.619,2934,62543.57,42159.17,194207.55,210.52,251853.26,29.68
SOL-USDT-SWAP,1H,6H,0.004,0.015,0.03,148.0,292024.967,197214.167,659,434,225,65.857,64.081,1.976,8071.521,2934,61327.19,41337.29,234945.16,283.1,292024.97,24.29
SOL-USDT-SWAP,1H,6H,0.004,0.02,0.005,148.0,1.334,-99.099,659,228,431,34.598,99.366,0.842,-4.056,2934,50.66,-65.77,2.59,-94.89,1.33,-48.5
SOL-USDT-SWAP,1H,6H,0.004,0.02,0.008,148.0,22.052,-85.1,659,287,372,43.551,97.418,0.972,-3.483,2934,350.9,137.09,27.43,-92.18,22.05,-19.6
SOL-USDT-SWAP,1H,6H,0.004,0.02,0.01,148.0,10.596,-92.841,659,303,356,45.979,98.789,0.959,-3.8,2934,310.22,109.61,12.47,-95.98,10.6,-15.0
SOL-USDT-SWAP,1H,6H,0.004,0.02,0.015,148.0,432.433,192.185,659,337,322,51.138,95.485,1.013,7.866,2934,1348.98,811.47,240.23,-82.19,432.43,80.01
SOL-USDT-SWAP,1H,6H,0.004,0.02,0.02,148.0,8983.406,5969.869,659,357,302,54.173,89.087,1.086,244.333,2934,1067.64,621.38,1998.99,87.23,8983.41,349.4
SOL-USDT-SWAP,1H,6H,0.004,0.02,0.025,148.0,64543.329,43510.357,659,364,295,55.235,78.916,1.199,1780.779,2934,1952.02,1218.93,22821.94,1069.15,64543.33,182.81
SOL-USDT-SWAP,1H,6H,0.004,0.02,0.03,148.0,128315.743,86599.826,659,374,285,56.753,79.246,1.397,3544.331,2934,1075.41,626.63,85879.8,7885.79,128315.74,49.41
SOL-USDT-SWAP,1H,6H,0.004,0.03,0.005,148.0,0.0,-100.0,659,186,473,28.225,100.0,0.646,-4.093,2934,14.02,-90.53,0.0,-99.97,0.0,-93.4
SOL-USDT-SWAP,1H,6H,0.004,0.03,0.008,148.0,0.0,-100.0,659,238,421,36.115,100.0,0.74,-4.093,2934,46.24,-68.76,0.01,-99.99,0.0,-95.52
SOL-USDT-SWAP,1H,6H,0.004,0.03,0.01,148.0,0.0,-100.0,659,257,402,38.998,100.0,0.831,-4.093,2934,75.95,-48.68,0.0,-99.99,0.0,-95.7
SOL-USDT-SWAP,1H,6H,0.004,0.03,0.015,148.0,0.002,-99.999,659,288,371,43.703,99.999,0.91,-4.093,2934,200.35,35.37,0.03,-99.99,0.0,-93.9
SOL-USDT-SWAP,1H,6H,0.004,0.03,0.02,148.0,0.006,-99.996,659,303,356,45.979,99.998,0.91,-4.093,2934,122.91,-16.95,0.04,-99.97,0.01,-83.25
SOL-USDT-SWAP,1H,6H,0.004,0.03,0.025,148.0,0.005,-99.997,659,309,350,46.889,99.999,0.965,-4.093,2934,380.53,157.12,0.03,-99.99,0.0,-84.22
SOL-USDT-SWAP,1H,6H,0.004,0.03,0.03,148.0,0.051,-99.966,659,317,342,48.103,99.998,0.983,-4.091,2934,163.22,10.29,0.34,-99.79,0.05,-85.24
SOL-USDT-SWAP,1H,6H,0.005,0.004,0.005,148.0,0.001,-99.999,597,340,257,56.951,99.999,0.27,-4.093,2934,3.43,-97.68,0.01,-99.72,0.0,-87.21
SOL-USDT-SWAP,1H,6H,0.005,0.004,0.008,148.0,0.072,-99.951,597,438,159,73.367,99.961,0.377,-4.091,2934,12.48,-91.57,0.27,-97.83,0.07,-73.41
SOL-USDT-SWAP,1H,6H,0.005,0.004,0.01,148.0,0.394,-99.734,597,472,125,79.062,99.838,0.514,-4.082,2934,23.03,-84.44,0.93,-95.95,0.39,-57.8
SOL-USDT-SWAP,1H,6H,0.005,0.004,0.015,148.0,35.381,-76.094,597,526,71,88.107,94.956,0.775,-3.114,2934,63.31,-57.22,28.85,-54.43,35.38,22.64
SOL-USDT-SWAP,1H,6H,0.005,0.004,0.02,148.0,535.326,261.707,597,550,47,92.127,83.4,1.263,10.711,2934,166.27,12.35,293.81,76.7,535.33,82.2
SOL-USDT-SWAP,1H,6H,0.005,0.004,0.025,148.0,5329.886,3501.275,597,564,33,94.472,81.434,1.941,143.299,2934,427.28,188.71,873.32,104.39,5329.89,510.3
SOL-USDT-SWAP,1H,6H,0.005,0.004,0.03,148.0,45064.897,30349.254,597,575,22,96.315,63.159,4.688,1242.125,2934,937.97,533.76,8989.28,858.38,45064.9,401.32
SOL-USDT-SWAP,1H,6H,0.005,0.006,0.005,148.0,0.275,-99.814,597,328,269,54.941,99.88,0.531,-4.085,2934,12.5,-91.55,0.52,-95.82,0.27,-47.38
SOL-USDT-SWAP,1H,6H,0.005,0.006,0.008,148.0,31.732,-78.559,597,418,179,70.017,90.598,0.838,-3.215,2934,50.92,-65.6,23.26,-54.33,31.73,36.45
SOL-USDT-SWAP,1H,6H,0.005,0.006,0.01,148.0,252.063,70.313,597,451,146,75.544,89.687,1.06,2.878,2934,80.49,-45.61,101.91,26.61,252.06,147.33
SOL-USDT-SWAP,1H,6H,0.005,0.006,0.015,148.0,28372.099,19070.337,597,502,95,84.087,77.622,1.794,780.505,2934,251.08,69.65,4112.44,1537.87,28372.1,589.91
SOL-USDT-SWAP,1H,6H,0.005,0.006,0.02,148.0,86615.288,58423.843,597,526,71,88.107,74.936,2.544,2391.153,2934,1059.16,615.65,44249.43,4077.77,86615.29,95.74
SOL-USDT-SWAP,1H,6H,0.005,0.006,0.025,148.0,115122.186,77685.261,597,538,59,90.117,66.557,2.8,3179.479,2934,2096.66,1316.66,60201.32,2771.3,115122.19,91.23
SOL-USDT-SWAP,1H,6H,0.005,0.006,0.03,148.0,168261.165,113589.976,597,549,48,91.96,47.986,3.371,4648.976,2934,5371.32,3529.27,104758.04,1850.32,168261.16,60.62
SOL-USDT-SWAP,1H,6H,0.005,0.008,0.005,148.0,10.178,-93.123,597,307,290,51.424,96.293,0.802,-3.811,2934,46.75,-68.41,10.72,-77.08,10.18,-5.01
SOL-USDT-SWAP,1H,6H,0.005,0.008,0.008,148.0,2409.743,1528.205,597,392,205,65.662,73.737,1.235,62.546,2934,247.75,67.4,745.22,200.79,2409.74,223.36
SOL-USDT-SWAP,1H,6H,0.005,0.008,0.01,148.0,24083.994,16172.969,597,423,174,70.854,73.047,1.448,661.922,2934,376.1,154.12,3800.06,910.38,24083.99,533.78
SOL-USDT-SWAP,1H,6H,0.005,0.008,0.015,148.0,105955.896,71491.822,597,469,128,78.559,64.585,2.125,2925.995,2934,1366.0,822.98,56277.49,4019.86,105955.9,88.27
SOL-USDT-SWAP,1H,6H,0.005,0.008,0.02,148.0,162177.792,109479.589,597,490,107,82.077,70.819,2.397,4480.747,2934,6479.14,4277.79,104147.36,1507.43,162177.79,55.72
SOL-USDT-SWAP,1H,6H,0.005,0.008,0.025,148.0,188256.192,127100.13,597,499,98,83.585,55.441,2.288,5201.915,2934,12237.52,8168.6,118722.56,870.15,188256.19,58.57
SOL-USDT-SWAP,1H,6H,0.005,0.008,0.03,148.0,235793.479,159219.918,597,509,88,85.26,44.927,2.838,6516.504,2934,28551.79,19191.75,157077.59,450.15,235793.48,50.11
SOL-USDT-SWAP,1H,6H,0.005,0.01,0.005,148.0,47.133,-68.154,597,281,316,47.069,91.833,0.917,-2.789,2934,87.53,-40.86,23.65,-72.98,47.13,99.25
SOL-USDT-SWAP,1H,6H,0.005,0.01,0.008,148.0,18794.791,12599.183,597,362,235,60.637,77.319,1.439,515.656,2934,642.83,334.35,2598.96,304.3,18794.79,623.17
SOL-USDT-SWAP,1H,6H,0.005,0.01,0.01,148.0,49024.003,33024.327,597,388,209,64.992,79.943,1.625,1351.61,2934,979.57,561.87,6295.87,542.72,49024.0,678.67
SOL-USDT-SWAP,1H,6H,0.005,0.01,0.015,148.0,143959.47,97169.912,597,433,164,72.529,69.474,1.995,3976.94,2934,4032.24,2624.49,84504.32,1995.72,143959.47,70.36
SOL-USDT-SWAP,1H,6H,0.005,0.01,0.02,148.0,209637.706,141547.099,597,452,145,75.712,76.545,2.091,5793.196,2934,22678.38,15223.23,143092.91,530.97,209637.71,46.5
SOL-USDT-SWAP,1H,6H,0.005,0.01,0.025,148.0,232894.286,157261.004,597,460,137,77.052,58.549,2.208,6436.33,2934,34390.37,23136.74,157919.62,359.2,232894.29,47.48
SOL-USDT-SWAP,1H,6H,0.005,0.01,0.03,148.0,274934.953,185666.86,597,469,128,78.559,41.751,2.596,7598.917,2934,50668.7,34135.61,194931.36,284.72,274934.95,41.04
SOL-USDT-SWAP,1H,6H,0.005,0.012,0.005,148.0,123.529,-16.534,597,261,336,43.719,90.657,0.988,-0.677,2934,113.43,-23.36,51.67,-54.45,123.53,139.08
SOL-USDT-SWAP,1H,6H,0.005,0.012,0.008,148.0,33350.381,22434.041,597,335,262,56.114,76.181,1.375,918.174,2934,1578.73,966.71,5709.43,261.65,33350.38,484.13
SOL-USDT-SWAP,1H,6H,0.005,0.012,0.01,148.0,59668.021,40216.23,597,357,240,59.799,82.764,1.527,1645.958,2934,2027.51,1269.94,12260.94,504.73,59668.02,386.65
SOL-USDT-SWAP,1H,6H,0.005,0.012,0.015,148.0,153197.449,103411.79,597,398,199,66.667,70.106,1.77,4232.406,2934,8204.42,5443.53,92564.49,1028.23,153197.45,65.5
SOL-USDT-SWAP,1H,6H,0.005,0.012,0.02,148.0,235735.316,159180.619,597,420,177,70.352,78.261,2.065,6514.896,2934,35318.58,23763.9,164818.63,366.66,235735.32,43.03
SOL-USDT-SWAP,1H,6H,0.005,0.012,0.025,148.0,248365.593,167714.59,597,426,171,71.357,60.146,2.106,6864.171,2934,41348.71,27838.32,174014.03,320.85,248365.59,42.73
SOL-USDT-SWAP,1H,6H,0.005,0.012,0.03,148.0,288060.078,194535.188,597,434,163,72.697,38.455,2.388,7961.877,2934,57548.59,38784.18,214022.24,271.9,288060.08,34.59
SOL-USDT-SWAP,1H,6H,0.005,0.015,0.005,148.0,72.657,-50.908,597,231,366,38.693,91.698,0.985,-2.084,2934,406.73,174.82,114.77,-71.78,72.66,-36.7
SOL-USDT-SWAP,1H,6H,0.005,0.015,0.008,148.0,10591.578,7056.472,597,296,301,49.581,79.869,1.071,288.805,2934,6607.87,4364.78,6565.84,-0.64,10591.58,61.31
SOL-USDT-SWAP,1H,6H,0.005,0.015,0.01,148.0,17689.757,11852.538,597,311,286,52.094,83.972,1.098,485.097,2934,8664.33,5754.28,5994.18,-30.82,17689.76,195.12
SOL-USDT-SWAP,1H,6H,0.005,0.015,0.015,148.0,134953.124,91084.543,597,349,248,58.459,62.923,1.452,3727.88,2934,32222.4,21671.89,95813.37,197.35,134953.12,40.85
SOL-USDT-SWAP,1H,6H,0.005,0.015,0.02,148.0,208694.067,140909.505,597,370,227,61.977,75.129,1.716,5767.101,2934,61091.73,41178.2,163167.62,167.09,208694.07,27.9
SOL-USDT-SWAP,1H,6H,0.005,0.015,0.025,148.0,214097.829,144560.695,597,375,222,62.814,69.043,1.722,5916.536,2934,61497.73,41452.52,164459.32,167.42,214097.83,30.18
SOL-USDT-SWAP,1H,6H,0.005,0.015,0.03,148.0,266047.15,179661.588,597,384,213,64.322,37.229,1.948,7353.135,2934,78569.59,52987.56,216263.56,175.25,266047.15,23.02
SOL-USDT-SWAP,1H,6H,0.005,0.02,0.005,148.0,0.24,-99.838,597,187,410,31.323,99.893,0.762,-4.086,2934,47.76,-67.73,0.71,-98.51,0.24,-66.27
SOL-USDT-SWAP,1H,6H,0.005,0.02,0.008,148.0,2.951,-98.006,597,244,353,40.871,99.617,0.951,-4.011,2934,416.53,181.44,7.67,-98.16,2.95,-61.54
SOL-USDT-SWAP,1H,6H,0.005,0.02,0.01,148.0,1.325,-99.105,597,257,340,43.049,99.701,0.914,-4.056,2934,261.3,76.55,2.59,-99.01,1.32,-48.87
SOL-USDT-SWAP,1H,6H,0.005,0.02,0.015,148.0,146.169,-1.237,597,296,301,49.581,97.594,1.0,-0.051,2934,1596.6,978.79,88.46,-94.46,146.17,65.24
SOL-USDT-SWAP,1H,6H,0.005,0.02,0.02,148.0,1335.607,802.437,597,311,286,52.094,94.339,1.023,32.842,2934,1880.72,1170.76,779.49,-58.55,1335.61,71.34
SOL-USDT-SWAP,1H,6H,0.005,0.02,0.025,148.0,679.7,359.257,597,316,281,52.931,97.252,1.01,14.704,2934,1516.02,924.34,365.95,-75.86,679.7,85.74
SOL-USDT-SWAP,1H,6H,0.005,0.02,0.03,148.0,79455.527,53586.167,597,326,271,54.606,68.907,1.249,2193.158,2934,1591.74,975.5,50261.31,3057.64,79455.53,58.08
SOL-USDT-SWAP,1H,6H,0.005,0.03,0.005,148.0,0.0,-100.0,597,155,442,25.963,100.0,0.537,-4.093,2934,17.5,-88.17,0.01,-99.96,0.0,-95.23
SOL-USDT-SWAP,1H,6H,0.005,0.03,0.008,148.0,0.0,-100.0,597,205,392,34.338,100.0,0.797,-4.093,2934,83.28,-43.73,0.01,-99.99,0.0,-96.52
SOL-USDT-SWAP,1H,6H,0.005,0.03,0.01,148.0,0.0,-100.0,597,217,380,36.348,100.0,0.781,-4.093,2934,60.84,-58.89,0.0,-100.0,0.0,-96.64
SOL-USDT-SWAP,1H,6H,0.005,0.03,0.015,148.0,0.009,-99.994,597,256,341,42.881,99.999,0.953,-4.093,2934,440.41,197.57,0.1,-99.98,0.01,-91.46
SOL-USDT-SWAP,1H,6H,0.005,0.03,0.02,148.0,0.015,-99.99,597,266,331,44.556,99.997,0.954,-4.092,2934,307.39,107.69,0.12,-99.96,0.01,-87.5
SOL-USDT-SWAP,1H,6H,0.005,0.03,0.025,148.0,0.007,-99.995,597,271,326,45.394,99.999,0.971,-4.093,2934,531.19,258.91,0.05,-99.99,0.01,-86.45
SOL-USDT-SWAP,1H,6H,0.005,0.03,0.03,148.0,0.186,-99.874,597,281,316,47.069,99.996,0.992,-4.088,2934,475.54,221.31,1.34,-99.72,0.19,-86.17
SOL-USDT-SWAP,1H,6H,0.007,0.004,0.005,148.0,0.011,-99.992,514,301,213,58.56,99.992,0.283,-4.092,2934,9.46,-93.61,0.08,-99.19,0.01,-85.02
SOL-USDT-SWAP,1H,6H,0.007,0.004,0.008,148.0,0.083,-99.944,514,372,142,72.374,99.951,0.393,-4.09,2934,16.17,-89.08,0.47,-97.09,0.08,-82.33
SOL-USDT-SWAP,1H,6H,0.007,0.004,0.01,148.0,0.722,-99.512,514,408,106,79.377,99.608,0.467,-4.073,2934,21.44,-85.52,1.65,-92.29,0.72,-56.33
SOL-USDT-SWAP,1H,6H,0.007,0.004,0.015,148.0,26.984,-81.768,514,454,60,88.327,94.44,0.726,-3.347,2934,89.23,-39.71,25.32,-71.63,26.98,6.58
SOL-USDT-SWAP,1H,6H,0.007,0.004,0.02,148.0,386.311,161.021,514,476,38,92.607,83.13,1.216,6.59,2934,184.56,24.7,134.92,-26.89,386.31,186.33
SOL-USDT-SWAP,1H,6H,0.007,0.004,0.025,148.0,3587.951,2324.291,514,489,25,95.136,70.848,2.14,95.128,2934,387.52,161.84,598.74,54.51,3587.95,499.25
SOL-USDT-SWAP,1H,6H,0.007,0.004,0.03,148.0,34460.171,23183.9,514,499,15,97.082,63.159,6.444,948.864,2934,917.27,519.78,6418.17,599.71,34460.17,436.92
SOL-USDT-SWAP,1H,6H,0.007,0.006,0.005,148.0,1.378,-99.069,514,291,223,56.615,99.246,0.611,-4.055,2934,40.55,-72.6,2.79,-93.11,1.38,-50.67
SOL-USDT-SWAP,1H,6H,0.007,0.006,0.008,148.0,20.808,-85.941,514,358,156,69.65,91.281,0.848,-3.517,2934,76.01,-48.64,33.29,-56.21,20.81,-37.49
SOL-USDT-SWAP,1H,6H,0.007,0.006,0.01,148.0,345.387,133.37,514,393,121,76.459,80.932,1.088,5.459,2934,120.28,-18.73,201.2,67.27,345.39,71.66
SOL-USDT-SWAP,1H,6H,0.007,0.006,0.015,148.0,24676.598,16573.377,514,438,76,85.214,73.138,1.731,678.31,2934,586.84,296.51,5006.95,753.21,24676.6,392.85
SOL-USDT-SWAP,1H,6H,0.007,0.006,0.02,148.0,76607.136,51661.578,514,460,54,89.494,79.792,2.434,2114.389,2934,1709.95,1055.37,34927.23,1942.58,76607.14,119.33
SOL-USDT-SWAP,1H,6H,0.007,0.006,0.025,148.0,112401.871,75847.21,514,472,42,91.829,63.251,2.71,3104.251,2934,3880.44,2521.92,59771.97,1440.34,112401.87,88.05
SOL-USDT-SWAP,1H,6H,0.007,0.006,0.03,148.0,151510.739,102272.121,514,481,33,93.58,47.986,3.714,4185.762,2934,6337.81,4182.31,94230.84,1386.8,151510.74,60.79
SOL-USDT-SWAP,1H,6H,0.007,0.008,0.005,148.0,23.331,-84.235,514,272,242,52.918,89.309,0.836,-3.448,2934,70.24,-52.54,24.43,-65.22,23.33,-4.49
SOL-USDT-SWAP,1H,6H,0.007,0.008,0.008,148.0,571.303,286.015,514,335,179,65.175,81.499,1.083,11.706,2934,125.85,-14.97,434.25,245.06,571.3,31.56
SOL-USDT-SWAP,1H,6H,0.007,0.008,0.01,148.0,15717.241,10519.757,514,370,144,71.984,61.836,1.313,430.549,2934,317.27,114.37,4453.35,1303.64,15717.24,252.93
SOL-USDT-SWAP,1H,6H,0.007,0.008,0.015,148.0,89324.849,60254.628,514,412,102,80.156,74.939,2.144,2466.083,2934,1287.0,769.6,46880.61,3542.62,89324.85,90.54
SOL-USDT-SWAP,1H,6H,0.007,0.008,0.02,148.0,146562.635,98928.807,514,432,82,84.047,78.157,2.328,4048.928,2934,4825.04,3160.16,94362.77,1855.69,146562.63,55.32
SOL-USDT-SWAP,1H,6H,0.007,0.008,0.025,148.0,184832.39,124786.75,514,443,71,86.187,57.94,2.69,5107.234,2934,11056.07,7370.32,122282.53,1006.02,184832.39,51.15
SOL-USDT-SWAP,1H,6H,0.007,0.008,0.03,148.0,226668.332,153054.278,514,452,62,87.938,44.927,3.656,6264.159,2934,20581.35,13806.32,157030.63,662.98,226668.33,44.35
SOL-USDT-SWAP,1H,6H,0.007,0.01,0.005,148.0,145.946,-1.388,514,252,262,49.027,79.876,0.999,-0.057,2934,152.6,3.11,98.71,-35.32,145.95,47.85
SOL-USDT-SWAP,1H,6H,0.007,0.01,0.008,148.0,3192.762,2057.272,514,309,205,60.117,79.165,1.166,84.199,2934,238.18,60.93,1433.93,502.03,3192.76,122.66
SOL-USDT-SWAP,1H,6H,0.007,0.01,0.01,148.0,40322.883,27145.191,514,340,174,66.148,67.382,1.469,1110.99,2934,736.03,397.32,13136.36,1684.75,40322.88,206.96
SOL-USDT-SWAP,1H,6H,0.007,0.01,0.015,148.0,112764.478,76092.215,514,379,135,73.735,67.441,2.032,3114.279,2934,3385.41,2187.44,67858.86,1904.45,112764.48,66.18
SOL-USDT-SWAP,1H,6H,0.007,0.01,0.02,148.0,171103.061,115510.176,514,396,118,77.043,75.103,2.087,4727.565,2934,9644.88,6416.81,118243.54,1125.97,171103.06,44.7
SOL-USDT-SWAP,1H,6H,0.007,0.01,0.025,148.0,204600.835,138143.807,514,405,109,78.794,55.064,2.304,5653.908,2934,24959.55,16764.56,141241.31,465.88,204600.83,44.86
SOL-USDT-SWAP,1H,6H,0.007,0.01,0.03,148.0,242858.314,163993.455,514,413,101,80.35,41.751,2.768,6711.874,2934,35631.57,23975.39,172860.95,385.13,242858.31,40.49
SOL-USDT-SWAP,1H,6H,0.007,0.012,0.005,148.0,177.975,20.253,514,233,281,45.331,83.601,1.013,0.829,2934,232.56,57.14,109.64,-52.86,177.97,62.33
SOL-USDT-SWAP,1H,6H,0.007,0.012,0.008,148.0,2218.055,1398.686,514,284,230,55.253,79.487,1.156,57.245,2934,334.53,126.03,739.9,121.18,2218.06,199.78
SOL-USDT-SWAP,1H,6H,0.007,0.012,0.01,148.0,37219.907,25048.586,514,313,201,60.895,66.714,1.407,1025.181,2934,960.12,548.73,7307.74,661.13,37219.91,409.32
SOL-USDT-SWAP,1H,6H,0.007,0.012,0.015,148.0,125362.935,84604.686,514,353,161,68.677,68.599,1.882,3462.675,2934,5623.01,3699.33,74776.48,1229.83,125362.94,67.65
SOL-USDT-SWAP,1H,6H,0.007,0.012,0.02,148.0,189113.475,127679.375,514,369,145,71.79,77.443,2.022,5225.622,2934,17471.35,11704.96,131751.64,654.1,189113.47,43.54
SOL-USDT-SWAP,1H,6H,0.007,0.012,0.025,148.0,217555.567,146897.005,514,376,138,73.152,57.766,2.171,6012.156,2934,35600.13,23954.14,155979.4,338.14,217555.57,39.48
SOL-USDT-SWAP,1H,6H,0.007,0.012,0.03,148.0,251632.158,169921.729,514,383,131,74.514,38.455,2.474,6954.505,2934,46636.27,31410.99,183118.15,292.65,251632.16,37.42
SOL-USDT-SWAP,1H,6H,0.007,0.015,0.005,148.0,277.79,87.696,514,213,301,41.44,84.622,1.029,3.589,2934,590.08,298.7,154.77,-73.77,277.79,79.48
SOL-USDT-SWAP,1H,6H,0.007,0.015,0.008,148.0,1337.075,803.429,514,255,259,49.611,83.947,1.103,32.882,2934,841.65,468.68,432.06,-48.67,1337.07,209.46
SOL-USDT-SWAP,1H,6H,0.007,0.015,0.01,148.0,16075.719,10761.973,514,280,234,54.475,76.593,1.254,440.463,2934,2213.0,1395.27,2395.77,8.26,16075.72,571.01
SOL-USDT-SWAP,1H,6H,0.007,0.015,0.015,148.0,111561.431,75279.345,514,319,195,62.062,63.052,1.597,3081.01,2934,9149.1,6081.83,52451.37,473.3,111561.43,112.69
SOL-USDT-SWAP,1H,6H,0.007,0.015,0.02,148.0,183826.302,124106.961,514,335,179,65.175,74.88,1.847,5079.412,2934,18198.18,12196.07,117702.98,546.78,183826.3,56.18
SOL-USDT-SWAP,1H,6H,0.007,0.015,0.025,148.0,200637.089,135465.6,514,340,174,66.148,50.366,1.894,5544.295,2934,27565.18,18525.12,134896.1,389.37,200637.09,48.73
SOL-USDT-SWAP,1H,6H,0.007,0.015,0.03,148.0,230943.398,155942.837,514,346,168,67.315,35.872,2.058,6382.381,2934,38615.66,25991.66,164609.57,326.28,230943.4,40.3
SOL-USDT-SWAP,1H,6H,0.007,0.02,0.005,148.0,6.196,-95.813,514,178,336,34.63,98.666,0.942,-3.921,2934,381.4,157.7,22.36,-94.14,6.2,-72.28
SOL-USDT-SWAP,1H,6H,0.007,0.02,0.008,148.0,7.355,-95.031,514,213,301,41.44,98.343,0.949,-3.889,2934,371.91,151.29,25.04,-93.27,7.35,-70.62
SOL-USDT-SWAP,1H,6H,0.007,0.02,0.01,148.0,83.6,-43.513,514,238,276,46.304,96.16,0.994,-1.781,2934,1349.0,811.49,129.94,-90.37,83.6,-35.66
SOL-USDT-SWAP,1H,6H,0.007,0.02,0.015,148.0,3852.81,2503.25,514,271,243,52.724,80.449,1.041,102.452,2934,3636.06,2356.8,2543.35,-30.05,3852.81,51.49
SOL-USDT-SWAP,1H,6H,0.007,0.02,0.02,148.0,77097.699,51993.04,514,285,229,55.447,70.13,1.287,2127.955,2934,4691.92,3070.22,55224.46,1077.01,77097.7,39.61
SOL-USDT-SWAP,1H,6H,0.007,0.02,0.025,148.0,96464.83,65078.94,514,290,224,56.42,49.163,1.344,2663.531,2934,6849.78,4528.23,76694.81,1019.67,96464.83,25.78
SOL-USDT-SWAP,1H,6H,0.007,0.02,0.03,148.0,117624.759,79376.189,514,295,219,57.393,57.529,1.44,3248.684,2934,5859.71,3859.26,93512.67,1495.86,117624.76,25.78
SOL-USDT-SWAP,1H,6H,0.007,0.03,0.005,148.0,0.003,-99.998,514,144,370,28.016,99.998,0.612,-4.093,2934,30.98,-79.07,0.05,-99.82,0.0,-94.12
SOL-USDT-SWAP,1H,6H,0.007,0.03,0.008,148.0,0.001,-99.999,514,174,340,33.852,100.0,0.7,-4.093,2934,32.05,-78.34,0.01,-99.95,0.0,-94.86
SOL-USDT-SWAP,1H,6H,0.007,0.03,0.01,148.0,0.008,-99.995,514,199,315,38.716,99.996,0.834,-4.093,2934,87.8,-40.68,0.07,-99.91,0.01,-89.8
SOL-USDT-SWAP,1H,6H,0.007,0.03,0.015,148.0,0.191,-99.871,514,230,284,44.747,99.946,0.94,-4.087,2934,182.48,23.3,1.02,-99.44,0.19,-81.33
SOL-USDT-SWAP,1H,6H,0.007,0.03,0.02,148.0,0.472,-99.681,514,241,273,46.887,99.945,0.964,-4.08,2934,217.13,46.71,1.97,-99.09,0.47,-75.99
SOL-USDT-SWAP,1H,6H,0.007,0.03,0.025,148.0,0.73,-99.506,514,247,267,48.054,99.977,0.99,-4.073,2934,359.98,143.23,4.03,-98.88,0.73,-81.89
SOL-USDT-SWAP,1H,6H,0.007,0.03,0.03,148.0,4.125,-97.213,514,253,261,49.222,99.931,0.994,-3.979,2934,277.65,87.6,17.44,-93.72,4.12,-76.35
SOL-USDT-SWAP,1H,6H,0.01,0.004,0.005,148.0,0.022,-99.985,399,218,181,54.637,99.986,0.293,-4.092,2934,15.82,-89.31,0.21,-98.65,0.02,-89.48
SOL-USDT-SWAP,1H,6H,0.01,0.004,0.008,148.0,0.106,-99.929,399,277,122,69.424,99.938,0.334,-4.09,2934,12.95,-91.25,0.49,-96.21,0.11,-78.44
SOL-USDT-SWAP,1H,6H,0.01,0.004,0.01,148.0,0.529,-99.643,399,306,93,76.692,99.689,0.444,-4.078,2934,28.6,-80.68,1.81,-93.66,0.53,-70.85
SOL-USDT-SWAP,1H,6H,0.01,0.004,0.015,148.0,10.409,-92.967,399,346,53,86.717,97.99,0.609,-3.805,2934,49.09,-66.83,7.89,-83.92,10.41,31.91
SOL-USDT-SWAP,1H,6H,0.01,0.004,0.02,148.0,222.075,50.051,399,369,30,92.481,86.524,1.099,2.048,2934,202.48,36.81,68.01,-66.41,222.08,226.53
SOL-USDT-SWAP,1H,6H,0.01,0.004,0.025,148.0,5606.709,3688.317,399,384,15,96.241,60.304,4.228,150.954,2934,485.27,227.88,1004.09,106.91,5606.71,458.39
SOL-USDT-SWAP,1H,6H,0.01,0.004,0.03,148.0,8073.886,5355.329,399,387,12,96.992,72.16,5.815,219.181,2934,588.16,297.41,1445.93,145.84,8073.89,458.39
SOL-USDT-SWAP,1H,6H,0.01,0.006,0.005,148.0,0.804,-99.457,399,211,188,52.882,99.52,0.567,-4.071,2934,41.87,-71.71,3.43,-91.81,0.8,-76.56
SOL-USDT-SWAP,1H,6H,0.01,0.006,0.008,148.0,10.973,-92.586,399,270,129,67.669,97.218,0.706,-3.789,2934,51.87,-64.95,19.03,-63.31,10.97,-42.34
SOL-USDT-SWAP,1H,6H,0.01,0.006,0.01,148.0,91.217,-38.367,399,298,101,74.687,90.758,0.944,-1.57,2934,141.85,-4.15,97.53,-31.25,91.22,-6.47
SOL-USDT-SWAP,1H,6H,0.01,0.006,0.015,148.0,4330.732,2826.17,399,339,60,84.962,89.416,2.012,115.669,2934,295.65,99.77,797.17,169.63,4330.73,443.27
SOL-USDT-SWAP,1H,6H,0.01,0.006,0.02,148.0,45253.604,30476.76,399,361,38,90.476,79.017,3.932,1247.344,2934,1088.39,635.4,6840.74,528.52,45253.6,561.53
SOL-USDT-SWAP,1H,6H,0.01,0.006,0.025,148.0,98111.938,66191.85,399,376,23,94.236,55.214,4.669,2709.08,2934,2637.68,1682.21,48046.99,1721.56,98111.94,104.2
SOL-USDT-SWAP,1H,6H,0.01,0.006,0.03,148.0,103083.48,69551.0,399,379,20,94.987,66.28,5.775,2846.562,2934,3035.47,1951.0,53018.54,1646.63,103083.48,94.43
SOL-USDT-SWAP,1H,6H,0.01,0.008,0.005,148.0,17.207,-88.373,399,204,195,51.128,91.396,0.842,-3.617,2934,114.81,-22.42,49.38,-56.99,17.21,-65.16
SOL-USDT-SWAP,1H,6H,0.01,0.008,0.008,148.0,368.711,149.129,399,260,139,65.163,85.537,1.084,6.104,2934,183.82,24.2,420.64,128.83,368.71,-12.35
SOL-USDT-SWAP,1H,6H,0.01,0.008,0.01,148.0,3209.359,2068.486,399,286,113,71.679,80.717,1.231,84.658,2934,591.11,299.4,2500.45,323.01,3209.36,28.35
SOL-USDT-SWAP,1H,6H,0.01,0.008,0.015,148.0,58292.391,39286.75,399,324,75,81.203,78.169,2.281,1607.916,2934,1267.99,756.75,25489.39,1910.22,58292.39,128.69
SOL-USDT-SWAP,1H,6H,0.01,0.008,0.02,148.0,113264.631,76430.156,399,345,54,86.466,70.566,2.654,3128.11,2934,5436.19,3573.1,63731.86,1072.36,113264.63,77.72
SOL-USDT-SWAP,1H,6H,0.01,0.008,0.025,148.0,170434.24,115058.27,399,359,40,89.975,36.531,3.296,4709.07,2934,14217.48,9506.41,112501.47,691.29,170434.24,51.5
SOL-USDT-SWAP,1H,6H,0.01,0.008,0.03,148.0,178345.52,120403.73,399,362,37,90.727,32.0,3.385,4927.847,2934,18156.72,12168.05,120412.75,563.19,178345.52,48.11
SOL-USDT-SWAP,1H,6H,0.01,0.01,0.005,148.0,28.47,-80.763,399,183,216,45.865,87.418,0.875,-3.305,2934,121.19,-18.12,63.54,-47.57,28.47,-55.19
SOL-USDT-SWAP,1H,6H,0.01,0.01,0.008,148.0,1098.659,642.337,399,238,161,59.649,77.372,1.18,26.289,2934,269.13,81.84,779.64,189.69,1098.66,40.92
SOL-USDT-SWAP,1H,6H,0.01,0.01,0.01,148.0,7264.354,4808.347,399,260,139,65.163,73.078,1.275,196.795,2934,770.49,420.6,3915.89,408.23,7264.35,85.51
SOL-USDT-SWAP,1H,6H,0.01,0.01,0.015,148.0,79109.71,53352.507,399,295,104,73.935,70.638,2.024,2183.595,2934,2169.1,1365.61,47911.52,2108.82,79109.71,65.12
SOL-USDT-SWAP,1H,6H,0.01,0.01,0.02,148.0,130732.056,88232.47,399,314,85,78.697,63.288,2.018,3611.152,2934,10118.33,6736.71,88099.09,770.69,130732.06,48.39
SOL-USDT-SWAP,1H,6H,0.01,0.01,0.025,148.0,185698.252,125371.792,399,327,72,81.955,32.87,2.649,5131.178,2934,22253.2,14935.95,135094.47,507.08,185698.25,37.46
SOL-USDT-SWAP,1H,6H,0.01,0.01,0.03,148.0,198159.904,133791.827,399,330,69,82.707,32.0,2.818,5475.791,2934,27030.83,18164.07,144327.09,433.94,198159.9,37.3
SOL-USDT-SWAP,1H,6H,0.01,0.012,0.005,148.0,61.221,-58.635,399,169,230,42.356,85.686,0.938,-2.4,2934,141.72,-4.24,107.52,-24.14,61.22,-43.06
SOL-USDT-SWAP,1H,6H,0.01,0.012,0.008,148.0,2410.869,1528.965,399,221,178,55.388,88.609,1.21,62.577,2934,355.65,140.31,1388.44,290.39,2410.87,73.64
SOL-USDT-SWAP,1H,6H,0.01,0.012,0.01,148.0,21518.198,14439.323,399,243,156,60.902,79.503,1.394,590.968,2934,878.64,493.68,7454.52,748.42,21518.2,188.66
SOL-USDT-SWAP,1H,6H,0.01,0.012,0.015,148.0,111060.135,74940.632,399,280,119,70.175,71.347,2.141,3067.147,2934,4054.53,2639.55,72312.01,1683.49,111060.14,53.58
SOL-USDT-SWAP,1H,6H,0.01,0.012,0.02,148.0,167307.394,112945.536,399,296,103,74.185,41.794,2.047,4622.6,2934,22467.97,15081.06,118023.81,425.3,167307.39,41.76
SOL-USDT-SWAP,1H,6H,0.01,0.012,0.025,148.0,213464.776,144132.957,399,308,91,77.193,29.071,2.545,5899.03,2934,35126.63,23634.21,155610.37,343.0,213464.78,37.18
SOL-USDT-SWAP,1H,6H,0.01,0.012,0.03,148.0,228452.575,154259.848,399,311,88,77.945,32.0,2.721,6313.5,2934,40143.61,27024.06,167369.14,316.93,228452.58,36.5
SOL-USDT-SWAP,1H,6H,0.01,0.015,0.005,148.0,40.338,-72.745,399,152,247,38.095,89.687,0.922,-2.977,2934,146.54,-0.98,79.24,-45.92,40.34,-49.1
SOL-USDT-SWAP,1H,6H,0.01,0.015,0.008,148.0,375.618,153.796,399,193,206,48.371,92.741,1.051,6.295,2934,315.69,113.3,447.62,41.79,375.62,-16.08
SOL-USDT-SWAP,1H,6H,0.01,0.015,0.01,148.0,6800.609,4495.006,399,218,181,54.637,80.442,1.153,183.97,2934,912.73,516.71,6578.24,620.72,6800.61,3.38
SOL-USDT-SWAP,1H,6H,0.01,0.015,0.015,148.0,91630.923,61812.786,399,251,148,62.907,70.622,1.738,2529.855,2934,5578.73,3669.41,64725.99,1060.23,91630.92,41.57
SOL-USDT-SWAP,1H,6H,0.01,0.015,0.02,148.0,148500.082,100237.893,399,264,135,66.165,39.16,1.763,4102.506,2934,26644.08,17902.76,113683.68,326.68,148500.08,30.63
SOL-USDT-SWAP,1H,6H,0.01,0.015,0.025,148.0,200465.733,135349.82,399,276,123,69.173,27.3,2.157,5539.556,2934,40755.26,27437.34,160936.69,294.89,200465.73,24.56
SOL-USDT-SWAP,1H,6H,0.01,0.015,0.03,148.0,207805.359,140309.027,399,278,121,69.674,32.0,2.184,5742.525,2934,46269.07,31162.88,165797.29,258.33,207805.36,25.34
SOL-USDT-SWAP,1H,6H,0.01,0.02,0.005,148.0,2.047,-98.617,399,129,270,32.331,99.296,0.884,-4.036,2934,209.07,41.26,5.55,-97.35,2.05,-63.09
SOL-USDT-SWAP,1H,6H,0.01,0.02,0.008,148.0,11.448,-92.265,399,165,234,41.353,98.739,0.955,-3.776,2934,599.25,304.9,17.69,-97.05,11.45,-35.27
SOL-USDT-SWAP,1H,6H,0.01,0.02,0.01,148.0,154.837,4.62,399,188,211,47.118,95.775,1.001,0.189,2934,1330.96,799.3,167.85,-87.39,154.84,-7.75
SOL-USDT-SWAP,1H,6H,0.01,0.02,0.015,148.0,45130.922,30393.866,399,222,177,55.639,69.617,1.312,1243.951,2934,7323.84,4848.54,20092.71,174.35,45130.92,124.61
SOL-USDT-SWAP,1H,6H,0.01,0.02,0.02,148.0,88961.44,60009.081,399,231,168,57.895,46.643,1.386,2456.033,2934,12705.52,8484.81,60556.76,376.62,88961.44,46.91
SOL-USDT-SWAP,1H,6H,0.01,0.02,0.025,148.0,151066.686,101972.085,399,242,157,60.652,30.175,1.684,4173.482,2934,30822.6,20726.08,123299.82,300.03,151066.69,22.52
SOL-USDT-SWAP,1H,6H,0.01,0.02,0.03,148.0,156181.668,105428.154,399,244,155,61.153,33.828,1.686,4314.931,2934,34626.79,23296.48,126685.78,265.86,156181.67,23.28
SOL-USDT-SWAP,1H,6H,0.01,0.03,0.005,148.0,0.011,-99.993,399,103,296,25.815,99.996,0.712,-4.092,2934,36.74,-75.18,0.09,-99.75,0.01,-88.36
SOL-USDT-SWAP,1H,6H,0.01,0.03,0.008,148.0,0.053,-99.964,399,138,261,34.586,99.986,0.891,-4.091,2934,161.3,8.98,0.28,-99.83,0.05,-81.05
SOL-USDT-SWAP,1H,6H,0.01,0.03,0.01,148.0,1.472,-99.005,399,163,236,40.852,99.767,0.956,-4.052,2934,423.56,186.19,5.67,-98.66,1.47,-74.05
SOL-USDT-SWAP,1H,6H,0.01,0.03,0.015,148.0,6.992,-95.276,399,187,212,46.867,99.193,0.968,-3.899,2934,318.01,114.87,15.47,-95.14,6.99,-54.79
SOL-USDT-SWAP,1H,6H,0.01,0.03,0.02,148.0,9.972,-93.262,399,197,202,49.373,99.674,0.988,-3.817,2934,894.03,504.07,20.76,-97.68,9.97,-51.97
SOL-USDT-SWAP,1H,6H,0.01,0.03,0.025,148.0,559.449,278.006,399,208,191,52.13,97.345,1.005,11.378,2934,963.6,551.08,1141.76,18.49,559.45,-51.0
SOL-USDT-SWAP,1H,6H,0.01,0.03,0.03,148.0,784.539,430.094,399,210,189,52.632,96.394,1.006,17.603,2934,1164.77,687.01,1236.18,6.13,784.54,-36.54
SOL-USDT-SWAP,1H,12H,0.001,0.004,0.005,148.0,0.018,-99.988,437,245,192,56.064,99.988,0.221,-4.092,1468,9.2,-93.79,0.09,-99.0,0.02,-80.52
SOL-USDT-SWAP,1H,12H,0.001,0.004,0.008,148.0,0.079,-99.947,437,306,131,70.023,99.949,0.436,-4.091,1468,27.51,-81.41,0.12,-99.56,0.08,-34.45
SOL-USDT-SWAP,1H,12H,0.001,0.004,0.01,148.0,0.371,-99.749,437,336,101,76.888,99.764,0.581,-4.083,1468,59.99,-59.47,0.58,-99.03,0.37,-36.32
SOL-USDT-SWAP,1H,12H,0.001,0.004,0.015,148.0,17.127,-88.427,437,382,55,87.414,95.892,0.826,-3.619,1468,168.94,14.15,9.84,-94.17,17.13,74.04
SOL-USDT-SWAP,1H,12H,0.001,0.004,0.02,148.0,85.458,-42.258,437,399,38,91.304,94.278,0.947,-1.73,1468,265.35,79.29,27.6,-89.6,85.46,209.59
SOL-USDT-SWAP,1H,12H,0.001,0.004,0.025,148.0,493.098,233.174,437,410,27,93.822,90.285,1.153,9.543,1468,592.44,300.29,106.33,-82.05,493.1,363.72
SOL-USDT-SWAP,1H,12H,0.001,0.004,0.03,148.0,1354.536,815.227,437,416,21,95.195,77.733,1.409,33.365,1468,514.06,247.34,336.64,-34.51,1354.54,302.38
SOL-USDT-SWAP,1H,12H,0.001,0.006,0.005,148.0,0.618,-99.582,437,234,203,53.547,99.636,0.483,-4.076,1468,26.29,-82.24,1.25,-95.25,0.62,-50.45
SOL-USDT-SWAP,1H,12H,0.001,0.006,0.008,148.0,5.809,-96.075,437,294,143,67.277,98.893,0.766,-3.932,1468,100.29,-32.23,2.7,-97.31,5.81,114.93
SOL-USDT-SWAP,1H,12H,0.001,0.006,0.01,148.0,47.286,-68.05,437,325,112,74.371,95.319,0.928,-2.785,1468,253.89,71.55,19.33,-92.38,47.29,144.57
SOL-USDT-SWAP,1H,12H,0.001,0.006,0.015,148.0,5238.89,3439.79,437,372,65,85.126,85.137,1.302,140.783,1468,787.21,431.9,634.82,-19.36,5238.89,725.25
SOL-USDT-SWAP,1H,12H,0.001,0.006,0.02,148.0,36433.504,24517.232,437,390,47,89.245,74.827,2.002,1003.434,1468,2005.5,1255.07,3024.45,50.81,36433.5,1104.63
SOL-USDT-SWAP,1H,12H,0.001,0.006,0.025,148.0,61695.722,41586.299,437,400,37,91.533,77.874,2.093,1702.031,1468,4746.13,3106.84,9762.2,105.69,61695.72,531.99
SOL-USDT-SWAP,1H,12H,0.001,0.006,0.03,148.0,81687.263,55094.097,437,406,31,92.906,63.378,2.284,2254.874,1468,4118.24,2682.59,29904.66,626.15,81687.26,173.16
SOL-USDT-SWAP,1H,12H,0.001,0.008,0.005,148.0,4.763,-96.782,437,218,219,49.886,97.386,0.678,-3.961,1468,45.52,-69.24,6.46,-85.81,4.76,-26.26
SOL-USDT-SWAP,1H,12H,0.001,0.008,0.008,148.0,52.834,-64.302,437,274,163,62.7,97.211,0.93,-2.632,1468,187.59,26.75,12.84,-93.16,52.83,311.59
SOL-USDT-SWAP,1H,12H,0.001,0.008,0.01,148.0,418.361,182.676,437,303,134,69.336,87.765,1.046,7.477,1468,632.72,327.51,132.33,-79.09,418.36,216.14
SOL-USDT-SWAP,1H,12H,0.001,0.008,0.015,148.0,29944.694,20132.901,437,347,90,79.405,85.24,1.367,823.993,1468,1497.44,911.78,3464.29,131.35,29944.69,764.38
SOL-USDT-SWAP,1H,12H,0.001,0.008,0.02,148.0,63969.151,43122.4,437,364,73,83.295,78.539,1.527,1764.9,1468,5457.83,3587.72,19283.95,253.33,63969.15,231.72
SOL-USDT-SWAP,1H,12H,0.001,0.008,0.025,148.0,96928.076,65391.943,437,373,64,85.355,70.896,1.638,2676.341,1468,12795.81,8545.82,45014.44,251.79,96928.08,115.33
SOL-USDT-SWAP,1H,12H,0.001,0.008,0.03,148.0,109074.026,73598.666,437,378,59,86.499,65.606,1.755,3012.224,1468,11231.68,7488.97,57614.01,412.96,109074.03,89.32
SOL-USDT-SWAP,1H,12H,0.001,0.01,0.005,148.0,3.133,-97.883,437,191,246,43.707,98.334,0.664,-4.006,1468,41.51,-71.95,3.43,-91.73,3.13,-8.75
SOL-USDT-SWAP,1H,12H,0.001,0.01,0.008,148.0,56.166,-62.05,437,248,189,56.751,97.945,0.932,-2.54,1468,156.73,5.9,7.78,-95.03,56.17,621.75
SOL-USDT-SWAP,1H,12H,0.001,0.01,0.01,148.0,101.134,-31.666,437,269,168,61.556,95.569,0.977,-1.296,1468,232.35,56.99,19.23,-91.72,101.13,425.82
SOL-USDT-SWAP,1H,12H,0.001,0.01,0.015,148.0,5707.142,3756.177,437,312,125,71.396,83.734,1.209,153.732,1468,806.13,444.68,555.77,-31.06,5707.14,926.88
SOL-USDT-SWAP,1H,12H,0.001,0.01,0.02,148.0,26342.497,17698.984,437,328,109,75.057,91.402,1.307,724.379,1468,4242.32,2766.44,2063.31,-51.36,26342.5,1176.71
SOL-USDT-SWAP,1H,12H,0.001,0.01,0.025,148.0,47508.958,32000.647,437,336,101,76.888,91.797,1.384,1309.713,1468,8790.04,5839.22,3985.42,-54.66,47508.96,1092.07
SOL-USDT-SWAP,1H,12H,0.001,0.01,0.03,148.0,53839.258,36277.877,437,341,96,78.032,92.149,1.467,1484.77,1468,6661.13,4400.76,6157.12,-7.57,53839.26,774.42
SOL-USDT-SWAP,1H,12H,0.001,0.012,0.005,148.0,5.331,-96.398,437,177,260,40.503,96.865,0.769,-3.945,1468,65.24,-55.92,4.83,-92.59,5.33,10.33
SOL-USDT-SWAP,1H,12H,0.001,0.012,0.008,148.0,76.746,-48.144,437,230,207,52.632,98.698,0.971,-1.97,1468,314.26,112.33,6.89,-97.81,76.75,1014.51
SOL-USDT-SWAP,1H,12H,0.001,0.012,0.01,148.0,150.44,1.649,437,251,186,57.437,98.389,1.001,0.067,1468,495.81,235.0,14.29,-97.12,150.44,952.91
SOL-USDT-SWAP,1H,12H,0.001,0.012,0.015,148.0,4666.62,3053.122,437,290,147,66.362,90.524,1.144,124.957,1468,1403.57,848.36,357.96,-74.5,4666.62,1203.68
SOL-USDT-SWAP,1H,12H,0.001,0.012,0.02,148.0,27188.796,18270.808,437,307,130,70.252,94.181,1.215,747.782,1468,8000.78,5305.93,1679.05,-79.01,27188.8,1519.3
SOL-USDT-SWAP,1H,12H,0.001,0.012,0.025,148.0,26454.061,17774.366,437,313,124,71.625,95.933,1.189,727.464,1468,10134.32,6747.52,1415.19,-86.04,26454.06,1769.29
SOL-USDT-SWAP,1H,12H,0.001,0.012,0.03,148.0,40629.69,27352.494,437,318,119,72.769,96.032,1.234,1119.474,1468,10672.01,7110.82,2402.97,-77.48,40629.69,1590.81
SOL-USDT-SWAP,1H,12H,0.001,0.015,0.005,148.0,2.114,-98.571,437,154,283,35.24,98.91,0.769,-4.034,1468,68.19,-53.92,3.16,-95.36,2.11,-33.13
SOL-USDT-SWAP,1H,12H,0.001,0.015,0.008,148.0,14.599,-90.136,437,202,235,46.224,99.507,0.935,-3.689,1468,276.46,86.8,2.56,-99.07,14.6,470.54
SOL-USDT-SWAP,1H,12H,0.001,0.015,0.01,148.0,38.51,-73.98,437,224,213,51.259,99.408,0.973,-3.028,1468,575.4,288.79,6.52,-98.87,38.51,490.42
SOL-USDT-SWAP,1H,12H,0.001,0.015,0.015,148.0,56.009,-62.156,437,251,186,57.437,99.099,0.986,-2.544,1468,655.47,342.89,15.69,-97.61,56.01,257.0
SOL-USDT-SWAP,1H,12H,0.001,0.015,0.02,148.0,248.708,68.046,437,268,169,61.327,99.548,1.002,2.785,1468,6704.11,4429.8,78.46,-98.83,248.71,216.97
SOL-USDT-SWAP,1H,12H,0.001,0.015,0.025,148.0,84.459,-42.933,437,273,164,62.471,99.865,0.999,-1.757,1468,7340.32,4859.68,28.98,-99.61,84.46,191.46
SOL-USDT-SWAP,1H,12H,0.001,0.015,0.03,148.0,94.745,-35.983,437,279,158,63.844,99.931,0.999,-1.473,1468,6038.55,3980.1,26.39,-99.56,94.75,259.0
SOL-USDT-SWAP,1H,12H,0.001,0.02,0.005,148.0,0.806,-99.455,437,132,305,30.206,99.627,0.668,-4.07,1468,42.17,-71.51,0.9,-97.86,0.81,-10.49
SOL-USDT-SWAP,1H,12H,0.001,0.02,0.008,148.0,2.053,-98.613,437,174,263,39.817,99.841,0.879,-4.036,1468,154.24,4.21,0.41,-99.73,2.05,401.3
SOL-USDT-SWAP,1H,12H,0.001,0.02,0.01,148.0,1.912,-98.708,437,191,246,43.707,99.901,0.897,-4.04,1468,205.09,38.57,0.38,-99.81,1.91,403.3
SOL-USDT-SWAP,1H,12H,0.001,0.02,0.015,148.0,0.511,-99.655,437,214,223,48.97,99.963,0.942,-4.079,1468,268.82,81.64,0.28,-99.9,0.51,82.87
SOL-USDT-SWAP,1H,12H,0.001,0.02,0.02,148.0,0.821,-99.445,437,230,207,52.632,99.989,0.99,-4.07,1468,1867.27,1161.67,0.71,-99.96,0.82,15.81
SOL-USDT-SWAP,1H,12H,0.001,0.02,0.025,148.0,0.165,-99.889,437,235,202,53.776,99.997,0.991,-4.088,1468,1582.04,968.94,0.22,-99.99,0.17,-23.64
SOL-USDT-SWAP,1H,12H,0.001,0.02,0.03,148.0,0.116,-99.921,437,240,197,54.92,99.998,0.991,-4.09,1468,1184.55,700.37,0.15,-99.99,0.12,-23.21
SOL-USDT-SWAP,1H,12H,0.001,0.03,0.005,148.0,0.001,-99.999,437,96,341,21.968,100.0,0.407,-4.093,1468,5.75,-96.11,0.0,-99.94,0.0,-76.11
SOL-USDT-SWAP,1H,12H,0.001,0.03,0.008,148.0,0.001,-99.999,437,136,301,31.121,100.0,0.472,-4.093,1468,5.02,-96.61,0.0,-99.99,0.0,126.92
SOL-USDT-SWAP,1H,12H,0.001,0.03,0.01,148.0,0.0,-100.0,437,149,288,34.096,100.0,0.433,-4.093,1468,3.22,-97.83,0.0,-100.0,0.0,81.71
SOL-USDT-SWAP,1H,12H,0.001,0.03,0.015,148.0,0.0,-100.0,437,169,268,38.673,100.0,0.523,-4.093,1468,1.95,-98.69,0.0,-100.0,0.0,-57.35
SOL-USDT-SWAP,1H,12H,0.001,0.03,0.02,148.0,0.0,-100.0,437,184,253,42.105,100.0,0.791,-4.093,1468,8.77,-94.08,0.0,-100.0,0.0,-60.35
SOL-USDT-SWAP,1H,12H,0.001,0.03,0.025,148.0,0.0,-100.0,437,188,249,43.021,100.0,0.791,-4.093,1468,7.75,-94.77,0.0,-100.0,0.0,-77.11
SOL-USDT-SWAP,1H,12H,0.001,0.03,0.03,148.0,0.0,-100.0,437,192,245,43.936,100.0,0.753,-4.093,1468,5.59,-96.22,0.0,-100.0,0.0,-73.18
SOL-USDT-SWAP,1H,12H,0.002,0.004,0.005,148.0,0.013,-99.991,412,222,190,53.883,99.992,0.188,-4.092,1468,6.85,-95.37,0.06,-99.14,0.01,-78.4
SOL-USDT-SWAP,1H,12H,0.002,0.004,0.008,148.0,0.128,-99.913,412,290,122,70.388,99.918,0.489,-4.089,1468,35.14,-76.25,0.29,-99.18,0.13,-55.59
SOL-USDT-SWAP,1H,12H,0.002,0.004,0.01,148.0,0.217,-99.853,412,311,101,75.485,99.862,0.617,-4.087,1468,69.16,-53.27,0.5,-99.27,0.22,-56.77
SOL-USDT-SWAP,1H,12H,0.002,0.004,0.015,148.0,23.126,-84.375,412,361,51,87.621,95.958,0.875,-3.453,1468,228.65,54.49,16.89,-92.61,23.13,36.91
SOL-USDT-SWAP,1H,12H,0.002,0.004,0.02,148.0,118.874,-19.68,412,378,34,91.748,92.272,0.975,-0.805,1468,236.94,60.1,37.3,-84.26,118.87,218.7
SOL-USDT-SWAP,1H,12H,0.002,0.004,0.025,148.0,344.146,132.531,412,387,25,93.932,87.979,1.11,5.424,1468,434.24,193.4,94.27,-78.29,344.15,265.05
SOL-USDT-SWAP,1H,12H,0.002,0.004,0.03,148.0,2136.498,1343.58,412,395,17,95.874,64.496,1.509,54.99,1468,527.09,256.14,674.5,27.97,2136.5,216.75
SOL-USDT-SWAP,1H,12H,0.002,0.006,0.005,148.0,0.393,-99.735,412,215,197,52.184,99.78,0.421,-4.082,1468,16.96,-88.54,0.74,-95.61,0.39,-47.22
SOL-USDT-SWAP,1H,12H,0.002,0.006,0.008,148.0,6.726,-95.455,412,278,134,67.476,97.904,0.834,-3.907,1468,121.94,-17.61,6.08,-95.02,6.73,10.7
SOL-USDT-SWAP,1H,12H,0.002,0.006,0.01,148.0,16.492,-88.857,412,300,112,72.816,96.681,0.913,-3.637,1468,230.37,55.66,13.36,-94.2,16.49,23.4
SOL-USDT-SWAP,1H,12H,0.002,0.006,0.015,148.0,1485.812,903.927,412,346,66,83.981,84.57,1.155,36.996,1468,628.81,324.87,317.83,-49.46,1485.81,367.48
SOL-USDT-SWAP,1H,12H,0.002,0.006,0.02,148.0,15120.545,10116.585,412,363,49,88.107,70.066,1.768,414.048,1468,1050.84,610.03,1186.64,12.92,15120.55,1174.23
SOL-USDT-SWAP,1H,12H,0.002,0.006,0.025,148.0,30495.922,20505.353,412,371,41,90.049,81.734,1.983,839.237,1468,2352.93,1489.82,2641.07,12.25,30495.92,1054.68
SOL-USDT-SWAP,1H,12H,0.002,0.006,0.03,148.0,61071.148,41164.289,412,379,33,91.99,63.378,1.986,1684.759,1468,2912.23,1867.72,19361.79,564.84,61071.15,215.42
SOL-USDT-SWAP,1H,12H,0.002,0.008,0.005,148.0,4.507,-96.955,412,203,209,49.272,98.104,0.669,-3.968,1468,41.14,-72.2,4.46,-89.17,4.51,1.15
SOL-USDT-SWAP,1H,12H,0.002,0.008,0.008,148.0,190.37,28.628,412,266,146,64.563,92.406,1.012,1.172,1468,390.74,164.01,65.08,-83.34,190.37,192.52
SOL-USDT-SWAP,1H,12H,0.002,0.008,0.01,148.0,564.779,281.607,412,288,124,69.903,89.635,1.047,11.526,1468,803.23,442.73,167.9,-79.1,564.78,236.38
SOL-USDT-SWAP,1H,12H,0.002,0.008,0.015,148.0,46086.615,31039.605,412,331,81,80.34,77.606,1.417,1270.379,1468,3196.94,2060.09,9029.83,182.45,46086.62,410.38
SOL-USDT-SWAP,1H,12H,0.002,0.008,0.02,148.0,80708.537,54432.795,412,347,65,84.223,67.652,1.728,2227.809,1468,5469.57,3595.66,27775.86,407.83,80708.54,190.57
SOL-USDT-SWAP,1H,12H,0.002,0.008,0.025,148.0,112039.887,75602.627,412,355,57,86.165,55.436,1.863,3094.241,1468,12967.09,8661.55,54428.86,319.75,112039.89,105.85
SOL-USDT-SWAP,1H,12H,0.002,0.008,0.03,148.0,144601.288,97603.573,412,363,49,88.107,38.296,2.328,3994.689,1468,16542.74,11077.53,85794.74,418.62,144601.29,68.54
SOL-USDT-SWAP,1H,12H,0.002,0.01,0.005,148.0,6.741,-95.445,412,182,230,44.175,97.163,0.765,-3.906,1468,58.22,-60.66,8.15,-86.0,6.74,-17.28
SOL-USDT-SWAP,1H,12H,0.002,0.01,0.008,148.0,186.277,25.863,412,239,173,58.01,88.435,1.009,1.059,1468,360.32,143.46,83.45,-76.84,186.28,123.23
SOL-USDT-SWAP,1H,12H,0.002,0.01,0.01,148.0,178.146,20.369,412,255,157,61.893,92.194,1.005,0.834,1468,553.77,274.17,92.87,-83.23,178.15,91.83
SOL-USDT-SWAP,1H,12H,0.002,0.01,0.015,148.0,14175.137,9477.795,412,297,115,72.087,87.256,1.147,387.904,1468,2717.09,1735.87,3028.94,11.48,14175.14,367.99
SOL-USDT-SWAP,1H,12H,0.002,0.01,0.02,148.0,42532.356,28638.078,412,311,101,75.485,78.089,1.333,1172.091,1468,4311.63,2813.26,6895.61,59.93,42532.36,516.8
SOL-USDT-SWAP,1H,12H,0.002,0.01,0.025,148.0,61590.879,41515.459,412,317,95,76.942,80.367,1.338,1699.132,1468,8569.33,5690.09,21817.11,154.6,61590.88,182.31
SOL-USDT-SWAP,1H,12H,0.002,0.01,0.03,148.0,87876.574,59276.064,412,323,89,78.398,65.672,1.462,2426.033,1468,9748.13,6486.57,48761.11,400.21,87876.57,80.22
SOL-USDT-SWAP,1H,12H,0.002,0.012,0.005,148.0,5.666,-96.172,412,163,249,39.563,97.971,0.752,-3.936,1468,59.09,-60.07,4.77,-91.93,5.67,18.78
SOL-USDT-SWAP,1H,12H,0.002,0.012,0.008,148.0,120.182,-18.796,412,216,196,52.427,94.423,0.99,-0.769,1468,277.49,87.49,29.94,-89.21,120.18,301.47
SOL-USDT-SWAP,1H,12H,0.002,0.012,0.01,148.0,133.508,-9.792,412,233,179,56.553,96.622,0.996,-0.401,1468,411.28,177.89,29.95,-92.72,133.51,345.82
SOL-USDT-SWAP,1H,12H,0.002,0.012,0.015,148.0,7318.022,4844.61,412,272,140,66.019,90.972,1.145,198.279,1468,2377.88,1506.68,873.38,-63.27,7318.02,737.9
SOL-USDT-SWAP,1H,12H,0.002,0.012,0.02,148.0,29663.806,19943.112,412,286,126,69.417,90.101,1.293,816.226,1468,4668.61,3054.47,2325.75,-50.18,29663.81,1175.45
SOL-USDT-SWAP,1H,12H,0.002,0.012,0.025,148.0,38153.099,25679.121,412,292,120,70.874,93.583,1.25,1050.987,1468,8582.77,5699.17,3411.56,-60.25,38153.1,1018.35
SOL-USDT-SWAP,1H,12H,0.002,0.012,0.03,148.0,71054.539,47909.824,412,298,114,72.33,87.857,1.332,1960.839,1468,12430.65,8299.09,22461.32,80.69,71054.54,216.34
SOL-USDT-SWAP,1H,12H,0.002,0.015,0.005,148.0,1.352,-99.087,412,137,275,33.252,99.618,0.802,-4.055,1468,87.93,-40.59,1.47,-98.33,1.35,-7.9
SOL-USDT-SWAP,1H,12H,0.002,0.015,0.008,148.0,17.45,-88.21,412,186,226,45.146,99.436,0.958,-3.61,1468,380.54,157.12,4.46,-98.83,17.45,290.96
SOL-USDT-SWAP,1H,12H,0.002,0.015,0.01,148.0,13.032,-91.194,412,202,210,49.029,99.65,0.968,-3.732,1468,457.64,209.22,3.89,-99.15,13.03,235.28
SOL-USDT-SWAP,1H,12H,0.002,0.015,0.015,148.0,360.618,143.661,412,237,175,57.524,99.082,1.008,5.88,1468,2328.18,1473.1,65.45,-97.19,360.62,450.99
SOL-USDT-SWAP,1H,12H,0.002,0.015,0.02,148.0,1858.783,1155.935,412,251,161,60.922,98.801,1.03,47.31,1468,4826.97,3161.47,195.17,-95.96,1858.78,852.4
SOL-USDT-SWAP,1H,12H,0.002,0.015,0.025,148.0,369.375,149.578,412,255,157,61.893,99.718,1.004,6.122,1468,5069.53,3325.36,53.75,-98.94,369.38,587.16
SOL-USDT-SWAP,1H,12H,0.002,0.015,0.03,148.0,467.553,215.914,412,260,152,63.107,99.819,1.004,8.837,1468,5301.82,3482.31,79.12,-98.51,467.55,490.98
SOL-USDT-SWAP,1H,12H,0.002,0.02,0.005,148.0,1.993,-98.653,412,121,291,29.369,99.577,0.811,-4.038,1468,70.01,-52.7,1.66,-97.63,1.99,20.17
SOL-USDT-SWAP,1H,12H,0.002,0.02,0.008,148.0,6.679,-95.487,412,161,251,39.078,99.614,0.94,-3.908,1468,242.76,64.03,2.2,-99.09,6.68,203.13
SOL-USDT-SWAP,1H,12H,0.002,0.02,0.01,148.0,4.381,-97.04,412,176,236,42.718,99.829,0.961,-3.972,1468,388.11,162.23,1.7,-99.56,4.38,157.96
SOL-USDT-SWAP,1H,12H,0.002,0.02,0.015,148.0,14.585,-90.145,412,204,208,49.515,99.825,0.993,-3.689,1468,1623.39,996.89,9.95,-99.39,14.58,46.55
SOL-USDT-SWAP,1H,12H,0.002,0.02,0.02,148.0,34.981,-76.364,412,217,195,52.67,99.885,0.997,-3.125,1468,4381.03,2860.16,19.61,-99.55,34.98,78.43
SOL-USDT-SWAP,1H,12H,0.002,0.02,0.025,148.0,2.955,-98.004,412,220,192,53.398,99.983,0.996,-4.011,1468,2894.28,1855.59,2.9,-99.9,2.95,1.92
SOL-USDT-SWAP,1H,12H,0.002,0.02,0.03,148.0,2.248,-98.481,412,225,187,54.612,99.992,0.996,-4.031,1468,2552.78,1624.85,2.22,-99.91,2.25,1.44
SOL-USDT-SWAP,1H,12H,0.002,0.03,0.005,148.0,0.002,-99.998,412,87,325,21.117,99.999,0.466,-4.093,1468,7.68,-94.81,0.0,-99.94,0.0,-50.75
SOL-USDT-SWAP,1H,12H,0.002,0.03,0.008,148.0,0.005,-99.996,412,125,287,30.34,99.998,0.633,-4.093,1468,13.14,-91.12,0.0,-99.97,0.01,53.9
SOL-USDT-SWAP,1H,12H,0.002,0.03,0.01,148.0,0.001,-99.999,412,137,275,33.252,100.0,0.638,-4.093,1468,10.61,-92.83,0.0,-99.99,0.0,2.3
SOL-USDT-SWAP,1H,12H,0.002,0.03,0.015,148.0,0.0,-100.0,412,159,253,38.592,100.0,0.713,-4.093,1468,13.92,-90.6,0.0,-100.0,0.0,-64.25
SOL-USDT-SWAP,1H,12H,0.002,0.03,0.02,148.0,0.0,-100.0,412,172,240,41.748,100.0,0.89,-4.093,1468,36.41,-75.4,0.0,-100.0,0.0,-59.24
SOL-USDT-SWAP,1H,12H,0.002,0.03,0.025,148.0,0.0,-100.0,412,176,236,42.718,100.0,0.883,-4.093,1468,30.86,-79.15,0.0,-100.0,0.0,-82.16
SOL-USDT-SWAP,1H,12H,0.002,0.03,0.03,148.0,0.0,-100.0,412,180,232,43.689,100.0,0.858,-4.093,1468,21.98,-85.15,0.0,-100.0,0.0,-78.47
SOL-USDT-SWAP,1H,12H,0.003,0.004,0.005,148.0,0.014,-99.99,395,210,185,53.165,99.991,0.273,-4.092,1468,11.04,-92.54,0.05,-99.51,0.01,-73.51
SOL-USDT-SWAP,1H,12H,0.003,0.004,0.008,148.0,0.08,-99.946,395,272,123,68.861,99.949,0.48,-4.091,1468,36.9,-75.07,0.22,-99.41,0.08,-63.46
SOL-USDT-SWAP,1H,12H,0.003,0.004,0.01,148.0,0.427,-99.712,395,302,93,76.456,99.728,0.591,-4.081,1468,64.07,-56.71,0.96,-98.5,0.43,-55.55
SOL-USDT-SWAP,1H,12H,0.003,0.004,0.015,148.0,19.016,-87.151,395,346,49,87.595,97.722,0.863,-3.567,1468,263.18,77.83,8.92,-96.61,19.02,113.27
SOL-USDT-SWAP,1H,12H,0.003,0.004,0.02,148.0,82.447,-44.292,395,362,33,91.646,95.792,0.939,-1.813,1468,291.33,96.84,25.1,-91.39,82.45,228.51
SOL-USDT-SWAP,1H,12H,0.003,0.004,0.025,148.0,229.361,54.974,395,371,24,93.924,92.931,1.043,2.25,1468,570.63,285.56,60.96,-89.32,229.36,276.27
SOL-USDT-SWAP,1H,12H,0.003,0.004,0.03,148.0,729.306,392.774,395,377,18,95.443,77.353,1.241,16.075,1468,495.14,234.55,223.37,-54.89,729.31,226.49
SOL-USDT-SWAP,1H,12H,0.003,0.006,0.005,148.0,0.426,-99.712,395,203,192,51.392,99.745,0.532,-4.081,1468,27.14,-81.66,0.52,-98.09,0.43,-18.0
SOL-USDT-SWAP,1H,12H,0.003,0.006,0.008,148.0,4.467,-96.982,395,262,133,66.329,98.617,0.817,-3.969,1468,118.3,-20.07,3.74,-96.84,4.47,19.34
SOL-USDT-SWAP,1H,12H,0.003,0.006,0.01,148.0,21.245,-85.645,395,288,107,72.911,95.142,0.906,-3.505,1468,193.41,30.68,19.05,-90.15,21.25,11.55
SOL-USDT-SWAP,1H,12H,0.003,0.006,0.015,148.0,895.018,504.742,395,329,66,83.291,89.29,1.102,20.658,1468,841.0,468.24,161.25,-80.83,895.02,455.04
SOL-USDT-SWAP,1H,12H,0.003,0.006,0.02,148.0,5593.626,3679.477,395,345,50,87.342,77.775,1.561,150.593,1468,790.03,433.81,523.92,-33.68,5593.63,967.65
SOL-USDT-SWAP,1H,12H,0.003,0.006,0.025,148.0,10438.222,6952.853,395,353,42,89.367,80.72,1.522,284.564,1468,2048.28,1283.97,894.72,-56.32,10438.22,1066.64
SOL-USDT-SWAP,1H,12H,0.003,0.006,0.03,148.0,32312.795,21732.97,395,359,36,90.886,64.177,2.106,889.48,1468,1655.07,1018.29,3350.39,102.43,32312.8,864.45
SOL-USDT-SWAP,1H,12H,0.003,0.008,0.005,148.0,5.028,-96.603,395,193,202,48.861,98.314,0.745,-3.954,1468,56.65,-61.72,3.57,-93.71,5.03,41.02
SOL-USDT-SWAP,1H,12H,0.003,0.008,0.008,148.0,149.838,1.242,395,253,142,64.051,92.899,1.001,0.051,1468,414.26,179.91,58.58,-85.86,149.84,155.79
SOL-USDT-SWAP,1H,12H,0.003,0.008,0.01,148.0,679.829,359.344,395,277,118,70.127,81.381,1.082,14.707,1468,517.91,249.94,239.1,-53.83,679.83,184.33
SOL-USDT-SWAP,1H,12H,0.003,0.008,0.015,148.0,51994.423,35031.367,395,321,74,81.266,77.199,1.522,1433.753,1468,3237.53,2087.52,7753.27,139.48,51994.42,570.61
SOL-USDT-SWAP,1H,12H,0.003,0.008,0.02,148.0,77056.515,51965.213,395,335,60,84.81,70.889,1.871,2126.816,1468,3795.37,2464.44,21238.0,459.58,77056.52,262.82
SOL-USDT-SWAP,1H,12H,0.003,0.008,0.025,148.0,96740.45,65265.169,395,343,52,86.835,63.987,1.735,2671.153,1468,10619.69,7075.47,39721.93,274.04,96740.45,143.54
SOL-USDT-SWAP,1H,12H,0.003,0.008,0.03,148.0,118741.484,80130.732,395,349,46,88.354,44.298,2.008,3279.566,1468,8581.01,5697.98,61083.01,611.84,118741.48,94.39
SOL-USDT-SWAP,1H,12H,0.003,0.01,0.005,148.0,13.624,-90.795,395,177,218,44.81,97.432,0.823,-3.716,1468,81.28,-45.08,6.77,-91.68,13.62,101.35
SOL-USDT-SWAP,1H,12H,0.003,0.01,0.008,148.0,472.256,219.092,395,233,162,58.987,90.782,1.043,8.967,1468,780.43,427.31,160.93,-79.38,472.26,193.45
SOL-USDT-SWAP,1H,12H,0.003,0.01,0.01,148.0,1641.877,1009.376,395,256,139,64.81,84.961,1.103,41.311,1468,883.26,496.8,522.77,-40.81,1641.88,214.07
SOL-USDT-SWAP,1H,12H,0.003,0.01,0.015,148.0,62663.388,42240.127,395,295,100,74.684,67.429,1.375,1728.791,1468,7688.28,5094.78,18018.13,134.36,62663.39,247.78
SOL-USDT-SWAP,1H,12H,0.003,0.01,0.02,148.0,78438.509,52898.992,395,308,87,77.975,82.34,1.556,2165.034,1468,8106.22,5377.18,28164.18,247.44,78438.51,178.5
SOL-USDT-SWAP,1H,12H,0.003,0.01,0.025,148.0,106691.065,71988.557,395,316,79,80.0,46.49,1.562,2946.326,1468,29444.89,19795.19,57166.73,94.15,106691.06,86.63
SOL-USDT-SWAP,1H,12H,0.003,0.01,0.03,148.0,122329.629,82555.155,395,321,74,81.266,43.157,1.677,3378.792,1468,27780.33,18670.49,73122.07,163.22,122329.63,67.3
SOL-USDT-SWAP,1H,12H,0.003,0.012,0.005,148.0,10.108,-93.17,395,159,236,40.253,97.857,0.775,-3.813,1468,54.26,-63.34,3.88,-92.85,10.11,160.71
SOL-USDT-SWAP,1H,12H,0.003,0.012,0.008,148.0,80.225,-45.794,395,205,190,51.899,96.126,0.961,-1.874,1468,175.66,18.69,16.45,-90.63,80.22,387.61
SOL-USDT-SWAP,1H,12H,0.003,0.012,0.01,148.0,217.473,46.941,395,228,167,57.722,90.018,1.03,1.921,1468,186.19,25.8,43.26,-76.77,217.47,402.71
SOL-USDT-SWAP,1H,12H,0.003,0.012,0.015,148.0,24412.174,16394.712,395,269,126,68.101,89.567,1.246,670.998,1468,5085.62,3336.23,2026.71,-60.15,24412.17,1104.52
SOL-USDT-SWAP,1H,12H,0.003,0.012,0.02,148.0,43109.881,29028.298,395,280,115,70.886,86.293,1.49,1188.061,1468,4511.99,2948.64,2989.19,-33.75,43109.88,1342.19
SOL-USDT-SWAP,1H,12H,0.003,0.012,0.025,148.0,65000.212,43819.062,395,287,108,72.658,79.994,1.312,1793.413,1468,17673.65,11841.65,13348.34,-24.47,65000.21,386.95
SOL-USDT-SWAP,1H,12H,0.003,0.012,0.03,148.0,78566.162,52985.245,395,291,104,73.671,81.032,1.369,2168.564,1468,18716.45,12546.25,27016.89,44.35,78566.16,190.8
SOL-USDT-SWAP,1H,12H,0.003,0.015,0.005,148.0,2.348,-98.414,395,134,261,33.924,99.56,0.803,-4.028,1468,89.57,-39.48,0.96,-98.92,2.35,143.58
SOL-USDT-SWAP,1H,12H,0.003,0.015,0.008,148.0,16.868,-88.603,395,178,217,45.063,99.7,0.94,-3.626,1468,320.16,116.32,2.24,-99.3,16.87,653.64
SOL-USDT-SWAP,1H,12H,0.003,0.015,0.01,148.0,44.793,-69.735,395,200,195,50.633,99.227,0.963,-2.854,1468,342.93,131.71,7.33,-97.86,44.79,511.0
SOL-USDT-SWAP,1H,12H,0.003,0.015,0.015,148.0,3832.316,2489.403,395,238,157,60.253,98.644,1.041,101.886,1468,14454.44,9666.51,346.1,-97.61,3832.32,1007.27
SOL-USDT-SWAP,1H,12H,0.003,0.015,0.02,148.0,7005.036,4633.132,395,249,146,63.038,98.69,1.091,189.623,1468,12472.1,8327.09,410.48,-96.71,7005.04,1606.53
SOL-USDT-SWAP,1H,12H,0.003,0.015,0.025,148.0,14334.454,9585.442,395,255,140,64.557,97.662,1.071,392.31,1468,29872.22,20083.93,1308.17,-95.62,14334.45,995.76
SOL-USDT-SWAP,1H,12H,0.003,0.015,0.03,148.0,29286.853,19688.414,395,258,137,65.316,96.808,1.123,805.801,1468,29723.08,19983.16,2627.75,-91.16,29286.85,1014.52
SOL-USDT-SWAP,1H,12H,0.003,0.02,0.005,148.0,1.403,-99.052,395,115,280,29.114,99.85,0.793,-4.054,1468,52.49,-64.54,0.36,-99.31,1.4,285.73
SOL-USDT-SWAP,1H,12H,0.003,0.02,0.008,148.0,10.067,-93.198,395,155,240,39.241,99.827,0.93,-3.814,1468,223.13,50.76,1.05,-99.53,10.07,859.57
SOL-USDT-SWAP,1H,12H,0.003,0.02,0.01,148.0,7.822,-94.715,395,173,222,43.797,99.822,0.93,-3.876,1468,172.77,16.74,1.04,-99.4,7.82,653.61
SOL-USDT-SWAP,1H,12H,0.003,0.02,0.015,148.0,34.376,-76.773,395,204,191,51.646,99.888,0.995,-3.142,1468,2700.27,1724.5,7.91,-99.71,34.38,334.77
SOL-USDT-SWAP,1H,12H,0.003,0.02,0.02,148.0,18.736,-87.341,395,214,181,54.177,99.966,0.995,-3.575,1468,2689.8,1717.43,5.2,-99.81,18.74,260.64
SOL-USDT-SWAP,1H,12H,0.003,0.02,0.025,148.0,2.589,-98.25,395,218,177,55.19,99.991,0.996,-4.021,1468,3345.84,2160.71,1.49,-99.96,2.59,73.64
SOL-USDT-SWAP,1H,12H,0.003,0.02,0.03,148.0,1.827,-98.766,395,221,174,55.949,99.994,0.996,-4.042,1468,2665.32,1700.89,1.01,-99.96,1.83,81.39
SOL-USDT-SWAP,1H,12H,0.003,0.03,0.005,148.0,0.005,-99.997,395,85,310,21.519,99.999,0.551,-4.093,1468,16.61,-88.78,0.0,-99.97,0.01,22.69
SOL-USDT-SWAP,1H,12H,0.003,0.03,0.008,148.0,0.015,-99.99,395,122,273,30.886,99.997,0.76,-4.092,1468,43.24,-70.79,0.01,-99.99,0.01,171.64
SOL-USDT-SWAP,1H,12H,0.003,0.03,0.01,148.0,0.001,-99.999,395,135,260,34.177,100.0,0.699,-4.093,1468,23.31,-84.25,0.0,-100.0,0.0,32.72
SOL-USDT-SWAP,1H,12H,0.003,0.03,0.015,148.0,0.001,-100.0,395,164,231,41.519,100.0,0.88,-4.093,1468,95.2,-35.67,0.0,-100.0,0.0,-9.67
SOL-USDT-SWAP,1H,12H,0.003,0.03,0.02,148.0,0.0,-100.0,395,173,222,43.797,100.0,0.935,-4.093,1468,127.34,-13.96,0.0,-100.0,0.0,-43.13
SOL-USDT-SWAP,1H,12H,0.003,0.03,0.025,148.0,0.0,-100.0,395,177,218,44.81,100.0,0.925,-4.093,1468,119.85,-19.02,0.0,-100.0,0.0,-76.63
SOL-USDT-SWAP,1H,12H,0.003,0.03,0.03,148.0,0.0,-100.0,395,182,213,46.076,100.0,0.899,-4.093,1468,67.02,-54.71,0.0,-100.0,0.0,-72.38
SOL-USDT-SWAP,1H,12H,0.004,0.004,0.005,148.0,0.026,-99.983,375,201,174,53.6,99.983,0.37,-4.092,1468,20.14,-86.4,0.08,-99.59,0.03,-68.46
SOL-USDT-SWAP,1H,12H,0.004,0.004,0.008,148.0,0.138,-99.907,375,260,115,69.333,99.912,0.57,-4.089,1468,60.09,-59.4,0.52,-99.13,0.14,-73.47
SOL-USDT-SWAP,1H,12H,0.004,0.004,0.01,148.0,2.441,-98.351,375,297,78,79.2,98.415,0.647,-4.025,1468,86.9,-41.29,4.3,-95.05,2.44,-43.22
SOL-USDT-SWAP,1H,12H,0.004,0.004,0.015,148.0,18.648,-87.4,375,329,46,87.733,96.648,0.861,-3.577,1468,252.55,70.64,13.1,-94.81,18.65,42.36
SOL-USDT-SWAP,1H,12H,0.004,0.004,0.02,148.0,87.048,-41.184,375,345,30,92.0,92.907,0.946,-1.686,1468,365.58,147.01,42.24,-88.45,87.05,106.08
SOL-USDT-SWAP,1H,12H,0.004,0.004,0.025,148.0,361.536,144.281,375,355,20,94.667,80.966,1.103,5.905,1468,547.58,269.98,163.65,-70.11,361.54,120.92
SOL-USDT-SWAP,1H,12H,0.004,0.004,0.03,148.0,709.941,379.69,375,360,15,96.0,75.206,1.244,15.54,1468,475.14,221.04,265.06,-44.21,709.94,167.84
SOL-USDT-SWAP,1H,12H,0.004,0.006,0.005,148.0,0.661,-99.553,375,194,181,51.733,99.572,0.643,-4.074,1468,52.08,-64.81,0.76,-98.54,0.66,-12.86
SOL-USDT-SWAP,1H,12H,0.004,0.006,0.008,148.0,5.373,-96.37,375,248,127,66.133,98.437,0.873,-3.944,1468,221.73,49.82,8.46,-96.18,5.37,-36.52
SOL-USDT-SWAP,1H,12H,0.004,0.006,0.01,148.0,125.091,-15.479,375,283,92,75.467,83.921,0.99,-0.634,1468,374.61,153.11,95.88,-74.41,125.09,30.46
SOL-USDT-SWAP,1H,12H,0.004,0.006,0.015,148.0,1505.568,917.276,375,316,59,84.267,83.131,1.124,37.542,1468,1322.07,793.29,426.91,-67.71,1505.57,252.67
SOL-USDT-SWAP,1H,12H,0.004,0.006,0.02,148.0,6576.688,4343.708,375,332,43,88.533,80.064,1.479,177.778,1468,1515.56,924.03,1031.62,-31.93,6576.69,537.51
SOL-USDT-SWAP,1H,12H,0.004,0.006,0.025,148.0,25481.442,17117.191,375,341,34,90.933,64.476,1.738,700.567,1468,3149.67,2028.15,3396.49,7.84,25481.44,650.23
SOL-USDT-SWAP,1H,12H,0.004,0.006,0.03,148.0,32515.825,21870.152,375,345,30,92.0,70.615,1.8,895.095,1468,2732.98,1746.61,5495.31,101.07,32515.83,491.7
SOL-USDT-SWAP,1H,12H,0.004,0.008,0.005,148.0,7.872,-94.681,375,185,190,49.333,98.782,0.825,-3.875,1468,110.11,-25.6,4.24,-96.15,7.87,85.74
SOL-USDT-SWAP,1H,12H,0.004,0.008,0.008,148.0,119.363,-19.349,375,238,137,63.467,92.152,0.992,-0.792,1468,460.13,210.9,72.89,-84.16,119.36,63.76
SOL-USDT-SWAP,1H,12H,0.004,0.008,0.01,148.0,1314.581,788.231,375,265,110,70.667,79.362,1.132,32.26,1468,658.85,345.17,449.26,-31.81,1314.58,192.61
SOL-USDT-SWAP,1H,12H,0.004,0.008,0.015,148.0,27745.235,18646.78,375,300,75,80.0,79.14,1.473,763.17,1468,2680.94,1711.44,2627.4,-2.0,27745.23,956.0
SOL-USDT-SWAP,1H,12H,0.004,0.008,0.02,148.0,56416.086,38018.977,375,315,60,84.0,81.433,1.912,1556.029,1468,4558.59,2980.13,8475.73,85.93,56416.09,565.62
SOL-USDT-SWAP,1H,12H,0.004,0.008,0.025,148.0,84461.917,56968.863,375,323,52,86.133,68.479,1.749,2331.604,1468,9385.92,6241.84,29946.42,219.06,84461.92,182.04
SOL-USDT-SWAP,1H,12H,0.004,0.008,0.03,148.0,92317.21,62276.493,375,327,48,87.2,66.583,1.805,2548.833,1468,7584.09,5024.38,38611.06,409.11,92317.21,139.1
SOL-USDT-SWAP,1H,12H,0.004,0.01,0.005,148.0,32.047,-78.347,375,173,202,46.133,97.965,0.903,-3.207,1468,151.91,2.64,9.68,-93.63,32.05,231.15
SOL-USDT-SWAP,1H,12H,0.004,0.01,0.008,148.0,728.467,392.207,375,225,150,60.0,84.93,1.069,16.052,1468,637.93,331.04,238.18,-62.66,728.47,205.85
SOL-USDT-SWAP,1H,12H,0.004,0.01,0.01,148.0,6725.966,4444.571,375,249,126,66.4,83.639,1.24,181.906,1468,862.02,482.45,1294.95,50.22,6725.97,419.4
SOL-USDT-SWAP,1H,12H,0.004,0.01,0.015,148.0,59905.198,40376.485,375,282,93,75.2,65.925,1.467,1652.516,1468,4788.66,3135.58,14368.9,200.06,59905.2,316.91
SOL-USDT-SWAP,1H,12H,0.004,0.01,0.02,148.0,90613.312,61125.211,375,298,77,79.467,75.972,1.819,2501.714,1468,7217.9,4776.96,30410.7,321.32,90613.31,197.97
SOL-USDT-SWAP,1H,12H,0.004,0.01,0.025,148.0,134710.081,90920.325,375,307,68,81.867,29.122,1.866,3721.159,1468,20820.46,13967.88,70717.77,239.66,134710.08,90.49
SOL-USDT-SWAP,1H,12H,0.004,0.01,0.03,148.0,143596.218,96924.471,375,311,64,82.933,33.664,1.944,3966.895,1468,20031.68,13434.92,81163.26,305.17,143596.22,76.92
SOL-USDT-SWAP,1H,12H,0.004,0.012,0.005,148.0,39.16,-73.54,375,158,217,42.133,97.471,0.915,-3.01,1468,148.55,0.37,10.65,-92.83,39.16,267.77
SOL-USDT-SWAP,1H,12H,0.004,0.012,0.008,148.0,170.501,15.203,375,200,175,53.333,91.034,1.006,0.622,1468,304.62,105.83,74.62,-75.5,170.5,128.49
SOL-USDT-SWAP,1H,12H,0.004,0.012,0.01,148.0,1401.554,846.996,375,224,151,59.733,85.258,1.13,34.666,1468,416.72,181.57,368.82,-11.5,1401.55,280.01
SOL-USDT-SWAP,1H,12H,0.004,0.012,0.015,148.0,33761.421,22711.771,375,257,118,68.533,82.749,1.286,929.54,1468,3862.31,2509.67,4462.07,15.53,33761.42,656.63
SOL-USDT-SWAP,1H,12H,0.004,0.012,0.02,148.0,47908.213,32270.414,375,270,105,72.0,82.284,1.496,1320.754,1468,4704.82,3078.93,5377.47,14.3,47908.21,790.91
SOL-USDT-SWAP,1H,12H,0.004,0.012,0.025,148.0,78495.067,52937.208,375,278,97,74.133,78.543,1.424,2166.598,1468,11596.14,7735.23,26626.66,129.62,78495.07,194.8
SOL-USDT-SWAP,1H,12H,0.004,0.012,0.03,148.0,84804.457,57200.309,375,281,94,74.933,79.851,1.441,2341.077,1468,11289.74,7528.2,32697.18,189.62,84804.46,159.36
SOL-USDT-SWAP,1H,12H,0.004,0.015,0.005,148.0,20.386,-86.225,375,137,238,36.533,99.119,0.905,-3.529,1468,165.53,11.85,3.49,-97.89,20.39,484.95
SOL-USDT-SWAP,1H,12H,0.004,0.015,0.008,148.0,38.81,-73.777,375,174,201,46.4,98.823,0.962,-3.02,1468,305.71,106.56,9.84,-96.78,38.81,294.59
SOL-USDT-SWAP,1H,12H,0.004,0.015,0.01,148.0,247.612,67.305,375,197,178,52.533,96.034,1.029,2.755,1468,258.69,74.79,37.49,-85.51,247.61,560.52
SOL-USDT-SWAP,1H,12H,0.004,0.015,0.015,148.0,5789.613,3811.901,375,230,145,61.333,93.048,1.091,156.012,1468,5400.91,3549.26,780.2,-85.55,5789.61,642.07
SOL-USDT-SWAP,1H,12H,0.004,0.015,0.02,148.0,6978.234,4615.023,375,241,134,64.267,96.487,1.127,188.882,1468,6128.65,4040.98,565.11,-90.78,6978.23,1134.84
SOL-USDT-SWAP,1H,12H,0.004,0.015,0.025,148.0,5000.365,3278.625,375,246,129,65.6,98.263,1.055,134.187,1468,9623.83,6402.59,450.89,-95.31,5000.37,1009.0
SOL-USDT-SWAP,1H,12H,0.004,0.015,0.03,148.0,6744.442,4457.056,375,249,126,66.4,98.4,1.054,182.417,1468,12507.72,8351.16,710.66,-94.32,6744.44,849.04
SOL-USDT-SWAP,1H,12H,0.004,0.02,0.005,148.0,2.35,-98.412,375,111,264,29.6,99.731,0.833,-4.028,1468,91.54,-38.15,0.63,-99.31,2.35,274.81
SOL-USDT-SWAP,1H,12H,0.004,0.02,0.008,148.0,1.878,-98.731,375,143,232,38.133,99.792,0.889,-4.041,1468,119.68,-19.13,0.84,-99.3,1.88,123.91
SOL-USDT-SWAP,1H,12H,0.004,0.02,0.01,148.0,4.736,-96.8,375,163,212,43.467,99.751,0.926,-3.962,1468,155.95,5.37,1.9,-98.78,4.74,149.66
SOL-USDT-SWAP,1H,12H,0.004,0.02,0.015,148.0,9.919,-93.298,375,190,185,50.667,99.855,0.992,-3.818,1468,1830.55,1136.86,7.48,-99.59,9.92,32.66
SOL-USDT-SWAP,1H,12H,0.004,0.02,0.02,148.0,6.485,-95.619,375,201,174,53.6,99.966,0.992,-3.913,1468,1829.74,1136.31,3.91,-99.79,6.48,65.69
SOL-USDT-SWAP,1H,12H,0.004,0.02,0.025,148.0,1.854,-98.747,375,205,170,54.667,99.988,0.994,-4.042,1468,1825.75,1133.61,1.44,-99.92,1.85,28.43
SOL-USDT-SWAP,1H,12H,0.004,0.02,0.03,148.0,1.079,-99.271,375,208,167,55.467,99.995,0.994,-4.063,1468,1683.25,1037.33,0.62,-99.96,1.08,74.1
SOL-USDT-SWAP,1H,12H,0.004,0.03,0.005,148.0,0.097,-99.935,375,90,285,24.0,99.968,0.661,-4.09,1468,36.8,-75.14,0.05,-99.86,0.1,87.16
SOL-USDT-SWAP,1H,12H,0.004,0.03,0.008,148.0,0.009,-99.994,375,115,260,30.667,99.995,0.702,-4.093,1468,32.38,-78.12,0.01,-99.97,0.01,-14.83
SOL-USDT-SWAP,1H,12H,0.004,0.03,0.01,148.0,0.003,-99.998,375,130,245,34.667,99.999,0.718,-4.093,1468,25.13,-83.02,0.0,-99.98,0.0,-47.07
SOL-USDT-SWAP,1H,12H,0.004,0.03,0.015,148.0,0.002,-99.999,375,158,217,42.133,100.0,0.937,-4.093,1468,187.49,26.68,0.01,-100.0,0.0,-66.15
SOL-USDT-SWAP,1H,12H,0.004,0.03,0.02,148.0,0.0,-100.0,375,166,209,44.267,100.0,0.927,-4.093,1468,171.52,15.89,0.0,-100.0,0.0,-78.3
SOL-USDT-SWAP,1H,12H,0.004,0.03,0.025,148.0,0.0,-100.0,375,169,206,45.067,100.0,0.915,-4.093,1468,105.89,-28.45,0.0,-100.0,0.0,-86.4
SOL-USDT-SWAP,1H,12H,0.004,0.03,0.03,148.0,0.0,-100.0,375,174,201,46.4,100.0,0.889,-4.093,1468,63.67,-56.98,0.0,-100.0,0.0,-80.08
SOL-USDT-SWAP,1H,12H,0.005,0.004,0.005,148.0,0.049,-99.967,354,191,163,53.955,99.968,0.403,-4.091,1468,37.55,-74.63,0.23,-99.38,0.05,-78.77
SOL-USDT-SWAP,1H,12H,0.005,0.004,0.008,148.0,0.266,-99.82,354,247,107,69.774,99.827,0.558,-4.085,1468,77.9,-47.37,1.0,-98.71,0.27,-73.46
SOL-USDT-SWAP,1H,12H,0.005,0.004,0.01,148.0,2.584,-98.254,354,278,76,78.531,98.533,0.682,-4.021,1468,120.51,-18.57,4.42,-96.33,2.58,-41.56
SOL-USDT-SWAP,1H,12H,0.005,0.004,0.015,148.0,7.19,-95.142,354,304,50,85.876,98.398,0.772,-3.894,1468,183.02,23.66,4.63,-97.47,7.19,55.35
SOL-USDT-SWAP,1H,12H,0.005,0.004,0.02,148.0,19.794,-86.626,354,318,36,89.831,97.995,0.847,-3.545,1468,324.62,119.34,10.82,-96.67,19.79,82.99
SOL-USDT-SWAP,1H,12H,0.005,0.004,0.025,148.0,358.821,142.447,354,333,21,94.068,83.19,1.126,5.83,1468,486.23,228.54,130.91,-73.08,358.82,174.1
SOL-USDT-SWAP,1H,12H,0.005,0.004,0.03,148.0,296.166,100.112,354,335,19,94.633,85.094,1.092,4.097,1468,421.91,185.07,124.53,-70.48,296.17,137.83
SOL-USDT-SWAP,1H,12H,0.005,0.006,0.005,148.0,0.993,-99.329,354,184,170,51.977,99.468,0.695,-4.065,1468,93.53,-36.8,1.78,-98.1,0.99,-44.11
SOL-USDT-SWAP,1H,12H,0.005,0.006,0.008,148.0,11.554,-92.193,354,239,115,67.514,97.684,0.875,-3.773,1468,243.13,64.28,15.48,-93.63,11.55,-25.38
SOL-USDT-SWAP,1H,12H,0.005,0.006,0.01,148.0,192.232,29.886,354,270,84,76.271,84.444,1.017,1.223,1468,434.22,193.39,100.47,-76.86,192.23,91.33
SOL-USDT-SWAP,1H,12H,0.005,0.006,0.015,148.0,660.719,346.432,354,296,58,83.616,88.182,1.12,14.179,1468,698.69,372.09,115.67,-83.45,660.72,471.23
SOL-USDT-SWAP,1H,12H,0.005,0.006,0.02,148.0,1740.954,1076.32,354,310,44,87.571,89.672,1.258,44.051,1468,1258.44,750.3,265.93,-78.87,1740.95,554.67
SOL-USDT-SWAP,1H,12H,0.005,0.006,0.025,148.0,16098.381,10777.285,354,322,32,90.96,68.632,1.882,441.089,1468,1833.5,1138.85,1484.88,-19.01,16098.38,984.16
SOL-USDT-SWAP,1H,12H,0.005,0.006,0.03,148.0,12830.508,8569.262,354,324,30,91.525,74.729,1.714,350.72,1468,1481.52,901.03,1409.83,-4.84,12830.51,810.07
SOL-USDT-SWAP,1H,12H,0.005,0.008,0.005,148.0,9.813,-93.37,354,176,178,49.718,97.986,0.857,-3.821,1468,196.59,32.83,8.12,-95.87,9.81,20.77
SOL-USDT-SWAP,1H,12H,0.005,0.008,0.008,148.0,61.752,-58.276,354,222,132,62.712,95.653,0.97,-2.385,1468,538.82,264.06,59.91,-88.88,61.75,3.08
SOL-USDT-SWAP,1H,12H,0.005,0.008,0.01,148.0,834.959,464.162,354,249,105,70.339,82.205,1.081,18.997,1468,1008.25,581.25,319.3,-68.33,834.96,161.49
SOL-USDT-SWAP,1H,12H,0.005,0.008,0.015,148.0,2960.501,1900.339,354,274,80,77.401,85.376,1.202,77.776,1468,1656.44,1019.22,409.15,-75.3,2960.5,623.58
SOL-USDT-SWAP,1H,12H,0.005,0.008,0.02,148.0,6874.699,4545.067,354,288,66,81.356,88.746,1.39,186.019,1468,2481.62,1576.77,707.31,-71.5,6874.7,871.95
SOL-USDT-SWAP,1H,12H,0.005,0.008,0.025,148.0,36466.123,24539.272,354,298,56,84.181,77.445,1.678,1004.336,1468,5426.14,3566.31,3675.02,-32.27,36466.12,892.27
SOL-USDT-SWAP,1H,12H,0.005,0.008,0.03,148.0,31043.596,20875.403,354,300,54,84.746,81.019,1.669,854.382,1468,4384.48,2862.48,2927.14,-33.24,31043.6,960.54
SOL-USDT-SWAP,1H,12H,0.005,0.01,0.005,148.0,53.006,-64.185,354,167,187,47.175,95.768,0.955,-2.627,1468,379.91,156.7,32.57,-91.43,53.01,62.75
SOL-USDT-SWAP,1H,12H,0.005,0.01,0.008,148.0,390.589,163.911,354,211,143,59.605,89.728,1.035,6.709,1468,871.29,488.71,231.7,-73.41,390.59,68.58
SOL-USDT-SWAP,1H,12H,0.005,0.01,0.01,148.0,7698.233,5101.509,354,237,117,66.949,81.787,1.195,208.793,1468,1666.57,1026.06,2176.33,30.59,7698.23,253.73
SOL-USDT-SWAP,1H,12H,0.005,0.01,0.015,148.0,38445.323,25876.57,354,265,89,74.859,79.552,1.488,1059.068,1468,3442.23,2225.83,4049.7,17.65,38445.32,849.34
SOL-USDT-SWAP,1H,12H,0.005,0.01,0.02,148.0,54657.944,36831.043,354,278,76,78.531,86.99,1.648,1507.41,1468,6397.84,4222.86,7689.82,20.19,54657.94,610.78
SOL-USDT-SWAP,1H,12H,0.005,0.01,0.025,148.0,109243.354,73713.077,354,288,66,81.356,54.868,1.687,3016.906,1468,14880.25,9954.22,53210.48,257.59,109243.35,105.3
SOL-USDT-SWAP,1H,12H,0.005,0.01,0.03,148.0,99308.207,67000.14,354,290,64,81.921,69.142,1.619,2742.161,1468,10741.67,7157.88,45525.33,323.82,99308.21,118.14
SOL-USDT-SWAP,1H,12H,0.005,0.012,0.005,148.0,193.883,31.002,354,160,194,45.198,90.861,1.015,1.269,1468,401.39,171.21,72.46,-81.95,193.88,167.58
SOL-USDT-SWAP,1H,12H,0.005,0.012,0.008,148.0,914.149,517.668,354,200,154,56.497,85.869,1.082,21.187,1468,887.35,499.56,367.56,-58.58,914.15,148.71
SOL-USDT-SWAP,1H,12H,0.005,0.012,0.01,148.0,15638.343,10466.448,354,224,130,63.277,84.299,1.227,428.368,1468,1731.4,1069.86,3398.91,96.31,15638.34,360.1
SOL-USDT-SWAP,1H,12H,0.005,0.012,0.015,148.0,49073.939,33058.067,354,250,104,70.621,77.636,1.4,1352.99,1468,5292.05,3475.71,7906.03,49.39,49073.94,520.72
SOL-USDT-SWAP,1H,12H,0.005,0.012,0.02,148.0,53328.733,35932.928,354,262,92,74.011,86.902,1.458,1470.652,1468,9174.37,6098.9,7388.46,-19.47,53328.73,621.78
SOL-USDT-SWAP,1H,12H,0.005,0.012,0.025,148.0,106855.0,72099.324,354,271,83,76.554,53.842,1.543,2950.859,1468,20070.79,13461.34,52655.81,162.35,106855.0,102.93
SOL-USDT-SWAP,1H,12H,0.005,0.012,0.03,148.0,108134.127,72963.599,354,273,81,77.119,51.904,1.536,2986.232,1468,20841.22,13981.9,54236.27,160.24,108134.13,99.38
SOL-USDT-SWAP,1H,12H,0.005,0.015,0.005,148.0,24.838,-83.217,354,132,222,37.288,98.133,0.901,-3.406,1468,148.17,0.11,7.61,-94.86,24.84,226.37
SOL-USDT-SWAP,1H,12H,0.005,0.015,0.008,148.0,34.89,-76.426,354,167,187,47.175,98.174,0.925,-3.128,1468,134.56,-9.08,9.25,-93.12,34.89,277.06
SOL-USDT-SWAP,1H,12H,0.005,0.015,0.01,148.0,212.291,43.44,354,186,168,52.542,93.864,1.02,1.778,1468,186.17,25.79,47.87,-74.29,212.29,343.46
SOL-USDT-SWAP,1H,12H,0.005,0.015,0.015,148.0,1679.503,1034.799,354,215,139,60.734,93.391,1.067,42.352,1468,2083.53,1307.79,287.93,-86.18,1679.5,483.3
SOL-USDT-SWAP,1H,12H,0.005,0.015,0.02,148.0,1694.84,1045.162,354,226,128,63.842,98.582,1.059,42.776,1468,2886.61,1850.41,203.4,-92.95,1694.84,733.25
SOL-USDT-SWAP,1H,12H,0.005,0.015,0.025,148.0,5331.34,3502.256,354,234,120,66.102,97.64,1.089,143.339,1468,4781.19,3130.53,599.33,-87.46,5331.34,789.55
SOL-USDT-SWAP,1H,12H,0.005,0.015,0.03,148.0,1853.273,1152.211,354,235,119,66.384,99.514,1.031,47.157,1468,5255.9,3451.29,255.95,-95.13,1853.27,624.08
SOL-USDT-SWAP,1H,12H,0.005,0.02,0.005,148.0,0.937,-99.367,354,103,251,29.096,99.825,0.85,-4.067,1468,141.76,-4.21,0.62,-99.57,0.94,52.31
SOL-USDT-SWAP,1H,12H,0.005,0.02,0.008,148.0,1.161,-99.216,354,137,217,38.701,99.902,0.907,-4.061,1468,177.51,19.94,0.71,-99.6,1.16,62.38
SOL-USDT-SWAP,1H,12H,0.005,0.02,0.01,148.0,1.12,-99.243,354,149,205,42.09,99.907,0.93,-4.062,1468,199.68,34.92,1.1,-99.45,1.12,2.2
SOL-USDT-SWAP,1H,12H,0.005,0.02,0.015,148.0,1.608,-98.914,354,175,179,49.435,99.978,0.988,-4.048,1468,1699.19,1048.1,2.18,-99.87,1.61,-26.38
SOL-USDT-SWAP,1H,12H,0.005,0.02,0.02,148.0,0.481,-99.675,354,184,170,51.977,99.998,0.993,-4.079,1468,2639.9,1683.72,0.66,-99.97,0.48,-27.24
SOL-USDT-SWAP,1H,12H,0.005,0.02,0.025,148.0,0.328,-99.779,354,190,164,53.672,99.998,0.994,-4.084,1468,2010.73,1258.6,0.48,-99.98,0.33,-32.2
SOL-USDT-SWAP,1H,12H,0.005,0.02,0.03,148.0,0.168,-99.886,354,192,162,54.237,100.0,0.995,-4.088,1468,2625.46,1673.96,0.19,-99.99,0.17,-10.79
SOL-USDT-SWAP,1H,12H,0.005,0.03,0.005,148.0,0.166,-99.888,354,86,268,24.294,99.925,0.684,-4.088,1468,40.52,-72.62,0.14,-99.66,0.17,20.33
SOL-USDT-SWAP,1H,12H,0.005,0.03,0.008,148.0,0.007,-99.995,354,110,244,31.073,99.996,0.663,-4.093,1468,22.64,-84.7,0.01,-99.96,0.01,-29.95
SOL-USDT-SWAP,1H,12H,0.005,0.03,0.01,148.0,0.005,-99.997,354,121,233,34.181,99.998,0.723,-4.093,1468,24.22,-83.63,0.01,-99.95,0.0,-60.61
SOL-USDT-SWAP,1H,12H,0.005,0.03,0.015,148.0,0.003,-99.998,354,148,206,41.808,100.0,0.928,-4.093,1468,164.32,11.03,0.01,-99.99,0.0,-70.74
SOL-USDT-SWAP,1H,12H,0.005,0.03,0.02,148.0,0.0,-100.0,354,153,201,43.22,100.0,0.912,-4.093,1468,85.03,-42.55,0.0,-100.0,0.0,-84.2
SOL-USDT-SWAP,1H,12H,0.005,0.03,0.025,148.0,0.0,-100.0,354,158,196,44.633,100.0,0.884,-4.093,1468,42.36,-71.38,0.0,-100.0,0.0,-88.72
SOL-USDT-SWAP,1H,12H,0.005,0.03,0.03,148.0,0.0,-100.0,354,161,193,45.48,100.0,0.868,-4.093,1468,31.28,-78.86,0.0,-100.0,0.0,-83.55
SOL-USDT-SWAP,1H,12H,0.007,0.004,0.005,148.0,0.198,-99.866,319,179,140,56.113,99.872,0.508,-4.087,1468,68.44,-53.76,0.91,-98.67,0.2,-78.35
SOL-USDT-SWAP,1H,12H,0.007,0.004,0.008,148.0,2.206,-98.509,319,235,84,73.668,98.702,0.628,-4.032,1468,98.72,-33.3,4.46,-95.48,2.21,-50.59
SOL-USDT-SWAP,1H,12H,0.007,0.004,0.01,148.0,5.521,-96.269,319,254,65,79.624,97.734,0.754,-3.94,1468,189.37,27.95,6.75,-96.43,5.52,-18.22
SOL-USDT-SWAP,1H,12H,0.007,0.004,0.015,148.0,17.294,-88.315,319,278,41,87.147,95.03,0.798,-3.615,1468,195.8,32.3,14.36,-92.67,17.29,20.45
SOL-USDT-SWAP,1H,12H,0.007,0.004,0.02,148.0,48.742,-67.066,319,291,28,91.223,93.51,0.903,-2.745,1468,370.65,150.44,34.36,-90.73,48.74,41.88
SOL-USDT-SWAP,1H,12H,0.007,0.004,0.025,148.0,231.123,56.164,319,301,18,94.357,81.666,1.077,2.299,1468,303.84,105.3,108.76,-64.21,231.12,112.51
SOL-USDT-SWAP,1H,12H,0.007,0.004,0.03,148.0,525.366,254.977,319,306,13,95.925,76.404,1.255,10.436,1468,368.38,148.9,284.91,-22.66,525.37,84.4
SOL-USDT-SWAP,1H,12H,0.007,0.006,0.005,148.0,2.203,-98.512,319,168,151,52.665,99.095,0.801,-4.032,1468,188.68,27.49,5.0,-97.35,2.2,-55.99
SOL-USDT-SWAP,1H,12H,0.007,0.006,0.008,148.0,73.784,-50.146,319,224,95,70.219,88.368,0.954,-2.052,1468,343.16,131.86,55.2,-83.91,73.78,33.66
SOL-USDT-SWAP,1H,12H,0.007,0.006,0.01,148.0,236.028,59.478,319,243,76,76.176,90.894,1.028,2.434,1468,754.11,409.53,94.97,-87.41,236.03,148.54
SOL-USDT-SWAP,1H,12H,0.007,0.006,0.015,148.0,631.82,326.905,319,264,55,82.759,86.297,1.12,13.379,1468,826.52,458.46,156.63,-81.05,631.82,303.38
SOL-USDT-SWAP,1H,12H,0.007,0.006,0.02,148.0,2050.704,1285.611,319,277,42,86.834,86.99,1.228,52.617,1468,1686.04,1039.22,415.15,-75.38,2050.7,393.96
SOL-USDT-SWAP,1H,12H,0.007,0.006,0.025,148.0,11309.119,7541.297,319,287,32,89.969,68.282,1.92,308.648,1468,1382.14,833.88,1470.28,6.38,11309.12,669.18
SOL-USDT-SWAP,1H,12H,0.007,0.006,0.03,148.0,15122.586,10117.963,319,290,29,90.909,59.121,2.112,414.105,1468,1112.22,651.5,2137.12,92.15,15122.59,607.62
SOL-USDT-SWAP,1H,12H,0.007,0.008,0.005,148.0,23.921,-83.837,319,162,157,50.784,96.264,0.937,-3.431,1468,435.62,194.33,27.54,-93.68,23.92,-13.15
SOL-USDT-SWAP,1H,12H,0.007,0.008,0.008,148.0,1540.457,940.849,319,216,103,67.712,70.997,1.151,38.507,1468,897.48,506.4,518.58,-42.22,1540.46,197.05
SOL-USDT-SWAP,1H,12H,0.007,0.008,0.01,148.0,6064.559,3997.675,319,235,84,73.668,71.592,1.273,163.616,1468,2154.19,1355.53,1001.71,-53.5,6064.56,505.42
SOL-USDT-SWAP,1H,12H,0.007,0.008,0.015,148.0,17541.47,11752.344,319,256,63,80.251,71.198,1.577,480.996,1468,2222.97,1402.0,1670.93,-24.83,17541.47,949.8
SOL-USDT-SWAP,1H,12H,0.007,0.008,0.02,148.0,35039.231,23575.156,319,269,50,84.326,72.702,1.684,964.877,1468,4320.1,2818.98,3998.43,-7.45,35039.23,776.32
SOL-USDT-SWAP,1H,12H,0.007,0.008,0.025,148.0,49139.015,33102.037,319,275,44,86.207,66.593,1.891,1354.79,1468,3903.54,2537.53,8167.63,109.24,49139.02,501.63
SOL-USDT-SWAP,1H,12H,0.007,0.008,0.03,148.0,56193.692,37868.711,319,278,41,87.147,66.951,2.075,1549.879,1468,3355.04,2166.92,11487.16,242.39,56193.69,389.19
SOL-USDT-SWAP,1H,12H,0.007,0.01,0.005,148.0,33.161,-77.594,319,145,174,45.455,96.74,0.962,-3.176,1468,564.47,281.4,36.04,-93.62,33.16,-7.99
SOL-USDT-SWAP,1H,12H,0.007,0.01,0.008,148.0,930.616,528.794,319,190,129,59.561,82.703,1.083,21.642,1468,987.81,567.44,341.12,-65.47,930.62,172.81
SOL-USDT-SWAP,1H,12H,0.007,0.01,0.01,148.0,2100.564,1319.3,319,207,112,64.89,89.761,1.106,53.996,1468,2360.47,1494.91,466.8,-80.22,2100.56,349.99
SOL-USDT-SWAP,1H,12H,0.007,0.01,0.015,148.0,9995.333,6653.603,319,230,89,72.1,81.965,1.381,272.317,1468,2005.71,1255.21,864.2,-56.91,9995.33,1056.59
SOL-USDT-SWAP,1H,12H,0.007,0.01,0.02,148.0,13468.892,9000.603,319,241,78,75.549,92.84,1.246,368.374,1468,5643.44,3713.13,1380.65,-75.54,13468.89,875.54
SOL-USDT-SWAP,1H,12H,0.007,0.01,0.025,148.0,33742.82,22699.203,319,247,72,77.429,93.302,1.396,929.026,1468,6953.09,4598.03,4120.99,-40.73,33742.82,718.8
SOL-USDT-SWAP,1H,12H,0.007,0.01,0.03,148.0,38470.077,25893.296,319,250,69,78.37,93.822,1.466,1059.753,1468,5976.09,3937.9,5304.71,-11.23,38470.08,625.21
SOL-USDT-SWAP,1H,12H,0.007,0.012,0.005,148.0,51.14,-65.446,319,134,185,42.006,96.485,0.979,-2.679,1468,694.2,369.05,73.54,-89.41,51.14,-30.46
SOL-USDT-SWAP,1H,12H,0.007,0.012,0.008,148.0,2424.017,1537.849,319,180,139,56.426,69.934,1.103,62.941,1468,1256.27,748.83,1277.02,1.65,2424.02,89.82
SOL-USDT-SWAP,1H,12H,0.007,0.012,0.01,148.0,7297.599,4830.81,319,198,121,62.069,68.85,1.183,197.714,1468,2486.74,1580.23,1905.16,-23.39,7297.6,283.04
SOL-USDT-SWAP,1H,12H,0.007,0.012,0.015,148.0,37203.869,25037.75,319,222,97,69.592,76.066,1.557,1024.737,1468,3134.09,2017.63,3778.73,20.57,37203.87,884.56
SOL-USDT-SWAP,1H,12H,0.007,0.012,0.02,148.0,48637.201,32762.973,319,233,86,73.041,84.597,1.373,1340.913,1468,8533.08,5665.59,7835.28,-8.18,48637.2,520.75
SOL-USDT-SWAP,1H,12H,0.007,0.012,0.025,148.0,72680.493,49008.441,319,239,80,74.922,82.927,1.434,2005.803,1468,9374.7,6234.26,28318.43,202.07,72680.49,156.65
SOL-USDT-SWAP,1H,12H,0.007,0.012,0.03,148.0,69081.264,46576.53,319,242,77,75.862,87.651,1.48,1906.27,1468,6956.27,4600.18,24720.53,255.37,69081.26,179.45
SOL-USDT-SWAP,1H,12H,0.007,0.015,0.005,148.0,17.228,-88.359,319,115,204,36.05,98.057,0.94,-3.616,1468,275.47,86.13,24.49,-91.11,17.23,-29.65
SOL-USDT-SWAP,1H,12H,0.007,0.015,0.008,148.0,829.689,460.601,319,159,160,49.843,77.514,1.077,18.851,1468,491.08,231.81,380.48,-22.52,829.69,118.07
SOL-USDT-SWAP,1H,12H,0.007,0.015,0.01,148.0,2586.586,1647.693,319,177,142,55.486,81.497,1.098,67.436,1468,1832.48,1138.17,891.54,-51.35,2586.59,190.13
SOL-USDT-SWAP,1H,12H,0.007,0.015,0.015,148.0,7866.536,5215.227,319,197,122,61.755,83.81,1.209,213.447,1468,2038.4,1277.3,1195.15,-41.37,7866.54,558.2
SOL-USDT-SWAP,1H,12H,0.007,0.015,0.02,148.0,6588.343,4351.583,319,208,111,65.204,94.934,1.107,178.1,1468,4802.39,3144.86,1215.67,-74.69,6588.34,441.95
SOL-USDT-SWAP,1H,12H,0.007,0.015,0.025,148.0,10312.622,6867.988,319,213,106,66.771,96.213,1.125,281.091,1468,5118.39,3358.37,1871.27,-63.44,10312.62,451.1
SOL-USDT-SWAP,1H,12H,0.007,0.015,0.03,148.0,6334.544,4180.097,319,215,104,67.398,95.368,1.106,171.082,1468,3824.09,2483.84,1381.62,-63.87,6334.54,358.49
SOL-USDT-SWAP,1H,12H,0.007,0.02,0.005,148.0,3.578,-97.583,319,95,224,29.781,98.93,0.898,-3.994,1468,154.17,4.17,5.83,-96.22,3.58,-38.64
SOL-USDT-SWAP,1H,12H,0.007,0.02,0.008,148.0,24.085,-83.726,319,130,189,40.752,96.277,0.955,-3.427,1468,187.98,27.01,27.14,-85.56,24.09,-11.27
SOL-USDT-SWAP,1H,12H,0.007,0.02,0.01,148.0,47.321,-68.026,319,146,173,45.768,97.988,0.989,-2.784,1468,883.76,497.14,55.36,-93.74,47.32,-14.52
SOL-USDT-SWAP,1H,12H,0.007,0.02,0.015,148.0,140.571,-5.02,319,167,152,52.351,98.48,0.999,-0.205,1468,1111.74,651.18,70.1,-93.69,140.57,100.52
SOL-USDT-SWAP,1H,12H,0.007,0.02,0.02,148.0,30.123,-79.647,319,176,143,55.172,99.737,0.995,-3.26,1468,1776.54,1100.36,24.6,-98.62,30.12,22.45
SOL-USDT-SWAP,1H,12H,0.007,0.02,0.025,148.0,20.431,-86.195,319,180,139,56.426,99.816,0.994,-3.528,1468,1515.5,923.99,20.03,-98.68,20.43,1.99
SOL-USDT-SWAP,1H,12H,0.007,0.02,0.03,148.0,12.489,-91.562,319,182,137,57.053,99.881,0.993,-3.747,1468,1318.53,790.9,13.13,-99.0,12.49,-4.92
SOL-USDT-SWAP,1H,12H,0.007,0.03,0.005,148.0,0.184,-99.876,319,73,246,22.884,99.918,0.741,-4.088,1468,55.08,-62.79,0.37,-99.33,0.18,-50.48
SOL-USDT-SWAP,1H,12H,0.007,0.03,0.008,148.0,0.053,-99.964,319,97,222,30.408,99.97,0.775,-4.091,1468,43.03,-70.92,0.18,-99.57,0.05,-71.35
SOL-USDT-SWAP,1H,12H,0.007,0.03,0.01,148.0,0.02,-99.987,319,110,209,34.483,99.992,0.832,-4.092,1468,74.25,-49.83,0.11,-99.85,0.02,-82.09
SOL-USDT-SWAP,1H,12H,0.007,0.03,0.015,148.0,0.028,-99.981,319,131,188,41.066,99.997,0.935,-4.092,1468,174.27,17.75,0.14,-99.92,0.03,-79.49
SOL-USDT-SWAP,1H,12H,0.007,0.03,0.02,148.0,0.002,-99.999,319,138,181,43.26,100.0,0.933,-4.093,1468,136.44,-7.81,0.02,-99.99,0.0,-90.55
SOL-USDT-SWAP,1H,12H,0.007,0.03,0.025,148.0,0.001,-100.0,319,142,177,44.514,100.0,0.919,-4.093,1468,90.55,-38.82,0.01,-99.99,0.0,-88.63
SOL-USDT-SWAP,1H,12H,0.007,0.03,0.03,148.0,0.0,-100.0,319,144,175,45.141,100.0,0.912,-4.093,1468,87.57,-40.83,0.0,-100.0,0.0,-90.81
SOL-USDT-SWAP,1H,12H,0.01,0.004,0.005,148.0,0.67,-99.548,264,149,115,56.439,99.548,0.373,-4.074,1468,34.0,-77.02,2.11,-93.8,0.67,-68.26
SOL-USDT-SWAP,1H,12H,0.01,0.004,0.008,148.0,1.596,-98.922,264,186,78,70.455,99.122,0.606,-4.049,1468,88.22,-40.39,3.58,-95.94,1.6,-55.43
SOL-USDT-SWAP,1H,12H,0.01,0.004,0.01,148.0,3.479,-97.65,264,203,61,76.894,98.309,0.674,-3.997,1468,128.82,-12.96,5.23,-95.94,3.48,-33.44
SOL-USDT-SWAP,1H,12H,0.01,0.004,0.015,148.0,3.46,-97.662,264,220,44,83.333,98.673,0.705,-3.997,1468,154.39,4.32,5.03,-96.74,3.46,-31.17
SOL-USDT-SWAP,1H,12H,0.01,0.004,0.02,148.0,51.149,-65.44,264,240,24,90.909,88.7,0.857,-2.678,1468,170.9,15.47,51.34,-69.96,51.15,-0.37
SOL-USDT-SWAP,1H,12H,0.01,0.004,0.025,148.0,59.114,-60.058,264,245,19,92.803,86.907,0.861,-2.458,1468,122.21,-17.43,55.35,-54.71,59.11,6.8
SOL-USDT-SWAP,1H,12H,0.01,0.004,0.03,148.0,502.899,239.797,264,253,11,95.833,67.836,1.286,9.814,1468,344.36,132.68,388.38,12.78,502.9,29.49
SOL-USDT-SWAP,1H,12H,0.01,0.006,0.005,148.0,7.197,-95.137,264,144,120,54.545,95.194,0.661,-3.894,1468,52.8,-64.32,14.29,-72.94,7.2,-49.64
SOL-USDT-SWAP,1H,12H,0.01,0.006,0.008,148.0,24.689,-83.318,264,179,85,67.803,91.947,0.869,-3.41,1468,157.17,6.19,30.29,-80.73,24.69,-18.49
SOL-USDT-SWAP,1H,12H,0.01,0.006,0.01,148.0,66.701,-54.932,264,196,68,74.242,86.138,0.938,-2.248,1468,235.68,59.24,50.86,-78.42,66.7,31.14
SOL-USDT-SWAP,1H,12H,0.01,0.006,0.015,148.0,108.652,-26.586,264,215,49,81.439,90.28,0.974,-1.088,1468,323.3,118.44,63.93,-80.23,108.65,69.96
SOL-USDT-SWAP,1H,12H,0.01,0.006,0.02,148.0,2383.468,1510.451,264,235,29,89.015,62.149,1.543,61.819,1468,349.55,136.18,913.96,161.47,2383.47,160.78
SOL-USDT-SWAP,1H,12H,0.01,0.006,0.025,148.0,1985.353,1241.455,264,239,25,90.53,73.053,1.538,50.81,1468,233.87,58.02,696.52,197.82,1985.35,185.04
SOL-USDT-SWAP,1H,12H,0.01,0.006,0.03,148.0,19223.788,12889.046,264,247,17,93.561,70.976,2.689,527.519,1468,699.57,372.68,5221.57,646.4,19223.79,268.16
SOL-USDT-SWAP,1H,12H,0.01,0.008,0.005,148.0,64.882,-56.161,264,141,123,53.409,69.193,0.927,-2.299,1468,110.68,-25.22,89.62,-19.03,64.88,-27.6
SOL-USDT-SWAP,1H,12H,0.01,0.008,0.008,148.0,220.078,48.701,264,172,92,65.152,77.78,1.021,1.993,1468,405.35,173.89,193.26,-52.32,220.08,13.87
SOL-USDT-SWAP,1H,12H,0.01,0.008,0.01,148.0,779.748,426.857,264,189,75,71.591,74.464,1.097,17.47,1468,668.63,351.78,385.62,-42.33,779.75,102.21
SOL-USDT-SWAP,1H,12H,0.01,0.008,0.015,148.0,1999.04,1250.703,264,209,55,79.167,80.37,1.245,51.188,1468,1006.05,579.76,606.57,-39.71,1999.04,229.57
SOL-USDT-SWAP,1H,12H,0.01,0.008,0.02,148.0,35096.522,23613.866,264,228,36,86.364,54.206,2.05,966.461,1468,1129.99,663.5,9308.57,723.78,35096.52,277.03
SOL-USDT-SWAP,1H,12H,0.01,0.008,0.025,148.0,31814.52,21396.297,264,232,32,87.879,56.47,2.182,875.701,1468,756.03,410.83,6781.73,797.02,31814.52,369.12
SOL-USDT-SWAP,1H,12H,0.01,0.008,0.03,148.0,58108.304,39162.367,264,238,26,90.152,64.826,3.337,1602.825,1468,1228.08,729.78,24565.8,1900.34,58108.3,136.54
SOL-USDT-SWAP,1H,12H,0.01,0.01,0.005,148.0,158.866,7.342,264,131,133,49.621,65.694,1.006,0.3,1468,144.7,-2.23,155.18,7.24,158.87,2.37
SOL-USDT-SWAP,1H,12H,0.01,0.01,0.008,148.0,954.403,544.867,264,164,100,62.121,77.223,1.092,22.3,1468,744.87,403.29,527.45,-29.19,954.4,80.95
SOL-USDT-SWAP,1H,12H,0.01,0.01,0.01,148.0,2930.595,1880.131,264,179,85,67.803,81.244,1.171,76.949,1468,1289.6,771.35,849.66,-34.11,2930.59,244.92
SOL-USDT-SWAP,1H,12H,0.01,0.01,0.015,148.0,6394.71,4220.75,264,198,66,75.0,84.851,1.352,172.746,1468,1894.69,1180.19,1236.86,-34.72,6394.71,417.01
SOL-USDT-SWAP,1H,12H,0.01,0.01,0.02,148.0,42937.127,28911.573,264,214,50,81.061,67.536,1.688,1183.284,1468,2197.07,1384.51,11153.43,407.65,42937.13,284.97
SOL-USDT-SWAP,1H,12H,0.01,0.01,0.025,148.0,53126.168,35796.059,264,218,46,82.576,72.296,1.877,1465.05,1468,1788.7,1108.58,15565.24,770.2,53126.17,241.31
SOL-USDT-SWAP,1H,12H,0.01,0.01,0.03,148.0,73991.383,49894.178,264,223,41,84.47,67.863,2.034,2042.054,1468,2960.34,1900.23,32680.45,1003.94,73991.38,126.41
SOL-USDT-SWAP,1H,12H,0.01,0.012,0.005,148.0,269.87,82.345,264,121,143,45.833,62.397,1.041,3.37,1468,144.72,-2.22,295.76,104.37,269.87,-8.75
SOL-USDT-SWAP,1H,12H,0.01,0.012,0.008,148.0,3159.249,2034.628,264,156,108,59.091,75.063,1.129,83.273,1468,1329.63,798.4,1563.64,17.6,3159.25,102.05
SOL-USDT-SWAP,1H,12H,0.01,0.012,0.01,148.0,8872.125,5894.679,264,170,94,64.394,81.237,1.219,241.256,1468,1966.92,1229.0,2155.51,9.59,8872.12,311.6
SOL-USDT-SWAP,1H,12H,0.01,0.012,0.015,148.0,12288.763,8203.218,264,187,77,70.833,88.709,1.314,335.739,1468,2428.52,1540.89,2659.0,9.49,12288.76,362.16
SOL-USDT-SWAP,1H,12H,0.01,0.012,0.02,148.0,45674.608,30761.222,264,200,64,75.758,81.873,1.458,1258.986,1468,3640.86,2360.04,15216.4,317.93,45674.61,200.17
SOL-USDT-SWAP,1H,12H,0.01,0.012,0.025,148.0,51558.844,34737.057,264,204,60,77.273,81.486,1.561,1421.708,1468,3031.6,1948.38,16604.19,447.7,51558.84,210.52
SOL-USDT-SWAP,1H,12H,0.01,0.012,0.03,148.0,80127.745,54040.369,264,209,55,79.167,61.102,1.671,2211.748,1468,5110.3,3352.91,41873.09,719.39,80127.75,91.36
SOL-USDT-SWAP,1H,12H,0.01,0.015,0.005,148.0,147.636,-0.246,264,105,159,39.773,72.235,1.0,-0.01,1468,149.75,1.19,185.62,23.95,147.64,-20.46
SOL-USDT-SWAP,1H,12H,0.01,0.015,0.008,148.0,2340.674,1481.536,264,139,125,52.652,85.034,1.102,60.636,1468,1532.03,935.15,1178.34,-23.09,2340.67,98.64
SOL-USDT-SWAP,1H,12H,0.01,0.015,0.01,148.0,7516.919,4978.999,264,152,112,57.576,87.171,1.192,203.779,1468,2300.23,1454.21,1952.71,-15.11,7516.92,284.95
SOL-USDT-SWAP,1H,12H,0.01,0.015,0.015,148.0,12573.978,8395.931,264,170,94,64.394,94.706,1.271,343.626,1468,3859.71,2507.92,2538.04,-34.24,12573.98,395.42
SOL-USDT-SWAP,1H,12H,0.01,0.015,0.02,148.0,48430.04,32623.0,264,182,82,68.939,92.175,1.435,1335.184,1468,5537.79,3641.75,14509.07,162.0,48430.04,233.79
SOL-USDT-SWAP,1H,12H,0.01,0.015,0.025,148.0,39326.685,26472.084,264,185,79,70.076,94.438,1.429,1083.441,1468,4036.75,2627.54,9788.11,142.47,39326.68,301.78
SOL-USDT-SWAP,1H,12H,0.01,0.015,0.03,148.0,56985.536,38403.741,264,190,74,71.97,91.596,1.561,1571.777,1468,6061.79,3995.8,22714.25,274.71,56985.54,150.88
SOL-USDT-SWAP,1H,12H,0.01,0.02,0.005,148.0,9.21,-93.777,264,81,183,30.682,96.181,0.851,-3.838,1468,85.62,-42.15,23.18,-72.93,9.21,-60.26
SOL-USDT-SWAP,1H,12H,0.01,0.02,0.008,148.0,62.127,-58.022,264,111,153,42.045,98.236,0.989,-2.375,1468,1162.05,685.17,119.99,-89.67,62.13,-48.22
SOL-USDT-SWAP,1H,12H,0.01,0.02,0.01,148.0,87.409,-40.94,264,121,143,45.833,98.026,0.994,-1.676,1468,1398.89,845.2,177.26,-87.33,87.41,-50.69
SOL-USDT-SWAP,1H,12H,0.01,0.02,0.015,148.0,49.907,-66.279,264,138,126,52.273,99.108,0.993,-2.713,1468,2207.52,1391.57,82.49,-96.26,49.91,-39.5
SOL-USDT-SWAP,1H,12H,0.01,0.02,0.02,148.0,149.787,1.207,264,149,115,56.439,99.103,1.0,0.049,1468,2799.81,1791.76,263.31,-90.6,149.79,-43.11
SOL-USDT-SWAP,1H,12H,0.01,0.02,0.025,148.0,56.276,-61.976,264,152,112,57.576,99.595,0.996,-2.537,1468,2335.13,1477.79,113.93,-95.12,56.28,-50.61
SOL-USDT-SWAP,1H,12H,0.01,0.02,0.03,148.0,173.954,17.537,264,158,106,59.848,99.094,1.001,0.718,1468,3409.86,2203.96,300.67,-91.18,173.95,-42.15
SOL-USDT-SWAP,1H,12H,0.01,0.03,0.005,148.0,0.094,-99.937,264,57,207,21.591,99.937,0.582,-4.09,1468,31.91,-78.44,0.61,-98.09,0.09,-84.58
SOL-USDT-SWAP,1H,12H,0.01,0.03,0.008,148.0,0.115,-99.922,264,83,181,31.439,99.971,0.849,-4.09,1468,143.3,-3.17,0.73,-99.49,0.12,-84.23
SOL-USDT-SWAP,1H,12H,0.01,0.03,0.01,148.0,0.121,-99.918,264,92,172,34.848,99.984,0.912,-4.089,1468,218.0,47.3,1.05,-99.52,0.12,-88.47
SOL-USDT-SWAP,1H,12H,0.01,0.03,0.015,148.0,0.01,-99.993,264,106,158,40.152,99.998,0.909,-4.092,1468,182.0,22.97,0.16,-99.91,0.01,-93.5
SOL-USDT-SWAP,1H,12H,0.01,0.03,0.02,148.0,0.006,-99.996,264,115,149,43.561,99.999,0.894,-4.093,1468,90.65,-38.75,0.09,-99.9,0.01,-93.14
SOL-USDT-SWAP,1H,12H,0.01,0.03,0.025,148.0,0.003,-99.998,264,118,146,44.697,99.999,0.9,-4.093,1468,120.06,-18.88,0.04,-99.97,0.0,-93.18
SOL-USDT-SWAP,1H,12H,0.01,0.03,0.03,148.0,0.004,-99.997,264,121,143,45.833,99.999,0.914,-4.093,1468,188.47,27.34,0.05,-99.97,0.0,-92.56
SOL-USDT-SWAP,1H,1D,0.001,0.004,0.005,148.0,1.492,-98.992,188,98,90,52.128,99.012,0.275,-4.046,735,49.68,-66.43,5.07,-89.79,1.49,-70.58
SOL-USDT-SWAP,1H,1D,0.001,0.004,0.008,148.0,4.28,-97.108,188,130,58,69.149,97.565,0.491,-3.969,735,87.23,-41.06,12.46,-85.71,4.28,-65.66
SOL-USDT-SWAP,1H,1D,0.001,0.004,0.01,148.0,5.897,-96.016,188,141,47,75.0,96.569,0.556,-3.924,735,122.96,-16.92,20.76,-83.12,5.9,-71.59
SOL-USDT-SWAP,1H,1D,0.001,0.004,0.015,148.0,18.801,-87.297,188,160,28,85.106,90.215,0.66,-3.568,735,122.83,-17.01,53.75,-56.24,18.8,-65.03
SOL-USDT-SWAP,1H,1D,0.001,0.004,0.02,148.0,62.823,-57.552,188,171,17,90.957,79.599,0.807,-2.352,735,117.68,-20.49,107.5,-8.65,62.82,-41.56
SOL-USDT-SWAP,1H,1D,0.001,0.004,0.025,148.0,180.449,21.925,188,177,11,94.149,61.171,1.063,0.896,735,126.08,-14.81,185.1,46.81,180.45,-2.51
SOL-USDT-SWAP,1H,1D,0.001,0.004,0.03,148.0,199.588,34.857,188,179,9,95.213,61.972,1.096,1.425,735,152.77,3.22,235.95,54.44,199.59,-15.41
SOL-USDT-SWAP,1H,1D,0.001,0.006,0.005,148.0,7.857,-94.691,188,96,92,51.064,94.895,0.562,-3.87,735,75.94,-48.69,23.38,-69.21,7.86,-66.39
SOL-USDT-SWAP,1H,1D,0.001,0.006,0.008,148.0,29.142,-80.309,188,126,62,67.021,88.57,0.811,-3.282,735,139.65,-5.64,80.53,-42.34,29.14,-63.81
SOL-USDT-SWAP,1H,1D,0.001,0.006,0.01,148.0,53.71,-63.71,188,138,50,73.404,80.148,0.891,-2.604,735,208.0,40.54,159.21,-23.46,53.71,-66.26
SOL-USDT-SWAP,1H,1D,0.001,0.006,0.015,148.0,207.069,39.912,188,157,31,83.511,71.686,1.04,1.631,735,203.7,37.63,508.83,149.8,207.07,-59.3
SOL-USDT-SWAP,1H,1D,0.001,0.006,0.02,148.0,708.462,378.69,188,168,20,89.362,67.883,1.254,15.478,735,186.95,26.32,1095.2,485.83,708.46,-35.31
SOL-USDT-SWAP,1H,1D,0.001,0.006,0.025,148.0,1300.063,778.421,188,173,15,92.021,67.561,1.297,31.816,735,271.78,83.63,1893.75,596.8,1300.06,-31.35
SOL-USDT-SWAP,1H,1D,0.001,0.006,0.03,148.0,1719.063,1061.529,188,176,12,93.617,77.959,1.268,43.387,735,335.76,126.87,3573.68,964.35,1719.06,-51.9
SOL-USDT-SWAP,1H,1D,0.001,0.008,0.005,148.0,14.351,-90.304,188,87,101,46.277,91.379,0.707,-3.691,735,88.07,-40.49,40.5,-54.01,14.35,-64.56
SOL-USDT-SWAP,1H,1D,0.001,0.008,0.008,148.0,44.868,-69.684,188,114,74,60.638,88.394,0.9,-2.848,735,180.0,21.62,112.34,-37.59,44.87,-60.06
SOL-USDT-SWAP,1H,1D,0.001,0.008,0.01,148.0,97.464,-34.146,188,127,61,67.553,78.749,0.967,-1.396,735,276.56,86.86,219.32,-20.7,97.46,-55.56
SOL-USDT-SWAP,1H,1D,0.001,0.008,0.015,148.0,312.151,110.913,188,146,42,77.66,62.237,1.078,4.533,735,206.6,39.6,441.75,113.81,312.15,-29.34
SOL-USDT-SWAP,1H,1D,0.001,0.008,0.02,148.0,857.54,479.419,188,157,31,83.511,62.263,1.255,19.595,735,197.06,33.15,713.75,262.19,857.54,20.15
SOL-USDT-SWAP,1H,1D,0.001,0.008,0.025,148.0,722.791,388.373,188,161,27,85.638,78.327,1.158,15.874,735,405.32,173.86,556.18,37.22,722.79,29.96
SOL-USDT-SWAP,1H,1D,0.001,0.008,0.03,148.0,423.502,186.15,188,163,25,86.702,80.04,1.097,7.608,735,325.96,120.24,465.07,42.68,423.5,-8.94
SOL-USDT-SWAP,1H,1D,0.001,0.01,0.005,148.0,15.486,-89.537,188,77,111,40.957,91.852,0.767,-3.66,735,93.52,-36.81,42.72,-54.32,15.49,-63.75
SOL-USDT-SWAP,1H,1D,0.001,0.01,0.008,148.0,57.715,-61.004,188,103,85,54.787,87.987,0.934,-2.493,735,175.88,18.84,142.21,-19.14,57.71,-59.42
SOL-USDT-SWAP,1H,1D,0.001,0.01,0.01,148.0,88.214,-40.396,188,114,74,60.638,82.778,0.966,-1.651,735,221.01,49.33,232.12,5.03,88.21,-62.0
SOL-USDT-SWAP,1H,1D,0.001,0.01,0.015,148.0,299.011,102.035,188,132,56,70.213,73.393,1.052,4.17,735,167.67,13.29,556.11,231.67,299.01,-46.23
SOL-USDT-SWAP,1H,1D,0.001,0.01,0.02,148.0,636.536,330.092,188,142,46,75.532,64.04,1.169,13.491,735,143.28,-3.19,533.23,272.15,636.54,19.37
SOL-USDT-SWAP,1H,1D,0.001,0.01,0.025,148.0,355.45,140.169,188,145,43,77.128,81.18,1.068,5.729,735,250.17,69.03,270.19,8.0,355.45,31.56
SOL-USDT-SWAP,1H,1D,0.001,0.01,0.03,148.0,170.723,15.353,188,147,41,78.191,84.401,1.011,0.628,735,174.42,17.85,185.2,6.18,170.72,-7.82
SOL-USDT-SWAP,1H,1D,0.001,0.012,0.005,148.0,8.837,-94.029,188,66,122,35.106,95.985,0.662,-3.843,735,52.53,-64.51,22.84,-56.51,8.84,-61.32
SOL-USDT-SWAP,1H,1D,0.001,0.012,0.008,148.0,15.494,-89.531,188,88,100,46.809,97.175,0.864,-3.659,735,150.32,1.57,33.73,-77.56,15.49,-54.07
SOL-USDT-SWAP,1H,1D,0.001,0.012,0.01,148.0,14.866,-89.956,188,98,90,52.128,96.967,0.869,-3.677,735,152.1,2.77,42.74,-71.9,14.87,-65.22
SOL-USDT-SWAP,1H,1D,0.001,0.012,0.015,148.0,74.378,-49.745,188,119,69,63.298,86.351,0.952,-2.033,735,165.92,12.11,140.06,-15.59,74.38,-46.9
SOL-USDT-SWAP,1H,1D,0.001,0.012,0.02,148.0,109.622,-25.931,188,129,59,68.617,89.047,0.977,-1.06,735,135.69,-8.32,133.11,-1.9,109.62,-17.65
SOL-USDT-SWAP,1H,1D,0.001,0.012,0.025,148.0,53.158,-64.082,188,133,55,70.745,95.305,0.952,-2.619,735,229.34,54.96,43.6,-80.99,53.16,21.91
SOL-USDT-SWAP,1H,1D,0.001,0.012,0.03,148.0,24.318,-83.569,188,134,54,71.277,97.693,0.917,-3.416,735,148.9,0.61,25.44,-82.91,24.32,-4.41
SOL-USDT-SWAP,1H,1D,0.001,0.015,0.005,148.0,11.876,-91.975,188,60,128,31.915,93.865,0.726,-3.759,735,66.44,-55.11,33.02,-50.31,11.88,-64.03
SOL-USDT-SWAP,1H,1D,0.001,0.015,0.008,148.0,23.201,-84.324,188,81,107,43.085,96.587,0.896,-3.446,735,206.66,39.63,43.34,-79.03,23.2,-46.47
SOL-USDT-SWAP,1H,1D,0.001,0.015,0.01,148.0,18.666,-87.388,188,90,98,47.872,96.195,0.88,-3.572,735,171.26,15.72,45.85,-73.23,18.67,-59.28
SOL-USDT-SWAP,1H,1D,0.001,0.015,0.015,148.0,50.773,-65.694,188,109,79,57.979,87.406,0.915,-2.685,735,136.07,-8.06,81.93,-39.79,50.77,-38.03
SOL-USDT-SWAP,1H,1D,0.001,0.015,0.02,148.0,76.655,-48.206,188,120,68,63.83,90.947,0.939,-1.97,735,100.9,-31.82,80.66,-20.06,76.65,-4.97
SOL-USDT-SWAP,1H,1D,0.001,0.015,0.025,148.0,18.88,-87.243,188,123,65,65.426,97.874,0.865,-3.566,735,110.54,-25.31,12.28,-88.89,18.88,53.8
SOL-USDT-SWAP,1H,1D,0.001,0.015,0.03,148.0,9.66,-93.473,188,124,64,65.957,98.879,0.833,-3.82,735,80.85,-45.37,8.01,-90.09,9.66,20.58
SOL-USDT-SWAP,1H,1D,0.001,0.02,0.005,148.0,3.65,-97.534,188,46,142,24.468,98.158,0.699,-3.986,735,56.86,-61.58,17.81,-68.67,3.65,-79.51
SOL-USDT-SWAP,1H,1D,0.001,0.02,0.008,148.0,1.37,-99.075,188,59,129,31.383,99.306,0.763,-4.049,735,67.07,-54.68,9.43,-85.95,1.37,-85.47
SOL-USDT-SWAP,1H,1D,0.001,0.02,0.01,148.0,0.926,-99.374,188,68,120,36.17,99.474,0.7,-4.062,735,37.68,-74.54,9.4,-75.05,0.93,-90.14
SOL-USDT-SWAP,1H,1D,0.001,0.02,0.015,148.0,0.795,-99.463,188,85,103,45.213,99.517,0.606,-4.065,735,20.72,-86.0,5.25,-74.65,0.8,-84.86
SOL-USDT-SWAP,1H,1D,0.001,0.02,0.02,148.0,0.276,-99.813,188,94,94,50.0,99.854,0.609,-4.08,735,15.7,-89.39,1.92,-87.8,0.28,-85.59
SOL-USDT-SWAP,1H,1D,0.001,0.02,0.025,148.0,0.021,-99.986,188,96,92,51.064,99.99,0.611,-4.087,735,14.63,-90.12,0.14,-99.07,0.02,-84.55
SOL-USDT-SWAP,1H,1D,0.001,0.02,0.03,148.0,0.014,-99.991,188,99,89,52.66,99.993,0.607,-4.087,735,15.4,-89.6,0.14,-99.06,0.01,-90.34
SOL-USDT-SWAP,1H,1D,0.001,0.03,0.005,148.0,0.743,-99.498,188,34,154,18.085,99.557,0.691,-4.067,735,62.91,-57.49,5.37,-91.47,0.74,-86.16
SOL-USDT-SWAP,1H,1D,0.001,0.03,0.008,148.0,0.087,-99.941,188,43,145,22.872,99.949,0.678,-4.085,735,53.44,-63.89,1.15,-97.84,0.09,-92.43
SOL-USDT-SWAP,1H,1D,0.001,0.03,0.01,148.0,0.035,-99.976,188,51,137,27.128,99.982,0.676,-4.086,735,36.7,-75.2,0.79,-97.85,0.04,-95.55
SOL-USDT-SWAP,1H,1D,0.001,0.03,0.015,148.0,0.032,-99.978,188,68,120,36.17,99.98,0.574,-4.086,735,16.3,-88.98,0.48,-97.06,0.03,-93.31
SOL-USDT-SWAP,1H,1D,0.001,0.03,0.02,148.0,0.006,-99.996,188,77,111,40.957,99.996,0.489,-4.087,735,8.29,-94.4,0.17,-97.96,0.01,-96.31
SOL-USDT-SWAP,1H,1D,0.001,0.03,0.025,148.0,0.001,-100.0,188,80,108,42.553,100.0,0.536,-4.087,735,8.93,-93.97,0.02,-99.79,0.0,-96.76
SOL-USDT-SWAP,1H,1D,0.001,0.03,0.03,148.0,0.0,-100.0,188,83,105,44.149,100.0,0.512,-4.087,735,8.75,-94.09,0.02,-99.78,0.0,-98.36
SOL-USDT-SWAP,1H,1D,0.002,0.004,0.005,148.0,1.708,-98.846,181,94,87,51.934,98.869,0.319,-4.04,735,63.0,-57.43,6.98,-88.91,1.71,-75.54
SOL-USDT-SWAP,1H,1D,0.002,0.004,0.008,148.0,4.195,-97.166,181,124,57,68.508,97.566,0.495,-3.971,735,107.34,-27.47,13.84,-87.1,4.19,-69.7
SOL-USDT-SWAP,1H,1D,0.002,0.004,0.01,148.0,5.098,-96.555,181,134,47,74.033,97.234,0.534,-3.946,735,117.78,-20.42,15.48,-86.85,5.1,-67.07
SOL-USDT-SWAP,1H,1D,0.002,0.004,0.015,148.0,10.806,-92.699,181,151,30,83.425,95.318,0.592,-3.789,735,117.71,-20.46,30.78,-73.85,10.81,-64.9
SOL-USDT-SWAP,1H,1D,0.002,0.004,0.02,148.0,31.795,-78.517,181,162,19,89.503,90.433,0.712,-3.209,735,112.78,-23.8,71.14,-36.92,31.79,-55.31
SOL-USDT-SWAP,1H,1D,0.002,0.004,0.025,148.0,48.029,-67.548,181,167,14,92.265,86.649,0.779,-2.761,735,120.83,-18.36,81.96,-32.17,48.03,-41.4
SOL-USDT-SWAP,1H,1D,0.002,0.004,0.03,148.0,109.407,-26.076,181,171,10,94.475,69.587,0.913,-1.066,735,146.41,-1.08,110.27,-24.68,109.41,-0.78
SOL-USDT-SWAP,1H,1D,0.002,0.006,0.005,148.0,7.419,-94.987,181,91,90,50.276,95.433,0.567,-3.882,735,78.01,-47.29,24.68,-68.37,7.42,-69.94
SOL-USDT-SWAP,1H,1D,0.002,0.006,0.008,148.0,25.42,-82.824,181,120,61,66.298,90.001,0.793,-3.385,735,148.21,0.14,70.21,-52.63,25.42,-63.8
SOL-USDT-SWAP,1H,1D,0.002,0.006,0.01,148.0,40.537,-72.61,181,131,50,72.376,86.153,0.842,-2.968,735,161.62,9.2,85.99,-46.8,40.54,-52.86
SOL-USDT-SWAP,1H,1D,0.002,0.006,0.015,148.0,124.858,-15.636,181,149,32,82.32,74.164,0.977,-0.639,735,187.24,26.52,244.68,30.67,124.86,-48.97
SOL-USDT-SWAP,1H,1D,0.002,0.006,0.02,148.0,401.453,171.252,181,160,21,88.398,67.883,1.153,6.999,735,171.85,16.11,620.6,261.13,401.45,-35.31
SOL-USDT-SWAP,1H,1D,0.002,0.006,0.025,148.0,492.364,232.678,181,164,17,90.608,68.809,1.168,9.51,735,175.65,18.68,709.05,303.67,492.36,-30.56
SOL-USDT-SWAP,1H,1D,0.002,0.006,0.03,148.0,1051.166,610.247,181,168,13,92.818,53.76,1.417,24.942,735,202.08,36.54,923.59,357.05,1051.17,13.81
SOL-USDT-SWAP,1H,1D,0.002,0.008,0.005,148.0,14.126,-90.455,181,83,98,45.856,92.534,0.725,-3.697,735,116.06,-21.58,39.83,-65.68,14.13,-64.54
SOL-USDT-SWAP,1H,1D,0.002,0.008,0.008,148.0,47.162,-68.134,181,110,71,60.773,90.099,0.907,-2.785,735,221.48,49.65,139.86,-36.85,47.16,-66.28
SOL-USDT-SWAP,1H,1D,0.002,0.008,0.01,148.0,90.989,-38.521,181,122,59,67.403,86.7,0.957,-1.574,735,245.3,65.74,170.95,-30.31,90.99,-46.77
SOL-USDT-SWAP,1H,1D,0.002,0.008,0.015,148.0,241.199,62.972,181,140,41,77.348,77.991,1.061,2.574,735,221.23,49.48,269.34,21.75,241.2,-10.45
SOL-USDT-SWAP,1H,1D,0.002,0.008,0.02,148.0,578.305,290.746,181,151,30,83.425,74.483,1.202,11.883,735,182.63,23.4,481.13,163.44,578.3,20.2
SOL-USDT-SWAP,1H,1D,0.002,0.008,0.025,148.0,546.342,269.15,181,155,26,85.635,81.426,1.134,11.001,735,351.46,137.47,415.45,18.21,546.34,31.51
SOL-USDT-SWAP,1H,1D,0.002,0.008,0.03,148.0,1273.934,760.766,181,160,21,88.398,82.109,1.346,31.094,735,412.12,178.46,568.95,38.05,1273.93,123.91
SOL-USDT-SWAP,1H,1D,0.002,0.01,0.005,148.0,25.064,-83.065,181,76,105,41.989,89.948,0.835,-3.395,735,147.11,-0.6,68.19,-53.65,25.06,-63.24
SOL-USDT-SWAP,1H,1D,0.002,0.01,0.008,148.0,65.912,-55.465,181,100,81,55.249,90.153,0.952,-2.267,735,315.47,113.15,177.49,-43.74,65.91,-62.86
SOL-USDT-SWAP,1H,1D,0.002,0.01,0.01,148.0,72.607,-50.941,181,108,73,59.669,91.342,0.956,-2.082,735,260.09,75.74,174.58,-32.88,72.61,-58.41
SOL-USDT-SWAP,1H,1D,0.002,0.01,0.015,148.0,318.637,115.295,181,128,53,70.718,76.483,1.07,4.712,735,233.47,57.75,417.39,78.77,318.64,-23.66
SOL-USDT-SWAP,1H,1D,0.002,0.01,0.02,148.0,840.718,468.053,181,139,42,76.796,76.705,1.205,19.13,735,215.54,45.63,566.95,163.04,840.72,48.29
SOL-USDT-SWAP,1H,1D,0.002,0.01,0.025,148.0,625.963,322.948,181,142,39,78.453,86.026,1.11,13.199,735,406.42,174.6,378.67,-6.83,625.96,65.3
SOL-USDT-SWAP,1H,1D,0.002,0.01,0.03,148.0,847.932,472.927,181,145,36,80.11,84.213,1.202,19.329,735,344.9,133.04,340.09,-1.39,847.93,149.33
SOL-USDT-SWAP,1H,1D,0.002,0.012,0.005,148.0,21.336,-85.584,181,67,114,37.017,93.123,0.84,-3.498,735,126.41,-14.59,54.24,-57.09,21.34,-60.67
SOL-USDT-SWAP,1H,1D,0.002,0.012,0.008,148.0,47.549,-67.872,181,89,92,49.171,94.874,0.952,-2.774,735,296.92,100.62,152.04,-48.79,47.55,-68.73
SOL-USDT-SWAP,1H,1D,0.002,0.012,0.01,148.0,51.287,-65.347,181,97,84,53.591,95.325,0.953,-2.671,735,234.0,58.11,162.81,-30.43,51.29,-68.5
SOL-USDT-SWAP,1H,1D,0.002,0.012,0.015,148.0,174.673,18.023,181,116,65,64.088,89.915,1.009,0.737,735,202.93,37.11,367.67,81.18,174.67,-52.49
SOL-USDT-SWAP,1H,1D,0.002,0.012,0.02,148.0,389.606,163.247,181,127,54,70.166,87.121,1.06,6.672,735,179.23,21.1,413.58,130.75,389.61,-5.8
SOL-USDT-SWAP,1H,1D,0.002,0.012,0.025,148.0,231.843,56.65,181,130,51,71.823,93.64,1.017,2.315,735,327.98,121.61,204.49,-37.65,231.84,13.37
SOL-USDT-SWAP,1H,1D,0.002,0.012,0.03,148.0,355.357,140.106,181,133,48,73.481,85.439,1.058,5.726,735,259.11,75.08,204.03,-21.26,355.36,74.17
SOL-USDT-SWAP,1H,1D,0.002,0.015,0.005,148.0,16.95,-88.547,181,58,123,32.044,93.822,0.828,-3.619,735,102.94,-30.45,40.12,-61.03,16.95,-57.75
SOL-USDT-SWAP,1H,1D,0.002,0.015,0.008,148.0,20.207,-86.347,181,76,105,41.989,97.898,0.906,-3.529,735,181.0,22.3,45.63,-74.79,20.21,-55.72
SOL-USDT-SWAP,1H,1D,0.002,0.015,0.01,148.0,33.154,-77.599,181,86,95,47.514,97.168,0.928,-3.172,735,167.5,13.17,70.43,-57.95,33.15,-52.93
SOL-USDT-SWAP,1H,1D,0.002,0.015,0.015,148.0,84.795,-42.706,181,104,77,57.459,88.247,0.95,-1.745,735,91.57,-38.13,107.51,17.41,84.8,-21.13
SOL-USDT-SWAP,1H,1D,0.002,0.015,0.02,148.0,134.472,-9.14,181,115,66,63.536,89.439,0.991,-0.374,735,64.74,-56.26,109.96,69.85,134.47,22.29
SOL-USDT-SWAP,1H,1D,0.002,0.015,0.025,148.0,36.096,-75.611,181,117,64,64.641,95.174,0.905,-3.09,735,67.9,-54.12,23.88,-64.84,36.1,51.19
SOL-USDT-SWAP,1H,1D,0.002,0.015,0.03,148.0,48.839,-67.001,181,119,62,65.746,94.848,0.904,-2.738,735,53.0,-64.19,20.47,-61.38,48.84,138.59
SOL-USDT-SWAP,1H,1D,0.002,0.02,0.005,148.0,3.911,-97.357,181,44,137,24.309,98.5,0.799,-3.979,735,111.24,-24.84,16.14,-85.49,3.91,-75.77
SOL-USDT-SWAP,1H,1D,0.002,0.02,0.008,148.0,1.127,-99.239,181,56,125,30.939,99.59,0.805,-4.056,735,81.63,-44.85,9.7,-88.12,1.13,-88.38
SOL-USDT-SWAP,1H,1D,0.002,0.02,0.01,148.0,0.721,-99.513,181,63,118,34.807,99.7,0.775,-4.067,735,70.47,-52.39,6.26,-91.11,0.72,-88.5
SOL-USDT-SWAP,1H,1D,0.002,0.02,0.015,148.0,0.876,-99.408,181,81,100,44.751,99.671,0.706,-4.063,735,40.87,-72.39,4.92,-87.96,0.88,-82.2
SOL-USDT-SWAP,1H,1D,0.002,0.02,0.02,148.0,0.317,-99.786,181,90,91,49.724,99.904,0.706,-4.078,735,25.1,-83.04,1.23,-95.09,0.32,-74.28
SOL-USDT-SWAP,1H,1D,0.002,0.02,0.025,148.0,0.024,-99.984,181,92,89,50.829,99.993,0.733,-4.087,735,31.68,-78.59,0.14,-99.57,0.02,-82.21
SOL-USDT-SWAP,1H,1D,0.002,0.02,0.03,148.0,0.046,-99.969,181,95,86,52.486,99.985,0.71,-4.086,735,27.75,-81.25,0.19,-99.31,0.05,-76.3
SOL-USDT-SWAP,1H,1D,0.002,0.03,0.005,148.0,0.692,-99.533,181,32,149,17.68,99.594,0.7,-4.068,735,72.43,-51.06,4.18,-94.23,0.69,-83.46
SOL-USDT-SWAP,1H,1D,0.002,0.03,0.008,148.0,0.093,-99.937,181,41,140,22.652,99.944,0.616,-4.085,735,38.08,-74.27,1.16,-96.95,0.09,-91.96
SOL-USDT-SWAP,1H,1D,0.002,0.03,0.01,148.0,0.031,-99.979,181,46,135,25.414,99.982,0.683,-4.086,735,48.53,-67.21,0.55,-98.86,0.03,-94.38
SOL-USDT-SWAP,1H,1D,0.002,0.03,0.015,148.0,0.107,-99.928,181,66,115,36.464,99.939,0.603,-4.084,735,27.15,-81.65,1.09,-96.0,0.11,-90.12
SOL-USDT-SWAP,1H,1D,0.002,0.03,0.02,148.0,0.009,-99.994,181,73,108,40.331,99.995,0.489,-4.087,735,9.69,-93.45,0.1,-98.93,0.01,-91.72
SOL-USDT-SWAP,1H,1D,0.002,0.03,0.025,148.0,0.001,-99.999,181,76,105,41.989,100.0,0.566,-4.087,735,14.58,-90.15,0.02,-99.88,0.0,-95.31
SOL-USDT-SWAP,1H,1D,0.002,0.03,0.03,148.0,0.001,-99.999,181,79,102,43.646,99.999,0.523,-4.087,735,11.83,-92.0,0.02,-99.8,0.0,-94.53
SOL-USDT-SWAP,1H,1D,0.003,0.004,0.005,148.0,2.521,-98.297,177,95,82,53.672,98.33,0.375,-4.018,735,81.51,-44.92,8.89,-89.1,2.52,-71.63
SOL-USDT-SWAP,1H,1D,0.003,0.004,0.008,148.0,5.015,-96.612,177,122,55,68.927,96.87,0.535,-3.949,735,135.67,-8.33,19.45,-85.66,5.01,-74.22
SOL-USDT-SWAP,1H,1D,0.003,0.004,0.01,148.0,8.568,-94.211,177,134,43,75.706,94.862,0.592,-3.851,735,155.74,5.23,26.98,-82.68,8.57,-68.24
SOL-USDT-SWAP,1H,1D,0.003,0.004,0.015,148.0,34.66,-76.581,177,153,24,86.441,87.184,0.693,-3.13,735,142.86,-3.48,55.35,-61.25,34.66,-37.38
SOL-USDT-SWAP,1H,1D,0.003,0.004,0.02,148.0,29.742,-79.904,177,158,19,89.266,88.527,0.665,-3.266,735,111.42,-24.72,52.74,-52.66,29.74,-43.61
SOL-USDT-SWAP,1H,1D,0.003,0.004,0.025,148.0,87.809,-40.67,177,165,12,93.22,79.167,0.877,-1.662,735,166.89,12.76,111.11,-33.42,87.81,-20.97
SOL-USDT-SWAP,1H,1D,0.003,0.004,0.03,148.0,284.509,92.236,177,170,7,96.045,73.936,1.286,3.77,735,217.22,46.77,198.02,-8.84,284.51,43.68
SOL-USDT-SWAP,1H,1D,0.003,0.006,0.005,148.0,11.263,-92.39,177,92,85,51.977,93.005,0.66,-3.776,735,118.41,-19.99,32.21,-72.8,11.26,-65.03
SOL-USDT-SWAP,1H,1D,0.003,0.006,0.008,148.0,29.576,-80.016,177,118,59,66.667,87.473,0.819,-3.27,735,192.12,29.81,87.26,-54.58,29.58,-66.11
SOL-USDT-SWAP,1H,1D,0.003,0.006,0.01,148.0,58.089,-60.75,177,130,47,73.446,83.316,0.888,-2.483,735,218.42,47.58,131.67,-39.71,58.09,-55.88
SOL-USDT-SWAP,1H,1D,0.003,0.006,0.015,148.0,266.918,80.35,177,149,28,84.181,61.67,1.101,3.284,735,227.73,53.87,358.53,57.44,266.92,-25.55
SOL-USDT-SWAP,1H,1D,0.003,0.006,0.02,148.0,196.594,32.834,177,154,23,87.006,68.94,1.043,1.342,735,166.84,12.73,325.88,95.33,196.59,-39.67
SOL-USDT-SWAP,1H,1D,0.003,0.006,0.025,148.0,433.643,193.002,177,160,17,90.395,63.006,1.171,7.888,735,243.01,64.2,462.82,90.45,433.64,-6.3
SOL-USDT-SWAP,1H,1D,0.003,0.006,0.03,148.0,1433.347,868.478,177,165,12,93.22,68.35,1.659,35.496,735,300.22,102.85,869.16,189.51,1433.35,64.91
SOL-USDT-SWAP,1H,1D,0.003,0.008,0.005,148.0,24.993,-83.113,177,85,92,48.023,88.091,0.802,-3.397,735,141.83,-4.17,60.24,-57.53,24.99,-58.51
SOL-USDT-SWAP,1H,1D,0.003,0.008,0.008,148.0,108.824,-26.47,177,112,65,63.277,75.396,0.969,-1.082,735,246.21,66.36,216.43,-12.1,108.82,-49.72
SOL-USDT-SWAP,1H,1D,0.003,0.008,0.01,148.0,239.988,62.154,177,124,53,70.056,69.853,1.054,2.54,735,277.95,87.81,339.78,22.24,239.99,-29.37
SOL-USDT-SWAP,1H,1D,0.003,0.008,0.015,148.0,1726.091,1066.278,177,144,33,81.356,53.776,1.439,43.581,735,342.18,131.2,1295.41,278.58,1726.09,33.25
SOL-USDT-SWAP,1H,1D,0.003,0.008,0.02,148.0,849.289,473.844,177,148,29,83.616,58.782,1.251,19.367,735,235.53,59.14,771.72,227.65,849.29,10.05
SOL-USDT-SWAP,1H,1D,0.003,0.008,0.025,148.0,1332.098,800.066,177,153,24,86.441,58.915,1.266,32.7,735,333.45,125.31,1093.87,228.04,1332.1,21.78
SOL-USDT-SWAP,1H,1D,0.003,0.008,0.03,148.0,6096.636,4019.349,177,159,18,89.831,65.64,1.809,164.279,735,391.0,164.19,2940.3,651.99,6096.64,107.35
SOL-USDT-SWAP,1H,1D,0.003,0.01,0.005,148.0,17.453,-88.208,177,72,105,40.678,92.391,0.808,-3.605,735,157.67,6.54,43.5,-72.41,17.45,-59.88
SOL-USDT-SWAP,1H,1D,0.003,0.01,0.008,148.0,55.133,-62.748,177,97,80,54.802,90.914,0.936,-2.565,735,292.1,97.36,130.67,-55.27,55.13,-57.81
SOL-USDT-SWAP,1H,1D,0.003,0.01,0.01,148.0,103.883,-29.808,177,108,69,61.017,87.189,0.971,-1.218,735,272.28,83.98,125.6,-53.87,103.88,-17.29
SOL-USDT-SWAP,1H,1D,0.003,0.01,0.015,148.0,669.2,352.162,177,129,48,72.881,68.099,1.201,14.394,735,241.23,62.99,413.63,71.47,669.2,61.79
SOL-USDT-SWAP,1H,1D,0.003,0.01,0.02,148.0,291.565,97.003,177,134,43,75.706,77.714,1.082,3.965,735,162.6,9.87,164.45,1.13,291.56,77.3
SOL-USDT-SWAP,1H,1D,0.003,0.01,0.025,148.0,304.655,105.848,177,139,38,78.531,92.117,1.044,4.326,735,458.35,209.7,152.41,-66.75,304.66,99.9
SOL-USDT-SWAP,1H,1D,0.003,0.01,0.03,148.0,530.667,258.559,177,143,34,80.791,90.898,1.13,10.568,735,393.95,166.18,150.19,-61.88,530.67,253.32
SOL-USDT-SWAP,1H,1D,0.003,0.012,0.005,148.0,13.766,-90.699,177,63,114,35.593,95.143,0.831,-3.707,735,161.21,8.92,45.64,-71.69,13.77,-69.84
SOL-USDT-SWAP,1H,1D,0.003,0.012,0.008,148.0,50.52,-65.865,177,88,89,49.718,92.396,0.943,-2.692,735,259.28,75.19,189.91,-26.76,50.52,-73.4
SOL-USDT-SWAP,1H,1D,0.003,0.012,0.01,148.0,89.554,-39.49,177,97,80,54.802,90.724,0.971,-1.614,735,259.39,75.26,233.75,-9.88,89.55,-61.69
SOL-USDT-SWAP,1H,1D,0.003,0.012,0.015,148.0,683.142,361.583,177,118,59,66.667,72.812,1.122,14.779,735,232.42,57.04,928.89,299.66,683.14,-26.46
SOL-USDT-SWAP,1H,1D,0.003,0.012,0.02,148.0,246.282,66.407,177,123,54,69.492,83.655,1.044,2.714,735,147.16,-0.57,243.2,65.26,246.28,1.27
SOL-USDT-SWAP,1H,1D,0.003,0.012,0.025,148.0,231.327,56.302,177,128,49,72.316,93.678,1.021,2.301,735,383.6,159.19,212.61,-44.58,231.33,8.8
SOL-USDT-SWAP,1H,1D,0.003,0.012,0.03,148.0,295.212,99.468,177,131,46,74.011,89.917,1.05,4.065,735,306.94,107.39,187.62,-38.87,295.21,57.35
SOL-USDT-SWAP,1H,1D,0.003,0.015,0.005,148.0,7.695,-94.801,177,52,125,29.379,97.301,0.811,-3.875,735,135.78,-8.26,24.4,-82.03,7.69,-68.47
SOL-USDT-SWAP,1H,1D,0.003,0.015,0.008,148.0,23.646,-84.023,177,75,102,42.373,97.166,0.914,-3.434,735,208.61,40.95,79.1,-62.08,23.65,-70.11
SOL-USDT-SWAP,1H,1D,0.003,0.015,0.01,148.0,52.844,-64.295,177,85,92,48.023,95.078,0.949,-2.628,735,204.39,38.1,149.62,-26.8,52.84,-64.68
SOL-USDT-SWAP,1H,1D,0.003,0.015,0.015,148.0,171.126,15.626,177,103,74,58.192,85.239,1.01,0.639,735,163.09,10.19,298.07,82.76,171.13,-42.59
SOL-USDT-SWAP,1H,1D,0.003,0.015,0.02,148.0,96.563,-34.755,177,111,66,62.712,89.283,0.963,-1.421,735,91.15,-38.41,90.88,-0.3,96.56,6.25
SOL-USDT-SWAP,1H,1D,0.003,0.015,0.025,148.0,31.264,-78.876,177,114,63,64.407,96.376,0.906,-3.224,735,104.1,-29.66,24.84,-76.14,31.26,25.84
SOL-USDT-SWAP,1H,1D,0.003,0.015,0.03,148.0,45.76,-69.081,177,116,61,65.537,95.696,0.909,-2.823,735,89.39,-39.6,24.48,-72.62,45.76,86.94
SOL-USDT-SWAP,1H,1D,0.003,0.02,0.005,148.0,4.318,-97.082,177,43,134,24.294,98.982,0.852,-3.968,735,213.07,43.97,17.08,-91.98,4.32,-74.72
SOL-USDT-SWAP,1H,1D,0.003,0.02,0.008,148.0,2.614,-98.234,177,58,119,32.768,99.214,0.849,-4.015,735,135.64,-8.35,22.31,-83.55,2.61,-88.29
SOL-USDT-SWAP,1H,1D,0.003,0.02,0.01,148.0,1.913,-98.707,177,64,113,36.158,99.305,0.838,-4.034,735,126.81,-14.32,14.19,-88.81,1.91,-86.51
SOL-USDT-SWAP,1H,1D,0.003,0.02,0.015,148.0,2.425,-98.362,177,81,96,45.763,99.28,0.822,-4.02,735,83.53,-43.56,14.74,-82.35,2.42,-83.55
SOL-USDT-SWAP,1H,1D,0.003,0.02,0.02,148.0,0.32,-99.784,177,88,89,49.718,99.899,0.744,-4.078,735,39.31,-73.44,1.42,-96.38,0.32,-77.55
SOL-USDT-SWAP,1H,1D,0.003,0.02,0.025,148.0,0.032,-99.979,177,90,87,50.847,99.99,0.758,-4.086,735,38.41,-74.05,0.2,-99.49,0.03,-83.84
SOL-USDT-SWAP,1H,1D,0.003,0.02,0.03,148.0,0.098,-99.934,177,94,83,53.107,99.975,0.818,-4.084,735,60.59,-59.06,0.44,-99.27,0.1,-77.94
SOL-USDT-SWAP,1H,1D,0.003,0.03,0.005,148.0,0.682,-99.539,177,31,146,17.514,99.612,0.693,-4.068,735,85.35,-42.33,3.46,-95.95,0.68,-80.28
SOL-USDT-SWAP,1H,1D,0.003,0.03,0.008,148.0,0.146,-99.902,177,42,135,23.729,99.93,0.691,-4.083,735,51.55,-65.17,1.81,-96.5,0.15,-91.93
SOL-USDT-SWAP,1H,1D,0.003,0.03,0.01,148.0,0.08,-99.946,177,47,130,26.554,99.957,0.674,-4.085,735,47.77,-67.72,1.04,-97.82,0.08,-92.3
SOL-USDT-SWAP,1H,1D,0.003,0.03,0.015,148.0,0.078,-99.947,177,63,114,35.593,99.957,0.592,-4.085,735,26.92,-81.81,0.8,-97.04,0.08,-90.17
SOL-USDT-SWAP,1H,1D,0.003,0.03,0.02,148.0,0.007,-99.996,177,71,106,40.113,99.996,0.497,-4.087,735,10.19,-93.11,0.08,-99.17,0.01,-92.22
SOL-USDT-SWAP,1H,1D,0.003,0.03,0.025,148.0,0.001,-99.999,177,75,102,42.373,99.999,0.577,-4.087,735,15.64,-89.43,0.03,-99.81,0.0,-95.41
SOL-USDT-SWAP,1H,1D,0.003,0.03,0.03,148.0,0.002,-99.999,177,78,99,44.068,99.999,0.536,-4.087,735,13.09,-91.15,0.03,-99.76,0.0,-94.52
SOL-USDT-SWAP,1H,1D,0.004,0.004,0.005,148.0,5.124,-96.538,171,98,73,57.31,96.737,0.437,-3.946,735,94.52,-36.13,15.02,-84.11,5.12,-65.88
SOL-USDT-SWAP,1H,1D,0.004,0.004,0.008,148.0,7.322,-95.053,171,120,51,70.175,95.4,0.534,-3.885,735,130.79,-11.63,22.11,-83.09,7.32,-66.88
SOL-USDT-SWAP,1H,1D,0.004,0.004,0.01,148.0,8.793,-94.059,171,129,42,75.439,94.629,0.55,-3.844,735,129.53,-12.48,32.09,-75.23,8.79,-72.6
SOL-USDT-SWAP,1H,1D,0.004,0.004,0.015,148.0,37.711,-74.519,171,148,23,86.55,85.818,0.688,-3.046,735,137.71,-6.95,60.22,-56.27,37.71,-37.38
SOL-USDT-SWAP,1H,1D,0.004,0.004,0.02,148.0,59.06,-60.095,171,155,16,90.643,83.631,0.804,-2.456,735,183.68,24.11,104.73,-42.98,59.06,-43.61
SOL-USDT-SWAP,1H,1D,0.004,0.004,0.025,148.0,108.947,-26.387,171,160,11,93.567,73.187,0.913,-1.078,735,160.88,8.71,137.86,-14.31,108.95,-20.97
SOL-USDT-SWAP,1H,1D,0.004,0.004,0.03,148.0,460.449,211.114,171,165,6,96.491,61.671,1.703,8.629,735,209.4,41.49,263.75,25.95,460.45,74.58
SOL-USDT-SWAP,1H,1D,0.004,0.006,0.005,148.0,24.127,-83.698,171,95,76,55.556,88.112,0.719,-3.421,735,122.03,-17.55,55.17,-54.79,24.13,-56.26
SOL-USDT-SWAP,1H,1D,0.004,0.006,0.008,148.0,47.883,-67.646,171,117,54,68.421,81.545,0.843,-2.765,735,177.63,20.02,105.8,-40.44,47.88,-54.74
SOL-USDT-SWAP,1H,1D,0.004,0.006,0.01,148.0,53.759,-63.676,171,125,46,73.099,79.144,0.86,-2.603,735,170.87,15.45,144.51,-15.43,53.76,-62.8
SOL-USDT-SWAP,1H,1D,0.004,0.006,0.015,148.0,221.698,49.796,171,143,28,83.626,72.28,1.069,2.035,735,210.55,42.26,353.0,67.66,221.7,-37.2
SOL-USDT-SWAP,1H,1D,0.004,0.006,0.02,148.0,308.971,108.764,171,150,21,87.719,78.396,1.097,4.445,735,274.22,85.29,606.96,121.34,308.97,-49.1
SOL-USDT-SWAP,1H,1D,0.004,0.006,0.025,148.0,481.222,225.15,171,155,16,90.643,77.373,1.195,9.202,735,224.68,51.81,741.16,229.88,481.22,-35.07
SOL-USDT-SWAP,1H,1D,0.004,0.006,0.03,148.0,2099.43,1318.533,171,160,11,93.567,58.024,1.715,53.891,735,277.57,87.55,1623.63,484.94,2099.43,29.3
SOL-USDT-SWAP,1H,1D,0.004,0.008,0.005,148.0,74.547,-49.63,171,90,81,52.632,72.959,0.917,-2.028,735,164.45,11.12,181.37,10.28,74.55,-58.9
SOL-USDT-SWAP,1H,1D,0.004,0.008,0.008,148.0,223.622,51.096,171,113,58,66.082,59.426,1.052,2.088,735,219.75,48.48,381.02,73.39,223.62,-41.31
SOL-USDT-SWAP,1H,1D,0.004,0.008,0.01,148.0,265.504,79.395,171,121,50,70.76,69.167,1.071,3.245,735,205.95,39.16,554.17,169.08,265.5,-52.09
SOL-USDT-SWAP,1H,1D,0.004,0.008,0.015,148.0,1558.89,953.304,171,140,31,81.871,68.072,1.349,38.963,735,305.4,106.35,1823.5,497.08,1558.89,-14.51
SOL-USDT-SWAP,1H,1D,0.004,0.008,0.02,148.0,1508.906,919.531,171,146,25,85.38,75.224,1.235,37.583,735,388.23,162.32,2274.57,485.88,1508.91,-33.66
SOL-USDT-SWAP,1H,1D,0.004,0.008,0.025,148.0,1738.353,1074.563,171,150,21,87.719,76.762,1.271,43.919,735,297.62,101.09,2502.72,740.92,1738.35,-30.54
SOL-USDT-SWAP,1H,1D,0.004,0.008,0.03,148.0,6736.264,4451.529,171,155,16,90.643,56.11,1.612,181.943,735,348.98,135.8,5034.02,1342.49,6736.26,33.81
SOL-USDT-SWAP,1H,1D,0.004,0.01,0.005,148.0,124.533,-15.856,171,82,89,47.953,72.771,0.982,-0.648,735,212.98,43.91,268.12,25.89,124.53,-53.55
SOL-USDT-SWAP,1H,1D,0.004,0.01,0.008,148.0,270.871,83.021,171,102,69,59.649,68.971,1.054,3.393,735,302.36,104.3,536.76,77.52,270.87,-49.54
SOL-USDT-SWAP,1H,1D,0.004,0.01,0.01,148.0,344.576,132.822,171,110,61,64.327,66.031,1.092,5.429,735,282.29,90.74,512.52,81.56,344.58,-32.77
SOL-USDT-SWAP,1H,1D,0.004,0.01,0.015,148.0,1592.661,976.122,171,128,43,74.854,61.605,1.362,39.896,735,326.67,120.72,1196.7,266.34,1592.66,33.09
SOL-USDT-SWAP,1H,1D,0.004,0.01,0.02,148.0,1600.949,981.723,171,135,36,78.947,73.267,1.216,40.125,735,523.96,254.02,1521.48,190.38,1600.95,5.22
SOL-USDT-SWAP,1H,1D,0.004,0.01,0.025,148.0,962.815,550.551,171,138,33,80.702,81.832,1.151,22.502,735,557.35,276.59,857.74,53.9,962.82,12.25
SOL-USDT-SWAP,1H,1D,0.004,0.01,0.03,148.0,3422.995,2212.835,171,143,28,83.626,77.374,1.401,90.443,735,665.87,349.91,1524.76,128.99,3423.0,124.49
SOL-USDT-SWAP,1H,1D,0.004,0.012,0.005,148.0,180.21,21.763,171,76,95,44.444,73.228,1.018,0.89,735,263.17,77.82,327.52,24.45,180.21,-44.98
SOL-USDT-SWAP,1H,1D,0.004,0.012,0.008,148.0,186.229,25.83,171,91,80,53.216,82.215,1.016,1.056,735,292.4,97.56,426.42,45.84,186.23,-56.33
SOL-USDT-SWAP,1H,1D,0.004,0.012,0.01,148.0,227.662,53.826,171,99,72,57.895,78.436,1.037,2.2,735,276.31,86.7,387.38,40.2,227.66,-41.23
SOL-USDT-SWAP,1H,1D,0.004,0.012,0.015,148.0,3335.639,2153.81,171,121,50,70.76,63.455,1.466,88.03,735,357.38,141.47,2062.96,477.25,3335.64,61.69
SOL-USDT-SWAP,1H,1D,0.004,0.012,0.02,148.0,2377.056,1506.119,171,127,44,74.269,74.435,1.238,61.558,735,605.71,309.26,1825.62,201.4,2377.06,30.21
SOL-USDT-SWAP,1H,1D,0.004,0.012,0.025,148.0,1213.482,719.92,171,130,41,76.023,82.718,1.159,29.425,735,608.83,311.37,857.74,40.88,1213.48,41.47
SOL-USDT-SWAP,1H,1D,0.004,0.012,0.03,148.0,2500.104,1589.26,171,133,38,77.778,74.41,1.323,64.956,735,529.92,258.05,995.03,87.77,2500.1,151.26
SOL-USDT-SWAP,1H,1D,0.004,0.015,0.005,148.0,49.033,-66.87,171,60,111,35.088,93.774,0.921,-2.733,735,243.61,64.6,84.71,-65.23,49.03,-42.12
SOL-USDT-SWAP,1H,1D,0.004,0.015,0.008,148.0,64.353,-56.518,171,77,94,45.029,94.706,0.954,-2.31,735,274.0,85.14,150.96,-44.9,64.35,-57.37
SOL-USDT-SWAP,1H,1D,0.004,0.015,0.01,148.0,124.177,-16.097,171,87,84,50.877,87.116,0.989,-0.658,735,254.26,71.8,263.81,3.75,124.18,-52.93
SOL-USDT-SWAP,1H,1D,0.004,0.015,0.015,148.0,590.414,298.929,171,105,66,61.404,85.08,1.129,12.218,735,246.3,66.42,532.76,116.31,590.41,10.82
SOL-USDT-SWAP,1H,1D,0.004,0.015,0.02,148.0,246.424,66.503,171,111,60,64.912,87.973,1.034,2.718,735,274.66,85.58,211.06,-23.15,246.42,16.75
SOL-USDT-SWAP,1H,1D,0.004,0.015,0.025,148.0,66.006,-55.402,171,113,58,66.082,96.588,0.959,-2.264,735,226.07,52.75,46.64,-79.37,66.01,41.53
SOL-USDT-SWAP,1H,1D,0.004,0.015,0.03,148.0,218.857,47.876,171,116,55,67.836,94.56,1.027,1.957,735,235.64,59.21,84.76,-64.03,218.86,158.21
SOL-USDT-SWAP,1H,1D,0.004,0.02,0.005,148.0,20.637,-86.056,171,48,123,28.07,97.397,0.893,-3.517,735,274.89,85.74,38.79,-85.89,20.64,-46.79
SOL-USDT-SWAP,1H,1D,0.004,0.02,0.008,148.0,8.839,-94.028,171,60,111,35.088,98.526,0.863,-3.843,735,196.87,33.02,22.09,-88.78,8.84,-59.99
SOL-USDT-SWAP,1H,1D,0.004,0.02,0.01,148.0,19.142,-87.066,171,71,100,41.52,96.295,0.851,-3.559,735,132.5,-10.47,38.81,-70.71,19.14,-50.68
SOL-USDT-SWAP,1H,1D,0.004,0.02,0.015,148.0,20.05,-86.453,171,85,86,49.708,98.221,0.858,-3.533,735,105.96,-28.41,21.97,-79.27,20.05,-8.72
SOL-USDT-SWAP,1H,1D,0.004,0.02,0.02,148.0,2.045,-98.618,171,89,82,52.047,99.799,0.813,-4.031,735,76.39,-48.39,3.08,-95.97,2.05,-33.55
SOL-USDT-SWAP,1H,1D,0.004,0.02,0.025,148.0,0.264,-99.821,171,90,81,52.632,99.975,0.805,-4.08,735,64.44,-56.46,0.55,-99.15,0.26,-51.53
SOL-USDT-SWAP,1H,1D,0.004,0.02,0.03,148.0,0.772,-99.478,171,93,78,54.386,99.947,0.824,-4.066,735,77.08,-47.92,0.87,-98.87,0.77,-11.52
SOL-USDT-SWAP,1H,1D,0.004,0.03,0.005,148.0,0.734,-99.504,171,30,141,17.544,99.551,0.589,-4.067,735,66.95,-54.77,3.64,-94.56,0.73,-79.85
SOL-USDT-SWAP,1H,1D,0.004,0.03,0.008,148.0,0.152,-99.897,171,40,131,23.392,99.919,0.651,-4.083,735,60.78,-58.93,1.54,-97.46,0.15,-90.12
SOL-USDT-SWAP,1H,1D,0.004,0.03,0.01,148.0,0.38,-99.743,171,51,120,29.825,99.775,0.596,-4.077,735,36.54,-75.31,3.22,-91.2,0.38,-88.2
SOL-USDT-SWAP,1H,1D,0.004,0.03,0.015,148.0,0.092,-99.938,171,62,109,36.257,99.944,0.527,-4.085,735,23.58,-84.07,0.62,-97.36,0.09,-85.3
SOL-USDT-SWAP,1H,1D,0.004,0.03,0.02,148.0,0.01,-99.993,171,69,102,40.351,99.994,0.514,-4.087,735,14.06,-90.5,0.1,-99.32,0.01,-89.78
SOL-USDT-SWAP,1H,1D,0.004,0.03,0.025,148.0,0.002,-99.999,171,72,99,42.105,99.999,0.53,-4.087,735,16.46,-88.88,0.04,-99.79,0.0,-94.29
SOL-USDT-SWAP,1H,1D,0.004,0.03,0.03,148.0,0.005,-99.997,171,76,95,44.444,99.998,0.629,-4.087,735,26.64,-82.0,0.06,-99.79,0.0,-91.54
SOL-USDT-SWAP,1H,1D,0.005,0.004,0.005,148.0,6.329,-95.724,163,94,69,57.669,95.97,0.448,-3.912,735,117.52,-20.6,15.73,-86.62,6.33,-59.76
SOL-USDT-SWAP,1H,1D,0.005,0.004,0.008,148.0,5.512,-96.276,163,111,52,68.098,96.716,0.479,-3.935,735,123.24,-16.73,14.98,-87.85,5.51,-63.2
SOL-USDT-SWAP,1H,1D,0.005,0.004,0.01,148.0,5.583,-96.228,163,119,44,73.006,96.521,0.476,-3.933,735,105.3,-28.85,17.93,-82.97,5.58,-68.86
SOL-USDT-SWAP,1H,1D,0.005,0.004,0.015,148.0,17.331,-88.29,163,137,26,84.049,93.219,0.573,-3.609,735,129.77,-12.32,28.23,-78.25,17.33,-38.61
SOL-USDT-SWAP,1H,1D,0.005,0.004,0.02,148.0,29.224,-80.254,163,145,18,88.957,92.517,0.687,-3.28,735,173.08,16.95,40.42,-76.65,29.22,-27.7
SOL-USDT-SWAP,1H,1D,0.005,0.004,0.025,148.0,33.767,-77.184,163,149,14,91.411,91.354,0.701,-3.155,735,151.6,2.44,43.58,-71.25,33.77,-22.52
SOL-USDT-SWAP,1H,1D,0.005,0.004,0.03,148.0,116.661,-21.175,163,154,9,94.479,77.595,0.925,-0.865,735,197.32,33.33,67.33,-65.88,116.66,73.26
SOL-USDT-SWAP,1H,1D,0.005,0.006,0.005,148.0,17.453,-88.207,163,87,76,53.374,92.049,0.692,-3.605,735,151.27,2.21,29.5,-80.5,17.45,-40.83
SOL-USDT-SWAP,1H,1D,0.005,0.006,0.008,148.0,19.418,-86.88,163,105,58,64.417,93.11,0.73,-3.551,735,157.45,6.39,33.21,-78.91,19.42,-41.53
SOL-USDT-SWAP,1H,1D,0.005,0.006,0.01,148.0,20.068,-86.44,163,113,50,69.325,92.032,0.73,-3.533,735,128.6,-13.11,39.78,-69.07,20.07,-49.55
SOL-USDT-SWAP,1H,1D,0.005,0.006,0.015,148.0,62.126,-58.023,163,131,32,80.368,87.109,0.848,-2.372,735,149.38,0.93,54.52,-63.5,62.13,13.95
SOL-USDT-SWAP,1H,1D,0.005,0.006,0.02,148.0,83.28,-43.729,163,139,24,85.276,89.52,0.912,-1.787,735,182.13,23.06,59.7,-67.22,83.28,39.5
SOL-USDT-SWAP,1H,1D,0.005,0.006,0.025,148.0,73.434,-50.383,163,143,20,87.73,90.759,0.891,-2.059,735,139.62,-5.66,48.17,-65.5,73.43,52.44
SOL-USDT-SWAP,1H,1D,0.005,0.006,0.03,148.0,312.042,110.839,163,148,15,90.798,75.879,1.213,4.53,735,160.63,8.53,88.05,-45.18,312.04,254.38
SOL-USDT-SWAP,1H,1D,0.005,0.008,0.005,148.0,42.564,-71.241,163,81,82,49.693,84.158,0.837,-2.912,735,163.9,10.74,73.68,-55.04,42.56,-42.23
SOL-USDT-SWAP,1H,1D,0.005,0.008,0.008,148.0,66.514,-55.058,163,100,63,61.35,78.155,0.894,-2.25,735,169.13,14.28,101.42,-40.03,66.51,-34.42
SOL-USDT-SWAP,1H,1D,0.005,0.008,0.01,148.0,72.45,-51.047,163,108,55,66.258,76.815,0.914,-2.086,735,159.15,7.53,132.32,-16.86,72.45,-45.25
SOL-USDT-SWAP,1H,1D,0.005,0.008,0.015,148.0,238.877,61.403,163,125,38,76.687,73.887,1.062,2.51,735,235.91,59.4,291.2,23.44,238.88,-17.97
SOL-USDT-SWAP,1H,1D,0.005,0.008,0.02,148.0,226.677,53.16,163,132,31,80.982,86.566,1.04,2.173,735,298.8,101.89,262.04,-12.3,226.68,-13.49
SOL-USDT-SWAP,1H,1D,0.005,0.008,0.025,148.0,141.176,-4.611,163,135,28,82.822,90.164,0.995,-0.188,735,229.06,54.77,143.67,-37.28,141.18,-1.74
SOL-USDT-SWAP,1H,1D,0.005,0.008,0.03,148.0,496.201,235.271,163,140,23,85.89,65.814,1.199,9.616,735,268.59,81.48,241.12,-10.23,496.2,105.79
SOL-USDT-SWAP,1H,1D,0.005,0.01,0.005,148.0,124.74,-15.716,163,78,85,47.853,71.958,0.98,-0.642,735,236.89,60.06,183.08,-22.72,124.74,-31.86
SOL-USDT-SWAP,1H,1D,0.005,0.01,0.008,148.0,179.618,21.364,163,95,68,58.282,74.108,1.023,0.873,735,258.54,74.69,182.01,-29.6,179.62,-1.31
SOL-USDT-SWAP,1H,1D,0.005,0.01,0.01,148.0,207.055,39.902,163,103,60,63.19,70.21,1.035,1.631,735,247.89,67.49,246.65,-0.5,207.05,-16.05
SOL-USDT-SWAP,1H,1D,0.005,0.01,0.015,148.0,865.561,484.839,163,120,43,73.62,74.586,1.201,19.816,735,396.0,167.57,628.55,58.73,865.56,37.71
SOL-USDT-SWAP,1H,1D,0.005,0.01,0.02,148.0,452.513,205.752,163,125,38,76.687,91.457,1.066,8.409,735,520.68,251.81,417.23,-19.87,452.51,8.46
SOL-USDT-SWAP,1H,1D,0.005,0.01,0.025,148.0,401.252,171.116,163,129,34,79.141,89.04,1.072,6.994,735,399.15,169.7,341.65,-14.41,401.25,17.45
SOL-USDT-SWAP,1H,1D,0.005,0.01,0.03,148.0,1623.206,996.761,163,134,29,82.209,64.212,1.296,40.74,735,476.87,222.21,682.69,43.16,1623.21,137.77
SOL-USDT-SWAP,1H,1D,0.005,0.012,0.005,148.0,38.795,-73.787,163,63,100,38.65,91.792,0.892,-3.016,735,242.2,63.65,77.09,-68.17,38.79,-49.67
SOL-USDT-SWAP,1H,1D,0.005,0.012,0.008,148.0,55.04,-62.811,163,81,82,49.693,91.455,0.914,-2.567,735,218.42,47.58,54.24,-75.17,55.04,1.48
SOL-USDT-SWAP,1H,1D,0.005,0.012,0.01,148.0,69.745,-52.875,163,90,73,55.215,90.732,0.942,-2.161,735,203.9,37.77,65.04,-68.1,69.74,7.23
SOL-USDT-SWAP,1H,1D,0.005,0.012,0.015,148.0,329.124,122.381,163,108,55,66.258,88.563,1.076,5.002,735,266.44,80.02,173.19,-35.0,329.12,90.03
SOL-USDT-SWAP,1H,1D,0.005,0.012,0.02,148.0,115.646,-21.861,163,113,50,69.325,97.272,0.99,-0.893,735,449.94,204.01,75.86,-83.14,115.65,52.44
SOL-USDT-SWAP,1H,1D,0.005,0.012,0.025,148.0,79.524,-46.268,163,117,46,71.779,97.967,0.977,-1.891,735,487.53,229.41,47.3,-90.3,79.52,68.13
SOL-USDT-SWAP,1H,1D,0.005,0.012,0.03,148.0,120.295,-18.72,163,120,43,73.62,96.878,0.99,-0.765,735,429.65,190.31,34.07,-92.07,120.3,253.1
SOL-USDT-SWAP,1H,1D,0.005,0.015,0.005,148.0,44.141,-70.175,163,56,107,34.356,93.005,0.914,-2.868,735,264.64,78.81,85.04,-67.86,44.14,-48.1
SOL-USDT-SWAP,1H,1D,0.005,0.015,0.008,148.0,52.475,-64.544,163,74,89,45.399,91.943,0.93,-2.638,735,210.48,42.22,95.84,-54.47,52.47,-45.25
SOL-USDT-SWAP,1H,1D,0.005,0.015,0.01,148.0,76.594,-48.248,163,83,80,50.92,90.903,0.96,-1.972,735,186.49,26.0,125.36,-32.78,76.59,-38.9
SOL-USDT-SWAP,1H,1D,0.005,0.015,0.015,148.0,186.993,26.347,163,98,65,60.123,91.393,1.016,1.077,735,192.63,30.16,173.68,-9.84,186.99,7.67
SOL-USDT-SWAP,1H,1D,0.005,0.015,0.02,148.0,101.726,-31.266,163,105,58,64.417,96.612,0.985,-1.278,735,311.27,110.32,90.03,-71.08,101.73,12.99
SOL-USDT-SWAP,1H,1D,0.005,0.015,0.025,148.0,110.235,-25.517,163,110,53,67.485,96.597,0.989,-1.043,735,428.71,189.67,78.35,-81.72,110.23,40.7
SOL-USDT-SWAP,1H,1D,0.005,0.015,0.03,148.0,216.766,46.464,163,113,50,69.325,95.995,1.016,1.899,735,527.01,256.09,82.55,-84.34,216.77,162.6
SOL-USDT-SWAP,1H,1D,0.005,0.02,0.005,148.0,16.968,-88.535,163,44,119,26.994,96.573,0.866,-3.619,735,247.79,67.43,36.89,-85.11,16.97,-54.0
SOL-USDT-SWAP,1H,1D,0.005,0.02,0.008,148.0,14.44,-90.243,163,60,103,36.81,97.182,0.858,-3.688,735,192.21,29.87,27.98,-85.44,14.44,-48.39
SOL-USDT-SWAP,1H,1D,0.005,0.02,0.01,148.0,18.346,-87.604,163,69,94,42.331,96.085,0.862,-3.581,735,162.79,9.99,28.0,-82.8,18.35,-34.49
SOL-USDT-SWAP,1H,1D,0.005,0.02,0.015,148.0,12.654,-91.45,163,81,82,49.693,98.448,0.852,-3.738,735,114.27,-22.79,14.56,-87.26,12.65,-13.1
SOL-USDT-SWAP,1H,1D,0.005,0.02,0.02,148.0,1.424,-99.038,163,85,78,52.147,99.838,0.812,-4.048,735,80.88,-45.35,2.06,-97.46,1.42,-30.74
SOL-USDT-SWAP,1H,1D,0.005,0.02,0.025,148.0,0.448,-99.697,163,87,76,53.374,99.959,0.817,-4.075,735,88.92,-39.92,0.83,-99.07,0.45,-45.9
SOL-USDT-SWAP,1H,1D,0.005,0.02,0.03,148.0,1.991,-98.655,163,92,71,56.442,99.87,0.852,-4.032,735,88.27,-40.36,2.03,-97.7,1.99,-1.8
SOL-USDT-SWAP,1H,1D,0.005,0.03,0.005,148.0,0.608,-99.589,163,26,137,15.951,99.604,0.485,-4.07,735,47.18,-68.12,3.75,-92.06,0.61,-83.77
SOL-USDT-SWAP,1H,1D,0.005,0.03,0.008,148.0,0.204,-99.862,163,39,124,23.926,99.887,0.562,-4.082,735,44.89,-69.67,1.55,-96.55,0.2,-86.87
SOL-USDT-SWAP,1H,1D,0.005,0.03,0.01,148.0,0.259,-99.825,163,48,115,29.448,99.841,0.539,-4.08,735,33.2,-77.57,1.6,-95.17,0.26,-83.89
SOL-USDT-SWAP,1H,1D,0.005,0.03,0.015,148.0,0.056,-99.962,163,58,105,35.583,99.974,0.598,-4.086,735,27.44,-81.46,0.42,-98.48,0.06,-86.6
SOL-USDT-SWAP,1H,1D,0.005,0.03,0.02,148.0,0.007,-99.995,163,65,98,39.877,99.997,0.622,-4.087,735,18.05,-87.8,0.07,-99.59,0.01,-90.32
SOL-USDT-SWAP,1H,1D,0.005,0.03,0.025,148.0,0.003,-99.998,163,69,94,42.331,99.998,0.648,-4.087,735,29.35,-80.17,0.06,-99.8,0.0,-94.21
SOL-USDT-SWAP,1H,1D,0.005,0.03,0.03,148.0,0.004,-99.997,163,73,90,44.785,99.998,0.666,-4.087,735,27.01,-81.75,0.05,-99.81,0.0,-91.47
SOL-USDT-SWAP,1H,1D,0.007,0.004,0.005,148.0,6.653,-95.505,147,82,65,55.782,95.764,0.418,-3.903,735,116.74,-21.12,17.65,-84.88,6.65,-62.3
SOL-USDT-SWAP,1H,1D,0.007,0.004,0.008,148.0,5.832,-96.059,147,98,49,66.667,96.287,0.454,-3.926,735,111.63,-24.58,21.73,-80.53,5.83,-73.16
SOL-USDT-SWAP,1H,1D,0.007,0.004,0.01,148.0,7.323,-95.052,147,107,40,72.789,95.519,0.454,-3.885,735,110.55,-25.3,25.1,-77.29,7.32,-70.83
SOL-USDT-SWAP,1H,1D,0.007,0.004,0.015,148.0,35.329,-76.129,147,126,21,85.714,84.604,0.595,-3.112,735,117.54,-20.58,40.65,-65.42,35.33,-13.09
SOL-USDT-SWAP,1H,1D,0.007,0.004,0.02,148.0,107.158,-27.596,147,135,12,91.837,70.018,0.879,-1.128,735,156.77,5.92,92.44,-41.03,107.16,15.92
SOL-USDT-SWAP,1H,1D,0.007,0.004,0.025,148.0,257.721,74.136,147,140,7,95.238,66.727,1.345,3.03,735,191.86,29.64,130.01,-32.24,257.72,98.23
SOL-USDT-SWAP,1H,1D,0.007,0.004,0.03,148.0,352.886,138.437,147,142,5,96.599,63.159,1.651,5.658,735,178.72,20.76,178.02,-0.39,352.89,98.23
SOL-USDT-SWAP,1H,1D,0.007,0.006,0.005,148.0,11.649,-92.129,147,73,74,49.66,93.888,0.647,-3.765,735,156.44,5.7,31.27,-80.01,11.65,-62.75
SOL-USDT-SWAP,1H,1D,0.007,0.006,0.008,148.0,21.4,-85.541,147,94,53,63.946,89.33,0.751,-3.496,735,173.97,17.55,64.11,-63.15,21.4,-66.62
SOL-USDT-SWAP,1H,1D,0.007,0.006,0.01,148.0,24.656,-83.34,147,102,45,69.388,88.713,0.753,-3.406,735,175.67,18.7,65.57,-62.67,24.66,-62.4
SOL-USDT-SWAP,1H,1D,0.007,0.006,0.015,148.0,111.565,-24.618,147,120,27,81.633,74.139,0.942,-1.006,735,194.17,31.2,101.65,-47.65,111.56,9.75
SOL-USDT-SWAP,1H,1D,0.007,0.006,0.02,148.0,220.439,48.945,147,128,19,87.075,72.273,1.076,2.0,735,269.23,81.91,154.18,-42.73,220.44,42.98
SOL-USDT-SWAP,1H,1D,0.007,0.006,0.025,148.0,423.67,186.264,147,133,14,90.476,74.033,1.25,7.613,735,335.97,127.0,178.14,-46.98,423.67,137.83
SOL-USDT-SWAP,1H,1D,0.007,0.006,0.03,148.0,532.019,259.472,147,135,12,91.837,67.467,1.322,10.605,735,312.96,111.46,190.69,-39.07,532.02,178.99
SOL-USDT-SWAP,1H,1D,0.007,0.008,0.005,148.0,20.699,-86.014,147,67,80,45.578,91.067,0.76,-3.516,735,174.63,17.99,42.68,-75.56,20.7,-51.5
SOL-USDT-SWAP,1H,1D,0.007,0.008,0.008,148.0,46.582,-68.526,147,88,59,59.864,82.32,0.875,-2.801,735,192.53,30.09,117.02,-39.22,46.58,-60.19
SOL-USDT-SWAP,1H,1D,0.007,0.008,0.01,148.0,54.441,-63.216,147,96,51,65.306,83.162,0.88,-2.584,735,189.42,27.99,117.28,-38.08,54.44,-53.58
SOL-USDT-SWAP,1H,1D,0.007,0.008,0.015,148.0,243.377,64.444,147,114,33,77.551,65.707,1.092,2.634,735,193.4,30.68,163.56,-15.43,243.38,48.8
SOL-USDT-SWAP,1H,1D,0.007,0.008,0.02,148.0,456.705,208.584,147,122,25,82.993,68.8,1.202,8.525,735,244.96,65.52,202.82,-17.21,456.7,125.18
SOL-USDT-SWAP,1H,1D,0.007,0.008,0.025,148.0,997.958,574.296,147,127,20,86.395,61.925,1.499,23.473,735,272.68,84.24,256.48,-5.94,997.96,289.1
SOL-USDT-SWAP,1H,1D,0.007,0.008,0.03,148.0,1050.96,610.108,147,129,18,87.755,59.744,1.542,24.936,735,220.2,48.78,230.25,4.56,1050.96,356.45
SOL-USDT-SWAP,1H,1D,0.007,0.01,0.005,148.0,39.167,-73.536,147,63,84,42.857,83.917,0.82,-3.006,735,164.91,11.43,62.33,-62.21,39.17,-37.16
SOL-USDT-SWAP,1H,1D,0.007,0.01,0.008,148.0,97.97,-33.804,147,83,64,56.463,71.295,0.957,-1.382,735,216.2,46.08,179.58,-16.94,97.97,-45.44
SOL-USDT-SWAP,1H,1D,0.007,0.01,0.01,148.0,164.599,11.215,147,92,55,62.585,68.154,1.012,0.458,735,260.21,75.82,244.63,-5.99,164.6,-32.72
SOL-USDT-SWAP,1H,1D,0.007,0.01,0.015,148.0,411.366,177.95,147,107,40,72.789,76.3,1.131,7.273,735,275.8,86.35,365.76,32.61,411.37,12.47
SOL-USDT-SWAP,1H,1D,0.007,0.01,0.02,148.0,472.174,219.036,147,114,33,77.551,87.981,1.114,8.952,735,362.64,145.03,322.23,-11.14,472.17,46.53
SOL-USDT-SWAP,1H,1D,0.007,0.01,0.025,148.0,509.522,244.272,147,118,29,80.272,81.733,1.152,9.984,735,411.29,177.9,236.65,-42.46,509.52,115.3
SOL-USDT-SWAP,1H,1D,0.007,0.01,0.03,148.0,610.99,312.831,147,120,27,81.633,73.623,1.208,12.786,735,332.13,124.41,214.77,-35.33,610.99,184.48
SOL-USDT-SWAP,1H,1D,0.007,0.012,0.005,148.0,35.6,-75.946,147,56,91,38.095,88.333,0.825,-3.104,735,182.52,23.33,43.93,-75.93,35.6,-18.96
SOL-USDT-SWAP,1H,1D,0.007,0.012,0.008,148.0,67.91,-54.115,147,74,73,50.34,80.468,0.916,-2.212,735,166.17,12.27,91.35,-45.02,67.91,-25.66
SOL-USDT-SWAP,1H,1D,0.007,0.012,0.01,148.0,133.346,-9.902,147,83,64,56.463,76.692,0.988,-0.405,735,210.04,41.92,138.41,-34.1,133.35,-3.66
SOL-USDT-SWAP,1H,1D,0.007,0.012,0.015,148.0,253.096,71.011,147,97,50,65.986,88.814,1.062,2.902,735,237.82,60.69,143.37,-39.71,253.1,76.53
SOL-USDT-SWAP,1H,1D,0.007,0.012,0.02,148.0,187.566,26.734,147,103,44,70.068,94.658,1.015,1.093,735,330.2,123.11,111.29,-66.3,187.57,68.53
SOL-USDT-SWAP,1H,1D,0.007,0.012,0.025,148.0,327.742,121.448,147,108,39,73.469,88.111,1.073,4.964,735,381.43,157.73,136.36,-64.25,327.74,140.35
SOL-USDT-SWAP,1H,1D,0.007,0.012,0.03,148.0,407.837,175.566,147,110,37,74.83,80.777,1.114,7.176,735,308.02,108.12,137.91,-55.23,407.84,195.74
SOL-USDT-SWAP,1H,1D,0.007,0.015,0.005,148.0,10.497,-92.907,147,43,104,29.252,96.114,0.756,-3.797,735,162.0,9.46,23.91,-85.24,10.5,-56.1
SOL-USDT-SWAP,1H,1D,0.007,0.015,0.008,148.0,32.357,-78.137,147,63,84,42.857,92.729,0.874,-3.194,735,153.01,3.38,51.32,-66.46,32.36,-36.94
SOL-USDT-SWAP,1H,1D,0.007,0.015,0.01,148.0,51.66,-65.094,147,71,76,48.299,89.076,0.903,-2.661,735,155.29,4.93,80.03,-48.47,51.66,-35.45
SOL-USDT-SWAP,1H,1D,0.007,0.015,0.015,148.0,126.716,-14.381,147,86,61,58.503,95.282,0.983,-0.588,735,164.41,11.08,54.14,-67.07,126.72,134.04
SOL-USDT-SWAP,1H,1D,0.007,0.015,0.02,148.0,71.1,-51.96,147,92,55,62.585,98.687,0.969,-2.124,735,415.28,180.6,30.98,-92.54,71.1,129.53
SOL-USDT-SWAP,1H,1D,0.007,0.015,0.025,148.0,61.915,-58.166,147,95,52,64.626,98.257,0.951,-2.377,735,317.05,114.22,20.85,-93.42,61.91,197.0
SOL-USDT-SWAP,1H,1D,0.007,0.015,0.03,148.0,46.196,-68.786,147,96,51,65.306,98.363,0.937,-2.811,735,287.53,94.28,12.64,-95.6,46.2,265.44
SOL-USDT-SWAP,1H,1D,0.007,0.02,0.005,148.0,5.463,-96.309,147,36,111,24.49,97.752,0.699,-3.936,735,136.26,-7.93,13.8,-89.87,5.46,-60.42
SOL-USDT-SWAP,1H,1D,0.007,0.02,0.008,148.0,9.7,-93.446,147,52,95,35.374,95.763,0.721,-3.819,735,94.1,-36.42,17.88,-81.0,9.7,-45.76
SOL-USDT-SWAP,1H,1D,0.007,0.02,0.01,148.0,9.419,-93.636,147,58,89,39.456,96.243,0.673,-3.827,735,69.04,-53.35,16.61,-75.94,9.42,-43.3
SOL-USDT-SWAP,1H,1D,0.007,0.02,0.015,148.0,14.601,-90.134,147,72,75,48.98,97.251,0.707,-3.684,735,44.16,-70.16,11.39,-74.21,14.6,28.23
SOL-USDT-SWAP,1H,1D,0.007,0.02,0.02,148.0,2.495,-98.314,147,75,72,51.02,99.611,0.682,-4.018,735,53.88,-63.6,1.69,-96.87,2.49,48.02
SOL-USDT-SWAP,1H,1D,0.007,0.02,0.025,148.0,1.78,-98.797,147,78,69,53.061,99.777,0.643,-4.038,735,38.11,-74.25,0.89,-97.66,1.78,100.0
SOL-USDT-SWAP,1H,1D,0.007,0.02,0.03,148.0,1.984,-98.66,147,80,67,54.422,99.847,0.691,-4.032,735,39.71,-73.17,0.81,-97.97,1.98,146.09
SOL-USDT-SWAP,1H,1D,0.007,0.03,0.005,148.0,0.482,-99.674,147,22,125,14.966,99.725,0.383,-4.074,735,51.87,-64.96,2.85,-94.51,0.48,-83.08
SOL-USDT-SWAP,1H,1D,0.007,0.03,0.008,148.0,0.42,-99.716,147,35,112,23.81,99.752,0.358,-4.076,735,30.38,-79.47,1.82,-94.01,0.42,-76.93
SOL-USDT-SWAP,1H,1D,0.007,0.03,0.01,148.0,0.679,-99.541,147,42,105,28.571,99.63,0.373,-4.068,735,28.99,-80.41,2.59,-91.05,0.68,-73.83
SOL-USDT-SWAP,1H,1D,0.007,0.03,0.015,148.0,0.108,-99.927,147,51,96,34.694,99.951,0.436,-4.084,735,16.91,-88.58,0.49,-97.09,0.11,-78.08
SOL-USDT-SWAP,1H,1D,0.007,0.03,0.02,148.0,0.012,-99.992,147,55,92,37.415,99.995,0.549,-4.087,735,25.65,-82.67,0.09,-99.64,0.01,-87.07
SOL-USDT-SWAP,1H,1D,0.007,0.03,0.025,148.0,0.013,-99.991,147,59,88,40.136,99.994,0.526,-4.087,735,20.23,-86.33,0.09,-99.55,0.01,-85.48
SOL-USDT-SWAP,1H,1D,0.007,0.03,0.03,148.0,0.008,-99.995,147,61,86,41.497,99.998,0.681,-4.087,735,36.94,-75.04,0.06,-99.84,0.01,-86.63
SOL-USDT-SWAP,1H,1D,0.01,0.004,0.005,148.0,5.26,-96.446,135,70,65,51.852,96.446,0.276,-3.942,735,62.99,-57.44,13.2,-79.05,5.26,-60.14
SOL-USDT-SWAP,1H,1D,0.01,0.004,0.008,148.0,16.166,-89.077,135,96,39,71.111,90.279,0.435,-3.641,735,81.62,-44.85,26.02,-68.12,16.17,-37.87
SOL-USDT-SWAP,1H,1D,0.01,0.004,0.01,148.0,18.913,-87.221,135,103,32,76.296,89.599,0.428,-3.565,735,66.67,-54.95,23.93,-64.11,18.91,-20.96
SOL-USDT-SWAP,1H,1D,0.01,0.004,0.015,148.0,52.124,-64.781,135,117,18,86.667,84.003,0.653,-2.648,735,110.36,-25.43,50.47,-54.26,52.12,3.27
SOL-USDT-SWAP,1H,1D,0.01,0.004,0.02,148.0,65.127,-55.995,135,122,13,90.37,80.154,0.698,-2.289,735,86.05,-41.86,58.11,-32.47,65.13,12.08
SOL-USDT-SWAP,1H,1D,0.01,0.004,0.025,148.0,204.775,38.361,135,128,7,94.815,66.129,1.211,1.568,735,128.86,-12.93,106.84,-17.09,204.77,91.66
SOL-USDT-SWAP,1H,1D,0.01,0.004,0.03,148.0,124.58,-15.825,135,128,7,94.815,77.831,0.913,-0.647,735,111.78,-24.47,65.0,-41.85,124.58,91.66
SOL-USDT-SWAP,1H,1D,0.01,0.006,0.005,148.0,17.993,-87.843,135,69,66,51.111,87.843,0.523,-3.59,735,70.88,-52.11,33.28,-53.06,17.99,-45.93
SOL-USDT-SWAP,1H,1D,0.01,0.006,0.008,148.0,76.244,-48.484,135,94,41,69.63,73.9,0.817,-1.982,735,99.56,-32.73,77.44,-22.22,76.24,-1.55
SOL-USDT-SWAP,1H,1D,0.01,0.006,0.01,148.0,97.681,-34.0,135,101,34,74.815,75.987,0.863,-1.39,735,79.51,-46.28,73.58,-7.46,97.68,32.75
SOL-USDT-SWAP,1H,1D,0.01,0.006,0.015,148.0,314.165,112.274,135,115,20,85.185,67.322,1.312,4.589,735,136.77,-7.59,170.88,24.94,314.16,83.85
SOL-USDT-SWAP,1H,1D,0.01,0.006,0.02,148.0,381.838,157.998,135,120,15,88.889,70.683,1.446,6.458,735,100.2,-32.3,187.68,87.31,381.84,103.45
SOL-USDT-SWAP,1H,1D,0.01,0.006,0.025,148.0,1064.312,619.129,135,125,10,92.593,67.373,2.997,25.305,735,102.02,-31.07,294.26,188.42,1064.31,261.69
SOL-USDT-SWAP,1H,1D,0.01,0.006,0.03,148.0,556.532,276.035,135,125,10,92.593,80.338,1.99,11.282,735,76.07,-48.6,153.87,102.28,556.53,261.69
SOL-USDT-SWAP,1H,1D,0.01,0.008,0.005,148.0,38.2,-74.189,135,65,70,48.148,74.685,0.702,-3.032,735,76.22,-48.5,60.4,-20.76,38.2,-36.75
SOL-USDT-SWAP,1H,1D,0.01,0.008,0.008,148.0,227.839,53.945,135,90,45,66.667,63.917,1.115,2.205,735,136.87,-7.52,175.58,28.28,227.84,29.77
SOL-USDT-SWAP,1H,1D,0.01,0.008,0.01,148.0,391.406,164.463,135,98,37,72.593,65.116,1.343,6.722,735,109.3,-26.15,202.79,85.53,391.41,93.01
SOL-USDT-SWAP,1H,1D,0.01,0.008,0.015,148.0,978.635,561.24,135,110,25,81.481,61.12,1.894,22.939,735,138.86,-6.17,345.76,148.99,978.64,183.04
SOL-USDT-SWAP,1H,1D,0.01,0.008,0.02,148.0,1550.253,947.468,135,116,19,85.926,52.163,2.24,38.725,735,130.03,-12.14,485.62,273.47,1550.25,219.23
SOL-USDT-SWAP,1H,1D,0.01,0.008,0.025,148.0,4447.017,2904.741,135,121,14,89.63,49.91,4.959,118.722,735,134.94,-8.82,754.3,458.98,4447.02,489.56
SOL-USDT-SWAP,1H,1D,0.01,0.008,0.03,148.0,2165.432,1363.13,135,121,14,89.63,66.672,3.422,55.714,735,100.61,-32.02,367.3,265.07,2165.43,489.56
SOL-USDT-SWAP,1H,1D,0.01,0.01,0.005,148.0,94.926,-35.861,135,63,72,46.667,59.163,0.907,-1.466,735,91.64,-38.08,131.69,43.7,94.93,-27.91
SOL-USDT-SWAP,1H,1D,0.01,0.01,0.008,148.0,581.958,293.215,135,86,49,63.704,47.628,1.318,11.984,735,187.05,26.38,421.59,125.39,581.96,38.04
SOL-USDT-SWAP,1H,1D,0.01,0.01,0.01,148.0,1060.986,616.882,135,94,41,69.63,55.137,1.611,25.213,735,149.38,0.93,511.08,242.14,1060.99,107.6
SOL-USDT-SWAP,1H,1D,0.01,0.01,0.015,148.0,2004.631,1254.481,135,105,30,77.778,49.115,2.023,51.273,735,200.72,35.62,539.13,168.59,2004.63,271.82
SOL-USDT-SWAP,1H,1D,0.01,0.01,0.02,148.0,2600.903,1657.367,135,111,24,82.222,50.028,2.076,67.74,735,191.51,29.4,647.88,238.3,2600.9,301.45
SOL-USDT-SWAP,1H,1D,0.01,0.01,0.025,148.0,8856.182,5883.907,135,116,19,85.926,42.447,4.226,240.487,735,202.5,36.82,1012.67,400.09,8856.18,774.54
SOL-USDT-SWAP,1H,1D,0.01,0.01,0.03,148.0,5524.598,3632.837,135,117,18,86.667,55.101,3.397,148.481,735,150.98,2.01,631.71,318.42,5524.6,774.54
SOL-USDT-SWAP,1H,1D,0.01,0.012,0.005,148.0,107.231,-27.547,135,57,78,42.222,48.583,0.94,-1.126,735,92.54,-37.47,136.11,47.08,107.23,-21.22
SOL-USDT-SWAP,1H,1D,0.01,0.012,0.008,148.0,419.124,183.192,135,76,59,56.296,46.136,1.222,7.487,735,138.59,-6.36,309.64,123.42,419.12,35.36
SOL-USDT-SWAP,1H,1D,0.01,0.012,0.01,148.0,469.706,217.369,135,82,53,60.741,54.792,1.248,8.884,735,103.44,-30.11,359.39,247.44,469.71,30.7
SOL-USDT-SWAP,1H,1D,0.01,0.012,0.015,148.0,839.677,467.349,135,94,41,69.63,79.157,1.279,19.101,735,228.4,54.33,421.49,84.54,839.68,99.22
SOL-USDT-SWAP,1H,1D,0.01,0.012,0.02,148.0,1034.331,598.872,135,100,35,74.074,83.839,1.274,24.477,735,221.96,49.98,493.03,122.12,1034.33,109.79
SOL-USDT-SWAP,1H,1D,0.01,0.012,0.025,148.0,4080.857,2657.336,135,105,30,77.778,54.425,1.782,108.61,735,239.04,61.52,1050.84,339.6,4080.86,288.34
SOL-USDT-SWAP,1H,1D,0.01,0.012,0.03,148.0,2999.538,1926.715,135,106,29,78.519,63.459,1.723,78.749,735,178.22,20.42,667.74,274.66,2999.54,349.21
SOL-USDT-SWAP,1H,1D,0.01,0.015,0.005,148.0,68.523,-53.701,135,47,88,34.815,74.457,0.87,-2.195,735,96.48,-34.81,61.28,-36.49,68.52,11.83
SOL-USDT-SWAP,1H,1D,0.01,0.015,0.008,148.0,340.029,129.749,135,66,69,48.889,61.305,1.148,5.303,735,174.73,18.06,176.55,1.04,340.03,92.6
SOL-USDT-SWAP,1H,1D,0.01,0.015,0.01,148.0,225.066,52.072,135,70,65,51.852,79.088,1.067,2.128,735,130.42,-11.88,117.81,-9.67,225.07,91.05
SOL-USDT-SWAP,1H,1D,0.01,0.015,0.015,148.0,185.096,25.065,135,80,55,59.259,95.42,1.016,1.024,735,329.49,122.63,77.98,-76.33,185.1,137.38
SOL-USDT-SWAP,1H,1D,0.01,0.015,0.02,148.0,229.199,54.864,135,86,49,63.704,94.663,1.032,2.242,735,328.96,122.27,95.0,-71.12,229.2,141.27
SOL-USDT-SWAP,1H,1D,0.01,0.015,0.025,148.0,1071.187,623.775,135,92,43,68.148,82.411,1.241,25.495,735,363.93,145.9,242.91,-33.25,1071.19,340.97
SOL-USDT-SWAP,1H,1D,0.01,0.015,0.03,148.0,678.151,358.21,135,93,42,68.889,85.25,1.187,14.641,735,271.34,83.33,142.77,-47.38,678.15,375.01
SOL-USDT-SWAP,1H,1D,0.01,0.02,0.005,148.0,30.894,-79.125,135,39,96,28.889,82.545,0.793,-3.234,735,76.29,-48.45,64.15,-15.92,30.89,-51.84
SOL-USDT-SWAP,1H,1D,0.01,0.02,0.008,148.0,73.26,-50.5,135,54,81,40.0,73.077,0.921,-2.064,735,96.2,-35.0,129.12,34.22,73.26,-43.26
SOL-USDT-SWAP,1H,1D,0.01,0.02,0.01,148.0,62.494,-57.774,135,59,76,43.704,83.114,0.893,-2.361,735,75.6,-48.92,71.56,-5.34,62.49,-12.67
SOL-USDT-SWAP,1H,1D,0.01,0.02,0.015,148.0,23.306,-84.253,135,67,68,49.63,97.343,0.843,-3.444,735,103.87,-29.82,15.8,-84.79,23.31,47.49
SOL-USDT-SWAP,1H,1D,0.01,0.02,0.02,148.0,39.449,-73.345,135,74,61,54.815,97.347,0.917,-2.998,735,217.71,47.1,24.54,-88.73,39.45,60.78
SOL-USDT-SWAP,1H,1D,0.01,0.02,0.025,148.0,93.214,-37.018,135,79,56,58.519,95.637,0.968,-1.513,735,246.22,66.36,36.64,-85.12,93.21,154.41
SOL-USDT-SWAP,1H,1D,0.01,0.02,0.03,148.0,43.163,-70.836,135,80,55,59.259,97.668,0.922,-2.895,735,183.57,24.04,16.91,-90.79,43.16,155.2
SOL-USDT-SWAP,1H,1D,0.01,0.03,0.005,148.0,4.445,-96.997,135,26,109,19.259,97.589,0.428,-3.964,735,55.57,-62.46,6.97,-87.45,4.44,-36.26
SOL-USDT-SWAP,1H,1D,0.01,0.03,0.008,148.0,4.687,-96.833,135,37,98,27.407,98.099,0.583,-3.958,735,58.69,-60.34,7.57,-87.11,4.69,-38.06
SOL-USDT-SWAP,1H,1D,0.01,0.03,0.01,148.0,2.34,-98.419,135,41,94,30.37,99.181,0.544,-4.023,735,43.11,-70.87,3.12,-92.77,2.34,-24.91
SOL-USDT-SWAP,1H,1D,0.01,0.03,0.015,148.0,0.167,-99.887,135,46,89,34.074,99.938,0.541,-4.083,735,28.2,-80.95,0.28,-99.0,0.17,-40.91
SOL-USDT-SWAP,1H,1D,0.01,0.03,0.02,148.0,0.082,-99.945,135,51,84,37.778,99.967,0.601,-4.085,735,44.73,-69.77,0.21,-99.53,0.08,-61.12
SOL-USDT-SWAP,1H,1D,0.01,0.03,0.025,148.0,0.296,-99.8,135,58,77,42.963,99.94,0.744,-4.079,735,72.79,-50.82,0.51,-99.3,0.3,-41.59
SOL-USDT-SWAP,1H,1D,0.01,0.03,0.03,148.0,0.067,-99.955,135,59,76,43.704,99.984,0.724,-4.085,735,47.06,-68.2,0.13,-99.72,0.07,-49.21
