pair,mode,signal_bar,float_pct,tp_pct,sl_pct,confirm,min_amp,max_amp,initial,final,total_return_pct,trades,wins,losses,win_rate_pct,max_dd_pct,profit_factor,monthly_pct,n_signals,y2024_end,y2024_pnl_pct,y2025_end,y2025_pnl_pct,y2026_end,y2026_pnl_pct
BTC-USDT-SWAP,reversal,4H,0.001,0.006,0.01,1,0.0,10.0,148.0,0.0,-100.0,1832,951,881,51.91,100.0,0.692,-5.474,3289,0.61,-99.59,0.0,-100.0,0.0,-21.42
BTC-USDT-SWAP,reversal,4H,0.001,0.006,0.015,1,0.0,10.0,148.0,0.0,-100.0,1832,997,835,54.42,100.0,0.836,-5.474,3289,4.24,-97.13,0.0,-100.0,0.0,-25.9
BTC-USDT-SWAP,reversal,4H,0.001,0.006,0.02,1,0.0,10.0,148.0,0.0,-100.0,1832,1007,825,54.97,100.0,0.795,-5.474,3289,5.56,-96.24,0.0,-100.0,0.0,-24.16
BTC-USDT-SWAP,reversal,4H,0.001,0.006,0.025,1,0.0,10.0,148.0,0.0,-100.0,1832,1007,825,54.97,100.0,0.809,-5.474,3289,5.9,-96.02,0.0,-100.0,0.0,-24.16
BTC-USDT-SWAP,reversal,4H,0.001,0.006,0.03,1,0.0,10.0,148.0,0.0,-100.0,1832,1009,823,55.08,100.0,0.829,-5.474,3289,7.04,-95.24,0.0,-100.0,0.0,-24.16
BTC-USDT-SWAP,reversal,4H,0.001,0.008,0.01,1,0.0,10.0,148.0,0.0,-100.0,1832,814,1018,44.43,100.0,0.667,-5.474,3289,0.04,-99.97,0.0,-100.0,0.0,-23.21
BTC-USDT-SWAP,reversal,4H,0.001,0.008,0.015,1,0.0,10.0,148.0,0.0,-100.0,1832,857,975,46.78,100.0,0.736,-5.474,3289,0.31,-99.79,0.0,-100.0,0.0,-27.58
BTC-USDT-SWAP,reversal,4H,0.001,0.008,0.02,1,0.0,10.0,148.0,0.0,-100.0,1832,867,965,47.33,100.0,0.664,-5.474,3289,0.38,-99.74,0.0,-100.0,0.0,-25.88
BTC-USDT-SWAP,reversal,4H,0.001,0.008,0.025,1,0.0,10.0,148.0,0.0,-100.0,1832,867,965,47.33,100.0,0.642,-5.474,3289,0.35,-99.77,0.0,-100.0,0.0,-25.88
BTC-USDT-SWAP,reversal,4H,0.001,0.008,0.03,1,0.0,10.0,148.0,0.0,-100.0,1832,869,963,47.43,100.0,0.693,-5.474,3289,0.46,-99.69,0.0,-100.0,0.0,-25.88
BTC-USDT-SWAP,reversal,4H,0.001,0.01,0.01,1,0.0,10.0,148.0,0.0,-100.0,1832,750,1082,40.94,100.0,0.671,-5.474,3289,0.02,-99.99,0.0,-100.0,0.0,-33.25
BTC-USDT-SWAP,reversal,4H,0.001,0.01,0.015,1,0.0,10.0,148.0,0.0,-100.0,1832,791,1041,43.18,100.0,0.748,-5.474,3289,0.12,-99.92,0.0,-100.0,0.0,-37.05
BTC-USDT-SWAP,reversal,4H,0.001,0.01,0.02,1,0.0,10.0,148.0,0.0,-100.0,1832,799,1033,43.61,100.0,0.669,-5.474,3289,0.09,-99.94,0.0,-100.0,0.0,-35.57
BTC-USDT-SWAP,reversal,4H,0.001,0.01,0.025,1,0.0,10.0,148.0,0.0,-100.0,1832,799,1033,43.61,100.0,0.641,-5.474,3289,0.06,-99.96,0.0,-100.0,0.0,-35.57
BTC-USDT-SWAP,reversal,4H,0.001,0.01,0.03,1,0.0,10.0,148.0,0.0,-100.0,1832,801,1031,43.72,100.0,0.688,-5.474,3289,0.07,-99.95,0.0,-100.0,0.0,-35.57
BTC-USDT-SWAP,reversal,4H,0.001,0.015,0.01,1,0.0,10.0,148.0,0.0,-100.0,1832,685,1147,37.39,100.0,0.603,-5.474,3289,0.0,-100.0,0.0,-100.0,0.0,-30.15
BTC-USDT-SWAP,reversal,4H,0.001,0.015,0.015,1,0.0,10.0,148.0,0.0,-100.0,1832,723,1109,39.47,100.0,0.67,-5.474,3289,0.0,-100.0,0.0,-100.0,0.0,-34.14
BTC-USDT-SWAP,reversal,4H,0.001,0.015,0.02,1,0.0,10.0,148.0,0.0,-100.0,1832,732,1100,39.96,100.0,0.588,-5.474,3289,0.0,-100.0,0.0,-100.0,0.0,-32.59
BTC-USDT-SWAP,reversal,4H,0.001,0.015,0.025,1,0.0,10.0,148.0,0.0,-100.0,1832,734,1098,40.07,100.0,0.56,-5.474,3289,0.0,-100.0,0.0,-100.0,0.0,-32.59
BTC-USDT-SWAP,reversal,4H,0.001,0.015,0.03,1,0.0,10.0,148.0,0.0,-100.0,1832,735,1097,40.12,100.0,0.602,-5.474,3289,0.0,-100.0,0.0,-100.0,0.0,-32.59
BTC-USDT-SWAP,reversal,4H,0.001,0.02,0.01,1,0.0,10.0,148.0,0.0,-100.0,1832,671,1161,36.63,100.0,0.602,-5.474,3289,0.0,-100.0,0.0,-100.0,0.0,-35.18
BTC-USDT-SWAP,reversal,4H,0.001,0.02,0.015,1,0.0,10.0,148.0,0.0,-100.0,1832,705,1127,38.48,100.0,0.648,-5.474,3289,0.01,-99.99,0.0,-100.0,0.0,-38.87
BTC-USDT-SWAP,reversal,4H,0.001,0.02,0.02,1,0.0,10.0,148.0,0.0,-100.0,1832,713,1119,38.92,100.0,0.566,-5.474,3289,0.0,-100.0,0.0,-100.0,0.0,-37.44
BTC-USDT-SWAP,reversal,4H,0.001,0.02,0.025,1,0.0,10.0,148.0,0.0,-100.0,1832,716,1116,39.08,100.0,0.567,-5.474,3289,0.0,-100.0,0.0,-100.0,0.0,-37.44
BTC-USDT-SWAP,reversal,4H,0.001,0.02,0.03,1,0.0,10.0,148.0,0.0,-100.0,1832,717,1115,39.14,100.0,0.608,-5.474,3289,0.0,-100.0,0.0,-100.0,0.0,-37.44
BTC-USDT-SWAP,reversal,4H,0.001,0.03,0.01,1,0.0,10.0,148.0,0.0,-100.0,1832,668,1164,36.46,100.0,0.591,-5.474,3289,0.0,-100.0,0.0,-100.0,0.0,-35.18
BTC-USDT-SWAP,reversal,4H,0.001,0.03,0.015,1,0.0,10.0,148.0,0.0,-100.0,1832,701,1131,38.26,100.0,0.636,-5.474,3289,0.01,-99.99,0.0,-100.0,0.0,-38.87
BTC-USDT-SWAP,reversal,4H,0.001,0.03,0.02,1,0.0,10.0,148.0,0.0,-100.0,1832,709,1123,38.7,100.0,0.559,-5.474,3289,0.01,-100.0,0.0,-100.0,0.0,-37.44
BTC-USDT-SWAP,reversal,4H,0.001,0.03,0.025,1,0.0,10.0,148.0,0.0,-100.0,1832,712,1120,38.86,100.0,0.569,-5.474,3289,0.01,-100.0,0.0,-100.0,0.0,-37.44
BTC-USDT-SWAP,reversal,4H,0.001,0.03,0.03,1,0.0,10.0,148.0,0.0,-100.0,1832,713,1119,38.92,100.0,0.61,-5.474,3289,0.01,-100.0,0.0,-100.0,0.0,-37.44
BTC-USDT-SWAP,reversal,4H,0.002,0.006,0.01,1,0.0,10.0,148.0,0.0,-100.0,1537,853,684,55.5,100.0,0.812,-5.474,3289,7.19,-95.14,0.0,-100.0,0.0,-11.79
BTC-USDT-SWAP,reversal,4H,0.002,0.006,0.015,1,0.0,10.0,148.0,0.0,-100.0,1537,887,650,57.71,100.0,0.938,-5.474,3289,32.25,-78.21,0.0,-100.0,0.0,-16.82
BTC-USDT-SWAP,reversal,4H,0.002,0.006,0.02,1,0.0,10.0,148.0,0.0,-100.0,1537,894,643,58.17,100.0,0.942,-5.474,3289,50.61,-65.8,0.0,-100.0,0.0,-13.85
BTC-USDT-SWAP,reversal,4H,0.002,0.006,0.025,1,0.0,10.0,148.0,0.0,-100.0,1537,894,643,58.17,100.0,0.929,-5.474,3289,34.64,-76.6,0.0,-100.0,0.0,-13.85
BTC-USDT-SWAP,reversal,4H,0.002,0.006,0.03,1,0.0,10.0,148.0,0.0,-100.0,1537,898,639,58.43,100.0,0.944,-5.474,3289,65.35,-55.84,0.0,-100.0,0.0,-13.85
BTC-USDT-SWAP,reversal,4H,0.002,0.008,0.01,1,0.0,10.0,148.0,0.0,-100.0,1537,715,822,46.52,100.0,0.762,-5.474,3289,2.4,-98.38,0.0,-100.0,0.0,-7.39
BTC-USDT-SWAP,reversal,4H,0.002,0.008,0.015,1,0.0,10.0,148.0,0.0,-100.0,1537,745,792,48.47,100.0,0.834,-5.474,3289,4.42,-97.01,0.0,-100.0,0.0,-12.67
BTC-USDT-SWAP,reversal,4H,0.002,0.008,0.02,1,0.0,10.0,148.0,0.0,-100.0,1537,753,784,48.99,100.0,0.815,-5.474,3289,7.26,-95.09,0.0,-100.0,0.0,-9.56
BTC-USDT-SWAP,reversal,4H,0.002,0.008,0.025,1,0.0,10.0,148.0,0.0,-100.0,1537,753,784,48.99,100.0,0.797,-5.474,3289,4.69,-96.83,0.0,-100.0,0.0,-9.56
BTC-USDT-SWAP,reversal,4H,0.002,0.008,0.03,1,0.0,10.0,148.0,0.0,-100.0,1537,756,781,49.19,100.0,0.823,-5.474,3289,9.03,-93.9,0.0,-100.0,0.0,-9.56
BTC-USDT-SWAP,reversal,4H,0.002,0.01,0.01,1,0.0,10.0,148.0,0.0,-100.0,1537,651,886,42.36,100.0,0.748,-5.474,3289,1.04,-99.3,0.0,-100.0,0.0,-11.15
BTC-USDT-SWAP,reversal,4H,0.002,0.01,0.015,1,0.0,10.0,148.0,0.0,-100.0,1537,677,860,44.05,100.0,0.771,-5.474,3289,1.06,-99.28,0.0,-100.0,0.0,-16.21
BTC-USDT-SWAP,reversal,4H,0.002,0.01,0.02,1,0.0,10.0,148.0,0.0,-100.0,1537,684,853,44.5,100.0,0.738,-5.474,3289,1.48,-99.0,0.0,-100.0,0.0,-13.22
BTC-USDT-SWAP,reversal,4H,0.002,0.01,0.025,1,0.0,10.0,148.0,0.0,-100.0,1537,684,853,44.5,100.0,0.716,-5.474,3289,0.76,-99.48,0.0,-100.0,0.0,-13.22
BTC-USDT-SWAP,reversal,4H,0.002,0.01,0.03,1,0.0,10.0,148.0,0.0,-100.0,1537,687,850,44.7,100.0,0.725,-5.474,3289,1.18,-99.2,0.0,-100.0,0.0,-13.22
BTC-USDT-SWAP,reversal,4H,0.002,0.015,0.01,1,0.0,10.0,148.0,0.0,-100.0,1537,580,957,37.74,100.0,0.715,-5.474,3289,0.08,-99.95,0.0,-100.0,0.0,-21.35
BTC-USDT-SWAP,reversal,4H,0.002,0.015,0.015,1,0.0,10.0,148.0,0.0,-100.0,1537,608,929,39.56,100.0,0.746,-5.474,3289,0.08,-99.95,0.0,-100.0,0.0,-25.83
BTC-USDT-SWAP,reversal,4H,0.002,0.015,0.02,1,0.0,10.0,148.0,0.0,-100.0,1537,616,921,40.08,100.0,0.708,-5.474,3289,0.07,-99.95,0.0,-100.0,0.0,-23.19
BTC-USDT-SWAP,reversal,4H,0.002,0.015,0.025,1,0.0,10.0,148.0,0.0,-100.0,1537,617,920,40.14,100.0,0.7,-5.474,3289,0.03,-99.98,0.0,-100.0,0.0,-23.19
BTC-USDT-SWAP,reversal,4H,0.002,0.015,0.03,1,0.0,10.0,148.0,0.0,-100.0,1537,619,918,40.27,100.0,0.696,-5.474,3289,0.03,-99.98,0.0,-100.0,0.0,-23.19
BTC-USDT-SWAP,reversal,4H,0.002,0.02,0.01,1,0.0,10.0,148.0,0.0,-100.0,1537,565,972,36.76,100.0,0.688,-5.474,3289,0.05,-99.96,0.0,-100.0,0.0,-26.32
BTC-USDT-SWAP,reversal,4H,0.002,0.02,0.015,1,0.0,10.0,148.0,0.0,-100.0,1537,591,946,38.45,100.0,0.724,-5.474,3289,0.05,-99.97,0.0,-100.0,0.0,-30.52
BTC-USDT-SWAP,reversal,4H,0.002,0.02,0.02,1,0.0,10.0,148.0,0.0,-100.0,1537,598,939,38.91,100.0,0.683,-5.474,3289,0.04,-99.97,0.0,-100.0,0.0,-28.04
BTC-USDT-SWAP,reversal,4H,0.002,0.02,0.025,1,0.0,10.0,148.0,0.0,-100.0,1537,600,937,39.04,100.0,0.677,-5.474,3289,0.02,-99.99,0.0,-100.0,0.0,-28.04
BTC-USDT-SWAP,reversal,4H,0.002,0.02,0.03,1,0.0,10.0,148.0,0.0,-100.0,1537,602,935,39.17,100.0,0.671,-5.474,3289,0.02,-99.98,0.0,-100.0,0.0,-28.04
BTC-USDT-SWAP,reversal,4H,0.002,0.03,0.01,1,0.0,10.0,148.0,0.0,-100.0,1537,561,976,36.5,100.0,0.672,-5.474,3289,0.08,-99.95,0.0,-100.0,0.0,-26.32
BTC-USDT-SWAP,reversal,4H,0.002,0.03,0.015,1,0.0,10.0,148.0,0.0,-100.0,1537,586,951,38.13,100.0,0.682,-5.474,3289,0.05,-99.97,0.0,-100.0,0.0,-30.52
BTC-USDT-SWAP,reversal,4H,0.002,0.03,0.02,1,0.0,10.0,148.0,0.0,-100.0,1537,594,943,38.65,100.0,0.686,-5.474,3289,0.07,-99.95,0.0,-100.0,0.0,-28.04
BTC-USDT-SWAP,reversal,4H,0.002,0.03,0.025,1,0.0,10.0,148.0,0.0,-100.0,1537,596,941,38.78,100.0,0.677,-5.474,3289,0.03,-99.98,0.0,-100.0,0.0,-28.04
BTC-USDT-SWAP,reversal,4H,0.002,0.03,0.03,1,0.0,10.0,148.0,0.0,-100.0,1537,598,939,38.91,100.0,0.672,-5.474,3289,0.04,-99.97,0.0,-100.0,0.0,-28.04
BTC-USDT-SWAP,reversal,4H,0.003,0.006,0.01,1,0.0,10.0,148.0,0.21,-99.86,1297,777,520,59.91,99.92,0.935,-5.467,3289,84.66,-42.8,0.25,-99.71,0.21,-13.9
BTC-USDT-SWAP,reversal,4H,0.003,0.006,0.015,1,0.0,10.0,148.0,0.53,-99.64,1297,800,497,61.68,99.97,0.982,-5.455,3289,245.91,66.16,0.66,-99.73,0.53,-18.81
BTC-USDT-SWAP,reversal,4H,0.003,0.006,0.02,1,0.0,10.0,148.0,1.59,-98.92,1297,809,488,62.37,99.96,0.992,-5.416,3289,515.05,248.01,1.87,-99.64,1.59,-14.92
BTC-USDT-SWAP,reversal,4H,0.003,0.006,0.025,1,0.0,10.0,148.0,2.21,-98.5,1297,812,485,62.61,99.93,0.99,-5.393,3289,419.99,183.78,2.6,-99.38,2.21,-14.92
BTC-USDT-SWAP,reversal,4H,0.003,0.006,0.03,1,0.0,10.0,148.0,1.73,-98.83,1297,813,484,62.68,99.95,0.991,-5.41,3289,552.07,273.02,2.03,-99.63,1.73,-14.92
BTC-USDT-SWAP,reversal,4H,0.003,0.008,0.01,1,0.0,10.0,148.0,0.0,-100.0,1297,653,644,50.35,100.0,0.905,-5.474,3289,56.49,-61.83,0.0,-100.0,0.0,-9.09
BTC-USDT-SWAP,reversal,4H,0.003,0.008,0.015,1,0.0,10.0,148.0,0.0,-100.0,1297,672,625,51.81,100.0,0.925,-5.474,3289,46.99,-68.25,0.0,-100.0,0.0,-14.27
BTC-USDT-SWAP,reversal,4H,0.003,0.008,0.02,1,0.0,10.0,148.0,0.0,-100.0,1297,679,618,52.35,100.0,0.943,-5.474,3289,99.75,-32.6,0.0,-100.0,0.0,-10.17
BTC-USDT-SWAP,reversal,4H,0.003,0.008,0.025,1,0.0,10.0,148.0,0.0,-100.0,1297,681,616,52.51,100.0,0.931,-5.474,3289,73.14,-50.58,0.0,-100.0,0.0,-10.17
BTC-USDT-SWAP,reversal,4H,0.003,0.008,0.03,1,0.0,10.0,148.0,0.0,-100.0,1297,683,614,52.66,100.0,0.95,-5.474,3289,153.1,3.45,0.0,-100.0,0.0,-10.17
BTC-USDT-SWAP,reversal,4H,0.003,0.01,0.01,1,0.0,10.0,148.0,0.0,-100.0,1297,581,716,44.8,100.0,0.827,-5.474,3289,12.89,-91.29,0.0,-100.0,0.0,-12.76
BTC-USDT-SWAP,reversal,4H,0.003,0.01,0.015,1,0.0,10.0,148.0,0.0,-100.0,1297,600,697,46.26,100.0,0.851,-5.474,3289,9.04,-93.89,0.0,-100.0,0.0,-17.73
BTC-USDT-SWAP,reversal,4H,0.003,0.01,0.02,1,0.0,10.0,148.0,0.0,-100.0,1297,606,691,46.72,100.0,0.829,-5.474,3289,10.69,-92.78,0.0,-100.0,0.0,-13.79
BTC-USDT-SWAP,reversal,4H,0.003,0.01,0.025,1,0.0,10.0,148.0,0.0,-100.0,1297,607,690,46.8,100.0,0.806,-5.474,3289,6.92,-95.32,0.0,-100.0,0.0,-13.79
BTC-USDT-SWAP,reversal,4H,0.003,0.01,0.03,1,0.0,10.0,148.0,0.0,-100.0,1297,609,688,46.95,100.0,0.83,-5.474,3289,14.64,-90.11,0.0,-100.0,0.0,-13.79
BTC-USDT-SWAP,reversal,4H,0.003,0.015,0.01,1,0.0,10.0,148.0,0.0,-100.0,1297,506,791,39.01,100.0,0.767,-5.474,3289,1.78,-98.8,0.0,-100.0,0.0,-25.34
BTC-USDT-SWAP,reversal,4H,0.003,0.015,0.015,1,0.0,10.0,148.0,0.0,-100.0,1297,529,768,40.79,100.0,0.783,-5.474,3289,0.84,-99.43,0.0,-100.0,0.0,-29.6
BTC-USDT-SWAP,reversal,4H,0.003,0.015,0.02,1,0.0,10.0,148.0,0.0,-100.0,1297,535,762,41.25,100.0,0.744,-5.474,3289,0.66,-99.55,0.0,-100.0,0.0,-26.22
BTC-USDT-SWAP,reversal,4H,0.003,0.015,0.025,1,0.0,10.0,148.0,0.0,-100.0,1297,536,761,41.33,100.0,0.729,-5.474,3289,0.31,-99.79,0.0,-100.0,0.0,-26.22
BTC-USDT-SWAP,reversal,4H,0.003,0.015,0.03,1,0.0,10.0,148.0,0.0,-100.0,1297,538,759,41.48,100.0,0.745,-5.474,3289,0.72,-99.51,0.0,-100.0,0.0,-26.22
BTC-USDT-SWAP,reversal,4H,0.003,0.02,0.01,1,0.0,10.0,148.0,0.0,-100.0,1297,487,810,37.55,100.0,0.661,-5.474,3289,0.43,-99.71,0.0,-100.0,0.0,-25.34
BTC-USDT-SWAP,reversal,4H,0.003,0.02,0.015,1,0.0,10.0,148.0,0.0,-100.0,1297,509,788,39.24,100.0,0.698,-5.474,3289,0.24,-99.83,0.0,-100.0,0.0,-29.6
BTC-USDT-SWAP,reversal,4H,0.003,0.02,0.02,1,0.0,10.0,148.0,0.0,-100.0,1297,515,782,39.71,100.0,0.659,-5.474,3289,0.26,-99.83,0.0,-100.0,0.0,-26.22
BTC-USDT-SWAP,reversal,4H,0.003,0.02,0.025,1,0.0,10.0,148.0,0.0,-100.0,1297,516,781,39.78,100.0,0.657,-5.474,3289,0.12,-99.92,0.0,-100.0,0.0,-26.22
BTC-USDT-SWAP,reversal,4H,0.003,0.02,0.03,1,0.0,10.0,148.0,0.0,-100.0,1297,518,779,39.94,100.0,0.662,-5.474,3289,0.28,-99.81,0.0,-100.0,0.0,-26.22
BTC-USDT-SWAP,reversal,4H,0.003,0.03,0.01,1,0.0,10.0,148.0,0.0,-100.0,1297,483,814,37.24,100.0,0.583,-5.474,3289,0.41,-99.72,0.0,-100.0,0.0,-25.34
BTC-USDT-SWAP,reversal,4H,0.003,0.03,0.015,1,0.0,10.0,148.0,0.0,-100.0,1297,503,794,38.78,100.0,0.602,-5.474,3289,0.15,-99.9,0.0,-100.0,0.0,-29.6
BTC-USDT-SWAP,reversal,4H,0.003,0.03,0.02,1,0.0,10.0,148.0,0.0,-100.0,1297,510,787,39.32,100.0,0.607,-5.474,3289,0.25,-99.83,0.0,-100.0,0.0,-26.22
BTC-USDT-SWAP,reversal,4H,0.003,0.03,0.025,1,0.0,10.0,148.0,0.0,-100.0,1297,511,786,39.4,100.0,0.606,-5.474,3289,0.11,-99.93,0.0,-100.0,0.0,-26.22
BTC-USDT-SWAP,reversal,4H,0.003,0.03,0.03,1,0.0,10.0,148.0,0.0,-100.0,1297,513,784,39.55,100.0,0.607,-5.474,3289,0.25,-99.83,0.0,-100.0,0.0,-26.22
BTC-USDT-SWAP,reversal,4H,0.005,0.006,0.01,1,0.0,10.0,148.0,549.43,271.24,942,633,309,67.2,92.28,1.013,14.849,3289,670.32,352.92,567.58,-15.33,549.43,-3.2
BTC-USDT-SWAP,reversal,4H,0.005,0.006,0.015,1,0.0,10.0,148.0,5123.87,3362.08,942,659,283,69.96,93.59,1.033,184.055,3289,4344.86,2835.71,5613.13,29.19,5123.87,-8.72
BTC-USDT-SWAP,reversal,4H,0.005,0.006,0.02,1,0.0,10.0,148.0,10073.21,6706.22,942,666,276,70.7,92.33,1.056,367.129,3289,5687.35,3742.8,10291.76,80.96,10073.21,-2.12
BTC-USDT-SWAP,reversal,4H,0.005,0.006,0.025,1,0.0,10.0,148.0,17443.81,11686.36,942,669,273,71.02,88.27,1.098,639.764,3289,4131.96,2691.87,17623.87,326.53,17443.81,-1.02
BTC-USDT-SWAP,reversal,4H,0.005,0.006,0.03,1,0.0,10.0,148.0,32827.95,22081.05,942,672,270,71.34,70.28,1.162,1208.817,3289,5743.95,3781.04,33008.01,474.66,32827.95,-0.55
BTC-USDT-SWAP,reversal,4H,0.005,0.008,0.01,1,0.0,10.0,148.0,4.93,-96.67,942,527,415,55.94,99.73,0.984,-5.292,3289,208.58,40.94,5.24,-97.49,4.93,-5.89
BTC-USDT-SWAP,reversal,4H,0.005,0.008,0.015,1,0.0,10.0,148.0,5.53,-96.26,942,546,396,57.96,99.83,0.991,-5.27,3289,469.97,217.55,6.23,-98.67,5.53,-11.25
BTC-USDT-SWAP,reversal,4H,0.005,0.008,0.02,1,0.0,10.0,148.0,6.01,-95.94,942,551,391,58.49,99.81,0.993,-5.252,3289,611.89,313.44,6.32,-98.97,6.01,-4.84
BTC-USDT-SWAP,reversal,4H,0.005,0.008,0.025,1,0.0,10.0,148.0,8.87,-94.0,942,554,388,58.81,99.54,0.991,-5.146,3289,385.11,160.21,9.33,-97.58,8.87,-4.84
BTC-USDT-SWAP,reversal,4H,0.005,0.008,0.03,1,0.0,10.0,148.0,27.19,-81.63,942,558,384,59.24,99.27,0.995,-4.469,3289,738.77,399.17,28.57,-96.13,27.19,-4.84
BTC-USDT-SWAP,reversal,4H,0.005,0.01,0.01,1,0.0,10.0,148.0,0.05,-99.96,942,456,486,48.41,99.99,0.926,-5.472,3289,52.48,-64.54,0.06,-99.89,0.05,-2.3
BTC-USDT-SWAP,reversal,4H,0.005,0.01,0.015,1,0.0,10.0,148.0,0.04,-99.97,942,473,469,50.21,99.99,0.935,-5.473,3289,64.99,-56.08,0.04,-99.94,0.04,-7.87
BTC-USDT-SWAP,reversal,4H,0.005,0.01,0.02,1,0.0,10.0,148.0,0.02,-99.99,942,475,467,50.42,100.0,0.945,-5.474,3289,84.07,-43.2,0.02,-99.98,0.02,-1.22
BTC-USDT-SWAP,reversal,4H,0.005,0.01,0.025,1,0.0,10.0,148.0,0.02,-99.99,942,477,465,50.64,100.0,0.937,-5.474,3289,58.93,-60.18,0.02,-99.96,0.02,-1.22
BTC-USDT-SWAP,reversal,4H,0.005,0.01,0.03,1,0.0,10.0,148.0,0.08,-99.95,942,479,463,50.85,99.99,0.961,-5.472,3289,138.68,-6.3,0.08,-99.94,0.08,-1.22
BTC-USDT-SWAP,reversal,4H,0.005,0.015,0.01,1,0.0,10.0,148.0,0.0,-100.0,942,393,549,41.72,100.0,0.808,-5.474,3289,7.63,-94.85,0.0,-100.0,0.0,-20.97
BTC-USDT-SWAP,reversal,4H,0.005,0.015,0.015,1,0.0,10.0,148.0,0.0,-100.0,942,405,537,42.99,100.0,0.746,-5.474,3289,2.49,-98.32,0.0,-100.0,0.0,-25.48
BTC-USDT-SWAP,reversal,4H,0.005,0.015,0.02,1,0.0,10.0,148.0,0.0,-100.0,942,408,534,43.31,100.0,0.712,-5.474,3289,1.68,-98.86,0.0,-100.0,0.0,-20.1
BTC-USDT-SWAP,reversal,4H,0.005,0.015,0.025,1,0.0,10.0,148.0,0.0,-100.0,942,409,533,43.42,100.0,0.687,-5.474,3289,0.61,-99.59,0.0,-100.0,0.0,-20.1
BTC-USDT-SWAP,reversal,4H,0.005,0.015,0.03,1,0.0,10.0,148.0,0.0,-100.0,942,411,531,43.63,100.0,0.724,-5.474,3289,2.05,-98.61,0.0,-100.0,0.0,-20.1
BTC-USDT-SWAP,reversal,4H,0.005,0.02,0.01,1,0.0,10.0,148.0,0.0,-100.0,942,372,570,39.49,100.0,0.736,-5.474,3289,2.79,-98.11,0.0,-100.0,0.0,-20.97
BTC-USDT-SWAP,reversal,4H,0.005,0.02,0.015,1,0.0,10.0,148.0,0.0,-100.0,942,387,555,41.08,100.0,0.671,-5.474,3289,0.83,-99.44,0.0,-100.0,0.0,-25.48
BTC-USDT-SWAP,reversal,4H,0.005,0.02,0.02,1,0.0,10.0,148.0,0.0,-100.0,942,392,550,41.61,100.0,0.641,-5.474,3289,0.8,-99.46,0.0,-100.0,0.0,-20.1
BTC-USDT-SWAP,reversal,4H,0.005,0.02,0.025,1,0.0,10.0,148.0,0.0,-100.0,942,392,550,41.61,100.0,0.623,-5.474,3289,0.29,-99.81,0.0,-100.0,0.0,-20.1
BTC-USDT-SWAP,reversal,4H,0.005,0.02,0.03,1,0.0,10.0,148.0,0.0,-100.0,942,394,548,41.83,100.0,0.651,-5.474,3289,0.97,-99.34,0.0,-100.0,0.0,-20.1
BTC-USDT-SWAP,reversal,4H,0.005,0.03,0.01,1,0.0,10.0,148.0,0.0,-100.0,942,366,576,38.85,100.0,0.649,-5.474,3289,1.3,-99.12,0.0,-100.0,0.0,-20.97
BTC-USDT-SWAP,reversal,4H,0.005,0.03,0.015,1,0.0,10.0,148.0,0.0,-100.0,942,379,563,40.23,100.0,0.575,-5.474,3289,0.34,-99.77,0.0,-100.0,0.0,-25.48
BTC-USDT-SWAP,reversal,4H,0.005,0.03,0.02,1,0.0,10.0,148.0,0.0,-100.0,942,385,557,40.87,100.0,0.584,-5.474,3289,0.46,-99.69,0.0,-100.0,0.0,-20.1
BTC-USDT-SWAP,reversal,4H,0.005,0.03,0.025,1,0.0,10.0,148.0,0.0,-100.0,942,385,557,40.87,100.0,0.577,-5.474,3289,0.15,-99.9,0.0,-100.0,0.0,-20.1
BTC-USDT-SWAP,reversal,4H,0.005,0.03,0.03,1,0.0,10.0,148.0,0.0,-100.0,942,387,555,41.08,100.0,0.592,-5.474,3289,0.52,-99.65,0.0,-100.0,0.0,-20.1
BTC-USDT-SWAP,reversal,4H,0.007,0.006,0.01,1,0.0,10.0,148.0,844.96,470.92,693,473,220,68.25,84.67,1.045,25.78,3289,925.91,525.62,958.37,3.51,844.96,-11.83
BTC-USDT-SWAP,reversal,4H,0.007,0.006,0.015,1,0.0,10.0,148.0,24301.09,16319.66,693,502,191,72.44,80.63,1.177,893.412,3289,9710.43,6461.1,25599.77,163.63,24301.09,-5.07
BTC-USDT-SWAP,reversal,4H,0.007,0.006,0.02,1,0.0,10.0,148.0,19507.73,13080.9,693,505,188,72.87,84.74,1.179,716.108,3289,4929.32,3230.62,20806.41,322.09,19507.73,-6.24
BTC-USDT-SWAP,reversal,4H,0.007,0.006,0.025,1,0.0,10.0,148.0,39451.9,26556.69,693,510,183,73.59,66.09,1.294,1453.833,3289,6988.17,4621.74,40750.58,483.14,39451.9,-3.19
BTC-USDT-SWAP,reversal,4H,0.007,0.006,0.03,1,0.0,10.0,148.0,49813.33,33557.65,693,513,180,74.03,52.12,1.361,1837.098,3289,8725.09,5795.33,51112.01,485.8,49813.33,-2.54
BTC-USDT-SWAP,reversal,4H,0.007,0.008,0.01,1,0.0,10.0,148.0,275.33,86.03,693,406,287,58.59,91.55,1.009,4.71,3289,691.19,367.02,306.39,-55.67,275.33,-10.14
BTC-USDT-SWAP,reversal,4H,0.007,0.008,0.015,1,0.0,10.0,148.0,1751.65,1083.54,693,430,263,62.05,95.31,1.029,59.318,3289,2963.03,1902.04,1885.27,-36.37,1751.65,-7.09
BTC-USDT-SWAP,reversal,4H,0.007,0.008,0.02,1,0.0,10.0,148.0,1317.93,790.49,693,433,260,62.48,95.84,1.03,43.275,3289,1557.48,952.35,1418.47,-8.93,1317.93,-7.09
BTC-USDT-SWAP,reversal,4H,0.007,0.008,0.025,1,0.0,10.0,148.0,3567.87,2310.72,693,438,255,63.2,92.55,1.055,126.499,3289,1878.92,1169.54,3840.04,104.37,3567.87,-7.09
BTC-USDT-SWAP,reversal,4H,0.007,0.008,0.03,1,0.0,10.0,148.0,6032.98,3976.34,693,440,253,63.49,84.29,1.083,217.683,3289,1925.53,1201.03,6493.21,237.22,6032.98,-7.09
BTC-USDT-SWAP,reversal,4H,0.007,0.01,0.01,1,0.0,10.0,148.0,2.43,-98.36,693,343,350,49.49,99.08,0.933,-5.385,3289,81.59,-44.87,2.88,-96.46,2.43,-15.8
BTC-USDT-SWAP,reversal,4H,0.007,0.01,0.015,1,0.0,10.0,148.0,6.74,-95.45,693,362,331,52.24,99.07,0.973,-5.225,3289,251.5,69.93,7.74,-96.92,6.74,-12.95
BTC-USDT-SWAP,reversal,4H,0.007,0.01,0.02,1,0.0,10.0,148.0,2.66,-98.2,693,364,329,52.53,99.19,0.95,-5.376,3289,112.72,-23.84,3.05,-97.29,2.66,-12.95
BTC-USDT-SWAP,reversal,4H,0.007,0.01,0.025,1,0.0,10.0,148.0,11.39,-92.31,693,370,323,53.39,98.42,0.973,-5.053,3289,186.89,26.28,13.08,-93.0,11.39,-12.95
BTC-USDT-SWAP,reversal,4H,0.007,0.01,0.03,1,0.0,10.0,148.0,13.99,-90.54,693,372,321,53.68,97.89,0.973,-4.957,3289,178.35,20.51,16.08,-90.99,13.99,-12.95
BTC-USDT-SWAP,reversal,4H,0.007,0.015,0.01,1,0.0,10.0,148.0,0.0,-100.0,693,277,416,39.97,100.0,0.681,-5.474,3289,5.66,-96.18,0.0,-99.95,0.0,-15.8
BTC-USDT-SWAP,reversal,4H,0.007,0.015,0.015,1,0.0,10.0,148.0,0.0,-100.0,693,290,403,41.85,100.0,0.658,-5.474,3289,5.49,-96.29,0.0,-99.98,0.0,-12.95
BTC-USDT-SWAP,reversal,4H,0.007,0.015,0.02,1,0.0,10.0,148.0,0.0,-100.0,693,291,402,41.99,100.0,0.603,-5.474,3289,2.21,-98.51,0.0,-99.98,0.0,-12.95
BTC-USDT-SWAP,reversal,4H,0.007,0.015,0.025,1,0.0,10.0,148.0,0.0,-100.0,693,294,399,42.42,100.0,0.624,-5.474,3289,2.85,-98.08,0.0,-99.97,0.0,-12.95
BTC-USDT-SWAP,reversal,4H,0.007,0.015,0.03,1,0.0,10.0,148.0,0.0,-100.0,693,294,399,42.42,100.0,0.622,-5.474,3289,2.94,-98.01,0.0,-99.97,0.0,-12.95
BTC-USDT-SWAP,reversal,4H,0.007,0.02,0.01,1,0.0,10.0,148.0,0.0,-100.0,693,263,430,37.95,100.0,0.653,-5.474,3289,3.95,-97.33,0.0,-99.99,0.0,-15.8
BTC-USDT-SWAP,reversal,4H,0.007,0.02,0.015,1,0.0,10.0,148.0,0.0,-100.0,693,277,416,39.97,100.0,0.617,-5.474,3289,3.56,-97.59,0.0,-100.0,0.0,-12.95
BTC-USDT-SWAP,reversal,4H,0.007,0.02,0.02,1,0.0,10.0,148.0,0.0,-100.0,693,279,414,40.26,100.0,0.58,-5.474,3289,1.44,-99.03,0.0,-100.0,0.0,-12.95
BTC-USDT-SWAP,reversal,4H,0.007,0.02,0.025,1,0.0,10.0,148.0,0.0,-100.0,693,281,412,40.55,100.0,0.591,-5.474,3289,1.82,-98.77,0.0,-100.0,0.0,-12.95
BTC-USDT-SWAP,reversal,4H,0.007,0.02,0.03,1,0.0,10.0,148.0,0.0,-100.0,693,281,412,40.55,100.0,0.581,-5.474,3289,1.88,-98.73,0.0,-100.0,0.0,-12.95
BTC-USDT-SWAP,reversal,4H,0.007,0.03,0.01,1,0.0,10.0,148.0,0.0,-100.0,693,256,437,36.94,100.0,0.638,-5.474,3289,2.81,-98.1,0.0,-99.99,0.0,-15.8
BTC-USDT-SWAP,reversal,4H,0.007,0.03,0.015,1,0.0,10.0,148.0,0.0,-100.0,693,270,423,38.96,100.0,0.653,-5.474,3289,3.24,-97.81,0.0,-100.0,0.0,-12.95
BTC-USDT-SWAP,reversal,4H,0.007,0.03,0.02,1,0.0,10.0,148.0,0.0,-100.0,693,273,420,39.39,100.0,0.616,-5.474,3289,1.63,-98.9,0.0,-100.0,0.0,-12.95
BTC-USDT-SWAP,reversal,4H,0.007,0.03,0.025,1,0.0,10.0,148.0,0.0,-100.0,693,275,418,39.68,100.0,0.624,-5.474,3289,1.99,-98.66,0.0,-100.0,0.0,-12.95
BTC-USDT-SWAP,reversal,4H,0.007,0.03,0.03,1,0.0,10.0,148.0,0.0,-100.0,693,275,418,39.68,100.0,0.614,-5.474,3289,2.06,-98.61,0.0,-100.0,0.0,-12.95
BTC-USDT-SWAP,reversal,4H,0.01,0.006,0.01,1,0.0,10.0,148.0,3515.61,2275.41,439,320,119,72.89,73.26,1.153,124.566,3289,1731.53,1069.95,3753.26,116.76,3515.61,-6.33
BTC-USDT-SWAP,reversal,4H,0.01,0.006,0.015,1,0.0,10.0,148.0,26290.09,17663.57,439,340,99,77.45,55.53,1.355,966.984,3289,4582.28,2996.13,27239.88,494.46,26290.09,-3.49
BTC-USDT-SWAP,reversal,4H,0.01,0.006,0.02,1,0.0,10.0,148.0,29031.83,19516.1,439,345,94,78.59,49.57,1.452,1068.4,3289,2618.35,1669.16,29981.63,1045.06,29031.83,-3.17
BTC-USDT-SWAP,reversal,4H,0.01,0.006,0.025,1,0.0,10.0,148.0,50176.77,33803.23,439,350,89,79.73,30.1,1.673,1850.542,3289,9148.2,6081.22,51126.57,458.87,50176.77,-1.86
BTC-USDT-SWAP,reversal,4H,0.01,0.006,0.03,1,0.0,10.0,148.0,58561.64,39468.67,439,353,86,80.41,34.91,1.942,2160.694,3289,7392.0,4894.6,59511.44,705.08,58561.64,-1.6
BTC-USDT-SWAP,reversal,4H,0.01,0.008,0.01,1,0.0,10.0,148.0,1408.63,851.78,439,273,166,62.19,86.0,1.057,46.63,3289,2514.02,1598.67,1503.85,-40.18,1408.63,-6.33
BTC-USDT-SWAP,reversal,4H,0.01,0.008,0.015,1,0.0,10.0,148.0,8335.73,5532.25,439,290,149,66.06,79.24,1.121,302.86,3289,6800.73,4495.09,8899.23,30.86,8335.73,-6.33
BTC-USDT-SWAP,reversal,4H,0.01,0.008,0.02,1,0.0,10.0,148.0,7011.33,4637.39,439,294,145,66.97,68.79,1.162,253.871,3289,3430.31,2217.78,7485.3,118.21,7011.33,-6.33
BTC-USDT-SWAP,reversal,4H,0.01,0.008,0.025,1,0.0,10.0,148.0,48878.26,32925.85,439,301,138,68.56,34.5,1.42,1802.51,3289,19822.31,13293.45,49828.06,151.37,48878.26,-1.91
BTC-USDT-SWAP,reversal,4H,0.01,0.008,0.03,1,0.0,10.0,148.0,50682.75,34145.1,439,303,136,69.02,39.01,1.457,1869.257,3289,16530.54,11069.28,51632.55,212.35,50682.75,-1.84
BTC-USDT-SWAP,reversal,4H,0.01,0.01,0.01,1,0.0,10.0,148.0,1174.94,693.88,439,248,191,56.49,86.27,1.033,37.986,3289,3696.71,2397.78,1254.37,-66.07,1174.94,-6.33
BTC-USDT-SWAP,reversal,4H,0.01,0.01,0.015,1,0.0,10.0,148.0,1852.42,1151.63,439,260,179,59.23,85.99,1.049,63.046,3289,4715.11,3085.88,1977.64,-58.06,1852.42,-6.33
BTC-USDT-SWAP,reversal,4H,0.01,0.01,0.02,1,0.0,10.0,148.0,1867.31,1161.7,439,264,175,60.14,77.0,1.073,63.597,3289,2150.89,1353.31,1993.54,-7.32,1867.31,-6.33
BTC-USDT-SWAP,reversal,4H,0.01,0.01,0.025,1,0.0,10.0,148.0,18895.11,12666.97,439,270,169,61.5,62.41,1.148,693.447,3289,9792.96,6516.86,19844.91,102.64,18895.11,-4.79
BTC-USDT-SWAP,reversal,4H,0.01,0.01,0.03,1,0.0,10.0,148.0,16050.0,10744.6,439,272,167,61.96,58.83,1.165,588.208,3289,6546.14,4323.06,16999.8,159.69,16050.0,-5.59
BTC-USDT-SWAP,reversal,4H,0.01,0.015,0.01,1,0.0,10.0,148.0,0.88,-99.4,439,189,250,43.05,99.7,0.876,-5.442,3289,68.18,-53.93,0.94,-98.62,0.88,-6.33
BTC-USDT-SWAP,reversal,4H,0.01,0.015,0.015,1,0.0,10.0,148.0,0.35,-99.76,439,195,244,44.42,99.86,0.872,-5.462,3289,66.5,-55.07,0.37,-99.44,0.35,-6.33
BTC-USDT-SWAP,reversal,4H,0.01,0.015,0.02,1,0.0,10.0,148.0,0.33,-99.78,439,198,241,45.1,99.83,0.838,-5.462,3289,32.89,-77.78,0.36,-98.92,0.33,-6.33
BTC-USDT-SWAP,reversal,4H,0.01,0.015,0.025,1,0.0,10.0,148.0,0.86,-99.42,439,201,238,45.79,99.75,0.91,-5.442,3289,94.53,-36.13,0.92,-99.02,0.86,-6.33
BTC-USDT-SWAP,reversal,4H,0.01,0.015,0.03,1,0.0,10.0,148.0,0.67,-99.55,439,202,237,46.01,99.8,0.897,-5.45,3289,66.1,-55.34,0.72,-98.91,0.67,-6.33
BTC-USDT-SWAP,reversal,4H,0.01,0.02,0.01,1,0.0,10.0,148.0,0.08,-99.95,439,174,265,39.64,99.95,0.746,-5.471,3289,21.35,-85.58,0.09,-99.6,0.08,-6.33
BTC-USDT-SWAP,reversal,4H,0.01,0.02,0.015,1,0.0,10.0,148.0,0.03,-99.98,439,182,257,41.46,99.98,0.711,-5.473,3289,16.67,-88.74,0.04,-99.79,0.03,-6.33
BTC-USDT-SWAP,reversal,4H,0.01,0.02,0.02,1,0.0,10.0,148.0,0.02,-99.99,439,184,255,41.91,99.99,0.638,-5.474,3289,6.43,-95.66,0.02,-99.64,0.02,-6.33
BTC-USDT-SWAP,reversal,4H,0.01,0.02,0.025,1,0.0,10.0,148.0,0.06,-99.96,439,187,252,42.6,99.96,0.746,-5.472,3289,20.2,-86.35,0.06,-99.69,0.06,-6.33
BTC-USDT-SWAP,reversal,4H,0.01,0.02,0.03,1,0.0,10.0,148.0,0.02,-99.98,439,187,252,42.6,99.98,0.706,-5.474,3289,13.15,-91.11,0.03,-99.81,0.02,-6.33
BTC-USDT-SWAP,reversal,4H,0.01,0.03,0.01,1,0.0,10.0,148.0,0.02,-99.98,439,168,271,38.27,99.98,0.693,-5.474,3289,17.37,-88.26,0.03,-99.86,0.02,-6.33
BTC-USDT-SWAP,reversal,4H,0.01,0.03,0.015,1,0.0,10.0,148.0,0.02,-99.99,439,178,261,40.55,99.99,0.726,-5.474,3289,18.9,-87.23,0.02,-99.89,0.02,-6.33
BTC-USDT-SWAP,reversal,4H,0.01,0.03,0.02,1,0.0,10.0,148.0,0.01,-99.99,439,179,260,40.77,99.99,0.655,-5.474,3289,6.84,-95.38,0.01,-99.88,0.01,-6.33
BTC-USDT-SWAP,reversal,4H,0.01,0.03,0.025,1,0.0,10.0,148.0,0.02,-99.99,439,182,257,41.46,99.99,0.75,-5.474,3289,21.6,-85.4,0.02,-99.91,0.02,-6.33
BTC-USDT-SWAP,reversal,4H,0.01,0.03,0.03,1,0.0,10.0,148.0,0.01,-100.0,439,182,257,41.46,100.0,0.714,-5.474,3289,14.07,-90.49,0.01,-99.95,0.01,-6.33
BTC-USDT-SWAP,fade,4H,0.001,0.006,0.01,1,0.0,10.0,148.0,0.0,-100.0,2397,1206,1191,50.31,100.0,0.658,-5.474,3289,0.01,-99.99,0.0,-100.0,0.0,-32.79
BTC-USDT-SWAP,fade,4H,0.001,0.006,0.015,1,0.0,10.0,148.0,0.0,-100.0,2397,1257,1140,52.44,100.0,0.778,-5.474,3289,0.12,-99.92,0.0,-100.0,0.0,-36.62
BTC-USDT-SWAP,fade,4H,0.001,0.006,0.02,1,0.0,10.0,148.0,0.0,-100.0,2397,1272,1125,53.07,100.0,0.707,-5.474,3289,0.19,-99.87,0.0,-100.0,0.0,-35.14
BTC-USDT-SWAP,fade,4H,0.001,0.006,0.025,1,0.0,10.0,148.0,0.0,-100.0,2397,1275,1122,53.19,100.0,0.722,-5.474,3289,0.15,-99.9,0.0,-100.0,0.0,-35.14
BTC-USDT-SWAP,fade,4H,0.001,0.006,0.03,1,0.0,10.0,148.0,0.0,-100.0,2397,1278,1119,53.32,100.0,0.734,-5.474,3289,0.18,-99.88,0.0,-100.0,0.0,-35.14
BTC-USDT-SWAP,fade,4H,0.001,0.008,0.01,1,0.0,10.0,148.0,0.0,-100.0,2397,1028,1369,42.89,100.0,0.666,-5.474,3289,0.0,-100.0,0.0,-100.0,0.0,-33.24
BTC-USDT-SWAP,fade,4H,0.001,0.008,0.015,1,0.0,10.0,148.0,0.0,-100.0,2397,1074,1323,44.81,100.0,0.704,-5.474,3289,0.01,-100.0,0.0,-100.0,0.0,-37.05
BTC-USDT-SWAP,fade,4H,0.001,0.008,0.02,1,0.0,10.0,148.0,0.0,-100.0,2397,1088,1309,45.39,100.0,0.616,-5.474,3289,0.01,-99.99,0.0,-100.0,0.0,-35.57
BTC-USDT-SWAP,fade,4H,0.001,0.008,0.025,1,0.0,10.0,148.0,0.0,-100.0,2397,1089,1308,45.43,100.0,0.6,-5.474,3289,0.01,-100.0,0.0,-100.0,0.0,-35.57
BTC-USDT-SWAP,fade,4H,0.001,0.008,0.03,1,0.0,10.0,148.0,0.0,-100.0,2397,1092,1305,45.56,100.0,0.645,-5.474,3289,0.01,-99.99,0.0,-100.0,0.0,-35.57
BTC-USDT-SWAP,fade,4H,0.001,0.01,0.01,1,0.0,10.0,148.0,0.0,-100.0,2397,945,1452,39.42,100.0,0.682,-5.474,3289,0.0,-100.0,0.0,-100.0,0.0,-44.01
BTC-USDT-SWAP,fade,4H,0.001,0.01,0.015,1,0.0,10.0,148.0,0.0,-100.0,2397,988,1409,41.22,100.0,0.723,-5.474,3289,0.0,-100.0,0.0,-100.0,0.0,-47.21
BTC-USDT-SWAP,fade,4H,0.001,0.01,0.02,1,0.0,10.0,148.0,0.0,-100.0,2397,998,1399,41.64,100.0,0.636,-5.474,3289,0.0,-100.0,0.0,-100.0,0.0,-45.97
BTC-USDT-SWAP,fade,4H,0.001,0.01,0.025,1,0.0,10.0,148.0,0.0,-100.0,2397,999,1398,41.68,100.0,0.618,-5.474,3289,0.0,-100.0,0.0,-100.0,0.0,-45.97
BTC-USDT-SWAP,fade,4H,0.001,0.01,0.03,1,0.0,10.0,148.0,0.0,-100.0,2397,1002,1395,41.8,100.0,0.658,-5.474,3289,0.0,-100.0,0.0,-100.0,0.0,-45.97
BTC-USDT-SWAP,fade,4H,0.001,0.015,0.01,1,0.0,10.0,148.0,0.0,-100.0,2397,852,1545,35.54,100.0,0.546,-5.474,3289,0.0,-100.0,0.0,-100.0,0.0,-41.41
BTC-USDT-SWAP,fade,4H,0.001,0.015,0.015,1,0.0,10.0,148.0,0.0,-100.0,2397,891,1506,37.17,100.0,0.556,-5.474,3289,0.0,-100.0,0.0,-100.0,0.0,-44.75
BTC-USDT-SWAP,fade,4H,0.001,0.015,0.02,1,0.0,10.0,148.0,0.0,-100.0,2397,902,1495,37.63,100.0,0.477,-5.474,3289,0.0,-100.0,0.0,-100.0,0.0,-43.46
BTC-USDT-SWAP,fade,4H,0.001,0.015,0.025,1,0.0,10.0,148.0,0.0,-100.0,2397,905,1492,37.76,100.0,0.465,-5.474,3289,0.0,-100.0,0.0,-100.0,0.0,-43.46
BTC-USDT-SWAP,fade,4H,0.001,0.015,0.03,1,0.0,10.0,148.0,0.0,-100.0,2397,906,1491,37.8,100.0,0.504,-5.474,3289,0.0,-100.0,0.0,-100.0,0.0,-43.46
BTC-USDT-SWAP,fade,4H,0.001,0.02,0.01,1,0.0,10.0,148.0,0.0,-100.0,2397,838,1559,34.96,100.0,0.585,-5.474,3289,0.0,-100.0,0.0,-100.0,0.0,-45.22
BTC-USDT-SWAP,fade,4H,0.001,0.02,0.015,1,0.0,10.0,148.0,0.0,-100.0,2397,873,1524,36.42,100.0,0.59,-5.474,3289,0.0,-100.0,0.0,-100.0,0.0,-48.34
BTC-USDT-SWAP,fade,4H,0.001,0.02,0.02,1,0.0,10.0,148.0,0.0,-100.0,2397,882,1515,36.8,100.0,0.515,-5.474,3289,0.0,-100.0,0.0,-100.0,0.0,-47.13
BTC-USDT-SWAP,fade,4H,0.001,0.02,0.025,1,0.0,10.0,148.0,0.0,-100.0,2397,886,1511,36.96,100.0,0.515,-5.474,3289,0.0,-100.0,0.0,-100.0,0.0,-47.13
BTC-USDT-SWAP,fade,4H,0.001,0.02,0.03,1,0.0,10.0,148.0,0.0,-100.0,2397,887,1510,37.0,100.0,0.555,-5.474,3289,0.0,-100.0,0.0,-100.0,0.0,-47.13
BTC-USDT-SWAP,fade,4H,0.001,0.03,0.01,1,0.0,10.0,148.0,0.0,-100.0,2397,832,1565,34.71,100.0,0.441,-5.474,3289,0.0,-100.0,0.0,-100.0,0.0,-45.22
BTC-USDT-SWAP,fade,4H,0.001,0.03,0.015,1,0.0,10.0,148.0,0.0,-100.0,2397,865,1532,36.09,100.0,0.488,-5.474,3289,0.0,-100.0,0.0,-100.0,0.0,-48.34
BTC-USDT-SWAP,fade,4H,0.001,0.03,0.02,1,0.0,10.0,148.0,0.0,-100.0,2397,874,1523,36.46,100.0,0.41,-5.474,3289,0.0,-100.0,0.0,-100.0,0.0,-47.13
BTC-USDT-SWAP,fade,4H,0.001,0.03,0.025,1,0.0,10.0,148.0,0.0,-100.0,2397,878,1519,36.63,100.0,0.42,-5.474,3289,0.0,-100.0,0.0,-100.0,0.0,-47.13
BTC-USDT-SWAP,fade,4H,0.001,0.03,0.03,1,0.0,10.0,148.0,0.0,-100.0,2397,879,1518,36.67,100.0,0.46,-5.474,3289,0.0,-100.0,0.0,-100.0,0.0,-47.13
BTC-USDT-SWAP,fade,4H,0.002,0.006,0.01,1,0.0,10.0,148.0,0.0,-100.0,2044,1090,954,53.33,100.0,0.798,-5.474,3289,2.48,-98.33,0.0,-100.0,0.0,-18.43
BTC-USDT-SWAP,fade,4H,0.002,0.006,0.015,1,0.0,10.0,148.0,0.0,-100.0,2044,1134,910,55.48,100.0,0.928,-5.474,3289,12.57,-91.5,0.0,-100.0,0.0,-23.08
BTC-USDT-SWAP,fade,4H,0.002,0.006,0.02,1,0.0,10.0,148.0,0.0,-100.0,2044,1148,896,56.16,100.0,0.939,-5.474,3289,27.62,-81.34,0.0,-100.0,0.0,-20.33
BTC-USDT-SWAP,fade,4H,0.002,0.006,0.025,1,0.0,10.0,148.0,0.0,-100.0,2044,1151,893,56.31,100.0,0.937,-5.474,3289,20.65,-86.05,0.0,-100.0,0.0,-20.33
BTC-USDT-SWAP,fade,4H,0.002,0.006,0.03,1,0.0,10.0,148.0,0.0,-100.0,2044,1156,888,56.56,100.0,0.949,-5.474,3289,35.22,-76.2,0.0,-100.0,0.0,-20.33
BTC-USDT-SWAP,fade,4H,0.002,0.008,0.01,1,0.0,10.0,148.0,0.0,-100.0,2044,905,1139,44.28,100.0,0.734,-5.474,3289,0.16,-99.89,0.0,-100.0,0.0,-12.71
BTC-USDT-SWAP,fade,4H,0.002,0.008,0.015,1,0.0,10.0,148.0,0.0,-100.0,2044,942,1102,46.09,100.0,0.774,-5.474,3289,0.26,-99.83,0.0,-100.0,0.0,-17.69
BTC-USDT-SWAP,fade,4H,0.002,0.008,0.02,1,0.0,10.0,148.0,0.0,-100.0,2044,956,1088,46.77,100.0,0.755,-5.474,3289,0.61,-99.59,0.0,-100.0,0.0,-14.75
BTC-USDT-SWAP,fade,4H,0.002,0.008,0.025,1,0.0,10.0,148.0,0.0,-100.0,2044,956,1088,46.77,100.0,0.727,-5.474,3289,0.34,-99.77,0.0,-100.0,0.0,-14.75
BTC-USDT-SWAP,fade,4H,0.002,0.008,0.03,1,0.0,10.0,148.0,0.0,-100.0,2044,960,1084,46.97,100.0,0.742,-5.474,3289,0.51,-99.66,0.0,-100.0,0.0,-14.75
BTC-USDT-SWAP,fade,4H,0.002,0.01,0.01,1,0.0,10.0,148.0,0.0,-100.0,2044,823,1221,40.26,100.0,0.744,-5.474,3289,0.06,-99.96,0.0,-100.0,0.0,-18.41
BTC-USDT-SWAP,fade,4H,0.002,0.01,0.015,1,0.0,10.0,148.0,0.0,-100.0,2044,854,1190,41.78,100.0,0.739,-5.474,3289,0.06,-99.96,0.0,-100.0,0.0,-23.07
BTC-USDT-SWAP,fade,4H,0.002,0.01,0.02,1,0.0,10.0,148.0,0.0,-100.0,2044,864,1180,42.27,100.0,0.698,-5.474,3289,0.08,-99.95,0.0,-100.0,0.0,-20.32
BTC-USDT-SWAP,fade,4H,0.002,0.01,0.025,1,0.0,10.0,148.0,0.0,-100.0,2044,864,1180,42.27,100.0,0.676,-5.474,3289,0.03,-99.98,0.0,-100.0,0.0,-20.32
BTC-USDT-SWAP,fade,4H,0.002,0.01,0.03,1,0.0,10.0,148.0,0.0,-100.0,2044,868,1176,42.47,100.0,0.675,-5.474,3289,0.03,-99.98,0.0,-100.0,0.0,-20.32
BTC-USDT-SWAP,fade,4H,0.002,0.015,0.01,1,0.0,10.0,148.0,0.0,-100.0,2044,726,1318,35.52,100.0,0.661,-5.474,3289,0.0,-100.0,0.0,-100.0,0.0,-27.78
BTC-USDT-SWAP,fade,4H,0.002,0.015,0.015,1,0.0,10.0,148.0,0.0,-100.0,2044,756,1288,36.99,100.0,0.643,-5.474,3289,0.0,-100.0,0.0,-100.0,0.0,-31.9
BTC-USDT-SWAP,fade,4H,0.002,0.015,0.02,1,0.0,10.0,148.0,0.0,-100.0,2044,766,1278,37.48,100.0,0.619,-5.474,3289,0.0,-100.0,0.0,-100.0,0.0,-29.47
BTC-USDT-SWAP,fade,4H,0.002,0.015,0.025,1,0.0,10.0,148.0,0.0,-100.0,2044,767,1277,37.52,100.0,0.615,-5.474,3289,0.0,-100.0,0.0,-100.0,0.0,-29.47
BTC-USDT-SWAP,fade,4H,0.002,0.015,0.03,1,0.0,10.0,148.0,0.0,-100.0,2044,769,1275,37.62,100.0,0.608,-5.474,3289,0.0,-100.0,0.0,-100.0,0.0,-29.47
BTC-USDT-SWAP,fade,4H,0.002,0.02,0.01,1,0.0,10.0,148.0,0.0,-100.0,2044,710,1334,34.74,100.0,0.635,-5.474,3289,0.0,-100.0,0.0,-100.0,0.0,-32.0
BTC-USDT-SWAP,fade,4H,0.002,0.02,0.015,1,0.0,10.0,148.0,0.0,-100.0,2044,737,1307,36.06,100.0,0.628,-5.474,3289,0.0,-100.0,0.0,-100.0,0.0,-35.88
BTC-USDT-SWAP,fade,4H,0.002,0.02,0.02,1,0.0,10.0,148.0,0.0,-100.0,2044,745,1299,36.45,100.0,0.605,-5.474,3289,0.0,-100.0,0.0,-100.0,0.0,-33.59
BTC-USDT-SWAP,fade,4H,0.002,0.02,0.025,1,0.0,10.0,148.0,0.0,-100.0,2044,747,1297,36.55,100.0,0.603,-5.474,3289,0.0,-100.0,0.0,-100.0,0.0,-33.59
BTC-USDT-SWAP,fade,4H,0.002,0.02,0.03,1,0.0,10.0,148.0,0.0,-100.0,2044,749,1295,36.64,100.0,0.595,-5.474,3289,0.0,-100.0,0.0,-100.0,0.0,-33.59
BTC-USDT-SWAP,fade,4H,0.002,0.03,0.01,1,0.0,10.0,148.0,0.0,-100.0,2044,703,1341,34.39,100.0,0.644,-5.474,3289,0.0,-100.0,0.0,-100.0,0.0,-32.0
BTC-USDT-SWAP,fade,4H,0.002,0.03,0.015,1,0.0,10.0,148.0,0.0,-100.0,2044,729,1315,35.67,100.0,0.629,-5.474,3289,0.0,-100.0,0.0,-100.0,0.0,-35.88
BTC-USDT-SWAP,fade,4H,0.002,0.03,0.02,1,0.0,10.0,148.0,0.0,-100.0,2044,738,1306,36.11,100.0,0.629,-5.474,3289,0.0,-100.0,0.0,-100.0,0.0,-33.59
BTC-USDT-SWAP,fade,4H,0.002,0.03,0.025,1,0.0,10.0,148.0,0.0,-100.0,2044,740,1304,36.2,100.0,0.626,-5.474,3289,0.0,-100.0,0.0,-100.0,0.0,-33.59
BTC-USDT-SWAP,fade,4H,0.002,0.03,0.03,1,0.0,10.0,148.0,0.0,-100.0,2044,742,1302,36.3,100.0,0.618,-5.474,3289,0.0,-100.0,0.0,-100.0,0.0,-33.59
BTC-USDT-SWAP,fade,4H,0.003,0.006,0.01,1,0.0,10.0,148.0,0.0,-100.0,1737,1012,725,58.26,100.0,0.862,-5.474,3289,40.15,-72.87,0.0,-99.99,0.0,-13.42
BTC-USDT-SWAP,fade,4H,0.003,0.006,0.015,1,0.0,10.0,148.0,0.02,-99.99,1737,1046,691,60.22,100.0,0.972,-5.474,3289,250.68,69.38,0.02,-99.99,0.02,-18.36
BTC-USDT-SWAP,fade,4H,0.003,0.006,0.02,1,0.0,10.0,148.0,0.23,-99.85,1737,1063,674,61.2,99.99,0.99,-5.466,3289,578.91,291.16,0.27,-99.95,0.23,-14.45
BTC-USDT-SWAP,fade,4H,0.003,0.006,0.025,1,0.0,10.0,148.0,0.28,-99.81,1737,1067,670,61.43,99.99,0.99,-5.464,3289,544.63,267.99,0.33,-99.94,0.28,-14.45
BTC-USDT-SWAP,fade,4H,0.003,0.006,0.03,1,0.0,10.0,148.0,0.56,-99.62,1737,1071,666,61.66,99.99,0.995,-5.454,3289,947.03,539.88,0.66,-99.93,0.56,-14.45
BTC-USDT-SWAP,fade,4H,0.003,0.008,0.01,1,0.0,10.0,148.0,0.0,-100.0,1737,837,900,48.19,100.0,0.83,-5.474,3289,4.53,-96.94,0.0,-100.0,0.0,-5.31
BTC-USDT-SWAP,fade,4H,0.003,0.008,0.015,1,0.0,10.0,148.0,0.0,-100.0,1737,866,871,49.86,100.0,0.92,-5.474,3289,8.89,-93.99,0.0,-100.0,0.0,-10.71
BTC-USDT-SWAP,fade,4H,0.003,0.008,0.02,1,0.0,10.0,148.0,0.0,-100.0,1737,880,857,50.66,100.0,0.932,-5.474,3289,21.37,-85.56,0.0,-100.0,0.0,-6.43
BTC-USDT-SWAP,fade,4H,0.003,0.008,0.025,1,0.0,10.0,148.0,0.0,-100.0,1737,882,855,50.78,100.0,0.916,-5.474,3289,14.36,-90.3,0.0,-100.0,0.0,-6.43
BTC-USDT-SWAP,fade,4H,0.003,0.008,0.03,1,0.0,10.0,148.0,0.0,-100.0,1737,886,851,51.01,100.0,0.934,-5.474,3289,35.15,-76.25,0.0,-100.0,0.0,-6.43
BTC-USDT-SWAP,fade,4H,0.003,0.01,0.01,1,0.0,10.0,148.0,0.0,-100.0,1737,745,992,42.89,100.0,0.69,-5.474,3289,0.3,-99.8,0.0,-100.0,0.0,-5.66
BTC-USDT-SWAP,fade,4H,0.003,0.01,0.015,1,0.0,10.0,148.0,0.0,-100.0,1737,769,968,44.27,100.0,0.75,-5.474,3289,0.2,-99.86,0.0,-100.0,0.0,-11.04
BTC-USDT-SWAP,fade,4H,0.003,0.01,0.02,1,0.0,10.0,148.0,0.0,-100.0,1737,780,957,44.91,100.0,0.717,-5.474,3289,0.32,-99.78,0.0,-100.0,0.0,-6.78
BTC-USDT-SWAP,fade,4H,0.003,0.01,0.025,1,0.0,10.0,148.0,0.0,-100.0,1737,781,956,44.96,100.0,0.696,-5.474,3289,0.18,-99.88,0.0,-100.0,0.0,-6.78
BTC-USDT-SWAP,fade,4H,0.003,0.01,0.03,1,0.0,10.0,148.0,0.0,-100.0,1737,785,952,45.19,100.0,0.705,-5.474,3289,0.47,-99.68,0.0,-100.0,0.0,-6.78
BTC-USDT-SWAP,fade,4H,0.003,0.015,0.01,1,0.0,10.0,148.0,0.0,-100.0,1737,645,1092,37.13,100.0,0.568,-5.474,3289,0.01,-99.99,0.0,-100.0,0.0,-18.47
BTC-USDT-SWAP,fade,4H,0.003,0.015,0.015,1,0.0,10.0,148.0,0.0,-100.0,1737,671,1066,38.63,100.0,0.628,-5.474,3289,0.0,-100.0,0.0,-100.0,0.0,-23.11
BTC-USDT-SWAP,fade,4H,0.003,0.015,0.02,1,0.0,10.0,148.0,0.0,-100.0,1737,680,1057,39.15,100.0,0.601,-5.474,3289,0.0,-100.0,0.0,-100.0,0.0,-19.43
BTC-USDT-SWAP,fade,4H,0.003,0.015,0.025,1,0.0,10.0,148.0,0.0,-100.0,1737,681,1056,39.21,100.0,0.603,-5.474,3289,0.0,-100.0,0.0,-100.0,0.0,-19.43
BTC-USDT-SWAP,fade,4H,0.003,0.015,0.03,1,0.0,10.0,148.0,0.0,-100.0,1737,684,1053,39.38,100.0,0.594,-5.474,3289,0.0,-100.0,0.0,-100.0,0.0,-19.43
BTC-USDT-SWAP,fade,4H,0.003,0.02,0.01,1,0.0,10.0,148.0,0.0,-100.0,1737,621,1116,35.75,100.0,0.478,-5.474,3289,0.0,-100.0,0.0,-100.0,0.0,-22.5
BTC-USDT-SWAP,fade,4H,0.003,0.02,0.015,1,0.0,10.0,148.0,0.0,-100.0,1737,646,1091,37.19,100.0,0.583,-5.474,3289,0.0,-100.0,0.0,-100.0,0.0,-26.92
BTC-USDT-SWAP,fade,4H,0.003,0.02,0.02,1,0.0,10.0,148.0,0.0,-100.0,1737,654,1083,37.65,100.0,0.561,-5.474,3289,0.0,-100.0,0.0,-100.0,0.0,-23.42
BTC-USDT-SWAP,fade,4H,0.003,0.02,0.025,1,0.0,10.0,148.0,0.0,-100.0,1737,655,1082,37.71,100.0,0.572,-5.474,3289,0.0,-100.0,0.0,-100.0,0.0,-23.42
BTC-USDT-SWAP,fade,4H,0.003,0.02,0.03,1,0.0,10.0,148.0,0.0,-100.0,1737,657,1080,37.82,100.0,0.56,-5.474,3289,0.0,-100.0,0.0,-100.0,0.0,-23.42
BTC-USDT-SWAP,fade,4H,0.003,0.03,0.01,1,0.0,10.0,148.0,0.0,-100.0,1737,615,1122,35.41,100.0,0.412,-5.474,3289,0.0,-100.0,0.0,-100.0,0.0,-22.5
BTC-USDT-SWAP,fade,4H,0.003,0.03,0.015,1,0.0,10.0,148.0,0.0,-100.0,1737,639,1098,36.79,100.0,0.474,-5.474,3289,0.0,-100.0,0.0,-100.0,0.0,-26.92
BTC-USDT-SWAP,fade,4H,0.003,0.03,0.02,1,0.0,10.0,148.0,0.0,-100.0,1737,649,1088,37.36,100.0,0.473,-5.474,3289,0.0,-100.0,0.0,-100.0,0.0,-23.42
BTC-USDT-SWAP,fade,4H,0.003,0.03,0.025,1,0.0,10.0,148.0,0.0,-100.0,1737,650,1087,37.42,100.0,0.485,-5.474,3289,0.0,-100.0,0.0,-100.0,0.0,-23.42
BTC-USDT-SWAP,fade,4H,0.003,0.03,0.03,1,0.0,10.0,148.0,0.0,-100.0,1737,652,1085,37.54,100.0,0.472,-5.474,3289,0.0,-100.0,0.0,-100.0,0.0,-23.42
BTC-USDT-SWAP,fade,4H,0.005,0.006,0.01,1,0.0,10.0,148.0,170.65,15.3,1277,842,435,65.94,96.23,1.001,0.838,3289,1388.95,838.48,174.99,-87.4,170.65,-2.48
BTC-USDT-SWAP,fade,4H,0.005,0.006,0.015,1,0.0,10.0,148.0,13967.78,9337.69,1277,880,397,68.91,89.82,1.049,511.187,3289,16615.45,11126.66,15075.31,-9.27,13967.78,-7.35
BTC-USDT-SWAP,fade,4H,0.005,0.006,0.02,1,0.0,10.0,148.0,42512.5,28624.66,1277,892,385,69.85,71.56,1.136,1567.044,3289,20313.6,13625.4,42566.8,109.55,42512.5,-0.13
BTC-USDT-SWAP,fade,4H,0.005,0.006,0.025,1,0.0,10.0,148.0,59546.74,40134.28,1277,898,379,70.32,52.24,1.19,2197.132,3289,25597.59,17195.67,59601.04,132.84,59546.74,-0.09
BTC-USDT-SWAP,fade,4H,0.005,0.006,0.03,1,0.0,10.0,148.0,76541.09,51616.95,1277,902,375,70.63,39.95,1.25,2825.746,3289,31540.65,21211.25,76595.4,142.85,76541.09,-0.07
BTC-USDT-SWAP,fade,4H,0.005,0.008,0.01,1,0.0,10.0,148.0,0.47,-99.68,1277,701,576,54.89,99.92,0.972,-5.457,3289,158.69,7.22,0.48,-99.7,0.47,-3.37
BTC-USDT-SWAP,fade,4H,0.005,0.008,0.015,1,0.0,10.0,148.0,1.26,-99.15,1277,729,548,57.09,99.91,0.989,-5.428,3289,523.6,253.79,1.38,-99.74,1.26,-8.88
BTC-USDT-SWAP,fade,4H,0.005,0.008,0.02,1,0.0,10.0,148.0,4.04,-97.27,1277,740,537,57.95,99.9,0.994,-5.325,3289,584.02,294.61,4.13,-99.29,4.04,-2.3
BTC-USDT-SWAP,fade,4H,0.005,0.008,0.025,1,0.0,10.0,148.0,8.31,-94.39,1277,745,532,58.34,99.78,0.995,-5.167,3289,460.08,210.86,8.5,-98.15,8.31,-2.3
BTC-USDT-SWAP,fade,4H,0.005,0.008,0.03,1,0.0,10.0,148.0,60.8,-58.92,1277,751,526,58.81,99.64,0.999,-3.226,3289,1473.09,895.33,62.23,-95.78,60.8,-2.3
BTC-USDT-SWAP,fade,4H,0.005,0.01,0.01,1,0.0,10.0,148.0,0.0,-100.0,1277,604,673,47.3,100.0,0.912,-5.474,3289,13.03,-91.2,0.0,-100.0,0.0,1.92
BTC-USDT-SWAP,fade,4H,0.005,0.01,0.015,1,0.0,10.0,148.0,0.0,-100.0,1277,629,648,49.26,100.0,0.928,-5.474,3289,23.12,-84.38,0.0,-100.0,0.0,-3.89
BTC-USDT-SWAP,fade,4H,0.005,0.01,0.02,1,0.0,10.0,148.0,0.0,-100.0,1277,636,641,49.8,100.0,0.94,-5.474,3289,25.37,-82.86,0.0,-100.0,0.0,3.05
BTC-USDT-SWAP,fade,4H,0.005,0.01,0.025,1,0.0,10.0,148.0,0.0,-100.0,1277,639,638,50.04,100.0,0.934,-5.474,3289,17.71,-88.03,0.0,-99.99,0.0,3.05
BTC-USDT-SWAP,fade,4H,0.005,0.01,0.03,1,0.0,10.0,148.0,0.01,-99.99,1277,642,635,50.27,100.0,0.96,-5.474,3289,61.48,-58.46,0.01,-99.99,0.01,3.05
BTC-USDT-SWAP,fade,4H,0.005,0.015,0.01,1,0.0,10.0,148.0,0.0,-100.0,1277,508,769,39.78,100.0,0.725,-5.474,3289,0.15,-99.9,0.0,-100.0,0.0,-18.91
BTC-USDT-SWAP,fade,4H,0.005,0.015,0.015,1,0.0,10.0,148.0,0.0,-100.0,1277,524,753,41.03,100.0,0.653,-5.474,3289,0.03,-99.98,0.0,-100.0,0.0,-23.53
BTC-USDT-SWAP,fade,4H,0.005,0.015,0.02,1,0.0,10.0,148.0,0.0,-100.0,1277,529,748,41.43,100.0,0.628,-5.474,3289,0.02,-99.99,0.0,-100.0,0.0,-18.01
BTC-USDT-SWAP,fade,4H,0.005,0.015,0.025,1,0.0,10.0,148.0,0.0,-100.0,1277,530,747,41.5,100.0,0.636,-5.474,3289,0.01,-100.0,0.0,-100.0,0.0,-18.01
BTC-USDT-SWAP,fade,4H,0.005,0.015,0.03,1,0.0,10.0,148.0,0.0,-100.0,1277,533,744,41.74,100.0,0.635,-5.474,3289,0.03,-99.98,0.0,-100.0,0.0,-18.01
BTC-USDT-SWAP,fade,4H,0.005,0.02,0.01,1,0.0,10.0,148.0,0.0,-100.0,1277,477,800,37.35,100.0,0.686,-5.474,3289,0.04,-99.98,0.0,-100.0,0.0,-18.91
BTC-USDT-SWAP,fade,4H,0.005,0.02,0.015,1,0.0,10.0,148.0,0.0,-100.0,1277,495,782,38.76,100.0,0.612,-5.474,3289,0.01,-99.99,0.0,-100.0,0.0,-23.53
BTC-USDT-SWAP,fade,4H,0.005,0.02,0.02,1,0.0,10.0,148.0,0.0,-100.0,1277,502,775,39.31,100.0,0.59,-5.474,3289,0.01,-99.99,0.0,-100.0,0.0,-18.01
BTC-USDT-SWAP,fade,4H,0.005,0.02,0.025,1,0.0,10.0,148.0,0.0,-100.0,1277,502,775,39.31,100.0,0.6,-5.474,3289,0.0,-100.0,0.0,-100.0,0.0,-18.01
BTC-USDT-SWAP,fade,4H,0.005,0.02,0.03,1,0.0,10.0,148.0,0.0,-100.0,1277,505,772,39.55,100.0,0.596,-5.474,3289,0.01,-99.99,0.0,-100.0,0.0,-18.01
BTC-USDT-SWAP,fade,4H,0.005,0.03,0.01,1,0.0,10.0,148.0,0.0,-100.0,1277,469,808,36.73,100.0,0.594,-5.474,3289,0.02,-99.99,0.0,-100.0,0.0,-18.91
BTC-USDT-SWAP,fade,4H,0.005,0.03,0.015,1,0.0,10.0,148.0,0.0,-100.0,1277,486,791,38.06,100.0,0.519,-5.474,3289,0.0,-100.0,0.0,-100.0,0.0,-23.53
BTC-USDT-SWAP,fade,4H,0.005,0.03,0.02,1,0.0,10.0,148.0,0.0,-100.0,1277,494,783,38.68,100.0,0.516,-5.474,3289,0.0,-100.0,0.0,-100.0,0.0,-18.01
BTC-USDT-SWAP,fade,4H,0.005,0.03,0.025,1,0.0,10.0,148.0,0.0,-100.0,1277,494,783,38.68,100.0,0.534,-5.474,3289,0.0,-100.0,0.0,-100.0,0.0,-18.01
BTC-USDT-SWAP,fade,4H,0.005,0.03,0.03,1,0.0,10.0,148.0,0.0,-100.0,1277,497,780,38.92,100.0,0.525,-5.474,3289,0.0,-100.0,0.0,-100.0,0.0,-18.01
BTC-USDT-SWAP,fade,4H,0.007,0.006,0.01,1,0.0,10.0,148.0,1175.58,694.31,956,652,304,68.2,93.73,1.017,38.01,3289,4084.32,2659.67,1271.29,-68.87,1175.58,-7.53
BTC-USDT-SWAP,fade,4H,0.007,0.006,0.015,1,0.0,10.0,148.0,73522.27,49577.21,956,694,262,72.59,49.25,1.328,2714.081,3289,42698.74,28750.5,74095.05,73.53,73522.27,-0.77
BTC-USDT-SWAP,fade,4H,0.007,0.006,0.02,1,0.0,10.0,148.0,72912.53,49165.22,956,699,257,73.12,51.72,1.333,2691.527,3289,33238.1,22358.18,73485.31,121.09,72912.53,-0.78
BTC-USDT-SWAP,fade,4H,0.007,0.006,0.025,1,0.0,10.0,148.0,93984.76,63403.22,956,706,250,73.85,41.77,1.437,3470.979,3289,42429.14,28568.34,94557.54,122.86,93984.76,-0.61
BTC-USDT-SWAP,fade,4H,0.007,0.006,0.03,1,0.0,10.0,148.0,110943.0,74861.49,956,710,246,74.27,38.09,1.523,4098.257,3289,49187.38,33134.72,111515.79,126.72,110943.0,-0.51
BTC-USDT-SWAP,fade,4H,0.007,0.008,0.01,1,0.0,10.0,148.0,71.66,-51.58,956,543,413,56.8,98.27,0.997,-2.824,3289,1327.11,796.7,74.6,-94.38,71.66,-3.93
BTC-USDT-SWAP,fade,4H,0.007,0.008,0.015,1,0.0,10.0,148.0,10574.2,7044.73,956,579,377,60.56,94.08,1.047,385.661,3289,9636.94,6411.44,10645.63,10.47,10574.2,-0.67
BTC-USDT-SWAP,fade,4H,0.007,0.008,0.02,1,0.0,10.0,148.0,5662.63,3726.1,956,584,372,61.09,96.02,1.031,203.984,3289,5577.25,3668.41,5700.88,2.22,5662.63,-0.67
BTC-USDT-SWAP,fade,4H,0.007,0.008,0.025,1,0.0,10.0,148.0,33246.45,22363.82,956,591,365,61.82,83.28,1.127,1224.297,3289,7973.89,5287.76,33219.24,316.6,33246.45,0.08
BTC-USDT-SWAP,fade,4H,0.007,0.008,0.03,1,0.0,10.0,148.0,48719.92,32818.87,956,594,362,62.13,59.32,1.186,1796.653,3289,8943.63,5942.99,48692.71,444.44,48719.92,0.06
BTC-USDT-SWAP,fade,4H,0.007,0.01,0.01,1,0.0,10.0,148.0,0.35,-99.76,956,465,491,48.64,99.88,0.933,-5.461,3289,60.8,-58.92,0.38,-99.37,0.35,-8.29
BTC-USDT-SWAP,fade,4H,0.007,0.01,0.015,1,0.0,10.0,148.0,7.81,-94.73,956,494,462,51.67,99.53,0.985,-5.186,3289,352.95,138.48,8.23,-97.67,7.81,-5.17
BTC-USDT-SWAP,fade,4H,0.007,0.01,0.02,1,0.0,10.0,148.0,4.52,-96.95,956,499,457,52.2,99.62,0.979,-5.307,3289,170.95,15.51,4.76,-97.21,4.52,-5.17
BTC-USDT-SWAP,fade,4H,0.007,0.01,0.025,1,0.0,10.0,148.0,18.83,-87.28,956,506,450,52.93,99.35,0.989,-4.778,3289,239.35,61.73,19.85,-91.7,18.83,-5.17
BTC-USDT-SWAP,fade,4H,0.007,0.01,0.03,1,0.0,10.0,148.0,48.14,-67.47,956,510,446,53.35,99.14,0.995,-3.694,3289,370.36,150.24,50.77,-86.29,48.14,-5.17
BTC-USDT-SWAP,fade,4H,0.007,0.015,0.01,1,0.0,10.0,148.0,0.0,-100.0,956,371,585,38.81,100.0,0.723,-5.474,3289,0.79,-99.46,0.0,-100.0,0.0,-8.11
BTC-USDT-SWAP,fade,4H,0.007,0.015,0.015,1,0.0,10.0,148.0,0.0,-100.0,956,389,567,40.69,100.0,0.684,-5.474,3289,0.94,-99.36,0.0,-100.0,0.0,-4.99
BTC-USDT-SWAP,fade,4H,0.007,0.015,0.02,1,0.0,10.0,148.0,0.0,-100.0,956,391,565,40.9,100.0,0.652,-5.474,3289,0.29,-99.8,0.0,-100.0,0.0,-4.99
BTC-USDT-SWAP,fade,4H,0.007,0.015,0.025,1,0.0,10.0,148.0,0.0,-100.0,956,395,561,41.32,100.0,0.657,-5.474,3289,0.31,-99.79,0.0,-100.0,0.0,-4.99
BTC-USDT-SWAP,fade,4H,0.007,0.015,0.03,1,0.0,10.0,148.0,0.0,-100.0,956,396,560,41.42,100.0,0.646,-5.474,3289,0.47,-99.68,0.0,-100.0,0.0,-4.99
BTC-USDT-SWAP,fade,4H,0.007,0.02,0.01,1,0.0,10.0,148.0,0.0,-100.0,956,351,605,36.72,100.0,0.626,-5.474,3289,0.17,-99.89,0.0,-100.0,0.0,-8.11
BTC-USDT-SWAP,fade,4H,0.007,0.02,0.015,1,0.0,10.0,148.0,0.0,-100.0,956,369,587,38.6,100.0,0.583,-5.474,3289,0.2,-99.87,0.0,-100.0,0.0,-4.99
BTC-USDT-SWAP,fade,4H,0.007,0.02,0.02,1,0.0,10.0,148.0,0.0,-100.0,956,372,584,38.91,100.0,0.569,-5.474,3289,0.06,-99.96,0.0,-100.0,0.0,-4.99
BTC-USDT-SWAP,fade,4H,0.007,0.02,0.025,1,0.0,10.0,148.0,0.0,-100.0,956,374,582,39.12,100.0,0.569,-5.474,3289,0.06,-99.96,0.0,-100.0,0.0,-4.99
BTC-USDT-SWAP,fade,4H,0.007,0.02,0.03,1,0.0,10.0,148.0,0.0,-100.0,956,375,581,39.23,100.0,0.55,-5.474,3289,0.1,-99.93,0.0,-100.0,0.0,-4.99
BTC-USDT-SWAP,fade,4H,0.007,0.03,0.01,1,0.0,10.0,148.0,0.0,-100.0,956,340,616,35.56,100.0,0.548,-5.474,3289,0.11,-99.92,0.0,-100.0,0.0,-8.11
BTC-USDT-SWAP,fade,4H,0.007,0.03,0.015,1,0.0,10.0,148.0,0.0,-100.0,956,357,599,37.34,100.0,0.538,-5.474,3289,0.12,-99.92,0.0,-100.0,0.0,-4.99
BTC-USDT-SWAP,fade,4H,0.007,0.03,0.02,1,0.0,10.0,148.0,0.0,-100.0,956,361,595,37.76,100.0,0.524,-5.474,3289,0.04,-99.97,0.0,-100.0,0.0,-4.99
BTC-USDT-SWAP,fade,4H,0.007,0.03,0.025,1,0.0,10.0,148.0,0.0,-100.0,956,363,593,37.97,100.0,0.523,-5.474,3289,0.04,-99.97,0.0,-100.0,0.0,-4.99
BTC-USDT-SWAP,fade,4H,0.007,0.03,0.03,1,0.0,10.0,148.0,0.0,-100.0,956,364,592,38.08,100.0,0.502,-5.474,3289,0.06,-99.96,0.0,-100.0,0.0,-4.99
BTC-USDT-SWAP,fade,4H,0.01,0.006,0.01,1,0.0,10.0,148.0,24482.34,16442.12,619,456,163,73.67,60.39,1.245,900.116,3289,5029.78,3298.5,25432.14,405.63,24482.34,-3.73
BTC-USDT-SWAP,fade,4H,0.01,0.006,0.015,1,0.0,10.0,148.0,61932.12,41746.03,619,482,137,77.87,50.69,1.57,2285.367,3289,8804.56,5849.03,62881.92,614.2,61932.12,-1.51
BTC-USDT-SWAP,fade,4H,0.01,0.006,0.02,1,0.0,10.0,148.0,84738.55,57155.78,619,493,126,79.64,43.61,1.866,3128.966,3289,9157.64,6087.6,85688.35,835.7,84738.55,-1.11
BTC-USDT-SWAP,fade,4H,0.01,0.006,0.025,1,0.0,10.0,148.0,115785.74,78133.61,619,500,119,80.78,27.3,2.172,4277.387,3289,33911.55,22813.21,116735.54,244.24,115785.74,-0.81
BTC-USDT-SWAP,fade,4H,0.01,0.006,0.03,1,0.0,10.0,148.0,124354.74,83923.47,619,503,116,81.26,32.3,2.389,4594.351,3289,30780.54,20697.66,125304.53,307.09,124354.74,-0.76
BTC-USDT-SWAP,fade,4H,0.01,0.008,0.01,1,0.0,10.0,148.0,8405.56,5579.43,619,391,228,63.17,84.48,1.069,305.443,3289,7022.94,4645.23,8973.78,27.78,8405.56,-6.33
BTC-USDT-SWAP,fade,4H,0.01,0.008,0.015,1,0.0,10.0,148.0,58839.87,39656.67,619,415,204,67.04,41.65,1.359,2170.985,3289,15430.6,10326.08,59789.66,287.47,58839.87,-1.59
BTC-USDT-SWAP,fade,4H,0.01,0.008,0.02,1,0.0,10.0,148.0,72285.44,48741.51,619,424,195,68.5,44.39,1.458,2668.331,3289,15000.56,10035.51,73235.24,388.22,72285.44,-1.3
BTC-USDT-SWAP,fade,4H,0.01,0.008,0.025,1,0.0,10.0,148.0,118450.56,79934.16,619,433,186,69.95,28.71,1.742,4375.958,3289,51408.04,34635.17,119400.36,132.26,118450.56,-0.8
BTC-USDT-SWAP,fade,4H,0.01,0.008,0.03,1,0.0,10.0,148.0,122771.61,82853.79,619,435,184,70.27,34.66,1.794,4535.791,3289,48120.06,32413.55,123721.41,157.11,122771.61,-0.77
BTC-USDT-SWAP,fade,4H,0.01,0.01,0.01,1,0.0,10.0,148.0,2184.28,1375.87,619,348,271,56.22,88.48,1.02,75.321,3289,8048.24,5338.0,2331.94,-71.03,2184.28,-6.33
BTC-USDT-SWAP,fade,4H,0.01,0.01,0.015,1,0.0,10.0,148.0,7874.07,5220.32,619,366,253,59.13,81.28,1.055,285.784,3289,7662.07,5077.07,8406.36,9.71,7874.07,-6.33
BTC-USDT-SWAP,fade,4H,0.01,0.01,0.02,1,0.0,10.0,148.0,24865.13,16700.76,619,374,245,60.42,57.43,1.139,914.275,3289,7666.28,5079.92,25814.92,236.73,24865.13,-3.68
BTC-USDT-SWAP,fade,4H,0.01,0.01,0.025,1,0.0,10.0,148.0,68347.21,46080.55,619,381,238,61.55,38.02,1.316,2522.658,3289,32298.85,21723.55,69297.01,114.55,68347.21,-1.37
BTC-USDT-SWAP,fade,4H,0.01,0.01,0.03,1,0.0,10.0,148.0,72555.62,48924.07,619,384,235,62.04,52.41,1.352,2678.325,3289,23837.91,16006.69,73505.42,208.36,72555.62,-1.29
BTC-USDT-SWAP,fade,4H,0.01,0.015,0.01,1,0.0,10.0,148.0,0.36,-99.76,619,270,349,43.62,99.92,0.918,-5.461,3289,74.7,-49.53,0.38,-99.49,0.36,-6.33
BTC-USDT-SWAP,fade,4H,0.01,0.015,0.015,1,0.0,10.0,148.0,0.38,-99.74,619,283,336,45.72,99.88,0.915,-5.46,3289,61.49,-58.45,0.4,-99.34,0.38,-6.33
BTC-USDT-SWAP,fade,4H,0.01,0.015,0.02,1,0.0,10.0,148.0,0.37,-99.75,619,288,331,46.53,99.84,0.894,-5.461,3289,30.55,-79.36,0.39,-98.72,0.37,-6.33
BTC-USDT-SWAP,fade,4H,0.01,0.015,0.025,1,0.0,10.0,148.0,1.07,-99.28,619,292,327,47.17,99.78,0.951,-5.435,3289,118.26,-20.1,1.14,-99.03,1.07,-6.33
BTC-USDT-SWAP,fade,4H,0.01,0.015,0.03,1,0.0,10.0,148.0,0.94,-99.36,619,294,325,47.5,99.79,0.933,-5.44,3289,68.8,-53.52,1.01,-98.54,0.94,-6.33
BTC-USDT-SWAP,fade,4H,0.01,0.02,0.01,1,0.0,10.0,148.0,0.0,-100.0,619,243,376,39.26,100.0,0.708,-5.474,3289,5.49,-96.29,0.0,-99.95,0.0,-6.33
BTC-USDT-SWAP,fade,4H,0.01,0.02,0.015,1,0.0,10.0,148.0,0.0,-100.0,619,256,363,41.36,100.0,0.665,-5.474,3289,4.0,-97.3,0.0,-99.97,0.0,-6.33
BTC-USDT-SWAP,fade,4H,0.01,0.02,0.02,1,0.0,10.0,148.0,0.0,-100.0,619,259,360,41.84,100.0,0.631,-5.474,3289,1.37,-99.08,0.0,-99.96,0.0,-6.33
BTC-USDT-SWAP,fade,4H,0.01,0.02,0.025,1,0.0,10.0,148.0,0.0,-100.0,619,263,356,42.49,100.0,0.714,-5.474,3289,7.22,-95.12,0.0,-99.97,0.0,-6.33
BTC-USDT-SWAP,fade,4H,0.01,0.02,0.03,1,0.0,10.0,148.0,0.0,-100.0,619,264,355,42.65,100.0,0.669,-5.474,3289,3.91,-97.36,0.0,-99.97,0.0,-6.33
BTC-USDT-SWAP,fade,4H,0.01,0.03,0.01,1,0.0,10.0,148.0,0.0,-100.0,619,233,386,37.64,100.0,0.573,-5.474,3289,2.06,-98.61,0.0,-99.99,0.0,-6.33
BTC-USDT-SWAP,fade,4H,0.01,0.03,0.015,1,0.0,10.0,148.0,0.0,-100.0,619,248,371,40.06,100.0,0.57,-5.474,3289,1.86,-98.75,0.0,-99.99,0.0,-6.33
BTC-USDT-SWAP,fade,4H,0.01,0.03,0.02,1,0.0,10.0,148.0,0.0,-100.0,619,250,369,40.39,100.0,0.563,-5.474,3289,0.69,-99.53,0.0,-99.99,0.0,-6.33
BTC-USDT-SWAP,fade,4H,0.01,0.03,0.025,1,0.0,10.0,148.0,0.0,-100.0,619,254,365,41.03,100.0,0.627,-5.474,3289,3.28,-97.78,0.0,-99.99,0.0,-6.33
BTC-USDT-SWAP,fade,4H,0.01,0.03,0.03,1,0.0,10.0,148.0,0.0,-100.0,619,255,364,41.2,100.0,0.585,-5.474,3289,1.78,-98.8,0.0,-99.99,0.0,-6.33
BTC-USDT-SWAP,reversal,6H,0.001,0.006,0.01,1,0.0,10.0,148.0,0.01,-99.99,1274,778,496,61.07,100.0,0.893,-5.454,2201,24.33,-83.56,0.01,-99.96,0.01,-20.91
BTC-USDT-SWAP,reversal,6H,0.001,0.006,0.015,1,0.0,10.0,148.0,0.14,-99.91,1274,821,453,64.44,99.98,0.959,-5.449,2201,146.13,-1.27,0.18,-99.87,0.14,-25.42
BTC-USDT-SWAP,reversal,6H,0.001,0.006,0.02,1,0.0,10.0,148.0,0.23,-99.84,1274,832,442,65.31,99.97,0.975,-5.446,2201,409.54,176.71,0.28,-99.93,0.23,-18.68
BTC-USDT-SWAP,reversal,6H,0.001,0.006,0.025,1,0.0,10.0,148.0,0.15,-99.9,1274,837,437,65.7,99.98,0.978,-5.449,2201,381.15,157.53,0.19,-99.95,0.15,-18.68
BTC-USDT-SWAP,reversal,6H,0.001,0.006,0.03,1,0.0,10.0,148.0,0.49,-99.67,1274,841,433,66.01,99.96,0.984,-5.436,2201,493.15,233.21,0.61,-99.88,0.49,-18.68
BTC-USDT-SWAP,reversal,6H,0.001,0.008,0.01,1,0.0,10.0,148.0,0.0,-100.0,1274,664,610,52.12,100.0,0.858,-5.455,2201,5.89,-96.02,0.0,-100.0,0.0,-16.49
BTC-USDT-SWAP,reversal,6H,0.001,0.008,0.015,1,0.0,10.0,148.0,0.0,-100.0,1274,694,580,54.47,100.0,0.861,-5.455,2201,10.51,-92.9,0.0,-100.0,0.0,-21.25
BTC-USDT-SWAP,reversal,6H,0.001,0.008,0.02,1,0.0,10.0,148.0,0.0,-100.0,1274,706,568,55.42,100.0,0.911,-5.455,2201,49.18,-66.77,0.0,-100.0,0.0,-14.14
BTC-USDT-SWAP,reversal,6H,0.001,0.008,0.025,1,0.0,10.0,148.0,0.0,-100.0,1274,712,562,55.89,100.0,0.912,-5.455,2201,42.87,-71.04,0.0,-100.0,0.0,-14.14
BTC-USDT-SWAP,reversal,6H,0.001,0.008,0.03,1,0.0,10.0,148.0,0.0,-100.0,1274,716,558,56.2,100.0,0.941,-5.455,2201,65.26,-55.91,0.0,-100.0,0.0,-14.14
BTC-USDT-SWAP,reversal,6H,0.001,0.01,0.01,1,0.0,10.0,148.0,0.0,-100.0,1274,590,684,46.31,100.0,0.835,-5.455,2201,2.07,-98.6,0.0,-100.0,0.0,-29.68
BTC-USDT-SWAP,reversal,6H,0.001,0.01,0.015,1,0.0,10.0,148.0,0.0,-100.0,1274,624,650,48.98,100.0,0.862,-5.455,2201,4.43,-97.01,0.0,-100.0,0.0,-34.6
BTC-USDT-SWAP,reversal,6H,0.001,0.01,0.02,1,0.0,10.0,148.0,0.0,-100.0,1274,635,639,49.84,100.0,0.898,-5.455,2201,12.37,-91.64,0.0,-100.0,0.0,-28.69
BTC-USDT-SWAP,reversal,6H,0.001,0.01,0.025,1,0.0,10.0,148.0,0.0,-100.0,1274,641,633,50.31,100.0,0.875,-5.455,2201,6.23,-95.79,0.0,-100.0,0.0,-28.69
BTC-USDT-SWAP,reversal,6H,0.001,0.01,0.03,1,0.0,10.0,148.0,0.0,-100.0,1274,644,630,50.55,100.0,0.893,-5.455,2201,4.85,-96.72,0.0,-100.0,0.0,-28.69
BTC-USDT-SWAP,reversal,6H,0.001,0.015,0.01,1,0.0,10.0,148.0,0.0,-100.0,1274,514,760,40.35,100.0,0.684,-5.455,2201,0.08,-99.95,0.0,-100.0,0.0,-26.43
BTC-USDT-SWAP,reversal,6H,0.001,0.015,0.015,1,0.0,10.0,148.0,0.0,-100.0,1274,545,729,42.78,100.0,0.703,-5.455,2201,0.05,-99.96,0.0,-100.0,0.0,-31.57
BTC-USDT-SWAP,reversal,6H,0.001,0.015,0.02,1,0.0,10.0,148.0,0.0,-100.0,1274,555,719,43.56,100.0,0.699,-5.455,2201,0.05,-99.97,0.0,-100.0,0.0,-25.39
BTC-USDT-SWAP,reversal,6H,0.001,0.015,0.025,1,0.0,10.0,148.0,0.0,-100.0,1274,560,714,43.96,100.0,0.665,-5.455,2201,0.01,-99.99,0.0,-100.0,0.0,-25.39
BTC-USDT-SWAP,reversal,6H,0.001,0.015,0.03,1,0.0,10.0,148.0,0.0,-100.0,1274,561,713,44.03,100.0,0.684,-5.455,2201,0.01,-99.99,0.0,-100.0,0.0,-25.39
BTC-USDT-SWAP,reversal,6H,0.001,0.02,0.01,1,0.0,10.0,148.0,0.0,-100.0,1274,492,782,38.62,100.0,0.519,-5.455,2201,0.02,-99.99,0.0,-100.0,0.0,-42.9
BTC-USDT-SWAP,reversal,6H,0.001,0.02,0.015,1,0.0,10.0,148.0,0.0,-100.0,1274,523,751,41.05,100.0,0.515,-5.455,2201,0.01,-99.99,0.0,-100.0,0.0,-42.86
BTC-USDT-SWAP,reversal,6H,0.001,0.02,0.02,1,0.0,10.0,148.0,0.0,-100.0,1274,533,741,41.84,100.0,0.491,-5.455,2201,0.01,-99.99,0.0,-100.0,0.0,-37.7
BTC-USDT-SWAP,reversal,6H,0.001,0.02,0.025,1,0.0,10.0,148.0,0.0,-100.0,1274,537,737,42.15,100.0,0.474,-5.455,2201,0.0,-100.0,0.0,-100.0,0.0,-37.7
BTC-USDT-SWAP,reversal,6H,0.001,0.02,0.03,1,0.0,10.0,148.0,0.0,-100.0,1274,537,737,42.15,100.0,0.496,-5.455,2201,0.0,-100.0,0.0,-100.0,0.0,-37.7
BTC-USDT-SWAP,reversal,6H,0.001,0.03,0.01,1,0.0,10.0,148.0,0.0,-100.0,1274,483,791,37.91,100.0,0.588,-5.455,2201,0.01,-99.99,0.0,-100.0,0.0,-42.9
BTC-USDT-SWAP,reversal,6H,0.001,0.03,0.015,1,0.0,10.0,148.0,0.0,-100.0,1274,514,760,40.35,100.0,0.615,-5.455,2201,0.01,-99.99,0.0,-100.0,0.0,-42.86
BTC-USDT-SWAP,reversal,6H,0.001,0.03,0.02,1,0.0,10.0,148.0,0.0,-100.0,1274,525,749,41.21,100.0,0.592,-5.455,2201,0.01,-99.99,0.0,-100.0,0.0,-37.7
BTC-USDT-SWAP,reversal,6H,0.001,0.03,0.025,1,0.0,10.0,148.0,0.0,-100.0,1274,528,746,41.44,100.0,0.567,-5.455,2201,0.0,-100.0,0.0,-100.0,0.0,-37.7
BTC-USDT-SWAP,reversal,6H,0.001,0.03,0.03,1,0.0,10.0,148.0,0.0,-100.0,1274,528,746,41.44,100.0,0.583,-5.455,2201,0.0,-100.0,0.0,-100.0,0.0,-37.7
BTC-USDT-SWAP,reversal,6H,0.002,0.006,0.01,1,0.0,10.0,148.0,7.25,-95.1,1098,708,390,64.48,99.0,0.956,-5.187,2201,113.44,-23.35,8.54,-92.47,7.25,-15.14
BTC-USDT-SWAP,reversal,6H,0.002,0.006,0.015,1,0.0,10.0,148.0,51.95,-64.9,1098,741,357,67.49,98.87,0.995,-3.54,2201,810.27,447.48,64.92,-91.99,51.95,-19.98
BTC-USDT-SWAP,reversal,6H,0.002,0.006,0.02,1,0.0,10.0,148.0,175.67,18.7,1098,750,348,68.31,98.96,1.0,1.02,2201,3264.61,2105.82,199.12,-93.9,175.67,-11.77
BTC-USDT-SWAP,reversal,6H,0.002,0.006,0.025,1,0.0,10.0,148.0,195.08,31.81,1098,755,343,68.76,98.93,1.001,1.735,2201,2855.31,1829.26,221.11,-92.26,195.08,-11.77
BTC-USDT-SWAP,reversal,6H,0.002,0.006,0.03,1,0.0,10.0,148.0,279.59,88.91,1098,758,340,69.03,98.82,1.001,4.85,2201,3180.86,2049.23,316.9,-90.04,279.59,-11.77
BTC-USDT-SWAP,reversal,6H,0.002,0.008,0.01,1,0.0,10.0,148.0,0.01,-99.99,1098,581,517,52.91,100.0,0.906,-5.454,2201,10.76,-92.73,0.01,-99.92,0.01,-11.03
BTC-USDT-SWAP,reversal,6H,0.002,0.008,0.015,1,0.0,10.0,148.0,0.02,-99.98,1098,609,489,55.46,100.0,0.957,-5.454,2201,53.89,-63.59,0.03,-99.95,0.02,-16.1
BTC-USDT-SWAP,reversal,6H,0.002,0.008,0.02,1,0.0,10.0,148.0,0.04,-99.97,1098,618,480,56.28,100.0,0.965,-5.453,2201,151.82,2.58,0.04,-99.97,0.04,-7.5
BTC-USDT-SWAP,reversal,6H,0.002,0.008,0.025,1,0.0,10.0,148.0,0.06,-99.96,1098,623,475,56.74,100.0,0.975,-5.452,2201,179.16,21.06,0.06,-99.96,0.06,-7.5
BTC-USDT-SWAP,reversal,6H,0.002,0.008,0.03,1,0.0,10.0,148.0,0.08,-99.94,1098,626,472,57.01,100.0,0.979,-5.451,2201,180.71,22.1,0.09,-99.95,0.08,-7.5
BTC-USDT-SWAP,reversal,6H,0.002,0.01,0.01,1,0.0,10.0,148.0,0.0,-100.0,1098,515,583,46.9,100.0,0.864,-5.455,2201,2.97,-98.0,0.0,-100.0,0.0,-6.88
BTC-USDT-SWAP,reversal,6H,0.002,0.01,0.015,1,0.0,10.0,148.0,0.0,-100.0,1098,540,558,49.18,100.0,0.883,-5.455,2201,8.37,-94.34,0.0,-100.0,0.0,-12.19
BTC-USDT-SWAP,reversal,6H,0.002,0.01,0.02,1,0.0,10.0,148.0,0.0,-100.0,1098,549,549,50.0,100.0,0.908,-5.455,2201,24.44,-83.49,0.0,-100.0,0.0,-3.18
BTC-USDT-SWAP,reversal,6H,0.002,0.01,0.025,1,0.0,10.0,148.0,0.0,-100.0,1098,554,544,50.46,100.0,0.91,-5.455,2201,15.36,-89.62,0.0,-100.0,0.0,-3.18
BTC-USDT-SWAP,reversal,6H,0.002,0.01,0.03,1,0.0,10.0,148.0,0.0,-100.0,1098,557,541,50.73,100.0,0.915,-5.455,2201,12.18,-91.77,0.0,-100.0,0.0,-3.18
BTC-USDT-SWAP,reversal,6H,0.002,0.015,0.01,1,0.0,10.0,148.0,0.0,-100.0,1098,437,661,39.8,100.0,0.691,-5.455,2201,0.16,-99.89,0.0,-100.0,0.0,-20.88
BTC-USDT-SWAP,reversal,6H,0.002,0.015,0.015,1,0.0,10.0,148.0,0.0,-100.0,1098,461,637,41.99,100.0,0.697,-5.455,2201,0.17,-99.88,0.0,-100.0,0.0,-25.55
BTC-USDT-SWAP,reversal,6H,0.002,0.015,0.02,1,0.0,10.0,148.0,0.0,-100.0,1098,473,625,43.08,100.0,0.715,-5.455,2201,0.28,-99.81,0.0,-100.0,0.0,-17.92
BTC-USDT-SWAP,reversal,6H,0.002,0.015,0.025,1,0.0,10.0,148.0,0.0,-100.0,1098,477,621,43.44,100.0,0.706,-5.455,2201,0.11,-99.93,0.0,-100.0,0.0,-17.92
BTC-USDT-SWAP,reversal,6H,0.002,0.015,0.03,1,0.0,10.0,148.0,0.0,-100.0,1098,478,620,43.53,100.0,0.672,-5.455,2201,0.04,-99.97,0.0,-100.0,0.0,-17.92
BTC-USDT-SWAP,reversal,6H,0.002,0.02,0.01,1,0.0,10.0,148.0,0.0,-100.0,1098,419,679,38.16,100.0,0.611,-5.455,2201,0.06,-99.96,0.0,-100.0,0.0,-33.24
BTC-USDT-SWAP,reversal,6H,0.002,0.02,0.015,1,0.0,10.0,148.0,0.0,-100.0,1098,443,655,40.35,100.0,0.587,-5.455,2201,0.04,-99.97,0.0,-100.0,0.0,-37.18
BTC-USDT-SWAP,reversal,6H,0.002,0.02,0.02,1,0.0,10.0,148.0,0.0,-100.0,1098,455,643,41.44,100.0,0.589,-5.455,2201,0.05,-99.97,0.0,-100.0,0.0,-30.74
BTC-USDT-SWAP,reversal,6H,0.002,0.02,0.025,1,0.0,10.0,148.0,0.0,-100.0,1098,458,640,41.71,100.0,0.599,-5.455,2201,0.02,-99.99,0.0,-100.0,0.0,-30.74
BTC-USDT-SWAP,reversal,6H,0.002,0.02,0.03,1,0.0,10.0,148.0,0.0,-100.0,1098,459,639,41.8,100.0,0.557,-5.455,2201,0.01,-100.0,0.0,-100.0,0.0,-30.74
BTC-USDT-SWAP,reversal,6H,0.002,0.03,0.01,1,0.0,10.0,148.0,0.0,-100.0,1098,408,690,37.16,100.0,0.671,-5.455,2201,0.03,-99.98,0.0,-100.0,0.0,-33.24
BTC-USDT-SWAP,reversal,6H,0.002,0.03,0.015,1,0.0,10.0,148.0,0.0,-100.0,1098,432,666,39.34,100.0,0.677,-5.455,2201,0.02,-99.98,0.0,-100.0,0.0,-37.18
BTC-USDT-SWAP,reversal,6H,0.002,0.03,0.02,1,0.0,10.0,148.0,0.0,-100.0,1098,445,653,40.53,100.0,0.678,-5.455,2201,0.02,-99.98,0.0,-100.0,0.0,-30.74
BTC-USDT-SWAP,reversal,6H,0.002,0.03,0.025,1,0.0,10.0,148.0,0.0,-100.0,1098,447,651,40.71,100.0,0.684,-5.455,2201,0.01,-99.99,0.0,-100.0,0.0,-30.74
BTC-USDT-SWAP,reversal,6H,0.002,0.03,0.03,1,0.0,10.0,148.0,0.0,-100.0,1098,448,650,40.8,100.0,0.641,-5.455,2201,0.0,-100.0,0.0,-100.0,0.0,-30.74
BTC-USDT-SWAP,reversal,6H,0.003,0.006,0.01,1,0.0,10.0,148.0,434.5,193.58,961,657,304,68.37,91.99,1.015,10.559,2201,713.82,382.31,518.39,-27.38,434.5,-16.18
BTC-USDT-SWAP,reversal,6H,0.003,0.006,0.015,1,0.0,10.0,148.0,6374.0,4206.75,961,690,271,71.8,87.64,1.038,229.459,2201,4566.27,2985.31,8064.37,76.61,6374.0,-20.96
BTC-USDT-SWAP,reversal,6H,0.003,0.006,0.02,1,0.0,10.0,148.0,19753.36,13246.86,961,695,266,72.32,76.13,1.085,722.556,2201,8229.62,5460.56,21507.34,161.34,19753.36,-8.16
BTC-USDT-SWAP,reversal,6H,0.003,0.006,0.025,1,0.0,10.0,148.0,53068.86,35757.34,961,706,255,73.47,59.8,1.247,1950.4,2201,9888.86,6581.67,54822.85,454.39,53068.86,-3.2
BTC-USDT-SWAP,reversal,6H,0.003,0.006,0.03,1,0.0,10.0,148.0,64612.95,43557.4,961,710,251,73.88,46.82,1.296,2375.858,2201,17443.82,11686.36,66366.93,280.46,64612.95,-2.64
BTC-USDT-SWAP,reversal,6H,0.003,0.008,0.01,1,0.0,10.0,148.0,1.08,-99.27,961,540,421,56.19,99.86,0.957,-5.415,2201,119.84,-19.03,1.21,-98.99,1.08,-11.25
BTC-USDT-SWAP,reversal,6H,0.003,0.008,0.015,1,0.0,10.0,148.0,3.82,-97.42,961,570,391,59.31,99.72,0.982,-5.314,2201,417.74,182.25,4.56,-98.91,3.82,-16.31
BTC-USDT-SWAP,reversal,6H,0.003,0.008,0.02,1,0.0,10.0,148.0,3.15,-97.87,961,576,385,59.94,99.88,0.989,-5.338,2201,784.3,429.93,3.38,-99.57,3.15,-6.72
BTC-USDT-SWAP,reversal,6H,0.003,0.008,0.025,1,0.0,10.0,148.0,8.45,-94.29,961,583,378,60.67,99.69,0.993,-5.143,2201,932.89,530.33,9.06,-99.03,8.45,-6.72
BTC-USDT-SWAP,reversal,6H,0.003,0.008,0.03,1,0.0,10.0,148.0,8.3,-94.39,961,586,375,60.98,99.8,0.996,-5.149,2201,1502.56,915.24,8.9,-99.41,8.3,-6.72
BTC-USDT-SWAP,reversal,6H,0.003,0.01,0.01,1,0.0,10.0,148.0,0.01,-99.99,961,473,488,49.22,100.0,0.872,-5.454,2201,10.13,-93.15,0.01,-99.89,0.01,-6.4
BTC-USDT-SWAP,reversal,6H,0.003,0.01,0.015,1,0.0,10.0,148.0,0.03,-99.98,961,501,460,52.13,100.0,0.913,-5.454,2201,31.85,-78.48,0.03,-99.91,0.03,-11.73
BTC-USDT-SWAP,reversal,6H,0.003,0.01,0.02,1,0.0,10.0,148.0,0.01,-99.99,961,506,455,52.65,100.0,0.914,-5.454,2201,49.06,-66.85,0.01,-99.98,0.01,-1.61
BTC-USDT-SWAP,reversal,6H,0.003,0.01,0.025,1,0.0,10.0,148.0,0.07,-99.95,961,514,447,53.49,99.99,0.955,-5.452,2201,77.28,-47.78,0.07,-99.91,0.07,-1.61
BTC-USDT-SWAP,reversal,6H,0.003,0.01,0.03,1,0.0,10.0,148.0,0.06,-99.96,961,517,444,53.8,99.99,0.963,-5.452,2201,104.35,-29.49,0.06,-99.94,0.06,-1.61
BTC-USDT-SWAP,reversal,6H,0.003,0.015,0.01,1,0.0,10.0,148.0,0.0,-100.0,961,402,559,41.83,100.0,0.833,-5.455,2201,2.68,-98.19,0.0,-100.0,0.0,-32.27
BTC-USDT-SWAP,reversal,6H,0.003,0.015,0.015,1,0.0,10.0,148.0,0.0,-100.0,961,429,532,44.64,100.0,0.859,-5.455,2201,3.76,-97.46,0.0,-100.0,0.0,-35.54
BTC-USDT-SWAP,reversal,6H,0.003,0.015,0.02,1,0.0,10.0,148.0,0.0,-100.0,961,438,523,45.58,100.0,0.843,-5.455,2201,4.26,-97.12,0.0,-100.0,0.0,-28.15
BTC-USDT-SWAP,reversal,6H,0.003,0.015,0.025,1,0.0,10.0,148.0,0.0,-100.0,961,443,518,46.1,100.0,0.84,-5.455,2201,2.1,-98.58,0.0,-100.0,0.0,-28.15
BTC-USDT-SWAP,reversal,6H,0.003,0.015,0.03,1,0.0,10.0,148.0,0.0,-100.0,961,446,515,46.41,100.0,0.822,-5.455,2201,1.82,-98.77,0.0,-100.0,0.0,-28.15
BTC-USDT-SWAP,reversal,6H,0.003,0.02,0.01,1,0.0,10.0,148.0,0.0,-100.0,961,381,580,39.65,100.0,0.553,-5.455,2201,0.42,-99.72,0.0,-100.0,0.0,-32.27
BTC-USDT-SWAP,reversal,6H,0.003,0.02,0.015,1,0.0,10.0,148.0,0.0,-100.0,961,406,555,42.25,100.0,0.598,-5.455,2201,0.3,-99.8,0.0,-100.0,0.0,-35.54
BTC-USDT-SWAP,reversal,6H,0.003,0.02,0.02,1,0.0,10.0,148.0,0.0,-100.0,961,414,547,43.08,100.0,0.562,-5.455,2201,0.21,-99.86,0.0,-100.0,0.0,-28.15
BTC-USDT-SWAP,reversal,6H,0.003,0.02,0.025,1,0.0,10.0,148.0,0.0,-100.0,961,417,544,43.39,100.0,0.592,-5.455,2201,0.09,-99.94,0.0,-100.0,0.0,-28.15
BTC-USDT-SWAP,reversal,6H,0.003,0.02,0.03,1,0.0,10.0,148.0,0.0,-100.0,961,418,543,43.5,100.0,0.554,-5.455,2201,0.07,-99.95,0.0,-100.0,0.0,-28.15
BTC-USDT-SWAP,reversal,6H,0.003,0.03,0.01,1,0.0,10.0,148.0,0.0,-100.0,961,371,590,38.61,100.0,0.61,-5.455,2201,0.18,-99.88,0.0,-100.0,0.0,-32.27
BTC-USDT-SWAP,reversal,6H,0.003,0.03,0.015,1,0.0,10.0,148.0,0.0,-100.0,961,395,566,41.1,100.0,0.623,-5.455,2201,0.1,-99.93,0.0,-100.0,0.0,-35.54
BTC-USDT-SWAP,reversal,6H,0.003,0.03,0.02,1,0.0,10.0,148.0,0.0,-100.0,961,404,557,42.04,100.0,0.583,-5.455,2201,0.06,-99.96,0.0,-100.0,0.0,-28.15
BTC-USDT-SWAP,reversal,6H,0.003,0.03,0.025,1,0.0,10.0,148.0,0.0,-100.0,961,406,555,42.25,100.0,0.608,-5.455,2201,0.02,-99.99,0.0,-100.0,0.0,-28.15
BTC-USDT-SWAP,reversal,6H,0.003,0.03,0.03,1,0.0,10.0,148.0,0.0,-100.0,961,407,554,42.35,100.0,0.563,-5.455,2201,0.01,-99.99,0.0,-100.0,0.0,-28.15
BTC-USDT-SWAP,reversal,6H,0.005,0.006,0.01,1,0.0,10.0,148.0,39956.06,26897.34,744,562,182,75.54,53.83,1.346,1467.128,2201,2161.67,1360.59,40303.47,1764.46,39956.06,-0.86
BTC-USDT-SWAP,reversal,6H,0.005,0.006,0.015,1,0.0,10.0,148.0,85163.47,57442.88,744,590,154,79.3,31.19,1.555,3133.248,2201,12547.95,8378.35,86260.87,587.45,85163.47,-1.27
BTC-USDT-SWAP,reversal,6H,0.005,0.006,0.02,1,0.0,10.0,148.0,90398.38,60979.99,744,599,145,80.51,38.53,1.654,3326.181,2201,7063.65,4672.74,89773.03,1170.92,90398.38,0.7
BTC-USDT-SWAP,reversal,6H,0.005,0.006,0.025,1,0.0,10.0,148.0,128682.16,86847.41,744,610,134,81.99,38.65,1.991,4737.131,2201,15095.38,10099.58,128056.81,748.32,128682.16,0.49
BTC-USDT-SWAP,reversal,6H,0.005,0.006,0.03,1,0.0,10.0,148.0,137943.71,93105.21,744,613,131,82.39,46.79,2.148,5078.466,2201,17098.33,11452.93,137318.35,703.11,137943.71,0.46
BTC-USDT-SWAP,reversal,6H,0.005,0.008,0.01,1,0.0,10.0,148.0,10091.78,6718.77,744,481,263,64.65,77.02,1.135,366.478,2201,1356.99,816.89,11051.74,714.43,10091.78,-8.69
BTC-USDT-SWAP,reversal,6H,0.005,0.008,0.015,1,0.0,10.0,148.0,49187.01,33134.47,744,503,241,67.61,55.71,1.224,1807.335,2201,8089.01,5365.55,51099.29,531.71,49187.01,-3.74
BTC-USDT-SWAP,reversal,6H,0.005,0.008,0.02,1,0.0,10.0,148.0,57716.21,38897.44,744,512,232,68.82,51.86,1.272,2121.678,2201,6281.25,4144.09,57905.73,821.88,57716.21,-0.33
BTC-USDT-SWAP,reversal,6H,0.005,0.008,0.025,1,0.0,10.0,148.0,94320.48,63630.05,744,522,222,70.16,46.28,1.468,3470.73,2201,10526.51,7012.51,94510.0,797.83,94320.48,-0.2
BTC-USDT-SWAP,reversal,6H,0.005,0.008,0.03,1,0.0,10.0,148.0,109385.18,73808.9,744,526,218,70.7,51.17,1.545,4025.94,2201,18125.99,12147.29,109574.7,504.52,109385.18,-0.17
BTC-USDT-SWAP,reversal,6H,0.005,0.01,0.01,1,0.0,10.0,148.0,22.8,-84.59,744,407,337,54.7,98.29,0.98,-4.614,2201,242.03,63.53,24.05,-90.06,22.8,-5.21
BTC-USDT-SWAP,reversal,6H,0.005,0.01,0.015,1,0.0,10.0,148.0,31.1,-78.99,744,427,317,57.39,99.24,0.99,-4.308,2201,631.84,326.92,34.79,-94.49,31.1,-10.61
BTC-USDT-SWAP,reversal,6H,0.005,0.01,0.02,1,0.0,10.0,148.0,16.73,-88.7,744,433,311,58.2,99.21,0.987,-4.838,2201,374.09,152.76,16.43,-95.61,16.73,1.8
BTC-USDT-SWAP,reversal,6H,0.005,0.01,0.025,1,0.0,10.0,148.0,59.77,-59.61,744,439,305,59.01,98.52,0.996,-3.252,2201,565.81,282.3,58.71,-89.62,59.77,1.8
BTC-USDT-SWAP,reversal,6H,0.005,0.01,0.03,1,0.0,10.0,148.0,82.63,-44.17,744,442,302,59.41,98.01,0.997,-2.409,2201,918.42,520.55,81.17,-91.16,82.63,1.8
BTC-USDT-SWAP,reversal,6H,0.005,0.015,0.01,1,0.0,10.0,148.0,0.0,-100.0,744,331,413,44.49,100.0,0.839,-5.454,2201,14.83,-89.98,0.01,-99.96,0.0,-27.65
BTC-USDT-SWAP,reversal,6H,0.005,0.015,0.015,1,0.0,10.0,148.0,0.0,-100.0,744,348,396,46.77,100.0,0.849,-5.454,2201,13.91,-90.6,0.0,-99.97,0.0,-31.77
BTC-USDT-SWAP,reversal,6H,0.005,0.015,0.02,1,0.0,10.0,148.0,0.0,-100.0,744,356,388,47.85,100.0,0.827,-5.454,2201,10.6,-92.84,0.0,-99.98,0.0,-22.3
BTC-USDT-SWAP,reversal,6H,0.005,0.015,0.025,1,0.0,10.0,148.0,0.0,-100.0,744,359,385,48.25,100.0,0.817,-5.454,2201,4.98,-96.64,0.0,-99.95,0.0,-22.3
BTC-USDT-SWAP,reversal,6H,0.005,0.015,0.03,1,0.0,10.0,148.0,0.0,-100.0,744,360,384,48.39,100.0,0.809,-5.454,2201,5.61,-96.21,0.0,-99.96,0.0,-22.3
BTC-USDT-SWAP,reversal,6H,0.005,0.02,0.01,1,0.0,10.0,148.0,0.0,-100.0,744,303,441,40.73,100.0,0.569,-5.455,2201,1.55,-98.96,0.0,-100.0,0.0,-27.65
BTC-USDT-SWAP,reversal,6H,0.005,0.02,0.015,1,0.0,10.0,148.0,0.0,-100.0,744,319,425,42.88,100.0,0.569,-5.455,2201,0.8,-99.46,0.0,-100.0,0.0,-31.77
BTC-USDT-SWAP,reversal,6H,0.005,0.02,0.02,1,0.0,10.0,148.0,0.0,-100.0,744,327,417,43.95,100.0,0.523,-5.455,2201,0.52,-99.65,0.0,-100.0,0.0,-22.3
BTC-USDT-SWAP,reversal,6H,0.005,0.02,0.025,1,0.0,10.0,148.0,0.0,-100.0,744,329,415,44.22,100.0,0.56,-5.455,2201,0.27,-99.82,0.0,-100.0,0.0,-22.3
BTC-USDT-SWAP,reversal,6H,0.005,0.02,0.03,1,0.0,10.0,148.0,0.0,-100.0,744,330,414,44.35,100.0,0.527,-5.455,2201,0.34,-99.77,0.0,-100.0,0.0,-22.3
BTC-USDT-SWAP,reversal,6H,0.005,0.03,0.01,1,0.0,10.0,148.0,0.0,-100.0,744,294,450,39.52,100.0,0.586,-5.455,2201,0.4,-99.73,0.0,-100.0,0.0,-27.65
BTC-USDT-SWAP,reversal,6H,0.005,0.03,0.015,1,0.0,10.0,148.0,0.0,-100.0,744,310,434,41.67,100.0,0.582,-5.455,2201,0.21,-99.86,0.0,-100.0,0.0,-31.77
BTC-USDT-SWAP,reversal,6H,0.005,0.03,0.02,1,0.0,10.0,148.0,0.0,-100.0,744,317,427,42.61,100.0,0.53,-5.455,2201,0.11,-99.92,0.0,-100.0,0.0,-22.3
BTC-USDT-SWAP,reversal,6H,0.005,0.03,0.025,1,0.0,10.0,148.0,0.0,-100.0,744,318,426,42.74,100.0,0.568,-5.455,2201,0.05,-99.97,0.0,-100.0,0.0,-22.3
BTC-USDT-SWAP,reversal,6H,0.005,0.03,0.03,1,0.0,10.0,148.0,0.0,-100.0,744,318,426,42.74,100.0,0.527,-5.455,2201,0.04,-99.97,0.0,-100.0,0.0,-22.3
BTC-USDT-SWAP,reversal,6H,0.007,0.006,0.01,1,0.0,10.0,148.0,2392.86,1516.8,569,424,145,74.52,78.55,1.149,82.734,2201,786.79,431.61,2045.43,159.97,2392.86,16.99
BTC-USDT-SWAP,reversal,6H,0.007,0.006,0.015,1,0.0,10.0,148.0,45783.55,30834.83,569,455,114,79.96,38.54,1.373,1681.9,2201,8384.35,5565.1,43383.55,417.43,45783.55,5.53
BTC-USDT-SWAP,reversal,6H,0.007,0.006,0.02,1,0.0,10.0,148.0,70774.79,47720.8,569,467,102,82.07,29.73,1.621,2602.953,2201,11655.93,7775.63,68374.79,486.61,70774.79,3.51
BTC-USDT-SWAP,reversal,6H,0.007,0.006,0.025,1,0.0,10.0,148.0,87479.06,59007.47,569,473,96,83.13,27.0,1.775,3218.589,2201,19301.42,12941.5,85079.06,340.79,87479.06,2.82
BTC-USDT-SWAP,reversal,6H,0.007,0.006,0.03,1,0.0,10.0,148.0,105751.14,71353.48,569,477,92,83.83,32.0,2.071,3892.008,2201,25711.53,17272.66,103351.14,301.96,105751.14,2.32
BTC-USDT-SWAP,reversal,6H,0.007,0.008,0.01,1,0.0,10.0,148.0,3698.44,2398.94,569,375,194,65.91,90.87,1.088,130.851,2201,1451.27,880.59,4056.39,179.51,3698.44,-8.82
BTC-USDT-SWAP,reversal,6H,0.007,0.008,0.015,1,0.0,10.0,148.0,45602.86,30712.74,569,399,170,70.12,59.22,1.275,1675.241,2201,10513.58,7003.77,45497.14,332.75,45602.86,0.23
BTC-USDT-SWAP,reversal,6H,0.007,0.008,0.02,1,0.0,10.0,148.0,52285.22,35227.85,569,408,161,71.7,62.78,1.321,1921.519,2201,8642.12,5739.27,52179.5,503.78,52285.22,0.2
BTC-USDT-SWAP,reversal,6H,0.007,0.008,0.025,1,0.0,10.0,148.0,72206.12,48687.92,569,414,155,72.76,41.22,1.461,2655.705,2201,10643.44,7091.51,72100.4,577.42,72206.12,0.15
BTC-USDT-SWAP,reversal,6H,0.007,0.008,0.03,1,0.0,10.0,148.0,100185.09,67592.63,569,419,150,73.64,37.4,1.691,3686.871,2201,24923.51,16740.21,100079.37,301.55,100185.09,0.11
BTC-USDT-SWAP,reversal,6H,0.007,0.01,0.01,1,0.0,10.0,148.0,538.85,264.09,569,331,238,58.17,95.23,1.029,14.405,2201,523.65,253.82,636.77,21.6,538.85,-15.38
BTC-USDT-SWAP,reversal,6H,0.007,0.01,0.015,1,0.0,10.0,148.0,3952.7,2570.74,569,349,220,61.34,94.43,1.028,140.222,2201,4446.76,2904.57,4259.22,-4.22,3952.7,-7.2
BTC-USDT-SWAP,reversal,6H,0.007,0.01,0.02,1,0.0,10.0,148.0,10093.61,6720.0,569,359,210,63.09,94.46,1.068,366.546,2201,3962.79,2577.56,10876.35,174.46,10093.61,-7.2
BTC-USDT-SWAP,reversal,6H,0.007,0.01,0.025,1,0.0,10.0,148.0,26204.4,17605.68,569,364,205,63.97,84.22,1.157,960.31,2201,3190.97,2056.06,27214.71,752.87,26204.4,-3.71
BTC-USDT-SWAP,reversal,6H,0.007,0.01,0.03,1,0.0,10.0,148.0,67110.28,45244.78,569,370,199,65.03,44.69,1.371,2467.897,2201,12129.54,8095.63,68120.59,461.61,67110.28,-1.48
BTC-USDT-SWAP,reversal,6H,0.007,0.015,0.01,1,0.0,10.0,148.0,0.09,-99.94,569,255,314,44.82,99.97,0.795,-5.451,2201,15.55,-89.49,0.1,-99.35,0.09,-11.46
BTC-USDT-SWAP,reversal,6H,0.007,0.015,0.015,1,0.0,10.0,148.0,0.11,-99.93,569,266,303,46.75,99.96,0.849,-5.451,2201,31.95,-78.41,0.11,-99.66,0.11,-2.9
BTC-USDT-SWAP,reversal,6H,0.007,0.015,0.02,1,0.0,10.0,148.0,0.06,-99.96,569,273,296,47.98,99.98,0.826,-5.452,2201,14.05,-90.51,0.06,-99.58,0.06,-2.9
BTC-USDT-SWAP,reversal,6H,0.007,0.015,0.025,1,0.0,10.0,148.0,0.04,-99.97,569,276,293,48.51,99.99,0.803,-5.453,2201,7.61,-94.86,0.04,-99.47,0.04,-2.9
BTC-USDT-SWAP,reversal,6H,0.007,0.015,0.03,1,0.0,10.0,148.0,0.21,-99.86,569,280,289,49.21,99.93,0.836,-5.447,2201,26.12,-82.35,0.22,-99.16,0.21,-2.9
BTC-USDT-SWAP,reversal,6H,0.007,0.02,0.01,1,0.0,10.0,148.0,0.0,-100.0,569,231,338,40.6,100.0,0.736,-5.455,2201,4.08,-97.25,0.0,-99.98,0.0,-21.39
BTC-USDT-SWAP,reversal,6H,0.007,0.02,0.015,1,0.0,10.0,148.0,0.0,-100.0,569,243,326,42.71,100.0,0.759,-5.455,2201,4.61,-96.88,0.0,-99.99,0.0,-13.79
BTC-USDT-SWAP,reversal,6H,0.007,0.02,0.02,1,0.0,10.0,148.0,0.0,-100.0,569,249,320,43.76,100.0,0.745,-5.455,2201,1.81,-98.78,0.0,-99.99,0.0,-13.79
BTC-USDT-SWAP,reversal,6H,0.007,0.02,0.025,1,0.0,10.0,148.0,0.0,-100.0,569,250,319,43.94,100.0,0.71,-5.455,2201,0.69,-99.54,0.0,-99.99,0.0,-13.79
BTC-USDT-SWAP,reversal,6H,0.007,0.02,0.03,1,0.0,10.0,148.0,0.0,-100.0,569,253,316,44.46,100.0,0.684,-5.455,2201,1.28,-99.14,0.0,-99.98,0.0,-13.79
BTC-USDT-SWAP,reversal,6H,0.007,0.03,0.01,1,0.0,10.0,148.0,0.0,-100.0,569,224,345,39.37,100.0,0.635,-5.455,2201,1.26,-99.15,0.0,-99.99,0.0,-21.39
BTC-USDT-SWAP,reversal,6H,0.007,0.03,0.015,1,0.0,10.0,148.0,0.0,-100.0,569,237,332,41.65,100.0,0.643,-5.455,2201,1.38,-99.06,0.0,-99.99,0.0,-13.79
BTC-USDT-SWAP,reversal,6H,0.007,0.03,0.02,1,0.0,10.0,148.0,0.0,-100.0,569,241,328,42.36,100.0,0.645,-5.455,2201,0.52,-99.65,0.0,-100.0,0.0,-13.79
BTC-USDT-SWAP,reversal,6H,0.007,0.03,0.025,1,0.0,10.0,148.0,0.0,-100.0,569,242,327,42.53,100.0,0.601,-5.455,2201,0.17,-99.88,0.0,-100.0,0.0,-13.79
BTC-USDT-SWAP,reversal,6H,0.007,0.03,0.03,1,0.0,10.0,148.0,0.0,-100.0,569,244,325,42.88,100.0,0.561,-5.455,2201,0.22,-99.85,0.0,-100.0,0.0,-13.79
BTC-USDT-SWAP,reversal,6H,0.01,0.006,0.01,1,0.0,10.0,148.0,1810.58,1123.36,389,302,87,77.63,64.21,1.146,61.274,2201,1534.15,936.59,1688.28,10.05,1810.58,7.24
BTC-USDT-SWAP,reversal,6H,0.01,0.006,0.015,1,0.0,10.0,148.0,10872.58,7246.34,389,325,64,83.55,55.76,1.262,395.255,2201,1548.4,946.21,10138.19,554.75,10872.58,7.24
BTC-USDT-SWAP,reversal,6H,0.01,0.006,0.02,1,0.0,10.0,148.0,59571.12,40150.76,389,340,49,87.4,31.74,2.16,2190.041,2201,5743.51,3780.75,58498.18,918.51,59571.12,1.83
BTC-USDT-SWAP,reversal,6H,0.01,0.006,0.025,1,0.0,10.0,148.0,80142.15,54050.1,389,346,43,88.95,36.04,2.923,2948.187,2201,7507.77,4972.82,79069.21,953.17,80142.15,1.36
BTC-USDT-SWAP,reversal,6H,0.01,0.006,0.03,1,0.0,10.0,148.0,92935.37,62694.17,389,349,40,89.72,34.6,3.478,3419.682,2201,9963.4,6632.02,91862.43,822.0,92935.37,1.17
BTC-USDT-SWAP,reversal,6H,0.01,0.008,0.01,1,0.0,10.0,148.0,5686.03,3741.91,389,268,121,68.89,68.06,1.148,204.104,2201,3813.55,2476.72,5222.43,36.94,5686.03,8.88
BTC-USDT-SWAP,reversal,6H,0.01,0.008,0.015,1,0.0,10.0,148.0,21714.78,14572.15,389,284,105,73.01,57.99,1.275,794.845,2201,3131.69,2016.01,20403.1,551.5,21714.78,6.43
BTC-USDT-SWAP,reversal,6H,0.01,0.008,0.02,1,0.0,10.0,148.0,65830.76,44380.24,389,297,92,76.35,61.05,1.795,2420.74,2201,7671.75,5083.61,64519.07,741.0,65830.76,2.03
BTC-USDT-SWAP,reversal,6H,0.01,0.008,0.025,1,0.0,10.0,148.0,80796.25,54492.06,389,302,87,77.63,69.4,2.086,2972.294,2201,9502.6,6320.67,79484.56,736.45,80796.25,1.65
BTC-USDT-SWAP,reversal,6H,0.01,0.008,0.03,1,0.0,10.0,148.0,83331.48,56205.05,389,303,86,77.89,73.17,2.179,3065.73,2201,9679.92,6440.49,82019.79,747.32,83331.48,1.6
BTC-USDT-SWAP,reversal,6H,0.01,0.01,0.01,1,0.0,10.0,148.0,4923.01,3226.36,389,246,143,63.24,85.13,1.087,175.983,2201,5420.66,3562.61,5002.41,-7.72,4923.01,-1.59
BTC-USDT-SWAP,reversal,6H,0.01,0.01,0.015,1,0.0,10.0,148.0,10243.68,6821.4,389,260,129,66.84,82.73,1.109,372.077,2201,4358.52,2844.95,10408.89,138.82,10243.68,-1.59
BTC-USDT-SWAP,reversal,6H,0.01,0.01,0.02,1,0.0,10.0,148.0,53189.21,35838.66,389,271,118,69.67,59.56,1.475,1954.836,2201,8267.04,5485.83,53405.68,546.01,53189.21,-0.41
BTC-USDT-SWAP,reversal,6H,0.01,0.01,0.025,1,0.0,10.0,148.0,68790.92,46380.35,389,276,113,70.95,66.14,1.684,2529.837,2201,9077.58,6033.5,69007.39,660.2,68790.92,-0.31
BTC-USDT-SWAP,reversal,6H,0.01,0.01,0.03,1,0.0,10.0,148.0,73886.07,49823.02,389,278,111,71.47,69.85,1.824,2717.619,2201,8016.74,5316.72,74102.54,824.35,73886.07,-0.29
BTC-USDT-SWAP,reversal,6H,0.01,0.015,0.01,1,0.0,10.0,148.0,5.2,-96.49,389,185,204,47.56,99.12,0.94,-5.263,2201,262.14,77.12,5.28,-97.99,5.2,-1.59
BTC-USDT-SWAP,reversal,6H,0.01,0.015,0.015,1,0.0,10.0,148.0,4.25,-97.13,389,197,192,50.64,99.48,0.948,-5.298,2201,209.28,41.41,4.32,-97.93,4.25,-1.59
BTC-USDT-SWAP,reversal,6H,0.01,0.015,0.02,1,0.0,10.0,148.0,12.08,-91.84,389,203,186,52.19,99.13,0.973,-5.009,2201,289.99,95.94,12.28,-95.77,12.08,-1.59
BTC-USDT-SWAP,reversal,6H,0.01,0.015,0.025,1,0.0,10.0,148.0,16.51,-88.85,389,206,183,52.96,99.34,0.983,-4.846,2201,563.79,280.94,16.77,-97.02,16.51,-1.59
BTC-USDT-SWAP,reversal,6H,0.01,0.015,0.03,1,0.0,10.0,148.0,19.73,-86.67,389,208,181,53.47,99.2,0.983,-4.727,2201,683.98,362.15,20.05,-97.07,19.73,-1.59
BTC-USDT-SWAP,reversal,6H,0.01,0.02,0.01,1,0.0,10.0,148.0,0.07,-99.95,389,160,229,41.13,99.96,0.739,-5.452,2201,29.23,-80.25,0.07,-99.74,0.07,-1.59
BTC-USDT-SWAP,reversal,6H,0.01,0.02,0.015,1,0.0,10.0,148.0,0.07,-99.95,389,173,216,44.47,99.96,0.742,-5.452,2201,21.23,-85.66,0.07,-99.66,0.07,-1.59
BTC-USDT-SWAP,reversal,6H,0.01,0.02,0.02,1,0.0,10.0,148.0,0.08,-99.94,389,177,212,45.5,99.96,0.729,-5.452,2201,10.38,-92.99,0.08,-99.2,0.08,-1.59
BTC-USDT-SWAP,reversal,6H,0.01,0.02,0.025,1,0.0,10.0,148.0,0.07,-99.96,389,179,210,46.02,99.97,0.734,-5.452,2201,10.81,-92.7,0.07,-99.38,0.07,-1.59
BTC-USDT-SWAP,reversal,6H,0.01,0.02,0.03,1,0.0,10.0,148.0,0.05,-99.96,389,181,208,46.53,99.98,0.677,-5.453,2201,8.55,-94.22,0.05,-99.37,0.05,-1.59
BTC-USDT-SWAP,reversal,6H,0.01,0.03,0.01,1,0.0,10.0,148.0,0.01,-100.0,389,152,237,39.07,100.0,0.572,-5.454,2201,5.1,-96.55,0.01,-99.87,0.01,-1.59
BTC-USDT-SWAP,reversal,6H,0.01,0.03,0.015,1,0.0,10.0,148.0,0.0,-100.0,389,163,226,41.9,100.0,0.536,-5.454,2201,2.9,-98.04,0.0,-99.9,0.0,-1.59
BTC-USDT-SWAP,reversal,6H,0.01,0.03,0.02,1,0.0,10.0,148.0,0.0,-100.0,389,165,224,42.42,100.0,0.567,-5.455,2201,1.37,-99.07,0.0,-99.91,0.0,-1.59
BTC-USDT-SWAP,reversal,6H,0.01,0.03,0.025,1,0.0,10.0,148.0,0.0,-100.0,389,166,223,42.67,100.0,0.541,-5.455,2201,1.14,-99.23,0.0,-99.93,0.0,-1.59
BTC-USDT-SWAP,reversal,6H,0.01,0.03,0.03,1,0.0,10.0,148.0,0.0,-100.0,389,168,221,43.19,100.0,0.504,-5.455,2201,0.96,-99.35,0.0,-99.92,0.0,-1.59
BTC-USDT-SWAP,fade,6H,0.001,0.006,0.01,1,0.0,10.0,148.0,0.0,-100.0,1656,990,666,59.78,100.0,0.875,-5.455,2201,18.22,-87.69,0.0,-100.0,0.0,-24.15
BTC-USDT-SWAP,fade,6H,0.001,0.006,0.015,1,0.0,10.0,148.0,0.01,-100.0,1656,1047,609,63.22,100.0,0.964,-5.454,2201,175.29,18.44,0.01,-99.99,0.01,-28.47
BTC-USDT-SWAP,fade,6H,0.001,0.006,0.02,1,0.0,10.0,148.0,0.03,-99.98,1656,1065,591,64.31,100.0,0.985,-5.453,2201,729.2,392.71,0.04,-99.99,0.03,-22.01
BTC-USDT-SWAP,fade,6H,0.001,0.006,0.025,1,0.0,10.0,148.0,0.01,-100.0,1656,1069,587,64.55,100.0,0.986,-5.454,2201,649.39,338.77,0.01,-100.0,0.01,-22.01
BTC-USDT-SWAP,fade,6H,0.001,0.006,0.03,1,0.0,10.0,148.0,0.03,-99.98,1656,1075,581,64.92,100.0,0.986,-5.454,2201,588.91,297.91,0.03,-99.99,0.03,-22.01
BTC-USDT-SWAP,fade,6H,0.001,0.008,0.01,1,0.0,10.0,148.0,0.0,-100.0,1656,831,825,50.18,100.0,0.804,-5.455,2201,1.25,-99.15,0.0,-100.0,0.0,-19.25
BTC-USDT-SWAP,fade,6H,0.001,0.008,0.015,1,0.0,10.0,148.0,0.0,-100.0,1656,878,778,53.02,100.0,0.844,-5.455,2201,5.29,-96.43,0.0,-100.0,0.0,-23.85
BTC-USDT-SWAP,fade,6H,0.001,0.008,0.02,1,0.0,10.0,148.0,0.0,-100.0,1656,896,760,54.11,100.0,0.892,-5.455,2201,25.81,-82.56,0.0,-100.0,0.0,-16.97
BTC-USDT-SWAP,fade,6H,0.001,0.008,0.025,1,0.0,10.0,148.0,0.0,-100.0,1656,902,754,54.47,100.0,0.916,-5.455,2201,27.91,-81.14,0.0,-100.0,0.0,-16.97
BTC-USDT-SWAP,fade,6H,0.001,0.008,0.03,1,0.0,10.0,148.0,0.0,-100.0,1656,907,749,54.77,100.0,0.928,-5.455,2201,27.73,-81.26,0.0,-100.0,0.0,-16.97
BTC-USDT-SWAP,fade,6H,0.001,0.01,0.01,1,0.0,10.0,148.0,0.0,-100.0,1656,741,915,44.75,100.0,0.775,-5.455,2201,0.29,-99.81,0.0,-100.0,0.0,-32.0
BTC-USDT-SWAP,fade,6H,0.001,0.01,0.015,1,0.0,10.0,148.0,0.0,-100.0,1656,788,868,47.58,100.0,0.78,-5.455,2201,0.8,-99.46,0.0,-100.0,0.0,-36.75
BTC-USDT-SWAP,fade,6H,0.001,0.01,0.02,1,0.0,10.0,148.0,0.0,-100.0,1656,805,851,48.61,100.0,0.802,-5.455,2201,2.1,-98.58,0.0,-100.0,0.0,-31.04
BTC-USDT-SWAP,fade,6H,0.001,0.01,0.025,1,0.0,10.0,148.0,0.0,-100.0,1656,811,845,48.97,100.0,0.801,-5.455,2201,1.19,-99.19,0.0,-100.0,0.0,-31.04
BTC-USDT-SWAP,fade,6H,0.001,0.01,0.03,1,0.0,10.0,148.0,0.0,-100.0,1656,815,841,49.21,100.0,0.803,-5.455,2201,0.53,-99.64,0.0,-100.0,0.0,-31.04
BTC-USDT-SWAP,fade,6H,0.001,0.015,0.01,1,0.0,10.0,148.0,0.0,-100.0,1656,646,1010,39.01,100.0,0.645,-5.455,2201,0.0,-100.0,0.0,-100.0,0.0,-28.85
BTC-USDT-SWAP,fade,6H,0.001,0.015,0.015,1,0.0,10.0,148.0,0.0,-100.0,1656,685,971,41.36,100.0,0.624,-5.455,2201,0.0,-100.0,0.0,-100.0,0.0,-33.83
BTC-USDT-SWAP,fade,6H,0.001,0.015,0.02,1,0.0,10.0,148.0,0.0,-100.0,1656,701,955,42.33,100.0,0.577,-5.455,2201,0.0,-100.0,0.0,-100.0,0.0,-27.85
BTC-USDT-SWAP,fade,6H,0.001,0.015,0.025,1,0.0,10.0,148.0,0.0,-100.0,1656,706,950,42.63,100.0,0.573,-5.455,2201,0.0,-100.0,0.0,-100.0,0.0,-27.85
BTC-USDT-SWAP,fade,6H,0.001,0.015,0.03,1,0.0,10.0,148.0,0.0,-100.0,1656,707,949,42.69,100.0,0.573,-5.455,2201,0.0,-100.0,0.0,-100.0,0.0,-27.85
BTC-USDT-SWAP,fade,6H,0.001,0.02,0.01,1,0.0,10.0,148.0,0.0,-100.0,1656,619,1037,37.38,100.0,0.507,-5.455,2201,0.0,-100.0,0.0,-100.0,0.0,-25.89
BTC-USDT-SWAP,fade,6H,0.001,0.02,0.015,1,0.0,10.0,148.0,0.0,-100.0,1656,659,997,39.79,100.0,0.476,-5.455,2201,0.0,-100.0,0.0,-100.0,0.0,-31.07
BTC-USDT-SWAP,fade,6H,0.001,0.02,0.02,1,0.0,10.0,148.0,0.0,-100.0,1656,676,980,40.82,100.0,0.409,-5.455,2201,0.0,-100.0,0.0,-100.0,0.0,-24.84
BTC-USDT-SWAP,fade,6H,0.001,0.02,0.025,1,0.0,10.0,148.0,0.0,-100.0,1656,680,976,41.06,100.0,0.408,-5.455,2201,0.0,-100.0,0.0,-100.0,0.0,-24.84
BTC-USDT-SWAP,fade,6H,0.001,0.02,0.03,1,0.0,10.0,148.0,0.0,-100.0,1656,680,976,41.06,100.0,0.413,-5.455,2201,0.0,-100.0,0.0,-100.0,0.0,-24.84
BTC-USDT-SWAP,fade,6H,0.001,0.03,0.01,1,0.0,10.0,148.0,0.0,-100.0,1656,614,1042,37.08,100.0,0.572,-5.455,2201,0.0,-100.0,0.0,-100.0,0.0,-26.3
BTC-USDT-SWAP,fade,6H,0.001,0.03,0.015,1,0.0,10.0,148.0,0.0,-100.0,1656,652,1004,39.37,100.0,0.541,-5.455,2201,0.0,-100.0,0.0,-100.0,0.0,-31.45
BTC-USDT-SWAP,fade,6H,0.001,0.03,0.02,1,0.0,10.0,148.0,0.0,-100.0,1656,669,987,40.4,100.0,0.469,-5.455,2201,0.0,-100.0,0.0,-100.0,0.0,-25.25
BTC-USDT-SWAP,fade,6H,0.001,0.03,0.025,1,0.0,10.0,148.0,0.0,-100.0,1656,672,984,40.58,100.0,0.448,-5.455,2201,0.0,-100.0,0.0,-100.0,0.0,-25.25
BTC-USDT-SWAP,fade,6H,0.001,0.03,0.03,1,0.0,10.0,148.0,0.0,-100.0,1656,672,984,40.58,100.0,0.454,-5.455,2201,0.0,-100.0,0.0,-100.0,0.0,-25.25
BTC-USDT-SWAP,fade,6H,0.002,0.006,0.01,1,0.0,10.0,148.0,0.26,-99.82,1459,917,542,62.85,99.93,0.942,-5.445,2201,152.84,3.27,0.33,-99.78,0.26,-20.73
BTC-USDT-SWAP,fade,6H,0.002,0.006,0.015,1,0.0,10.0,148.0,11.18,-92.45,1459,966,493,66.21,99.86,0.995,-5.043,2201,1737.8,1074.19,14.95,-99.14,11.18,-25.25
BTC-USDT-SWAP,fade,6H,0.002,0.006,0.02,1,0.0,10.0,148.0,73.0,-50.68,1459,979,480,67.1,99.86,1.0,-2.764,2201,11225.4,7484.73,88.57,-99.21,73.0,-17.58
BTC-USDT-SWAP,fade,6H,0.002,0.006,0.025,1,0.0,10.0,148.0,48.41,-67.29,1459,985,474,67.51,99.87,0.999,-3.671,2201,9366.99,6229.05,58.73,-99.37,48.41,-17.58
BTC-USDT-SWAP,fade,6H,0.002,0.006,0.03,1,0.0,10.0,148.0,423.22,185.96,1459,991,468,67.92,99.26,1.001,10.143,2201,11864.08,7916.27,513.52,-95.67,423.22,-17.58
BTC-USDT-SWAP,fade,6H,0.002,0.008,0.01,1,0.0,10.0,148.0,0.0,-100.0,1459,762,697,52.23,100.0,0.886,-5.455,2201,13.13,-91.13,0.0,-100.0,0.0,-16.89
BTC-USDT-SWAP,fade,6H,0.002,0.008,0.015,1,0.0,10.0,148.0,0.01,-100.0,1459,809,650,55.45,100.0,0.97,-5.454,2201,122.13,-17.48,0.01,-99.99,0.01,-21.63
BTC-USDT-SWAP,fade,6H,0.002,0.008,0.02,1,0.0,10.0,148.0,0.01,-99.99,1459,821,638,56.27,100.0,0.987,-5.454,2201,547.18,269.71,0.01,-100.0,0.01,-13.59
BTC-USDT-SWAP,fade,6H,0.002,0.008,0.025,1,0.0,10.0,148.0,0.01,-100.0,1459,826,633,56.61,100.0,0.99,-5.454,2201,637.67,330.86,0.01,-100.0,0.01,-13.59
BTC-USDT-SWAP,fade,6H,0.002,0.008,0.03,1,0.0,10.0,148.0,0.02,-99.99,1459,832,627,57.03,100.0,0.994,-5.454,2201,702.73,374.82,0.02,-100.0,0.02,-13.59
BTC-USDT-SWAP,fade,6H,0.002,0.01,0.01,1,0.0,10.0,148.0,0.0,-100.0,1459,668,791,45.78,100.0,0.798,-5.455,2201,1.02,-99.31,0.0,-100.0,0.0,-13.01
BTC-USDT-SWAP,fade,6H,0.002,0.01,0.015,1,0.0,10.0,148.0,0.0,-100.0,1459,711,748,48.73,100.0,0.827,-5.455,2201,3.69,-97.51,0.0,-100.0,0.0,-17.97
BTC-USDT-SWAP,fade,6H,0.002,0.01,0.02,1,0.0,10.0,148.0,0.0,-100.0,1459,722,737,49.49,100.0,0.866,-5.455,2201,12.28,-91.7,0.0,-100.0,0.0,-9.56
BTC-USDT-SWAP,fade,6H,0.002,0.01,0.025,1,0.0,10.0,148.0,0.0,-100.0,1459,728,731,49.9,100.0,0.89,-5.455,2201,8.82,-94.04,0.0,-100.0,0.0,-9.56
BTC-USDT-SWAP,fade,6H,0.002,0.01,0.03,1,0.0,10.0,148.0,0.0,-100.0,1459,732,727,50.17,100.0,0.868,-5.455,2201,3.94,-97.34,0.0,-100.0,0.0,-9.56
BTC-USDT-SWAP,fade,6H,0.002,0.015,0.01,1,0.0,10.0,148.0,0.0,-100.0,1459,564,895,38.66,100.0,0.609,-5.455,2201,0.01,-99.99,0.0,-100.0,0.0,-26.09
BTC-USDT-SWAP,fade,6H,0.002,0.015,0.015,1,0.0,10.0,148.0,0.0,-100.0,1459,598,861,40.99,100.0,0.563,-5.455,2201,0.01,-100.0,0.0,-100.0,0.0,-30.46
BTC-USDT-SWAP,fade,6H,0.002,0.015,0.02,1,0.0,10.0,148.0,0.0,-100.0,1459,611,848,41.88,100.0,0.548,-5.455,2201,0.01,-100.0,0.0,-100.0,0.0,-23.33
BTC-USDT-SWAP,fade,6H,0.002,0.015,0.025,1,0.0,10.0,148.0,0.0,-100.0,1459,616,843,42.22,100.0,0.576,-5.455,2201,0.0,-100.0,0.0,-100.0,0.0,-23.33
BTC-USDT-SWAP,fade,6H,0.002,0.015,0.03,1,0.0,10.0,148.0,0.0,-100.0,1459,617,842,42.29,100.0,0.52,-5.455,2201,0.0,-100.0,0.0,-100.0,0.0,-23.33
BTC-USDT-SWAP,fade,6H,0.002,0.02,0.01,1,0.0,10.0,148.0,0.0,-100.0,1459,541,918,37.08,100.0,0.48,-5.455,2201,0.0,-100.0,0.0,-100.0,0.0,-23.02
BTC-USDT-SWAP,fade,6H,0.002,0.02,0.015,1,0.0,10.0,148.0,0.0,-100.0,1459,574,885,39.34,100.0,0.421,-5.455,2201,0.0,-100.0,0.0,-100.0,0.0,-27.56
BTC-USDT-SWAP,fade,6H,0.002,0.02,0.02,1,0.0,10.0,148.0,0.0,-100.0,1459,588,871,40.3,100.0,0.389,-5.455,2201,0.0,-100.0,0.0,-100.0,0.0,-20.14
BTC-USDT-SWAP,fade,6H,0.002,0.02,0.025,1,0.0,10.0,148.0,0.0,-100.0,1459,591,868,40.51,100.0,0.428,-5.455,2201,0.0,-100.0,0.0,-100.0,0.0,-20.14
BTC-USDT-SWAP,fade,6H,0.002,0.02,0.03,1,0.0,10.0,148.0,0.0,-100.0,1459,592,867,40.58,100.0,0.374,-5.455,2201,0.0,-100.0,0.0,-100.0,0.0,-20.14
BTC-USDT-SWAP,fade,6H,0.002,0.03,0.01,1,0.0,10.0,148.0,0.0,-100.0,1459,535,924,36.67,100.0,0.546,-5.455,2201,0.01,-99.99,0.0,-100.0,0.0,-22.77
BTC-USDT-SWAP,fade,6H,0.002,0.03,0.015,1,0.0,10.0,148.0,0.0,-100.0,1459,567,892,38.86,100.0,0.475,-5.455,2201,0.0,-100.0,0.0,-100.0,0.0,-27.33
BTC-USDT-SWAP,fade,6H,0.002,0.03,0.02,1,0.0,10.0,148.0,0.0,-100.0,1459,581,878,39.82,100.0,0.439,-5.455,2201,0.0,-100.0,0.0,-100.0,0.0,-19.88
BTC-USDT-SWAP,fade,6H,0.002,0.03,0.025,1,0.0,10.0,148.0,0.0,-100.0,1459,583,876,39.96,100.0,0.458,-5.455,2201,0.0,-100.0,0.0,-100.0,0.0,-19.88
BTC-USDT-SWAP,fade,6H,0.002,0.03,0.03,1,0.0,10.0,148.0,0.0,-100.0,1459,584,875,40.03,100.0,0.403,-5.455,2201,0.0,-100.0,0.0,-100.0,0.0,-19.88
BTC-USDT-SWAP,fade,6H,0.003,0.006,0.01,1,0.0,10.0,148.0,104.04,-29.7,1300,867,433,66.69,97.89,0.998,-1.62,2201,1517.91,925.62,130.16,-91.42,104.04,-20.07
BTC-USDT-SWAP,fade,6H,0.003,0.006,0.015,1,0.0,10.0,148.0,35244.34,23713.75,1300,916,384,70.46,68.63,1.109,1293.477,2201,26315.04,17680.44,39123.56,48.67,35244.34,-9.92
BTC-USDT-SWAP,fade,6H,0.003,0.006,0.02,1,0.0,10.0,148.0,34175.51,22991.56,1300,922,378,70.92,71.97,1.102,1254.085,2201,30588.92,20568.19,36632.12,19.76,34175.51,-6.71
BTC-USDT-SWAP,fade,6H,0.003,0.006,0.025,1,0.0,10.0,148.0,62437.59,42087.56,1300,934,366,71.85,54.33,1.192,2295.685,2201,33845.03,22768.26,64894.21,91.74,62437.59,-3.79
BTC-USDT-SWAP,fade,6H,0.003,0.006,0.03,1,0.0,10.0,148.0,86897.4,58614.46,1300,941,359,72.38,53.76,1.267,3197.152,2201,46299.21,31183.25,89354.02,92.99,86897.4,-2.75
BTC-USDT-SWAP,fade,6H,0.003,0.008,0.01,1,0.0,10.0,148.0,0.34,-99.77,1300,729,571,56.08,99.95,0.977,-5.442,2201,479.49,223.98,0.4,-99.92,0.34,-15.37
BTC-USDT-SWAP,fade,6H,0.003,0.008,0.015,1,0.0,10.0,148.0,14.38,-90.28,1300,774,526,59.54,99.9,0.998,-4.925,2201,4193.69,2733.58,18.02,-99.57,14.38,-20.2
BTC-USDT-SWAP,fade,6H,0.003,0.008,0.02,1,0.0,10.0,148.0,5.27,-96.44,1300,780,520,60.0,99.96,0.998,-5.26,2201,5300.02,3481.1,5.92,-99.89,5.27,-11.04
BTC-USDT-SWAP,fade,6H,0.003,0.008,0.025,1,0.0,10.0,148.0,6.26,-95.77,1300,787,513,60.54,99.94,0.998,-5.224,2201,5752.53,3786.85,7.04,-99.88,6.26,-11.04
BTC-USDT-SWAP,fade,6H,0.003,0.008,0.03,1,0.0,10.0,148.0,28.08,-81.03,1300,793,507,61.0,99.9,1.0,-4.42,2201,11547.37,7702.28,31.56,-99.73,28.08,-11.04
BTC-USDT-SWAP,fade,6H,0.003,0.01,0.01,1,0.0,10.0,148.0,0.0,-100.0,1300,635,665,48.85,100.0,0.862,-5.455,2201,10.14,-93.15,0.0,-100.0,0.0,-10.74
BTC-USDT-SWAP,fade,6H,0.003,0.01,0.015,1,0.0,10.0,148.0,0.01,-99.99,1300,679,621,52.23,100.0,0.947,-5.454,2201,55.91,-62.22,0.01,-99.98,0.01,-15.83
BTC-USDT-SWAP,fade,6H,0.003,0.01,0.02,1,0.0,10.0,148.0,0.0,-100.0,1300,685,615,52.69,100.0,0.938,-5.454,2201,69.46,-53.07,0.0,-100.0,0.0,-6.17
BTC-USDT-SWAP,fade,6H,0.003,0.01,0.025,1,0.0,10.0,148.0,0.01,-99.99,1300,694,606,53.38,100.0,0.975,-5.454,2201,135.3,-8.58,0.01,-99.99,0.01,-6.17
BTC-USDT-SWAP,fade,6H,0.003,0.01,0.03,1,0.0,10.0,148.0,0.01,-100.0,1300,698,602,53.69,100.0,0.975,-5.454,2201,122.68,-17.11,0.01,-100.0,0.01,-6.17
BTC-USDT-SWAP,fade,6H,0.003,0.015,0.01,1,0.0,10.0,148.0,0.0,-100.0,1300,544,756,41.85,100.0,0.738,-5.455,2201,0.45,-99.7,0.0,-100.0,0.0,-24.26
BTC-USDT-SWAP,fade,6H,0.003,0.015,0.015,1,0.0,10.0,148.0,0.0,-100.0,1300,580,720,44.62,100.0,0.748,-5.455,2201,0.34,-99.77,0.0,-100.0,0.0,-27.91
BTC-USDT-SWAP,fade,6H,0.003,0.015,0.02,1,0.0,10.0,148.0,0.0,-100.0,1300,591,709,45.46,100.0,0.692,-5.455,2201,0.33,-99.77,0.0,-100.0,0.0,-19.64
BTC-USDT-SWAP,fade,6H,0.003,0.015,0.025,1,0.0,10.0,148.0,0.0,-100.0,1300,597,703,45.92,100.0,0.732,-5.455,2201,0.17,-99.88,0.0,-100.0,0.0,-19.64
BTC-USDT-SWAP,fade,6H,0.003,0.015,0.03,1,0.0,10.0,148.0,0.0,-100.0,1300,600,700,46.15,100.0,0.672,-5.455,2201,0.1,-99.94,0.0,-100.0,0.0,-19.64
BTC-USDT-SWAP,fade,6H,0.003,0.02,0.01,1,0.0,10.0,148.0,0.0,-100.0,1300,516,784,39.69,100.0,0.473,-5.455,2201,0.07,-99.96,0.0,-100.0,0.0,-21.11
BTC-USDT-SWAP,fade,6H,0.003,0.02,0.015,1,0.0,10.0,148.0,0.0,-100.0,1300,547,753,42.08,100.0,0.453,-5.455,2201,0.02,-99.99,0.0,-100.0,0.0,-24.91
BTC-USDT-SWAP,fade,6H,0.003,0.02,0.02,1,0.0,10.0,148.0,0.0,-100.0,1300,557,743,42.85,100.0,0.39,-5.455,2201,0.01,-99.99,0.0,-100.0,0.0,-16.3
BTC-USDT-SWAP,fade,6H,0.003,0.02,0.025,1,0.0,10.0,148.0,0.0,-100.0,1300,560,740,43.08,100.0,0.441,-5.455,2201,0.0,-100.0,0.0,-100.0,0.0,-16.3
BTC-USDT-SWAP,fade,6H,0.003,0.02,0.03,1,0.0,10.0,148.0,0.0,-100.0,1300,561,739,43.15,100.0,0.38,-5.455,2201,0.0,-100.0,0.0,-100.0,0.0,-16.3
BTC-USDT-SWAP,fade,6H,0.003,0.03,0.01,1,0.0,10.0,148.0,0.0,-100.0,1300,508,792,39.08,100.0,0.558,-5.455,2201,0.2,-99.87,0.0,-100.0,0.0,-20.17
BTC-USDT-SWAP,fade,6H,0.003,0.03,0.015,1,0.0,10.0,148.0,0.0,-100.0,1300,537,763,41.31,100.0,0.485,-5.455,2201,0.03,-99.98,0.0,-100.0,0.0,-24.02
BTC-USDT-SWAP,fade,6H,0.003,0.03,0.02,1,0.0,10.0,148.0,0.0,-100.0,1300,548,752,42.15,100.0,0.424,-5.455,2201,0.02,-99.99,0.0,-100.0,0.0,-15.3
BTC-USDT-SWAP,fade,6H,0.003,0.03,0.025,1,0.0,10.0,148.0,0.0,-100.0,1300,550,750,42.31,100.0,0.452,-5.455,2201,0.0,-100.0,0.0,-100.0,0.0,-15.3
BTC-USDT-SWAP,fade,6H,0.003,0.03,0.03,1,0.0,10.0,148.0,0.0,-100.0,1300,551,749,42.38,100.0,0.395,-5.455,2201,0.0,-100.0,0.0,-100.0,0.0,-15.3
BTC-USDT-SWAP,fade,6H,0.005,0.006,0.01,1,0.0,10.0,148.0,68550.24,46217.73,1020,763,257,74.8,63.39,1.406,2520.967,2201,4144.47,2700.32,68999.64,1564.86,68550.24,-0.65
BTC-USDT-SWAP,fade,6H,0.005,0.006,0.015,1,0.0,10.0,148.0,145245.22,98038.66,1020,806,214,79.02,50.16,1.692,5347.563,2201,41408.75,27878.89,146444.62,253.66,145245.22,-0.82
BTC-USDT-SWAP,fade,6H,0.005,0.006,0.02,1,0.0,10.0,148.0,154780.73,104481.58,1020,819,201,80.29,57.11,1.8,5698.995,2201,29860.26,20075.85,154257.37,416.6,154780.73,0.34
BTC-USDT-SWAP,fade,6H,0.005,0.006,0.025,1,0.0,10.0,148.0,197272.9,133192.5,1020,831,189,81.47,53.83,2.113,7265.045,2201,42199.9,28413.44,196749.54,366.23,197272.9,0.27
BTC-USDT-SWAP,fade,6H,0.005,0.006,0.03,1,0.0,10.0,148.0,220631.55,148975.37,1020,837,183,82.06,59.61,2.317,8125.929,2201,54399.95,36656.72,220108.19,304.61,220631.55,0.24
BTC-USDT-SWAP,fade,6H,0.005,0.008,0.01,1,0.0,10.0,148.0,14578.96,9750.65,1020,648,372,63.53,84.18,1.092,531.854,2201,3927.94,2554.02,15918.02,305.25,14578.96,-8.41
BTC-USDT-SWAP,fade,6H,0.005,0.008,0.015,1,0.0,10.0,148.0,92766.95,62580.37,1020,683,337,66.96,49.08,1.284,3413.475,2201,42435.74,28572.79,94781.23,123.35,92766.95,-2.13
BTC-USDT-SWAP,fade,6H,0.005,0.008,0.02,1,0.0,10.0,148.0,105898.74,71453.2,1020,696,324,68.24,54.95,1.335,3897.448,2201,36674.64,24680.16,106190.26,189.55,105898.74,-0.27
BTC-USDT-SWAP,fade,6H,0.005,0.008,0.025,1,0.0,10.0,148.0,144416.96,97479.03,1020,707,313,69.31,53.91,1.474,5317.038,2201,43351.12,29191.3,144708.48,233.81,144416.96,-0.2
BTC-USDT-SWAP,fade,6H,0.005,0.008,0.03,1,0.0,10.0,148.0,175660.73,118589.68,1020,714,306,70.0,62.76,1.579,6468.528,2201,62790.6,42326.08,175952.25,180.22,175660.73,-0.17
BTC-USDT-SWAP,fade,6H,0.005,0.01,0.01,1,0.0,10.0,148.0,59.26,-59.96,1020,563,457,55.2,99.25,0.995,-3.271,2201,1101.95,644.56,62.95,-94.29,59.26,-5.86
BTC-USDT-SWAP,fade,6H,0.005,0.01,0.015,1,0.0,10.0,148.0,459.84,210.7,1020,594,426,58.24,99.48,1.002,11.493,2201,7504.98,4970.93,518.0,-93.1,459.84,-11.23
BTC-USDT-SWAP,fade,6H,0.005,0.01,0.02,1,0.0,10.0,148.0,149.12,0.75,1020,602,418,59.02,99.54,1.0,0.041,2201,3475.11,2248.05,147.49,-95.76,149.12,1.1
BTC-USDT-SWAP,fade,6H,0.005,0.01,0.025,1,0.0,10.0,148.0,500.68,238.3,1020,609,411,59.71,98.78,1.002,12.998,2201,4223.59,2753.78,495.23,-88.27,500.68,1.1
BTC-USDT-SWAP,fade,6H,0.005,0.01,0.03,1,0.0,10.0,148.0,36059.58,24264.58,1020,615,405,60.29,72.81,1.085,1323.522,2201,21708.08,14567.62,35751.1,64.69,36059.58,0.86
BTC-USDT-SWAP,fade,6H,0.005,0.015,0.01,1,0.0,10.0,148.0,0.0,-100.0,1020,455,565,44.61,100.0,0.796,-5.455,2201,11.1,-92.5,0.0,-100.0,0.0,-28.15
BTC-USDT-SWAP,fade,6H,0.005,0.015,0.015,1,0.0,10.0,148.0,0.0,-100.0,1020,483,537,47.35,100.0,0.794,-5.455,2201,11.47,-92.25,0.0,-99.99,0.0,-32.24
BTC-USDT-SWAP,fade,6H,0.005,0.015,0.02,1,0.0,10.0,148.0,0.0,-100.0,1020,493,527,48.33,100.0,0.803,-5.455,2201,9.03,-93.9,0.0,-100.0,0.0,-22.83
BTC-USDT-SWAP,fade,6H,0.005,0.015,0.025,1,0.0,10.0,148.0,0.0,-100.0,1020,496,524,48.63,100.0,0.768,-5.455,2201,2.87,-98.06,0.0,-99.99,0.0,-22.83
BTC-USDT-SWAP,fade,6H,0.005,0.015,0.03,1,0.0,10.0,148.0,0.0,-100.0,1020,497,523,48.73,100.0,0.714,-5.455,2201,1.92,-98.7,0.0,-100.0,0.0,-22.83
BTC-USDT-SWAP,fade,6H,0.005,0.02,0.01,1,0.0,10.0,148.0,0.0,-100.0,1020,404,616,39.61,100.0,0.45,-5.455,2201,0.16,-99.89,0.0,-100.0,0.0,-28.15
BTC-USDT-SWAP,fade,6H,0.005,0.02,0.015,1,0.0,10.0,148.0,0.0,-100.0,1020,430,590,42.16,100.0,0.396,-5.455,2201,0.06,-99.96,0.0,-100.0,0.0,-32.24
BTC-USDT-SWAP,fade,6H,0.005,0.02,0.02,1,0.0,10.0,148.0,0.0,-100.0,1020,441,579,43.24,100.0,0.404,-5.455,2201,0.05,-99.97,0.0,-100.0,0.0,-22.83
BTC-USDT-SWAP,fade,6H,0.005,0.02,0.025,1,0.0,10.0,148.0,0.0,-100.0,1020,443,577,43.43,100.0,0.423,-5.455,2201,0.02,-99.99,0.0,-100.0,0.0,-22.83
BTC-USDT-SWAP,fade,6H,0.005,0.02,0.03,1,0.0,10.0,148.0,0.0,-100.0,1020,444,576,43.53,100.0,0.359,-5.455,2201,0.01,-99.99,0.0,-100.0,0.0,-22.83
BTC-USDT-SWAP,fade,6H,0.005,0.03,0.01,1,0.0,10.0,148.0,0.0,-100.0,1020,395,625,38.73,100.0,0.509,-5.455,2201,0.09,-99.94,0.0,-100.0,0.0,-28.15
BTC-USDT-SWAP,fade,6H,0.005,0.03,0.015,1,0.0,10.0,148.0,0.0,-100.0,1020,420,600,41.18,100.0,0.436,-5.455,2201,0.03,-99.98,0.0,-100.0,0.0,-32.24
BTC-USDT-SWAP,fade,6H,0.005,0.03,0.02,1,0.0,10.0,148.0,0.0,-100.0,1020,428,592,41.96,100.0,0.391,-5.455,2201,0.01,-99.99,0.0,-100.0,0.0,-22.83
BTC-USDT-SWAP,fade,6H,0.005,0.03,0.025,1,0.0,10.0,148.0,0.0,-100.0,1020,429,591,42.06,100.0,0.424,-5.455,2201,0.0,-100.0,0.0,-100.0,0.0,-22.83
BTC-USDT-SWAP,fade,6H,0.005,0.03,0.03,1,0.0,10.0,148.0,0.0,-100.0,1020,429,591,42.06,100.0,0.375,-5.455,2201,0.0,-100.0,0.0,-100.0,0.0,-22.83
BTC-USDT-SWAP,fade,6H,0.007,0.006,0.01,1,0.0,10.0,148.0,9659.36,6426.59,792,594,198,75.0,77.38,1.23,350.541,2201,1085.11,633.18,8206.65,656.3,9659.36,17.7
BTC-USDT-SWAP,fade,6H,0.007,0.006,0.015,1,0.0,10.0,148.0,83814.19,56531.21,792,635,157,80.18,54.82,1.498,3083.52,2201,21422.71,14374.8,81322.41,279.61,83814.19,3.06
BTC-USDT-SWAP,fade,6H,0.007,0.006,0.02,1,0.0,10.0,148.0,117949.77,79595.79,792,652,140,82.32,48.0,1.747,4341.589,2201,33864.72,22781.57,115458.0,240.94,117949.77,2.16
BTC-USDT-SWAP,fade,6H,0.007,0.006,0.025,1,0.0,10.0,148.0,152730.49,103096.27,792,663,129,83.71,46.71,2.032,5623.433,2201,50046.29,33715.06,150238.71,200.2,152730.49,1.66
BTC-USDT-SWAP,fade,6H,0.007,0.006,0.03,1,0.0,10.0,148.0,185579.71,125291.69,792,670,122,84.6,32.0,2.399,6834.092,2201,67133.53,45260.49,183087.93,172.72,185579.71,1.36
BTC-USDT-SWAP,fade,6H,0.007,0.008,0.01,1,0.0,10.0,148.0,26986.71,18134.26,792,528,264,66.67,82.91,1.158,989.142,2201,4378.21,2858.25,28060.94,540.92,26986.71,-3.83
BTC-USDT-SWAP,fade,6H,0.007,0.008,0.015,1,0.0,10.0,148.0,94120.69,63495.06,792,562,230,70.96,44.12,1.39,3463.367,2201,41735.69,28099.79,93923.19,125.04,94120.69,0.21
BTC-USDT-SWAP,fade,6H,0.007,0.008,0.02,1,0.0,10.0,148.0,99671.04,67245.3,792,574,218,72.47,39.16,1.409,3667.925,2201,36902.3,24833.99,99473.54,169.56,99671.04,0.2
BTC-USDT-SWAP,fade,6H,0.007,0.008,0.025,1,0.0,10.0,148.0,140498.71,94831.56,792,585,207,73.86,46.71,1.621,5172.63,2201,45218.94,30453.34,140301.21,210.27,140498.71,0.14
BTC-USDT-SWAP,fade,6H,0.007,0.008,0.03,1,0.0,10.0,148.0,184845.38,124795.53,792,593,199,74.87,32.46,1.858,6807.029,2201,71618.16,48290.65,184647.88,157.82,184845.38,0.11
BTC-USDT-SWAP,fade,6H,0.007,0.01,0.01,1,0.0,10.0,148.0,452.93,206.03,792,457,335,57.7,96.8,1.01,11.238,2201,1096.23,640.7,531.98,-51.47,452.93,-14.86
BTC-USDT-SWAP,fade,6H,0.007,0.01,0.015,1,0.0,10.0,148.0,26324.23,17686.64,792,485,307,61.24,80.16,1.087,964.726,2201,20197.6,13547.03,27242.77,34.88,26324.23,-3.37
BTC-USDT-SWAP,fade,6H,0.007,0.01,0.02,1,0.0,10.0,148.0,32560.93,21900.63,792,498,294,62.88,85.44,1.111,1194.58,2201,14288.05,9554.09,33479.46,134.32,32560.93,-2.74
BTC-USDT-SWAP,fade,6H,0.007,0.01,0.025,1,0.0,10.0,148.0,65763.07,44334.5,792,507,285,64.02,54.32,1.23,2418.246,2201,14276.66,9546.39,66681.6,367.07,65763.07,-1.38
BTC-USDT-SWAP,fade,6H,0.007,0.01,0.03,1,0.0,10.0,148.0,124814.53,84234.14,792,516,276,65.15,42.09,1.431,4594.59,2201,56275.29,37923.85,125733.07,123.42,124814.53,-0.73
BTC-USDT-SWAP,fade,6H,0.007,0.015,0.01,1,0.0,10.0,148.0,0.05,-99.97,792,366,426,46.21,99.98,0.834,-5.453,2201,27.97,-81.1,0.06,-99.8,0.05,-10.92
BTC-USDT-SWAP,fade,6H,0.007,0.015,0.015,1,0.0,10.0,148.0,0.1,-99.93,792,386,406,48.74,99.97,0.932,-5.451,2201,127.32,-13.97,0.1,-99.92,0.1,-2.31
BTC-USDT-SWAP,fade,6H,0.007,0.015,0.02,1,0.0,10.0,148.0,0.03,-99.98,792,395,397,49.87,99.99,0.909,-5.454,2201,52.24,-64.7,0.03,-99.94,0.03,-2.31
BTC-USDT-SWAP,fade,6H,0.007,0.015,0.025,1,0.0,10.0,148.0,0.01,-99.99,792,399,393,50.38,100.0,0.871,-5.454,2201,19.35,-86.92,0.01,-99.92,0.01,-2.31
BTC-USDT-SWAP,fade,6H,0.007,0.015,0.03,1,0.0,10.0,148.0,0.17,-99.89,792,405,387,51.14,99.97,0.943,-5.448,2201,115.94,-21.66,0.17,-99.85,0.17,-2.31
BTC-USDT-SWAP,fade,6H,0.007,0.02,0.01,1,0.0,10.0,148.0,0.0,-100.0,792,325,467,41.04,100.0,0.632,-5.455,2201,1.86,-98.75,0.0,-100.0,0.0,-20.91
BTC-USDT-SWAP,fade,6H,0.007,0.02,0.015,1,0.0,10.0,148.0,0.0,-100.0,792,344,448,43.43,100.0,0.608,-5.455,2201,2.48,-98.33,0.0,-100.0,0.0,-13.26
BTC-USDT-SWAP,fade,6H,0.007,0.02,0.02,1,0.0,10.0,148.0,0.0,-100.0,792,351,441,44.32,100.0,0.628,-5.455,2201,0.89,-99.4,0.0,-100.0,0.0,-13.26
BTC-USDT-SWAP,fade,6H,0.007,0.02,0.025,1,0.0,10.0,148.0,0.0,-100.0,792,352,440,44.44,100.0,0.563,-5.455,2201,0.2,-99.87,0.0,-100.0,0.0,-13.26
BTC-USDT-SWAP,fade,6H,0.007,0.02,0.03,1,0.0,10.0,148.0,0.0,-100.0,792,356,436,44.95,100.0,0.518,-5.455,2201,0.39,-99.73,0.0,-100.0,0.0,-13.26
BTC-USDT-SWAP,fade,6H,0.007,0.03,0.01,1,0.0,10.0,148.0,0.0,-100.0,792,311,481,39.27,100.0,0.511,-5.455,2201,0.42,-99.72,0.0,-100.0,0.0,-20.91
BTC-USDT-SWAP,fade,6H,0.007,0.03,0.015,1,0.0,10.0,148.0,0.0,-100.0,792,330,462,41.67,100.0,0.466,-5.455,2201,0.49,-99.67,0.0,-100.0,0.0,-13.26
BTC-USDT-SWAP,fade,6H,0.007,0.03,0.02,1,0.0,10.0,148.0,0.0,-100.0,792,336,456,42.42,100.0,0.492,-5.455,2201,0.14,-99.9,0.0,-100.0,0.0,-13.26
BTC-USDT-SWAP,fade,6H,0.007,0.03,0.025,1,0.0,10.0,148.0,0.0,-100.0,792,337,455,42.55,100.0,0.425,-5.455,2201,0.03,-99.98,0.0,-100.0,0.0,-13.26
BTC-USDT-SWAP,fade,6H,0.007,0.03,0.03,1,0.0,10.0,148.0,0.0,-100.0,792,340,452,42.93,100.0,0.372,-5.455,2201,0.03,-99.98,0.0,-100.0,0.0,-13.26
BTC-USDT-SWAP,fade,6H,0.01,0.006,0.01,1,0.0,10.0,148.0,5430.81,3569.46,554,428,126,77.26,69.71,1.225,194.698,2201,2710.8,1731.62,5063.98,86.81,5430.81,7.24
BTC-USDT-SWAP,fade,6H,0.01,0.006,0.015,1,0.0,10.0,148.0,52291.16,35231.86,554,462,92,83.39,51.6,1.587,1921.738,2201,5564.08,3659.51,51218.21,820.52,52291.16,2.09
BTC-USDT-SWAP,fade,6H,0.01,0.006,0.02,1,0.0,10.0,148.0,100507.03,67810.15,554,479,75,86.46,40.59,2.082,3698.736,2201,21153.33,14192.79,99434.08,370.06,100507.03,1.08
BTC-USDT-SWAP,fade,6H,0.01,0.006,0.025,1,0.0,10.0,148.0,134724.9,90930.34,554,489,65,88.27,46.71,2.787,4959.837,2201,33321.2,22414.32,133651.95,301.1,134724.9,0.8
BTC-USDT-SWAP,fade,6H,0.01,0.006,0.03,1,0.0,10.0,148.0,155424.48,104916.54,554,494,60,89.17,32.0,3.391,5722.72,2201,43070.78,29001.88,154351.53,258.37,155424.48,0.7
BTC-USDT-SWAP,fade,6H,0.01,0.008,0.01,1,0.0,10.0,148.0,27210.06,18285.17,554,377,177,68.05,68.89,1.217,997.373,2201,11120.34,7413.74,25898.37,132.89,27210.06,5.06
BTC-USDT-SWAP,fade,6H,0.01,0.008,0.015,1,0.0,10.0,148.0,69670.04,46974.35,554,402,152,72.56,54.7,1.449,2562.237,2201,16386.72,10972.11,68358.36,317.16,69670.04,1.92
BTC-USDT-SWAP,fade,6H,0.01,0.008,0.02,1,0.0,10.0,148.0,118293.11,79827.78,554,417,137,75.27,39.16,1.815,4354.242,2201,36212.91,24368.18,116981.43,223.04,118293.11,1.12
BTC-USDT-SWAP,fade,6H,0.01,0.008,0.025,1,0.0,10.0,148.0,149362.23,100820.43,554,426,128,76.9,46.71,2.125,5499.296,2201,48506.83,32674.89,148050.55,205.22,149362.23,0.89
BTC-USDT-SWAP,fade,6H,0.01,0.008,0.03,1,0.0,10.0,148.0,161382.11,108941.97,554,429,125,77.44,32.0,2.251,5942.289,2201,54199.39,36521.21,160070.43,195.34,161382.11,0.82
BTC-USDT-SWAP,fade,6H,0.01,0.01,0.01,1,0.0,10.0,148.0,43838.39,29520.53,554,346,208,62.45,56.7,1.219,1610.211,2201,27326.12,18363.59,44054.85,61.22,43838.39,-0.49
BTC-USDT-SWAP,fade,6H,0.01,0.01,0.015,1,0.0,10.0,148.0,64023.01,43158.79,554,367,187,66.25,35.72,1.316,2354.116,2201,27481.53,18468.6,64239.48,133.76,64023.01,-0.34
BTC-USDT-SWAP,fade,6H,0.01,0.01,0.02,1,0.0,10.0,148.0,104656.02,70613.52,554,380,174,68.59,39.16,1.534,3851.647,2201,42813.21,28827.85,104872.48,144.95,104656.02,-0.21
BTC-USDT-SWAP,fade,6H,0.01,0.01,0.025,1,0.0,10.0,148.0,143569.91,96906.7,554,390,164,70.4,46.71,1.798,5285.82,2201,54321.06,36603.42,143786.38,164.7,143569.91,-0.15
BTC-USDT-SWAP,fade,6H,0.01,0.01,0.03,1,0.0,10.0,148.0,159277.94,107520.23,554,394,160,71.12,40.06,1.914,5864.74,2201,58601.77,39495.79,159494.4,172.17,159277.94,-0.14
BTC-USDT-SWAP,fade,6H,0.01,0.015,0.01,1,0.0,10.0,148.0,12.6,-91.48,554,264,290,47.65,99.6,0.988,-4.99,2201,1335.31,802.24,12.81,-99.04,12.6,-1.59
BTC-USDT-SWAP,fade,6H,0.01,0.015,0.015,1,0.0,10.0,148.0,11.23,-92.41,554,281,273,50.72,99.77,0.991,-5.041,2201,1083.34,631.99,11.41,-98.95,11.23,-1.59
BTC-USDT-SWAP,fade,6H,0.01,0.015,0.02,1,0.0,10.0,148.0,20.4,-86.21,554,288,266,51.99,99.71,0.994,-4.703,2201,1197.86,709.36,20.73,-98.27,20.4,-1.59
BTC-USDT-SWAP,fade,6H,0.01,0.015,0.025,1,0.0,10.0,148.0,61.78,-58.26,554,294,260,53.07,99.73,0.999,-3.178,2201,3955.98,2572.96,62.77,-98.41,61.78,-1.59
BTC-USDT-SWAP,fade,6H,0.01,0.015,0.03,1,0.0,10.0,148.0,335.33,126.57,554,298,256,53.79,99.2,1.001,6.904,2201,12501.78,8347.15,340.74,-97.27,335.33,-1.59
BTC-USDT-SWAP,fade,6H,0.01,0.02,0.01,1,0.0,10.0,148.0,0.03,-99.98,554,227,327,40.97,99.98,0.776,-5.453,2201,41.0,-72.3,0.04,-99.91,0.03,-1.59
BTC-USDT-SWAP,fade,6H,0.01,0.02,0.015,1,0.0,10.0,148.0,0.03,-99.98,554,244,310,44.04,99.99,0.812,-5.454,2201,28.96,-80.43,0.03,-99.91,0.03,-1.59
BTC-USDT-SWAP,fade,6H,0.01,0.02,0.02,1,0.0,10.0,148.0,0.01,-99.99,554,248,306,44.77,100.0,0.751,-5.454,2201,9.18,-93.8,0.01,-99.88,0.01,-1.59
BTC-USDT-SWAP,fade,6H,0.01,0.02,0.025,1,0.0,10.0,148.0,0.0,-100.0,554,250,304,45.13,100.0,0.699,-5.454,2201,6.3,-95.74,0.0,-99.93,0.0,-1.59
BTC-USDT-SWAP,fade,6H,0.01,0.02,0.03,1,0.0,10.0,148.0,0.01,-99.99,554,254,300,45.85,100.0,0.775,-5.454,2201,12.66,-91.45,0.01,-99.92,0.01,-1.59
BTC-USDT-SWAP,fade,6H,0.01,0.03,0.01,1,0.0,10.0,148.0,0.0,-100.0,554,205,349,37.0,100.0,0.472,-5.455,2201,1.22,-99.18,0.0,-99.98,0.0,-1.59
BTC-USDT-SWAP,fade,6H,0.01,0.03,0.015,1,0.0,10.0,148.0,0.0,-100.0,554,221,333,39.89,100.0,0.48,-5.455,2201,0.66,-99.56,0.0,-99.99,0.0,-1.59
BTC-USDT-SWAP,fade,6H,0.01,0.03,0.02,1,0.0,10.0,148.0,0.0,-100.0,554,223,331,40.25,100.0,0.495,-5.455,2201,0.18,-99.88,0.0,-100.0,0.0,-1.59
BTC-USDT-SWAP,fade,6H,0.01,0.03,0.025,1,0.0,10.0,148.0,0.0,-100.0,554,224,330,40.43,100.0,0.426,-5.455,2201,0.09,-99.94,0.0,-100.0,0.0,-1.59
BTC-USDT-SWAP,fade,6H,0.01,0.03,0.03,1,0.0,10.0,148.0,0.0,-100.0,554,227,327,40.97,100.0,0.436,-5.455,2201,0.09,-99.94,0.0,-100.0,0.0,-1.59
BTC-USDT-SWAP,reversal,12H,0.001,0.006,0.01,1,0.0,10.0,148.0,18.25,-87.67,633,451,182,71.25,92.22,0.927,-4.782,1101,194.46,31.39,27.79,-85.71,18.25,-34.32
BTC-USDT-SWAP,reversal,12H,0.001,0.006,0.015,1,0.0,10.0,148.0,528.7,257.23,633,487,146,76.94,76.42,1.041,14.031,1101,631.07,326.4,770.89,22.16,528.7,-31.42
BTC-USDT-SWAP,reversal,12H,0.001,0.006,0.02,1,0.0,10.0,148.0,1006.65,580.17,633,497,136,78.52,79.59,1.045,31.646,1101,1225.53,728.06,1486.74,21.31,1006.65,-32.29
BTC-USDT-SWAP,reversal,12H,0.001,0.006,0.025,1,0.0,10.0,148.0,2358.94,1493.88,633,504,129,79.62,83.3,1.064,81.484,1101,1406.29,850.2,3483.96,147.74,2358.94,-32.29
BTC-USDT-SWAP,reversal,12H,0.001,0.006,0.03,1,0.0,10.0,148.0,4277.17,2789.98,633,506,127,79.94,77.44,1.112,152.181,1101,1185.8,701.22,6317.03,432.72,4277.17,-32.29
BTC-USDT-SWAP,reversal,12H,0.001,0.008,0.01,1,0.0,10.0,148.0,1.77,-98.8,633,387,246,61.14,98.93,0.851,-5.389,1101,68.43,-53.76,2.6,-96.2,1.77,-31.77
BTC-USDT-SWAP,reversal,12H,0.001,0.008,0.015,1,0.0,10.0,148.0,11.32,-92.35,633,419,214,66.19,96.29,0.925,-5.037,1101,125.08,-15.49,15.89,-87.3,11.32,-28.75
BTC-USDT-SWAP,reversal,12H,0.001,0.008,0.02,1,0.0,10.0,148.0,10.57,-92.86,633,429,204,67.77,96.86,0.944,-5.065,1101,209.37,41.46,15.03,-92.82,10.57,-29.66
BTC-USDT-SWAP,reversal,12H,0.001,0.008,0.025,1,0.0,10.0,148.0,15.93,-89.23,633,435,198,68.72,96.53,0.95,-4.867,1101,168.49,13.85,22.65,-86.56,15.93,-29.66
BTC-USDT-SWAP,reversal,12H,0.001,0.008,0.03,1,0.0,10.0,148.0,30.77,-79.21,633,438,195,69.19,96.59,0.964,-4.32,1101,173.24,17.05,43.75,-74.75,30.77,-29.66
BTC-USDT-SWAP,reversal,12H,0.001,0.01,0.01,1,0.0,10.0,148.0,0.18,-99.88,633,343,290,54.19,99.89,0.824,-5.448,1101,69.16,-53.27,0.26,-99.63,0.18,-29.17
BTC-USDT-SWAP,reversal,12H,0.001,0.01,0.015,1,0.0,10.0,148.0,0.66,-99.55,633,376,257,59.4,99.85,0.924,-5.43,1101,198.12,33.87,0.9,-99.55,0.66,-26.04
BTC-USDT-SWAP,reversal,12H,0.001,0.01,0.02,1,0.0,10.0,148.0,0.19,-99.87,633,385,248,60.82,99.96,0.917,-5.447,1101,187.54,26.72,0.27,-99.86,0.19,-26.98
BTC-USDT-SWAP,reversal,12H,0.001,0.01,0.025,1,0.0,10.0,148.0,0.61,-99.59,633,393,240,62.09,99.88,0.913,-5.432,1101,149.8,1.22,0.83,-99.44,0.61,-26.98
BTC-USDT-SWAP,reversal,12H,0.001,0.01,0.03,1,0.0,10.0,148.0,0.82,-99.45,633,396,237,62.56,99.9,0.928,-5.424,1101,118.02,-20.26,1.12,-99.05,0.82,-26.98
BTC-USDT-SWAP,reversal,12H,0.001,0.015,0.01,1,0.0,10.0,148.0,0.0,-100.0,633,273,360,43.13,100.0,0.642,-5.455,1101,4.21,-97.15,0.0,-99.99,0.0,-39.82
BTC-USDT-SWAP,reversal,12H,0.001,0.015,0.015,1,0.0,10.0,148.0,0.0,-100.0,633,306,327,48.34,100.0,0.789,-5.455,1101,15.12,-89.78,0.0,-100.0,0.0,-32.74
BTC-USDT-SWAP,reversal,12H,0.001,0.015,0.02,1,0.0,10.0,148.0,0.0,-100.0,633,315,318,49.76,100.0,0.759,-5.455,1101,9.7,-93.45,0.0,-100.0,0.0,-33.59
BTC-USDT-SWAP,reversal,12H,0.001,0.015,0.025,1,0.0,10.0,148.0,0.0,-100.0,633,323,310,51.03,100.0,0.714,-5.455,1101,6.16,-95.84,0.0,-100.0,0.0,-33.59
BTC-USDT-SWAP,reversal,12H,0.001,0.015,0.03,1,0.0,10.0,148.0,0.0,-100.0,633,325,308,51.34,100.0,0.773,-5.455,1101,3.51,-97.63,0.0,-100.0,0.0,-33.59
BTC-USDT-SWAP,reversal,12H,0.001,0.02,0.01,1,0.0,10.0,148.0,0.0,-100.0,633,247,386,39.02,100.0,0.378,-5.455,1101,0.59,-99.6,0.0,-100.0,0.0,-53.3
BTC-USDT-SWAP,reversal,12H,0.001,0.02,0.015,1,0.0,10.0,148.0,0.0,-100.0,633,279,354,44.08,100.0,0.603,-5.455,1101,2.61,-98.24,0.0,-100.0,0.0,-41.59
BTC-USDT-SWAP,reversal,12H,0.001,0.02,0.02,1,0.0,10.0,148.0,0.0,-100.0,633,288,345,45.5,100.0,0.598,-5.455,1101,1.54,-98.96,0.0,-100.0,0.0,-42.34
BTC-USDT-SWAP,reversal,12H,0.001,0.02,0.025,1,0.0,10.0,148.0,0.0,-100.0,633,295,338,46.6,100.0,0.553,-5.455,1101,0.78,-99.47,0.0,-100.0,0.0,-42.34
BTC-USDT-SWAP,reversal,12H,0.001,0.02,0.03,1,0.0,10.0,148.0,0.0,-100.0,633,297,336,46.92,100.0,0.653,-5.455,1101,0.37,-99.75,0.0,-100.0,0.0,-42.34
BTC-USDT-SWAP,reversal,12H,0.001,0.03,0.01,1,0.0,10.0,148.0,0.0,-100.0,633,236,397,37.28,100.0,0.397,-5.455,1101,0.5,-99.67,0.0,-100.0,0.0,-53.3
BTC-USDT-SWAP,reversal,12H,0.001,0.03,0.015,1,0.0,10.0,148.0,0.0,-100.0,633,270,363,42.65,100.0,0.707,-5.455,1101,3.16,-97.86,0.0,-100.0,0.0,-41.59
BTC-USDT-SWAP,reversal,12H,0.001,0.03,0.02,1,0.0,10.0,148.0,0.0,-100.0,633,278,355,43.92,100.0,0.661,-5.455,1101,1.52,-98.98,0.0,-100.0,0.0,-42.34
BTC-USDT-SWAP,reversal,12H,0.001,0.03,0.025,1,0.0,10.0,148.0,0.0,-100.0,633,282,351,44.55,100.0,0.523,-5.455,1101,0.42,-99.71,0.0,-100.0,0.0,-42.34
BTC-USDT-SWAP,reversal,12H,0.001,0.03,0.03,1,0.0,10.0,148.0,0.0,-100.0,633,284,349,44.87,100.0,0.631,-5.455,1101,0.16,-99.89,0.0,-100.0,0.0,-42.34
BTC-USDT-SWAP,reversal,12H,0.002,0.006,0.01,1,0.0,10.0,148.0,231.22,56.23,576,423,153,73.44,59.29,1.025,3.067,1101,220.4,48.92,327.38,48.54,231.22,-29.37
BTC-USDT-SWAP,reversal,12H,0.002,0.006,0.015,1,0.0,10.0,148.0,4827.79,3162.02,576,456,120,79.17,73.59,1.136,172.474,1101,1004.74,578.88,6812.66,578.05,4827.79,-29.13
BTC-USDT-SWAP,reversal,12H,0.002,0.006,0.02,1,0.0,10.0,148.0,16923.96,11335.11,576,464,112,80.56,66.25,1.172,618.279,1101,2225.45,1403.68,21683.39,874.34,16923.96,-21.95
BTC-USDT-SWAP,reversal,12H,0.002,0.006,0.025,1,0.0,10.0,148.0,35255.36,23721.19,576,469,107,81.42,65.89,1.346,1293.883,1101,2636.01,1681.09,40014.78,1418.01,35255.36,-11.89
BTC-USDT-SWAP,reversal,12H,0.002,0.006,0.03,1,0.0,10.0,148.0,39530.99,26610.13,576,470,106,81.6,72.46,1.427,1451.462,1101,1845.94,1147.26,44290.41,2299.35,39530.99,-10.75
BTC-USDT-SWAP,reversal,12H,0.002,0.008,0.01,1,0.0,10.0,148.0,2.56,-98.27,576,349,227,60.59,99.12,0.89,-5.36,1101,66.74,-54.9,3.49,-94.77,2.56,-26.63
BTC-USDT-SWAP,reversal,12H,0.002,0.008,0.015,1,0.0,10.0,148.0,76.84,-48.08,576,387,189,67.19,93.32,0.99,-2.622,1101,443.04,199.35,104.38,-76.44,76.84,-26.38
BTC-USDT-SWAP,reversal,12H,0.002,0.008,0.02,1,0.0,10.0,148.0,115.67,-21.84,576,396,180,68.75,95.79,0.997,-1.191,1101,497.19,235.94,157.21,-68.38,115.67,-26.42
BTC-USDT-SWAP,reversal,12H,0.002,0.008,0.025,1,0.0,10.0,148.0,335.63,126.78,576,403,173,69.97,94.62,1.013,6.915,1101,485.84,228.27,456.14,-6.11,335.63,-26.42
BTC-USDT-SWAP,reversal,12H,0.002,0.008,0.03,1,0.0,10.0,148.0,436.22,194.74,576,404,172,70.14,90.7,1.02,10.622,1101,294.04,98.67,592.85,101.62,436.22,-26.42
BTC-USDT-SWAP,reversal,12H,0.002,0.01,0.01,1,0.0,10.0,148.0,0.55,-99.63,576,308,268,53.47,99.74,0.861,-5.434,1101,67.51,-54.38,0.72,-98.94,0.55,-23.84
BTC-USDT-SWAP,reversal,12H,0.002,0.01,0.015,1,0.0,10.0,148.0,5.76,-96.11,576,342,234,59.38,98.83,0.941,-5.242,1101,208.92,41.16,7.53,-96.39,5.76,-23.58
BTC-USDT-SWAP,reversal,12H,0.002,0.01,0.02,1,0.0,10.0,148.0,4.01,-97.29,576,349,227,60.59,98.62,0.933,-5.307,1101,171.06,15.58,5.25,-96.93,4.01,-23.62
BTC-USDT-SWAP,reversal,12H,0.002,0.01,0.025,1,0.0,10.0,148.0,10.19,-93.11,576,357,219,61.98,98.51,0.947,-5.079,1101,150.61,1.76,13.35,-91.14,10.19,-23.62
BTC-USDT-SWAP,reversal,12H,0.002,0.01,0.03,1,0.0,10.0,148.0,10.31,-93.04,576,358,218,62.15,98.26,0.937,-5.075,1101,79.04,-46.59,13.49,-82.93,10.31,-23.62
BTC-USDT-SWAP,reversal,12H,0.002,0.015,0.01,1,0.0,10.0,148.0,0.0,-100.0,576,240,336,41.67,100.0,0.665,-5.455,1101,4.51,-96.95,0.0,-99.99,0.0,-35.29
BTC-USDT-SWAP,reversal,12H,0.002,0.015,0.015,1,0.0,10.0,148.0,0.0,-100.0,576,274,302,47.57,100.0,0.804,-5.455,1101,17.7,-88.04,0.0,-99.99,0.0,-29.76
BTC-USDT-SWAP,reversal,12H,0.002,0.015,0.02,1,0.0,10.0,148.0,0.0,-100.0,576,282,294,48.96,100.0,0.742,-5.455,1101,11.1,-92.5,0.0,-99.99,0.0,-29.79
BTC-USDT-SWAP,reversal,12H,0.002,0.015,0.025,1,0.0,10.0,148.0,0.0,-100.0,576,289,287,50.17,100.0,0.796,-5.455,1101,8.01,-94.59,0.0,-99.99,0.0,-29.79
BTC-USDT-SWAP,reversal,12H,0.002,0.015,0.03,1,0.0,10.0,148.0,0.0,-100.0,576,289,287,50.17,100.0,0.772,-5.455,1101,3.16,-97.86,0.0,-99.99,0.0,-29.79
BTC-USDT-SWAP,reversal,12H,0.002,0.02,0.01,1,0.0,10.0,148.0,0.0,-100.0,576,221,355,38.37,100.0,0.545,-5.455,1101,2.37,-98.4,0.0,-100.0,0.0,-43.24
BTC-USDT-SWAP,reversal,12H,0.002,0.02,0.015,1,0.0,10.0,148.0,0.0,-100.0,576,252,324,43.75,100.0,0.718,-5.455,1101,9.89,-93.32,0.0,-100.0,0.0,-38.38
BTC-USDT-SWAP,reversal,12H,0.002,0.02,0.02,1,0.0,10.0,148.0,0.0,-100.0,576,260,316,45.14,100.0,0.642,-5.455,1101,5.15,-96.52,0.0,-100.0,0.0,-38.41
BTC-USDT-SWAP,reversal,12H,0.002,0.02,0.025,1,0.0,10.0,148.0,0.0,-100.0,576,267,309,46.35,100.0,0.725,-5.455,1101,3.31,-97.76,0.0,-100.0,0.0,-38.41
BTC-USDT-SWAP,reversal,12H,0.002,0.02,0.03,1,0.0,10.0,148.0,0.0,-100.0,576,267,309,46.35,100.0,0.696,-5.455,1101,1.12,-99.25,0.0,-100.0,0.0,-38.41
BTC-USDT-SWAP,reversal,12H,0.002,0.03,0.01,1,0.0,10.0,148.0,0.0,-100.0,576,207,369,35.94,100.0,0.513,-5.455,1101,0.98,-99.34,0.0,-100.0,0.0,-43.24
BTC-USDT-SWAP,reversal,12H,0.002,0.03,0.015,1,0.0,10.0,148.0,0.0,-100.0,576,238,338,41.32,100.0,0.705,-5.455,1101,2.87,-98.06,0.0,-100.0,0.0,-38.38
BTC-USDT-SWAP,reversal,12H,0.002,0.03,0.02,1,0.0,10.0,148.0,0.0,-100.0,576,244,332,42.36,100.0,0.631,-5.455,1101,1.42,-99.04,0.0,-100.0,0.0,-38.41
BTC-USDT-SWAP,reversal,12H,0.002,0.03,0.025,1,0.0,10.0,148.0,0.0,-100.0,576,249,327,43.23,100.0,0.663,-5.455,1101,0.48,-99.67,0.0,-100.0,0.0,-38.41
BTC-USDT-SWAP,reversal,12H,0.002,0.03,0.03,1,0.0,10.0,148.0,0.0,-100.0,576,249,327,43.23,100.0,0.627,-5.455,1101,0.12,-99.92,0.0,-100.0,0.0,-38.41
BTC-USDT-SWAP,reversal,12H,0.003,0.006,0.01,1,0.0,10.0,148.0,4483.08,2929.11,536,409,127,76.31,49.83,1.178,159.77,1101,642.81,334.33,6849.36,965.54,4483.08,-34.55
BTC-USDT-SWAP,reversal,12H,0.003,0.006,0.015,1,0.0,10.0,148.0,24095.11,16180.48,536,431,105,80.41,60.22,1.376,882.572,1101,1718.93,1061.44,29570.88,1620.31,24095.11,-18.52
BTC-USDT-SWAP,reversal,12H,0.003,0.006,0.02,1,0.0,10.0,148.0,43434.19,29247.43,536,439,97,81.9,43.44,1.436,1595.314,1101,2612.78,1665.39,48764.3,1766.38,43434.19,-10.93
BTC-USDT-SWAP,reversal,12H,0.003,0.006,0.025,1,0.0,10.0,148.0,61814.82,41666.77,536,444,92,82.84,53.68,1.672,2272.733,1101,3104.46,1997.61,67144.93,2062.85,61814.82,-7.94
BTC-USDT-SWAP,reversal,12H,0.003,0.006,0.03,1,0.0,10.0,148.0,61724.99,41606.07,536,445,91,83.02,57.75,1.699,2269.422,1101,2450.85,1555.98,67055.09,2636.0,61724.99,-7.95
BTC-USDT-SWAP,reversal,12H,0.003,0.008,0.01,1,0.0,10.0,148.0,230.49,55.74,536,344,192,64.18,69.17,1.014,3.04,1101,285.62,92.99,345.5,20.96,230.49,-33.29
BTC-USDT-SWAP,reversal,12H,0.003,0.008,0.015,1,0.0,10.0,148.0,1826.4,1134.05,536,372,164,69.4,72.96,1.082,61.857,1101,663.05,348.01,2647.38,299.27,1826.4,-31.01
BTC-USDT-SWAP,reversal,12H,0.003,0.008,0.02,1,0.0,10.0,148.0,5151.13,3380.49,536,383,153,71.46,85.05,1.077,184.39,1101,971.66,556.52,7379.94,659.52,5151.13,-30.2
BTC-USDT-SWAP,reversal,12H,0.003,0.008,0.025,1,0.0,10.0,148.0,11234.39,7490.8,536,388,148,72.39,76.94,1.175,408.589,1101,821.45,455.03,16008.04,1848.75,11234.39,-29.82
BTC-USDT-SWAP,reversal,12H,0.003,0.008,0.03,1,0.0,10.0,148.0,26278.0,17655.41,536,389,147,72.57,77.01,1.247,963.022,1101,1035.21,599.47,31308.11,2924.32,26278.0,-16.07
BTC-USDT-SWAP,reversal,12H,0.003,0.01,0.01,1,0.0,10.0,148.0,5.38,-96.36,536,291,245,54.29,97.85,0.896,-5.256,1101,71.44,-51.73,7.92,-88.91,5.38,-32.03
BTC-USDT-SWAP,reversal,12H,0.003,0.01,0.015,1,0.0,10.0,148.0,28.26,-80.9,536,320,216,59.7,94.65,0.947,-4.413,1101,91.85,-37.94,40.21,-56.22,28.26,-29.71
BTC-USDT-SWAP,reversal,12H,0.003,0.01,0.02,1,0.0,10.0,148.0,28.03,-81.06,536,327,209,61.01,94.18,0.95,-4.422,1101,72.22,-51.2,39.41,-45.43,28.03,-28.88
BTC-USDT-SWAP,reversal,12H,0.003,0.01,0.025,1,0.0,10.0,148.0,66.42,-55.12,536,333,203,62.13,95.99,0.974,-3.006,1101,75.41,-49.05,93.4,23.87,66.42,-28.88
BTC-USDT-SWAP,reversal,12H,0.003,0.01,0.03,1,0.0,10.0,148.0,77.5,-47.63,536,334,202,62.31,95.08,0.98,-2.598,1101,76.74,-48.15,108.98,42.02,77.5,-28.88
BTC-USDT-SWAP,reversal,12H,0.003,0.015,0.01,1,0.0,10.0,148.0,0.02,-99.99,536,231,305,43.1,99.99,0.795,-5.454,1101,36.34,-75.45,0.03,-99.93,0.02,-36.8
BTC-USDT-SWAP,reversal,12H,0.003,0.015,0.015,1,0.0,10.0,148.0,0.03,-99.98,536,259,277,48.32,99.99,0.871,-5.454,1101,53.92,-63.57,0.04,-99.92,0.03,-34.65
BTC-USDT-SWAP,reversal,12H,0.003,0.015,0.02,1,0.0,10.0,148.0,0.01,-99.99,536,265,271,49.44,99.99,0.801,-5.454,1101,25.21,-82.96,0.01,-99.94,0.01,-33.88
BTC-USDT-SWAP,reversal,12H,0.003,0.015,0.025,1,0.0,10.0,148.0,0.02,-99.99,536,271,265,50.56,99.99,0.835,-5.454,1101,16.55,-88.81,0.03,-99.82,0.02,-33.88
BTC-USDT-SWAP,reversal,12H,0.003,0.015,0.03,1,0.0,10.0,148.0,0.02,-99.99,536,272,264,50.75,99.99,0.834,-5.454,1101,14.89,-89.94,0.02,-99.84,0.02,-33.88
BTC-USDT-SWAP,reversal,12H,0.003,0.02,0.01,1,0.0,10.0,148.0,0.0,-100.0,536,213,323,39.74,100.0,0.771,-5.454,1101,25.71,-82.63,0.0,-99.99,0.0,-36.8
BTC-USDT-SWAP,reversal,12H,0.003,0.02,0.015,1,0.0,10.0,148.0,0.0,-100.0,536,237,299,44.22,100.0,0.848,-5.454,1101,33.89,-77.1,0.0,-99.99,0.0,-34.65
BTC-USDT-SWAP,reversal,12H,0.003,0.02,0.02,1,0.0,10.0,148.0,0.0,-100.0,536,244,292,45.52,100.0,0.771,-5.455,1101,15.55,-89.5,0.0,-99.99,0.0,-33.88
BTC-USDT-SWAP,reversal,12H,0.003,0.02,0.025,1,0.0,10.0,148.0,0.0,-100.0,536,250,286,46.64,100.0,0.83,-5.454,1101,9.12,-93.84,0.0,-99.97,0.0,-33.88
BTC-USDT-SWAP,reversal,12H,0.003,0.02,0.03,1,0.0,10.0,148.0,0.0,-100.0,536,250,286,46.64,100.0,0.827,-5.455,1101,7.88,-94.68,0.0,-99.98,0.0,-33.88
BTC-USDT-SWAP,reversal,12H,0.003,0.03,0.01,1,0.0,10.0,148.0,0.0,-100.0,536,195,341,36.38,100.0,0.617,-5.455,1101,5.22,-96.47,0.0,-99.99,0.0,-36.8
BTC-USDT-SWAP,reversal,12H,0.003,0.03,0.015,1,0.0,10.0,148.0,0.0,-100.0,536,219,317,40.86,100.0,0.7,-5.455,1101,4.93,-96.67,0.0,-100.0,0.0,-34.65
BTC-USDT-SWAP,reversal,12H,0.003,0.03,0.02,1,0.0,10.0,148.0,0.0,-100.0,536,225,311,41.98,100.0,0.586,-5.455,1101,1.82,-98.77,0.0,-100.0,0.0,-33.88
BTC-USDT-SWAP,reversal,12H,0.003,0.03,0.025,1,0.0,10.0,148.0,0.0,-100.0,536,229,307,42.72,100.0,0.615,-5.455,1101,0.57,-99.62,0.0,-100.0,0.0,-33.88
BTC-USDT-SWAP,reversal,12H,0.003,0.03,0.03,1,0.0,10.0,148.0,0.0,-100.0,536,229,307,42.72,100.0,0.585,-5.455,1101,0.33,-99.78,0.0,-100.0,0.0,-33.88
BTC-USDT-SWAP,reversal,12H,0.005,0.006,0.01,1,0.0,10.0,148.0,7631.01,5056.09,454,355,99,78.19,50.28,1.39,275.787,1101,737.86,398.56,7726.39,947.13,7631.01,-1.23
BTC-USDT-SWAP,reversal,12H,0.005,0.006,0.015,1,0.0,10.0,148.0,34091.19,22934.59,454,377,77,83.04,53.92,1.575,1250.978,1101,2997.09,1925.06,34846.31,1062.67,34091.19,-2.17
BTC-USDT-SWAP,reversal,12H,0.005,0.006,0.02,1,0.0,10.0,148.0,49343.48,33240.19,454,384,70,84.58,43.92,1.72,1813.101,1101,2184.76,1376.19,49650.33,2172.57,49343.48,-0.62
BTC-USDT-SWAP,reversal,12H,0.005,0.006,0.025,1,0.0,10.0,148.0,64582.48,43536.81,454,389,65,85.68,57.17,2.001,2374.735,1101,2429.5,1541.55,64889.33,2570.89,64582.48,-0.47
BTC-USDT-SWAP,reversal,12H,0.005,0.006,0.03,1,0.0,10.0,148.0,65141.13,43914.28,454,390,64,85.9,44.75,1.94,2395.324,1101,3172.06,2043.29,65447.98,1963.26,65141.13,-0.47
BTC-USDT-SWAP,reversal,12H,0.005,0.008,0.01,1,0.0,10.0,148.0,4986.87,3269.5,454,313,141,68.94,65.22,1.183,178.337,1101,798.49,439.52,6267.64,684.93,4986.87,-20.43
BTC-USDT-SWAP,reversal,12H,0.005,0.008,0.015,1,0.0,10.0,148.0,14954.69,10004.52,454,332,122,73.13,71.56,1.199,545.701,1101,2451.15,1556.18,18932.34,672.39,14954.69,-21.01
BTC-USDT-SWAP,reversal,12H,0.005,0.008,0.02,1,0.0,10.0,148.0,26894.56,18072.0,454,339,115,74.67,70.74,1.278,985.745,1101,1587.06,972.34,30423.94,1817.0,26894.56,-11.6
BTC-USDT-SWAP,reversal,12H,0.005,0.008,0.025,1,0.0,10.0,148.0,48457.76,32641.73,454,345,109,75.99,63.86,1.466,1780.458,1101,1910.92,1191.16,51987.14,2620.53,48457.76,-6.79
BTC-USDT-SWAP,reversal,12H,0.005,0.008,0.03,1,0.0,10.0,148.0,49427.14,33296.72,454,346,108,76.21,50.77,1.431,1816.184,1101,2798.38,1790.8,52956.52,1792.4,49427.14,-6.66
BTC-USDT-SWAP,reversal,12H,0.005,0.01,0.01,1,0.0,10.0,148.0,454.9,207.36,454,272,182,59.91,76.76,1.045,11.311,1101,230.71,55.89,561.14,143.22,454.9,-18.93
BTC-USDT-SWAP,reversal,12H,0.005,0.01,0.015,1,0.0,10.0,148.0,1080.74,630.23,454,291,163,64.1,85.27,1.066,34.376,1101,459.71,210.61,1413.75,207.53,1080.74,-23.56
BTC-USDT-SWAP,reversal,12H,0.005,0.01,0.02,1,0.0,10.0,148.0,2421.9,1536.42,454,301,153,66.3,90.55,1.123,83.805,1101,262.86,77.61,3057.68,1063.22,2421.9,-20.79
BTC-USDT-SWAP,reversal,12H,0.005,0.01,0.025,1,0.0,10.0,148.0,3917.61,2547.04,454,305,149,67.18,89.53,1.198,138.929,1101,201.3,36.01,4946.04,2357.04,3917.61,-20.79
BTC-USDT-SWAP,reversal,12H,0.005,0.01,0.03,1,0.0,10.0,148.0,6553.26,4327.88,454,306,148,67.4,80.87,1.2,236.066,1101,423.97,186.47,8273.57,1851.43,6553.26,-20.79
BTC-USDT-SWAP,reversal,12H,0.005,0.015,0.01,1,0.0,10.0,148.0,0.6,-99.6,454,215,239,47.36,99.82,0.873,-5.432,1101,56.51,-61.82,0.78,-98.62,0.6,-23.14
BTC-USDT-SWAP,reversal,12H,0.005,0.015,0.015,1,0.0,10.0,148.0,0.23,-99.84,454,231,223,50.88,99.94,0.852,-5.446,1101,41.01,-72.29,0.32,-99.22,0.23,-27.52
BTC-USDT-SWAP,reversal,12H,0.005,0.015,0.02,1,0.0,10.0,148.0,0.43,-99.71,454,240,214,52.86,99.92,0.771,-5.439,1101,16.13,-89.1,0.58,-96.43,0.43,-24.9
BTC-USDT-SWAP,reversal,12H,0.005,0.015,0.025,1,0.0,10.0,148.0,0.6,-99.6,454,244,210,53.74,99.95,0.833,-5.433,1101,9.73,-93.43,0.8,-91.82,0.6,-24.9
BTC-USDT-SWAP,reversal,12H,0.005,0.015,0.03,1,0.0,10.0,148.0,0.67,-99.55,454,244,210,53.74,99.93,0.836,-5.43,1101,15.04,-89.84,0.89,-94.06,0.67,-24.9
BTC-USDT-SWAP,reversal,12H,0.005,0.02,0.01,1,0.0,10.0,148.0,0.01,-99.99,454,190,264,41.85,100.0,0.866,-5.454,1101,40.14,-72.88,0.02,-99.96,0.01,-23.14
BTC-USDT-SWAP,reversal,12H,0.005,0.02,0.015,1,0.0,10.0,148.0,0.0,-100.0,454,204,250,44.93,100.0,0.842,-5.454,1101,24.06,-83.74,0.0,-99.98,0.0,-27.52
BTC-USDT-SWAP,reversal,12H,0.005,0.02,0.02,1,0.0,10.0,148.0,0.0,-100.0,454,213,241,46.92,100.0,0.756,-5.454,1101,10.59,-92.84,0.01,-99.94,0.0,-24.9
BTC-USDT-SWAP,reversal,12H,0.005,0.02,0.025,1,0.0,10.0,148.0,0.0,-100.0,454,216,238,47.58,100.0,0.85,-5.454,1101,6.52,-95.6,0.0,-99.95,0.0,-24.9
BTC-USDT-SWAP,reversal,12H,0.005,0.02,0.03,1,0.0,10.0,148.0,0.0,-100.0,454,216,238,47.58,100.0,0.84,-5.454,1101,9.38,-93.66,0.0,-99.95,0.0,-24.9
BTC-USDT-SWAP,reversal,12H,0.005,0.03,0.01,1,0.0,10.0,148.0,0.0,-100.0,454,177,277,38.99,100.0,0.854,-5.455,1101,14.82,-89.99,0.0,-99.99,0.0,-23.14
BTC-USDT-SWAP,reversal,12H,0.005,0.03,0.015,1,0.0,10.0,148.0,0.0,-100.0,454,193,261,42.51,100.0,0.819,-5.455,1101,7.45,-94.96,0.0,-100.0,0.0,-27.52
BTC-USDT-SWAP,reversal,12H,0.005,0.03,0.02,1,0.0,10.0,148.0,0.0,-100.0,454,200,254,44.05,100.0,0.719,-5.455,1101,2.91,-98.03,0.0,-99.99,0.0,-24.9
BTC-USDT-SWAP,reversal,12H,0.005,0.03,0.025,1,0.0,10.0,148.0,0.0,-100.0,454,202,252,44.49,100.0,0.779,-5.455,1101,0.98,-99.34,0.0,-100.0,0.0,-24.9
BTC-USDT-SWAP,reversal,12H,0.005,0.03,0.03,1,0.0,10.0,148.0,0.0,-100.0,454,202,252,44.49,100.0,0.747,-5.455,1101,1.06,-99.28,0.0,-100.0,0.0,-24.9
BTC-USDT-SWAP,reversal,12H,0.007,0.006,0.01,1,0.0,10.0,148.0,476.34,221.85,379,283,96,74.67,79.12,1.08,12.101,1101,536.19,262.29,431.57,-19.51,476.34,10.37
BTC-USDT-SWAP,reversal,12H,0.007,0.006,0.015,1,0.0,10.0,148.0,6305.11,4160.21,379,308,71,81.27,79.77,1.197,226.92,1101,2308.45,1459.76,5712.44,147.46,6305.11,10.37
BTC-USDT-SWAP,reversal,12H,0.007,0.006,0.02,1,0.0,10.0,148.0,28497.84,19155.3,379,316,63,83.38,65.85,1.447,1044.834,1101,3785.62,2457.85,26955.89,612.06,28497.84,5.72
BTC-USDT-SWAP,reversal,12H,0.007,0.006,0.025,1,0.0,10.0,148.0,24192.27,16246.13,379,318,61,83.91,68.26,1.409,886.152,1101,3052.96,1962.81,22650.32,641.91,24192.27,6.81
BTC-USDT-SWAP,reversal,12H,0.007,0.006,0.03,1,0.0,10.0,148.0,55010.95,37069.56,379,322,57,84.96,30.05,1.885,2021.976,1101,6125.41,4038.79,53469.01,772.9,55010.95,2.88
BTC-USDT-SWAP,reversal,12H,0.007,0.008,0.01,1,0.0,10.0,148.0,1152.58,678.77,379,255,124,67.28,77.91,1.104,37.024,1101,945.62,538.93,1169.54,23.68,1152.58,-1.45
BTC-USDT-SWAP,reversal,12H,0.007,0.008,0.015,1,0.0,10.0,148.0,8849.76,5879.57,379,277,102,73.09,83.48,1.121,320.704,1101,3873.37,2517.14,8980.24,131.85,8849.76,-1.45
BTC-USDT-SWAP,reversal,12H,0.007,0.008,0.02,1,0.0,10.0,148.0,14128.89,9446.55,379,283,96,74.67,83.05,1.175,515.266,1101,3609.25,2338.68,14314.11,296.6,14128.89,-1.29
BTC-USDT-SWAP,reversal,12H,0.007,0.008,0.025,1,0.0,10.0,148.0,17476.15,11708.21,379,286,93,75.46,74.5,1.201,638.63,1101,2386.37,1512.41,17479.54,632.47,17476.15,-0.02
BTC-USDT-SWAP,reversal,12H,0.007,0.008,0.03,1,0.0,10.0,148.0,54524.25,36740.71,379,290,89,76.52,40.41,1.546,2004.039,1101,6038.52,3980.08,54527.63,803.0,54524.25,-0.01
BTC-USDT-SWAP,reversal,12H,0.007,0.01,0.01,1,0.0,10.0,148.0,134.64,-9.03,379,223,156,58.84,91.83,0.998,-0.492,1101,470.47,217.88,153.03,-67.47,134.64,-12.02
BTC-USDT-SWAP,reversal,12H,0.007,0.01,0.015,1,0.0,10.0,148.0,204.3,38.04,379,240,139,63.32,96.58,1.004,2.075,1101,914.51,517.92,232.21,-74.61,204.3,-12.02
BTC-USDT-SWAP,reversal,12H,0.007,0.01,0.02,1,0.0,10.0,148.0,405.36,173.89,379,247,132,65.17,96.27,1.016,9.485,1101,704.1,375.74,460.74,-34.56,405.36,-12.02
BTC-USDT-SWAP,reversal,12H,0.007,0.01,0.025,1,0.0,10.0,148.0,682.04,360.84,379,251,128,66.23,93.81,1.028,19.682,1101,562.09,279.79,775.21,37.91,682.04,-12.02
BTC-USDT-SWAP,reversal,12H,0.007,0.01,0.03,1,0.0,10.0,148.0,2590.91,1650.62,379,254,125,67.02,93.22,1.047,90.034,1101,1484.51,903.05,2944.84,98.37,2590.91,-12.02
BTC-USDT-SWAP,reversal,12H,0.007,0.015,0.01,1,0.0,10.0,148.0,2.41,-98.37,379,179,200,47.23,99.55,0.91,-5.366,1101,115.25,-22.13,2.62,-97.73,2.41,-7.94
BTC-USDT-SWAP,reversal,12H,0.007,0.015,0.015,1,0.0,10.0,148.0,1.41,-99.05,379,194,185,51.19,99.49,0.898,-5.403,1101,84.53,-42.88,1.53,-98.19,1.41,-7.95
BTC-USDT-SWAP,reversal,12H,0.007,0.015,0.02,1,0.0,10.0,148.0,1.95,-98.68,379,202,177,53.3,99.8,0.902,-5.383,1101,43.06,-70.91,2.12,-95.08,1.95,-7.95
BTC-USDT-SWAP,reversal,12H,0.007,0.015,0.025,1,0.0,10.0,148.0,1.29,-99.13,379,203,176,53.56,99.81,0.889,-5.407,1101,25.5,-82.77,1.4,-94.49,1.29,-7.95
BTC-USDT-SWAP,reversal,12H,0.007,0.015,0.03,1,0.0,10.0,148.0,4.13,-97.21,379,205,174,54.09,99.34,0.909,-5.302,1101,59.23,-59.98,4.49,-92.43,4.13,-7.95
BTC-USDT-SWAP,reversal,12H,0.007,0.02,0.01,1,0.0,10.0,148.0,0.03,-99.98,379,154,225,40.63,99.99,0.842,-5.454,1101,43.18,-70.82,0.03,-99.93,0.03,-14.97
BTC-USDT-SWAP,reversal,12H,0.007,0.02,0.015,1,0.0,10.0,148.0,0.01,-99.99,379,171,208,45.12,100.0,0.805,-5.454,1101,23.94,-83.82,0.01,-99.94,0.01,-14.97
BTC-USDT-SWAP,reversal,12H,0.007,0.02,0.02,1,0.0,10.0,148.0,0.01,-99.99,379,178,201,46.97,100.0,0.849,-5.454,1101,13.01,-91.21,0.01,-99.9,0.01,-14.97
BTC-USDT-SWAP,reversal,12H,0.007,0.02,0.025,1,0.0,10.0,148.0,0.0,-100.0,379,178,201,46.97,100.0,0.838,-5.454,1101,6.31,-95.74,0.0,-99.92,0.0,-14.97
BTC-USDT-SWAP,reversal,12H,0.007,0.02,0.03,1,0.0,10.0,148.0,0.01,-99.99,379,179,200,47.23,100.0,0.825,-5.454,1101,8.03,-94.58,0.01,-99.85,0.01,-14.97
BTC-USDT-SWAP,reversal,12H,0.007,0.03,0.01,1,0.0,10.0,148.0,0.0,-100.0,379,143,236,37.73,100.0,0.849,-5.454,1101,25.21,-82.96,0.0,-99.98,0.0,-14.97
BTC-USDT-SWAP,reversal,12H,0.007,0.03,0.015,1,0.0,10.0,148.0,0.0,-100.0,379,160,219,42.22,100.0,0.809,-5.454,1101,13.81,-90.67,0.0,-99.99,0.0,-14.97
BTC-USDT-SWAP,reversal,12H,0.007,0.03,0.02,1,0.0,10.0,148.0,0.0,-100.0,379,165,214,43.54,100.0,0.82,-5.455,1101,5.18,-96.5,0.0,-99.99,0.0,-14.97
BTC-USDT-SWAP,reversal,12H,0.007,0.03,0.025,1,0.0,10.0,148.0,0.0,-100.0,379,165,214,43.54,100.0,0.797,-5.455,1101,2.06,-98.61,0.0,-99.99,0.0,-14.97
BTC-USDT-SWAP,reversal,12H,0.007,0.03,0.03,1,0.0,10.0,148.0,0.0,-100.0,379,166,213,43.8,100.0,0.767,-5.455,1101,2.11,-98.57,0.0,-99.99,0.0,-14.97
BTC-USDT-SWAP,reversal,12H,0.01,0.006,0.01,1,0.0,10.0,148.0,566.81,282.98,300,233,67,77.67,86.91,1.089,15.435,1101,1183.65,699.76,561.99,-52.52,566.81,0.86
BTC-USDT-SWAP,reversal,12H,0.01,0.006,0.015,1,0.0,10.0,148.0,4445.94,2904.01,300,253,47,84.33,54.2,1.379,158.401,1101,1759.08,1088.57,4408.15,150.59,4445.94,0.86
BTC-USDT-SWAP,reversal,12H,0.01,0.006,0.02,1,0.0,10.0,148.0,8437.21,5600.81,300,260,40,86.67,50.84,1.423,305.499,1101,3381.21,2184.6,8365.49,147.41,8437.21,0.86
BTC-USDT-SWAP,reversal,12H,0.01,0.006,0.025,1,0.0,10.0,148.0,32147.44,21621.24,300,265,35,88.33,37.43,1.695,1179.341,1101,5596.66,3681.53,31923.84,470.41,32147.44,0.7
BTC-USDT-SWAP,reversal,12H,0.01,0.006,0.03,1,0.0,10.0,148.0,52453.65,35341.66,300,269,31,89.67,45.72,2.368,1927.727,1101,7973.32,5287.38,52230.05,555.06,52453.65,0.43
BTC-USDT-SWAP,reversal,12H,0.01,0.008,0.01,1,0.0,10.0,148.0,794.59,436.89,300,208,92,69.33,86.01,1.079,23.83,1101,1307.7,783.58,760.54,-41.84,794.59,4.48
BTC-USDT-SWAP,reversal,12H,0.01,0.008,0.015,1,0.0,10.0,148.0,5733.91,3774.26,300,227,73,75.67,71.23,1.296,205.869,1101,1430.83,866.78,5488.2,283.57,5733.91,4.48
BTC-USDT-SWAP,reversal,12H,0.01,0.008,0.02,1,0.0,10.0,148.0,12894.55,8612.53,300,234,66,78.0,54.94,1.434,469.775,1101,2636.88,1681.67,12341.98,368.05,12894.55,4.48
BTC-USDT-SWAP,reversal,12H,0.01,0.008,0.025,1,0.0,10.0,148.0,30049.64,20203.81,300,238,62,79.33,49.8,1.511,1102.026,1101,3643.84,2362.05,29271.04,703.3,30049.64,2.66
BTC-USDT-SWAP,reversal,12H,0.01,0.008,0.03,1,0.0,10.0,148.0,47999.06,32331.8,300,241,59,80.33,41.42,1.943,1763.553,1101,4099.78,2670.12,47220.46,1051.78,47999.06,1.65
BTC-USDT-SWAP,reversal,12H,0.01,0.01,0.01,1,0.0,10.0,148.0,1349.33,811.71,300,191,109,63.67,86.8,1.066,44.275,1101,2987.67,1918.7,1244.05,-58.36,1349.33,8.46
BTC-USDT-SWAP,reversal,12H,0.01,0.01,0.015,1,0.0,10.0,148.0,6139.08,4048.03,300,207,93,69.0,80.04,1.171,220.801,1101,2590.19,1650.13,5660.09,118.52,6139.08,8.46
BTC-USDT-SWAP,reversal,12H,0.01,0.01,0.02,1,0.0,10.0,148.0,6678.25,4412.33,300,212,88,70.67,73.59,1.185,240.672,1101,2788.95,1784.43,6157.19,120.77,6678.25,8.46
BTC-USDT-SWAP,reversal,12H,0.01,0.01,0.025,1,0.0,10.0,148.0,35169.62,23663.26,300,217,83,72.33,49.07,1.403,1290.723,1101,4753.63,3111.91,33791.02,610.85,35169.62,4.08
BTC-USDT-SWAP,reversal,12H,0.01,0.01,0.03,1,0.0,10.0,148.0,48882.33,32928.6,300,220,80,73.33,40.66,1.642,1796.106,1101,4980.6,3265.27,47503.73,853.77,48882.33,2.9
BTC-USDT-SWAP,reversal,12H,0.01,0.015,0.01,1,0.0,10.0,148.0,46.34,-68.69,300,155,145,51.67,96.59,0.978,-3.747,1101,430.07,190.59,44.9,-89.56,46.34,3.2
BTC-USDT-SWAP,reversal,12H,0.01,0.015,0.015,1,0.0,10.0,148.0,123.12,-16.81,300,170,130,56.67,93.83,0.995,-0.917,1101,248.91,68.18,119.3,-52.07,123.12,3.2
BTC-USDT-SWAP,reversal,12H,0.01,0.015,0.02,1,0.0,10.0,148.0,124.63,-15.79,300,175,125,58.33,95.01,0.995,-0.861,1101,173.63,17.32,120.76,-30.45,124.63,3.2
BTC-USDT-SWAP,reversal,12H,0.01,0.015,0.025,1,0.0,10.0,148.0,159.1,7.5,300,177,123,59.0,91.97,1.002,0.409,1101,325.16,119.7,154.16,-52.59,159.1,3.2
BTC-USDT-SWAP,reversal,12H,0.01,0.015,0.03,1,0.0,10.0,148.0,211.77,43.09,300,178,122,59.33,90.35,1.01,2.35,1101,343.49,132.09,205.2,-40.26,211.77,3.2
BTC-USDT-SWAP,reversal,12H,0.01,0.02,0.01,1,0.0,10.0,148.0,2.2,-98.51,300,137,163,45.67,99.76,0.905,-5.373,1101,112.48,-24.0,2.13,-98.1,2.2,3.2
BTC-USDT-SWAP,reversal,12H,0.01,0.02,0.015,1,0.0,10.0,148.0,3.72,-97.49,300,151,149,50.33,99.63,0.866,-5.318,1101,49.55,-66.52,3.6,-92.73,3.72,3.2
BTC-USDT-SWAP,reversal,12H,0.01,0.02,0.02,1,0.0,10.0,148.0,2.95,-98.01,300,156,144,52.0,99.84,0.893,-5.346,1101,27.53,-81.4,2.86,-89.62,2.95,3.2
BTC-USDT-SWAP,reversal,12H,0.01,0.02,0.025,1,0.0,10.0,148.0,2.27,-98.46,300,157,143,52.33,99.82,0.884,-5.371,1101,32.36,-78.13,2.2,-93.19,2.27,3.2
BTC-USDT-SWAP,reversal,12H,0.01,0.02,0.03,1,0.0,10.0,148.0,2.21,-98.51,300,158,142,52.67,99.79,0.868,-5.373,1101,25.71,-82.63,2.14,-91.66,2.21,3.2
BTC-USDT-SWAP,reversal,12H,0.01,0.03,0.01,1,0.0,10.0,148.0,0.16,-99.89,300,124,176,41.33,99.96,0.852,-5.449,1101,60.74,-58.96,0.15,-99.75,0.16,3.2
BTC-USDT-SWAP,reversal,12H,0.01,0.03,0.015,1,0.0,10.0,148.0,0.21,-99.86,300,137,163,45.67,99.95,0.771,-5.447,1101,22.44,-84.84,0.2,-99.09,0.21,3.2
BTC-USDT-SWAP,reversal,12H,0.01,0.03,0.02,1,0.0,10.0,148.0,0.09,-99.94,300,141,159,47.0,99.99,0.852,-5.451,1101,12.17,-91.78,0.09,-99.27,0.09,3.2
BTC-USDT-SWAP,reversal,12H,0.01,0.03,0.025,1,0.0,10.0,148.0,0.07,-99.95,300,142,158,47.33,99.99,0.825,-5.452,1101,11.72,-92.08,0.07,-99.44,0.07,3.2
BTC-USDT-SWAP,reversal,12H,0.01,0.03,0.03,1,0.0,10.0,148.0,0.06,-99.96,300,143,157,47.67,99.99,0.8,-5.452,1101,7.48,-94.94,0.06,-99.17,0.06,3.2
BTC-USDT-SWAP,fade,12H,0.001,0.006,0.01,1,0.0,10.0,148.0,3.88,-97.38,817,570,247,69.77,98.28,0.907,-5.312,1101,118.44,-19.98,6.07,-94.87,3.88,-36.19
BTC-USDT-SWAP,fade,12H,0.001,0.006,0.015,1,0.0,10.0,148.0,100.04,-32.41,817,611,206,74.79,89.65,0.994,-1.768,1101,453.76,206.59,150.12,-66.92,100.04,-33.36
BTC-USDT-SWAP,fade,12H,0.001,0.006,0.02,1,0.0,10.0,148.0,438.8,196.49,817,627,190,76.74,93.19,1.011,10.718,1101,1441.9,874.26,666.99,-53.74,438.8,-34.21
BTC-USDT-SWAP,fade,12H,0.001,0.006,0.025,1,0.0,10.0,148.0,1983.83,1240.42,817,637,180,77.97,94.02,1.024,67.659,1101,2752.92,1760.08,3015.48,9.54,1983.83,-34.21
BTC-USDT-SWAP,fade,12H,0.001,0.006,0.03,1,0.0,10.0,148.0,4031.63,2624.08,817,639,178,78.21,91.23,1.047,143.131,1101,2162.3,1361.01,6128.21,183.41,4031.63,-34.21
BTC-USDT-SWAP,fade,12H,0.001,0.008,0.01,1,0.0,10.0,148.0,0.21,-99.86,817,490,327,59.98,99.88,0.834,-5.447,1101,29.37,-80.15,0.32,-98.9,0.21,-33.71
BTC-USDT-SWAP,fade,12H,0.001,0.008,0.015,1,0.0,10.0,148.0,0.89,-99.4,817,527,290,64.5,99.79,0.923,-5.422,1101,64.14,-56.66,1.29,-97.99,0.89,-30.77
BTC-USDT-SWAP,fade,12H,0.001,0.008,0.02,1,0.0,10.0,148.0,1.43,-99.03,817,542,275,66.34,99.72,0.953,-5.402,1101,184.95,24.96,2.09,-98.87,1.43,-31.66
BTC-USDT-SWAP,fade,12H,0.001,0.008,0.025,1,0.0,10.0,148.0,2.19,-98.52,817,550,267,67.32,99.68,0.968,-5.374,1101,225.21,52.17,3.21,-98.58,2.19,-31.66
BTC-USDT-SWAP,fade,12H,0.001,0.008,0.03,1,0.0,10.0,148.0,5.57,-96.24,817,553,264,67.69,99.65,0.976,-5.249,1101,211.38,42.83,8.15,-96.14,5.57,-31.66
BTC-USDT-SWAP,fade,12H,0.001,0.01,0.01,1,0.0,10.0,148.0,0.03,-99.98,817,443,374,54.22,99.99,0.852,-5.454,1101,39.99,-72.98,0.04,-99.9,0.03,-31.18
BTC-USDT-SWAP,fade,12H,0.001,0.01,0.015,1,0.0,10.0,148.0,0.13,-99.91,817,483,334,59.12,99.99,0.957,-5.45,1101,181.16,22.41,0.18,-99.9,0.13,-28.14
BTC-USDT-SWAP,fade,12H,0.001,0.01,0.02,1,0.0,10.0,148.0,0.05,-99.97,817,494,323,60.47,99.99,0.953,-5.453,1101,232.86,57.34,0.07,-99.97,0.05,-29.05
BTC-USDT-SWAP,fade,12H,0.001,0.01,0.025,1,0.0,10.0,148.0,0.07,-99.95,817,503,314,61.57,99.99,0.947,-5.452,1101,157.61,6.49,0.1,-99.94,0.07,-29.05
BTC-USDT-SWAP,fade,12H,0.001,0.01,0.03,1,0.0,10.0,148.0,0.21,-99.86,817,507,310,62.06,99.99,0.963,-5.447,1101,126.93,-14.23,0.3,-99.77,0.21,-29.05
BTC-USDT-SWAP,fade,12H,0.001,0.015,0.01,1,0.0,10.0,148.0,0.0,-100.0,817,355,462,43.45,100.0,0.568,-5.455,1101,0.55,-99.63,0.0,-100.0,0.0,-41.53
BTC-USDT-SWAP,fade,12H,0.001,0.015,0.015,1,0.0,10.0,148.0,0.0,-100.0,817,394,423,48.23,100.0,0.729,-5.455,1101,2.38,-98.39,0.0,-100.0,0.0,-34.64
BTC-USDT-SWAP,fade,12H,0.001,0.015,0.02,1,0.0,10.0,148.0,0.0,-100.0,817,407,410,49.82,100.0,0.73,-5.455,1101,2.89,-98.05,0.0,-100.0,0.0,-35.48
BTC-USDT-SWAP,fade,12H,0.001,0.015,0.025,1,0.0,10.0,148.0,0.0,-100.0,817,417,400,51.04,100.0,0.673,-5.455,1101,1.7,-98.85,0.0,-100.0,0.0,-35.48
BTC-USDT-SWAP,fade,12H,0.001,0.015,0.03,1,0.0,10.0,148.0,0.0,-100.0,817,420,397,51.41,100.0,0.751,-5.455,1101,0.86,-99.42,0.0,-100.0,0.0,-35.48
BTC-USDT-SWAP,fade,12H,0.001,0.02,0.01,1,0.0,10.0,148.0,0.0,-100.0,817,324,493,39.66,100.0,0.482,-5.455,1101,0.15,-99.9,0.0,-100.0,0.0,-54.62
BTC-USDT-SWAP,fade,12H,0.001,0.02,0.015,1,0.0,10.0,148.0,0.0,-100.0,817,360,457,44.06,100.0,0.623,-5.455,1101,0.68,-99.54,0.0,-100.0,0.0,-43.25
BTC-USDT-SWAP,fade,12H,0.001,0.02,0.02,1,0.0,10.0,148.0,0.0,-100.0,817,371,446,45.41,100.0,0.649,-5.455,1101,0.82,-99.44,0.0,-100.0,0.0,-43.97
BTC-USDT-SWAP,fade,12H,0.001,0.02,0.025,1,0.0,10.0,148.0,0.0,-100.0,817,380,437,46.51,100.0,0.595,-5.455,1101,0.41,-99.73,0.0,-100.0,0.0,-43.97
BTC-USDT-SWAP,fade,12H,0.001,0.02,0.03,1,0.0,10.0,148.0,0.0,-100.0,817,383,434,46.88,100.0,0.695,-5.455,1101,0.17,-99.89,0.0,-100.0,0.0,-43.97
BTC-USDT-SWAP,fade,12H,0.001,0.03,0.01,1,0.0,10.0,148.0,0.0,-100.0,817,309,508,37.82,100.0,0.449,-5.455,1101,0.08,-99.95,0.0,-100.0,0.0,-54.62
BTC-USDT-SWAP,fade,12H,0.001,0.03,0.015,1,0.0,10.0,148.0,0.0,-100.0,817,347,470,42.47,100.0,0.655,-5.455,1101,0.46,-99.69,0.0,-100.0,0.0,-43.25
BTC-USDT-SWAP,fade,12H,0.001,0.03,0.02,1,0.0,10.0,148.0,0.0,-100.0,817,355,462,43.45,100.0,0.641,-5.455,1101,0.34,-99.77,0.0,-100.0,0.0,-43.97
BTC-USDT-SWAP,fade,12H,0.001,0.03,0.025,1,0.0,10.0,148.0,0.0,-100.0,817,360,457,44.06,100.0,0.506,-5.455,1101,0.07,-99.95,0.0,-100.0,0.0,-43.97
BTC-USDT-SWAP,fade,12H,0.001,0.03,0.03,1,0.0,10.0,148.0,0.0,-100.0,817,363,454,44.43,100.0,0.631,-5.455,1101,0.02,-99.98,0.0,-100.0,0.0,-43.97
BTC-USDT-SWAP,fade,12H,0.002,0.006,0.01,1,0.0,10.0,148.0,447.42,202.31,770,563,207,73.12,62.91,1.036,11.035,1101,272.53,84.14,645.36,136.81,447.42,-30.67
BTC-USDT-SWAP,fade,12H,0.002,0.006,0.015,1,0.0,10.0,148.0,24257.3,16290.07,770,603,167,78.31,74.84,1.183,888.549,1101,2434.52,1544.95,29286.28,1102.96,24257.3,-17.17
BTC-USDT-SWAP,fade,12H,0.002,0.006,0.02,1,0.0,10.0,148.0,60210.68,40582.89,770,616,154,80.0,55.51,1.349,2213.612,1101,7956.2,5275.81,65245.76,720.06,60210.68,-7.72
BTC-USDT-SWAP,fade,12H,0.002,0.006,0.025,1,0.0,10.0,148.0,71353.93,48112.12,770,621,149,80.65,57.58,1.431,2624.297,1101,8819.87,5859.37,76389.01,766.1,71353.93,-6.59
BTC-USDT-SWAP,fade,12H,0.002,0.006,0.03,1,0.0,10.0,148.0,72708.63,49027.45,770,622,148,80.78,65.76,1.481,2674.225,1101,5753.32,3787.38,77743.71,1251.28,72708.63,-6.48
BTC-USDT-SWAP,fade,12H,0.002,0.008,0.01,1,0.0,10.0,148.0,3.78,-97.44,770,473,297,61.43,98.89,0.934,-5.315,1101,77.15,-47.87,5.26,-93.19,3.78,-27.98
BTC-USDT-SWAP,fade,12H,0.002,0.008,0.015,1,0.0,10.0,148.0,114.21,-22.83,770,516,254,67.01,96.4,0.999,-1.245,1101,1337.47,803.7,158.04,-88.18,114.21,-27.74
BTC-USDT-SWAP,fade,12H,0.002,0.008,0.02,1,0.0,10.0,148.0,773.59,422.7,770,532,238,69.09,97.5,1.004,23.056,1101,2940.37,1886.74,1071.03,-63.58,773.59,-27.77
BTC-USDT-SWAP,fade,12H,0.002,0.008,0.025,1,0.0,10.0,148.0,1520.49,927.36,770,539,231,70.0,97.29,1.011,50.583,1101,2689.05,1716.93,2105.12,-21.72,1520.49,-27.77
BTC-USDT-SWAP,fade,12H,0.002,0.008,0.03,1,0.0,10.0,148.0,1690.26,1042.06,770,540,230,70.13,95.74,1.014,56.84,1101,1516.0,924.32,2340.15,54.36,1690.26,-27.77
BTC-USDT-SWAP,fade,12H,0.002,0.01,0.01,1,0.0,10.0,148.0,0.36,-99.76,770,418,352,54.29,99.91,0.914,-5.441,1101,65.08,-56.03,0.48,-99.26,0.36,-25.24
BTC-USDT-SWAP,fade,12H,0.002,0.01,0.015,1,0.0,10.0,148.0,4.18,-97.17,770,458,312,59.48,99.43,0.97,-5.3,1101,357.51,141.56,5.58,-98.44,4.18,-24.98
BTC-USDT-SWAP,fade,12H,0.002,0.01,0.02,1,0.0,10.0,148.0,7.55,-94.9,770,471,299,61.17,99.06,0.985,-5.176,1101,569.09,284.52,10.07,-98.23,7.55,-25.02
BTC-USDT-SWAP,fade,12H,0.002,0.01,0.025,1,0.0,10.0,148.0,7.6,-94.86,770,478,292,62.08,99.46,0.98,-5.174,1101,384.1,159.53,10.14,-97.36,7.6,-25.02
BTC-USDT-SWAP,fade,12H,0.002,0.01,0.03,1,0.0,10.0,148.0,9.72,-93.43,770,479,291,62.21,99.47,0.979,-5.096,1101,226.72,53.19,12.96,-94.28,9.72,-25.02
BTC-USDT-SWAP,fade,12H,0.002,0.015,0.01,1,0.0,10.0,148.0,0.0,-100.0,770,333,437,43.25,100.0,0.717,-5.455,1101,1.22,-99.17,0.0,-100.0,0.0,-36.48
BTC-USDT-SWAP,fade,12H,0.002,0.015,0.015,1,0.0,10.0,148.0,0.0,-100.0,770,374,396,48.57,100.0,0.801,-5.455,1101,9.05,-93.88,0.0,-100.0,0.0,-31.05
BTC-USDT-SWAP,fade,12H,0.002,0.015,0.02,1,0.0,10.0,148.0,0.0,-100.0,770,387,383,50.26,100.0,0.794,-5.455,1101,7.71,-94.79,0.0,-100.0,0.0,-31.08
BTC-USDT-SWAP,fade,12H,0.002,0.015,0.025,1,0.0,10.0,148.0,0.0,-100.0,770,395,375,51.3,100.0,0.831,-5.455,1101,5.12,-96.54,0.0,-100.0,0.0,-31.08
BTC-USDT-SWAP,fade,12H,0.002,0.015,0.03,1,0.0,10.0,148.0,0.0,-100.0,770,396,374,51.43,100.0,0.819,-5.455,1101,1.71,-98.84,0.0,-100.0,0.0,-31.08
BTC-USDT-SWAP,fade,12H,0.002,0.02,0.01,1,0.0,10.0,148.0,0.0,-100.0,770,307,463,39.87,100.0,0.597,-5.455,1101,0.71,-99.52,0.0,-100.0,0.0,-44.28
BTC-USDT-SWAP,fade,12H,0.002,0.02,0.015,1,0.0,10.0,148.0,0.0,-100.0,770,345,425,44.81,100.0,0.691,-5.455,1101,6.02,-95.94,0.0,-100.0,0.0,-39.52
BTC-USDT-SWAP,fade,12H,0.002,0.02,0.02,1,0.0,10.0,148.0,0.0,-100.0,770,355,415,46.1,100.0,0.701,-5.455,1101,5.17,-96.51,0.0,-100.0,0.0,-39.55
BTC-USDT-SWAP,fade,12H,0.002,0.02,0.025,1,0.0,10.0,148.0,0.0,-100.0,770,363,407,47.14,100.0,0.763,-5.455,1101,3.2,-97.84,0.0,-100.0,0.0,-39.55
BTC-USDT-SWAP,fade,12H,0.002,0.02,0.03,1,0.0,10.0,148.0,0.0,-100.0,770,364,406,47.27,100.0,0.744,-5.455,1101,0.91,-99.38,0.0,-100.0,0.0,-39.55
BTC-USDT-SWAP,fade,12H,0.002,0.03,0.01,1,0.0,10.0,148.0,0.0,-100.0,770,288,482,37.4,100.0,0.516,-5.455,1101,0.18,-99.88,0.0,-100.0,0.0,-44.28
BTC-USDT-SWAP,fade,12H,0.002,0.03,0.015,1,0.0,10.0,148.0,0.0,-100.0,770,324,446,42.08,100.0,0.616,-5.455,1101,0.7,-99.53,0.0,-100.0,0.0,-39.52
BTC-USDT-SWAP,fade,12H,0.002,0.03,0.02,1,0.0,10.0,148.0,0.0,-100.0,770,331,439,42.99,100.0,0.642,-5.455,1101,0.47,-99.69,0.0,-100.0,0.0,-39.55
BTC-USDT-SWAP,fade,12H,0.002,0.03,0.025,1,0.0,10.0,148.0,0.0,-100.0,770,337,433,43.77,100.0,0.673,-5.455,1101,0.11,-99.93,0.0,-100.0,0.0,-39.55
BTC-USDT-SWAP,fade,12H,0.002,0.03,0.03,1,0.0,10.0,148.0,0.0,-100.0,770,339,431,44.03,100.0,0.646,-5.455,1101,0.03,-99.98,0.0,-100.0,0.0,-39.55
BTC-USDT-SWAP,fade,12H,0.003,0.006,0.01,1,0.0,10.0,148.0,7069.13,4676.44,718,538,180,74.93,62.89,1.109,255.079,1101,771.11,421.02,10800.38,1300.63,7069.13,-34.55
BTC-USDT-SWAP,fade,12H,0.003,0.006,0.015,1,0.0,10.0,148.0,47631.37,32083.36,718,567,151,78.97,65.98,1.365,1750.001,1101,2808.13,1797.39,53107.14,1791.19,47631.37,-10.31
BTC-USDT-SWAP,fade,12H,0.003,0.006,0.02,1,0.0,10.0,148.0,69435.26,46815.72,718,579,139,80.64,50.64,1.484,2553.585,1101,5496.03,3613.53,74765.37,1260.35,69435.26,-7.13
BTC-USDT-SWAP,fade,12H,0.003,0.006,0.025,1,0.0,10.0,148.0,88153.86,59463.42,718,584,134,81.34,48.05,1.627,3243.459,1101,8139.53,5399.68,93483.97,1048.52,88153.86,-5.7
BTC-USDT-SWAP,fade,12H,0.003,0.006,0.03,1,0.0,10.0,148.0,92377.64,62317.33,718,586,132,81.62,53.76,1.704,3399.127,1101,5985.7,3944.39,97707.75,1532.35,92377.64,-5.46
BTC-USDT-SWAP,fade,12H,0.003,0.008,0.01,1,0.0,10.0,148.0,335.06,126.39,718,459,259,63.93,75.12,1.016,6.894,1101,302.35,104.29,502.25,66.11,335.06,-33.29
BTC-USDT-SWAP,fade,12H,0.003,0.008,0.015,1,0.0,10.0,148.0,10300.01,6859.47,718,497,221,69.22,78.87,1.071,374.153,1101,1780.14,1102.8,14929.95,738.7,10300.01,-31.01
BTC-USDT-SWAP,fade,12H,0.003,0.008,0.02,1,0.0,10.0,148.0,49249.48,33176.68,718,512,206,71.31,68.91,1.245,1809.637,1101,3489.41,2257.71,54279.59,1455.55,49249.48,-9.27
BTC-USDT-SWAP,fade,12H,0.003,0.008,0.025,1,0.0,10.0,148.0,61301.2,41319.73,718,517,201,72.01,75.76,1.312,2253.803,1101,3676.95,2384.43,66331.31,1703.98,61301.2,-7.58
BTC-USDT-SWAP,fade,12H,0.003,0.008,0.03,1,0.0,10.0,148.0,79111.02,53353.4,718,519,199,72.28,75.63,1.402,2910.185,1101,4316.41,2816.49,84141.13,1849.33,79111.02,-5.98
BTC-USDT-SWAP,fade,12H,0.003,0.01,0.01,1,0.0,10.0,148.0,1.45,-99.02,718,386,332,53.76,99.47,0.909,-5.401,1101,48.86,-66.99,2.13,-95.65,1.45,-32.03
BTC-USDT-SWAP,fade,12H,0.003,0.01,0.015,1,0.0,10.0,148.0,7.88,-94.68,718,421,297,58.64,98.36,0.96,-5.164,1101,90.52,-38.83,11.21,-87.62,7.88,-29.71
BTC-USDT-SWAP,fade,12H,0.003,0.01,0.02,1,0.0,10.0,148.0,11.03,-92.55,718,433,285,60.31,99.08,0.981,-5.048,1101,158.01,6.77,15.51,-90.19,11.03,-28.88
BTC-USDT-SWAP,fade,12H,0.003,0.01,0.025,1,0.0,10.0,148.0,27.95,-81.12,718,439,279,61.14,98.48,0.987,-4.424,1101,194.31,31.29,39.3,-79.77,27.95,-28.88
BTC-USDT-SWAP,fade,12H,0.003,0.01,0.03,1,0.0,10.0,148.0,47.8,-67.7,718,441,277,61.42,98.15,0.992,-3.693,1101,171.53,15.9,67.21,-60.82,47.8,-28.88
BTC-USDT-SWAP,fade,12H,0.003,0.015,0.01,1,0.0,10.0,148.0,0.0,-100.0,718,314,404,43.73,100.0,0.802,-5.454,1101,18.17,-87.72,0.0,-99.99,0.0,-36.8
BTC-USDT-SWAP,fade,12H,0.003,0.015,0.015,1,0.0,10.0,148.0,0.01,-100.0,718,349,369,48.61,100.0,0.878,-5.454,1101,30.9,-79.12,0.01,-99.97,0.01,-34.65
BTC-USDT-SWAP,fade,12H,0.003,0.015,0.02,1,0.0,10.0,148.0,0.0,-100.0,718,358,360,49.86,100.0,0.84,-5.454,1101,17.39,-88.25,0.0,-99.98,0.0,-33.88
BTC-USDT-SWAP,fade,12H,0.003,0.015,0.025,1,0.0,10.0,148.0,0.01,-100.0,718,366,352,50.97,100.0,0.887,-5.454,1101,14.46,-90.23,0.01,-99.94,0.01,-33.88
BTC-USDT-SWAP,fade,12H,0.003,0.015,0.03,1,0.0,10.0,148.0,0.01,-100.0,718,368,350,51.25,100.0,0.883,-5.454,1101,8.49,-94.27,0.01,-99.91,0.01,-33.88
BTC-USDT-SWAP,fade,12H,0.003,0.02,0.01,1,0.0,10.0,148.0,0.0,-100.0,718,289,429,40.25,100.0,0.72,-5.455,1101,11.04,-92.54,0.0,-100.0,0.0,-36.8
BTC-USDT-SWAP,fade,12H,0.003,0.02,0.015,1,0.0,10.0,148.0,0.0,-100.0,718,319,399,44.43,100.0,0.804,-5.455,1101,19.37,-86.91,0.0,-100.0,0.0,-34.65
BTC-USDT-SWAP,fade,12H,0.003,0.02,0.02,1,0.0,10.0,148.0,0.0,-100.0,718,329,389,45.82,100.0,0.749,-5.455,1101,11.66,-92.12,0.0,-100.0,0.0,-33.88
BTC-USDT-SWAP,fade,12H,0.003,0.02,0.025,1,0.0,10.0,148.0,0.0,-100.0,718,337,381,46.94,100.0,0.822,-5.455,1101,9.05,-93.89,0.0,-100.0,0.0,-33.88
BTC-USDT-SWAP,fade,12H,0.003,0.02,0.03,1,0.0,10.0,148.0,0.0,-100.0,718,338,380,47.08,100.0,0.81,-5.455,1101,5.1,-96.56,0.0,-100.0,0.0,-33.88
BTC-USDT-SWAP,fade,12H,0.003,0.03,0.01,1,0.0,10.0,148.0,0.0,-100.0,718,269,449,37.47,100.0,0.528,-5.455,1101,1.81,-98.78,0.0,-100.0,0.0,-36.8
BTC-USDT-SWAP,fade,12H,0.003,0.03,0.015,1,0.0,10.0,148.0,0.0,-100.0,718,296,422,41.23,100.0,0.618,-5.455,1101,1.51,-98.98,0.0,-100.0,0.0,-34.65
BTC-USDT-SWAP,fade,12H,0.003,0.03,0.02,1,0.0,10.0,148.0,0.0,-100.0,718,303,415,42.2,100.0,0.561,-5.455,1101,0.61,-99.59,0.0,-100.0,0.0,-33.88
BTC-USDT-SWAP,fade,12H,0.003,0.03,0.025,1,0.0,10.0,148.0,0.0,-100.0,718,309,409,43.04,100.0,0.616,-5.455,1101,0.18,-99.88,0.0,-100.0,0.0,-33.88
BTC-USDT-SWAP,fade,12H,0.003,0.03,0.03,1,0.0,10.0,148.0,0.0,-100.0,718,311,407,43.31,100.0,0.582,-5.455,1101,0.08,-99.95,0.0,-100.0,0.0,-33.88
BTC-USDT-SWAP,fade,12H,0.005,0.006,0.01,1,0.0,10.0,148.0,3341.5,2157.77,622,468,154,75.24,67.25,1.099,117.696,1101,1736.82,1073.53,3383.26,94.8,3341.5,-1.23
BTC-USDT-SWAP,fade,12H,0.005,0.006,0.015,1,0.0,10.0,148.0,51010.81,34366.77,622,502,120,80.71,38.6,1.358,1874.551,1101,9493.85,6314.76,51765.93,445.26,51010.81,-1.46
BTC-USDT-SWAP,fade,12H,0.005,0.006,0.02,1,0.0,10.0,148.0,75122.54,50658.48,622,514,108,82.64,39.16,1.572,2763.19,1101,11563.46,7713.15,75429.39,552.31,75122.54,-0.41
BTC-USDT-SWAP,fade,12H,0.005,0.006,0.025,1,0.0,10.0,148.0,88915.19,59977.83,622,519,103,83.44,47.68,1.702,3271.518,1101,11260.1,7508.17,89222.03,692.37,88915.19,-0.34
BTC-USDT-SWAP,fade,12H,0.005,0.006,0.03,1,0.0,10.0,148.0,92116.94,62141.17,622,521,101,83.76,42.54,1.74,3389.519,1101,12752.86,8516.8,92423.79,624.73,92116.94,-0.33
BTC-USDT-SWAP,fade,12H,0.005,0.008,0.01,1,0.0,10.0,148.0,1065.61,620.0,622,406,216,65.27,90.39,1.029,33.818,1101,1350.75,812.67,1339.28,-0.85,1065.61,-20.43
BTC-USDT-SWAP,fade,12H,0.005,0.008,0.015,1,0.0,10.0,148.0,8646.12,5741.97,622,435,187,69.94,89.52,1.06,313.198,1101,4659.45,3048.28,11523.69,147.32,8646.12,-24.97
BTC-USDT-SWAP,fade,12H,0.005,0.008,0.02,1,0.0,10.0,148.0,40618.12,27344.68,622,447,175,71.86,70.28,1.218,1491.528,1101,4528.31,2959.67,44147.51,874.92,40618.12,-7.99
BTC-USDT-SWAP,fade,12H,0.005,0.008,0.025,1,0.0,10.0,148.0,57013.37,38422.55,622,453,169,72.83,62.66,1.305,2095.775,1101,5391.11,3542.64,60542.76,1023.01,57013.37,-5.83
BTC-USDT-SWAP,fade,12H,0.005,0.008,0.03,1,0.0,10.0,148.0,64465.76,43457.95,622,455,167,73.15,50.68,1.343,2370.434,1101,6848.3,4527.23,67995.15,892.88,64465.76,-5.19
BTC-USDT-SWAP,fade,12H,0.005,0.01,0.01,1,0.0,10.0,148.0,51.86,-64.96,622,354,268,56.91,95.18,0.985,-3.543,1101,256.19,73.1,63.97,-75.03,51.86,-18.93
BTC-USDT-SWAP,fade,12H,0.005,0.01,0.015,1,0.0,10.0,148.0,656.29,343.44,622,386,236,62.06,96.45,1.015,18.733,1101,1102.92,645.21,858.51,-22.16,656.29,-23.56
BTC-USDT-SWAP,fade,12H,0.005,0.01,0.02,1,0.0,10.0,148.0,2304.34,1456.99,622,401,221,64.47,97.26,1.035,79.472,1101,982.66,563.96,2909.26,196.06,2304.34,-20.79
BTC-USDT-SWAP,fade,12H,0.005,0.01,0.025,1,0.0,10.0,148.0,3914.29,2544.79,622,405,217,65.11,95.22,1.066,138.807,1101,744.07,402.75,4941.84,564.17,3914.29,-20.79
BTC-USDT-SWAP,fade,12H,0.005,0.01,0.03,1,0.0,10.0,148.0,12307.77,8216.06,622,407,215,65.43,93.13,1.102,448.149,1101,1359.4,818.51,15499.79,1040.19,12307.77,-20.59
BTC-USDT-SWAP,fade,12H,0.005,0.015,0.01,1,0.0,10.0,148.0,0.03,-99.98,622,283,339,45.5,99.99,0.88,-5.453,1101,46.36,-68.68,0.04,-99.91,0.03,-23.14
BTC-USDT-SWAP,fade,12H,0.005,0.015,0.015,1,0.0,10.0,148.0,0.03,-99.98,622,308,314,49.52,99.99,0.884,-5.453,1101,50.2,-66.08,0.04,-99.92,0.03,-27.52
BTC-USDT-SWAP,fade,12H,0.005,0.015,0.02,1,0.0,10.0,148.0,0.02,-99.98,622,320,302,51.45,99.99,0.846,-5.454,1101,25.29,-82.92,0.03,-99.87,0.02,-24.9
BTC-USDT-SWAP,fade,12H,0.005,0.015,0.025,1,0.0,10.0,148.0,0.05,-99.97,622,325,297,52.25,99.99,0.896,-5.453,1101,17.18,-88.39,0.07,-99.61,0.05,-24.9
BTC-USDT-SWAP,fade,12H,0.005,0.015,0.03,1,0.0,10.0,148.0,0.07,-99.95,622,326,296,52.41,99.99,0.9,-5.452,1101,19.98,-86.5,0.09,-99.55,0.07,-24.9
BTC-USDT-SWAP,fade,12H,0.005,0.02,0.01,1,0.0,10.0,148.0,0.0,-100.0,622,251,371,40.35,100.0,0.836,-5.455,1101,19.45,-86.86,0.0,-100.0,0.0,-23.14
BTC-USDT-SWAP,fade,12H,0.005,0.02,0.015,1,0.0,10.0,148.0,0.0,-100.0,622,274,348,44.05,100.0,0.823,-5.455,1101,15.65,-89.42,0.0,-100.0,0.0,-27.52
BTC-USDT-SWAP,fade,12H,0.005,0.02,0.02,1,0.0,10.0,148.0,0.0,-100.0,622,287,335,46.14,100.0,0.766,-5.455,1101,7.98,-94.61,0.0,-100.0,0.0,-24.9
BTC-USDT-SWAP,fade,12H,0.005,0.02,0.025,1,0.0,10.0,148.0,0.0,-100.0,622,291,331,46.78,100.0,0.858,-5.455,1101,4.53,-96.94,0.0,-100.0,0.0,-24.9
BTC-USDT-SWAP,fade,12H,0.005,0.02,0.03,1,0.0,10.0,148.0,0.0,-100.0,622,292,330,46.95,100.0,0.84,-5.455,1101,3.96,-97.32,0.0,-100.0,0.0,-24.9
BTC-USDT-SWAP,fade,12H,0.005,0.03,0.01,1,0.0,10.0,148.0,0.0,-100.0,622,234,388,37.62,100.0,0.804,-5.455,1101,3.19,-97.85,0.0,-100.0,0.0,-23.14
BTC-USDT-SWAP,fade,12H,0.005,0.03,0.015,1,0.0,10.0,148.0,0.0,-100.0,622,255,367,41.0,100.0,0.777,-5.455,1101,1.64,-98.89,0.0,-100.0,0.0,-27.52
BTC-USDT-SWAP,fade,12H,0.005,0.03,0.02,1,0.0,10.0,148.0,0.0,-100.0,622,266,356,42.77,100.0,0.72,-5.455,1101,0.59,-99.6,0.0,-100.0,0.0,-24.9
BTC-USDT-SWAP,fade,12H,0.005,0.03,0.025,1,0.0,10.0,148.0,0.0,-100.0,622,270,352,43.41,100.0,0.797,-5.455,1101,0.17,-99.88,0.0,-100.0,0.0,-24.9
BTC-USDT-SWAP,fade,12H,0.005,0.03,0.03,1,0.0,10.0,148.0,0.0,-100.0,622,272,350,43.73,100.0,0.758,-5.455,1101,0.14,-99.91,0.0,-100.0,0.0,-24.9
BTC-USDT-SWAP,fade,12H,0.007,0.006,0.01,1,0.0,10.0,148.0,1383.49,834.79,534,401,133,75.09,67.25,1.104,45.534,1101,1062.06,617.61,1253.44,18.02,1383.49,10.37
BTC-USDT-SWAP,fade,12H,0.007,0.006,0.015,1,0.0,10.0,148.0,40651.23,27367.05,534,434,100,81.27,49.08,1.34,1492.748,1101,6730.11,4447.37,39109.28,481.11,40651.23,3.94
BTC-USDT-SWAP,fade,12H,0.007,0.006,0.02,1,0.0,10.0,148.0,76051.2,51285.95,534,446,88,83.52,57.75,1.704,2797.415,1101,12210.3,8150.21,74509.26,510.22,76051.2,2.07
BTC-USDT-SWAP,fade,12H,0.007,0.006,0.025,1,0.0,10.0,148.0,71400.8,48143.78,534,448,86,83.9,65.38,1.656,2626.025,1101,9811.77,6529.58,69858.85,611.99,71400.8,2.21
BTC-USDT-SWAP,fade,12H,0.007,0.006,0.03,1,0.0,10.0,148.0,100123.08,67550.73,534,453,81,84.83,45.86,2.034,3684.585,1101,18384.9,12322.23,98581.13,436.21,100123.08,1.56
BTC-USDT-SWAP,fade,12H,0.007,0.008,0.01,1,0.0,10.0,148.0,3410.32,2204.27,534,357,177,66.85,79.3,1.078,120.233,1101,3424.49,2213.84,3460.51,1.05,3410.32,-1.45
BTC-USDT-SWAP,fade,12H,0.007,0.008,0.015,1,0.0,10.0,148.0,52853.19,35611.62,534,387,147,72.47,47.14,1.276,1942.452,1101,25646.98,17229.04,52856.58,106.09,52853.19,-0.01
BTC-USDT-SWAP,fade,12H,0.007,0.008,0.02,1,0.0,10.0,148.0,61800.29,41656.95,534,395,139,73.97,49.69,1.324,2272.197,1101,21235.46,14248.28,61803.67,191.04,61800.29,-0.01
BTC-USDT-SWAP,fade,12H,0.007,0.008,0.025,1,0.0,10.0,148.0,64288.88,43338.43,534,398,136,74.53,61.6,1.363,2363.914,1101,12706.71,8485.62,64292.26,405.97,64288.88,-0.01
BTC-USDT-SWAP,fade,12H,0.007,0.008,0.03,1,0.0,10.0,148.0,97390.62,65704.47,534,403,131,75.47,37.51,1.582,3583.88,1101,27682.32,18604.27,97394.0,251.83,97390.62,-0.0
BTC-USDT-SWAP,fade,12H,0.007,0.01,0.01,1,0.0,10.0,148.0,248.39,67.83,534,313,221,58.61,96.35,1.006,3.7,1101,1162.14,685.23,282.31,-75.71,248.39,-12.02
BTC-USDT-SWAP,fade,12H,0.007,0.01,0.015,1,0.0,10.0,148.0,563.33,280.63,534,337,197,63.11,98.79,1.004,15.307,1101,3451.89,2232.36,640.28,-81.45,563.33,-12.02
BTC-USDT-SWAP,fade,12H,0.007,0.01,0.02,1,0.0,10.0,148.0,1290.54,771.99,534,347,187,64.98,98.69,1.013,42.108,1101,2884.71,1849.13,1466.83,-49.15,1290.54,-12.02
BTC-USDT-SWAP,fade,12H,0.007,0.01,0.025,1,0.0,10.0,148.0,1911.04,1191.24,534,351,183,65.73,97.37,1.021,64.977,1101,2146.98,1350.66,2172.1,1.17,1911.04,-12.02
BTC-USDT-SWAP,fade,12H,0.007,0.01,0.03,1,0.0,10.0,148.0,33307.78,22405.26,534,355,179,66.48,82.32,1.169,1222.105,1101,4918.63,3223.4,35042.39,612.44,33307.78,-4.95
BTC-USDT-SWAP,fade,12H,0.007,0.015,0.01,1,0.0,10.0,148.0,1.19,-99.2,534,253,281,47.38,99.74,0.928,-5.411,1101,113.11,-23.57,1.29,-98.86,1.19,-7.94
BTC-USDT-SWAP,fade,12H,0.007,0.015,0.015,1,0.0,10.0,148.0,1.29,-99.13,534,276,258,51.69,99.76,0.961,-5.407,1101,175.82,18.8,1.4,-99.2,1.29,-7.95
BTC-USDT-SWAP,fade,12H,0.007,0.015,0.02,1,0.0,10.0,148.0,1.34,-99.09,534,286,248,53.56,99.87,0.952,-5.405,1101,80.62,-45.53,1.46,-98.19,1.34,-7.95
BTC-USDT-SWAP,fade,12H,0.007,0.015,0.025,1,0.0,10.0,148.0,0.85,-99.43,534,287,247,53.75,99.93,0.948,-5.423,1101,54.77,-62.99,0.92,-98.31,0.85,-7.95
BTC-USDT-SWAP,fade,12H,0.007,0.015,0.03,1,0.0,10.0,148.0,3.48,-97.65,534,290,244,54.31,99.69,0.963,-5.326,1101,102.76,-30.57,3.78,-96.32,3.48,-7.95
BTC-USDT-SWAP,fade,12H,0.007,0.02,0.01,1,0.0,10.0,148.0,0.0,-100.0,534,219,315,41.01,100.0,0.808,-5.454,1101,17.97,-87.86,0.0,-99.97,0.0,-14.97
BTC-USDT-SWAP,fade,12H,0.007,0.02,0.015,1,0.0,10.0,148.0,0.0,-100.0,534,243,291,45.51,100.0,0.832,-5.454,1101,15.13,-89.78,0.0,-99.98,0.0,-14.97
BTC-USDT-SWAP,fade,12H,0.007,0.02,0.02,1,0.0,10.0,148.0,0.0,-100.0,534,253,281,47.38,100.0,0.859,-5.455,1101,6.61,-95.53,0.0,-99.98,0.0,-14.97
BTC-USDT-SWAP,fade,12H,0.007,0.02,0.025,1,0.0,10.0,148.0,0.0,-100.0,534,254,280,47.57,100.0,0.847,-5.455,1101,2.63,-98.23,0.0,-99.98,0.0,-14.97
BTC-USDT-SWAP,fade,12H,0.007,0.02,0.03,1,0.0,10.0,148.0,0.0,-100.0,534,257,277,48.13,100.0,0.826,-5.454,1101,2.11,-98.57,0.0,-99.89,0.0,-14.97
BTC-USDT-SWAP,fade,12H,0.007,0.03,0.01,1,0.0,10.0,148.0,0.0,-100.0,534,199,335,37.27,100.0,0.792,-5.455,1101,4.99,-96.63,0.0,-100.0,0.0,-14.97
BTC-USDT-SWAP,fade,12H,0.007,0.03,0.015,1,0.0,10.0,148.0,0.0,-100.0,534,220,314,41.2,100.0,0.821,-5.455,1101,3.6,-97.57,0.0,-100.0,0.0,-14.97
BTC-USDT-SWAP,fade,12H,0.007,0.03,0.02,1,0.0,10.0,148.0,0.0,-100.0,534,229,305,42.88,100.0,0.83,-5.455,1101,1.11,-99.25,0.0,-100.0,0.0,-14.97
BTC-USDT-SWAP,fade,12H,0.007,0.03,0.025,1,0.0,10.0,148.0,0.0,-100.0,534,232,302,43.45,100.0,0.812,-5.455,1101,0.42,-99.71,0.0,-100.0,0.0,-14.97
BTC-USDT-SWAP,fade,12H,0.007,0.03,0.03,1,0.0,10.0,148.0,0.0,-100.0,534,235,299,44.01,100.0,0.777,-5.455,1101,0.27,-99.81,0.0,-100.0,0.0,-14.97
BTC-USDT-SWAP,fade,12H,0.01,0.006,0.01,1,0.0,10.0,148.0,1697.11,1046.69,424,329,95,77.59,85.85,1.139,57.092,1101,2251.62,1421.37,1682.68,-25.27,1697.11,0.86
BTC-USDT-SWAP,fade,12H,0.01,0.006,0.015,1,0.0,10.0,148.0,40344.53,27159.82,424,360,64,84.91,47.06,1.615,1481.444,1101,6156.81,4060.01,40120.92,551.65,40344.53,0.56
BTC-USDT-SWAP,fade,12H,0.01,0.006,0.02,1,0.0,10.0,148.0,46137.66,31074.09,424,367,57,86.56,57.39,1.613,1694.95,1101,11121.37,7414.44,45914.05,312.85,46137.66,0.49
BTC-USDT-SWAP,fade,12H,0.01,0.006,0.025,1,0.0,10.0,148.0,76325.11,51471.02,424,373,51,87.97,27.0,2.021,2807.51,1101,17115.91,11464.8,76101.5,344.62,76325.11,0.29
BTC-USDT-SWAP,fade,12H,0.01,0.006,0.03,1,0.0,10.0,148.0,93719.19,63223.78,424,377,47,88.92,32.0,2.469,3448.57,1101,21445.33,14390.08,93495.59,335.97,93719.19,0.24
BTC-USDT-SWAP,fade,12H,0.01,0.008,0.01,1,0.0,10.0,148.0,2310.65,1461.25,424,292,132,68.87,87.09,1.113,79.704,1101,2818.66,1804.5,2211.63,-21.54,2310.65,4.48
BTC-USDT-SWAP,fade,12H,0.01,0.008,0.015,1,0.0,10.0,148.0,42499.04,28615.57,424,321,103,75.71,58.71,1.422,1560.849,1101,6562.95,4334.43,41720.43,535.7,42499.04,1.87
BTC-USDT-SWAP,fade,12H,0.01,0.008,0.02,1,0.0,10.0,148.0,53620.08,36129.79,424,328,96,77.36,61.97,1.469,1970.716,1101,11067.57,7378.08,52841.48,377.44,53620.08,1.47
BTC-USDT-SWAP,fade,12H,0.01,0.008,0.025,1,0.0,10.0,148.0,72174.78,48666.74,424,333,91,78.54,41.95,1.63,2654.549,1101,13392.53,8949.0,71396.17,433.1,72174.78,1.09
BTC-USDT-SWAP,fade,12H,0.01,0.008,0.03,1,0.0,10.0,148.0,88398.9,59628.98,424,337,87,79.48,45.17,1.895,3252.49,1101,13070.88,8731.68,87620.29,570.35,88398.9,0.89
BTC-USDT-SWAP,fade,12H,0.01,0.01,0.01,1,0.0,10.0,148.0,2943.19,1888.64,424,267,157,62.97,94.05,1.047,103.017,1101,10616.52,7073.33,2713.55,-74.44,2943.19,8.46
BTC-USDT-SWAP,fade,12H,0.01,0.01,0.015,1,0.0,10.0,148.0,42018.04,28290.57,424,292,132,68.87,66.49,1.27,1543.122,1101,14771.38,9880.66,40639.44,175.12,42018.04,3.39
BTC-USDT-SWAP,fade,12H,0.01,0.01,0.02,1,0.0,10.0,148.0,41544.42,27970.56,424,297,127,70.05,64.23,1.259,1525.667,1101,14461.29,9671.14,40165.82,177.75,41544.42,3.43
BTC-USDT-SWAP,fade,12H,0.01,0.01,0.025,1,0.0,10.0,148.0,71802.89,48415.47,424,303,121,71.46,47.31,1.47,2640.844,1101,19654.02,13179.74,70424.29,258.32,71802.89,1.96
BTC-USDT-SWAP,fade,12H,0.01,0.01,0.03,1,0.0,10.0,148.0,86928.28,58635.32,424,307,117,72.41,48.68,1.628,3198.29,1101,17864.12,11970.35,85549.68,378.89,86928.28,1.61
BTC-USDT-SWAP,fade,12H,0.01,0.015,0.01,1,0.0,10.0,148.0,83.64,-43.49,424,221,203,52.12,98.67,0.996,-2.372,1101,2023.01,1266.9,81.04,-95.99,83.64,3.2
BTC-USDT-SWAP,fade,12H,0.01,0.015,0.015,1,0.0,10.0,148.0,541.81,266.09,424,245,179,57.78,97.7,1.012,14.514,1101,1921.0,1197.98,525.0,-72.67,541.81,3.2
BTC-USDT-SWAP,fade,12H,0.01,0.015,0.02,1,0.0,10.0,148.0,388.22,162.31,424,250,174,58.96,97.15,1.009,8.853,1101,1290.86,772.2,376.17,-70.86,388.22,3.2
BTC-USDT-SWAP,fade,12H,0.01,0.015,0.025,1,0.0,10.0,148.0,638.14,331.18,424,253,171,59.67,96.72,1.012,18.064,1101,1980.61,1238.25,618.34,-68.78,638.14,3.2
BTC-USDT-SWAP,fade,12H,0.01,0.015,0.03,1,0.0,10.0,148.0,994.49,571.96,424,255,169,60.14,96.23,1.02,31.198,1101,1779.46,1102.34,963.63,-45.85,994.49,3.2
BTC-USDT-SWAP,fade,12H,0.01,0.02,0.01,1,0.0,10.0,148.0,0.72,-99.51,424,194,230,45.75,99.93,0.954,-5.428,1101,239.01,61.49,0.7,-99.71,0.72,3.2
BTC-USDT-SWAP,fade,12H,0.01,0.02,0.015,1,0.0,10.0,148.0,1.13,-99.24,424,215,209,50.71,99.84,0.951,-5.413,1101,148.21,0.14,1.09,-99.26,1.13,3.2
BTC-USDT-SWAP,fade,12H,0.01,0.02,0.02,1,0.0,10.0,148.0,0.9,-99.39,424,221,203,52.12,99.97,0.959,-5.422,1101,86.81,-41.34,0.87,-99.0,0.9,3.2
BTC-USDT-SWAP,fade,12H,0.01,0.02,0.025,1,0.0,10.0,148.0,0.71,-99.52,424,223,201,52.59,99.97,0.956,-5.428,1101,73.2,-50.54,0.69,-99.06,0.71,3.2
BTC-USDT-SWAP,fade,12H,0.01,0.02,0.03,1,0.0,10.0,148.0,0.93,-99.37,424,225,199,53.07,99.96,0.947,-5.42,1101,42.89,-71.02,0.9,-97.9,0.93,3.2
BTC-USDT-SWAP,fade,12H,0.01,0.03,0.01,1,0.0,10.0,148.0,0.01,-99.99,424,174,250,41.04,100.0,0.881,-5.454,1101,61.96,-58.14,0.01,-99.99,0.01,3.2
BTC-USDT-SWAP,fade,12H,0.01,0.03,0.015,1,0.0,10.0,148.0,0.01,-100.0,424,193,231,45.52,100.0,0.842,-5.454,1101,31.8,-78.51,0.01,-99.98,0.01,3.2
BTC-USDT-SWAP,fade,12H,0.01,0.03,0.02,1,0.0,10.0,148.0,0.0,-100.0,424,199,225,46.93,100.0,0.897,-5.454,1101,15.08,-89.81,0.0,-99.98,0.0,3.2
BTC-USDT-SWAP,fade,12H,0.01,0.03,0.025,1,0.0,10.0,148.0,0.0,-100.0,424,202,222,47.64,100.0,0.872,-5.454,1101,9.2,-93.79,0.0,-99.96,0.0,3.2
BTC-USDT-SWAP,fade,12H,0.01,0.03,0.03,1,0.0,10.0,148.0,0.0,-100.0,424,204,220,48.11,100.0,0.842,-5.454,1101,3.76,-97.46,0.0,-99.9,0.0,3.2
BTC-USDT-SWAP,reversal,1D,0.001,0.006,0.01,1,0.0,10.0,148.0,178.84,20.83,318,244,74,76.73,63.78,1.015,1.136,551,199.41,34.74,265.13,32.96,178.84,-32.55
BTC-USDT-SWAP,reversal,1D,0.001,0.006,0.015,1,0.0,10.0,148.0,242.1,63.58,318,258,60,81.13,80.85,1.032,3.468,551,311.07,110.18,316.36,1.7,242.1,-23.47
BTC-USDT-SWAP,reversal,1D,0.001,0.006,0.02,1,0.0,10.0,148.0,122.51,-17.22,318,264,54,83.02,86.52,0.99,-0.939,551,298.79,101.89,171.05,-42.75,122.51,-28.38
BTC-USDT-SWAP,reversal,1D,0.001,0.006,0.025,1,0.0,10.0,148.0,110.75,-25.17,318,267,51,83.96,83.89,0.987,-1.373,551,378.35,155.64,165.99,-56.13,110.75,-33.28
BTC-USDT-SWAP,reversal,1D,0.001,0.006,0.03,1,0.0,10.0,148.0,172.02,16.23,318,271,47,85.22,76.51,1.008,0.885,551,352.8,138.38,277.04,-21.47,172.02,-37.91
BTC-USDT-SWAP,reversal,1D,0.001,0.008,0.01,1,0.0,10.0,148.0,96.72,-34.65,318,211,107,66.35,90.53,0.986,-1.89,551,361.8,144.46,143.39,-60.37,96.72,-32.55
BTC-USDT-SWAP,reversal,1D,0.001,0.008,0.015,1,0.0,10.0,148.0,25.44,-82.81,318,221,97,69.5,94.61,0.93,-4.517,551,225.87,52.61,41.72,-81.53,25.44,-39.02
BTC-USDT-SWAP,reversal,1D,0.001,0.008,0.02,1,0.0,10.0,148.0,4.24,-97.13,318,227,91,71.38,98.0,0.87,-5.298,551,138.3,-6.56,7.92,-94.28,4.24,-46.39
BTC-USDT-SWAP,reversal,1D,0.001,0.008,0.025,1,0.0,10.0,148.0,6.6,-95.54,318,234,84,73.58,97.48,0.908,-5.211,551,223.9,51.29,11.88,-94.69,6.6,-44.47
BTC-USDT-SWAP,reversal,1D,0.001,0.008,0.03,1,0.0,10.0,148.0,8.58,-94.2,318,239,79,75.16,97.66,0.919,-5.138,551,237.47,60.46,16.6,-93.01,8.58,-48.32
BTC-USDT-SWAP,reversal,1D,0.001,0.01,0.01,1,0.0,10.0,148.0,45.65,-69.15,318,188,130,59.12,92.85,0.964,-3.772,551,342.5,131.42,67.68,-80.24,45.65,-32.55
BTC-USDT-SWAP,reversal,1D,0.001,0.01,0.015,1,0.0,10.0,148.0,12.07,-91.84,318,201,117,63.21,96.61,0.925,-5.01,551,356.52,140.89,19.8,-94.45,12.07,-39.02
BTC-USDT-SWAP,reversal,1D,0.001,0.01,0.02,1,0.0,10.0,148.0,1.04,-99.3,318,207,111,65.09,99.47,0.861,-5.416,551,191.43,29.34,1.95,-98.98,1.04,-46.39
BTC-USDT-SWAP,reversal,1D,0.001,0.01,0.025,1,0.0,10.0,148.0,1.24,-99.16,318,215,103,67.61,99.58,0.897,-5.409,551,295.83,99.89,2.23,-99.25,1.24,-44.47
BTC-USDT-SWAP,reversal,1D,0.001,0.01,0.03,1,0.0,10.0,148.0,2.33,-98.43,318,220,98,69.18,99.52,0.924,-5.369,551,349.45,136.11,4.5,-98.71,2.33,-48.32
BTC-USDT-SWAP,reversal,1D,0.001,0.015,0.01,1,0.0,10.0,148.0,0.13,-99.91,318,138,180,43.4,99.91,0.639,-5.45,551,22.74,-84.63,0.19,-99.16,0.13,-32.55
BTC-USDT-SWAP,reversal,1D,0.001,0.015,0.015,1,0.0,10.0,148.0,0.03,-99.98,318,156,162,49.06,99.98,0.707,-5.453,551,70.3,-52.5,0.06,-99.92,0.03,-39.02
BTC-USDT-SWAP,reversal,1D,0.001,0.015,0.02,1,0.0,10.0,148.0,0.0,-100.0,318,163,155,51.26,100.0,0.668,-5.454,551,40.44,-72.68,0.0,-99.99,0.0,-46.39
BTC-USDT-SWAP,reversal,1D,0.001,0.015,0.025,1,0.0,10.0,148.0,0.01,-100.0,318,173,145,54.4,100.0,0.789,-5.454,551,102.38,-30.82,0.01,-99.99,0.01,-44.47
BTC-USDT-SWAP,reversal,1D,0.001,0.015,0.03,1,0.0,10.0,148.0,0.0,-100.0,318,177,141,55.66,100.0,0.831,-5.454,551,106.48,-28.05,0.01,-99.99,0.0,-48.32
BTC-USDT-SWAP,reversal,1D,0.001,0.02,0.01,1,0.0,10.0,148.0,0.02,-99.99,318,120,198,37.74,99.99,0.601,-5.454,551,10.92,-92.62,0.02,-99.77,0.02,-32.55
BTC-USDT-SWAP,reversal,1D,0.001,0.02,0.015,1,0.0,10.0,148.0,0.0,-100.0,318,138,180,43.4,100.0,0.655,-5.454,551,32.13,-78.29,0.0,-99.99,0.0,-39.02
BTC-USDT-SWAP,reversal,1D,0.001,0.02,0.02,1,0.0,10.0,148.0,0.0,-100.0,318,146,172,45.91,100.0,0.65,-5.455,551,14.47,-90.22,0.0,-100.0,0.0,-46.39
BTC-USDT-SWAP,reversal,1D,0.001,0.02,0.025,1,0.0,10.0,148.0,0.0,-100.0,318,155,163,48.74,100.0,0.766,-5.455,551,32.43,-78.09,0.0,-100.0,0.0,-44.47
BTC-USDT-SWAP,reversal,1D,0.001,0.02,0.03,1,0.0,10.0,148.0,0.0,-100.0,318,159,159,50.0,100.0,0.823,-5.455,551,26.32,-82.22,0.0,-100.0,0.0,-48.32
BTC-USDT-SWAP,reversal,1D,0.001,0.03,0.01,1,0.0,10.0,148.0,0.0,-100.0,318,103,215,32.39,100.0,0.431,-5.455,551,1.83,-98.76,0.0,-99.94,0.0,-32.55
BTC-USDT-SWAP,reversal,1D,0.001,0.03,0.015,1,0.0,10.0,148.0,0.0,-100.0,318,116,202,36.48,100.0,0.447,-5.455,551,0.93,-99.37,0.0,-100.0,0.0,-39.02
BTC-USDT-SWAP,reversal,1D,0.001,0.03,0.02,1,0.0,10.0,148.0,0.0,-100.0,318,124,194,38.99,100.0,0.45,-5.455,551,0.3,-99.8,0.0,-100.0,0.0,-46.39
BTC-USDT-SWAP,reversal,1D,0.001,0.03,0.025,1,0.0,10.0,148.0,0.0,-100.0,318,132,186,41.51,100.0,0.5,-5.455,551,0.39,-99.74,0.0,-100.0,0.0,-44.47
BTC-USDT-SWAP,reversal,1D,0.001,0.03,0.03,1,0.0,10.0,148.0,0.0,-100.0,318,136,182,42.77,100.0,0.635,-5.455,551,0.24,-99.84,0.0,-100.0,0.0,-48.32
BTC-USDT-SWAP,reversal,1D,0.002,0.006,0.01,1,0.0,10.0,148.0,139.51,-5.74,298,226,72,75.84,71.92,0.996,-0.313,551,189.23,27.86,207.53,9.67,139.51,-32.78
BTC-USDT-SWAP,reversal,1D,0.002,0.006,0.015,1,0.0,10.0,148.0,117.22,-20.79,298,238,60,79.87,75.41,0.985,-1.134,551,233.88,58.03,151.48,-35.23,117.22,-22.61
BTC-USDT-SWAP,reversal,1D,0.002,0.006,0.02,1,0.0,10.0,148.0,78.89,-46.7,298,245,53,82.21,79.35,0.966,-2.547,551,226.07,52.75,108.92,-51.82,78.89,-27.57
BTC-USDT-SWAP,reversal,1D,0.002,0.006,0.025,1,0.0,10.0,148.0,195.61,32.17,298,252,46,84.56,70.28,1.014,1.755,551,431.3,191.42,289.94,-32.78,195.61,-32.53
BTC-USDT-SWAP,reversal,1D,0.002,0.006,0.03,1,0.0,10.0,148.0,229.34,54.96,298,254,44,85.23,71.21,1.026,2.998,551,287.81,94.47,365.25,26.91,229.34,-37.21
BTC-USDT-SWAP,reversal,1D,0.002,0.008,0.01,1,0.0,10.0,148.0,48.27,-67.38,298,194,104,65.1,85.38,0.943,-3.676,551,219.93,48.6,71.81,-67.35,48.27,-32.78
BTC-USDT-SWAP,reversal,1D,0.002,0.008,0.015,1,0.0,10.0,148.0,11.78,-92.04,298,204,94,68.46,95.37,0.902,-5.02,551,254.23,71.78,19.1,-92.49,11.78,-38.33
BTC-USDT-SWAP,reversal,1D,0.002,0.008,0.02,1,0.0,10.0,148.0,3.63,-97.55,298,212,86,71.14,98.73,0.873,-5.321,551,131.14,-11.39,6.7,-94.89,3.63,-45.78
BTC-USDT-SWAP,reversal,1D,0.002,0.008,0.025,1,0.0,10.0,148.0,19.19,-87.03,298,221,77,74.16,97.42,0.942,-4.747,551,318.78,115.39,33.77,-89.41,19.19,-43.18
BTC-USDT-SWAP,reversal,1D,0.002,0.008,0.03,1,0.0,10.0,148.0,33.11,-77.63,298,224,74,75.17,96.48,0.951,-4.234,551,259.12,75.08,62.62,-75.83,33.11,-47.12
BTC-USDT-SWAP,reversal,1D,0.002,0.01,0.01,1,0.0,10.0,148.0,25.96,-82.46,298,173,125,58.05,93.52,0.947,-4.498,551,316.33,113.74,38.62,-87.79,25.96,-32.78
BTC-USDT-SWAP,reversal,1D,0.002,0.01,0.015,1,0.0,10.0,148.0,4.09,-97.24,298,184,114,61.74,98.38,0.877,-5.304,551,252.04,70.3,6.64,-97.37,4.09,-38.33
BTC-USDT-SWAP,reversal,1D,0.002,0.01,0.02,1,0.0,10.0,148.0,0.34,-99.77,298,190,108,63.76,99.8,0.796,-5.442,551,97.59,-34.06,0.63,-99.36,0.34,-45.78
BTC-USDT-SWAP,reversal,1D,0.002,0.01,0.025,1,0.0,10.0,148.0,2.22,-98.5,298,201,97,67.45,99.47,0.917,-5.373,551,315.68,113.3,3.91,-98.76,2.22,-43.18
BTC-USDT-SWAP,reversal,1D,0.002,0.01,0.03,1,0.0,10.0,148.0,3.77,-97.45,298,204,94,68.46,99.28,0.91,-5.316,551,227.23,53.54,7.13,-96.86,3.77,-47.12
BTC-USDT-SWAP,reversal,1D,0.002,0.015,0.01,1,0.0,10.0,148.0,0.19,-99.87,298,127,171,42.62,99.87,0.65,-5.448,551,24.94,-83.15,0.28,-98.86,0.19,-32.78
BTC-USDT-SWAP,reversal,1D,0.002,0.015,0.015,1,0.0,10.0,148.0,0.04,-99.97,298,143,155,47.99,99.97,0.632,-5.453,551,56.75,-61.65,0.06,-99.89,0.04,-38.33
BTC-USDT-SWAP,reversal,1D,0.002,0.015,0.02,1,0.0,10.0,148.0,0.0,-100.0,298,150,148,50.34,100.0,0.567,-5.454,551,18.54,-87.47,0.01,-99.97,0.0,-45.78
BTC-USDT-SWAP,reversal,1D,0.002,0.015,0.025,1,0.0,10.0,148.0,0.03,-99.98,298,162,136,54.36,99.99,0.817,-5.453,551,86.59,-41.5,0.06,-99.94,0.03,-43.18
BTC-USDT-SWAP,reversal,1D,0.002,0.015,0.03,1,0.0,10.0,148.0,0.01,-99.99,298,164,134,55.03,99.99,0.79,-5.454,551,52.66,-64.42,0.03,-99.95,0.01,-47.12
BTC-USDT-SWAP,reversal,1D,0.002,0.02,0.01,1,0.0,10.0,148.0,0.02,-99.99,298,111,187,37.25,99.99,0.63,-5.454,551,23.41,-84.19,0.03,-99.86,0.02,-32.78
BTC-USDT-SWAP,reversal,1D,0.002,0.02,0.015,1,0.0,10.0,148.0,0.0,-100.0,298,127,171,42.62,100.0,0.604,-5.454,551,47.11,-68.17,0.01,-99.99,0.0,-38.33
BTC-USDT-SWAP,reversal,1D,0.002,0.02,0.02,1,0.0,10.0,148.0,0.0,-100.0,298,135,163,45.3,100.0,0.575,-5.455,551,19.81,-86.62,0.0,-100.0,0.0,-45.78
BTC-USDT-SWAP,reversal,1D,0.002,0.02,0.025,1,0.0,10.0,148.0,0.0,-100.0,298,145,153,48.66,100.0,0.831,-5.454,551,105.97,-28.4,0.0,-100.0,0.0,-43.18
BTC-USDT-SWAP,reversal,1D,0.002,0.02,0.03,1,0.0,10.0,148.0,0.0,-100.0,298,147,151,49.33,100.0,0.804,-5.455,551,58.37,-60.56,0.0,-100.0,0.0,-47.12
BTC-USDT-SWAP,reversal,1D,0.002,0.03,0.01,1,0.0,10.0,148.0,0.0,-100.0,298,95,203,31.88,100.0,0.537,-5.455,551,3.18,-97.85,0.0,-99.95,0.0,-32.78
BTC-USDT-SWAP,reversal,1D,0.002,0.03,0.015,1,0.0,10.0,148.0,0.0,-100.0,298,108,190,36.24,100.0,0.446,-5.455,551,1.73,-98.83,0.0,-100.0,0.0,-38.33
BTC-USDT-SWAP,reversal,1D,0.002,0.03,0.02,1,0.0,10.0,148.0,0.0,-100.0,298,117,181,39.26,100.0,0.442,-5.455,551,0.71,-99.52,0.0,-100.0,0.0,-45.78
BTC-USDT-SWAP,reversal,1D,0.002,0.03,0.025,1,0.0,10.0,148.0,0.0,-100.0,298,127,171,42.62,100.0,0.694,-5.455,551,2.37,-98.4,0.0,-100.0,0.0,-43.18
BTC-USDT-SWAP,reversal,1D,0.002,0.03,0.03,1,0.0,10.0,148.0,0.0,-100.0,298,129,169,43.29,100.0,0.656,-5.455,551,0.89,-99.4,0.0,-100.0,0.0,-47.12
BTC-USDT-SWAP,reversal,1D,0.003,0.006,0.01,1,0.0,10.0,148.0,1203.85,713.41,282,226,56,80.14,44.08,1.272,38.914,551,360.02,143.26,1442.48,300.67,1203.85,-16.54
BTC-USDT-SWAP,reversal,1D,0.003,0.006,0.015,1,0.0,10.0,148.0,1284.95,768.21,282,237,45,84.04,52.73,1.426,41.902,551,344.13,132.52,1302.09,278.37,1284.95,-1.32
BTC-USDT-SWAP,reversal,1D,0.003,0.006,0.02,1,0.0,10.0,148.0,1084.79,632.97,282,243,39,86.17,48.72,1.274,34.525,551,490.62,231.5,1099.26,124.06,1084.79,-1.32
BTC-USDT-SWAP,reversal,1D,0.003,0.006,0.025,1,0.0,10.0,148.0,2451.42,1556.36,282,248,34,87.94,45.38,1.353,84.893,551,869.97,487.82,2484.12,185.54,2451.42,-1.32
BTC-USDT-SWAP,reversal,1D,0.003,0.006,0.03,1,0.0,10.0,148.0,1650.93,1015.5,282,249,33,88.3,53.39,1.284,55.391,551,653.81,341.77,1672.96,155.88,1650.93,-1.32
BTC-USDT-SWAP,reversal,1D,0.003,0.008,0.01,1,0.0,10.0,148.0,594.02,301.36,282,198,84,70.21,59.52,1.083,16.438,551,350.91,137.1,844.05,140.53,594.02,-29.62
BTC-USDT-SWAP,reversal,1D,0.003,0.008,0.015,1,0.0,10.0,148.0,241.61,63.25,282,209,73,74.11,76.6,1.033,3.45,551,304.97,106.06,303.17,-0.59,241.61,-20.3
BTC-USDT-SWAP,reversal,1D,0.003,0.008,0.02,1,0.0,10.0,148.0,89.19,-39.73,282,215,67,76.24,84.38,0.972,-2.167,551,213.08,43.98,119.15,-44.08,89.19,-25.14
BTC-USDT-SWAP,reversal,1D,0.003,0.008,0.025,1,0.0,10.0,148.0,373.74,152.53,282,222,60,78.72,80.07,1.067,8.32,551,251.1,69.66,535.95,113.44,373.74,-30.27
BTC-USDT-SWAP,reversal,1D,0.003,0.008,0.03,1,0.0,10.0,148.0,324.54,119.28,282,224,58,79.43,86.45,1.06,6.506,551,176.78,19.45,428.86,142.6,324.54,-24.33
BTC-USDT-SWAP,reversal,1D,0.003,0.01,0.01,1,0.0,10.0,148.0,59.4,-59.87,282,168,114,59.57,92.08,0.969,-3.265,551,374.4,152.97,84.4,-77.46,59.4,-29.62
BTC-USDT-SWAP,reversal,1D,0.003,0.01,0.015,1,0.0,10.0,148.0,8.9,-93.99,282,178,104,63.12,96.66,0.875,-5.127,551,201.82,36.36,14.27,-92.93,8.9,-37.65
BTC-USDT-SWAP,reversal,1D,0.003,0.01,0.02,1,0.0,10.0,148.0,1.54,-98.96,282,185,97,65.6,98.96,0.799,-5.398,551,98.0,-33.79,2.81,-97.13,1.54,-45.18
BTC-USDT-SWAP,reversal,1D,0.003,0.01,0.025,1,0.0,10.0,148.0,16.97,-88.53,282,196,86,69.5,97.91,0.931,-4.829,551,264.24,78.54,29.11,-88.98,16.97,-41.69
BTC-USDT-SWAP,reversal,1D,0.003,0.01,0.03,1,0.0,10.0,148.0,11.53,-92.21,282,198,84,70.21,98.72,0.915,-5.03,551,191.75,29.56,18.22,-90.5,11.53,-36.72
BTC-USDT-SWAP,reversal,1D,0.003,0.015,0.01,1,0.0,10.0,148.0,1.0,-99.32,282,127,155,45.04,99.32,0.724,-5.418,551,66.65,-54.97,1.42,-97.86,1.0,-29.62
BTC-USDT-SWAP,reversal,1D,0.003,0.015,0.015,1,0.0,10.0,148.0,0.1,-99.94,282,139,143,49.29,99.94,0.663,-5.451,551,67.83,-54.17,0.15,-99.78,0.1,-37.65
BTC-USDT-SWAP,reversal,1D,0.003,0.015,0.02,1,0.0,10.0,148.0,0.02,-99.99,282,148,134,52.48,99.99,0.595,-5.454,551,32.46,-78.07,0.04,-99.89,0.02,-45.18
BTC-USDT-SWAP,reversal,1D,0.003,0.015,0.025,1,0.0,10.0,148.0,0.23,-99.85,282,159,123,56.38,99.94,0.803,-5.446,551,79.99,-45.95,0.39,-99.51,0.23,-41.69
BTC-USDT-SWAP,reversal,1D,0.003,0.015,0.03,1,0.0,10.0,148.0,0.16,-99.89,282,162,120,57.45,99.96,0.812,-5.449,551,81.42,-44.99,0.26,-99.69,0.16,-36.72
BTC-USDT-SWAP,reversal,1D,0.003,0.02,0.01,1,0.0,10.0,148.0,0.15,-99.9,282,110,172,39.01,99.9,0.744,-5.449,551,83.41,-43.64,0.21,-99.74,0.15,-29.62
BTC-USDT-SWAP,reversal,1D,0.003,0.02,0.015,1,0.0,10.0,148.0,0.01,-99.99,282,122,160,43.26,99.99,0.681,-5.454,551,65.6,-55.68,0.02,-99.97,0.01,-37.65
BTC-USDT-SWAP,reversal,1D,0.003,0.02,0.02,1,0.0,10.0,148.0,0.0,-100.0,282,131,151,46.45,100.0,0.667,-5.454,551,48.99,-66.9,0.0,-99.99,0.0,-45.18
BTC-USDT-SWAP,reversal,1D,0.003,0.02,0.025,1,0.0,10.0,148.0,0.02,-99.98,282,142,140,50.35,100.0,0.86,-5.454,551,127.89,-13.59,0.04,-99.97,0.02,-41.69
BTC-USDT-SWAP,reversal,1D,0.003,0.02,0.03,1,0.0,10.0,148.0,0.01,-99.99,282,144,138,51.06,100.0,0.871,-5.454,551,132.25,-10.64,0.01,-99.99,0.01,-36.72
BTC-USDT-SWAP,reversal,1D,0.003,0.03,0.01,1,0.0,10.0,148.0,0.0,-100.0,282,90,192,31.91,100.0,0.465,-5.454,551,4.02,-97.28,0.0,-99.95,0.0,-29.62
BTC-USDT-SWAP,reversal,1D,0.003,0.03,0.015,1,0.0,10.0,148.0,0.0,-100.0,282,103,179,36.52,100.0,0.423,-5.455,551,1.54,-98.96,0.0,-99.99,0.0,-37.65
BTC-USDT-SWAP,reversal,1D,0.003,0.03,0.02,1,0.0,10.0,148.0,0.0,-100.0,282,113,169,40.07,100.0,0.428,-5.455,551,1.51,-98.98,0.0,-100.0,0.0,-45.18
BTC-USDT-SWAP,reversal,1D,0.003,0.03,0.025,1,0.0,10.0,148.0,0.0,-100.0,282,123,159,43.62,100.0,0.663,-5.455,551,1.91,-98.71,0.0,-99.99,0.0,-41.69
BTC-USDT-SWAP,reversal,1D,0.003,0.03,0.03,1,0.0,10.0,148.0,0.0,-100.0,282,125,157,44.33,100.0,0.634,-5.455,551,1.2,-99.19,0.0,-100.0,0.0,-36.72
BTC-USDT-SWAP,reversal,1D,0.005,0.006,0.01,1,0.0,10.0,148.0,2014.03,1260.83,257,211,46,82.1,51.26,1.793,68.773,551,281.37,90.12,1795.65,538.17,2014.03,12.16
BTC-USDT-SWAP,reversal,1D,0.005,0.006,0.015,1,0.0,10.0,148.0,4377.68,2857.89,257,223,34,86.77,46.56,1.932,155.885,551,422.19,185.26,3903.0,824.46,4377.68,12.16
BTC-USDT-SWAP,reversal,1D,0.005,0.006,0.02,1,0.0,10.0,148.0,2999.37,1926.6,257,226,31,87.94,53.5,1.658,105.087,551,331.89,124.25,2674.14,705.73,2999.37,12.16
BTC-USDT-SWAP,reversal,1D,0.005,0.006,0.025,1,0.0,10.0,148.0,10294.76,6855.92,257,231,26,89.88,37.78,2.596,373.959,551,488.3,229.93,9178.48,1779.68,10294.76,12.16
BTC-USDT-SWAP,reversal,1D,0.005,0.006,0.03,1,0.0,10.0,148.0,8745.84,5809.35,257,232,25,90.27,37.78,2.233,316.874,551,635.75,329.56,7797.51,1126.51,8745.84,12.16
BTC-USDT-SWAP,reversal,1D,0.005,0.008,0.01,1,0.0,10.0,148.0,2112.77,1327.55,257,189,68,73.54,57.3,1.46,72.412,551,378.32,155.62,2016.71,433.06,2112.77,4.76
BTC-USDT-SWAP,reversal,1D,0.005,0.008,0.015,1,0.0,10.0,148.0,2054.15,1287.94,257,200,57,77.82,64.89,1.411,70.251,551,468.45,216.52,1960.75,318.56,2054.15,4.76
BTC-USDT-SWAP,reversal,1D,0.005,0.008,0.02,1,0.0,10.0,148.0,1125.73,660.63,257,205,52,79.77,59.5,1.274,36.034,551,361.39,144.18,1074.55,197.34,1125.73,4.76
BTC-USDT-SWAP,reversal,1D,0.005,0.008,0.025,1,0.0,10.0,148.0,3618.54,2344.96,257,211,46,82.1,61.57,1.507,127.907,551,658.21,344.74,3454.02,424.76,3618.54,4.76
BTC-USDT-SWAP,reversal,1D,0.005,0.008,0.03,1,0.0,10.0,148.0,2457.34,1560.36,257,212,45,82.49,68.72,1.403,85.111,551,753.6,409.19,2345.61,211.26,2457.34,4.76
BTC-USDT-SWAP,reversal,1D,0.005,0.01,0.01,1,0.0,10.0,148.0,486.34,228.61,257,165,92,64.2,61.79,1.108,12.47,551,297.8,101.21,550.68,84.92,486.34,-11.68
BTC-USDT-SWAP,reversal,1D,0.005,0.01,0.015,1,0.0,10.0,148.0,179.1,21.01,257,175,82,68.09,79.25,1.014,1.146,551,170.06,14.91,215.84,26.92,179.1,-17.02
BTC-USDT-SWAP,reversal,1D,0.005,0.01,0.02,1,0.0,10.0,148.0,70.9,-52.09,257,180,77,70.04,87.61,0.94,-2.841,551,74.63,-49.57,91.32,22.35,70.9,-22.36
BTC-USDT-SWAP,reversal,1D,0.005,0.01,0.025,1,0.0,10.0,148.0,179.96,21.59,257,187,70,72.76,93.21,1.016,1.178,551,84.08,-43.19,247.85,194.76,179.96,-27.39
BTC-USDT-SWAP,reversal,1D,0.005,0.01,0.03,1,0.0,10.0,148.0,195.09,31.82,257,189,68,73.54,93.46,1.023,1.735,551,108.7,-26.55,241.34,122.03,195.09,-19.16
BTC-USDT-SWAP,reversal,1D,0.005,0.015,0.01,1,0.0,10.0,148.0,20.33,-86.26,257,129,128,50.19,93.17,0.873,-4.705,551,136.57,-7.73,28.27,-79.3,20.33,-28.08
BTC-USDT-SWAP,reversal,1D,0.005,0.015,0.015,1,0.0,10.0,148.0,1.47,-99.01,257,137,120,53.31,99.25,0.784,-5.4,551,62.45,-57.81,2.31,-96.31,1.47,-36.28
BTC-USDT-SWAP,reversal,1D,0.005,0.015,0.02,1,0.0,10.0,148.0,0.63,-99.57,257,144,113,56.03,99.62,0.675,-5.431,551,31.64,-78.62,0.97,-96.94,0.63,-34.84
BTC-USDT-SWAP,reversal,1D,0.005,0.015,0.025,1,0.0,10.0,148.0,2.4,-98.38,257,153,104,59.53,99.77,0.837,-5.366,551,50.86,-65.64,3.93,-92.26,2.4,-39.06
BTC-USDT-SWAP,reversal,1D,0.005,0.015,0.03,1,0.0,10.0,148.0,2.89,-98.05,257,156,101,60.7,99.88,0.9,-5.348,551,89.54,-39.5,4.26,-95.24,2.89,-32.16
BTC-USDT-SWAP,reversal,1D,0.005,0.02,0.01,1,0.0,10.0,148.0,1.37,-99.07,257,110,147,42.8,99.19,0.83,-5.404,551,147.92,-0.05,1.91,-98.71,1.37,-28.08
BTC-USDT-SWAP,reversal,1D,0.005,0.02,0.015,1,0.0,10.0,148.0,0.09,-99.94,257,119,138,46.3,99.95,0.797,-5.451,551,84.22,-43.1,0.15,-99.83,0.09,-36.28
BTC-USDT-SWAP,reversal,1D,0.005,0.02,0.02,1,0.0,10.0,148.0,0.04,-99.97,257,127,130,49.42,99.97,0.708,-5.453,551,48.43,-67.27,0.06,-99.87,0.04,-34.84
BTC-USDT-SWAP,reversal,1D,0.005,0.02,0.025,1,0.0,10.0,148.0,0.09,-99.94,257,135,122,52.53,99.99,0.874,-5.451,551,92.64,-37.41,0.15,-99.84,0.09,-39.06
BTC-USDT-SWAP,reversal,1D,0.005,0.02,0.03,1,0.0,10.0,148.0,0.23,-99.84,257,140,117,54.47,99.99,0.934,-5.446,551,185.86,25.58,0.35,-99.81,0.23,-32.16
BTC-USDT-SWAP,reversal,1D,0.005,0.03,0.01,1,0.0,10.0,148.0,0.02,-99.98,257,92,165,35.8,99.98,0.577,-5.454,551,14.31,-90.33,0.03,-99.77,0.02,-28.08
BTC-USDT-SWAP,reversal,1D,0.005,0.03,0.015,1,0.0,10.0,148.0,0.0,-100.0,257,102,155,39.69,100.0,0.553,-5.454,551,7.17,-95.16,0.0,-99.97,0.0,-36.28
BTC-USDT-SWAP,reversal,1D,0.005,0.03,0.02,1,0.0,10.0,148.0,0.0,-100.0,257,108,149,42.02,100.0,0.465,-5.455,551,4.27,-97.11,0.0,-99.99,0.0,-34.84
BTC-USDT-SWAP,reversal,1D,0.005,0.03,0.025,1,0.0,10.0,148.0,0.0,-100.0,257,116,141,45.14,100.0,0.692,-5.455,551,4.76,-96.78,0.0,-99.98,0.0,-39.06
BTC-USDT-SWAP,reversal,1D,0.005,0.03,0.03,1,0.0,10.0,148.0,0.0,-100.0,257,121,136,47.08,100.0,0.75,-5.455,551,6.45,-95.64,0.0,-99.97,0.0,-32.16
BTC-USDT-SWAP,reversal,1D,0.007,0.006,0.01,1,0.0,10.0,148.0,108.19,-26.9,226,169,57,74.78,69.52,0.961,-1.467,551,213.32,44.13,113.99,-46.56,108.19,-5.09
BTC-USDT-SWAP,reversal,1D,0.007,0.006,0.015,1,0.0,10.0,148.0,589.09,298.03,226,187,39,82.74,62.58,1.126,16.256,551,502.84,239.75,662.89,31.83,589.09,-11.13
BTC-USDT-SWAP,reversal,1D,0.007,0.006,0.02,1,0.0,10.0,148.0,2000.01,1251.36,226,197,29,87.17,67.84,1.387,68.256,551,724.05,389.22,2395.96,230.91,2000.01,-16.53
BTC-USDT-SWAP,reversal,1D,0.007,0.006,0.025,1,0.0,10.0,148.0,1819.35,1129.29,226,198,28,87.61,62.45,1.332,61.598,551,623.86,321.53,2339.75,275.04,1819.35,-22.24
BTC-USDT-SWAP,reversal,1D,0.007,0.006,0.03,1,0.0,10.0,148.0,19577.58,13128.09,226,205,21,90.71,43.11,2.174,716.078,551,1171.98,691.88,21079.07,1698.59,19577.58,-7.12
BTC-USDT-SWAP,reversal,1D,0.007,0.008,0.01,1,0.0,10.0,148.0,110.47,-25.36,226,151,75,66.81,84.88,0.977,-1.383,551,328.2,121.76,112.04,-65.86,110.47,-1.4
BTC-USDT-SWAP,reversal,1D,0.007,0.008,0.015,1,0.0,10.0,148.0,343.37,132.01,226,168,58,74.34,85.45,1.05,7.2,551,553.85,274.22,371.92,-32.85,343.37,-7.68
BTC-USDT-SWAP,reversal,1D,0.007,0.008,0.02,1,0.0,10.0,148.0,883.03,496.64,226,178,48,78.76,89.52,1.116,27.09,551,1040.23,602.86,1018.25,-2.11,883.03,-13.28
BTC-USDT-SWAP,reversal,1D,0.007,0.008,0.025,1,0.0,10.0,148.0,1146.58,674.72,226,181,45,80.09,81.31,1.177,36.803,551,784.66,430.17,1419.35,80.89,1146.58,-19.22
BTC-USDT-SWAP,reversal,1D,0.007,0.008,0.03,1,0.0,10.0,148.0,12519.9,8359.39,226,189,37,83.63,75.42,1.614,455.967,551,2073.47,1300.99,13545.27,553.27,12519.9,-7.57
BTC-USDT-SWAP,reversal,1D,0.007,0.01,0.01,1,0.0,10.0,148.0,29.02,-80.39,226,131,95,57.96,88.9,0.908,-4.385,551,254.71,72.1,32.06,-87.41,29.02,-9.49
BTC-USDT-SWAP,reversal,1D,0.007,0.01,0.015,1,0.0,10.0,148.0,50.35,-65.98,226,147,79,65.04,87.08,0.947,-3.599,551,261.32,76.57,59.41,-77.27,50.35,-15.25
BTC-USDT-SWAP,reversal,1D,0.007,0.01,0.02,1,0.0,10.0,148.0,132.95,-10.17,226,159,67,70.35,91.08,0.996,-0.555,551,638.51,331.42,167.01,-73.84,132.95,-20.39
BTC-USDT-SWAP,reversal,1D,0.007,0.01,0.025,1,0.0,10.0,148.0,128.23,-13.36,226,162,64,71.68,90.9,0.993,-0.729,551,418.61,182.84,172.92,-58.69,128.23,-25.85
BTC-USDT-SWAP,reversal,1D,0.007,0.01,0.03,1,0.0,10.0,148.0,861.77,482.27,226,167,59,73.89,76.36,1.135,26.306,551,939.88,535.05,1018.21,8.33,861.77,-15.36
BTC-USDT-SWAP,reversal,1D,0.007,0.015,0.01,1,0.0,10.0,148.0,0.85,-99.43,226,95,131,42.04,99.51,0.804,-5.423,551,103.74,-29.91,1.15,-98.89,0.85,-26.3
BTC-USDT-SWAP,reversal,1D,0.007,0.015,0.015,1,0.0,10.0,148.0,0.09,-99.94,226,104,122,46.02,99.94,0.71,-5.451,551,33.01,-77.7,0.14,-99.58,0.09,-34.92
BTC-USDT-SWAP,reversal,1D,0.007,0.015,0.02,1,0.0,10.0,148.0,0.8,-99.46,226,120,106,53.1,99.88,0.874,-5.425,551,95.25,-35.64,1.16,-98.78,0.8,-31.71
BTC-USDT-SWAP,reversal,1D,0.007,0.015,0.025,1,0.0,10.0,148.0,0.67,-99.55,226,124,102,54.87,99.93,0.856,-5.43,551,52.81,-64.32,1.05,-98.02,0.67,-36.39
BTC-USDT-SWAP,reversal,1D,0.007,0.015,0.03,1,0.0,10.0,148.0,5.8,-96.08,226,130,96,57.52,99.6,0.909,-5.241,551,173.35,17.13,7.98,-95.4,5.8,-27.39
BTC-USDT-SWAP,reversal,1D,0.007,0.02,0.01,1,0.0,10.0,148.0,0.29,-99.8,226,83,143,36.73,99.85,0.771,-5.444,551,76.04,-48.62,0.4,-99.48,0.29,-26.3
BTC-USDT-SWAP,reversal,1D,0.007,0.02,0.015,1,0.0,10.0,148.0,0.04,-99.97,226,92,134,40.71,99.98,0.727,-5.453,551,30.82,-79.18,0.06,-99.81,0.04,-34.92
BTC-USDT-SWAP,reversal,1D,0.007,0.02,0.02,1,0.0,10.0,148.0,0.46,-99.69,226,108,118,47.79,99.95,0.902,-5.438,551,103.85,-29.83,0.67,-99.35,0.46,-31.71
BTC-USDT-SWAP,reversal,1D,0.007,0.02,0.025,1,0.0,10.0,148.0,0.18,-99.88,226,111,115,49.12,99.98,0.888,-5.448,551,56.27,-61.98,0.29,-99.49,0.18,-36.39
BTC-USDT-SWAP,reversal,1D,0.007,0.02,0.03,1,0.0,10.0,148.0,0.95,-99.36,226,116,110,51.33,99.94,0.925,-5.42,551,117.42,-20.66,1.31,-98.89,0.95,-27.39
BTC-USDT-SWAP,reversal,1D,0.007,0.03,0.01,1,0.0,10.0,148.0,0.01,-99.99,226,69,157,30.53,99.99,0.616,-5.454,551,11.01,-92.56,0.01,-99.87,0.01,-26.3
BTC-USDT-SWAP,reversal,1D,0.007,0.03,0.015,1,0.0,10.0,148.0,0.0,-100.0,226,79,147,34.96,100.0,0.635,-5.454,551,5.73,-96.13,0.0,-99.95,0.0,-34.92
BTC-USDT-SWAP,reversal,1D,0.007,0.03,0.02,1,0.0,10.0,148.0,0.01,-99.99,226,92,134,40.71,100.0,0.839,-5.454,551,17.87,-87.92,0.01,-99.93,0.01,-31.71
BTC-USDT-SWAP,reversal,1D,0.007,0.03,0.025,1,0.0,10.0,148.0,0.0,-100.0,226,95,131,42.04,100.0,0.814,-5.454,551,7.71,-94.79,0.0,-99.95,0.0,-36.39
BTC-USDT-SWAP,reversal,1D,0.007,0.03,0.03,1,0.0,10.0,148.0,0.02,-99.99,226,101,125,44.69,100.0,0.845,-5.454,551,13.61,-90.8,0.03,-99.81,0.02,-27.39
BTC-USDT-SWAP,reversal,1D,0.01,0.006,0.01,1,0.0,10.0,148.0,170.01,14.87,191,144,47,75.39,79.03,1.018,0.811,551,434.02,193.26,152.45,-64.87,170.01,11.52
BTC-USDT-SWAP,reversal,1D,0.01,0.006,0.015,1,0.0,10.0,148.0,133.26,-9.96,191,153,38,80.1,81.99,0.988,-0.543,551,400.97,170.93,119.5,-70.2,133.26,11.52
BTC-USDT-SWAP,reversal,1D,0.01,0.006,0.02,1,0.0,10.0,148.0,177.41,19.87,191,160,31,83.77,83.61,1.02,1.084,551,497.25,235.98,159.09,-68.01,177.41,11.52
BTC-USDT-SWAP,reversal,1D,0.01,0.006,0.025,1,0.0,10.0,148.0,414.11,179.81,191,165,26,86.39,70.38,1.114,9.808,551,769.43,419.88,371.35,-51.74,414.11,11.52
BTC-USDT-SWAP,reversal,1D,0.01,0.006,0.03,1,0.0,10.0,148.0,1548.73,946.44,191,170,21,89.01,60.93,1.509,51.624,551,1020.47,589.51,1388.8,36.09,1548.73,11.52
BTC-USDT-SWAP,reversal,1D,0.01,0.008,0.01,1,0.0,10.0,148.0,180.07,21.67,191,127,64,66.49,81.79,1.016,1.182,551,511.65,245.71,184.93,-63.86,180.07,-2.63
BTC-USDT-SWAP,reversal,1D,0.01,0.008,0.015,1,0.0,10.0,148.0,84.41,-42.97,191,135,56,70.68,86.68,0.956,-2.344,551,385.38,160.39,91.94,-76.14,84.41,-8.2
BTC-USDT-SWAP,reversal,1D,0.01,0.008,0.02,1,0.0,10.0,148.0,256.39,73.24,191,146,45,76.44,85.68,1.042,3.995,551,714.12,382.51,298.5,-58.2,256.39,-14.1
BTC-USDT-SWAP,reversal,1D,0.01,0.008,0.025,1,0.0,10.0,148.0,911.78,516.06,191,152,39,79.58,67.48,1.157,28.149,551,1129.33,663.06,959.4,-15.05,911.78,-4.96
BTC-USDT-SWAP,reversal,1D,0.01,0.008,0.03,1,0.0,10.0,148.0,2225.9,1403.99,191,156,35,81.68,57.83,1.484,76.581,551,907.95,513.48,2342.17,157.96,2225.9,-4.96
BTC-USDT-SWAP,reversal,1D,0.01,0.01,0.01,1,0.0,10.0,148.0,104.07,-29.68,191,112,79,58.64,92.01,0.98,-1.619,551,558.81,277.57,112.27,-79.91,104.07,-7.31
BTC-USDT-SWAP,reversal,1D,0.01,0.01,0.015,1,0.0,10.0,148.0,35.36,-76.11,191,120,71,62.83,94.28,0.915,-4.151,551,316.92,114.14,40.46,-87.23,35.36,-12.61
BTC-USDT-SWAP,reversal,1D,0.01,0.01,0.02,1,0.0,10.0,148.0,77.68,-47.52,191,130,61,68.06,95.98,0.972,-2.592,551,708.04,378.41,95.0,-86.58,77.68,-18.23
BTC-USDT-SWAP,reversal,1D,0.01,0.01,0.025,1,0.0,10.0,148.0,286.55,93.61,191,137,54,71.73,90.04,1.036,5.106,551,1087.69,634.93,316.74,-70.88,286.55,-9.53
BTC-USDT-SWAP,reversal,1D,0.01,0.01,0.03,1,0.0,10.0,148.0,692.2,367.7,191,141,50,73.82,80.49,1.158,20.056,551,814.33,450.22,765.12,-6.04,692.2,-9.53
BTC-USDT-SWAP,reversal,1D,0.01,0.015,0.01,1,0.0,10.0,148.0,2.58,-98.26,191,80,111,41.88,99.59,0.787,-5.359,551,91.48,-38.19,2.66,-97.09,2.58,-3.01
BTC-USDT-SWAP,reversal,1D,0.01,0.015,0.015,1,0.0,10.0,148.0,0.81,-99.45,191,91,100,47.64,99.82,0.708,-5.425,551,44.97,-69.61,0.88,-98.03,0.81,-8.55
BTC-USDT-SWAP,reversal,1D,0.01,0.015,0.02,1,0.0,10.0,148.0,1.91,-98.71,191,102,89,53.4,99.9,0.817,-5.384,551,52.6,-64.46,2.24,-95.75,1.91,-14.44
BTC-USDT-SWAP,reversal,1D,0.01,0.015,0.025,1,0.0,10.0,148.0,5.89,-96.02,191,109,82,57.07,99.69,0.855,-5.237,551,88.46,-40.23,6.23,-92.96,5.89,-5.33
BTC-USDT-SWAP,reversal,1D,0.01,0.015,0.03,1,0.0,10.0,148.0,8.35,-94.36,191,111,80,58.12,99.4,0.837,-5.147,551,66.28,-55.22,8.82,-86.69,8.35,-5.33
BTC-USDT-SWAP,reversal,1D,0.01,0.02,0.01,1,0.0,10.0,148.0,0.15,-99.9,191,63,128,32.98,99.9,0.615,-5.449,551,39.93,-73.02,0.2,-99.49,0.15,-24.52
BTC-USDT-SWAP,reversal,1D,0.01,0.02,0.015,1,0.0,10.0,148.0,0.06,-99.96,191,75,116,39.27,99.96,0.497,-5.452,551,17.74,-88.02,0.08,-99.53,0.06,-22.61
BTC-USDT-SWAP,reversal,1D,0.01,0.02,0.02,1,0.0,10.0,148.0,0.25,-99.83,191,87,104,45.55,99.96,0.735,-5.445,551,27.77,-81.24,0.34,-98.76,0.25,-27.59
BTC-USDT-SWAP,reversal,1D,0.01,0.02,0.025,1,0.0,10.0,148.0,0.53,-99.64,191,93,98,48.69,99.96,0.818,-5.435,551,43.42,-70.67,0.66,-98.49,0.53,-19.88
BTC-USDT-SWAP,reversal,1D,0.01,0.02,0.03,1,0.0,10.0,148.0,0.57,-99.62,191,95,96,49.74,99.93,0.777,-5.434,551,27.43,-81.46,0.71,-97.41,0.57,-19.88
BTC-USDT-SWAP,reversal,1D,0.01,0.03,0.01,1,0.0,10.0,148.0,0.06,-99.96,191,55,136,28.8,99.96,0.664,-5.452,551,35.53,-76.0,0.08,-99.76,0.06,-24.52
BTC-USDT-SWAP,reversal,1D,0.01,0.03,0.015,1,0.0,10.0,148.0,0.02,-99.99,191,66,125,34.55,99.99,0.569,-5.454,551,19.86,-86.58,0.03,-99.87,0.02,-22.61
BTC-USDT-SWAP,reversal,1D,0.01,0.03,0.02,1,0.0,10.0,148.0,0.05,-99.97,191,77,114,40.31,99.99,0.826,-5.453,551,37.68,-74.54,0.07,-99.82,0.05,-27.59
BTC-USDT-SWAP,reversal,1D,0.01,0.03,0.025,1,0.0,10.0,148.0,0.1,-99.93,191,83,108,43.46,99.99,0.887,-5.451,551,56.47,-61.85,0.13,-99.78,0.1,-19.88
BTC-USDT-SWAP,reversal,1D,0.01,0.03,0.03,1,0.0,10.0,148.0,0.09,-99.94,191,85,106,44.5,99.99,0.859,-5.451,551,36.05,-75.64,0.11,-99.69,0.09,-19.88
BTC-USDT-SWAP,fade,1D,0.001,0.006,0.01,1,0.0,10.0,148.0,187.4,26.62,430,329,101,76.51,65.99,1.012,1.452,551,263.78,78.23,277.83,5.33,187.4,-32.55
BTC-USDT-SWAP,fade,1D,0.001,0.006,0.015,1,0.0,10.0,148.0,327.51,121.29,430,349,81,81.16,82.73,1.022,6.616,551,569.77,284.98,427.97,-24.89,327.51,-23.47
BTC-USDT-SWAP,fade,1D,0.001,0.006,0.02,1,0.0,10.0,148.0,196.08,32.49,430,358,72,83.26,90.95,1.006,1.772,551,605.48,309.11,273.77,-54.78,196.08,-28.38
BTC-USDT-SWAP,fade,1D,0.001,0.006,0.025,1,0.0,10.0,148.0,212.6,43.65,430,362,68,84.19,91.43,1.006,2.381,551,956.47,546.27,318.66,-66.68,212.6,-33.28
BTC-USDT-SWAP,fade,1D,0.001,0.006,0.03,1,0.0,10.0,148.0,244.8,65.41,430,366,64,85.12,91.2,1.009,3.568,551,830.55,461.18,394.26,-52.53,244.8,-37.91
BTC-USDT-SWAP,fade,1D,0.001,0.008,0.01,1,0.0,10.0,148.0,54.19,-63.39,430,284,146,66.05,94.83,0.981,-3.457,551,398.9,169.52,80.34,-79.86,54.19,-32.55
BTC-USDT-SWAP,fade,1D,0.001,0.008,0.015,1,0.0,10.0,148.0,14.54,-90.17,430,300,130,69.77,98.04,0.963,-4.919,551,372.81,151.9,23.84,-93.6,14.54,-39.02
BTC-USDT-SWAP,fade,1D,0.001,0.008,0.02,1,0.0,10.0,148.0,2.43,-98.36,430,309,121,71.86,99.58,0.941,-5.365,551,254.44,71.92,4.53,-98.22,2.43,-46.39
BTC-USDT-SWAP,fade,1D,0.001,0.008,0.025,1,0.0,10.0,148.0,3.62,-97.55,430,317,113,73.72,99.61,0.964,-5.321,551,490.08,231.14,6.52,-98.67,3.62,-44.47
BTC-USDT-SWAP,fade,1D,0.001,0.008,0.03,1,0.0,10.0,148.0,4.74,-96.8,430,322,108,74.88,99.41,0.963,-5.28,551,450.75,204.56,9.17,-97.96,4.74,-48.32
BTC-USDT-SWAP,fade,1D,0.001,0.01,0.01,1,0.0,10.0,148.0,13.85,-90.64,430,252,178,58.6,97.8,0.962,-4.944,551,331.37,123.9,20.53,-93.8,13.85,-32.55
BTC-USDT-SWAP,fade,1D,0.001,0.01,0.015,1,0.0,10.0,148.0,3.08,-97.92,430,271,159,63.02,99.34,0.956,-5.341,551,464.96,214.16,5.05,-98.91,3.08,-39.02
BTC-USDT-SWAP,fade,1D,0.001,0.01,0.02,1,0.0,10.0,148.0,0.25,-99.83,430,280,150,65.12,99.92,0.929,-5.445,551,303.24,104.89,0.47,-99.84,0.25,-46.39
BTC-USDT-SWAP,fade,1D,0.001,0.01,0.025,1,0.0,10.0,148.0,0.29,-99.81,430,289,141,67.21,99.95,0.954,-5.444,551,612.7,313.98,0.52,-99.92,0.29,-44.47
BTC-USDT-SWAP,fade,1D,0.001,0.01,0.03,1,0.0,10.0,148.0,0.62,-99.58,430,294,136,68.37,99.91,0.962,-5.432,551,660.88,346.54,1.2,-99.82,0.62,-48.32
BTC-USDT-SWAP,fade,1D,0.001,0.015,0.01,1,0.0,10.0,148.0,0.01,-99.99,430,187,243,43.49,99.99,0.586,-5.454,551,4.97,-96.64,0.02,-99.68,0.01,-32.55
BTC-USDT-SWAP,fade,1D,0.001,0.015,0.015,1,0.0,10.0,148.0,0.0,-100.0,430,213,217,49.53,100.0,0.69,-5.454,551,19.98,-86.5,0.0,-99.98,0.0,-39.02
BTC-USDT-SWAP,fade,1D,0.001,0.015,0.02,1,0.0,10.0,148.0,0.0,-100.0,430,222,208,51.63,100.0,0.671,-5.455,551,8.65,-94.15,0.0,-100.0,0.0,-46.39
BTC-USDT-SWAP,fade,1D,0.001,0.015,0.025,1,0.0,10.0,148.0,0.0,-100.0,430,233,197,54.19,100.0,0.789,-5.455,551,24.47,-83.47,0.0,-100.0,0.0,-44.47
BTC-USDT-SWAP,fade,1D,0.001,0.015,0.03,1,0.0,10.0,148.0,0.0,-100.0,430,237,193,55.12,100.0,0.835,-5.455,551,19.27,-86.98,0.0,-100.0,0.0,-48.32
BTC-USDT-SWAP,fade,1D,0.001,0.02,0.01,1,0.0,10.0,148.0,0.0,-100.0,430,161,269,37.44,100.0,0.483,-5.455,551,0.91,-99.39,0.0,-99.93,0.0,-32.55
BTC-USDT-SWAP,fade,1D,0.001,0.02,0.015,1,0.0,10.0,148.0,0.0,-100.0,430,188,242,43.72,100.0,0.567,-5.455,551,4.58,-96.9,0.0,-100.0,0.0,-39.02
BTC-USDT-SWAP,fade,1D,0.001,0.02,0.02,1,0.0,10.0,148.0,0.0,-100.0,430,198,232,46.05,100.0,0.584,-5.455,551,1.42,-99.04,0.0,-100.0,0.0,-46.39
BTC-USDT-SWAP,fade,1D,0.001,0.02,0.025,1,0.0,10.0,148.0,0.0,-100.0,430,207,223,48.14,100.0,0.692,-5.455,551,2.01,-98.64,0.0,-100.0,0.0,-44.47
BTC-USDT-SWAP,fade,1D,0.001,0.02,0.03,1,0.0,10.0,148.0,0.0,-100.0,430,211,219,49.07,100.0,0.762,-5.455,551,1.0,-99.33,0.0,-100.0,0.0,-48.32
BTC-USDT-SWAP,fade,1D,0.001,0.03,0.01,1,0.0,10.0,148.0,0.0,-100.0,430,144,286,33.49,100.0,0.333,-5.455,551,0.09,-99.94,0.0,-99.97,0.0,-32.55
BTC-USDT-SWAP,fade,1D,0.001,0.03,0.015,1,0.0,10.0,148.0,0.0,-100.0,430,166,264,38.6,100.0,0.338,-5.455,551,0.06,-99.96,0.0,-100.0,0.0,-39.02
BTC-USDT-SWAP,fade,1D,0.001,0.03,0.02,1,0.0,10.0,148.0,0.0,-100.0,430,176,254,40.93,100.0,0.362,-5.455,551,0.02,-99.99,0.0,-100.0,0.0,-46.39
BTC-USDT-SWAP,fade,1D,0.001,0.03,0.025,1,0.0,10.0,148.0,0.0,-100.0,430,184,246,42.79,100.0,0.38,-5.455,551,0.01,-99.99,0.0,-100.0,0.0,-44.47
BTC-USDT-SWAP,fade,1D,0.001,0.03,0.03,1,0.0,10.0,148.0,0.0,-100.0,430,188,242,43.72,100.0,0.52,-5.455,551,0.0,-100.0,0.0,-100.0,0.0,-48.32
BTC-USDT-SWAP,fade,1D,0.002,0.006,0.01,1,0.0,10.0,148.0,163.98,10.79,411,311,100,75.67,68.53,1.005,0.589,551,244.96,65.51,243.93,-0.42,163.98,-32.78
BTC-USDT-SWAP,fade,1D,0.002,0.006,0.015,1,0.0,10.0,148.0,110.22,-25.53,411,327,84,79.56,78.35,0.988,-1.392,551,265.94,79.69,142.43,-46.44,110.22,-22.61
BTC-USDT-SWAP,fade,1D,0.002,0.006,0.02,1,0.0,10.0,148.0,90.46,-38.88,411,337,74,82.0,86.63,0.987,-2.121,551,382.01,158.12,124.89,-67.31,90.46,-27.57
BTC-USDT-SWAP,fade,1D,0.002,0.006,0.025,1,0.0,10.0,148.0,269.75,82.27,411,345,66,83.94,82.76,1.015,4.487,551,718.64,385.57,399.83,-44.36,269.75,-32.53
BTC-USDT-SWAP,fade,1D,0.002,0.006,0.03,1,0.0,10.0,148.0,219.51,48.32,411,347,64,84.43,85.63,1.011,2.636,551,446.57,201.74,349.6,-21.71,219.51,-37.21
BTC-USDT-SWAP,fade,1D,0.002,0.008,0.01,1,0.0,10.0,148.0,37.64,-74.57,411,270,141,65.69,92.64,0.964,-4.067,551,310.01,109.47,56.0,-81.94,37.64,-32.78
BTC-USDT-SWAP,fade,1D,0.002,0.008,0.015,1,0.0,10.0,148.0,6.32,-95.73,411,285,126,69.34,98.79,0.948,-5.222,551,364.63,146.37,10.24,-97.19,6.32,-38.33
BTC-USDT-SWAP,fade,1D,0.002,0.008,0.02,1,0.0,10.0,148.0,2.14,-98.55,411,296,115,72.02,99.63,0.943,-5.376,551,272.81,84.33,3.95,-98.55,2.14,-45.78
BTC-USDT-SWAP,fade,1D,0.002,0.008,0.025,1,0.0,10.0,148.0,9.38,-93.66,411,305,106,74.21,99.47,0.972,-5.109,551,611.82,313.4,16.5,-97.3,9.38,-43.18
BTC-USDT-SWAP,fade,1D,0.002,0.008,0.03,1,0.0,10.0,148.0,10.39,-92.98,411,308,103,74.94,99.6,0.97,-5.071,551,431.27,191.4,19.66,-95.44,10.39,-47.12
BTC-USDT-SWAP,fade,1D,0.002,0.01,0.01,1,0.0,10.0,148.0,12.82,-91.34,411,241,170,58.64,97.62,0.962,-4.982,551,254.77,72.14,19.07,-92.52,12.82,-32.78
BTC-USDT-SWAP,fade,1D,0.002,0.01,0.015,1,0.0,10.0,148.0,0.89,-99.4,411,256,155,62.29,99.57,0.911,-5.422,551,173.94,17.52,1.45,-99.17,0.89,-38.33
BTC-USDT-SWAP,fade,1D,0.002,0.01,0.02,1,0.0,10.0,148.0,0.1,-99.93,411,266,145,64.72,99.94,0.882,-5.451,551,109.55,-25.98,0.18,-99.83,0.1,-45.78
BTC-USDT-SWAP,fade,1D,0.002,0.01,0.025,1,0.0,10.0,148.0,0.59,-99.6,411,277,134,67.4,99.88,0.955,-5.433,551,356.59,140.94,1.03,-99.71,0.59,-43.18
BTC-USDT-SWAP,fade,1D,0.002,0.01,0.03,1,0.0,10.0,148.0,0.86,-99.42,411,280,131,68.13,99.85,0.945,-5.423,551,237.51,60.48,1.63,-99.31,0.86,-47.12
BTC-USDT-SWAP,fade,1D,0.002,0.015,0.01,1,0.0,10.0,148.0,0.01,-99.99,411,178,233,43.31,99.99,0.702,-5.454,551,5.38,-96.37,0.02,-99.61,0.01,-32.78
BTC-USDT-SWAP,fade,1D,0.002,0.015,0.015,1,0.0,10.0,148.0,0.0,-100.0,411,200,211,48.66,100.0,0.682,-5.454,551,13.34,-90.99,0.0,-99.98,0.0,-38.33
BTC-USDT-SWAP,fade,1D,0.002,0.015,0.02,1,0.0,10.0,148.0,0.0,-100.0,411,210,201,51.09,100.0,0.653,-5.455,551,5.16,-96.52,0.0,-100.0,0.0,-45.78
BTC-USDT-SWAP,fade,1D,0.002,0.015,0.025,1,0.0,10.0,148.0,0.0,-100.0,411,222,189,54.01,100.0,0.858,-5.455,551,18.55,-87.46,0.0,-99.99,0.0,-43.18
BTC-USDT-SWAP,fade,1D,0.002,0.015,0.03,1,0.0,10.0,148.0,0.0,-100.0,411,224,187,54.5,100.0,0.843,-5.455,551,7.78,-94.75,0.0,-99.99,0.0,-47.12
BTC-USDT-SWAP,fade,1D,0.002,0.02,0.01,1,0.0,10.0,148.0,0.0,-100.0,411,155,256,37.71,100.0,0.61,-5.455,551,2.47,-98.33,0.0,-99.97,0.0,-32.78
BTC-USDT-SWAP,fade,1D,0.002,0.02,0.015,1,0.0,10.0,148.0,0.0,-100.0,411,180,231,43.8,100.0,0.58,-5.455,551,7.79,-94.74,0.0,-100.0,0.0,-38.33
BTC-USDT-SWAP,fade,1D,0.002,0.02,0.02,1,0.0,10.0,148.0,0.0,-100.0,411,190,221,46.23,100.0,0.559,-5.455,551,2.5,-98.31,0.0,-100.0,0.0,-45.78
BTC-USDT-SWAP,fade,1D,0.002,0.02,0.025,1,0.0,10.0,148.0,0.0,-100.0,411,200,211,48.66,100.0,0.802,-5.455,551,9.03,-93.9,0.0,-100.0,0.0,-43.18
BTC-USDT-SWAP,fade,1D,0.002,0.02,0.03,1,0.0,10.0,148.0,0.0,-100.0,411,202,209,49.15,100.0,0.775,-5.455,551,2.97,-97.99,0.0,-100.0,0.0,-47.12
BTC-USDT-SWAP,fade,1D,0.002,0.03,0.01,1,0.0,10.0,148.0,0.0,-100.0,411,136,275,33.09,100.0,0.51,-5.455,551,0.12,-99.92,0.0,-99.99,0.0,-32.78
BTC-USDT-SWAP,fade,1D,0.002,0.03,0.015,1,0.0,10.0,148.0,0.0,-100.0,411,158,253,38.44,100.0,0.433,-5.455,551,0.11,-99.92,0.0,-100.0,0.0,-38.33
BTC-USDT-SWAP,fade,1D,0.002,0.03,0.02,1,0.0,10.0,148.0,0.0,-100.0,411,169,242,41.12,100.0,0.425,-5.455,551,0.04,-99.97,0.0,-100.0,0.0,-45.78
BTC-USDT-SWAP,fade,1D,0.002,0.03,0.025,1,0.0,10.0,148.0,0.0,-100.0,411,179,232,43.55,100.0,0.649,-5.455,551,0.08,-99.95,0.0,-100.0,0.0,-43.18
BTC-USDT-SWAP,fade,1D,0.002,0.03,0.03,1,0.0,10.0,148.0,0.0,-100.0,411,181,230,44.04,100.0,0.598,-5.455,551,0.02,-99.99,0.0,-100.0,0.0,-47.12
BTC-USDT-SWAP,fade,1D,0.003,0.006,0.01,1,0.0,10.0,148.0,421.94,185.09,392,302,90,77.04,51.65,1.092,10.096,551,301.08,103.43,505.57,67.92,421.94,-16.54
BTC-USDT-SWAP,fade,1D,0.003,0.006,0.015,1,0.0,10.0,148.0,719.75,386.32,392,323,69,82.4,59.28,1.186,21.072,551,313.9,112.1,729.35,132.35,719.75,-1.32
BTC-USDT-SWAP,fade,1D,0.003,0.006,0.02,1,0.0,10.0,148.0,888.23,500.16,392,332,60,84.69,58.54,1.148,27.281,551,513.22,246.77,900.08,75.38,888.23,-1.32
BTC-USDT-SWAP,fade,1D,0.003,0.006,0.025,1,0.0,10.0,148.0,1775.24,1099.49,392,337,55,85.97,55.61,1.178,59.972,551,795.31,437.37,1798.93,126.19,1775.24,-1.32
BTC-USDT-SWAP,fade,1D,0.003,0.006,0.03,1,0.0,10.0,148.0,1187.11,702.1,392,339,53,86.48,61.89,1.134,38.296,551,482.67,226.13,1202.95,149.23,1187.11,-1.32
BTC-USDT-SWAP,fade,1D,0.003,0.008,0.01,1,0.0,10.0,148.0,221.27,49.51,392,265,127,67.6,63.04,1.017,2.7,551,286.54,93.61,314.41,9.72,221.27,-29.62
BTC-USDT-SWAP,fade,1D,0.003,0.008,0.015,1,0.0,10.0,148.0,128.21,-13.37,392,285,107,72.7,83.91,0.994,-0.729,551,281.51,90.21,160.87,-42.86,128.21,-20.3
BTC-USDT-SWAP,fade,1D,0.003,0.008,0.02,1,0.0,10.0,148.0,72.28,-51.17,392,294,98,75.0,90.22,0.977,-2.791,551,229.9,55.34,96.55,-58.01,72.28,-25.14
BTC-USDT-SWAP,fade,1D,0.003,0.008,0.025,1,0.0,10.0,148.0,234.42,58.39,392,301,91,76.79,84.69,1.018,3.185,551,236.77,59.98,336.16,41.98,234.42,-30.27
BTC-USDT-SWAP,fade,1D,0.003,0.008,0.03,1,0.0,10.0,148.0,194.57,31.47,392,304,88,77.55,90.12,1.011,1.716,551,134.61,-9.05,257.12,91.02,194.57,-24.33
BTC-USDT-SWAP,fade,1D,0.003,0.01,0.01,1,0.0,10.0,148.0,18.24,-87.67,392,230,162,58.67,96.09,0.952,-4.782,551,295.04,99.35,25.92,-91.21,18.24,-29.62
BTC-USDT-SWAP,fade,1D,0.003,0.01,0.015,1,0.0,10.0,148.0,2.28,-98.46,392,247,145,63.01,98.94,0.896,-5.371,551,171.01,15.55,3.65,-97.87,2.28,-37.65
BTC-USDT-SWAP,fade,1D,0.003,0.01,0.02,1,0.0,10.0,148.0,0.47,-99.68,392,257,135,65.56,99.68,0.863,-5.437,551,114.84,-22.4,0.86,-99.25,0.47,-45.18
BTC-USDT-SWAP,fade,1D,0.003,0.01,0.025,1,0.0,10.0,148.0,4.04,-97.27,392,268,124,68.37,99.49,0.941,-5.306,551,253.21,71.09,6.93,-97.26,4.04,-41.69
BTC-USDT-SWAP,fade,1D,0.003,0.01,0.03,1,0.0,10.0,148.0,2.49,-98.32,392,271,121,69.13,99.75,0.926,-5.363,551,138.18,-6.64,3.94,-97.15,2.49,-36.72
BTC-USDT-SWAP,fade,1D,0.003,0.015,0.01,1,0.0,10.0,148.0,0.08,-99.94,392,175,217,44.64,99.94,0.675,-5.451,551,15.6,-89.46,0.12,-99.23,0.08,-29.62
BTC-USDT-SWAP,fade,1D,0.003,0.015,0.015,1,0.0,10.0,148.0,0.0,-100.0,392,191,201,48.72,100.0,0.621,-5.454,551,10.3,-93.04,0.0,-99.96,0.0,-37.65
BTC-USDT-SWAP,fade,1D,0.003,0.015,0.02,1,0.0,10.0,148.0,0.0,-100.0,392,203,189,51.79,100.0,0.574,-5.455,551,5.72,-96.13,0.0,-99.98,0.0,-45.18
BTC-USDT-SWAP,fade,1D,0.003,0.015,0.025,1,0.0,10.0,148.0,0.0,-100.0,392,214,178,54.59,100.0,0.771,-5.454,551,10.41,-92.97,0.01,-99.94,0.0,-41.69
BTC-USDT-SWAP,fade,1D,0.003,0.015,0.03,1,0.0,10.0,148.0,0.0,-100.0,392,218,174,55.61,100.0,0.765,-5.454,551,6.92,-95.32,0.0,-99.94,0.0,-36.72
BTC-USDT-SWAP,fade,1D,0.003,0.02,0.01,1,0.0,10.0,148.0,0.01,-99.99,392,154,238,39.29,99.99,0.707,-5.454,551,17.32,-88.3,0.01,-99.92,0.01,-29.62
BTC-USDT-SWAP,fade,1D,0.003,0.02,0.015,1,0.0,10.0,148.0,0.0,-100.0,392,172,220,43.88,100.0,0.702,-5.455,551,14.64,-90.11,0.0,-100.0,0.0,-37.65
BTC-USDT-SWAP,fade,1D,0.003,0.02,0.02,1,0.0,10.0,148.0,0.0,-100.0,392,183,209,46.68,100.0,0.676,-5.455,551,8.72,-94.11,0.0,-100.0,0.0,-45.18
BTC-USDT-SWAP,fade,1D,0.003,0.02,0.025,1,0.0,10.0,148.0,0.0,-100.0,392,194,198,49.49,100.0,0.856,-5.455,551,15.73,-89.37,0.0,-100.0,0.0,-41.69
BTC-USDT-SWAP,fade,1D,0.003,0.02,0.03,1,0.0,10.0,148.0,0.0,-100.0,392,197,195,50.26,100.0,0.862,-5.455,551,9.89,-93.32,0.0,-100.0,0.0,-36.72
BTC-USDT-SWAP,fade,1D,0.003,0.03,0.01,1,0.0,10.0,148.0,0.0,-100.0,392,128,264,32.65,100.0,0.552,-5.455,551,0.34,-99.77,0.0,-99.99,0.0,-29.62
BTC-USDT-SWAP,fade,1D,0.003,0.03,0.015,1,0.0,10.0,148.0,0.0,-100.0,392,148,244,37.76,100.0,0.541,-5.455,551,0.19,-99.87,0.0,-100.0,0.0,-37.65
BTC-USDT-SWAP,fade,1D,0.003,0.03,0.02,1,0.0,10.0,148.0,0.0,-100.0,392,159,233,40.56,100.0,0.524,-5.455,551,0.13,-99.91,0.0,-100.0,0.0,-45.18
BTC-USDT-SWAP,fade,1D,0.003,0.03,0.025,1,0.0,10.0,148.0,0.0,-100.0,392,169,223,43.11,100.0,0.706,-5.455,551,0.1,-99.93,0.0,-100.0,0.0,-41.69
BTC-USDT-SWAP,fade,1D,0.003,0.03,0.03,1,0.0,10.0,148.0,0.0,-100.0,392,172,220,43.88,100.0,0.667,-5.455,551,0.03,-99.98,0.0,-100.0,0.0,-36.72
BTC-USDT-SWAP,fade,1D,0.005,0.006,0.01,1,0.0,10.0,148.0,1365.14,822.39,365,291,74,79.73,65.05,1.399,44.858,551,251.93,70.22,1217.11,383.11,1365.14,12.16
BTC-USDT-SWAP,fade,1D,0.005,0.006,0.015,1,0.0,10.0,148.0,8431.42,5596.9,365,315,50,86.3,55.86,1.594,305.286,551,815.59,451.08,7517.18,821.69,8431.42,12.16
BTC-USDT-SWAP,fade,1D,0.005,0.006,0.02,1,0.0,10.0,148.0,13614.6,9099.05,365,322,43,88.22,61.97,1.524,496.312,551,1058.16,614.97,12138.34,1047.12,13614.6,12.16
BTC-USDT-SWAP,fade,1D,0.005,0.006,0.025,1,0.0,10.0,148.0,38813.67,26125.45,365,327,38,89.59,45.7,1.964,1425.025,551,1455.88,883.7,37058.67,2445.45,38813.67,4.74
BTC-USDT-SWAP,fade,1D,0.005,0.006,0.03,1,0.0,10.0,148.0,46822.81,31537.04,365,329,36,90.14,52.76,2.005,1720.202,551,1764.04,1091.92,45067.81,2454.8,46822.81,3.89
BTC-USDT-SWAP,fade,1D,0.005,0.008,0.01,1,0.0,10.0,148.0,517.39,249.59,365,254,111,69.59,68.98,1.144,13.614,551,176.43,19.21,493.86,179.93,517.39,4.76
BTC-USDT-SWAP,fade,1D,0.005,0.008,0.015,1,0.0,10.0,148.0,1041.36,603.62,365,277,88,75.89,70.99,1.15,32.925,551,411.86,178.28,994.01,141.35,1041.36,4.76
BTC-USDT-SWAP,fade,1D,0.005,0.008,0.02,1,0.0,10.0,148.0,1435.08,869.65,365,286,79,78.36,67.14,1.18,47.435,551,344.52,132.79,1369.83,297.6,1435.08,4.76
BTC-USDT-SWAP,fade,1D,0.005,0.008,0.025,1,0.0,10.0,148.0,5253.86,3449.91,365,292,73,80.0,70.33,1.335,188.177,551,563.41,280.68,5014.99,790.12,5253.86,4.76
BTC-USDT-SWAP,fade,1D,0.005,0.008,0.03,1,0.0,10.0,148.0,7387.66,4891.66,365,294,71,80.55,72.87,1.38,266.818,551,689.55,365.92,7051.78,922.66,7387.66,4.76
BTC-USDT-SWAP,fade,1D,0.005,0.01,0.01,1,0.0,10.0,148.0,141.24,-4.57,365,224,141,61.37,82.12,0.997,-0.249,551,112.95,-23.68,159.93,41.59,141.24,-11.68
BTC-USDT-SWAP,fade,1D,0.005,0.01,0.015,1,0.0,10.0,148.0,83.61,-43.51,365,243,122,66.58,94.78,0.979,-2.373,551,113.35,-23.41,100.76,-11.11,83.61,-17.02
BTC-USDT-SWAP,fade,1D,0.005,0.01,0.02,1,0.0,10.0,148.0,56.91,-61.55,365,251,114,68.77,93.47,0.955,-3.357,551,51.64,-65.11,73.29,41.94,56.91,-22.36
BTC-USDT-SWAP,fade,1D,0.005,0.01,0.025,1,0.0,10.0,148.0,140.44,-5.11,365,258,107,70.68,95.29,0.997,-0.278,551,48.87,-66.98,193.43,295.79,140.44,-27.39
BTC-USDT-SWAP,fade,1D,0.005,0.01,0.03,1,0.0,10.0,148.0,287.79,94.45,365,261,104,71.51,96.11,1.035,5.152,551,62.89,-57.51,356.02,466.08,287.79,-19.16
BTC-USDT-SWAP,fade,1D,0.005,0.015,0.01,1,0.0,10.0,148.0,1.47,-99.01,365,175,190,47.95,99.42,0.758,-5.4,551,26.43,-82.14,2.04,-92.27,1.47,-28.08
BTC-USDT-SWAP,fade,1D,0.005,0.015,0.015,1,0.0,10.0,148.0,0.06,-99.96,365,188,177,51.51,99.97,0.765,-5.452,551,14.18,-90.42,0.09,-99.37,0.06,-36.28
BTC-USDT-SWAP,fade,1D,0.005,0.015,0.02,1,0.0,10.0,148.0,0.04,-99.98,365,198,167,54.25,99.98,0.657,-5.453,551,9.23,-93.76,0.05,-99.4,0.04,-34.84
BTC-USDT-SWAP,fade,1D,0.005,0.015,0.025,1,0.0,10.0,148.0,0.1,-99.93,365,207,158,56.71,99.99,0.814,-5.451,551,10.21,-93.1,0.17,-98.38,0.1,-39.06
BTC-USDT-SWAP,fade,1D,0.005,0.015,0.03,1,0.0,10.0,148.0,0.24,-99.84,365,211,154,57.81,99.98,0.893,-5.446,551,18.74,-87.34,0.36,-98.1,0.24,-32.16
BTC-USDT-SWAP,fade,1D,0.005,0.02,0.01,1,0.0,10.0,148.0,0.11,-99.93,365,153,212,41.92,99.93,0.744,-5.45,551,24.96,-83.14,0.15,-99.39,0.11,-28.08
BTC-USDT-SWAP,fade,1D,0.005,0.02,0.015,1,0.0,10.0,148.0,0.0,-100.0,365,167,198,45.75,100.0,0.775,-5.454,551,14.79,-90.01,0.01,-99.95,0.0,-36.28
BTC-USDT-SWAP,fade,1D,0.005,0.02,0.02,1,0.0,10.0,148.0,0.0,-100.0,365,177,188,48.49,100.0,0.668,-5.454,551,7.06,-95.23,0.0,-99.95,0.0,-34.84
BTC-USDT-SWAP,fade,1D,0.005,0.02,0.025,1,0.0,10.0,148.0,0.0,-100.0,365,185,180,50.68,100.0,0.855,-5.454,551,8.1,-94.53,0.0,-99.95,0.0,-39.06
BTC-USDT-SWAP,fade,1D,0.005,0.02,0.03,1,0.0,10.0,148.0,0.01,-99.99,365,191,174,52.33,100.0,0.927,-5.454,551,14.69,-90.07,0.02,-99.88,0.01,-32.16
BTC-USDT-SWAP,fade,1D,0.005,0.03,0.01,1,0.0,10.0,148.0,0.0,-100.0,365,129,236,35.34,100.0,0.537,-5.455,551,1.35,-99.09,0.0,-99.96,0.0,-28.08
BTC-USDT-SWAP,fade,1D,0.005,0.03,0.015,1,0.0,10.0,148.0,0.0,-100.0,365,143,222,39.18,100.0,0.568,-5.455,551,0.67,-99.54,0.0,-100.0,0.0,-36.28
BTC-USDT-SWAP,fade,1D,0.005,0.03,0.02,1,0.0,10.0,148.0,0.0,-100.0,365,150,215,41.1,100.0,0.466,-5.455,551,0.29,-99.8,0.0,-100.0,0.0,-34.84
BTC-USDT-SWAP,fade,1D,0.005,0.03,0.025,1,0.0,10.0,148.0,0.0,-100.0,365,158,207,43.29,100.0,0.669,-5.455,551,0.17,-99.88,0.0,-100.0,0.0,-39.06
BTC-USDT-SWAP,fade,1D,0.005,0.03,0.03,1,0.0,10.0,148.0,0.0,-100.0,365,164,201,44.93,100.0,0.721,-5.455,551,0.18,-99.88,0.0,-100.0,0.0,-32.16
BTC-USDT-SWAP,fade,1D,0.007,0.006,0.01,1,0.0,10.0,148.0,293.38,98.23,322,248,74,77.02,75.39,1.057,5.358,551,449.7,203.85,309.13,-31.26,293.38,-5.09
BTC-USDT-SWAP,fade,1D,0.007,0.006,0.015,1,0.0,10.0,148.0,4590.01,3001.36,322,273,49,84.78,59.47,1.207,163.71,551,2067.88,1297.22,5165.05,149.78,4590.01,-11.13
BTC-USDT-SWAP,fade,1D,0.007,0.006,0.02,1,0.0,10.0,148.0,21279.08,14277.76,322,284,38,88.2,54.49,1.687,778.787,551,2977.59,1911.89,23514.08,689.7,21279.08,-9.5
BTC-USDT-SWAP,fade,1D,0.007,0.006,0.025,1,0.0,10.0,148.0,19331.59,12961.89,322,285,37,88.51,48.51,1.602,707.012,551,2565.6,1633.51,22361.59,771.59,19331.59,-13.55
BTC-USDT-SWAP,fade,1D,0.007,0.006,0.03,1,0.0,10.0,148.0,63788.77,43000.52,322,293,29,90.99,32.6,2.649,2345.483,551,4819.69,3156.54,65290.26,1254.66,63788.77,-2.3
BTC-USDT-SWAP,fade,1D,0.007,0.008,0.01,1,0.0,10.0,148.0,247.36,67.13,322,221,101,68.63,90.27,1.028,3.662,551,540.92,265.49,250.88,-53.62,247.36,-1.4
BTC-USDT-SWAP,fade,1D,0.007,0.008,0.015,1,0.0,10.0,148.0,1969.93,1231.03,322,245,77,76.09,89.45,1.089,67.147,551,2228.51,1405.75,2133.74,-4.25,1969.93,-7.68
BTC-USDT-SWAP,fade,1D,0.007,0.008,0.02,1,0.0,10.0,148.0,7135.26,4721.12,322,256,66,79.5,88.08,1.208,257.516,551,3679.57,2386.19,8227.88,123.61,7135.26,-13.28
BTC-USDT-SWAP,fade,1D,0.007,0.008,0.025,1,0.0,10.0,148.0,7069.34,4676.58,322,259,63,80.43,78.88,1.261,255.086,551,2428.52,1540.89,8751.1,260.35,7069.34,-19.22
BTC-USDT-SWAP,fade,1D,0.007,0.008,0.03,1,0.0,10.0,148.0,61517.73,41466.03,322,268,54,83.23,51.03,1.767,2261.784,551,6206.44,4093.54,62419.22,905.72,61517.73,-1.44
BTC-USDT-SWAP,fade,1D,0.007,0.01,0.01,1,0.0,10.0,148.0,21.16,-85.7,322,188,134,58.39,93.3,0.926,-4.675,551,203.94,37.8,23.38,-88.54,21.16,-9.49
BTC-USDT-SWAP,fade,1D,0.007,0.01,0.015,1,0.0,10.0,148.0,74.26,-49.83,322,210,112,65.22,90.92,0.982,-2.718,551,410.48,177.35,87.62,-78.65,74.26,-15.25
BTC-USDT-SWAP,fade,1D,0.007,0.01,0.02,1,0.0,10.0,148.0,308.33,108.33,322,224,98,69.57,91.12,1.019,5.909,551,843.96,470.24,387.32,-54.11,308.33,-20.39
BTC-USDT-SWAP,fade,1D,0.007,0.01,0.025,1,0.0,10.0,148.0,216.84,46.51,322,227,95,70.5,92.24,1.013,2.537,551,423.82,186.37,292.41,-31.01,216.84,-25.85
BTC-USDT-SWAP,fade,1D,0.007,0.01,0.03,1,0.0,10.0,148.0,3455.37,2234.71,322,233,89,72.36,79.12,1.191,121.893,551,1197.84,709.35,4082.66,240.83,3455.37,-15.36
BTC-USDT-SWAP,fade,1D,0.007,0.015,0.01,1,0.0,10.0,148.0,0.27,-99.82,322,139,183,43.17,99.85,0.805,-5.445,551,39.68,-73.19,0.37,-99.08,0.27,-26.3
BTC-USDT-SWAP,fade,1D,0.007,0.015,0.015,1,0.0,10.0,148.0,0.04,-99.97,322,153,169,47.52,99.97,0.768,-5.453,551,22.0,-85.13,0.07,-99.7,0.04,-34.92
BTC-USDT-SWAP,fade,1D,0.007,0.015,0.02,1,0.0,10.0,148.0,0.27,-99.82,322,169,153,52.48,99.96,0.893,-5.444,551,51.2,-65.4,0.4,-99.22,0.27,-31.71
BTC-USDT-SWAP,fade,1D,0.007,0.015,0.025,1,0.0,10.0,148.0,0.14,-99.9,322,173,149,53.73,99.99,0.865,-5.449,551,20.25,-86.32,0.23,-98.88,0.14,-36.39
BTC-USDT-SWAP,fade,1D,0.007,0.015,0.03,1,0.0,10.0,148.0,3.71,-97.49,322,180,142,55.9,99.8,0.931,-5.318,551,102.84,-30.51,5.11,-95.03,3.71,-27.39
BTC-USDT-SWAP,fade,1D,0.007,0.02,0.01,1,0.0,10.0,148.0,0.05,-99.96,322,122,200,37.89,99.97,0.725,-5.453,551,22.57,-84.75,0.07,-99.69,0.05,-26.3
BTC-USDT-SWAP,fade,1D,0.007,0.02,0.015,1,0.0,10.0,148.0,0.01,-99.99,322,135,187,41.93,100.0,0.714,-5.454,551,11.42,-92.29,0.01,-99.9,0.01,-34.92
BTC-USDT-SWAP,fade,1D,0.007,0.02,0.02,1,0.0,10.0,148.0,0.05,-99.97,322,151,171,46.89,99.99,0.883,-5.453,551,27.39,-81.49,0.07,-99.75,0.05,-31.71
BTC-USDT-SWAP,fade,1D,0.007,0.02,0.025,1,0.0,10.0,148.0,0.01,-99.99,322,154,168,47.83,100.0,0.861,-5.454,551,9.23,-93.76,0.02,-99.84,0.01,-36.39
BTC-USDT-SWAP,fade,1D,0.007,0.02,0.03,1,0.0,10.0,148.0,0.12,-99.92,322,160,162,49.69,99.99,0.911,-5.45,551,25.84,-82.54,0.17,-99.34,0.12,-27.39
BTC-USDT-SWAP,fade,1D,0.007,0.03,0.01,1,0.0,10.0,148.0,0.0,-100.0,322,101,221,31.37,100.0,0.562,-5.455,551,1.73,-98.83,0.0,-99.97,0.0,-26.3
BTC-USDT-SWAP,fade,1D,0.007,0.03,0.015,1,0.0,10.0,148.0,0.0,-100.0,322,113,209,35.09,100.0,0.581,-5.455,551,0.7,-99.53,0.0,-99.99,0.0,-34.92
BTC-USDT-SWAP,fade,1D,0.007,0.03,0.02,1,0.0,10.0,148.0,0.0,-100.0,322,126,196,39.13,100.0,0.784,-5.455,551,1.29,-99.13,0.0,-99.99,0.0,-31.71
BTC-USDT-SWAP,fade,1D,0.007,0.03,0.025,1,0.0,10.0,148.0,0.0,-100.0,322,129,193,40.06,100.0,0.741,-5.455,551,0.28,-99.81,0.0,-100.0,0.0,-36.39
BTC-USDT-SWAP,fade,1D,0.007,0.03,0.03,1,0.0,10.0,148.0,0.0,-100.0,322,136,186,42.24,100.0,0.777,-5.455,551,0.54,-99.64,0.0,-99.97,0.0,-27.39
BTC-USDT-SWAP,fade,1D,0.01,0.006,0.01,1,0.0,10.0,148.0,475.51,221.29,279,218,61,78.14,78.59,1.108,12.07,551,625.32,322.51,426.41,-31.81,475.51,11.52
BTC-USDT-SWAP,fade,1D,0.01,0.006,0.015,1,0.0,10.0,148.0,949.06,541.26,279,234,45,83.87,64.81,1.212,29.523,551,800.19,440.67,851.05,6.36,949.06,11.52
BTC-USDT-SWAP,fade,1D,0.01,0.006,0.02,1,0.0,10.0,148.0,1427.48,864.51,279,242,37,86.74,75.26,1.276,47.155,551,952.09,543.3,1280.07,34.45,1427.48,11.52
BTC-USDT-SWAP,fade,1D,0.01,0.006,0.025,1,0.0,10.0,148.0,5542.29,3644.79,279,248,31,88.89,43.18,1.434,198.807,551,1837.88,1141.81,4969.96,170.42,5542.29,11.52
BTC-USDT-SWAP,fade,1D,0.01,0.006,0.03,1,0.0,10.0,148.0,19941.35,13373.88,279,253,26,90.68,54.11,2.244,729.485,551,2437.53,1546.98,18276.35,649.79,19941.35,9.11
BTC-USDT-SWAP,fade,1D,0.01,0.008,0.01,1,0.0,10.0,148.0,452.76,205.92,279,192,87,68.82,79.58,1.072,11.232,551,596.73,303.19,464.99,-22.08,452.76,-2.63
BTC-USDT-SWAP,fade,1D,0.01,0.008,0.015,1,0.0,10.0,148.0,815.58,451.07,279,207,72,74.19,73.66,1.102,24.604,551,1104.48,646.27,888.43,-19.56,815.58,-8.2
BTC-USDT-SWAP,fade,1D,0.01,0.008,0.02,1,0.0,10.0,148.0,2676.28,1708.3,279,218,61,78.14,71.32,1.218,93.18,551,1963.63,1226.77,3115.74,58.67,2676.28,-14.1
BTC-USDT-SWAP,fade,1D,0.01,0.008,0.025,1,0.0,10.0,148.0,15340.42,10265.15,279,225,54,80.65,59.12,1.369,559.917,551,3874.0,2517.57,15879.76,309.91,15340.42,-3.4
BTC-USDT-SWAP,fade,1D,0.01,0.008,0.03,1,0.0,10.0,148.0,31945.28,21484.65,279,229,50,82.08,57.14,1.921,1171.89,551,3114.59,2004.45,32484.63,942.98,31945.28,-1.66
BTC-USDT-SWAP,fade,1D,0.01,0.01,0.01,1,0.0,10.0,148.0,246.14,66.31,279,170,109,60.93,91.64,1.018,3.617,551,807.41,445.55,265.54,-67.11,246.14,-7.31
BTC-USDT-SWAP,fade,1D,0.01,0.01,0.015,1,0.0,10.0,148.0,394.28,166.41,279,185,94,66.31,87.96,1.04,9.077,551,1143.58,672.69,451.19,-60.55,394.28,-12.61
BTC-USDT-SWAP,fade,1D,0.01,0.01,0.02,1,0.0,10.0,148.0,971.2,556.21,279,195,84,69.89,89.71,1.072,30.339,551,2303.1,1456.15,1187.75,-48.43,971.2,-18.23
BTC-USDT-SWAP,fade,1D,0.01,0.01,0.025,1,0.0,10.0,148.0,5416.27,3559.64,279,203,76,72.76,69.74,1.185,194.162,551,4129.74,2690.37,5986.89,44.97,5416.27,-9.53
BTC-USDT-SWAP,fade,1D,0.01,0.01,0.03,1,0.0,10.0,148.0,16062.67,10753.16,279,207,72,74.19,66.2,1.555,586.536,551,3342.12,2158.19,17341.25,418.87,16062.67,-7.37
BTC-USDT-SWAP,fade,1D,0.01,0.015,0.01,1,0.0,10.0,148.0,1.76,-98.81,279,123,156,44.09,99.7,0.879,-5.39,551,110.15,-25.58,1.82,-98.35,1.76,-3.01
BTC-USDT-SWAP,fade,1D,0.01,0.015,0.015,1,0.0,10.0,148.0,1.1,-99.26,279,138,141,49.46,99.73,0.832,-5.414,551,70.51,-52.36,1.2,-98.3,1.1,-8.55
BTC-USDT-SWAP,fade,1D,0.01,0.015,0.02,1,0.0,10.0,148.0,2.22,-98.5,279,149,130,53.41,99.86,0.878,-5.373,551,61.84,-58.22,2.59,-95.81,2.22,-14.44
BTC-USDT-SWAP,fade,1D,0.01,0.015,0.025,1,0.0,10.0,148.0,12.92,-91.27,279,158,121,56.63,99.38,0.925,-4.978,551,122.3,-17.37,13.65,-88.84,12.92,-5.33
BTC-USDT-SWAP,fade,1D,0.01,0.015,0.03,1,0.0,10.0,148.0,23.36,-84.22,279,160,119,57.35,98.5,0.921,-4.594,551,112.64,-23.89,24.67,-78.09,23.36,-5.33
BTC-USDT-SWAP,fade,1D,0.01,0.02,0.01,1,0.0,10.0,148.0,0.03,-99.98,279,98,181,35.13,99.98,0.655,-5.453,551,24.82,-83.23,0.04,-99.84,0.03,-24.52
BTC-USDT-SWAP,fade,1D,0.01,0.02,0.015,1,0.0,10.0,148.0,0.02,-99.99,279,113,166,40.5,99.99,0.535,-5.454,551,13.33,-90.99,0.02,-99.84,0.02,-22.61
BTC-USDT-SWAP,fade,1D,0.01,0.02,0.02,1,0.0,10.0,148.0,0.04,-99.97,279,125,154,44.8,99.99,0.723,-5.453,551,13.82,-90.66,0.06,-99.57,0.04,-27.59
BTC-USDT-SWAP,fade,1D,0.01,0.02,0.025,1,0.0,10.0,148.0,0.17,-99.88,279,133,146,47.67,99.98,0.825,-5.448,551,24.07,-83.74,0.22,-99.1,0.17,-19.88
BTC-USDT-SWAP,fade,1D,0.01,0.02,0.03,1,0.0,10.0,148.0,0.23,-99.85,279,135,144,48.39,99.96,0.78,-5.446,551,17.41,-88.24,0.28,-98.37,0.23,-19.88
BTC-USDT-SWAP,fade,1D,0.01,0.03,0.01,1,0.0,10.0,148.0,0.01,-99.99,279,87,192,31.18,100.0,0.7,-5.454,551,14.72,-90.05,0.01,-99.93,0.01,-24.52
BTC-USDT-SWAP,fade,1D,0.01,0.03,0.015,1,0.0,10.0,148.0,0.0,-100.0,279,100,179,35.84,100.0,0.585,-5.454,551,6.2,-95.81,0.0,-99.96,0.0,-22.61
BTC-USDT-SWAP,fade,1D,0.01,0.03,0.02,1,0.0,10.0,148.0,0.0,-100.0,279,111,168,39.78,100.0,0.816,-5.454,551,6.43,-95.65,0.0,-99.94,0.0,-27.59
BTC-USDT-SWAP,fade,1D,0.01,0.03,0.025,1,0.0,10.0,148.0,0.01,-99.99,279,119,160,42.65,100.0,0.892,-5.454,551,8.8,-94.06,0.01,-99.86,0.01,-19.88
BTC-USDT-SWAP,fade,1D,0.01,0.03,0.03,1,0.0,10.0,148.0,0.02,-99.99,279,122,157,43.73,100.0,0.864,-5.454,551,9.79,-93.38,0.02,-99.79,0.02,-19.88
ETH-USDT-SWAP,reversal,4H,0.001,0.006,0.01,1,0.0,10.0,148.0,0.0,-100.0,1900,1246,654,65.58,100.0,0.695,-5.474,3289,0.39,-99.74,0.0,-99.99,0.0,-35.77
ETH-USDT-SWAP,reversal,4H,0.001,0.006,0.015,1,0.0,10.0,148.0,0.01,-99.99,1900,1334,566,70.21,100.0,0.751,-5.474,3289,7.47,-94.95,0.01,-99.88,0.01,-12.81
ETH-USDT-SWAP,reversal,4H,0.001,0.006,0.02,1,0.0,10.0,148.0,0.03,-99.98,1900,1360,540,71.58,99.99,0.842,-5.473,3289,13.99,-90.55,0.04,-99.74,0.03,-18.08
ETH-USDT-SWAP,reversal,4H,0.001,0.006,0.025,1,0.0,10.0,148.0,0.33,-99.78,1900,1378,522,72.53,99.89,0.909,-5.462,3289,43.99,-70.28,0.35,-99.2,0.33,-6.25
ETH-USDT-SWAP,reversal,4H,0.001,0.006,0.03,1,0.0,10.0,148.0,0.72,-99.52,1900,1384,516,72.84,99.75,0.93,-5.448,3289,84.79,-42.71,0.77,-99.1,0.72,-6.25
ETH-USDT-SWAP,reversal,4H,0.001,0.008,0.01,1,0.0,10.0,148.0,0.0,-100.0,1900,1057,843,55.63,100.0,0.718,-5.474,3289,0.0,-100.0,0.0,-100.0,0.0,-38.24
ETH-USDT-SWAP,reversal,4H,0.001,0.008,0.015,1,0.0,10.0,148.0,0.0,-100.0,1900,1139,761,59.95,100.0,0.75,-5.474,3289,0.03,-99.98,0.0,-100.0,0.0,-14.56
ETH-USDT-SWAP,reversal,4H,0.001,0.008,0.02,1,0.0,10.0,148.0,0.0,-100.0,1900,1164,736,61.26,100.0,0.784,-5.474,3289,0.02,-99.99,0.0,-99.99,0.0,-19.72
ETH-USDT-SWAP,reversal,4H,0.001,0.008,0.025,1,0.0,10.0,148.0,0.0,-100.0,1900,1181,719,62.16,100.0,0.813,-5.474,3289,0.11,-99.93,0.0,-99.99,0.0,-8.12
ETH-USDT-SWAP,reversal,4H,0.001,0.008,0.03,1,0.0,10.0,148.0,0.0,-100.0,1900,1187,713,62.47,100.0,0.804,-5.474,3289,0.12,-99.92,0.0,-99.98,0.0,-8.12
ETH-USDT-SWAP,reversal,4H,0.001,0.01,0.01,1,0.0,10.0,148.0,0.0,-100.0,1900,918,982,48.32,100.0,0.61,-5.474,3289,0.0,-100.0,0.0,-100.0,0.0,-35.89
ETH-USDT-SWAP,reversal,4H,0.001,0.01,0.015,1,0.0,10.0,148.0,0.0,-100.0,1900,995,905,52.37,100.0,0.689,-5.474,3289,0.01,-99.99,0.0,-100.0,0.0,-9.63
ETH-USDT-SWAP,reversal,4H,0.001,0.01,0.02,1,0.0,10.0,148.0,0.0,-100.0,1900,1022,878,53.79,100.0,0.755,-5.474,3289,0.01,-99.99,0.0,-100.0,0.0,-15.09
ETH-USDT-SWAP,reversal,4H,0.001,0.01,0.025,1,0.0,10.0,148.0,0.0,-100.0,1900,1039,861,54.68,100.0,0.796,-5.474,3289,0.05,-99.97,0.0,-100.0,0.0,-2.82
ETH-USDT-SWAP,reversal,4H,0.001,0.01,0.03,1,0.0,10.0,148.0,0.0,-100.0,1900,1044,856,54.95,100.0,0.789,-5.474,3289,0.05,-99.96,0.0,-100.0,0.0,-2.82
ETH-USDT-SWAP,reversal,4H,0.001,0.015,0.01,1,0.0,10.0,148.0,0.0,-100.0,1900,767,1133,40.37,100.0,0.481,-5.474,3289,0.0,-100.0,0.0,-100.0,0.0,-54.95
ETH-USDT-SWAP,reversal,4H,0.001,0.015,0.015,1,0.0,10.0,148.0,0.0,-100.0,1900,842,1058,44.32,100.0,0.516,-5.474,3289,0.0,-100.0,0.0,-100.0,0.0,-28.19
ETH-USDT-SWAP,reversal,4H,0.001,0.015,0.02,1,0.0,10.0,148.0,0.0,-100.0,1900,867,1033,45.63,100.0,0.585,-5.474,3289,0.0,-100.0,0.0,-100.0,0.0,-32.53
ETH-USDT-SWAP,reversal,4H,0.001,0.015,0.025,1,0.0,10.0,148.0,0.0,-100.0,1900,880,1020,46.32,100.0,0.577,-5.474,3289,0.0,-100.0,0.0,-100.0,0.0,-22.79
ETH-USDT-SWAP,reversal,4H,0.001,0.015,0.03,1,0.0,10.0,148.0,0.0,-100.0,1900,884,1016,46.53,100.0,0.537,-5.474,3289,0.0,-100.0,0.0,-100.0,0.0,-22.79
ETH-USDT-SWAP,reversal,4H,0.001,0.02,0.01,1,0.0,10.0,148.0,0.0,-100.0,1900,719,1181,37.84,100.0,0.42,-5.474,3289,0.0,-100.0,0.0,-100.0,0.0,-54.95
ETH-USDT-SWAP,reversal,4H,0.001,0.02,0.015,1,0.0,10.0,148.0,0.0,-100.0,1900,793,1107,41.74,100.0,0.445,-5.474,3289,0.0,-100.0,0.0,-100.0,0.0,-40.86
ETH-USDT-SWAP,reversal,4H,0.001,0.02,0.02,1,0.0,10.0,148.0,0.0,-100.0,1900,817,1083,43.0,100.0,0.522,-5.474,3289,0.0,-100.0,0.0,-100.0,0.0,-44.43
ETH-USDT-SWAP,reversal,4H,0.001,0.02,0.025,1,0.0,10.0,148.0,0.0,-100.0,1900,832,1068,43.79,100.0,0.517,-5.474,3289,0.0,-100.0,0.0,-100.0,0.0,-36.4
ETH-USDT-SWAP,reversal,4H,0.001,0.02,0.03,1,0.0,10.0,148.0,0.0,-100.0,1900,836,1064,44.0,100.0,0.478,-5.474,3289,0.0,-100.0,0.0,-100.0,0.0,-36.4
ETH-USDT-SWAP,reversal,4H,0.001,0.03,0.01,1,0.0,10.0,148.0,0.0,-100.0,1900,701,1199,36.89,100.0,0.455,-5.474,3289,0.0,-100.0,0.0,-100.0,0.0,-54.95
ETH-USDT-SWAP,reversal,4H,0.001,0.03,0.015,1,0.0,10.0,148.0,0.0,-100.0,1900,774,1126,40.74,100.0,0.435,-5.474,3289,0.0,-100.0,0.0,-100.0,0.0,-40.86
ETH-USDT-SWAP,reversal,4H,0.001,0.03,0.02,1,0.0,10.0,148.0,0.0,-100.0,1900,799,1101,42.05,100.0,0.515,-5.474,3289,0.0,-100.0,0.0,-100.0,0.0,-44.43
ETH-USDT-SWAP,reversal,4H,0.001,0.03,0.025,1,0.0,10.0,148.0,0.0,-100.0,1900,812,1088,42.74,100.0,0.511,-5.474,3289,0.0,-100.0,0.0,-100.0,0.0,-36.4
ETH-USDT-SWAP,reversal,4H,0.001,0.03,0.03,1,0.0,10.0,148.0,0.0,-100.0,1900,814,1086,42.84,100.0,0.469,-5.474,3289,0.0,-100.0,0.0,-100.0,0.0,-36.4
ETH-USDT-SWAP,reversal,4H,0.002,0.006,0.01,1,0.0,10.0,148.0,0.67,-99.55,1747,1212,535,69.38,99.65,0.885,-5.45,3289,40.79,-72.44,0.8,-98.04,0.67,-16.49
ETH-USDT-SWAP,reversal,4H,0.002,0.006,0.015,1,0.0,10.0,148.0,2009.03,1257.45,1747,1299,448,74.36,91.98,1.055,68.839,3289,726.19,390.67,2158.7,197.27,2009.03,-6.93
ETH-USDT-SWAP,reversal,4H,0.002,0.006,0.02,1,0.0,10.0,148.0,11107.07,7404.77,1747,1322,425,75.67,91.45,1.083,405.371,3289,1682.59,1036.89,10974.55,552.24,11107.07,1.21
ETH-USDT-SWAP,reversal,4H,0.002,0.006,0.025,1,0.0,10.0,148.0,69288.7,46716.69,1747,1338,409,76.59,83.17,1.207,2557.483,3289,7313.22,4841.36,68914.88,842.33,69288.7,0.54
ETH-USDT-SWAP,reversal,4H,0.002,0.006,0.03,1,0.0,10.0,148.0,123730.35,83501.59,1747,1347,400,77.1,75.56,1.268,4571.255,3289,23392.44,15705.71,123356.53,427.33,123730.35,0.3
ETH-USDT-SWAP,reversal,4H,0.002,0.008,0.01,1,0.0,10.0,148.0,0.0,-100.0,1747,1015,732,58.1,100.0,0.765,-5.474,3289,0.19,-99.87,0.0,-99.98,0.0,-13.59
ETH-USDT-SWAP,reversal,4H,0.002,0.008,0.015,1,0.0,10.0,148.0,0.0,-100.0,1747,1088,659,62.28,100.0,0.841,-5.474,3289,0.84,-99.43,0.0,-99.64,0.0,-1.85
ETH-USDT-SWAP,reversal,4H,0.002,0.008,0.02,1,0.0,10.0,148.0,0.0,-100.0,1747,1107,640,63.37,100.0,0.88,-5.474,3289,0.99,-99.33,0.0,-99.66,0.0,6.74
ETH-USDT-SWAP,reversal,4H,0.002,0.008,0.025,1,0.0,10.0,148.0,0.02,-99.99,1747,1124,623,64.34,99.99,0.919,-5.474,3289,3.49,-97.64,0.02,-99.43,0.02,6.74
ETH-USDT-SWAP,reversal,4H,0.002,0.008,0.03,1,0.0,10.0,148.0,0.08,-99.95,1747,1131,616,64.74,99.99,0.949,-5.472,3289,9.76,-93.4,0.07,-99.28,0.08,6.74
ETH-USDT-SWAP,reversal,4H,0.002,0.01,0.01,1,0.0,10.0,148.0,0.0,-100.0,1747,893,854,51.12,100.0,0.748,-5.474,3289,0.03,-99.98,0.0,-100.0,0.0,-18.37
ETH-USDT-SWAP,reversal,4H,0.002,0.01,0.015,1,0.0,10.0,148.0,0.0,-100.0,1747,966,781,55.29,100.0,0.787,-5.474,3289,0.11,-99.93,0.0,-100.0,0.0,-5.54
ETH-USDT-SWAP,reversal,4H,0.002,0.01,0.02,1,0.0,10.0,148.0,0.0,-100.0,1747,988,759,56.55,100.0,0.818,-5.474,3289,0.16,-99.89,0.0,-100.0,0.0,2.73
ETH-USDT-SWAP,reversal,4H,0.002,0.01,0.025,1,0.0,10.0,148.0,0.0,-100.0,1747,1004,743,57.47,100.0,0.851,-5.474,3289,0.62,-99.58,0.0,-100.0,0.0,2.73
ETH-USDT-SWAP,reversal,4H,0.002,0.01,0.03,1,0.0,10.0,148.0,0.0,-100.0,1747,1010,737,57.81,100.0,0.884,-5.474,3289,1.47,-99.01,0.0,-100.0,0.0,2.73
ETH-USDT-SWAP,reversal,4H,0.002,0.015,0.01,1,0.0,10.0,148.0,0.0,-100.0,1747,742,1005,42.47,100.0,0.615,-5.474,3289,0.0,-100.0,0.0,-100.0,0.0,-42.03
ETH-USDT-SWAP,reversal,4H,0.002,0.015,0.015,1,0.0,10.0,148.0,0.0,-100.0,1747,813,934,46.54,100.0,0.623,-5.474,3289,0.0,-100.0,0.0,-100.0,0.0,-23.34
ETH-USDT-SWAP,reversal,4H,0.002,0.015,0.02,1,0.0,10.0,148.0,0.0,-100.0,1747,837,910,47.91,100.0,0.69,-5.474,3289,0.0,-100.0,0.0,-100.0,0.0,-16.63
ETH-USDT-SWAP,reversal,4H,0.002,0.015,0.025,1,0.0,10.0,148.0,0.0,-100.0,1747,851,896,48.71,100.0,0.69,-5.474,3289,0.0,-100.0,0.0,-100.0,0.0,-16.63
ETH-USDT-SWAP,reversal,4H,0.002,0.015,0.03,1,0.0,10.0,148.0,0.0,-100.0,1747,853,894,48.83,100.0,0.65,-5.474,3289,0.0,-100.0,0.0,-100.0,0.0,-16.63
ETH-USDT-SWAP,reversal,4H,0.002,0.02,0.01,1,0.0,10.0,148.0,0.0,-100.0,1747,690,1057,39.5,100.0,0.574,-5.474,3289,0.0,-100.0,0.0,-100.0,0.0,-42.03
ETH-USDT-SWAP,reversal,4H,0.002,0.02,0.015,1,0.0,10.0,148.0,0.0,-100.0,1747,756,991,43.27,100.0,0.563,-5.474,3289,0.0,-100.0,0.0,-100.0,0.0,-36.18
ETH-USDT-SWAP,reversal,4H,0.002,0.02,0.02,1,0.0,10.0,148.0,0.0,-100.0,1747,781,966,44.71,100.0,0.61,-5.474,3289,0.0,-100.0,0.0,-100.0,0.0,-30.59
ETH-USDT-SWAP,reversal,4H,0.002,0.02,0.025,1,0.0,10.0,148.0,0.0,-100.0,1747,795,952,45.51,100.0,0.609,-5.474,3289,0.0,-100.0,0.0,-100.0,0.0,-30.59
ETH-USDT-SWAP,reversal,4H,0.002,0.02,0.03,1,0.0,10.0,148.0,0.0,-100.0,1747,797,950,45.62,100.0,0.563,-5.474,3289,0.0,-100.0,0.0,-100.0,0.0,-30.59
ETH-USDT-SWAP,reversal,4H,0.002,0.03,0.01,1,0.0,10.0,148.0,0.0,-100.0,1747,672,1075,38.47,100.0,0.606,-5.474,3289,0.0,-100.0,0.0,-100.0,0.0,-42.03
ETH-USDT-SWAP,reversal,4H,0.002,0.03,0.015,1,0.0,10.0,148.0,0.0,-100.0,1747,737,1010,42.19,100.0,0.546,-5.474,3289,0.0,-100.0,0.0,-100.0,0.0,-36.18
ETH-USDT-SWAP,reversal,4H,0.002,0.03,0.02,1,0.0,10.0,148.0,0.0,-100.0,1747,763,984,43.67,100.0,0.626,-5.474,3289,0.0,-100.0,0.0,-100.0,0.0,-30.59
ETH-USDT-SWAP,reversal,4H,0.002,0.03,0.025,1,0.0,10.0,148.0,0.0,-100.0,1747,775,972,44.36,100.0,0.63,-5.474,3289,0.0,-100.0,0.0,-100.0,0.0,-30.59
ETH-USDT-SWAP,reversal,4H,0.002,0.03,0.03,1,0.0,10.0,148.0,0.0,-100.0,1747,775,972,44.36,100.0,0.581,-5.474,3289,0.0,-100.0,0.0,-100.0,0.0,-30.59
ETH-USDT-SWAP,reversal,4H,0.003,0.006,0.01,1,0.0,10.0,148.0,2129.82,1339.06,1583,1149,434,72.58,85.73,1.068,73.306,3289,451.46,205.04,2028.93,349.42,2129.82,4.97
ETH-USDT-SWAP,reversal,4H,0.003,0.006,0.015,1,0.0,10.0,148.0,131780.42,88940.82,1583,1225,358,77.38,54.98,1.355,4869.023,3289,9761.52,6495.62,128432.65,1215.7,131780.42,2.61
ETH-USDT-SWAP,reversal,4H,0.003,0.006,0.02,1,0.0,10.0,148.0,183550.4,123920.54,1583,1252,331,79.09,54.72,1.467,6783.971,3289,34398.92,23142.51,180202.63,423.86,183550.4,1.86
ETH-USDT-SWAP,reversal,4H,0.003,0.006,0.025,1,0.0,10.0,148.0,235692.48,159151.68,1583,1270,313,80.23,40.42,1.624,8712.683,3289,49202.89,33145.2,232344.71,372.22,235692.48,1.44
ETH-USDT-SWAP,reversal,4H,0.003,0.006,0.03,1,0.0,10.0,148.0,249265.37,168322.55,1583,1277,306,80.67,46.67,1.65,9214.738,3289,56642.13,38171.71,245917.6,334.16,249265.37,1.36
ETH-USDT-SWAP,reversal,4H,0.003,0.008,0.01,1,0.0,10.0,148.0,0.41,-99.72,1583,967,616,61.09,99.9,0.79,-5.459,3289,12.06,-91.85,0.51,-95.8,0.41,-18.98
ETH-USDT-SWAP,reversal,4H,0.003,0.008,0.015,1,0.0,10.0,148.0,39.71,-73.17,1583,1035,548,65.38,95.77,0.963,-4.006,3289,117.61,-20.54,43.15,-63.31,39.71,-7.98
ETH-USDT-SWAP,reversal,4H,0.003,0.008,0.02,1,0.0,10.0,148.0,197.58,33.5,1583,1058,525,66.84,96.17,1.006,1.834,3289,278.26,88.01,195.25,-29.83,197.58,1.19
ETH-USDT-SWAP,reversal,4H,0.003,0.008,0.025,1,0.0,10.0,148.0,3789.89,2460.74,1583,1074,509,67.85,92.12,1.04,134.712,3289,997.4,573.92,3745.23,275.5,3789.89,1.19
ETH-USDT-SWAP,reversal,4H,0.003,0.008,0.03,1,0.0,10.0,148.0,7390.14,4893.34,1583,1080,503,68.22,96.23,1.044,267.883,3289,1908.03,1189.21,7303.04,282.75,7390.14,1.19
ETH-USDT-SWAP,reversal,4H,0.003,0.01,0.01,1,0.0,10.0,148.0,0.0,-100.0,1583,846,737,53.44,100.0,0.739,-5.474,3289,0.11,-99.93,0.0,-99.83,0.0,-24.11
ETH-USDT-SWAP,reversal,4H,0.003,0.01,0.015,1,0.0,10.0,148.0,0.0,-100.0,1583,906,677,57.23,100.0,0.761,-5.474,3289,0.17,-99.89,0.0,-99.32,0.0,-12.17
ETH-USDT-SWAP,reversal,4H,0.003,0.01,0.02,1,0.0,10.0,148.0,0.0,-100.0,1583,928,655,58.62,100.0,0.847,-5.474,3289,0.52,-99.65,0.0,-99.14,0.0,-3.42
ETH-USDT-SWAP,reversal,4H,0.003,0.01,0.025,1,0.0,10.0,148.0,0.05,-99.96,1583,943,640,59.57,99.98,0.854,-5.472,3289,1.24,-99.16,0.06,-95.53,0.05,-3.42
ETH-USDT-SWAP,reversal,4H,0.003,0.01,0.03,1,0.0,10.0,148.0,0.05,-99.97,1583,949,634,59.95,99.98,0.87,-5.473,3289,1.96,-98.68,0.05,-97.55,0.05,-3.42
ETH-USDT-SWAP,reversal,4H,0.003,0.015,0.01,1,0.0,10.0,148.0,0.0,-100.0,1583,683,900,43.15,100.0,0.625,-5.474,3289,0.0,-100.0,0.0,-100.0,0.0,-20.6
ETH-USDT-SWAP,reversal,4H,0.003,0.015,0.015,1,0.0,10.0,148.0,0.0,-100.0,1583,745,838,47.06,100.0,0.585,-5.474,3289,0.0,-100.0,0.0,-100.0,0.0,-3.85
ETH-USDT-SWAP,reversal,4H,0.003,0.015,0.02,1,0.0,10.0,148.0,0.0,-100.0,1583,767,816,48.45,100.0,0.707,-5.474,3289,0.01,-100.0,0.0,-100.0,0.0,5.72
ETH-USDT-SWAP,reversal,4H,0.003,0.015,0.025,1,0.0,10.0,148.0,0.0,-100.0,1583,781,802,49.34,100.0,0.679,-5.474,3289,0.01,-99.99,0.0,-100.0,0.0,5.72
ETH-USDT-SWAP,reversal,4H,0.003,0.015,0.03,1,0.0,10.0,148.0,0.0,-100.0,1583,781,802,49.34,100.0,0.621,-5.474,3289,0.01,-99.99,0.0,-100.0,0.0,5.72
ETH-USDT-SWAP,reversal,4H,0.003,0.02,0.01,1,0.0,10.0,148.0,0.0,-100.0,1583,639,944,40.37,100.0,0.638,-5.474,3289,0.0,-100.0,0.0,-100.0,0.0,-32.92
ETH-USDT-SWAP,reversal,4H,0.003,0.02,0.015,1,0.0,10.0,148.0,0.0,-100.0,1583,694,889,43.84,100.0,0.59,-5.474,3289,0.0,-100.0,0.0,-100.0,0.0,-31.66
ETH-USDT-SWAP,reversal,4H,0.003,0.02,0.02,1,0.0,10.0,148.0,0.0,-100.0,1583,716,867,45.23,100.0,0.713,-5.474,3289,0.0,-100.0,0.0,-100.0,0.0,-24.86
ETH-USDT-SWAP,reversal,4H,0.003,0.02,0.025,1,0.0,10.0,148.0,0.0,-100.0,1583,730,853,46.11,100.0,0.681,-5.474,3289,0.0,-100.0,0.0,-100.0,0.0,-24.86
ETH-USDT-SWAP,reversal,4H,0.003,0.02,0.03,1,0.0,10.0,148.0,0.0,-100.0,1583,730,853,46.11,100.0,0.621,-5.474,3289,0.0,-100.0,0.0,-100.0,0.0,-24.86
ETH-USDT-SWAP,reversal,4H,0.003,0.03,0.01,1,0.0,10.0,148.0,0.0,-100.0,1583,618,965,39.04,100.0,0.651,-5.474,3289,0.0,-100.0,0.0,-100.0,0.0,-32.92
ETH-USDT-SWAP,reversal,4H,0.003,0.03,0.015,1,0.0,10.0,148.0,0.0,-100.0,1583,671,912,42.39,100.0,0.559,-5.474,3289,0.0,-100.0,0.0,-100.0,0.0,-31.66
ETH-USDT-SWAP,reversal,4H,0.003,0.03,0.02,1,0.0,10.0,148.0,0.0,-100.0,1583,697,886,44.03,100.0,0.72,-5.474,3289,0.0,-100.0,0.0,-100.0,0.0,-24.86
ETH-USDT-SWAP,reversal,4H,0.003,0.03,0.025,1,0.0,10.0,148.0,0.0,-100.0,1583,707,876,44.66,100.0,0.664,-5.474,3289,0.0,-100.0,0.0,-100.0,0.0,-24.86
ETH-USDT-SWAP,reversal,4H,0.003,0.03,0.03,1,0.0,10.0,148.0,0.0,-100.0,1583,707,876,44.66,100.0,0.623,-5.474,3289,0.0,-100.0,0.0,-100.0,0.0,-24.86
ETH-USDT-SWAP,reversal,4H,0.005,0.006,0.01,1,0.0,10.0,148.0,82535.29,55667.09,1301,986,315,75.79,81.78,1.314,3047.468,3289,3634.34,2355.64,78490.76,2059.7,82535.29,5.15
ETH-USDT-SWAP,reversal,4H,0.005,0.006,0.015,1,0.0,10.0,148.0,192030.36,129650.24,1301,1051,250,80.78,42.62,1.661,7097.641,3289,41309.75,27811.99,187985.83,355.06,192030.36,2.15
ETH-USDT-SWAP,reversal,4H,0.005,0.006,0.02,1,0.0,10.0,148.0,253800.62,171386.91,1301,1082,219,83.17,32.43,1.943,9382.495,3289,55079.27,37115.73,249756.09,353.45,253800.62,1.62
ETH-USDT-SWAP,reversal,4H,0.005,0.006,0.025,1,0.0,10.0,148.0,280352.69,189327.49,1301,1094,207,84.09,36.76,2.067,10364.644,3289,62708.02,42270.28,276308.16,340.63,280352.69,1.46
ETH-USDT-SWAP,reversal,4H,0.005,0.006,0.03,1,0.0,10.0,148.0,322954.79,218112.69,1301,1106,195,85.01,34.79,2.368,11940.476,3289,71682.69,48334.25,318910.26,344.89,322954.79,1.27
ETH-USDT-SWAP,reversal,4H,0.005,0.008,0.01,1,0.0,10.0,148.0,60138.16,40533.89,1301,859,442,66.03,92.38,1.216,2219.009,3289,3014.6,1936.89,55293.72,1734.2,60138.16,8.76
ETH-USDT-SWAP,reversal,4H,0.005,0.008,0.015,1,0.0,10.0,148.0,162521.25,109711.66,1301,918,383,70.56,53.61,1.379,6006.113,3289,32720.73,22008.6,157676.82,381.89,162521.25,3.07
ETH-USDT-SWAP,reversal,4H,0.005,0.008,0.02,1,0.0,10.0,148.0,242721.98,163901.34,1301,949,352,72.94,41.1,1.586,8972.701,3289,55388.61,37324.74,237877.55,329.47,242721.98,2.04
ETH-USDT-SWAP,reversal,4H,0.005,0.008,0.025,1,0.0,10.0,148.0,267866.25,180890.71,1301,961,340,73.87,51.75,1.642,9902.776,3289,63398.45,42736.79,263021.81,314.87,267866.25,1.84
ETH-USDT-SWAP,reversal,4H,0.005,0.008,0.03,1,0.0,10.0,148.0,306005.89,206660.74,1301,972,329,74.71,54.52,1.755,11313.544,3289,70885.31,47795.48,301161.46,324.86,306005.89,1.61
ETH-USDT-SWAP,reversal,4H,0.005,0.01,0.01,1,0.0,10.0,148.0,3.41,-97.69,1301,729,572,56.03,99.15,0.924,-5.348,3289,124.73,-15.72,3.1,-97.51,3.41,10.03
ETH-USDT-SWAP,reversal,4H,0.005,0.01,0.015,1,0.0,10.0,148.0,47.1,-68.18,1301,783,518,60.18,98.26,0.99,-3.732,3289,696.1,370.34,45.39,-93.48,47.1,3.76
ETH-USDT-SWAP,reversal,4H,0.005,0.01,0.02,1,0.0,10.0,148.0,1860.82,1157.31,1301,808,493,62.11,95.73,1.015,63.357,3289,3430.25,2217.74,1595.8,-53.48,1860.82,16.61
ETH-USDT-SWAP,reversal,4H,0.005,0.01,0.025,1,0.0,10.0,148.0,30151.58,20272.69,1301,820,481,63.03,93.67,1.089,1109.819,3289,6058.5,3993.58,27650.91,356.4,30151.58,9.04
ETH-USDT-SWAP,reversal,4H,0.005,0.01,0.03,1,0.0,10.0,148.0,73186.4,49350.27,1301,830,471,63.8,95.08,1.18,2701.657,3289,11204.71,7470.75,70685.72,530.86,73186.4,3.54
ETH-USDT-SWAP,reversal,4H,0.005,0.015,0.01,1,0.0,10.0,148.0,0.0,-100.0,1301,572,729,43.97,100.0,0.712,-5.474,3289,0.48,-99.68,0.0,-100.0,0.0,10.91
ETH-USDT-SWAP,reversal,4H,0.005,0.015,0.015,1,0.0,10.0,148.0,0.0,-100.0,1301,624,677,47.96,100.0,0.787,-5.474,3289,0.62,-99.58,0.0,-100.0,0.0,4.59
ETH-USDT-SWAP,reversal,4H,0.005,0.015,0.02,1,0.0,10.0,148.0,0.0,-100.0,1301,646,655,49.65,100.0,0.81,-5.474,3289,2.09,-98.59,0.0,-100.0,0.0,17.54
ETH-USDT-SWAP,reversal,4H,0.005,0.015,0.025,1,0.0,10.0,148.0,0.0,-100.0,1301,655,646,50.35,100.0,0.805,-5.474,3289,3.15,-97.87,0.0,-100.0,0.0,17.54
ETH-USDT-SWAP,reversal,4H,0.005,0.015,0.03,1,0.0,10.0,148.0,0.0,-100.0,1301,658,643,50.58,100.0,0.866,-5.474,3289,4.67,-96.84,0.0,-100.0,0.0,17.54
ETH-USDT-SWAP,reversal,4H,0.005,0.02,0.01,1,0.0,10.0,148.0,0.0,-100.0,1301,528,773,40.58,100.0,0.687,-5.474,3289,0.03,-99.98,0.0,-100.0,0.0,-0.12
ETH-USDT-SWAP,reversal,4H,0.005,0.02,0.015,1,0.0,10.0,148.0,0.0,-100.0,1301,572,729,43.97,100.0,0.76,-5.474,3289,0.01,-99.99,0.0,-100.0,0.0,-5.81
ETH-USDT-SWAP,reversal,4H,0.005,0.02,0.02,1,0.0,10.0,148.0,0.0,-100.0,1301,594,707,45.66,100.0,0.778,-5.474,3289,0.06,-99.96,0.0,-100.0,0.0,5.85
ETH-USDT-SWAP,reversal,4H,0.005,0.02,0.025,1,0.0,10.0,148.0,0.0,-100.0,1301,603,698,46.35,100.0,0.76,-5.474,3289,0.09,-99.94,0.0,-100.0,0.0,5.85
ETH-USDT-SWAP,reversal,4H,0.005,0.02,0.03,1,0.0,10.0,148.0,0.0,-100.0,1301,603,698,46.35,100.0,0.758,-5.474,3289,0.07,-99.95,0.0,-100.0,0.0,5.85
ETH-USDT-SWAP,reversal,4H,0.005,0.03,0.01,1,0.0,10.0,148.0,0.0,-100.0,1301,505,796,38.82,100.0,0.648,-5.474,3289,0.01,-99.99,0.0,-100.0,0.0,-17.83
ETH-USDT-SWAP,reversal,4H,0.005,0.03,0.015,1,0.0,10.0,148.0,0.0,-100.0,1301,550,751,42.28,100.0,0.727,-5.474,3289,0.0,-100.0,0.0,-100.0,0.0,-22.52
ETH-USDT-SWAP,reversal,4H,0.005,0.03,0.02,1,0.0,10.0,148.0,0.0,-100.0,1301,574,727,44.12,100.0,0.746,-5.474,3289,0.02,-99.99,0.0,-100.0,0.0,-12.92
ETH-USDT-SWAP,reversal,4H,0.005,0.03,0.025,1,0.0,10.0,148.0,0.0,-100.0,1301,580,721,44.58,100.0,0.714,-5.474,3289,0.02,-99.99,0.0,-100.0,0.0,-12.92
ETH-USDT-SWAP,reversal,4H,0.005,0.03,0.03,1,0.0,10.0,148.0,0.0,-100.0,1301,580,721,44.58,100.0,0.714,-5.474,3289,0.02,-99.99,0.0,-100.0,0.0,-12.92
ETH-USDT-SWAP,reversal,4H,0.007,0.006,0.01,1,0.0,10.0,148.0,79883.24,53875.16,1074,836,238,77.84,77.64,1.37,2949.37,3289,7795.76,5167.4,78128.24,902.19,79883.24,2.25
ETH-USDT-SWAP,reversal,4H,0.007,0.006,0.015,1,0.0,10.0,148.0,173351.21,117029.2,1074,896,178,83.43,31.36,1.765,6406.708,3289,37004.7,24903.17,170510.52,360.78,173351.21,1.67
ETH-USDT-SWAP,reversal,4H,0.007,0.006,0.02,1,0.0,10.0,148.0,215280.63,145359.89,1074,921,153,85.75,28.23,2.007,7957.658,3289,48025.4,32349.6,212439.94,342.35,215280.63,1.34
ETH-USDT-SWAP,reversal,4H,0.007,0.006,0.025,1,0.0,10.0,148.0,249637.93,168574.28,1074,935,139,87.06,27.3,2.215,9228.519,3289,66367.78,44743.1,246797.24,271.86,249637.93,1.15
ETH-USDT-SWAP,reversal,4H,0.007,0.006,0.03,1,0.0,10.0,148.0,275715.36,186194.16,1074,945,129,87.99,32.3,2.52,10193.111,3289,66970.98,45150.66,272874.67,307.45,275715.36,1.04
ETH-USDT-SWAP,reversal,4H,0.007,0.008,0.01,1,0.0,10.0,148.0,110579.54,74615.9,1074,738,336,68.72,66.78,1.335,4084.812,3289,20278.18,13601.48,107782.38,431.52,110579.54,2.6
ETH-USDT-SWAP,reversal,4H,0.007,0.008,0.015,1,0.0,10.0,148.0,183094.65,123612.6,1074,789,285,73.46,35.83,1.546,6767.113,3289,52551.92,35408.06,179211.8,241.02,183094.65,2.17
ETH-USDT-SWAP,reversal,4H,0.007,0.008,0.02,1,0.0,10.0,148.0,242742.28,163915.05,1074,817,257,76.07,33.01,1.756,8973.452,3289,65125.86,43903.96,238859.43,266.77,242742.28,1.63
ETH-USDT-SWAP,reversal,4H,0.007,0.008,0.025,1,0.0,10.0,148.0,277303.36,187267.13,1074,830,244,77.28,27.58,1.863,10251.85,3289,83382.99,56239.86,273420.51,227.91,277303.36,1.42
ETH-USDT-SWAP,reversal,4H,0.007,0.008,0.03,1,0.0,10.0,148.0,302822.86,204510.04,1074,839,235,78.12,32.39,2.002,11195.805,3289,86395.18,58275.12,298940.01,246.01,302822.86,1.3
ETH-USDT-SWAP,reversal,4H,0.007,0.01,0.01,1,0.0,10.0,148.0,4180.76,2724.84,1074,646,428,60.15,91.53,1.027,149.17,3289,6995.36,4626.59,3494.06,-50.05,4180.76,19.65
ETH-USDT-SWAP,reversal,4H,0.007,0.01,0.015,1,0.0,10.0,148.0,91125.38,61471.2,1074,695,379,64.71,67.49,1.213,3365.212,3289,25611.57,17205.12,87044.7,239.86,91125.38,4.69
ETH-USDT-SWAP,reversal,4H,0.007,0.01,0.02,1,0.0,10.0,148.0,167491.12,113069.68,1074,723,351,67.32,39.87,1.398,6189.946,3289,44267.17,29810.25,163410.43,269.15,167491.12,2.5
ETH-USDT-SWAP,reversal,4H,0.007,0.01,0.025,1,0.0,10.0,148.0,196593.99,132733.78,1074,736,338,68.53,45.63,1.454,7266.448,3289,60838.77,41007.28,192513.3,216.43,196593.99,2.12
ETH-USDT-SWAP,reversal,4H,0.007,0.01,0.03,1,0.0,10.0,148.0,223601.12,150981.84,1074,744,330,69.27,49.07,1.537,8265.429,3289,65102.23,43887.99,219520.44,237.19,223601.12,1.86
ETH-USDT-SWAP,reversal,4H,0.007,0.015,0.01,1,0.0,10.0,148.0,0.0,-100.0,1074,511,563,47.58,100.0,0.891,-5.474,3289,9.6,-93.52,0.0,-100.0,0.0,20.65
ETH-USDT-SWAP,reversal,4H,0.007,0.015,0.015,1,0.0,10.0,148.0,0.0,-100.0,1074,553,521,51.49,100.0,0.914,-5.474,3289,18.5,-87.5,0.0,-100.0,0.0,30.61
ETH-USDT-SWAP,reversal,4H,0.007,0.015,0.02,1,0.0,10.0,148.0,0.03,-99.98,1074,577,497,53.72,100.0,0.947,-5.473,3289,75.0,-49.32,0.02,-99.97,0.03,30.61
ETH-USDT-SWAP,reversal,4H,0.007,0.015,0.025,1,0.0,10.0,148.0,0.01,-99.99,1074,583,491,54.28,100.0,0.963,-5.474,3289,147.47,-0.36,0.01,-100.0,0.01,30.61
ETH-USDT-SWAP,reversal,4H,0.007,0.015,0.03,1,0.0,10.0,148.0,0.0,-100.0,1074,587,487,54.66,100.0,0.957,-5.474,3289,113.25,-23.48,0.0,-100.0,0.0,30.61
ETH-USDT-SWAP,reversal,4H,0.007,0.02,0.01,1,0.0,10.0,148.0,0.0,-100.0,1074,464,610,43.2,100.0,0.839,-5.474,3289,0.93,-99.37,0.0,-100.0,0.0,10.87
ETH-USDT-SWAP,reversal,4H,0.007,0.02,0.015,1,0.0,10.0,148.0,0.0,-100.0,1074,508,566,47.3,100.0,0.89,-5.474,3289,2.01,-98.64,0.0,-100.0,0.0,20.02
ETH-USDT-SWAP,reversal,4H,0.007,0.02,0.02,1,0.0,10.0,148.0,0.0,-100.0,1074,529,545,49.26,100.0,0.904,-5.474,3289,5.66,-96.18,0.0,-100.0,0.0,20.02
ETH-USDT-SWAP,reversal,4H,0.007,0.02,0.025,1,0.0,10.0,148.0,0.0,-100.0,1074,532,542,49.53,100.0,0.886,-5.474,3289,4.24,-97.14,0.0,-100.0,0.0,20.02
ETH-USDT-SWAP,reversal,4H,0.007,0.02,0.03,1,0.0,10.0,148.0,0.0,-100.0,1074,532,542,49.53,100.0,0.893,-5.474,3289,3.63,-97.55,0.0,-100.0,0.0,20.02
ETH-USDT-SWAP,reversal,4H,0.007,0.03,0.01,1,0.0,10.0,148.0,0.0,-100.0,1074,445,629,41.43,100.0,0.819,-5.474,3289,0.39,-99.73,0.0,-100.0,0.0,-6.93
ETH-USDT-SWAP,reversal,4H,0.007,0.03,0.015,1,0.0,10.0,148.0,0.0,-100.0,1074,487,587,45.34,100.0,0.845,-5.474,3289,0.44,-99.7,0.0,-100.0,0.0,0.75
ETH-USDT-SWAP,reversal,4H,0.007,0.03,0.02,1,0.0,10.0,148.0,0.0,-100.0,1074,505,569,47.02,100.0,0.859,-5.474,3289,0.93,-99.37,0.0,-100.0,0.0,0.75
ETH-USDT-SWAP,reversal,4H,0.007,0.03,0.025,1,0.0,10.0,148.0,0.0,-100.0,1074,506,568,47.11,100.0,0.806,-5.474,3289,0.39,-99.73,0.0,-100.0,0.0,0.75
ETH-USDT-SWAP,reversal,4H,0.007,0.03,0.03,1,0.0,10.0,148.0,0.0,-100.0,1074,506,568,47.11,100.0,0.808,-5.474,3289,0.3,-99.8,0.0,-100.0,0.0,0.75
ETH-USDT-SWAP,reversal,4H,0.01,0.006,0.01,1,0.0,10.0,148.0,16162.36,10820.51,782,613,169,78.39,84.98,1.351,592.364,3289,1871.81,1164.74,13302.77,610.69,16162.36,21.5
ETH-USDT-SWAP,reversal,4H,0.01,0.006,0.015,1,0.0,10.0,148.0,101545.56,68511.86,782,664,118,84.91,60.64,1.677,3750.649,3289,8975.34,5964.42,98545.56,997.96,101545.56,3.04
ETH-USDT-SWAP,reversal,4H,0.01,0.006,0.02,1,0.0,10.0,148.0,130034.94,87761.45,782,682,100,87.21,68.28,1.804,4804.459,3289,11467.84,7648.54,127034.94,1007.75,130034.94,2.36
ETH-USDT-SWAP,reversal,4H,0.01,0.006,0.025,1,0.0,10.0,148.0,171810.29,115988.03,782,696,86,89.0,51.49,2.14,6349.71,3289,14141.63,9455.15,168810.29,1093.71,171810.29,1.78
ETH-USDT-SWAP,reversal,4H,0.01,0.006,0.03,1,0.0,10.0,148.0,185115.42,124977.98,782,702,80,89.77,54.71,2.404,6841.86,3289,12772.75,8530.24,182115.42,1325.81,185115.42,1.65
ETH-USDT-SWAP,reversal,4H,0.01,0.008,0.01,1,0.0,10.0,148.0,100817.89,68020.2,782,569,213,72.76,56.1,1.4,3723.733,3289,15696.13,10505.49,99107.89,531.42,100817.89,1.73
ETH-USDT-SWAP,reversal,4H,0.01,0.008,0.015,1,0.0,10.0,148.0,182155.69,122978.17,782,616,166,78.77,32.41,1.757,6732.382,3289,35215.37,23694.17,178913.22,408.05,182155.69,1.81
ETH-USDT-SWAP,reversal,4H,0.01,0.008,0.02,1,0.0,10.0,148.0,213592.24,144219.08,782,634,148,81.07,38.97,1.901,7895.205,3289,42620.2,28697.43,210349.78,393.54,213592.24,1.54
ETH-USDT-SWAP,reversal,4H,0.01,0.008,0.025,1,0.0,10.0,148.0,243744.5,164592.23,782,647,135,82.74,44.11,2.102,9010.524,3289,45437.61,30601.09,240502.04,429.3,243744.5,1.35
ETH-USDT-SWAP,reversal,4H,0.01,0.008,0.03,1,0.0,10.0,148.0,264333.28,178503.57,782,654,128,83.63,45.48,2.306,9772.093,3289,46017.59,30992.97,261090.81,467.37,264333.28,1.24
ETH-USDT-SWAP,reversal,4H,0.01,0.01,0.01,1,0.0,10.0,148.0,94541.4,63779.32,782,508,274,64.96,57.6,1.3,3491.569,3289,24345.6,16349.73,92398.87,279.53,94541.4,2.32
ETH-USDT-SWAP,reversal,4H,0.01,0.01,0.015,1,0.0,10.0,148.0,180796.83,122060.02,782,555,227,70.97,48.78,1.602,6682.118,3289,42368.34,28527.25,177121.83,318.05,180796.83,2.07
ETH-USDT-SWAP,reversal,4H,0.01,0.01,0.02,1,0.0,10.0,148.0,210572.91,142179.0,782,571,211,73.02,41.23,1.708,7783.522,3289,47718.62,32142.31,206897.92,333.58,210572.91,1.78
ETH-USDT-SWAP,reversal,4H,0.01,0.01,0.025,1,0.0,10.0,148.0,245230.39,165596.21,782,585,197,74.81,40.89,1.864,9065.486,3289,54231.86,36543.15,241555.4,345.41,245230.39,1.52
ETH-USDT-SWAP,reversal,4H,0.01,0.01,0.03,1,0.0,10.0,148.0,262569.54,177311.85,782,591,191,75.58,42.33,1.976,9706.853,3289,55119.68,37143.03,258894.55,369.7,262569.54,1.42
ETH-USDT-SWAP,reversal,4H,0.01,0.015,0.01,1,0.0,10.0,148.0,0.17,-99.89,782,384,398,49.1,99.94,0.921,-5.468,3289,130.84,-11.59,0.14,-99.89,0.17,15.22
ETH-USDT-SWAP,reversal,4H,0.01,0.015,0.015,1,0.0,10.0,148.0,11.63,-92.14,782,426,356,54.48,98.91,0.98,-5.044,3289,635.1,329.12,9.04,-98.58,11.63,28.65
ETH-USDT-SWAP,reversal,4H,0.01,0.015,0.02,1,0.0,10.0,148.0,17.03,-88.49,782,440,342,56.27,98.8,0.985,-4.844,3289,772.86,422.2,13.24,-98.29,17.03,28.65
ETH-USDT-SWAP,reversal,4H,0.01,0.015,0.025,1,0.0,10.0,148.0,61.84,-58.22,782,451,331,57.67,98.98,0.995,-3.187,3289,1413.11,854.81,48.07,-96.6,61.84,28.65
ETH-USDT-SWAP,reversal,4H,0.01,0.015,0.03,1,0.0,10.0,148.0,57.68,-61.02,782,455,327,58.18,97.83,0.995,-3.341,3289,1299.08,777.76,44.84,-96.55,57.68,28.65
ETH-USDT-SWAP,reversal,4H,0.01,0.02,0.01,1,0.0,10.0,148.0,0.0,-100.0,782,342,440,43.73,100.0,0.763,-5.474,3289,6.23,-95.79,0.0,-100.0,0.0,20.32
ETH-USDT-SWAP,reversal,4H,0.01,0.02,0.015,1,0.0,10.0,148.0,0.0,-100.0,782,384,398,49.1,100.0,0.813,-5.474,3289,19.21,-87.02,0.0,-99.99,0.0,34.34
ETH-USDT-SWAP,reversal,4H,0.01,0.02,0.02,1,0.0,10.0,148.0,0.0,-100.0,782,396,386,50.64,100.0,0.821,-5.474,3289,22.97,-84.48,0.0,-100.0,0.0,34.34
ETH-USDT-SWAP,reversal,4H,0.01,0.02,0.025,1,0.0,10.0,148.0,0.0,-100.0,782,400,382,51.15,100.0,0.879,-5.474,3289,32.06,-78.33,0.0,-100.0,0.0,34.34
ETH-USDT-SWAP,reversal,4H,0.01,0.02,0.03,1,0.0,10.0,148.0,0.0,-100.0,782,403,379,51.53,100.0,0.836,-5.474,3289,13.77,-90.7,0.0,-100.0,0.0,34.34
ETH-USDT-SWAP,reversal,4H,0.01,0.03,0.01,1,0.0,10.0,148.0,0.0,-100.0,782,324,458,41.43,100.0,0.728,-5.474,3289,1.57,-98.94,0.0,-100.0,0.0,4.03
ETH-USDT-SWAP,reversal,4H,0.01,0.03,0.015,1,0.0,10.0,148.0,0.0,-100.0,782,365,417,46.68,100.0,0.773,-5.474,3289,5.4,-96.35,0.0,-100.0,0.0,16.15
ETH-USDT-SWAP,reversal,4H,0.01,0.03,0.02,1,0.0,10.0,148.0,0.0,-100.0,782,375,407,47.95,100.0,0.777,-5.474,3289,6.7,-95.47,0.0,-100.0,0.0,16.15
ETH-USDT-SWAP,reversal,4H,0.01,0.03,0.025,1,0.0,10.0,148.0,0.0,-100.0,782,376,406,48.08,100.0,0.771,-5.474,3289,5.76,-96.11,0.0,-100.0,0.0,16.15
ETH-USDT-SWAP,reversal,4H,0.01,0.03,0.03,1,0.0,10.0,148.0,0.0,-100.0,782,379,403,48.47,100.0,0.704,-5.474,3289,2.15,-98.55,0.0,-100.0,0.0,16.15
ETH-USDT-SWAP,fade,4H,0.001,0.006,0.01,1,0.0,10.0,148.0,0.0,-100.0,2504,1632,872,65.18,100.0,0.623,-5.474,3289,0.18,-99.88,0.0,-100.0,0.0,-46.44
ETH-USDT-SWAP,fade,4H,0.001,0.006,0.015,1,0.0,10.0,148.0,0.0,-100.0,2504,1737,767,69.37,100.0,0.772,-5.474,3289,13.96,-90.57,0.0,-99.98,0.0,-25.77
ETH-USDT-SWAP,fade,4H,0.001,0.006,0.02,1,0.0,10.0,148.0,0.01,-99.99,2504,1768,736,70.61,100.0,0.847,-5.474,3289,23.43,-84.17,0.01,-99.94,0.01,-30.26
ETH-USDT-SWAP,fade,4H,0.001,0.006,0.025,1,0.0,10.0,148.0,0.07,-99.95,2504,1788,716,71.41,99.97,0.911,-5.472,3289,72.51,-51.01,0.08,-99.88,0.07,-20.18
ETH-USDT-SWAP,fade,4H,0.001,0.006,0.03,1,0.0,10.0,148.0,0.35,-99.76,2504,1797,707,71.77,99.88,0.937,-5.461,3289,162.14,9.56,0.44,-99.73,0.35,-20.18
ETH-USDT-SWAP,fade,4H,0.001,0.008,0.01,1,0.0,10.0,148.0,0.0,-100.0,2504,1379,1125,55.07,100.0,0.668,-5.474,3289,0.0,-100.0,0.0,-100.0,0.0,-43.12
ETH-USDT-SWAP,fade,4H,0.001,0.008,0.015,1,0.0,10.0,148.0,0.0,-100.0,2504,1478,1026,59.03,100.0,0.761,-5.474,3289,0.01,-99.99,0.0,-100.0,0.0,-19.64
ETH-USDT-SWAP,fade,4H,0.001,0.008,0.02,1,0.0,10.0,148.0,0.0,-100.0,2504,1509,995,60.26,100.0,0.794,-5.474,3289,0.01,-99.99,0.0,-100.0,0.0,-24.5
ETH-USDT-SWAP,fade,4H,0.001,0.008,0.025,1,0.0,10.0,148.0,0.0,-100.0,2504,1527,977,60.98,100.0,0.815,-5.474,3289,0.04,-99.97,0.0,-100.0,0.0,-13.59
ETH-USDT-SWAP,fade,4H,0.001,0.008,0.03,1,0.0,10.0,148.0,0.0,-100.0,2504,1536,968,61.34,100.0,0.807,-5.474,3289,0.05,-99.96,0.0,-100.0,0.0,-13.59
ETH-USDT-SWAP,fade,4H,0.001,0.01,0.01,1,0.0,10.0,148.0,0.0,-100.0,2504,1196,1308,47.76,100.0,0.515,-5.474,3289,0.0,-100.0,0.0,-100.0,0.0,-39.84
ETH-USDT-SWAP,fade,4H,0.001,0.01,0.015,1,0.0,10.0,148.0,0.0,-100.0,2504,1294,1210,51.68,100.0,0.669,-5.474,3289,0.0,-100.0,0.0,-100.0,0.0,-13.4
ETH-USDT-SWAP,fade,4H,0.001,0.01,0.02,1,0.0,10.0,148.0,0.0,-100.0,2504,1330,1174,53.12,100.0,0.722,-5.474,3289,0.0,-100.0,0.0,-100.0,0.0,-18.64
ETH-USDT-SWAP,fade,4H,0.001,0.01,0.025,1,0.0,10.0,148.0,0.0,-100.0,2504,1348,1156,53.83,100.0,0.731,-5.474,3289,0.0,-100.0,0.0,-100.0,0.0,-6.88
ETH-USDT-SWAP,fade,4H,0.001,0.01,0.03,1,0.0,10.0,148.0,0.0,-100.0,2504,1355,1149,54.11,100.0,0.715,-5.474,3289,0.0,-100.0,0.0,-100.0,0.0,-6.88
ETH-USDT-SWAP,fade,4H,0.001,0.015,0.01,1,0.0,10.0,148.0,0.0,-100.0,2504,1003,1501,40.06,100.0,0.456,-5.474,3289,0.0,-100.0,0.0,-100.0,0.0,-55.76
ETH-USDT-SWAP,fade,4H,0.001,0.015,0.015,1,0.0,10.0,148.0,0.0,-100.0,2504,1091,1413,43.57,100.0,0.506,-5.474,3289,0.0,-100.0,0.0,-100.0,0.0,-28.0
ETH-USDT-SWAP,fade,4H,0.001,0.015,0.02,1,0.0,10.0,148.0,0.0,-100.0,2504,1120,1384,44.73,100.0,0.568,-5.474,3289,0.0,-100.0,0.0,-100.0,0.0,-32.35
ETH-USDT-SWAP,fade,4H,0.001,0.015,0.025,1,0.0,10.0,148.0,0.0,-100.0,2504,1137,1367,45.41,100.0,0.549,-5.474,3289,0.0,-100.0,0.0,-100.0,0.0,-22.58
ETH-USDT-SWAP,fade,4H,0.001,0.015,0.03,1,0.0,10.0,148.0,0.0,-100.0,2504,1142,1362,45.61,100.0,0.509,-5.474,3289,0.0,-100.0,0.0,-100.0,0.0,-22.58
ETH-USDT-SWAP,fade,4H,0.001,0.02,0.01,1,0.0,10.0,148.0,0.0,-100.0,2504,943,1561,37.66,100.0,0.354,-5.474,3289,0.0,-100.0,0.0,-100.0,0.0,-55.92
ETH-USDT-SWAP,fade,4H,0.001,0.02,0.015,1,0.0,10.0,148.0,0.0,-100.0,2504,1030,1474,41.13,100.0,0.422,-5.474,3289,0.0,-100.0,0.0,-100.0,0.0,-40.91
ETH-USDT-SWAP,fade,4H,0.001,0.02,0.02,1,0.0,10.0,148.0,0.0,-100.0,2504,1059,1445,42.29,100.0,0.477,-5.474,3289,0.0,-100.0,0.0,-100.0,0.0,-44.48
ETH-USDT-SWAP,fade,4H,0.001,0.02,0.025,1,0.0,10.0,148.0,0.0,-100.0,2504,1076,1428,42.97,100.0,0.455,-5.474,3289,0.0,-100.0,0.0,-100.0,0.0,-36.46
ETH-USDT-SWAP,fade,4H,0.001,0.02,0.03,1,0.0,10.0,148.0,0.0,-100.0,2504,1081,1423,43.17,100.0,0.415,-5.474,3289,0.0,-100.0,0.0,-100.0,0.0,-36.46
ETH-USDT-SWAP,fade,4H,0.001,0.03,0.01,1,0.0,10.0,148.0,0.0,-100.0,2504,924,1580,36.9,100.0,0.345,-5.474,3289,0.0,-100.0,0.0,-100.0,0.0,-55.92
ETH-USDT-SWAP,fade,4H,0.001,0.03,0.015,1,0.0,10.0,148.0,0.0,-100.0,2504,1011,1493,40.38,100.0,0.427,-5.474,3289,0.0,-100.0,0.0,-100.0,0.0,-40.91
ETH-USDT-SWAP,fade,4H,0.001,0.03,0.02,1,0.0,10.0,148.0,0.0,-100.0,2504,1040,1464,41.53,100.0,0.48,-5.474,3289,0.0,-100.0,0.0,-100.0,0.0,-44.48
ETH-USDT-SWAP,fade,4H,0.001,0.03,0.025,1,0.0,10.0,148.0,0.0,-100.0,2504,1055,1449,42.13,100.0,0.458,-5.474,3289,0.0,-100.0,0.0,-100.0,0.0,-36.46
ETH-USDT-SWAP,fade,4H,0.001,0.03,0.03,1,0.0,10.0,148.0,0.0,-100.0,2504,1059,1445,42.29,100.0,0.419,-5.474,3289,0.0,-100.0,0.0,-100.0,0.0,-36.46
ETH-USDT-SWAP,fade,4H,0.002,0.006,0.01,1,0.0,10.0,148.0,0.5,-99.66,2315,1594,721,68.86,99.72,0.883,-5.456,3289,39.91,-73.03,0.69,-98.27,0.5,-27.99
ETH-USDT-SWAP,fade,4H,0.002,0.006,0.015,1,0.0,10.0,148.0,17798.95,11926.32,2315,1702,613,73.52,85.22,1.091,652.901,3289,2860.73,1832.92,20163.79,604.85,17798.95,-11.73
ETH-USDT-SWAP,fade,4H,0.002,0.006,0.02,1,0.0,10.0,148.0,56802.62,38280.15,2315,1729,586,74.69,90.46,1.159,2095.629,3289,7224.5,4781.42,58082.34,703.96,56802.62,-2.2
ETH-USDT-SWAP,fade,4H,0.002,0.006,0.025,1,0.0,10.0,148.0,155942.73,105266.71,2315,1750,565,75.59,74.24,1.263,5762.776,3289,28164.93,18930.36,157222.44,458.22,155942.73,-0.81
ETH-USDT-SWAP,fade,4H,0.002,0.006,0.03,1,0.0,10.0,148.0,189593.09,128003.44,2315,1761,554,76.07,62.78,1.314,7007.488,3289,48945.07,32971.0,190872.81,289.97,189593.09,-0.67
ETH-USDT-SWAP,fade,4H,0.002,0.008,0.01,1,0.0,10.0,148.0,0.0,-100.0,2315,1334,981,57.62,100.0,0.751,-5.474,3289,0.12,-99.92,0.0,-100.0,0.0,-24.27
ETH-USDT-SWAP,fade,4H,0.002,0.008,0.015,1,0.0,10.0,148.0,0.0,-100.0,2315,1424,891,61.51,100.0,0.862,-5.474,3289,1.98,-98.66,0.0,-99.95,0.0,-11.19
ETH-USDT-SWAP,fade,4H,0.002,0.008,0.02,1,0.0,10.0,148.0,0.0,-100.0,2315,1448,867,62.55,100.0,0.894,-5.474,3289,3.22,-97.82,0.0,-99.94,0.0,-3.42
ETH-USDT-SWAP,fade,4H,0.002,0.008,0.025,1,0.0,10.0,148.0,0.01,-99.99,2315,1469,846,63.46,100.0,0.928,-5.474,3289,10.08,-93.19,0.01,-99.85,0.01,-3.42
ETH-USDT-SWAP,fade,4H,0.002,0.008,0.03,1,0.0,10.0,148.0,0.08,-99.95,2315,1478,837,63.84,99.99,0.957,-5.472,3289,31.22,-78.91,0.08,-99.74,0.08,-3.42
ETH-USDT-SWAP,fade,4H,0.002,0.01,0.01,1,0.0,10.0,148.0,0.0,-100.0,2315,1167,1148,50.41,100.0,0.735,-5.474,3289,0.01,-100.0,0.0,-100.0,0.0,-21.07
ETH-USDT-SWAP,fade,4H,0.002,0.01,0.015,1,0.0,10.0,148.0,0.0,-100.0,2315,1259,1056,54.38,100.0,0.807,-5.474,3289,0.08,-99.95,0.0,-100.0,0.0,-5.69
ETH-USDT-SWAP,fade,4H,0.002,0.01,0.02,1,0.0,10.0,148.0,0.0,-100.0,2315,1288,1027,55.64,100.0,0.828,-5.474,3289,0.19,-99.87,0.0,-100.0,0.0,2.55
ETH-USDT-SWAP,fade,4H,0.002,0.01,0.025,1,0.0,10.0,148.0,0.0,-100.0,2315,1307,1008,56.46,100.0,0.845,-5.474,3289,0.61,-99.59,0.0,-100.0,0.0,2.55
ETH-USDT-SWAP,fade,4H,0.002,0.01,0.03,1,0.0,10.0,148.0,0.0,-100.0,2315,1314,1001,56.76,100.0,0.871,-5.474,3289,1.5,-98.98,0.0,-100.0,0.0,2.55
ETH-USDT-SWAP,fade,4H,0.002,0.015,0.01,1,0.0,10.0,148.0,0.0,-100.0,2315,969,1346,41.86,100.0,0.583,-5.474,3289,0.0,-100.0,0.0,-100.0,0.0,-41.34
ETH-USDT-SWAP,fade,4H,0.002,0.015,0.015,1,0.0,10.0,148.0,0.0,-100.0,2315,1051,1264,45.4,100.0,0.59,-5.474,3289,0.0,-100.0,0.0,-100.0,0.0,-19.91
ETH-USDT-SWAP,fade,4H,0.002,0.015,0.02,1,0.0,10.0,148.0,0.0,-100.0,2315,1078,1237,46.57,100.0,0.632,-5.474,3289,0.0,-100.0,0.0,-100.0,0.0,-12.91
ETH-USDT-SWAP,fade,4H,0.002,0.015,0.025,1,0.0,10.0,148.0,0.0,-100.0,2315,1097,1218,47.39,100.0,0.618,-5.474,3289,0.0,-100.0,0.0,-100.0,0.0,-12.91
ETH-USDT-SWAP,fade,4H,0.002,0.015,0.03,1,0.0,10.0,148.0,0.0,-100.0,2315,1100,1215,47.52,100.0,0.572,-5.474,3289,0.0,-100.0,0.0,-100.0,0.0,-12.91
ETH-USDT-SWAP,fade,4H,0.002,0.02,0.01,1,0.0,10.0,148.0,0.0,-100.0,2315,906,1409,39.14,100.0,0.559,-5.474,3289,0.0,-100.0,0.0,-100.0,0.0,-41.02
ETH-USDT-SWAP,fade,4H,0.002,0.02,0.015,1,0.0,10.0,148.0,0.0,-100.0,2315,983,1332,42.46,100.0,0.554,-5.474,3289,0.0,-100.0,0.0,-100.0,0.0,-32.96
ETH-USDT-SWAP,fade,4H,0.002,0.02,0.02,1,0.0,10.0,148.0,0.0,-100.0,2315,1010,1305,43.63,100.0,0.581,-5.474,3289,0.0,-100.0,0.0,-100.0,0.0,-27.1
ETH-USDT-SWAP,fade,4H,0.002,0.02,0.025,1,0.0,10.0,148.0,0.0,-100.0,2315,1028,1287,44.41,100.0,0.563,-5.474,3289,0.0,-100.0,0.0,-100.0,0.0,-27.1
ETH-USDT-SWAP,fade,4H,0.002,0.02,0.03,1,0.0,10.0,148.0,0.0,-100.0,2315,1031,1284,44.54,100.0,0.518,-5.474,3289,0.0,-100.0,0.0,-100.0,0.0,-27.1
ETH-USDT-SWAP,fade,4H,0.002,0.03,0.01,1,0.0,10.0,148.0,0.0,-100.0,2315,885,1430,38.23,100.0,0.538,-5.474,3289,0.0,-100.0,0.0,-100.0,0.0,-41.02
ETH-USDT-SWAP,fade,4H,0.002,0.03,0.015,1,0.0,10.0,148.0,0.0,-100.0,2315,960,1355,41.47,100.0,0.513,-5.474,3289,0.0,-100.0,0.0,-100.0,0.0,-32.96
ETH-USDT-SWAP,fade,4H,0.002,0.03,0.02,1,0.0,10.0,148.0,0.0,-100.0,2315,987,1328,42.63,100.0,0.552,-5.474,3289,0.0,-100.0,0.0,-100.0,0.0,-27.1
ETH-USDT-SWAP,fade,4H,0.002,0.03,0.025,1,0.0,10.0,148.0,0.0,-100.0,2315,1003,1312,43.33,100.0,0.535,-5.474,3289,0.0,-100.0,0.0,-100.0,0.0,-27.1
ETH-USDT-SWAP,fade,4H,0.002,0.03,0.03,1,0.0,10.0,148.0,0.0,-100.0,2315,1005,1310,43.41,100.0,0.491,-5.474,3289,0.0,-100.0,0.0,-100.0,0.0,-27.1
ETH-USDT-SWAP,fade,4H,0.003,0.006,0.01,1,0.0,10.0,148.0,49901.39,33617.16,2123,1543,580,72.68,85.02,1.226,1840.355,3289,2311.49,1461.82,49244.7,2030.43,49901.39,1.33
ETH-USDT-SWAP,fade,4H,0.003,0.006,0.015,1,0.0,10.0,148.0,216679.55,146305.1,2123,1637,486,77.11,58.36,1.432,8009.403,3289,37452.12,25205.49,213046.94,468.85,216679.55,1.71
ETH-USDT-SWAP,fade,4H,0.003,0.006,0.02,1,0.0,10.0,148.0,283576.59,191505.8,2123,1671,452,78.71,62.21,1.547,10483.894,3289,67275.22,45356.23,279943.98,316.12,283576.59,1.3
ETH-USDT-SWAP,fade,4H,0.003,0.006,0.025,1,0.0,10.0,148.0,346484.25,234010.98,2123,1692,431,79.7,38.58,1.682,12810.82,3289,89072.27,60083.97,342851.64,284.91,346484.25,1.06
ETH-USDT-SWAP,fade,4H,0.003,0.006,0.03,1,0.0,10.0,148.0,367546.74,248242.39,2123,1701,422,80.12,42.36,1.72,13589.912,3289,98191.45,66245.58,363914.13,270.62,367546.74,1.0
ETH-USDT-SWAP,fade,4H,0.003,0.008,0.01,1,0.0,10.0,148.0,1.89,-98.73,2123,1303,820,61.38,99.49,0.874,-5.405,3289,53.51,-63.84,2.58,-95.18,1.89,-26.82
ETH-USDT-SWAP,fade,4H,0.003,0.008,0.015,1,0.0,10.0,148.0,227.87,53.96,2123,1386,737,65.28,95.65,1.007,2.954,3289,641.89,333.71,262.62,-59.09,227.87,-13.23
ETH-USDT-SWAP,fade,4H,0.003,0.008,0.02,1,0.0,10.0,148.0,3065.58,1971.34,2123,1416,707,66.7,98.0,1.045,107.92,3289,2336.78,1478.91,3213.0,37.5,3065.58,-4.59
ETH-USDT-SWAP,fade,4H,0.003,0.008,0.025,1,0.0,10.0,148.0,52926.28,35661.0,2123,1434,689,67.55,97.9,1.159,1952.244,3289,8972.2,5962.29,53364.36,494.77,52926.28,-0.82
ETH-USDT-SWAP,fade,4H,0.003,0.008,0.03,1,0.0,10.0,148.0,102195.01,68950.68,2123,1442,681,67.92,98.63,1.196,3774.672,3289,22590.42,15163.8,102633.09,354.32,102195.01,-0.43
ETH-USDT-SWAP,fade,4H,0.003,0.01,0.01,1,0.0,10.0,148.0,0.0,-100.0,2123,1136,987,53.51,100.0,0.786,-5.474,3289,0.22,-99.85,0.0,-99.97,0.0,-24.41
ETH-USDT-SWAP,fade,4H,0.003,0.01,0.015,1,0.0,10.0,148.0,0.0,-100.0,2123,1209,914,56.95,100.0,0.799,-5.474,3289,0.46,-99.69,0.0,-99.93,0.0,-8.69
ETH-USDT-SWAP,fade,4H,0.003,0.01,0.02,1,0.0,10.0,148.0,0.0,-100.0,2123,1237,886,58.27,100.0,0.875,-5.474,3289,2.6,-98.24,0.0,-99.87,0.0,0.4
ETH-USDT-SWAP,fade,4H,0.003,0.01,0.025,1,0.0,10.0,148.0,0.03,-99.98,2123,1254,869,59.07,99.99,0.888,-5.473,3289,6.2,-95.81,0.03,-99.5,0.03,0.4
ETH-USDT-SWAP,fade,4H,0.003,0.01,0.03,1,0.0,10.0,148.0,0.07,-99.95,2123,1262,861,59.44,99.97,0.908,-5.472,3289,11.13,-92.48,0.07,-99.35,0.07,0.4
ETH-USDT-SWAP,fade,4H,0.003,0.015,0.01,1,0.0,10.0,148.0,0.0,-100.0,2123,917,1206,43.19,100.0,0.659,-5.474,3289,0.0,-100.0,0.0,-100.0,0.0,-17.24
ETH-USDT-SWAP,fade,4H,0.003,0.015,0.015,1,0.0,10.0,148.0,0.0,-100.0,2123,988,1135,46.54,100.0,0.614,-5.474,3289,0.0,-100.0,0.0,-100.0,0.0,4.6
ETH-USDT-SWAP,fade,4H,0.003,0.015,0.02,1,0.0,10.0,148.0,0.0,-100.0,2123,1015,1108,47.81,100.0,0.713,-5.474,3289,0.0,-100.0,0.0,-100.0,0.0,15.02
ETH-USDT-SWAP,fade,4H,0.003,0.015,0.025,1,0.0,10.0,148.0,0.0,-100.0,2123,1033,1090,48.66,100.0,0.681,-5.474,3289,0.01,-100.0,0.0,-100.0,0.0,15.02
ETH-USDT-SWAP,fade,4H,0.003,0.015,0.03,1,0.0,10.0,148.0,0.0,-100.0,2123,1034,1089,48.7,100.0,0.634,-5.474,3289,0.0,-100.0,0.0,-100.0,0.0,15.02
ETH-USDT-SWAP,fade,4H,0.003,0.02,0.01,1,0.0,10.0,148.0,0.0,-100.0,2123,855,1268,40.27,100.0,0.591,-5.474,3289,0.0,-100.0,0.0,-100.0,0.0,-26.99
ETH-USDT-SWAP,fade,4H,0.003,0.02,0.015,1,0.0,10.0,148.0,0.0,-100.0,2123,918,1205,43.24,100.0,0.545,-5.474,3289,0.0,-100.0,0.0,-100.0,0.0,-22.36
ETH-USDT-SWAP,fade,4H,0.003,0.02,0.02,1,0.0,10.0,148.0,0.0,-100.0,2123,943,1180,44.42,100.0,0.642,-5.474,3289,0.0,-100.0,0.0,-100.0,0.0,-14.62
ETH-USDT-SWAP,fade,4H,0.003,0.02,0.025,1,0.0,10.0,148.0,0.0,-100.0,2123,961,1162,45.27,100.0,0.602,-5.474,3289,0.0,-100.0,0.0,-100.0,0.0,-14.62
ETH-USDT-SWAP,fade,4H,0.003,0.02,0.03,1,0.0,10.0,148.0,0.0,-100.0,2123,962,1161,45.31,100.0,0.551,-5.474,3289,0.0,-100.0,0.0,-100.0,0.0,-14.62
ETH-USDT-SWAP,fade,4H,0.003,0.03,0.01,1,0.0,10.0,148.0,0.0,-100.0,2123,832,1291,39.19,100.0,0.603,-5.474,3289,0.0,-100.0,0.0,-100.0,0.0,-29.07
ETH-USDT-SWAP,fade,4H,0.003,0.03,0.015,1,0.0,10.0,148.0,0.0,-100.0,2123,894,1229,42.11,100.0,0.547,-5.474,3289,0.0,-100.0,0.0,-100.0,0.0,-24.58
ETH-USDT-SWAP,fade,4H,0.003,0.03,0.02,1,0.0,10.0,148.0,0.0,-100.0,2123,923,1200,43.48,100.0,0.651,-5.474,3289,0.0,-100.0,0.0,-100.0,0.0,-17.06
ETH-USDT-SWAP,fade,4H,0.003,0.03,0.025,1,0.0,10.0,148.0,0.0,-100.0,2123,937,1186,44.14,100.0,0.605,-5.474,3289,0.0,-100.0,0.0,-100.0,0.0,-17.06
ETH-USDT-SWAP,fade,4H,0.003,0.03,0.03,1,0.0,10.0,148.0,0.0,-100.0,2123,938,1185,44.18,100.0,0.561,-5.474,3289,0.0,-100.0,0.0,-100.0,0.0,-17.06
ETH-USDT-SWAP,fade,4H,0.005,0.006,0.01,1,0.0,10.0,148.0,120980.52,81643.59,1746,1315,431,75.32,53.98,1.267,4469.54,3289,29735.87,19991.8,117883.92,296.44,120980.52,2.63
ETH-USDT-SWAP,fade,4H,0.005,0.006,0.015,1,0.0,10.0,148.0,260305.75,175782.26,1746,1406,340,80.53,41.54,1.611,9623.117,3289,87523.81,59037.71,257209.15,193.87,260305.75,1.2
ETH-USDT-SWAP,fade,4H,0.005,0.006,0.02,1,0.0,10.0,148.0,338786.52,228809.81,1746,1446,300,82.82,31.16,1.855,12526.085,3289,104347.57,70405.11,335689.92,221.7,338786.52,0.92
ETH-USDT-SWAP,fade,4H,0.005,0.006,0.025,1,0.0,10.0,148.0,374879.31,253196.83,1746,1461,285,83.68,35.58,1.967,13861.14,3289,118721.58,80117.29,371782.71,213.16,374879.31,0.83
ETH-USDT-SWAP,fade,4H,0.005,0.006,0.03,1,0.0,10.0,148.0,434615.54,293559.15,1746,1477,269,84.59,32.0,2.263,16070.756,3289,127774.78,86234.31,431518.94,237.72,434615.54,0.72
ETH-USDT-SWAP,fade,4H,0.005,0.008,0.01,1,0.0,10.0,148.0,104578.72,70561.3,1746,1153,593,66.04,77.53,1.18,3862.845,3289,26165.29,17579.25,100682.22,284.79,104578.72,3.87
ETH-USDT-SWAP,fade,4H,0.005,0.008,0.015,1,0.0,10.0,148.0,222056.19,149937.97,1746,1232,514,70.56,56.36,1.374,8208.283,3289,70996.65,47870.71,218159.69,207.28,222056.19,1.79
ETH-USDT-SWAP,fade,4H,0.005,0.008,0.02,1,0.0,10.0,148.0,317725.86,214579.63,1746,1271,475,72.79,43.15,1.542,11747.06,3289,94919.91,64035.07,313829.35,230.63,317725.86,1.24
ETH-USDT-SWAP,fade,4H,0.005,0.008,0.025,1,0.0,10.0,148.0,356784.48,240970.6,1746,1286,460,73.65,35.05,1.596,13191.821,3289,114464.15,77240.64,352887.98,208.3,356784.48,1.1
ETH-USDT-SWAP,fade,4H,0.005,0.008,0.03,1,0.0,10.0,148.0,414957.4,280276.62,1746,1301,445,74.51,32.0,1.735,15343.61,3289,125228.66,84513.96,411060.89,228.25,414957.4,0.95
ETH-USDT-SWAP,fade,4H,0.005,0.01,0.01,1,0.0,10.0,148.0,1.55,-98.95,1746,991,755,56.76,99.85,0.975,-5.417,3289,727.32,391.43,1.51,-99.79,1.55,3.07
ETH-USDT-SWAP,fade,4H,0.005,0.01,0.015,1,0.0,10.0,148.0,80.49,-45.61,1746,1064,682,60.94,98.81,0.999,-2.497,3289,4734.99,3099.32,82.82,-98.25,80.49,-2.81
ETH-USDT-SWAP,fade,4H,0.005,0.01,0.02,1,0.0,10.0,148.0,73336.02,49451.37,1746,1095,651,62.71,94.27,1.11,2707.192,3289,27265.68,18322.76,71783.27,163.27,73336.02,2.16
ETH-USDT-SWAP,fade,4H,0.005,0.01,0.025,1,0.0,10.0,148.0,126121.93,85117.52,1746,1110,636,63.57,69.97,1.168,4659.718,3289,43638.94,29385.77,124569.18,185.45,126121.93,1.25
ETH-USDT-SWAP,fade,4H,0.005,0.01,0.03,1,0.0,10.0,148.0,182798.13,123412.25,1746,1124,622,64.38,52.79,1.251,6756.145,3289,58062.59,39131.48,181245.38,212.16,182798.13,0.86
ETH-USDT-SWAP,fade,4H,0.005,0.015,0.01,1,0.0,10.0,148.0,0.0,-100.0,1746,790,956,45.25,100.0,0.715,-5.474,3289,0.2,-99.86,0.0,-100.0,0.0,17.74
ETH-USDT-SWAP,fade,4H,0.005,0.015,0.015,1,0.0,10.0,148.0,0.0,-100.0,1746,851,895,48.74,100.0,0.775,-5.474,3289,0.21,-99.86,0.0,-100.0,0.0,11.03
ETH-USDT-SWAP,fade,4H,0.005,0.015,0.02,1,0.0,10.0,148.0,0.0,-100.0,1746,882,864,50.52,100.0,0.804,-5.474,3289,1.15,-99.22,0.0,-100.0,0.0,24.78
ETH-USDT-SWAP,fade,4H,0.005,0.015,0.025,1,0.0,10.0,148.0,0.0,-100.0,1746,894,852,51.2,100.0,0.79,-5.474,3289,1.73,-98.83,0.0,-100.0,0.0,24.78
ETH-USDT-SWAP,fade,4H,0.005,0.015,0.03,1,0.0,10.0,148.0,0.0,-100.0,1746,900,846,51.55,100.0,0.839,-5.474,3289,2.29,-98.45,0.0,-100.0,0.0,24.78
ETH-USDT-SWAP,fade,4H,0.005,0.02,0.01,1,0.0,10.0,148.0,0.0,-100.0,1746,721,1025,41.29,100.0,0.663,-5.474,3289,0.01,-100.0,0.0,-100.0,0.0,10.74
ETH-USDT-SWAP,fade,4H,0.005,0.02,0.015,1,0.0,10.0,148.0,0.0,-100.0,1746,771,975,44.16,100.0,0.739,-5.474,3289,0.0,-100.0,0.0,-100.0,0.0,4.43
ETH-USDT-SWAP,fade,4H,0.005,0.02,0.02,1,0.0,10.0,148.0,0.0,-100.0,1746,801,945,45.88,100.0,0.768,-5.474,3289,0.01,-99.99,0.0,-100.0,0.0,17.36
ETH-USDT-SWAP,fade,4H,0.005,0.02,0.025,1,0.0,10.0,148.0,0.0,-100.0,1746,813,933,46.56,100.0,0.743,-5.474,3289,0.03,-99.98,0.0,-100.0,0.0,17.36
ETH-USDT-SWAP,fade,4H,0.005,0.02,0.03,1,0.0,10.0,148.0,0.0,-100.0,1746,814,932,46.62,100.0,0.748,-5.474,3289,0.02,-99.99,0.0,-100.0,0.0,17.36
ETH-USDT-SWAP,fade,4H,0.005,0.03,0.01,1,0.0,10.0,148.0,0.0,-100.0,1746,698,1048,39.98,100.0,0.625,-5.474,3289,0.0,-100.0,0.0,-100.0,0.0,-9.93
ETH-USDT-SWAP,fade,4H,0.005,0.03,0.015,1,0.0,10.0,148.0,0.0,-100.0,1746,749,997,42.9,100.0,0.694,-5.474,3289,0.0,-100.0,0.0,-100.0,0.0,-15.06
ETH-USDT-SWAP,fade,4H,0.005,0.03,0.02,1,0.0,10.0,148.0,0.0,-100.0,1746,778,968,44.56,100.0,0.71,-5.474,3289,0.0,-100.0,0.0,-100.0,0.0,-4.54
ETH-USDT-SWAP,fade,4H,0.005,0.03,0.025,1,0.0,10.0,148.0,0.0,-100.0,1746,787,959,45.07,100.0,0.676,-5.474,3289,0.0,-100.0,0.0,-100.0,0.0,-4.54
ETH-USDT-SWAP,fade,4H,0.005,0.03,0.03,1,0.0,10.0,148.0,0.0,-100.0,1746,787,959,45.07,100.0,0.688,-5.474,3289,0.0,-100.0,0.0,-100.0,0.0,-4.54
ETH-USDT-SWAP,fade,4H,0.007,0.006,0.01,1,0.0,10.0,148.0,116713.01,78760.14,1435,1110,325,77.35,53.04,1.31,4311.687,3289,34573.15,23260.24,115071.59,232.84,116713.01,1.43
ETH-USDT-SWAP,fade,4H,0.007,0.006,0.015,1,0.0,10.0,148.0,233282.78,157523.5,1435,1191,244,83.0,31.36,1.682,8623.549,3289,80427.08,54242.62,230555.66,186.66,233282.78,1.18
ETH-USDT-SWAP,fade,4H,0.007,0.006,0.02,1,0.0,10.0,148.0,297281.0,200765.54,1435,1226,209,85.44,28.14,1.926,10990.814,3289,101066.62,68188.26,294553.88,191.45,297281.0,0.93
ETH-USDT-SWAP,fade,4H,0.007,0.006,0.025,1,0.0,10.0,148.0,328846.48,222093.57,1435,1242,193,86.55,27.3,2.053,12158.407,3289,118746.71,80134.26,326119.37,174.63,328846.48,0.84
ETH-USDT-SWAP,fade,4H,0.007,0.006,0.03,1,0.0,10.0,148.0,376203.25,254091.38,1435,1257,178,87.6,32.3,2.387,13910.112,3289,119708.53,80784.14,373476.13,211.99,376203.25,0.73
ETH-USDT-SWAP,fade,4H,0.007,0.008,0.01,1,0.0,10.0,148.0,167714.72,113220.76,1435,988,447,68.85,37.35,1.339,6198.217,3289,62499.1,42129.12,165267.45,164.43,167714.72,1.48
ETH-USDT-SWAP,fade,4H,0.007,0.008,0.015,1,0.0,10.0,148.0,261747.05,176756.12,1435,1055,380,73.52,38.4,1.525,9676.43,3289,106216.81,71668.11,258214.09,143.1,261747.05,1.37
ETH-USDT-SWAP,fade,4H,0.007,0.008,0.02,1,0.0,10.0,148.0,335770.79,226772.16,1435,1091,344,76.03,27.2,1.716,12414.534,3289,122694.89,82801.95,332237.83,170.78,335770.79,1.06
ETH-USDT-SWAP,fade,4H,0.007,0.008,0.025,1,0.0,10.0,148.0,372248.92,251419.54,1435,1106,329,77.07,27.3,1.805,13763.843,3289,141329.69,95393.03,368715.95,160.89,372248.92,0.96
ETH-USDT-SWAP,fade,4H,0.007,0.008,0.03,1,0.0,10.0,148.0,420018.64,283696.38,1435,1120,315,78.05,32.3,1.99,15530.824,3289,144171.39,97313.1,416485.67,188.88,420018.64,0.85
ETH-USDT-SWAP,fade,4H,0.007,0.01,0.01,1,0.0,10.0,148.0,84714.68,57139.65,1435,870,565,60.63,70.43,1.141,3128.083,3289,41225.84,27755.3,82069.57,99.07,84714.68,3.22
ETH-USDT-SWAP,fade,4H,0.007,0.01,0.015,1,0.0,10.0,148.0,165258.15,111560.91,1435,933,502,65.02,41.61,1.268,6107.349,3289,71509.09,48216.96,161527.35,125.88,165258.15,2.31
ETH-USDT-SWAP,fade,4H,0.007,0.01,0.02,1,0.0,10.0,148.0,250986.11,169485.21,1435,968,467,67.46,32.18,1.41,9278.388,3289,95944.5,64727.36,247255.31,157.71,250986.11,1.51
ETH-USDT-SWAP,fade,4H,0.007,0.01,0.025,1,0.0,10.0,148.0,285653.42,192909.07,1435,983,452,68.5,29.98,1.456,10560.716,3289,115903.74,78213.34,281922.62,143.24,285653.42,1.32
ETH-USDT-SWAP,fade,4H,0.007,0.01,0.03,1,0.0,10.0,148.0,336891.45,227529.36,1435,996,439,69.41,34.8,1.573,12455.987,3289,121227.38,81810.39,333160.65,174.82,336891.45,1.12
ETH-USDT-SWAP,fade,4H,0.007,0.015,0.01,1,0.0,10.0,148.0,0.0,-100.0,1435,695,740,48.43,100.0,0.932,-5.474,3289,15.49,-89.53,0.0,-100.0,0.0,17.72
ETH-USDT-SWAP,fade,4H,0.007,0.015,0.015,1,0.0,10.0,148.0,0.0,-100.0,1435,750,685,52.26,100.0,0.952,-5.474,3289,60.35,-59.22,0.0,-100.0,0.0,27.44
ETH-USDT-SWAP,fade,4H,0.007,0.015,0.02,1,0.0,10.0,148.0,0.01,-100.0,1435,779,656,54.29,100.0,0.974,-5.474,3289,208.72,41.03,0.01,-100.0,0.01,27.44
ETH-USDT-SWAP,fade,4H,0.007,0.015,0.025,1,0.0,10.0,148.0,0.0,-100.0,1435,786,649,54.77,100.0,0.983,-5.474,3289,385.24,160.3,0.0,-100.0,0.0,27.44
ETH-USDT-SWAP,fade,4H,0.007,0.015,0.03,1,0.0,10.0,148.0,0.0,-100.0,1435,794,641,55.33,100.0,0.98,-5.474,3289,295.31,99.54,0.0,-100.0,0.0,27.44
ETH-USDT-SWAP,fade,4H,0.007,0.02,0.01,1,0.0,10.0,148.0,0.0,-100.0,1435,616,819,42.93,100.0,0.797,-5.474,3289,0.25,-99.83,0.0,-100.0,0.0,8.18
ETH-USDT-SWAP,fade,4H,0.007,0.02,0.015,1,0.0,10.0,148.0,0.0,-100.0,1435,669,766,46.62,100.0,0.868,-5.474,3289,0.74,-99.5,0.0,-100.0,0.0,17.11
ETH-USDT-SWAP,fade,4H,0.007,0.02,0.02,1,0.0,10.0,148.0,0.0,-100.0,1435,697,738,48.57,100.0,0.877,-5.474,3289,2.75,-98.14,0.0,-100.0,0.0,17.11
ETH-USDT-SWAP,fade,4H,0.007,0.02,0.025,1,0.0,10.0,148.0,0.0,-100.0,1435,701,734,48.85,100.0,0.848,-5.474,3289,1.69,-98.86,0.0,-100.0,0.0,17.11
ETH-USDT-SWAP,fade,4H,0.007,0.02,0.03,1,0.0,10.0,148.0,0.0,-100.0,1435,704,731,49.06,100.0,0.848,-5.474,3289,1.25,-99.15,0.0,-100.0,0.0,17.11
ETH-USDT-SWAP,fade,4H,0.007,0.03,0.01,1,0.0,10.0,148.0,0.0,-100.0,1435,594,841,41.39,100.0,0.764,-5.474,3289,0.07,-99.96,0.0,-100.0,0.0,-9.19
ETH-USDT-SWAP,fade,4H,0.007,0.03,0.015,1,0.0,10.0,148.0,0.0,-100.0,1435,646,789,45.02,100.0,0.812,-5.474,3289,0.1,-99.93,0.0,-100.0,0.0,-1.69
ETH-USDT-SWAP,fade,4H,0.007,0.03,0.02,1,0.0,10.0,148.0,0.0,-100.0,1435,668,767,46.55,100.0,0.812,-5.474,3289,0.27,-99.82,0.0,-100.0,0.0,-1.69
ETH-USDT-SWAP,fade,4H,0.007,0.03,0.025,1,0.0,10.0,148.0,0.0,-100.0,1435,670,765,46.69,100.0,0.756,-5.474,3289,0.09,-99.94,0.0,-100.0,0.0,-1.69
ETH-USDT-SWAP,fade,4H,0.007,0.03,0.03,1,0.0,10.0,148.0,0.0,-100.0,1435,670,765,46.69,100.0,0.759,-5.474,3289,0.05,-99.96,0.0,-100.0,0.0,-1.69
ETH-USDT-SWAP,fade,4H,0.01,0.006,0.01,1,0.0,10.0,148.0,20496.26,13748.82,1046,811,235,77.53,95.49,1.25,752.673,3289,5499.73,3616.03,17711.26,222.04,20496.26,15.72
ETH-USDT-SWAP,fade,4H,0.01,0.006,0.015,1,0.0,10.0,148.0,160371.07,108258.83,1046,883,163,84.42,42.82,1.619,5926.578,3289,35395.3,23815.75,157586.07,345.22,160371.07,1.77
ETH-USDT-SWAP,fade,4H,0.01,0.006,0.02,1,0.0,10.0,148.0,192985.81,130295.82,1046,906,140,86.62,33.97,1.767,7132.983,3289,43352.9,29192.5,190200.82,338.73,192985.81,1.46
ETH-USDT-SWAP,fade,4H,0.01,0.006,0.025,1,0.0,10.0,148.0,244495.29,165099.52,1046,926,120,88.53,36.76,2.116,9038.295,3289,49601.46,33414.5,241710.3,387.3,244495.29,1.15
ETH-USDT-SWAP,fade,4H,0.01,0.006,0.03,1,0.0,10.0,148.0,258586.13,174620.36,1046,933,113,89.2,38.3,2.27,9559.509,3289,48273.07,32516.94,255801.14,429.9,258586.13,1.09
ETH-USDT-SWAP,fade,4H,0.01,0.008,0.01,1,0.0,10.0,148.0,121412.83,81935.69,1046,743,303,71.03,57.89,1.328,4485.531,3289,35284.91,23741.16,119917.83,239.86,121412.83,1.25
ETH-USDT-SWAP,fade,4H,0.01,0.008,0.015,1,0.0,10.0,148.0,241933.05,163368.28,1046,810,236,77.44,43.51,1.704,8943.519,3289,64931.82,43772.85,238905.59,267.93,241933.05,1.27
ETH-USDT-SWAP,fade,4H,0.01,0.008,0.02,1,0.0,10.0,148.0,282490.56,190772.0,1046,833,213,79.64,35.74,1.841,10443.723,3289,78661.29,53049.52,279463.1,255.27,282490.56,1.08
ETH-USDT-SWAP,fade,4H,0.01,0.008,0.025,1,0.0,10.0,148.0,329722.44,222685.43,1046,851,195,81.36,34.53,2.048,12190.808,3289,85553.46,57706.39,326694.98,281.86,329722.44,0.93
ETH-USDT-SWAP,fade,4H,0.01,0.008,0.03,1,0.0,10.0,148.0,348720.94,235522.26,1046,859,187,82.12,38.91,2.175,12893.554,3289,84766.82,57174.88,345693.49,307.82,348720.94,0.88
ETH-USDT-SWAP,fade,4H,0.01,0.01,0.01,1,0.0,10.0,148.0,120312.11,81191.97,1046,670,376,64.05,62.07,1.269,4444.816,3289,47855.61,32234.87,118384.59,147.38,120312.11,1.63
ETH-USDT-SWAP,fade,4H,0.01,0.01,0.015,1,0.0,10.0,148.0,240310.15,162271.72,1046,733,313,70.08,49.49,1.559,8883.488,3289,72595.67,48951.13,236850.16,226.26,240310.15,1.46
ETH-USDT-SWAP,fade,4H,0.01,0.01,0.02,1,0.0,10.0,148.0,282629.13,190865.63,1046,754,292,72.08,30.94,1.664,10448.848,3289,86696.01,58478.39,279169.15,222.01,282629.13,1.24
ETH-USDT-SWAP,fade,4H,0.01,0.01,0.025,1,0.0,10.0,148.0,338415.32,228559.0,1046,773,273,73.9,33.79,1.844,12512.354,3289,98375.36,66369.84,334955.33,240.49,338415.32,1.03
ETH-USDT-SWAP,fade,4H,0.01,0.01,0.03,1,0.0,10.0,148.0,353760.99,238927.7,1046,780,266,74.57,39.29,1.908,13079.983,3289,98163.11,66226.42,350301.0,256.86,353760.99,0.99
ETH-USDT-SWAP,fade,4H,0.01,0.015,0.01,1,0.0,10.0,148.0,0.03,-99.98,1046,509,537,48.66,100.0,0.947,-5.474,3289,200.01,35.14,0.02,-99.99,0.03,13.57
ETH-USDT-SWAP,fade,4H,0.01,0.015,0.015,1,0.0,10.0,148.0,7.19,-95.14,1046,563,483,53.82,99.85,0.992,-5.208,3289,1831.99,1137.83,5.67,-99.69,7.19,26.8
ETH-USDT-SWAP,fade,4H,0.01,0.015,0.02,1,0.0,10.0,148.0,20.68,-86.03,1046,582,464,55.64,99.67,0.996,-4.71,3289,2973.05,1908.82,16.31,-99.45,20.68,26.8
ETH-USDT-SWAP,fade,4H,0.01,0.015,0.025,1,0.0,10.0,148.0,246.49,66.55,1046,597,449,57.07,98.6,1.001,3.643,3289,5290.83,3474.89,194.39,-96.33,246.49,26.8
ETH-USDT-SWAP,fade,4H,0.01,0.015,0.03,1,0.0,10.0,148.0,166.56,12.54,1046,602,444,57.55,98.54,1.0,0.686,3289,4219.13,2750.76,131.35,-96.89,166.56,26.8
ETH-USDT-SWAP,fade,4H,0.01,0.02,0.01,1,0.0,10.0,148.0,0.0,-100.0,1046,447,599,42.73,100.0,0.734,-5.474,3289,1.64,-98.89,0.0,-100.0,0.0,18.6
ETH-USDT-SWAP,fade,4H,0.01,0.02,0.015,1,0.0,10.0,148.0,0.0,-100.0,1046,502,544,47.99,100.0,0.791,-5.474,3289,7.05,-95.24,0.0,-100.0,0.0,32.41
ETH-USDT-SWAP,fade,4H,0.01,0.02,0.02,1,0.0,10.0,148.0,0.0,-100.0,1046,518,528,49.52,100.0,0.779,-5.474,3289,8.23,-94.44,0.0,-100.0,0.0,32.41
ETH-USDT-SWAP,fade,4H,0.01,0.02,0.025,1,0.0,10.0,148.0,0.0,-100.0,1046,525,521,50.19,100.0,0.837,-5.474,3289,11.55,-92.19,0.0,-100.0,0.0,32.41
ETH-USDT-SWAP,fade,4H,0.01,0.02,0.03,1,0.0,10.0,148.0,0.0,-100.0,1046,529,517,50.57,100.0,0.78,-5.474,3289,3.48,-97.65,0.0,-100.0,0.0,32.41
ETH-USDT-SWAP,fade,4H,0.01,0.03,0.01,1,0.0,10.0,148.0,0.0,-100.0,1046,420,626,40.15,100.0,0.686,-5.474,3289,0.3,-99.79,0.0,-100.0,0.0,2.54
ETH-USDT-SWAP,fade,4H,0.01,0.03,0.015,1,0.0,10.0,148.0,0.0,-100.0,1046,472,574,45.12,100.0,0.741,-5.474,3289,1.11,-99.25,0.0,-100.0,0.0,14.49
ETH-USDT-SWAP,fade,4H,0.01,0.03,0.02,1,0.0,10.0,148.0,0.0,-100.0,1046,485,561,46.37,100.0,0.728,-5.474,3289,2.07,-98.6,0.0,-100.0,0.0,14.49
ETH-USDT-SWAP,fade,4H,0.01,0.03,0.025,1,0.0,10.0,148.0,0.0,-100.0,1046,487,559,46.56,100.0,0.722,-5.474,3289,1.79,-98.79,0.0,-100.0,0.0,14.49
ETH-USDT-SWAP,fade,4H,0.01,0.03,0.03,1,0.0,10.0,148.0,0.0,-100.0,1046,490,556,46.85,100.0,0.66,-5.474,3289,0.47,-99.68,0.0,-100.0,0.0,14.49
ETH-USDT-SWAP,reversal,6H,0.001,0.006,0.01,1,0.0,10.0,148.0,0.01,-99.99,1276,872,404,68.34,100.0,0.776,-5.454,2201,6.23,-95.79,0.01,-99.79,0.01,-41.1
ETH-USDT-SWAP,reversal,6H,0.001,0.006,0.015,1,0.0,10.0,148.0,1611.38,988.77,1276,986,290,77.27,91.53,1.037,53.933,2201,1957.55,1222.67,2048.93,4.67,1611.38,-21.36
ETH-USDT-SWAP,reversal,6H,0.001,0.006,0.02,1,0.0,10.0,148.0,92590.79,62461.35,1276,1025,251,80.33,65.37,1.259,3406.983,2201,26644.49,17903.03,96560.34,262.4,92590.79,-4.11
ETH-USDT-SWAP,reversal,6H,0.001,0.006,0.025,1,0.0,10.0,148.0,109005.67,73552.48,1276,1041,235,81.58,68.25,1.32,4011.954,2201,20360.35,13657.0,109551.23,438.06,109005.67,-0.5
ETH-USDT-SWAP,reversal,6H,0.001,0.006,0.03,1,0.0,10.0,148.0,110899.3,74831.96,1276,1045,231,81.9,66.1,1.321,4081.743,2201,23384.88,15700.6,111444.86,376.57,110899.3,-0.49
ETH-USDT-SWAP,reversal,6H,0.001,0.008,0.01,1,0.0,10.0,148.0,0.0,-100.0,1276,763,513,59.8,100.0,0.76,-5.454,2201,1.59,-98.92,0.0,-99.82,0.0,-39.37
ETH-USDT-SWAP,reversal,6H,0.001,0.008,0.015,1,0.0,10.0,148.0,40.73,-72.48,1276,863,413,67.63,99.45,0.964,-3.953,2201,133.49,-9.8,49.36,-63.02,40.73,-17.48
ETH-USDT-SWAP,reversal,6H,0.001,0.008,0.02,1,0.0,10.0,148.0,397.94,168.88,1276,895,381,70.14,99.42,1.016,9.212,2201,1263.3,753.58,513.28,-59.37,397.94,-22.47
ETH-USDT-SWAP,reversal,6H,0.001,0.008,0.025,1,0.0,10.0,148.0,773.98,422.96,1276,910,366,71.32,99.4,1.044,23.071,2201,988.98,568.23,771.63,-21.98,773.98,0.31
ETH-USDT-SWAP,reversal,6H,0.001,0.008,0.03,1,0.0,10.0,148.0,239.06,61.53,1276,913,363,71.55,99.63,1.008,3.356,2201,1053.2,611.62,238.34,-77.37,239.06,0.31
ETH-USDT-SWAP,reversal,6H,0.001,0.01,0.01,1,0.0,10.0,148.0,0.0,-100.0,1276,671,605,52.59,100.0,0.705,-5.455,2201,0.56,-99.62,0.0,-100.0,0.0,-44.57
ETH-USDT-SWAP,reversal,6H,0.001,0.01,0.015,1,0.0,10.0,148.0,0.01,-99.99,1276,755,521,59.17,100.0,0.9,-5.454,2201,37.74,-74.5,0.01,-99.97,0.01,-23.13
ETH-USDT-SWAP,reversal,6H,0.001,0.01,0.02,1,0.0,10.0,148.0,0.06,-99.96,1276,786,490,61.6,100.0,0.971,-5.452,2201,334.08,125.73,0.08,-99.98,0.06,-27.78
ETH-USDT-SWAP,reversal,6H,0.001,0.01,0.025,1,0.0,10.0,148.0,0.04,-99.98,1276,800,476,62.7,99.99,0.959,-5.453,2201,264.52,78.73,0.04,-99.99,0.04,-6.56
ETH-USDT-SWAP,reversal,6H,0.001,0.01,0.03,1,0.0,10.0,148.0,0.01,-100.0,1276,804,472,63.01,100.0,0.966,-5.454,2201,338.02,128.39,0.01,-100.0,0.01,-6.56
ETH-USDT-SWAP,reversal,6H,0.001,0.015,0.01,1,0.0,10.0,148.0,0.0,-100.0,1276,541,735,42.4,100.0,0.452,-5.455,2201,0.01,-99.99,0.0,-100.0,0.0,-54.99
ETH-USDT-SWAP,reversal,6H,0.001,0.015,0.015,1,0.0,10.0,148.0,0.0,-100.0,1276,606,670,47.49,100.0,0.486,-5.455,2201,0.11,-99.92,0.0,-100.0,0.0,-33.3
ETH-USDT-SWAP,reversal,6H,0.001,0.015,0.02,1,0.0,10.0,148.0,0.0,-100.0,1276,632,644,49.53,100.0,0.659,-5.455,2201,0.21,-99.86,0.0,-100.0,0.0,-37.33
ETH-USDT-SWAP,reversal,6H,0.001,0.015,0.025,1,0.0,10.0,148.0,0.0,-100.0,1276,643,633,50.39,100.0,0.641,-5.455,2201,0.17,-99.88,0.0,-100.0,0.0,-18.92
ETH-USDT-SWAP,reversal,6H,0.001,0.015,0.03,1,0.0,10.0,148.0,0.0,-100.0,1276,647,629,50.71,100.0,0.629,-5.455,2201,0.15,-99.9,0.0,-100.0,0.0,-18.92
ETH-USDT-SWAP,reversal,6H,0.001,0.02,0.01,1,0.0,10.0,148.0,0.0,-100.0,1276,492,784,38.56,100.0,0.418,-5.455,2201,0.01,-99.99,0.0,-100.0,0.0,-54.99
ETH-USDT-SWAP,reversal,6H,0.001,0.02,0.015,1,0.0,10.0,148.0,0.0,-100.0,1276,554,722,43.42,100.0,0.464,-5.455,2201,0.03,-99.98,0.0,-100.0,0.0,-51.18
ETH-USDT-SWAP,reversal,6H,0.001,0.02,0.02,1,0.0,10.0,148.0,0.0,-100.0,1276,579,697,45.38,100.0,0.6,-5.455,2201,0.04,-99.98,0.0,-100.0,0.0,-56.91
ETH-USDT-SWAP,reversal,6H,0.001,0.02,0.025,1,0.0,10.0,148.0,0.0,-100.0,1276,590,686,46.24,100.0,0.561,-5.455,2201,0.02,-99.99,0.0,-100.0,0.0,-47.83
ETH-USDT-SWAP,reversal,6H,0.001,0.02,0.03,1,0.0,10.0,148.0,0.0,-100.0,1276,593,683,46.47,100.0,0.543,-5.455,2201,0.02,-99.99,0.0,-100.0,0.0,-41.69
ETH-USDT-SWAP,reversal,6H,0.001,0.03,0.01,1,0.0,10.0,148.0,0.0,-100.0,1276,462,814,36.21,100.0,0.347,-5.455,2201,0.0,-100.0,0.0,-100.0,0.0,-54.99
ETH-USDT-SWAP,reversal,6H,0.001,0.03,0.015,1,0.0,10.0,148.0,0.0,-100.0,1276,527,749,41.3,100.0,0.414,-5.455,2201,0.0,-100.0,0.0,-100.0,0.0,-51.18
ETH-USDT-SWAP,reversal,6H,0.001,0.03,0.02,1,0.0,10.0,148.0,0.0,-100.0,1276,550,726,43.1,100.0,0.573,-5.455,2201,0.0,-100.0,0.0,-100.0,0.0,-56.91
ETH-USDT-SWAP,reversal,6H,0.001,0.03,0.025,1,0.0,10.0,148.0,0.0,-100.0,1276,560,716,43.89,100.0,0.51,-5.455,2201,0.0,-100.0,0.0,-100.0,0.0,-47.83
ETH-USDT-SWAP,reversal,6H,0.001,0.03,0.03,1,0.0,10.0,148.0,0.0,-100.0,1276,563,713,44.12,100.0,0.425,-5.455,2201,0.0,-100.0,0.0,-100.0,0.0,-41.69
ETH-USDT-SWAP,reversal,6H,0.002,0.006,0.01,1,0.0,10.0,148.0,4.9,-96.69,1191,863,328,72.46,98.99,0.943,-5.274,2201,239.37,61.74,6.99,-97.08,4.9,-29.86
ETH-USDT-SWAP,reversal,6H,0.002,0.006,0.015,1,0.0,10.0,148.0,93446.11,63039.27,1191,964,227,80.94,68.31,1.279,3438.505,2201,24060.39,16157.02,96783.44,302.25,93446.11,-3.45
ETH-USDT-SWAP,reversal,6H,0.002,0.006,0.02,1,0.0,10.0,148.0,178462.73,120482.93,1191,1005,186,84.38,42.24,1.602,6571.796,2201,56526.02,38093.25,178976.79,216.63,178462.73,-0.29
ETH-USDT-SWAP,reversal,6H,0.002,0.006,0.025,1,0.0,10.0,148.0,179052.69,120881.55,1191,1016,175,85.31,37.23,1.583,6593.539,2201,59577.26,40154.9,179566.75,201.4,179052.69,-0.29
ETH-USDT-SWAP,reversal,6H,0.002,0.006,0.03,1,0.0,10.0,148.0,190772.43,128800.29,1191,1023,168,85.89,37.23,1.634,7025.47,2201,58810.26,39636.66,191286.48,225.26,190772.43,-0.27
ETH-USDT-SWAP,reversal,6H,0.002,0.008,0.01,1,0.0,10.0,148.0,2.86,-98.07,1191,758,433,63.64,99.58,0.913,-5.349,2201,83.93,-43.29,3.94,-95.31,2.86,-27.34
ETH-USDT-SWAP,reversal,6H,0.002,0.008,0.015,1,0.0,10.0,148.0,65790.73,44353.2,1191,856,335,71.87,93.26,1.212,2419.265,2201,16364.15,10956.86,68273.06,317.21,65790.73,-3.64
ETH-USDT-SWAP,reversal,6H,0.002,0.008,0.02,1,0.0,10.0,148.0,167391.73,113002.52,1191,890,301,74.73,62.56,1.382,6163.774,2201,46164.49,31092.22,167050.78,261.86,167391.73,0.2
ETH-USDT-SWAP,reversal,6H,0.002,0.008,0.025,1,0.0,10.0,148.0,170982.71,115428.86,1191,902,289,75.73,48.86,1.385,6296.12,2201,49853.47,33584.78,170641.77,242.29,170982.71,0.2
ETH-USDT-SWAP,reversal,6H,0.002,0.008,0.03,1,0.0,10.0,148.0,164693.06,111179.09,1191,907,284,76.15,70.17,1.371,6064.314,2201,43201.89,29090.47,164352.11,280.43,164693.06,0.21
ETH-USDT-SWAP,reversal,6H,0.002,0.01,0.01,1,0.0,10.0,148.0,0.02,-99.99,1191,663,528,55.67,100.0,0.835,-5.454,2201,11.84,-92.0,0.02,-99.82,0.02,-27.11
ETH-USDT-SWAP,reversal,6H,0.002,0.01,0.015,1,0.0,10.0,148.0,149.89,1.28,1191,752,439,63.14,99.56,1.0,0.07,2201,1516.51,924.67,177.7,-88.28,149.89,-15.65
ETH-USDT-SWAP,reversal,6H,0.002,0.01,0.02,1,0.0,10.0,148.0,741.65,401.12,1191,778,413,65.32,99.86,1.015,21.879,2201,6001.55,3955.1,716.24,-88.07,741.65,3.55
ETH-USDT-SWAP,reversal,6H,0.002,0.01,0.025,1,0.0,10.0,148.0,330.99,123.64,1191,790,401,66.33,99.83,1.004,6.744,2201,8138.96,5399.3,319.65,-96.07,330.99,3.55
ETH-USDT-SWAP,reversal,6H,0.002,0.01,0.03,1,0.0,10.0,148.0,36.95,-75.03,1191,793,398,66.58,99.92,0.996,-4.093,2201,5194.87,3410.05,35.68,-99.31,36.95,3.55
ETH-USDT-SWAP,reversal,6H,0.002,0.015,0.01,1,0.0,10.0,148.0,0.0,-100.0,1191,525,666,44.08,100.0,0.512,-5.455,2201,0.18,-99.88,0.0,-100.0,0.0,-40.81
ETH-USDT-SWAP,reversal,6H,0.002,0.015,0.015,1,0.0,10.0,148.0,0.0,-100.0,1191,588,603,49.37,100.0,0.639,-5.455,2201,1.94,-98.69,0.0,-100.0,0.0,-25.98
ETH-USDT-SWAP,reversal,6H,0.002,0.015,0.02,1,0.0,10.0,148.0,0.0,-100.0,1191,613,578,51.47,100.0,0.734,-5.455,2201,2.2,-98.52,0.0,-100.0,0.0,-9.14
ETH-USDT-SWAP,reversal,6H,0.002,0.015,0.025,1,0.0,10.0,148.0,0.0,-100.0,1191,623,568,52.31,100.0,0.734,-5.455,2201,2.29,-98.45,0.0,-100.0,0.0,-9.14
ETH-USDT-SWAP,reversal,6H,0.002,0.015,0.03,1,0.0,10.0,148.0,0.0,-100.0,1191,627,564,52.64,100.0,0.725,-5.455,2201,1.98,-98.66,0.0,-100.0,0.0,-9.14
ETH-USDT-SWAP,reversal,6H,0.002,0.02,0.01,1,0.0,10.0,148.0,0.0,-100.0,1191,469,722,39.38,100.0,0.481,-5.455,2201,0.02,-99.99,0.0,-100.0,0.0,-40.81
ETH-USDT-SWAP,reversal,6H,0.002,0.02,0.015,1,0.0,10.0,148.0,0.0,-100.0,1191,529,662,44.42,100.0,0.567,-5.455,2201,0.1,-99.93,0.0,-100.0,0.0,-45.83
ETH-USDT-SWAP,reversal,6H,0.002,0.02,0.02,1,0.0,10.0,148.0,0.0,-100.0,1191,553,638,46.43,100.0,0.653,-5.455,2201,0.07,-99.96,0.0,-100.0,0.0,-37.52
ETH-USDT-SWAP,reversal,6H,0.002,0.02,0.025,1,0.0,10.0,148.0,0.0,-100.0,1191,563,628,47.27,100.0,0.624,-5.455,2201,0.05,-99.97,0.0,-100.0,0.0,-33.84
ETH-USDT-SWAP,reversal,6H,0.002,0.02,0.03,1,0.0,10.0,148.0,0.0,-100.0,1191,566,625,47.52,100.0,0.598,-5.455,2201,0.04,-99.98,0.0,-100.0,0.0,-33.84
ETH-USDT-SWAP,reversal,6H,0.002,0.03,0.01,1,0.0,10.0,148.0,0.0,-100.0,1191,443,748,37.2,100.0,0.497,-5.455,2201,0.01,-99.99,0.0,-100.0,0.0,-40.81
ETH-USDT-SWAP,reversal,6H,0.002,0.03,0.015,1,0.0,10.0,148.0,0.0,-100.0,1191,504,687,42.32,100.0,0.59,-5.455,2201,0.03,-99.98,0.0,-100.0,0.0,-45.83
ETH-USDT-SWAP,reversal,6H,0.002,0.03,0.02,1,0.0,10.0,148.0,0.0,-100.0,1191,525,666,44.08,100.0,0.646,-5.455,2201,0.01,-99.99,0.0,-100.0,0.0,-37.52
ETH-USDT-SWAP,reversal,6H,0.002,0.03,0.025,1,0.0,10.0,148.0,0.0,-100.0,1191,535,656,44.92,100.0,0.594,-5.455,2201,0.01,-100.0,0.0,-100.0,0.0,-33.84
ETH-USDT-SWAP,reversal,6H,0.002,0.03,0.03,1,0.0,10.0,148.0,0.0,-100.0,1191,537,654,45.09,100.0,0.495,-5.455,2201,0.0,-100.0,0.0,-100.0,0.0,-33.84
ETH-USDT-SWAP,reversal,6H,0.003,0.006,0.01,1,0.0,10.0,148.0,394.86,166.8,1120,843,277,75.27,92.03,1.017,9.098,2201,859.69,480.87,419.77,-51.17,394.86,-5.93
ETH-USDT-SWAP,reversal,6H,0.003,0.006,0.015,1,0.0,10.0,148.0,163719.92,110521.57,1120,940,180,83.93,33.91,1.571,6028.449,2201,58263.25,39267.06,162022.38,178.09,163719.92,1.05
ETH-USDT-SWAP,reversal,6H,0.003,0.006,0.02,1,0.0,10.0,148.0,241550.49,163109.79,1120,978,142,87.32,41.63,2.016,8896.898,2201,63343.12,42699.41,239852.94,278.66,241550.49,0.71
ETH-USDT-SWAP,reversal,6H,0.003,0.006,0.025,1,0.0,10.0,148.0,245063.03,165483.13,1120,986,134,88.04,35.71,1.968,9026.353,2201,71586.97,48269.57,243365.48,239.96,245063.03,0.7
ETH-USDT-SWAP,reversal,6H,0.003,0.006,0.03,1,0.0,10.0,148.0,263096.15,177667.67,1120,995,125,88.84,32.3,2.072,9690.964,2201,73031.42,49245.55,261398.6,257.93,263096.15,0.65
ETH-USDT-SWAP,reversal,6H,0.003,0.008,0.01,1,0.0,10.0,148.0,1055.2,612.97,1120,747,373,66.7,93.85,1.03,33.435,2201,1228.83,730.29,1429.45,16.33,1055.2,-26.18
ETH-USDT-SWAP,reversal,6H,0.003,0.008,0.015,1,0.0,10.0,148.0,177165.54,119606.44,1120,836,284,74.64,45.73,1.438,6523.988,2201,72147.23,48648.13,179454.86,148.73,177165.54,-1.28
ETH-USDT-SWAP,reversal,6H,0.003,0.008,0.02,1,0.0,10.0,148.0,239364.42,161632.72,1120,871,249,77.77,54.65,1.639,8816.33,2201,72440.13,48846.04,238681.5,229.49,239364.42,0.29
ETH-USDT-SWAP,reversal,6H,0.003,0.008,0.025,1,0.0,10.0,148.0,236632.28,159786.68,1120,879,241,78.48,51.31,1.596,8715.637,2201,81276.91,54816.83,235949.36,190.3,236632.28,0.29
ETH-USDT-SWAP,reversal,6H,0.003,0.008,0.03,1,0.0,10.0,148.0,237841.94,160604.01,1120,884,236,78.93,51.21,1.583,8760.219,2201,82576.76,55695.11,237159.02,187.2,237841.94,0.29
ETH-USDT-SWAP,reversal,6H,0.003,0.01,0.01,1,0.0,10.0,148.0,46.78,-68.39,1120,660,460,58.93,96.85,0.981,-3.73,2201,229.94,55.37,62.2,-72.95,46.78,-24.79
ETH-USDT-SWAP,reversal,6H,0.003,0.01,0.015,1,0.0,10.0,148.0,93460.82,63049.21,1120,737,383,65.8,89.41,1.203,3439.048,2201,26756.46,17978.69,95150.15,255.62,93460.82,-1.78
ETH-USDT-SWAP,reversal,6H,0.003,0.01,0.02,1,0.0,10.0,148.0,106797.78,72060.66,1120,765,355,68.3,97.69,1.332,3930.582,2201,23749.12,15946.7,105514.86,344.29,106797.78,1.22
ETH-USDT-SWAP,reversal,6H,0.003,0.01,0.025,1,0.0,10.0,148.0,101407.92,68418.86,1120,774,346,69.11,96.68,1.259,3731.938,2201,31371.56,21097.0,100125.0,219.16,101407.92,1.28
ETH-USDT-SWAP,reversal,6H,0.003,0.01,0.03,1,0.0,10.0,148.0,82838.09,55871.68,1120,778,342,69.46,98.25,1.209,3047.546,2201,30460.77,20481.6,81555.17,167.74,82838.09,1.57
ETH-USDT-SWAP,reversal,6H,0.003,0.015,0.01,1,0.0,10.0,148.0,0.0,-100.0,1120,515,605,45.98,100.0,0.75,-5.455,2201,7.99,-94.6,0.0,-100.0,0.0,-38.93
ETH-USDT-SWAP,reversal,6H,0.003,0.015,0.015,1,0.0,10.0,148.0,0.0,-100.0,1120,573,547,51.16,100.0,0.938,-5.455,2201,251.19,69.72,0.0,-100.0,0.0,-22.77
ETH-USDT-SWAP,reversal,6H,0.003,0.015,0.02,1,0.0,10.0,148.0,0.0,-100.0,1120,597,523,53.3,100.0,0.937,-5.455,2201,182.9,23.58,0.0,-100.0,0.0,-4.27
ETH-USDT-SWAP,reversal,6H,0.003,0.015,0.025,1,0.0,10.0,148.0,0.0,-100.0,1120,605,515,54.02,100.0,0.946,-5.455,2201,290.42,96.23,0.0,-100.0,0.0,-4.27
ETH-USDT-SWAP,reversal,6H,0.003,0.015,0.03,1,0.0,10.0,148.0,0.0,-100.0,1120,609,511,54.37,100.0,0.945,-5.455,2201,289.8,95.81,0.0,-100.0,0.0,-4.27
ETH-USDT-SWAP,reversal,6H,0.003,0.02,0.01,1,0.0,10.0,148.0,0.0,-100.0,1120,459,661,40.98,100.0,0.579,-5.455,2201,0.3,-99.8,0.0,-100.0,0.0,-38.93
ETH-USDT-SWAP,reversal,6H,0.003,0.02,0.015,1,0.0,10.0,148.0,0.0,-100.0,1120,510,610,45.54,100.0,0.648,-5.455,2201,1.02,-99.31,0.0,-100.0,0.0,-43.48
ETH-USDT-SWAP,reversal,6H,0.003,0.02,0.02,1,0.0,10.0,148.0,0.0,-100.0,1120,531,589,47.41,100.0,0.696,-5.455,2201,0.31,-99.79,0.0,-100.0,0.0,-34.17
ETH-USDT-SWAP,reversal,6H,0.003,0.02,0.025,1,0.0,10.0,148.0,0.0,-100.0,1120,541,579,48.3,100.0,0.735,-5.455,2201,0.74,-99.5,0.0,-100.0,0.0,-29.43
ETH-USDT-SWAP,reversal,6H,0.003,0.02,0.03,1,0.0,10.0,148.0,0.0,-100.0,1120,544,576,48.57,100.0,0.687,-5.455,2201,0.61,-99.59,0.0,-100.0,0.0,-29.43
ETH-USDT-SWAP,reversal,6H,0.003,0.03,0.01,1,0.0,10.0,148.0,0.0,-100.0,1120,434,686,38.75,100.0,0.652,-5.455,2201,0.29,-99.8,0.0,-100.0,0.0,-38.93
ETH-USDT-SWAP,reversal,6H,0.003,0.03,0.015,1,0.0,10.0,148.0,0.0,-100.0,1120,486,634,43.39,100.0,0.702,-5.455,2201,0.45,-99.7,0.0,-100.0,0.0,-43.48
ETH-USDT-SWAP,reversal,6H,0.003,0.03,0.02,1,0.0,10.0,148.0,0.0,-100.0,1120,504,616,45.0,100.0,0.72,-5.455,2201,0.09,-99.94,0.0,-100.0,0.0,-34.17
ETH-USDT-SWAP,reversal,6H,0.003,0.03,0.025,1,0.0,10.0,148.0,0.0,-100.0,1120,512,608,45.71,100.0,0.678,-5.455,2201,0.07,-99.96,0.0,-100.0,0.0,-29.43
ETH-USDT-SWAP,reversal,6H,0.003,0.03,0.03,1,0.0,10.0,148.0,0.0,-100.0,1120,515,605,45.98,100.0,0.594,-5.455,2201,0.06,-99.96,0.0,-100.0,0.0,-29.43
ETH-USDT-SWAP,reversal,6H,0.005,0.006,0.01,1,0.0,10.0,148.0,1536.56,938.21,949,731,218,77.03,79.39,1.063,51.175,2201,817.97,452.68,1135.88,38.86,1536.56,35.27
ETH-USDT-SWAP,reversal,6H,0.005,0.006,0.015,1,0.0,10.0,148.0,149036.57,100600.39,949,817,132,86.09,33.11,1.652,5487.294,2201,34908.34,23486.72,144412.09,313.69,149036.57,3.2
ETH-USDT-SWAP,reversal,6H,0.005,0.006,0.02,1,0.0,10.0,148.0,221365.79,149471.48,949,851,98,89.67,39.16,2.163,8152.99,2201,49625.68,33430.86,216741.31,336.75,221365.79,2.13
ETH-USDT-SWAP,reversal,6H,0.005,0.006,0.025,1,0.0,10.0,148.0,227679.58,153737.55,949,861,88,90.73,30.71,2.17,8385.685,2201,52230.65,35190.98,223055.1,327.06,227679.58,2.07
ETH-USDT-SWAP,reversal,6H,0.005,0.006,0.03,1,0.0,10.0,148.0,251967.93,170148.6,949,871,78,91.78,35.45,2.401,9280.833,2201,58739.16,39588.62,247343.45,321.09,251967.93,1.87
ETH-USDT-SWAP,reversal,6H,0.005,0.008,0.01,1,0.0,10.0,148.0,81573.79,55017.43,949,676,273,71.23,77.78,1.305,3000.951,2201,7595.81,5032.31,77732.44,923.36,81573.79,4.94
ETH-USDT-SWAP,reversal,6H,0.005,0.008,0.015,1,0.0,10.0,148.0,248146.31,167566.42,949,755,194,79.56,34.12,1.835,9139.987,2201,73393.71,49490.34,244304.95,232.87,248146.31,1.57
ETH-USDT-SWAP,reversal,6H,0.005,0.008,0.02,1,0.0,10.0,148.0,307509.68,207676.81,949,784,165,82.61,45.5,2.104,11327.826,2201,90118.96,60791.19,303668.32,236.96,307509.68,1.26
ETH-USDT-SWAP,reversal,6H,0.005,0.008,0.025,1,0.0,10.0,148.0,316300.27,213616.4,949,793,156,83.56,29.37,2.109,11651.803,2201,95238.64,64250.43,312458.91,228.08,316300.27,1.23
ETH-USDT-SWAP,reversal,6H,0.005,0.008,0.03,1,0.0,10.0,148.0,339158.59,229061.21,949,803,146,84.62,34.21,2.234,12494.248,2201,101872.65,68732.87,335317.24,229.15,339158.59,1.15
ETH-USDT-SWAP,reversal,6H,0.005,0.01,0.01,1,0.0,10.0,148.0,72745.56,49052.41,949,609,340,64.17,81.19,1.269,2675.586,2201,6466.39,4269.18,72104.87,1015.07,72745.56,0.89
ETH-USDT-SWAP,reversal,6H,0.005,0.01,0.015,1,0.0,10.0,148.0,234607.29,158418.44,949,682,267,71.87,44.21,1.633,8641.006,2201,67228.0,45324.32,234716.59,249.14,234607.29,-0.05
ETH-USDT-SWAP,reversal,6H,0.005,0.01,0.02,1,0.0,10.0,148.0,275332.23,185935.29,949,709,240,74.71,58.99,1.76,10141.925,2201,76113.9,51328.31,272172.21,257.59,275332.23,1.16
ETH-USDT-SWAP,reversal,6H,0.005,0.01,0.025,1,0.0,10.0,148.0,266386.64,179890.97,949,713,236,75.13,51.19,1.683,9812.235,2201,83564.31,56362.37,263226.62,215.0,266386.64,1.2
ETH-USDT-SWAP,reversal,6H,0.005,0.01,0.03,1,0.0,10.0,148.0,290808.6,196392.3,949,722,227,76.08,52.19,1.738,10712.307,2201,96188.36,64892.14,287648.58,199.05,290808.6,1.1
ETH-USDT-SWAP,reversal,6H,0.005,0.015,0.01,1,0.0,10.0,148.0,0.62,-99.58,949,475,474,50.05,99.9,0.943,-5.432,2201,148.31,0.21,0.55,-99.63,0.62,12.43
ETH-USDT-SWAP,reversal,6H,0.005,0.015,0.015,1,0.0,10.0,148.0,31.53,-78.69,949,530,419,55.85,99.55,0.992,-4.292,2201,1802.18,1117.69,29.74,-98.35,31.53,6.02
ETH-USDT-SWAP,reversal,6H,0.005,0.015,0.02,1,0.0,10.0,148.0,73.9,-50.07,949,553,396,58.27,99.45,0.996,-2.731,2201,2931.06,1880.45,55.16,-98.12,73.9,33.96
ETH-USDT-SWAP,reversal,6H,0.005,0.015,0.025,1,0.0,10.0,148.0,2.51,-98.31,949,556,393,58.59,99.96,0.991,-5.362,2201,2658.9,1696.55,1.87,-99.93,2.51,33.96
ETH-USDT-SWAP,reversal,6H,0.005,0.015,0.03,1,0.0,10.0,148.0,1.76,-98.81,949,562,387,59.22,99.98,0.994,-5.39,2201,4044.5,2632.77,1.32,-99.97,1.76,33.96
ETH-USDT-SWAP,reversal,6H,0.005,0.02,0.01,1,0.0,10.0,148.0,0.0,-100.0,949,401,548,42.26,100.0,0.616,-5.455,2201,1.24,-99.16,0.0,-100.0,0.0,-2.77
ETH-USDT-SWAP,reversal,6H,0.005,0.02,0.015,1,0.0,10.0,148.0,0.0,-100.0,949,451,498,47.52,100.0,0.772,-5.455,2201,4.17,-97.18,0.0,-100.0,0.0,-8.31
ETH-USDT-SWAP,reversal,6H,0.005,0.02,0.02,1,0.0,10.0,148.0,0.0,-100.0,949,474,475,49.95,100.0,0.776,-5.455,2201,4.05,-97.27,0.0,-100.0,0.0,15.86
ETH-USDT-SWAP,reversal,6H,0.005,0.02,0.025,1,0.0,10.0,148.0,0.0,-100.0,949,477,472,50.26,100.0,0.764,-5.455,2201,2.88,-98.06,0.0,-100.0,0.0,15.86
ETH-USDT-SWAP,reversal,6H,0.005,0.02,0.03,1,0.0,10.0,148.0,0.0,-100.0,949,483,466,50.9,100.0,0.82,-5.455,2201,5.84,-96.06,0.0,-100.0,0.0,15.86
ETH-USDT-SWAP,reversal,6H,0.005,0.03,0.01,1,0.0,10.0,148.0,0.0,-100.0,949,374,575,39.41,100.0,0.654,-5.455,2201,0.44,-99.7,0.0,-100.0,0.0,-27.73
ETH-USDT-SWAP,reversal,6H,0.005,0.03,0.015,1,0.0,10.0,148.0,0.0,-100.0,949,423,526,44.57,100.0,0.763,-5.455,2201,0.54,-99.63,0.0,-100.0,0.0,-35.74
ETH-USDT-SWAP,reversal,6H,0.005,0.03,0.02,1,0.0,10.0,148.0,0.0,-100.0,949,441,508,46.47,100.0,0.722,-5.455,2201,0.2,-99.86,0.0,-100.0,0.0,-23.71
ETH-USDT-SWAP,reversal,6H,0.005,0.03,0.025,1,0.0,10.0,148.0,0.0,-100.0,949,445,504,46.89,100.0,0.658,-5.455,2201,0.11,-99.93,0.0,-100.0,0.0,-16.24
ETH-USDT-SWAP,reversal,6H,0.005,0.03,0.03,1,0.0,10.0,148.0,0.0,-100.0,949,449,500,47.31,100.0,0.71,-5.455,2201,0.22,-99.85,0.0,-100.0,0.0,-16.24
ETH-USDT-SWAP,reversal,6H,0.007,0.006,0.01,1,0.0,10.0,148.0,2277.88,1439.11,814,632,182,77.64,86.84,1.057,78.497,2201,2531.98,1610.8,2023.58,-20.08,2277.88,12.57
ETH-USDT-SWAP,reversal,6H,0.007,0.006,0.015,1,0.0,10.0,148.0,119040.46,80332.74,814,705,109,86.61,56.66,1.612,4381.786,2201,21038.78,14115.39,114721.28,445.28,119040.46,3.76
ETH-USDT-SWAP,reversal,6H,0.007,0.006,0.02,1,0.0,10.0,148.0,154202.0,104090.54,814,729,85,89.56,27.94,1.839,5677.666,2201,37632.4,25327.3,149882.82,298.28,154202.0,2.88
ETH-USDT-SWAP,reversal,6H,0.007,0.006,0.025,1,0.0,10.0,148.0,165704.82,111862.72,814,741,73,91.03,32.56,1.939,6101.603,2201,34870.23,23460.97,161385.65,362.82,165704.82,2.68
ETH-USDT-SWAP,reversal,6H,0.007,0.006,0.03,1,0.0,10.0,148.0,199694.08,134828.43,814,753,61,92.51,37.18,2.303,7354.278,2201,39176.42,26370.55,195374.9,398.71,199694.08,2.21
ETH-USDT-SWAP,reversal,6H,0.007,0.008,0.01,1,0.0,10.0,148.0,107905.46,72809.09,814,596,218,73.22,43.98,1.378,3971.405,2201,18599.39,12467.16,104186.28,460.16,107905.46,3.57
ETH-USDT-SWAP,reversal,6H,0.007,0.008,0.015,1,0.0,10.0,148.0,230554.95,155680.37,814,664,150,81.57,42.82,1.964,8491.657,2201,49573.87,33395.86,224180.77,352.22,230554.95,2.84
ETH-USDT-SWAP,reversal,6H,0.007,0.008,0.02,1,0.0,10.0,148.0,252208.43,170311.1,814,683,131,83.91,35.21,2.022,9289.697,2201,61173.98,41233.77,245834.25,301.86,252208.43,2.59
ETH-USDT-SWAP,reversal,6H,0.007,0.008,0.025,1,0.0,10.0,148.0,255901.49,172806.41,814,693,121,85.14,38.79,2.026,9425.804,2201,57859.09,38993.98,249527.31,331.27,255901.49,2.55
ETH-USDT-SWAP,reversal,6H,0.007,0.008,0.03,1,0.0,10.0,148.0,289375.01,195423.65,814,705,109,86.61,43.0,2.272,10659.472,2201,61287.8,41310.67,283000.83,361.76,289375.01,2.25
ETH-USDT-SWAP,reversal,6H,0.007,0.01,0.01,1,0.0,10.0,148.0,154601.52,104360.49,814,554,260,68.06,55.1,1.457,5692.39,2201,47362.57,31901.74,151230.77,219.3,154601.52,2.23
ETH-USDT-SWAP,reversal,6H,0.007,0.01,0.015,1,0.0,10.0,148.0,267986.66,180972.07,814,615,199,75.55,44.64,1.868,9871.204,2201,79774.12,53801.43,261845.69,228.23,267986.66,2.35
ETH-USDT-SWAP,reversal,6H,0.007,0.01,0.02,1,0.0,10.0,148.0,283048.55,191149.02,814,632,182,77.64,51.06,1.884,10426.31,2201,86447.82,58310.69,276907.59,220.32,283048.55,2.22
ETH-USDT-SWAP,reversal,6H,0.007,0.01,0.025,1,0.0,10.0,148.0,287580.21,194210.95,814,641,173,78.75,50.8,1.884,10593.325,2201,84260.14,56832.53,281439.24,234.01,287580.21,2.18
ETH-USDT-SWAP,reversal,6H,0.007,0.01,0.03,1,0.0,10.0,148.0,327835.13,221410.22,814,653,161,80.22,50.36,2.059,12076.921,2201,91956.62,62032.85,321694.16,249.83,327835.13,1.91
ETH-USDT-SWAP,reversal,6H,0.007,0.015,0.01,1,0.0,10.0,148.0,3194.46,2058.42,814,446,368,54.79,91.9,1.036,112.277,2201,6942.86,4591.12,2998.52,-56.81,3194.46,6.53
ETH-USDT-SWAP,reversal,6H,0.007,0.015,0.015,1,0.0,10.0,148.0,22397.0,15033.11,814,486,328,59.71,95.26,1.092,819.988,2201,23582.81,15834.33,18386.95,-22.03,22397.0,21.81
ETH-USDT-SWAP,reversal,6H,0.007,0.015,0.02,1,0.0,10.0,148.0,29501.84,19833.67,814,502,312,61.67,91.7,1.089,1081.837,2201,27969.71,18798.45,25491.78,-8.86,29501.84,15.73
ETH-USDT-SWAP,reversal,6H,0.007,0.015,0.025,1,0.0,10.0,148.0,803.15,442.67,814,505,309,62.04,98.03,1.005,24.146,2201,21708.45,14567.87,623.12,-97.13,803.15,28.89
ETH-USDT-SWAP,reversal,6H,0.007,0.015,0.03,1,0.0,10.0,148.0,84775.42,57180.69,814,514,300,63.14,75.5,1.16,3118.947,2201,38314.8,25788.38,80765.36,110.79,84775.42,4.97
ETH-USDT-SWAP,reversal,6H,0.007,0.02,0.01,1,0.0,10.0,148.0,0.01,-99.99,814,380,434,46.68,100.0,0.896,-5.454,2201,101.12,-31.68,0.01,-99.99,0.01,11.25
ETH-USDT-SWAP,reversal,6H,0.007,0.02,0.015,1,0.0,10.0,148.0,0.02,-99.99,814,422,392,51.84,100.0,0.928,-5.454,2201,158.07,6.81,0.02,-99.99,0.02,34.6
ETH-USDT-SWAP,reversal,6H,0.007,0.02,0.02,1,0.0,10.0,148.0,0.0,-100.0,814,435,379,53.44,100.0,0.922,-5.454,2201,153.81,3.93,0.0,-100.0,0.0,34.6
ETH-USDT-SWAP,reversal,6H,0.007,0.02,0.025,1,0.0,10.0,148.0,0.0,-100.0,814,439,375,53.93,100.0,0.914,-5.455,2201,126.68,-14.41,0.0,-100.0,0.0,34.6
ETH-USDT-SWAP,reversal,6H,0.007,0.02,0.03,1,0.0,10.0,148.0,0.0,-100.0,814,445,369,54.67,100.0,0.941,-5.455,2201,157.52,6.43,0.0,-100.0,0.0,34.6
ETH-USDT-SWAP,reversal,6H,0.007,0.03,0.01,1,0.0,10.0,148.0,0.0,-100.0,814,345,469,42.38,100.0,0.792,-5.455,2201,2.72,-98.16,0.0,-100.0,0.0,-17.32
ETH-USDT-SWAP,reversal,6H,0.007,0.03,0.015,1,0.0,10.0,148.0,0.0,-100.0,814,382,432,46.93,100.0,0.818,-5.455,2201,1.84,-98.76,0.0,-100.0,0.0,-5.67
ETH-USDT-SWAP,reversal,6H,0.007,0.03,0.02,1,0.0,10.0,148.0,0.0,-100.0,814,395,419,48.53,100.0,0.777,-5.455,2201,0.94,-99.36,0.0,-100.0,0.0,-0.4
ETH-USDT-SWAP,reversal,6H,0.007,0.03,0.025,1,0.0,10.0,148.0,0.0,-100.0,814,397,417,48.77,100.0,0.692,-5.455,2201,0.49,-99.67,0.0,-100.0,0.0,-0.4
ETH-USDT-SWAP,reversal,6H,0.007,0.03,0.03,1,0.0,10.0,148.0,0.0,-100.0,814,400,414,49.14,100.0,0.745,-5.455,2201,0.49,-99.67,0.0,-100.0,0.0,-0.4
ETH-USDT-SWAP,reversal,6H,0.01,0.006,0.01,1,0.0,10.0,148.0,133.29,-9.94,628,475,153,75.64,92.68,0.998,-0.542,2201,829.71,460.61,124.49,-85.0,133.29,7.07
ETH-USDT-SWAP,reversal,6H,0.01,0.006,0.015,1,0.0,10.0,148.0,41343.81,27835.01,628,537,91,85.51,72.08,1.368,1518.273,2201,4710.68,3082.89,37743.81,701.24,41343.81,9.54
ETH-USDT-SWAP,reversal,6H,0.01,0.006,0.02,1,0.0,10.0,148.0,86472.8,58327.57,628,561,67,89.33,71.84,1.55,3181.504,2201,13015.55,8694.29,82872.8,536.72,86472.8,4.34
ETH-USDT-SWAP,reversal,6H,0.01,0.006,0.025,1,0.0,10.0,148.0,103884.14,70091.98,628,573,55,91.24,63.51,1.69,3823.199,2201,14544.81,9727.58,100284.14,589.48,103884.14,3.59
ETH-USDT-SWAP,reversal,6H,0.01,0.006,0.03,1,0.0,10.0,148.0,116788.31,78811.02,628,580,48,92.36,43.54,1.895,4298.783,2201,8846.0,5877.03,113188.31,1179.54,116788.31,3.18
ETH-USDT-SWAP,reversal,6H,0.01,0.008,0.01,1,0.0,10.0,148.0,48723.95,32821.59,628,458,170,72.93,81.69,1.269,1790.269,2201,7586.43,5025.97,46068.95,507.25,48723.95,5.76
ETH-USDT-SWAP,reversal,6H,0.01,0.008,0.015,1,0.0,10.0,148.0,153665.33,103727.93,628,514,114,81.85,54.43,1.798,5657.887,2201,31258.02,21020.28,148355.33,374.62,153665.33,3.58
ETH-USDT-SWAP,reversal,6H,0.01,0.008,0.02,1,0.0,10.0,148.0,185145.89,124998.58,628,534,94,85.03,39.39,1.962,6818.104,2201,43413.26,29233.28,179835.89,314.24,185145.89,2.95
ETH-USDT-SWAP,reversal,6H,0.01,0.008,0.025,1,0.0,10.0,148.0,203208.21,137202.85,628,546,82,86.94,46.93,2.099,7483.792,2201,44436.88,29924.92,197898.21,345.35,203208.21,2.68
ETH-USDT-SWAP,reversal,6H,0.01,0.008,0.03,1,0.0,10.0,148.0,216674.45,146301.66,628,553,75,88.06,53.96,2.317,7980.09,2201,33768.1,22716.28,211364.45,525.93,216674.45,2.51
ETH-USDT-SWAP,reversal,6H,0.01,0.01,0.01,1,0.0,10.0,148.0,114580.56,77319.3,628,430,198,68.47,44.99,1.447,4217.416,2201,28805.8,19363.38,110972.35,285.24,114580.56,3.25
ETH-USDT-SWAP,reversal,6H,0.01,0.01,0.015,1,0.0,10.0,148.0,198493.51,134017.24,628,479,149,76.27,53.57,1.839,7310.031,2201,52074.02,35085.15,191930.3,268.57,198493.51,3.42
ETH-USDT-SWAP,reversal,6H,0.01,0.01,0.02,1,0.0,10.0,148.0,209261.86,141293.15,628,493,135,78.5,39.39,1.829,7706.899,2201,60221.65,40590.3,202698.64,236.59,209261.86,3.24
ETH-USDT-SWAP,reversal,6H,0.01,0.01,0.025,1,0.0,10.0,148.0,225909.76,152541.73,628,505,123,80.41,46.93,1.901,8320.458,2201,62785.72,42322.78,219346.55,249.36,225909.76,2.99
ETH-USDT-SWAP,reversal,6H,0.01,0.01,0.03,1,0.0,10.0,148.0,237288.0,160229.73,628,512,116,81.53,53.96,1.996,8739.803,2201,52786.72,35566.7,230724.79,337.09,237288.0,2.84
ETH-USDT-SWAP,reversal,6H,0.01,0.015,0.01,1,0.0,10.0,148.0,110893.8,74828.24,628,362,266,57.64,38.6,1.34,4081.54,2201,32888.3,22121.83,106586.17,224.09,110893.8,4.04
ETH-USDT-SWAP,reversal,6H,0.01,0.015,0.015,1,0.0,10.0,148.0,149446.36,100877.27,628,396,232,63.06,56.06,1.441,5502.396,2201,42135.97,28370.25,141926.88,236.83,149446.36,5.3
ETH-USDT-SWAP,reversal,6H,0.01,0.015,0.02,1,0.0,10.0,148.0,132979.71,89751.16,628,404,224,64.33,40.92,1.356,4895.518,2201,47762.68,32172.08,125460.24,162.67,132979.71,5.99
ETH-USDT-SWAP,reversal,6H,0.01,0.015,0.025,1,0.0,10.0,148.0,157808.19,106527.16,628,415,213,66.08,46.93,1.408,5810.572,2201,65529.77,44176.87,150288.72,129.34,157808.19,5.0
ETH-USDT-SWAP,reversal,6H,0.01,0.015,0.03,1,0.0,10.0,148.0,171571.03,115826.37,628,421,207,67.04,53.96,1.457,6317.802,2201,55844.99,37633.1,164051.56,193.76,171571.03,4.58
ETH-USDT-SWAP,reversal,6H,0.01,0.02,0.01,1,0.0,10.0,148.0,2.05,-98.61,628,302,326,48.09,99.95,0.986,-5.379,2201,1179.79,697.16,1.73,-99.85,2.05,18.34
ETH-USDT-SWAP,reversal,6H,0.01,0.02,0.015,1,0.0,10.0,148.0,3.79,-97.44,628,331,297,52.71,99.94,0.99,-5.315,2201,2509.37,1595.52,2.58,-99.9,3.79,47.13
ETH-USDT-SWAP,reversal,6H,0.01,0.02,0.02,1,0.0,10.0,148.0,0.11,-99.93,628,338,290,53.82,100.0,0.987,-5.451,2201,2328.77,1473.49,0.07,-100.0,0.11,47.13
ETH-USDT-SWAP,reversal,6H,0.01,0.02,0.025,1,0.0,10.0,148.0,0.06,-99.96,628,347,281,55.25,100.0,0.992,-5.452,2201,4290.99,2799.32,0.04,-100.0,0.06,47.13
ETH-USDT-SWAP,reversal,6H,0.01,0.02,0.03,1,0.0,10.0,148.0,0.08,-99.95,628,352,276,56.05,100.0,0.988,-5.452,2201,1743.55,1078.07,0.05,-100.0,0.08,47.13
ETH-USDT-SWAP,reversal,6H,0.01,0.03,0.01,1,0.0,10.0,148.0,0.0,-100.0,628,266,362,42.36,100.0,0.767,-5.455,2201,9.95,-93.28,0.0,-100.0,0.0,-12.05
ETH-USDT-SWAP,reversal,6H,0.01,0.03,0.015,1,0.0,10.0,148.0,0.0,-100.0,628,291,337,46.34,100.0,0.714,-5.455,2201,4.48,-96.98,0.0,-100.0,0.0,3.12
ETH-USDT-SWAP,reversal,6H,0.01,0.03,0.02,1,0.0,10.0,148.0,0.0,-100.0,628,299,329,47.61,100.0,0.721,-5.455,2201,4.48,-96.97,0.0,-100.0,0.0,12.63
ETH-USDT-SWAP,reversal,6H,0.01,0.03,0.025,1,0.0,10.0,148.0,0.0,-100.0,628,306,322,48.73,100.0,0.775,-5.455,2201,7.25,-95.1,0.0,-100.0,0.0,12.63
ETH-USDT-SWAP,reversal,6H,0.01,0.03,0.03,1,0.0,10.0,148.0,0.0,-100.0,628,308,320,49.04,100.0,0.705,-5.455,2201,2.06,-98.61,0.0,-100.0,0.0,12.63
ETH-USDT-SWAP,fade,6H,0.001,0.006,0.01,1,0.0,10.0,148.0,0.04,-99.97,1694,1183,511,69.83,99.98,0.834,-5.453,2201,5.67,-96.17,0.07,-98.8,0.04,-39.08
ETH-USDT-SWAP,fade,6H,0.001,0.006,0.015,1,0.0,10.0,148.0,86166.46,58120.58,1694,1321,373,77.98,80.2,1.223,3170.214,2201,4928.24,3229.89,88868.29,1703.25,86166.46,-3.04
ETH-USDT-SWAP,fade,6H,0.001,0.006,0.02,1,0.0,10.0,148.0,177479.21,119818.39,1694,1366,328,80.64,71.05,1.417,6535.548,2201,46516.43,31330.02,180931.04,288.96,177479.21,-1.91
ETH-USDT-SWAP,fade,6H,0.001,0.006,0.025,1,0.0,10.0,148.0,205383.05,138672.33,1694,1387,307,81.88,82.34,1.52,7563.945,2201,36368.53,24473.33,205410.88,464.8,205383.05,-0.01
ETH-USDT-SWAP,fade,6H,0.001,0.006,0.03,1,0.0,10.0,148.0,215978.98,145831.74,1694,1395,299,82.35,59.13,1.535,7954.459,2201,46942.74,31618.07,216006.81,360.15,215978.98,-0.01
ETH-USDT-SWAP,fade,6H,0.001,0.008,0.01,1,0.0,10.0,148.0,0.0,-100.0,1694,1026,668,60.57,100.0,0.774,-5.454,2201,0.91,-99.39,0.0,-99.56,0.0,-36.07
ETH-USDT-SWAP,fade,6H,0.001,0.008,0.015,1,0.0,10.0,148.0,1738.24,1074.48,1694,1150,544,67.89,93.91,1.053,58.608,2201,197.82,33.66,1997.87,909.95,1738.24,-13.0
ETH-USDT-SWAP,fade,6H,0.001,0.008,0.02,1,0.0,10.0,148.0,32364.96,21768.22,1694,1187,507,70.07,98.85,1.169,1187.357,2201,2597.41,1655.01,34757.64,1238.17,32364.96,-6.88
ETH-USDT-SWAP,fade,6H,0.001,0.008,0.025,1,0.0,10.0,148.0,67278.63,45358.53,1694,1207,487,71.25,98.32,1.318,2474.102,2201,1291.07,772.34,66247.31,5031.2,67278.63,1.56
ETH-USDT-SWAP,fade,6H,0.001,0.008,0.03,1,0.0,10.0,148.0,60097.22,40506.23,1694,1214,480,71.66,98.84,1.266,2209.431,2201,2947.7,1891.69,59065.91,1903.8,60097.22,1.75
ETH-USDT-SWAP,fade,6H,0.001,0.01,0.01,1,0.0,10.0,148.0,0.0,-100.0,1694,892,802,52.66,100.0,0.65,-5.455,2201,0.04,-99.97,0.0,-100.0,0.0,-40.45
ETH-USDT-SWAP,fade,6H,0.001,0.01,0.015,1,0.0,10.0,148.0,0.0,-100.0,1694,1000,694,59.03,100.0,0.824,-5.454,2201,5.93,-95.99,0.0,-99.94,0.0,-17.42
ETH-USDT-SWAP,fade,6H,0.001,0.01,0.02,1,0.0,10.0,148.0,0.01,-99.99,1694,1034,660,61.04,100.0,0.928,-5.454,2201,59.36,-59.89,0.02,-99.97,0.01,-22.41
ETH-USDT-SWAP,fade,6H,0.001,0.01,0.025,1,0.0,10.0,148.0,0.01,-99.99,1694,1052,642,62.1,100.0,0.887,-5.454,2201,32.54,-78.01,0.01,-99.96,0.01,0.38
ETH-USDT-SWAP,fade,6H,0.001,0.01,0.03,1,0.0,10.0,148.0,0.01,-100.0,1694,1060,634,62.57,100.0,0.934,-5.454,2201,103.36,-30.16,0.01,-99.99,0.01,0.38
ETH-USDT-SWAP,fade,6H,0.001,0.015,0.01,1,0.0,10.0,148.0,0.0,-100.0,1694,710,984,41.91,100.0,0.51,-5.455,2201,0.0,-100.0,0.0,-100.0,0.0,-50.45
ETH-USDT-SWAP,fade,6H,0.001,0.015,0.015,1,0.0,10.0,148.0,0.0,-100.0,1694,795,899,46.93,100.0,0.512,-5.455,2201,0.0,-100.0,0.0,-100.0,0.0,-26.58
ETH-USDT-SWAP,fade,6H,0.001,0.015,0.02,1,0.0,10.0,148.0,0.0,-100.0,1694,823,871,48.58,100.0,0.596,-5.455,2201,0.0,-100.0,0.0,-100.0,0.0,-31.02
ETH-USDT-SWAP,fade,6H,0.001,0.015,0.025,1,0.0,10.0,148.0,0.0,-100.0,1694,837,857,49.41,100.0,0.559,-5.455,2201,0.0,-100.0,0.0,-100.0,0.0,-10.76
ETH-USDT-SWAP,fade,6H,0.001,0.015,0.03,1,0.0,10.0,148.0,0.0,-100.0,1694,842,852,49.7,100.0,0.539,-5.455,2201,0.0,-100.0,0.0,-100.0,0.0,-10.76
ETH-USDT-SWAP,fade,6H,0.001,0.02,0.01,1,0.0,10.0,148.0,0.0,-100.0,1694,649,1045,38.31,100.0,0.442,-5.455,2201,0.0,-100.0,0.0,-100.0,0.0,-50.45
ETH-USDT-SWAP,fade,6H,0.001,0.02,0.015,1,0.0,10.0,148.0,0.0,-100.0,1694,724,970,42.74,100.0,0.454,-5.455,2201,0.0,-100.0,0.0,-100.0,0.0,-46.27
ETH-USDT-SWAP,fade,6H,0.001,0.02,0.02,1,0.0,10.0,148.0,0.0,-100.0,1694,752,942,44.39,100.0,0.518,-5.455,2201,0.0,-100.0,0.0,-100.0,0.0,-52.57
ETH-USDT-SWAP,fade,6H,0.001,0.02,0.025,1,0.0,10.0,148.0,0.0,-100.0,1694,766,928,45.22,100.0,0.478,-5.455,2201,0.0,-100.0,0.0,-100.0,0.0,-42.58
ETH-USDT-SWAP,fade,6H,0.001,0.02,0.03,1,0.0,10.0,148.0,0.0,-100.0,1694,770,924,45.45,100.0,0.455,-5.455,2201,0.0,-100.0,0.0,-100.0,0.0,-35.82
ETH-USDT-SWAP,fade,6H,0.001,0.03,0.01,1,0.0,10.0,148.0,0.0,-100.0,1694,615,1079,36.3,100.0,0.31,-5.455,2201,0.0,-100.0,0.0,-100.0,0.0,-50.45
ETH-USDT-SWAP,fade,6H,0.001,0.03,0.015,1,0.0,10.0,148.0,0.0,-100.0,1694,696,998,41.09,100.0,0.315,-5.455,2201,0.0,-100.0,0.0,-100.0,0.0,-46.27
ETH-USDT-SWAP,fade,6H,0.001,0.03,0.02,1,0.0,10.0,148.0,0.0,-100.0,1694,724,970,42.74,100.0,0.376,-5.455,2201,0.0,-100.0,0.0,-100.0,0.0,-52.57
ETH-USDT-SWAP,fade,6H,0.001,0.03,0.025,1,0.0,10.0,148.0,0.0,-100.0,1694,736,958,43.45,100.0,0.312,-5.455,2201,0.0,-100.0,0.0,-100.0,0.0,-42.58
ETH-USDT-SWAP,fade,6H,0.001,0.03,0.03,1,0.0,10.0,148.0,0.0,-100.0,1694,738,956,43.57,100.0,0.263,-5.455,2201,0.0,-100.0,0.0,-100.0,0.0,-35.82
ETH-USDT-SWAP,fade,6H,0.002,0.006,0.01,1,0.0,10.0,148.0,182.88,23.57,1615,1197,418,74.12,98.84,1.003,1.286,2201,1061.9,617.5,241.76,-77.23,182.88,-24.36
ETH-USDT-SWAP,fade,6H,0.002,0.006,0.015,1,0.0,10.0,148.0,208934.32,141071.84,1615,1325,290,82.04,60.22,1.498,7694.827,2201,65473.2,44138.65,211116.64,222.45,208934.32,-1.03
ETH-USDT-SWAP,fade,6H,0.002,0.006,0.02,1,0.0,10.0,148.0,303553.8,205003.92,1615,1373,242,85.02,64.87,1.821,11182.032,2201,99636.65,67222.06,302912.86,204.02,303553.8,0.21
ETH-USDT-SWAP,fade,6H,0.002,0.006,0.025,1,0.0,10.0,148.0,316939.3,214048.18,1615,1389,226,86.01,74.78,1.869,11675.355,2201,99224.14,66943.34,316298.36,218.77,316939.3,0.2
ETH-USDT-SWAP,fade,6H,0.002,0.006,0.03,1,0.0,10.0,148.0,343377.08,231911.54,1615,1400,215,86.69,40.11,1.921,12649.72,2201,114069.76,76974.16,342736.13,200.46,343377.08,0.19
ETH-USDT-SWAP,fade,6H,0.002,0.008,0.01,1,0.0,10.0,148.0,127.95,-13.55,1615,1053,562,65.2,98.55,0.997,-0.739,2201,367.77,148.49,165.48,-55.0,127.95,-22.68
ETH-USDT-SWAP,fade,6H,0.002,0.008,0.015,1,0.0,10.0,148.0,223550.01,150947.31,1615,1177,438,72.88,61.92,1.396,8233.489,2201,60271.06,40623.69,225075.91,273.44,223550.01,-0.68
ETH-USDT-SWAP,fade,6H,0.002,0.008,0.02,1,0.0,10.0,148.0,293604.15,198281.18,1615,1216,399,75.29,61.47,1.532,10815.337,2201,86005.77,58012.01,292306.78,239.87,293604.15,0.44
ETH-USDT-SWAP,fade,6H,0.002,0.008,0.025,1,0.0,10.0,148.0,310180.55,209481.45,1615,1233,382,76.35,72.34,1.584,11426.261,2201,87170.87,58799.24,308883.18,254.34,310180.55,0.42
ETH-USDT-SWAP,fade,6H,0.002,0.008,0.03,1,0.0,10.0,148.0,328831.28,222083.3,1615,1243,372,76.97,49.67,1.576,12113.634,2201,104271.65,70353.82,327533.91,214.12,328831.28,0.4
ETH-USDT-SWAP,fade,6H,0.002,0.01,0.01,1,0.0,10.0,148.0,0.09,-99.94,1615,923,692,57.15,99.97,0.851,-5.451,2201,10.24,-93.08,0.11,-98.89,0.09,-20.97
ETH-USDT-SWAP,fade,6H,0.002,0.01,0.015,1,0.0,10.0,148.0,20090.78,13474.85,1615,1032,583,63.9,98.09,1.138,734.992,2201,1664.39,1024.59,20961.43,1159.41,20090.78,-4.15
ETH-USDT-SWAP,fade,6H,0.002,0.01,0.02,1,0.0,10.0,148.0,59094.47,39828.7,1615,1062,553,65.76,99.61,1.198,2172.474,2201,6636.77,4384.3,57141.85,760.99,59094.47,3.42
ETH-USDT-SWAP,fade,6H,0.002,0.01,0.025,1,0.0,10.0,148.0,72513.65,48895.71,1615,1079,536,66.81,99.3,1.222,2667.039,2201,9651.21,6421.09,70561.02,631.11,72513.65,2.77
ETH-USDT-SWAP,fade,6H,0.002,0.01,0.03,1,0.0,10.0,148.0,81520.66,54981.52,1615,1087,528,67.31,99.55,1.179,2998.992,2201,20312.56,13624.7,79568.03,291.72,81520.66,2.45
ETH-USDT-SWAP,fade,6H,0.002,0.015,0.01,1,0.0,10.0,148.0,0.0,-100.0,1615,719,896,44.52,100.0,0.57,-5.455,2201,0.02,-99.99,0.0,-100.0,0.0,-32.85
ETH-USDT-SWAP,fade,6H,0.002,0.015,0.015,1,0.0,10.0,148.0,0.0,-100.0,1615,804,811,49.78,100.0,0.608,-5.455,2201,0.24,-99.84,0.0,-100.0,0.0,-16.02
ETH-USDT-SWAP,fade,6H,0.002,0.015,0.02,1,0.0,10.0,148.0,0.0,-100.0,1615,830,785,51.39,100.0,0.662,-5.455,2201,0.2,-99.87,0.0,-100.0,0.0,3.1
ETH-USDT-SWAP,fade,6H,0.002,0.015,0.025,1,0.0,10.0,148.0,0.0,-100.0,1615,844,771,52.26,100.0,0.63,-5.455,2201,0.29,-99.8,0.0,-100.0,0.0,3.1
ETH-USDT-SWAP,fade,6H,0.002,0.015,0.03,1,0.0,10.0,148.0,0.0,-100.0,1615,851,764,52.69,100.0,0.653,-5.455,2201,0.46,-99.69,0.0,-100.0,0.0,3.1
ETH-USDT-SWAP,fade,6H,0.002,0.02,0.01,1,0.0,10.0,148.0,0.0,-100.0,1615,648,967,40.12,100.0,0.581,-5.455,2201,0.0,-100.0,0.0,-100.0,0.0,-33.65
ETH-USDT-SWAP,fade,6H,0.002,0.02,0.015,1,0.0,10.0,148.0,0.0,-100.0,1615,723,892,44.77,100.0,0.604,-5.455,2201,0.0,-100.0,0.0,-100.0,0.0,-39.27
ETH-USDT-SWAP,fade,6H,0.002,0.02,0.02,1,0.0,10.0,148.0,0.0,-100.0,1615,750,865,46.44,100.0,0.663,-5.455,2201,0.0,-100.0,0.0,-100.0,0.0,-29.96
ETH-USDT-SWAP,fade,6H,0.002,0.02,0.025,1,0.0,10.0,148.0,0.0,-100.0,1615,763,852,47.24,100.0,0.625,-5.455,2201,0.0,-100.0,0.0,-100.0,0.0,-25.83
ETH-USDT-SWAP,fade,6H,0.002,0.02,0.03,1,0.0,10.0,148.0,0.0,-100.0,1615,768,847,47.55,100.0,0.606,-5.455,2201,0.0,-100.0,0.0,-100.0,0.0,-25.83
ETH-USDT-SWAP,fade,6H,0.002,0.03,0.01,1,0.0,10.0,148.0,0.0,-100.0,1615,615,1000,38.08,100.0,0.446,-5.455,2201,0.0,-100.0,0.0,-100.0,0.0,-33.65
ETH-USDT-SWAP,fade,6H,0.002,0.03,0.015,1,0.0,10.0,148.0,0.0,-100.0,1615,693,922,42.91,100.0,0.457,-5.455,2201,0.0,-100.0,0.0,-100.0,0.0,-39.27
ETH-USDT-SWAP,fade,6H,0.002,0.03,0.02,1,0.0,10.0,148.0,0.0,-100.0,1615,719,896,44.52,100.0,0.485,-5.455,2201,0.0,-100.0,0.0,-100.0,0.0,-29.96
ETH-USDT-SWAP,fade,6H,0.002,0.03,0.025,1,0.0,10.0,148.0,0.0,-100.0,1615,730,885,45.2,100.0,0.416,-5.455,2201,0.0,-100.0,0.0,-100.0,0.0,-25.83
ETH-USDT-SWAP,fade,6H,0.002,0.03,0.03,1,0.0,10.0,148.0,0.0,-100.0,1615,732,883,45.33,100.0,0.36,-5.455,2201,0.0,-100.0,0.0,-100.0,0.0,-25.83
ETH-USDT-SWAP,fade,6H,0.003,0.006,0.01,1,0.0,10.0,148.0,7298.41,4831.36,1517,1154,363,76.07,90.52,1.051,263.528,2201,3384.57,2186.87,7460.31,120.42,7298.41,-2.17
ETH-USDT-SWAP,fade,6H,0.003,0.006,0.015,1,0.0,10.0,148.0,275427.1,185999.39,1517,1283,234,84.57,56.84,1.747,10145.421,2201,105644.68,71281.54,273129.55,158.54,275427.1,0.84
ETH-USDT-SWAP,fade,6H,0.003,0.006,0.02,1,0.0,10.0,148.0,361607.86,244229.63,1517,1328,189,87.54,64.87,2.166,13321.616,2201,113824.75,76808.62,359310.31,215.67,361607.86,0.64
ETH-USDT-SWAP,fade,6H,0.003,0.006,0.025,1,0.0,10.0,148.0,381298.98,257534.45,1517,1342,175,88.46,50.78,2.217,14047.334,2201,123362.15,83252.81,379001.44,207.23,381298.98,0.61
ETH-USDT-SWAP,fade,6H,0.003,0.006,0.03,1,0.0,10.0,148.0,415352.68,280543.7,1517,1355,162,89.32,39.41,2.369,15302.384,2201,134034.9,90464.12,413055.13,208.17,415352.68,0.56
ETH-USDT-SWAP,fade,6H,0.003,0.008,0.01,1,0.0,10.0,148.0,60452.88,40746.54,1517,1029,488,67.83,89.86,1.212,2222.539,2201,4476.49,2924.66,63837.21,1326.06,60452.88,-5.3
ETH-USDT-SWAP,fade,6H,0.003,0.008,0.015,1,0.0,10.0,148.0,295924.78,199849.17,1517,1140,377,75.15,57.79,1.551,10900.864,2201,119691.72,80772.78,297359.1,148.44,295924.78,-0.48
ETH-USDT-SWAP,fade,6H,0.003,0.008,0.02,1,0.0,10.0,148.0,366973.28,247854.92,1517,1181,336,77.85,61.47,1.732,13519.359,2201,124475.24,84004.89,365435.36,193.58,366973.28,0.42
ETH-USDT-SWAP,fade,6H,0.003,0.008,0.025,1,0.0,10.0,148.0,377370.87,254880.32,1517,1194,323,78.71,46.71,1.738,13902.563,2201,136240.33,91954.28,375832.95,175.86,377370.87,0.41
ETH-USDT-SWAP,fade,6H,0.003,0.008,0.03,1,0.0,10.0,148.0,394931.44,266745.57,1517,1203,314,79.3,48.5,1.756,14549.758,2201,147998.8,99899.19,393393.52,165.81,394931.44,0.39
ETH-USDT-SWAP,fade,6H,0.003,0.01,0.01,1,0.0,10.0,148.0,859.91,481.02,1517,912,605,60.12,93.72,1.021,26.238,2201,410.64,177.46,1061.59,158.52,859.91,-19.0
ETH-USDT-SWAP,fade,6H,0.003,0.01,0.015,1,0.0,10.0,148.0,219901.07,148481.8,1517,1013,504,66.78,65.96,1.341,8099.007,2201,64198.1,43277.1,220435.4,243.37,219901.07,-0.24
ETH-USDT-SWAP,fade,6H,0.003,0.01,0.02,1,0.0,10.0,148.0,263645.56,178038.89,1517,1046,471,68.95,70.17,1.408,9711.212,2201,66220.1,44643.31,261207.64,294.45,263645.56,0.93
ETH-USDT-SWAP,fade,6H,0.003,0.01,0.025,1,0.0,10.0,148.0,272416.82,183965.42,1517,1060,457,69.87,67.97,1.413,10034.478,2201,77756.91,52438.45,269978.9,247.21,272416.82,0.9
ETH-USDT-SWAP,fade,6H,0.003,0.01,0.03,1,0.0,10.0,148.0,288640.14,194927.12,1517,1068,449,70.4,49.51,1.411,10632.388,2201,98307.14,66323.74,286202.21,191.13,288640.14,0.85
ETH-USDT-SWAP,fade,6H,0.003,0.015,0.01,1,0.0,10.0,148.0,0.0,-100.0,1517,712,805,46.93,100.0,0.762,-5.455,2201,2.07,-98.6,0.0,-100.0,0.0,-31.17
ETH-USDT-SWAP,fade,6H,0.003,0.015,0.015,1,0.0,10.0,148.0,0.0,-100.0,1517,789,728,52.01,100.0,0.915,-5.455,2201,100.5,-32.1,0.0,-100.0,0.0,-12.96
ETH-USDT-SWAP,fade,6H,0.003,0.015,0.02,1,0.0,10.0,148.0,0.0,-100.0,1517,815,702,53.72,100.0,0.904,-5.455,2201,60.74,-58.96,0.0,-100.0,0.0,7.89
ETH-USDT-SWAP,fade,6H,0.003,0.015,0.025,1,0.0,10.0,148.0,0.0,-100.0,1517,828,689,54.58,100.0,0.936,-5.455,2201,203.03,37.18,0.0,-100.0,0.0,7.89
ETH-USDT-SWAP,fade,6H,0.003,0.015,0.03,1,0.0,10.0,148.0,0.0,-100.0,1517,835,682,55.04,100.0,0.95,-5.455,2201,241.41,63.12,0.0,-100.0,0.0,7.89
ETH-USDT-SWAP,fade,6H,0.003,0.02,0.01,1,0.0,10.0,148.0,0.0,-100.0,1517,630,887,41.53,100.0,0.71,-5.455,2201,0.01,-99.99,0.0,-100.0,0.0,-31.37
ETH-USDT-SWAP,fade,6H,0.003,0.02,0.015,1,0.0,10.0,148.0,0.0,-100.0,1517,696,821,45.88,100.0,0.692,-5.455,2201,0.04,-99.98,0.0,-100.0,0.0,-36.49
ETH-USDT-SWAP,fade,6H,0.003,0.02,0.02,1,0.0,10.0,148.0,0.0,-100.0,1517,720,797,47.46,100.0,0.73,-5.455,2201,0.01,-99.99,0.0,-100.0,0.0,-26.03
ETH-USDT-SWAP,fade,6H,0.003,0.02,0.025,1,0.0,10.0,148.0,0.0,-100.0,1517,734,783,48.38,100.0,0.73,-5.455,2201,0.06,-99.96,0.0,-100.0,0.0,-20.71
ETH-USDT-SWAP,fade,6H,0.003,0.02,0.03,1,0.0,10.0,148.0,0.0,-100.0,1517,738,779,48.65,100.0,0.692,-5.455,2201,0.03,-99.98,0.0,-100.0,0.0,-20.71
ETH-USDT-SWAP,fade,6H,0.003,0.03,0.01,1,0.0,10.0,148.0,0.0,-100.0,1517,598,919,39.42,100.0,0.65,-5.455,2201,0.01,-99.99,0.0,-100.0,0.0,-31.37
ETH-USDT-SWAP,fade,6H,0.003,0.03,0.015,1,0.0,10.0,148.0,0.0,-100.0,1517,664,853,43.77,100.0,0.611,-5.455,2201,0.01,-99.99,0.0,-100.0,0.0,-36.49
ETH-USDT-SWAP,fade,6H,0.003,0.03,0.02,1,0.0,10.0,148.0,0.0,-100.0,1517,688,829,45.35,100.0,0.616,-5.455,2201,0.0,-100.0,0.0,-100.0,0.0,-26.03
ETH-USDT-SWAP,fade,6H,0.003,0.03,0.025,1,0.0,10.0,148.0,0.0,-100.0,1517,698,819,46.01,100.0,0.549,-5.455,2201,0.0,-100.0,0.0,-100.0,0.0,-20.71
ETH-USDT-SWAP,fade,6H,0.003,0.03,0.03,1,0.0,10.0,148.0,0.0,-100.0,1517,702,815,46.28,100.0,0.487,-5.455,2201,0.0,-100.0,0.0,-100.0,0.0,-20.71
ETH-USDT-SWAP,fade,6H,0.005,0.006,0.01,1,0.0,10.0,148.0,13703.32,9159.0,1298,1001,297,77.12,87.22,1.069,499.582,2201,6398.95,4223.62,10129.99,58.31,13703.32,35.27
ETH-USDT-SWAP,fade,6H,0.005,0.006,0.015,1,0.0,10.0,148.0,242883.01,164010.14,1298,1117,181,86.06,53.92,1.764,8946.008,2201,88118.48,59439.51,238258.53,170.38,242883.01,1.94
ETH-USDT-SWAP,fade,6H,0.005,0.006,0.02,1,0.0,10.0,148.0,318084.29,214821.82,1298,1156,142,89.06,64.87,2.19,11717.554,2201,96498.49,65101.68,313459.81,224.83,318084.29,1.48
ETH-USDT-SWAP,fade,6H,0.005,0.006,0.025,1,0.0,10.0,148.0,349438.01,236006.76,1298,1174,124,90.45,46.71,2.351,12873.096,2201,106145.56,71619.97,344813.52,224.85,349438.01,1.34
ETH-USDT-SWAP,fade,6H,0.005,0.006,0.03,1,0.0,10.0,148.0,377461.72,254941.7,1298,1185,113,91.29,44.46,2.553,13905.911,2201,117646.06,79390.58,372837.24,216.91,377461.72,1.24
ETH-USDT-SWAP,fade,6H,0.005,0.008,0.01,1,0.0,10.0,148.0,166720.67,112549.1,1298,920,378,70.88,45.89,1.359,6139.042,2201,46163.95,31091.86,162879.31,252.83,166720.67,2.36
ETH-USDT-SWAP,fade,6H,0.005,0.008,0.015,1,0.0,10.0,148.0,372357.38,251492.83,1298,1027,271,79.12,47.29,1.91,13717.791,2201,134479.25,90764.36,368516.03,174.03,372357.38,1.04
ETH-USDT-SWAP,fade,6H,0.005,0.008,0.02,1,0.0,10.0,148.0,432735.35,292288.75,1298,1061,237,81.74,61.36,2.141,15943.023,2201,142859.83,96426.91,428894.0,200.22,432735.35,0.9
ETH-USDT-SWAP,fade,6H,0.005,0.008,0.025,1,0.0,10.0,148.0,466125.0,314849.32,1298,1078,220,83.05,46.71,2.247,17173.599,2201,152912.67,103219.37,462283.64,202.32,466125.0,0.83
ETH-USDT-SWAP,fade,6H,0.005,0.008,0.03,1,0.0,10.0,148.0,493641.4,333441.49,1298,1089,209,83.9,41.48,2.35,18187.717,2201,165602.32,111793.46,489800.05,195.77,493641.4,0.78
ETH-USDT-SWAP,fade,6H,0.005,0.01,0.01,1,0.0,10.0,148.0,170874.24,115355.57,1298,832,466,64.1,61.33,1.314,6292.122,2201,49476.96,33330.38,170233.54,244.07,170874.24,0.38
ETH-USDT-SWAP,fade,6H,0.005,0.01,0.015,1,0.0,10.0,148.0,361896.8,244424.87,1298,926,372,71.34,50.05,1.683,13332.265,2201,142279.35,96034.69,362006.11,154.43,361896.8,-0.03
ETH-USDT-SWAP,fade,6H,0.005,0.01,0.02,1,0.0,10.0,148.0,399594.3,269896.15,1298,957,341,73.73,58.56,1.782,14721.608,2201,141626.14,95593.34,396434.28,179.92,399594.3,0.8
ETH-USDT-SWAP,fade,6H,0.005,0.01,0.025,1,0.0,10.0,148.0,414541.69,279995.74,1298,968,330,74.58,46.71,1.779,15272.495,2201,157387.27,106242.75,411381.67,161.38,414541.69,0.77
ETH-USDT-SWAP,fade,6H,0.005,0.01,0.03,1,0.0,10.0,148.0,441921.69,298495.73,1298,978,320,75.35,46.12,1.825,16281.585,2201,175866.92,118729.0,438761.67,149.49,441921.69,0.72
ETH-USDT-SWAP,fade,6H,0.005,0.015,0.01,1,0.0,10.0,148.0,0.42,-99.72,1298,650,648,50.08,99.97,0.97,-5.439,2201,361.98,144.58,0.37,-99.9,0.42,12.43
ETH-USDT-SWAP,fade,6H,0.005,0.015,0.015,1,0.0,10.0,148.0,100.98,-31.77,1298,723,575,55.7,99.7,0.999,-1.733,2201,8042.91,5334.4,95.24,-98.82,100.98,6.02
ETH-USDT-SWAP,fade,6H,0.005,0.015,0.02,1,0.0,10.0,148.0,370.93,150.63,1298,751,547,57.86,99.37,1.002,8.216,2201,10363.92,6902.65,276.88,-97.33,370.93,33.96
ETH-USDT-SWAP,fade,6H,0.005,0.015,0.025,1,0.0,10.0,148.0,171.14,15.64,1298,761,537,58.63,99.87,1.0,0.853,2201,20476.17,13735.25,127.75,-99.38,171.14,33.96
ETH-USDT-SWAP,fade,6H,0.005,0.015,0.03,1,0.0,10.0,148.0,71810.41,48420.55,1298,768,530,59.17,86.79,1.092,2641.121,2201,41451.69,27907.9,67150.4,62.0,71810.41,6.94
ETH-USDT-SWAP,fade,6H,0.005,0.02,0.01,1,0.0,10.0,148.0,0.0,-100.0,1298,553,745,42.6,100.0,0.618,-5.455,2201,0.76,-99.49,0.0,-100.0,0.0,-2.77
ETH-USDT-SWAP,fade,6H,0.005,0.02,0.015,1,0.0,10.0,148.0,0.0,-100.0,1298,617,681,47.53,100.0,0.724,-5.455,2201,2.96,-98.0,0.0,-100.0,0.0,-8.31
ETH-USDT-SWAP,fade,6H,0.005,0.02,0.02,1,0.0,10.0,148.0,0.0,-100.0,1298,644,654,49.61,100.0,0.664,-5.455,2201,2.19,-98.52,0.0,-100.0,0.0,15.86
ETH-USDT-SWAP,fade,6H,0.005,0.02,0.025,1,0.0,10.0,148.0,0.0,-100.0,1298,650,648,50.08,100.0,0.647,-5.455,2201,2.36,-98.4,0.0,-100.0,0.0,15.86
ETH-USDT-SWAP,fade,6H,0.005,0.02,0.03,1,0.0,10.0,148.0,0.0,-100.0,1298,656,642,50.54,100.0,0.715,-5.455,2201,4.93,-96.67,0.0,-100.0,0.0,15.86
ETH-USDT-SWAP,fade,6H,0.005,0.03,0.01,1,0.0,10.0,148.0,0.0,-100.0,1298,513,785,39.52,100.0,0.588,-5.455,2201,0.06,-99.96,0.0,-100.0,0.0,-27.73
ETH-USDT-SWAP,fade,6H,0.005,0.03,0.015,1,0.0,10.0,148.0,0.0,-100.0,1298,577,721,44.45,100.0,0.657,-5.455,2201,0.06,-99.96,0.0,-100.0,0.0,-35.74
ETH-USDT-SWAP,fade,6H,0.005,0.03,0.02,1,0.0,10.0,148.0,0.0,-100.0,1298,599,699,46.15,100.0,0.564,-5.455,2201,0.02,-99.98,0.0,-100.0,0.0,-23.71
ETH-USDT-SWAP,fade,6H,0.005,0.03,0.025,1,0.0,10.0,148.0,0.0,-100.0,1298,605,693,46.61,100.0,0.497,-5.455,2201,0.01,-99.99,0.0,-100.0,0.0,-16.24
ETH-USDT-SWAP,fade,6H,0.005,0.03,0.03,1,0.0,10.0,148.0,0.0,-100.0,1298,609,689,46.92,100.0,0.545,-5.455,2201,0.02,-99.99,0.0,-100.0,0.0,-16.24
ETH-USDT-SWAP,fade,6H,0.007,0.006,0.01,1,0.0,10.0,148.0,37254.04,25071.65,1117,874,243,78.25,91.09,1.153,1367.545,2201,12032.11,8029.81,35289.87,193.3,37254.04,5.57
ETH-USDT-SWAP,fade,6H,0.007,0.006,0.015,1,0.0,10.0,148.0,187385.56,126511.86,1117,963,154,86.21,62.88,1.713,6900.647,2201,54887.6,36986.21,183066.38,233.53,187385.56,2.36
ETH-USDT-SWAP,fade,6H,0.007,0.006,0.02,1,0.0,10.0,148.0,238472.49,161030.06,1117,995,122,89.08,75.02,2.032,8783.458,2201,64843.74,43713.34,234153.31,261.1,238472.49,1.84
ETH-USDT-SWAP,fade,6H,0.007,0.006,0.025,1,0.0,10.0,148.0,272410.14,183960.9,1117,1013,104,90.69,32.56,2.18,10034.231,2201,81966.39,55282.69,268090.96,227.07,272410.14,1.61
ETH-USDT-SWAP,fade,6H,0.007,0.006,0.03,1,0.0,10.0,148.0,318421.04,215049.35,1117,1028,89,92.03,39.11,2.654,11729.965,2201,84759.84,57170.16,314101.86,270.58,318421.04,1.38
ETH-USDT-SWAP,fade,6H,0.007,0.008,0.01,1,0.0,10.0,148.0,187976.72,126911.3,1117,819,298,73.32,49.31,1.479,6922.435,2201,62787.04,42323.68,184257.55,193.46,187976.72,2.02
ETH-USDT-SWAP,fade,6H,0.007,0.008,0.015,1,0.0,10.0,148.0,328332.56,221746.32,1117,901,216,80.66,56.34,1.965,12095.254,2201,98545.9,66485.06,321958.38,226.71,328332.56,1.98
ETH-USDT-SWAP,fade,6H,0.007,0.008,0.02,1,0.0,10.0,148.0,370977.08,250560.19,1117,929,188,83.17,68.95,2.146,13666.919,2201,103626.51,69917.91,364602.9,251.84,370977.08,1.75
ETH-USDT-SWAP,fade,6H,0.007,0.008,0.025,1,0.0,10.0,148.0,399971.34,270150.91,1117,945,172,84.6,32.56,2.205,14735.504,2201,121946.39,82296.21,393597.16,222.76,399971.34,1.62
ETH-USDT-SWAP,fade,6H,0.007,0.008,0.03,1,0.0,10.0,148.0,445006.27,300579.92,1117,959,158,85.85,38.78,2.48,16395.268,2201,126203.25,85172.47,438632.1,247.56,445006.27,1.45
ETH-USDT-SWAP,fade,6H,0.007,0.01,0.01,1,0.0,10.0,148.0,238722.4,161198.92,1117,756,361,67.68,59.61,1.522,8792.668,2201,88014.73,59369.41,235351.64,167.4,238722.4,1.43
ETH-USDT-SWAP,fade,6H,0.007,0.01,0.015,1,0.0,10.0,148.0,375552.13,253651.44,1117,832,285,74.49,56.18,1.887,13835.533,2201,128120.41,86467.84,369411.17,188.33,375552.13,1.66
ETH-USDT-SWAP,fade,6H,0.007,0.01,0.02,1,0.0,10.0,148.0,410413.69,277206.55,1117,858,259,76.81,70.36,2.0,15120.357,2201,124680.67,84143.69,404272.73,224.25,410413.69,1.52
ETH-USDT-SWAP,fade,6H,0.007,0.01,0.025,1,0.0,10.0,148.0,441446.24,298174.49,1117,873,244,78.16,39.54,2.032,16264.063,2201,145477.44,98195.57,435305.28,199.23,441446.24,1.41
ETH-USDT-SWAP,fade,6H,0.007,0.01,0.03,1,0.0,10.0,148.0,495208.45,334500.31,1117,887,230,79.41,43.68,2.253,18245.471,2201,155194.62,104761.23,489067.49,215.13,495208.45,1.26
ETH-USDT-SWAP,fade,6H,0.007,0.015,0.01,1,0.0,10.0,148.0,94354.45,63653.01,1117,610,507,54.61,66.8,1.164,3471.982,2201,24788.3,16648.85,93114.61,275.64,94354.45,1.33
ETH-USDT-SWAP,fade,6H,0.007,0.015,0.015,1,0.0,10.0,148.0,138746.29,93647.49,1117,659,458,59.0,67.9,1.224,5108.045,2201,51100.58,34427.42,134736.23,163.67,138746.29,2.98
ETH-USDT-SWAP,fade,6H,0.007,0.015,0.02,1,0.0,10.0,148.0,162787.29,109891.41,1117,683,434,61.15,75.94,1.264,5994.077,2201,47435.19,31950.8,158777.24,234.72,162787.29,2.53
ETH-USDT-SWAP,fade,6H,0.007,0.015,0.025,1,0.0,10.0,148.0,161857.97,109263.49,1117,692,425,61.95,55.13,1.239,5959.827,2201,67336.49,45397.63,157847.92,134.42,161857.97,2.54
ETH-USDT-SWAP,fade,6H,0.007,0.015,0.03,1,0.0,10.0,148.0,198775.5,134207.77,1117,703,414,62.94,53.59,1.288,7320.424,2201,81745.99,55133.78,194765.45,138.26,198775.5,2.06
ETH-USDT-SWAP,fade,6H,0.007,0.02,0.01,1,0.0,10.0,148.0,0.0,-100.0,1117,519,598,46.46,100.0,0.916,-5.454,2201,125.94,-14.91,0.0,-100.0,0.0,11.25
ETH-USDT-SWAP,fade,6H,0.007,0.02,0.015,1,0.0,10.0,148.0,0.0,-100.0,1117,569,548,50.94,100.0,0.918,-5.455,2201,130.38,-11.9,0.0,-100.0,0.0,34.6
ETH-USDT-SWAP,fade,6H,0.007,0.02,0.02,1,0.0,10.0,148.0,0.0,-100.0,1117,590,527,52.82,100.0,0.904,-5.455,2201,158.51,7.1,0.0,-100.0,0.0,34.6
ETH-USDT-SWAP,fade,6H,0.007,0.02,0.025,1,0.0,10.0,148.0,0.0,-100.0,1117,597,520,53.45,100.0,0.93,-5.455,2201,207.23,40.02,0.0,-100.0,0.0,34.6
ETH-USDT-SWAP,fade,6H,0.007,0.02,0.03,1,0.0,10.0,148.0,0.0,-100.0,1117,604,513,54.07,100.0,0.957,-5.455,2201,324.61,119.33,0.0,-100.0,0.0,34.6
ETH-USDT-SWAP,fade,6H,0.007,0.03,0.01,1,0.0,10.0,148.0,0.0,-100.0,1117,470,647,42.08,100.0,0.773,-5.455,2201,1.29,-99.13,0.0,-100.0,0.0,-17.32
ETH-USDT-SWAP,fade,6H,0.007,0.03,0.015,1,0.0,10.0,148.0,0.0,-100.0,1117,517,600,46.28,100.0,0.752,-5.455,2201,0.49,-99.67,0.0,-100.0,0.0,-5.67
ETH-USDT-SWAP,fade,6H,0.007,0.03,0.02,1,0.0,10.0,148.0,0.0,-100.0,1117,535,582,47.9,100.0,0.68,-5.455,2201,0.35,-99.76,0.0,-100.0,0.0,-0.4
ETH-USDT-SWAP,fade,6H,0.007,0.03,0.025,1,0.0,10.0,148.0,0.0,-100.0,1117,539,578,48.25,100.0,0.632,-5.455,2201,0.19,-99.87,0.0,-100.0,0.0,-0.4
ETH-USDT-SWAP,fade,6H,0.007,0.03,0.03,1,0.0,10.0,148.0,0.0,-100.0,1117,543,574,48.61,100.0,0.678,-5.455,2201,0.21,-99.86,0.0,-100.0,0.0,-0.4
ETH-USDT-SWAP,fade,6H,0.01,0.006,0.01,1,0.0,10.0,148.0,249.5,68.58,875,665,210,76.0,95.43,1.008,3.741,2201,1570.45,961.11,233.03,-85.16,249.5,7.07
ETH-USDT-SWAP,fade,6H,0.01,0.006,0.015,1,0.0,10.0,148.0,71607.1,48283.17,875,742,133,84.8,84.51,1.345,2633.628,2201,13452.8,8989.73,68007.1,405.52,71607.1,5.29
ETH-USDT-SWAP,fade,6H,0.01,0.006,0.02,1,0.0,10.0,148.0,149652.44,101016.51,875,779,96,89.03,47.87,1.682,5509.992,2201,36859.57,24805.12,146052.44,296.24,149652.44,2.46
ETH-USDT-SWAP,fade,6H,0.01,0.006,0.025,1,0.0,10.0,148.0,169294.05,114287.87,875,794,81,90.74,32.77,1.784,6233.884,2201,44611.35,30042.8,165694.05,271.42,169294.05,2.17
ETH-USDT-SWAP,fade,6H,0.01,0.006,0.03,1,0.0,10.0,148.0,221581.96,149617.54,875,809,66,92.46,32.3,2.271,8160.957,2201,49102.04,33077.06,217981.96,343.94,221581.96,1.65
ETH-USDT-SWAP,fade,6H,0.01,0.008,0.01,1,0.0,10.0,148.0,112153.77,75679.58,875,638,237,72.91,66.61,1.363,4127.977,2201,25781.56,17319.97,109498.77,324.72,112153.77,2.42
ETH-USDT-SWAP,fade,6H,0.01,0.008,0.015,1,0.0,10.0,148.0,218989.27,147865.72,875,707,168,80.8,64.53,1.792,8065.403,2201,58440.79,39387.02,213679.27,265.63,218989.27,2.49
ETH-USDT-SWAP,fade,6H,0.01,0.008,0.02,1,0.0,10.0,148.0,273560.02,184737.85,875,737,138,84.23,61.84,2.041,10076.61,2201,73021.28,49238.7,268250.02,267.36,273560.02,1.98
ETH-USDT-SWAP,fade,6H,0.01,0.008,0.025,1,0.0,10.0,148.0,299123.84,202010.7,875,752,123,85.94,46.93,2.155,11018.765,2201,81002.03,54631.1,293813.84,262.72,299123.84,1.81
ETH-USDT-SWAP,fade,6H,0.01,0.008,0.03,1,0.0,10.0,148.0,348952.85,235678.95,875,766,109,87.54,53.96,2.586,12855.215,2201,82805.67,55849.78,343642.85,315.0,348952.85,1.55
ETH-USDT-SWAP,fade,6H,0.01,0.01,0.01,1,0.0,10.0,148.0,178730.82,120664.07,875,594,281,67.89,43.48,1.502,6581.676,2201,56505.41,38079.33,175122.61,209.92,178730.82,2.06
ETH-USDT-SWAP,fade,6H,0.01,0.01,0.015,1,0.0,10.0,148.0,278462.36,188050.24,875,655,220,74.86,59.83,1.832,10257.286,2201,84340.32,56886.71,271899.15,222.38,278462.36,2.41
ETH-USDT-SWAP,fade,6H,0.01,0.01,0.02,1,0.0,10.0,148.0,316451.87,213718.83,875,679,196,77.6,62.3,1.939,11657.391,2201,94947.69,64053.84,309888.66,226.38,316451.87,2.12
ETH-USDT-SWAP,fade,6H,0.01,0.01,0.025,1,0.0,10.0,148.0,344540.94,232697.93,875,694,181,79.31,46.93,2.0,12692.615,2201,107304.07,72402.75,337977.73,214.97,344540.94,1.94
ETH-USDT-SWAP,fade,6H,0.01,0.01,0.03,1,0.0,10.0,148.0,382690.82,258474.88,875,706,169,80.69,53.96,2.199,14098.63,2201,102687.43,69283.4,376127.61,266.28,382690.82,1.74
ETH-USDT-SWAP,fade,6H,0.01,0.015,0.01,1,0.0,10.0,148.0,166489.29,112392.76,875,497,378,56.8,59.39,1.37,6130.514,2201,56500.63,38076.1,162181.66,187.04,166489.29,2.66
ETH-USDT-SWAP,fade,6H,0.01,0.015,0.015,1,0.0,10.0,148.0,211947.99,143108.1,875,541,334,61.83,63.72,1.453,7805.896,2201,64191.73,43272.79,204428.52,218.47,211947.99,3.68
ETH-USDT-SWAP,fade,6H,0.01,0.015,0.02,1,0.0,10.0,148.0,223922.82,151199.2,875,558,317,63.77,71.71,1.453,8247.229,2201,72607.79,48959.32,216403.34,198.04,223922.82,3.47
ETH-USDT-SWAP,fade,6H,0.01,0.015,0.025,1,0.0,10.0,148.0,258014.57,174234.17,875,571,304,65.26,46.93,1.488,9503.682,2201,104258.63,70345.02,250495.1,140.26,258014.57,3.0
ETH-USDT-SWAP,fade,6H,0.01,0.015,0.03,1,0.0,10.0,148.0,302157.81,204060.68,875,582,293,66.51,53.96,1.598,11130.583,2201,101167.44,68256.38,294638.33,191.24,302157.81,2.55
ETH-USDT-SWAP,fade,6H,0.01,0.02,0.01,1,0.0,10.0,148.0,3.13,-97.88,875,420,455,48.0,99.97,0.993,-5.339,2201,1105.65,647.06,2.65,-99.76,3.13,18.34
ETH-USDT-SWAP,fade,6H,0.01,0.02,0.015,1,0.0,10.0,148.0,9.0,-93.92,875,458,417,52.34,99.96,0.993,-5.123,2201,1797.06,1114.23,6.12,-99.66,9.0,47.13
ETH-USDT-SWAP,fade,6H,0.01,0.02,0.02,1,0.0,10.0,148.0,2.31,-98.44,875,475,400,54.29,99.99,0.996,-5.369,2201,2614.33,1666.44,1.57,-99.94,2.31,47.13
ETH-USDT-SWAP,fade,6H,0.01,0.02,0.025,1,0.0,10.0,148.0,3.27,-97.79,875,486,389,55.54,100.0,0.999,-5.334,2201,12779.18,8534.58,2.22,-99.98,3.27,47.13
ETH-USDT-SWAP,fade,6H,0.01,0.02,0.03,1,0.0,10.0,148.0,42.55,-71.25,875,495,380,56.57,99.97,1.0,-3.886,2201,7747.53,5134.82,28.92,-99.63,42.55,47.13
ETH-USDT-SWAP,fade,6H,0.01,0.03,0.01,1,0.0,10.0,148.0,0.0,-100.0,875,363,512,41.49,100.0,0.71,-5.455,2201,0.89,-99.4,0.0,-100.0,0.0,-12.05
ETH-USDT-SWAP,fade,6H,0.01,0.03,0.015,1,0.0,10.0,148.0,0.0,-100.0,875,397,478,45.37,100.0,0.622,-5.455,2201,0.39,-99.74,0.0,-100.0,0.0,3.12
ETH-USDT-SWAP,fade,6H,0.01,0.03,0.02,1,0.0,10.0,148.0,0.0,-100.0,875,410,465,46.86,100.0,0.608,-5.455,2201,0.4,-99.73,0.0,-100.0,0.0,12.63
ETH-USDT-SWAP,fade,6H,0.01,0.03,0.025,1,0.0,10.0,148.0,0.0,-100.0,875,417,458,47.66,100.0,0.663,-5.455,2201,0.68,-99.54,0.0,-100.0,0.0,12.63
ETH-USDT-SWAP,fade,6H,0.01,0.03,0.03,1,0.0,10.0,148.0,0.0,-100.0,875,421,454,48.11,100.0,0.594,-5.455,2201,0.16,-99.89,0.0,-100.0,0.0,12.63
ETH-USDT-SWAP,reversal,12H,0.001,0.006,0.01,1,0.0,10.0,148.0,3.92,-97.35,622,452,170,72.67,99.02,0.892,-5.31,1101,96.99,-34.46,6.66,-93.14,3.92,-41.08
ETH-USDT-SWAP,reversal,12H,0.001,0.006,0.015,1,0.0,10.0,148.0,1574.58,963.9,622,515,107,82.8,79.38,1.095,52.577,1101,1041.34,603.6,2342.74,124.97,1574.58,-32.79
ETH-USDT-SWAP,reversal,12H,0.001,0.006,0.02,1,0.0,10.0,148.0,37940.64,25535.57,622,540,82,86.82,78.93,1.401,1392.849,1101,4027.92,2621.57,43529.24,980.69,37940.64,-12.84
ETH-USDT-SWAP,reversal,12H,0.001,0.006,0.025,1,0.0,10.0,148.0,23252.32,15611.02,622,547,75,87.94,77.51,1.306,851.51,1101,2565.28,1633.3,24940.91,872.25,23252.32,-6.77
ETH-USDT-SWAP,reversal,12H,0.001,0.006,0.03,1,0.0,10.0,148.0,5266.21,3458.25,622,550,72,88.42,84.02,1.14,188.632,1101,1279.46,764.5,5980.8,367.45,5266.21,-11.95
ETH-USDT-SWAP,reversal,12H,0.001,0.008,0.01,1,0.0,10.0,148.0,13.28,-91.02,622,411,211,66.08,98.64,0.941,-4.965,1101,115.0,-22.29,22.12,-80.77,13.28,-39.95
ETH-USDT-SWAP,reversal,12H,0.001,0.008,0.015,1,0.0,10.0,148.0,3369.93,2176.98,622,471,151,75.72,85.76,1.104,118.744,1101,790.51,434.13,4826.55,510.56,3369.93,-30.18
ETH-USDT-SWAP,reversal,12H,0.001,0.008,0.02,1,0.0,10.0,148.0,38018.89,25588.44,622,494,128,79.42,85.82,1.409,1395.733,1101,1633.63,1003.81,43007.48,2532.63,38018.89,-11.6
ETH-USDT-SWAP,reversal,12H,0.001,0.008,0.025,1,0.0,10.0,148.0,28977.49,19479.39,622,502,120,80.71,88.35,1.41,1062.512,1101,845.37,471.2,32032.41,3689.15,28977.49,-9.54
ETH-USDT-SWAP,reversal,12H,0.001,0.008,0.03,1,0.0,10.0,148.0,2766.93,1769.55,622,505,117,81.19,96.05,1.13,96.521,1101,235.21,58.93,3462.63,1372.15,2766.93,-20.09
ETH-USDT-SWAP,reversal,12H,0.001,0.01,0.01,1,0.0,10.0,148.0,3.61,-97.56,622,368,254,59.16,99.59,0.923,-5.321,1101,91.93,-37.89,5.9,-93.58,3.61,-38.82
ETH-USDT-SWAP,reversal,12H,0.001,0.01,0.015,1,0.0,10.0,148.0,109.41,-26.07,622,420,202,67.52,97.46,0.994,-1.422,1101,867.6,486.21,150.95,-82.6,109.41,-27.52
ETH-USDT-SWAP,reversal,12H,0.001,0.01,0.02,1,0.0,10.0,148.0,2851.23,1826.51,622,446,176,71.7,97.54,1.118,99.628,1101,2746.61,1755.82,4007.47,45.91,2851.23,-28.85
ETH-USDT-SWAP,reversal,12H,0.001,0.01,0.025,1,0.0,10.0,148.0,3412.61,2205.82,622,455,167,73.15,98.17,1.147,120.317,1101,2096.55,1316.59,4113.96,96.23,3412.61,-17.05
ETH-USDT-SWAP,reversal,12H,0.001,0.01,0.03,1,0.0,10.0,148.0,226.55,53.07,622,458,164,73.63,98.35,1.014,2.895,1101,583.33,294.14,273.1,-53.18,226.55,-17.05
ETH-USDT-SWAP,reversal,12H,0.001,0.015,0.01,1,0.0,10.0,148.0,0.0,-100.0,622,280,342,45.02,100.0,0.82,-5.455,1101,9.06,-93.88,0.0,-99.98,0.0,-35.98
ETH-USDT-SWAP,reversal,12H,0.001,0.015,0.015,1,0.0,10.0,148.0,0.01,-99.99,622,332,290,53.38,100.0,0.783,-5.454,1101,22.78,-84.61,0.01,-99.94,0.01,-20.65
ETH-USDT-SWAP,reversal,12H,0.001,0.015,0.02,1,0.0,10.0,148.0,0.02,-99.98,622,354,268,56.91,99.99,0.819,-5.454,1101,28.88,-80.48,0.03,-99.89,0.02,-22.11
ETH-USDT-SWAP,reversal,12H,0.001,0.015,0.025,1,0.0,10.0,148.0,0.02,-99.99,622,365,257,58.68,100.0,0.849,-5.454,1101,30.94,-79.1,0.02,-99.95,0.02,-9.19
ETH-USDT-SWAP,reversal,12H,0.001,0.015,0.03,1,0.0,10.0,148.0,0.0,-100.0,622,370,252,59.49,100.0,0.841,-5.455,1101,19.55,-86.79,0.0,-100.0,0.0,-9.19
ETH-USDT-SWAP,reversal,12H,0.001,0.02,0.01,1,0.0,10.0,148.0,0.0,-100.0,622,244,378,39.23,100.0,0.703,-5.455,1101,2.12,-98.57,0.0,-100.0,0.0,-33.15
ETH-USDT-SWAP,reversal,12H,0.001,0.02,0.015,1,0.0,10.0,148.0,0.0,-100.0,622,293,329,47.11,100.0,0.682,-5.455,1101,2.82,-98.1,0.0,-99.99,0.0,-39.36
ETH-USDT-SWAP,reversal,12H,0.001,0.02,0.02,1,0.0,10.0,148.0,0.0,-100.0,622,313,309,50.32,100.0,0.791,-5.455,1101,4.63,-96.87,0.0,-99.99,0.0,-44.07
ETH-USDT-SWAP,reversal,12H,0.001,0.02,0.025,1,0.0,10.0,148.0,0.0,-100.0,622,323,299,51.93,100.0,0.791,-5.455,1101,2.74,-98.15,0.0,-100.0,0.0,-38.99
ETH-USDT-SWAP,reversal,12H,0.001,0.02,0.03,1,0.0,10.0,148.0,0.0,-100.0,622,329,293,52.89,100.0,0.758,-5.455,1101,1.76,-98.81,0.0,-100.0,0.0,-32.78
ETH-USDT-SWAP,reversal,12H,0.001,0.03,0.01,1,0.0,10.0,148.0,0.0,-100.0,622,211,411,33.92,100.0,0.61,-5.455,1101,0.27,-99.82,0.0,-100.0,0.0,-50.32
ETH-USDT-SWAP,reversal,12H,0.001,0.03,0.015,1,0.0,10.0,148.0,0.0,-100.0,622,262,360,42.12,100.0,0.566,-5.455,1101,0.15,-99.9,0.0,-100.0,0.0,-49.51
ETH-USDT-SWAP,reversal,12H,0.001,0.03,0.02,1,0.0,10.0,148.0,0.0,-100.0,622,283,339,45.5,100.0,0.681,-5.455,1101,0.22,-99.85,0.0,-100.0,0.0,-53.44
ETH-USDT-SWAP,reversal,12H,0.001,0.03,0.025,1,0.0,10.0,148.0,0.0,-100.0,622,291,331,46.78,100.0,0.611,-5.455,1101,0.06,-99.96,0.0,-100.0,0.0,-49.21
ETH-USDT-SWAP,reversal,12H,0.001,0.03,0.03,1,0.0,10.0,148.0,0.0,-100.0,622,297,325,47.75,100.0,0.513,-5.455,1101,0.03,-99.98,0.0,-100.0,0.0,-44.03
ETH-USDT-SWAP,reversal,12H,0.002,0.006,0.01,1,0.0,10.0,148.0,44.24,-70.11,595,444,151,74.62,95.25,0.954,-3.824,1101,169.34,14.42,67.74,-60.0,44.24,-34.7
ETH-USDT-SWAP,reversal,12H,0.002,0.006,0.015,1,0.0,10.0,148.0,19584.71,13132.91,595,503,92,84.54,72.61,1.233,716.34,1101,1772.23,1097.46,24678.78,1292.52,19584.71,-20.64
ETH-USDT-SWAP,reversal,12H,0.002,0.006,0.02,1,0.0,10.0,148.0,77439.76,52224.16,595,526,69,88.4,67.1,1.655,2848.591,1101,5161.8,3387.7,78676.89,1424.21,77439.76,-1.57
ETH-USDT-SWAP,reversal,12H,0.002,0.006,0.025,1,0.0,10.0,148.0,73452.81,49530.27,595,533,62,89.58,58.16,1.66,2701.651,1101,3786.34,2458.34,74689.94,1872.61,73452.81,-1.66
ETH-USDT-SWAP,reversal,12H,0.002,0.006,0.03,1,0.0,10.0,148.0,72796.9,49087.09,595,537,58,90.25,64.64,1.642,2677.478,1101,2209.18,1392.69,74034.03,3251.2,72796.9,-1.67
ETH-USDT-SWAP,reversal,12H,0.002,0.008,0.01,1,0.0,10.0,148.0,90.93,-38.56,595,402,193,67.56,97.94,0.979,-2.103,1101,125.71,-15.06,136.62,8.68,90.93,-33.44
ETH-USDT-SWAP,reversal,12H,0.002,0.008,0.015,1,0.0,10.0,148.0,21015.46,14099.64,595,460,135,77.31,73.09,1.275,769.071,1101,958.76,547.81,25509.54,2560.67,21015.46,-17.62
ETH-USDT-SWAP,reversal,12H,0.002,0.008,0.02,1,0.0,10.0,148.0,68558.62,46223.39,595,484,111,81.34,76.67,1.716,2521.276,1101,1394.16,842.0,68895.76,4841.73,68558.62,-0.49
ETH-USDT-SWAP,reversal,12H,0.002,0.008,0.025,1,0.0,10.0,148.0,46068.28,31027.21,595,492,103,82.69,84.13,1.534,1692.394,1101,502.47,239.51,46405.41,9135.4,46068.28,-0.73
ETH-USDT-SWAP,reversal,12H,0.002,0.008,0.03,1,0.0,10.0,148.0,15270.71,10218.05,595,496,99,83.36,91.73,1.293,557.348,1101,131.99,-10.82,15791.73,11864.48,15270.71,-3.3
ETH-USDT-SWAP,reversal,12H,0.002,0.01,0.01,1,0.0,10.0,148.0,158.74,7.26,595,371,224,62.35,97.17,1.003,0.396,1101,158.69,7.22,234.08,47.5,158.74,-32.18
ETH-USDT-SWAP,reversal,12H,0.002,0.01,0.015,1,0.0,10.0,148.0,31395.43,21113.13,595,426,169,71.6,78.36,1.277,1151.625,1101,1685.8,1039.06,35289.51,1993.33,31395.43,-11.03
ETH-USDT-SWAP,reversal,12H,0.002,0.01,0.02,1,0.0,10.0,148.0,70480.01,47521.63,595,445,150,74.79,86.98,1.536,2592.089,1101,2296.84,1451.92,72332.74,3049.23,70480.01,-2.56
ETH-USDT-SWAP,reversal,12H,0.002,0.01,0.025,1,0.0,10.0,148.0,43666.86,29404.64,595,454,141,76.3,88.79,1.441,1603.889,1101,1196.05,708.14,45519.6,3705.84,43666.86,-4.07
ETH-USDT-SWAP,reversal,12H,0.002,0.01,0.03,1,0.0,10.0,148.0,18670.73,12515.36,595,457,138,76.81,93.87,1.334,682.656,1101,375.31,153.59,20523.47,5368.42,18670.73,-9.03
ETH-USDT-SWAP,reversal,12H,0.002,0.015,0.01,1,0.0,10.0,148.0,0.03,-99.98,595,282,313,47.39,99.99,0.828,-5.453,1101,14.01,-90.53,0.04,-99.69,0.03,-29.04
ETH-USDT-SWAP,reversal,12H,0.002,0.015,0.015,1,0.0,10.0,148.0,0.53,-99.64,595,332,263,55.8,99.9,0.833,-5.435,1101,54.18,-63.39,0.65,-98.8,0.53,-18.98
ETH-USDT-SWAP,reversal,12H,0.002,0.015,0.02,1,0.0,10.0,148.0,3.4,-97.71,595,355,240,59.66,99.79,0.863,-5.329,1101,64.61,-56.35,3.58,-94.46,3.4,-5.15
ETH-USDT-SWAP,reversal,12H,0.002,0.015,0.025,1,0.0,10.0,148.0,0.93,-99.37,595,365,230,61.34,99.91,0.875,-5.42,1101,48.0,-67.57,0.98,-97.96,0.93,-5.15
ETH-USDT-SWAP,reversal,12H,0.002,0.015,0.03,1,0.0,10.0,148.0,0.18,-99.88,595,370,225,62.18,99.98,0.885,-5.448,1101,43.5,-70.61,0.19,-99.57,0.18,-5.15
ETH-USDT-SWAP,reversal,12H,0.002,0.02,0.01,1,0.0,10.0,148.0,0.0,-100.0,595,244,351,41.01,100.0,0.746,-5.455,1101,2.92,-98.03,0.0,-99.98,0.0,-25.9
ETH-USDT-SWAP,reversal,12H,0.002,0.02,0.015,1,0.0,10.0,148.0,0.0,-100.0,595,291,304,48.91,100.0,0.751,-5.454,1101,5.79,-96.09,0.0,-99.96,0.0,-38.08
ETH-USDT-SWAP,reversal,12H,0.002,0.02,0.02,1,0.0,10.0,148.0,0.0,-100.0,595,313,282,52.61,100.0,0.839,-5.454,1101,7.68,-94.81,0.01,-99.92,0.0,-31.89
ETH-USDT-SWAP,reversal,12H,0.002,0.02,0.025,1,0.0,10.0,148.0,0.0,-100.0,595,323,272,54.29,100.0,0.846,-5.455,1101,4.46,-96.99,0.0,-99.98,0.0,-28.9
ETH-USDT-SWAP,reversal,12H,0.002,0.02,0.03,1,0.0,10.0,148.0,0.0,-100.0,595,328,267,55.13,100.0,0.844,-5.455,1101,2.71,-98.17,0.0,-100.0,0.0,-28.9
ETH-USDT-SWAP,reversal,12H,0.002,0.03,0.01,1,0.0,10.0,148.0,0.0,-100.0,595,213,382,35.8,100.0,0.627,-5.455,1101,0.71,-99.52,0.0,-100.0,0.0,-44.93
ETH-USDT-SWAP,reversal,12H,0.002,0.03,0.015,1,0.0,10.0,148.0,0.0,-100.0,595,258,337,43.36,100.0,0.632,-5.455,1101,0.77,-99.48,0.0,-100.0,0.0,-47.93
ETH-USDT-SWAP,reversal,12H,0.002,0.03,0.02,1,0.0,10.0,148.0,0.0,-100.0,595,279,316,46.89,100.0,0.735,-5.455,1101,1.17,-99.21,0.0,-100.0,0.0,-42.72
ETH-USDT-SWAP,reversal,12H,0.002,0.03,0.025,1,0.0,10.0,148.0,0.0,-100.0,595,287,308,48.24,100.0,0.673,-5.455,1101,0.29,-99.8,0.0,-100.0,0.0,-40.2
ETH-USDT-SWAP,reversal,12H,0.002,0.03,0.03,1,0.0,10.0,148.0,0.0,-100.0,595,292,303,49.08,100.0,0.602,-5.455,1101,0.12,-99.92,0.0,-100.0,0.0,-40.2
ETH-USDT-SWAP,reversal,12H,0.003,0.006,0.01,1,0.0,10.0,148.0,1159.63,683.53,576,453,123,78.65,84.58,1.167,37.284,1101,445.28,200.87,1365.08,206.57,1159.63,-15.05
ETH-USDT-SWAP,reversal,12H,0.003,0.006,0.015,1,0.0,10.0,148.0,83306.91,56188.45,576,507,69,88.02,44.36,1.637,3064.825,1101,14282.8,9550.54,81243.84,468.82,83306.91,2.54
ETH-USDT-SWAP,reversal,12H,0.003,0.006,0.02,1,0.0,10.0,148.0,137805.89,93012.09,576,530,46,92.01,34.2,2.445,5073.387,1101,22436.87,15060.04,135742.82,505.0,137805.89,1.52
ETH-USDT-SWAP,reversal,12H,0.003,0.006,0.025,1,0.0,10.0,148.0,131227.12,88566.97,576,534,42,92.71,34.44,2.275,4830.926,1101,20748.1,13918.98,129164.05,522.53,131227.12,1.6
ETH-USDT-SWAP,reversal,12H,0.003,0.006,0.03,1,0.0,10.0,148.0,139639.21,94250.82,576,539,37,93.58,38.94,2.385,5140.954,1101,22483.01,15091.22,137576.14,511.91,139639.21,1.5
ETH-USDT-SWAP,reversal,12H,0.003,0.008,0.01,1,0.0,10.0,148.0,5193.04,3408.81,576,412,164,71.53,78.55,1.181,185.935,1101,407.77,175.52,9206.05,2157.67,5193.04,-43.59
ETH-USDT-SWAP,reversal,12H,0.003,0.008,0.015,1,0.0,10.0,148.0,89281.28,60225.19,576,461,115,80.03,64.37,1.561,3285.01,1101,8252.84,5476.24,94340.93,1043.13,89281.28,-5.36
ETH-USDT-SWAP,reversal,12H,0.003,0.008,0.02,1,0.0,10.0,148.0,131797.23,88952.18,576,482,94,83.68,55.22,1.898,4851.937,1101,10019.58,6669.99,132548.84,1222.9,131797.23,-0.57
ETH-USDT-SWAP,reversal,12H,0.003,0.008,0.025,1,0.0,10.0,148.0,107405.31,72471.16,576,487,89,84.55,65.84,1.825,3952.972,1101,5894.37,3882.68,108156.93,1734.92,107405.31,-0.69
ETH-USDT-SWAP,reversal,12H,0.003,0.008,0.03,1,0.0,10.0,148.0,105838.82,71412.72,576,492,84,85.42,71.04,1.787,3895.239,1101,4432.47,2894.91,106590.44,2304.76,105838.82,-0.71
ETH-USDT-SWAP,reversal,12H,0.003,0.01,0.01,1,0.0,10.0,148.0,4702.52,3077.38,576,376,200,65.28,89.59,1.125,167.857,1101,403.02,172.31,8336.47,1968.49,4702.52,-43.59
ETH-USDT-SWAP,reversal,12H,0.003,0.01,0.015,1,0.0,10.0,148.0,87102.56,58753.08,576,425,151,73.78,64.2,1.525,3204.714,1101,4534.13,2963.6,91862.21,1926.02,87102.56,-5.18
ETH-USDT-SWAP,reversal,12H,0.003,0.01,0.02,1,0.0,10.0,148.0,105109.73,70920.09,576,442,134,76.74,77.67,1.765,3868.369,1101,2690.56,1717.95,107526.53,3896.44,105109.73,-2.25
ETH-USDT-SWAP,reversal,12H,0.003,0.01,0.025,1,0.0,10.0,148.0,74462.05,50212.2,576,449,127,77.95,92.49,1.567,2738.847,1101,1348.26,810.99,76878.85,5602.09,74462.05,-3.14
ETH-USDT-SWAP,reversal,12H,0.003,0.01,0.03,1,0.0,10.0,148.0,82992.44,55975.97,576,455,121,78.99,92.5,1.606,3053.235,1101,891.33,502.25,85409.23,9482.24,82992.44,-2.83
ETH-USDT-SWAP,reversal,12H,0.003,0.015,0.01,1,0.0,10.0,148.0,3.37,-97.72,576,290,286,50.35,99.73,0.947,-5.33,1101,221.26,49.5,5.97,-97.3,3.37,-43.59
ETH-USDT-SWAP,reversal,12H,0.003,0.015,0.015,1,0.0,10.0,148.0,67.39,-54.46,576,339,237,58.85,99.12,0.991,-2.971,1101,1520.96,927.68,91.86,-93.96,67.39,-26.64
ETH-USDT-SWAP,reversal,12H,0.003,0.015,0.02,1,0.0,10.0,148.0,351.78,137.69,576,358,218,62.15,97.7,1.026,7.51,1101,1155.68,680.86,400.53,-65.34,351.78,-12.17
ETH-USDT-SWAP,reversal,12H,0.003,0.015,0.025,1,0.0,10.0,148.0,39.26,-73.48,576,366,210,63.54,99.18,0.977,-4.008,1101,816.66,451.79,44.7,-94.53,39.26,-12.17
ETH-USDT-SWAP,reversal,12H,0.003,0.015,0.03,1,0.0,10.0,148.0,14.79,-90.01,576,371,205,64.41,99.56,0.963,-4.909,1101,521.38,252.28,16.84,-96.77,14.79,-12.17
ETH-USDT-SWAP,reversal,12H,0.003,0.02,0.01,1,0.0,10.0,148.0,0.06,-99.96,576,252,324,43.75,99.99,0.833,-5.452,1101,25.59,-82.71,0.11,-99.55,0.06,-43.59
ETH-USDT-SWAP,reversal,12H,0.003,0.02,0.015,1,0.0,10.0,148.0,0.26,-99.82,576,299,277,51.91,99.92,0.864,-5.445,1101,41.21,-72.15,0.49,-98.81,0.26,-46.31
ETH-USDT-SWAP,reversal,12H,0.003,0.02,0.02,1,0.0,10.0,148.0,0.38,-99.74,576,318,258,55.21,99.92,0.894,-5.44,1101,33.97,-77.05,0.63,-98.13,0.38,-39.61
ETH-USDT-SWAP,reversal,12H,0.003,0.02,0.025,1,0.0,10.0,148.0,0.02,-99.99,576,326,250,56.6,99.99,0.905,-5.454,1101,26.72,-81.95,0.03,-99.87,0.02,-36.16
ETH-USDT-SWAP,reversal,12H,0.003,0.02,0.03,1,0.0,10.0,148.0,0.01,-100.0,576,332,244,57.64,100.0,0.907,-5.454,1101,18.64,-87.41,0.01,-99.95,0.01,-36.16
ETH-USDT-SWAP,reversal,12H,0.003,0.03,0.01,1,0.0,10.0,148.0,0.0,-100.0,576,217,359,37.67,100.0,0.729,-5.455,1101,9.06,-93.88,0.0,-100.0,0.0,-43.59
ETH-USDT-SWAP,reversal,12H,0.003,0.03,0.015,1,0.0,10.0,148.0,0.0,-100.0,576,264,312,45.83,100.0,0.755,-5.455,1101,11.25,-92.4,0.0,-99.99,0.0,-46.31
ETH-USDT-SWAP,reversal,12H,0.003,0.03,0.02,1,0.0,10.0,148.0,0.0,-100.0,576,280,296,48.61,100.0,0.793,-5.455,1101,7.3,-95.06,0.0,-100.0,0.0,-39.61
ETH-USDT-SWAP,reversal,12H,0.003,0.03,0.025,1,0.0,10.0,148.0,0.0,-100.0,576,285,291,49.48,100.0,0.727,-5.455,1101,2.11,-98.57,0.0,-100.0,0.0,-36.16
ETH-USDT-SWAP,reversal,12H,0.003,0.03,0.03,1,0.0,10.0,148.0,0.0,-100.0,576,291,285,50.52,100.0,0.669,-5.455,1101,0.89,-99.4,0.0,-100.0,0.0,-36.16
ETH-USDT-SWAP,reversal,12H,0.005,0.006,0.01,1,0.0,10.0,148.0,893.9,503.99,520,408,112,78.46,80.13,1.146,27.49,1101,419.9,183.72,739.11,76.02,893.9,20.94
ETH-USDT-SWAP,reversal,12H,0.005,0.006,0.015,1,0.0,10.0,148.0,69738.97,47020.93,520,461,59,88.65,50.21,1.635,2564.778,1101,9140.26,6075.85,66828.0,631.14,69738.97,4.36
ETH-USDT-SWAP,reversal,12H,0.005,0.006,0.02,1,0.0,10.0,148.0,77581.0,52319.59,520,472,48,90.77,53.17,1.914,2853.796,1101,6520.6,4305.81,74670.03,1045.14,77581.0,3.9
ETH-USDT-SWAP,reversal,12H,0.005,0.006,0.025,1,0.0,10.0,148.0,77978.94,52588.47,520,478,42,91.92,64.22,1.732,2868.462,1101,5093.71,3341.7,75067.97,1373.74,77978.94,3.88
ETH-USDT-SWAP,reversal,12H,0.005,0.006,0.03,1,0.0,10.0,148.0,107338.42,72425.96,520,487,33,93.65,53.88,2.153,3950.507,1101,6748.02,4459.47,104427.45,1447.53,107338.42,2.79
ETH-USDT-SWAP,reversal,12H,0.005,0.008,0.01,1,0.0,10.0,148.0,49212.18,33151.47,520,391,129,75.19,59.24,1.52,1808.262,1101,2061.8,1293.11,46341.92,2147.64,49212.18,6.19
ETH-USDT-SWAP,reversal,12H,0.005,0.008,0.015,1,0.0,10.0,148.0,159548.93,107703.33,520,444,76,85.38,28.24,2.09,5874.727,1101,34585.57,23268.63,156678.67,353.02,159548.93,1.83
ETH-USDT-SWAP,reversal,12H,0.005,0.008,0.02,1,0.0,10.0,148.0,171575.81,115829.6,520,456,64,87.69,36.64,2.256,6317.978,1101,28761.87,19333.69,168705.56,486.56,171575.81,1.7
ETH-USDT-SWAP,reversal,12H,0.005,0.008,0.025,1,0.0,10.0,148.0,175067.05,118188.55,520,464,56,89.23,44.75,2.303,6446.648,1101,23238.11,15601.42,172196.8,641.01,175067.05,1.67
ETH-USDT-SWAP,reversal,12H,0.005,0.008,0.03,1,0.0,10.0,148.0,200921.23,135657.59,520,473,47,90.96,53.14,2.646,7399.505,1101,25969.85,17447.19,198050.98,662.62,200921.23,1.45
ETH-USDT-SWAP,reversal,12H,0.005,0.01,0.01,1,0.0,10.0,148.0,45714.48,30788.16,520,355,165,68.27,59.09,1.416,1679.354,1101,1650.81,1015.41,48034.22,2809.74,45714.48,-4.83
ETH-USDT-SWAP,reversal,12H,0.005,0.01,0.015,1,0.0,10.0,148.0,153138.38,103371.88,520,403,117,77.5,40.74,1.827,5638.466,1101,25168.07,16905.46,155798.81,519.03,153138.38,-1.71
ETH-USDT-SWAP,reversal,12H,0.005,0.01,0.02,1,0.0,10.0,148.0,163390.83,110299.21,520,417,103,80.19,47.67,1.911,6016.321,1101,17654.61,11828.79,162301.27,819.31,163390.83,0.67
ETH-USDT-SWAP,reversal,12H,0.005,0.01,0.025,1,0.0,10.0,148.0,144584.76,97592.41,520,423,97,81.35,54.37,1.795,5323.222,1101,9020.96,5995.24,143495.2,1490.69,144584.76,0.76
ETH-USDT-SWAP,reversal,12H,0.005,0.01,0.03,1,0.0,10.0,148.0,164084.25,110767.74,520,431,89,82.88,60.43,1.986,6041.877,1101,9356.16,6221.73,162994.69,1642.11,164084.25,0.67
ETH-USDT-SWAP,reversal,12H,0.005,0.015,0.01,1,0.0,10.0,148.0,53.64,-63.76,520,272,248,52.31,98.48,0.961,-3.478,1101,236.21,59.6,61.04,-74.16,53.64,-12.12
ETH-USDT-SWAP,reversal,12H,0.005,0.015,0.015,1,0.0,10.0,148.0,2065.65,1295.71,520,314,206,60.38,91.82,1.129,70.675,1101,1286.31,769.13,2417.44,87.94,2065.65,-14.55
ETH-USDT-SWAP,reversal,12H,0.005,0.015,0.02,1,0.0,10.0,148.0,25373.42,17044.21,520,335,185,64.42,90.35,1.635,929.684,1101,1092.87,638.43,25499.1,2233.22,25373.42,-0.49
ETH-USDT-SWAP,reversal,12H,0.005,0.015,0.025,1,0.0,10.0,148.0,1714.47,1058.42,520,341,179,65.58,94.95,1.149,57.732,1101,554.56,274.7,1754.08,216.3,1714.47,-2.26
ETH-USDT-SWAP,reversal,12H,0.005,0.015,0.03,1,0.0,10.0,148.0,2512.74,1597.8,520,348,172,66.92,92.07,1.266,87.153,1101,383.9,159.39,2570.8,569.65,2512.74,-2.26
ETH-USDT-SWAP,reversal,12H,0.005,0.02,0.01,1,0.0,10.0,148.0,0.14,-99.91,520,231,289,44.42,99.99,0.81,-5.449,1101,46.08,-68.87,0.15,-99.67,0.14,-8.23
ETH-USDT-SWAP,reversal,12H,0.005,0.02,0.015,1,0.0,10.0,148.0,0.61,-99.59,520,269,251,51.73,99.95,0.872,-5.432,1101,74.78,-49.47,0.68,-99.09,0.61,-10.77
ETH-USDT-SWAP,reversal,12H,0.005,0.02,0.02,1,0.0,10.0,148.0,0.69,-99.54,520,288,232,55.38,99.95,0.855,-5.429,1101,56.18,-62.04,0.67,-98.8,0.69,2.07
ETH-USDT-SWAP,reversal,12H,0.005,0.02,0.025,1,0.0,10.0,148.0,0.04,-99.98,520,295,225,56.73,99.99,0.848,-5.453,1101,37.13,-74.91,0.03,-99.91,0.04,2.07
ETH-USDT-SWAP,reversal,12H,0.005,0.02,0.03,1,0.0,10.0,148.0,0.02,-99.99,520,301,219,57.88,100.0,0.867,-5.454,1101,23.07,-84.42,0.02,-99.93,0.02,2.07
ETH-USDT-SWAP,reversal,12H,0.005,0.03,0.01,1,0.0,10.0,148.0,0.0,-100.0,520,200,320,38.46,100.0,0.735,-5.455,1101,6.62,-95.53,0.0,-99.99,0.0,-31.8
ETH-USDT-SWAP,reversal,12H,0.005,0.03,0.015,1,0.0,10.0,148.0,0.0,-100.0,520,238,282,45.77,100.0,0.815,-5.454,1101,7.82,-94.72,0.0,-99.97,0.0,-37.46
ETH-USDT-SWAP,reversal,12H,0.005,0.03,0.02,1,0.0,10.0,148.0,0.0,-100.0,520,254,266,48.85,100.0,0.746,-5.455,1101,2.75,-98.14,0.0,-99.99,0.0,-32.79
ETH-USDT-SWAP,reversal,12H,0.005,0.03,0.025,1,0.0,10.0,148.0,0.0,-100.0,520,261,259,50.19,100.0,0.676,-5.455,1101,1.11,-99.25,0.0,-100.0,0.0,-27.21
ETH-USDT-SWAP,reversal,12H,0.005,0.03,0.03,1,0.0,10.0,148.0,0.0,-100.0,520,265,255,50.96,100.0,0.747,-5.455,1101,0.52,-99.65,0.0,-100.0,0.0,-27.21
ETH-USDT-SWAP,reversal,12H,0.007,0.006,0.01,1,0.0,10.0,148.0,1276.97,762.82,466,368,98,78.97,72.88,1.13,41.608,1101,969.85,555.3,1240.41,27.9,1276.97,2.95
ETH-USDT-SWAP,reversal,12H,0.007,0.006,0.015,1,0.0,10.0,148.0,39882.27,26847.48,466,408,58,87.55,72.43,1.818,1464.408,1101,3639.6,2359.19,36927.27,914.6,39882.27,8.0
ETH-USDT-SWAP,reversal,12H,0.007,0.006,0.02,1,0.0,10.0,148.0,52889.06,35635.85,466,421,45,90.34,55.1,1.785,1943.774,1101,4060.87,2643.83,49934.06,1129.64,52889.06,5.92
ETH-USDT-SWAP,reversal,12H,0.007,0.006,0.025,1,0.0,10.0,148.0,53005.31,35714.4,466,428,38,91.85,61.52,1.798,1948.058,1101,3184.49,2051.68,50050.31,1471.69,53005.31,5.9
ETH-USDT-SWAP,reversal,12H,0.007,0.006,0.03,1,0.0,10.0,148.0,77959.85,52575.58,466,436,30,93.56,47.43,2.122,2867.759,1101,4218.73,2750.49,75004.85,1677.9,77959.85,3.94
ETH-USDT-SWAP,reversal,12H,0.007,0.008,0.01,1,0.0,10.0,148.0,37015.66,24910.58,466,350,116,75.11,57.22,1.38,1358.759,1101,3463.63,2240.29,35215.66,916.73,37015.66,5.11
ETH-USDT-SWAP,reversal,12H,0.007,0.008,0.015,1,0.0,10.0,148.0,95182.11,64212.24,466,384,82,82.4,51.19,1.764,3502.486,1101,9496.46,6316.53,90727.11,855.38,95182.11,4.91
ETH-USDT-SWAP,reversal,12H,0.007,0.008,0.02,1,0.0,10.0,148.0,94061.83,63455.29,466,396,70,84.98,55.81,1.803,3461.198,1101,6408.0,4229.73,89606.83,1298.36,94061.83,4.97
ETH-USDT-SWAP,reversal,12H,0.007,0.008,0.025,1,0.0,10.0,148.0,83534.61,56342.3,466,402,64,86.27,66.49,1.691,3073.217,1101,4177.91,2722.91,79079.61,1792.8,83534.61,5.63
ETH-USDT-SWAP,reversal,12H,0.007,0.008,0.03,1,0.0,10.0,148.0,98524.64,66470.7,466,409,57,87.77,57.81,1.764,3625.675,1101,4800.86,3143.82,94069.64,1859.43,98524.64,4.74
ETH-USDT-SWAP,reversal,12H,0.007,0.01,0.01,1,0.0,10.0,148.0,84765.15,57173.75,466,330,136,70.82,31.57,1.504,3118.568,1101,8048.32,5338.05,83312.0,935.15,84765.15,1.74
ETH-USDT-SWAP,reversal,12H,0.007,0.01,0.015,1,0.0,10.0,148.0,142113.12,95922.38,466,364,102,78.11,44.78,1.853,5232.13,1101,20631.26,13840.04,137704.98,567.46,142113.12,3.2
ETH-USDT-SWAP,reversal,12H,0.007,0.01,0.02,1,0.0,10.0,148.0,129871.62,87651.09,466,376,90,80.69,55.95,1.783,4780.969,1101,10729.07,7149.37,125463.47,1069.38,129871.62,3.51
ETH-USDT-SWAP,reversal,12H,0.007,0.01,0.025,1,0.0,10.0,148.0,131453.24,88719.76,466,385,81,82.62,52.08,1.808,4839.26,1101,5623.54,3699.69,127045.1,2159.16,131453.24,3.47
ETH-USDT-SWAP,reversal,12H,0.007,0.01,0.03,1,0.0,10.0,148.0,146120.35,98629.96,466,393,73,84.33,60.41,1.892,5379.816,1101,7143.44,4726.65,141712.2,1883.81,146120.35,3.11
ETH-USDT-SWAP,reversal,12H,0.007,0.015,0.01,1,0.0,10.0,148.0,11882.32,7928.6,466,266,200,57.08,86.53,1.155,432.469,1101,1808.33,1121.85,12884.25,612.49,11882.32,-7.78
ETH-USDT-SWAP,reversal,12H,0.007,0.015,0.015,1,0.0,10.0,148.0,66704.46,44970.58,466,297,169,63.73,71.95,1.437,2452.941,1101,3282.32,2117.79,65548.42,1897.01,66704.46,1.76
ETH-USDT-SWAP,reversal,12H,0.007,0.015,0.02,1,0.0,10.0,148.0,31314.04,21058.14,466,309,157,66.31,82.52,1.353,1148.626,1101,1146.81,674.87,30158.0,2529.74,31314.04,3.83
ETH-USDT-SWAP,reversal,12H,0.007,0.015,0.025,1,0.0,10.0,148.0,8219.98,5454.04,466,317,149,68.03,89.52,1.196,297.493,1101,577.25,290.04,7704.94,1234.76,8219.98,6.68
ETH-USDT-SWAP,reversal,12H,0.007,0.015,0.03,1,0.0,10.0,148.0,10845.02,7227.71,466,325,141,69.74,93.12,1.168,394.239,1101,845.08,471.0,10165.49,1102.9,10845.02,6.68
ETH-USDT-SWAP,reversal,12H,0.007,0.02,0.01,1,0.0,10.0,148.0,5.62,-96.2,466,217,249,46.57,99.39,0.864,-5.248,1101,94.42,-36.2,5.83,-93.82,5.62,-3.7
ETH-USDT-SWAP,reversal,12H,0.007,0.02,0.015,1,0.0,10.0,148.0,36.1,-75.61,466,250,216,53.65,98.94,0.927,-4.124,1101,166.73,12.65,32.4,-80.57,36.1,11.41
ETH-USDT-SWAP,reversal,12H,0.007,0.02,0.02,1,0.0,10.0,148.0,7.59,-94.87,466,263,203,56.44,99.35,0.885,-5.175,1101,86.26,-41.72,6.82,-92.1,7.59,11.41
ETH-USDT-SWAP,reversal,12H,0.007,0.02,0.025,1,0.0,10.0,148.0,1.33,-99.1,466,272,194,58.37,99.81,0.864,-5.405,1101,74.39,-49.74,1.2,-98.39,1.33,11.41
ETH-USDT-SWAP,reversal,12H,0.007,0.02,0.03,1,0.0,10.0,148.0,0.87,-99.41,466,278,188,59.66,99.91,0.864,-5.423,1101,58.39,-60.55,0.78,-98.67,0.87,11.41
ETH-USDT-SWAP,reversal,12H,0.007,0.03,0.01,1,0.0,10.0,148.0,0.01,-100.0,466,186,280,39.91,100.0,0.774,-5.454,1101,15.15,-89.77,0.01,-99.95,0.01,-28.42
ETH-USDT-SWAP,reversal,12H,0.007,0.03,0.015,1,0.0,10.0,148.0,0.01,-100.0,466,217,249,46.57,100.0,0.867,-5.454,1101,28.31,-80.87,0.01,-99.97,0.01,-21.92
ETH-USDT-SWAP,reversal,12H,0.007,0.03,0.02,1,0.0,10.0,148.0,0.0,-100.0,466,228,238,48.93,100.0,0.793,-5.455,1101,6.49,-95.61,0.0,-99.99,0.0,-18.65
ETH-USDT-SWAP,reversal,12H,0.007,0.03,0.025,1,0.0,10.0,148.0,0.0,-100.0,466,237,229,50.86,100.0,0.75,-5.455,1101,3.15,-97.87,0.0,-100.0,0.0,-18.65
ETH-USDT-SWAP,reversal,12H,0.007,0.03,0.03,1,0.0,10.0,148.0,0.0,-100.0,466,240,226,51.5,100.0,0.788,-5.455,1101,1.96,-98.68,0.0,-100.0,0.0,-18.65
ETH-USDT-SWAP,reversal,12H,0.01,0.006,0.01,1,0.0,10.0,148.0,578.98,291.2,397,310,87,78.09,70.59,1.039,15.884,1101,973.71,557.91,613.0,-37.04,578.98,-5.55
ETH-USDT-SWAP,reversal,12H,0.01,0.006,0.015,1,0.0,10.0,148.0,1510.31,920.48,397,335,62,84.38,73.77,1.064,50.208,1101,1255.65,748.41,1353.06,7.76,1510.31,11.62
ETH-USDT-SWAP,reversal,12H,0.01,0.006,0.02,1,0.0,10.0,148.0,3245.16,2092.68,397,350,47,88.16,77.53,1.064,114.146,1101,1411.83,853.94,2907.27,105.92,3245.16,11.62
ETH-USDT-SWAP,reversal,12H,0.01,0.006,0.025,1,0.0,10.0,148.0,30021.22,20184.61,397,361,36,90.93,46.76,1.373,1100.979,1101,2248.29,1419.12,28308.94,1159.13,30021.22,6.05
ETH-USDT-SWAP,reversal,12H,0.01,0.006,0.03,1,0.0,10.0,148.0,30792.78,20705.93,397,365,32,91.94,56.97,1.444,1129.415,1101,1898.16,1182.54,29080.5,1432.04,30792.78,5.89
ETH-USDT-SWAP,reversal,12H,0.01,0.008,0.01,1,0.0,10.0,148.0,25173.29,16908.98,397,297,100,74.81,59.5,1.229,922.308,1101,3927.97,2554.04,24961.0,535.47,25173.29,0.85
ETH-USDT-SWAP,reversal,12H,0.01,0.008,0.015,1,0.0,10.0,148.0,46430.81,31272.17,397,322,75,81.11,56.25,1.426,1705.755,1101,5448.67,3581.53,43563.53,699.53,46430.81,6.58
ETH-USDT-SWAP,reversal,12H,0.01,0.008,0.02,1,0.0,10.0,148.0,53432.08,36002.75,397,336,61,84.63,67.65,1.458,1963.787,1101,4197.28,2736.0,50564.79,1104.7,53432.08,5.67
ETH-USDT-SWAP,reversal,12H,0.01,0.008,0.025,1,0.0,10.0,148.0,82347.29,55540.06,397,347,50,87.41,37.99,1.696,3029.458,1101,5796.91,3816.83,79480.01,1271.08,82347.29,3.61
ETH-USDT-SWAP,reversal,12H,0.01,0.008,0.03,1,0.0,10.0,148.0,80038.09,53979.79,397,350,47,88.16,48.12,1.71,2944.352,1101,4915.44,3221.25,77170.8,1469.97,80038.09,3.72
ETH-USDT-SWAP,reversal,12H,0.01,0.01,0.01,1,0.0,10.0,148.0,60441.55,40738.88,397,279,118,70.28,37.15,1.388,2222.121,1101,9007.58,5986.2,59329.27,558.66,60441.55,1.87
ETH-USDT-SWAP,reversal,12H,0.01,0.01,0.015,1,0.0,10.0,148.0,73273.92,49409.4,397,303,94,76.32,50.92,1.5,2695.058,1101,8808.84,5851.92,69206.64,685.65,73273.92,5.88
ETH-USDT-SWAP,reversal,12H,0.01,0.01,0.02,1,0.0,10.0,148.0,54449.39,36690.13,397,313,84,78.84,67.41,1.361,2001.28,1101,3949.04,2568.27,50382.11,1175.81,54449.39,8.07
ETH-USDT-SWAP,reversal,12H,0.01,0.01,0.025,1,0.0,10.0,148.0,73650.4,49663.79,397,324,73,81.61,48.83,1.478,2708.934,1101,4136.57,2694.98,69583.12,1582.15,73650.4,5.85
ETH-USDT-SWAP,reversal,12H,0.01,0.01,0.03,1,0.0,10.0,148.0,58195.56,39221.32,397,327,70,82.37,69.06,1.404,2139.345,1101,3326.9,2147.9,54128.28,1526.99,58195.56,7.51
ETH-USDT-SWAP,reversal,12H,0.01,0.015,0.01,1,0.0,10.0,148.0,73686.61,49688.25,397,236,161,59.45,42.34,1.395,2710.268,1101,6278.77,4142.41,72484.82,1054.44,73686.61,1.66
ETH-USDT-SWAP,reversal,12H,0.01,0.015,0.015,1,0.0,10.0,148.0,78578.53,52993.6,397,258,139,64.99,56.48,1.456,2890.56,1101,4317.08,2816.94,73671.74,1606.52,78578.53,6.66
ETH-USDT-SWAP,reversal,12H,0.01,0.015,0.02,1,0.0,10.0,148.0,44707.76,30107.94,397,268,129,67.51,69.99,1.26,1642.251,1101,1681.97,1036.47,39800.96,2266.33,44707.76,12.33
ETH-USDT-SWAP,reversal,12H,0.01,0.015,0.025,1,0.0,10.0,148.0,65111.81,43894.46,397,279,118,70.28,62.72,1.341,2394.243,1101,1989.03,1243.94,60205.01,2926.85,65111.81,8.15
ETH-USDT-SWAP,reversal,12H,0.01,0.015,0.03,1,0.0,10.0,148.0,34889.66,23474.09,397,281,116,70.78,75.37,1.208,1280.405,1101,1389.43,838.8,29982.86,2057.93,34889.66,16.37
ETH-USDT-SWAP,reversal,12H,0.01,0.02,0.01,1,0.0,10.0,148.0,85.92,-41.95,397,192,205,48.36,91.45,0.988,-2.288,1101,360.38,143.5,77.49,-78.5,85.92,10.88
ETH-USDT-SWAP,reversal,12H,0.01,0.02,0.015,1,0.0,10.0,148.0,507.43,242.86,397,220,177,55.42,83.53,1.043,13.247,1101,370.5,150.34,404.47,9.17,507.43,25.45
ETH-USDT-SWAP,reversal,12H,0.01,0.02,0.02,1,0.0,10.0,148.0,20.1,-86.42,397,230,167,57.93,96.95,0.963,-4.714,1101,182.53,23.33,16.02,-91.22,20.1,25.45
ETH-USDT-SWAP,reversal,12H,0.01,0.02,0.025,1,0.0,10.0,148.0,19.09,-87.1,397,240,157,60.45,98.01,0.965,-4.751,1101,167.72,13.32,15.22,-90.93,19.09,25.45
ETH-USDT-SWAP,reversal,12H,0.01,0.02,0.03,1,0.0,10.0,148.0,4.03,-97.28,397,242,155,60.96,99.54,0.921,-5.306,1101,88.1,-40.47,3.21,-96.35,4.03,25.45
ETH-USDT-SWAP,reversal,12H,0.01,0.03,0.01,1,0.0,10.0,148.0,0.06,-99.96,397,159,238,40.05,99.98,0.822,-5.452,1101,22.95,-84.49,0.07,-99.68,0.06,-17.59
ETH-USDT-SWAP,reversal,12H,0.01,0.03,0.015,1,0.0,10.0,148.0,0.02,-99.99,397,181,216,45.59,99.99,0.738,-5.454,1101,7.86,-94.69,0.02,-99.7,0.02,-12.08
ETH-USDT-SWAP,reversal,12H,0.01,0.03,0.02,1,0.0,10.0,148.0,0.0,-100.0,397,194,203,48.87,100.0,0.742,-5.455,1101,5.29,-96.43,0.0,-99.98,0.0,-5.2
ETH-USDT-SWAP,reversal,12H,0.01,0.03,0.025,1,0.0,10.0,148.0,0.0,-100.0,397,201,196,50.63,100.0,0.776,-5.455,1101,3.16,-97.87,0.0,-99.99,0.0,-5.2
ETH-USDT-SWAP,reversal,12H,0.01,0.03,0.03,1,0.0,10.0,148.0,0.0,-100.0,397,203,194,51.13,100.0,0.712,-5.455,1101,1.35,-99.08,0.0,-100.0,0.0,-5.2
ETH-USDT-SWAP,fade,12H,0.001,0.006,0.01,1,0.0,10.0,148.0,18.79,-87.31,836,623,213,74.52,98.45,0.94,-4.762,1101,154.53,4.41,30.66,-80.16,18.79,-38.72
ETH-USDT-SWAP,fade,12H,0.001,0.006,0.015,1,0.0,10.0,148.0,60563.81,40821.49,836,708,128,84.69,67.06,1.475,2226.627,1101,3348.9,2162.77,65357.96,1851.62,60563.81,-7.34
ETH-USDT-SWAP,fade,12H,0.001,0.006,0.02,1,0.0,10.0,148.0,121919.34,82277.93,836,736,100,88.04,61.02,1.641,4487.887,1101,14739.86,9859.37,126907.94,760.98,121919.34,-3.93
ETH-USDT-SWAP,fade,12H,0.001,0.006,0.025,1,0.0,10.0,148.0,124695.1,84153.45,836,748,88,89.47,65.49,1.754,4590.188,1101,10960.43,7305.7,125783.7,1047.62,124695.1,-0.87
ETH-USDT-SWAP,fade,12H,0.001,0.006,0.03,1,0.0,10.0,148.0,106421.75,71806.59,836,752,84,89.95,80.62,1.758,3916.723,1101,4741.98,3104.04,107510.35,2167.2,106421.75,-1.01
ETH-USDT-SWAP,fade,12H,0.001,0.008,0.01,1,0.0,10.0,148.0,49.3,-66.69,836,562,274,67.22,99.03,0.974,-3.638,1101,198.48,34.11,77.66,-60.87,49.3,-36.53
ETH-USDT-SWAP,fade,12H,0.001,0.008,0.015,1,0.0,10.0,148.0,56678.99,38196.61,836,637,199,76.2,80.66,1.358,2083.452,1101,1699.13,1048.06,60618.13,3467.59,56678.99,-6.5
ETH-USDT-SWAP,fade,12H,0.001,0.008,0.02,1,0.0,10.0,148.0,101376.34,68397.53,836,664,172,79.43,80.94,1.523,3730.774,1101,4316.8,2816.76,105509.94,2344.17,101376.34,-3.92
ETH-USDT-SWAP,fade,12H,0.001,0.008,0.025,1,0.0,10.0,148.0,103881.38,70090.12,836,677,159,80.98,73.7,1.59,3823.098,1101,2177.45,1371.25,106081.3,4771.81,103881.38,-2.07
ETH-USDT-SWAP,fade,12H,0.001,0.008,0.03,1,0.0,10.0,148.0,71862.64,48455.84,836,683,153,81.7,86.24,1.534,2643.046,1101,555.58,275.39,74062.56,13230.79,71862.64,-2.97
ETH-USDT-SWAP,fade,12H,0.001,0.01,0.01,1,0.0,10.0,148.0,14.36,-90.3,836,508,328,60.77,99.64,0.945,-4.925,1101,100.09,-32.37,21.79,-78.23,14.36,-34.1
ETH-USDT-SWAP,fade,12H,0.001,0.01,0.015,1,0.0,10.0,148.0,1911.26,1191.39,836,574,262,68.66,94.78,1.071,64.985,1101,933.77,530.93,2448.41,162.21,1911.26,-21.94
ETH-USDT-SWAP,fade,12H,0.001,0.01,0.02,1,0.0,10.0,148.0,37078.95,24953.35,836,604,232,72.25,94.29,1.336,1361.092,1101,4097.99,2668.91,40312.55,883.72,37078.95,-8.02
ETH-USDT-SWAP,fade,12H,0.001,0.01,0.025,1,0.0,10.0,148.0,60259.66,40615.99,836,617,219,73.8,91.98,1.307,2215.417,1101,5024.86,3295.18,61559.58,1125.1,60259.66,-2.11
ETH-USDT-SWAP,fade,12H,0.001,0.01,0.03,1,0.0,10.0,148.0,12157.74,8114.69,836,622,214,74.4,92.49,1.148,442.619,1101,1193.91,706.7,13608.49,1039.82,12157.74,-10.66
ETH-USDT-SWAP,fade,12H,0.001,0.015,0.01,1,0.0,10.0,148.0,0.0,-100.0,836,395,441,47.25,100.0,0.863,-5.454,1101,7.29,-95.07,0.0,-99.96,0.0,-32.56
ETH-USDT-SWAP,fade,12H,0.001,0.015,0.015,1,0.0,10.0,148.0,0.06,-99.96,836,459,377,54.9,99.99,0.821,-5.452,1101,14.65,-90.1,0.07,-99.54,0.06,-16.41
ETH-USDT-SWAP,fade,12H,0.001,0.015,0.02,1,0.0,10.0,148.0,0.05,-99.97,836,484,352,57.89,99.99,0.862,-5.453,1101,28.08,-81.03,0.06,-99.78,0.05,-17.94
ETH-USDT-SWAP,fade,12H,0.001,0.015,0.025,1,0.0,10.0,148.0,0.04,-99.97,836,499,337,59.69,99.99,0.859,-5.453,1101,27.02,-81.74,0.04,-99.85,0.04,-4.33
ETH-USDT-SWAP,fade,12H,0.001,0.015,0.03,1,0.0,10.0,148.0,0.0,-100.0,836,504,332,60.29,100.0,0.798,-5.455,1101,8.51,-94.25,0.0,-99.99,0.0,-4.33
ETH-USDT-SWAP,fade,12H,0.001,0.02,0.01,1,0.0,10.0,148.0,0.0,-100.0,836,335,501,40.07,100.0,0.636,-5.455,1101,0.48,-99.68,0.0,-100.0,0.0,-29.57
ETH-USDT-SWAP,fade,12H,0.001,0.02,0.015,1,0.0,10.0,148.0,0.0,-100.0,836,391,445,46.77,100.0,0.589,-5.455,1101,0.32,-99.78,0.0,-100.0,0.0,-36.11
ETH-USDT-SWAP,fade,12H,0.001,0.02,0.02,1,0.0,10.0,148.0,0.0,-100.0,836,416,420,49.76,100.0,0.723,-5.455,1101,1.14,-99.23,0.0,-100.0,0.0,-41.08
ETH-USDT-SWAP,fade,12H,0.001,0.02,0.025,1,0.0,10.0,148.0,0.0,-100.0,836,431,405,51.56,100.0,0.681,-5.455,1101,0.56,-99.62,0.0,-100.0,0.0,-35.72
ETH-USDT-SWAP,fade,12H,0.001,0.02,0.03,1,0.0,10.0,148.0,0.0,-100.0,836,438,398,52.39,100.0,0.611,-5.455,1101,0.16,-99.89,0.0,-100.0,0.0,-29.18
ETH-USDT-SWAP,fade,12H,0.001,0.03,0.01,1,0.0,10.0,148.0,0.0,-100.0,836,286,550,34.21,100.0,0.546,-5.455,1101,0.01,-99.99,0.0,-100.0,0.0,-47.66
ETH-USDT-SWAP,fade,12H,0.001,0.03,0.015,1,0.0,10.0,148.0,0.0,-100.0,836,343,493,41.03,100.0,0.457,-5.455,1101,0.0,-100.0,0.0,-100.0,0.0,-46.81
ETH-USDT-SWAP,fade,12H,0.001,0.03,0.02,1,0.0,10.0,148.0,0.0,-100.0,836,367,469,43.9,100.0,0.575,-5.455,1101,0.0,-100.0,0.0,-100.0,0.0,-50.95
ETH-USDT-SWAP,fade,12H,0.001,0.03,0.025,1,0.0,10.0,148.0,0.0,-100.0,836,380,456,45.45,100.0,0.478,-5.455,1101,0.0,-100.0,0.0,-100.0,0.0,-46.49
ETH-USDT-SWAP,fade,12H,0.001,0.03,0.03,1,0.0,10.0,148.0,0.0,-100.0,836,388,448,46.41,100.0,0.395,-5.455,1101,0.0,-100.0,0.0,-100.0,0.0,-41.04
ETH-USDT-SWAP,fade,12H,0.002,0.006,0.01,1,0.0,10.0,148.0,397.9,168.85,803,614,189,76.46,88.46,1.039,9.21,1101,331.58,124.04,585.86,76.69,397.9,-32.08
ETH-USDT-SWAP,fade,12H,0.002,0.006,0.015,1,0.0,10.0,148.0,114615.54,77342.94,803,694,109,86.43,40.34,1.611,4218.706,1101,11747.55,7837.53,119109.62,913.91,114615.54,-3.77
ETH-USDT-SWAP,fade,12H,0.002,0.006,0.02,1,0.0,10.0,148.0,170522.12,115117.65,803,721,82,89.79,48.67,2.027,6279.144,1101,26408.62,17743.66,171159.25,548.12,170522.12,-0.37
ETH-USDT-SWAP,fade,12H,0.002,0.006,0.025,1,0.0,10.0,148.0,177311.31,119704.94,803,731,72,91.03,46.93,2.046,6529.36,1101,25319.17,17007.55,177948.44,602.82,177311.31,-0.36
ETH-USDT-SWAP,fade,12H,0.002,0.006,0.03,1,0.0,10.0,148.0,177058.7,119534.26,803,736,67,91.66,55.64,2.112,6520.05,1101,15032.93,10057.38,177695.84,1082.04,177058.7,-0.36
ETH-USDT-SWAP,fade,12H,0.002,0.008,0.01,1,0.0,10.0,148.0,1518.29,925.87,803,557,246,69.36,96.33,1.125,50.502,1101,196.57,32.82,2158.07,997.84,1518.29,-29.65
ETH-USDT-SWAP,fade,12H,0.002,0.008,0.015,1,0.0,10.0,148.0,119404.58,80578.77,803,632,171,78.7,62.42,1.636,4395.206,1101,3216.49,2073.3,123043.66,3725.41,119404.58,-2.96
ETH-USDT-SWAP,fade,12H,0.002,0.008,0.02,1,0.0,10.0,148.0,154537.54,104317.26,803,659,144,82.07,67.44,1.931,5690.032,1101,3024.09,1943.3,154019.68,4993.1,154537.54,0.34
ETH-USDT-SWAP,fade,12H,0.002,0.008,0.025,1,0.0,10.0,148.0,141405.38,95444.18,803,670,133,83.44,76.43,1.959,5206.046,1101,1149.58,676.74,140887.52,12155.55,141405.38,0.37
ETH-USDT-SWAP,fade,12H,0.002,0.008,0.03,1,0.0,10.0,148.0,124199.34,83818.47,803,675,128,84.06,87.87,1.899,4571.917,1101,331.49,123.98,123681.47,37211.32,124199.34,0.42
ETH-USDT-SWAP,fade,12H,0.002,0.01,0.01,1,0.0,10.0,148.0,1139.19,669.72,803,508,295,63.26,96.01,1.111,36.53,1101,209.12,41.3,1559.71,645.86,1139.19,-26.96
ETH-USDT-SWAP,fade,12H,0.002,0.01,0.015,1,0.0,10.0,148.0,116695.98,78748.64,803,579,224,72.1,72.74,1.446,4295.38,1101,4215.96,2748.62,119435.06,2732.93,116695.98,-2.29
ETH-USDT-SWAP,fade,12H,0.002,0.01,0.02,1,0.0,10.0,148.0,139384.21,94078.52,803,601,202,74.84,71.48,1.549,5131.556,1101,6005.59,3957.83,140081.94,2232.53,139384.21,-0.5
ETH-USDT-SWAP,fade,12H,0.002,0.01,0.025,1,0.0,10.0,148.0,122324.79,82551.89,803,613,190,76.34,71.18,1.534,4502.83,1101,3131.52,2015.89,123022.53,3828.53,122324.79,-0.57
ETH-USDT-SWAP,fade,12H,0.002,0.01,0.03,1,0.0,10.0,148.0,101215.62,68288.93,803,618,185,76.96,79.05,1.525,3724.851,1101,1090.79,637.02,101913.35,9243.1,101215.62,-0.68
ETH-USDT-SWAP,fade,12H,0.002,0.015,0.01,1,0.0,10.0,148.0,0.17,-99.89,803,394,409,49.07,99.99,0.893,-5.448,1101,16.66,-88.74,0.22,-98.68,0.17,-24.53
ETH-USDT-SWAP,fade,12H,0.002,0.015,0.015,1,0.0,10.0,148.0,12.31,-91.68,803,458,345,57.04,99.23,0.915,-5.001,1101,76.85,-48.07,14.29,-81.41,12.31,-13.82
ETH-USDT-SWAP,fade,12H,0.002,0.015,0.02,1,0.0,10.0,148.0,34.44,-76.73,803,483,320,60.15,98.86,0.954,-4.185,1101,180.3,21.82,34.14,-81.06,34.44,0.89
ETH-USDT-SWAP,fade,12H,0.002,0.015,0.025,1,0.0,10.0,148.0,3.77,-97.45,803,495,308,61.64,99.77,0.928,-5.316,1101,76.69,-48.18,3.73,-95.13,3.77,0.89
ETH-USDT-SWAP,fade,12H,0.002,0.015,0.03,1,0.0,10.0,148.0,1.29,-99.13,803,502,301,62.52,99.86,0.915,-5.407,1101,48.97,-66.91,1.28,-97.39,1.29,0.89
ETH-USDT-SWAP,fade,12H,0.002,0.02,0.01,1,0.0,10.0,148.0,0.0,-100.0,803,333,470,41.47,100.0,0.694,-5.455,1101,0.73,-99.5,0.0,-99.99,0.0,-21.19
ETH-USDT-SWAP,fade,12H,0.002,0.02,0.015,1,0.0,10.0,148.0,0.0,-100.0,803,392,411,48.82,100.0,0.669,-5.455,1101,1.39,-99.06,0.0,-99.99,0.0,-34.14
ETH-USDT-SWAP,fade,12H,0.002,0.02,0.02,1,0.0,10.0,148.0,0.0,-100.0,803,419,384,52.18,100.0,0.797,-5.455,1101,5.36,-96.38,0.0,-99.99,0.0,-27.56
ETH-USDT-SWAP,fade,12H,0.002,0.02,0.025,1,0.0,10.0,148.0,0.0,-100.0,803,432,371,53.8,100.0,0.783,-5.455,1101,1.61,-98.91,0.0,-100.0,0.0,-24.37
ETH-USDT-SWAP,fade,12H,0.002,0.02,0.03,1,0.0,10.0,148.0,0.0,-100.0,803,439,364,54.67,100.0,0.753,-5.455,1101,0.62,-99.58,0.0,-100.0,0.0,-24.37
ETH-USDT-SWAP,fade,12H,0.002,0.03,0.01,1,0.0,10.0,148.0,0.0,-100.0,803,284,519,35.37,100.0,0.567,-5.455,1101,0.04,-99.97,0.0,-100.0,0.0,-41.43
ETH-USDT-SWAP,fade,12H,0.002,0.03,0.015,1,0.0,10.0,148.0,0.0,-100.0,803,337,466,41.97,100.0,0.523,-5.455,1101,0.02,-99.99,0.0,-100.0,0.0,-44.61
ETH-USDT-SWAP,fade,12H,0.002,0.03,0.02,1,0.0,10.0,148.0,0.0,-100.0,803,363,440,45.21,100.0,0.643,-5.455,1101,0.06,-99.96,0.0,-100.0,0.0,-39.08
ETH-USDT-SWAP,fade,12H,0.002,0.03,0.025,1,0.0,10.0,148.0,0.0,-100.0,803,375,428,46.7,100.0,0.575,-5.455,1101,0.01,-99.99,0.0,-100.0,0.0,-36.4
ETH-USDT-SWAP,fade,12H,0.002,0.03,0.03,1,0.0,10.0,148.0,0.0,-100.0,803,383,420,47.7,100.0,0.499,-5.455,1101,0.0,-100.0,0.0,-100.0,0.0,-36.4
ETH-USDT-SWAP,fade,12H,0.003,0.006,0.01,1,0.0,10.0,148.0,9238.19,6142.02,780,620,160,79.49,87.87,1.305,335.019,1101,960.19,548.78,10874.89,1032.58,9238.19,-15.05
ETH-USDT-SWAP,fade,12H,0.003,0.006,0.015,1,0.0,10.0,148.0,157559.77,106359.31,780,693,87,88.85,38.16,1.942,5801.417,1101,38563.7,25956.55,155496.71,303.22,157559.77,1.33
ETH-USDT-SWAP,fade,12H,0.003,0.006,0.02,1,0.0,10.0,148.0,215071.71,145218.73,780,719,61,92.18,48.67,2.656,7921.021,1101,45743.51,30807.78,213008.65,365.66,215071.71,0.97
ETH-USDT-SWAP,fade,12H,0.003,0.006,0.025,1,0.0,10.0,148.0,209388.35,141378.61,780,724,56,92.82,33.81,2.443,7711.561,1101,48416.04,32613.54,207325.28,328.22,209388.35,1.0
ETH-USDT-SWAP,fade,12H,0.003,0.006,0.03,1,0.0,10.0,148.0,220560.1,148927.1,780,730,50,93.59,36.12,2.532,8123.296,1101,50832.86,34246.53,218497.04,329.83,220560.1,0.94
ETH-USDT-SWAP,fade,12H,0.003,0.008,0.01,1,0.0,10.0,148.0,70815.21,47748.11,780,571,209,73.21,76.99,1.506,2604.442,1101,1226.3,728.58,78909.81,6334.76,70815.21,-10.26
ETH-USDT-SWAP,fade,12H,0.003,0.008,0.015,1,0.0,10.0,148.0,199210.41,134501.63,780,637,143,81.67,49.16,1.894,7336.452,1101,33183.19,22321.08,204270.06,515.58,199210.41,-2.48
ETH-USDT-SWAP,fade,12H,0.003,0.008,0.02,1,0.0,10.0,148.0,240063.94,162105.36,780,661,119,84.74,56.36,2.199,8842.111,1101,32719.53,22007.79,240815.56,636.0,240063.94,-0.31
ETH-USDT-SWAP,fade,12H,0.003,0.008,0.025,1,0.0,10.0,148.0,219249.59,148041.62,780,667,113,85.51,59.98,1.996,8074.997,1101,26411.08,17745.32,220001.21,732.99,219249.59,-0.34
ETH-USDT-SWAP,fade,12H,0.003,0.008,0.03,1,0.0,10.0,148.0,232725.79,157147.16,780,674,106,86.41,65.31,2.069,8571.663,1101,26354.85,17707.33,233477.41,785.9,232725.79,-0.32
ETH-USDT-SWAP,fade,12H,0.003,0.01,0.01,1,0.0,10.0,148.0,70356.33,47438.06,780,519,261,66.54,83.42,1.414,2587.531,1101,894.37,504.3,78450.94,8671.63,70356.33,-10.32
ETH-USDT-SWAP,fade,12H,0.003,0.01,0.015,1,0.0,10.0,148.0,177528.17,119851.46,780,580,200,74.36,66.01,1.612,6537.353,1101,12021.91,8022.91,182287.81,1416.3,177528.17,-2.61
ETH-USDT-SWAP,fade,12H,0.003,0.01,0.02,1,0.0,10.0,148.0,190621.23,128698.13,780,602,178,77.18,66.68,1.865,7019.898,1101,5773.84,3801.24,193038.03,3243.32,190621.23,-1.25
ETH-USDT-SWAP,fade,12H,0.003,0.01,0.025,1,0.0,10.0,148.0,158888.96,107257.41,780,610,170,78.21,81.67,1.747,5850.404,1101,2932.0,1881.08,161305.76,5401.56,158888.96,-1.5
ETH-USDT-SWAP,fade,12H,0.003,0.01,0.03,1,0.0,10.0,148.0,178156.0,120275.67,780,619,161,79.36,79.29,1.855,6560.491,1101,2832.15,1813.62,180572.79,6275.82,178156.0,-1.34
ETH-USDT-SWAP,fade,12H,0.003,0.015,0.01,1,0.0,10.0,148.0,59.19,-60.01,780,404,376,51.79,99.15,0.979,-3.273,1101,208.56,40.92,104.92,-49.69,59.19,-43.59
ETH-USDT-SWAP,fade,12H,0.003,0.015,0.015,1,0.0,10.0,148.0,1197.79,709.31,780,463,317,59.36,94.74,1.037,38.69,1101,1452.62,881.5,1632.66,12.39,1197.79,-26.64
ETH-USDT-SWAP,fade,12H,0.003,0.015,0.02,1,0.0,10.0,148.0,6691.86,4421.53,780,487,293,62.44,93.1,1.128,241.174,1101,1526.62,931.5,7619.33,399.1,6691.86,-12.17
ETH-USDT-SWAP,fade,12H,0.003,0.015,0.025,1,0.0,10.0,148.0,307.79,107.96,780,496,284,63.59,95.51,1.011,5.889,1101,1148.09,675.74,350.44,-69.48,307.79,-12.17
ETH-USDT-SWAP,fade,12H,0.003,0.015,0.03,1,0.0,10.0,148.0,376.98,154.71,780,503,277,64.49,95.97,1.014,8.439,1101,1230.09,731.14,429.22,-65.11,376.98,-12.17
ETH-USDT-SWAP,fade,12H,0.003,0.02,0.01,1,0.0,10.0,148.0,0.02,-99.99,780,342,438,43.85,100.0,0.803,-5.454,1101,10.66,-92.8,0.04,-99.65,0.02,-43.59
ETH-USDT-SWAP,fade,12H,0.003,0.02,0.015,1,0.0,10.0,148.0,0.04,-99.97,780,398,382,51.03,99.99,0.83,-5.453,1101,16.07,-89.14,0.07,-99.54,0.04,-46.31
ETH-USDT-SWAP,fade,12H,0.003,0.02,0.02,1,0.0,10.0,148.0,0.07,-99.95,780,425,355,54.49,99.98,0.854,-5.452,1101,22.08,-85.08,0.12,-99.45,0.07,-39.61
ETH-USDT-SWAP,fade,12H,0.003,0.02,0.025,1,0.0,10.0,148.0,0.0,-100.0,780,434,346,55.64,100.0,0.858,-5.455,1101,10.9,-92.64,0.0,-99.99,0.0,-36.16
ETH-USDT-SWAP,fade,12H,0.003,0.02,0.03,1,0.0,10.0,148.0,0.0,-100.0,780,443,337,56.79,100.0,0.84,-5.455,1101,6.36,-95.7,0.0,-99.99,0.0,-36.16
ETH-USDT-SWAP,fade,12H,0.003,0.03,0.01,1,0.0,10.0,148.0,0.0,-100.0,780,289,491,37.05,100.0,0.678,-5.455,1101,0.93,-99.37,0.0,-100.0,0.0,-43.59
ETH-USDT-SWAP,fade,12H,0.003,0.03,0.015,1,0.0,10.0,148.0,0.0,-100.0,780,342,438,43.85,100.0,0.693,-5.455,1101,0.53,-99.64,0.0,-100.0,0.0,-46.31
ETH-USDT-SWAP,fade,12H,0.003,0.03,0.02,1,0.0,10.0,148.0,0.0,-100.0,780,366,414,46.92,100.0,0.709,-5.455,1101,0.44,-99.7,0.0,-100.0,0.0,-39.61
ETH-USDT-SWAP,fade,12H,0.003,0.03,0.025,1,0.0,10.0,148.0,0.0,-100.0,780,374,406,47.95,100.0,0.647,-5.455,1101,0.11,-99.92,0.0,-100.0,0.0,-36.16
ETH-USDT-SWAP,fade,12H,0.003,0.03,0.03,1,0.0,10.0,148.0,0.0,-100.0,780,383,397,49.1,100.0,0.576,-5.455,1101,0.03,-99.98,0.0,-100.0,0.0,-36.16
ETH-USDT-SWAP,fade,12H,0.005,0.006,0.01,1,0.0,10.0,148.0,6812.37,4502.96,718,570,148,79.39,76.49,1.248,245.616,1101,725.04,389.89,5632.71,676.88,6812.37,20.94
ETH-USDT-SWAP,fade,12H,0.005,0.006,0.015,1,0.0,10.0,148.0,132100.25,89156.93,718,637,81,88.72,46.62,1.835,4863.105,1101,24242.94,16280.37,129189.28,432.89,132100.25,2.25
ETH-USDT-SWAP,fade,12H,0.005,0.006,0.02,1,0.0,10.0,148.0,154094.24,104017.73,718,654,64,91.09,58.36,2.104,5673.694,1101,18499.81,12399.87,151183.27,717.22,154094.24,1.93
ETH-USDT-SWAP,fade,12H,0.005,0.006,0.025,1,0.0,10.0,148.0,156919.69,105926.82,718,662,56,92.2,46.81,2.076,5777.827,1101,18337.68,12290.32,154008.73,739.85,156919.69,1.89
ETH-USDT-SWAP,fade,12H,0.005,0.006,0.03,1,0.0,10.0,148.0,186212.75,125719.43,718,672,46,93.59,53.88,2.41,6857.423,1101,28489.71,19149.8,183301.79,543.4,186212.75,1.59
ETH-USDT-SWAP,fade,12H,0.005,0.008,0.01,1,0.0,10.0,148.0,104462.67,70482.89,718,543,175,75.63,60.18,1.526,3844.521,1101,6066.03,3998.67,101592.42,1574.78,104462.67,2.83
ETH-USDT-SWAP,fade,12H,0.005,0.008,0.015,1,0.0,10.0,148.0,235755.35,159194.15,718,608,110,84.68,43.48,2.08,8683.317,1101,62147.68,41891.67,232885.09,274.73,235755.35,1.23
ETH-USDT-SWAP,fade,12H,0.005,0.008,0.02,1,0.0,10.0,148.0,258030.88,174245.19,718,626,92,87.19,55.91,2.25,9504.283,1101,56946.47,38377.34,255160.62,348.07,258030.88,1.12
ETH-USDT-SWAP,fade,12H,0.005,0.008,0.025,1,0.0,10.0,148.0,266839.58,180197.01,718,636,82,88.58,30.94,2.252,9828.928,1101,58567.58,39472.69,263969.32,350.71,266839.58,1.09
ETH-USDT-SWAP,fade,12H,0.005,0.008,0.03,1,0.0,10.0,148.0,295559.47,199602.35,718,646,72,89.97,33.72,2.506,10887.401,1101,66437.04,44789.89,292689.21,340.55,295559.47,0.98
ETH-USDT-SWAP,fade,12H,0.005,0.01,0.01,1,0.0,10.0,148.0,124009.56,83690.24,718,501,217,69.78,62.95,1.629,4564.922,1101,3396.38,2194.85,126329.3,3619.53,124009.56,-1.84
ETH-USDT-SWAP,fade,12H,0.005,0.01,0.015,1,0.0,10.0,148.0,241796.51,163276.02,718,559,159,77.86,54.22,1.9,8905.965,1101,46331.16,31204.84,244456.95,427.63,241796.51,-1.09
ETH-USDT-SWAP,fade,12H,0.005,0.01,0.02,1,0.0,10.0,148.0,264943.79,178916.07,718,580,138,80.78,66.45,2.027,9759.059,1101,40780.42,27454.34,263854.23,547.01,264943.79,0.41
ETH-USDT-SWAP,fade,12H,0.005,0.01,0.025,1,0.0,10.0,148.0,246806.92,166661.43,718,588,130,81.89,53.58,1.897,9090.623,1101,31274.84,21031.65,245717.35,685.67,246806.92,0.44
ETH-USDT-SWAP,fade,12H,0.005,0.01,0.03,1,0.0,10.0,148.0,281969.95,190420.24,718,597,121,83.15,59.74,2.062,10386.558,1101,47092.48,31719.25,280880.39,496.44,281969.95,0.39
ETH-USDT-SWAP,fade,12H,0.005,0.015,0.01,1,0.0,10.0,148.0,1481.16,900.78,718,389,329,54.18,93.15,1.128,49.134,1101,196.65,32.87,1685.44,757.08,1481.16,-12.12
ETH-USDT-SWAP,fade,12H,0.005,0.015,0.015,1,0.0,10.0,148.0,49951.28,33650.86,718,440,278,61.28,88.71,1.286,1835.502,1101,1785.35,1106.32,51861.71,2804.85,49951.28,-3.68
ETH-USDT-SWAP,fade,12H,0.005,0.015,0.02,1,0.0,10.0,148.0,103793.4,70030.68,718,465,253,64.76,77.59,1.441,3819.855,1101,923.32,523.86,103919.08,11154.96,103793.4,-0.12
ETH-USDT-SWAP,fade,12H,0.005,0.015,0.025,1,0.0,10.0,148.0,20505.76,13755.24,718,473,245,65.88,94.34,1.185,750.286,1101,504.59,240.94,20631.44,3988.78,20505.76,-0.61
ETH-USDT-SWAP,fade,12H,0.005,0.015,0.03,1,0.0,10.0,148.0,51064.42,34402.99,718,482,236,67.13,88.2,1.294,1876.527,1101,904.67,511.27,51190.1,5558.41,51064.42,-0.25
ETH-USDT-SWAP,fade,12H,0.005,0.02,0.01,1,0.0,10.0,148.0,0.66,-99.56,718,332,386,46.24,99.96,0.815,-5.43,1101,22.19,-85.0,0.72,-96.77,0.66,-8.23
ETH-USDT-SWAP,fade,12H,0.005,0.02,0.015,1,0.0,10.0,148.0,4.02,-97.28,718,381,337,53.06,99.76,0.919,-5.306,1101,78.36,-47.05,4.51,-94.25,4.02,-10.77
ETH-USDT-SWAP,fade,12H,0.005,0.02,0.02,1,0.0,10.0,148.0,1.85,-98.75,718,405,313,56.41,99.82,0.872,-5.386,1101,36.28,-75.49,1.82,-95.0,1.85,2.07
ETH-USDT-SWAP,fade,12H,0.005,0.02,0.025,1,0.0,10.0,148.0,0.03,-99.98,718,414,304,57.66,99.99,0.79,-5.453,1101,9.6,-93.51,0.03,-99.69,0.03,2.07
ETH-USDT-SWAP,fade,12H,0.005,0.02,0.03,1,0.0,10.0,148.0,0.03,-99.98,718,422,296,58.77,99.99,0.834,-5.453,1101,13.03,-91.2,0.03,-99.76,0.03,2.07
ETH-USDT-SWAP,fade,12H,0.005,0.03,0.01,1,0.0,10.0,148.0,0.0,-100.0,718,270,448,37.6,100.0,0.677,-5.455,1101,0.45,-99.7,0.0,-100.0,0.0,-31.8
ETH-USDT-SWAP,fade,12H,0.005,0.03,0.015,1,0.0,10.0,148.0,0.0,-100.0,718,318,400,44.29,100.0,0.785,-5.455,1101,0.65,-99.56,0.0,-100.0,0.0,-37.46
ETH-USDT-SWAP,fade,12H,0.005,0.03,0.02,1,0.0,10.0,148.0,0.0,-100.0,718,339,379,47.21,100.0,0.682,-5.455,1101,0.13,-99.91,0.0,-100.0,0.0,-32.79
ETH-USDT-SWAP,fade,12H,0.005,0.03,0.025,1,0.0,10.0,148.0,0.0,-100.0,718,350,368,48.75,100.0,0.603,-5.455,1101,0.03,-99.98,0.0,-100.0,0.0,-27.21
ETH-USDT-SWAP,fade,12H,0.005,0.03,0.03,1,0.0,10.0,148.0,0.0,-100.0,718,358,360,49.86,100.0,0.706,-5.455,1101,0.03,-99.98,0.0,-100.0,0.0,-27.21
ETH-USDT-SWAP,fade,12H,0.007,0.006,0.01,1,0.0,10.0,148.0,3220.97,2076.33,659,520,139,78.91,78.75,1.152,113.254,1101,1557.63,952.45,3128.75,100.87,3220.97,2.95
ETH-USDT-SWAP,fade,12H,0.007,0.006,0.015,1,0.0,10.0,148.0,84109.91,56731.02,659,576,83,87.41,71.09,1.662,3094.419,1101,9457.92,6290.48,81154.91,758.06,84109.91,3.64
ETH-USDT-SWAP,fade,12H,0.007,0.006,0.02,1,0.0,10.0,148.0,126364.92,85281.7,659,598,61,90.74,31.56,1.916,4651.729,1101,19262.49,12915.19,123409.92,540.67,126364.92,2.39
ETH-USDT-SWAP,fade,12H,0.007,0.006,0.025,1,0.0,10.0,148.0,130786.55,88269.29,659,607,52,92.11,27.3,1.958,4814.689,1101,18929.12,12689.94,127831.55,575.32,130786.55,2.31
ETH-USDT-SWAP,fade,12H,0.007,0.006,0.03,1,0.0,10.0,148.0,152500.61,102940.96,659,616,43,93.47,32.3,2.226,5614.961,1101,23208.91,15581.69,149545.61,544.35,152500.61,1.98
ETH-USDT-SWAP,fade,12H,0.007,0.008,0.01,1,0.0,10.0,148.0,84332.59,56881.48,659,491,168,74.51,50.59,1.382,3102.626,1101,10504.09,6997.36,82532.59,685.72,84332.59,2.18
ETH-USDT-SWAP,fade,12H,0.007,0.008,0.015,1,0.0,10.0,148.0,166878.5,112655.75,659,540,119,81.94,47.96,1.826,6144.859,1101,31704.6,21322.03,162423.5,412.3,166878.5,2.74
ETH-USDT-SWAP,fade,12H,0.007,0.008,0.02,1,0.0,10.0,148.0,186454.68,125882.89,659,559,100,84.83,47.3,1.918,6866.34,1101,33505.82,22539.07,181999.68,443.19,186454.68,2.45
ETH-USDT-SWAP,fade,12H,0.007,0.008,0.025,1,0.0,10.0,148.0,184485.9,124552.64,659,568,91,86.19,51.35,1.891,6793.78,1101,30022.95,20185.78,180030.9,499.64,184485.9,2.47
ETH-USDT-SWAP,fade,12H,0.007,0.008,0.03,1,0.0,10.0,148.0,195026.82,131674.88,659,576,83,87.41,57.81,1.945,7182.266,1101,32774.6,22045.0,190571.82,481.46,195026.82,2.34
ETH-USDT-SWAP,fade,12H,0.007,0.01,0.01,1,0.0,10.0,148.0,142440.96,96143.89,659,462,197,70.11,30.52,1.517,5244.212,1101,28967.72,19472.79,140987.81,386.71,142440.96,1.03
ETH-USDT-SWAP,fade,12H,0.007,0.01,0.015,1,0.0,10.0,148.0,214745.82,144998.53,659,510,149,77.39,44.18,1.818,7909.01,1101,52670.54,35488.2,210337.67,299.35,214745.82,2.1
ETH-USDT-SWAP,fade,12H,0.007,0.01,0.02,1,0.0,10.0,148.0,216898.43,146452.99,659,527,132,79.97,43.37,1.777,7988.345,1101,49262.94,33185.77,212490.28,331.34,216898.43,2.07
ETH-USDT-SWAP,fade,12H,0.007,0.01,0.025,1,0.0,10.0,148.0,225007.21,151931.9,659,539,120,81.79,51.53,1.81,8287.194,1101,46756.64,31492.32,220599.06,371.8,225007.21,2.0
ETH-USDT-SWAP,fade,12H,0.007,0.01,0.03,1,0.0,10.0,148.0,244364.95,165011.45,659,548,111,83.16,60.41,1.896,9000.625,1101,50676.95,34141.18,239956.8,373.5,244364.95,1.84
ETH-USDT-SWAP,fade,12H,0.007,0.015,0.01,1,0.0,10.0,148.0,61388.57,41378.76,659,374,285,56.75,71.93,1.237,2257.023,1101,2887.57,1851.06,62230.42,2055.11,61388.57,-1.35
ETH-USDT-SWAP,fade,12H,0.007,0.015,0.015,1,0.0,10.0,148.0,114677.05,77384.49,659,417,242,63.28,66.04,1.35,4220.972,1101,8932.96,5935.78,113521.0,1170.81,114677.05,1.02
ETH-USDT-SWAP,fade,12H,0.007,0.015,0.02,1,0.0,10.0,148.0,99257.27,66965.72,659,435,224,66.01,71.79,1.339,3652.676,1101,4202.88,2739.78,98101.22,2234.14,99257.27,1.18
ETH-USDT-SWAP,fade,12H,0.007,0.015,0.025,1,0.0,10.0,148.0,91032.43,61408.4,659,447,212,67.83,78.16,1.311,3349.549,1101,3895.45,2532.06,89876.39,2207.21,91032.43,1.29
ETH-USDT-SWAP,fade,12H,0.007,0.015,0.03,1,0.0,10.0,148.0,106701.43,71995.56,659,456,203,69.2,81.95,1.337,3927.031,1101,5695.64,3748.41,105545.39,1753.09,106701.43,1.1
ETH-USDT-SWAP,fade,12H,0.007,0.02,0.01,1,0.0,10.0,148.0,10.7,-92.77,659,311,348,47.19,99.6,0.919,-5.06,1101,100.73,-31.94,11.11,-88.97,10.7,-3.7
ETH-USDT-SWAP,fade,12H,0.007,0.02,0.015,1,0.0,10.0,148.0,38.1,-74.26,659,355,304,53.87,99.68,0.97,-4.05,1101,288.75,95.1,34.2,-88.16,38.1,11.41
ETH-USDT-SWAP,fade,12H,0.007,0.02,0.02,1,0.0,10.0,148.0,2.93,-98.02,659,372,287,56.45,99.8,0.925,-5.347,1101,94.36,-36.24,2.63,-97.21,2.93,11.41
ETH-USDT-SWAP,fade,12H,0.007,0.02,0.025,1,0.0,10.0,148.0,0.96,-99.35,659,385,274,58.42,99.82,0.905,-5.419,1101,87.53,-40.86,0.86,-99.02,0.96,11.41
ETH-USDT-SWAP,fade,12H,0.007,0.02,0.03,1,0.0,10.0,148.0,0.43,-99.71,659,392,267,59.48,99.93,0.886,-5.439,1101,55.41,-62.56,0.38,-99.31,0.43,11.41
ETH-USDT-SWAP,fade,12H,0.007,0.03,0.01,1,0.0,10.0,148.0,0.0,-100.0,659,254,405,38.54,100.0,0.78,-5.455,1101,2.66,-98.2,0.0,-100.0,0.0,-28.42
ETH-USDT-SWAP,fade,12H,0.007,0.03,0.015,1,0.0,10.0,148.0,0.0,-100.0,659,298,361,45.22,100.0,0.882,-5.455,1101,8.94,-93.96,0.0,-100.0,0.0,-21.92
ETH-USDT-SWAP,fade,12H,0.007,0.03,0.02,1,0.0,10.0,148.0,0.0,-100.0,659,315,344,47.8,100.0,0.797,-5.455,1101,1.26,-99.15,0.0,-100.0,0.0,-18.65
ETH-USDT-SWAP,fade,12H,0.007,0.03,0.025,1,0.0,10.0,148.0,0.0,-100.0,659,328,331,49.77,100.0,0.73,-5.455,1101,0.9,-99.39,0.0,-100.0,0.0,-18.65
ETH-USDT-SWAP,fade,12H,0.007,0.03,0.03,1,0.0,10.0,148.0,0.0,-100.0,659,333,326,50.53,100.0,0.762,-5.455,1101,0.39,-99.74,0.0,-100.0,0.0,-18.65
ETH-USDT-SWAP,fade,12H,0.01,0.006,0.01,1,0.0,10.0,148.0,533.87,260.72,564,437,127,77.48,74.03,1.026,14.221,1101,818.32,452.92,565.24,-30.93,533.87,-5.55
ETH-USDT-SWAP,fade,12H,0.01,0.006,0.015,1,0.0,10.0,148.0,5271.7,3461.96,564,478,86,84.75,71.32,1.076,188.834,1101,1800.65,1116.66,4722.8,162.28,5271.7,11.62
ETH-USDT-SWAP,fade,12H,0.01,0.006,0.02,1,0.0,10.0,148.0,30030.86,20191.12,564,498,66,88.3,57.1,1.214,1101.334,1101,3291.95,2124.29,28318.58,760.24,30030.86,6.05
ETH-USDT-SWAP,fade,12H,0.01,0.006,0.025,1,0.0,10.0,148.0,77625.83,52349.88,564,514,50,91.13,43.14,1.525,2855.448,1101,11916.43,7951.65,75913.55,537.05,77625.83,2.26
ETH-USDT-SWAP,fade,12H,0.01,0.006,0.03,1,0.0,10.0,148.0,89962.46,60685.45,564,521,43,92.38,51.91,1.674,3310.115,1101,9146.05,6079.76,88250.18,864.9,89962.46,1.94
ETH-USDT-SWAP,fade,12H,0.01,0.008,0.01,1,0.0,10.0,148.0,49760.02,33521.63,564,417,147,73.94,59.48,1.266,1828.453,1101,4631.27,3029.24,49547.74,969.85,49760.02,0.43
ETH-USDT-SWAP,fade,12H,0.01,0.008,0.015,1,0.0,10.0,148.0,90832.29,61273.17,564,457,107,81.03,56.41,1.476,3342.173,1101,10927.9,7283.72,87965.01,704.96,90832.29,3.26
ETH-USDT-SWAP,fade,12H,0.01,0.008,0.02,1,0.0,10.0,148.0,104620.48,70589.51,564,476,88,84.4,46.88,1.508,3850.337,1101,15213.74,10179.56,101753.19,568.82,104620.48,2.82
ETH-USDT-SWAP,fade,12H,0.01,0.008,0.025,1,0.0,10.0,148.0,150023.53,101267.25,564,492,72,87.23,46.93,1.793,5523.668,1101,30694.31,20639.4,147156.25,379.43,150023.53,1.95
ETH-USDT-SWAP,fade,12H,0.01,0.008,0.03,1,0.0,10.0,148.0,160030.35,108028.62,564,498,66,88.3,53.96,1.884,5892.47,1101,26612.01,17881.09,157163.07,490.57,160030.35,1.82
ETH-USDT-SWAP,fade,12H,0.01,0.01,0.01,1,0.0,10.0,148.0,99301.24,66995.43,564,392,172,69.5,36.08,1.408,3654.296,1101,17478.32,11709.67,98188.96,461.78,99301.24,1.13
ETH-USDT-SWAP,fade,12H,0.01,0.01,0.015,1,0.0,10.0,148.0,132601.31,89495.48,564,428,136,75.89,54.52,1.537,4881.572,1101,25993.62,17463.26,128534.03,394.48,132601.31,3.16
ETH-USDT-SWAP,fade,12H,0.01,0.01,0.02,1,0.0,10.0,148.0,116623.28,78699.51,564,442,122,78.37,52.16,1.443,4292.701,1101,14481.49,9684.79,112556.0,677.24,116623.28,3.61
ETH-USDT-SWAP,fade,12H,0.01,0.01,0.025,1,0.0,10.0,148.0,156380.87,105562.75,564,458,106,81.21,46.93,1.607,5757.968,1101,28210.81,18961.36,152313.59,439.91,156380.87,2.67
ETH-USDT-SWAP,fade,12H,0.01,0.01,0.03,1,0.0,10.0,148.0,152579.44,102994.22,564,463,101,82.09,53.96,1.584,5617.866,1101,22860.27,15346.13,148512.16,549.65,152579.44,2.74
ETH-USDT-SWAP,fade,12H,0.01,0.015,0.01,1,0.0,10.0,148.0,84340.93,56887.12,564,325,239,57.62,61.05,1.301,3102.934,1101,5609.02,3689.88,83139.14,1382.24,84340.93,1.45
ETH-USDT-SWAP,fade,12H,0.01,0.015,0.015,1,0.0,10.0,148.0,87143.54,58780.77,564,356,208,63.12,78.07,1.322,3206.224,1101,4420.97,2887.14,82236.75,1760.15,87143.54,5.97
ETH-USDT-SWAP,fade,12H,0.01,0.015,0.02,1,0.0,10.0,148.0,36191.35,24353.62,564,369,195,65.43,75.34,1.148,1328.379,1101,1566.74,958.61,31284.55,1896.79,36191.35,15.68
ETH-USDT-SWAP,fade,12H,0.01,0.015,0.025,1,0.0,10.0,148.0,78806.76,53147.81,564,385,179,68.26,74.36,1.27,2898.971,1101,4057.53,2641.58,73899.96,1721.3,78806.76,6.64
ETH-USDT-SWAP,fade,12H,0.01,0.015,0.03,1,0.0,10.0,148.0,50237.82,33844.48,564,389,175,68.97,84.44,1.221,1846.062,1101,2215.3,1396.82,45331.03,1946.27,50237.82,10.82
ETH-USDT-SWAP,fade,12H,0.01,0.02,0.01,1,0.0,10.0,148.0,9.13,-93.83,564,265,299,46.99,98.38,0.963,-5.118,1101,139.57,-5.7,8.23,-94.1,9.13,10.88
ETH-USDT-SWAP,fade,12H,0.01,0.02,0.015,1,0.0,10.0,148.0,16.04,-89.17,564,301,263,53.37,97.55,0.967,-4.864,1101,138.23,-6.6,12.78,-90.75,16.04,25.45
ETH-USDT-SWAP,fade,12H,0.01,0.02,0.02,1,0.0,10.0,148.0,0.29,-99.8,564,316,248,56.03,99.94,0.926,-5.444,1101,53.65,-63.75,0.23,-99.57,0.29,25.45
ETH-USDT-SWAP,fade,12H,0.01,0.02,0.025,1,0.0,10.0,148.0,1.47,-99.01,564,332,232,58.87,99.88,0.959,-5.4,1101,117.99,-20.28,1.17,-99.01,1.47,25.45
ETH-USDT-SWAP,fade,12H,0.01,0.02,0.03,1,0.0,10.0,148.0,0.21,-99.86,564,335,229,59.4,99.97,0.923,-5.447,1101,50.44,-65.92,0.16,-99.67,0.21,25.45
ETH-USDT-SWAP,fade,12H,0.01,0.03,0.01,1,0.0,10.0,148.0,0.0,-100.0,564,217,347,38.48,100.0,0.843,-5.455,1101,9.44,-93.62,0.0,-100.0,0.0,-17.59
ETH-USDT-SWAP,fade,12H,0.01,0.03,0.015,1,0.0,10.0,148.0,0.0,-100.0,564,249,315,44.15,100.0,0.743,-5.455,1101,3.57,-97.58,0.0,-100.0,0.0,-12.08
ETH-USDT-SWAP,fade,12H,0.01,0.03,0.02,1,0.0,10.0,148.0,0.0,-100.0,564,267,297,47.34,100.0,0.736,-5.455,1101,1.25,-99.16,0.0,-100.0,0.0,-5.2
ETH-USDT-SWAP,fade,12H,0.01,0.03,0.025,1,0.0,10.0,148.0,0.0,-100.0,564,280,284,49.65,100.0,0.793,-5.455,1101,1.81,-98.78,0.0,-100.0,0.0,-5.2
ETH-USDT-SWAP,fade,12H,0.01,0.03,0.03,1,0.0,10.0,148.0,0.0,-100.0,564,283,281,50.18,100.0,0.724,-5.455,1101,0.59,-99.6,0.0,-100.0,0.0,-5.2
ETH-USDT-SWAP,reversal,1D,0.001,0.006,0.01,1,0.0,10.0,148.0,19.82,-86.61,322,235,87,72.98,95.01,0.869,-4.724,551,215.25,45.44,21.02,-90.24,19.82,-5.69
ETH-USDT-SWAP,reversal,1D,0.001,0.006,0.015,1,0.0,10.0,148.0,501.98,239.18,322,272,50,84.47,89.39,1.097,13.046,551,698.9,372.23,564.45,-19.24,501.98,-11.07
ETH-USDT-SWAP,reversal,1D,0.001,0.006,0.02,1,0.0,10.0,148.0,807.24,445.43,322,284,38,88.2,92.27,1.144,24.296,551,732.08,394.65,969.86,32.48,807.24,-16.77
ETH-USDT-SWAP,reversal,1D,0.001,0.006,0.025,1,0.0,10.0,148.0,1782.4,1104.32,322,292,30,90.68,91.88,1.338,60.236,551,784.72,430.21,2289.35,191.74,1782.4,-22.14
ETH-USDT-SWAP,reversal,1D,0.001,0.006,0.03,1,0.0,10.0,148.0,391.03,164.21,322,293,29,90.99,97.43,1.113,8.957,551,509.92,244.54,539.51,5.8,391.03,-27.52
ETH-USDT-SWAP,reversal,1D,0.001,0.008,0.01,1,0.0,10.0,148.0,68.18,-53.93,322,217,105,67.39,93.99,0.949,-2.942,551,276.59,86.88,76.74,-72.25,68.18,-11.16
ETH-USDT-SWAP,reversal,1D,0.001,0.008,0.015,1,0.0,10.0,148.0,2677.37,1709.03,322,256,66,79.5,80.4,1.192,93.22,551,886.47,498.97,3196.01,260.53,2677.37,-16.23
ETH-USDT-SWAP,reversal,1D,0.001,0.008,0.02,1,0.0,10.0,148.0,2400.91,1522.24,322,267,55,82.92,86.55,1.169,83.031,551,1057.36,614.43,3062.26,189.61,2400.91,-21.6
ETH-USDT-SWAP,reversal,1D,0.001,0.008,0.025,1,0.0,10.0,148.0,4302.49,2807.09,322,276,46,85.71,85.87,1.289,153.114,551,946.12,539.27,5866.61,520.07,4302.49,-26.66
ETH-USDT-SWAP,reversal,1D,0.001,0.008,0.03,1,0.0,10.0,148.0,570.16,285.24,322,277,45,86.02,93.35,1.129,15.559,551,496.33,235.36,835.1,68.26,570.16,-31.73
ETH-USDT-SWAP,reversal,1D,0.001,0.01,0.01,1,0.0,10.0,148.0,54.93,-62.88,322,196,126,60.87,96.39,0.926,-3.43,551,204.36,38.08,74.74,-63.43,54.93,-26.5
ETH-USDT-SWAP,reversal,1D,0.001,0.01,0.015,1,0.0,10.0,148.0,743.74,402.53,322,232,90,72.05,90.21,1.109,21.956,551,571.38,286.07,1137.95,99.16,743.74,-34.64
ETH-USDT-SWAP,reversal,1D,0.001,0.01,0.02,1,0.0,10.0,148.0,1390.22,839.34,322,248,74,77.02,94.1,1.173,45.782,551,809.33,446.84,1745.18,115.63,1390.22,-20.34
ETH-USDT-SWAP,reversal,1D,0.001,0.01,0.025,1,0.0,10.0,148.0,1956.86,1222.2,322,258,64,80.12,95.3,1.291,66.666,551,654.28,342.08,2626.14,301.38,1956.86,-25.49
ETH-USDT-SWAP,reversal,1D,0.001,0.01,0.03,1,0.0,10.0,148.0,316.1,113.58,322,261,61,81.06,97.93,1.074,6.195,551,439.44,196.92,455.69,3.7,316.1,-30.63
ETH-USDT-SWAP,reversal,1D,0.001,0.015,0.01,1,0.0,10.0,148.0,0.69,-99.53,322,145,177,45.03,99.91,0.56,-5.429,551,12.9,-91.29,0.94,-92.7,0.69,-26.5
ETH-USDT-SWAP,reversal,1D,0.001,0.015,0.015,1,0.0,10.0,148.0,0.56,-99.62,322,175,147,54.35,99.86,0.701,-5.434,551,38.7,-73.85,0.86,-97.78,0.56,-34.64
ETH-USDT-SWAP,reversal,1D,0.001,0.015,0.02,1,0.0,10.0,148.0,0.41,-99.72,322,193,129,59.94,99.95,0.789,-5.44,551,51.75,-65.03,0.71,-98.62,0.41,-42.97
ETH-USDT-SWAP,reversal,1D,0.001,0.015,0.025,1,0.0,10.0,148.0,0.24,-99.84,322,204,118,63.35,99.98,0.748,-5.446,551,50.09,-66.15,0.49,-99.02,0.24,-50.12
ETH-USDT-SWAP,reversal,1D,0.001,0.015,0.03,1,0.0,10.0,148.0,0.07,-99.96,322,210,112,65.22,99.99,0.748,-5.452,551,73.95,-50.03,0.13,-99.83,0.07,-48.29
ETH-USDT-SWAP,reversal,1D,0.001,0.02,0.01,1,0.0,10.0,148.0,0.02,-99.99,322,115,207,35.71,100.0,0.568,-5.454,551,4.28,-97.11,0.02,-99.47,0.02,-26.5
ETH-USDT-SWAP,reversal,1D,0.001,0.02,0.015,1,0.0,10.0,148.0,0.01,-100.0,322,145,177,45.03,100.0,0.694,-5.454,551,11.87,-91.98,0.01,-99.93,0.01,-34.64
ETH-USDT-SWAP,reversal,1D,0.001,0.02,0.02,1,0.0,10.0,148.0,0.0,-100.0,322,163,159,50.62,100.0,0.733,-5.454,551,8.14,-94.5,0.0,-99.96,0.0,-42.97
ETH-USDT-SWAP,reversal,1D,0.001,0.02,0.025,1,0.0,10.0,148.0,0.0,-100.0,322,172,150,53.42,100.0,0.69,-5.455,551,8.26,-94.42,0.0,-99.99,0.0,-50.12
ETH-USDT-SWAP,reversal,1D,0.001,0.02,0.03,1,0.0,10.0,148.0,0.0,-100.0,322,180,142,55.9,100.0,0.669,-5.455,551,10.32,-93.02,0.0,-100.0,0.0,-48.29
ETH-USDT-SWAP,reversal,1D,0.001,0.03,0.01,1,0.0,10.0,148.0,0.0,-100.0,322,87,235,27.02,100.0,0.401,-5.455,551,0.22,-99.85,0.0,-99.94,0.0,-26.5
ETH-USDT-SWAP,reversal,1D,0.001,0.03,0.015,1,0.0,10.0,148.0,0.0,-100.0,322,114,208,35.4,100.0,0.494,-5.455,551,0.14,-99.91,0.0,-99.99,0.0,-34.64
ETH-USDT-SWAP,reversal,1D,0.001,0.03,0.02,1,0.0,10.0,148.0,0.0,-100.0,322,132,190,40.99,100.0,0.547,-5.455,551,0.07,-99.95,0.0,-100.0,0.0,-42.97
ETH-USDT-SWAP,reversal,1D,0.001,0.03,0.025,1,0.0,10.0,148.0,0.0,-100.0,322,139,183,43.17,100.0,0.486,-5.455,551,0.03,-99.98,0.0,-100.0,0.0,-50.12
ETH-USDT-SWAP,reversal,1D,0.001,0.03,0.03,1,0.0,10.0,148.0,0.0,-100.0,322,148,174,45.96,100.0,0.443,-5.455,551,0.04,-99.97,0.0,-100.0,0.0,-48.29
ETH-USDT-SWAP,reversal,1D,0.002,0.006,0.01,1,0.0,10.0,148.0,50.6,-65.81,311,232,79,74.6,89.52,0.908,-3.59,551,199.8,35.0,53.5,-73.22,50.6,-5.42
ETH-USDT-SWAP,reversal,1D,0.002,0.006,0.015,1,0.0,10.0,148.0,838.24,466.38,311,265,46,85.21,81.09,1.149,25.439,551,652.76,341.06,939.83,43.98,838.24,-10.81
ETH-USDT-SWAP,reversal,1D,0.002,0.006,0.02,1,0.0,10.0,148.0,2634.01,1679.74,311,279,32,89.71,78.48,1.293,91.622,551,770.55,420.64,3155.47,309.51,2634.01,-16.53
ETH-USDT-SWAP,reversal,1D,0.002,0.006,0.025,1,0.0,10.0,148.0,3425.48,2214.51,311,285,26,91.64,82.67,1.524,120.792,551,588.64,297.73,4387.03,645.28,3425.48,-21.92
ETH-USDT-SWAP,reversal,1D,0.002,0.006,0.03,1,0.0,10.0,148.0,1325.79,795.81,311,287,24,92.28,87.58,1.421,43.408,551,356.2,140.68,1823.91,412.04,1325.79,-27.31
ETH-USDT-SWAP,reversal,1D,0.002,0.008,0.01,1,0.0,10.0,148.0,255.53,72.65,311,217,94,69.77,89.28,1.044,3.963,551,349.96,136.46,260.79,-25.48,255.53,-2.02
ETH-USDT-SWAP,reversal,1D,0.002,0.008,0.015,1,0.0,10.0,148.0,1727.66,1067.34,311,247,64,79.42,82.38,1.197,58.219,551,863.55,483.48,1869.85,116.53,1727.66,-7.6
ETH-USDT-SWAP,reversal,1D,0.002,0.008,0.02,1,0.0,10.0,148.0,3665.81,2376.9,311,261,50,83.92,80.11,1.278,129.649,551,939.9,535.07,4239.19,351.02,3665.81,-13.53
ETH-USDT-SWAP,reversal,1D,0.002,0.008,0.025,1,0.0,10.0,148.0,2510.26,1596.12,311,267,44,85.85,86.13,1.373,87.061,551,550.14,271.72,3103.37,464.1,2510.26,-19.11
ETH-USDT-SWAP,reversal,1D,0.002,0.008,0.03,1,0.0,10.0,148.0,491.02,231.77,311,269,42,86.5,93.58,1.176,12.642,551,250.27,69.1,652.06,160.55,491.02,-24.7
ETH-USDT-SWAP,reversal,1D,0.002,0.01,0.01,1,0.0,10.0,148.0,348.28,135.33,311,200,111,64.31,89.6,1.067,7.381,551,276.76,87.0,468.95,69.44,348.28,-25.73
ETH-USDT-SWAP,reversal,1D,0.002,0.01,0.015,1,0.0,10.0,148.0,3065.91,1971.56,311,232,79,74.6,83.49,1.172,107.54,551,1056.18,613.64,4642.38,339.54,3065.91,-33.96
ETH-USDT-SWAP,reversal,1D,0.002,0.01,0.02,1,0.0,10.0,148.0,4128.97,2689.84,311,246,65,79.1,86.99,1.263,146.719,551,1058.52,615.21,5129.53,384.6,4128.97,-19.51
ETH-USDT-SWAP,reversal,1D,0.002,0.01,0.025,1,0.0,10.0,148.0,2312.63,1462.59,311,253,58,81.35,91.0,1.306,79.778,551,562.46,280.04,3071.46,446.08,2312.63,-24.71
ETH-USDT-SWAP,reversal,1D,0.002,0.01,0.03,1,0.0,10.0,148.0,1042.41,604.33,311,258,53,82.96,92.67,1.207,32.964,551,558.42,277.31,1487.16,166.32,1042.41,-29.91
ETH-USDT-SWAP,reversal,1D,0.002,0.015,0.01,1,0.0,10.0,148.0,2.77,-98.13,311,147,164,47.27,99.64,0.595,-5.353,551,12.65,-91.45,3.72,-70.57,2.77,-25.73
ETH-USDT-SWAP,reversal,1D,0.002,0.015,0.015,1,0.0,10.0,148.0,1.74,-98.82,311,175,136,56.27,99.6,0.686,-5.39,551,25.18,-82.98,2.64,-89.53,1.74,-33.96
ETH-USDT-SWAP,reversal,1D,0.002,0.015,0.02,1,0.0,10.0,148.0,0.6,-99.6,311,189,122,60.77,99.93,0.705,-5.433,551,18.52,-87.49,1.03,-94.41,0.6,-42.38
ETH-USDT-SWAP,reversal,1D,0.002,0.015,0.025,1,0.0,10.0,148.0,0.67,-99.55,311,200,111,64.31,99.96,0.671,-5.43,551,17.99,-87.85,1.33,-92.6,0.67,-49.59
ETH-USDT-SWAP,reversal,1D,0.002,0.015,0.03,1,0.0,10.0,148.0,0.83,-99.44,311,208,103,66.88,99.93,0.7,-5.424,551,45.78,-69.07,1.57,-96.58,0.83,-47.09
ETH-USDT-SWAP,reversal,1D,0.002,0.02,0.01,1,0.0,10.0,148.0,0.03,-99.98,311,114,197,36.66,99.99,0.59,-5.453,551,3.91,-97.36,0.04,-98.98,0.03,-25.73
ETH-USDT-SWAP,reversal,1D,0.002,0.02,0.015,1,0.0,10.0,148.0,0.01,-100.0,311,142,169,45.66,100.0,0.672,-5.454,551,7.43,-94.98,0.01,-99.85,0.01,-33.96
ETH-USDT-SWAP,reversal,1D,0.002,0.02,0.02,1,0.0,10.0,148.0,0.0,-100.0,311,157,154,50.48,100.0,0.702,-5.454,551,4.24,-97.14,0.0,-99.94,0.0,-42.38
ETH-USDT-SWAP,reversal,1D,0.002,0.02,0.025,1,0.0,10.0,148.0,0.0,-100.0,311,167,144,53.7,100.0,0.665,-5.455,551,3.43,-97.68,0.0,-99.97,0.0,-49.59
ETH-USDT-SWAP,reversal,1D,0.002,0.02,0.03,1,0.0,10.0,148.0,0.0,-100.0,311,176,135,56.59,100.0,0.649,-5.455,551,7.15,-95.17,0.0,-99.98,0.0,-47.09
ETH-USDT-SWAP,reversal,1D,0.002,0.03,0.01,1,0.0,10.0,148.0,0.0,-100.0,311,87,224,27.97,100.0,0.467,-5.455,551,0.46,-99.69,0.0,-99.91,0.0,-25.73
ETH-USDT-SWAP,reversal,1D,0.002,0.03,0.015,1,0.0,10.0,148.0,0.0,-100.0,311,115,196,36.98,100.0,0.588,-5.455,551,0.45,-99.7,0.0,-99.99,0.0,-33.96
ETH-USDT-SWAP,reversal,1D,0.002,0.03,0.02,1,0.0,10.0,148.0,0.0,-100.0,311,131,180,42.12,100.0,0.627,-5.455,551,0.3,-99.8,0.0,-100.0,0.0,-42.38
ETH-USDT-SWAP,reversal,1D,0.002,0.03,0.025,1,0.0,10.0,148.0,0.0,-100.0,311,139,172,44.69,100.0,0.562,-5.455,551,0.17,-99.88,0.0,-100.0,0.0,-49.59
ETH-USDT-SWAP,reversal,1D,0.002,0.03,0.03,1,0.0,10.0,148.0,0.0,-100.0,311,147,164,47.27,100.0,0.52,-5.455,551,0.22,-99.85,0.0,-100.0,0.0,-47.09
ETH-USDT-SWAP,reversal,1D,0.003,0.006,0.01,1,0.0,10.0,148.0,140.02,-5.39,298,228,70,76.51,72.28,0.995,-0.294,551,222.06,50.04,147.11,-33.75,140.02,-4.82
ETH-USDT-SWAP,reversal,1D,0.003,0.006,0.015,1,0.0,10.0,148.0,1015.01,585.82,298,255,43,85.57,79.82,1.29,31.954,551,414.11,179.8,904.95,118.53,1015.01,12.16
ETH-USDT-SWAP,reversal,1D,0.003,0.006,0.02,1,0.0,10.0,148.0,20165.0,13525.0,298,274,24,91.95,61.12,2.025,737.727,551,988.95,568.21,18410.0,1761.57,20165.0,9.53
ETH-USDT-SWAP,reversal,1D,0.003,0.006,0.025,1,0.0,10.0,148.0,13986.38,9350.26,298,277,21,92.95,76.09,3.771,510.014,551,664.05,348.68,12469.81,1777.84,13986.38,12.16
ETH-USDT-SWAP,reversal,1D,0.003,0.006,0.03,1,0.0,10.0,148.0,8372.45,5557.06,298,279,19,93.62,79.37,2.801,303.112,551,659.96,345.92,7464.61,1031.07,8372.45,12.16
ETH-USDT-SWAP,reversal,1D,0.003,0.008,0.01,1,0.0,10.0,148.0,1507.15,918.34,298,218,80,73.15,69.49,1.161,50.092,551,530.47,258.42,1852.82,249.28,1507.15,-18.66
ETH-USDT-SWAP,reversal,1D,0.003,0.008,0.015,1,0.0,10.0,148.0,7791.34,5164.42,298,244,54,81.88,82.84,1.459,281.695,551,963.33,550.9,8456.5,777.84,7791.34,-7.87
ETH-USDT-SWAP,reversal,1D,0.003,0.008,0.02,1,0.0,10.0,148.0,34782.52,23401.7,298,260,38,87.25,81.13,1.879,1276.456,551,1522.34,928.61,36507.52,2298.12,34782.52,-4.73
ETH-USDT-SWAP,reversal,1D,0.003,0.008,0.025,1,0.0,10.0,148.0,26018.31,17479.94,298,264,34,88.59,86.75,2.635,953.451,551,1028.65,595.03,28493.31,2669.98,26018.31,-8.69
ETH-USDT-SWAP,reversal,1D,0.003,0.008,0.03,1,0.0,10.0,148.0,9541.42,6346.9,298,266,32,89.26,89.89,1.809,346.195,551,841.17,468.36,12706.84,1410.61,9541.42,-24.91
ETH-USDT-SWAP,reversal,1D,0.003,0.01,0.01,1,0.0,10.0,148.0,4644.3,3038.04,298,203,95,68.12,66.53,1.176,165.711,551,587.32,296.84,6168.33,950.25,4644.3,-24.71
ETH-USDT-SWAP,reversal,1D,0.003,0.01,0.015,1,0.0,10.0,148.0,21165.48,14201.0,298,229,69,76.85,79.25,1.539,774.6,551,1195.11,707.51,22971.53,1822.13,21165.48,-7.86
ETH-USDT-SWAP,reversal,1D,0.003,0.01,0.02,1,0.0,10.0,148.0,44775.51,30153.72,298,244,54,81.88,79.28,1.837,1644.749,551,1799.45,1115.84,47376.56,2532.84,44775.51,-5.49
ETH-USDT-SWAP,reversal,1D,0.003,0.01,0.025,1,0.0,10.0,148.0,30167.32,20283.33,298,249,49,83.56,81.95,2.028,1106.363,551,995.94,572.93,33518.37,3265.5,30167.32,-10.0
ETH-USDT-SWAP,reversal,1D,0.003,0.01,0.03,1,0.0,10.0,148.0,18560.4,12440.81,298,253,45,84.9,85.39,1.905,678.59,551,1058.33,615.09,22661.45,2041.25,18560.4,-18.1
ETH-USDT-SWAP,reversal,1D,0.003,0.015,0.01,1,0.0,10.0,148.0,35.44,-76.05,298,151,147,50.67,95.6,0.85,-4.148,551,47.21,-68.1,47.07,-0.3,35.44,-24.71
ETH-USDT-SWAP,reversal,1D,0.003,0.015,0.015,1,0.0,10.0,148.0,18.25,-87.67,298,175,123,58.72,98.39,0.828,-4.782,551,58.08,-60.75,27.45,-52.75,18.25,-33.52
ETH-USDT-SWAP,reversal,1D,0.003,0.015,0.02,1,0.0,10.0,148.0,12.78,-91.36,298,188,110,63.09,99.18,0.781,-4.984,551,38.38,-74.07,21.95,-42.8,12.78,-41.78
ETH-USDT-SWAP,reversal,1D,0.003,0.015,0.025,1,0.0,10.0,148.0,6.85,-95.37,298,197,101,66.11,99.69,0.74,-5.202,551,35.25,-76.18,13.46,-61.83,6.85,-49.07
ETH-USDT-SWAP,reversal,1D,0.003,0.015,0.03,1,0.0,10.0,148.0,2.73,-98.16,298,202,96,67.79,99.9,0.694,-5.354,551,52.86,-64.28,5.04,-90.46,2.73,-45.88
ETH-USDT-SWAP,reversal,1D,0.003,0.02,0.01,1,0.0,10.0,148.0,0.22,-99.85,298,117,181,39.26,99.88,0.571,-5.446,551,6.74,-95.44,0.29,-95.63,0.22,-24.71
ETH-USDT-SWAP,reversal,1D,0.003,0.02,0.015,1,0.0,10.0,148.0,0.05,-99.97,298,141,157,47.32,99.99,0.608,-5.453,551,6.36,-95.7,0.07,-98.85,0.05,-33.52
ETH-USDT-SWAP,reversal,1D,0.003,0.02,0.02,1,0.0,10.0,148.0,0.01,-99.99,298,155,143,52.01,100.0,0.66,-5.454,551,3.81,-97.43,0.02,-99.38,0.01,-41.78
ETH-USDT-SWAP,reversal,1D,0.003,0.02,0.025,1,0.0,10.0,148.0,0.02,-99.98,298,168,130,56.38,100.0,0.658,-5.454,551,3.98,-97.31,0.05,-98.84,0.02,-49.07
ETH-USDT-SWAP,reversal,1D,0.003,0.02,0.03,1,0.0,10.0,148.0,0.01,-99.99,298,174,124,58.39,100.0,0.603,-5.454,551,5.34,-96.39,0.02,-99.7,0.01,-45.88
ETH-USDT-SWAP,reversal,1D,0.003,0.03,0.01,1,0.0,10.0,148.0,0.0,-100.0,298,86,212,28.86,100.0,0.421,-5.455,551,0.47,-99.68,0.0,-99.84,0.0,-24.71
ETH-USDT-SWAP,reversal,1D,0.003,0.03,0.015,1,0.0,10.0,148.0,0.0,-100.0,298,114,184,38.26,100.0,0.513,-5.455,551,0.78,-99.47,0.0,-99.96,0.0,-33.52
ETH-USDT-SWAP,reversal,1D,0.003,0.03,0.02,1,0.0,10.0,148.0,0.0,-100.0,298,126,172,42.28,100.0,0.519,-5.455,551,0.27,-99.82,0.0,-99.99,0.0,-41.78
ETH-USDT-SWAP,reversal,1D,0.003,0.03,0.025,1,0.0,10.0,148.0,0.0,-100.0,298,138,160,46.31,100.0,0.499,-5.455,551,0.18,-99.88,0.0,-99.99,0.0,-49.07
ETH-USDT-SWAP,reversal,1D,0.003,0.03,0.03,1,0.0,10.0,148.0,0.0,-100.0,298,144,154,48.32,100.0,0.407,-5.455,551,0.19,-99.87,0.0,-100.0,0.0,-45.88
ETH-USDT-SWAP,reversal,1D,0.005,0.006,0.01,1,0.0,10.0,148.0,97.82,-33.91,280,212,68,75.71,84.46,0.96,-1.85,551,245.95,66.18,102.77,-58.22,97.82,-4.82
ETH-USDT-SWAP,reversal,1D,0.005,0.006,0.015,1,0.0,10.0,148.0,512.79,246.48,280,237,43,84.64,78.13,1.131,13.444,551,521.34,252.25,455.86,-12.56,512.79,12.49
ETH-USDT-SWAP,reversal,1D,0.005,0.006,0.02,1,0.0,10.0,148.0,3855.02,2504.75,280,253,27,90.36,72.61,1.593,136.623,551,1179.99,697.29,3427.1,190.44,3855.02,12.49
ETH-USDT-SWAP,reversal,1D,0.005,0.006,0.025,1,0.0,10.0,148.0,3437.53,2222.66,280,257,23,91.79,77.64,1.775,121.236,551,847.04,472.32,3055.95,260.78,3437.53,12.49
ETH-USDT-SWAP,reversal,1D,0.005,0.006,0.03,1,0.0,10.0,148.0,6473.17,4273.76,280,262,18,93.57,77.01,1.674,233.114,551,1389.15,838.62,5754.63,314.25,6473.17,12.49
ETH-USDT-SWAP,reversal,1D,0.005,0.008,0.01,1,0.0,10.0,148.0,1345.06,808.82,280,205,75,73.21,72.77,1.277,44.118,551,426.97,188.49,1360.34,218.6,1345.06,-1.12
ETH-USDT-SWAP,reversal,1D,0.005,0.008,0.015,1,0.0,10.0,148.0,8909.24,5919.76,280,230,50,82.14,76.19,1.556,322.896,551,992.3,570.47,7501.6,655.98,8909.24,18.76
ETH-USDT-SWAP,reversal,1D,0.005,0.008,0.02,1,0.0,10.0,148.0,41176.91,27722.23,280,246,34,87.86,71.66,2.133,1512.122,551,2502.39,1590.81,38521.91,1439.4,41176.91,6.89
ETH-USDT-SWAP,reversal,1D,0.005,0.008,0.025,1,0.0,10.0,148.0,33846.61,22769.33,280,249,31,88.93,80.91,3.075,1241.964,551,1566.08,958.16,31191.61,1891.7,33846.61,8.51
ETH-USDT-SWAP,reversal,1D,0.005,0.008,0.03,1,0.0,10.0,148.0,40612.34,27340.77,280,254,26,90.71,80.17,2.182,1491.315,551,2313.03,1462.86,37957.34,1541.02,40612.34,6.99
ETH-USDT-SWAP,reversal,1D,0.005,0.01,0.01,1,0.0,10.0,148.0,3890.51,2528.72,280,192,88,68.57,73.82,1.392,137.93,551,437.25,195.44,4693.74,973.47,3890.51,-17.11
ETH-USDT-SWAP,reversal,1D,0.005,0.01,0.015,1,0.0,10.0,148.0,4493.02,2935.82,280,211,69,75.36,87.74,1.474,160.136,551,510.79,245.13,4714.02,822.88,4493.02,-4.69
ETH-USDT-SWAP,reversal,1D,0.005,0.01,0.02,1,0.0,10.0,148.0,35061.45,23590.17,280,229,51,81.79,85.2,2.123,1286.737,551,1850.61,1150.41,36186.45,1855.38,35061.45,-3.11
ETH-USDT-SWAP,reversal,1D,0.005,0.01,0.025,1,0.0,10.0,148.0,15764.91,10551.96,280,231,49,82.5,90.81,2.187,575.562,551,1068.14,621.72,17769.23,1563.56,15764.91,-11.28
ETH-USDT-SWAP,reversal,1D,0.005,0.01,0.03,1,0.0,10.0,148.0,13464.78,8997.82,280,236,44,84.29,83.59,1.748,490.79,551,1322.09,793.31,16530.7,1150.34,13464.78,-18.55
ETH-USDT-SWAP,reversal,1D,0.005,0.015,0.01,1,0.0,10.0,148.0,176.32,19.14,280,147,133,52.5,93.11,1.022,1.044,551,98.86,-33.2,229.5,132.15,176.32,-23.17
ETH-USDT-SWAP,reversal,1D,0.005,0.015,0.015,1,0.0,10.0,148.0,119.24,-19.43,280,169,111,60.36,98.35,0.97,-1.06,551,60.83,-58.9,128.98,112.03,119.24,-7.55
ETH-USDT-SWAP,reversal,1D,0.005,0.015,0.02,1,0.0,10.0,148.0,649.45,338.81,280,187,93,66.79,97.11,1.251,18.481,551,142.49,-3.73,747.9,424.89,649.45,-13.16
ETH-USDT-SWAP,reversal,1D,0.005,0.015,0.025,1,0.0,10.0,148.0,359.33,142.79,280,195,85,69.64,96.39,1.108,7.789,551,316.79,114.05,442.38,39.65,359.33,-18.77
ETH-USDT-SWAP,reversal,1D,0.005,0.015,0.03,1,0.0,10.0,148.0,190.76,28.89,280,200,80,71.43,97.91,1.024,1.576,551,227.58,53.77,252.27,10.85,190.76,-24.38
ETH-USDT-SWAP,reversal,1D,0.005,0.02,0.01,1,0.0,10.0,148.0,0.32,-99.79,280,109,171,38.93,99.93,0.568,-5.443,551,11.28,-92.38,0.41,-96.34,0.32,-23.17
ETH-USDT-SWAP,reversal,1D,0.005,0.02,0.015,1,0.0,10.0,148.0,0.1,-99.93,280,131,149,46.79,99.96,0.662,-5.451,551,12.19,-91.76,0.15,-98.78,0.1,-32.65
ETH-USDT-SWAP,reversal,1D,0.005,0.02,0.02,1,0.0,10.0,148.0,0.33,-99.78,280,151,129,53.93,99.96,0.693,-5.443,551,26.57,-82.05,0.55,-97.94,0.33,-40.59
ETH-USDT-SWAP,reversal,1D,0.005,0.02,0.025,1,0.0,10.0,148.0,0.22,-99.85,280,162,118,57.86,99.97,0.74,-5.446,551,75.64,-48.89,0.43,-99.43,0.22,-48.04
ETH-USDT-SWAP,reversal,1D,0.005,0.02,0.03,1,0.0,10.0,148.0,0.09,-99.94,280,167,113,59.64,99.99,0.76,-5.451,551,48.44,-67.27,0.16,-99.67,0.09,-43.42
ETH-USDT-SWAP,reversal,1D,0.005,0.03,0.01,1,0.0,10.0,148.0,0.0,-100.0,280,85,195,30.36,100.0,0.493,-5.454,551,1.5,-98.99,0.01,-99.6,0.0,-23.17
ETH-USDT-SWAP,reversal,1D,0.005,0.03,0.015,1,0.0,10.0,148.0,0.0,-100.0,280,109,171,38.93,100.0,0.515,-5.454,551,0.97,-99.34,0.0,-99.79,0.0,-32.65
ETH-USDT-SWAP,reversal,1D,0.005,0.03,0.02,1,0.0,10.0,148.0,0.0,-100.0,280,123,157,43.93,100.0,0.55,-5.455,551,0.81,-99.45,0.0,-99.95,0.0,-40.59
ETH-USDT-SWAP,reversal,1D,0.005,0.03,0.025,1,0.0,10.0,148.0,0.0,-100.0,280,136,144,48.57,100.0,0.527,-5.455,551,1.84,-98.76,0.0,-99.97,0.0,-48.04
ETH-USDT-SWAP,reversal,1D,0.005,0.03,0.03,1,0.0,10.0,148.0,0.0,-100.0,280,140,140,50.0,100.0,0.63,-5.455,551,1.2,-99.19,0.0,-99.99,0.0,-43.42
ETH-USDT-SWAP,reversal,1D,0.007,0.006,0.01,1,0.0,10.0,148.0,65.09,-56.02,257,192,65,74.71,85.71,0.933,-3.056,551,281.52,90.21,68.39,-75.71,65.09,-4.82
ETH-USDT-SWAP,reversal,1D,0.007,0.006,0.015,1,0.0,10.0,148.0,675.38,356.34,257,219,38,85.21,77.63,1.152,19.437,551,840.5,467.91,600.41,-28.56,675.38,12.49
ETH-USDT-SWAP,reversal,1D,0.007,0.006,0.02,1,0.0,10.0,148.0,1869.9,1163.44,257,230,27,89.49,83.23,1.427,63.461,551,967.01,553.39,1662.33,71.9,1869.9,12.49
ETH-USDT-SWAP,reversal,1D,0.007,0.006,0.025,1,0.0,10.0,148.0,2084.77,1308.63,257,235,22,91.44,83.21,1.686,71.38,551,694.16,369.02,1853.35,166.99,2084.77,12.49
ETH-USDT-SWAP,reversal,1D,0.007,0.006,0.03,1,0.0,10.0,148.0,4217.02,2749.34,257,240,17,93.39,79.28,1.822,149.964,551,1138.43,669.21,3748.92,229.31,4217.02,12.49
ETH-USDT-SWAP,reversal,1D,0.007,0.008,0.01,1,0.0,10.0,148.0,684.29,362.36,257,185,72,71.98,72.35,1.11,19.765,551,670.7,353.17,692.06,3.19,684.29,-1.12
ETH-USDT-SWAP,reversal,1D,0.007,0.008,0.015,1,0.0,10.0,148.0,6994.63,4626.1,257,211,46,82.1,69.42,1.361,252.333,551,1781.02,1103.39,5872.83,229.75,6994.63,19.1
ETH-USDT-SWAP,reversal,1D,0.007,0.008,0.02,1,0.0,10.0,148.0,13306.49,8890.87,257,221,36,85.99,76.43,1.647,484.957,551,1879.04,1169.62,11172.39,494.58,13306.49,19.1
ETH-USDT-SWAP,reversal,1D,0.007,0.008,0.025,1,0.0,10.0,148.0,7477.9,4952.64,257,225,32,87.55,74.49,1.682,270.144,551,1175.96,694.57,6278.59,433.91,7477.9,19.1
ETH-USDT-SWAP,reversal,1D,0.007,0.008,0.03,1,0.0,10.0,148.0,6450.9,4258.71,257,229,28,89.11,84.54,1.378,232.293,551,1736.85,1073.55,5416.3,211.85,6450.9,19.1
ETH-USDT-SWAP,reversal,1D,0.007,0.01,0.01,1,0.0,10.0,148.0,2273.2,1435.95,257,175,82,68.09,73.43,1.199,78.324,551,719.47,386.13,2214.66,207.82,2273.2,2.64
ETH-USDT-SWAP,reversal,1D,0.007,0.01,0.015,1,0.0,10.0,148.0,29240.72,19657.24,257,202,55,78.6,73.44,1.53,1072.213,551,2523.79,1605.27,25685.72,917.74,29240.72,13.84
ETH-USDT-SWAP,reversal,1D,0.007,0.01,0.02,1,0.0,10.0,148.0,29100.82,19562.71,257,211,46,82.1,84.67,1.736,1067.057,551,2292.47,1448.97,25545.82,1014.33,29100.82,13.92
ETH-USDT-SWAP,reversal,1D,0.007,0.01,0.025,1,0.0,10.0,148.0,15861.29,10617.09,257,215,42,83.66,83.66,1.659,579.114,551,1170.32,690.76,12626.28,978.87,15861.29,25.62
ETH-USDT-SWAP,reversal,1D,0.007,0.01,0.03,1,0.0,10.0,148.0,29639.63,19926.78,257,221,36,85.99,85.52,1.588,1086.915,551,2492.32,1584.0,26084.63,946.6,29639.63,13.63
ETH-USDT-SWAP,reversal,1D,0.007,0.015,0.01,1,0.0,10.0,148.0,470.53,217.92,257,138,119,53.7,83.7,1.078,11.887,551,277.33,87.39,600.49,116.52,470.53,-21.64
ETH-USDT-SWAP,reversal,1D,0.007,0.015,0.015,1,0.0,10.0,148.0,1808.97,1122.28,257,162,95,63.04,88.93,1.254,61.215,551,334.92,126.3,1918.6,472.86,1808.97,-5.71
ETH-USDT-SWAP,reversal,1D,0.007,0.015,0.02,1,0.0,10.0,148.0,1757.63,1087.59,257,173,84,67.32,86.36,1.274,59.323,551,304.3,105.61,1984.58,552.18,1757.63,-11.44
ETH-USDT-SWAP,reversal,1D,0.007,0.015,0.025,1,0.0,10.0,148.0,465.41,214.47,257,178,79,69.26,88.5,1.112,11.698,551,203.96,37.81,561.8,175.44,465.41,-17.16
ETH-USDT-SWAP,reversal,1D,0.007,0.015,0.03,1,0.0,10.0,148.0,496.12,235.21,257,184,73,71.6,94.76,1.077,12.83,551,382.68,158.57,643.29,68.1,496.12,-22.88
ETH-USDT-SWAP,reversal,1D,0.007,0.02,0.01,1,0.0,10.0,148.0,0.22,-99.85,257,95,162,36.96,99.91,0.62,-5.446,551,12.67,-91.44,0.28,-97.77,0.22,-21.64
ETH-USDT-SWAP,reversal,1D,0.007,0.02,0.015,1,0.0,10.0,148.0,0.28,-99.81,257,121,136,47.08,99.91,0.681,-5.444,551,17.53,-88.15,0.41,-97.68,0.28,-31.31
ETH-USDT-SWAP,reversal,1D,0.007,0.02,0.02,1,0.0,10.0,148.0,0.27,-99.82,257,135,122,52.53,99.95,0.626,-5.444,551,17.72,-88.03,0.45,-97.46,0.27,-39.41
ETH-USDT-SWAP,reversal,1D,0.007,0.02,0.025,1,0.0,10.0,148.0,0.11,-99.92,257,143,114,55.64,99.98,0.651,-5.45,551,33.42,-77.42,0.18,-99.46,0.11,-36.53
ETH-USDT-SWAP,reversal,1D,0.007,0.02,0.03,1,0.0,10.0,148.0,0.07,-99.95,257,147,110,57.2,99.99,0.705,-5.452,551,34.82,-76.47,0.12,-99.67,0.07,-40.92
ETH-USDT-SWAP,reversal,1D,0.007,0.03,0.01,1,0.0,10.0,148.0,0.02,-99.99,257,77,180,29.96,99.99,0.599,-5.454,551,5.15,-96.52,0.02,-99.61,0.02,-21.64
ETH-USDT-SWAP,reversal,1D,0.007,0.03,0.015,1,0.0,10.0,148.0,0.0,-100.0,257,97,160,37.74,100.0,0.617,-5.454,551,3.51,-97.63,0.0,-99.92,0.0,-31.31
ETH-USDT-SWAP,reversal,1D,0.007,0.03,0.02,1,0.0,10.0,148.0,0.0,-100.0,257,109,148,42.41,100.0,0.538,-5.455,551,2.37,-98.4,0.0,-99.98,0.0,-39.41
ETH-USDT-SWAP,reversal,1D,0.007,0.03,0.025,1,0.0,10.0,148.0,0.0,-100.0,257,120,137,46.69,100.0,0.522,-5.455,551,4.32,-97.08,0.0,-99.99,0.0,-36.53
ETH-USDT-SWAP,reversal,1D,0.007,0.03,0.03,1,0.0,10.0,148.0,0.0,-100.0,257,123,134,47.86,100.0,0.62,-5.455,551,3.42,-97.69,0.0,-100.0,0.0,-40.92
ETH-USDT-SWAP,reversal,1D,0.01,0.006,0.01,1,0.0,10.0,148.0,46.97,-68.27,236,174,62,73.73,84.54,0.891,-3.724,551,214.45,44.9,49.51,-76.91,46.97,-5.14
ETH-USDT-SWAP,reversal,1D,0.01,0.006,0.015,1,0.0,10.0,148.0,377.42,155.01,236,199,37,84.32,78.08,1.095,8.455,551,691.2,367.03,421.94,-38.96,377.42,-10.55
ETH-USDT-SWAP,reversal,1D,0.01,0.006,0.02,1,0.0,10.0,148.0,436.79,195.13,236,207,29,87.71,78.71,1.131,10.643,551,475.99,221.62,519.73,9.19,436.79,-15.96
ETH-USDT-SWAP,reversal,1D,0.01,0.006,0.025,1,0.0,10.0,148.0,1225.26,727.88,236,215,21,91.1,73.41,1.399,39.702,551,649.05,338.55,1092.4,68.31,1225.26,12.16
ETH-USDT-SWAP,reversal,1D,0.01,0.006,0.03,1,0.0,10.0,148.0,485.84,228.27,236,216,20,91.53,86.93,1.199,12.451,551,488.53,230.09,433.16,-11.33,485.84,12.16
ETH-USDT-SWAP,reversal,1D,0.01,0.008,0.01,1,0.0,10.0,148.0,595.06,302.07,236,170,66,72.03,71.26,1.101,16.476,551,694.75,369.42,603.88,-13.08,595.06,-1.46
ETH-USDT-SWAP,reversal,1D,0.01,0.008,0.015,1,0.0,10.0,148.0,4663.3,3050.88,236,193,43,81.78,61.04,1.27,166.411,551,2387.42,1513.12,5018.52,110.21,4663.3,-7.08
ETH-USDT-SWAP,reversal,1D,0.01,0.008,0.02,1,0.0,10.0,148.0,4310.25,2812.33,236,200,36,84.75,77.29,1.294,153.4,551,1644.09,1010.87,4937.08,200.29,4310.25,-12.7
ETH-USDT-SWAP,reversal,1D,0.01,0.008,0.025,1,0.0,10.0,148.0,8134.05,5395.98,236,207,29,87.71,72.84,1.402,294.326,551,2328.88,1473.57,9957.74,327.58,8134.05,-18.31
ETH-USDT-SWAP,reversal,1D,0.01,0.008,0.03,1,0.0,10.0,148.0,3863.47,2510.45,236,209,27,88.56,86.66,1.385,136.934,551,1752.91,1084.4,5078.99,189.75,3863.47,-23.93
ETH-USDT-SWAP,reversal,1D,0.01,0.01,0.01,1,0.0,10.0,148.0,3783.52,2456.43,236,164,72,69.49,65.85,1.203,133.987,551,1688.86,1041.12,3698.7,119.01,3783.52,2.29
ETH-USDT-SWAP,reversal,1D,0.01,0.01,0.015,1,0.0,10.0,148.0,31871.14,21434.55,236,187,49,79.24,55.77,1.535,1169.157,551,5331.88,3502.62,32066.14,501.4,31871.14,-0.61
ETH-USDT-SWAP,reversal,1D,0.01,0.01,0.02,1,0.0,10.0,148.0,24000.31,16116.42,236,193,43,81.78,71.21,1.531,879.078,551,3449.8,2230.94,24945.31,623.09,24000.31,-3.79
ETH-USDT-SWAP,reversal,1D,0.01,0.01,0.025,1,0.0,10.0,148.0,33983.4,22861.76,236,200,36,84.75,69.58,1.509,1247.005,551,5758.54,3790.9,35678.4,519.57,33983.4,-4.75
ETH-USDT-SWAP,reversal,1D,0.01,0.01,0.03,1,0.0,10.0,148.0,9638.41,6412.44,236,201,35,85.17,80.14,1.313,349.769,551,4334.36,2828.62,12205.89,181.61,9638.41,-21.03
ETH-USDT-SWAP,reversal,1D,0.01,0.015,0.01,1,0.0,10.0,148.0,536.32,262.38,236,128,108,54.24,80.6,1.142,14.311,551,301.89,103.98,482.76,59.91,536.32,11.09
ETH-USDT-SWAP,reversal,1D,0.01,0.015,0.015,1,0.0,10.0,148.0,3611.11,2339.94,236,152,84,64.41,73.49,1.275,127.633,551,1259.7,751.15,3447.03,173.64,3611.11,4.76
ETH-USDT-SWAP,reversal,1D,0.01,0.015,0.02,1,0.0,10.0,148.0,710.86,380.31,236,157,79,66.53,85.48,1.177,20.744,551,486.54,228.74,722.23,48.44,710.86,-1.57
ETH-USDT-SWAP,reversal,1D,0.01,0.015,0.025,1,0.0,10.0,148.0,570.25,285.31,236,164,72,69.49,88.91,1.099,15.562,551,703.34,375.23,619.22,-11.96,570.25,-7.91
ETH-USDT-SWAP,reversal,1D,0.01,0.015,0.03,1,0.0,10.0,148.0,35.99,-75.68,236,164,72,69.49,97.91,0.936,-4.128,551,412.51,178.72,41.96,-89.83,35.99,-14.24
ETH-USDT-SWAP,reversal,1D,0.01,0.02,0.01,1,0.0,10.0,148.0,18.95,-87.19,236,101,135,42.8,95.64,0.834,-4.756,551,55.48,-62.51,17.57,-68.33,18.95,7.85
ETH-USDT-SWAP,reversal,1D,0.01,0.02,0.015,1,0.0,10.0,148.0,112.02,-24.31,236,126,110,53.39,86.51,0.98,-1.326,551,203.7,37.64,110.14,-45.93,112.02,1.71
ETH-USDT-SWAP,reversal,1D,0.01,0.02,0.02,1,0.0,10.0,148.0,55.6,-62.43,236,136,100,57.63,96.41,0.952,-3.405,551,341.04,130.43,58.19,-82.94,55.6,-4.44
ETH-USDT-SWAP,reversal,1D,0.01,0.02,0.025,1,0.0,10.0,148.0,21.17,-85.7,236,141,95,59.75,97.97,0.928,-4.674,551,233.84,58.0,23.68,-89.87,21.17,-10.59
ETH-USDT-SWAP,reversal,1D,0.01,0.02,0.03,1,0.0,10.0,148.0,1.25,-99.15,236,142,94,60.17,99.8,0.834,-5.408,551,102.64,-30.65,1.5,-98.54,1.25,-16.74
ETH-USDT-SWAP,reversal,1D,0.01,0.03,0.01,1,0.0,10.0,148.0,0.02,-99.99,236,68,168,28.81,99.99,0.59,-5.454,551,17.23,-88.36,0.02,-99.89,0.02,-20.19
ETH-USDT-SWAP,reversal,1D,0.01,0.03,0.015,1,0.0,10.0,148.0,0.02,-99.99,236,91,145,38.56,99.99,0.661,-5.454,551,29.81,-79.86,0.03,-99.91,0.02,-29.06
ETH-USDT-SWAP,reversal,1D,0.01,0.03,0.02,1,0.0,10.0,148.0,0.03,-99.98,236,105,131,44.49,99.98,0.722,-5.454,551,65.54,-55.72,0.04,-99.94,0.03,-37.41
ETH-USDT-SWAP,reversal,1D,0.01,0.03,0.025,1,0.0,10.0,148.0,0.0,-100.0,236,109,127,46.19,100.0,0.718,-5.454,551,33.98,-77.04,0.01,-99.98,0.0,-32.14
ETH-USDT-SWAP,reversal,1D,0.01,0.03,0.03,1,0.0,10.0,148.0,0.0,-100.0,236,110,126,46.61,100.0,0.646,-5.455,551,21.73,-85.32,0.0,-100.0,0.0,-36.8
ETH-USDT-SWAP,fade,1D,0.001,0.006,0.01,1,0.0,10.0,148.0,21.42,-85.53,431,319,112,74.01,97.59,0.9,-4.665,551,271.84,83.67,22.71,-91.65,21.42,-5.69
ETH-USDT-SWAP,fade,1D,0.001,0.006,0.015,1,0.0,10.0,148.0,1187.98,702.69,431,366,65,84.92,87.0,1.116,38.328,551,1149.37,676.6,1335.82,16.22,1187.98,-11.07
ETH-USDT-SWAP,fade,1D,0.001,0.006,0.02,1,0.0,10.0,148.0,5605.92,3687.79,431,385,46,89.33,86.97,1.21,201.152,551,1668.95,1027.67,6735.23,303.56,5605.92,-16.77
ETH-USDT-SWAP,fade,1D,0.001,0.006,0.025,1,0.0,10.0,148.0,10418.97,6939.85,431,394,37,91.42,88.85,1.327,378.537,551,1566.53,958.47,13382.35,754.27,10418.97,-22.14
ETH-USDT-SWAP,fade,1D,0.001,0.006,0.03,1,0.0,10.0,148.0,2108.83,1324.88,431,396,35,91.88,95.27,1.212,72.266,551,879.11,493.99,2909.56,230.97,2108.83,-27.52
ETH-USDT-SWAP,fade,1D,0.001,0.008,0.01,1,0.0,10.0,148.0,101.49,-31.42,431,294,137,68.21,96.44,0.982,-1.714,551,439.06,196.66,114.25,-73.98,101.49,-11.16
ETH-USDT-SWAP,fade,1D,0.001,0.008,0.015,1,0.0,10.0,148.0,6363.0,4199.32,431,342,89,79.35,82.37,1.121,229.054,551,1974.35,1234.02,7595.61,284.72,6363.0,-16.23
ETH-USDT-SWAP,fade,1D,0.001,0.008,0.02,1,0.0,10.0,148.0,30803.1,20712.9,431,362,69,83.99,77.45,1.358,1129.795,551,4334.5,2828.72,33958.7,683.45,30803.1,-9.29
ETH-USDT-SWAP,fade,1D,0.001,0.008,0.025,1,0.0,10.0,148.0,44951.19,30272.42,431,374,57,86.77,83.34,1.514,1651.223,551,3396.27,2194.78,48856.8,1338.54,44951.19,-7.99
ETH-USDT-SWAP,fade,1D,0.001,0.008,0.03,1,0.0,10.0,148.0,3306.0,2133.78,431,375,56,87.01,92.0,1.113,116.388,551,1538.64,939.62,4842.27,214.71,3306.0,-31.73
ETH-USDT-SWAP,fade,1D,0.001,0.01,0.01,1,0.0,10.0,148.0,37.18,-74.88,431,262,169,60.79,98.2,0.929,-4.084,551,193.35,30.64,50.58,-73.84,37.18,-26.5
ETH-USDT-SWAP,fade,1D,0.001,0.01,0.015,1,0.0,10.0,148.0,1451.18,880.53,431,311,120,72.16,87.87,1.076,48.029,551,1014.52,585.49,2220.36,118.86,1451.18,-34.64
ETH-USDT-SWAP,fade,1D,0.001,0.01,0.02,1,0.0,10.0,148.0,11625.63,7755.16,431,336,95,77.96,84.54,1.178,423.008,551,2515.79,1599.86,14593.91,480.09,11625.63,-20.34
ETH-USDT-SWAP,fade,1D,0.001,0.01,0.025,1,0.0,10.0,148.0,22855.74,15343.06,431,349,82,80.97,88.7,1.409,836.894,551,1557.87,952.62,26506.34,1601.45,22855.74,-13.77
ETH-USDT-SWAP,fade,1D,0.001,0.01,0.03,1,0.0,10.0,148.0,1661.58,1022.69,431,353,78,81.9,94.41,1.125,55.783,551,782.86,428.96,2395.28,205.96,1661.58,-30.63
ETH-USDT-SWAP,fade,1D,0.001,0.015,0.01,1,0.0,10.0,148.0,0.31,-99.79,431,198,233,45.94,99.97,0.59,-5.443,551,5.63,-96.2,0.43,-92.4,0.31,-26.5
ETH-USDT-SWAP,fade,1D,0.001,0.015,0.015,1,0.0,10.0,148.0,0.32,-99.78,431,238,193,55.22,99.88,0.716,-5.443,551,20.47,-86.17,0.5,-97.58,0.32,-34.64
ETH-USDT-SWAP,fade,1D,0.001,0.015,0.02,1,0.0,10.0,148.0,1.33,-99.1,431,266,165,61.72,99.81,0.882,-5.406,551,74.14,-49.91,2.33,-96.86,1.33,-42.97
ETH-USDT-SWAP,fade,1D,0.001,0.015,0.025,1,0.0,10.0,148.0,1.0,-99.33,431,279,152,64.73,99.79,0.854,-5.418,551,80.15,-45.84,2.0,-97.5,1.0,-50.12
ETH-USDT-SWAP,fade,1D,0.001,0.015,0.03,1,0.0,10.0,148.0,0.18,-99.88,431,286,145,66.36,99.96,0.866,-5.448,551,121.69,-17.78,0.35,-99.71,0.18,-48.29
ETH-USDT-SWAP,fade,1D,0.001,0.02,0.01,1,0.0,10.0,148.0,0.0,-100.0,431,155,276,35.96,100.0,0.56,-5.455,551,0.36,-99.76,0.0,-99.66,0.0,-26.5
ETH-USDT-SWAP,fade,1D,0.001,0.02,0.015,1,0.0,10.0,148.0,0.0,-100.0,431,197,234,45.71,100.0,0.659,-5.455,551,0.95,-99.36,0.0,-99.93,0.0,-34.64
ETH-USDT-SWAP,fade,1D,0.001,0.02,0.02,1,0.0,10.0,148.0,0.0,-100.0,431,225,206,52.2,100.0,0.781,-5.455,551,1.79,-98.79,0.0,-99.93,0.0,-42.97
ETH-USDT-SWAP,fade,1D,0.001,0.02,0.025,1,0.0,10.0,148.0,0.0,-100.0,431,238,193,55.22,100.0,0.727,-5.455,551,1.62,-98.9,0.0,-99.96,0.0,-50.12
ETH-USDT-SWAP,fade,1D,0.001,0.02,0.03,1,0.0,10.0,148.0,0.0,-100.0,431,246,185,57.08,100.0,0.706,-5.455,551,1.57,-98.94,0.0,-99.99,0.0,-48.29
ETH-USDT-SWAP,fade,1D,0.001,0.03,0.01,1,0.0,10.0,148.0,0.0,-100.0,431,118,313,27.38,100.0,0.444,-5.455,551,0.01,-99.99,0.0,-99.99,0.0,-26.5
ETH-USDT-SWAP,fade,1D,0.001,0.03,0.015,1,0.0,10.0,148.0,0.0,-100.0,431,156,275,36.19,100.0,0.493,-5.455,551,0.0,-100.0,0.0,-100.0,0.0,-34.64
ETH-USDT-SWAP,fade,1D,0.001,0.03,0.02,1,0.0,10.0,148.0,0.0,-100.0,431,182,249,42.23,100.0,0.615,-5.455,551,0.0,-100.0,0.0,-100.0,0.0,-42.97
ETH-USDT-SWAP,fade,1D,0.001,0.03,0.025,1,0.0,10.0,148.0,0.0,-100.0,431,196,235,45.48,100.0,0.551,-5.455,551,0.0,-100.0,0.0,-100.0,0.0,-50.12
ETH-USDT-SWAP,fade,1D,0.001,0.03,0.03,1,0.0,10.0,148.0,0.0,-100.0,431,205,226,47.56,100.0,0.507,-5.455,551,0.0,-100.0,0.0,-100.0,0.0,-48.29
ETH-USDT-SWAP,fade,1D,0.002,0.006,0.01,1,0.0,10.0,148.0,70.33,-52.48,422,319,103,75.59,92.92,0.952,-2.862,551,300.95,103.34,74.36,-75.29,70.33,-5.42
ETH-USDT-SWAP,fade,1D,0.002,0.006,0.015,1,0.0,10.0,148.0,1728.54,1067.94,422,360,62,85.31,76.76,1.115,58.251,551,1361.72,820.08,1938.04,42.32,1728.54,-10.81
ETH-USDT-SWAP,fade,1D,0.002,0.006,0.02,1,0.0,10.0,148.0,8572.54,5692.26,422,379,43,89.81,75.7,1.211,310.487,551,1778.78,1101.88,10269.67,477.34,8572.54,-16.53
ETH-USDT-SWAP,fade,1D,0.002,0.006,0.025,1,0.0,10.0,148.0,10746.57,7161.19,422,387,35,91.71,81.18,1.307,390.611,551,1185.34,700.9,13763.19,1061.12,10746.57,-21.92
ETH-USDT-SWAP,fade,1D,0.002,0.006,0.03,1,0.0,10.0,148.0,4316.82,2816.77,422,390,32,92.42,84.88,1.261,153.642,551,622.2,320.4,5938.71,854.47,4316.82,-27.31
ETH-USDT-SWAP,fade,1D,0.002,0.008,0.01,1,0.0,10.0,148.0,1025.64,593.0,422,301,121,71.33,88.92,1.13,32.345,551,631.76,326.86,1046.76,65.69,1025.64,-2.02
ETH-USDT-SWAP,fade,1D,0.002,0.008,0.015,1,0.0,10.0,148.0,21860.37,14670.52,422,340,82,80.57,72.53,1.303,800.21,551,2350.57,1488.22,22745.37,867.65,21860.37,-3.89
ETH-USDT-SWAP,fade,1D,0.002,0.008,0.02,1,0.0,10.0,148.0,42842.09,28847.36,422,359,63,85.07,76.93,1.528,1573.492,551,2711.1,1731.82,44522.09,1542.22,42842.09,-3.77
ETH-USDT-SWAP,fade,1D,0.002,0.008,0.025,1,0.0,10.0,148.0,41731.58,28097.01,422,368,54,87.2,83.59,1.704,1532.564,551,1295.14,775.1,44161.58,3309.78,41731.58,-5.5
ETH-USDT-SWAP,fade,1D,0.002,0.008,0.03,1,0.0,10.0,148.0,10376.68,6911.27,422,371,51,87.91,85.6,1.308,376.978,551,473.82,220.15,13780.09,2808.29,10376.68,-24.7
ETH-USDT-SWAP,fade,1D,0.002,0.01,0.01,1,0.0,10.0,148.0,1393.71,841.7,422,276,146,65.4,86.41,1.141,45.911,551,459.54,210.5,1876.58,308.36,1393.71,-25.73
ETH-USDT-SWAP,fade,1D,0.002,0.01,0.015,1,0.0,10.0,148.0,34490.5,23204.39,422,318,104,75.36,73.57,1.312,1265.694,551,3054.13,1963.6,40196.18,1216.12,34490.5,-14.19
ETH-USDT-SWAP,fade,1D,0.002,0.01,0.02,1,0.0,10.0,148.0,51566.82,34742.45,422,338,84,80.09,74.12,1.45,1895.042,551,4488.15,2932.53,54317.5,1110.24,51566.82,-5.06
ETH-USDT-SWAP,fade,1D,0.002,0.01,0.025,1,0.0,10.0,148.0,49580.98,33400.66,422,349,73,82.7,82.3,1.545,1821.854,551,1946.44,1215.16,53081.66,2627.12,49580.98,-6.59
ETH-USDT-SWAP,fade,1D,0.002,0.01,0.03,1,0.0,10.0,148.0,19631.87,13164.78,422,354,68,83.89,84.67,1.283,718.079,551,1554.09,950.06,23882.55,1436.75,19631.87,-17.8
ETH-USDT-SWAP,fade,1D,0.002,0.015,0.01,1,0.0,10.0,148.0,1.96,-98.68,422,204,218,48.34,99.82,0.667,-5.382,551,7.43,-94.98,2.63,-64.53,1.96,-25.73
ETH-USDT-SWAP,fade,1D,0.002,0.015,0.015,1,0.0,10.0,148.0,1.86,-98.74,422,243,179,57.58,99.58,0.761,-5.386,551,19.24,-87.0,2.82,-85.34,1.86,-33.96
ETH-USDT-SWAP,fade,1D,0.002,0.015,0.02,1,0.0,10.0,148.0,0.84,-99.43,422,263,159,62.32,99.87,0.82,-5.424,551,28.57,-80.7,1.45,-94.91,0.84,-42.38
ETH-USDT-SWAP,fade,1D,0.002,0.015,0.025,1,0.0,10.0,148.0,1.94,-98.69,422,278,144,65.88,99.84,0.808,-5.383,551,41.0,-72.3,3.84,-90.63,1.94,-49.59
ETH-USDT-SWAP,fade,1D,0.002,0.015,0.03,1,0.0,10.0,148.0,0.79,-99.47,422,286,136,67.77,99.79,0.838,-5.425,551,83.89,-43.31,1.49,-98.22,0.79,-47.09
ETH-USDT-SWAP,fade,1D,0.002,0.02,0.01,1,0.0,10.0,148.0,0.01,-100.0,422,161,261,38.15,100.0,0.586,-5.454,551,0.57,-99.62,0.01,-98.56,0.01,-25.73
ETH-USDT-SWAP,fade,1D,0.002,0.02,0.015,1,0.0,10.0,148.0,0.0,-100.0,422,198,224,46.92,100.0,0.643,-5.455,551,0.74,-99.5,0.0,-99.75,0.0,-33.96
ETH-USDT-SWAP,fade,1D,0.002,0.02,0.02,1,0.0,10.0,148.0,0.0,-100.0,422,223,199,52.84,100.0,0.779,-5.454,551,1.59,-98.93,0.0,-99.85,0.0,-42.38
ETH-USDT-SWAP,fade,1D,0.002,0.02,0.025,1,0.0,10.0,148.0,0.0,-100.0,422,237,185,56.16,100.0,0.733,-5.455,551,1.62,-98.91,0.0,-99.87,0.0,-49.59
ETH-USDT-SWAP,fade,1D,0.002,0.02,0.03,1,0.0,10.0,148.0,0.0,-100.0,422,246,176,58.29,100.0,0.721,-5.455,551,2.19,-98.52,0.0,-99.97,0.0,-47.09
ETH-USDT-SWAP,fade,1D,0.002,0.03,0.01,1,0.0,10.0,148.0,0.0,-100.0,422,123,299,29.15,100.0,0.504,-5.455,551,0.02,-99.99,0.0,-99.97,0.0,-25.73
ETH-USDT-SWAP,fade,1D,0.002,0.03,0.015,1,0.0,10.0,148.0,0.0,-100.0,422,160,262,37.91,100.0,0.561,-5.455,551,0.01,-100.0,0.0,-100.0,0.0,-33.96
ETH-USDT-SWAP,fade,1D,0.002,0.03,0.02,1,0.0,10.0,148.0,0.0,-100.0,422,184,238,43.6,100.0,0.681,-5.455,551,0.01,-99.99,0.0,-100.0,0.0,-42.38
ETH-USDT-SWAP,fade,1D,0.002,0.03,0.025,1,0.0,10.0,148.0,0.0,-100.0,422,198,224,46.92,100.0,0.612,-5.455,551,0.01,-100.0,0.0,-100.0,0.0,-49.59
ETH-USDT-SWAP,fade,1D,0.002,0.03,0.03,1,0.0,10.0,148.0,0.0,-100.0,422,206,216,48.82,100.0,0.57,-5.455,551,0.0,-100.0,0.0,-100.0,0.0,-47.09
ETH-USDT-SWAP,fade,1D,0.003,0.006,0.01,1,0.0,10.0,148.0,91.71,-38.04,407,309,98,75.92,83.75,0.974,-2.075,551,375.15,153.48,96.35,-74.32,91.71,-4.82
ETH-USDT-SWAP,fade,1D,0.003,0.006,0.015,1,0.0,10.0,148.0,782.22,428.52,407,344,63,84.52,80.48,1.113,23.374,551,773.28,422.49,697.4,-9.81,782.22,12.16
ETH-USDT-SWAP,fade,1D,0.003,0.006,0.02,1,0.0,10.0,148.0,37315.75,25113.35,407,371,36,91.15,67.52,1.688,1369.819,551,2550.76,1623.49,35560.75,1294.12,37315.75,4.94
ETH-USDT-SWAP,fade,1D,0.003,0.006,0.025,1,0.0,10.0,148.0,26061.5,17509.12,407,376,31,92.38,76.79,1.758,955.043,551,1499.81,913.39,24306.5,1520.64,26061.5,7.22
ETH-USDT-SWAP,fade,1D,0.003,0.006,0.03,1,0.0,10.0,148.0,16542.17,11077.14,407,379,28,93.12,79.32,1.491,604.208,551,1292.99,773.64,14795.35,1044.28,16542.17,11.81
ETH-USDT-SWAP,fade,1D,0.003,0.008,0.01,1,0.0,10.0,148.0,3056.27,1965.05,407,297,110,72.97,66.11,1.127,107.184,551,1370.75,826.18,3757.24,174.1,3056.27,-18.66
ETH-USDT-SWAP,fade,1D,0.003,0.008,0.015,1,0.0,10.0,148.0,15838.74,10601.85,407,330,77,81.08,78.88,1.266,578.283,551,2695.3,1721.15,16811.9,523.75,15838.74,-5.79
ETH-USDT-SWAP,fade,1D,0.003,0.008,0.02,1,0.0,10.0,148.0,68735.48,46342.89,407,354,53,86.98,79.19,1.63,2527.794,551,5742.15,3779.83,70460.48,1127.08,68735.48,-2.45
ETH-USDT-SWAP,fade,1D,0.003,0.008,0.025,1,0.0,10.0,148.0,56834.62,38301.77,407,360,47,88.45,83.39,1.68,2089.187,551,3165.83,2039.07,59309.62,1773.43,56834.62,-4.17
ETH-USDT-SWAP,fade,1D,0.003,0.008,0.03,1,0.0,10.0,148.0,44019.09,29642.63,407,363,44,89.19,87.03,1.544,1616.871,551,2090.59,1312.56,47244.09,2159.85,44019.09,-6.83
ETH-USDT-SWAP,fade,1D,0.003,0.01,0.01,1,0.0,10.0,148.0,23787.79,15972.83,407,278,129,68.3,66.45,1.26,871.246,551,1776.37,1100.25,27798.84,1464.92,23787.79,-14.43
ETH-USDT-SWAP,fade,1D,0.003,0.01,0.015,1,0.0,10.0,148.0,45283.8,30497.16,407,310,97,76.17,75.06,1.398,1663.482,551,4221.38,2752.29,47089.85,1015.51,45283.8,-3.84
ETH-USDT-SWAP,fade,1D,0.003,0.01,0.02,1,0.0,10.0,148.0,100253.83,67639.08,407,335,72,82.31,65.59,1.592,3689.404,551,11584.1,7727.1,102854.88,787.9,100253.83,-2.53
ETH-USDT-SWAP,fade,1D,0.003,0.01,0.025,1,0.0,10.0,148.0,89746.74,60539.69,407,343,64,84.28,77.68,1.598,3302.165,551,5231.38,3434.71,93097.79,1679.6,89746.74,-3.6
ETH-USDT-SWAP,fade,1D,0.003,0.01,0.03,1,0.0,10.0,148.0,74355.48,50140.19,407,347,60,85.26,81.4,1.53,2734.919,551,4489.15,2933.21,78456.53,1647.69,74355.48,-5.23
ETH-USDT-SWAP,fade,1D,0.003,0.015,0.01,1,0.0,10.0,148.0,19.02,-87.15,407,207,200,50.86,96.5,0.841,-4.754,551,34.66,-76.58,25.26,-27.12,19.02,-24.71
ETH-USDT-SWAP,fade,1D,0.003,0.015,0.015,1,0.0,10.0,148.0,10.32,-93.03,407,240,167,58.97,98.67,0.87,-5.074,551,59.17,-60.02,15.52,-73.77,10.32,-33.52
ETH-USDT-SWAP,fade,1D,0.003,0.015,0.02,1,0.0,10.0,148.0,53.88,-63.59,407,264,143,64.86,98.15,0.936,-3.469,551,101.94,-31.12,92.56,-9.21,53.88,-41.78
ETH-USDT-SWAP,fade,1D,0.003,0.015,0.025,1,0.0,10.0,148.0,17.84,-87.95,407,275,132,67.57,99.14,0.874,-4.797,551,77.34,-47.74,35.02,-54.71,17.84,-49.07
ETH-USDT-SWAP,fade,1D,0.003,0.015,0.03,1,0.0,10.0,148.0,3.13,-97.89,407,280,127,68.8,99.78,0.832,-5.339,551,94.74,-35.99,5.78,-93.9,3.13,-45.88
ETH-USDT-SWAP,fade,1D,0.003,0.02,0.01,1,0.0,10.0,148.0,0.02,-99.99,407,160,247,39.31,99.99,0.537,-5.454,551,1.1,-99.26,0.02,-97.93,0.02,-24.71
ETH-USDT-SWAP,fade,1D,0.003,0.02,0.015,1,0.0,10.0,148.0,0.0,-100.0,407,191,216,46.93,100.0,0.595,-5.454,551,0.73,-99.51,0.0,-99.61,0.0,-33.52
ETH-USDT-SWAP,fade,1D,0.003,0.02,0.02,1,0.0,10.0,148.0,0.01,-99.99,407,218,189,53.56,100.0,0.754,-5.454,551,1.32,-99.11,0.01,-99.0,0.01,-41.78
ETH-USDT-SWAP,fade,1D,0.003,0.02,0.025,1,0.0,10.0,148.0,0.01,-99.99,407,234,173,57.49,100.0,0.74,-5.454,551,1.77,-98.8,0.03,-98.58,0.01,-49.07
ETH-USDT-SWAP,fade,1D,0.003,0.02,0.03,1,0.0,10.0,148.0,0.0,-100.0,407,240,167,58.97,100.0,0.696,-5.454,551,1.56,-98.94,0.0,-99.81,0.0,-45.88
ETH-USDT-SWAP,fade,1D,0.003,0.03,0.01,1,0.0,10.0,148.0,0.0,-100.0,407,122,285,29.98,100.0,0.449,-5.455,551,0.03,-99.98,0.0,-99.93,0.0,-24.71
ETH-USDT-SWAP,fade,1D,0.003,0.03,0.015,1,0.0,10.0,148.0,0.0,-100.0,407,158,249,38.82,100.0,0.507,-5.455,551,0.02,-99.98,0.0,-99.99,0.0,-33.52
ETH-USDT-SWAP,fade,1D,0.003,0.03,0.02,1,0.0,10.0,148.0,0.0,-100.0,407,180,227,44.23,100.0,0.596,-5.455,551,0.01,-99.99,0.0,-99.99,0.0,-41.78
ETH-USDT-SWAP,fade,1D,0.003,0.03,0.025,1,0.0,10.0,148.0,0.0,-100.0,407,197,210,48.4,100.0,0.546,-5.455,551,0.01,-99.99,0.0,-99.99,0.0,-49.07
ETH-USDT-SWAP,fade,1D,0.003,0.03,0.03,1,0.0,10.0,148.0,0.0,-100.0,407,203,204,49.88,100.0,0.474,-5.455,551,0.0,-100.0,0.0,-100.0,0.0,-45.88
ETH-USDT-SWAP,fade,1D,0.005,0.006,0.01,1,0.0,10.0,148.0,68.02,-54.04,390,294,96,75.38,85.5,0.953,-2.948,551,262.56,77.4,71.47,-72.78,68.02,-4.82
ETH-USDT-SWAP,fade,1D,0.005,0.006,0.015,1,0.0,10.0,148.0,1212.84,719.49,390,331,59,84.87,85.23,1.151,39.245,551,950.02,541.91,1078.21,13.49,1212.84,12.49
ETH-USDT-SWAP,fade,1D,0.005,0.006,0.02,1,0.0,10.0,148.0,13813.26,9233.28,390,352,38,90.26,84.39,1.473,503.634,551,3975.33,2586.03,12279.94,208.9,13813.26,12.49
ETH-USDT-SWAP,fade,1D,0.005,0.006,0.025,1,0.0,10.0,148.0,17073.66,11436.26,390,359,31,92.05,86.05,1.589,623.796,551,2670.72,1704.54,15273.66,471.89,17073.66,11.78
ETH-USDT-SWAP,fade,1D,0.005,0.006,0.03,1,0.0,10.0,148.0,34502.23,23212.31,390,365,25,93.59,73.64,1.52,1266.126,551,4080.01,2656.76,32702.23,701.52,34502.23,5.5
ETH-USDT-SWAP,fade,1D,0.005,0.008,0.01,1,0.0,10.0,148.0,1709.55,1055.1,390,282,108,72.31,72.1,1.178,57.551,551,465.91,214.81,1728.97,271.09,1709.55,-1.12
ETH-USDT-SWAP,fade,1D,0.005,0.008,0.015,1,0.0,10.0,148.0,28004.27,18821.81,390,318,72,81.54,81.13,1.45,1026.644,551,1666.53,1026.04,25349.27,1421.08,28004.27,10.47
ETH-USDT-SWAP,fade,1D,0.005,0.008,0.02,1,0.0,10.0,148.0,65713.47,44300.99,390,338,52,86.67,79.83,1.656,2416.418,551,6763.59,4469.99,63058.47,832.32,65713.47,4.21
ETH-USDT-SWAP,fade,1D,0.005,0.008,0.025,1,0.0,10.0,148.0,69698.37,46993.5,390,345,45,88.46,84.33,1.739,2563.282,551,4378.36,2858.35,67043.37,1431.24,69698.37,3.96
ETH-USDT-SWAP,fade,1D,0.005,0.008,0.03,1,0.0,10.0,148.0,81940.65,55265.3,390,351,39,90.0,68.95,1.741,3014.471,551,5200.5,3413.85,79285.65,1424.58,81940.65,3.35
ETH-USDT-SWAP,fade,1D,0.005,0.01,0.01,1,0.0,10.0,148.0,10164.48,6767.89,390,266,124,68.21,73.54,1.27,369.158,551,791.94,435.09,12263.05,1448.49,10164.48,-17.11
ETH-USDT-SWAP,fade,1D,0.005,0.01,0.015,1,0.0,10.0,148.0,33252.27,22367.75,390,297,93,76.15,87.06,1.486,1220.059,551,1174.96,693.89,33627.27,2761.99,33252.27,-1.12
ETH-USDT-SWAP,fade,1D,0.005,0.01,0.02,1,0.0,10.0,148.0,79526.7,53634.26,390,319,71,81.79,85.4,1.596,2925.505,551,6801.61,4495.68,80651.7,1085.77,79526.7,-1.39
ETH-USDT-SWAP,fade,1D,0.005,0.01,0.025,1,0.0,10.0,148.0,70173.95,47314.83,390,325,65,83.33,90.64,1.548,2580.809,551,3798.39,2466.48,72048.95,1796.83,70173.95,-2.6
ETH-USDT-SWAP,fade,1D,0.005,0.01,0.03,1,0.0,10.0,148.0,80267.2,54134.59,390,331,59,84.87,84.47,1.594,2952.796,551,3519.82,2278.26,82892.2,2255.01,80267.2,-3.17
ETH-USDT-SWAP,fade,1D,0.005,0.015,0.01,1,0.0,10.0,148.0,64.28,-56.57,390,200,190,51.28,92.37,0.954,-3.085,551,134.07,-9.42,83.67,-37.59,64.28,-23.17
ETH-USDT-SWAP,fade,1D,0.005,0.015,0.015,1,0.0,10.0,148.0,280.42,89.47,390,237,153,60.77,96.61,1.036,4.88,551,279.59,88.91,303.34,8.49,280.42,-7.55
ETH-USDT-SWAP,fade,1D,0.005,0.015,0.02,1,0.0,10.0,148.0,1968.95,1230.37,390,262,128,67.18,96.71,1.232,67.111,551,452.72,205.89,2267.43,400.85,1968.95,-13.16
ETH-USDT-SWAP,fade,1D,0.005,0.015,0.025,1,0.0,10.0,148.0,791.63,434.88,390,272,118,69.74,97.79,1.076,23.721,551,1161.24,684.62,974.59,-16.07,791.63,-18.77
ETH-USDT-SWAP,fade,1D,0.005,0.015,0.03,1,0.0,10.0,148.0,184.44,24.62,390,277,113,71.03,98.92,1.007,1.343,551,579.04,291.24,243.91,-57.88,184.44,-24.38
ETH-USDT-SWAP,fade,1D,0.005,0.02,0.01,1,0.0,10.0,148.0,0.03,-99.98,390,152,238,38.97,99.99,0.584,-5.454,551,3.57,-97.58,0.04,-99.0,0.03,-23.17
ETH-USDT-SWAP,fade,1D,0.005,0.02,0.015,1,0.0,10.0,148.0,0.04,-99.97,390,187,203,47.95,99.98,0.778,-5.453,551,11.37,-92.32,0.06,-99.48,0.04,-32.65
ETH-USDT-SWAP,fade,1D,0.005,0.02,0.02,1,0.0,10.0,148.0,0.19,-99.87,390,214,176,54.87,99.98,0.831,-5.447,551,22.92,-84.52,0.32,-98.59,0.19,-40.59
ETH-USDT-SWAP,fade,1D,0.005,0.02,0.025,1,0.0,10.0,148.0,0.11,-99.92,390,228,162,58.46,99.99,0.861,-5.45,551,93.0,-37.16,0.22,-99.77,0.11,-48.04
ETH-USDT-SWAP,fade,1D,0.005,0.02,0.03,1,0.0,10.0,148.0,0.02,-99.99,390,233,157,59.74,100.0,0.871,-5.454,551,42.82,-71.07,0.03,-99.93,0.02,-43.42
ETH-USDT-SWAP,fade,1D,0.005,0.03,0.01,1,0.0,10.0,148.0,0.0,-100.0,390,118,272,30.26,100.0,0.493,-5.455,551,0.13,-99.91,0.0,-99.95,0.0,-23.17
ETH-USDT-SWAP,fade,1D,0.005,0.03,0.015,1,0.0,10.0,148.0,0.0,-100.0,390,151,239,38.72,100.0,0.517,-5.455,551,0.09,-99.94,0.0,-99.97,0.0,-32.65
ETH-USDT-SWAP,fade,1D,0.005,0.03,0.02,1,0.0,10.0,148.0,0.0,-100.0,390,174,216,44.62,100.0,0.619,-5.455,551,0.05,-99.97,0.0,-99.98,0.0,-40.59
ETH-USDT-SWAP,fade,1D,0.005,0.03,0.025,1,0.0,10.0,148.0,0.0,-100.0,390,189,201,48.46,100.0,0.56,-5.455,551,0.12,-99.92,0.0,-99.99,0.0,-48.04
ETH-USDT-SWAP,fade,1D,0.005,0.03,0.03,1,0.0,10.0,148.0,0.0,-100.0,390,193,197,49.49,100.0,0.678,-5.455,551,0.06,-99.96,0.0,-100.0,0.0,-43.42
ETH-USDT-SWAP,fade,1D,0.007,0.006,0.01,1,0.0,10.0,148.0,23.14,-84.36,364,267,97,73.35,95.94,0.915,-4.602,551,255.94,72.93,24.31,-90.5,23.14,-4.82
ETH-USDT-SWAP,fade,1D,0.007,0.006,0.015,1,0.0,10.0,148.0,1087.2,634.59,364,309,55,84.89,85.52,1.127,34.614,551,1388.81,838.38,966.51,-30.41,1087.2,12.49
ETH-USDT-SWAP,fade,1D,0.007,0.006,0.02,1,0.0,10.0,148.0,4490.63,2934.21,364,325,39,89.29,89.15,1.31,160.048,551,1660.88,1022.21,3992.15,140.36,4490.63,12.49
ETH-USDT-SWAP,fade,1D,0.007,0.006,0.025,1,0.0,10.0,148.0,4899.31,3210.35,364,332,32,91.21,91.1,1.437,175.11,551,976.83,560.02,4355.47,345.88,4899.31,12.49
ETH-USDT-SWAP,fade,1D,0.007,0.006,0.03,1,0.0,10.0,148.0,16936.35,11343.48,364,339,25,93.13,86.42,1.664,618.735,551,1801.65,1117.33,15136.35,740.14,16936.35,11.89
ETH-USDT-SWAP,fade,1D,0.007,0.008,0.01,1,0.0,10.0,148.0,575.0,288.51,364,257,107,70.6,81.16,1.053,15.737,551,841.35,468.48,581.53,-30.88,575.0,-1.12
ETH-USDT-SWAP,fade,1D,0.007,0.008,0.015,1,0.0,10.0,148.0,27210.12,18285.22,364,297,67,81.59,77.61,1.334,997.375,551,5042.42,3307.04,24510.12,386.08,27210.12,11.02
ETH-USDT-SWAP,fade,1D,0.007,0.008,0.02,1,0.0,10.0,148.0,54490.39,36717.83,364,313,51,85.99,82.24,1.563,2002.791,551,5636.15,3708.21,51790.39,818.9,54490.39,5.21
ETH-USDT-SWAP,fade,1D,0.007,0.008,0.025,1,0.0,10.0,148.0,47849.57,32230.79,364,319,45,87.64,84.25,1.574,1758.043,551,2889.98,1852.69,45149.57,1462.28,47849.57,5.98
ETH-USDT-SWAP,fade,1D,0.007,0.008,0.03,1,0.0,10.0,148.0,59796.26,40302.88,364,325,39,89.29,72.69,1.6,2198.339,551,4800.29,3143.44,57096.26,1089.43,59796.26,4.73
ETH-USDT-SWAP,fade,1D,0.007,0.01,0.01,1,0.0,10.0,148.0,2074.97,1302.0,364,241,123,66.21,81.47,1.108,71.018,551,783.56,429.43,2021.53,157.99,2074.97,2.64
ETH-USDT-SWAP,fade,1D,0.007,0.01,0.015,1,0.0,10.0,148.0,58284.72,39281.57,364,281,83,77.2,80.83,1.463,2142.631,551,7370.1,4879.8,54729.72,642.59,58284.72,6.5
ETH-USDT-SWAP,fade,1D,0.007,0.01,0.02,1,0.0,10.0,148.0,69918.5,47142.23,364,296,68,81.32,85.55,1.557,2571.394,551,5910.15,3893.35,66363.5,1022.87,69918.5,5.36
ETH-USDT-SWAP,fade,1D,0.007,0.01,0.025,1,0.0,10.0,148.0,60201.47,40576.67,364,302,62,82.97,88.32,1.55,2213.273,551,2164.12,1362.25,56646.47,2517.52,60201.47,6.28
ETH-USDT-SWAP,fade,1D,0.007,0.01,0.03,1,0.0,10.0,148.0,79752.11,53786.56,364,310,54,85.16,72.83,1.592,2933.813,551,4474.7,2923.45,76197.11,1602.84,79752.11,4.67
ETH-USDT-SWAP,fade,1D,0.007,0.015,0.01,1,0.0,10.0,148.0,391.46,164.5,364,193,171,53.02,88.68,1.032,8.973,551,325.42,119.88,499.59,53.52,391.46,-21.64
ETH-USDT-SWAP,fade,1D,0.007,0.015,0.015,1,0.0,10.0,148.0,2053.59,1287.56,364,226,138,62.09,90.12,1.113,70.231,551,559.86,278.28,2178.05,289.04,2053.59,-5.71
ETH-USDT-SWAP,fade,1D,0.007,0.015,0.02,1,0.0,10.0,148.0,5024.24,3294.76,364,245,119,67.31,83.06,1.184,179.714,551,348.49,135.47,5672.97,1527.86,5024.24,-11.44
ETH-USDT-SWAP,fade,1D,0.007,0.015,0.025,1,0.0,10.0,148.0,474.93,220.9,364,251,113,68.96,94.94,1.037,12.049,551,217.2,46.76,573.29,163.95,474.93,-17.16
ETH-USDT-SWAP,fade,1D,0.007,0.015,0.03,1,0.0,10.0,148.0,917.16,519.7,364,259,105,71.15,98.01,1.048,28.347,551,342.9,131.69,1189.23,246.82,917.16,-22.88
ETH-USDT-SWAP,fade,1D,0.007,0.02,0.01,1,0.0,10.0,148.0,0.03,-99.98,364,137,227,37.64,99.99,0.749,-5.453,551,8.92,-93.97,0.04,-99.59,0.03,-21.64
ETH-USDT-SWAP,fade,1D,0.007,0.02,0.015,1,0.0,10.0,148.0,0.03,-99.98,364,171,193,46.98,99.99,0.822,-5.453,551,18.5,-87.5,0.04,-99.76,0.03,-31.31
ETH-USDT-SWAP,fade,1D,0.007,0.02,0.02,1,0.0,10.0,148.0,0.14,-99.91,364,196,168,53.85,99.97,0.788,-5.449,551,21.07,-85.76,0.23,-98.91,0.14,-39.41
ETH-USDT-SWAP,fade,1D,0.007,0.02,0.025,1,0.0,10.0,148.0,0.01,-99.99,364,205,159,56.32,100.0,0.81,-5.454,551,34.57,-76.64,0.02,-99.94,0.01,-36.53
ETH-USDT-SWAP,fade,1D,0.007,0.02,0.03,1,0.0,10.0,148.0,0.01,-99.99,364,211,153,57.97,100.0,0.829,-5.454,551,28.21,-80.94,0.02,-99.94,0.01,-40.92
ETH-USDT-SWAP,fade,1D,0.007,0.03,0.01,1,0.0,10.0,148.0,0.0,-100.0,364,111,253,30.49,100.0,0.548,-5.455,551,0.6,-99.59,0.0,-99.92,0.0,-21.64
ETH-USDT-SWAP,fade,1D,0.007,0.03,0.015,1,0.0,10.0,148.0,0.0,-100.0,364,142,222,39.01,100.0,0.65,-5.455,551,0.74,-99.5,0.0,-99.98,0.0,-31.31
ETH-USDT-SWAP,fade,1D,0.007,0.03,0.02,1,0.0,10.0,148.0,0.0,-100.0,364,164,200,45.05,100.0,0.557,-5.455,551,0.51,-99.66,0.0,-99.98,0.0,-39.41
ETH-USDT-SWAP,fade,1D,0.007,0.03,0.025,1,0.0,10.0,148.0,0.0,-100.0,364,176,188,48.35,100.0,0.527,-5.455,551,0.66,-99.56,0.0,-100.0,0.0,-36.53
ETH-USDT-SWAP,fade,1D,0.007,0.03,0.03,1,0.0,10.0,148.0,0.0,-100.0,364,180,184,49.45,100.0,0.626,-5.455,551,0.33,-99.78,0.0,-100.0,0.0,-40.92
ETH-USDT-SWAP,fade,1D,0.01,0.006,0.01,1,0.0,10.0,148.0,62.8,-57.57,333,250,83,75.08,84.57,0.941,-3.14,551,232.96,57.4,66.21,-71.58,62.8,-5.14
ETH-USDT-SWAP,fade,1D,0.01,0.006,0.015,1,0.0,10.0,148.0,569.7,284.93,333,281,52,84.38,84.36,1.072,15.542,551,1224.55,727.4,636.9,-47.99,569.7,-10.55
ETH-USDT-SWAP,fade,1D,0.01,0.006,0.02,1,0.0,10.0,148.0,1089.58,636.2,333,294,39,88.29,83.76,1.136,34.702,551,697.03,370.96,1296.49,86.0,1089.58,-15.96
ETH-USDT-SWAP,fade,1D,0.01,0.006,0.025,1,0.0,10.0,148.0,2988.62,1919.34,333,303,30,90.99,75.79,1.282,104.691,551,1037.22,600.82,2664.56,156.9,2988.62,12.16
ETH-USDT-SWAP,fade,1D,0.01,0.006,0.03,1,0.0,10.0,148.0,2401.78,1522.83,333,307,26,92.19,79.88,1.398,83.063,551,677.0,357.43,2141.35,216.3,2401.78,12.16
ETH-USDT-SWAP,fade,1D,0.01,0.008,0.01,1,0.0,10.0,148.0,1433.83,868.8,333,241,92,72.37,73.33,1.101,47.389,551,1104.91,646.56,1455.08,31.69,1433.83,-1.46
ETH-USDT-SWAP,fade,1D,0.01,0.008,0.015,1,0.0,10.0,148.0,24766.74,16634.28,333,273,60,81.98,67.38,1.327,907.325,551,6682.4,4415.14,25561.74,282.52,24766.74,-3.11
ETH-USDT-SWAP,fade,1D,0.01,0.008,0.02,1,0.0,10.0,148.0,28622.84,19239.75,333,284,49,85.29,83.55,1.398,1049.441,551,3803.69,2470.06,30167.84,693.12,28622.84,-5.12
ETH-USDT-SWAP,fade,1D,0.01,0.008,0.025,1,0.0,10.0,148.0,41856.89,28181.68,333,292,41,87.69,75.7,1.426,1537.183,551,5879.91,3872.91,44151.89,650.89,41856.89,-5.2
ETH-USDT-SWAP,fade,1D,0.01,0.008,0.03,1,0.0,10.0,148.0,34168.32,22986.7,333,297,36,89.19,86.21,1.539,1253.82,551,3837.87,2493.16,37213.32,869.63,34168.32,-8.18
ETH-USDT-SWAP,fade,1D,0.01,0.01,0.01,1,0.0,10.0,148.0,11190.91,7461.43,333,230,103,69.07,70.05,1.195,406.987,551,2951.18,1894.04,10940.03,270.7,11190.91,2.29
ETH-USDT-SWAP,fade,1D,0.01,0.01,0.015,1,0.0,10.0,148.0,73982.1,49887.9,333,263,70,78.98,53.84,1.498,2721.158,551,16972.56,11367.95,74177.1,337.04,73982.1,-0.26
ETH-USDT-SWAP,fade,1D,0.01,0.01,0.02,1,0.0,10.0,148.0,66087.0,44553.38,333,273,60,81.98,74.96,1.484,2430.184,551,8372.78,5557.29,67032.0,700.59,66087.0,-1.41
ETH-USDT-SWAP,fade,1D,0.01,0.01,0.025,1,0.0,10.0,148.0,87717.02,59168.26,333,281,52,84.38,54.43,1.567,3227.36,551,15098.0,10101.35,89412.02,492.21,87717.02,-1.9
ETH-USDT-SWAP,fade,1D,0.01,0.01,0.03,1,0.0,10.0,148.0,67879.33,45764.41,333,285,48,85.59,70.65,1.498,2496.241,551,8674.01,5760.82,70324.33,710.75,67879.33,-3.48
ETH-USDT-SWAP,fade,1D,0.01,0.015,0.01,1,0.0,10.0,148.0,1258.16,750.11,333,182,151,54.65,80.13,1.111,40.915,551,465.45,214.49,1132.52,143.32,1258.16,11.09
ETH-USDT-SWAP,fade,1D,0.01,0.015,0.015,1,0.0,10.0,148.0,20036.44,13438.14,333,216,117,64.86,76.1,1.192,732.989,551,3253.03,2097.99,18866.44,479.97,20036.44,6.2
ETH-USDT-SWAP,fade,1D,0.01,0.015,0.02,1,0.0,10.0,148.0,2791.25,1785.98,333,226,107,67.87,83.18,1.097,97.417,551,1007.99,581.08,2835.88,181.34,2791.25,-1.57
ETH-USDT-SWAP,fade,1D,0.01,0.015,0.025,1,0.0,10.0,148.0,2409.35,1527.94,333,234,99,70.27,93.97,1.045,83.342,551,1539.67,940.31,2616.23,69.92,2409.35,-7.91
ETH-USDT-SWAP,fade,1D,0.01,0.015,0.03,1,0.0,10.0,148.0,368.24,148.81,333,237,96,71.17,97.39,1.014,8.117,551,708.03,378.4,429.39,-39.35,368.24,-14.24
ETH-USDT-SWAP,fade,1D,0.01,0.02,0.01,1,0.0,10.0,148.0,16.49,-88.86,333,145,188,43.54,94.3,0.924,-4.847,551,112.09,-24.26,15.29,-86.36,16.49,7.85
ETH-USDT-SWAP,fade,1D,0.01,0.02,0.015,1,0.0,10.0,148.0,87.8,-40.67,333,178,155,53.45,90.81,0.989,-2.219,551,325.17,119.71,86.33,-73.45,87.8,1.71
ETH-USDT-SWAP,fade,1D,0.01,0.02,0.02,1,0.0,10.0,148.0,24.7,-83.31,333,193,140,57.96,98.76,0.981,-4.544,551,516.41,248.93,25.85,-94.99,24.7,-4.44
ETH-USDT-SWAP,fade,1D,0.01,0.02,0.025,1,0.0,10.0,148.0,5.36,-96.38,333,199,134,59.76,99.66,0.973,-5.257,551,348.61,135.55,6.0,-98.28,5.36,-10.59
ETH-USDT-SWAP,fade,1D,0.01,0.02,0.03,1,0.0,10.0,148.0,0.8,-99.46,333,203,130,60.96,99.9,0.922,-5.425,551,111.69,-24.53,0.96,-99.14,0.8,-16.74
ETH-USDT-SWAP,fade,1D,0.01,0.03,0.01,1,0.0,10.0,148.0,0.0,-100.0,333,105,228,31.53,100.0,0.572,-5.454,551,8.58,-94.2,0.01,-99.94,0.0,-20.19
ETH-USDT-SWAP,fade,1D,0.01,0.03,0.015,1,0.0,10.0,148.0,0.01,-99.99,333,138,195,41.44,100.0,0.683,-5.454,551,11.33,-92.34,0.01,-99.89,0.01,-29.06
ETH-USDT-SWAP,fade,1D,0.01,0.03,0.02,1,0.0,10.0,148.0,0.01,-100.0,333,157,176,47.15,100.0,0.711,-5.454,551,28.32,-80.87,0.01,-99.97,0.01,-37.41
ETH-USDT-SWAP,fade,1D,0.01,0.03,0.025,1,0.0,10.0,148.0,0.0,-100.0,333,162,171,48.65,100.0,0.717,-5.455,551,11.07,-92.52,0.0,-100.0,0.0,-32.14
ETH-USDT-SWAP,fade,1D,0.01,0.03,0.03,1,0.0,10.0,148.0,0.0,-100.0,333,165,168,49.55,100.0,0.64,-5.455,551,3.88,-97.38,0.0,-100.0,0.0,-36.8
SOL-USDT-SWAP,reversal,4H,0.001,0.006,0.01,1,0.0,10.0,148.0,0.0,-100.0,2041,1415,626,69.33,100.0,0.919,-5.474,3289,56.1,-62.1,0.01,-99.99,0.0,-2.7
SOL-USDT-SWAP,reversal,4H,0.001,0.006,0.015,1,0.0,10.0,148.0,10.52,-92.89,2041,1524,517,74.67,98.86,0.965,-5.085,3289,116.54,-21.26,10.35,-91.12,10.52,1.65
SOL-USDT-SWAP,reversal,4H,0.001,0.006,0.02,1,0.0,10.0,148.0,191.16,29.16,2041,1562,479,76.53,96.98,1.001,1.596,3289,994.7,572.1,188.06,-81.09,191.16,1.65
SOL-USDT-SWAP,reversal,4H,0.001,0.006,0.025,1,0.0,10.0,148.0,52193.05,35165.58,2041,1579,462,77.36,91.76,1.099,1925.123,3289,3331.84,2151.24,51638.63,1449.85,52193.05,1.07
SOL-USDT-SWAP,reversal,4H,0.001,0.006,0.03,1,0.0,10.0,148.0,41123.33,27686.04,2041,1585,456,77.66,93.32,1.076,1515.659,3289,5338.64,3507.19,40568.91,659.91,41123.33,1.37
SOL-USDT-SWAP,reversal,4H,0.001,0.008,0.01,1,0.0,10.0,148.0,0.0,-100.0,2041,1186,855,58.11,100.0,0.906,-5.474,3289,2.82,-98.1,0.0,-100.0,0.0,-13.56
SOL-USDT-SWAP,reversal,4H,0.001,0.008,0.015,1,0.0,10.0,148.0,0.0,-100.0,2041,1290,751,63.2,100.0,0.948,-5.474,3289,5.66,-96.18,0.0,-100.0,0.0,-14.85
SOL-USDT-SWAP,reversal,4H,0.001,0.008,0.02,1,0.0,10.0,148.0,0.0,-100.0,2041,1331,710,65.21,100.0,0.986,-5.474,3289,51.41,-65.26,0.0,-100.0,0.0,-19.99
SOL-USDT-SWAP,reversal,4H,0.001,0.008,0.025,1,0.0,10.0,148.0,0.0,-100.0,2041,1348,693,66.05,100.0,0.993,-5.474,3289,143.75,-2.87,0.0,-100.0,0.0,-11.96
SOL-USDT-SWAP,reversal,4H,0.001,0.008,0.03,1,0.0,10.0,148.0,0.0,-100.0,2041,1354,687,66.34,100.0,0.994,-5.474,3289,133.2,-10.0,0.0,-100.0,0.0,-11.96
SOL-USDT-SWAP,reversal,4H,0.001,0.01,0.01,1,0.0,10.0,148.0,0.0,-100.0,2041,1021,1020,50.02,100.0,0.756,-5.474,3289,0.03,-99.98,0.0,-100.0,0.0,-24.16
SOL-USDT-SWAP,reversal,4H,0.001,0.01,0.015,1,0.0,10.0,148.0,0.0,-100.0,2041,1115,926,54.63,100.0,0.766,-5.474,3289,0.01,-99.99,0.0,-100.0,0.0,-29.55
SOL-USDT-SWAP,reversal,4H,0.001,0.01,0.02,1,0.0,10.0,148.0,0.0,-100.0,2041,1161,880,56.88,100.0,0.92,-5.474,3289,0.2,-99.87,0.0,-100.0,0.0,-33.1
SOL-USDT-SWAP,reversal,4H,0.001,0.01,0.025,1,0.0,10.0,148.0,0.0,-100.0,2041,1181,860,57.86,100.0,0.97,-5.474,3289,1.06,-99.28,0.0,-100.0,0.0,-26.38
SOL-USDT-SWAP,reversal,4H,0.001,0.01,0.03,1,0.0,10.0,148.0,0.0,-100.0,2041,1187,854,58.16,100.0,0.966,-5.474,3289,1.26,-99.15,0.0,-100.0,0.0,-26.38
SOL-USDT-SWAP,reversal,4H,0.001,0.015,0.01,1,0.0,10.0,148.0,0.0,-100.0,2041,844,1197,41.35,100.0,0.725,-5.474,3289,0.0,-100.0,0.0,-100.0,0.0,-40.3
SOL-USDT-SWAP,reversal,4H,0.001,0.015,0.015,1,0.0,10.0,148.0,0.0,-100.0,2041,923,1118,45.22,100.0,0.713,-5.474,3289,0.0,-100.0,0.0,-100.0,0.0,-47.71
SOL-USDT-SWAP,reversal,4H,0.001,0.015,0.02,1,0.0,10.0,148.0,0.0,-100.0,2041,970,1071,47.53,100.0,0.813,-5.474,3289,0.01,-99.99,0.0,-100.0,0.0,-48.43
SOL-USDT-SWAP,reversal,4H,0.001,0.015,0.025,1,0.0,10.0,148.0,0.0,-100.0,2041,991,1050,48.55,100.0,0.862,-5.474,3289,0.01,-99.99,0.0,-100.0,0.0,-43.25
SOL-USDT-SWAP,reversal,4H,0.001,0.015,0.03,1,0.0,10.0,148.0,0.0,-100.0,2041,997,1044,48.85,100.0,0.88,-5.474,3289,0.03,-99.98,0.0,-100.0,0.0,-43.25
SOL-USDT-SWAP,reversal,4H,0.001,0.02,0.01,1,0.0,10.0,148.0,0.0,-100.0,2041,772,1269,37.82,100.0,0.728,-5.474,3289,0.0,-100.0,0.0,-100.0,0.0,-40.76
SOL-USDT-SWAP,reversal,4H,0.001,0.02,0.015,1,0.0,10.0,148.0,0.0,-100.0,2041,842,1199,41.25,100.0,0.714,-5.474,3289,0.0,-100.0,0.0,-100.0,0.0,-48.11
SOL-USDT-SWAP,reversal,4H,0.001,0.02,0.02,1,0.0,10.0,148.0,0.0,-100.0,2041,886,1155,43.41,100.0,0.726,-5.474,3289,0.0,-100.0,0.0,-100.0,0.0,-48.82
SOL-USDT-SWAP,reversal,4H,0.001,0.02,0.025,1,0.0,10.0,148.0,0.0,-100.0,2041,904,1137,44.29,100.0,0.731,-5.474,3289,0.0,-100.0,0.0,-100.0,0.0,-43.68
SOL-USDT-SWAP,reversal,4H,0.001,0.02,0.03,1,0.0,10.0,148.0,0.0,-100.0,2041,910,1131,44.59,100.0,0.789,-5.474,3289,0.0,-100.0,0.0,-100.0,0.0,-43.68
SOL-USDT-SWAP,reversal,4H,0.001,0.03,0.01,1,0.0,10.0,148.0,0.0,-100.0,2041,735,1306,36.01,100.0,0.603,-5.474,3289,0.0,-100.0,0.0,-100.0,0.0,-40.76
SOL-USDT-SWAP,reversal,4H,0.001,0.03,0.015,1,0.0,10.0,148.0,0.0,-100.0,2041,801,1240,39.25,100.0,0.631,-5.474,3289,0.0,-100.0,0.0,-100.0,0.0,-48.11
SOL-USDT-SWAP,reversal,4H,0.001,0.03,0.02,1,0.0,10.0,148.0,0.0,-100.0,2041,846,1195,41.45,100.0,0.647,-5.474,3289,0.0,-100.0,0.0,-100.0,0.0,-48.82
SOL-USDT-SWAP,reversal,4H,0.001,0.03,0.025,1,0.0,10.0,148.0,0.0,-100.0,2041,862,1179,42.23,100.0,0.667,-5.474,3289,0.0,-100.0,0.0,-100.0,0.0,-43.68
SOL-USDT-SWAP,reversal,4H,0.001,0.03,0.03,1,0.0,10.0,148.0,0.0,-100.0,2041,868,1173,42.53,100.0,0.744,-5.474,3289,0.0,-100.0,0.0,-100.0,0.0,-43.68
SOL-USDT-SWAP,reversal,4H,0.002,0.006,0.01,1,0.0,10.0,148.0,14.79,-90.01,1901,1371,530,72.12,95.85,0.964,-4.927,3289,184.0,24.33,13.17,-92.84,14.79,12.28
SOL-USDT-SWAP,reversal,4H,0.002,0.006,0.015,1,0.0,10.0,148.0,70676.7,47654.53,1901,1479,422,77.8,79.09,1.246,2608.825,3289,1065.8,620.14,68242.92,6302.98,70676.7,3.57
SOL-USDT-SWAP,reversal,4H,0.002,0.006,0.02,1,0.0,10.0,148.0,161669.58,109136.2,1901,1518,383,79.85,83.36,1.38,5974.61,3289,5877.38,3871.2,159235.8,2609.3,161669.58,1.53
SOL-USDT-SWAP,reversal,4H,0.002,0.006,0.025,1,0.0,10.0,148.0,190568.92,128662.78,1901,1530,371,80.48,78.63,1.386,7043.583,3289,22576.18,15154.18,188135.14,733.33,190568.92,1.29
SOL-USDT-SWAP,reversal,4H,0.002,0.006,0.03,1,0.0,10.0,148.0,199523.91,134713.45,1901,1538,363,80.9,83.79,1.401,7374.824,3289,27900.37,18751.6,197090.13,606.41,199523.91,1.23
SOL-USDT-SWAP,reversal,4H,0.002,0.008,0.01,1,0.0,10.0,148.0,0.0,-100.0,1901,1146,755,60.28,100.0,0.914,-5.474,3289,17.77,-88.0,0.0,-100.0,0.0,-7.26
SOL-USDT-SWAP,reversal,4H,0.002,0.008,0.015,1,0.0,10.0,148.0,0.21,-99.86,1901,1251,650,65.81,99.98,0.976,-5.467,3289,92.36,-37.6,0.24,-99.74,0.21,-9.86
SOL-USDT-SWAP,reversal,4H,0.002,0.008,0.02,1,0.0,10.0,148.0,19.56,-86.78,1901,1294,607,68.07,99.45,0.997,-4.751,3289,639.98,332.42,20.74,-96.76,19.56,-5.7
SOL-USDT-SWAP,reversal,4H,0.002,0.008,0.025,1,0.0,10.0,148.0,20.23,-86.33,1901,1304,597,68.6,99.81,0.999,-4.726,3289,1583.65,970.03,21.45,-98.65,20.23,-5.7
SOL-USDT-SWAP,reversal,4H,0.002,0.008,0.03,1,0.0,10.0,148.0,10.33,-93.02,1901,1311,590,68.96,99.93,0.999,-5.092,3289,1780.42,1102.99,10.95,-99.38,10.33,-5.7
SOL-USDT-SWAP,reversal,4H,0.002,0.01,0.01,1,0.0,10.0,148.0,0.0,-100.0,1901,981,920,51.6,100.0,0.909,-5.474,3289,1.29,-99.13,0.0,-100.0,0.0,-24.67
SOL-USDT-SWAP,reversal,4H,0.002,0.01,0.015,1,0.0,10.0,148.0,0.0,-100.0,1901,1075,826,56.55,100.0,0.952,-5.474,3289,3.58,-97.58,0.0,-100.0,0.0,-30.96
SOL-USDT-SWAP,reversal,4H,0.002,0.01,0.02,1,0.0,10.0,148.0,0.0,-100.0,1901,1119,782,58.86,100.0,0.984,-5.474,3289,20.22,-86.34,0.0,-100.0,0.0,-26.11
SOL-USDT-SWAP,reversal,4H,0.002,0.01,0.025,1,0.0,10.0,148.0,0.0,-100.0,1901,1129,772,59.39,100.0,0.994,-5.474,3289,78.88,-46.7,0.0,-100.0,0.0,-26.11
SOL-USDT-SWAP,reversal,4H,0.002,0.01,0.03,1,0.0,10.0,148.0,0.0,-100.0,1901,1136,765,59.76,100.0,0.996,-5.474,3289,119.16,-19.49,0.0,-100.0,0.0,-26.11
SOL-USDT-SWAP,reversal,4H,0.002,0.015,0.01,1,0.0,10.0,148.0,0.0,-100.0,1901,798,1103,41.98,100.0,0.683,-5.474,3289,0.0,-100.0,0.0,-100.0,0.0,-29.51
SOL-USDT-SWAP,reversal,4H,0.002,0.015,0.015,1,0.0,10.0,148.0,0.0,-100.0,1901,878,1023,46.19,100.0,0.759,-5.474,3289,0.01,-100.0,0.0,-100.0,0.0,-35.39
SOL-USDT-SWAP,reversal,4H,0.002,0.015,0.02,1,0.0,10.0,148.0,0.0,-100.0,1901,929,972,48.87,100.0,0.915,-5.474,3289,0.06,-99.96,0.0,-100.0,0.0,-30.86
SOL-USDT-SWAP,reversal,4H,0.002,0.015,0.025,1,0.0,10.0,148.0,0.0,-100.0,1901,940,961,49.45,100.0,0.942,-5.474,3289,0.19,-99.87,0.0,-100.0,0.0,-30.86
SOL-USDT-SWAP,reversal,4H,0.002,0.015,0.03,1,0.0,10.0,148.0,0.0,-100.0,1901,946,955,49.76,100.0,0.933,-5.474,3289,0.14,-99.91,0.0,-100.0,0.0,-30.86
SOL-USDT-SWAP,reversal,4H,0.002,0.02,0.01,1,0.0,10.0,148.0,0.0,-100.0,1901,722,1179,37.98,100.0,0.713,-5.474,3289,0.0,-100.0,0.0,-100.0,0.0,-45.3
SOL-USDT-SWAP,reversal,4H,0.002,0.02,0.015,1,0.0,10.0,148.0,0.0,-100.0,1901,795,1106,41.82,100.0,0.735,-5.474,3289,0.0,-100.0,0.0,-100.0,0.0,-52.72
SOL-USDT-SWAP,reversal,4H,0.002,0.02,0.02,1,0.0,10.0,148.0,0.0,-100.0,1901,841,1060,44.24,100.0,0.756,-5.474,3289,0.0,-100.0,0.0,-100.0,0.0,-46.83
SOL-USDT-SWAP,reversal,4H,0.002,0.02,0.025,1,0.0,10.0,148.0,0.0,-100.0,1901,851,1050,44.77,100.0,0.803,-5.474,3289,0.0,-100.0,0.0,-100.0,0.0,-46.83
SOL-USDT-SWAP,reversal,4H,0.002,0.02,0.03,1,0.0,10.0,148.0,0.0,-100.0,1901,859,1042,45.19,100.0,0.823,-5.474,3289,0.0,-100.0,0.0,-100.0,0.0,-46.83
SOL-USDT-SWAP,reversal,4H,0.002,0.03,0.01,1,0.0,10.0,148.0,0.0,-100.0,1901,688,1213,36.19,100.0,0.684,-5.474,3289,0.0,-100.0,0.0,-100.0,0.0,-45.3
SOL-USDT-SWAP,reversal,4H,0.002,0.03,0.015,1,0.0,10.0,148.0,0.0,-100.0,1901,755,1146,39.72,100.0,0.722,-5.474,3289,0.0,-100.0,0.0,-100.0,0.0,-52.72
SOL-USDT-SWAP,reversal,4H,0.002,0.03,0.02,1,0.0,10.0,148.0,0.0,-100.0,1901,799,1102,42.03,100.0,0.737,-5.474,3289,0.0,-100.0,0.0,-100.0,0.0,-46.83
SOL-USDT-SWAP,reversal,4H,0.002,0.03,0.025,1,0.0,10.0,148.0,0.0,-100.0,1901,808,1093,42.5,100.0,0.79,-5.474,3289,0.0,-100.0,0.0,-100.0,0.0,-46.83
SOL-USDT-SWAP,reversal,4H,0.002,0.03,0.03,1,0.0,10.0,148.0,0.0,-100.0,1901,815,1086,42.87,100.0,0.813,-5.474,3289,0.0,-100.0,0.0,-100.0,0.0,-46.83
SOL-USDT-SWAP,reversal,4H,0.003,0.006,0.01,1,0.0,10.0,148.0,6342.95,4185.78,1779,1321,458,74.26,78.09,1.127,229.148,3289,387.5,161.82,5653.74,1359.04,6342.95,12.19
SOL-USDT-SWAP,reversal,4H,0.003,0.006,0.015,1,0.0,10.0,148.0,224892.12,151854.14,1779,1433,346,80.55,65.22,1.615,8313.183,3289,16351.48,10948.3,222219.9,1259.02,224892.12,1.2
SOL-USDT-SWAP,reversal,4H,0.003,0.006,0.02,1,0.0,10.0,148.0,294186.77,198674.84,1779,1467,312,82.46,71.68,1.76,10876.36,3289,48163.7,32443.04,291514.54,505.26,294186.77,0.92
SOL-USDT-SWAP,reversal,4H,0.003,0.006,0.025,1,0.0,10.0,148.0,325359.51,219737.5,1779,1480,299,83.19,71.25,1.837,12029.425,3289,59169.37,39879.3,322687.28,445.36,325359.51,0.83
SOL-USDT-SWAP,reversal,4H,0.003,0.006,0.03,1,0.0,10.0,148.0,341696.6,230776.08,1779,1487,292,83.59,76.25,1.879,12633.727,3289,69255.59,46694.32,339024.38,389.53,341696.6,0.79
SOL-USDT-SWAP,reversal,4H,0.003,0.008,0.01,1,0.0,10.0,148.0,3.94,-97.34,1779,1122,657,63.07,99.71,0.962,-5.329,3289,110.02,-25.66,4.28,-96.11,3.94,-7.92
SOL-USDT-SWAP,reversal,4H,0.003,0.008,0.015,1,0.0,10.0,148.0,8413.51,5584.81,1779,1217,562,68.41,93.66,1.065,305.738,3289,1072.39,624.59,8747.25,715.68,8413.51,-3.82
SOL-USDT-SWAP,reversal,4H,0.003,0.008,0.02,1,0.0,10.0,148.0,148854.04,100477.06,1779,1257,522,70.66,93.46,1.229,5500.569,3289,17272.74,11570.77,149063.19,763.0,148854.04,-0.14
SOL-USDT-SWAP,reversal,4H,0.003,0.008,0.025,1,0.0,10.0,148.0,201088.89,135770.87,1779,1269,510,71.33,86.03,1.28,7432.712,3289,46539.76,31345.79,201298.04,332.53,201088.89,-0.1
SOL-USDT-SWAP,reversal,4H,0.003,0.008,0.03,1,0.0,10.0,148.0,207057.53,139803.74,1779,1275,504,71.67,85.97,1.279,7653.489,3289,58587.4,39486.08,207266.68,253.77,207057.53,-0.1
SOL-USDT-SWAP,reversal,4H,0.003,0.01,0.01,1,0.0,10.0,148.0,0.0,-100.0,1779,949,830,53.34,100.0,0.917,-5.474,3289,3.15,-97.87,0.0,-100.0,0.0,-18.13
SOL-USDT-SWAP,reversal,4H,0.003,0.01,0.015,1,0.0,10.0,148.0,0.0,-100.0,1779,1042,737,58.57,100.0,0.966,-5.474,3289,38.85,-73.75,0.0,-99.99,0.0,-19.35
SOL-USDT-SWAP,reversal,4H,0.003,0.01,0.02,1,0.0,10.0,148.0,0.06,-99.96,1779,1081,698,60.76,100.0,0.996,-5.472,3289,443.67,199.78,0.07,-99.98,0.06,-14.65
SOL-USDT-SWAP,reversal,4H,0.003,0.01,0.025,1,0.0,10.0,148.0,0.15,-99.9,1779,1093,686,61.44,100.0,0.998,-5.469,3289,1201.01,711.49,0.17,-99.99,0.15,-14.65
SOL-USDT-SWAP,reversal,4H,0.003,0.01,0.03,1,0.0,10.0,148.0,0.13,-99.91,1779,1099,680,61.78,100.0,0.999,-5.47,3289,2484.41,1578.65,0.15,-99.99,0.13,-14.65
SOL-USDT-SWAP,reversal,4H,0.003,0.015,0.01,1,0.0,10.0,148.0,0.0,-100.0,1779,762,1017,42.83,100.0,0.676,-5.474,3289,0.01,-100.0,0.0,-100.0,0.0,-39.35
SOL-USDT-SWAP,reversal,4H,0.003,0.015,0.015,1,0.0,10.0,148.0,0.0,-100.0,1779,842,937,47.33,100.0,0.746,-5.474,3289,0.03,-99.98,0.0,-100.0,0.0,-43.66
SOL-USDT-SWAP,reversal,4H,0.003,0.015,0.02,1,0.0,10.0,148.0,0.0,-100.0,1779,883,896,49.63,100.0,0.945,-5.474,3289,0.52,-99.65,0.0,-100.0,0.0,-38.28
SOL-USDT-SWAP,reversal,4H,0.003,0.015,0.025,1,0.0,10.0,148.0,0.0,-100.0,1779,896,883,50.37,100.0,0.975,-5.474,3289,4.47,-96.98,0.0,-100.0,0.0,-38.28
SOL-USDT-SWAP,reversal,4H,0.003,0.015,0.03,1,0.0,10.0,148.0,0.0,-100.0,1779,899,880,50.53,100.0,0.972,-5.474,3289,2.21,-98.51,0.0,-100.0,0.0,-38.28
SOL-USDT-SWAP,reversal,4H,0.003,0.02,0.01,1,0.0,10.0,148.0,0.0,-100.0,1779,690,1089,38.79,100.0,0.639,-5.474,3289,0.0,-100.0,0.0,-100.0,0.0,-39.35
SOL-USDT-SWAP,reversal,4H,0.003,0.02,0.015,1,0.0,10.0,148.0,0.0,-100.0,1779,761,1018,42.78,100.0,0.686,-5.474,3289,0.0,-100.0,0.0,-100.0,0.0,-43.66
SOL-USDT-SWAP,reversal,4H,0.003,0.02,0.02,1,0.0,10.0,148.0,0.0,-100.0,1779,799,980,44.91,100.0,0.808,-5.474,3289,0.0,-100.0,0.0,-100.0,0.0,-38.28
SOL-USDT-SWAP,reversal,4H,0.003,0.02,0.025,1,0.0,10.0,148.0,0.0,-100.0,1779,811,968,45.59,100.0,0.856,-5.474,3289,0.01,-99.99,0.0,-100.0,0.0,-38.28
SOL-USDT-SWAP,reversal,4H,0.003,0.02,0.03,1,0.0,10.0,148.0,0.0,-100.0,1779,815,964,45.81,100.0,0.849,-5.474,3289,0.01,-99.99,0.0,-100.0,0.0,-38.28
SOL-USDT-SWAP,reversal,4H,0.003,0.03,0.01,1,0.0,10.0,148.0,0.0,-100.0,1779,652,1127,36.65,100.0,0.664,-5.474,3289,0.0,-100.0,0.0,-100.0,0.0,-39.35
SOL-USDT-SWAP,reversal,4H,0.003,0.03,0.015,1,0.0,10.0,148.0,0.0,-100.0,1779,721,1058,40.53,100.0,0.705,-5.474,3289,0.0,-100.0,0.0,-100.0,0.0,-43.66
SOL-USDT-SWAP,reversal,4H,0.003,0.03,0.02,1,0.0,10.0,148.0,0.0,-100.0,1779,756,1023,42.5,100.0,0.813,-5.474,3289,0.0,-100.0,0.0,-100.0,0.0,-38.28
SOL-USDT-SWAP,reversal,4H,0.003,0.03,0.025,1,0.0,10.0,148.0,0.0,-100.0,1779,766,1013,43.06,100.0,0.873,-5.474,3289,0.0,-100.0,0.0,-100.0,0.0,-38.28
SOL-USDT-SWAP,reversal,4H,0.003,0.03,0.03,1,0.0,10.0,148.0,0.0,-100.0,1779,770,1009,43.28,100.0,0.853,-5.474,3289,0.0,-100.0,0.0,-100.0,0.0,-38.28
SOL-USDT-SWAP,reversal,4H,0.005,0.006,0.01,1,0.0,10.0,148.0,57840.18,38981.2,1499,1144,355,76.32,78.43,1.387,2134.007,3289,2494.86,1585.72,55484.68,2123.96,57840.18,4.25
SOL-USDT-SWAP,reversal,4H,0.005,0.006,0.015,1,0.0,10.0,148.0,262871.87,177516.13,1499,1245,254,83.06,50.29,1.78,9718.036,3289,60591.36,40840.11,260516.38,329.96,262871.87,0.9
SOL-USDT-SWAP,reversal,4H,0.005,0.006,0.02,1,0.0,10.0,148.0,336318.4,227142.16,1499,1277,222,85.19,25.98,2.016,12434.79,3289,103307.03,69702.05,333962.91,223.27,336318.4,0.71
SOL-USDT-SWAP,reversal,4H,0.005,0.006,0.025,1,0.0,10.0,148.0,361643.05,244253.41,1499,1288,211,85.92,27.3,2.158,13371.537,3289,107674.22,72652.85,359287.55,233.68,361643.05,0.66
SOL-USDT-SWAP,reversal,4H,0.005,0.006,0.03,1,0.0,10.0,148.0,385782.24,260563.68,1499,1295,204,86.39,32.3,2.289,14264.435,3289,122375.1,82585.88,383426.75,213.32,385782.24,0.61
SOL-USDT-SWAP,reversal,4H,0.005,0.008,0.01,1,0.0,10.0,148.0,57598.15,38817.67,1499,1008,491,67.24,85.34,1.259,2125.055,3289,2483.34,1577.93,56341.38,2168.78,57598.15,2.23
SOL-USDT-SWAP,reversal,4H,0.005,0.008,0.015,1,0.0,10.0,148.0,254091.53,171583.46,1499,1101,398,73.45,78.95,1.537,9393.255,3289,47038.53,31682.79,252502.98,436.8,254091.53,0.63
SOL-USDT-SWAP,reversal,4H,0.005,0.008,0.02,1,0.0,10.0,148.0,324703.96,219294.57,1499,1133,366,75.58,49.42,1.637,12005.177,3289,86074.38,58058.36,323115.42,275.39,324703.96,0.49
SOL-USDT-SWAP,reversal,4H,0.005,0.008,0.025,1,0.0,10.0,148.0,346698.97,234156.06,1499,1142,357,76.18,54.59,1.699,12818.762,3289,90527.29,61067.09,345110.43,281.22,346698.97,0.46
SOL-USDT-SWAP,reversal,4H,0.005,0.008,0.03,1,0.0,10.0,148.0,369161.57,249333.49,1499,1149,350,76.65,47.27,1.735,13649.644,3289,109272.8,73732.97,367573.03,236.38,369161.57,0.43
SOL-USDT-SWAP,reversal,4H,0.005,0.01,0.01,1,0.0,10.0,148.0,14.03,-90.52,1499,867,632,57.84,99.56,0.989,-4.955,3289,485.68,228.16,13.88,-97.14,14.03,1.09
SOL-USDT-SWAP,reversal,4H,0.005,0.01,0.015,1,0.0,10.0,148.0,35356.59,23789.58,1499,941,558,62.78,96.5,1.073,1302.35,3289,4063.94,2645.91,34522.44,749.48,35356.59,2.42
SOL-USDT-SWAP,reversal,4H,0.005,0.01,0.02,1,0.0,10.0,148.0,166760.92,112576.3,1499,980,519,65.38,79.78,1.232,6162.936,3289,53874.42,36301.64,165926.78,207.99,166760.92,0.5
SOL-USDT-SWAP,reversal,4H,0.005,0.01,0.025,1,0.0,10.0,148.0,193084.6,130362.57,1499,988,511,65.91,59.45,1.26,7136.637,3289,74856.46,50478.69,192250.46,156.83,193084.6,0.43
SOL-USDT-SWAP,reversal,4H,0.005,0.01,0.03,1,0.0,10.0,148.0,203946.87,137701.94,1499,994,505,66.31,51.85,1.27,7538.427,3289,84139.25,56750.84,203112.72,141.4,203946.87,0.41
SOL-USDT-SWAP,reversal,4H,0.005,0.015,0.01,1,0.0,10.0,148.0,0.0,-100.0,1499,659,840,43.96,100.0,0.74,-5.474,3289,0.24,-99.84,0.0,-100.0,0.0,-32.29
SOL-USDT-SWAP,reversal,4H,0.005,0.015,0.015,1,0.0,10.0,148.0,0.0,-100.0,1499,735,764,49.03,100.0,0.898,-5.474,3289,1.56,-98.95,0.0,-100.0,0.0,-38.27
SOL-USDT-SWAP,reversal,4H,0.005,0.015,0.02,1,0.0,10.0,148.0,0.0,-100.0,1499,772,727,51.5,100.0,0.971,-5.474,3289,19.92,-86.54,0.0,-100.0,0.0,-29.19
SOL-USDT-SWAP,reversal,4H,0.005,0.015,0.025,1,0.0,10.0,148.0,0.0,-100.0,1499,779,720,51.97,100.0,0.982,-5.474,3289,31.87,-78.47,0.0,-100.0,0.0,-29.19
SOL-USDT-SWAP,reversal,4H,0.005,0.015,0.03,1,0.0,10.0,148.0,0.0,-100.0,1499,784,715,52.3,100.0,0.98,-5.474,3289,19.3,-86.96,0.0,-100.0,0.0,-29.19
SOL-USDT-SWAP,reversal,4H,0.005,0.02,0.01,1,0.0,10.0,148.0,0.0,-100.0,1499,582,917,38.83,100.0,0.545,-5.474,3289,0.0,-100.0,0.0,-100.0,0.0,-32.29
SOL-USDT-SWAP,reversal,4H,0.005,0.02,0.015,1,0.0,10.0,148.0,0.0,-100.0,1499,654,845,43.63,100.0,0.682,-5.474,3289,0.01,-99.99,0.0,-100.0,0.0,-38.27
SOL-USDT-SWAP,reversal,4H,0.005,0.02,0.02,1,0.0,10.0,148.0,0.0,-100.0,1499,691,808,46.1,100.0,0.785,-5.474,3289,0.09,-99.94,0.0,-100.0,0.0,-29.19
SOL-USDT-SWAP,reversal,4H,0.005,0.02,0.025,1,0.0,10.0,148.0,0.0,-100.0,1499,699,800,46.63,100.0,0.844,-5.474,3289,0.36,-99.76,0.0,-100.0,0.0,-29.19
SOL-USDT-SWAP,reversal,4H,0.005,0.02,0.03,1,0.0,10.0,148.0,0.0,-100.0,1499,704,795,46.96,100.0,0.832,-5.474,3289,0.18,-99.88,0.0,-100.0,0.0,-29.19
SOL-USDT-SWAP,reversal,4H,0.005,0.03,0.01,1,0.0,10.0,148.0,0.0,-100.0,1499,544,955,36.29,100.0,0.625,-5.474,3289,0.0,-100.0,0.0,-100.0,0.0,-32.29
SOL-USDT-SWAP,reversal,4H,0.005,0.03,0.015,1,0.0,10.0,148.0,0.0,-100.0,1499,612,887,40.83,100.0,0.737,-5.474,3289,0.0,-100.0,0.0,-100.0,0.0,-38.27
SOL-USDT-SWAP,reversal,4H,0.005,0.03,0.02,1,0.0,10.0,148.0,0.0,-100.0,1499,644,855,42.96,100.0,0.804,-5.474,3289,0.01,-100.0,0.0,-100.0,0.0,-29.19
SOL-USDT-SWAP,reversal,4H,0.005,0.03,0.025,1,0.0,10.0,148.0,0.0,-100.0,1499,652,847,43.5,100.0,0.853,-5.474,3289,0.03,-99.98,0.0,-100.0,0.0,-29.19
SOL-USDT-SWAP,reversal,4H,0.005,0.03,0.03,1,0.0,10.0,148.0,0.0,-100.0,1499,658,841,43.9,100.0,0.832,-5.474,3289,0.02,-99.99,0.0,-100.0,0.0,-29.19
SOL-USDT-SWAP,reversal,4H,0.007,0.006,0.01,1,0.0,10.0,148.0,92056.5,62100.34,1252,974,278,77.8,56.97,1.406,3399.654,3289,3003.9,1929.66,88546.39,2847.72,92056.5,3.96
SOL-USDT-SWAP,reversal,4H,0.007,0.006,0.015,1,0.0,10.0,148.0,236975.66,160018.69,1252,1052,200,84.03,44.3,1.901,8760.147,3289,50224.33,33835.36,233465.55,364.85,236975.66,1.5
SOL-USDT-SWAP,reversal,4H,0.007,0.006,0.02,1,0.0,10.0,148.0,289969.51,195825.34,1252,1079,173,86.18,29.01,2.1,10720.366,3289,76306.9,51458.72,286459.4,275.4,289969.51,1.23
SOL-USDT-SWAP,reversal,4H,0.007,0.006,0.025,1,0.0,10.0,148.0,313513.42,211733.39,1252,1091,161,87.14,33.58,2.26,11591.244,3289,89251.44,60205.02,310003.31,247.34,313513.42,1.13
SOL-USDT-SWAP,reversal,4H,0.007,0.006,0.03,1,0.0,10.0,148.0,315999.48,213413.16,1252,1095,157,87.46,36.72,2.292,11683.202,3289,91168.7,61500.47,312489.37,242.76,315999.48,1.12
SOL-USDT-SWAP,reversal,4H,0.007,0.008,0.01,1,0.0,10.0,148.0,181122.92,122280.35,1252,885,367,70.69,54.4,1.453,6694.18,3289,27238.57,18304.44,177030.17,549.92,181122.92,2.31
SOL-USDT-SWAP,reversal,4H,0.007,0.008,0.015,1,0.0,10.0,148.0,307772.1,207854.12,1252,957,295,76.44,43.37,1.785,11378.875,3289,89092.89,60097.9,303679.34,240.86,307772.1,1.35
SOL-USDT-SWAP,reversal,4H,0.007,0.008,0.02,1,0.0,10.0,148.0,357237.67,241276.81,1252,980,272,78.27,26.92,1.912,13208.584,3289,112098.26,75642.07,353144.92,215.03,357237.67,1.16
SOL-USDT-SWAP,reversal,4H,0.007,0.008,0.025,1,0.0,10.0,148.0,375221.54,253428.07,1252,991,261,79.15,31.6,1.965,13873.799,3289,127060.44,85751.65,371128.79,192.09,375221.54,1.1
SOL-USDT-SWAP,reversal,4H,0.007,0.008,0.03,1,0.0,10.0,148.0,382187.87,258135.05,1252,996,256,79.55,36.29,2.004,14131.481,3289,127097.9,85776.96,378095.12,197.48,382187.87,1.08
SOL-USDT-SWAP,reversal,4H,0.007,0.01,0.01,1,0.0,10.0,148.0,120176.45,81100.31,1252,782,470,62.46,84.12,1.335,4439.798,3289,2662.01,1698.65,117328.7,4307.53,120176.45,2.43
SOL-USDT-SWAP,reversal,4H,0.007,0.01,0.015,1,0.0,10.0,148.0,239627.21,161810.28,1252,846,406,67.57,64.59,1.512,8858.227,3289,29801.01,20035.82,236147.45,692.41,239627.21,1.47
SOL-USDT-SWAP,reversal,4H,0.007,0.01,0.02,1,0.0,10.0,148.0,283305.7,191322.77,1252,869,383,69.41,55.25,1.573,10473.874,3289,57038.07,38439.24,279825.94,390.6,283305.7,1.24
SOL-USDT-SWAP,reversal,4H,0.007,0.01,0.025,1,0.0,10.0,148.0,300484.82,202930.28,1252,879,373,70.21,65.38,1.603,11109.322,3289,69861.01,47103.39,297005.06,325.14,300484.82,1.17
SOL-USDT-SWAP,reversal,4H,0.007,0.01,0.03,1,0.0,10.0,148.0,302092.07,204016.26,1252,884,368,70.61,64.09,1.612,11168.774,3289,69204.91,46660.07,298612.31,331.49,302092.07,1.17
SOL-USDT-SWAP,reversal,4H,0.007,0.015,0.01,1,0.0,10.0,148.0,0.0,-100.0,1252,574,678,45.85,100.0,0.89,-5.474,3289,17.89,-87.91,0.0,-100.0,0.0,-27.71
SOL-USDT-SWAP,reversal,4H,0.007,0.015,0.015,1,0.0,10.0,148.0,0.01,-99.99,1252,633,619,50.56,100.0,0.965,-5.474,3289,112.57,-23.94,0.01,-99.99,0.01,-19.18
SOL-USDT-SWAP,reversal,4H,0.007,0.015,0.02,1,0.0,10.0,148.0,0.01,-100.0,1252,654,598,52.24,100.0,0.988,-5.474,3289,350.23,136.64,0.01,-100.0,0.01,-19.18
SOL-USDT-SWAP,reversal,4H,0.007,0.015,0.025,1,0.0,10.0,148.0,0.0,-100.0,1252,664,588,53.04,100.0,0.995,-5.474,3289,741.48,401.0,0.01,-100.0,0.0,-19.18
SOL-USDT-SWAP,reversal,4H,0.007,0.015,0.03,1,0.0,10.0,148.0,0.02,-99.98,1252,671,581,53.59,100.0,0.995,-5.474,3289,1257.42,749.61,0.03,-100.0,0.02,-19.18
SOL-USDT-SWAP,reversal,4H,0.007,0.02,0.01,1,0.0,10.0,148.0,0.0,-100.0,1252,502,750,40.1,100.0,0.692,-5.474,3289,0.22,-99.85,0.0,-100.0,0.0,-27.71
SOL-USDT-SWAP,reversal,4H,0.007,0.02,0.015,1,0.0,10.0,148.0,0.0,-100.0,1252,568,684,45.37,100.0,0.856,-5.474,3289,1.6,-98.92,0.0,-100.0,0.0,-19.18
SOL-USDT-SWAP,reversal,4H,0.007,0.02,0.02,1,0.0,10.0,148.0,0.0,-100.0,1252,585,667,46.73,100.0,0.881,-5.474,3289,2.59,-98.25,0.0,-100.0,0.0,-19.18
SOL-USDT-SWAP,reversal,4H,0.007,0.02,0.025,1,0.0,10.0,148.0,0.0,-100.0,1252,594,658,47.44,100.0,0.899,-5.474,3289,3.27,-97.79,0.0,-100.0,0.0,-19.18
SOL-USDT-SWAP,reversal,4H,0.007,0.02,0.03,1,0.0,10.0,148.0,0.0,-100.0,1252,601,651,48.0,100.0,0.878,-5.474,3289,4.35,-97.06,0.0,-100.0,0.0,-19.18
SOL-USDT-SWAP,reversal,4H,0.007,0.03,0.01,1,0.0,10.0,148.0,0.0,-100.0,1252,456,796,36.42,100.0,0.721,-5.474,3289,0.01,-99.99,0.0,-100.0,0.0,-27.71
SOL-USDT-SWAP,reversal,4H,0.007,0.03,0.015,1,0.0,10.0,148.0,0.0,-100.0,1252,518,734,41.37,100.0,0.738,-5.474,3289,0.02,-99.99,0.0,-100.0,0.0,-19.18
SOL-USDT-SWAP,reversal,4H,0.007,0.03,0.02,1,0.0,10.0,148.0,0.0,-100.0,1252,537,715,42.89,100.0,0.792,-5.474,3289,0.04,-99.97,0.0,-100.0,0.0,-19.18
SOL-USDT-SWAP,reversal,4H,0.007,0.03,0.025,1,0.0,10.0,148.0,0.0,-100.0,1252,546,706,43.61,100.0,0.814,-5.474,3289,0.1,-99.94,0.0,-100.0,0.0,-19.18
SOL-USDT-SWAP,reversal,4H,0.007,0.03,0.03,1,0.0,10.0,148.0,0.0,-100.0,1252,553,699,44.17,100.0,0.778,-5.474,3289,0.09,-99.94,0.0,-100.0,0.0,-19.18
SOL-USDT-SWAP,reversal,4H,0.01,0.006,0.01,1,0.0,10.0,148.0,30146.08,20268.97,960,738,222,76.88,64.49,1.331,1109.615,3289,329.4,122.57,31799.27,9553.71,30146.08,-5.2
SOL-USDT-SWAP,reversal,4H,0.01,0.006,0.015,1,0.0,10.0,148.0,96199.81,64899.87,960,790,170,82.29,66.41,1.548,3552.913,3289,2246.02,1417.58,97114.08,4223.83,96199.81,-0.94
SOL-USDT-SWAP,reversal,4H,0.01,0.006,0.02,1,0.0,10.0,148.0,154678.45,104412.46,960,817,143,85.1,62.35,1.794,5716.011,3289,9415.14,6261.58,155592.72,1552.58,154678.45,-0.59
SOL-USDT-SWAP,reversal,4H,0.01,0.006,0.025,1,0.0,10.0,148.0,173636.46,117221.93,960,828,132,86.25,58.9,1.884,6417.259,3289,15623.13,10456.17,174550.73,1017.26,173636.46,-0.52
SOL-USDT-SWAP,reversal,4H,0.01,0.006,0.03,1,0.0,10.0,148.0,198097.87,133749.91,960,836,124,87.08,53.76,1.989,7322.076,3289,40107.67,26999.78,199012.14,396.19,198097.87,-0.46
SOL-USDT-SWAP,reversal,4H,0.01,0.008,0.01,1,0.0,10.0,148.0,91266.13,61566.31,960,667,293,69.48,64.53,1.426,3370.418,3289,972.2,556.89,95064.32,9678.29,91266.13,-4.0
SOL-USDT-SWAP,reversal,4H,0.01,0.008,0.015,1,0.0,10.0,148.0,160107.52,108080.76,960,716,244,74.58,67.45,1.549,5916.83,3289,10519.61,7007.84,162142.89,1441.34,160107.52,-1.26
SOL-USDT-SWAP,reversal,4H,0.01,0.008,0.02,1,0.0,10.0,148.0,222073.45,149949.63,960,739,221,76.98,42.11,1.752,8208.921,3289,40274.91,27112.78,224108.81,456.45,222073.45,-0.91
SOL-USDT-SWAP,reversal,4H,0.01,0.008,0.025,1,0.0,10.0,148.0,243280.8,164278.92,960,750,210,78.12,52.55,1.856,8993.372,3289,48074.8,32382.97,245316.17,410.28,243280.8,-0.83
SOL-USDT-SWAP,reversal,4H,0.01,0.008,0.03,1,0.0,10.0,148.0,271326.5,183228.72,960,758,202,78.96,53.76,1.951,10030.769,3289,74748.53,50405.76,273361.87,265.71,271326.5,-0.74
SOL-USDT-SWAP,reversal,4H,0.01,0.01,0.01,1,0.0,10.0,148.0,58614.78,39504.58,960,592,368,61.67,78.28,1.211,2162.66,3289,2221.53,1401.03,62112.97,2695.96,58614.78,-5.63
SOL-USDT-SWAP,reversal,4H,0.01,0.01,0.015,1,0.0,10.0,148.0,146492.51,98881.43,960,638,322,66.46,48.74,1.355,5413.217,3289,30058.29,20209.66,148227.88,393.13,146492.51,-1.17
SOL-USDT-SWAP,reversal,4H,0.01,0.01,0.02,1,0.0,10.0,148.0,184563.75,124605.23,960,657,303,68.44,39.16,1.446,6821.454,3289,51852.74,34935.64,186299.11,259.28,184563.75,-0.93
SOL-USDT-SWAP,reversal,4H,0.01,0.01,0.025,1,0.0,10.0,148.0,206272.04,139273.0,960,668,292,69.58,46.92,1.509,7624.434,3289,62515.07,42139.91,208007.4,232.73,206272.04,-0.83
SOL-USDT-SWAP,reversal,4H,0.01,0.01,0.03,1,0.0,10.0,148.0,231554.25,156355.57,960,676,284,70.42,53.76,1.556,8559.612,3289,92137.98,62155.39,233289.61,153.2,231554.25,-0.74
SOL-USDT-SWAP,reversal,4H,0.01,0.015,0.01,1,0.0,10.0,148.0,0.52,-99.65,960,459,501,47.81,99.84,0.916,-5.455,3289,13.99,-90.55,0.73,-94.76,0.52,-29.01
SOL-USDT-SWAP,reversal,4H,0.01,0.015,0.015,1,0.0,10.0,148.0,11.64,-92.13,960,507,453,52.81,99.55,0.99,-5.044,3289,225.57,52.41,14.41,-93.61,11.64,-19.19
SOL-USDT-SWAP,reversal,4H,0.01,0.015,0.02,1,0.0,10.0,148.0,45.05,-69.56,960,525,435,54.69,98.68,0.997,-3.808,3289,1017.12,587.25,55.75,-94.52,45.05,-19.19
SOL-USDT-SWAP,reversal,4H,0.01,0.015,0.025,1,0.0,10.0,148.0,58.13,-60.72,960,534,426,55.62,98.95,0.998,-3.324,3289,2191.72,1380.89,71.93,-96.72,58.13,-19.19
SOL-USDT-SWAP,reversal,4H,0.01,0.015,0.03,1,0.0,10.0,148.0,56.97,-61.51,960,540,420,56.25,99.48,0.999,-3.367,3289,3333.8,2152.57,70.5,-97.89,56.97,-19.19
SOL-USDT-SWAP,reversal,4H,0.01,0.02,0.01,1,0.0,10.0,148.0,0.0,-100.0,960,389,571,40.52,100.0,0.775,-5.474,3289,0.23,-99.84,0.0,-100.0,0.0,-29.01
SOL-USDT-SWAP,reversal,4H,0.01,0.02,0.015,1,0.0,10.0,148.0,0.0,-100.0,960,438,522,45.62,100.0,0.883,-5.474,3289,2.86,-98.07,0.0,-100.0,0.0,-19.19
SOL-USDT-SWAP,reversal,4H,0.01,0.02,0.02,1,0.0,10.0,148.0,0.0,-100.0,960,454,506,47.29,100.0,0.926,-5.474,3289,11.65,-92.13,0.0,-100.0,0.0,-19.19
SOL-USDT-SWAP,reversal,4H,0.01,0.02,0.025,1,0.0,10.0,148.0,0.0,-100.0,960,462,498,48.12,100.0,0.921,-5.474,3289,9.12,-93.84,0.0,-100.0,0.0,-19.19
SOL-USDT-SWAP,reversal,4H,0.01,0.02,0.03,1,0.0,10.0,148.0,0.0,-100.0,960,470,490,48.96,100.0,0.933,-5.474,3289,30.53,-79.37,0.0,-100.0,0.0,-19.19
SOL-USDT-SWAP,reversal,4H,0.01,0.03,0.01,1,0.0,10.0,148.0,0.0,-100.0,960,351,609,36.56,100.0,0.701,-5.474,3289,0.02,-99.99,0.0,-100.0,0.0,-29.01
SOL-USDT-SWAP,reversal,4H,0.01,0.03,0.015,1,0.0,10.0,148.0,0.0,-100.0,960,397,563,41.35,100.0,0.747,-5.474,3289,0.08,-99.95,0.0,-100.0,0.0,-19.19
SOL-USDT-SWAP,reversal,4H,0.01,0.03,0.02,1,0.0,10.0,148.0,0.0,-100.0,960,413,547,43.02,100.0,0.802,-5.474,3289,0.32,-99.79,0.0,-100.0,0.0,-19.19
SOL-USDT-SWAP,reversal,4H,0.01,0.03,0.025,1,0.0,10.0,148.0,0.0,-100.0,960,421,539,43.85,100.0,0.791,-5.474,3289,0.21,-99.86,0.0,-100.0,0.0,-19.19
SOL-USDT-SWAP,reversal,4H,0.01,0.03,0.03,1,0.0,10.0,148.0,0.0,-100.0,960,428,532,44.58,100.0,0.773,-5.474,3289,0.49,-99.67,0.0,-100.0,0.0,-19.19
SOL-USDT-SWAP,fade,4H,0.001,0.006,0.01,1,0.0,10.0,148.0,0.0,-100.0,2602,1815,787,69.75,100.0,0.911,-5.474,3289,24.78,-83.26,0.0,-99.98,0.0,-25.04
SOL-USDT-SWAP,fade,4H,0.001,0.006,0.015,1,0.0,10.0,148.0,57.65,-61.05,2602,1949,653,74.9,97.51,0.991,-3.342,3289,132.54,-10.45,71.37,-46.15,57.65,-19.22
SOL-USDT-SWAP,fade,4H,0.001,0.006,0.02,1,0.0,10.0,148.0,39432.57,26543.63,2602,1997,605,76.75,97.03,1.074,1453.118,3289,2287.97,1445.93,39824.91,1640.62,39432.57,-0.99
SOL-USDT-SWAP,fade,4H,0.001,0.006,0.025,1,0.0,10.0,148.0,154674.71,104409.94,2602,2021,581,77.67,95.3,1.204,5715.872,3289,16583.5,11105.07,155067.05,835.07,154674.71,-0.25
SOL-USDT-SWAP,fade,4H,0.001,0.006,0.03,1,0.0,10.0,148.0,158906.5,107269.25,2602,2028,574,77.94,96.42,1.205,5872.404,3289,26445.17,17768.36,159298.83,502.37,158906.5,-0.25
SOL-USDT-SWAP,fade,4H,0.001,0.008,0.01,1,0.0,10.0,148.0,0.0,-100.0,2602,1517,1085,58.3,100.0,0.906,-5.474,3289,0.7,-99.52,0.0,-100.0,0.0,-32.12
SOL-USDT-SWAP,fade,4H,0.001,0.008,0.015,1,0.0,10.0,148.0,0.0,-100.0,2602,1646,956,63.26,100.0,0.961,-5.474,3289,3.43,-97.68,0.0,-100.0,0.0,-29.69
SOL-USDT-SWAP,fade,4H,0.001,0.008,0.02,1,0.0,10.0,148.0,0.0,-100.0,2602,1694,908,65.1,100.0,0.988,-5.474,3289,39.9,-73.04,0.0,-100.0,0.0,-22.86
SOL-USDT-SWAP,fade,4H,0.001,0.008,0.025,1,0.0,10.0,148.0,0.0,-100.0,2602,1720,882,66.1,100.0,0.995,-5.474,3289,149.09,0.73,0.0,-100.0,0.0,-15.11
SOL-USDT-SWAP,fade,4H,0.001,0.008,0.03,1,0.0,10.0,148.0,0.0,-100.0,2602,1727,875,66.37,100.0,0.995,-5.474,3289,126.59,-14.47,0.0,-100.0,0.0,-15.11
SOL-USDT-SWAP,fade,4H,0.001,0.01,0.01,1,0.0,10.0,148.0,0.0,-100.0,2602,1311,1291,50.38,100.0,0.817,-5.474,3289,0.01,-100.0,0.0,-100.0,0.0,-39.32
SOL-USDT-SWAP,fade,4H,0.001,0.01,0.015,1,0.0,10.0,148.0,0.0,-100.0,2602,1428,1174,54.88,100.0,0.858,-5.474,3289,0.01,-100.0,0.0,-100.0,0.0,-39.61
SOL-USDT-SWAP,fade,4H,0.001,0.01,0.02,1,0.0,10.0,148.0,0.0,-100.0,2602,1483,1119,56.99,100.0,0.955,-5.474,3289,0.19,-99.87,0.0,-100.0,0.0,-33.03
SOL-USDT-SWAP,fade,4H,0.001,0.01,0.025,1,0.0,10.0,148.0,0.0,-100.0,2602,1512,1090,58.11,100.0,0.984,-5.474,3289,1.28,-99.13,0.0,-100.0,0.0,-26.3
SOL-USDT-SWAP,fade,4H,0.001,0.01,0.03,1,0.0,10.0,148.0,0.0,-100.0,2602,1520,1082,58.42,100.0,0.978,-5.474,3289,1.58,-98.93,0.0,-100.0,0.0,-26.3
SOL-USDT-SWAP,fade,4H,0.001,0.015,0.01,1,0.0,10.0,148.0,0.0,-100.0,2602,1081,1521,41.54,100.0,0.782,-5.474,3289,0.0,-100.0,0.0,-100.0,0.0,-42.44
SOL-USDT-SWAP,fade,4H,0.001,0.015,0.015,1,0.0,10.0,148.0,0.0,-100.0,2602,1187,1415,45.62,100.0,0.761,-5.474,3289,0.0,-100.0,0.0,-100.0,0.0,-45.24
SOL-USDT-SWAP,fade,4H,0.001,0.015,0.02,1,0.0,10.0,148.0,0.0,-100.0,2602,1237,1365,47.54,100.0,0.862,-5.474,3289,0.0,-100.0,0.0,-100.0,0.0,-36.93
SOL-USDT-SWAP,fade,4H,0.001,0.015,0.025,1,0.0,10.0,148.0,0.0,-100.0,2602,1270,1332,48.81,100.0,0.896,-5.474,3289,0.0,-100.0,0.0,-100.0,0.0,-30.6
SOL-USDT-SWAP,fade,4H,0.001,0.015,0.03,1,0.0,10.0,148.0,0.0,-100.0,2602,1278,1324,49.12,100.0,0.896,-5.474,3289,0.01,-100.0,0.0,-100.0,0.0,-30.6
SOL-USDT-SWAP,fade,4H,0.001,0.02,0.01,1,0.0,10.0,148.0,0.0,-100.0,2602,984,1618,37.82,100.0,0.745,-5.474,3289,0.0,-100.0,0.0,-100.0,0.0,-40.18
SOL-USDT-SWAP,fade,4H,0.001,0.02,0.015,1,0.0,10.0,148.0,0.0,-100.0,2602,1079,1523,41.47,100.0,0.706,-5.474,3289,0.0,-100.0,0.0,-100.0,0.0,-43.09
SOL-USDT-SWAP,fade,4H,0.001,0.02,0.02,1,0.0,10.0,148.0,0.0,-100.0,2602,1128,1474,43.35,100.0,0.746,-5.474,3289,0.0,-100.0,0.0,-100.0,0.0,-34.45
SOL-USDT-SWAP,fade,4H,0.001,0.02,0.025,1,0.0,10.0,148.0,0.0,-100.0,2602,1157,1445,44.47,100.0,0.764,-5.474,3289,0.0,-100.0,0.0,-100.0,0.0,-27.87
SOL-USDT-SWAP,fade,4H,0.001,0.02,0.03,1,0.0,10.0,148.0,0.0,-100.0,2602,1165,1437,44.77,100.0,0.804,-5.474,3289,0.0,-100.0,0.0,-100.0,0.0,-27.87
SOL-USDT-SWAP,fade,4H,0.001,0.03,0.01,1,0.0,10.0,148.0,0.0,-100.0,2602,945,1657,36.32,100.0,0.727,-5.474,3289,0.0,-100.0,0.0,-100.0,0.0,-42.61
SOL-USDT-SWAP,fade,4H,0.001,0.03,0.015,1,0.0,10.0,148.0,0.0,-100.0,2602,1036,1566,39.82,100.0,0.725,-5.474,3289,0.0,-100.0,0.0,-100.0,0.0,-45.4
SOL-USDT-SWAP,fade,4H,0.001,0.03,0.02,1,0.0,10.0,148.0,0.0,-100.0,2602,1085,1517,41.7,100.0,0.785,-5.474,3289,0.0,-100.0,0.0,-100.0,0.0,-37.12
SOL-USDT-SWAP,fade,4H,0.001,0.03,0.025,1,0.0,10.0,148.0,0.0,-100.0,2602,1109,1493,42.62,100.0,0.823,-5.474,3289,0.0,-100.0,0.0,-100.0,0.0,-30.8
SOL-USDT-SWAP,fade,4H,0.001,0.03,0.03,1,0.0,10.0,148.0,0.0,-100.0,2602,1117,1485,42.93,100.0,0.868,-5.474,3289,0.0,-100.0,0.0,-100.0,0.0,-30.8
SOL-USDT-SWAP,fade,4H,0.002,0.006,0.01,1,0.0,10.0,148.0,8.7,-94.12,2462,1768,694,71.81,97.97,0.974,-5.153,3289,237.59,60.53,10.55,-95.56,8.7,-17.57
SOL-USDT-SWAP,fade,4H,0.002,0.006,0.015,1,0.0,10.0,148.0,148956.62,100546.37,2462,1908,554,77.5,80.58,1.282,5504.363,3289,5295.6,3478.11,152376.66,2777.42,148956.62,-2.24
SOL-USDT-SWAP,fade,4H,0.002,0.006,0.02,1,0.0,10.0,148.0,260061.28,175617.08,2462,1956,506,79.45,82.02,1.413,9614.074,3289,39328.41,26473.25,261129.24,563.97,260061.28,-0.41
SOL-USDT-SWAP,fade,4H,0.002,0.006,0.025,1,0.0,10.0,148.0,324994.25,219490.71,2462,1976,486,80.26,64.05,1.458,12015.915,3289,79618.62,53696.37,326062.21,309.53,324994.25,-0.33
SOL-USDT-SWAP,fade,4H,0.002,0.006,0.03,1,0.0,10.0,148.0,335849.24,226825.16,2462,1984,478,80.58,62.92,1.47,12417.436,3289,91297.77,61587.68,336917.19,269.03,335849.24,-0.32
SOL-USDT-SWAP,fade,4H,0.002,0.008,0.01,1,0.0,10.0,148.0,0.0,-100.0,2462,1480,982,60.11,100.0,0.92,-5.474,3289,11.9,-91.96,0.0,-100.0,0.0,-30.8
SOL-USDT-SWAP,fade,4H,0.002,0.008,0.015,1,0.0,10.0,148.0,0.95,-99.36,2462,1616,846,65.64,99.96,0.991,-5.439,3289,230.15,55.51,1.6,-99.31,0.95,-40.18
SOL-USDT-SWAP,fade,4H,0.002,0.008,0.02,1,0.0,10.0,148.0,327.45,121.25,2462,1667,795,67.71,99.04,1.001,6.638,3289,2072.8,1300.54,438.29,-78.86,327.45,-25.29
SOL-USDT-SWAP,fade,4H,0.002,0.008,0.025,1,0.0,10.0,148.0,97337.91,65668.86,2462,1685,777,68.44,95.12,1.103,3595.011,3289,16287.6,10905.14,101002.49,520.12,97337.91,-3.63
SOL-USDT-SWAP,fade,4H,0.002,0.008,0.03,1,0.0,10.0,148.0,98406.1,66390.61,2462,1692,770,68.72,94.72,1.101,3634.522,3289,22560.06,15143.28,102070.67,352.44,98406.1,-3.59
SOL-USDT-SWAP,fade,4H,0.002,0.01,0.01,1,0.0,10.0,148.0,0.0,-100.0,2462,1265,1197,51.38,100.0,0.926,-5.474,3289,0.43,-99.71,0.0,-100.0,0.0,-42.73
SOL-USDT-SWAP,fade,4H,0.002,0.01,0.015,1,0.0,10.0,148.0,0.0,-100.0,2462,1389,1073,56.42,100.0,0.973,-5.474,3289,4.42,-97.01,0.0,-100.0,0.0,-53.32
SOL-USDT-SWAP,fade,4H,0.002,0.01,0.02,1,0.0,10.0,148.0,0.0,-100.0,2462,1442,1020,58.57,100.0,0.99,-5.474,3289,43.62,-70.53,0.0,-100.0,0.0,-40.35
SOL-USDT-SWAP,fade,4H,0.002,0.01,0.025,1,0.0,10.0,148.0,0.0,-100.0,2462,1461,1001,59.34,100.0,0.997,-5.474,3289,227.13,53.47,0.0,-100.0,0.0,-40.35
SOL-USDT-SWAP,fade,4H,0.002,0.01,0.03,1,0.0,10.0,148.0,0.0,-100.0,2462,1469,993,59.67,100.0,0.998,-5.474,3289,384.23,159.61,0.0,-100.0,0.0,-40.35
SOL-USDT-SWAP,fade,4H,0.002,0.015,0.01,1,0.0,10.0,148.0,0.0,-100.0,2462,1032,1430,41.92,100.0,0.726,-5.474,3289,0.0,-100.0,0.0,-100.0,0.0,-36.06
SOL-USDT-SWAP,fade,4H,0.002,0.015,0.015,1,0.0,10.0,148.0,0.0,-100.0,2462,1136,1326,46.14,100.0,0.804,-5.474,3289,0.0,-100.0,0.0,-100.0,0.0,-47.89
SOL-USDT-SWAP,fade,4H,0.002,0.015,0.02,1,0.0,10.0,148.0,0.0,-100.0,2462,1196,1266,48.58,100.0,0.931,-5.474,3289,0.02,-99.99,0.0,-100.0,0.0,-33.41
SOL-USDT-SWAP,fade,4H,0.002,0.015,0.025,1,0.0,10.0,148.0,0.0,-100.0,2462,1216,1246,49.39,100.0,0.962,-5.474,3289,0.06,-99.96,0.0,-100.0,0.0,-33.41
SOL-USDT-SWAP,fade,4H,0.002,0.015,0.03,1,0.0,10.0,148.0,0.0,-100.0,2462,1223,1239,49.68,100.0,0.945,-5.474,3289,0.05,-99.97,0.0,-100.0,0.0,-33.41
SOL-USDT-SWAP,fade,4H,0.002,0.02,0.01,1,0.0,10.0,148.0,0.0,-100.0,2462,927,1535,37.65,100.0,0.719,-5.474,3289,0.0,-100.0,0.0,-100.0,0.0,-49.33
SOL-USDT-SWAP,fade,4H,0.002,0.02,0.015,1,0.0,10.0,148.0,0.0,-100.0,2462,1024,1438,41.59,100.0,0.728,-5.474,3289,0.0,-100.0,0.0,-100.0,0.0,-61.06
SOL-USDT-SWAP,fade,4H,0.002,0.02,0.02,1,0.0,10.0,148.0,0.0,-100.0,2462,1079,1383,43.83,100.0,0.754,-5.474,3289,0.0,-100.0,0.0,-100.0,0.0,-47.72
SOL-USDT-SWAP,fade,4H,0.002,0.02,0.025,1,0.0,10.0,148.0,0.0,-100.0,2462,1098,1364,44.6,100.0,0.827,-5.474,3289,0.0,-100.0,0.0,-100.0,0.0,-47.72
SOL-USDT-SWAP,fade,4H,0.002,0.02,0.03,1,0.0,10.0,148.0,0.0,-100.0,2462,1107,1355,44.96,100.0,0.829,-5.474,3289,0.0,-100.0,0.0,-100.0,0.0,-47.72
SOL-USDT-SWAP,fade,4H,0.002,0.03,0.01,1,0.0,10.0,148.0,0.0,-100.0,2462,889,1573,36.11,100.0,0.773,-5.474,3289,0.0,-100.0,0.0,-100.0,0.0,-50.96
SOL-USDT-SWAP,fade,4H,0.002,0.03,0.015,1,0.0,10.0,148.0,0.0,-100.0,2462,979,1483,39.76,100.0,0.789,-5.474,3289,0.0,-100.0,0.0,-100.0,0.0,-62.31
SOL-USDT-SWAP,fade,4H,0.002,0.03,0.02,1,0.0,10.0,148.0,0.0,-100.0,2462,1033,1429,41.96,100.0,0.842,-5.474,3289,0.0,-100.0,0.0,-100.0,0.0,-49.4
SOL-USDT-SWAP,fade,4H,0.002,0.03,0.025,1,0.0,10.0,148.0,0.0,-100.0,2462,1047,1415,42.53,100.0,0.875,-5.474,3289,0.0,-100.0,0.0,-100.0,0.0,-49.4
SOL-USDT-SWAP,fade,4H,0.002,0.03,0.03,1,0.0,10.0,148.0,0.0,-100.0,2462,1055,1407,42.85,100.0,0.887,-5.474,3289,0.0,-100.0,0.0,-100.0,0.0,-49.4
SOL-USDT-SWAP,fade,4H,0.003,0.006,0.01,1,0.0,10.0,148.0,32042.27,21550.18,2318,1718,600,74.12,96.76,1.237,1179.754,3289,1505.27,917.07,33506.55,2125.95,32042.27,-4.37
SOL-USDT-SWAP,fade,4H,0.003,0.006,0.015,1,0.0,10.0,148.0,311660.03,210481.1,2318,1857,461,80.11,56.69,1.587,11522.688,3289,55142.5,37158.44,311866.83,465.57,311660.03,-0.07
SOL-USDT-SWAP,fade,4H,0.003,0.006,0.02,1,0.0,10.0,148.0,414684.92,280092.51,2318,1902,416,82.05,44.83,1.722,15333.532,3289,113297.18,76452.15,414412.94,265.78,414684.92,0.07
SOL-USDT-SWAP,fade,4H,0.003,0.006,0.025,1,0.0,10.0,148.0,465023.24,314104.89,2318,1922,396,82.92,41.7,1.853,17195.523,3289,127656.05,86154.09,464751.26,264.07,465023.24,0.06
SOL-USDT-SWAP,fade,4H,0.003,0.006,0.03,1,0.0,10.0,148.0,493887.33,333607.65,2318,1932,386,83.35,32.3,1.933,18263.193,3289,137346.94,92701.99,493615.35,259.39,493887.33,0.06
SOL-USDT-SWAP,fade,4H,0.003,0.008,0.01,1,0.0,10.0,148.0,2.58,-98.26,2318,1460,858,62.99,99.81,0.976,-5.379,3289,122.49,-17.24,3.79,-96.91,2.58,-31.99
SOL-USDT-SWAP,fade,4H,0.003,0.008,0.015,1,0.0,10.0,148.0,92388.89,62324.93,2318,1582,736,68.25,97.9,1.167,3411.949,3289,2687.89,1716.14,96218.32,3479.7,92388.89,-3.98
SOL-USDT-SWAP,fade,4H,0.003,0.008,0.02,1,0.0,10.0,148.0,255459.12,172507.51,2318,1632,686,70.41,75.94,1.264,9443.842,3289,72738.91,49047.91,258809.77,255.81,255459.12,-1.29
SOL-USDT-SWAP,fade,4H,0.003,0.008,0.025,1,0.0,10.0,148.0,323619.23,218561.64,2318,1651,667,71.23,45.16,1.34,11965.053,3289,104774.31,70693.46,326969.88,212.07,323619.23,-1.02
SOL-USDT-SWAP,fade,4H,0.003,0.008,0.03,1,0.0,10.0,148.0,336748.99,227433.1,2318,1659,659,71.57,40.8,1.353,12450.717,3289,116669.54,78730.77,340099.64,191.51,336748.99,-0.99
SOL-USDT-SWAP,fade,4H,0.003,0.01,0.01,1,0.0,10.0,148.0,0.0,-100.0,2318,1238,1080,53.41,100.0,0.944,-5.474,3289,2.26,-98.47,0.0,-100.0,0.0,-39.53
SOL-USDT-SWAP,fade,4H,0.003,0.01,0.015,1,0.0,10.0,148.0,0.0,-100.0,2318,1360,958,58.67,100.0,0.987,-5.474,3289,72.3,-51.15,0.0,-100.0,0.0,-37.75
SOL-USDT-SWAP,fade,4H,0.003,0.01,0.02,1,0.0,10.0,148.0,0.13,-99.91,2318,1408,910,60.74,100.0,0.999,-5.469,3289,2450.28,1555.59,0.2,-99.99,0.13,-31.58
SOL-USDT-SWAP,fade,4H,0.003,0.01,0.025,1,0.0,10.0,148.0,32932.38,22151.61,2318,1429,889,61.65,94.34,1.028,1212.679,3289,26274.44,17653.0,37899.31,44.24,32932.38,-13.11
SOL-USDT-SWAP,fade,4H,0.003,0.01,0.03,1,0.0,10.0,148.0,56231.67,37894.37,2318,1437,881,61.99,90.78,1.046,2074.509,3289,38392.23,25840.7,61198.6,59.4,56231.67,-8.12
SOL-USDT-SWAP,fade,4H,0.003,0.015,0.01,1,0.0,10.0,148.0,0.0,-100.0,2318,1009,1309,43.53,100.0,0.816,-5.474,3289,0.0,-100.0,0.0,-100.0,0.0,-49.43
SOL-USDT-SWAP,fade,4H,0.003,0.015,0.015,1,0.0,10.0,148.0,0.0,-100.0,2318,1111,1207,47.93,100.0,0.866,-5.474,3289,0.01,-99.99,0.0,-100.0,0.0,-50.91
SOL-USDT-SWAP,fade,4H,0.003,0.015,0.02,1,0.0,10.0,148.0,0.0,-100.0,2318,1162,1156,50.13,100.0,0.983,-5.474,3289,0.91,-99.38,0.0,-100.0,0.0,-44.14
SOL-USDT-SWAP,fade,4H,0.003,0.015,0.025,1,0.0,10.0,148.0,0.0,-100.0,2318,1183,1135,51.04,100.0,0.993,-5.474,3289,10.12,-93.16,0.0,-100.0,0.0,-44.14
SOL-USDT-SWAP,fade,4H,0.003,0.015,0.03,1,0.0,10.0,148.0,0.0,-100.0,2318,1189,1129,51.29,100.0,0.99,-5.474,3289,3.98,-97.31,0.0,-100.0,0.0,-44.14
SOL-USDT-SWAP,fade,4H,0.003,0.02,0.01,1,0.0,10.0,148.0,0.0,-100.0,2318,909,1409,39.21,100.0,0.671,-5.474,3289,0.0,-100.0,0.0,-100.0,0.0,-50.09
SOL-USDT-SWAP,fade,4H,0.003,0.02,0.015,1,0.0,10.0,148.0,0.0,-100.0,2318,1002,1316,43.23,100.0,0.696,-5.474,3289,0.0,-100.0,0.0,-100.0,0.0,-51.56
SOL-USDT-SWAP,fade,4H,0.003,0.02,0.02,1,0.0,10.0,148.0,0.0,-100.0,2318,1050,1268,45.3,100.0,0.871,-5.474,3289,0.0,-100.0,0.0,-100.0,0.0,-44.88
SOL-USDT-SWAP,fade,4H,0.003,0.02,0.025,1,0.0,10.0,148.0,0.0,-100.0,2318,1071,1247,46.2,100.0,0.917,-5.474,3289,0.01,-100.0,0.0,-100.0,0.0,-44.88
SOL-USDT-SWAP,fade,4H,0.003,0.02,0.03,1,0.0,10.0,148.0,0.0,-100.0,2318,1078,1240,46.51,100.0,0.895,-5.474,3289,0.0,-100.0,0.0,-100.0,0.0,-44.88
SOL-USDT-SWAP,fade,4H,0.003,0.03,0.01,1,0.0,10.0,148.0,0.0,-100.0,2318,860,1458,37.1,100.0,0.767,-5.474,3289,0.0,-100.0,0.0,-100.0,0.0,-50.09
SOL-USDT-SWAP,fade,4H,0.003,0.03,0.015,1,0.0,10.0,148.0,0.0,-100.0,2318,951,1367,41.03,100.0,0.774,-5.474,3289,0.0,-100.0,0.0,-100.0,0.0,-51.56
SOL-USDT-SWAP,fade,4H,0.003,0.03,0.02,1,0.0,10.0,148.0,0.0,-100.0,2318,996,1322,42.97,100.0,0.897,-5.474,3289,0.0,-100.0,0.0,-100.0,0.0,-44.88
SOL-USDT-SWAP,fade,4H,0.003,0.03,0.025,1,0.0,10.0,148.0,0.0,-100.0,2318,1011,1307,43.62,100.0,0.915,-5.474,3289,0.0,-100.0,0.0,-100.0,0.0,-44.88
SOL-USDT-SWAP,fade,4H,0.003,0.03,0.03,1,0.0,10.0,148.0,0.0,-100.0,2318,1015,1303,43.79,100.0,0.886,-5.474,3289,0.0,-100.0,0.0,-100.0,0.0,-44.88
SOL-USDT-SWAP,fade,4H,0.005,0.006,0.01,1,0.0,10.0,148.0,113687.02,76715.55,1990,1523,467,76.53,93.43,1.324,4199.757,3289,7212.83,4773.53,113866.52,1478.67,113687.02,-0.16
SOL-USDT-SWAP,fade,4H,0.005,0.006,0.015,1,0.0,10.0,148.0,363118.76,245250.51,1990,1653,337,83.07,57.4,1.79,13426.123,3289,95955.99,64735.13,361551.26,276.79,363118.76,0.43
SOL-USDT-SWAP,fade,4H,0.005,0.006,0.02,1,0.0,10.0,148.0,459713.83,310517.45,1990,1695,295,85.18,44.48,2.036,16999.131,3289,147242.35,99388.07,458146.33,211.15,459713.83,0.34
SOL-USDT-SWAP,fade,4H,0.005,0.006,0.025,1,0.0,10.0,148.0,503871.77,340353.9,1990,1713,277,86.08,46.71,2.215,18632.513,3289,153882.83,103874.88,502304.27,226.42,503871.77,0.31
SOL-USDT-SWAP,fade,4H,0.005,0.006,0.03,1,0.0,10.0,148.0,532115.06,359437.2,1990,1722,268,86.53,53.76,2.327,19677.219,3289,172559.04,116493.94,530547.56,207.46,532115.06,0.3
SOL-USDT-SWAP,fade,4H,0.005,0.008,0.01,1,0.0,10.0,148.0,94641.08,63846.67,1990,1331,659,66.88,95.62,1.263,3495.256,3289,4059.48,2642.89,95319.31,2248.07,94641.08,-0.71
SOL-USDT-SWAP,fade,4H,0.005,0.008,0.015,1,0.0,10.0,148.0,349173.56,235828.08,1990,1453,537,73.02,70.03,1.543,12910.296,3289,81043.68,54659.24,347773.02,329.12,349173.56,0.4
SOL-USDT-SWAP,fade,4H,0.005,0.008,0.02,1,0.0,10.0,148.0,443322.58,299442.28,1990,1494,496,75.08,45.29,1.638,16392.826,3289,130075.68,87788.98,441922.04,239.74,443322.58,0.32
SOL-USDT-SWAP,fade,4H,0.005,0.008,0.025,1,0.0,10.0,148.0,484685.39,327390.13,1990,1510,480,75.88,46.71,1.717,17922.817,3289,139331.41,94042.84,483284.85,246.86,484685.39,0.29
SOL-USDT-SWAP,fade,4H,0.005,0.008,0.03,1,0.0,10.0,148.0,502918.6,339709.87,1990,1518,472,76.28,53.76,1.744,18597.255,3289,153609.3,103690.07,501518.06,226.49,502918.6,0.28
SOL-USDT-SWAP,fade,4H,0.005,0.01,0.01,1,0.0,10.0,148.0,5.64,-96.19,1990,1147,843,57.64,99.87,0.992,-5.266,3289,402.7,172.1,6.65,-98.35,5.64,-15.12
SOL-USDT-SWAP,fade,4H,0.005,0.01,0.015,1,0.0,10.0,148.0,109891.12,74150.76,1990,1246,744,62.61,96.25,1.142,4059.348,3289,22659.77,15210.65,109639.22,383.85,109891.12,0.23
SOL-USDT-SWAP,fade,4H,0.005,0.01,0.02,1,0.0,10.0,148.0,250990.73,169488.33,1990,1294,696,65.03,50.41,1.257,9278.558,3289,94574.9,63801.96,250738.83,165.12,250990.73,0.1
SOL-USDT-SWAP,fade,4H,0.005,0.01,0.025,1,0.0,10.0,148.0,290950.9,196488.45,1990,1309,681,65.78,48.09,1.298,10756.667,3289,113658.59,76696.35,290699.01,155.77,290950.9,0.09
SOL-USDT-SWAP,fade,4H,0.005,0.01,0.03,1,0.0,10.0,148.0,301127.74,203364.69,1990,1316,674,66.13,53.76,1.306,11133.103,3289,122520.77,82684.3,300875.84,145.57,301127.74,0.08
SOL-USDT-SWAP,fade,4H,0.005,0.015,0.01,1,0.0,10.0,148.0,0.0,-100.0,1990,890,1100,44.72,100.0,0.873,-5.474,3289,0.25,-99.83,0.0,-100.0,0.0,-40.51
SOL-USDT-SWAP,fade,4H,0.005,0.015,0.015,1,0.0,10.0,148.0,0.0,-100.0,1990,989,1001,49.7,100.0,0.962,-5.474,3289,5.17,-96.5,0.0,-100.0,0.0,-38.54
SOL-USDT-SWAP,fade,4H,0.005,0.015,0.02,1,0.0,10.0,148.0,0.0,-100.0,1990,1034,956,51.96,100.0,0.993,-5.474,3289,98.19,-33.66,0.0,-100.0,0.0,-29.5
SOL-USDT-SWAP,fade,4H,0.005,0.015,0.025,1,0.0,10.0,148.0,0.0,-100.0,1990,1049,941,52.71,100.0,0.996,-5.474,3289,204.62,38.26,0.0,-100.0,0.0,-29.5
SOL-USDT-SWAP,fade,4H,0.005,0.015,0.03,1,0.0,10.0,148.0,0.0,-100.0,1990,1055,935,53.02,100.0,0.995,-5.474,3289,118.94,-19.64,0.0,-100.0,0.0,-29.5
SOL-USDT-SWAP,fade,4H,0.005,0.02,0.01,1,0.0,10.0,148.0,0.0,-100.0,1990,791,1199,39.75,100.0,0.633,-5.474,3289,0.0,-100.0,0.0,-100.0,0.0,-40.22
SOL-USDT-SWAP,fade,4H,0.005,0.02,0.015,1,0.0,10.0,148.0,0.0,-100.0,1990,884,1106,44.42,100.0,0.763,-5.474,3289,0.0,-100.0,0.0,-100.0,0.0,-38.25
SOL-USDT-SWAP,fade,4H,0.005,0.02,0.02,1,0.0,10.0,148.0,0.0,-100.0,1990,930,1060,46.73,100.0,0.847,-5.474,3289,0.07,-99.95,0.0,-100.0,0.0,-29.16
SOL-USDT-SWAP,fade,4H,0.005,0.02,0.025,1,0.0,10.0,148.0,0.0,-100.0,1990,946,1044,47.54,100.0,0.89,-5.474,3289,0.37,-99.75,0.0,-100.0,0.0,-29.16
SOL-USDT-SWAP,fade,4H,0.005,0.02,0.03,1,0.0,10.0,148.0,0.0,-100.0,1990,950,1040,47.74,100.0,0.871,-5.474,3289,0.16,-99.89,0.0,-100.0,0.0,-29.16
SOL-USDT-SWAP,fade,4H,0.005,0.03,0.01,1,0.0,10.0,148.0,0.0,-100.0,1990,743,1247,37.34,100.0,0.733,-5.474,3289,0.0,-100.0,0.0,-100.0,0.0,-40.22
SOL-USDT-SWAP,fade,4H,0.005,0.03,0.015,1,0.0,10.0,148.0,0.0,-100.0,1990,829,1161,41.66,100.0,0.828,-5.474,3289,0.0,-100.0,0.0,-100.0,0.0,-38.25
SOL-USDT-SWAP,fade,4H,0.005,0.03,0.02,1,0.0,10.0,148.0,0.0,-100.0,1990,868,1122,43.62,100.0,0.869,-5.474,3289,0.0,-100.0,0.0,-100.0,0.0,-29.16
SOL-USDT-SWAP,fade,4H,0.005,0.03,0.025,1,0.0,10.0,148.0,0.0,-100.0,1990,881,1109,44.27,100.0,0.88,-5.474,3289,0.01,-100.0,0.0,-100.0,0.0,-29.16
SOL-USDT-SWAP,fade,4H,0.005,0.03,0.03,1,0.0,10.0,148.0,0.0,-100.0,1990,885,1105,44.47,100.0,0.859,-5.474,3289,0.0,-100.0,0.0,-100.0,0.0,-29.16
SOL-USDT-SWAP,fade,4H,0.007,0.006,0.01,1,0.0,10.0,148.0,163951.63,110678.13,1672,1309,363,78.29,56.51,1.41,6059.021,3289,16092.56,10773.35,158686.52,886.09,163951.63,3.32
SOL-USDT-SWAP,fade,4H,0.007,0.006,0.015,1,0.0,10.0,148.0,338913.25,228895.44,1672,1411,261,84.39,46.62,1.934,12530.772,3289,83860.02,56562.17,333648.14,297.86,338913.25,1.58
SOL-USDT-SWAP,fade,4H,0.007,0.006,0.02,1,0.0,10.0,148.0,433085.84,292525.57,1672,1452,220,86.84,39.16,2.248,16014.174,3289,121542.74,82023.47,427820.73,251.99,433085.84,1.23
SOL-USDT-SWAP,fade,4H,0.007,0.006,0.025,1,0.0,10.0,148.0,480201.35,324360.37,1672,1471,201,87.98,46.71,2.532,17756.955,3289,141603.86,95578.29,474936.24,235.4,480201.35,1.11
SOL-USDT-SWAP,fade,4H,0.007,0.006,0.03,1,0.0,10.0,148.0,481183.03,325023.67,1672,1475,197,88.22,53.76,2.546,17793.267,3289,141970.5,95826.02,475917.92,235.22,481183.03,1.11
SOL-USDT-SWAP,fade,4H,0.007,0.008,0.01,1,0.0,10.0,148.0,270543.68,182699.78,1672,1184,488,70.81,55.5,1.472,10001.813,3289,58679.23,39548.13,269285.93,358.91,270543.68,0.47
SOL-USDT-SWAP,fade,4H,0.007,0.008,0.015,1,0.0,10.0,148.0,425679.81,287521.49,1672,1279,393,76.5,45.58,1.779,15740.228,3289,126996.46,85708.42,422078.44,232.35,425679.81,0.85
SOL-USDT-SWAP,fade,4H,0.007,0.008,0.02,1,0.0,10.0,148.0,509721.46,344306.39,1672,1315,357,78.65,39.16,1.952,18848.89,3289,159152.62,107435.56,506120.08,218.01,509721.46,0.71
SOL-USDT-SWAP,fade,4H,0.007,0.008,0.025,1,0.0,10.0,148.0,543127.17,366877.82,1672,1330,342,79.55,46.71,2.043,20084.552,3289,180560.09,121900.06,539525.79,198.81,543127.17,0.67
SOL-USDT-SWAP,fade,4H,0.007,0.008,0.03,1,0.0,10.0,148.0,549621.56,371265.92,1672,1336,336,79.9,53.76,2.064,20324.776,3289,178879.35,120764.42,546020.18,205.24,549621.56,0.66
SOL-USDT-SWAP,fade,4H,0.007,0.01,0.01,1,0.0,10.0,148.0,225188.41,152054.33,1672,1044,628,62.44,60.74,1.347,8324.142,3289,31745.59,21349.72,224875.66,608.37,225188.41,0.14
SOL-USDT-SWAP,fade,4H,0.007,0.01,0.015,1,0.0,10.0,148.0,352059.54,237778.07,1672,1128,544,67.46,58.03,1.537,13017.048,3289,76503.14,51591.31,348771.16,355.89,352059.54,0.94
SOL-USDT-SWAP,fade,4H,0.007,0.01,0.02,1,0.0,10.0,148.0,425055.48,287099.65,1672,1162,510,69.5,47.07,1.589,15717.134,3289,112927.37,76202.28,421767.09,273.49,425055.48,0.78
SOL-USDT-SWAP,fade,4H,0.007,0.01,0.025,1,0.0,10.0,148.0,460954.18,311355.53,1672,1176,496,70.33,46.71,1.646,17045.011,3289,132273.89,89274.25,457665.79,246.0,460954.18,0.72
SOL-USDT-SWAP,fade,4H,0.007,0.01,0.03,1,0.0,10.0,148.0,450923.92,304578.33,1672,1182,490,70.69,60.36,1.641,16673.996,3289,119593.09,80706.14,447635.54,274.3,450923.92,0.73
SOL-USDT-SWAP,fade,4H,0.007,0.015,0.01,1,0.0,10.0,148.0,0.0,-100.0,1672,777,895,46.47,100.0,0.964,-5.474,3289,55.36,-62.59,0.0,-100.0,0.0,-37.34
SOL-USDT-SWAP,fade,4H,0.007,0.015,0.015,1,0.0,10.0,148.0,0.0,-100.0,1672,851,821,50.9,100.0,0.992,-5.474,3289,659.81,345.82,0.0,-100.0,0.0,-17.2
SOL-USDT-SWAP,fade,4H,0.007,0.015,0.02,1,0.0,10.0,148.0,0.01,-99.99,1672,884,788,52.87,100.0,0.998,-5.474,3289,2698.13,1723.06,0.01,-100.0,0.01,-17.2
SOL-USDT-SWAP,fade,4H,0.007,0.015,0.025,1,0.0,10.0,148.0,0.06,-99.96,1672,897,775,53.65,100.0,1.0,-5.472,3289,21146.75,14188.35,0.07,-100.0,0.06,-17.2
SOL-USDT-SWAP,fade,4H,0.007,0.015,0.03,1,0.0,10.0,148.0,5.35,-96.39,1672,906,766,54.19,99.99,1.0,-5.277,3289,19431.43,13029.34,6.46,-99.97,5.35,-17.2
SOL-USDT-SWAP,fade,4H,0.007,0.02,0.01,1,0.0,10.0,148.0,0.0,-100.0,1672,685,987,40.97,100.0,0.735,-5.474,3289,0.12,-99.92,0.0,-100.0,0.0,-34.56
SOL-USDT-SWAP,fade,4H,0.007,0.02,0.015,1,0.0,10.0,148.0,0.0,-100.0,1672,766,906,45.81,100.0,0.879,-5.474,3289,1.83,-98.76,0.0,-100.0,0.0,-13.52
SOL-USDT-SWAP,fade,4H,0.007,0.02,0.02,1,0.0,10.0,148.0,0.0,-100.0,1672,794,878,47.49,100.0,0.909,-5.474,3289,2.79,-98.12,0.0,-100.0,0.0,-13.52
SOL-USDT-SWAP,fade,4H,0.007,0.02,0.025,1,0.0,10.0,148.0,0.0,-100.0,1672,806,866,48.21,100.0,0.915,-5.474,3289,5.21,-96.48,0.0,-100.0,0.0,-13.52
SOL-USDT-SWAP,fade,4H,0.007,0.02,0.03,1,0.0,10.0,148.0,0.0,-100.0,1672,814,858,48.68,100.0,0.888,-5.474,3289,5.3,-96.42,0.0,-100.0,0.0,-13.52
SOL-USDT-SWAP,fade,4H,0.007,0.03,0.01,1,0.0,10.0,148.0,0.0,-100.0,1672,623,1049,37.26,100.0,0.733,-5.474,3289,0.0,-100.0,0.0,-100.0,0.0,-35.9
SOL-USDT-SWAP,fade,4H,0.007,0.03,0.015,1,0.0,10.0,148.0,0.0,-100.0,1672,701,971,41.93,100.0,0.748,-5.474,3289,0.0,-100.0,0.0,-100.0,0.0,-15.29
SOL-USDT-SWAP,fade,4H,0.007,0.03,0.02,1,0.0,10.0,148.0,0.0,-100.0,1672,728,944,43.54,100.0,0.813,-5.474,3289,0.01,-100.0,0.0,-100.0,0.0,-15.29
SOL-USDT-SWAP,fade,4H,0.007,0.03,0.025,1,0.0,10.0,148.0,0.0,-100.0,1672,739,933,44.2,100.0,0.811,-5.474,3289,0.03,-99.98,0.0,-100.0,0.0,-15.29
SOL-USDT-SWAP,fade,4H,0.007,0.03,0.03,1,0.0,10.0,148.0,0.0,-100.0,1672,746,926,44.62,100.0,0.766,-5.474,3289,0.02,-99.99,0.0,-100.0,0.0,-15.29
SOL-USDT-SWAP,fade,4H,0.01,0.006,0.01,1,0.0,10.0,148.0,70128.46,47284.1,1284,990,294,77.1,62.54,1.328,2588.545,3289,1487.19,904.86,71649.79,4717.78,70128.46,-2.12
SOL-USDT-SWAP,fade,4H,0.01,0.006,0.015,1,0.0,10.0,148.0,176092.81,118881.63,1284,1064,220,82.87,56.16,1.55,6508.118,3289,25313.78,17003.91,176875.22,598.73,176092.81,-0.44
SOL-USDT-SWAP,fade,4H,0.01,0.006,0.02,1,0.0,10.0,148.0,247612.15,167205.5,1284,1100,184,85.67,55.16,1.864,9153.586,3289,47137.33,31749.54,248394.55,426.96,247612.15,-0.31
SOL-USDT-SWAP,fade,4H,0.01,0.006,0.025,1,0.0,10.0,148.0,299746.34,202431.31,1284,1120,164,87.23,65.24,2.172,11082.006,3289,63272.99,42652.02,300528.75,374.97,299746.34,-0.26
SOL-USDT-SWAP,fade,4H,0.01,0.006,0.03,1,0.0,10.0,148.0,330041.1,222900.74,1284,1130,154,88.01,68.56,2.347,12202.595,3289,85892.98,57935.8,330823.51,285.16,330041.1,-0.24
SOL-USDT-SWAP,fade,4H,0.01,0.008,0.01,1,0.0,10.0,148.0,165969.69,112041.68,1284,903,381,70.33,52.56,1.471,6133.669,3289,6138.09,4047.35,169081.02,2654.62,165969.69,-1.84
SOL-USDT-SWAP,fade,4H,0.01,0.008,0.015,1,0.0,10.0,148.0,279998.48,189088.16,1284,973,311,75.78,48.08,1.664,10351.542,3289,63262.51,42644.94,281346.99,344.73,279998.48,-0.48
SOL-USDT-SWAP,fade,4H,0.01,0.008,0.02,1,0.0,10.0,148.0,352743.32,238240.08,1284,1004,280,78.19,52.54,1.869,13042.34,3289,91769.2,61906.22,354091.83,285.85,352743.32,-0.38
SOL-USDT-SWAP,fade,4H,0.01,0.008,0.025,1,0.0,10.0,148.0,401415.41,271126.63,1284,1022,262,79.6,61.1,2.063,14842.699,3289,107446.24,72498.81,402763.92,274.85,401415.41,-0.33
SOL-USDT-SWAP,fade,4H,0.01,0.008,0.03,1,0.0,10.0,148.0,433622.07,292887.89,1284,1031,253,80.3,68.56,2.197,16034.008,3289,131868.43,89000.29,434970.58,229.85,433622.07,-0.31
SOL-USDT-SWAP,fade,4H,0.01,0.01,0.01,1,0.0,10.0,148.0,162059.88,109399.92,1284,807,477,62.85,61.78,1.325,5989.047,3289,18006.97,12066.87,164854.44,815.5,162059.88,-1.7
SOL-USDT-SWAP,fade,4H,0.01,0.01,0.015,1,0.0,10.0,148.0,268610.46,181393.55,1284,871,413,67.83,42.82,1.477,9930.304,3289,80539.93,54318.87,269642.21,234.79,268610.46,-0.38
SOL-USDT-SWAP,fade,4H,0.01,0.01,0.02,1,0.0,10.0,148.0,322908.96,218081.73,1284,897,387,69.86,52.54,1.574,11938.781,3289,105348.17,71081.19,323940.7,207.5,322908.96,-0.32
SOL-USDT-SWAP,fade,4H,0.01,0.01,0.025,1,0.0,10.0,148.0,369279.68,249413.3,1284,914,370,71.18,61.1,1.685,13654.013,3289,123295.25,83207.6,370311.43,200.35,369279.68,-0.28
SOL-USDT-SWAP,fade,4H,0.01,0.01,0.03,1,0.0,10.0,148.0,395727.13,267283.2,1284,923,361,71.88,68.56,1.748,14632.292,3289,149394.03,100841.91,396758.88,165.58,395727.13,-0.26
SOL-USDT-SWAP,fade,4H,0.01,0.015,0.01,1,0.0,10.0,148.0,2.26,-98.47,1284,633,651,49.3,99.78,0.972,-5.391,3289,49.39,-66.63,2.92,-94.09,2.26,-22.64
SOL-USDT-SWAP,fade,4H,0.01,0.015,0.015,1,0.0,10.0,148.0,245.74,66.04,1284,696,588,54.21,98.91,1.001,3.615,3289,1049.0,608.78,279.04,-73.4,245.74,-11.93
SOL-USDT-SWAP,fade,4H,0.01,0.015,0.02,1,0.0,10.0,148.0,1294.62,774.74,1284,720,564,56.07,97.5,1.004,42.413,3289,4598.43,3007.05,1470.03,-68.03,1294.62,-11.93
SOL-USDT-SWAP,fade,4H,0.01,0.015,0.025,1,0.0,10.0,148.0,91902.21,61996.09,1284,732,552,57.01,86.67,1.136,3393.946,3289,9137.4,6073.92,93554.96,923.87,91902.21,-1.77
SOL-USDT-SWAP,fade,4H,0.01,0.015,0.03,1,0.0,10.0,148.0,95757.83,64601.23,1284,739,545,57.55,83.5,1.141,3536.564,3289,9797.92,6520.21,97410.58,894.2,95757.83,-1.7
SOL-USDT-SWAP,fade,4H,0.01,0.02,0.01,1,0.0,10.0,148.0,0.0,-100.0,1284,541,743,42.13,100.0,0.789,-5.474,3289,0.16,-99.89,0.0,-100.0,0.0,-19.21
SOL-USDT-SWAP,fade,4H,0.01,0.02,0.015,1,0.0,10.0,148.0,0.0,-100.0,1284,601,683,46.81,100.0,0.886,-5.474,3289,1.77,-98.81,0.0,-100.0,0.0,-8.03
SOL-USDT-SWAP,fade,4H,0.01,0.02,0.02,1,0.0,10.0,148.0,0.0,-100.0,1284,623,661,48.52,100.0,0.926,-5.474,3289,7.79,-94.74,0.0,-100.0,0.0,-8.03
SOL-USDT-SWAP,fade,4H,0.01,0.02,0.025,1,0.0,10.0,148.0,0.0,-100.0,1284,634,650,49.38,100.0,0.918,-5.474,3289,6.1,-95.88,0.0,-100.0,0.0,-8.03
SOL-USDT-SWAP,fade,4H,0.01,0.02,0.03,1,0.0,10.0,148.0,0.0,-100.0,1284,643,641,50.08,100.0,0.918,-5.474,3289,13.11,-91.14,0.0,-100.0,0.0,-8.03
SOL-USDT-SWAP,fade,4H,0.01,0.03,0.01,1,0.0,10.0,148.0,0.0,-100.0,1284,493,791,38.4,100.0,0.678,-5.474,3289,0.0,-100.0,0.0,-100.0,0.0,-18.74
SOL-USDT-SWAP,fade,4H,0.01,0.03,0.015,1,0.0,10.0,148.0,0.0,-100.0,1284,549,735,42.76,100.0,0.699,-5.474,3289,0.01,-99.99,0.0,-100.0,0.0,-7.5
SOL-USDT-SWAP,fade,4H,0.01,0.03,0.02,1,0.0,10.0,148.0,0.0,-100.0,1284,570,714,44.39,100.0,0.742,-5.474,3289,0.09,-99.94,0.0,-100.0,0.0,-7.5
SOL-USDT-SWAP,fade,4H,0.01,0.03,0.025,1,0.0,10.0,148.0,0.0,-100.0,1284,578,706,45.02,100.0,0.721,-5.474,3289,0.06,-99.96,0.0,-100.0,0.0,-7.5
SOL-USDT-SWAP,fade,4H,0.01,0.03,0.03,1,0.0,10.0,148.0,0.0,-100.0,1284,586,698,45.64,100.0,0.677,-5.474,3289,0.09,-99.94,0.0,-100.0,0.0,-7.5
SOL-USDT-SWAP,reversal,6H,0.001,0.006,0.01,1,0.0,10.0,148.0,0.03,-99.98,1374,988,386,71.91,99.98,0.665,-5.453,2201,5.65,-96.18,0.04,-99.28,0.03,-25.77
SOL-USDT-SWAP,reversal,6H,0.001,0.006,0.015,1,0.0,10.0,148.0,136.03,-8.09,1374,1100,274,80.06,98.7,0.999,-0.441,2201,747.76,405.24,136.79,-81.71,136.03,-0.56
SOL-USDT-SWAP,reversal,6H,0.001,0.006,0.02,1,0.0,10.0,148.0,111733.16,75395.38,1374,1157,217,84.21,58.3,1.265,4112.475,2201,32353.07,21760.18,111643.62,245.08,111733.16,0.08
SOL-USDT-SWAP,reversal,6H,0.001,0.006,0.025,1,0.0,10.0,148.0,163249.17,110203.49,1374,1178,196,85.74,61.75,1.395,6011.1,2201,52966.08,35687.89,163159.64,208.05,163249.17,0.05
SOL-USDT-SWAP,reversal,6H,0.001,0.006,0.03,1,0.0,10.0,148.0,221434.97,149518.22,1374,1195,179,86.97,66.23,1.582,8155.539,2201,77967.56,52580.78,221345.44,183.89,221434.97,0.04
SOL-USDT-SWAP,reversal,6H,0.001,0.008,0.01,1,0.0,10.0,148.0,0.0,-100.0,1374,865,509,62.95,100.0,0.797,-5.454,2201,7.39,-95.01,0.01,-99.93,0.0,-38.64
SOL-USDT-SWAP,reversal,6H,0.001,0.008,0.015,1,0.0,10.0,148.0,11.68,-92.11,1374,976,398,71.03,99.61,0.988,-5.024,2201,704.74,376.18,13.37,-98.1,11.68,-12.67
SOL-USDT-SWAP,reversal,6H,0.001,0.008,0.02,1,0.0,10.0,148.0,37112.84,24976.24,1374,1027,347,74.75,86.73,1.065,1362.341,2201,27665.26,18592.74,38891.43,40.58,37112.84,-4.57
SOL-USDT-SWAP,reversal,6H,0.001,0.008,0.025,1,0.0,10.0,148.0,101981.88,68806.68,1374,1046,328,76.13,72.63,1.166,3753.091,2201,34504.85,23214.09,103760.47,200.71,101981.88,-1.71
SOL-USDT-SWAP,reversal,6H,0.001,0.008,0.03,1,0.0,10.0,148.0,123356.12,83248.73,1374,1058,316,77.0,76.42,1.203,4540.84,2201,46443.15,31280.5,125134.71,169.44,123356.12,-1.42
SOL-USDT-SWAP,reversal,6H,0.001,0.01,0.01,1,0.0,10.0,148.0,0.0,-100.0,1374,763,611,55.53,100.0,0.743,-5.455,2201,0.37,-99.75,0.0,-99.97,0.0,-48.27
SOL-USDT-SWAP,reversal,6H,0.001,0.01,0.015,1,0.0,10.0,148.0,0.03,-99.98,1374,862,512,62.74,99.99,0.932,-5.454,2201,26.08,-82.38,0.04,-99.86,0.03,-29.27
SOL-USDT-SWAP,reversal,6H,0.001,0.01,0.02,1,0.0,10.0,148.0,0.39,-99.73,1374,905,469,65.87,99.99,0.99,-5.44,2201,405.32,173.86,0.59,-99.85,0.39,-33.55
SOL-USDT-SWAP,reversal,6H,0.001,0.01,0.025,1,0.0,10.0,148.0,1.64,-98.89,1374,923,451,67.18,99.96,0.991,-5.394,2201,404.05,173.01,2.1,-99.48,1.64,-21.9
SOL-USDT-SWAP,reversal,6H,0.001,0.01,0.03,1,0.0,10.0,148.0,1.09,-99.26,1374,932,442,67.83,99.98,0.995,-5.414,2201,1213.95,720.24,1.4,-99.88,1.09,-21.9
SOL-USDT-SWAP,reversal,6H,0.001,0.015,0.01,1,0.0,10.0,148.0,0.0,-100.0,1374,611,763,44.47,100.0,0.515,-5.455,2201,0.04,-99.97,0.0,-100.0,0.0,-45.88
SOL-USDT-SWAP,reversal,6H,0.001,0.015,0.015,1,0.0,10.0,148.0,0.0,-100.0,1374,697,677,50.73,100.0,0.746,-5.455,2201,2.22,-98.5,0.0,-100.0,0.0,-43.33
SOL-USDT-SWAP,reversal,6H,0.001,0.015,0.02,1,0.0,10.0,148.0,0.0,-100.0,1374,735,639,53.49,100.0,0.925,-5.455,2201,20.26,-86.31,0.0,-100.0,0.0,-43.39
SOL-USDT-SWAP,reversal,6H,0.001,0.015,0.025,1,0.0,10.0,148.0,0.0,-100.0,1374,748,626,54.44,100.0,0.913,-5.455,2201,11.03,-92.55,0.0,-100.0,0.0,-33.46
SOL-USDT-SWAP,reversal,6H,0.001,0.015,0.03,1,0.0,10.0,148.0,0.0,-100.0,1374,757,617,55.09,100.0,0.956,-5.455,2201,48.6,-67.16,0.0,-100.0,0.0,-33.46
SOL-USDT-SWAP,reversal,6H,0.001,0.02,0.01,1,0.0,10.0,148.0,0.0,-100.0,1374,540,834,39.3,100.0,0.592,-5.455,2201,0.04,-99.97,0.0,-100.0,0.0,-54.49
SOL-USDT-SWAP,reversal,6H,0.001,0.02,0.015,1,0.0,10.0,148.0,0.0,-100.0,1374,620,754,45.12,100.0,0.783,-5.455,2201,0.77,-99.48,0.0,-100.0,0.0,-52.35
SOL-USDT-SWAP,reversal,6H,0.001,0.02,0.02,1,0.0,10.0,148.0,0.0,-100.0,1374,645,729,46.94,100.0,0.837,-5.455,2201,0.7,-99.53,0.0,-100.0,0.0,-52.39
SOL-USDT-SWAP,reversal,6H,0.001,0.02,0.025,1,0.0,10.0,148.0,0.0,-100.0,1374,654,720,47.6,100.0,0.769,-5.455,2201,0.12,-99.92,0.0,-100.0,0.0,-44.05
SOL-USDT-SWAP,reversal,6H,0.001,0.02,0.03,1,0.0,10.0,148.0,0.0,-100.0,1374,662,712,48.18,100.0,0.795,-5.455,2201,0.21,-99.86,0.0,-100.0,0.0,-44.05
SOL-USDT-SWAP,reversal,6H,0.001,0.03,0.01,1,0.0,10.0,148.0,0.0,-100.0,1374,493,881,35.88,100.0,0.592,-5.455,2201,0.0,-100.0,0.0,-100.0,0.0,-54.49
SOL-USDT-SWAP,reversal,6H,0.001,0.03,0.015,1,0.0,10.0,148.0,0.0,-100.0,1374,571,803,41.56,100.0,0.8,-5.455,2201,0.02,-99.99,0.0,-100.0,0.0,-52.35
SOL-USDT-SWAP,reversal,6H,0.001,0.03,0.02,1,0.0,10.0,148.0,0.0,-100.0,1374,592,782,43.09,100.0,0.796,-5.455,2201,0.01,-99.99,0.0,-100.0,0.0,-52.39
SOL-USDT-SWAP,reversal,6H,0.001,0.03,0.025,1,0.0,10.0,148.0,0.0,-100.0,1374,598,776,43.52,100.0,0.702,-5.455,2201,0.0,-100.0,0.0,-100.0,0.0,-44.05
SOL-USDT-SWAP,reversal,6H,0.001,0.03,0.03,1,0.0,10.0,148.0,0.0,-100.0,1374,605,769,44.03,100.0,0.688,-5.455,2201,0.0,-100.0,0.0,-100.0,0.0,-44.05
SOL-USDT-SWAP,reversal,6H,0.002,0.006,0.01,1,0.0,10.0,148.0,0.67,-99.55,1302,953,349,73.2,99.86,0.656,-5.43,2201,7.35,-95.03,0.81,-89.04,0.67,-17.25
SOL-USDT-SWAP,reversal,6H,0.002,0.006,0.015,1,0.0,10.0,148.0,9081.11,6035.88,1302,1066,236,81.87,95.57,1.092,329.23,2201,1368.96,824.98,8018.12,485.71,9081.11,13.26
SOL-USDT-SWAP,reversal,6H,0.002,0.006,0.02,1,0.0,10.0,148.0,168824.16,113970.38,1302,1121,181,86.1,48.74,1.454,6216.566,2201,38991.77,26245.79,166817.8,327.83,168824.16,1.2
SOL-USDT-SWAP,reversal,6H,0.002,0.006,0.025,1,0.0,10.0,148.0,206339.33,139318.47,1302,1139,163,87.48,57.57,1.562,7599.189,2201,58076.0,39140.54,204332.97,251.84,206339.33,0.98
SOL-USDT-SWAP,reversal,6H,0.002,0.006,0.03,1,0.0,10.0,148.0,262205.42,177065.83,1302,1156,146,88.79,62.44,1.807,9658.136,2201,77882.5,52523.31,260199.06,234.09,262205.42,0.77
SOL-USDT-SWAP,reversal,6H,0.002,0.008,0.01,1,0.0,10.0,148.0,3.89,-97.37,1302,856,446,65.75,98.99,0.912,-5.311,2201,78.09,-47.24,5.75,-92.64,3.89,-32.35
SOL-USDT-SWAP,reversal,6H,0.002,0.008,0.015,1,0.0,10.0,148.0,65183.74,43943.07,1302,964,338,74.04,90.98,1.141,2396.894,2201,25397.91,17060.75,65035.03,156.06,65183.74,0.23
SOL-USDT-SWAP,reversal,6H,0.002,0.008,0.02,1,0.0,10.0,148.0,205626.35,138836.72,1302,1013,289,77.8,49.62,1.355,7572.912,2201,83809.57,56528.09,205477.64,145.17,205626.35,0.07
SOL-USDT-SWAP,reversal,6H,0.002,0.008,0.025,1,0.0,10.0,148.0,229565.05,155011.52,1302,1028,274,78.96,46.66,1.395,8455.174,2201,102724.94,69308.75,229416.34,123.33,229565.05,0.06
SOL-USDT-SWAP,reversal,6H,0.002,0.008,0.03,1,0.0,10.0,148.0,259248.62,175067.99,1302,1040,262,79.88,46.24,1.464,9549.163,2201,115491.53,77934.82,259099.91,124.35,259248.62,0.06
SOL-USDT-SWAP,reversal,6H,0.002,0.01,0.01,1,0.0,10.0,148.0,0.01,-99.99,1302,741,561,56.91,99.99,0.781,-5.454,2201,8.64,-94.16,0.01,-99.83,0.01,-34.31
SOL-USDT-SWAP,reversal,6H,0.002,0.01,0.015,1,0.0,10.0,148.0,19.03,-87.14,1302,840,462,64.52,99.85,0.996,-4.753,2201,2264.16,1429.84,19.35,-99.15,19.03,-1.65
SOL-USDT-SWAP,reversal,6H,0.002,0.01,0.02,1,0.0,10.0,148.0,1460.58,886.88,1302,882,420,67.74,98.89,1.005,48.375,2201,28472.01,19137.85,1485.01,-94.78,1460.58,-1.65
SOL-USDT-SWAP,reversal,6H,0.002,0.01,0.025,1,0.0,10.0,148.0,79770.21,53798.79,1302,896,406,68.82,71.85,1.109,2934.48,2201,41534.39,27963.78,79749.49,92.01,79770.21,0.03
SOL-USDT-SWAP,reversal,6H,0.002,0.01,0.03,1,0.0,10.0,148.0,104798.88,70710.06,1302,907,395,69.66,65.9,1.146,3856.912,2201,58229.81,39244.46,104778.16,79.94,104798.88,0.02
SOL-USDT-SWAP,reversal,6H,0.002,0.015,0.01,1,0.0,10.0,148.0,0.0,-100.0,1302,599,703,46.01,100.0,0.516,-5.455,2201,0.4,-99.73,0.0,-100.0,0.0,-44.19
SOL-USDT-SWAP,reversal,6H,0.002,0.015,0.015,1,0.0,10.0,148.0,0.0,-100.0,1302,679,623,52.15,100.0,0.854,-5.455,2201,18.37,-87.59,0.0,-100.0,0.0,-39.66
SOL-USDT-SWAP,reversal,6H,0.002,0.015,0.02,1,0.0,10.0,148.0,0.0,-100.0,1302,718,584,55.15,100.0,0.973,-5.455,2201,145.6,-1.62,0.0,-100.0,0.0,-39.03
SOL-USDT-SWAP,reversal,6H,0.002,0.015,0.025,1,0.0,10.0,148.0,0.0,-100.0,1302,728,574,55.91,100.0,0.968,-5.455,2201,122.28,-17.38,0.0,-100.0,0.0,-27.55
SOL-USDT-SWAP,reversal,6H,0.002,0.015,0.03,1,0.0,10.0,148.0,0.0,-100.0,1302,735,567,56.45,100.0,0.977,-5.455,2201,330.04,123.0,0.0,-100.0,0.0,-27.55
SOL-USDT-SWAP,reversal,6H,0.002,0.02,0.01,1,0.0,10.0,148.0,0.0,-100.0,1302,515,787,39.55,100.0,0.488,-5.455,2201,0.04,-99.97,0.0,-100.0,0.0,-52.57
SOL-USDT-SWAP,reversal,6H,0.002,0.02,0.015,1,0.0,10.0,148.0,0.0,-100.0,1302,591,711,45.39,100.0,0.73,-5.455,2201,0.83,-99.44,0.0,-100.0,0.0,-48.72
SOL-USDT-SWAP,reversal,6H,0.002,0.02,0.02,1,0.0,10.0,148.0,0.0,-100.0,1302,614,688,47.16,100.0,0.889,-5.455,2201,1.0,-99.32,0.0,-100.0,0.0,-48.18
SOL-USDT-SWAP,reversal,6H,0.002,0.02,0.025,1,0.0,10.0,148.0,0.0,-100.0,1302,621,681,47.7,100.0,0.847,-5.455,2201,0.28,-99.81,0.0,-100.0,0.0,-38.43
SOL-USDT-SWAP,reversal,6H,0.002,0.02,0.03,1,0.0,10.0,148.0,0.0,-100.0,1302,627,675,48.16,100.0,0.818,-5.455,2201,0.3,-99.8,0.0,-100.0,0.0,-38.43
SOL-USDT-SWAP,reversal,6H,0.002,0.03,0.01,1,0.0,10.0,148.0,0.0,-100.0,1302,474,828,36.41,100.0,0.516,-5.455,2201,0.0,-100.0,0.0,-100.0,0.0,-52.57
SOL-USDT-SWAP,reversal,6H,0.002,0.03,0.015,1,0.0,10.0,148.0,0.0,-100.0,1302,547,755,42.01,100.0,0.758,-5.455,2201,0.03,-99.98,0.0,-100.0,0.0,-48.72
SOL-USDT-SWAP,reversal,6H,0.002,0.03,0.02,1,0.0,10.0,148.0,0.0,-100.0,1302,565,737,43.39,100.0,0.825,-5.455,2201,0.02,-99.98,0.0,-100.0,0.0,-48.18
SOL-USDT-SWAP,reversal,6H,0.002,0.03,0.025,1,0.0,10.0,148.0,0.0,-100.0,1302,570,732,43.78,100.0,0.737,-5.455,2201,0.01,-100.0,0.0,-100.0,0.0,-38.43
SOL-USDT-SWAP,reversal,6H,0.002,0.03,0.03,1,0.0,10.0,148.0,0.0,-100.0,1302,576,726,44.24,100.0,0.654,-5.455,2201,0.01,-100.0,0.0,-100.0,0.0,-38.43
SOL-USDT-SWAP,reversal,6H,0.003,0.006,0.01,1,0.0,10.0,148.0,1.18,-99.2,1230,899,331,73.09,99.6,0.764,-5.411,2201,13.84,-90.65,1.38,-90.05,1.18,-14.07
SOL-USDT-SWAP,reversal,6H,0.003,0.006,0.015,1,0.0,10.0,148.0,68113.08,45922.35,1230,1022,208,83.09,94.33,1.409,2504.856,2201,5530.25,3636.66,65229.01,1079.49,68113.08,4.42
SOL-USDT-SWAP,reversal,6H,0.003,0.006,0.02,1,0.0,10.0,148.0,214920.2,145116.35,1230,1075,155,87.4,37.21,1.637,7915.437,2201,65493.51,44152.37,212036.13,223.75,214920.2,1.36
SOL-USDT-SWAP,reversal,6H,0.003,0.006,0.025,1,0.0,10.0,148.0,271177.92,183128.32,1230,1097,133,89.19,45.03,1.897,9988.818,2201,84950.29,57298.84,268293.84,215.82,271177.92,1.07
SOL-USDT-SWAP,reversal,6H,0.003,0.006,0.03,1,0.0,10.0,148.0,325903.24,220104.89,1230,1113,117,90.49,44.52,2.249,12005.721,2201,106247.12,71688.6,323019.17,204.03,325903.24,0.89
SOL-USDT-SWAP,reversal,6H,0.003,0.008,0.01,1,0.0,10.0,148.0,40.89,-72.37,1230,817,413,66.42,98.85,0.946,-3.947,2201,32.09,-78.32,49.0,52.7,40.89,-16.55
SOL-USDT-SWAP,reversal,6H,0.003,0.008,0.015,1,0.0,10.0,148.0,101533.54,68503.74,1230,926,304,75.28,95.21,1.356,3736.568,2201,8913.37,5922.55,98744.54,1007.82,101533.54,2.82
SOL-USDT-SWAP,reversal,6H,0.003,0.008,0.02,1,0.0,10.0,148.0,256130.27,172960.99,1230,972,258,79.02,30.48,1.506,9434.236,2201,80847.95,54526.99,253341.28,213.36,256130.27,1.1
SOL-USDT-SWAP,reversal,6H,0.003,0.008,0.025,1,0.0,10.0,148.0,296529.8,200257.98,1230,990,240,80.49,30.2,1.605,10923.162,2201,94040.61,63440.95,293740.81,212.36,296529.8,0.95
SOL-USDT-SWAP,reversal,6H,0.003,0.008,0.03,1,0.0,10.0,148.0,352315.59,237951.08,1230,1005,225,81.71,37.8,1.794,12979.15,2201,115210.63,77745.02,349526.6,203.38,352315.59,0.8
SOL-USDT-SWAP,reversal,6H,0.003,0.01,0.01,1,0.0,10.0,148.0,0.85,-99.43,1230,720,510,58.54,99.78,0.865,-5.423,2201,16.94,-88.55,1.25,-92.62,0.85,-32.29
SOL-USDT-SWAP,reversal,6H,0.003,0.01,0.015,1,0.0,10.0,148.0,10594.78,7058.63,1230,824,406,66.99,99.38,1.053,385.016,2201,5525.66,3633.56,10123.19,83.2,10594.78,4.66
SOL-USDT-SWAP,reversal,6H,0.003,0.01,0.02,1,0.0,10.0,148.0,178225.57,120322.68,1230,864,366,70.24,47.03,1.265,6563.055,2201,62711.87,42272.88,177306.72,182.73,178225.57,0.52
SOL-USDT-SWAP,reversal,6H,0.003,0.01,0.025,1,0.0,10.0,148.0,197529.09,133365.6,1230,880,350,71.54,47.15,1.291,7274.487,2201,71457.19,48181.88,196610.24,175.14,197529.09,0.47
SOL-USDT-SWAP,reversal,6H,0.003,0.01,0.03,1,0.0,10.0,148.0,219934.58,148504.45,1230,891,339,72.44,58.05,1.344,8100.242,2201,77919.13,52548.06,219015.73,181.08,219934.58,0.42
SOL-USDT-SWAP,reversal,6H,0.003,0.015,0.01,1,0.0,10.0,148.0,0.0,-100.0,1230,579,651,47.07,100.0,0.706,-5.455,2201,1.21,-99.18,0.0,-99.99,0.0,-42.47
SOL-USDT-SWAP,reversal,6H,0.003,0.015,0.015,1,0.0,10.0,148.0,0.01,-100.0,1230,662,568,53.82,100.0,0.894,-5.454,2201,27.79,-81.22,0.01,-99.96,0.01,-30.16
SOL-USDT-SWAP,reversal,6H,0.003,0.015,0.02,1,0.0,10.0,148.0,0.24,-99.84,1230,696,534,56.59,99.99,0.989,-5.446,2201,445.56,201.05,0.3,-99.93,0.24,-21.18
SOL-USDT-SWAP,reversal,6H,0.003,0.015,0.025,1,0.0,10.0,148.0,0.03,-99.98,1230,707,523,57.48,100.0,0.991,-5.454,2201,398.94,169.55,0.03,-99.99,0.03,-21.18
SOL-USDT-SWAP,reversal,6H,0.003,0.015,0.03,1,0.0,10.0,148.0,0.05,-99.97,1230,714,516,58.05,100.0,0.995,-5.453,2201,1205.51,714.53,0.06,-100.0,0.05,-21.18
SOL-USDT-SWAP,reversal,6H,0.003,0.02,0.01,1,0.0,10.0,148.0,0.0,-100.0,1230,502,728,40.81,100.0,0.598,-5.455,2201,0.14,-99.9,0.0,-100.0,0.0,-50.61
SOL-USDT-SWAP,reversal,6H,0.003,0.02,0.015,1,0.0,10.0,148.0,0.0,-100.0,1230,577,653,46.91,100.0,0.772,-5.455,2201,2.13,-98.56,0.0,-100.0,0.0,-40.04
SOL-USDT-SWAP,reversal,6H,0.003,0.02,0.02,1,0.0,10.0,148.0,0.0,-100.0,1230,602,628,48.94,100.0,0.948,-5.455,2201,7.84,-94.7,0.0,-100.0,0.0,-32.33
SOL-USDT-SWAP,reversal,6H,0.003,0.02,0.025,1,0.0,10.0,148.0,0.0,-100.0,1230,609,621,49.51,100.0,0.921,-5.455,2201,1.18,-99.21,0.0,-100.0,0.0,-32.33
SOL-USDT-SWAP,reversal,6H,0.003,0.02,0.03,1,0.0,10.0,148.0,0.0,-100.0,1230,615,615,50.0,100.0,0.92,-5.455,2201,1.96,-98.68,0.0,-100.0,0.0,-32.33
SOL-USDT-SWAP,reversal,6H,0.003,0.03,0.01,1,0.0,10.0,148.0,0.0,-100.0,1230,452,778,36.75,100.0,0.576,-5.455,2201,0.01,-100.0,0.0,-100.0,0.0,-50.61
SOL-USDT-SWAP,reversal,6H,0.003,0.03,0.015,1,0.0,10.0,148.0,0.0,-100.0,1230,522,708,42.44,100.0,0.749,-5.455,2201,0.04,-99.98,0.0,-100.0,0.0,-40.04
SOL-USDT-SWAP,reversal,6H,0.003,0.03,0.02,1,0.0,10.0,148.0,0.0,-100.0,1230,542,688,44.07,100.0,0.832,-5.455,2201,0.04,-99.97,0.0,-100.0,0.0,-32.33
SOL-USDT-SWAP,reversal,6H,0.003,0.03,0.025,1,0.0,10.0,148.0,0.0,-100.0,1230,548,682,44.55,100.0,0.753,-5.455,2201,0.01,-99.99,0.0,-100.0,0.0,-32.33
SOL-USDT-SWAP,reversal,6H,0.003,0.03,0.03,1,0.0,10.0,148.0,0.0,-100.0,1230,552,678,44.88,100.0,0.69,-5.455,2201,0.01,-99.99,0.0,-100.0,0.0,-32.33
SOL-USDT-SWAP,reversal,6H,0.005,0.006,0.01,1,0.0,10.0,148.0,34.89,-76.43,1089,809,280,74.29,98.75,0.964,-4.169,2201,257.71,74.13,28.97,-88.76,34.89,20.43
SOL-USDT-SWAP,reversal,6H,0.005,0.006,0.015,1,0.0,10.0,148.0,158964.09,107308.17,1089,928,161,85.22,37.58,1.521,5853.173,2201,61420.17,41400.12,154855.38,152.12,158964.09,2.65
SOL-USDT-SWAP,reversal,6H,0.005,0.006,0.02,1,0.0,10.0,148.0,225386.97,152188.49,1089,965,124,88.61,22.01,1.814,8301.19,2201,83730.1,56474.39,221278.26,164.28,225386.97,1.86
SOL-USDT-SWAP,reversal,6H,0.005,0.006,0.025,1,0.0,10.0,148.0,289465.28,195484.65,1089,988,101,90.73,27.0,2.24,10662.799,2201,110999.26,74899.5,285356.57,157.08,289465.28,1.44
SOL-USDT-SWAP,reversal,6H,0.005,0.006,0.03,1,0.0,10.0,148.0,328406.94,221796.58,1089,1000,89,91.83,32.0,2.616,12097.995,2201,123109.25,83081.93,324298.23,163.42,328406.94,1.27
SOL-USDT-SWAP,reversal,6H,0.005,0.008,0.01,1,0.0,10.0,148.0,9068.97,6027.69,1089,751,338,68.96,95.37,1.084,328.783,2201,1138.52,669.27,8825.71,675.19,9068.97,2.76
SOL-USDT-SWAP,reversal,6H,0.005,0.008,0.015,1,0.0,10.0,148.0,255020.63,172211.23,1089,861,228,79.06,47.5,1.634,9393.34,2201,80738.0,54452.7,251029.58,210.92,255020.63,1.59
SOL-USDT-SWAP,reversal,6H,0.005,0.008,0.02,1,0.0,10.0,148.0,326468.94,220487.12,1089,897,192,82.37,24.74,1.859,12026.57,2201,104952.78,70814.04,322477.9,207.26,326468.94,1.24
SOL-USDT-SWAP,reversal,6H,0.005,0.008,0.025,1,0.0,10.0,148.0,387833.17,261949.44,1089,917,172,84.21,27.3,2.129,14288.151,2201,130736.1,88235.2,383842.13,193.6,387833.17,1.04
SOL-USDT-SWAP,reversal,6H,0.005,0.008,0.03,1,0.0,10.0,148.0,439805.5,297065.88,1089,929,160,85.31,32.0,2.451,16203.593,2201,145699.54,98345.64,435814.45,199.12,439805.5,0.92
SOL-USDT-SWAP,reversal,6H,0.005,0.01,0.01,1,0.0,10.0,148.0,2709.38,1730.66,1089,675,414,61.98,97.55,1.077,94.4,2201,712.31,381.29,2714.25,281.05,2709.38,-0.18
SOL-USDT-SWAP,reversal,6H,0.005,0.01,0.015,1,0.0,10.0,148.0,232015.15,156666.99,1089,772,317,70.89,48.52,1.432,8545.472,2201,76641.89,51685.06,228422.76,198.04,232015.15,1.57
SOL-USDT-SWAP,reversal,6H,0.005,0.01,0.02,1,0.0,10.0,148.0,297359.16,200818.35,1089,803,286,73.74,24.74,1.567,10953.728,2201,99640.23,67224.48,293766.76,194.83,297359.16,1.22
SOL-USDT-SWAP,reversal,6H,0.005,0.01,0.025,1,0.0,10.0,148.0,355502.13,240104.14,1089,823,266,75.57,27.3,1.722,13096.59,2201,122223.11,82483.18,351909.74,187.92,355502.13,1.02
SOL-USDT-SWAP,reversal,6H,0.005,0.01,0.03,1,0.0,10.0,148.0,410608.55,277338.21,1089,834,255,76.58,32.0,1.905,15127.539,2201,140263.07,94672.34,407016.15,190.18,410608.55,0.88
SOL-USDT-SWAP,reversal,6H,0.005,0.015,0.01,1,0.0,10.0,148.0,0.62,-99.58,1089,538,551,49.4,99.95,0.968,-5.432,2201,65.45,-55.78,0.74,-98.86,0.62,-16.09
SOL-USDT-SWAP,reversal,6H,0.005,0.015,0.015,1,0.0,10.0,148.0,945.76,539.03,1089,618,471,56.75,99.54,1.005,29.401,2201,11393.61,7598.39,954.08,-91.63,945.76,-0.87
SOL-USDT-SWAP,reversal,6H,0.005,0.015,0.02,1,0.0,10.0,148.0,114178.91,77047.91,1089,643,446,59.04,72.68,1.145,4202.613,2201,43168.8,29068.11,111868.14,159.14,114178.91,2.07
SOL-USDT-SWAP,reversal,6H,0.005,0.015,0.025,1,0.0,10.0,148.0,121705.16,82133.21,1089,656,433,60.24,55.36,1.15,4479.993,2201,58723.49,39578.03,119394.39,103.32,121705.16,1.94
SOL-USDT-SWAP,reversal,6H,0.005,0.015,0.03,1,0.0,10.0,148.0,142176.46,95965.18,1089,661,428,60.7,56.51,1.174,5234.464,2201,69697.54,46992.93,139865.7,100.68,142176.46,1.65
SOL-USDT-SWAP,reversal,6H,0.005,0.02,0.01,1,0.0,10.0,148.0,0.0,-100.0,1089,455,634,41.78,100.0,0.797,-5.455,2201,2.21,-98.51,0.0,-100.0,0.0,-42.76
SOL-USDT-SWAP,reversal,6H,0.005,0.02,0.015,1,0.0,10.0,148.0,0.0,-100.0,1089,523,566,48.03,100.0,0.98,-5.455,2201,91.52,-38.16,0.0,-100.0,0.0,-29.1
SOL-USDT-SWAP,reversal,6H,0.005,0.02,0.02,1,0.0,10.0,148.0,0.0,-100.0,1089,543,546,49.86,100.0,0.98,-5.455,2201,78.35,-47.06,0.0,-100.0,0.0,-18.27
SOL-USDT-SWAP,reversal,6H,0.005,0.02,0.025,1,0.0,10.0,148.0,0.0,-100.0,1089,555,534,50.96,100.0,0.984,-5.455,2201,68.01,-54.05,0.0,-100.0,0.0,-18.27
SOL-USDT-SWAP,reversal,6H,0.005,0.02,0.03,1,0.0,10.0,148.0,0.0,-100.0,1089,560,529,51.42,100.0,0.99,-5.455,2201,99.5,-32.77,0.0,-100.0,0.0,-18.27
SOL-USDT-SWAP,reversal,6H,0.005,0.03,0.01,1,0.0,10.0,148.0,0.0,-100.0,1089,415,674,38.11,100.0,0.782,-5.455,2201,0.5,-99.66,0.0,-100.0,0.0,-42.76
SOL-USDT-SWAP,reversal,6H,0.005,0.03,0.015,1,0.0,10.0,148.0,0.0,-100.0,1089,468,621,42.98,100.0,0.906,-5.455,2201,0.82,-99.44,0.0,-100.0,0.0,-29.1
SOL-USDT-SWAP,reversal,6H,0.005,0.03,0.02,1,0.0,10.0,148.0,0.0,-100.0,1089,485,604,44.54,100.0,0.852,-5.455,2201,0.25,-99.83,0.0,-100.0,0.0,-18.27
SOL-USDT-SWAP,reversal,6H,0.005,0.03,0.025,1,0.0,10.0,148.0,0.0,-100.0,1089,496,593,45.55,100.0,0.801,-5.455,2201,0.16,-99.89,0.0,-100.0,0.0,-18.27
SOL-USDT-SWAP,reversal,6H,0.005,0.03,0.03,1,0.0,10.0,148.0,0.0,-100.0,1089,499,590,45.82,100.0,0.808,-5.455,2201,0.13,-99.91,0.0,-100.0,0.0,-18.27
SOL-USDT-SWAP,reversal,6H,0.007,0.006,0.01,1,0.0,10.0,148.0,556.41,275.95,944,717,227,75.95,93.37,1.014,15.052,2201,1773.65,1098.41,580.87,-67.25,556.41,-4.21
SOL-USDT-SWAP,reversal,6H,0.007,0.006,0.015,1,0.0,10.0,148.0,130603.75,88145.78,944,807,137,85.49,37.68,1.475,4807.952,2201,42635.03,28707.45,131810.23,209.16,130603.75,-0.92
SOL-USDT-SWAP,reversal,6H,0.007,0.006,0.02,1,0.0,10.0,148.0,184285.17,124417.01,944,837,107,88.67,22.0,1.753,6786.382,2201,58713.73,39571.44,183298.78,212.19,184285.17,0.54
SOL-USDT-SWAP,reversal,6H,0.007,0.006,0.025,1,0.0,10.0,148.0,247929.83,167420.15,944,860,84,91.1,27.0,2.255,9132.008,2201,87033.46,58706.39,246943.44,183.73,247929.83,0.4
SOL-USDT-SWAP,reversal,6H,0.007,0.006,0.03,1,0.0,10.0,148.0,290128.65,195932.87,944,873,71,92.48,32.0,2.801,10687.247,2201,89481.91,60360.75,289142.26,223.13,290128.65,0.34
SOL-USDT-SWAP,reversal,6H,0.007,0.008,0.01,1,0.0,10.0,148.0,105755.8,71356.62,944,675,269,71.5,49.03,1.284,3892.179,2201,42057.21,28317.04,105012.27,149.69,105755.8,0.71
SOL-USDT-SWAP,reversal,6H,0.007,0.008,0.015,1,0.0,10.0,148.0,270277.89,182520.2,944,765,179,81.04,22.96,1.807,9955.647,2201,106914.75,72139.7,270284.37,152.8,270277.89,-0.0
SOL-USDT-SWAP,reversal,6H,0.007,0.008,0.02,1,0.0,10.0,148.0,331894.18,224152.82,944,793,151,84.0,22.0,2.086,12226.518,2201,128015.61,86397.03,329707.79,157.55,331894.18,0.66
SOL-USDT-SWAP,reversal,6H,0.007,0.008,0.025,1,0.0,10.0,148.0,392958.15,265412.26,944,814,130,86.23,27.0,2.501,14477.032,2201,155120.93,104711.44,390771.76,151.91,392958.15,0.56
SOL-USDT-SWAP,reversal,6H,0.007,0.008,0.03,1,0.0,10.0,148.0,439245.33,296687.38,944,827,117,87.61,32.0,2.943,16182.948,2201,158005.04,106660.16,437058.94,176.61,439245.33,0.5
SOL-USDT-SWAP,reversal,6H,0.007,0.01,0.01,1,0.0,10.0,148.0,143096.78,96587.01,944,621,323,65.78,51.03,1.333,5268.383,2201,41882.48,28198.97,141853.43,238.69,143096.78,0.88
SOL-USDT-SWAP,reversal,6H,0.007,0.01,0.015,1,0.0,10.0,148.0,302932.21,204583.92,944,705,239,74.68,30.45,1.704,11159.123,2201,105579.88,71237.75,302438.86,186.46,302932.21,0.16
SOL-USDT-SWAP,reversal,6H,0.007,0.01,0.02,1,0.0,10.0,148.0,366613.5,247611.82,944,732,212,77.54,24.96,1.917,13506.099,2201,123342.35,83239.43,363927.29,195.05,366613.5,0.74
SOL-USDT-SWAP,reversal,6H,0.007,0.01,0.025,1,0.0,10.0,148.0,430693.94,290909.42,944,751,193,79.56,29.79,2.208,15867.786,2201,149825.28,101133.29,428007.73,185.67,430693.94,0.63
SOL-USDT-SWAP,reversal,6H,0.007,0.01,0.03,1,0.0,10.0,148.0,488987.84,330297.19,944,764,180,80.93,32.0,2.554,18016.21,2201,155381.14,104887.26,486301.63,212.97,488987.84,0.55
SOL-USDT-SWAP,reversal,6H,0.007,0.015,0.01,1,0.0,10.0,148.0,447.29,202.22,944,486,458,51.48,98.91,1.002,11.03,2201,11335.1,7558.85,444.23,-96.08,447.29,0.69
SOL-USDT-SWAP,reversal,6H,0.007,0.015,0.015,1,0.0,10.0,148.0,113836.34,76816.45,944,551,393,58.37,48.69,1.169,4189.988,2201,63026.0,42485.14,114197.59,81.19,113836.34,-0.32
SOL-USDT-SWAP,reversal,6H,0.007,0.015,0.02,1,0.0,10.0,148.0,135192.78,91246.47,944,569,375,60.28,41.7,1.196,4977.08,2201,75259.81,50751.22,133361.17,77.2,135192.78,1.37
SOL-USDT-SWAP,reversal,6H,0.007,0.015,0.025,1,0.0,10.0,148.0,156944.59,105943.64,944,581,363,61.55,48.96,1.228,5778.744,2201,93626.94,63161.44,155112.98,65.67,156944.59,1.18
SOL-USDT-SWAP,reversal,6H,0.007,0.015,0.03,1,0.0,10.0,148.0,221887.77,149824.17,944,593,351,62.82,44.79,1.342,8172.228,2201,99966.66,67445.04,220056.16,120.13,221887.77,0.83
SOL-USDT-SWAP,reversal,6H,0.007,0.02,0.01,1,0.0,10.0,148.0,0.01,-99.99,944,416,528,44.07,100.0,0.936,-5.454,2201,84.3,-43.04,0.02,-99.98,0.01,-21.86
SOL-USDT-SWAP,reversal,6H,0.007,0.02,0.015,1,0.0,10.0,148.0,0.18,-99.88,944,476,468,50.42,100.0,0.991,-5.448,2201,947.58,540.26,0.23,-99.98,0.18,-21.06
SOL-USDT-SWAP,reversal,6H,0.007,0.02,0.02,1,0.0,10.0,148.0,0.02,-99.99,944,490,454,51.91,100.0,0.989,-5.454,2201,501.8,239.06,0.02,-100.0,0.02,-7.1
SOL-USDT-SWAP,reversal,6H,0.007,0.02,0.025,1,0.0,10.0,148.0,0.01,-100.0,944,500,444,52.97,100.0,0.993,-5.454,2201,1348.85,811.39,0.01,-100.0,0.01,-7.1
SOL-USDT-SWAP,reversal,6H,0.007,0.02,0.03,1,0.0,10.0,148.0,0.05,-99.96,944,509,435,53.92,100.0,0.995,-5.453,2201,1693.22,1044.07,0.06,-100.0,0.05,-7.1
SOL-USDT-SWAP,reversal,6H,0.007,0.03,0.01,1,0.0,10.0,148.0,0.0,-100.0,944,363,581,38.45,100.0,0.853,-5.455,2201,1.92,-98.7,0.0,-100.0,0.0,-21.86
SOL-USDT-SWAP,reversal,6H,0.007,0.03,0.015,1,0.0,10.0,148.0,0.0,-100.0,944,410,534,43.43,100.0,0.889,-5.455,2201,1.28,-99.14,0.0,-100.0,0.0,-21.06
SOL-USDT-SWAP,reversal,6H,0.007,0.03,0.02,1,0.0,10.0,148.0,0.0,-100.0,944,421,523,44.6,100.0,0.828,-5.455,2201,0.34,-99.77,0.0,-100.0,0.0,-7.1
SOL-USDT-SWAP,reversal,6H,0.007,0.03,0.025,1,0.0,10.0,148.0,0.0,-100.0,944,430,514,45.55,100.0,0.774,-5.455,2201,0.32,-99.78,0.0,-100.0,0.0,-7.1
SOL-USDT-SWAP,reversal,6H,0.007,0.03,0.03,1,0.0,10.0,148.0,0.0,-100.0,944,435,509,46.08,100.0,0.746,-5.455,2201,0.17,-99.89,0.0,-100.0,0.0,-7.1
SOL-USDT-SWAP,reversal,6H,0.01,0.006,0.01,1,0.0,10.0,148.0,583.14,294.01,753,578,175,76.76,90.6,1.026,16.037,2201,1560.05,954.09,479.3,-69.28,583.14,21.67
SOL-USDT-SWAP,reversal,6H,0.01,0.006,0.015,1,0.0,10.0,148.0,45704.78,30781.61,753,638,115,84.73,86.81,1.397,1678.997,2201,5300.54,3481.45,42704.78,705.67,45704.78,7.02
SOL-USDT-SWAP,reversal,6H,0.01,0.006,0.02,1,0.0,10.0,148.0,143125.05,96606.12,753,676,77,89.77,32.01,1.806,5269.425,2201,41076.98,27654.72,140125.05,241.13,143125.05,2.14
SOL-USDT-SWAP,reversal,6H,0.01,0.006,0.025,1,0.0,10.0,148.0,184483.38,124550.93,753,693,60,92.03,35.97,2.233,6793.687,2201,49923.67,33632.21,181483.38,263.52,184483.38,1.65
SOL-USDT-SWAP,reversal,6H,0.01,0.006,0.03,1,0.0,10.0,148.0,229996.62,155303.12,753,706,47,93.76,40.35,2.936,8471.079,2201,58581.9,39482.37,226996.62,287.49,229996.62,1.32
SOL-USDT-SWAP,reversal,6H,0.01,0.008,0.01,1,0.0,10.0,148.0,93825.5,63295.61,753,550,203,73.04,44.35,1.316,3452.488,2201,27742.86,18645.18,90400.74,225.85,93825.5,3.79
SOL-USDT-SWAP,reversal,6H,0.01,0.008,0.015,1,0.0,10.0,148.0,169015.93,114099.95,753,603,150,80.08,32.28,1.593,6223.634,2201,49175.98,33127.01,165591.16,236.73,169015.93,2.07
SOL-USDT-SWAP,reversal,6H,0.01,0.008,0.02,1,0.0,10.0,148.0,240694.7,162531.55,753,636,117,84.46,27.56,1.978,8865.358,2201,83602.42,56388.12,237269.94,183.81,240694.7,1.44
SOL-USDT-SWAP,reversal,6H,0.01,0.008,0.025,1,0.0,10.0,148.0,283567.84,191499.89,753,653,100,86.72,32.2,2.283,10445.449,2201,98071.01,66164.2,280143.08,185.65,283567.84,1.22
SOL-USDT-SWAP,reversal,6H,0.01,0.008,0.03,1,0.0,10.0,148.0,336522.69,227280.19,753,667,86,88.58,36.85,2.833,12397.101,2201,106652.51,71962.51,333097.92,212.32,336522.69,1.03
SOL-USDT-SWAP,reversal,6H,0.01,0.01,0.01,1,0.0,10.0,148.0,162116.61,109438.25,753,517,236,68.66,34.09,1.467,5969.359,2201,73736.27,49721.8,161672.3,119.26,162116.61,0.27
SOL-USDT-SWAP,reversal,6H,0.01,0.01,0.015,1,0.0,10.0,148.0,240357.37,162303.63,753,567,186,75.3,22.91,1.712,8852.925,2201,98786.13,66647.39,238024.5,140.95,240357.37,0.98
SOL-USDT-SWAP,reversal,6H,0.01,0.01,0.02,1,0.0,10.0,148.0,313626.02,211809.48,753,598,155,79.42,27.56,2.023,11553.244,2201,133452.77,90070.79,311293.15,133.26,313626.02,0.75
SOL-USDT-SWAP,reversal,6H,0.01,0.01,0.025,1,0.0,10.0,148.0,358243.31,241956.29,753,614,139,81.54,32.2,2.281,13197.616,2201,149890.35,101177.26,355910.43,137.45,358243.31,0.66
SOL-USDT-SWAP,reversal,6H,0.01,0.01,0.03,1,0.0,10.0,148.0,406482.33,274550.22,753,627,126,83.27,36.85,2.662,14975.467,2201,153156.02,103383.8,404149.45,163.88,406482.33,0.58
SOL-USDT-SWAP,reversal,6H,0.01,0.015,0.01,1,0.0,10.0,148.0,119502.21,80644.73,753,421,332,55.91,48.57,1.274,4398.804,2201,57350.74,38650.5,118565.05,106.74,119502.21,0.79
SOL-USDT-SWAP,reversal,6H,0.01,0.015,0.015,1,0.0,10.0,148.0,202037.92,136412.11,753,467,286,62.02,48.62,1.434,7440.661,2201,89969.06,60689.91,199212.19,121.42,202037.92,1.42
SOL-USDT-SWAP,reversal,6H,0.01,0.015,0.02,1,0.0,10.0,148.0,266672.21,180083.93,753,493,260,65.47,53.88,1.594,9822.76,2201,117248.68,79122.08,263846.48,125.03,266672.21,1.07
SOL-USDT-SWAP,reversal,6H,0.01,0.015,0.025,1,0.0,10.0,148.0,330189.55,223001.05,753,507,246,67.33,39.98,1.783,12163.694,2201,140598.48,94898.97,327363.82,132.84,330189.55,0.86
SOL-USDT-SWAP,reversal,6H,0.01,0.015,0.03,1,0.0,10.0,148.0,377073.62,254679.47,753,519,234,68.92,44.09,1.958,13891.608,2201,142685.43,96309.08,374247.89,162.29,377073.62,0.76
SOL-USDT-SWAP,reversal,6H,0.01,0.02,0.01,1,0.0,10.0,148.0,18.33,-87.61,753,350,403,46.48,99.83,0.997,-4.779,2201,3819.04,2480.43,16.79,-99.56,18.33,9.17
SOL-USDT-SWAP,reversal,6H,0.01,0.02,0.015,1,0.0,10.0,148.0,31.68,-78.59,753,390,363,51.79,99.92,0.999,-4.287,2201,14599.78,9764.72,25.38,-99.83,31.68,24.85
SOL-USDT-SWAP,reversal,6H,0.01,0.02,0.02,1,0.0,10.0,148.0,9066.46,6025.98,753,409,344,54.32,92.18,1.016,328.69,2201,36135.5,24315.88,7262.06,-79.9,9066.46,24.85
SOL-USDT-SWAP,reversal,6H,0.01,0.02,0.025,1,0.0,10.0,148.0,35834.09,24112.22,753,416,337,55.25,73.87,1.062,1315.212,2201,42925.09,28903.44,32258.36,-24.85,35834.09,11.08
SOL-USDT-SWAP,reversal,6H,0.01,0.02,0.03,1,0.0,10.0,148.0,102885.01,69416.9,753,429,324,56.97,59.89,1.184,3786.376,2201,63178.51,42588.18,99309.27,57.19,102885.01,3.6
SOL-USDT-SWAP,reversal,6H,0.01,0.03,0.01,1,0.0,10.0,148.0,0.0,-100.0,753,299,454,39.71,100.0,0.927,-5.455,2201,23.71,-83.98,0.0,-100.0,0.0,-10.31
SOL-USDT-SWAP,reversal,6H,0.01,0.03,0.015,1,0.0,10.0,148.0,0.0,-100.0,753,335,418,44.49,100.0,0.889,-5.455,2201,7.47,-94.95,0.0,-100.0,0.0,2.56
SOL-USDT-SWAP,reversal,6H,0.01,0.03,0.02,1,0.0,10.0,148.0,0.0,-100.0,753,351,402,46.61,100.0,0.865,-5.455,2201,4.22,-97.15,0.0,-100.0,0.0,2.56
SOL-USDT-SWAP,reversal,6H,0.01,0.03,0.025,1,0.0,10.0,148.0,0.0,-100.0,753,357,396,47.41,100.0,0.872,-5.455,2201,3.53,-97.62,0.0,-100.0,0.0,2.56
SOL-USDT-SWAP,reversal,6H,0.01,0.03,0.03,1,0.0,10.0,148.0,0.0,-100.0,753,366,387,48.61,100.0,0.864,-5.455,2201,4.98,-96.64,0.0,-100.0,0.0,2.56
SOL-USDT-SWAP,fade,6H,0.001,0.006,0.01,1,0.0,10.0,148.0,0.45,-99.7,1774,1306,468,73.62,99.91,0.804,-5.438,2201,22.35,-84.9,0.53,-97.63,0.45,-15.08
SOL-USDT-SWAP,fade,6H,0.001,0.006,0.015,1,0.0,10.0,148.0,7148.92,4730.35,1774,1437,337,81.0,98.92,1.112,258.019,2201,2732.11,1746.02,6231.21,128.07,7148.92,14.73
SOL-USDT-SWAP,fade,6H,0.001,0.006,0.02,1,0.0,10.0,148.0,206548.35,139459.7,1774,1507,267,84.95,63.74,1.426,7606.893,2201,52065.03,35079.07,204128.65,292.06,206548.35,1.19
SOL-USDT-SWAP,fade,6H,0.001,0.006,0.025,1,0.0,10.0,148.0,291152.52,196624.68,1774,1538,236,86.7,65.45,1.629,10724.982,2201,86866.2,58593.38,288732.82,232.39,291152.52,0.84
SOL-USDT-SWAP,fade,6H,0.001,0.006,0.03,1,0.0,10.0,148.0,371253.88,250747.21,1774,1559,215,87.88,54.91,1.857,13677.121,2201,117891.32,79556.3,368834.18,212.86,371253.88,0.66
SOL-USDT-SWAP,fade,6H,0.001,0.008,0.01,1,0.0,10.0,148.0,0.07,-99.95,1774,1146,628,64.6,99.97,0.9,-5.452,2201,29.69,-79.94,0.13,-99.58,0.07,-41.93
SOL-USDT-SWAP,fade,6H,0.001,0.008,0.015,1,0.0,10.0,148.0,373.1,152.1,1774,1271,503,71.65,99.66,1.005,8.296,2201,4161.15,2711.59,474.78,-88.59,373.1,-21.41
SOL-USDT-SWAP,fade,6H,0.001,0.008,0.02,1,0.0,10.0,148.0,152675.66,103059.23,1774,1333,441,75.14,74.25,1.204,5621.412,2201,51051.11,34393.99,156342.15,206.25,152675.66,-2.35
SOL-USDT-SWAP,fade,6H,0.001,0.008,0.025,1,0.0,10.0,148.0,235889.82,159285.01,1774,1364,410,76.89,80.63,1.333,8688.274,2201,72586.94,48945.23,236595.43,225.95,235889.82,-0.3
SOL-USDT-SWAP,fade,6H,0.001,0.008,0.03,1,0.0,10.0,148.0,277946.18,187701.47,1774,1380,394,77.79,69.9,1.389,10238.262,2201,89237.85,60195.84,278651.79,212.26,277946.18,-0.25
SOL-USDT-SWAP,fade,6H,0.001,0.01,0.01,1,0.0,10.0,148.0,0.0,-100.0,1774,1004,770,56.6,100.0,0.891,-5.455,2201,1.45,-99.02,0.0,-99.97,0.0,-54.73
SOL-USDT-SWAP,fade,6H,0.001,0.01,0.015,1,0.0,10.0,148.0,0.06,-99.96,1774,1117,657,62.97,99.99,0.974,-5.452,2201,120.73,-18.43,0.1,-99.92,0.06,-41.15
SOL-USDT-SWAP,fade,6H,0.001,0.01,0.02,1,0.0,10.0,148.0,1.73,-98.83,1774,1168,606,65.84,99.97,0.996,-5.391,2201,1537.67,938.96,3.33,-99.78,1.73,-48.05
SOL-USDT-SWAP,fade,6H,0.001,0.01,0.025,1,0.0,10.0,148.0,180.72,22.11,1774,1198,576,67.53,98.5,1.0,1.206,2201,3687.49,2391.55,236.02,-93.6,180.72,-23.43
SOL-USDT-SWAP,fade,6H,0.001,0.01,0.03,1,0.0,10.0,148.0,118515.25,79977.87,1774,1211,563,68.26,90.5,1.13,4362.43,2201,26156.36,17573.22,122027.34,366.53,118515.25,-2.88
SOL-USDT-SWAP,fade,6H,0.001,0.015,0.01,1,0.0,10.0,148.0,0.0,-100.0,1774,797,977,44.93,100.0,0.673,-5.455,2201,0.05,-99.96,0.0,-100.0,0.0,-53.09
SOL-USDT-SWAP,fade,6H,0.001,0.015,0.015,1,0.0,10.0,148.0,0.0,-100.0,1774,896,878,50.51,100.0,0.816,-5.455,2201,1.68,-98.87,0.0,-100.0,0.0,-53.3
SOL-USDT-SWAP,fade,6H,0.001,0.015,0.02,1,0.0,10.0,148.0,0.0,-100.0,1774,946,828,53.33,100.0,0.944,-5.455,2201,10.85,-92.67,0.0,-100.0,0.0,-56.16
SOL-USDT-SWAP,fade,6H,0.001,0.015,0.025,1,0.0,10.0,148.0,0.0,-100.0,1774,969,805,54.62,100.0,0.95,-5.455,2201,15.39,-89.6,0.0,-100.0,0.0,-35.39
SOL-USDT-SWAP,fade,6H,0.001,0.015,0.03,1,0.0,10.0,148.0,0.0,-100.0,1774,983,791,55.41,100.0,0.983,-5.455,2201,82.33,-44.37,0.0,-100.0,0.0,-35.39
SOL-USDT-SWAP,fade,6H,0.001,0.02,0.01,1,0.0,10.0,148.0,0.0,-100.0,1774,697,1077,39.29,100.0,0.742,-5.455,2201,0.01,-99.99,0.0,-100.0,0.0,-53.06
SOL-USDT-SWAP,fade,6H,0.001,0.02,0.015,1,0.0,10.0,148.0,0.0,-100.0,1774,790,984,44.53,100.0,0.838,-5.455,2201,0.2,-99.87,0.0,-100.0,0.0,-53.27
SOL-USDT-SWAP,fade,6H,0.001,0.02,0.02,1,0.0,10.0,148.0,0.0,-100.0,1774,831,943,46.84,100.0,0.868,-5.455,2201,0.16,-99.89,0.0,-100.0,0.0,-56.14
SOL-USDT-SWAP,fade,6H,0.001,0.02,0.025,1,0.0,10.0,148.0,0.0,-100.0,1774,846,928,47.69,100.0,0.843,-5.455,2201,0.03,-99.98,0.0,-100.0,0.0,-35.35
SOL-USDT-SWAP,fade,6H,0.001,0.02,0.03,1,0.0,10.0,148.0,0.0,-100.0,1774,860,914,48.48,100.0,0.886,-5.455,2201,0.09,-99.94,0.0,-100.0,0.0,-35.35
SOL-USDT-SWAP,fade,6H,0.001,0.03,0.01,1,0.0,10.0,148.0,0.0,-100.0,1774,637,1137,35.91,100.0,0.542,-5.455,2201,0.0,-100.0,0.0,-100.0,0.0,-53.06
SOL-USDT-SWAP,fade,6H,0.001,0.03,0.015,1,0.0,10.0,148.0,0.0,-100.0,1774,728,1046,41.04,100.0,0.68,-5.455,2201,0.0,-100.0,0.0,-100.0,0.0,-53.27
SOL-USDT-SWAP,fade,6H,0.001,0.03,0.02,1,0.0,10.0,148.0,0.0,-100.0,1774,763,1011,43.01,100.0,0.679,-5.455,2201,0.0,-100.0,0.0,-100.0,0.0,-56.14
SOL-USDT-SWAP,fade,6H,0.001,0.03,0.025,1,0.0,10.0,148.0,0.0,-100.0,1774,773,1001,43.57,100.0,0.61,-5.455,2201,0.0,-100.0,0.0,-100.0,0.0,-35.35
SOL-USDT-SWAP,fade,6H,0.001,0.03,0.03,1,0.0,10.0,148.0,0.0,-100.0,1774,786,988,44.31,100.0,0.639,-5.455,2201,0.0,-100.0,0.0,-100.0,0.0,-35.35
SOL-USDT-SWAP,fade,6H,0.002,0.006,0.01,1,0.0,10.0,148.0,19.55,-86.79,1700,1273,427,74.88,99.53,0.874,-4.734,2201,38.43,-74.03,21.41,-44.29,19.55,-8.7
SOL-USDT-SWAP,fade,6H,0.002,0.006,0.015,1,0.0,10.0,148.0,101620.07,68562.21,1700,1407,293,82.76,95.41,1.46,3739.757,2201,4385.53,2863.19,97687.45,2127.5,101620.07,4.03
SOL-USDT-SWAP,fade,6H,0.002,0.006,0.02,1,0.0,10.0,148.0,301624.81,203700.55,1700,1480,220,87.06,54.97,1.696,11110.939,2201,79658.51,53723.32,297692.19,273.71,301624.81,1.32
SOL-USDT-SWAP,fade,6H,0.002,0.006,0.025,1,0.0,10.0,148.0,350558.95,236764.16,1700,1503,197,88.41,59.54,1.864,12914.409,2201,92911.7,62678.18,346626.33,273.07,350558.95,1.13
SOL-USDT-SWAP,fade,6H,0.002,0.006,0.03,1,0.0,10.0,148.0,421239.76,284521.46,1700,1523,177,89.59,51.91,2.118,15519.352,2201,119027.92,80324.27,417307.14,250.6,421239.76,0.94
SOL-USDT-SWAP,fade,6H,0.002,0.008,0.01,1,0.0,10.0,148.0,900.12,508.19,1700,1151,549,67.71,98.72,1.041,27.719,2201,1377.02,830.42,1193.83,-13.3,900.12,-24.6
SOL-USDT-SWAP,fade,6H,0.002,0.008,0.015,1,0.0,10.0,148.0,207110.91,139839.81,1700,1278,422,75.18,59.45,1.306,7627.626,2201,63060.69,42508.57,204859.16,224.86,207110.91,1.1
SOL-USDT-SWAP,fade,6H,0.002,0.008,0.02,1,0.0,10.0,148.0,367738.75,248372.13,1700,1344,356,79.06,50.47,1.536,13547.571,2201,141834.33,95734.01,365487.0,157.69,367738.75,0.62
SOL-USDT-SWAP,fade,6H,0.002,0.008,0.025,1,0.0,10.0,148.0,400044.27,270200.18,1700,1364,336,80.24,58.76,1.593,14738.192,2201,152519.53,102953.73,397792.52,160.81,400044.27,0.57
SOL-USDT-SWAP,fade,6H,0.002,0.008,0.03,1,0.0,10.0,148.0,446903.37,301861.73,1700,1379,321,81.12,50.99,1.685,16465.185,2201,169846.54,114661.18,444651.61,161.8,446903.37,0.51
SOL-USDT-SWAP,fade,6H,0.002,0.01,0.01,1,0.0,10.0,148.0,0.63,-99.57,1700,1001,699,58.88,99.91,0.942,-5.431,2201,119.82,-19.04,1.01,-99.16,0.63,-37.12
SOL-USDT-SWAP,fade,6H,0.002,0.01,0.015,1,0.0,10.0,148.0,3965.16,2579.16,1700,1113,587,65.47,99.29,1.016,140.681,2201,28353.63,19057.86,4378.83,-84.56,3965.16,-9.45
SOL-USDT-SWAP,fade,6H,0.002,0.01,0.02,1,0.0,10.0,148.0,207437.31,140060.34,1700,1172,528,68.94,68.63,1.229,7639.655,2201,83235.2,56140.0,205847.91,147.31,207437.31,0.77
SOL-USDT-SWAP,fade,6H,0.002,0.01,0.025,1,0.0,10.0,148.0,237607.91,160445.88,1700,1191,509,70.06,76.73,1.264,8751.594,2201,90965.53,61363.19,236018.51,159.46,237607.91,0.67
SOL-USDT-SWAP,fade,6H,0.002,0.01,0.03,1,0.0,10.0,148.0,283055.46,191153.69,1700,1205,495,70.88,74.29,1.312,10426.565,2201,115617.92,78020.22,281466.07,143.45,283055.46,0.56
SOL-USDT-SWAP,fade,6H,0.002,0.015,0.01,1,0.0,10.0,148.0,0.0,-100.0,1700,798,902,46.94,100.0,0.687,-5.455,2201,2.58,-98.26,0.0,-100.0,0.0,-52.36
SOL-USDT-SWAP,fade,6H,0.002,0.015,0.015,1,0.0,10.0,148.0,0.0,-100.0,1700,893,807,52.53,100.0,0.91,-5.455,2201,54.16,-63.4,0.0,-100.0,0.0,-50.47
SOL-USDT-SWAP,fade,6H,0.002,0.015,0.02,1,0.0,10.0,148.0,0.0,-100.0,1700,945,755,55.59,100.0,0.988,-5.455,2201,689.83,366.1,0.0,-100.0,0.0,-40.42
SOL-USDT-SWAP,fade,6H,0.002,0.015,0.025,1,0.0,10.0,148.0,0.0,-100.0,1700,962,738,56.59,100.0,0.989,-5.455,2201,736.94,397.93,0.0,-100.0,0.0,-29.2
SOL-USDT-SWAP,fade,6H,0.002,0.015,0.03,1,0.0,10.0,148.0,0.0,-100.0,1700,973,727,57.24,100.0,0.996,-5.455,2201,2590.09,1650.06,0.0,-100.0,0.0,-29.2
SOL-USDT-SWAP,fade,6H,0.002,0.02,0.01,1,0.0,10.0,148.0,0.0,-100.0,1700,685,1015,40.29,100.0,0.627,-5.455,2201,0.03,-99.98,0.0,-100.0,0.0,-51.91
SOL-USDT-SWAP,fade,6H,0.002,0.02,0.015,1,0.0,10.0,148.0,0.0,-100.0,1700,775,925,45.59,100.0,0.77,-5.455,2201,0.55,-99.63,0.0,-100.0,0.0,-49.99
SOL-USDT-SWAP,fade,6H,0.002,0.02,0.02,1,0.0,10.0,148.0,0.0,-100.0,1700,814,886,47.88,100.0,0.923,-5.455,2201,0.88,-99.4,0.0,-100.0,0.0,-39.85
SOL-USDT-SWAP,fade,6H,0.002,0.02,0.025,1,0.0,10.0,148.0,0.0,-100.0,1700,828,872,48.71,100.0,0.899,-5.455,2201,0.25,-99.83,0.0,-100.0,0.0,-28.53
SOL-USDT-SWAP,fade,6H,0.002,0.02,0.03,1,0.0,10.0,148.0,0.0,-100.0,1700,839,861,49.35,100.0,0.912,-5.455,2201,0.47,-99.68,0.0,-100.0,0.0,-28.53
SOL-USDT-SWAP,fade,6H,0.002,0.03,0.01,1,0.0,10.0,148.0,0.0,-100.0,1700,625,1075,36.76,100.0,0.468,-5.455,2201,0.0,-100.0,0.0,-100.0,0.0,-51.91
SOL-USDT-SWAP,fade,6H,0.002,0.03,0.015,1,0.0,10.0,148.0,0.0,-100.0,1700,712,988,41.88,100.0,0.603,-5.455,2201,0.0,-100.0,0.0,-100.0,0.0,-49.99
SOL-USDT-SWAP,fade,6H,0.002,0.03,0.02,1,0.0,10.0,148.0,0.0,-100.0,1700,744,956,43.76,100.0,0.733,-5.455,2201,0.0,-100.0,0.0,-100.0,0.0,-39.85
SOL-USDT-SWAP,fade,6H,0.002,0.03,0.025,1,0.0,10.0,148.0,0.0,-100.0,1700,752,948,44.24,100.0,0.651,-5.455,2201,0.0,-100.0,0.0,-100.0,0.0,-28.53
SOL-USDT-SWAP,fade,6H,0.002,0.03,0.03,1,0.0,10.0,148.0,0.0,-100.0,1700,763,937,44.88,100.0,0.615,-5.455,2201,0.0,-100.0,0.0,-100.0,0.0,-28.53
SOL-USDT-SWAP,fade,6H,0.003,0.006,0.01,1,0.0,10.0,148.0,99.35,-32.87,1618,1217,401,75.22,97.72,0.984,-1.793,2201,152.71,3.18,115.37,-24.45,99.35,-13.89
SOL-USDT-SWAP,fade,6H,0.003,0.006,0.015,1,0.0,10.0,148.0,171025.85,115458.01,1618,1359,259,83.99,91.4,1.506,6297.71,2201,25432.24,17083.95,167538.73,558.77,171025.85,2.08
SOL-USDT-SWAP,fade,6H,0.003,0.006,0.02,1,0.0,10.0,148.0,355326.66,239985.58,1618,1429,189,88.32,54.97,1.934,13090.122,2201,116254.47,78450.32,351839.53,202.65,355326.66,0.99
SOL-USDT-SWAP,fade,6H,0.003,0.006,0.025,1,0.0,10.0,148.0,430549.48,290811.81,1618,1457,161,90.05,44.58,2.243,15862.462,2201,142826.36,96404.3,427062.36,199.01,430549.48,0.82
SOL-USDT-SWAP,fade,6H,0.003,0.006,0.03,1,0.0,10.0,148.0,500039.02,337764.2,1618,1476,142,91.22,51.91,2.729,18423.502,2201,163943.7,110672.77,496551.89,202.88,500039.02,0.7
SOL-USDT-SWAP,fade,6H,0.003,0.008,0.01,1,0.0,10.0,148.0,29931.64,20124.08,1618,1109,509,68.54,97.24,1.204,1097.677,2201,956.82,546.5,31125.71,3153.03,29931.64,-3.84
SOL-USDT-SWAP,fade,6H,0.003,0.008,0.015,1,0.0,10.0,148.0,261556.63,176627.45,1618,1235,383,76.33,55.59,1.467,9634.225,2201,47719.45,32142.87,257309.59,439.21,261556.63,1.65
SOL-USDT-SWAP,fade,6H,0.003,0.008,0.02,1,0.0,10.0,148.0,435008.79,293824.86,1618,1299,319,80.28,50.47,1.748,16026.81,2201,146359.91,98791.83,430761.74,194.32,435008.79,0.99
SOL-USDT-SWAP,fade,6H,0.003,0.008,0.025,1,0.0,10.0,148.0,499209.18,337203.5,1618,1323,295,81.77,43.51,1.874,18392.918,2201,169072.31,114138.05,494962.13,192.75,499209.18,0.86
SOL-USDT-SWAP,fade,6H,0.003,0.008,0.03,1,0.0,10.0,148.0,571149.84,385812.05,1618,1341,277,82.88,50.99,2.121,21044.294,2201,189694.66,128072.07,566902.8,198.85,571149.84,0.75
SOL-USDT-SWAP,fade,6H,0.003,0.01,0.01,1,0.0,10.0,148.0,489.01,230.41,1618,984,634,60.82,98.85,1.018,12.568,2201,693.46,368.55,811.31,17.0,489.01,-39.73
SOL-USDT-SWAP,fade,6H,0.003,0.01,0.015,1,0.0,10.0,148.0,205323.41,138632.03,1618,1100,518,67.99,63.8,1.277,7561.747,2201,49552.15,33381.18,206173.95,316.07,205323.41,-0.41
SOL-USDT-SWAP,fade,6H,0.003,0.01,0.02,1,0.0,10.0,148.0,363075.08,245221.0,1618,1159,459,71.63,55.43,1.459,13375.691,2201,132219.34,89237.39,361415.57,173.35,363075.08,0.46
SOL-USDT-SWAP,fade,6H,0.003,0.01,0.025,1,0.0,10.0,148.0,398639.19,269250.8,1618,1180,438,72.93,60.88,1.498,14686.407,2201,143009.8,96528.25,396979.67,177.59,398639.19,0.42
SOL-USDT-SWAP,fade,6H,0.003,0.01,0.03,1,0.0,10.0,148.0,445480.17,300900.12,1618,1194,424,73.79,68.53,1.589,16412.734,2201,155033.23,104652.18,443820.66,186.27,445480.17,0.37
SOL-USDT-SWAP,fade,6H,0.003,0.015,0.01,1,0.0,10.0,148.0,0.0,-100.0,1618,789,829,48.76,100.0,0.94,-5.455,2201,81.75,-44.76,0.0,-100.0,0.0,-50.79
SOL-USDT-SWAP,fade,6H,0.003,0.015,0.015,1,0.0,10.0,148.0,0.1,-99.93,1618,884,734,54.64,99.99,0.989,-5.451,2201,985.98,566.2,0.17,-99.98,0.1,-41.9
SOL-USDT-SWAP,fade,6H,0.003,0.015,0.02,1,0.0,10.0,148.0,50275.34,33869.83,1618,933,685,57.66,95.48,1.058,1847.445,2201,39542.8,26618.11,53405.83,35.06,50275.34,-5.86
SOL-USDT-SWAP,fade,6H,0.003,0.015,0.025,1,0.0,10.0,148.0,116997.91,78952.64,1618,951,667,58.78,88.06,1.111,4306.508,2201,45101.05,30373.68,120128.39,166.35,116997.91,-2.61
SOL-USDT-SWAP,fade,6H,0.003,0.015,0.03,1,0.0,10.0,148.0,179072.28,120894.79,1618,963,655,59.52,70.69,1.166,6594.261,2201,75114.92,50653.32,182202.77,142.57,179072.28,-1.72
SOL-USDT-SWAP,fade,6H,0.003,0.02,0.01,1,0.0,10.0,148.0,0.0,-100.0,1618,667,951,41.22,100.0,0.648,-5.455,2201,0.21,-99.86,0.0,-100.0,0.0,-49.87
SOL-USDT-SWAP,fade,6H,0.003,0.02,0.015,1,0.0,10.0,148.0,0.0,-100.0,1618,756,862,46.72,100.0,0.739,-5.455,2201,1.78,-98.79,0.0,-100.0,0.0,-40.82
SOL-USDT-SWAP,fade,6H,0.003,0.02,0.02,1,0.0,10.0,148.0,0.0,-100.0,1618,797,821,49.26,100.0,0.941,-5.455,2201,8.39,-94.33,0.0,-100.0,0.0,-19.69
SOL-USDT-SWAP,fade,6H,0.003,0.02,0.025,1,0.0,10.0,148.0,0.0,-100.0,1618,811,807,50.12,100.0,0.941,-5.455,2201,2.77,-98.13,0.0,-100.0,0.0,-19.69
SOL-USDT-SWAP,fade,6H,0.003,0.02,0.03,1,0.0,10.0,148.0,0.0,-100.0,1618,822,796,50.8,100.0,0.95,-5.455,2201,3.41,-97.69,0.0,-100.0,0.0,-19.69
SOL-USDT-SWAP,fade,6H,0.003,0.03,0.01,1,0.0,10.0,148.0,0.0,-100.0,1618,602,1016,37.21,100.0,0.455,-5.455,2201,0.0,-100.0,0.0,-100.0,0.0,-49.87
SOL-USDT-SWAP,fade,6H,0.003,0.03,0.015,1,0.0,10.0,148.0,0.0,-100.0,1618,684,934,42.27,100.0,0.542,-5.455,2201,0.01,-99.99,0.0,-100.0,0.0,-40.82
SOL-USDT-SWAP,fade,6H,0.003,0.03,0.02,1,0.0,10.0,148.0,0.0,-100.0,1618,717,901,44.31,100.0,0.677,-5.455,2201,0.02,-99.99,0.0,-100.0,0.0,-19.69
SOL-USDT-SWAP,fade,6H,0.003,0.03,0.025,1,0.0,10.0,148.0,0.0,-100.0,1618,727,891,44.93,100.0,0.663,-5.455,2201,0.01,-99.99,0.0,-100.0,0.0,-19.69
SOL-USDT-SWAP,fade,6H,0.003,0.03,0.03,1,0.0,10.0,148.0,0.0,-100.0,1618,736,882,45.49,100.0,0.59,-5.455,2201,0.01,-100.0,0.0,-100.0,0.0,-19.69
SOL-USDT-SWAP,fade,6H,0.005,0.006,0.01,1,0.0,10.0,148.0,243.74,64.69,1457,1097,360,75.29,98.82,1.023,3.529,2201,213.09,43.98,179.92,-15.56,243.74,35.47
SOL-USDT-SWAP,fade,6H,0.005,0.006,0.015,1,0.0,10.0,148.0,228210.19,154096.07,1457,1242,215,85.24,44.48,1.6,8405.24,2201,67138.21,45263.66,222301.48,231.11,228210.19,2.66
SOL-USDT-SWAP,fade,6H,0.005,0.006,0.02,1,0.0,10.0,148.0,336419.17,227210.25,1457,1295,162,88.88,56.7,2.006,12393.286,2201,106867.08,72107.48,330510.46,209.27,336419.17,1.79
SOL-USDT-SWAP,fade,6H,0.005,0.006,0.025,1,0.0,10.0,148.0,421075.57,284410.52,1457,1325,132,90.94,44.58,2.436,15513.301,2201,143074.52,96571.97,415166.86,190.18,421075.57,1.42
SOL-USDT-SWAP,fade,6H,0.005,0.006,0.03,1,0.0,10.0,148.0,488304.08,329835.19,1457,1343,114,92.18,32.0,3.011,17991.01,2201,169883.61,114686.22,482395.37,183.96,488304.08,1.22
SOL-USDT-SWAP,fade,6H,0.005,0.008,0.01,1,0.0,10.0,148.0,93539.14,63102.12,1457,1018,439,69.87,94.69,1.41,3441.934,2201,2984.99,1916.89,92037.08,2983.32,93539.14,1.63
SOL-USDT-SWAP,fade,6H,0.005,0.008,0.015,1,0.0,10.0,148.0,365772.16,247043.35,1457,1151,306,79.0,52.88,1.714,13475.092,2201,106351.31,71759.0,361113.4,239.55,365772.16,1.29
SOL-USDT-SWAP,fade,6H,0.005,0.008,0.02,1,0.0,10.0,148.0,476519.91,321872.91,1457,1201,256,82.43,53.27,2.001,17556.704,2201,149589.55,100974.02,471861.15,215.44,476519.91,0.99
SOL-USDT-SWAP,fade,6H,0.005,0.008,0.025,1,0.0,10.0,148.0,551969.18,372852.15,1457,1226,231,84.15,43.51,2.241,20337.39,2201,183863.09,124131.82,547310.42,197.67,551969.18,0.85
SOL-USDT-SWAP,fade,6H,0.005,0.008,0.03,1,0.0,10.0,148.0,627625.22,423971.09,1457,1243,214,85.31,32.0,2.617,23125.696,2201,213626.82,144242.45,622966.46,191.61,627625.22,0.75
SOL-USDT-SWAP,fade,6H,0.005,0.01,0.01,1,0.0,10.0,148.0,75645.67,51011.94,1457,916,541,62.87,98.37,1.343,2782.469,2201,3284.88,2119.52,73987.26,2152.36,75645.67,2.24
SOL-USDT-SWAP,fade,6H,0.005,0.01,0.015,1,0.0,10.0,148.0,359021.68,242482.21,1457,1037,420,71.17,55.32,1.525,13226.303,2201,111951.2,75542.7,354206.57,216.39,359021.68,1.36
SOL-USDT-SWAP,fade,6H,0.005,0.01,0.02,1,0.0,10.0,148.0,466006.67,314769.37,1457,1081,376,74.19,49.64,1.707,17169.238,2201,157580.73,106373.46,461191.56,192.67,466006.67,1.04
SOL-USDT-SWAP,fade,6H,0.005,0.01,0.025,1,0.0,10.0,148.0,542376.28,366370.46,1457,1106,351,75.91,42.45,1.868,19983.843,2201,188648.28,127365.06,537561.17,184.95,542376.28,0.9
SOL-USDT-SWAP,fade,6H,0.005,0.01,0.03,1,0.0,10.0,148.0,623407.09,421121.01,1457,1122,335,77.01,32.0,2.095,22970.237,2201,223129.21,150662.98,618591.98,177.23,623407.09,0.78
SOL-USDT-SWAP,fade,6H,0.005,0.015,0.01,1,0.0,10.0,148.0,24.51,-83.44,1457,733,724,50.31,99.86,0.995,-4.551,2201,1081.75,630.91,34.23,-96.84,24.51,-28.41
SOL-USDT-SWAP,fade,6H,0.005,0.015,0.015,1,0.0,10.0,148.0,190844.29,128848.84,1457,831,626,57.04,69.02,1.192,7028.119,2201,87491.44,59015.84,193373.96,121.02,190844.29,-1.31
SOL-USDT-SWAP,fade,6H,0.005,0.015,0.02,1,0.0,10.0,148.0,295398.95,199493.88,1457,872,585,59.85,62.18,1.294,10881.485,2201,137574.96,92856.05,293226.32,113.14,295398.95,0.74
SOL-USDT-SWAP,fade,6H,0.005,0.015,0.025,1,0.0,10.0,148.0,306864.03,207240.56,1457,888,569,60.95,50.18,1.299,11304.031,2201,149456.09,100883.84,304691.41,103.87,306864.03,0.71
SOL-USDT-SWAP,fade,6H,0.005,0.015,0.03,1,0.0,10.0,148.0,365647.28,246958.98,1457,899,558,61.7,47.37,1.367,13470.49,2201,177509.71,119838.99,363474.66,104.76,365647.28,0.6
SOL-USDT-SWAP,fade,6H,0.005,0.02,0.01,1,0.0,10.0,148.0,0.0,-100.0,1457,614,843,42.14,100.0,0.751,-5.455,2201,2.38,-98.39,0.0,-100.0,0.0,-41.97
SOL-USDT-SWAP,fade,6H,0.005,0.02,0.015,1,0.0,10.0,148.0,0.0,-100.0,1457,702,755,48.18,100.0,0.987,-5.455,2201,342.71,131.56,0.0,-100.0,0.0,-32.22
SOL-USDT-SWAP,fade,6H,0.005,0.02,0.02,1,0.0,10.0,148.0,0.0,-100.0,1457,735,722,50.45,100.0,0.99,-5.455,2201,392.12,164.95,0.0,-100.0,0.0,-4.18
SOL-USDT-SWAP,fade,6H,0.005,0.02,0.025,1,0.0,10.0,148.0,0.0,-100.0,1457,751,706,51.54,100.0,0.993,-5.455,2201,308.36,108.35,0.0,-100.0,0.0,-4.18
SOL-USDT-SWAP,fade,6H,0.005,0.02,0.03,1,0.0,10.0,148.0,0.0,-100.0,1457,763,694,52.37,100.0,0.998,-5.455,2201,586.42,296.23,0.0,-100.0,0.0,-4.18
SOL-USDT-SWAP,fade,6H,0.005,0.03,0.01,1,0.0,10.0,148.0,0.0,-100.0,1457,551,906,37.82,100.0,0.707,-5.455,2201,0.21,-99.86,0.0,-100.0,0.0,-42.4
SOL-USDT-SWAP,fade,6H,0.005,0.03,0.015,1,0.0,10.0,148.0,0.0,-100.0,1457,625,832,42.9,100.0,0.913,-5.455,2201,1.41,-99.05,0.0,-100.0,0.0,-32.71
SOL-USDT-SWAP,fade,6H,0.005,0.03,0.02,1,0.0,10.0,148.0,0.0,-100.0,1457,649,808,44.54,100.0,0.874,-5.455,2201,0.31,-99.79,0.0,-100.0,0.0,-4.88
SOL-USDT-SWAP,fade,6H,0.005,0.03,0.025,1,0.0,10.0,148.0,0.0,-100.0,1457,664,793,45.57,100.0,0.859,-5.455,2201,0.39,-99.74,0.0,-100.0,0.0,-4.88
SOL-USDT-SWAP,fade,6H,0.005,0.03,0.03,1,0.0,10.0,148.0,0.0,-100.0,1457,675,782,46.33,100.0,0.903,-5.455,2201,0.36,-99.75,0.0,-100.0,0.0,-4.88
SOL-USDT-SWAP,fade,6H,0.007,0.006,0.01,1,0.0,10.0,148.0,3495.73,2261.98,1281,982,299,76.66,93.19,1.049,123.381,2201,1706.08,1052.76,3244.31,90.16,3495.73,7.75
SOL-USDT-SWAP,fade,6H,0.007,0.006,0.015,1,0.0,10.0,148.0,203309.06,137270.99,1281,1098,183,85.71,52.08,1.599,7487.508,2201,64082.76,43199.16,202715.54,216.33,203309.06,0.29
SOL-USDT-SWAP,fade,6H,0.007,0.006,0.02,1,0.0,10.0,148.0,289577.77,195560.65,1281,1142,139,89.15,53.16,2.0,10666.945,2201,90430.63,61001.78,286791.38,217.14,289577.77,0.97
SOL-USDT-SWAP,fade,6H,0.007,0.006,0.025,1,0.0,10.0,148.0,368500.35,248886.73,1281,1171,110,91.41,48.81,2.525,13575.64,2201,126885.95,85633.75,365713.97,188.22,368500.35,0.76
SOL-USDT-SWAP,fade,6H,0.007,0.006,0.03,1,0.0,10.0,148.0,436698.66,294966.66,1281,1190,91,92.9,41.49,3.255,16089.091,2201,138233.88,93301.27,433912.27,213.9,436698.66,0.64
SOL-USDT-SWAP,fade,6H,0.007,0.008,0.01,1,0.0,10.0,148.0,187624.3,126673.17,1281,926,355,72.29,48.41,1.396,6909.446,2201,57634.81,38842.44,185868.57,222.49,187624.3,0.94
SOL-USDT-SWAP,fade,6H,0.007,0.008,0.015,1,0.0,10.0,148.0,387657.11,261830.48,1281,1039,242,81.11,47.29,1.91,14281.663,2201,140714.42,94977.31,386651.39,174.78,387657.11,0.26
SOL-USDT-SWAP,fade,6H,0.007,0.008,0.02,1,0.0,10.0,148.0,486508.63,328622.05,1281,1080,201,84.31,49.7,2.255,17924.839,2201,174113.57,117544.3,483310.04,177.58,486508.63,0.66
SOL-USDT-SWAP,fade,6H,0.007,0.008,0.025,1,0.0,10.0,148.0,567008.27,383013.7,1281,1107,174,86.42,43.51,2.684,20891.656,2201,212049.68,143176.81,563809.69,165.89,567008.27,0.57
SOL-USDT-SWAP,fade,6H,0.007,0.008,0.03,1,0.0,10.0,148.0,640715.71,432816.02,1281,1126,155,87.9,34.41,3.277,23608.147,2201,224054.05,151287.87,637517.13,184.54,640715.71,0.5
SOL-USDT-SWAP,fade,6H,0.007,0.01,0.01,1,0.0,10.0,148.0,238652.95,161152.0,1281,851,430,66.43,47.59,1.418,8790.109,2201,69998.8,47196.49,235797.41,236.86,238652.95,1.21
SOL-USDT-SWAP,fade,6H,0.007,0.01,0.015,1,0.0,10.0,148.0,432471.97,292110.79,1281,957,324,74.71,45.64,1.77,15933.316,2201,151270.7,102109.93,430366.43,184.5,432471.97,0.49
SOL-USDT-SWAP,fade,6H,0.007,0.01,0.02,1,0.0,10.0,148.0,537655.71,363180.89,1281,996,285,77.75,48.75,2.028,19809.867,2201,184646.05,124660.84,533357.31,188.85,537655.71,0.81
SOL-USDT-SWAP,fade,6H,0.007,0.01,0.025,1,0.0,10.0,148.0,614176.58,414884.17,1281,1019,262,79.55,42.45,2.302,22630.046,2201,220814.06,149098.69,609878.17,176.2,614176.58,0.7
SOL-USDT-SWAP,fade,6H,0.007,0.01,0.03,1,0.0,10.0,148.0,696770.36,470690.79,1281,1037,244,80.95,32.0,2.677,25674.043,2201,236472.2,159678.51,692471.96,192.83,696770.36,0.62
SOL-USDT-SWAP,fade,6H,0.007,0.015,0.01,1,0.0,10.0,148.0,90871.24,61299.49,1281,668,613,52.15,57.95,1.121,3343.608,2201,53422.17,35996.06,91210.29,70.73,90871.24,-0.37
SOL-USDT-SWAP,fade,6H,0.007,0.015,0.015,1,0.0,10.0,148.0,226019.49,152615.87,1281,756,525,59.02,49.33,1.26,8324.502,2201,123183.99,83132.42,224753.68,82.45,226019.49,0.56
SOL-USDT-SWAP,fade,6H,0.007,0.015,0.02,1,0.0,10.0,148.0,293883.44,198469.89,1281,786,495,61.36,45.3,1.336,10825.631,2201,145393.31,98138.72,290424.77,99.75,293883.44,1.19
SOL-USDT-SWAP,fade,6H,0.007,0.015,0.025,1,0.0,10.0,148.0,325215.12,219639.95,1281,801,480,62.53,48.96,1.375,11980.361,2201,167846.41,113309.74,321756.45,91.7,325215.12,1.07
SOL-USDT-SWAP,fade,6H,0.007,0.015,0.03,1,0.0,10.0,148.0,411175.56,277721.33,1281,817,464,63.78,44.79,1.502,15148.436,2201,184790.41,124758.39,407716.89,120.64,411175.56,0.85
SOL-USDT-SWAP,fade,6H,0.007,0.02,0.01,1,0.0,10.0,148.0,0.02,-99.99,1281,572,709,44.65,100.0,0.975,-5.454,2201,390.42,163.8,0.02,-99.99,0.02,-23.57
SOL-USDT-SWAP,fade,6H,0.007,0.02,0.015,1,0.0,10.0,148.0,1.36,-99.08,1281,652,629,50.9,99.99,0.998,-5.404,2201,8693.86,5774.23,1.5,-99.98,1.36,-8.97
SOL-USDT-SWAP,fade,6H,0.007,0.02,0.02,1,0.0,10.0,148.0,1.31,-99.12,1281,676,605,52.77,99.99,0.999,-5.406,2201,5704.78,3754.58,1.22,-99.98,1.31,7.12
SOL-USDT-SWAP,fade,6H,0.007,0.02,0.025,1,0.0,10.0,148.0,49373.81,33260.68,1281,690,591,53.86,68.22,1.054,1814.219,2201,38412.43,25854.34,48021.96,25.02,49373.81,2.82
SOL-USDT-SWAP,fade,6H,0.007,0.02,0.03,1,0.0,10.0,148.0,97044.73,65470.76,1281,702,579,54.8,69.33,1.107,3571.133,2201,41141.58,27698.36,95692.88,132.59,97044.73,1.41
SOL-USDT-SWAP,fade,6H,0.007,0.03,0.01,1,0.0,10.0,148.0,0.0,-100.0,1281,491,790,38.33,100.0,0.857,-5.455,2201,0.7,-99.53,0.0,-100.0,0.0,-22.8
SOL-USDT-SWAP,fade,6H,0.007,0.03,0.015,1,0.0,10.0,148.0,0.0,-100.0,1281,559,722,43.64,100.0,0.905,-5.455,2201,0.87,-99.41,0.0,-100.0,0.0,-8.05
SOL-USDT-SWAP,fade,6H,0.007,0.03,0.02,1,0.0,10.0,148.0,0.0,-100.0,1281,577,704,45.04,100.0,0.869,-5.455,2201,0.28,-99.81,0.0,-100.0,0.0,8.21
SOL-USDT-SWAP,fade,6H,0.007,0.03,0.025,1,0.0,10.0,148.0,0.0,-100.0,1281,591,690,46.14,100.0,0.847,-5.455,2201,0.43,-99.71,0.0,-100.0,0.0,8.21
SOL-USDT-SWAP,fade,6H,0.007,0.03,0.03,1,0.0,10.0,148.0,0.0,-100.0,1281,601,680,46.92,100.0,0.856,-5.455,2201,0.19,-99.87,0.0,-100.0,0.0,8.21
SOL-USDT-SWAP,fade,6H,0.01,0.006,0.01,1,0.0,10.0,148.0,688.08,364.92,1033,790,243,76.48,97.07,1.031,19.905,2201,1603.26,983.28,594.18,-62.94,688.08,15.8
SOL-USDT-SWAP,fade,6H,0.01,0.006,0.015,1,0.0,10.0,148.0,85619.34,57750.9,1033,876,157,84.8,92.99,1.491,3150.049,2201,8618.48,5723.3,80819.34,837.74,85619.34,5.94
SOL-USDT-SWAP,fade,6H,0.01,0.006,0.02,1,0.0,10.0,148.0,221134.36,149315.11,1033,929,104,89.93,39.95,1.942,8144.46,2201,66526.05,44850.04,216334.36,225.19,221134.36,2.22
SOL-USDT-SWAP,fade,6H,0.01,0.006,0.025,1,0.0,10.0,148.0,295580.41,199616.49,1033,956,77,92.55,35.16,2.548,10888.172,2201,89204.84,60173.54,290780.41,225.97,295580.41,1.65
SOL-USDT-SWAP,fade,6H,0.01,0.006,0.03,1,0.0,10.0,148.0,345580.12,233400.08,1033,971,62,94.0,37.97,3.191,12730.913,2201,100699.54,67940.23,340780.12,238.41,345580.12,1.41
SOL-USDT-SWAP,fade,6H,0.01,0.008,0.01,1,0.0,10.0,148.0,150170.41,101366.49,1033,755,278,73.09,37.81,1.382,5529.081,2201,49813.42,33557.72,146745.64,194.59,150170.41,2.33
SOL-USDT-SWAP,fade,6H,0.01,0.008,0.015,1,0.0,10.0,148.0,266071.72,179678.19,1033,833,200,80.64,50.27,1.721,9800.628,2201,78780.38,53129.98,259991.95,230.02,266071.72,2.34
SOL-USDT-SWAP,fade,6H,0.01,0.008,0.02,1,0.0,10.0,148.0,373631.51,252353.73,1033,880,153,85.19,35.51,2.159,13764.749,2201,133407.54,90040.23,367551.75,175.51,373631.51,1.65
SOL-USDT-SWAP,fade,6H,0.01,0.008,0.025,1,0.0,10.0,148.0,447469.52,302244.27,1033,906,127,87.71,32.2,2.616,16486.051,2201,162338.41,109588.11,441389.76,171.89,447469.52,1.38
SOL-USDT-SWAP,fade,6H,0.01,0.008,0.03,1,0.0,10.0,148.0,503165.72,339876.84,1033,922,111,89.25,36.85,3.125,18538.737,2201,172461.25,116427.87,497085.96,188.23,503165.72,1.22
SOL-USDT-SWAP,fade,6H,0.01,0.01,0.01,1,0.0,10.0,148.0,225233.6,152084.87,1033,701,332,67.86,32.34,1.479,8295.538,2201,100183.79,67591.75,225730.11,125.32,225233.6,-0.22
SOL-USDT-SWAP,fade,6H,0.01,0.01,0.015,1,0.0,10.0,148.0,357044.58,241146.34,1033,776,257,75.12,46.41,1.81,13153.437,2201,136914.11,92409.53,352899.64,157.75,357044.58,1.17
SOL-USDT-SWAP,fade,6H,0.01,0.01,0.02,1,0.0,10.0,148.0,466400.05,315035.17,1033,821,212,79.48,34.29,2.164,17183.737,2201,192590.64,130028.81,462255.12,140.02,466400.05,0.9
SOL-USDT-SWAP,fade,6H,0.01,0.01,0.025,1,0.0,10.0,148.0,539295.9,364289.12,1033,845,188,81.8,32.2,2.515,19870.316,2201,219265.47,148052.34,535150.96,144.07,539295.9,0.77
SOL-USDT-SWAP,fade,6H,0.01,0.01,0.03,1,0.0,10.0,148.0,593336.34,400802.93,1033,860,173,83.25,36.85,2.856,21861.978,2201,226877.56,153195.65,589191.4,159.7,593336.34,0.7
SOL-USDT-SWAP,fade,6H,0.01,0.015,0.01,1,0.0,10.0,148.0,189478.51,127926.02,1033,575,458,55.66,51.16,1.32,6977.783,2201,84570.05,57041.92,188732.17,123.17,189478.51,0.4
SOL-USDT-SWAP,fade,6H,0.01,0.015,0.015,1,0.0,10.0,148.0,337602.56,228009.84,1033,645,388,62.44,35.77,1.551,12436.9,2201,145172.27,97989.37,332214.77,128.84,337602.56,1.62
SOL-USDT-SWAP,fade,6H,0.01,0.015,0.02,1,0.0,10.0,148.0,435959.42,294467.17,1033,681,352,65.92,31.25,1.736,16061.846,2201,195305.7,131863.31,430571.63,120.46,435959.42,1.25
SOL-USDT-SWAP,fade,6H,0.01,0.015,0.025,1,0.0,10.0,148.0,530736.22,358505.56,1033,703,330,68.05,32.2,1.968,19554.849,2201,229523.13,154983.2,525348.43,128.89,530736.22,1.03
SOL-USDT-SWAP,fade,6H,0.01,0.015,0.03,1,0.0,10.0,148.0,578514.41,390788.11,1033,716,317,69.31,36.85,2.105,21315.715,2201,236907.41,159972.57,573126.62,141.92,578514.41,0.94
SOL-USDT-SWAP,fade,6H,0.01,0.02,0.01,1,0.0,10.0,148.0,22.11,-85.06,1033,478,555,46.27,99.97,1.0,-4.64,2201,32267.01,21702.03,20.0,-99.94,22.11,10.51
SOL-USDT-SWAP,fade,6H,0.01,0.02,0.015,1,0.0,10.0,148.0,113519.14,76602.12,1033,545,488,52.76,66.51,1.146,4178.298,2201,95066.17,64133.9,106676.35,12.21,113519.14,6.41
SOL-USDT-SWAP,fade,6H,0.01,0.02,0.02,1,0.0,10.0,148.0,139439.46,94115.85,1033,571,462,55.28,62.43,1.172,5133.592,2201,115923.68,78226.81,132596.67,14.38,139439.46,5.16
SOL-USDT-SWAP,fade,6H,0.01,0.02,0.025,1,0.0,10.0,148.0,211565.94,142849.96,1033,586,447,56.73,38.7,1.263,7791.816,2201,144175.98,97316.2,204723.15,42.0,211565.94,3.34
SOL-USDT-SWAP,fade,6H,0.01,0.02,0.03,1,0.0,10.0,148.0,272287.5,183878.04,1033,600,433,58.08,42.9,1.354,10029.711,2201,163018.28,110047.49,265444.71,62.83,272287.5,2.58
SOL-USDT-SWAP,fade,6H,0.01,0.03,0.01,1,0.0,10.0,148.0,0.0,-100.0,1033,408,625,39.5,100.0,0.967,-5.455,2201,57.76,-60.97,0.0,-100.0,0.0,-5.91
SOL-USDT-SWAP,fade,6H,0.01,0.03,0.015,1,0.0,10.0,148.0,0.0,-100.0,1033,463,570,44.82,100.0,0.95,-5.455,2201,13.73,-90.72,0.0,-100.0,0.0,30.04
SOL-USDT-SWAP,fade,6H,0.01,0.03,0.02,1,0.0,10.0,148.0,0.0,-100.0,1033,488,545,47.24,100.0,0.948,-5.455,2201,20.19,-86.36,0.0,-100.0,0.0,30.04
SOL-USDT-SWAP,fade,6H,0.01,0.03,0.025,1,0.0,10.0,148.0,0.0,-100.0,1033,502,531,48.6,100.0,0.966,-5.455,2201,18.18,-87.71,0.0,-100.0,0.0,30.04
SOL-USDT-SWAP,fade,6H,0.01,0.03,0.03,1,0.0,10.0,148.0,0.0,-100.0,1033,512,521,49.56,100.0,0.979,-5.455,2201,31.03,-79.03,0.0,-100.0,0.0,30.04
SOL-USDT-SWAP,reversal,12H,0.001,0.006,0.01,1,0.0,10.0,148.0,0.35,-99.77,689,490,199,71.12,99.77,0.801,-5.442,1101,86.45,-41.59,0.46,-99.47,0.35,-24.09
SOL-USDT-SWAP,reversal,12H,0.001,0.006,0.015,1,0.0,10.0,148.0,32.03,-78.36,689,555,134,80.55,98.92,0.961,-4.274,1101,416.81,181.63,31.1,-92.54,32.03,2.98
SOL-USDT-SWAP,reversal,12H,0.001,0.006,0.02,1,0.0,10.0,148.0,34583.3,23267.09,689,603,86,87.52,91.44,1.54,1269.114,1101,4970.01,3258.12,34015.43,584.41,34583.3,1.67
SOL-USDT-SWAP,reversal,12H,0.001,0.006,0.025,1,0.0,10.0,148.0,100287.73,67661.98,689,620,69,89.99,79.44,1.51,3690.653,1101,28772.24,19340.7,99719.86,246.58,100287.73,0.57
SOL-USDT-SWAP,reversal,12H,0.001,0.006,0.03,1,0.0,10.0,148.0,113730.55,76744.96,689,627,62,91.0,64.02,1.606,4186.089,1101,31802.5,21388.18,113162.68,255.83,113730.55,0.5
SOL-USDT-SWAP,reversal,12H,0.001,0.008,0.01,1,0.0,10.0,148.0,0.61,-99.59,689,442,247,64.15,99.81,0.91,-5.432,1101,295.12,99.41,1.01,-99.66,0.61,-40.23
SOL-USDT-SWAP,reversal,12H,0.001,0.008,0.015,1,0.0,10.0,148.0,110.17,-25.56,689,511,178,74.17,98.89,0.995,-1.394,1101,1307.18,783.23,141.37,-89.18,110.17,-22.07
SOL-USDT-SWAP,reversal,12H,0.001,0.008,0.02,1,0.0,10.0,148.0,30430.79,20461.34,689,554,135,80.41,95.53,1.251,1116.073,1101,10458.71,6966.7,34518.17,230.04,30430.79,-11.84
SOL-USDT-SWAP,reversal,12H,0.001,0.008,0.025,1,0.0,10.0,148.0,114612.01,77340.55,689,573,116,83.16,78.33,1.392,4218.575,1101,39187.11,26377.78,116656.92,197.69,114612.01,-1.75
SOL-USDT-SWAP,reversal,12H,0.001,0.008,0.03,1,0.0,10.0,148.0,121700.44,82130.02,689,579,110,84.03,73.35,1.419,4479.819,1101,41434.75,27896.45,123745.35,198.65,121700.44,-1.65
SOL-USDT-SWAP,reversal,12H,0.001,0.01,0.01,1,0.0,10.0,148.0,0.6,-99.59,689,403,286,58.49,99.78,0.88,-5.432,1101,102.72,-30.59,0.99,-99.03,0.6,-39.1
SOL-USDT-SWAP,reversal,12H,0.001,0.01,0.015,1,0.0,10.0,148.0,43.6,-70.54,689,468,221,67.92,99.22,0.978,-3.848,1101,374.23,152.86,53.89,-85.6,43.6,-19.1
SOL-USDT-SWAP,reversal,12H,0.001,0.01,0.02,1,0.0,10.0,148.0,1719.77,1062.01,689,506,183,73.44,98.3,1.047,57.928,1101,2437.38,1546.88,2262.62,-7.17,1719.77,-23.99
SOL-USDT-SWAP,reversal,12H,0.001,0.01,0.025,1,0.0,10.0,148.0,22805.78,15309.31,689,525,164,76.2,97.99,1.178,835.053,1101,6736.91,4451.97,24250.69,259.97,22805.78,-5.96
SOL-USDT-SWAP,reversal,12H,0.001,0.01,0.03,1,0.0,10.0,148.0,6667.0,4404.73,689,531,158,77.07,97.25,1.049,240.258,1101,6699.96,4427.0,7463.53,11.4,6667.0,-10.67
SOL-USDT-SWAP,reversal,12H,0.001,0.015,0.01,1,0.0,10.0,148.0,0.0,-100.0,689,308,381,44.7,100.0,0.731,-5.455,1101,17.54,-88.15,0.0,-100.0,0.0,-36.27
SOL-USDT-SWAP,reversal,12H,0.001,0.015,0.015,1,0.0,10.0,148.0,0.11,-99.92,689,384,305,55.73,99.97,0.87,-5.45,1101,64.73,-56.26,0.17,-99.74,0.11,-35.18
SOL-USDT-SWAP,reversal,12H,0.001,0.015,0.02,1,0.0,10.0,148.0,0.72,-99.52,689,420,269,60.96,99.99,0.916,-5.428,1101,97.47,-34.14,1.25,-98.71,0.72,-42.78
SOL-USDT-SWAP,reversal,12H,0.001,0.015,0.025,1,0.0,10.0,148.0,4.73,-96.81,689,438,251,63.57,99.97,0.966,-5.28,1101,413.34,179.28,6.7,-98.38,4.73,-29.41
SOL-USDT-SWAP,reversal,12H,0.001,0.015,0.03,1,0.0,10.0,148.0,3.08,-97.92,689,447,242,64.88,99.95,0.976,-5.341,1101,600.27,305.59,4.36,-99.27,3.08,-29.41
SOL-USDT-SWAP,reversal,12H,0.001,0.02,0.01,1,0.0,10.0,148.0,0.0,-100.0,689,263,426,38.17,100.0,0.69,-5.455,1101,4.35,-97.06,0.0,-100.0,0.0,-40.46
SOL-USDT-SWAP,reversal,12H,0.001,0.02,0.015,1,0.0,10.0,148.0,0.0,-100.0,689,328,361,47.61,100.0,0.761,-5.455,1101,4.38,-97.04,0.0,-100.0,0.0,-39.44
SOL-USDT-SWAP,reversal,12H,0.001,0.02,0.02,1,0.0,10.0,148.0,0.0,-100.0,689,359,330,52.1,100.0,0.708,-5.455,1101,1.97,-98.67,0.0,-100.0,0.0,-46.54
SOL-USDT-SWAP,reversal,12H,0.001,0.02,0.025,1,0.0,10.0,148.0,0.0,-100.0,689,378,311,54.86,100.0,0.786,-5.455,1101,4.05,-97.26,0.0,-100.0,0.0,-34.05
SOL-USDT-SWAP,reversal,12H,0.001,0.02,0.03,1,0.0,10.0,148.0,0.0,-100.0,689,387,302,56.17,100.0,0.807,-5.455,1101,5.74,-96.12,0.0,-100.0,0.0,-34.05
SOL-USDT-SWAP,reversal,12H,0.001,0.03,0.01,1,0.0,10.0,148.0,0.0,-100.0,689,220,469,31.93,100.0,0.675,-5.455,1101,1.85,-98.75,0.0,-100.0,0.0,-40.46
SOL-USDT-SWAP,reversal,12H,0.001,0.03,0.015,1,0.0,10.0,148.0,0.0,-100.0,689,275,414,39.91,100.0,0.661,-5.455,1101,0.14,-99.91,0.0,-100.0,0.0,-39.44
SOL-USDT-SWAP,reversal,12H,0.001,0.03,0.02,1,0.0,10.0,148.0,0.0,-100.0,689,306,383,44.41,100.0,0.59,-5.455,1101,0.13,-99.91,0.0,-100.0,0.0,-46.54
SOL-USDT-SWAP,reversal,12H,0.001,0.03,0.025,1,0.0,10.0,148.0,0.0,-100.0,689,325,364,47.17,100.0,0.585,-5.455,1101,0.18,-99.88,0.0,-100.0,0.0,-34.05
SOL-USDT-SWAP,reversal,12H,0.001,0.03,0.03,1,0.0,10.0,148.0,0.0,-100.0,689,335,354,48.62,100.0,0.634,-5.455,1101,0.34,-99.77,0.0,-100.0,0.0,-34.05
SOL-USDT-SWAP,reversal,12H,0.002,0.006,0.01,1,0.0,10.0,148.0,11.37,-92.32,667,493,174,73.91,94.02,0.878,-5.035,1101,130.16,-12.06,12.13,-90.68,11.37,-6.27
SOL-USDT-SWAP,reversal,12H,0.002,0.006,0.015,1,0.0,10.0,148.0,3213.5,2071.29,667,559,108,83.81,90.11,1.142,112.979,1101,1619.19,994.04,2901.04,79.17,3213.5,10.77
SOL-USDT-SWAP,reversal,12H,0.002,0.006,0.02,1,0.0,10.0,148.0,74458.5,50209.8,667,594,73,89.06,85.49,1.6,2738.716,1101,9396.32,6248.87,72801.7,674.79,74458.5,2.28
SOL-USDT-SWAP,reversal,12H,0.002,0.006,0.025,1,0.0,10.0,148.0,120093.64,81044.35,667,607,60,91.0,74.45,1.702,4420.601,1101,25254.41,16963.79,118436.84,368.97,120093.64,1.4
SOL-USDT-SWAP,reversal,12H,0.002,0.006,0.03,1,0.0,10.0,148.0,141948.07,95810.86,667,616,51,92.35,54.17,1.925,5226.047,1101,28792.61,19354.46,140291.27,387.25,141948.07,1.18
SOL-USDT-SWAP,reversal,12H,0.002,0.008,0.01,1,0.0,10.0,148.0,49.91,-66.28,667,448,219,67.17,95.29,0.976,-3.615,1101,577.54,290.23,65.86,-88.6,49.91,-24.21
SOL-USDT-SWAP,reversal,12H,0.002,0.008,0.015,1,0.0,10.0,148.0,17997.82,12060.69,667,514,153,77.06,93.54,1.213,657.856,1101,4211.64,2745.7,17389.69,312.9,17997.82,3.5
SOL-USDT-SWAP,reversal,12H,0.002,0.008,0.02,1,0.0,10.0,148.0,106948.39,72162.42,667,547,120,82.01,82.2,1.4,3936.132,1101,26716.69,17951.82,106340.26,298.03,106948.39,0.57
SOL-USDT-SWAP,reversal,12H,0.002,0.008,0.025,1,0.0,10.0,148.0,149267.07,100756.13,667,562,105,84.26,58.87,1.552,5495.789,1101,50869.24,34271.11,148658.93,192.24,149267.07,0.41
SOL-USDT-SWAP,reversal,12H,0.002,0.008,0.03,1,0.0,10.0,148.0,151566.88,102310.06,667,568,99,85.16,69.21,1.57,5580.549,1101,45097.27,30371.13,150958.75,234.74,151566.88,0.4
SOL-USDT-SWAP,reversal,12H,0.002,0.01,0.01,1,0.0,10.0,148.0,34.48,-76.7,667,405,262,60.72,98.23,0.978,-4.184,1101,791.45,434.76,53.97,-93.18,34.48,-36.11
SOL-USDT-SWAP,reversal,12H,0.002,0.01,0.015,1,0.0,10.0,148.0,3769.76,2447.13,667,467,200,70.01,97.08,1.065,133.48,1101,3898.22,2533.93,4514.55,15.81,3769.76,-16.5
SOL-USDT-SWAP,reversal,12H,0.002,0.01,0.02,1,0.0,10.0,148.0,56276.58,37924.72,667,499,168,74.81,94.57,1.22,2068.621,1101,19537.98,13101.34,57120.33,192.36,56276.58,-1.48
SOL-USDT-SWAP,reversal,12H,0.002,0.01,0.025,1,0.0,10.0,148.0,121410.9,81934.39,667,515,152,77.21,79.21,1.333,4469.149,1101,40374.19,27179.86,122254.64,202.8,121410.9,-0.69
SOL-USDT-SWAP,reversal,12H,0.002,0.01,0.03,1,0.0,10.0,148.0,122236.73,82492.39,667,521,146,78.11,74.2,1.334,4499.585,1101,37511.14,25245.37,123080.48,228.12,122236.73,-0.69
SOL-USDT-SWAP,reversal,12H,0.002,0.015,0.01,1,0.0,10.0,148.0,0.02,-99.98,667,308,359,46.18,99.98,0.862,-5.454,1101,122.49,-17.24,0.04,-99.97,0.02,-33.15
SOL-USDT-SWAP,reversal,12H,0.002,0.015,0.015,1,0.0,10.0,148.0,1.28,-99.13,667,372,295,55.77,99.92,0.967,-5.407,1101,559.77,278.22,1.92,-99.66,1.28,-33.09
SOL-USDT-SWAP,reversal,12H,0.002,0.015,0.02,1,0.0,10.0,148.0,10.2,-93.11,667,406,261,60.87,99.96,0.992,-5.079,1101,2235.52,1410.49,14.54,-99.35,10.2,-29.82
SOL-USDT-SWAP,reversal,12H,0.002,0.015,0.025,1,0.0,10.0,148.0,40.13,-72.89,667,422,245,63.27,99.96,0.998,-3.976,1101,11176.16,7451.46,53.81,-99.52,40.13,-25.42
SOL-USDT-SWAP,reversal,12H,0.002,0.015,0.03,1,0.0,10.0,148.0,12.35,-91.66,667,429,238,64.32,99.94,0.997,-4.999,1101,5793.79,3814.72,16.56,-99.71,12.35,-25.42
SOL-USDT-SWAP,reversal,12H,0.002,0.02,0.01,1,0.0,10.0,148.0,0.0,-100.0,667,258,409,38.68,100.0,0.697,-5.455,1101,11.26,-92.39,0.0,-100.0,0.0,-36.95
SOL-USDT-SWAP,reversal,12H,0.002,0.02,0.015,1,0.0,10.0,148.0,0.0,-100.0,667,316,351,47.38,100.0,0.825,-5.455,1101,17.91,-87.9,0.0,-100.0,0.0,-36.9
SOL-USDT-SWAP,reversal,12H,0.002,0.02,0.02,1,0.0,10.0,148.0,0.0,-100.0,667,345,322,51.72,100.0,0.844,-5.455,1101,8.93,-93.97,0.0,-100.0,0.0,-33.82
SOL-USDT-SWAP,reversal,12H,0.002,0.02,0.025,1,0.0,10.0,148.0,0.0,-100.0,667,362,305,54.27,100.0,0.925,-5.455,1101,42.12,-71.54,0.0,-100.0,0.0,-29.67
SOL-USDT-SWAP,reversal,12H,0.002,0.02,0.03,1,0.0,10.0,148.0,0.0,-100.0,667,368,299,55.17,100.0,0.892,-5.455,1101,18.3,-87.63,0.0,-100.0,0.0,-29.67
SOL-USDT-SWAP,reversal,12H,0.002,0.03,0.01,1,0.0,10.0,148.0,0.0,-100.0,667,218,449,32.68,100.0,0.624,-5.455,1101,1.72,-98.84,0.0,-100.0,0.0,-36.95
SOL-USDT-SWAP,reversal,12H,0.002,0.03,0.015,1,0.0,10.0,148.0,0.0,-100.0,667,273,394,40.93,100.0,0.638,-5.455,1101,0.49,-99.67,0.0,-100.0,0.0,-36.9
SOL-USDT-SWAP,reversal,12H,0.002,0.03,0.02,1,0.0,10.0,148.0,0.0,-100.0,667,300,367,44.98,100.0,0.59,-5.455,1101,0.24,-99.84,0.0,-100.0,0.0,-33.82
SOL-USDT-SWAP,reversal,12H,0.002,0.03,0.025,1,0.0,10.0,148.0,0.0,-100.0,667,317,350,47.53,100.0,0.707,-5.455,1101,0.87,-99.41,0.0,-100.0,0.0,-29.67
SOL-USDT-SWAP,reversal,12H,0.002,0.03,0.03,1,0.0,10.0,148.0,0.0,-100.0,667,326,341,48.88,100.0,0.601,-5.455,1101,0.35,-99.76,0.0,-100.0,0.0,-29.67
SOL-USDT-SWAP,reversal,12H,0.003,0.006,0.01,1,0.0,10.0,148.0,27.92,-81.13,651,485,166,74.5,91.06,0.881,-4.425,1101,81.83,-44.71,26.16,-68.03,27.92,6.76
SOL-USDT-SWAP,reversal,12H,0.003,0.006,0.015,1,0.0,10.0,148.0,31298.12,21047.38,651,556,95,85.41,80.69,1.703,1148.039,1101,1209.87,717.48,27743.12,2193.06,31298.12,12.81
SOL-USDT-SWAP,reversal,12H,0.003,0.006,0.02,1,0.0,10.0,148.0,120408.33,81256.98,651,588,63,90.32,61.01,1.922,4432.199,1101,11967.35,7986.05,116853.33,876.43,120408.33,3.04
SOL-USDT-SWAP,reversal,12H,0.003,0.006,0.025,1,0.0,10.0,148.0,152511.73,102948.47,651,600,51,92.17,47.15,2.135,5615.371,1101,25555.53,17167.25,148956.73,482.87,152511.73,2.39
SOL-USDT-SWAP,reversal,12H,0.003,0.006,0.03,1,0.0,10.0,148.0,179410.55,121123.35,651,609,42,93.55,47.6,2.587,6606.728,1101,33549.53,22568.6,175855.55,424.17,179410.55,2.02
SOL-USDT-SWAP,reversal,12H,0.003,0.008,0.01,1,0.0,10.0,148.0,158.81,7.3,651,444,207,68.2,93.9,1.003,0.398,1101,277.64,87.59,188.76,-32.01,158.81,-15.87
SOL-USDT-SWAP,reversal,12H,0.003,0.008,0.015,1,0.0,10.0,148.0,52434.63,35328.8,651,514,137,78.96,94.46,1.584,1927.026,1101,3501.3,2265.74,50111.37,1331.22,52434.63,4.64
SOL-USDT-SWAP,reversal,12H,0.003,0.008,0.02,1,0.0,10.0,148.0,163994.96,110707.41,651,549,102,84.33,52.98,1.659,6038.586,1101,41943.03,28239.88,161671.7,285.46,163994.96,1.44
SOL-USDT-SWAP,reversal,12H,0.003,0.008,0.025,1,0.0,10.0,148.0,173307.73,116999.82,651,559,92,85.87,47.15,1.679,6381.808,1101,48241.99,32495.94,170984.47,254.43,173307.73,1.36
SOL-USDT-SWAP,reversal,12H,0.003,0.008,0.03,1,0.0,10.0,148.0,196644.42,132767.85,651,568,83,87.25,47.86,1.83,7241.883,1101,52393.61,35301.08,194321.16,270.89,196644.42,1.2
SOL-USDT-SWAP,reversal,12H,0.003,0.01,0.01,1,0.0,10.0,148.0,220.21,48.79,651,404,247,62.06,95.49,1.011,2.661,1101,521.62,252.45,337.42,-35.31,220.21,-34.74
SOL-USDT-SWAP,reversal,12H,0.003,0.01,0.015,1,0.0,10.0,148.0,38753.82,26085.01,651,469,182,72.04,95.26,1.347,1422.819,1101,4243.65,2767.33,40591.07,856.51,38753.82,-4.53
SOL-USDT-SWAP,reversal,12H,0.003,0.01,0.02,1,0.0,10.0,148.0,143348.22,96756.91,651,501,150,76.96,69.96,1.416,5277.649,1101,39586.18,26647.42,143591.99,262.73,143348.22,-0.17
SOL-USDT-SWAP,reversal,12H,0.003,0.01,0.025,1,0.0,10.0,148.0,151535.91,102289.13,651,511,140,78.49,75.88,1.427,5579.407,1101,44818.98,30183.09,151779.69,238.65,151535.91,-0.16
SOL-USDT-SWAP,reversal,12H,0.003,0.01,0.03,1,0.0,10.0,148.0,169311.88,114299.92,651,519,132,79.72,73.49,1.499,6234.541,1101,44452.61,29935.55,169555.65,281.43,169311.88,-0.14
SOL-USDT-SWAP,reversal,12H,0.003,0.015,0.01,1,0.0,10.0,148.0,16.27,-89.01,651,327,324,50.23,96.83,0.948,-4.855,1101,229.09,54.79,23.82,-89.6,16.27,-31.71
SOL-USDT-SWAP,reversal,12H,0.003,0.015,0.015,1,0.0,10.0,148.0,542.19,266.34,651,388,263,59.6,97.09,1.035,14.528,1101,1130.33,663.73,785.37,-30.52,542.19,-30.96
SOL-USDT-SWAP,reversal,12H,0.003,0.015,0.02,1,0.0,10.0,148.0,38324.23,25794.75,651,421,230,64.67,93.46,1.131,1406.986,1101,24789.78,16649.85,42363.0,70.89,38324.23,-9.53
SOL-USDT-SWAP,reversal,12H,0.003,0.015,0.025,1,0.0,10.0,148.0,72386.12,48809.54,651,430,221,66.05,91.19,1.168,2662.338,1101,26683.74,17929.55,75542.21,183.1,72386.12,-4.18
SOL-USDT-SWAP,reversal,12H,0.003,0.015,0.03,1,0.0,10.0,148.0,99919.11,67412.91,651,437,214,67.13,71.45,1.22,3677.068,1101,19804.04,13281.11,103075.2,420.48,99919.11,-3.06
SOL-USDT-SWAP,reversal,12H,0.003,0.02,0.01,1,0.0,10.0,148.0,0.02,-99.99,651,273,378,41.94,99.99,0.816,-5.454,1101,38.04,-74.3,0.03,-99.92,0.02,-35.0
SOL-USDT-SWAP,reversal,12H,0.003,0.02,0.015,1,0.0,10.0,148.0,0.03,-99.98,651,328,323,50.38,99.99,0.852,-5.453,1101,57.77,-60.97,0.05,-99.92,0.03,-34.29
SOL-USDT-SWAP,reversal,12H,0.003,0.02,0.02,1,0.0,10.0,148.0,0.31,-99.79,651,360,291,55.3,99.98,0.953,-5.443,1101,290.46,96.26,0.45,-99.85,0.31,-30.33
SOL-USDT-SWAP,reversal,12H,0.003,0.02,0.025,1,0.0,10.0,148.0,0.08,-99.94,651,371,280,56.99,99.99,0.96,-5.451,1101,252.34,70.5,0.11,-99.96,0.08,-25.06
SOL-USDT-SWAP,reversal,12H,0.003,0.02,0.03,1,0.0,10.0,148.0,0.09,-99.94,651,379,272,58.22,99.99,0.963,-5.451,1101,242.82,64.07,0.12,-99.95,0.09,-25.06
SOL-USDT-SWAP,reversal,12H,0.003,0.03,0.01,1,0.0,10.0,148.0,0.0,-100.0,651,230,421,35.33,100.0,0.631,-5.455,1101,2.96,-98.0,0.0,-99.99,0.0,-35.0
SOL-USDT-SWAP,reversal,12H,0.003,0.03,0.015,1,0.0,10.0,148.0,0.0,-100.0,651,281,370,43.16,100.0,0.589,-5.455,1101,1.17,-99.21,0.0,-100.0,0.0,-34.29
SOL-USDT-SWAP,reversal,12H,0.003,0.03,0.02,1,0.0,10.0,148.0,0.0,-100.0,651,308,343,47.31,100.0,0.599,-5.455,1101,1.69,-98.86,0.0,-100.0,0.0,-30.33
SOL-USDT-SWAP,reversal,12H,0.003,0.03,0.025,1,0.0,10.0,148.0,0.0,-100.0,651,319,332,49.0,100.0,0.676,-5.455,1101,1.65,-98.89,0.0,-100.0,0.0,-25.06
SOL-USDT-SWAP,reversal,12H,0.003,0.03,0.03,1,0.0,10.0,148.0,0.0,-100.0,651,329,322,50.54,100.0,0.583,-5.455,1101,1.38,-99.07,0.0,-100.0,0.0,-25.06
SOL-USDT-SWAP,reversal,12H,0.005,0.006,0.01,1,0.0,10.0,148.0,32.36,-78.13,601,448,153,74.54,92.9,0.896,-4.262,1101,162.15,9.56,29.32,-81.92,32.36,10.38
SOL-USDT-SWAP,reversal,12H,0.005,0.006,0.015,1,0.0,10.0,148.0,37226.37,25052.96,601,518,83,86.19,74.08,1.488,1366.525,1101,2934.6,1882.84,35673.84,1115.63,37226.37,4.35
SOL-USDT-SWAP,reversal,12H,0.005,0.006,0.02,1,0.0,10.0,148.0,117010.88,78961.41,601,547,54,91.01,51.71,1.85,4306.986,1101,17714.7,11869.39,115458.34,551.77,117010.88,1.34
SOL-USDT-SWAP,reversal,12H,0.005,0.006,0.025,1,0.0,10.0,148.0,141325.49,95390.19,601,558,43,92.85,40.23,2.134,5203.102,1101,31960.98,21495.26,139772.95,337.32,141325.49,1.11
SOL-USDT-SWAP,reversal,12H,0.005,0.006,0.03,1,0.0,10.0,148.0,185022.87,124915.45,601,569,32,94.68,41.94,3.126,6813.57,1101,35416.96,23830.38,183470.33,418.03,185022.87,0.85
SOL-USDT-SWAP,reversal,12H,0.005,0.008,0.01,1,0.0,10.0,148.0,2532.65,1611.25,601,424,177,70.55,79.67,1.207,87.886,1101,324.95,119.56,2126.22,554.33,2532.65,19.12
SOL-USDT-SWAP,reversal,12H,0.005,0.008,0.015,1,0.0,10.0,148.0,131263.88,88591.81,601,494,107,82.2,68.26,1.833,4832.28,1101,6864.39,4538.1,128511.34,1772.14,131263.88,2.14
SOL-USDT-SWAP,reversal,12H,0.005,0.008,0.02,1,0.0,10.0,148.0,208300.07,140643.29,601,521,80,86.69,59.22,2.263,7671.452,1101,34881.95,23468.89,205547.53,489.27,208300.07,1.34
SOL-USDT-SWAP,reversal,12H,0.005,0.008,0.025,1,0.0,10.0,148.0,216234.86,146004.63,601,529,72,88.02,68.73,2.346,7963.889,1101,39769.42,26771.23,213482.32,436.8,216234.86,1.29
SOL-USDT-SWAP,reversal,12H,0.005,0.008,0.03,1,0.0,10.0,148.0,259653.96,175341.87,601,540,61,89.85,69.23,3.034,9564.102,1101,43697.12,29425.08,256901.43,487.91,259653.96,1.07
SOL-USDT-SWAP,reversal,12H,0.005,0.01,0.01,1,0.0,10.0,148.0,1054.72,612.65,601,380,221,63.23,94.01,1.169,33.417,1101,245.65,65.98,1014.69,313.06,1054.72,3.95
SOL-USDT-SWAP,reversal,12H,0.005,0.01,0.015,1,0.0,10.0,148.0,108248.53,73040.9,601,449,152,74.71,81.47,1.611,3984.049,1101,4597.51,3006.42,105237.27,2189.01,108248.53,2.86
SOL-USDT-SWAP,reversal,12H,0.005,0.01,0.02,1,0.0,10.0,148.0,199129.86,134447.2,601,479,122,79.7,65.5,1.764,7333.484,1101,37603.05,25307.47,196118.6,421.55,199129.86,1.54
SOL-USDT-SWAP,reversal,12H,0.005,0.01,0.025,1,0.0,10.0,148.0,202566.83,136769.48,601,488,113,81.2,71.5,1.781,7460.154,1101,39847.04,26823.67,199555.57,400.8,202566.83,1.51
SOL-USDT-SWAP,reversal,12H,0.005,0.01,0.03,1,0.0,10.0,148.0,251468.12,169810.89,601,499,102,83.03,73.89,2.095,9262.412,1101,45379.58,30561.88,248456.86,447.51,251468.12,1.21
SOL-USDT-SWAP,reversal,12H,0.005,0.015,0.01,1,0.0,10.0,148.0,222.4,50.27,601,309,292,51.41,95.07,1.011,2.742,1101,349.3,136.01,273.26,-21.77,222.4,-18.61
SOL-USDT-SWAP,reversal,12H,0.005,0.015,0.015,1,0.0,10.0,148.0,46999.79,31656.62,601,370,231,61.56,95.91,1.254,1726.725,1101,4577.55,2992.94,48300.49,955.16,46999.79,-2.69
SOL-USDT-SWAP,reversal,12H,0.005,0.015,0.02,1,0.0,10.0,148.0,154450.14,104258.2,601,397,204,66.06,83.62,1.351,5686.811,1101,49314.93,33220.9,153857.55,211.99,154450.14,0.39
SOL-USDT-SWAP,reversal,12H,0.005,0.015,0.025,1,0.0,10.0,148.0,138002.36,93144.84,601,405,196,67.39,81.52,1.309,5080.628,1101,43078.97,29007.41,137409.77,218.97,138002.36,0.43
SOL-USDT-SWAP,reversal,12H,0.005,0.015,0.03,1,0.0,10.0,148.0,175154.8,118247.83,601,414,187,68.89,79.89,1.4,6449.882,1101,42250.23,28447.46,174562.2,313.16,175154.8,0.34
SOL-USDT-SWAP,reversal,12H,0.005,0.02,0.01,1,0.0,10.0,148.0,0.24,-99.84,601,252,349,41.93,99.84,0.815,-5.446,1101,43.56,-70.56,0.39,-99.12,0.24,-36.83
SOL-USDT-SWAP,reversal,12H,0.005,0.02,0.015,1,0.0,10.0,148.0,0.91,-99.39,601,304,297,50.58,99.86,0.932,-5.421,1101,116.35,-21.39,1.39,-98.81,0.91,-34.66
SOL-USDT-SWAP,reversal,12H,0.005,0.02,0.02,1,0.0,10.0,148.0,27.53,-81.4,601,334,267,55.57,99.82,0.993,-4.44,1101,1540.42,940.82,38.9,-97.47,27.53,-29.24
SOL-USDT-SWAP,reversal,12H,0.005,0.02,0.025,1,0.0,10.0,148.0,1.47,-99.01,601,342,259,56.91,99.97,0.989,-5.4,1101,973.45,557.74,1.88,-99.81,1.47,-22.04
SOL-USDT-SWAP,reversal,12H,0.005,0.02,0.03,1,0.0,10.0,148.0,20.01,-86.48,601,353,248,58.74,99.73,0.995,-4.717,1101,986.07,566.26,25.66,-97.4,20.01,-22.04
SOL-USDT-SWAP,reversal,12H,0.005,0.03,0.01,1,0.0,10.0,148.0,0.0,-100.0,601,212,389,35.27,100.0,0.691,-5.455,1101,3.24,-97.81,0.0,-99.98,0.0,-36.83
SOL-USDT-SWAP,reversal,12H,0.005,0.03,0.015,1,0.0,10.0,148.0,0.0,-100.0,601,258,343,42.93,100.0,0.759,-5.455,1101,3.83,-97.41,0.0,-100.0,0.0,-34.66
SOL-USDT-SWAP,reversal,12H,0.005,0.03,0.02,1,0.0,10.0,148.0,0.0,-100.0,601,285,316,47.42,100.0,0.858,-5.455,1101,14.99,-89.87,0.0,-100.0,0.0,-29.24
SOL-USDT-SWAP,reversal,12H,0.005,0.03,0.025,1,0.0,10.0,148.0,0.0,-100.0,601,294,307,48.92,100.0,0.849,-5.455,1101,14.92,-89.92,0.0,-100.0,0.0,-22.04
SOL-USDT-SWAP,reversal,12H,0.005,0.03,0.03,1,0.0,10.0,148.0,0.0,-100.0,601,303,298,50.42,100.0,0.817,-5.455,1101,6.42,-95.66,0.0,-100.0,0.0,-22.04
SOL-USDT-SWAP,reversal,12H,0.007,0.006,0.01,1,0.0,10.0,148.0,149.07,0.72,541,411,130,75.97,87.69,1.0,0.039,1101,592.03,300.02,144.8,-75.54,149.07,2.95
SOL-USDT-SWAP,reversal,12H,0.007,0.006,0.015,1,0.0,10.0,148.0,45713.72,30787.65,541,469,72,86.69,66.2,1.732,1679.326,1101,2683.09,1712.9,43716.8,1529.35,45713.72,4.57
SOL-USDT-SWAP,reversal,12H,0.007,0.006,0.02,1,0.0,10.0,148.0,73115.79,49302.56,541,488,53,90.2,81.57,1.841,2689.231,1101,6968.36,4608.35,71118.88,920.6,73115.79,2.81
SOL-USDT-SWAP,reversal,12H,0.007,0.006,0.025,1,0.0,10.0,148.0,103943.02,70131.77,541,501,40,92.61,68.33,2.071,3825.369,1101,10385.56,6917.27,101946.1,881.61,103943.02,1.96
SOL-USDT-SWAP,reversal,12H,0.007,0.006,0.03,1,0.0,10.0,148.0,154347.57,104188.9,541,512,29,94.64,36.9,2.942,5683.031,1101,22325.44,14984.75,152350.65,582.41,154347.57,1.31
SOL-USDT-SWAP,reversal,12H,0.007,0.008,0.01,1,0.0,10.0,148.0,13552.84,9057.32,541,392,149,72.46,79.67,1.19,494.036,1101,3129.48,2014.51,13421.68,328.88,13552.84,0.98
SOL-USDT-SWAP,reversal,12H,0.007,0.008,0.015,1,0.0,10.0,148.0,140800.08,95035.19,541,449,92,82.99,46.85,1.835,5183.738,1101,22334.85,14991.12,139051.62,522.58,140800.08,1.26
SOL-USDT-SWAP,reversal,12H,0.007,0.008,0.02,1,0.0,10.0,148.0,174209.65,117609.22,541,467,74,86.32,31.53,2.057,6415.048,1101,40412.48,27205.73,172461.19,326.75,174209.65,1.01
SOL-USDT-SWAP,reversal,12H,0.007,0.008,0.025,1,0.0,10.0,148.0,207179.03,139885.83,541,480,61,88.72,36.89,2.469,7630.136,1101,48200.96,32468.22,205430.58,326.2,207179.03,0.85
SOL-USDT-SWAP,reversal,12H,0.007,0.008,0.03,1,0.0,10.0,148.0,251501.04,169833.13,541,491,50,90.76,40.52,3.432,9263.625,1101,55116.04,37140.57,249752.58,353.14,251501.04,0.7
SOL-USDT-SWAP,reversal,12H,0.007,0.01,0.01,1,0.0,10.0,148.0,49163.88,33118.84,541,365,176,67.47,65.72,1.392,1806.482,1101,2243.75,1416.05,47912.34,2035.37,49163.88,2.61
SOL-USDT-SWAP,reversal,12H,0.007,0.01,0.015,1,0.0,10.0,148.0,175326.73,118364.01,541,422,119,78.0,48.4,1.915,6456.219,1101,18621.39,12482.02,172678.27,827.31,175326.73,1.53
SOL-USDT-SWAP,reversal,12H,0.007,0.01,0.02,1,0.0,10.0,148.0,216722.55,146334.16,541,442,99,81.7,54.8,2.125,7981.863,1101,42585.14,28673.75,214074.09,402.7,216722.55,1.24
SOL-USDT-SWAP,reversal,12H,0.007,0.01,0.025,1,0.0,10.0,148.0,235522.35,159036.72,541,452,89,83.55,65.34,2.307,8674.73,1101,43582.23,29347.45,232873.89,434.33,235522.35,1.14
SOL-USDT-SWAP,reversal,12H,0.007,0.01,0.03,1,0.0,10.0,148.0,277669.42,187514.47,541,463,78,85.58,64.1,2.91,10228.062,1101,48696.39,32802.97,275020.96,464.77,277669.42,0.96
SOL-USDT-SWAP,reversal,12H,0.007,0.015,0.01,1,0.0,10.0,148.0,19281.5,12928.04,541,299,242,55.27,81.65,1.185,705.166,1101,1235.92,735.08,18894.21,1428.76,19281.5,2.05
SOL-USDT-SWAP,reversal,12H,0.007,0.015,0.015,1,0.0,10.0,148.0,99622.17,67212.28,541,344,197,63.59,82.04,1.41,3666.124,1101,5451.96,3583.76,97837.96,1694.55,99622.17,1.82
SOL-USDT-SWAP,reversal,12H,0.007,0.015,0.02,1,0.0,10.0,148.0,147169.26,99338.69,541,365,176,67.47,77.42,1.417,5418.474,1101,24083.29,16172.5,145385.05,503.68,147169.26,1.23
SOL-USDT-SWAP,reversal,12H,0.007,0.015,0.025,1,0.0,10.0,148.0,127413.01,85989.87,541,374,167,69.13,78.41,1.372,4690.357,1101,15519.06,10385.85,125628.8,709.51,127413.01,1.42
SOL-USDT-SWAP,reversal,12H,0.007,0.015,0.03,1,0.0,10.0,148.0,196069.08,132379.11,541,387,154,71.53,70.4,1.586,7220.679,1101,28524.36,19173.22,194284.87,581.12,196069.08,0.92
SOL-USDT-SWAP,reversal,12H,0.007,0.02,0.01,1,0.0,10.0,148.0,6.97,-95.29,541,240,301,44.36,98.81,0.968,-5.198,1101,464.15,213.61,8.9,-98.08,6.97,-21.71
SOL-USDT-SWAP,reversal,12H,0.007,0.02,0.015,1,0.0,10.0,148.0,176.69,19.38,541,287,254,53.05,99.37,1.001,1.057,1101,6221.03,4103.4,216.44,-96.52,176.69,-18.37
SOL-USDT-SWAP,reversal,12H,0.007,0.02,0.02,1,0.0,10.0,148.0,200.59,35.54,541,307,234,56.75,99.71,1.001,1.938,1101,16232.35,10867.8,231.94,-98.57,200.59,-13.52
SOL-USDT-SWAP,reversal,12H,0.007,0.02,0.025,1,0.0,10.0,148.0,54.62,-63.1,541,317,224,58.6,99.79,0.998,-3.442,1101,7100.78,4697.83,63.15,-99.11,54.62,-13.52
SOL-USDT-SWAP,reversal,12H,0.007,0.02,0.03,1,0.0,10.0,148.0,897.05,506.11,541,329,212,60.81,98.26,1.006,27.606,1101,11516.74,7681.58,1037.23,-90.99,897.05,-13.52
SOL-USDT-SWAP,reversal,12H,0.007,0.03,0.01,1,0.0,10.0,148.0,0.01,-99.99,541,200,341,36.97,100.0,0.838,-5.454,1101,11.38,-92.31,0.01,-99.9,0.01,-21.71
SOL-USDT-SWAP,reversal,12H,0.007,0.03,0.015,1,0.0,10.0,148.0,0.0,-100.0,541,234,307,43.25,100.0,0.862,-5.454,1101,14.96,-89.89,0.0,-99.98,0.0,-18.37
SOL-USDT-SWAP,reversal,12H,0.007,0.03,0.02,1,0.0,10.0,148.0,0.0,-100.0,541,255,286,47.13,100.0,0.926,-5.455,1101,35.94,-75.72,0.0,-100.0,0.0,-13.52
SOL-USDT-SWAP,reversal,12H,0.007,0.03,0.025,1,0.0,10.0,148.0,0.0,-100.0,541,266,275,49.17,100.0,0.89,-5.455,1101,23.9,-83.85,0.0,-100.0,0.0,-13.52
SOL-USDT-SWAP,reversal,12H,0.007,0.03,0.03,1,0.0,10.0,148.0,0.0,-100.0,541,275,266,50.83,100.0,0.882,-5.455,1101,35.38,-76.09,0.0,-100.0,0.0,-13.52
SOL-USDT-SWAP,reversal,12H,0.01,0.006,0.01,1,0.0,10.0,148.0,174.58,17.96,474,362,112,76.37,90.2,1.014,0.98,1101,169.55,14.56,176.37,4.02,174.58,-1.01
SOL-USDT-SWAP,reversal,12H,0.01,0.006,0.015,1,0.0,10.0,148.0,12262.76,8185.65,474,408,66,86.08,86.88,2.139,446.49,1101,520.17,251.46,10870.65,1989.84,12262.76,12.81
SOL-USDT-SWAP,reversal,12H,0.01,0.006,0.02,1,0.0,10.0,148.0,40015.93,26937.79,474,426,48,89.87,77.9,2.307,1469.334,1101,1408.08,851.4,38173.3,2611.02,40015.93,4.83
SOL-USDT-SWAP,reversal,12H,0.01,0.006,0.025,1,0.0,10.0,148.0,80033.71,53976.83,474,440,34,92.83,57.08,2.778,2944.191,1101,1963.54,1226.71,78191.08,3882.15,80033.71,2.36
SOL-USDT-SWAP,reversal,12H,0.01,0.006,0.03,1,0.0,10.0,148.0,110098.9,74291.15,474,448,26,94.51,60.23,3.254,4052.245,1101,7995.74,5302.52,108256.27,1253.92,110098.9,1.7
SOL-USDT-SWAP,reversal,12H,0.01,0.008,0.01,1,0.0,10.0,148.0,24885.04,16714.22,474,352,122,74.26,81.66,1.495,911.685,1101,889.86,501.25,23985.04,2595.38,24885.04,3.75
SOL-USDT-SWAP,reversal,12H,0.01,0.008,0.015,1,0.0,10.0,148.0,107063.92,72240.49,474,399,75,84.18,80.53,2.301,3940.39,1101,3101.22,1995.42,104321.29,3263.87,107063.92,2.63
SOL-USDT-SWAP,reversal,12H,0.01,0.008,0.02,1,0.0,10.0,148.0,132482.01,89414.87,474,417,57,87.97,66.26,2.352,4877.175,1101,8467.5,5621.28,129739.38,1432.2,132482.01,2.11
SOL-USDT-SWAP,reversal,12H,0.01,0.008,0.025,1,0.0,10.0,148.0,181748.43,122703.0,474,431,43,90.93,50.36,2.739,6692.891,1101,14445.26,9660.31,179005.8,1139.2,181748.43,1.53
SOL-USDT-SWAP,reversal,12H,0.01,0.008,0.03,1,0.0,10.0,148.0,213008.76,143824.84,474,438,36,92.41,50.33,3.286,7844.991,1101,29642.48,19928.7,210266.12,609.34,213008.76,1.3
SOL-USDT-SWAP,reversal,12H,0.01,0.01,0.01,1,0.0,10.0,148.0,62016.09,41802.76,474,329,145,69.41,78.03,1.576,2280.151,1101,2208.76,1392.4,60216.09,2626.24,62016.09,2.99
SOL-USDT-SWAP,reversal,12H,0.01,0.01,0.015,1,0.0,10.0,148.0,158997.17,107330.52,474,375,99,79.11,66.57,1.889,5854.392,1101,14146.98,9458.77,155354.54,998.15,158997.17,2.34
SOL-USDT-SWAP,reversal,12H,0.01,0.01,0.02,1,0.0,10.0,148.0,190640.21,128710.95,474,393,81,82.91,46.0,2.118,7020.597,1101,30461.94,20482.39,186997.58,513.87,190640.21,1.95
SOL-USDT-SWAP,reversal,12H,0.01,0.01,0.025,1,0.0,10.0,148.0,232401.87,156928.29,474,407,67,85.86,39.86,2.634,8559.725,1101,31043.86,20875.58,228759.24,636.89,232401.87,1.59
SOL-USDT-SWAP,reversal,12H,0.01,0.01,0.03,1,0.0,10.0,148.0,260710.75,176055.91,474,414,60,87.34,47.01,2.983,9603.05,1101,48382.11,32590.61,257068.12,431.33,260710.75,1.42
SOL-USDT-SWAP,reversal,12H,0.01,0.015,0.01,1,0.0,10.0,148.0,18141.65,12157.87,474,265,209,55.91,67.3,1.382,663.157,1101,664.48,348.97,17050.74,2466.04,18141.65,6.4
SOL-USDT-SWAP,reversal,12H,0.01,0.015,0.015,1,0.0,10.0,148.0,134592.01,90840.55,474,317,157,66.88,70.89,1.585,4954.939,1101,9826.94,6539.82,131658.47,1239.77,134592.01,2.23
SOL-USDT-SWAP,reversal,12H,0.01,0.015,0.02,1,0.0,10.0,148.0,151617.26,102344.09,474,330,144,69.62,66.07,1.556,5582.405,1101,14846.06,9931.12,148683.71,901.5,151617.26,1.97
SOL-USDT-SWAP,reversal,12H,0.01,0.015,0.025,1,0.0,10.0,148.0,195651.82,132097.17,474,342,132,72.15,68.56,1.758,7205.3,1101,18518.68,12412.62,192718.27,940.67,195651.82,1.52
SOL-USDT-SWAP,reversal,12H,0.01,0.015,0.03,1,0.0,10.0,148.0,230733.62,155801.09,474,350,124,73.84,68.92,1.9,8498.241,1101,41172.51,27719.27,227800.07,453.28,230733.62,1.29
SOL-USDT-SWAP,reversal,12H,0.01,0.02,0.01,1,0.0,10.0,148.0,405.54,174.01,474,222,252,46.84,92.42,1.03,9.492,1101,274.63,85.56,367.66,33.88,405.54,10.3
SOL-USDT-SWAP,reversal,12H,0.01,0.02,0.015,1,0.0,10.0,148.0,5561.82,3657.99,474,266,208,56.12,93.41,1.08,199.527,1101,3196.32,2059.67,4424.6,38.43,5561.82,25.7
SOL-USDT-SWAP,reversal,12H,0.01,0.02,0.02,1,0.0,10.0,148.0,1298.26,777.2,474,280,194,59.07,98.11,1.017,42.393,1101,2224.81,1403.25,1032.81,-53.58,1298.26,25.7
SOL-USDT-SWAP,reversal,12H,0.01,0.02,0.025,1,0.0,10.0,148.0,38434.93,25869.55,474,291,183,61.39,91.05,1.159,1411.066,1101,1221.39,725.26,34751.39,2745.23,38434.93,10.6
SOL-USDT-SWAP,reversal,12H,0.01,0.02,0.03,1,0.0,10.0,148.0,80276.21,54140.68,474,301,173,63.5,85.35,1.295,2953.128,1101,6364.07,4200.04,76592.67,1103.52,80276.21,4.81
SOL-USDT-SWAP,reversal,12H,0.01,0.03,0.01,1,0.0,10.0,148.0,0.04,-99.98,474,176,298,37.13,99.98,0.751,-5.453,1101,7.17,-95.15,0.04,-99.39,0.04,-18.02
SOL-USDT-SWAP,reversal,12H,0.01,0.03,0.015,1,0.0,10.0,148.0,0.26,-99.82,474,220,254,46.41,99.97,0.896,-5.445,1101,29.59,-80.01,0.3,-99.0,0.26,-11.9
SOL-USDT-SWAP,reversal,12H,0.01,0.03,0.02,1,0.0,10.0,148.0,0.02,-99.99,474,233,241,49.16,99.99,0.857,-5.454,1101,24.83,-83.22,0.02,-99.93,0.02,-3.47
SOL-USDT-SWAP,reversal,12H,0.01,0.03,0.025,1,0.0,10.0,148.0,0.04,-99.97,474,245,229,51.69,99.98,0.864,-5.453,1101,14.35,-90.3,0.05,-99.68,0.04,-3.47
SOL-USDT-SWAP,reversal,12H,0.01,0.03,0.03,1,0.0,10.0,148.0,0.08,-99.94,474,253,221,53.38,99.99,0.904,-5.451,1101,91.62,-38.1,0.09,-99.9,0.08,-3.47
SOL-USDT-SWAP,fade,12H,0.001,0.006,0.01,1,0.0,10.0,148.0,0.41,-99.72,892,645,247,72.31,99.8,0.854,-5.439,1101,133.12,-10.06,0.45,-99.66,0.41,-8.86
SOL-USDT-SWAP,fade,12H,0.001,0.006,0.015,1,0.0,10.0,148.0,447.24,202.19,892,733,159,82.17,98.49,1.02,11.028,1101,2145.76,1349.84,404.42,-81.15,447.24,10.59
SOL-USDT-SWAP,fade,12H,0.001,0.006,0.02,1,0.0,10.0,148.0,114699.15,77399.43,892,786,106,88.12,54.09,1.424,4221.787,1101,38856.84,26154.62,113036.02,190.9,114699.15,1.47
SOL-USDT-SWAP,fade,12H,0.001,0.006,0.025,1,0.0,10.0,148.0,163983.82,110699.88,892,806,86,90.36,47.15,1.642,6038.175,1101,69127.79,46607.97,162320.69,134.81,163983.82,1.02
SOL-USDT-SWAP,fade,12H,0.001,0.006,0.03,1,0.0,10.0,148.0,188535.93,127289.15,892,817,75,91.59,54.17,1.799,6943.044,1101,72475.55,48869.97,186872.8,157.84,188535.93,0.89
SOL-USDT-SWAP,fade,12H,0.001,0.008,0.01,1,0.0,10.0,148.0,2.13,-98.56,892,587,305,65.81,99.84,0.966,-5.376,1101,897.7,506.56,2.86,-99.68,2.13,-25.45
SOL-USDT-SWAP,fade,12H,0.001,0.008,0.015,1,0.0,10.0,148.0,3570.62,2312.58,892,678,214,76.01,98.56,1.035,126.141,1101,10358.24,6898.81,4107.26,-60.35,3570.62,-13.07
SOL-USDT-SWAP,fade,12H,0.001,0.008,0.02,1,0.0,10.0,148.0,138560.71,93522.1,892,727,165,81.5,51.18,1.351,5101.206,1101,62371.38,42042.82,140952.83,125.99,138560.71,-1.7
SOL-USDT-SWAP,fade,12H,0.001,0.008,0.025,1,0.0,10.0,148.0,192438.18,129925.8,892,748,144,83.86,48.84,1.488,7086.862,1101,94705.94,63890.5,192787.83,103.56,192438.18,-0.18
SOL-USDT-SWAP,fade,12H,0.001,0.008,0.03,1,0.0,10.0,148.0,202588.4,136784.05,892,757,135,84.87,60.31,1.523,7460.948,1101,95988.54,64757.12,202938.05,111.42,202588.4,-0.17
SOL-USDT-SWAP,fade,12H,0.001,0.01,0.01,1,0.0,10.0,148.0,0.31,-99.79,892,526,366,58.97,99.94,0.88,-5.443,1101,85.26,-42.39,0.39,-99.54,0.31,-21.15
SOL-USDT-SWAP,fade,12H,0.001,0.01,0.015,1,0.0,10.0,148.0,272.4,84.05,892,615,277,68.95,99.45,1.007,4.585,1101,1460.65,886.92,290.75,-80.09,272.4,-6.31
SOL-USDT-SWAP,fade,12H,0.001,0.01,0.02,1,0.0,10.0,148.0,47805.3,32200.88,892,658,234,73.77,97.26,1.134,1756.411,1101,31072.9,20895.2,48997.41,57.69,47805.3,-2.43
SOL-USDT-SWAP,fade,12H,0.001,0.01,0.025,1,0.0,10.0,148.0,136304.22,91997.45,892,679,213,76.12,80.33,1.258,5018.043,1101,52717.63,35520.02,135453.87,156.94,136304.22,0.63
SOL-USDT-SWAP,fade,12H,0.001,0.01,0.03,1,0.0,10.0,148.0,132924.06,89713.56,892,688,204,77.13,78.72,1.256,4893.467,1101,47850.63,32231.51,132073.71,176.01,132924.06,0.64
SOL-USDT-SWAP,fade,12H,0.001,0.015,0.01,1,0.0,10.0,148.0,0.0,-100.0,892,400,492,44.84,100.0,0.755,-5.455,1101,22.96,-84.49,0.0,-100.0,0.0,-30.08
SOL-USDT-SWAP,fade,12H,0.001,0.015,0.015,1,0.0,10.0,148.0,0.01,-100.0,892,491,401,55.04,100.0,0.93,-5.454,1101,140.98,-4.74,0.01,-99.99,0.01,-40.01
SOL-USDT-SWAP,fade,12H,0.001,0.015,0.02,1,0.0,10.0,148.0,0.05,-99.97,892,533,359,59.75,100.0,0.987,-5.453,1101,1006.61,580.14,0.08,-99.99,0.05,-37.85
SOL-USDT-SWAP,fade,12H,0.001,0.015,0.025,1,0.0,10.0,148.0,0.1,-99.94,892,553,339,62.0,100.0,0.993,-5.451,1101,2412.97,1530.39,0.13,-99.99,0.1,-23.33
SOL-USDT-SWAP,fade,12H,0.001,0.015,0.03,1,0.0,10.0,148.0,0.09,-99.94,892,566,326,63.45,100.0,0.996,-5.451,1101,3567.66,2310.58,0.11,-100.0,0.09,-23.33
SOL-USDT-SWAP,fade,12H,0.001,0.02,0.01,1,0.0,10.0,148.0,0.0,-100.0,892,335,557,37.56,100.0,0.57,-5.455,1101,2.57,-98.26,0.0,-100.0,0.0,-31.78
SOL-USDT-SWAP,fade,12H,0.001,0.02,0.015,1,0.0,10.0,148.0,0.0,-100.0,892,416,476,46.64,100.0,0.689,-5.455,1101,5.66,-96.18,0.0,-100.0,0.0,-41.47
SOL-USDT-SWAP,fade,12H,0.001,0.02,0.02,1,0.0,10.0,148.0,0.0,-100.0,892,455,437,51.01,100.0,0.838,-5.455,1101,13.18,-91.1,0.0,-100.0,0.0,-39.36
SOL-USDT-SWAP,fade,12H,0.001,0.02,0.025,1,0.0,10.0,148.0,0.0,-100.0,892,476,416,53.36,100.0,0.874,-5.455,1101,15.95,-89.22,0.0,-100.0,0.0,-25.19
SOL-USDT-SWAP,fade,12H,0.001,0.02,0.03,1,0.0,10.0,148.0,0.0,-100.0,892,489,403,54.82,100.0,0.877,-5.455,1101,20.83,-85.93,0.0,-100.0,0.0,-25.19
SOL-USDT-SWAP,fade,12H,0.001,0.03,0.01,1,0.0,10.0,148.0,0.0,-100.0,892,272,620,30.49,100.0,0.472,-5.455,1101,0.13,-99.91,0.0,-100.0,0.0,-25.99
SOL-USDT-SWAP,fade,12H,0.001,0.03,0.015,1,0.0,10.0,148.0,0.0,-100.0,892,340,552,38.12,100.0,0.489,-5.455,1101,0.02,-99.99,0.0,-100.0,0.0,-36.5
SOL-USDT-SWAP,fade,12H,0.001,0.03,0.02,1,0.0,10.0,148.0,0.0,-100.0,892,378,514,42.38,100.0,0.53,-5.455,1101,0.05,-99.97,0.0,-100.0,0.0,-34.2
SOL-USDT-SWAP,fade,12H,0.001,0.03,0.025,1,0.0,10.0,148.0,0.0,-100.0,892,398,494,44.62,100.0,0.512,-5.455,1101,0.06,-99.96,0.0,-100.0,0.0,-18.83
SOL-USDT-SWAP,fade,12H,0.001,0.03,0.03,1,0.0,10.0,148.0,0.0,-100.0,892,411,481,46.08,100.0,0.552,-5.455,1101,0.12,-99.92,0.0,-100.0,0.0,-18.83
SOL-USDT-SWAP,fade,12H,0.002,0.006,0.01,1,0.0,10.0,148.0,9.76,-93.4,872,648,224,74.31,97.28,0.922,-5.095,1101,201.89,36.41,9.63,-95.23,9.76,1.38
SOL-USDT-SWAP,fade,12H,0.002,0.006,0.015,1,0.0,10.0,148.0,24561.5,16495.61,872,734,138,84.17,90.69,1.184,899.76,1101,5899.29,3886.01,21704.7,267.92,24561.5,13.16
SOL-USDT-SWAP,fade,12H,0.002,0.006,0.02,1,0.0,10.0,148.0,125182.28,84482.62,872,773,99,88.65,46.89,1.485,4608.143,1101,36108.59,24297.7,122325.48,238.77,125182.28,2.34
SOL-USDT-SWAP,fade,12H,0.002,0.006,0.025,1,0.0,10.0,148.0,164555.21,111085.96,872,790,82,90.6,47.15,1.67,6059.234,1101,57470.02,38731.1,161698.42,181.36,164555.21,1.77
SOL-USDT-SWAP,fade,12H,0.002,0.006,0.03,1,0.0,10.0,148.0,213686.26,144282.61,872,806,66,92.43,54.17,2.048,7869.961,1101,65551.87,44191.8,210829.47,221.62,213686.26,1.36
SOL-USDT-SWAP,fade,12H,0.002,0.008,0.01,1,0.0,10.0,148.0,241.6,63.24,872,595,277,68.23,95.93,1.006,3.45,1101,1965.46,1228.01,253.01,-87.13,241.6,-4.51
SOL-USDT-SWAP,fade,12H,0.002,0.008,0.015,1,0.0,10.0,148.0,117679.35,79413.08,872,682,190,78.21,56.47,1.325,4331.622,1101,36738.2,24723.11,115375.85,214.05,117679.35,2.0
SOL-USDT-SWAP,fade,12H,0.002,0.008,0.02,1,0.0,10.0,148.0,187209.15,126392.67,872,719,153,82.45,35.46,1.491,6894.145,1101,75959.3,51223.85,184905.64,143.43,187209.15,1.25
SOL-USDT-SWAP,fade,12H,0.002,0.008,0.025,1,0.0,10.0,148.0,230871.73,155894.41,872,738,134,84.63,28.66,1.641,8503.332,1101,104316.57,70384.17,228568.22,119.11,230871.73,1.01
SOL-USDT-SWAP,fade,12H,0.002,0.008,0.03,1,0.0,10.0,148.0,266227.18,179783.23,872,751,121,86.12,38.39,1.794,9806.358,1101,105285.48,71038.84,263923.68,150.67,266227.18,0.87
SOL-USDT-SWAP,fade,12H,0.002,0.01,0.01,1,0.0,10.0,148.0,43.0,-70.95,872,532,340,61.01,99.35,0.987,-3.87,1101,1130.34,663.74,51.45,-95.45,43.0,-16.43
SOL-USDT-SWAP,fade,12H,0.002,0.01,0.015,1,0.0,10.0,148.0,63899.28,43075.19,872,616,256,70.64,92.98,1.166,2349.556,1101,24594.54,16517.93,63890.77,159.78,63899.28,0.01
SOL-USDT-SWAP,fade,12H,0.002,0.01,0.02,1,0.0,10.0,148.0,147034.83,99247.86,872,652,220,74.77,52.46,1.281,5413.52,1101,63076.65,42519.36,145583.2,130.8,147034.83,1.0
SOL-USDT-SWAP,fade,12H,0.002,0.01,0.025,1,0.0,10.0,148.0,179894.09,121450.06,872,671,201,76.95,43.47,1.349,6624.549,1101,84992.57,57327.41,178442.46,109.95,179894.09,0.81
SOL-USDT-SWAP,fade,12H,0.002,0.01,0.03,1,0.0,10.0,148.0,199144.02,134456.77,872,682,190,78.21,56.77,1.394,7334.006,1101,86346.89,58242.5,197692.4,128.95,199144.02,0.73
SOL-USDT-SWAP,fade,12H,0.002,0.015,0.01,1,0.0,10.0,148.0,0.0,-100.0,872,402,470,46.1,100.0,0.914,-5.454,1101,181.16,22.41,0.0,-100.0,0.0,-25.9
SOL-USDT-SWAP,fade,12H,0.002,0.015,0.015,1,0.0,10.0,148.0,0.5,-99.66,872,484,388,55.5,99.99,0.995,-5.436,1101,3351.2,2164.33,0.68,-99.98,0.5,-26.57
SOL-USDT-SWAP,fade,12H,0.002,0.015,0.02,1,0.0,10.0,148.0,3.16,-97.86,872,521,351,59.75,100.0,0.999,-5.338,1101,21336.01,14316.22,4.11,-99.98,3.16,-22.98
SOL-USDT-SWAP,fade,12H,0.002,0.015,0.025,1,0.0,10.0,148.0,263.65,78.14,872,540,332,61.93,99.88,1.0,4.262,1101,48715.37,32815.79,322.13,-99.34,263.65,-18.15
SOL-USDT-SWAP,fade,12H,0.002,0.015,0.03,1,0.0,10.0,148.0,1678.05,1033.82,872,552,320,63.3,99.0,1.003,56.39,1101,43728.99,29446.62,2050.22,-95.31,1678.05,-18.15
SOL-USDT-SWAP,fade,12H,0.002,0.02,0.01,1,0.0,10.0,148.0,0.0,-100.0,872,337,535,38.65,100.0,0.739,-5.455,1101,13.73,-90.72,0.0,-100.0,0.0,-27.02
SOL-USDT-SWAP,fade,12H,0.002,0.02,0.015,1,0.0,10.0,148.0,0.0,-100.0,872,412,460,47.25,100.0,0.949,-5.455,1101,102.43,-30.79,0.0,-100.0,0.0,-27.68
SOL-USDT-SWAP,fade,12H,0.002,0.02,0.02,1,0.0,10.0,148.0,0.0,-100.0,872,446,426,51.15,100.0,0.972,-5.455,1101,103.99,-29.74,0.0,-100.0,0.0,-24.15
SOL-USDT-SWAP,fade,12H,0.002,0.02,0.025,1,0.0,10.0,148.0,0.0,-100.0,872,465,407,53.33,100.0,0.98,-5.455,1101,230.02,55.42,0.0,-100.0,0.0,-19.39
SOL-USDT-SWAP,fade,12H,0.002,0.02,0.03,1,0.0,10.0,148.0,0.0,-100.0,872,475,397,54.47,100.0,0.969,-5.455,1101,117.15,-20.84,0.0,-100.0,0.0,-19.39
SOL-USDT-SWAP,fade,12H,0.002,0.03,0.01,1,0.0,10.0,148.0,0.0,-100.0,872,274,598,31.42,100.0,0.502,-5.455,1101,0.32,-99.79,0.0,-100.0,0.0,-20.82
SOL-USDT-SWAP,fade,12H,0.002,0.03,0.015,1,0.0,10.0,148.0,0.0,-100.0,872,341,531,39.11,100.0,0.548,-5.455,1101,0.2,-99.86,0.0,-100.0,0.0,-21.54
SOL-USDT-SWAP,fade,12H,0.002,0.03,0.02,1,0.0,10.0,148.0,0.0,-100.0,872,374,498,42.89,100.0,0.634,-5.455,1101,0.24,-99.84,0.0,-100.0,0.0,-17.7
SOL-USDT-SWAP,fade,12H,0.002,0.03,0.025,1,0.0,10.0,148.0,0.0,-100.0,872,394,478,45.18,100.0,0.72,-5.455,1101,0.7,-99.53,0.0,-100.0,0.0,-12.54
SOL-USDT-SWAP,fade,12H,0.002,0.03,0.03,1,0.0,10.0,148.0,0.0,-100.0,872,406,466,46.56,100.0,0.6,-5.455,1101,0.33,-99.78,0.0,-100.0,0.0,-12.54
SOL-USDT-SWAP,fade,12H,0.003,0.006,0.01,1,0.0,10.0,148.0,12.14,-91.8,852,632,220,74.18,94.21,0.882,-5.007,1101,91.29,-38.32,12.43,-86.39,12.14,-2.3
SOL-USDT-SWAP,fade,12H,0.003,0.006,0.015,1,0.0,10.0,148.0,48693.89,32801.28,852,722,130,84.74,82.03,1.385,1789.161,1101,5630.19,3704.18,43983.89,681.22,48693.89,10.71
SOL-USDT-SWAP,fade,12H,0.003,0.006,0.02,1,0.0,10.0,148.0,150038.43,101277.32,852,759,93,89.08,39.63,1.657,5524.217,1101,37665.69,25349.79,145328.43,285.84,150038.43,3.24
SOL-USDT-SWAP,fade,12H,0.003,0.006,0.025,1,0.0,10.0,148.0,185074.24,124950.16,852,776,76,91.08,47.15,1.864,6815.463,1101,57747.67,38918.69,180364.24,212.33,185074.24,2.61
SOL-USDT-SWAP,fade,12H,0.003,0.006,0.03,1,0.0,10.0,148.0,229333.94,154855.37,852,790,62,92.72,47.6,2.288,8446.656,1101,64629.91,43568.86,224623.94,247.55,229333.94,2.1
SOL-USDT-SWAP,fade,12H,0.003,0.008,0.01,1,0.0,10.0,148.0,443.99,199.99,852,585,267,68.66,95.66,1.041,10.909,1101,498.71,236.97,499.45,0.15,443.99,-11.1
SOL-USDT-SWAP,fade,12H,0.003,0.008,0.015,1,0.0,10.0,148.0,138398.67,93412.62,852,676,176,79.34,66.29,1.411,5095.234,1101,32348.23,21756.91,134424.94,315.56,138398.67,2.96
SOL-USDT-SWAP,fade,12H,0.003,0.008,0.02,1,0.0,10.0,148.0,231877.42,156573.93,852,715,137,83.92,24.87,1.683,8540.396,1101,86325.25,58227.87,227903.69,164.01,231877.42,1.74
SOL-USDT-SWAP,fade,12H,0.003,0.008,0.025,1,0.0,10.0,148.0,248411.63,167745.7,852,730,122,85.68,27.3,1.734,9149.765,1101,99139.35,66886.05,244437.9,146.56,248411.63,1.63
SOL-USDT-SWAP,fade,12H,0.003,0.008,0.03,1,0.0,10.0,148.0,290990.12,196514.95,852,744,108,87.32,32.3,1.947,10718.997,1101,103310.12,69704.14,287016.39,177.82,290990.12,1.38
SOL-USDT-SWAP,fade,12H,0.003,0.01,0.01,1,0.0,10.0,148.0,565.31,281.97,852,531,321,62.32,97.6,1.028,15.38,1101,1101.01,643.92,804.6,-26.92,565.31,-29.74
SOL-USDT-SWAP,fade,12H,0.003,0.01,0.015,1,0.0,10.0,148.0,137584.24,92862.33,852,616,236,72.3,59.14,1.322,5065.218,1101,43657.91,29398.59,138466.09,217.16,137584.24,-0.64
SOL-USDT-SWAP,fade,12H,0.003,0.01,0.02,1,0.0,10.0,148.0,211724.56,142957.13,852,652,200,76.53,34.98,1.451,7797.662,1101,93112.68,62813.97,211012.92,126.62,211724.56,0.34
SOL-USDT-SWAP,fade,12H,0.003,0.01,0.025,1,0.0,10.0,148.0,226248.1,152770.34,852,667,185,78.29,30.47,1.474,8332.928,1101,109746.12,74052.79,225536.47,105.51,226248.1,0.32
SOL-USDT-SWAP,fade,12H,0.003,0.01,0.03,1,0.0,10.0,148.0,259845.18,175471.06,852,679,173,79.69,34.22,1.569,9571.149,1101,110820.79,74778.91,259133.54,133.83,259845.18,0.27
SOL-USDT-SWAP,fade,12H,0.003,0.015,0.01,1,0.0,10.0,148.0,0.78,-99.48,852,415,437,48.71,99.93,0.933,-5.426,1101,200.41,35.41,1.01,-99.5,0.78,-23.28
SOL-USDT-SWAP,fade,12H,0.003,0.015,0.015,1,0.0,10.0,148.0,1145.11,673.72,852,500,352,58.69,99.59,1.005,36.749,1101,30016.53,20181.44,1496.1,-95.02,1145.11,-23.46
SOL-USDT-SWAP,fade,12H,0.003,0.015,0.02,1,0.0,10.0,148.0,131787.55,88945.64,852,536,316,62.91,50.1,1.193,4851.581,1101,92457.76,62371.46,134165.92,45.11,131787.55,-1.77
SOL-USDT-SWAP,fade,12H,0.003,0.015,0.025,1,0.0,10.0,148.0,136365.37,92038.76,852,550,302,64.55,53.32,1.191,5020.296,1101,108397.07,73141.26,137861.05,27.18,136365.37,-1.08
SOL-USDT-SWAP,fade,12H,0.003,0.015,0.03,1,0.0,10.0,148.0,166337.73,112290.36,852,560,292,65.73,57.96,1.24,6124.929,1101,103010.21,69501.5,167833.42,62.93,166337.73,-0.89
SOL-USDT-SWAP,fade,12H,0.003,0.02,0.01,1,0.0,10.0,148.0,0.0,-100.0,852,343,509,40.26,100.0,0.748,-5.455,1101,15.21,-89.72,0.0,-100.0,0.0,-23.74
SOL-USDT-SWAP,fade,12H,0.003,0.02,0.015,1,0.0,10.0,148.0,0.0,-100.0,852,418,434,49.06,100.0,0.959,-5.454,1101,279.61,88.93,0.0,-100.0,0.0,-23.92
SOL-USDT-SWAP,fade,12H,0.003,0.02,0.02,1,0.0,10.0,148.0,0.01,-100.0,852,455,397,53.4,100.0,0.995,-5.454,1101,2312.6,1462.56,0.01,-100.0,0.01,-19.33
SOL-USDT-SWAP,fade,12H,0.003,0.02,0.025,1,0.0,10.0,148.0,0.0,-100.0,852,469,383,55.05,100.0,0.994,-5.455,1101,1711.38,1056.34,0.0,-100.0,0.0,-13.23
SOL-USDT-SWAP,fade,12H,0.003,0.02,0.03,1,0.0,10.0,148.0,0.0,-100.0,852,479,373,56.22,100.0,0.995,-5.455,1101,1743.44,1078.0,0.0,-100.0,0.0,-13.23
SOL-USDT-SWAP,fade,12H,0.003,0.03,0.01,1,0.0,10.0,148.0,0.0,-100.0,852,281,571,32.98,100.0,0.501,-5.455,1101,0.45,-99.7,0.0,-100.0,0.0,-17.26
SOL-USDT-SWAP,fade,12H,0.003,0.03,0.015,1,0.0,10.0,148.0,0.0,-100.0,852,349,503,40.96,100.0,0.548,-5.455,1101,0.93,-99.37,0.0,-100.0,0.0,-17.45
SOL-USDT-SWAP,fade,12H,0.003,0.03,0.02,1,0.0,10.0,148.0,0.0,-100.0,852,381,471,44.72,100.0,0.705,-5.455,1101,4.06,-97.25,0.0,-100.0,0.0,-12.48
SOL-USDT-SWAP,fade,12H,0.003,0.03,0.025,1,0.0,10.0,148.0,0.0,-100.0,852,395,457,46.36,100.0,0.707,-5.455,1101,2.81,-98.1,0.0,-100.0,0.0,-5.85
SOL-USDT-SWAP,fade,12H,0.003,0.03,0.03,1,0.0,10.0,148.0,0.0,-100.0,852,409,443,48.0,100.0,0.619,-5.455,1101,2.17,-98.54,0.0,-100.0,0.0,-5.85
SOL-USDT-SWAP,fade,12H,0.005,0.006,0.01,1,0.0,10.0,148.0,59.98,-59.48,806,606,200,75.19,95.67,0.972,-3.244,1101,408.43,175.97,59.37,-85.46,59.98,1.02
SOL-USDT-SWAP,fade,12H,0.005,0.006,0.015,1,0.0,10.0,148.0,46713.97,31463.49,806,685,121,84.99,78.92,1.23,1716.191,1101,15527.75,10391.73,43961.43,183.12,46713.97,6.26
SOL-USDT-SWAP,fade,12H,0.005,0.006,0.02,1,0.0,10.0,148.0,141155.25,95275.17,806,722,84,89.58,32.6,1.628,5196.828,1101,53379.57,35967.28,138402.72,159.28,141155.25,1.99
SOL-USDT-SWAP,fade,12H,0.005,0.006,0.025,1,0.0,10.0,148.0,187226.15,126404.16,806,741,65,91.94,35.35,1.965,6894.772,1101,69638.58,46953.09,184473.61,164.9,187226.15,1.49
SOL-USDT-SWAP,fade,12H,0.005,0.006,0.03,1,0.0,10.0,148.0,237562.11,160414.94,806,754,52,93.55,37.2,2.574,8749.906,1101,72307.96,48756.73,234809.57,224.74,237562.11,1.17
SOL-USDT-SWAP,fade,12H,0.005,0.008,0.01,1,0.0,10.0,148.0,21648.59,14527.43,806,572,234,70.97,84.47,1.189,792.405,1101,2169.98,1366.2,19796.05,812.27,21648.59,9.36
SOL-USDT-SWAP,fade,12H,0.005,0.008,0.015,1,0.0,10.0,148.0,170778.95,115291.19,806,651,155,80.77,50.24,1.584,6288.61,1101,47791.86,32191.8,166271.42,247.91,170778.95,2.71
SOL-USDT-SWAP,fade,12H,0.005,0.008,0.02,1,0.0,10.0,148.0,249178.43,168263.81,806,685,121,84.99,49.35,1.854,9178.026,1101,85814.76,57882.95,244670.89,185.12,249178.43,1.84
SOL-USDT-SWAP,fade,12H,0.005,0.008,0.025,1,0.0,10.0,148.0,279644.57,188849.04,806,700,106,86.85,57.1,2.016,10300.856,1101,99113.55,66868.62,275137.03,177.6,279644.57,1.64
SOL-USDT-SWAP,fade,12H,0.005,0.008,0.03,1,0.0,10.0,148.0,328284.3,221713.71,806,713,93,88.46,56.56,2.376,12093.475,1101,102486.7,69147.77,323776.76,215.92,328284.3,1.39
SOL-USDT-SWAP,fade,12H,0.005,0.01,0.01,1,0.0,10.0,148.0,39585.44,26646.92,806,523,283,64.89,93.45,1.318,1453.468,1101,2126.48,1336.81,37278.5,1653.06,39585.44,6.19
SOL-USDT-SWAP,fade,12H,0.005,0.01,0.015,1,0.0,10.0,148.0,188366.24,127174.49,806,600,206,74.44,59.59,1.488,6936.79,1101,51495.7,34694.39,183104.29,255.57,188366.24,2.87
SOL-USDT-SWAP,fade,12H,0.005,0.01,0.02,1,0.0,10.0,148.0,276035.4,186410.41,806,637,169,79.03,29.34,1.686,10167.84,1101,104467.25,70485.98,270773.45,159.19,276035.4,1.94
SOL-USDT-SWAP,fade,12H,0.005,0.01,0.025,1,0.0,10.0,148.0,301329.42,203500.96,806,653,153,81.02,38.08,1.767,11100.052,1101,115145.22,77700.83,296067.47,157.13,301329.42,1.78
SOL-USDT-SWAP,fade,12H,0.005,0.01,0.03,1,0.0,10.0,148.0,354812.04,239637.87,806,666,140,82.63,36.12,1.99,13071.156,1101,119633.93,80733.74,349550.09,192.18,354812.04,1.51
SOL-USDT-SWAP,fade,12H,0.005,0.015,0.01,1,0.0,10.0,148.0,188.3,27.23,806,414,392,51.36,98.45,1.004,1.485,1101,392.46,165.18,201.36,-48.69,188.3,-6.49
SOL-USDT-SWAP,fade,12H,0.005,0.015,0.015,1,0.0,10.0,148.0,121388.76,81919.43,806,490,316,60.79,84.4,1.201,4468.333,1101,48816.29,32883.98,120685.84,147.22,121388.76,0.58
SOL-USDT-SWAP,fade,12H,0.005,0.015,0.02,1,0.0,10.0,148.0,192334.05,129855.44,806,522,284,64.76,33.18,1.294,7083.024,1101,113471.79,76570.13,189737.83,67.21,192334.05,1.37
SOL-USDT-SWAP,fade,12H,0.005,0.015,0.025,1,0.0,10.0,148.0,191680.25,129413.68,806,536,270,66.5,30.38,1.284,7058.928,1101,114773.91,77449.94,189084.03,64.74,191680.25,1.37
SOL-USDT-SWAP,fade,12H,0.005,0.015,0.03,1,0.0,10.0,148.0,228488.94,154284.42,806,546,260,67.74,32.3,1.346,8415.514,1101,117515.11,79302.1,225892.72,92.22,228488.94,1.15
SOL-USDT-SWAP,fade,12H,0.005,0.02,0.01,1,0.0,10.0,148.0,0.0,-100.0,806,330,476,40.94,100.0,0.847,-5.454,1101,35.73,-75.86,0.0,-99.99,0.0,-24.41
SOL-USDT-SWAP,fade,12H,0.005,0.02,0.015,1,0.0,10.0,148.0,0.01,-100.0,806,396,410,49.13,100.0,0.988,-5.454,1101,859.91,481.02,0.01,-100.0,0.01,-22.81
SOL-USDT-SWAP,fade,12H,0.005,0.02,0.02,1,0.0,10.0,148.0,0.24,-99.83,806,431,375,53.47,100.0,0.999,-5.446,1101,28402.44,19090.84,0.29,-100.0,0.24,-16.41
SOL-USDT-SWAP,fade,12H,0.005,0.02,0.025,1,0.0,10.0,148.0,0.0,-100.0,806,445,361,55.21,100.0,0.999,-5.454,1101,9795.78,6518.77,0.0,-100.0,0.0,-7.91
SOL-USDT-SWAP,fade,12H,0.005,0.02,0.03,1,0.0,10.0,148.0,11.82,-92.02,806,457,349,56.7,99.99,1.0,-5.019,1101,30132.68,20259.92,12.83,-99.96,11.82,-7.91
SOL-USDT-SWAP,fade,12H,0.005,0.03,0.01,1,0.0,10.0,148.0,0.0,-100.0,806,274,532,34.0,100.0,0.631,-5.455,1101,0.72,-99.51,0.0,-100.0,0.0,-17.98
SOL-USDT-SWAP,fade,12H,0.005,0.03,0.015,1,0.0,10.0,148.0,0.0,-100.0,806,336,470,41.69,100.0,0.856,-5.455,1101,6.76,-95.43,0.0,-100.0,0.0,-16.25
SOL-USDT-SWAP,fade,12H,0.005,0.03,0.02,1,0.0,10.0,148.0,0.0,-100.0,806,364,442,45.16,100.0,0.909,-5.455,1101,12.39,-91.63,0.0,-100.0,0.0,-9.31
SOL-USDT-SWAP,fade,12H,0.005,0.03,0.025,1,0.0,10.0,148.0,0.0,-100.0,806,378,428,46.9,100.0,0.861,-5.455,1101,6.08,-95.89,0.0,-100.0,0.0,-0.08
SOL-USDT-SWAP,fade,12H,0.005,0.03,0.03,1,0.0,10.0,148.0,0.0,-100.0,806,389,417,48.26,100.0,0.828,-5.455,1101,2.39,-98.39,0.0,-100.0,0.0,-0.08
SOL-USDT-SWAP,fade,12H,0.007,0.006,0.01,1,0.0,10.0,148.0,111.58,-24.61,745,562,183,75.44,96.82,0.998,-1.342,1101,2339.45,1480.71,104.21,-95.55,111.58,7.07
SOL-USDT-SWAP,fade,12H,0.007,0.006,0.015,1,0.0,10.0,148.0,42727.3,28769.8,745,630,115,84.56,77.19,1.271,1569.262,1101,10425.11,6943.99,40130.38,284.94,42727.3,6.47
SOL-USDT-SWAP,fade,12H,0.007,0.006,0.02,1,0.0,10.0,148.0,105235.15,71004.83,745,659,86,88.46,44.3,1.483,3872.991,1101,39409.55,26528.07,102638.24,160.44,105235.15,2.53
SOL-USDT-SWAP,fade,12H,0.007,0.006,0.025,1,0.0,10.0,148.0,155239.66,104791.66,745,680,65,91.28,40.29,1.886,5715.909,1101,43040.58,28981.47,152642.75,254.65,155239.66,1.7
SOL-USDT-SWAP,fade,12H,0.007,0.006,0.03,1,0.0,10.0,148.0,205243.5,138578.04,745,694,51,93.15,32.3,2.537,7558.802,1101,51778.68,34885.6,202646.59,291.37,205243.5,1.28
SOL-USDT-SWAP,fade,12H,0.007,0.008,0.01,1,0.0,10.0,148.0,62232.79,41949.18,745,537,208,72.08,51.81,1.208,2288.137,1101,25724.65,17281.52,60981.25,137.05,62232.79,2.05
SOL-USDT-SWAP,fade,12H,0.007,0.008,0.015,1,0.0,10.0,148.0,173666.98,117242.56,745,604,141,81.07,28.9,1.608,6395.049,1101,58983.69,39753.85,171018.53,189.94,173666.98,1.55
SOL-USDT-SWAP,fade,12H,0.007,0.008,0.02,1,0.0,10.0,148.0,222195.1,150031.82,745,632,113,84.83,23.7,1.803,8183.554,1101,87318.15,58898.75,219546.64,151.43,222195.1,1.21
SOL-USDT-SWAP,fade,12H,0.007,0.008,0.025,1,0.0,10.0,148.0,271138.79,183101.88,745,650,95,87.25,27.0,2.113,9987.376,1101,95473.65,64409.23,268490.33,181.22,271138.79,0.99
SOL-USDT-SWAP,fade,12H,0.007,0.008,0.03,1,0.0,10.0,148.0,324637.61,219249.74,745,664,81,89.13,33.17,2.628,11959.077,1101,100660.89,67914.11,321989.15,219.88,324637.61,0.82
SOL-USDT-SWAP,fade,12H,0.007,0.01,0.01,1,0.0,10.0,148.0,85187.48,57459.11,745,492,253,66.04,50.36,1.251,3134.133,1101,22200.02,14900.02,82780.94,272.89,85187.48,2.91
SOL-USDT-SWAP,fade,12H,0.007,0.01,0.015,1,0.0,10.0,148.0,198534.79,134045.13,745,560,185,75.17,48.22,1.557,7311.552,1101,54371.25,36637.33,194731.33,258.15,198534.79,1.95
SOL-USDT-SWAP,fade,12H,0.007,0.01,0.02,1,0.0,10.0,148.0,252772.18,170692.01,745,589,156,79.06,42.65,1.698,9310.473,1101,96691.44,65232.05,248968.72,157.49,252772.18,1.53
SOL-USDT-SWAP,fade,12H,0.007,0.01,0.025,1,0.0,10.0,148.0,291038.58,196547.69,745,605,140,81.21,54.35,1.864,10720.783,1101,100238.04,67628.4,287235.12,186.55,291038.58,1.32
SOL-USDT-SWAP,fade,12H,0.007,0.01,0.03,1,0.0,10.0,148.0,340433.03,229922.32,745,619,126,83.09,60.98,2.17,12541.217,1101,102264.71,68997.78,336629.57,229.17,340433.03,1.13
SOL-USDT-SWAP,fade,12H,0.007,0.015,0.01,1,0.0,10.0,148.0,46888.39,31581.34,745,408,337,54.77,88.14,1.153,1722.619,1101,7700.24,5102.86,46046.33,497.99,46888.39,1.83
SOL-USDT-SWAP,fade,12H,0.007,0.015,0.015,1,0.0,10.0,148.0,155819.07,105183.15,745,463,282,62.15,82.66,1.277,5737.263,1101,47766.16,32174.43,153580.09,221.52,155819.07,1.46
SOL-USDT-SWAP,fade,12H,0.007,0.015,0.02,1,0.0,10.0,148.0,198061.87,133725.59,745,492,253,66.04,36.03,1.337,7294.123,1101,91826.82,61945.15,195822.89,113.25,198061.87,1.14
SOL-USDT-SWAP,fade,12H,0.007,0.015,0.025,1,0.0,10.0,148.0,212312.91,143354.67,745,506,239,67.92,41.44,1.357,7819.345,1101,89878.11,60628.45,210073.93,133.73,212312.91,1.07
SOL-USDT-SWAP,fade,12H,0.007,0.015,0.03,1,0.0,10.0,148.0,265679.38,179413.1,745,521,224,69.93,37.17,1.469,9786.169,1101,99154.68,66896.4,263440.41,165.69,265679.38,0.85
SOL-USDT-SWAP,fade,12H,0.007,0.02,0.01,1,0.0,10.0,148.0,0.87,-99.41,745,328,417,44.03,99.98,0.993,-5.423,1101,1472.8,895.13,1.07,-99.93,0.87,-19.34
SOL-USDT-SWAP,fade,12H,0.007,0.02,0.015,1,0.0,10.0,148.0,882.12,496.03,745,387,358,51.95,99.12,1.001,27.056,1101,41286.09,27796.01,1048.77,-97.46,882.12,-15.89
SOL-USDT-SWAP,fade,12H,0.007,0.02,0.02,1,0.0,10.0,148.0,36833.83,24787.72,745,414,331,55.57,86.68,1.049,1352.058,1101,79446.4,53580.0,38402.93,-51.66,36833.83,-4.09
SOL-USDT-SWAP,fade,12H,0.007,0.02,0.025,1,0.0,10.0,148.0,43233.61,29111.9,745,428,317,57.45,87.23,1.056,1587.922,1101,70564.92,47579.0,44802.72,-36.51,43233.61,-3.5
SOL-USDT-SWAP,fade,12H,0.007,0.02,0.03,1,0.0,10.0,148.0,94353.04,63652.06,745,442,303,59.33,56.15,1.127,3471.93,1101,75885.26,51173.83,95922.15,26.4,94353.04,-1.64
SOL-USDT-SWAP,fade,12H,0.007,0.03,0.01,1,0.0,10.0,148.0,0.0,-100.0,745,264,481,35.44,100.0,0.867,-5.455,1101,4.43,-97.01,0.0,-100.0,0.0,-19.34
SOL-USDT-SWAP,fade,12H,0.007,0.03,0.015,1,0.0,10.0,148.0,0.0,-100.0,745,313,432,42.01,100.0,0.963,-5.455,1101,19.51,-86.82,0.0,-100.0,0.0,-15.89
SOL-USDT-SWAP,fade,12H,0.007,0.03,0.02,1,0.0,10.0,148.0,0.0,-100.0,745,338,407,45.37,100.0,0.971,-5.455,1101,24.9,-83.17,0.0,-100.0,0.0,-10.89
SOL-USDT-SWAP,fade,12H,0.007,0.03,0.025,1,0.0,10.0,148.0,0.0,-100.0,745,352,393,47.25,100.0,0.946,-5.455,1101,12.55,-91.52,0.0,-100.0,0.0,-10.89
SOL-USDT-SWAP,fade,12H,0.007,0.03,0.03,1,0.0,10.0,148.0,0.0,-100.0,745,363,382,48.72,100.0,0.934,-5.455,1101,20.72,-86.0,0.0,-100.0,0.0,-10.89
SOL-USDT-SWAP,fade,12H,0.01,0.006,0.01,1,0.0,10.0,148.0,84.78,-42.72,663,501,162,75.57,95.62,0.985,-2.33,1101,298.03,101.37,82.35,-72.37,84.78,2.95
SOL-USDT-SWAP,fade,12H,0.01,0.006,0.015,1,0.0,10.0,148.0,5729.75,3771.45,663,559,104,84.31,95.45,1.28,205.716,1101,1125.22,660.28,4883.93,334.04,5729.75,17.32
SOL-USDT-SWAP,fade,12H,0.01,0.006,0.02,1,0.0,10.0,148.0,75777.42,51100.96,663,594,69,89.59,71.69,1.984,2787.325,1101,3504.38,2267.83,73334.78,1992.66,75777.42,3.33
SOL-USDT-SWAP,fade,12H,0.01,0.006,0.025,1,0.0,10.0,148.0,119324.06,80524.36,663,611,52,92.16,60.43,2.272,4392.238,1101,3493.51,2260.48,116881.43,3245.67,119324.06,2.09
SOL-USDT-SWAP,fade,12H,0.01,0.006,0.03,1,0.0,10.0,148.0,186637.44,126006.38,663,625,38,94.27,46.14,2.804,6873.075,1101,26661.44,17914.48,184194.81,590.87,186637.44,1.33
SOL-USDT-SWAP,fade,12H,0.01,0.008,0.01,1,0.0,10.0,148.0,49231.88,33164.78,663,486,177,73.3,80.74,1.317,1808.988,1101,4123.67,2686.27,47431.88,1050.23,49231.88,3.79
SOL-USDT-SWAP,fade,12H,0.01,0.008,0.015,1,0.0,10.0,148.0,147440.33,99521.84,663,545,118,82.2,56.23,1.612,5428.464,1101,23283.22,15631.9,143797.69,517.6,147440.33,2.53
SOL-USDT-SWAP,fade,12H,0.01,0.008,0.02,1,0.0,10.0,148.0,218239.37,147359.04,663,579,84,87.33,49.84,2.115,8037.766,1101,40728.87,27419.51,214596.74,426.89,218239.37,1.7
SOL-USDT-SWAP,fade,12H,0.01,0.008,0.025,1,0.0,10.0,148.0,259529.09,175257.49,663,596,67,89.89,46.71,2.532,9559.499,1101,42958.27,28925.86,255886.45,495.66,259529.09,1.42
SOL-USDT-SWAP,fade,12H,0.01,0.008,0.03,1,0.0,10.0,148.0,305022.99,205996.62,663,607,56,91.55,42.37,3.06,11236.179,1101,59365.44,40011.79,301380.36,407.67,305022.99,1.21
SOL-USDT-SWAP,fade,12H,0.01,0.01,0.01,1,0.0,10.0,148.0,109814.38,74098.91,663,454,209,68.48,48.84,1.357,4041.759,1101,20912.29,14029.92,106814.38,410.77,109814.38,2.81
SOL-USDT-SWAP,fade,12H,0.01,0.01,0.015,1,0.0,10.0,148.0,202961.55,137036.18,663,512,151,77.22,32.78,1.65,7474.701,1101,54566.78,36769.45,198118.92,263.08,202961.55,2.44
SOL-USDT-SWAP,fade,12H,0.01,0.01,0.02,1,0.0,10.0,148.0,267369.15,180554.83,663,544,119,82.05,40.65,1.959,9848.445,1101,72847.07,49120.99,262526.51,260.38,267369.15,1.84
SOL-USDT-SWAP,fade,12H,0.01,0.01,0.025,1,0.0,10.0,148.0,318781.37,215292.82,663,561,102,84.62,46.71,2.342,11743.244,1101,71493.08,48206.14,313938.73,339.12,318781.37,1.54
SOL-USDT-SWAP,fade,12H,0.01,0.01,0.03,1,0.0,10.0,148.0,361812.63,244367.99,663,571,92,86.12,39.31,2.613,13329.163,1101,93848.72,63311.29,356970.0,280.37,361812.63,1.36
SOL-USDT-SWAP,fade,12H,0.01,0.015,0.01,1,0.0,10.0,148.0,88516.42,59708.39,663,370,293,55.81,81.98,1.23,3256.821,1101,10861.3,7238.72,85520.51,687.39,88516.42,3.5
SOL-USDT-SWAP,fade,12H,0.01,0.015,0.015,1,0.0,10.0,148.0,211613.36,142882.0,663,433,230,65.31,41.19,1.453,7793.564,1101,73479.61,49548.39,206774.82,181.4,211613.36,2.34
SOL-USDT-SWAP,fade,12H,0.01,0.015,0.02,1,0.0,10.0,148.0,247771.85,167313.41,663,457,206,68.93,60.34,1.531,9126.186,1101,87650.65,59123.41,242933.31,177.16,247771.85,1.99
SOL-USDT-SWAP,fade,12H,0.01,0.015,0.025,1,0.0,10.0,148.0,291915.84,197140.43,663,472,191,71.19,66.96,1.647,10753.114,1101,86461.68,58320.05,287077.29,232.03,291915.84,1.69
SOL-USDT-SWAP,fade,12H,0.01,0.015,0.03,1,0.0,10.0,148.0,334635.8,226005.27,663,483,180,72.85,48.26,1.779,12327.56,1101,106034.05,71544.63,329797.26,211.03,334635.8,1.47
SOL-USDT-SWAP,fade,12H,0.01,0.02,0.01,1,0.0,10.0,148.0,368.91,149.26,663,308,355,46.46,99.27,1.003,8.142,1101,3137.92,2020.21,315.56,-89.94,368.91,16.91
SOL-USDT-SWAP,fade,12H,0.01,0.02,0.015,1,0.0,10.0,148.0,83956.58,56627.42,663,361,302,54.45,49.68,1.138,3088.768,1101,58753.43,39598.26,79375.23,35.1,83956.58,5.77
SOL-USDT-SWAP,fade,12H,0.01,0.02,0.02,1,0.0,10.0,148.0,102044.9,68849.26,663,385,278,58.07,67.44,1.161,3755.414,1101,60468.77,40757.28,97463.56,61.18,102044.9,4.7
SOL-USDT-SWAP,fade,12H,0.01,0.02,0.025,1,0.0,10.0,148.0,132058.29,89128.57,663,398,265,60.03,68.01,1.207,4861.559,1101,54860.52,36967.92,127476.95,132.37,132058.29,3.59
SOL-USDT-SWAP,fade,12H,0.01,0.02,0.03,1,0.0,10.0,148.0,182163.55,122983.48,663,411,252,61.99,63.54,1.297,6708.19,1101,77996.9,52600.61,177582.2,127.68,182163.55,2.58
SOL-USDT-SWAP,fade,12H,0.01,0.03,0.01,1,0.0,10.0,148.0,0.0,-100.0,663,244,419,36.8,100.0,0.918,-5.455,1101,15.84,-89.3,0.0,-100.0,0.0,-13.11
SOL-USDT-SWAP,fade,12H,0.01,0.03,0.015,1,0.0,10.0,148.0,0.0,-100.0,663,296,367,44.65,100.0,0.962,-5.455,1101,40.59,-72.58,0.0,-100.0,0.0,-6.63
SOL-USDT-SWAP,fade,12H,0.01,0.03,0.02,1,0.0,10.0,148.0,0.0,-100.0,663,316,347,47.66,100.0,0.923,-5.455,1101,19.02,-87.15,0.0,-100.0,0.0,2.31
SOL-USDT-SWAP,fade,12H,0.01,0.03,0.025,1,0.0,10.0,148.0,0.0,-100.0,663,330,333,49.77,100.0,0.927,-5.455,1101,16.63,-88.76,0.0,-100.0,0.0,2.31
SOL-USDT-SWAP,fade,12H,0.01,0.03,0.03,1,0.0,10.0,148.0,0.0,-100.0,663,339,324,51.13,100.0,0.956,-5.455,1101,137.87,-6.84,0.0,-100.0,0.0,2.31
SOL-USDT-SWAP,reversal,1D,0.001,0.006,0.01,1,0.0,10.0,148.0,3.13,-97.88,361,253,108,70.08,98.98,0.834,-5.339,551,154.43,4.34,2.69,-98.26,3.13,16.65
SOL-USDT-SWAP,reversal,1D,0.001,0.006,0.015,1,0.0,10.0,148.0,59.78,-59.61,361,294,67,81.44,96.87,0.944,-3.251,551,211.93,43.19,51.25,-75.82,59.78,16.65
SOL-USDT-SWAP,reversal,1D,0.001,0.006,0.02,1,0.0,10.0,148.0,1698.39,1047.56,361,320,41,88.64,86.14,1.181,57.14,551,1446.55,877.4,1455.99,0.65,1698.39,16.65
SOL-USDT-SWAP,reversal,1D,0.001,0.006,0.025,1,0.0,10.0,148.0,1117.43,655.02,361,326,35,90.3,88.66,1.097,35.728,551,2285.04,1443.94,957.95,-58.08,1117.43,16.65
SOL-USDT-SWAP,reversal,1D,0.001,0.006,0.03,1,0.0,10.0,148.0,2313.89,1463.44,361,332,29,91.97,77.51,1.14,79.824,551,2189.02,1379.07,1983.65,-9.38,2313.89,16.65
SOL-USDT-SWAP,reversal,1D,0.001,0.008,0.01,1,0.0,10.0,148.0,22.47,-84.81,361,237,124,65.65,97.05,0.957,-4.626,551,603.38,307.69,27.98,-95.36,22.47,-19.69
SOL-USDT-SWAP,reversal,1D,0.001,0.008,0.015,1,0.0,10.0,148.0,473.13,219.68,361,278,83,77.01,90.61,1.048,11.983,551,680.02,359.47,563.01,-17.21,473.13,-15.96
SOL-USDT-SWAP,reversal,1D,0.001,0.008,0.02,1,0.0,10.0,148.0,5299.06,3480.44,361,302,59,83.66,89.39,1.087,189.842,551,3452.8,2232.97,6711.49,94.38,5299.06,-21.05
SOL-USDT-SWAP,reversal,1D,0.001,0.008,0.025,1,0.0,10.0,148.0,7385.76,4890.38,361,312,49,86.43,93.47,1.133,266.748,551,5019.05,3291.25,10039.18,100.02,7385.76,-26.43
SOL-USDT-SWAP,reversal,1D,0.001,0.008,0.03,1,0.0,10.0,148.0,22648.61,15203.11,361,319,42,88.37,90.55,1.258,829.261,551,6041.24,3981.92,27264.31,351.3,22648.61,-16.93
SOL-USDT-SWAP,reversal,1D,0.001,0.01,0.01,1,0.0,10.0,148.0,25.7,-82.64,361,216,145,59.83,95.02,0.953,-4.507,551,418.74,182.93,31.4,-92.5,25.7,-18.17
SOL-USDT-SWAP,reversal,1D,0.001,0.01,0.015,1,0.0,10.0,148.0,466.44,215.17,361,257,104,71.19,95.72,1.048,11.736,551,513.98,247.29,544.78,5.99,466.44,-14.38
SOL-USDT-SWAP,reversal,1D,0.001,0.01,0.02,1,0.0,10.0,148.0,2375.89,1505.33,361,280,81,77.56,96.14,1.076,82.109,551,1904.99,1187.16,2953.44,55.04,2375.89,-19.56
SOL-USDT-SWAP,reversal,1D,0.001,0.01,0.025,1,0.0,10.0,148.0,3384.47,2186.8,361,291,70,80.61,96.96,1.12,119.28,551,1715.6,1059.19,4515.18,163.18,3384.47,-25.04
SOL-USDT-SWAP,reversal,1D,0.001,0.01,0.03,1,0.0,10.0,148.0,1552.37,948.9,361,297,64,82.27,95.01,1.085,51.758,551,736.86,397.88,2224.63,201.91,1552.37,-30.22
SOL-USDT-SWAP,reversal,1D,0.001,0.015,0.01,1,0.0,10.0,148.0,0.17,-99.89,361,157,204,43.49,99.93,0.877,-5.448,551,108.39,-26.76,0.26,-99.76,0.17,-33.55
SOL-USDT-SWAP,reversal,1D,0.001,0.015,0.015,1,0.0,10.0,148.0,5.0,-96.62,361,204,157,56.51,99.66,0.917,-5.27,551,185.12,25.08,7.63,-95.88,5.0,-34.44
SOL-USDT-SWAP,reversal,1D,0.001,0.015,0.02,1,0.0,10.0,148.0,28.94,-80.45,361,231,130,63.99,98.95,0.933,-4.388,551,208.84,41.11,34.57,-83.45,28.94,-16.28
SOL-USDT-SWAP,reversal,1D,0.001,0.015,0.025,1,0.0,10.0,148.0,36.8,-75.14,361,244,117,67.59,99.17,0.94,-4.098,551,304.56,105.78,47.17,-84.51,36.8,-21.99
SOL-USDT-SWAP,reversal,1D,0.001,0.015,0.03,1,0.0,10.0,148.0,16.44,-88.89,361,252,109,69.81,99.6,0.898,-4.849,551,99.23,-32.95,22.63,-77.19,16.44,-27.38
SOL-USDT-SWAP,reversal,1D,0.001,0.02,0.01,1,0.0,10.0,148.0,0.0,-100.0,361,122,239,33.8,100.0,0.706,-5.454,551,11.8,-92.03,0.0,-99.97,0.0,-33.55
SOL-USDT-SWAP,reversal,1D,0.001,0.02,0.015,1,0.0,10.0,148.0,0.02,-99.98,361,166,195,45.98,100.0,0.794,-5.454,551,17.73,-88.02,0.04,-99.79,0.02,-34.44
SOL-USDT-SWAP,reversal,1D,0.001,0.02,0.02,1,0.0,10.0,148.0,0.03,-99.98,361,192,169,53.19,100.0,0.712,-5.453,551,10.64,-92.81,0.06,-99.43,0.03,-42.57
SOL-USDT-SWAP,reversal,1D,0.001,0.02,0.025,1,0.0,10.0,148.0,0.01,-99.99,361,205,156,56.79,100.0,0.668,-5.454,551,8.22,-94.45,0.02,-99.71,0.01,-49.96
SOL-USDT-SWAP,reversal,1D,0.001,0.02,0.03,1,0.0,10.0,148.0,0.0,-100.0,361,214,147,59.28,100.0,0.671,-5.454,551,2.93,-98.02,0.01,-99.77,0.0,-56.65
SOL-USDT-SWAP,reversal,1D,0.001,0.03,0.01,1,0.0,10.0,148.0,0.0,-100.0,361,92,269,25.48,100.0,0.512,-5.455,551,4.12,-97.22,0.0,-99.99,0.0,-33.55
SOL-USDT-SWAP,reversal,1D,0.001,0.03,0.015,1,0.0,10.0,148.0,0.0,-100.0,361,127,234,35.18,100.0,0.698,-5.455,551,6.18,-95.83,0.0,-100.0,0.0,-34.44
SOL-USDT-SWAP,reversal,1D,0.001,0.03,0.02,1,0.0,10.0,148.0,0.0,-100.0,361,147,214,40.72,100.0,0.66,-5.455,551,2.38,-98.39,0.0,-100.0,0.0,-42.57
SOL-USDT-SWAP,reversal,1D,0.001,0.03,0.025,1,0.0,10.0,148.0,0.0,-100.0,361,161,200,44.6,100.0,0.639,-5.455,551,1.28,-99.13,0.0,-100.0,0.0,-49.96
SOL-USDT-SWAP,reversal,1D,0.001,0.03,0.03,1,0.0,10.0,148.0,0.0,-100.0,361,171,190,47.37,100.0,0.705,-5.455,551,0.72,-99.51,0.0,-100.0,0.0,-56.65
SOL-USDT-SWAP,reversal,1D,0.002,0.006,0.01,1,0.0,10.0,148.0,19.03,-87.14,359,262,97,72.98,95.23,0.873,-4.753,551,176.36,19.16,16.27,-90.78,19.03,16.99
SOL-USDT-SWAP,reversal,1D,0.002,0.006,0.015,1,0.0,10.0,148.0,2708.03,1729.75,359,309,50,86.07,79.78,1.329,94.35,551,798.49,439.52,2314.83,189.9,2708.03,16.99
SOL-USDT-SWAP,reversal,1D,0.002,0.006,0.02,1,0.0,10.0,148.0,9530.41,6339.47,359,324,35,90.25,84.04,1.479,345.789,551,2495.67,1586.27,8146.64,226.43,9530.41,16.99
SOL-USDT-SWAP,reversal,1D,0.002,0.006,0.025,1,0.0,10.0,148.0,20356.0,13654.05,359,332,27,92.48,84.97,1.564,744.767,551,4516.3,2951.56,17956.0,297.58,20356.0,13.37
SOL-USDT-SWAP,reversal,1D,0.002,0.006,0.03,1,0.0,10.0,148.0,38096.94,25641.17,359,338,21,94.15,68.63,1.84,1398.609,551,4053.85,2639.09,35696.94,780.57,38096.94,6.72
SOL-USDT-SWAP,reversal,1D,0.002,0.008,0.01,1,0.0,10.0,148.0,111.34,-24.77,359,244,115,67.97,92.29,0.99,-1.351,551,736.84,397.87,94.43,-87.18,111.34,17.91
SOL-USDT-SWAP,reversal,1D,0.002,0.008,0.015,1,0.0,10.0,148.0,21080.77,14143.77,359,292,67,81.34,85.93,1.383,771.478,551,3002.71,1928.86,18538.91,517.41,21080.77,13.71
SOL-USDT-SWAP,reversal,1D,0.002,0.008,0.02,1,0.0,10.0,148.0,39695.94,26721.58,359,308,51,85.79,91.01,1.471,1457.541,551,8891.73,5907.93,37154.07,317.85,39695.94,6.84
SOL-USDT-SWAP,reversal,1D,0.002,0.008,0.025,1,0.0,10.0,148.0,51975.44,35018.54,359,317,42,88.3,91.52,1.489,1910.102,551,18670.71,12515.34,49433.58,164.77,51975.44,5.14
SOL-USDT-SWAP,reversal,1D,0.002,0.008,0.03,1,0.0,10.0,148.0,67473.19,45489.99,359,323,36,89.97,84.67,1.571,2481.272,551,15747.93,10540.5,64931.32,312.32,67473.19,3.91
SOL-USDT-SWAP,reversal,1D,0.002,0.01,0.01,1,0.0,10.0,148.0,163.93,10.77,359,223,136,62.12,92.41,1.004,0.587,551,738.47,398.97,176.92,-76.04,163.93,-7.34
SOL-USDT-SWAP,reversal,1D,0.002,0.01,0.015,1,0.0,10.0,148.0,22807.48,15310.46,359,270,89,75.21,92.4,1.369,835.116,551,2379.57,1507.82,24528.94,930.81,22807.48,-7.02
SOL-USDT-SWAP,reversal,1D,0.002,0.01,0.02,1,0.0,10.0,148.0,25837.36,17357.67,359,285,74,79.39,96.09,1.343,946.782,551,3481.43,2252.32,28353.82,714.43,25837.36,-8.88
SOL-USDT-SWAP,reversal,1D,0.002,0.01,0.025,1,0.0,10.0,148.0,21845.51,14660.48,359,295,64,82.17,96.89,1.337,799.663,551,4275.06,2788.56,25111.97,487.41,21845.51,-13.01
SOL-USDT-SWAP,reversal,1D,0.002,0.01,0.03,1,0.0,10.0,148.0,9056.89,6019.52,359,301,58,83.84,94.99,1.183,328.337,551,1855.18,1153.5,12718.56,585.57,9056.89,-28.79
SOL-USDT-SWAP,reversal,1D,0.002,0.015,0.01,1,0.0,10.0,148.0,2.31,-98.44,359,166,193,46.24,99.71,0.922,-5.369,551,266.65,80.17,3.07,-98.85,2.31,-24.76
SOL-USDT-SWAP,reversal,1D,0.002,0.015,0.015,1,0.0,10.0,148.0,183.86,24.23,359,214,145,59.61,97.99,1.007,1.322,551,698.93,372.25,202.19,-71.07,183.86,-9.07
SOL-USDT-SWAP,reversal,1D,0.002,0.015,0.02,1,0.0,10.0,148.0,144.13,-2.61,359,234,125,65.18,98.49,0.999,-0.142,551,895.98,505.39,169.36,-81.1,144.13,-14.89
SOL-USDT-SWAP,reversal,1D,0.002,0.015,0.025,1,0.0,10.0,148.0,157.57,6.47,359,246,113,68.52,99.1,1.002,0.353,551,1677.01,1033.11,197.93,-88.2,157.57,-20.39
SOL-USDT-SWAP,reversal,1D,0.002,0.015,0.03,1,0.0,10.0,148.0,34.96,-76.38,359,253,106,70.47,98.84,0.951,-4.166,551,382.65,158.55,47.18,-87.67,34.96,-25.89
SOL-USDT-SWAP,reversal,1D,0.002,0.02,0.01,1,0.0,10.0,148.0,0.04,-99.97,359,130,229,36.21,99.99,0.867,-5.453,551,75.72,-48.84,0.05,-99.93,0.04,-24.76
SOL-USDT-SWAP,reversal,1D,0.002,0.02,0.015,1,0.0,10.0,148.0,0.2,-99.86,359,171,188,47.63,99.99,0.867,-5.447,551,66.63,-54.98,0.3,-99.55,0.2,-33.58
SOL-USDT-SWAP,reversal,1D,0.002,0.02,0.02,1,0.0,10.0,148.0,0.17,-99.89,359,194,165,54.04,99.99,0.804,-5.448,551,43.2,-70.81,0.29,-99.33,0.17,-41.62
SOL-USDT-SWAP,reversal,1D,0.002,0.02,0.025,1,0.0,10.0,148.0,0.32,-99.78,359,211,148,58.77,99.98,0.87,-5.443,551,133.46,-9.82,0.63,-99.53,0.32,-48.93
SOL-USDT-SWAP,reversal,1D,0.002,0.02,0.03,1,0.0,10.0,148.0,0.01,-99.99,359,217,142,60.45,100.0,0.759,-5.454,551,16.48,-88.86,0.03,-99.83,0.01,-55.76
SOL-USDT-SWAP,reversal,1D,0.002,0.03,0.01,1,0.0,10.0,148.0,0.0,-100.0,359,94,265,26.18,100.0,0.443,-5.455,551,2.86,-98.07,0.0,-99.98,0.0,-24.76
SOL-USDT-SWAP,reversal,1D,0.002,0.03,0.015,1,0.0,10.0,148.0,0.0,-100.0,359,127,232,35.38,100.0,0.634,-5.455,551,2.41,-98.37,0.0,-99.99,0.0,-33.58
SOL-USDT-SWAP,reversal,1D,0.002,0.03,0.02,1,0.0,10.0,148.0,0.0,-100.0,359,146,213,40.67,100.0,0.605,-5.455,551,1.07,-99.28,0.0,-100.0,0.0,-41.62
SOL-USDT-SWAP,reversal,1D,0.002,0.03,0.025,1,0.0,10.0,148.0,0.0,-100.0,359,163,196,45.4,100.0,0.723,-5.455,551,3.62,-97.55,0.0,-100.0,0.0,-48.93
SOL-USDT-SWAP,reversal,1D,0.002,0.03,0.03,1,0.0,10.0,148.0,0.0,-100.0,359,170,189,47.35,100.0,0.663,-5.455,551,0.32,-99.79,0.0,-100.0,0.0,-55.76
SOL-USDT-SWAP,reversal,1D,0.003,0.006,0.01,1,0.0,10.0,148.0,19.45,-86.86,350,256,94,73.14,92.05,0.845,-4.738,551,142.78,-3.53,19.65,-86.24,19.45,-1.01
SOL-USDT-SWAP,reversal,1D,0.003,0.006,0.015,1,0.0,10.0,148.0,1272.08,759.51,350,299,51,85.43,87.17,1.265,41.428,551,611.36,313.08,1090.52,78.38,1272.08,16.65
SOL-USDT-SWAP,reversal,1D,0.003,0.006,0.02,1,0.0,10.0,148.0,3937.59,2560.53,350,314,36,89.71,84.71,1.391,139.665,551,1346.46,809.77,3375.6,150.7,3937.59,16.65
SOL-USDT-SWAP,reversal,1D,0.003,0.006,0.025,1,0.0,10.0,148.0,14347.24,9594.08,350,324,26,92.57,85.03,1.67,523.313,551,3034.71,1950.48,12299.56,305.3,14347.24,16.65
SOL-USDT-SWAP,reversal,1D,0.003,0.006,0.03,1,0.0,10.0,148.0,35431.08,23839.92,350,330,20,94.29,73.18,1.812,1300.359,551,2879.8,1845.81,33076.08,1048.55,35431.08,7.12
SOL-USDT-SWAP,reversal,1D,0.003,0.008,0.01,1,0.0,10.0,148.0,228.66,54.5,350,244,106,69.71,87.71,1.034,2.973,551,378.3,155.61,218.79,-42.17,228.66,4.51
SOL-USDT-SWAP,reversal,1D,0.003,0.008,0.015,1,0.0,10.0,148.0,25337.24,17019.76,350,289,61,82.57,89.02,1.792,928.35,551,2129.76,1339.03,21827.24,924.87,25337.24,16.08
SOL-USDT-SWAP,reversal,1D,0.003,0.008,0.02,1,0.0,10.0,148.0,45472.56,30624.7,350,305,45,87.14,88.54,1.786,1670.438,551,5931.45,3907.74,41962.56,607.46,45472.56,8.36
SOL-USDT-SWAP,reversal,1D,0.003,0.008,0.025,1,0.0,10.0,148.0,38250.99,25745.26,350,311,39,88.86,90.45,1.721,1404.287,551,7087.21,4688.66,34740.99,390.19,38250.99,10.1
SOL-USDT-SWAP,reversal,1D,0.003,0.008,0.03,1,0.0,10.0,148.0,55771.52,37583.46,350,318,32,90.86,67.93,1.641,2050.007,551,5429.38,3568.5,52261.52,862.57,55771.52,6.72
SOL-USDT-SWAP,reversal,1D,0.003,0.01,0.01,1,0.0,10.0,148.0,709.78,379.58,350,228,122,65.14,89.12,1.072,20.705,551,804.08,443.3,921.48,14.6,709.78,-22.97
SOL-USDT-SWAP,reversal,1D,0.003,0.01,0.015,1,0.0,10.0,148.0,38540.46,25940.85,350,271,79,77.43,91.02,1.505,1414.955,551,3618.28,2344.78,40053.27,1006.97,38540.46,-3.78
SOL-USDT-SWAP,reversal,1D,0.003,0.01,0.02,1,0.0,10.0,148.0,58167.77,39202.55,350,289,61,82.57,91.07,1.601,2138.321,551,6529.29,4311.68,60475.58,826.22,58167.77,-3.82
SOL-USDT-SWAP,reversal,1D,0.003,0.01,0.025,1,0.0,10.0,148.0,56584.5,38132.77,350,297,53,84.86,95.37,1.567,2079.969,551,11563.21,7712.98,59642.31,415.79,56584.5,-5.13
SOL-USDT-SWAP,reversal,1D,0.003,0.01,0.03,1,0.0,10.0,148.0,84150.98,56758.77,350,305,45,87.14,86.1,1.594,3095.933,551,11341.37,7563.09,87958.79,675.56,84150.98,-4.33
SOL-USDT-SWAP,reversal,1D,0.003,0.015,0.01,1,0.0,10.0,148.0,41.4,-72.03,350,176,174,50.29,95.41,0.956,-3.929,551,275.36,86.06,53.75,-80.48,41.4,-22.97
SOL-USDT-SWAP,reversal,1D,0.003,0.015,0.015,1,0.0,10.0,148.0,1961.15,1225.1,350,220,130,62.86,97.0,1.137,66.824,551,1473.09,895.33,2113.9,43.5,1961.15,-7.23
SOL-USDT-SWAP,reversal,1D,0.003,0.015,0.02,1,0.0,10.0,148.0,7290.09,4825.73,350,242,108,69.14,97.52,1.208,263.222,551,3038.08,1952.76,8395.93,176.36,7290.09,-13.17
SOL-USDT-SWAP,reversal,1D,0.003,0.015,0.025,1,0.0,10.0,148.0,5997.18,3952.15,350,253,97,72.29,98.76,1.187,215.572,551,4338.61,2831.49,7383.9,70.19,5997.18,-18.78
SOL-USDT-SWAP,reversal,1D,0.003,0.015,0.03,1,0.0,10.0,148.0,2872.82,1841.1,350,260,90,74.29,95.09,1.113,100.423,551,1740.55,1076.04,3799.5,118.29,2872.82,-24.39
SOL-USDT-SWAP,reversal,1D,0.003,0.02,0.01,1,0.0,10.0,148.0,0.14,-99.9,350,133,217,38.0,99.96,0.85,-5.449,551,76.64,-48.22,0.18,-99.76,0.14,-22.97
SOL-USDT-SWAP,reversal,1D,0.003,0.02,0.015,1,0.0,10.0,148.0,7.08,-95.22,350,178,172,50.86,99.87,0.922,-5.194,551,324.43,119.21,7.3,-97.75,7.08,-3.1
SOL-USDT-SWAP,reversal,1D,0.003,0.02,0.02,1,0.0,10.0,148.0,19.36,-86.92,350,202,148,57.71,99.66,0.92,-4.741,551,304.4,105.68,21.34,-92.99,19.36,-9.31
SOL-USDT-SWAP,reversal,1D,0.003,0.02,0.025,1,0.0,10.0,148.0,7.6,-94.86,350,214,136,61.14,99.85,0.895,-5.174,551,221.57,49.71,8.96,-95.95,7.6,-15.17
SOL-USDT-SWAP,reversal,1D,0.003,0.02,0.03,1,0.0,10.0,148.0,0.76,-99.49,350,221,129,63.14,99.96,0.776,-5.426,551,37.54,-74.63,0.96,-97.43,0.76,-21.03
SOL-USDT-SWAP,reversal,1D,0.003,0.03,0.01,1,0.0,10.0,148.0,0.0,-100.0,350,94,256,26.86,100.0,0.621,-5.455,551,3.06,-97.93,0.0,-99.96,0.0,-22.97
SOL-USDT-SWAP,reversal,1D,0.003,0.03,0.015,1,0.0,10.0,148.0,0.0,-100.0,350,130,220,37.14,100.0,0.687,-5.454,551,7.89,-94.67,0.0,-99.96,0.0,-32.24
SOL-USDT-SWAP,reversal,1D,0.003,0.03,0.02,1,0.0,10.0,148.0,0.0,-100.0,350,148,202,42.29,100.0,0.641,-5.455,551,2.66,-98.2,0.0,-99.99,0.0,-40.44
SOL-USDT-SWAP,reversal,1D,0.003,0.03,0.025,1,0.0,10.0,148.0,0.0,-100.0,350,162,188,46.29,100.0,0.731,-5.455,551,2.6,-98.24,0.0,-100.0,0.0,-47.9
SOL-USDT-SWAP,reversal,1D,0.003,0.03,0.03,1,0.0,10.0,148.0,0.0,-100.0,350,169,181,48.29,100.0,0.671,-5.455,551,0.27,-99.81,0.0,-100.0,0.0,-44.26
SOL-USDT-SWAP,reversal,1D,0.005,0.006,0.01,1,0.0,10.0,148.0,23.6,-84.06,334,245,89,73.35,91.33,0.866,-4.585,551,171.63,15.97,24.79,-85.56,23.6,-4.82
SOL-USDT-SWAP,reversal,1D,0.005,0.006,0.015,1,0.0,10.0,148.0,2624.38,1673.23,334,289,45,86.53,73.65,1.212,91.267,551,1302.28,779.92,2333.06,79.15,2624.38,12.49
SOL-USDT-SWAP,reversal,1D,0.005,0.006,0.02,1,0.0,10.0,148.0,12388.78,8270.8,334,304,30,91.02,71.51,1.348,451.135,551,2762.64,1766.65,11013.58,298.66,12388.78,12.49
SOL-USDT-SWAP,reversal,1D,0.005,0.006,0.025,1,0.0,10.0,148.0,31671.1,21299.39,334,312,22,93.41,65.45,1.719,1161.785,551,3768.03,2445.97,29871.1,692.75,31671.1,6.03
SOL-USDT-SWAP,reversal,1D,0.005,0.006,0.03,1,0.0,10.0,148.0,72239.04,48710.16,334,321,13,96.11,32.3,2.382,2656.918,551,6606.74,4364.01,70439.04,966.17,72239.04,2.56
SOL-USDT-SWAP,reversal,1D,0.005,0.008,0.01,1,0.0,10.0,148.0,624.78,322.15,334,238,96,71.26,86.47,1.114,17.572,551,552.93,273.6,631.88,14.28,624.78,-1.12
SOL-USDT-SWAP,reversal,1D,0.005,0.008,0.015,1,0.0,10.0,148.0,42094.89,28342.5,334,280,54,83.83,75.15,1.699,1545.954,551,3722.84,2415.44,39439.89,959.4,42094.89,6.73
SOL-USDT-SWAP,reversal,1D,0.005,0.008,0.02,1,0.0,10.0,148.0,66821.34,45049.56,334,295,39,88.32,75.42,1.813,2457.249,551,9147.1,6080.47,64166.34,601.49,66821.34,4.14
SOL-USDT-SWAP,reversal,1D,0.005,0.008,0.025,1,0.0,10.0,148.0,75245.66,50741.66,334,302,32,90.42,73.42,1.853,2767.727,551,8393.6,5571.35,72590.66,764.83,75245.66,3.66
SOL-USDT-SWAP,reversal,1D,0.005,0.008,0.03,1,0.0,10.0,148.0,109667.55,73999.7,334,310,24,92.81,64.3,2.364,4036.347,551,9033.18,6003.5,107012.55,1084.66,109667.55,2.48
SOL-USDT-SWAP,reversal,1D,0.005,0.01,0.01,1,0.0,10.0,148.0,2221.37,1400.93,334,223,111,66.77,89.86,1.181,76.414,551,1181.54,698.34,2170.2,83.68,2221.37,2.36
SOL-USDT-SWAP,reversal,1D,0.005,0.01,0.015,1,0.0,10.0,148.0,63101.24,42535.97,334,265,69,79.34,85.28,1.768,2320.144,551,6374.71,4207.24,59591.24,834.81,63101.24,5.89
SOL-USDT-SWAP,reversal,1D,0.005,0.01,0.02,1,0.0,10.0,148.0,87782.96,59212.81,334,281,53,84.13,82.45,1.756,3229.79,551,14810.04,9906.78,84272.96,469.03,87782.96,4.17
SOL-USDT-SWAP,reversal,1D,0.005,0.01,0.025,1,0.0,10.0,148.0,72946.99,49188.51,334,286,48,85.63,84.34,1.69,2683.01,551,8715.94,5789.15,69436.99,696.67,72946.99,5.05
SOL-USDT-SWAP,reversal,1D,0.005,0.01,0.03,1,0.0,10.0,148.0,105538.22,71209.61,334,294,40,88.02,72.01,1.983,3884.16,551,5651.06,3718.28,102028.22,1705.47,105538.22,3.44
SOL-USDT-SWAP,reversal,1D,0.005,0.015,0.01,1,0.0,10.0,148.0,1348.57,811.19,334,182,152,54.49,95.05,1.071,44.247,551,2138.76,1345.11,1730.77,-19.08,1348.57,-22.08
SOL-USDT-SWAP,reversal,1D,0.005,0.015,0.015,1,0.0,10.0,148.0,50553.85,34058.01,334,222,112,66.47,96.31,1.358,1857.709,551,13334.26,8909.64,51144.81,283.56,50553.85,-1.16
SOL-USDT-SWAP,reversal,1D,0.005,0.015,0.02,1,0.0,10.0,148.0,69436.63,46816.64,334,241,93,72.16,98.1,1.48,2553.635,551,22726.75,15255.91,70822.58,211.63,69436.63,-1.96
SOL-USDT-SWAP,reversal,1D,0.005,0.015,0.025,1,0.0,10.0,148.0,52248.22,35202.85,334,248,86,74.25,98.18,1.474,1920.155,551,10563.46,7037.47,54384.17,414.83,52248.22,-3.93
SOL-USDT-SWAP,reversal,1D,0.005,0.015,0.03,1,0.0,10.0,148.0,66775.62,45018.66,334,257,77,76.95,93.96,1.508,2455.563,551,7271.34,4813.07,69661.58,858.03,66775.62,-4.14
SOL-USDT-SWAP,reversal,1D,0.005,0.02,0.01,1,0.0,10.0,148.0,8.62,-94.17,334,140,194,41.92,99.15,0.923,-5.137,551,381.66,157.88,11.07,-97.1,8.62,-22.08
SOL-USDT-SWAP,reversal,1D,0.005,0.02,0.015,1,0.0,10.0,148.0,166.33,12.38,334,180,154,53.89,96.52,1.004,0.675,551,671.08,353.43,169.68,-74.71,166.33,-1.98
SOL-USDT-SWAP,reversal,1D,0.005,0.02,0.02,1,0.0,10.0,148.0,534.76,261.33,334,202,132,60.48,97.37,1.048,14.254,551,1860.33,1156.98,582.91,-68.67,534.76,-8.26
SOL-USDT-SWAP,reversal,1D,0.005,0.02,0.025,1,0.0,10.0,148.0,94.13,-36.4,334,210,124,62.87,98.71,0.985,-1.986,551,683.85,362.06,109.69,-83.96,94.13,-14.19
SOL-USDT-SWAP,reversal,1D,0.005,0.02,0.03,1,0.0,10.0,148.0,39.14,-73.56,334,218,116,65.27,98.4,0.945,-4.012,551,152.95,3.34,48.99,-67.97,39.14,-20.11
SOL-USDT-SWAP,reversal,1D,0.005,0.03,0.01,1,0.0,10.0,148.0,0.0,-100.0,334,92,242,27.54,100.0,0.681,-5.454,551,10.08,-93.19,0.0,-99.98,0.0,-22.08
SOL-USDT-SWAP,reversal,1D,0.005,0.03,0.015,1,0.0,10.0,148.0,0.0,-100.0,334,129,205,38.62,100.0,0.747,-5.454,551,13.91,-90.6,0.01,-99.96,0.0,-31.45
SOL-USDT-SWAP,reversal,1D,0.005,0.03,0.02,1,0.0,10.0,148.0,0.0,-100.0,334,149,185,44.61,100.0,0.77,-5.454,551,21.57,-85.42,0.0,-99.98,0.0,-39.75
SOL-USDT-SWAP,reversal,1D,0.005,0.03,0.025,1,0.0,10.0,148.0,0.0,-100.0,334,158,176,47.31,100.0,0.773,-5.455,551,10.74,-92.74,0.0,-100.0,0.0,-47.3
SOL-USDT-SWAP,reversal,1D,0.005,0.03,0.03,1,0.0,10.0,148.0,0.0,-100.0,334,168,166,50.3,100.0,0.721,-5.455,551,0.94,-99.36,0.0,-99.99,0.0,-42.24
SOL-USDT-SWAP,reversal,1D,0.007,0.006,0.01,1,0.0,10.0,148.0,71.07,-51.98,320,240,80,75.0,84.03,0.961,-2.835,551,298.8,101.89,74.67,-75.01,71.07,-4.82
SOL-USDT-SWAP,reversal,1D,0.007,0.006,0.015,1,0.0,10.0,148.0,661.27,346.8,320,270,50,84.38,68.26,1.081,18.916,551,786.94,431.72,589.56,-25.08,661.27,12.16
SOL-USDT-SWAP,reversal,1D,0.007,0.006,0.02,1,0.0,10.0,148.0,1874.87,1166.8,320,284,36,88.75,73.39,1.106,63.644,551,2091.3,1313.04,1671.57,-20.07,1874.87,12.16
SOL-USDT-SWAP,reversal,1D,0.007,0.006,0.025,1,0.0,10.0,148.0,24011.99,16124.32,320,297,23,92.81,51.54,1.539,879.508,551,2001.62,1252.45,22256.99,1011.95,24011.99,7.89
SOL-USDT-SWAP,reversal,1D,0.007,0.006,0.03,1,0.0,10.0,148.0,57094.79,38477.56,320,305,15,95.31,37.18,2.244,2098.776,551,3253.72,2098.46,55339.79,1600.82,57094.79,3.17
SOL-USDT-SWAP,reversal,1D,0.007,0.008,0.01,1,0.0,10.0,148.0,1400.55,846.31,320,232,88,72.5,69.54,1.118,46.163,551,768.87,419.51,1416.46,84.23,1400.55,-1.12
SOL-USDT-SWAP,reversal,1D,0.007,0.008,0.015,1,0.0,10.0,148.0,20321.51,13630.75,320,263,57,82.19,61.73,1.377,743.495,551,1970.51,1231.43,17666.51,796.54,20321.51,15.03
SOL-USDT-SWAP,reversal,1D,0.007,0.008,0.02,1,0.0,10.0,148.0,39820.42,26805.69,320,277,43,86.56,68.37,1.48,1462.129,551,6622.34,4374.55,37165.42,461.21,39820.42,7.14
SOL-USDT-SWAP,reversal,1D,0.007,0.008,0.025,1,0.0,10.0,148.0,73790.45,49758.41,320,288,32,90.0,52.69,1.836,2714.095,551,6649.54,4392.93,71135.45,969.78,73790.45,3.73
SOL-USDT-SWAP,reversal,1D,0.007,0.008,0.03,1,0.0,10.0,148.0,117318.98,79169.58,320,298,22,93.12,32.6,2.576,4318.341,551,16321.67,10928.15,114663.98,602.53,117318.98,2.32
SOL-USDT-SWAP,reversal,1D,0.007,0.01,0.01,1,0.0,10.0,148.0,10046.62,6688.26,320,221,99,69.06,81.85,1.277,364.814,551,1636.9,1006.01,9815.17,499.62,10046.62,2.36
SOL-USDT-SWAP,reversal,1D,0.007,0.01,0.015,1,0.0,10.0,148.0,39141.6,26347.03,320,248,72,77.5,84.88,1.532,1437.111,551,4440.7,2900.47,35631.6,702.39,39141.6,9.85
SOL-USDT-SWAP,reversal,1D,0.007,0.01,0.02,1,0.0,10.0,148.0,46007.12,30985.89,320,261,59,81.56,86.62,1.403,1690.14,551,11565.78,7714.71,42497.12,267.44,46007.12,8.26
SOL-USDT-SWAP,reversal,1D,0.007,0.01,0.025,1,0.0,10.0,148.0,82418.18,55587.96,320,273,47,85.31,69.74,1.614,3032.07,551,9652.0,6421.62,78908.18,717.53,82418.18,4.45
SOL-USDT-SWAP,reversal,1D,0.007,0.01,0.03,1,0.0,10.0,148.0,121441.02,81954.74,320,282,38,88.12,65.3,2.043,4470.259,551,14993.72,10030.89,117931.02,686.54,121441.02,2.98
SOL-USDT-SWAP,reversal,1D,0.007,0.015,0.01,1,0.0,10.0,148.0,66879.42,45088.79,320,196,124,61.25,82.28,1.569,2459.389,551,4723.53,3091.58,66378.61,1305.27,66879.42,0.75
SOL-USDT-SWAP,reversal,1D,0.007,0.015,0.015,1,0.0,10.0,148.0,64734.09,43639.25,320,218,102,68.12,89.77,1.49,2380.323,551,6646.45,4390.85,65028.28,878.39,64734.09,-0.45
SOL-USDT-SWAP,reversal,1D,0.007,0.015,0.02,1,0.0,10.0,148.0,65744.09,44321.68,320,233,87,72.81,94.34,1.417,2417.546,551,15395.11,10302.1,66788.28,333.83,65744.09,-1.56
SOL-USDT-SWAP,reversal,1D,0.007,0.015,0.025,1,0.0,10.0,148.0,64749.43,43649.62,320,243,77,75.94,89.83,1.455,2380.888,551,5698.49,3750.33,66543.62,1067.74,64749.43,-2.7
SOL-USDT-SWAP,reversal,1D,0.007,0.015,0.03,1,0.0,10.0,148.0,105539.83,71210.7,320,252,68,78.75,85.24,1.66,3884.22,551,7630.16,5055.51,108084.02,1316.54,105539.83,-2.35
SOL-USDT-SWAP,reversal,1D,0.007,0.02,0.01,1,0.0,10.0,148.0,903.79,510.67,320,152,168,47.5,92.03,1.1,27.855,551,673.58,355.12,849.84,26.17,903.79,6.35
SOL-USDT-SWAP,reversal,1D,0.007,0.02,0.015,1,0.0,10.0,148.0,2824.36,1808.35,320,183,137,57.19,92.12,1.146,98.637,551,1237.5,736.15,2825.97,128.36,2824.36,-0.06
SOL-USDT-SWAP,reversal,1D,0.007,0.02,0.02,1,0.0,10.0,148.0,1745.69,1079.52,320,199,121,62.19,96.52,1.077,58.883,551,2944.64,1889.62,1859.08,-36.87,1745.69,-6.1
SOL-USDT-SWAP,reversal,1D,0.007,0.02,0.025,1,0.0,10.0,148.0,678.36,358.35,320,209,111,65.31,96.09,1.063,19.547,551,660.73,346.44,772.11,16.86,678.36,-12.14
SOL-USDT-SWAP,reversal,1D,0.007,0.02,0.03,1,0.0,10.0,148.0,995.34,572.53,320,217,103,67.81,95.67,1.083,31.229,551,570.36,285.38,1216.57,113.3,995.34,-18.18
SOL-USDT-SWAP,reversal,1D,0.007,0.03,0.01,1,0.0,10.0,148.0,0.3,-99.8,320,107,213,33.44,99.93,0.883,-5.444,551,57.27,-61.3,0.37,-99.35,0.3,-21.1
SOL-USDT-SWAP,reversal,1D,0.007,0.03,0.015,1,0.0,10.0,148.0,0.14,-99.91,320,135,185,42.19,99.95,0.852,-5.449,551,22.91,-84.52,0.2,-99.13,0.14,-30.11
SOL-USDT-SWAP,reversal,1D,0.007,0.03,0.02,1,0.0,10.0,148.0,0.13,-99.91,320,155,165,48.44,99.97,0.903,-5.45,551,105.33,-28.83,0.21,-99.8,0.13,-38.33
SOL-USDT-SWAP,reversal,1D,0.007,0.03,0.025,1,0.0,10.0,148.0,0.01,-100.0,320,163,157,50.94,100.0,0.83,-5.454,551,9.26,-93.74,0.01,-99.88,0.01,-46.04
SOL-USDT-SWAP,reversal,1D,0.007,0.03,0.03,1,0.0,10.0,148.0,0.01,-100.0,320,173,147,54.06,100.0,0.837,-5.454,551,8.02,-94.58,0.01,-99.85,0.01,-39.44
SOL-USDT-SWAP,reversal,1D,0.01,0.006,0.01,1,0.0,10.0,148.0,68.61,-53.64,290,217,73,74.83,82.81,0.949,-2.926,551,311.8,110.68,72.09,-76.88,68.61,-4.82
SOL-USDT-SWAP,reversal,1D,0.01,0.006,0.015,1,0.0,10.0,148.0,225.14,52.12,290,241,49,83.1,72.07,1.033,2.843,551,397.12,168.32,200.73,-49.45,225.14,12.16
SOL-USDT-SWAP,reversal,1D,0.01,0.006,0.02,1,0.0,10.0,148.0,637.41,330.68,290,255,35,87.93,71.62,1.171,18.037,551,418.1,182.5,568.29,35.92,637.41,12.16
SOL-USDT-SWAP,reversal,1D,0.01,0.006,0.025,1,0.0,10.0,148.0,6639.97,4386.46,290,268,22,92.41,58.04,1.392,239.262,551,887.75,499.83,5919.98,566.85,6639.97,12.16
SOL-USDT-SWAP,reversal,1D,0.01,0.006,0.03,1,0.0,10.0,148.0,34808.44,23419.22,290,276,14,95.17,52.16,2.539,1277.412,551,2053.12,1287.24,33053.44,1509.91,34808.44,5.31
SOL-USDT-SWAP,reversal,1D,0.01,0.008,0.01,1,0.0,10.0,148.0,1456.43,884.07,290,211,79,72.76,57.79,1.097,48.222,551,1454.61,882.84,1477.15,1.55,1456.43,-1.4
SOL-USDT-SWAP,reversal,1D,0.01,0.008,0.015,1,0.0,10.0,148.0,9169.94,6095.91,290,237,53,81.72,59.78,1.238,332.504,551,2071.07,1299.37,7743.02,273.87,9169.94,18.43
SOL-USDT-SWAP,reversal,1D,0.01,0.008,0.02,1,0.0,10.0,148.0,34152.93,22976.3,290,252,38,86.9,54.44,1.79,1253.253,551,2308.71,1459.94,31542.93,1266.26,34152.93,8.27
SOL-USDT-SWAP,reversal,1D,0.01,0.008,0.025,1,0.0,10.0,148.0,78902.88,53212.76,290,265,25,91.38,36.79,2.148,2902.514,551,5290.16,3474.44,76292.88,1342.16,78902.88,3.42
SOL-USDT-SWAP,reversal,1D,0.01,0.008,0.03,1,0.0,10.0,148.0,115166.88,77715.46,290,274,16,94.48,32.3,3.102,4239.025,551,12837.89,8574.25,112556.88,776.76,115166.88,2.32
SOL-USDT-SWAP,reversal,1D,0.01,0.01,0.01,1,0.0,10.0,148.0,8991.13,5975.09,290,201,89,69.31,53.72,1.16,325.914,551,2835.33,1815.76,8783.99,209.8,8991.13,2.36
SOL-USDT-SWAP,reversal,1D,0.01,0.01,0.015,1,0.0,10.0,148.0,52081.7,35090.34,290,229,61,78.97,48.75,1.593,1914.018,551,4917.24,3222.46,48571.7,887.78,52081.7,7.23
SOL-USDT-SWAP,reversal,1D,0.01,0.01,0.02,1,0.0,10.0,148.0,65437.73,44114.69,290,242,48,83.45,48.75,1.748,2406.256,551,5117.77,3357.95,61927.73,1110.05,65437.73,5.67
SOL-USDT-SWAP,reversal,1D,0.01,0.01,0.025,1,0.0,10.0,148.0,107592.85,72597.87,290,255,35,87.93,42.68,2.15,3959.884,551,7416.41,4911.09,104082.85,1303.41,107592.85,3.37
SOL-USDT-SWAP,reversal,1D,0.01,0.01,0.03,1,0.0,10.0,148.0,140238.67,94655.86,290,264,26,91.03,46.54,2.646,5163.047,551,15082.87,10091.13,136728.67,806.52,140238.67,2.57
SOL-USDT-SWAP,reversal,1D,0.01,0.015,0.01,1,0.0,10.0,148.0,5714.35,3761.05,290,164,126,56.55,70.17,1.182,205.148,551,2008.56,1257.14,5112.53,154.54,5714.35,11.77
SOL-USDT-SWAP,reversal,1D,0.01,0.015,0.015,1,0.0,10.0,148.0,21969.0,14743.92,290,191,99,65.86,83.26,1.335,804.214,551,2636.54,1681.45,20754.0,687.17,21969.0,5.85
SOL-USDT-SWAP,reversal,1D,0.01,0.015,0.02,1,0.0,10.0,148.0,5830.52,3839.54,290,201,89,69.31,89.04,1.194,209.43,551,1130.08,663.57,5907.98,422.79,5830.52,-1.31
SOL-USDT-SWAP,reversal,1D,0.01,0.015,0.025,1,0.0,10.0,148.0,13575.23,9072.45,290,212,78,73.1,81.86,1.175,494.861,551,900.96,508.76,14701.62,1531.77,13575.23,-7.66
SOL-USDT-SWAP,reversal,1D,0.01,0.015,0.03,1,0.0,10.0,148.0,56425.29,38025.2,290,222,68,76.55,81.78,1.67,2074.102,551,1353.29,814.39,57505.29,4149.29,56425.29,-1.88
SOL-USDT-SWAP,reversal,1D,0.01,0.02,0.01,1,0.0,10.0,148.0,2134.9,1342.5,290,140,150,48.28,80.95,1.084,73.227,551,2279.04,1439.89,1940.49,-14.86,2134.9,10.02
SOL-USDT-SWAP,reversal,1D,0.01,0.02,0.015,1,0.0,10.0,148.0,8211.53,5448.33,290,169,121,58.28,93.41,1.177,297.182,551,4494.61,2936.9,7942.09,76.7,8211.53,3.39
SOL-USDT-SWAP,reversal,1D,0.01,0.02,0.02,1,0.0,10.0,148.0,1302.38,779.99,290,180,110,62.07,96.16,1.064,42.545,551,1966.18,1228.5,1340.71,-31.81,1302.38,-2.86
SOL-USDT-SWAP,reversal,1D,0.01,0.02,0.025,1,0.0,10.0,148.0,1304.04,781.11,290,191,99,65.86,92.4,1.043,42.606,551,1466.0,890.54,1434.73,-2.13,1304.04,-9.11
SOL-USDT-SWAP,reversal,1D,0.01,0.02,0.03,1,0.0,10.0,148.0,6274.75,4139.69,290,201,89,69.31,93.16,1.126,225.801,551,3367.21,2175.14,7446.5,121.15,6274.75,-15.74
SOL-USDT-SWAP,reversal,1D,0.01,0.03,0.01,1,0.0,10.0,148.0,2.31,-98.44,290,100,190,34.48,99.44,0.772,-5.369,551,17.81,-87.97,2.84,-84.08,2.31,-18.38
SOL-USDT-SWAP,reversal,1D,0.01,0.03,0.015,1,0.0,10.0,148.0,2.65,-98.21,290,128,162,44.14,99.36,0.782,-5.357,551,21.72,-85.32,3.67,-83.1,2.65,-27.7
SOL-USDT-SWAP,reversal,1D,0.01,0.03,0.02,1,0.0,10.0,148.0,0.12,-99.92,290,140,150,48.28,99.96,0.734,-5.45,551,9.59,-93.52,0.19,-97.98,0.12,-36.2
SOL-USDT-SWAP,reversal,1D,0.01,0.03,0.025,1,0.0,10.0,148.0,0.06,-99.96,290,152,138,52.41,99.98,0.665,-5.453,551,1.41,-99.04,0.08,-94.41,0.06,-30.4
SOL-USDT-SWAP,reversal,1D,0.01,0.03,0.03,1,0.0,10.0,148.0,0.93,-99.37,290,164,126,56.55,99.78,0.77,-5.42,551,15.61,-89.45,1.44,-90.78,0.93,-35.48
SOL-USDT-SWAP,fade,1D,0.001,0.006,0.01,1,0.0,10.0,148.0,4.52,-96.95,460,331,129,71.96,98.75,0.874,-5.288,551,182.06,23.01,3.87,-97.87,4.52,16.65
SOL-USDT-SWAP,fade,1D,0.001,0.006,0.015,1,0.0,10.0,148.0,152.13,2.79,460,380,80,82.61,96.43,1.002,0.152,551,219.5,48.31,130.42,-40.58,152.13,16.65
SOL-USDT-SWAP,fade,1D,0.001,0.006,0.02,1,0.0,10.0,148.0,6062.88,3996.54,460,410,50,89.13,87.02,1.285,217.993,551,1463.18,888.63,5197.57,255.22,6062.88,16.65
SOL-USDT-SWAP,fade,1D,0.001,0.006,0.025,1,0.0,10.0,148.0,9428.69,6270.74,460,420,40,91.3,86.16,1.206,342.04,551,3590.22,2325.82,8083.0,125.14,9428.69,16.65
SOL-USDT-SWAP,fade,1D,0.001,0.006,0.03,1,0.0,10.0,148.0,26641.88,17901.27,460,427,33,92.83,85.4,1.37,976.433,551,4561.51,2982.1,24286.88,432.43,26641.88,9.7
SOL-USDT-SWAP,fade,1D,0.001,0.008,0.01,1,0.0,10.0,148.0,44.7,-69.8,460,309,151,67.17,96.17,0.98,-3.807,551,927.02,526.37,55.66,-94.0,44.7,-19.69
SOL-USDT-SWAP,fade,1D,0.001,0.008,0.015,1,0.0,10.0,148.0,1114.47,653.02,460,357,103,77.61,89.49,1.064,35.619,551,728.53,392.25,1326.19,82.04,1114.47,-15.96
SOL-USDT-SWAP,fade,1D,0.001,0.008,0.02,1,0.0,10.0,148.0,30462.03,20482.46,460,385,75,83.7,87.81,1.23,1117.225,551,3996.12,2600.08,33532.74,739.13,30462.03,-9.16
SOL-USDT-SWAP,fade,1D,0.001,0.008,0.025,1,0.0,10.0,148.0,41386.49,27863.84,460,398,62,86.52,92.74,1.258,1519.846,551,12025.56,8025.38,45252.2,276.3,41386.49,-8.54
SOL-USDT-SWAP,fade,1D,0.001,0.008,0.03,1,0.0,10.0,148.0,51627.86,34783.69,460,405,55,88.04,92.42,1.291,1897.292,551,12496.75,8343.75,56243.57,350.07,51627.86,-8.21
SOL-USDT-SWAP,fade,1D,0.001,0.01,0.01,1,0.0,10.0,148.0,33.51,-77.36,460,280,180,60.87,93.91,0.97,-4.22,551,426.46,188.15,40.95,-90.4,33.51,-18.17
SOL-USDT-SWAP,fade,1D,0.001,0.01,0.015,1,0.0,10.0,148.0,765.95,417.53,460,328,132,71.3,95.71,1.046,22.774,551,363.83,145.83,894.57,145.88,765.95,-14.38
SOL-USDT-SWAP,fade,1D,0.001,0.01,0.02,1,0.0,10.0,148.0,2642.34,1685.36,460,354,106,76.96,95.66,1.045,91.929,551,1305.12,781.84,3284.66,151.68,2642.34,-19.56
SOL-USDT-SWAP,fade,1D,0.001,0.01,0.025,1,0.0,10.0,148.0,2664.83,1700.56,460,367,93,79.78,96.0,1.05,92.758,551,2065.59,1295.67,3555.12,72.11,2664.83,-25.04
SOL-USDT-SWAP,fade,1D,0.001,0.01,0.03,1,0.0,10.0,148.0,475.23,221.1,460,373,87,81.09,97.71,1.02,12.06,551,664.02,348.66,681.03,2.56,475.23,-30.22
SOL-USDT-SWAP,fade,1D,0.001,0.015,0.01,1,0.0,10.0,148.0,0.07,-99.95,460,206,254,44.78,99.98,0.895,-5.452,551,76.25,-48.48,0.1,-99.87,0.07,-33.55
SOL-USDT-SWAP,fade,1D,0.001,0.015,0.015,1,0.0,10.0,148.0,2.35,-98.41,460,262,198,56.96,99.91,0.92,-5.368,551,96.33,-34.91,3.59,-96.28,2.35,-34.44
SOL-USDT-SWAP,fade,1D,0.001,0.015,0.02,1,0.0,10.0,148.0,7.75,-94.76,460,293,167,63.7,99.84,0.928,-5.169,551,97.14,-34.36,9.26,-90.47,7.75,-16.28
SOL-USDT-SWAP,fade,1D,0.001,0.015,0.025,1,0.0,10.0,148.0,2.75,-98.14,460,307,153,66.74,99.93,0.926,-5.353,551,166.94,12.8,3.52,-97.89,2.75,-21.99
SOL-USDT-SWAP,fade,1D,0.001,0.015,0.03,1,0.0,10.0,148.0,0.71,-99.52,460,315,145,68.48,99.99,0.894,-5.428,551,35.3,-76.15,0.98,-97.24,0.71,-27.38
SOL-USDT-SWAP,fade,1D,0.001,0.02,0.01,1,0.0,10.0,148.0,0.0,-100.0,460,160,300,34.78,100.0,0.664,-5.455,551,3.35,-97.74,0.0,-99.99,0.0,-33.55
SOL-USDT-SWAP,fade,1D,0.001,0.02,0.015,1,0.0,10.0,148.0,0.0,-100.0,460,211,249,45.87,100.0,0.733,-5.454,551,2.94,-98.01,0.0,-99.93,0.0,-34.44
SOL-USDT-SWAP,fade,1D,0.001,0.02,0.02,1,0.0,10.0,148.0,0.0,-100.0,460,240,220,52.17,100.0,0.665,-5.455,551,1.28,-99.13,0.0,-99.95,0.0,-42.57
SOL-USDT-SWAP,fade,1D,0.001,0.02,0.025,1,0.0,10.0,148.0,0.0,-100.0,460,254,206,55.22,100.0,0.625,-5.455,551,1.13,-99.23,0.0,-100.0,0.0,-49.96
SOL-USDT-SWAP,fade,1D,0.001,0.02,0.03,1,0.0,10.0,148.0,0.0,-100.0,460,265,195,57.61,100.0,0.639,-5.455,551,0.34,-99.77,0.0,-100.0,0.0,-56.65
SOL-USDT-SWAP,fade,1D,0.001,0.03,0.01,1,0.0,10.0,148.0,0.0,-100.0,460,122,338,26.52,100.0,0.52,-5.455,551,1.39,-99.06,0.0,-100.0,0.0,-33.55
SOL-USDT-SWAP,fade,1D,0.001,0.03,0.015,1,0.0,10.0,148.0,0.0,-100.0,460,166,294,36.09,100.0,0.678,-5.455,551,1.22,-99.18,0.0,-100.0,0.0,-34.44
SOL-USDT-SWAP,fade,1D,0.001,0.03,0.02,1,0.0,10.0,148.0,0.0,-100.0,460,189,271,41.09,100.0,0.617,-5.455,551,0.23,-99.85,0.0,-100.0,0.0,-42.57
SOL-USDT-SWAP,fade,1D,0.001,0.03,0.025,1,0.0,10.0,148.0,0.0,-100.0,460,205,255,44.57,100.0,0.585,-5.455,551,0.17,-99.88,0.0,-100.0,0.0,-49.96
SOL-USDT-SWAP,fade,1D,0.001,0.03,0.03,1,0.0,10.0,148.0,0.0,-100.0,460,217,243,47.17,100.0,0.656,-5.455,551,0.08,-99.95,0.0,-100.0,0.0,-56.65
SOL-USDT-SWAP,fade,1D,0.002,0.006,0.01,1,0.0,10.0,148.0,12.4,-91.62,455,333,122,73.19,97.15,0.889,-4.997,551,168.0,13.52,10.6,-93.69,12.4,16.99
SOL-USDT-SWAP,fade,1D,0.002,0.006,0.015,1,0.0,10.0,148.0,1976.3,1235.34,455,387,68,85.05,81.95,1.206,67.382,551,790.63,434.21,1689.35,113.67,1976.3,16.99
SOL-USDT-SWAP,fade,1D,0.002,0.006,0.02,1,0.0,10.0,148.0,22856.81,15343.79,455,410,45,90.11,85.05,1.497,836.934,551,2413.28,1530.6,20456.81,747.68,22856.81,11.73
SOL-USDT-SWAP,fade,1D,0.002,0.006,0.025,1,0.0,10.0,148.0,43847.09,29526.41,455,421,34,92.53,85.18,1.631,1610.531,551,4769.6,3122.7,41447.09,768.98,43847.09,5.79
SOL-USDT-SWAP,fade,1D,0.002,0.006,0.03,1,0.0,10.0,148.0,59556.76,40141.05,455,427,28,93.85,81.68,1.698,2189.512,551,5287.53,3472.66,57156.76,980.97,59556.76,4.2
SOL-USDT-SWAP,fade,1D,0.002,0.008,0.01,1,0.0,10.0,148.0,136.6,-7.7,455,311,144,68.35,94.34,0.998,-0.42,551,1067.38,621.2,115.86,-89.15,136.6,17.91
SOL-USDT-SWAP,fade,1D,0.002,0.008,0.015,1,0.0,10.0,148.0,16331.51,10934.8,455,364,91,80.0,82.61,1.242,596.444,551,3661.69,2374.11,13872.99,278.87,16331.51,17.72
SOL-USDT-SWAP,fade,1D,0.002,0.008,0.02,1,0.0,10.0,148.0,53449.88,36014.79,455,387,68,85.05,90.07,1.362,1964.443,551,10138.12,6750.08,50908.02,402.14,53449.88,4.99
SOL-USDT-SWAP,fade,1D,0.002,0.008,0.025,1,0.0,10.0,148.0,82963.82,55956.64,455,399,56,87.69,77.98,1.427,3052.18,551,33017.12,22208.87,80421.96,143.58,82963.82,3.16
SOL-USDT-SWAP,fade,1D,0.002,0.008,0.03,1,0.0,10.0,148.0,92554.01,62436.49,455,406,49,89.23,69.45,1.485,3405.627,551,33683.02,22658.8,90012.14,167.23,92554.01,2.82
SOL-USDT-SWAP,fade,1D,0.002,0.01,0.01,1,0.0,10.0,148.0,176.18,19.04,455,283,172,62.2,91.02,1.004,1.039,551,958.57,547.69,190.14,-80.16,176.18,-7.34
SOL-USDT-SWAP,fade,1D,0.002,0.01,0.015,1,0.0,10.0,148.0,22650.27,15204.24,455,337,118,74.07,87.73,1.265,829.322,551,2540.14,1616.31,24371.73,859.46,22650.27,-7.06
SOL-USDT-SWAP,fade,1D,0.002,0.01,0.02,1,0.0,10.0,148.0,38023.46,25591.53,455,358,97,78.68,94.11,1.303,1395.902,551,3885.76,2525.51,40539.92,943.3,38023.46,-6.21
SOL-USDT-SWAP,fade,1D,0.002,0.01,0.025,1,0.0,10.0,148.0,31874.5,21436.82,455,370,85,81.32,95.8,1.22,1169.281,551,8946.12,5944.68,35140.96,292.81,31874.5,-9.3
SOL-USDT-SWAP,fade,1D,0.002,0.01,0.03,1,0.0,10.0,148.0,5008.59,3284.18,455,376,79,82.64,96.34,1.073,179.137,551,3536.83,2289.75,7033.55,98.87,5008.59,-28.79
SOL-USDT-SWAP,fade,1D,0.002,0.015,0.01,1,0.0,10.0,148.0,1.15,-99.22,455,212,243,46.59,99.84,0.937,-5.412,551,205.31,38.73,1.53,-99.25,1.15,-24.76
SOL-USDT-SWAP,fade,1D,0.002,0.015,0.015,1,0.0,10.0,148.0,60.49,-59.13,455,267,188,58.68,99.46,0.981,-3.225,551,373.29,152.22,66.52,-82.18,60.49,-9.07
SOL-USDT-SWAP,fade,1D,0.002,0.015,0.02,1,0.0,10.0,148.0,70.61,-52.29,455,294,161,64.62,99.56,0.987,-2.852,551,434.07,193.29,82.97,-80.89,70.61,-14.89
SOL-USDT-SWAP,fade,1D,0.002,0.015,0.025,1,0.0,10.0,148.0,26.03,-82.41,455,307,148,67.47,99.81,0.983,-4.495,551,967.74,553.88,32.7,-96.62,26.03,-20.39
SOL-USDT-SWAP,fade,1D,0.002,0.015,0.03,1,0.0,10.0,148.0,3.98,-97.31,455,314,141,69.01,99.88,0.941,-5.308,551,162.4,9.73,5.37,-96.69,3.98,-25.89
SOL-USDT-SWAP,fade,1D,0.002,0.02,0.01,1,0.0,10.0,148.0,0.0,-100.0,455,163,292,35.82,100.0,0.869,-5.454,551,34.58,-76.64,0.0,-99.99,0.0,-24.76
SOL-USDT-SWAP,fade,1D,0.002,0.02,0.015,1,0.0,10.0,148.0,0.01,-100.0,455,211,244,46.37,100.0,0.853,-5.454,551,17.69,-88.05,0.01,-99.95,0.01,-33.58
SOL-USDT-SWAP,fade,1D,0.002,0.02,0.02,1,0.0,10.0,148.0,0.0,-100.0,455,239,216,52.53,100.0,0.815,-5.454,551,9.62,-93.5,0.0,-99.97,0.0,-41.62
SOL-USDT-SWAP,fade,1D,0.002,0.02,0.025,1,0.0,10.0,148.0,0.0,-100.0,455,258,197,56.7,100.0,0.876,-5.455,551,45.54,-69.23,0.0,-100.0,0.0,-48.93
SOL-USDT-SWAP,fade,1D,0.002,0.02,0.03,1,0.0,10.0,148.0,0.0,-100.0,455,265,190,58.24,100.0,0.794,-5.455,551,3.85,-97.4,0.0,-100.0,0.0,-55.76
SOL-USDT-SWAP,fade,1D,0.002,0.03,0.01,1,0.0,10.0,148.0,0.0,-100.0,455,119,336,26.15,100.0,0.467,-5.455,551,1.02,-99.31,0.0,-100.0,0.0,-24.76
SOL-USDT-SWAP,fade,1D,0.002,0.03,0.015,1,0.0,10.0,148.0,0.0,-100.0,455,160,295,35.16,100.0,0.624,-5.455,551,0.47,-99.68,0.0,-100.0,0.0,-33.58
SOL-USDT-SWAP,fade,1D,0.002,0.03,0.02,1,0.0,10.0,148.0,0.0,-100.0,455,183,272,40.22,100.0,0.575,-5.455,551,0.11,-99.93,0.0,-100.0,0.0,-41.62
SOL-USDT-SWAP,fade,1D,0.002,0.03,0.025,1,0.0,10.0,148.0,0.0,-100.0,455,203,252,44.62,100.0,0.691,-5.455,551,0.72,-99.51,0.0,-100.0,0.0,-48.93
SOL-USDT-SWAP,fade,1D,0.002,0.03,0.03,1,0.0,10.0,148.0,0.0,-100.0,455,211,244,46.37,100.0,0.628,-5.455,551,0.04,-99.97,0.0,-100.0,0.0,-55.76
SOL-USDT-SWAP,fade,1D,0.003,0.006,0.01,1,0.0,10.0,148.0,13.23,-91.06,447,328,119,73.38,94.74,0.863,-4.967,551,161.76,9.3,13.36,-91.74,13.23,-1.01
SOL-USDT-SWAP,fade,1D,0.003,0.006,0.015,1,0.0,10.0,148.0,1911.79,1191.75,447,381,66,85.23,87.78,1.245,65.005,551,765.66,417.34,1638.93,114.05,1911.79,16.65
SOL-USDT-SWAP,fade,1D,0.003,0.006,0.02,1,0.0,10.0,148.0,7338.4,4858.38,447,400,47,89.49,85.68,1.369,265.003,551,1314.61,788.25,6291.04,378.55,7338.4,16.65
SOL-USDT-SWAP,fade,1D,0.003,0.006,0.025,1,0.0,10.0,148.0,39063.88,26294.52,447,414,33,92.62,82.51,1.638,1434.246,551,4611.31,3015.75,36708.88,696.06,39063.88,6.42
SOL-USDT-SWAP,fade,1D,0.003,0.006,0.03,1,0.0,10.0,148.0,66774.16,45017.68,447,421,26,94.18,77.35,1.777,2455.51,551,5803.65,3821.39,64419.16,1009.98,66774.16,3.66
SOL-USDT-SWAP,fade,1D,0.003,0.008,0.01,1,0.0,10.0,148.0,315.29,113.03,447,312,135,69.8,89.63,1.046,6.165,551,452.11,205.48,301.67,-33.27,315.29,4.51
SOL-USDT-SWAP,fade,1D,0.003,0.008,0.015,1,0.0,10.0,148.0,51194.14,34490.64,447,368,79,82.33,86.64,1.848,1881.307,551,3322.11,2144.67,47684.14,1335.36,51194.14,7.36
SOL-USDT-SWAP,fade,1D,0.003,0.008,0.02,1,0.0,10.0,148.0,71114.47,47950.32,447,387,60,86.58,86.8,1.658,2615.472,551,6776.79,4478.91,67604.47,897.59,71114.47,5.19
SOL-USDT-SWAP,fade,1D,0.003,0.008,0.025,1,0.0,10.0,148.0,86583.88,58402.62,447,397,50,88.81,85.69,1.584,3185.598,551,12683.08,8469.65,83073.88,555.0,86583.88,4.23
SOL-USDT-SWAP,fade,1D,0.003,0.008,0.03,1,0.0,10.0,148.0,115081.17,77657.55,447,406,41,90.83,63.58,1.784,4235.866,551,11812.28,7881.27,111571.17,844.54,115081.17,3.15
SOL-USDT-SWAP,fade,1D,0.003,0.01,0.01,1,0.0,10.0,148.0,378.4,155.68,447,285,162,63.76,87.46,1.026,8.491,551,961.56,549.7,491.26,-48.91,378.4,-22.97
SOL-USDT-SWAP,fade,1D,0.003,0.01,0.015,1,0.0,10.0,148.0,48610.48,32744.92,447,340,107,76.06,87.12,1.4,1786.087,551,4309.97,2812.14,50123.29,1062.96,48610.48,-3.02
SOL-USDT-SWAP,fade,1D,0.003,0.01,0.02,1,0.0,10.0,148.0,62318.22,42006.91,447,360,87,80.54,88.96,1.413,2291.286,551,5459.31,3588.72,64626.03,1083.78,62318.22,-3.57
SOL-USDT-SWAP,fade,1D,0.003,0.01,0.025,1,0.0,10.0,148.0,90737.34,61209.01,447,372,75,83.22,84.23,1.389,3338.673,551,28809.61,19365.95,93795.15,225.57,90737.34,-3.26
SOL-USDT-SWAP,fade,1D,0.003,0.01,0.03,1,0.0,10.0,148.0,105014.03,70855.42,447,380,67,85.01,67.15,1.442,3864.841,551,28068.24,18865.02,108821.84,287.7,105014.03,-3.5
SOL-USDT-SWAP,fade,1D,0.003,0.015,0.01,1,0.0,10.0,148.0,28.34,-80.85,447,223,224,49.89,97.26,0.964,-4.41,551,290.57,96.33,36.79,-87.34,28.34,-22.97
SOL-USDT-SWAP,fade,1D,0.003,0.015,0.015,1,0.0,10.0,148.0,2552.71,1624.81,447,277,170,61.97,95.75,1.101,88.626,551,1568.29,959.65,2751.53,75.45,2552.71,-7.23
SOL-USDT-SWAP,fade,1D,0.003,0.015,0.02,1,0.0,10.0,148.0,4120.9,2684.39,447,302,145,67.56,96.4,1.108,146.421,551,2132.6,1340.95,4746.0,122.55,4120.9,-13.17
SOL-USDT-SWAP,fade,1D,0.003,0.015,0.025,1,0.0,10.0,148.0,1593.8,976.89,447,315,132,70.47,98.91,1.043,53.285,551,4245.33,2768.47,1962.33,-53.78,1593.8,-18.78
SOL-USDT-SWAP,fade,1D,0.003,0.015,0.03,1,0.0,10.0,148.0,651.63,340.29,447,322,125,72.04,97.31,1.027,18.561,551,1362.33,820.49,861.83,-36.74,651.63,-24.39
SOL-USDT-SWAP,fade,1D,0.003,0.02,0.01,1,0.0,10.0,148.0,0.01,-99.99,447,166,281,37.14,100.0,0.856,-5.454,551,38.88,-73.73,0.01,-99.97,0.01,-22.97
SOL-USDT-SWAP,fade,1D,0.003,0.02,0.015,1,0.0,10.0,148.0,0.47,-99.68,447,220,227,49.22,100.0,0.916,-5.437,551,137.1,-7.36,0.49,-99.64,0.47,-3.1
SOL-USDT-SWAP,fade,1D,0.003,0.02,0.02,1,0.0,10.0,148.0,0.19,-99.87,447,246,201,55.03,100.0,0.873,-5.447,551,71.42,-51.74,0.21,-99.7,0.19,-9.31
SOL-USDT-SWAP,fade,1D,0.003,0.02,0.025,1,0.0,10.0,148.0,0.02,-99.99,447,260,187,58.17,100.0,0.885,-5.454,551,62.0,-58.11,0.02,-99.96,0.02,-15.17
SOL-USDT-SWAP,fade,1D,0.003,0.02,0.03,1,0.0,10.0,148.0,0.0,-100.0,447,269,178,60.18,100.0,0.822,-5.454,551,15.44,-89.57,0.01,-99.96,0.0,-21.03
SOL-USDT-SWAP,fade,1D,0.003,0.03,0.01,1,0.0,10.0,148.0,0.0,-100.0,447,119,328,26.62,100.0,0.638,-5.455,551,0.92,-99.38,0.0,-100.0,0.0,-22.97
SOL-USDT-SWAP,fade,1D,0.003,0.03,0.015,1,0.0,10.0,148.0,0.0,-100.0,447,162,285,36.24,100.0,0.674,-5.455,551,1.24,-99.17,0.0,-100.0,0.0,-32.24
SOL-USDT-SWAP,fade,1D,0.003,0.03,0.02,1,0.0,10.0,148.0,0.0,-100.0,447,184,263,41.16,100.0,0.615,-5.455,551,0.2,-99.87,0.0,-100.0,0.0,-40.44
SOL-USDT-SWAP,fade,1D,0.003,0.03,0.025,1,0.0,10.0,148.0,0.0,-100.0,447,202,245,45.19,100.0,0.703,-5.455,551,0.39,-99.74,0.0,-100.0,0.0,-47.9
SOL-USDT-SWAP,fade,1D,0.003,0.03,0.03,1,0.0,10.0,148.0,0.0,-100.0,447,210,237,46.98,100.0,0.64,-5.455,551,0.03,-99.98,0.0,-100.0,0.0,-44.26
SOL-USDT-SWAP,fade,1D,0.005,0.006,0.01,1,0.0,10.0,148.0,8.45,-94.29,432,314,118,72.69,96.77,0.864,-5.143,551,139.3,-5.88,8.88,-93.63,8.45,-4.82
SOL-USDT-SWAP,fade,1D,0.005,0.006,0.015,1,0.0,10.0,148.0,1310.88,785.73,432,367,65,84.95,79.18,1.092,42.858,551,1301.65,779.49,1165.36,-10.47,1310.88,12.49
SOL-USDT-SWAP,fade,1D,0.005,0.006,0.02,1,0.0,10.0,148.0,10736.58,7154.45,432,388,44,89.81,75.43,1.165,390.243,551,3582.55,2320.64,9544.78,166.42,10736.58,12.49
SOL-USDT-SWAP,fade,1D,0.005,0.006,0.025,1,0.0,10.0,148.0,33598.01,22601.36,432,399,33,92.36,73.77,1.376,1232.801,551,4002.42,2604.34,31798.01,694.47,33598.01,5.66
SOL-USDT-SWAP,fade,1D,0.005,0.006,0.03,1,0.0,10.0,148.0,86391.09,58272.36,432,410,22,94.91,43.99,1.987,3178.492,551,8667.25,5756.25,84591.09,875.99,86391.09,2.13
SOL-USDT-SWAP,fade,1D,0.005,0.008,0.01,1,0.0,10.0,148.0,518.35,250.24,432,304,128,70.37,83.71,1.069,13.649,551,504.89,241.14,524.24,3.83,518.35,-1.12
SOL-USDT-SWAP,fade,1D,0.005,0.008,0.015,1,0.0,10.0,148.0,57443.68,38713.3,432,356,76,82.41,74.91,1.513,2111.634,551,5342.5,3509.8,54788.68,925.53,57443.68,4.85
SOL-USDT-SWAP,fade,1D,0.005,0.008,0.02,1,0.0,10.0,148.0,94294.76,63612.68,432,376,56,87.04,50.03,1.605,3469.782,551,19188.78,12865.39,91639.76,377.57,94294.76,2.9
SOL-USDT-SWAP,fade,1D,0.005,0.008,0.025,1,0.0,10.0,148.0,101011.0,68150.68,432,385,47,89.12,59.05,1.652,3717.31,551,14756.34,9870.5,98356.0,566.53,101011.0,2.7
SOL-USDT-SWAP,fade,1D,0.005,0.008,0.03,1,0.0,10.0,148.0,137247.86,92635.04,432,395,37,91.44,62.26,2.042,5052.82,551,20823.42,13969.88,134592.86,546.35,137247.86,1.97
SOL-USDT-SWAP,fade,1D,0.005,0.01,0.01,1,0.0,10.0,148.0,2408.27,1527.21,432,284,148,65.74,86.26,1.105,83.302,551,1530.53,934.14,2352.79,53.72,2408.27,2.36
SOL-USDT-SWAP,fade,1D,0.005,0.01,0.015,1,0.0,10.0,148.0,88329.22,59581.91,432,336,96,77.78,82.93,1.52,3249.922,551,14353.07,9598.02,84819.22,490.95,88329.22,4.14
SOL-USDT-SWAP,fade,1D,0.005,0.01,0.02,1,0.0,10.0,148.0,122619.63,82751.1,432,356,76,82.41,50.31,1.608,4513.696,551,34754.2,23382.57,119109.63,242.72,122619.63,2.95
SOL-USDT-SWAP,fade,1D,0.005,0.01,0.025,1,0.0,10.0,148.0,120655.67,81424.1,432,364,68,84.26,62.57,1.591,4441.314,551,24518.17,16466.33,117145.67,377.79,120655.67,3.0
SOL-USDT-SWAP,fade,1D,0.005,0.01,0.03,1,0.0,10.0,148.0,150149.33,101352.25,432,374,58,86.57,67.44,1.844,5528.304,551,20639.47,13845.59,146639.33,610.48,150149.33,2.39
SOL-USDT-SWAP,fade,1D,0.005,0.015,0.01,1,0.0,10.0,148.0,696.96,370.92,432,230,202,53.24,89.34,1.022,20.232,551,2147.36,1350.92,894.49,-58.34,696.96,-22.08
SOL-USDT-SWAP,fade,1D,0.005,0.015,0.015,1,0.0,10.0,148.0,61653.51,41557.78,432,278,154,64.35,93.86,1.251,2266.788,551,15824.77,10592.41,62244.47,293.34,61653.51,-0.95
SOL-USDT-SWAP,fade,1D,0.005,0.015,0.02,1,0.0,10.0,148.0,90449.05,61014.23,432,301,131,69.68,93.08,1.294,3328.049,551,37938.32,25534.0,91835.01,142.06,90449.05,-1.51
SOL-USDT-SWAP,fade,1D,0.005,0.015,0.025,1,0.0,10.0,148.0,87975.01,59342.57,432,312,120,72.22,93.97,1.282,3236.868,551,31898.55,21453.08,90110.96,182.49,87975.01,-2.37
SOL-USDT-SWAP,fade,1D,0.005,0.015,0.03,1,0.0,10.0,148.0,110829.28,74784.65,432,322,110,74.54,74.72,1.33,4079.162,551,32165.29,21633.3,113715.23,253.53,110829.28,-2.54
SOL-USDT-SWAP,fade,1D,0.005,0.02,0.01,1,0.0,10.0,148.0,1.06,-99.28,432,177,255,40.97,99.89,0.931,-5.416,551,282.71,91.02,1.36,-99.52,1.06,-22.08
SOL-USDT-SWAP,fade,1D,0.005,0.02,0.015,1,0.0,10.0,148.0,7.46,-94.96,432,222,210,51.39,99.86,0.967,-5.18,551,392.34,165.09,7.61,-98.06,7.46,-1.98
SOL-USDT-SWAP,fade,1D,0.005,0.02,0.02,1,0.0,10.0,148.0,3.52,-97.62,432,246,186,56.94,99.94,0.974,-5.325,551,782.98,429.04,3.83,-99.51,3.52,-8.26
SOL-USDT-SWAP,fade,1D,0.005,0.02,0.025,1,0.0,10.0,148.0,0.38,-99.75,432,256,176,59.26,99.98,0.959,-5.441,551,338.1,128.45,0.44,-99.87,0.38,-14.19
SOL-USDT-SWAP,fade,1D,0.005,0.02,0.03,1,0.0,10.0,148.0,0.34,-99.77,432,267,165,61.81,99.98,0.93,-5.442,551,80.59,-45.55,0.42,-99.47,0.34,-20.11
SOL-USDT-SWAP,fade,1D,0.005,0.03,0.01,1,0.0,10.0,148.0,0.0,-100.0,432,120,312,27.78,100.0,0.7,-5.455,551,2.35,-98.42,0.0,-100.0,0.0,-22.08
SOL-USDT-SWAP,fade,1D,0.005,0.03,0.015,1,0.0,10.0,148.0,0.0,-100.0,432,160,272,37.04,100.0,0.786,-5.455,551,2.19,-98.52,0.0,-100.0,0.0,-31.45
SOL-USDT-SWAP,fade,1D,0.005,0.03,0.02,1,0.0,10.0,148.0,0.0,-100.0,432,184,248,42.59,100.0,0.802,-5.455,551,2.42,-98.37,0.0,-100.0,0.0,-39.75
SOL-USDT-SWAP,fade,1D,0.005,0.03,0.025,1,0.0,10.0,148.0,0.0,-100.0,432,197,235,45.6,100.0,0.8,-5.455,551,2.24,-98.49,0.0,-100.0,0.0,-47.3
SOL-USDT-SWAP,fade,1D,0.005,0.03,0.03,1,0.0,10.0,148.0,0.0,-100.0,432,208,224,48.15,100.0,0.745,-5.455,551,0.21,-99.86,0.0,-100.0,0.0,-42.24
SOL-USDT-SWAP,fade,1D,0.007,0.006,0.01,1,0.0,10.0,148.0,34.69,-76.56,413,307,106,74.33,92.17,0.948,-4.176,551,315.3,113.04,36.45,-88.44,34.69,-4.82
SOL-USDT-SWAP,fade,1D,0.007,0.006,0.015,1,0.0,10.0,148.0,670.69,353.17,413,347,66,84.02,77.7,1.053,19.264,551,917.84,520.16,597.96,-34.85,670.69,12.16
SOL-USDT-SWAP,fade,1D,0.007,0.006,0.02,1,0.0,10.0,148.0,4001.11,2603.45,413,367,46,88.86,83.04,1.074,142.006,551,3382.09,2185.19,3567.26,5.48,4001.11,12.16
SOL-USDT-SWAP,fade,1D,0.007,0.006,0.025,1,0.0,10.0,148.0,44306.51,29836.83,413,382,31,92.49,68.06,1.523,1627.463,551,4039.4,2629.33,42551.51,953.41,44306.51,4.12
SOL-USDT-SWAP,fade,1D,0.007,0.006,0.03,1,0.0,10.0,148.0,79763.83,53794.48,413,392,21,94.92,38.98,2.039,2934.244,551,6116.48,4032.76,78008.83,1175.39,79763.83,2.25
SOL-USDT-SWAP,fade,1D,0.007,0.008,0.01,1,0.0,10.0,148.0,939.21,534.6,413,294,119,71.19,72.54,1.068,29.16,551,826.22,458.26,949.88,14.97,939.21,-1.12
SOL-USDT-SWAP,fade,1D,0.007,0.008,0.015,1,0.0,10.0,148.0,28113.16,18895.38,413,335,78,81.11,67.47,1.316,1030.657,551,2162.04,1360.84,25458.16,1077.51,28113.16,10.43
SOL-USDT-SWAP,fade,1D,0.007,0.008,0.02,1,0.0,10.0,148.0,61315.31,41329.26,413,355,58,85.96,63.47,1.442,2254.323,551,9203.14,6118.34,58660.31,537.39,61315.31,4.53
SOL-USDT-SWAP,fade,1D,0.007,0.008,0.025,1,0.0,10.0,148.0,98017.39,66127.96,413,368,45,89.1,45.0,1.708,3606.98,551,10286.48,6850.32,95362.39,827.07,98017.39,2.78
SOL-USDT-SWAP,fade,1D,0.007,0.008,0.03,1,0.0,10.0,148.0,140944.19,95132.56,413,380,33,92.01,32.6,2.183,5189.049,551,20942.99,14050.67,138289.19,560.31,140944.19,1.92
SOL-USDT-SWAP,fade,1D,0.007,0.01,0.01,1,0.0,10.0,148.0,10816.73,7208.6,413,279,134,67.55,83.69,1.202,393.197,551,2284.62,1443.66,10567.54,362.55,10816.73,2.36
SOL-USDT-SWAP,fade,1D,0.007,0.01,0.015,1,0.0,10.0,148.0,59727.19,40256.21,413,316,97,76.51,88.17,1.425,2195.793,551,6569.3,4338.72,56217.19,755.76,59727.19,6.24
SOL-USDT-SWAP,fade,1D,0.007,0.01,0.02,1,0.0,10.0,148.0,85641.88,57766.13,413,334,79,80.87,72.04,1.402,3150.88,551,24230.28,16271.81,82131.88,238.96,85641.88,4.27
SOL-USDT-SWAP,fade,1D,0.007,0.01,0.025,1,0.0,10.0,148.0,108321.97,73090.52,413,347,66,84.02,61.98,1.524,3986.756,551,23001.61,15441.63,104811.97,355.67,108321.97,3.35
SOL-USDT-SWAP,fade,1D,0.007,0.01,0.03,1,0.0,10.0,148.0,145347.07,98107.48,413,358,55,86.68,60.55,1.791,5351.317,551,26565.99,17849.99,141837.07,433.9,145347.07,2.47
SOL-USDT-SWAP,fade,1D,0.007,0.015,0.01,1,0.0,10.0,148.0,44786.98,30161.48,413,237,176,57.38,80.07,1.284,1645.171,551,3444.12,2227.11,44286.18,1185.85,44786.98,1.13
SOL-USDT-SWAP,fade,1D,0.007,0.015,0.015,1,0.0,10.0,148.0,49039.01,33034.47,413,267,146,64.65,91.68,1.247,1801.88,551,5130.55,3366.59,49333.2,861.56,49039.01,-0.6
SOL-USDT-SWAP,fade,1D,0.007,0.015,0.02,1,0.0,10.0,148.0,68792.16,46381.19,413,287,126,69.49,89.85,1.231,2529.883,551,29213.26,19638.69,69836.35,139.06,68792.16,-1.5
SOL-USDT-SWAP,fade,1D,0.007,0.015,0.025,1,0.0,10.0,148.0,39691.5,26718.58,413,298,115,72.15,94.57,1.166,1457.377,551,8482.87,5631.67,41485.69,389.05,39691.5,-4.32
SOL-USDT-SWAP,fade,1D,0.007,0.015,0.03,1,0.0,10.0,148.0,79468.51,53594.94,413,308,105,74.58,84.41,1.316,2923.36,551,10300.89,6860.06,82012.7,696.17,79468.51,-3.1
SOL-USDT-SWAP,fade,1D,0.007,0.02,0.01,1,0.0,10.0,148.0,24.72,-83.3,413,182,231,44.07,99.24,0.954,-4.543,551,192.22,29.88,23.25,-87.91,24.72,6.35
SOL-USDT-SWAP,fade,1D,0.007,0.02,0.015,1,0.0,10.0,148.0,70.98,-52.04,413,222,191,53.75,99.04,0.983,-2.839,551,225.88,52.62,71.02,-68.56,70.98,-0.06
SOL-USDT-SWAP,fade,1D,0.007,0.02,0.02,1,0.0,10.0,148.0,8.86,-94.01,413,240,173,58.11,99.73,0.978,-5.128,551,655.76,343.08,9.44,-98.56,8.86,-6.1
SOL-USDT-SWAP,fade,1D,0.007,0.02,0.025,1,0.0,10.0,148.0,1.45,-99.02,413,251,162,60.77,99.9,0.945,-5.401,551,104.09,-29.67,1.65,-98.41,1.45,-12.14
SOL-USDT-SWAP,fade,1D,0.007,0.02,0.03,1,0.0,10.0,148.0,2.39,-98.39,413,261,152,63.2,99.84,0.94,-5.367,551,93.62,-36.74,2.92,-96.89,2.39,-18.18
SOL-USDT-SWAP,fade,1D,0.007,0.03,0.01,1,0.0,10.0,148.0,0.0,-100.0,413,129,284,31.23,100.0,0.853,-5.454,551,5.39,-96.36,0.0,-99.95,0.0,-21.1
SOL-USDT-SWAP,fade,1D,0.007,0.03,0.015,1,0.0,10.0,148.0,0.0,-100.0,413,163,250,39.47,100.0,0.847,-5.455,551,1.26,-99.15,0.0,-99.97,0.0,-30.11
SOL-USDT-SWAP,fade,1D,0.007,0.03,0.02,1,0.0,10.0,148.0,0.0,-100.0,413,187,226,45.28,100.0,0.893,-5.455,551,8.77,-94.08,0.0,-100.0,0.0,-38.33
SOL-USDT-SWAP,fade,1D,0.007,0.03,0.025,1,0.0,10.0,148.0,0.0,-100.0,413,197,216,47.7,100.0,0.839,-5.455,551,0.61,-99.59,0.0,-100.0,0.0,-46.04
SOL-USDT-SWAP,fade,1D,0.007,0.03,0.03,1,0.0,10.0,148.0,0.0,-100.0,413,208,205,50.36,100.0,0.871,-5.455,551,0.96,-99.35,0.0,-100.0,0.0,-39.44
SOL-USDT-SWAP,fade,1D,0.01,0.006,0.01,1,0.0,10.0,148.0,36.58,-75.29,381,283,98,74.28,88.53,0.926,-4.107,551,167.51,13.19,38.43,-77.06,36.58,-4.82
SOL-USDT-SWAP,fade,1D,0.01,0.006,0.015,1,0.0,10.0,148.0,332.19,124.45,381,318,63,83.46,84.34,1.047,6.788,551,366.98,147.96,296.17,-19.3,332.19,12.16
SOL-USDT-SWAP,fade,1D,0.01,0.006,0.02,1,0.0,10.0,148.0,1244.58,740.94,381,336,45,88.19,73.25,1.207,40.415,551,283.06,91.26,1109.63,292.01,1244.58,12.16
SOL-USDT-SWAP,fade,1D,0.01,0.006,0.025,1,0.0,10.0,148.0,22586.52,15161.16,381,351,30,92.13,54.49,1.624,826.973,551,611.97,313.49,20831.52,3304.03,22586.52,8.42
SOL-USDT-SWAP,fade,1D,0.01,0.006,0.03,1,0.0,10.0,148.0,42903.62,28888.94,381,359,22,94.23,49.92,2.44,1575.76,551,1055.22,612.99,41148.62,3799.52,42903.62,4.27
SOL-USDT-SWAP,fade,1D,0.01,0.008,0.01,1,0.0,10.0,148.0,1837.26,1141.4,381,275,106,72.18,73.28,1.086,62.258,551,1074.27,625.86,1863.41,73.46,1837.26,-1.4
SOL-USDT-SWAP,fade,1D,0.01,0.008,0.015,1,0.0,10.0,148.0,27861.92,18725.62,381,310,71,81.36,62.25,1.362,1021.397,551,1943.23,1212.99,25251.92,1199.48,27861.92,10.34
SOL-USDT-SWAP,fade,1D,0.01,0.008,0.02,1,0.0,10.0,148.0,60685.23,40903.53,381,330,51,86.61,61.36,1.73,2231.102,551,2028.38,1270.53,58075.23,2763.14,60685.23,4.49
SOL-USDT-SWAP,fade,1D,0.01,0.008,0.025,1,0.0,10.0,148.0,110099.8,74291.76,381,345,36,90.55,41.99,2.166,4052.278,551,4823.42,3159.07,107489.8,2128.5,110099.8,2.43
SOL-USDT-SWAP,fade,1D,0.01,0.008,0.03,1,0.0,10.0,148.0,138086.46,93201.66,381,354,27,92.91,45.65,2.609,5083.727,551,8727.11,5796.7,135476.46,1452.36,138086.46,1.93
SOL-USDT-SWAP,fade,1D,0.01,0.01,0.01,1,0.0,10.0,148.0,31364.13,21091.98,381,263,118,69.03,60.76,1.26,1150.472,551,2861.72,1833.6,30809.13,976.59,31364.13,1.8
SOL-USDT-SWAP,fade,1D,0.01,0.01,0.015,1,0.0,10.0,148.0,76903.6,51861.89,381,298,83,78.22,54.75,1.537,2828.83,551,6669.0,4406.08,73393.6,1000.52,76903.6,4.78
SOL-USDT-SWAP,fade,1D,0.01,0.01,0.02,1,0.0,10.0,148.0,100619.69,67886.28,381,316,65,82.94,52.75,1.653,3702.888,551,6622.34,4374.55,97109.69,1366.4,100619.69,3.61
SOL-USDT-SWAP,fade,1D,0.01,0.01,0.025,1,0.0,10.0,148.0,145005.61,97876.76,381,331,50,86.88,47.37,2.005,5338.732,551,10147.24,6756.25,141495.61,1294.42,145005.61,2.48
SOL-USDT-SWAP,fade,1D,0.01,0.01,0.03,1,0.0,10.0,148.0,175884.11,118740.61,381,341,40,89.5,51.03,2.256,6476.761,551,18210.9,12204.66,172374.11,846.54,175884.11,2.04
SOL-USDT-SWAP,fade,1D,0.01,0.015,0.01,1,0.0,10.0,148.0,3235.03,2085.83,381,208,173,54.59,75.55,1.067,113.773,551,1769.93,1095.9,2894.33,63.53,3235.03,11.77
SOL-USDT-SWAP,fade,1D,0.01,0.015,0.015,1,0.0,10.0,148.0,10454.34,6963.75,381,242,139,63.52,86.22,1.072,379.841,551,5869.63,3865.97,9952.76,69.56,10454.34,5.04
SOL-USDT-SWAP,fade,1D,0.01,0.015,0.02,1,0.0,10.0,148.0,3522.29,2279.93,381,257,124,67.45,85.15,1.045,124.36,551,2511.79,1597.16,3569.08,42.09,3522.29,-1.31
SOL-USDT-SWAP,fade,1D,0.01,0.015,0.025,1,0.0,10.0,148.0,48559.3,32710.34,381,271,110,71.13,72.0,1.224,1784.2,551,2215.44,1396.92,48844.3,2104.72,48559.3,-0.58
SOL-USDT-SWAP,fade,1D,0.01,0.015,0.03,1,0.0,10.0,148.0,74404.81,50173.52,381,282,99,74.02,73.92,1.409,2736.738,551,2481.06,1576.39,75484.81,2942.45,74404.81,-1.43
SOL-USDT-SWAP,fade,1D,0.01,0.02,0.01,1,0.0,10.0,148.0,639.63,332.18,381,176,205,46.19,91.19,1.023,18.119,551,1164.1,686.55,581.38,-50.06,639.63,10.02
SOL-USDT-SWAP,fade,1D,0.01,0.02,0.015,1,0.0,10.0,148.0,686.62,363.93,381,209,172,54.86,97.69,1.017,19.851,551,3154.38,2031.34,664.09,-78.95,686.62,3.39
SOL-USDT-SWAP,fade,1D,0.01,0.02,0.02,1,0.0,10.0,148.0,177.05,19.63,381,226,155,59.32,98.06,1.001,1.071,551,2892.31,1854.27,182.26,-93.7,177.05,-2.86
SOL-USDT-SWAP,fade,1D,0.01,0.02,0.025,1,0.0,10.0,148.0,199.78,34.99,381,239,142,62.73,96.49,1.001,1.908,551,2438.87,1547.89,219.8,-90.99,199.78,-9.11
SOL-USDT-SWAP,fade,1D,0.01,0.02,0.03,1,0.0,10.0,148.0,511.42,245.55,381,250,131,65.62,96.25,1.009,13.394,551,4176.53,2721.98,606.92,-85.47,511.42,-15.74
SOL-USDT-SWAP,fade,1D,0.01,0.03,0.01,1,0.0,10.0,148.0,0.02,-99.98,381,121,260,31.76,99.99,0.771,-5.454,551,5.19,-96.5,0.03,-99.41,0.02,-18.38
SOL-USDT-SWAP,fade,1D,0.01,0.03,0.015,1,0.0,10.0,148.0,0.0,-100.0,381,152,229,39.9,100.0,0.78,-5.454,551,4.14,-97.2,0.0,-99.89,0.0,-27.7
SOL-USDT-SWAP,fade,1D,0.01,0.03,0.02,1,0.0,10.0,148.0,0.0,-100.0,381,169,212,44.36,100.0,0.763,-5.455,551,2.9,-98.04,0.0,-99.99,0.0,-36.2
SOL-USDT-SWAP,fade,1D,0.01,0.03,0.025,1,0.0,10.0,148.0,0.0,-100.0,381,185,196,48.56,100.0,0.723,-5.455,551,0.7,-99.53,0.0,-99.98,0.0,-30.4
SOL-USDT-SWAP,fade,1D,0.01,0.03,0.03,1,0.0,10.0,148.0,0.0,-100.0,381,198,183,51.97,100.0,0.811,-5.455,551,4.96,-96.65,0.0,-99.99,0.0,-35.48
