pair,mode,signal_bar,float_pct,tp_pct,sl_pct,confirm,min_amp,max_amp,initial,final,total_return_pct,trades,wins,losses,win_rate_pct,max_dd_pct,profit_factor,monthly_pct,n_signals,y2024_end,y2024_pnl_pct,y2025_end,y2025_pnl_pct,y2026_end,y2026_pnl_pct
BTC-USDT-SWAP,reversal,4H,0.001,0.006,0.01,1,0.0,10.0,148.0,0.0,-100.0,2416,1257,1159,52.03,100.0,0.692,-4.104,4388,0.61,-99.59,0.0,-100.0,0.0,-100.0
BTC-USDT-SWAP,reversal,4H,0.001,0.006,0.015,1,0.0,10.0,148.0,0.0,-100.0,2416,1321,1095,54.68,100.0,0.836,-4.104,4388,4.24,-97.13,0.0,-100.0,0.0,-99.99
BTC-USDT-SWAP,reversal,4H,0.001,0.006,0.02,1,0.0,10.0,148.0,0.0,-100.0,2416,1334,1082,55.22,100.0,0.795,-4.104,4388,5.56,-96.24,0.0,-100.0,0.0,-99.99
BTC-USDT-SWAP,reversal,4H,0.001,0.006,0.025,1,0.0,10.0,148.0,0.0,-100.0,2416,1335,1081,55.26,100.0,0.809,-4.104,4388,5.9,-96.02,0.0,-100.0,0.0,-99.99
BTC-USDT-SWAP,reversal,4H,0.001,0.006,0.03,1,0.0,10.0,148.0,0.0,-100.0,2416,1338,1078,55.38,100.0,0.829,-4.104,4388,7.04,-95.24,0.0,-100.0,0.0,-99.99
BTC-USDT-SWAP,reversal,4H,0.001,0.008,0.01,1,0.0,10.0,148.0,0.0,-100.0,2416,1077,1339,44.58,100.0,0.667,-4.104,4388,0.04,-99.97,0.0,-100.0,0.0,-100.0
BTC-USDT-SWAP,reversal,4H,0.001,0.008,0.015,1,0.0,10.0,148.0,0.0,-100.0,2416,1132,1284,46.85,100.0,0.736,-4.104,4388,0.31,-99.79,0.0,-100.0,0.0,-100.0
BTC-USDT-SWAP,reversal,4H,0.001,0.008,0.02,1,0.0,10.0,148.0,0.0,-100.0,2416,1145,1271,47.39,100.0,0.664,-4.104,4388,0.38,-99.74,0.0,-100.0,0.0,-100.0
BTC-USDT-SWAP,reversal,4H,0.001,0.008,0.025,1,0.0,10.0,148.0,0.0,-100.0,2416,1147,1269,47.48,100.0,0.642,-4.104,4388,0.35,-99.77,0.0,-100.0,0.0,-100.0
BTC-USDT-SWAP,reversal,4H,0.001,0.008,0.03,1,0.0,10.0,148.0,0.0,-100.0,2416,1150,1266,47.6,100.0,0.693,-4.104,4388,0.46,-99.69,0.0,-100.0,0.0,-100.0
BTC-USDT-SWAP,reversal,4H,0.001,0.01,0.01,1,0.0,10.0,148.0,0.0,-100.0,2416,988,1428,40.89,100.0,0.671,-4.104,4388,0.02,-99.99,0.0,-100.0,0.0,-100.0
BTC-USDT-SWAP,reversal,4H,0.001,0.01,0.015,1,0.0,10.0,148.0,0.0,-100.0,2416,1039,1377,43.0,100.0,0.748,-4.104,4388,0.12,-99.92,0.0,-100.0,0.0,-100.0
BTC-USDT-SWAP,reversal,4H,0.001,0.01,0.02,1,0.0,10.0,148.0,0.0,-100.0,2416,1050,1366,43.46,100.0,0.669,-4.104,4388,0.09,-99.94,0.0,-100.0,0.0,-100.0
BTC-USDT-SWAP,reversal,4H,0.001,0.01,0.025,1,0.0,10.0,148.0,0.0,-100.0,2416,1052,1364,43.54,100.0,0.641,-4.104,4388,0.06,-99.96,0.0,-100.0,0.0,-100.0
BTC-USDT-SWAP,reversal,4H,0.001,0.01,0.03,1,0.0,10.0,148.0,0.0,-100.0,2416,1054,1362,43.63,100.0,0.688,-4.104,4388,0.07,-99.95,0.0,-100.0,0.0,-100.0
BTC-USDT-SWAP,reversal,4H,0.001,0.015,0.01,1,0.0,10.0,148.0,0.0,-100.0,2416,902,1514,37.33,100.0,0.603,-4.104,4388,0.0,-100.0,0.0,-100.0,0.0,-100.0
BTC-USDT-SWAP,reversal,4H,0.001,0.015,0.015,1,0.0,10.0,148.0,0.0,-100.0,2416,952,1464,39.4,100.0,0.67,-4.104,4388,0.0,-100.0,0.0,-100.0,0.0,-100.0
BTC-USDT-SWAP,reversal,4H,0.001,0.015,0.02,1,0.0,10.0,148.0,0.0,-100.0,2416,964,1452,39.9,100.0,0.588,-4.104,4388,0.0,-100.0,0.0,-100.0,0.0,-100.0
BTC-USDT-SWAP,reversal,4H,0.001,0.015,0.025,1,0.0,10.0,148.0,0.0,-100.0,2416,968,1448,40.07,100.0,0.56,-4.104,4388,0.0,-100.0,0.0,-100.0,0.0,-100.0
BTC-USDT-SWAP,reversal,4H,0.001,0.015,0.03,1,0.0,10.0,148.0,0.0,-100.0,2416,969,1447,40.11,100.0,0.602,-4.104,4388,0.0,-100.0,0.0,-100.0,0.0,-100.0
BTC-USDT-SWAP,reversal,4H,0.001,0.02,0.01,1,0.0,10.0,148.0,0.0,-100.0,2416,882,1534,36.51,100.0,0.602,-4.104,4388,0.0,-100.0,0.0,-100.0,0.0,-100.0
BTC-USDT-SWAP,reversal,4H,0.001,0.02,0.015,1,0.0,10.0,148.0,0.0,-100.0,2416,929,1487,38.45,100.0,0.648,-4.104,4388,0.01,-99.99,0.0,-100.0,0.0,-100.0
BTC-USDT-SWAP,reversal,4H,0.001,0.02,0.02,1,0.0,10.0,148.0,0.0,-100.0,2416,940,1476,38.91,100.0,0.566,-4.104,4388,0.0,-100.0,0.0,-100.0,0.0,-100.0
BTC-USDT-SWAP,reversal,4H,0.001,0.02,0.025,1,0.0,10.0,148.0,0.0,-100.0,2416,945,1471,39.11,100.0,0.567,-4.104,4388,0.0,-100.0,0.0,-100.0,0.0,-100.0
BTC-USDT-SWAP,reversal,4H,0.001,0.02,0.03,1,0.0,10.0,148.0,0.0,-100.0,2416,946,1470,39.16,100.0,0.608,-4.104,4388,0.0,-100.0,0.0,-100.0,0.0,-100.0
BTC-USDT-SWAP,reversal,4H,0.001,0.03,0.01,1,0.0,10.0,148.0,0.0,-100.0,2416,875,1541,36.22,100.0,0.591,-4.104,4388,0.0,-100.0,0.0,-100.0,0.0,-100.0
BTC-USDT-SWAP,reversal,4H,0.001,0.03,0.015,1,0.0,10.0,148.0,0.0,-100.0,2416,922,1494,38.16,100.0,0.636,-4.104,4388,0.01,-99.99,0.0,-100.0,0.0,-100.0
BTC-USDT-SWAP,reversal,4H,0.001,0.03,0.02,1,0.0,10.0,148.0,0.0,-100.0,2416,934,1482,38.66,100.0,0.559,-4.104,4388,0.01,-100.0,0.0,-100.0,0.0,-100.0
BTC-USDT-SWAP,reversal,4H,0.001,0.03,0.025,1,0.0,10.0,148.0,0.0,-100.0,2416,939,1477,38.87,100.0,0.569,-4.104,4388,0.01,-100.0,0.0,-100.0,0.0,-100.0
BTC-USDT-SWAP,reversal,4H,0.001,0.03,0.03,1,0.0,10.0,148.0,0.0,-100.0,2416,940,1476,38.91,100.0,0.61,-4.104,4388,0.01,-100.0,0.0,-100.0,0.0,-100.0
BTC-USDT-SWAP,reversal,4H,0.002,0.006,0.01,1,0.0,10.0,148.0,0.0,-100.0,2039,1141,898,55.96,100.0,0.812,-4.104,4388,7.19,-95.14,0.0,-100.0,0.0,-99.35
BTC-USDT-SWAP,reversal,4H,0.002,0.006,0.015,1,0.0,10.0,148.0,0.0,-100.0,2039,1189,850,58.31,100.0,0.938,-4.104,4388,32.25,-78.21,0.0,-100.0,0.0,-98.55
BTC-USDT-SWAP,reversal,4H,0.002,0.006,0.02,1,0.0,10.0,148.0,0.0,-100.0,2039,1200,839,58.85,100.0,0.942,-4.104,4388,50.61,-65.8,0.0,-100.0,0.0,-97.97
BTC-USDT-SWAP,reversal,4H,0.002,0.006,0.025,1,0.0,10.0,148.0,0.0,-100.0,2039,1201,838,58.9,100.0,0.929,-4.104,4388,34.64,-76.6,0.0,-100.0,0.0,-98.69
BTC-USDT-SWAP,reversal,4H,0.002,0.006,0.03,1,0.0,10.0,148.0,0.0,-100.0,2039,1206,833,59.15,100.0,0.944,-4.104,4388,65.35,-55.84,0.0,-100.0,0.0,-98.22
BTC-USDT-SWAP,reversal,4H,0.002,0.008,0.01,1,0.0,10.0,148.0,0.0,-100.0,2039,937,1102,45.95,100.0,0.762,-4.104,4388,2.4,-98.38,0.0,-100.0,0.0,-99.99
BTC-USDT-SWAP,reversal,4H,0.002,0.008,0.015,1,0.0,10.0,148.0,0.0,-100.0,2039,978,1061,47.96,100.0,0.834,-4.104,4388,4.42,-97.01,0.0,-100.0,0.0,-99.99
BTC-USDT-SWAP,reversal,4H,0.002,0.008,0.02,1,0.0,10.0,148.0,0.0,-100.0,2039,990,1049,48.55,100.0,0.815,-4.104,4388,7.26,-95.09,0.0,-100.0,0.0,-99.99
BTC-USDT-SWAP,reversal,4H,0.002,0.008,0.025,1,0.0,10.0,148.0,0.0,-100.0,2039,991,1048,48.6,100.0,0.797,-4.104,4388,4.69,-96.83,0.0,-100.0,0.0,-99.99
BTC-USDT-SWAP,reversal,4H,0.002,0.008,0.03,1,0.0,10.0,148.0,0.0,-100.0,2039,995,1044,48.8,100.0,0.823,-4.104,4388,9.03,-93.9,0.0,-100.0,0.0,-99.99
BTC-USDT-SWAP,reversal,4H,0.002,0.01,0.01,1,0.0,10.0,148.0,0.0,-100.0,2039,849,1190,41.64,100.0,0.748,-4.104,4388,1.04,-99.3,0.0,-100.0,0.0,-100.0
BTC-USDT-SWAP,reversal,4H,0.002,0.01,0.015,1,0.0,10.0,148.0,0.0,-100.0,2039,883,1156,43.31,100.0,0.771,-4.104,4388,1.06,-99.28,0.0,-100.0,0.0,-100.0
BTC-USDT-SWAP,reversal,4H,0.002,0.01,0.02,1,0.0,10.0,148.0,0.0,-100.0,2039,894,1145,43.85,100.0,0.738,-4.104,4388,1.48,-99.0,0.0,-100.0,0.0,-100.0
BTC-USDT-SWAP,reversal,4H,0.002,0.01,0.025,1,0.0,10.0,148.0,0.0,-100.0,2039,896,1143,43.94,100.0,0.716,-4.104,4388,0.76,-99.48,0.0,-100.0,0.0,-100.0
BTC-USDT-SWAP,reversal,4H,0.002,0.01,0.03,1,0.0,10.0,148.0,0.0,-100.0,2039,900,1139,44.14,100.0,0.725,-4.104,4388,1.18,-99.2,0.0,-100.0,0.0,-100.0
BTC-USDT-SWAP,reversal,4H,0.002,0.015,0.01,1,0.0,10.0,148.0,0.0,-100.0,2039,759,1280,37.22,100.0,0.715,-4.104,4388,0.08,-99.95,0.0,-100.0,0.0,-100.0
BTC-USDT-SWAP,reversal,4H,0.002,0.015,0.015,1,0.0,10.0,148.0,0.0,-100.0,2039,795,1244,38.99,100.0,0.746,-4.104,4388,0.08,-99.95,0.0,-100.0,0.0,-100.0
BTC-USDT-SWAP,reversal,4H,0.002,0.015,0.02,1,0.0,10.0,148.0,0.0,-100.0,2039,807,1232,39.58,100.0,0.708,-4.104,4388,0.07,-99.95,0.0,-100.0,0.0,-100.0
BTC-USDT-SWAP,reversal,4H,0.002,0.015,0.025,1,0.0,10.0,148.0,0.0,-100.0,2039,810,1229,39.73,100.0,0.7,-4.104,4388,0.03,-99.98,0.0,-100.0,0.0,-100.0
BTC-USDT-SWAP,reversal,4H,0.002,0.015,0.03,1,0.0,10.0,148.0,0.0,-100.0,2039,812,1227,39.82,100.0,0.696,-4.104,4388,0.03,-99.98,0.0,-100.0,0.0,-100.0
BTC-USDT-SWAP,reversal,4H,0.002,0.02,0.01,1,0.0,10.0,148.0,0.0,-100.0,2039,737,1302,36.15,100.0,0.688,-4.104,4388,0.05,-99.96,0.0,-100.0,0.0,-100.0
BTC-USDT-SWAP,reversal,4H,0.002,0.02,0.015,1,0.0,10.0,148.0,0.0,-100.0,2039,773,1266,37.91,100.0,0.724,-4.104,4388,0.05,-99.97,0.0,-100.0,0.0,-100.0
BTC-USDT-SWAP,reversal,4H,0.002,0.02,0.02,1,0.0,10.0,148.0,0.0,-100.0,2039,784,1255,38.45,100.0,0.683,-4.104,4388,0.04,-99.97,0.0,-100.0,0.0,-100.0
BTC-USDT-SWAP,reversal,4H,0.002,0.02,0.025,1,0.0,10.0,148.0,0.0,-100.0,2039,788,1251,38.65,100.0,0.677,-4.104,4388,0.02,-99.99,0.0,-100.0,0.0,-100.0
BTC-USDT-SWAP,reversal,4H,0.002,0.02,0.03,1,0.0,10.0,148.0,0.0,-100.0,2039,790,1249,38.74,100.0,0.671,-4.104,4388,0.02,-99.98,0.0,-100.0,0.0,-100.0
BTC-USDT-SWAP,reversal,4H,0.002,0.03,0.01,1,0.0,10.0,148.0,0.0,-100.0,2039,730,1309,35.8,100.0,0.672,-4.104,4388,0.08,-99.95,0.0,-100.0,0.0,-100.0
BTC-USDT-SWAP,reversal,4H,0.002,0.03,0.015,1,0.0,10.0,148.0,0.0,-100.0,2039,766,1273,37.57,100.0,0.682,-4.104,4388,0.05,-99.97,0.0,-100.0,0.0,-100.0
BTC-USDT-SWAP,reversal,4H,0.002,0.03,0.02,1,0.0,10.0,148.0,0.0,-100.0,2039,778,1261,38.16,100.0,0.686,-4.104,4388,0.07,-99.95,0.0,-100.0,0.0,-100.0
BTC-USDT-SWAP,reversal,4H,0.002,0.03,0.025,1,0.0,10.0,148.0,0.0,-100.0,2039,782,1257,38.35,100.0,0.677,-4.104,4388,0.03,-99.98,0.0,-100.0,0.0,-100.0
BTC-USDT-SWAP,reversal,4H,0.002,0.03,0.03,1,0.0,10.0,148.0,0.0,-100.0,2039,784,1255,38.45,100.0,0.672,-4.104,4388,0.04,-99.97,0.0,-100.0,0.0,-100.0
BTC-USDT-SWAP,reversal,4H,0.003,0.006,0.01,1,0.0,10.0,148.0,0.06,-99.96,1734,1043,691,60.15,99.98,0.935,-4.102,4388,84.66,-42.8,0.25,-99.71,0.06,-74.11
BTC-USDT-SWAP,reversal,4H,0.003,0.006,0.015,1,0.0,10.0,148.0,0.34,-99.77,1734,1076,658,62.05,99.98,0.982,-4.095,4388,245.91,66.16,0.66,-99.73,0.34,-48.08
BTC-USDT-SWAP,reversal,4H,0.003,0.006,0.02,1,0.0,10.0,148.0,1.31,-99.12,1734,1089,645,62.8,99.98,0.992,-4.068,4388,515.05,248.01,1.87,-99.64,1.31,-30.07
BTC-USDT-SWAP,reversal,4H,0.003,0.006,0.025,1,0.0,10.0,148.0,1.15,-99.22,1734,1092,642,62.98,99.97,0.99,-4.072,4388,419.99,183.78,2.6,-99.38,1.15,-55.91
BTC-USDT-SWAP,reversal,4H,0.003,0.006,0.03,1,0.0,10.0,148.0,1.0,-99.32,1734,1094,640,63.09,99.98,0.991,-4.076,4388,552.07,273.02,2.03,-99.63,1.0,-50.81
BTC-USDT-SWAP,reversal,4H,0.003,0.008,0.01,1,0.0,10.0,148.0,0.0,-100.0,1734,851,883,49.08,100.0,0.905,-4.104,4388,56.49,-61.83,0.0,-100.0,0.0,-99.89
BTC-USDT-SWAP,reversal,4H,0.003,0.008,0.015,1,0.0,10.0,148.0,0.0,-100.0,1734,879,855,50.69,100.0,0.925,-4.104,4388,46.99,-68.25,0.0,-100.0,0.0,-99.89
BTC-USDT-SWAP,reversal,4H,0.003,0.008,0.02,1,0.0,10.0,148.0,0.0,-100.0,1734,889,845,51.27,100.0,0.943,-4.104,4388,99.75,-32.6,0.0,-100.0,0.0,-99.86
BTC-USDT-SWAP,reversal,4H,0.003,0.008,0.025,1,0.0,10.0,148.0,0.0,-100.0,1734,892,842,51.44,100.0,0.931,-4.104,4388,73.14,-50.58,0.0,-100.0,0.0,-99.89
BTC-USDT-SWAP,reversal,4H,0.003,0.008,0.03,1,0.0,10.0,148.0,0.0,-100.0,1734,895,839,51.61,100.0,0.95,-4.104,4388,153.1,3.45,0.0,-100.0,0.0,-99.86
BTC-USDT-SWAP,reversal,4H,0.003,0.01,0.01,1,0.0,10.0,148.0,0.0,-100.0,1734,757,977,43.66,100.0,0.827,-4.104,4388,12.89,-91.29,0.0,-100.0,0.0,-99.97
BTC-USDT-SWAP,reversal,4H,0.003,0.01,0.015,1,0.0,10.0,148.0,0.0,-100.0,1734,782,952,45.1,100.0,0.851,-4.104,4388,9.04,-93.89,0.0,-100.0,0.0,-99.99
BTC-USDT-SWAP,reversal,4H,0.003,0.01,0.02,1,0.0,10.0,148.0,0.0,-100.0,1734,792,942,45.67,100.0,0.829,-4.104,4388,10.69,-92.78,0.0,-100.0,0.0,-99.97
BTC-USDT-SWAP,reversal,4H,0.003,0.01,0.025,1,0.0,10.0,148.0,0.0,-100.0,1734,794,940,45.79,100.0,0.806,-4.104,4388,6.92,-95.32,0.0,-100.0,0.0,-99.98
BTC-USDT-SWAP,reversal,4H,0.003,0.01,0.03,1,0.0,10.0,148.0,0.0,-100.0,1734,797,937,45.96,100.0,0.83,-4.104,4388,14.64,-90.11,0.0,-100.0,0.0,-99.97
BTC-USDT-SWAP,reversal,4H,0.003,0.015,0.01,1,0.0,10.0,148.0,0.0,-100.0,1734,657,1077,37.89,100.0,0.767,-4.104,4388,1.78,-98.8,0.0,-100.0,0.0,-99.99
BTC-USDT-SWAP,reversal,4H,0.003,0.015,0.015,1,0.0,10.0,148.0,0.0,-100.0,1734,686,1048,39.56,100.0,0.783,-4.104,4388,0.84,-99.43,0.0,-100.0,0.0,-100.0
BTC-USDT-SWAP,reversal,4H,0.003,0.015,0.02,1,0.0,10.0,148.0,0.0,-100.0,1734,696,1038,40.14,100.0,0.744,-4.104,4388,0.66,-99.55,0.0,-100.0,0.0,-100.0
BTC-USDT-SWAP,reversal,4H,0.003,0.015,0.025,1,0.0,10.0,148.0,0.0,-100.0,1734,698,1036,40.25,100.0,0.729,-4.104,4388,0.31,-99.79,0.0,-100.0,0.0,-100.0
BTC-USDT-SWAP,reversal,4H,0.003,0.015,0.03,1,0.0,10.0,148.0,0.0,-100.0,1734,700,1034,40.37,100.0,0.745,-4.104,4388,0.72,-99.51,0.0,-100.0,0.0,-100.0
BTC-USDT-SWAP,reversal,4H,0.003,0.02,0.01,1,0.0,10.0,148.0,0.0,-100.0,1734,635,1099,36.62,100.0,0.661,-4.104,4388,0.43,-99.71,0.0,-100.0,0.0,-100.0
BTC-USDT-SWAP,reversal,4H,0.003,0.02,0.015,1,0.0,10.0,148.0,0.0,-100.0,1734,663,1071,38.24,100.0,0.698,-4.104,4388,0.24,-99.83,0.0,-100.0,0.0,-100.0
BTC-USDT-SWAP,reversal,4H,0.003,0.02,0.02,1,0.0,10.0,148.0,0.0,-100.0,1734,673,1061,38.81,100.0,0.659,-4.104,4388,0.26,-99.83,0.0,-100.0,0.0,-100.0
BTC-USDT-SWAP,reversal,4H,0.003,0.02,0.025,1,0.0,10.0,148.0,0.0,-100.0,1734,675,1059,38.93,100.0,0.657,-4.104,4388,0.12,-99.92,0.0,-100.0,0.0,-100.0
BTC-USDT-SWAP,reversal,4H,0.003,0.02,0.03,1,0.0,10.0,148.0,0.0,-100.0,1734,677,1057,39.04,100.0,0.662,-4.104,4388,0.28,-99.81,0.0,-100.0,0.0,-100.0
BTC-USDT-SWAP,reversal,4H,0.003,0.03,0.01,1,0.0,10.0,148.0,0.0,-100.0,1734,627,1107,36.16,100.0,0.583,-4.104,4388,0.41,-99.72,0.0,-100.0,0.0,-100.0
BTC-USDT-SWAP,reversal,4H,0.003,0.03,0.015,1,0.0,10.0,148.0,0.0,-100.0,1734,654,1080,37.72,100.0,0.602,-4.104,4388,0.15,-99.9,0.0,-100.0,0.0,-100.0
BTC-USDT-SWAP,reversal,4H,0.003,0.03,0.02,1,0.0,10.0,148.0,0.0,-100.0,1734,665,1069,38.35,100.0,0.607,-4.104,4388,0.25,-99.83,0.0,-100.0,0.0,-100.0
BTC-USDT-SWAP,reversal,4H,0.003,0.03,0.025,1,0.0,10.0,148.0,0.0,-100.0,1734,667,1067,38.47,100.0,0.606,-4.104,4388,0.11,-99.93,0.0,-100.0,0.0,-100.0
BTC-USDT-SWAP,reversal,4H,0.003,0.03,0.03,1,0.0,10.0,148.0,0.0,-100.0,1734,669,1065,38.58,100.0,0.607,-4.104,4388,0.25,-99.83,0.0,-100.0,0.0,-100.0
BTC-USDT-SWAP,reversal,4H,0.005,0.006,0.01,1,0.0,10.0,148.0,1889.09,1176.41,1269,863,406,68.01,93.96,1.045,48.28,4388,670.32,352.92,567.58,-15.33,1889.09,232.83
BTC-USDT-SWAP,reversal,4H,0.005,0.006,0.015,1,0.0,10.0,148.0,41342.45,27834.09,1269,900,369,70.92,93.59,1.18,1142.302,4388,4344.86,2835.71,5613.13,29.19,41342.45,636.53
BTC-USDT-SWAP,reversal,4H,0.005,0.006,0.02,1,0.0,10.0,148.0,54391.08,36650.73,1269,909,360,71.63,92.33,1.208,1504.134,4388,5687.35,3742.8,10291.76,80.96,54391.08,428.49
BTC-USDT-SWAP,reversal,4H,0.005,0.006,0.025,1,0.0,10.0,148.0,70020.86,47211.39,1269,914,355,72.03,88.27,1.269,1937.54,4388,4131.96,2691.87,17623.87,326.53,70020.86,297.31
BTC-USDT-SWAP,reversal,4H,0.005,0.006,0.03,1,0.0,10.0,148.0,83516.25,56329.9,1269,917,352,72.26,70.28,1.29,2311.761,4388,5743.95,3781.04,33008.01,474.66,83516.25,153.02
BTC-USDT-SWAP,reversal,4H,0.005,0.008,0.01,1,0.0,10.0,148.0,1.66,-98.88,1269,712,557,56.11,99.91,0.984,-4.058,4388,208.58,40.94,5.24,-97.49,1.66,-68.21
BTC-USDT-SWAP,reversal,4H,0.005,0.008,0.015,1,0.0,10.0,148.0,3.44,-97.67,1269,740,529,58.31,99.92,0.991,-4.009,4388,469.97,217.55,6.23,-98.67,3.44,-44.78
BTC-USDT-SWAP,reversal,4H,0.005,0.008,0.02,1,0.0,10.0,148.0,3.27,-97.79,1269,746,523,58.79,99.92,0.993,-4.013,4388,611.89,313.44,6.32,-98.97,3.27,-48.22
BTC-USDT-SWAP,reversal,4H,0.005,0.008,0.025,1,0.0,10.0,148.0,5.44,-96.33,1269,750,519,59.1,99.77,0.99,-3.953,4388,385.11,160.21,9.33,-97.58,5.44,-41.67
BTC-USDT-SWAP,reversal,4H,0.005,0.008,0.03,1,0.0,10.0,148.0,12.0,-91.89,1269,754,515,59.42,99.72,0.995,-3.771,4388,738.77,399.17,28.57,-96.13,12.0,-58.01
BTC-USDT-SWAP,reversal,4H,0.005,0.01,0.01,1,0.0,10.0,148.0,0.0,-100.0,1269,607,662,47.83,100.0,0.926,-4.104,4388,52.48,-64.54,0.06,-99.89,0.0,-98.94
BTC-USDT-SWAP,reversal,4H,0.005,0.01,0.015,1,0.0,10.0,148.0,0.0,-100.0,1269,632,637,49.8,100.0,0.935,-4.104,4388,64.99,-56.08,0.04,-99.94,0.0,-98.88
BTC-USDT-SWAP,reversal,4H,0.005,0.01,0.02,1,0.0,10.0,148.0,0.0,-100.0,1269,634,635,49.96,100.0,0.945,-4.104,4388,84.07,-43.2,0.02,-99.98,0.0,-99.22
BTC-USDT-SWAP,reversal,4H,0.005,0.01,0.025,1,0.0,10.0,148.0,0.0,-100.0,1269,638,631,50.28,100.0,0.937,-4.104,4388,58.93,-60.18,0.02,-99.96,0.0,-98.79
BTC-USDT-SWAP,reversal,4H,0.005,0.01,0.03,1,0.0,10.0,148.0,0.0,-100.0,1269,640,629,50.43,100.0,0.961,-4.104,4388,138.68,-6.3,0.08,-99.94,0.0,-99.09
BTC-USDT-SWAP,reversal,4H,0.005,0.015,0.01,1,0.0,10.0,148.0,0.0,-100.0,1269,518,751,40.82,100.0,0.808,-4.104,4388,7.63,-94.85,0.0,-100.0,0.0,-99.98
BTC-USDT-SWAP,reversal,4H,0.005,0.015,0.015,1,0.0,10.0,148.0,0.0,-100.0,1269,538,731,42.4,100.0,0.746,-4.104,4388,2.49,-98.32,0.0,-100.0,0.0,-99.96
BTC-USDT-SWAP,reversal,4H,0.005,0.015,0.02,1,0.0,10.0,148.0,0.0,-100.0,1269,542,727,42.71,100.0,0.712,-4.104,4388,1.68,-98.86,0.0,-100.0,0.0,-99.98
BTC-USDT-SWAP,reversal,4H,0.005,0.015,0.025,1,0.0,10.0,148.0,0.0,-100.0,1269,544,725,42.87,100.0,0.687,-4.104,4388,0.61,-99.59,0.0,-100.0,0.0,-99.98
BTC-USDT-SWAP,reversal,4H,0.005,0.015,0.03,1,0.0,10.0,148.0,0.0,-100.0,1269,546,723,43.03,100.0,0.724,-4.104,4388,2.05,-98.61,0.0,-100.0,0.0,-99.99
BTC-USDT-SWAP,reversal,4H,0.005,0.02,0.01,1,0.0,10.0,148.0,0.0,-100.0,1269,490,779,38.61,100.0,0.736,-4.104,4388,2.79,-98.11,0.0,-100.0,0.0,-99.99
BTC-USDT-SWAP,reversal,4H,0.005,0.02,0.015,1,0.0,10.0,148.0,0.0,-100.0,1269,514,755,40.5,100.0,0.671,-4.104,4388,0.83,-99.44,0.0,-100.0,0.0,-99.99
BTC-USDT-SWAP,reversal,4H,0.005,0.02,0.02,1,0.0,10.0,148.0,0.0,-100.0,1269,520,749,40.98,100.0,0.641,-4.104,4388,0.8,-99.46,0.0,-100.0,0.0,-99.99
BTC-USDT-SWAP,reversal,4H,0.005,0.02,0.025,1,0.0,10.0,148.0,0.0,-100.0,1269,521,748,41.06,100.0,0.623,-4.104,4388,0.29,-99.81,0.0,-100.0,0.0,-100.0
BTC-USDT-SWAP,reversal,4H,0.005,0.02,0.03,1,0.0,10.0,148.0,0.0,-100.0,1269,523,746,41.21,100.0,0.651,-4.104,4388,0.97,-99.34,0.0,-100.0,0.0,-100.0
BTC-USDT-SWAP,reversal,4H,0.005,0.03,0.01,1,0.0,10.0,148.0,0.0,-100.0,1269,483,786,38.06,100.0,0.649,-4.104,4388,1.3,-99.12,0.0,-100.0,0.0,-99.99
BTC-USDT-SWAP,reversal,4H,0.005,0.03,0.015,1,0.0,10.0,148.0,0.0,-100.0,1269,505,764,39.8,100.0,0.575,-4.104,4388,0.34,-99.77,0.0,-100.0,0.0,-99.99
BTC-USDT-SWAP,reversal,4H,0.005,0.03,0.02,1,0.0,10.0,148.0,0.0,-100.0,1269,512,757,40.35,100.0,0.584,-4.104,4388,0.46,-99.69,0.0,-100.0,0.0,-100.0
BTC-USDT-SWAP,reversal,4H,0.005,0.03,0.025,1,0.0,10.0,148.0,0.0,-100.0,1269,513,756,40.43,100.0,0.577,-4.104,4388,0.15,-99.9,0.0,-100.0,0.0,-100.0
BTC-USDT-SWAP,reversal,4H,0.005,0.03,0.03,1,0.0,10.0,148.0,0.0,-100.0,1269,515,754,40.58,100.0,0.592,-4.104,4388,0.52,-99.65,0.0,-100.0,0.0,-100.0
BTC-USDT-SWAP,reversal,4H,0.007,0.006,0.01,1,0.0,10.0,148.0,5809.49,3825.33,929,647,282,69.64,84.67,1.191,156.99,4388,925.91,525.62,958.37,3.51,5809.49,506.19
BTC-USDT-SWAP,reversal,4H,0.007,0.006,0.015,1,0.0,10.0,148.0,66022.08,44509.51,929,682,247,73.41,80.63,1.334,1826.656,4388,9710.43,6461.1,25599.77,163.63,66022.08,157.9
BTC-USDT-SWAP,reversal,4H,0.007,0.006,0.02,1,0.0,10.0,148.0,63258.32,42642.11,929,687,242,73.95,84.74,1.376,1750.018,4388,4929.32,3230.62,20806.41,322.09,63258.32,204.03
BTC-USDT-SWAP,reversal,4H,0.007,0.006,0.025,1,0.0,10.0,148.0,86502.49,58347.63,929,694,235,74.7,66.09,1.452,2394.568,4388,6988.17,4621.74,40750.58,483.14,86502.49,112.27
BTC-USDT-SWAP,reversal,4H,0.007,0.006,0.03,1,0.0,10.0,148.0,93545.78,63106.61,929,697,232,75.03,52.12,1.47,2589.875,4388,8725.09,5795.33,51112.01,485.8,93545.78,83.02
BTC-USDT-SWAP,reversal,4H,0.007,0.008,0.01,1,0.0,10.0,148.0,838.41,466.49,929,553,376,59.53,91.55,1.036,19.145,4388,691.19,367.02,306.39,-55.67,838.41,173.64
BTC-USDT-SWAP,reversal,4H,0.007,0.008,0.015,1,0.0,10.0,148.0,11314.25,7544.76,929,583,346,62.76,95.31,1.126,309.635,4388,2963.03,1902.04,1885.27,-36.37,11314.25,500.14
BTC-USDT-SWAP,reversal,4H,0.007,0.008,0.02,1,0.0,10.0,148.0,7133.44,4719.89,929,587,342,63.19,95.84,1.109,193.703,4388,1557.48,952.35,1418.47,-8.93,7133.44,402.9
BTC-USDT-SWAP,reversal,4H,0.007,0.008,0.025,1,0.0,10.0,148.0,30119.25,20250.84,929,594,335,63.94,92.55,1.216,831.088,4388,1878.92,1169.54,3840.04,104.37,30119.25,684.35
BTC-USDT-SWAP,reversal,4H,0.007,0.008,0.03,1,0.0,10.0,148.0,36738.65,24723.41,929,596,333,64.16,84.29,1.234,1014.641,4388,1925.53,1201.03,6493.21,237.22,36738.65,465.8
BTC-USDT-SWAP,reversal,4H,0.007,0.01,0.01,1,0.0,10.0,148.0,1.47,-99.0,929,470,459,50.59,99.45,0.933,-4.063,4388,81.59,-44.87,2.88,-96.46,1.47,-48.91
BTC-USDT-SWAP,reversal,4H,0.007,0.01,0.015,1,0.0,10.0,148.0,6.63,-95.52,929,494,435,53.18,99.47,0.973,-3.92,4388,251.5,69.93,7.74,-96.92,6.63,-14.33
BTC-USDT-SWAP,reversal,4H,0.007,0.01,0.02,1,0.0,10.0,148.0,1.88,-98.73,929,497,432,53.5,99.55,0.95,-4.052,4388,112.72,-23.84,3.05,-97.29,1.88,-38.55
BTC-USDT-SWAP,reversal,4H,0.007,0.01,0.025,1,0.0,10.0,148.0,9.72,-93.43,929,504,425,54.25,99.02,0.973,-3.834,4388,186.89,26.28,13.08,-93.0,9.72,-25.65
BTC-USDT-SWAP,reversal,4H,0.007,0.01,0.03,1,0.0,10.0,148.0,8.11,-94.52,929,506,423,54.47,98.9,0.972,-3.879,4388,178.35,20.51,16.08,-90.99,8.11,-49.55
BTC-USDT-SWAP,reversal,4H,0.007,0.015,0.01,1,0.0,10.0,148.0,0.0,-100.0,929,372,557,40.04,100.0,0.681,-4.104,4388,5.66,-96.18,0.0,-99.95,0.0,-99.62
BTC-USDT-SWAP,reversal,4H,0.007,0.015,0.015,1,0.0,10.0,148.0,0.0,-100.0,929,390,539,41.98,100.0,0.658,-4.104,4388,5.49,-96.29,0.0,-99.98,0.0,-99.41
BTC-USDT-SWAP,reversal,4H,0.007,0.015,0.02,1,0.0,10.0,148.0,0.0,-100.0,929,393,536,42.3,100.0,0.603,-4.104,4388,2.21,-98.51,0.0,-99.98,0.0,-99.61
BTC-USDT-SWAP,reversal,4H,0.007,0.015,0.025,1,0.0,10.0,148.0,0.0,-100.0,929,397,532,42.73,100.0,0.624,-4.104,4388,2.85,-98.08,0.0,-99.97,0.0,-99.53
BTC-USDT-SWAP,reversal,4H,0.007,0.015,0.03,1,0.0,10.0,148.0,0.0,-100.0,929,397,532,42.73,100.0,0.622,-4.104,4388,2.94,-98.01,0.0,-99.97,0.0,-99.67
BTC-USDT-SWAP,reversal,4H,0.007,0.02,0.01,1,0.0,10.0,148.0,0.0,-100.0,929,353,576,38.0,100.0,0.653,-4.104,4388,3.95,-97.33,0.0,-99.99,0.0,-99.86
BTC-USDT-SWAP,reversal,4H,0.007,0.02,0.015,1,0.0,10.0,148.0,0.0,-100.0,929,372,557,40.04,100.0,0.617,-4.104,4388,3.56,-97.59,0.0,-100.0,0.0,-99.8
BTC-USDT-SWAP,reversal,4H,0.007,0.02,0.02,1,0.0,10.0,148.0,0.0,-100.0,929,376,553,40.47,100.0,0.58,-4.104,4388,1.44,-99.03,0.0,-100.0,0.0,-99.87
BTC-USDT-SWAP,reversal,4H,0.007,0.02,0.025,1,0.0,10.0,148.0,0.0,-100.0,929,378,551,40.69,100.0,0.591,-4.104,4388,1.82,-98.77,0.0,-100.0,0.0,-99.91
BTC-USDT-SWAP,reversal,4H,0.007,0.02,0.03,1,0.0,10.0,148.0,0.0,-100.0,929,378,551,40.69,100.0,0.581,-4.104,4388,1.88,-98.73,0.0,-100.0,0.0,-99.93
BTC-USDT-SWAP,reversal,4H,0.007,0.03,0.01,1,0.0,10.0,148.0,0.0,-100.0,929,343,586,36.92,100.0,0.638,-4.104,4388,2.81,-98.1,0.0,-99.99,0.0,-99.91
BTC-USDT-SWAP,reversal,4H,0.007,0.03,0.015,1,0.0,10.0,148.0,0.0,-100.0,929,362,567,38.97,100.0,0.653,-4.104,4388,3.24,-97.81,0.0,-100.0,0.0,-99.89
BTC-USDT-SWAP,reversal,4H,0.007,0.03,0.02,1,0.0,10.0,148.0,0.0,-100.0,929,367,562,39.5,100.0,0.616,-4.104,4388,1.63,-98.9,0.0,-100.0,0.0,-99.94
BTC-USDT-SWAP,reversal,4H,0.007,0.03,0.025,1,0.0,10.0,148.0,0.0,-100.0,929,369,560,39.72,100.0,0.624,-4.104,4388,1.99,-98.66,0.0,-100.0,0.0,-99.96
BTC-USDT-SWAP,reversal,4H,0.007,0.03,0.03,1,0.0,10.0,148.0,0.0,-100.0,929,369,560,39.72,100.0,0.614,-4.104,4388,2.06,-98.61,0.0,-100.0,0.0,-99.97
BTC-USDT-SWAP,reversal,4H,0.01,0.006,0.01,1,0.0,10.0,148.0,21311.42,14299.61,608,452,156,74.34,73.26,1.495,586.851,4388,1731.53,1069.95,3753.26,116.76,21311.42,467.81
BTC-USDT-SWAP,reversal,4H,0.01,0.006,0.015,1,0.0,10.0,148.0,64643.94,43578.33,608,477,131,78.45,55.53,1.562,1788.441,4388,4582.28,2996.13,27239.88,494.46,64643.94,137.31
BTC-USDT-SWAP,reversal,4H,0.01,0.006,0.02,1,0.0,10.0,148.0,71201.83,48009.34,608,485,123,79.77,49.57,1.69,1970.288,4388,2618.35,1669.16,29981.63,1045.06,71201.83,137.48
BTC-USDT-SWAP,reversal,4H,0.01,0.006,0.025,1,0.0,10.0,148.0,98240.91,66278.99,608,492,116,80.92,30.1,1.903,2720.068,4388,9148.2,6081.22,51126.57,458.87,98240.91,92.15
BTC-USDT-SWAP,reversal,4H,0.01,0.006,0.03,1,0.0,10.0,148.0,115606.09,78012.22,608,497,111,81.74,34.91,2.304,3201.596,4388,7392.0,4894.6,59511.44,705.08,115606.09,94.26
BTC-USDT-SWAP,reversal,4H,0.01,0.008,0.01,1,0.0,10.0,148.0,4632.98,3030.39,608,384,224,63.16,86.0,1.148,124.366,4388,2514.02,1598.67,1503.85,-40.18,4632.98,208.07
BTC-USDT-SWAP,reversal,4H,0.01,0.008,0.015,1,0.0,10.0,148.0,29436.38,19789.45,608,406,202,66.78,79.24,1.265,812.152,4388,6800.73,4495.09,8899.23,30.86,29436.38,230.77
BTC-USDT-SWAP,reversal,4H,0.01,0.008,0.02,1,0.0,10.0,148.0,34004.48,22876.0,608,413,195,67.93,68.79,1.37,938.824,4388,3430.31,2217.78,7485.3,118.21,34004.48,354.28
BTC-USDT-SWAP,reversal,4H,0.01,0.008,0.025,1,0.0,10.0,148.0,81067.09,54675.06,608,420,188,69.08,34.5,1.448,2243.847,4388,19822.31,13293.45,49828.06,151.37,81067.09,62.69
BTC-USDT-SWAP,reversal,4H,0.01,0.008,0.03,1,0.0,10.0,148.0,90201.89,60847.23,608,424,184,69.74,39.01,1.531,2497.15,4388,16530.54,11069.28,51632.55,212.35,90201.89,74.7
BTC-USDT-SWAP,reversal,4H,0.01,0.01,0.01,1,0.0,10.0,148.0,2381.61,1509.19,608,346,262,56.91,87.4,1.06,61.937,4388,3696.71,2397.78,1254.37,-66.07,2381.61,89.86
BTC-USDT-SWAP,reversal,4H,0.01,0.01,0.015,1,0.0,10.0,148.0,4633.42,3030.69,608,362,246,59.54,88.58,1.1,124.379,4388,4715.11,3085.88,1977.64,-58.06,4633.42,134.29
BTC-USDT-SWAP,reversal,4H,0.01,0.01,0.02,1,0.0,10.0,148.0,6543.85,4321.52,608,369,239,60.69,77.0,1.166,177.354,4388,2150.89,1353.31,1993.54,-7.32,6543.85,228.25
BTC-USDT-SWAP,reversal,4H,0.01,0.01,0.025,1,0.0,10.0,148.0,44752.72,30138.32,608,375,233,61.68,62.41,1.214,1236.867,4388,9792.96,6516.86,19844.91,102.64,44752.72,125.51
BTC-USDT-SWAP,reversal,4H,0.01,0.01,0.03,1,0.0,10.0,148.0,49007.19,33012.97,608,379,229,62.34,58.83,1.282,1354.841,4388,6546.14,4323.06,16999.8,159.69,49007.19,188.28
BTC-USDT-SWAP,reversal,4H,0.01,0.015,0.01,1,0.0,10.0,148.0,0.21,-99.86,608,266,342,43.75,99.96,0.876,-4.098,4388,68.18,-53.93,0.94,-98.62,0.21,-77.47
BTC-USDT-SWAP,reversal,4H,0.01,0.015,0.015,1,0.0,10.0,148.0,0.07,-99.95,608,274,334,45.07,99.99,0.872,-4.102,4388,66.5,-55.07,0.37,-99.44,0.07,-80.51
BTC-USDT-SWAP,reversal,4H,0.01,0.015,0.02,1,0.0,10.0,148.0,0.09,-99.94,608,279,329,45.89,99.98,0.837,-4.101,4388,32.89,-77.78,0.36,-98.92,0.09,-74.65
BTC-USDT-SWAP,reversal,4H,0.01,0.015,0.025,1,0.0,10.0,148.0,0.17,-99.88,608,282,326,46.38,99.97,0.91,-4.099,4388,94.53,-36.13,0.92,-99.02,0.17,-81.37
BTC-USDT-SWAP,reversal,4H,0.01,0.015,0.03,1,0.0,10.0,148.0,0.26,-99.83,608,285,323,46.88,99.96,0.897,-4.097,4388,66.1,-55.34,0.72,-98.91,0.26,-64.25
BTC-USDT-SWAP,reversal,4H,0.01,0.02,0.01,1,0.0,10.0,148.0,0.0,-100.0,608,243,365,39.97,100.0,0.746,-4.104,4388,21.35,-85.58,0.09,-99.6,0.0,-95.56
BTC-USDT-SWAP,reversal,4H,0.01,0.02,0.015,1,0.0,10.0,148.0,0.0,-100.0,608,252,356,41.45,100.0,0.711,-4.104,4388,16.67,-88.74,0.04,-99.79,0.0,-97.59
BTC-USDT-SWAP,reversal,4H,0.01,0.02,0.02,1,0.0,10.0,148.0,0.0,-100.0,608,255,353,41.94,100.0,0.638,-4.104,4388,6.43,-95.66,0.02,-99.64,0.0,-98.14
BTC-USDT-SWAP,reversal,4H,0.01,0.02,0.025,1,0.0,10.0,148.0,0.0,-100.0,608,258,350,42.43,100.0,0.746,-4.104,4388,20.2,-86.35,0.06,-99.69,0.0,-98.58
BTC-USDT-SWAP,reversal,4H,0.01,0.02,0.03,1,0.0,10.0,148.0,0.0,-100.0,608,259,349,42.6,100.0,0.706,-4.104,4388,13.15,-91.11,0.03,-99.81,0.0,-98.03
BTC-USDT-SWAP,reversal,4H,0.01,0.03,0.01,1,0.0,10.0,148.0,0.0,-100.0,608,236,372,38.82,100.0,0.693,-4.104,4388,17.37,-88.26,0.03,-99.86,0.0,-95.28
BTC-USDT-SWAP,reversal,4H,0.01,0.03,0.015,1,0.0,10.0,148.0,0.0,-100.0,608,247,361,40.62,100.0,0.726,-4.104,4388,18.9,-87.23,0.02,-99.89,0.0,-97.59
BTC-USDT-SWAP,reversal,4H,0.01,0.03,0.02,1,0.0,10.0,148.0,0.0,-100.0,608,249,359,40.95,100.0,0.655,-4.104,4388,6.84,-95.38,0.01,-99.88,0.0,-98.09
BTC-USDT-SWAP,reversal,4H,0.01,0.03,0.025,1,0.0,10.0,148.0,0.0,-100.0,608,252,356,41.45,100.0,0.75,-4.104,4388,21.6,-85.4,0.02,-99.91,0.0,-98.64
BTC-USDT-SWAP,reversal,4H,0.01,0.03,0.03,1,0.0,10.0,148.0,0.0,-100.0,608,253,355,41.61,100.0,0.714,-4.104,4388,14.07,-90.49,0.01,-99.95,0.0,-98.1
BTC-USDT-SWAP,breakout,4H,0.001,0.006,0.01,1,0.0,10.0,148.0,0.0,-100.0,2416,917,1499,37.96,100.0,0.384,-4.104,4388,0.0,-100.0,0.0,-100.0,0.0,-100.0
BTC-USDT-SWAP,breakout,4H,0.001,0.006,0.015,1,0.0,10.0,148.0,0.0,-100.0,2416,997,1419,41.27,100.0,0.442,-4.104,4388,0.0,-100.0,0.0,-100.0,0.0,-100.0
BTC-USDT-SWAP,breakout,4H,0.001,0.006,0.02,1,0.0,10.0,148.0,0.0,-100.0,2416,1021,1395,42.26,100.0,0.446,-4.104,4388,0.0,-100.0,0.0,-100.0,0.0,-100.0
BTC-USDT-SWAP,breakout,4H,0.001,0.006,0.025,1,0.0,10.0,148.0,0.0,-100.0,2416,1025,1391,42.43,100.0,0.449,-4.104,4388,0.0,-100.0,0.0,-100.0,0.0,-100.0
BTC-USDT-SWAP,breakout,4H,0.001,0.006,0.03,1,0.0,10.0,148.0,0.0,-100.0,2416,1030,1386,42.63,100.0,0.457,-4.104,4388,0.0,-100.0,0.0,-100.0,0.0,-100.0
BTC-USDT-SWAP,breakout,4H,0.001,0.008,0.01,1,0.0,10.0,148.0,0.0,-100.0,2416,799,1617,33.07,100.0,0.419,-4.104,4388,0.0,-100.0,0.0,-100.0,0.0,-100.0
BTC-USDT-SWAP,breakout,4H,0.001,0.008,0.015,1,0.0,10.0,148.0,0.0,-100.0,2416,875,1541,36.22,100.0,0.462,-4.104,4388,0.0,-100.0,0.0,-100.0,0.0,-100.0
BTC-USDT-SWAP,breakout,4H,0.001,0.008,0.02,1,0.0,10.0,148.0,0.0,-100.0,2416,896,1520,37.09,100.0,0.468,-4.104,4388,0.0,-100.0,0.0,-100.0,0.0,-100.0
BTC-USDT-SWAP,breakout,4H,0.001,0.008,0.025,1,0.0,10.0,148.0,0.0,-100.0,2416,900,1516,37.25,100.0,0.47,-4.104,4388,0.0,-100.0,0.0,-100.0,0.0,-100.0
BTC-USDT-SWAP,breakout,4H,0.001,0.008,0.03,1,0.0,10.0,148.0,0.0,-100.0,2416,903,1513,37.38,100.0,0.477,-4.104,4388,0.0,-100.0,0.0,-100.0,0.0,-100.0
BTC-USDT-SWAP,breakout,4H,0.001,0.01,0.01,1,0.0,10.0,148.0,0.0,-100.0,2416,746,1670,30.88,100.0,0.42,-4.104,4388,0.0,-100.0,0.0,-100.0,0.0,-100.0
BTC-USDT-SWAP,breakout,4H,0.001,0.01,0.015,1,0.0,10.0,148.0,0.0,-100.0,2416,816,1600,33.77,100.0,0.455,-4.104,4388,0.0,-100.0,0.0,-100.0,0.0,-100.0
BTC-USDT-SWAP,breakout,4H,0.001,0.01,0.02,1,0.0,10.0,148.0,0.0,-100.0,2416,836,1580,34.6,100.0,0.473,-4.104,4388,0.0,-100.0,0.0,-100.0,0.0,-100.0
BTC-USDT-SWAP,breakout,4H,0.001,0.01,0.025,1,0.0,10.0,148.0,0.0,-100.0,2416,840,1576,34.77,100.0,0.474,-4.104,4388,0.0,-100.0,0.0,-100.0,0.0,-100.0
BTC-USDT-SWAP,breakout,4H,0.001,0.01,0.03,1,0.0,10.0,148.0,0.0,-100.0,2416,843,1573,34.89,100.0,0.482,-4.104,4388,0.0,-100.0,0.0,-100.0,0.0,-100.0
BTC-USDT-SWAP,breakout,4H,0.001,0.015,0.01,1,0.0,10.0,148.0,0.0,-100.0,2416,681,1735,28.19,100.0,0.471,-4.104,4388,0.0,-100.0,0.0,-100.0,0.0,-100.0
BTC-USDT-SWAP,breakout,4H,0.001,0.015,0.015,1,0.0,10.0,148.0,0.0,-100.0,2416,733,1683,30.34,100.0,0.5,-4.104,4388,0.0,-100.0,0.0,-100.0,0.0,-100.0
BTC-USDT-SWAP,breakout,4H,0.001,0.015,0.02,1,0.0,10.0,148.0,0.0,-100.0,2416,752,1664,31.13,100.0,0.508,-4.104,4388,0.0,-100.0,0.0,-100.0,0.0,-100.0
BTC-USDT-SWAP,breakout,4H,0.001,0.015,0.025,1,0.0,10.0,148.0,0.0,-100.0,2416,755,1661,31.25,100.0,0.506,-4.104,4388,0.0,-100.0,0.0,-100.0,0.0,-100.0
BTC-USDT-SWAP,breakout,4H,0.001,0.015,0.03,1,0.0,10.0,148.0,0.0,-100.0,2416,757,1659,31.33,100.0,0.511,-4.104,4388,0.0,-100.0,0.0,-100.0,0.0,-100.0
BTC-USDT-SWAP,breakout,4H,0.001,0.02,0.01,1,0.0,10.0,148.0,0.0,-100.0,2416,669,1747,27.69,100.0,0.537,-4.104,4388,0.0,-100.0,0.0,-100.0,0.0,-100.0
BTC-USDT-SWAP,breakout,4H,0.001,0.02,0.015,1,0.0,10.0,148.0,0.0,-100.0,2416,718,1698,29.72,100.0,0.564,-4.104,4388,0.0,-100.0,0.0,-100.0,0.0,-100.0
BTC-USDT-SWAP,breakout,4H,0.001,0.02,0.02,1,0.0,10.0,148.0,0.0,-100.0,2416,736,1680,30.46,100.0,0.572,-4.104,4388,0.0,-100.0,0.0,-100.0,0.0,-100.0
BTC-USDT-SWAP,breakout,4H,0.001,0.02,0.025,1,0.0,10.0,148.0,0.0,-100.0,2416,738,1678,30.55,100.0,0.57,-4.104,4388,0.0,-100.0,0.0,-100.0,0.0,-100.0
BTC-USDT-SWAP,breakout,4H,0.001,0.02,0.03,1,0.0,10.0,148.0,0.0,-100.0,2416,740,1676,30.63,100.0,0.574,-4.104,4388,0.0,-100.0,0.0,-100.0,0.0,-100.0
BTC-USDT-SWAP,breakout,4H,0.001,0.03,0.01,1,0.0,10.0,148.0,0.0,-100.0,2416,664,1752,27.48,100.0,0.502,-4.104,4388,0.0,-100.0,0.0,-100.0,0.0,-100.0
BTC-USDT-SWAP,breakout,4H,0.001,0.03,0.015,1,0.0,10.0,148.0,0.0,-100.0,2416,711,1705,29.43,100.0,0.529,-4.104,4388,0.0,-100.0,0.0,-100.0,0.0,-100.0
BTC-USDT-SWAP,breakout,4H,0.001,0.03,0.02,1,0.0,10.0,148.0,0.0,-100.0,2416,728,1688,30.13,100.0,0.536,-4.104,4388,0.0,-100.0,0.0,-100.0,0.0,-100.0
BTC-USDT-SWAP,breakout,4H,0.001,0.03,0.025,1,0.0,10.0,148.0,0.0,-100.0,2416,730,1686,30.22,100.0,0.533,-4.104,4388,0.0,-100.0,0.0,-100.0,0.0,-100.0
BTC-USDT-SWAP,breakout,4H,0.001,0.03,0.03,1,0.0,10.0,148.0,0.0,-100.0,2416,732,1684,30.3,100.0,0.538,-4.104,4388,0.0,-100.0,0.0,-100.0,0.0,-100.0
BTC-USDT-SWAP,breakout,4H,0.002,0.006,0.01,1,0.0,10.0,148.0,0.0,-100.0,2039,772,1267,37.86,100.0,0.323,-4.104,4388,0.0,-100.0,0.0,-100.0,0.0,-100.0
BTC-USDT-SWAP,breakout,4H,0.002,0.006,0.015,1,0.0,10.0,148.0,0.0,-100.0,2039,853,1186,41.83,100.0,0.335,-4.104,4388,0.0,-100.0,0.0,-100.0,0.0,-100.0
BTC-USDT-SWAP,breakout,4H,0.002,0.006,0.02,1,0.0,10.0,148.0,0.0,-100.0,2039,877,1162,43.01,100.0,0.344,-4.104,4388,0.0,-100.0,0.0,-100.0,0.0,-100.0
BTC-USDT-SWAP,breakout,4H,0.002,0.006,0.025,1,0.0,10.0,148.0,0.0,-100.0,2039,880,1159,43.16,100.0,0.347,-4.104,4388,0.0,-100.0,0.0,-100.0,0.0,-100.0
BTC-USDT-SWAP,breakout,4H,0.002,0.006,0.03,1,0.0,10.0,148.0,0.0,-100.0,2039,885,1154,43.4,100.0,0.353,-4.104,4388,0.0,-100.0,0.0,-100.0,0.0,-100.0
BTC-USDT-SWAP,breakout,4H,0.002,0.008,0.01,1,0.0,10.0,148.0,0.0,-100.0,2039,683,1356,33.5,100.0,0.379,-4.104,4388,0.0,-100.0,0.0,-100.0,0.0,-100.0
BTC-USDT-SWAP,breakout,4H,0.002,0.008,0.015,1,0.0,10.0,148.0,0.0,-100.0,2039,763,1276,37.42,100.0,0.386,-4.104,4388,0.0,-100.0,0.0,-100.0,0.0,-100.0
BTC-USDT-SWAP,breakout,4H,0.002,0.008,0.02,1,0.0,10.0,148.0,0.0,-100.0,2039,784,1255,38.45,100.0,0.407,-4.104,4388,0.0,-100.0,0.0,-100.0,0.0,-100.0
BTC-USDT-SWAP,breakout,4H,0.002,0.008,0.025,1,0.0,10.0,148.0,0.0,-100.0,2039,786,1253,38.55,100.0,0.409,-4.104,4388,0.0,-100.0,0.0,-100.0,0.0,-100.0
BTC-USDT-SWAP,breakout,4H,0.002,0.008,0.03,1,0.0,10.0,148.0,0.0,-100.0,2039,791,1248,38.79,100.0,0.416,-4.104,4388,0.0,-100.0,0.0,-100.0,0.0,-100.0
BTC-USDT-SWAP,breakout,4H,0.002,0.01,0.01,1,0.0,10.0,148.0,0.0,-100.0,2039,622,1417,30.51,100.0,0.417,-4.104,4388,0.0,-100.0,0.0,-100.0,0.0,-100.0
BTC-USDT-SWAP,breakout,4H,0.002,0.01,0.015,1,0.0,10.0,148.0,0.0,-100.0,2039,693,1346,33.99,100.0,0.428,-4.104,4388,0.0,-100.0,0.0,-100.0,0.0,-100.0
BTC-USDT-SWAP,breakout,4H,0.002,0.01,0.02,1,0.0,10.0,148.0,0.0,-100.0,2039,714,1325,35.02,100.0,0.446,-4.104,4388,0.0,-100.0,0.0,-100.0,0.0,-100.0
BTC-USDT-SWAP,breakout,4H,0.002,0.01,0.025,1,0.0,10.0,148.0,0.0,-100.0,2039,716,1323,35.12,100.0,0.449,-4.104,4388,0.0,-100.0,0.0,-100.0,0.0,-100.0
BTC-USDT-SWAP,breakout,4H,0.002,0.01,0.03,1,0.0,10.0,148.0,0.0,-100.0,2039,721,1318,35.36,100.0,0.456,-4.104,4388,0.0,-100.0,0.0,-100.0,0.0,-100.0
BTC-USDT-SWAP,breakout,4H,0.002,0.015,0.01,1,0.0,10.0,148.0,0.0,-100.0,2039,580,1459,28.45,100.0,0.463,-4.104,4388,0.0,-100.0,0.0,-100.0,0.0,-100.0
BTC-USDT-SWAP,breakout,4H,0.002,0.015,0.015,1,0.0,10.0,148.0,0.0,-100.0,2039,633,1406,31.04,100.0,0.465,-4.104,4388,0.0,-100.0,0.0,-100.0,0.0,-100.0
BTC-USDT-SWAP,breakout,4H,0.002,0.015,0.02,1,0.0,10.0,148.0,0.0,-100.0,2039,651,1388,31.93,100.0,0.475,-4.104,4388,0.0,-100.0,0.0,-100.0,0.0,-100.0
BTC-USDT-SWAP,breakout,4H,0.002,0.015,0.025,1,0.0,10.0,148.0,0.0,-100.0,2039,652,1387,31.98,100.0,0.471,-4.104,4388,0.0,-100.0,0.0,-100.0,0.0,-100.0
BTC-USDT-SWAP,breakout,4H,0.002,0.015,0.03,1,0.0,10.0,148.0,0.0,-100.0,2039,656,1383,32.17,100.0,0.476,-4.104,4388,0.0,-100.0,0.0,-100.0,0.0,-100.0
BTC-USDT-SWAP,breakout,4H,0.002,0.02,0.01,1,0.0,10.0,148.0,0.0,-100.0,2039,565,1474,27.71,100.0,0.498,-4.104,4388,0.0,-100.0,0.0,-100.0,0.0,-100.0
BTC-USDT-SWAP,breakout,4H,0.002,0.02,0.015,1,0.0,10.0,148.0,0.0,-100.0,2039,616,1423,30.21,100.0,0.498,-4.104,4388,0.0,-100.0,0.0,-100.0,0.0,-100.0
BTC-USDT-SWAP,breakout,4H,0.002,0.02,0.02,1,0.0,10.0,148.0,0.0,-100.0,2039,633,1406,31.04,100.0,0.507,-4.104,4388,0.0,-100.0,0.0,-100.0,0.0,-100.0
BTC-USDT-SWAP,breakout,4H,0.002,0.02,0.025,1,0.0,10.0,148.0,0.0,-100.0,2039,633,1406,31.04,100.0,0.503,-4.104,4388,0.0,-100.0,0.0,-100.0,0.0,-100.0
BTC-USDT-SWAP,breakout,4H,0.002,0.02,0.03,1,0.0,10.0,148.0,0.0,-100.0,2039,637,1402,31.24,100.0,0.506,-4.104,4388,0.0,-100.0,0.0,-100.0,0.0,-100.0
BTC-USDT-SWAP,breakout,4H,0.002,0.03,0.01,1,0.0,10.0,148.0,0.0,-100.0,2039,561,1478,27.51,100.0,0.485,-4.104,4388,0.0,-100.0,0.0,-100.0,0.0,-100.0
BTC-USDT-SWAP,breakout,4H,0.002,0.03,0.015,1,0.0,10.0,148.0,0.0,-100.0,2039,611,1428,29.97,100.0,0.485,-4.104,4388,0.0,-100.0,0.0,-100.0,0.0,-100.0
BTC-USDT-SWAP,breakout,4H,0.002,0.03,0.02,1,0.0,10.0,148.0,0.0,-100.0,2039,627,1412,30.75,100.0,0.495,-4.104,4388,0.0,-100.0,0.0,-100.0,0.0,-100.0
BTC-USDT-SWAP,breakout,4H,0.002,0.03,0.025,1,0.0,10.0,148.0,0.0,-100.0,2039,627,1412,30.75,100.0,0.49,-4.104,4388,0.0,-100.0,0.0,-100.0,0.0,-100.0
BTC-USDT-SWAP,breakout,4H,0.002,0.03,0.03,1,0.0,10.0,148.0,0.0,-100.0,2039,631,1408,30.95,100.0,0.494,-4.104,4388,0.0,-100.0,0.0,-100.0,0.0,-100.0
BTC-USDT-SWAP,breakout,4H,0.003,0.006,0.01,1,0.0,10.0,148.0,0.0,-100.0,1734,638,1096,36.79,100.0,0.323,-4.104,4388,0.0,-100.0,0.0,-100.0,0.0,-100.0
BTC-USDT-SWAP,breakout,4H,0.003,0.006,0.015,1,0.0,10.0,148.0,0.0,-100.0,1734,727,1007,41.93,100.0,0.338,-4.104,4388,0.0,-100.0,0.0,-100.0,0.0,-100.0
BTC-USDT-SWAP,breakout,4H,0.003,0.006,0.02,1,0.0,10.0,148.0,0.0,-100.0,1734,750,984,43.25,100.0,0.348,-4.104,4388,0.0,-100.0,0.0,-100.0,0.0,-100.0
BTC-USDT-SWAP,breakout,4H,0.003,0.006,0.025,1,0.0,10.0,148.0,0.0,-100.0,1734,754,980,43.48,100.0,0.359,-4.104,4388,0.0,-100.0,0.0,-100.0,0.0,-100.0
BTC-USDT-SWAP,breakout,4H,0.003,0.006,0.03,1,0.0,10.0,148.0,0.0,-100.0,1734,761,973,43.89,100.0,0.384,-4.104,4388,0.0,-100.0,0.0,-100.0,0.0,-100.0
BTC-USDT-SWAP,breakout,4H,0.003,0.008,0.01,1,0.0,10.0,148.0,0.0,-100.0,1734,563,1171,32.47,100.0,0.349,-4.104,4388,0.0,-100.0,0.0,-100.0,0.0,-100.0
BTC-USDT-SWAP,breakout,4H,0.003,0.008,0.015,1,0.0,10.0,148.0,0.0,-100.0,1734,642,1092,37.02,100.0,0.359,-4.104,4388,0.0,-100.0,0.0,-100.0,0.0,-100.0
BTC-USDT-SWAP,breakout,4H,0.003,0.008,0.02,1,0.0,10.0,148.0,0.0,-100.0,1734,665,1069,38.35,100.0,0.384,-4.104,4388,0.0,-100.0,0.0,-100.0,0.0,-100.0
BTC-USDT-SWAP,breakout,4H,0.003,0.008,0.025,1,0.0,10.0,148.0,0.0,-100.0,1734,669,1065,38.58,100.0,0.393,-4.104,4388,0.0,-100.0,0.0,-100.0,0.0,-100.0
BTC-USDT-SWAP,breakout,4H,0.003,0.008,0.03,1,0.0,10.0,148.0,0.0,-100.0,1734,676,1058,38.99,100.0,0.422,-4.104,4388,0.0,-100.0,0.0,-100.0,0.0,-100.0
BTC-USDT-SWAP,breakout,4H,0.003,0.01,0.01,1,0.0,10.0,148.0,0.0,-100.0,1734,502,1232,28.95,100.0,0.427,-4.104,4388,0.0,-100.0,0.0,-100.0,0.0,-100.0
BTC-USDT-SWAP,breakout,4H,0.003,0.01,0.015,1,0.0,10.0,148.0,0.0,-100.0,1734,574,1160,33.1,100.0,0.44,-4.104,4388,0.0,-100.0,0.0,-100.0,0.0,-100.0
BTC-USDT-SWAP,breakout,4H,0.003,0.01,0.02,1,0.0,10.0,148.0,0.0,-100.0,1734,594,1140,34.26,100.0,0.465,-4.104,4388,0.0,-100.0,0.0,-100.0,0.0,-100.0
BTC-USDT-SWAP,breakout,4H,0.003,0.01,0.025,1,0.0,10.0,148.0,0.0,-100.0,1734,598,1136,34.49,100.0,0.474,-4.104,4388,0.0,-100.0,0.0,-100.0,0.0,-100.0
BTC-USDT-SWAP,breakout,4H,0.003,0.01,0.03,1,0.0,10.0,148.0,0.0,-100.0,1734,604,1130,34.83,100.0,0.503,-4.104,4388,0.0,-100.0,0.0,-100.0,0.0,-100.0
BTC-USDT-SWAP,breakout,4H,0.003,0.015,0.01,1,0.0,10.0,148.0,0.0,-100.0,1734,474,1260,27.34,100.0,0.455,-4.104,4388,0.0,-100.0,0.0,-100.0,0.0,-100.0
BTC-USDT-SWAP,breakout,4H,0.003,0.015,0.015,1,0.0,10.0,148.0,0.0,-100.0,1734,531,1203,30.62,100.0,0.453,-4.104,4388,0.0,-100.0,0.0,-100.0,0.0,-100.0
BTC-USDT-SWAP,breakout,4H,0.003,0.015,0.02,1,0.0,10.0,148.0,0.0,-100.0,1734,548,1186,31.6,100.0,0.471,-4.104,4388,0.0,-100.0,0.0,-100.0,0.0,-100.0
BTC-USDT-SWAP,breakout,4H,0.003,0.015,0.025,1,0.0,10.0,148.0,0.0,-100.0,1734,553,1181,31.89,100.0,0.473,-4.104,4388,0.0,-100.0,0.0,-100.0,0.0,-100.0
BTC-USDT-SWAP,breakout,4H,0.003,0.015,0.03,1,0.0,10.0,148.0,0.0,-100.0,1734,557,1177,32.12,100.0,0.498,-4.104,4388,0.0,-100.0,0.0,-100.0,0.0,-100.0
BTC-USDT-SWAP,breakout,4H,0.003,0.02,0.01,1,0.0,10.0,148.0,0.0,-100.0,1734,458,1276,26.41,100.0,0.497,-4.104,4388,0.0,-100.0,0.0,-100.0,0.0,-100.0
BTC-USDT-SWAP,breakout,4H,0.003,0.02,0.015,1,0.0,10.0,148.0,0.0,-100.0,1734,515,1219,29.7,100.0,0.486,-4.104,4388,0.0,-100.0,0.0,-100.0,0.0,-100.0
BTC-USDT-SWAP,breakout,4H,0.003,0.02,0.02,1,0.0,10.0,148.0,0.0,-100.0,1734,530,1204,30.57,100.0,0.507,-4.104,4388,0.0,-100.0,0.0,-100.0,0.0,-100.0
BTC-USDT-SWAP,breakout,4H,0.003,0.02,0.025,1,0.0,10.0,148.0,0.0,-100.0,1734,534,1200,30.8,100.0,0.504,-4.104,4388,0.0,-100.0,0.0,-100.0,0.0,-100.0
BTC-USDT-SWAP,breakout,4H,0.003,0.02,0.03,1,0.0,10.0,148.0,0.0,-100.0,1734,538,1196,31.03,100.0,0.524,-4.104,4388,0.0,-100.0,0.0,-100.0,0.0,-100.0
BTC-USDT-SWAP,breakout,4H,0.003,0.03,0.01,1,0.0,10.0,148.0,0.0,-100.0,1734,455,1279,26.24,100.0,0.475,-4.104,4388,0.0,-100.0,0.0,-100.0,0.0,-100.0
BTC-USDT-SWAP,breakout,4H,0.003,0.03,0.015,1,0.0,10.0,148.0,0.0,-100.0,1734,511,1223,29.47,100.0,0.464,-4.104,4388,0.0,-100.0,0.0,-100.0,0.0,-100.0
BTC-USDT-SWAP,breakout,4H,0.003,0.03,0.02,1,0.0,10.0,148.0,0.0,-100.0,1734,526,1208,30.33,100.0,0.486,-4.104,4388,0.0,-100.0,0.0,-100.0,0.0,-100.0
BTC-USDT-SWAP,breakout,4H,0.003,0.03,0.025,1,0.0,10.0,148.0,0.0,-100.0,1734,530,1204,30.57,100.0,0.484,-4.104,4388,0.0,-100.0,0.0,-100.0,0.0,-100.0
BTC-USDT-SWAP,breakout,4H,0.003,0.03,0.03,1,0.0,10.0,148.0,0.0,-100.0,1734,534,1200,30.8,100.0,0.503,-4.104,4388,0.0,-100.0,0.0,-100.0,0.0,-100.0
BTC-USDT-SWAP,breakout,4H,0.005,0.006,0.01,1,0.0,10.0,148.0,0.0,-100.0,1269,461,808,36.33,100.0,0.261,-4.104,4388,0.0,-100.0,0.0,-100.0,0.0,-100.0
BTC-USDT-SWAP,breakout,4H,0.005,0.006,0.015,1,0.0,10.0,148.0,0.0,-100.0,1269,548,721,43.18,100.0,0.278,-4.104,4388,0.0,-100.0,0.0,-100.0,0.0,-99.98
BTC-USDT-SWAP,breakout,4H,0.005,0.006,0.02,1,0.0,10.0,148.0,0.0,-100.0,1269,577,692,45.47,100.0,0.33,-4.104,4388,0.0,-100.0,0.0,-100.0,0.0,-99.88
BTC-USDT-SWAP,breakout,4H,0.005,0.006,0.025,1,0.0,10.0,148.0,0.0,-100.0,1269,584,685,46.02,100.0,0.343,-4.104,4388,0.0,-100.0,0.0,-100.0,0.0,-99.85
BTC-USDT-SWAP,breakout,4H,0.005,0.006,0.03,1,0.0,10.0,148.0,0.0,-100.0,1269,588,681,46.34,100.0,0.367,-4.104,4388,0.0,-100.0,0.0,-100.0,0.0,-99.87
BTC-USDT-SWAP,breakout,4H,0.005,0.008,0.01,1,0.0,10.0,148.0,0.0,-100.0,1269,389,880,30.65,100.0,0.354,-4.104,4388,0.0,-100.0,0.0,-100.0,0.0,-100.0
BTC-USDT-SWAP,breakout,4H,0.005,0.008,0.015,1,0.0,10.0,148.0,0.0,-100.0,1269,464,805,36.56,100.0,0.371,-4.104,4388,0.0,-100.0,0.0,-100.0,0.0,-100.0
BTC-USDT-SWAP,breakout,4H,0.005,0.008,0.02,1,0.0,10.0,148.0,0.0,-100.0,1269,489,780,38.53,100.0,0.428,-4.104,4388,0.0,-100.0,0.0,-100.0,0.0,-99.97
BTC-USDT-SWAP,breakout,4H,0.005,0.008,0.025,1,0.0,10.0,148.0,0.0,-100.0,1269,496,773,39.09,100.0,0.435,-4.104,4388,0.0,-100.0,0.0,-100.0,0.0,-99.97
BTC-USDT-SWAP,breakout,4H,0.005,0.008,0.03,1,0.0,10.0,148.0,0.0,-100.0,1269,499,770,39.32,100.0,0.454,-4.104,4388,0.0,-100.0,0.0,-100.0,0.0,-99.97
BTC-USDT-SWAP,breakout,4H,0.005,0.01,0.01,1,0.0,10.0,148.0,0.0,-100.0,1269,361,908,28.45,100.0,0.329,-4.104,4388,0.0,-100.0,0.0,-100.0,0.0,-100.0
BTC-USDT-SWAP,breakout,4H,0.005,0.01,0.015,1,0.0,10.0,148.0,0.0,-100.0,1269,430,839,33.88,100.0,0.339,-4.104,4388,0.0,-100.0,0.0,-100.0,0.0,-99.99
BTC-USDT-SWAP,breakout,4H,0.005,0.01,0.02,1,0.0,10.0,148.0,0.0,-100.0,1269,450,819,35.46,100.0,0.391,-4.104,4388,0.0,-100.0,0.0,-100.0,0.0,-99.95
BTC-USDT-SWAP,breakout,4H,0.005,0.01,0.025,1,0.0,10.0,148.0,0.0,-100.0,1269,458,811,36.09,100.0,0.394,-4.104,4388,0.0,-100.0,0.0,-100.0,0.0,-99.94
BTC-USDT-SWAP,breakout,4H,0.005,0.01,0.03,1,0.0,10.0,148.0,0.0,-100.0,1269,460,809,36.25,100.0,0.403,-4.104,4388,0.0,-100.0,0.0,-100.0,0.0,-99.95
BTC-USDT-SWAP,breakout,4H,0.005,0.015,0.01,1,0.0,10.0,148.0,0.0,-100.0,1269,335,934,26.4,100.0,0.427,-4.104,4388,0.0,-100.0,0.0,-100.0,0.0,-100.0
BTC-USDT-SWAP,breakout,4H,0.005,0.015,0.015,1,0.0,10.0,148.0,0.0,-100.0,1269,397,872,31.28,100.0,0.438,-4.104,4388,0.0,-100.0,0.0,-100.0,0.0,-100.0
BTC-USDT-SWAP,breakout,4H,0.005,0.015,0.02,1,0.0,10.0,148.0,0.0,-100.0,1269,413,856,32.55,100.0,0.478,-4.104,4388,0.0,-100.0,0.0,-100.0,0.0,-99.98
BTC-USDT-SWAP,breakout,4H,0.005,0.015,0.025,1,0.0,10.0,148.0,0.0,-100.0,1269,420,849,33.1,100.0,0.482,-4.104,4388,0.0,-100.0,0.0,-100.0,0.0,-99.98
BTC-USDT-SWAP,breakout,4H,0.005,0.015,0.03,1,0.0,10.0,148.0,0.0,-100.0,1269,422,847,33.25,100.0,0.499,-4.104,4388,0.0,-100.0,0.0,-100.0,0.0,-99.99
BTC-USDT-SWAP,breakout,4H,0.005,0.02,0.01,1,0.0,10.0,148.0,0.0,-100.0,1269,330,939,26.0,100.0,0.451,-4.104,4388,0.0,-100.0,0.0,-100.0,0.0,-100.0
BTC-USDT-SWAP,breakout,4H,0.005,0.02,0.015,1,0.0,10.0,148.0,0.0,-100.0,1269,389,880,30.65,100.0,0.464,-4.104,4388,0.0,-100.0,0.0,-100.0,0.0,-100.0
BTC-USDT-SWAP,breakout,4H,0.005,0.02,0.02,1,0.0,10.0,148.0,0.0,-100.0,1269,403,866,31.76,100.0,0.499,-4.104,4388,0.0,-100.0,0.0,-100.0,0.0,-99.98
BTC-USDT-SWAP,breakout,4H,0.005,0.02,0.025,1,0.0,10.0,148.0,0.0,-100.0,1269,409,860,32.23,100.0,0.496,-4.104,4388,0.0,-100.0,0.0,-100.0,0.0,-99.98
BTC-USDT-SWAP,breakout,4H,0.005,0.02,0.03,1,0.0,10.0,148.0,0.0,-100.0,1269,411,858,32.39,100.0,0.509,-4.104,4388,0.0,-100.0,0.0,-100.0,0.0,-99.98
BTC-USDT-SWAP,breakout,4H,0.005,0.03,0.01,1,0.0,10.0,148.0,0.0,-100.0,1269,326,943,25.69,100.0,0.418,-4.104,4388,0.0,-100.0,0.0,-100.0,0.0,-100.0
BTC-USDT-SWAP,breakout,4H,0.005,0.03,0.015,1,0.0,10.0,148.0,0.0,-100.0,1269,385,884,30.34,100.0,0.433,-4.104,4388,0.0,-100.0,0.0,-100.0,0.0,-100.0
BTC-USDT-SWAP,breakout,4H,0.005,0.03,0.02,1,0.0,10.0,148.0,0.0,-100.0,1269,399,870,31.44,100.0,0.47,-4.104,4388,0.0,-100.0,0.0,-100.0,0.0,-99.98
BTC-USDT-SWAP,breakout,4H,0.005,0.03,0.025,1,0.0,10.0,148.0,0.0,-100.0,1269,405,864,31.91,100.0,0.469,-4.104,4388,0.0,-100.0,0.0,-100.0,0.0,-99.98
BTC-USDT-SWAP,breakout,4H,0.005,0.03,0.03,1,0.0,10.0,148.0,0.0,-100.0,1269,407,862,32.07,100.0,0.484,-4.104,4388,0.0,-100.0,0.0,-100.0,0.0,-99.98
BTC-USDT-SWAP,breakout,4H,0.007,0.006,0.01,1,0.0,10.0,148.0,0.0,-100.0,929,277,652,29.82,100.0,0.222,-4.104,4388,0.0,-100.0,0.0,-100.0,0.0,-100.0
BTC-USDT-SWAP,breakout,4H,0.007,0.006,0.015,1,0.0,10.0,148.0,0.0,-100.0,929,378,551,40.69,100.0,0.363,-4.104,4388,0.0,-100.0,0.0,-100.0,0.0,-99.96
BTC-USDT-SWAP,breakout,4H,0.007,0.006,0.02,1,0.0,10.0,148.0,0.0,-100.0,929,410,519,44.13,100.0,0.39,-4.104,4388,0.01,-100.0,0.0,-100.0,0.0,-99.83
BTC-USDT-SWAP,breakout,4H,0.007,0.006,0.025,1,0.0,10.0,148.0,0.0,-100.0,929,420,509,45.21,100.0,0.411,-4.104,4388,0.01,-99.99,0.0,-100.0,0.0,-99.61
BTC-USDT-SWAP,breakout,4H,0.007,0.006,0.03,1,0.0,10.0,148.0,0.0,-100.0,929,423,506,45.53,100.0,0.417,-4.104,4388,0.01,-99.99,0.0,-100.0,0.0,-99.68
BTC-USDT-SWAP,breakout,4H,0.007,0.008,0.01,1,0.0,10.0,148.0,0.0,-100.0,929,247,682,26.59,100.0,0.237,-4.104,4388,0.0,-100.0,0.0,-100.0,0.0,-100.0
BTC-USDT-SWAP,breakout,4H,0.007,0.008,0.015,1,0.0,10.0,148.0,0.0,-100.0,929,337,592,36.28,100.0,0.367,-4.104,4388,0.0,-100.0,0.0,-100.0,0.0,-99.92
BTC-USDT-SWAP,breakout,4H,0.007,0.008,0.02,1,0.0,10.0,148.0,0.0,-100.0,929,360,569,38.75,100.0,0.377,-4.104,4388,0.0,-100.0,0.0,-100.0,0.0,-99.73
BTC-USDT-SWAP,breakout,4H,0.007,0.008,0.025,1,0.0,10.0,148.0,0.0,-100.0,929,371,558,39.94,100.0,0.394,-4.104,4388,0.0,-100.0,0.0,-100.0,0.0,-99.35
BTC-USDT-SWAP,breakout,4H,0.007,0.008,0.03,1,0.0,10.0,148.0,0.0,-100.0,929,373,556,40.15,100.0,0.389,-4.104,4388,0.0,-100.0,0.0,-100.0,0.0,-99.47
BTC-USDT-SWAP,breakout,4H,0.007,0.01,0.01,1,0.0,10.0,148.0,0.0,-100.0,929,232,697,24.97,100.0,0.288,-4.104,4388,0.0,-100.0,0.0,-100.0,0.0,-100.0
BTC-USDT-SWAP,breakout,4H,0.007,0.01,0.015,1,0.0,10.0,148.0,0.0,-100.0,929,311,618,33.48,100.0,0.446,-4.104,4388,0.0,-100.0,0.0,-100.0,0.0,-99.94
BTC-USDT-SWAP,breakout,4H,0.007,0.01,0.02,1,0.0,10.0,148.0,0.0,-100.0,929,330,599,35.52,100.0,0.426,-4.104,4388,0.0,-100.0,0.0,-100.0,0.0,-99.83
BTC-USDT-SWAP,breakout,4H,0.007,0.01,0.025,1,0.0,10.0,148.0,0.0,-100.0,929,341,588,36.71,100.0,0.439,-4.104,4388,0.01,-100.0,0.0,-100.0,0.0,-99.59
BTC-USDT-SWAP,breakout,4H,0.007,0.01,0.03,1,0.0,10.0,148.0,0.0,-100.0,929,343,586,36.92,100.0,0.43,-4.104,4388,0.01,-100.0,0.0,-100.0,0.0,-99.69
BTC-USDT-SWAP,breakout,4H,0.007,0.015,0.01,1,0.0,10.0,148.0,0.0,-100.0,929,215,714,23.14,100.0,0.324,-4.104,4388,0.0,-100.0,0.0,-100.0,0.0,-100.0
BTC-USDT-SWAP,breakout,4H,0.007,0.015,0.015,1,0.0,10.0,148.0,0.0,-100.0,929,285,644,30.68,100.0,0.495,-4.104,4388,0.0,-100.0,0.0,-100.0,0.0,-99.98
BTC-USDT-SWAP,breakout,4H,0.007,0.015,0.02,1,0.0,10.0,148.0,0.0,-100.0,929,302,627,32.51,100.0,0.477,-4.104,4388,0.0,-100.0,0.0,-100.0,0.0,-99.93
BTC-USDT-SWAP,breakout,4H,0.007,0.015,0.025,1,0.0,10.0,148.0,0.0,-100.0,929,312,617,33.58,100.0,0.496,-4.104,4388,0.01,-100.0,0.0,-100.0,0.0,-99.81
BTC-USDT-SWAP,breakout,4H,0.007,0.015,0.03,1,0.0,10.0,148.0,0.0,-100.0,929,313,616,33.69,100.0,0.471,-4.104,4388,0.0,-100.0,0.0,-100.0,0.0,-99.85
BTC-USDT-SWAP,breakout,4H,0.007,0.02,0.01,1,0.0,10.0,148.0,0.0,-100.0,929,215,714,23.14,100.0,0.355,-4.104,4388,0.0,-100.0,0.0,-100.0,0.0,-100.0
BTC-USDT-SWAP,breakout,4H,0.007,0.02,0.015,1,0.0,10.0,148.0,0.0,-100.0,929,282,647,30.36,100.0,0.472,-4.104,4388,0.0,-100.0,0.0,-100.0,0.0,-99.98
BTC-USDT-SWAP,breakout,4H,0.007,0.02,0.02,1,0.0,10.0,148.0,0.0,-100.0,929,298,631,32.08,100.0,0.452,-4.104,4388,0.0,-100.0,0.0,-100.0,0.0,-99.93
BTC-USDT-SWAP,breakout,4H,0.007,0.02,0.025,1,0.0,10.0,148.0,0.0,-100.0,929,307,622,33.05,100.0,0.482,-4.104,4388,0.01,-100.0,0.0,-100.0,0.0,-99.79
BTC-USDT-SWAP,breakout,4H,0.007,0.02,0.03,1,0.0,10.0,148.0,0.0,-100.0,929,308,621,33.15,100.0,0.452,-4.104,4388,0.0,-100.0,0.0,-100.0,0.0,-99.82
BTC-USDT-SWAP,breakout,4H,0.007,0.03,0.01,1,0.0,10.0,148.0,0.0,-100.0,929,212,717,22.82,100.0,0.387,-4.104,4388,0.0,-100.0,0.0,-100.0,0.0,-100.0
BTC-USDT-SWAP,breakout,4H,0.007,0.03,0.015,1,0.0,10.0,148.0,0.0,-100.0,929,279,650,30.03,100.0,0.498,-4.104,4388,0.0,-100.0,0.0,-100.0,0.0,-99.97
BTC-USDT-SWAP,breakout,4H,0.007,0.03,0.02,1,0.0,10.0,148.0,0.0,-100.0,929,295,634,31.75,100.0,0.481,-4.104,4388,0.0,-100.0,0.0,-100.0,0.0,-99.91
BTC-USDT-SWAP,breakout,4H,0.007,0.03,0.025,1,0.0,10.0,148.0,0.0,-100.0,929,304,625,32.72,100.0,0.512,-4.104,4388,0.0,-100.0,0.0,-100.0,0.0,-99.68
BTC-USDT-SWAP,breakout,4H,0.007,0.03,0.03,1,0.0,10.0,148.0,0.0,-100.0,929,305,624,32.83,100.0,0.487,-4.104,4388,0.0,-100.0,0.0,-100.0,0.0,-99.72
BTC-USDT-SWAP,breakout,4H,0.01,0.006,0.01,1,0.0,10.0,148.0,0.0,-100.0,608,157,451,25.82,100.0,0.047,-4.104,4388,0.0,-100.0,0.0,-100.0,0.0,-100.0
BTC-USDT-SWAP,breakout,4H,0.01,0.006,0.015,1,0.0,10.0,148.0,0.0,-100.0,608,255,353,41.94,100.0,0.313,-4.104,4388,0.02,-99.98,0.0,-100.0,0.0,-99.98
BTC-USDT-SWAP,breakout,4H,0.01,0.006,0.02,1,0.0,10.0,148.0,0.0,-100.0,608,288,320,47.37,100.0,0.356,-4.104,4388,0.05,-99.97,0.0,-100.0,0.0,-99.61
BTC-USDT-SWAP,breakout,4H,0.01,0.006,0.025,1,0.0,10.0,148.0,0.0,-100.0,608,293,315,48.19,100.0,0.337,-4.104,4388,0.03,-99.98,0.0,-99.99,0.0,-99.46
BTC-USDT-SWAP,breakout,4H,0.01,0.006,0.03,1,0.0,10.0,148.0,0.0,-100.0,608,298,310,49.01,100.0,0.349,-4.104,4388,0.05,-99.96,0.0,-99.99,0.0,-99.59
BTC-USDT-SWAP,breakout,4H,0.01,0.008,0.01,1,0.0,10.0,148.0,0.0,-100.0,608,136,472,22.37,100.0,0.046,-4.104,4388,0.0,-100.0,0.0,-100.0,0.0,-100.0
BTC-USDT-SWAP,breakout,4H,0.01,0.008,0.015,1,0.0,10.0,148.0,0.0,-100.0,608,225,383,37.01,100.0,0.38,-4.104,4388,0.03,-99.98,0.0,-100.0,0.0,-99.98
BTC-USDT-SWAP,breakout,4H,0.01,0.008,0.02,1,0.0,10.0,148.0,0.0,-100.0,608,252,356,41.45,100.0,0.436,-4.104,4388,0.07,-99.95,0.0,-100.0,0.0,-99.77
BTC-USDT-SWAP,breakout,4H,0.01,0.008,0.025,1,0.0,10.0,148.0,0.0,-100.0,608,257,351,42.27,100.0,0.413,-4.104,4388,0.05,-99.97,0.0,-99.99,0.0,-99.67
BTC-USDT-SWAP,breakout,4H,0.01,0.008,0.03,1,0.0,10.0,148.0,0.0,-100.0,608,262,346,43.09,100.0,0.434,-4.104,4388,0.08,-99.95,0.0,-99.99,0.0,-99.75
BTC-USDT-SWAP,breakout,4H,0.01,0.01,0.01,1,0.0,10.0,148.0,0.0,-100.0,608,125,483,20.56,100.0,0.032,-4.104,4388,0.0,-100.0,0.0,-100.0,0.0,-100.0
BTC-USDT-SWAP,breakout,4H,0.01,0.01,0.015,1,0.0,10.0,148.0,0.0,-100.0,608,205,403,33.72,100.0,0.421,-4.104,4388,0.02,-99.99,0.0,-100.0,0.0,-99.98
BTC-USDT-SWAP,breakout,4H,0.01,0.01,0.02,1,0.0,10.0,148.0,0.0,-100.0,608,230,378,37.83,100.0,0.464,-4.104,4388,0.06,-99.96,0.0,-100.0,0.0,-99.84
BTC-USDT-SWAP,breakout,4H,0.01,0.01,0.025,1,0.0,10.0,148.0,0.0,-100.0,608,235,373,38.65,100.0,0.443,-4.104,4388,0.04,-99.97,0.0,-99.99,0.0,-99.78
BTC-USDT-SWAP,breakout,4H,0.01,0.01,0.03,1,0.0,10.0,148.0,0.0,-100.0,608,240,368,39.47,100.0,0.472,-4.104,4388,0.07,-99.95,0.0,-99.99,0.0,-99.84
BTC-USDT-SWAP,breakout,4H,0.01,0.015,0.01,1,0.0,10.0,148.0,0.0,-100.0,608,116,492,19.08,100.0,0.041,-4.104,4388,0.0,-100.0,0.0,-100.0,0.0,-100.0
BTC-USDT-SWAP,breakout,4H,0.01,0.015,0.015,1,0.0,10.0,148.0,0.0,-100.0,608,189,419,31.09,100.0,0.444,-4.104,4388,0.02,-99.99,0.0,-100.0,0.0,-99.98
BTC-USDT-SWAP,breakout,4H,0.01,0.015,0.02,1,0.0,10.0,148.0,0.0,-100.0,608,212,396,34.87,100.0,0.495,-4.104,4388,0.05,-99.96,0.0,-99.99,0.0,-99.79
BTC-USDT-SWAP,breakout,4H,0.01,0.015,0.025,1,0.0,10.0,148.0,0.0,-100.0,608,216,392,35.53,100.0,0.472,-4.104,4388,0.03,-99.98,0.0,-99.99,0.0,-99.69
BTC-USDT-SWAP,breakout,4H,0.01,0.015,0.03,1,0.0,10.0,148.0,0.0,-100.0,608,219,389,36.02,100.0,0.487,-4.104,4388,0.04,-99.97,0.0,-99.99,0.0,-99.77
BTC-USDT-SWAP,breakout,4H,0.01,0.02,0.01,1,0.0,10.0,148.0,0.0,-100.0,608,113,495,18.59,100.0,0.051,-4.104,4388,0.0,-100.0,0.0,-100.0,0.0,-100.0
BTC-USDT-SWAP,breakout,4H,0.01,0.02,0.015,1,0.0,10.0,148.0,0.0,-100.0,608,185,423,30.43,100.0,0.42,-4.104,4388,0.02,-99.99,0.0,-100.0,0.0,-99.99
BTC-USDT-SWAP,breakout,4H,0.01,0.02,0.02,1,0.0,10.0,148.0,0.0,-100.0,608,208,400,34.21,100.0,0.489,-4.104,4388,0.09,-99.94,0.0,-100.0,0.0,-99.81
BTC-USDT-SWAP,breakout,4H,0.01,0.02,0.025,1,0.0,10.0,148.0,0.0,-100.0,608,212,396,34.87,100.0,0.46,-4.104,4388,0.06,-99.96,0.0,-99.99,0.0,-99.7
BTC-USDT-SWAP,breakout,4H,0.01,0.02,0.03,1,0.0,10.0,148.0,0.0,-100.0,608,215,393,35.36,100.0,0.49,-4.104,4388,0.08,-99.95,0.0,-99.99,0.0,-99.8
BTC-USDT-SWAP,breakout,4H,0.01,0.03,0.01,1,0.0,10.0,148.0,0.0,-100.0,608,111,497,18.26,100.0,0.033,-4.104,4388,0.0,-100.0,0.0,-100.0,0.0,-100.0
BTC-USDT-SWAP,breakout,4H,0.01,0.03,0.015,1,0.0,10.0,148.0,0.0,-100.0,608,182,426,29.93,100.0,0.425,-4.104,4388,0.01,-99.99,0.0,-100.0,0.0,-99.98
BTC-USDT-SWAP,breakout,4H,0.01,0.03,0.02,1,0.0,10.0,148.0,0.0,-100.0,608,205,403,33.72,100.0,0.489,-4.104,4388,0.04,-99.98,0.0,-99.99,0.0,-99.78
BTC-USDT-SWAP,breakout,4H,0.01,0.03,0.025,1,0.0,10.0,148.0,0.0,-100.0,608,208,400,34.21,100.0,0.468,-4.104,4388,0.02,-99.99,0.0,-99.99,0.0,-99.77
BTC-USDT-SWAP,breakout,4H,0.01,0.03,0.03,1,0.0,10.0,148.0,0.0,-100.0,608,211,397,34.7,100.0,0.498,-4.104,4388,0.03,-99.98,0.0,-99.98,0.0,-99.86
BTC-USDT-SWAP,fade,4H,0.001,0.006,0.01,1,0.0,10.0,148.0,0.0,-100.0,3169,1605,1564,50.65,100.0,0.658,-4.104,4388,0.01,-99.99,0.0,-100.0,0.0,-100.0
BTC-USDT-SWAP,fade,4H,0.001,0.006,0.015,1,0.0,10.0,148.0,0.0,-100.0,3169,1673,1496,52.79,100.0,0.778,-4.104,4388,0.12,-99.92,0.0,-100.0,0.0,-100.0
BTC-USDT-SWAP,fade,4H,0.001,0.006,0.02,1,0.0,10.0,148.0,0.0,-100.0,3169,1694,1475,53.46,100.0,0.707,-4.104,4388,0.19,-99.87,0.0,-100.0,0.0,-100.0
BTC-USDT-SWAP,fade,4H,0.001,0.006,0.025,1,0.0,10.0,148.0,0.0,-100.0,3169,1698,1471,53.58,100.0,0.722,-4.104,4388,0.15,-99.9,0.0,-100.0,0.0,-100.0
BTC-USDT-SWAP,fade,4H,0.001,0.006,0.03,1,0.0,10.0,148.0,0.0,-100.0,3169,1703,1466,53.74,100.0,0.734,-4.104,4388,0.18,-99.88,0.0,-100.0,0.0,-100.0
BTC-USDT-SWAP,fade,4H,0.001,0.008,0.01,1,0.0,10.0,148.0,0.0,-100.0,3169,1372,1797,43.29,100.0,0.666,-4.104,4388,0.0,-100.0,0.0,-100.0,0.0,-100.0
BTC-USDT-SWAP,fade,4H,0.001,0.008,0.015,1,0.0,10.0,148.0,0.0,-100.0,3169,1429,1740,45.09,100.0,0.704,-4.104,4388,0.01,-100.0,0.0,-100.0,0.0,-100.0
BTC-USDT-SWAP,fade,4H,0.001,0.008,0.02,1,0.0,10.0,148.0,0.0,-100.0,3169,1449,1720,45.72,100.0,0.616,-4.104,4388,0.01,-99.99,0.0,-100.0,0.0,-100.0
BTC-USDT-SWAP,fade,4H,0.001,0.008,0.025,1,0.0,10.0,148.0,0.0,-100.0,3169,1452,1717,45.82,100.0,0.6,-4.104,4388,0.01,-100.0,0.0,-100.0,0.0,-100.0
BTC-USDT-SWAP,fade,4H,0.001,0.008,0.03,1,0.0,10.0,148.0,0.0,-100.0,3169,1456,1713,45.95,100.0,0.645,-4.104,4388,0.01,-99.99,0.0,-100.0,0.0,-100.0
BTC-USDT-SWAP,fade,4H,0.001,0.01,0.01,1,0.0,10.0,148.0,0.0,-100.0,3169,1252,1917,39.51,100.0,0.682,-4.104,4388,0.0,-100.0,0.0,-100.0,0.0,-100.0
BTC-USDT-SWAP,fade,4H,0.001,0.01,0.015,1,0.0,10.0,148.0,0.0,-100.0,3169,1305,1864,41.18,100.0,0.723,-4.104,4388,0.0,-100.0,0.0,-100.0,0.0,-100.0
BTC-USDT-SWAP,fade,4H,0.001,0.01,0.02,1,0.0,10.0,148.0,0.0,-100.0,3169,1321,1848,41.69,100.0,0.636,-4.104,4388,0.0,-100.0,0.0,-100.0,0.0,-100.0
BTC-USDT-SWAP,fade,4H,0.001,0.01,0.025,1,0.0,10.0,148.0,0.0,-100.0,3169,1324,1845,41.78,100.0,0.618,-4.104,4388,0.0,-100.0,0.0,-100.0,0.0,-100.0
BTC-USDT-SWAP,fade,4H,0.001,0.01,0.03,1,0.0,10.0,148.0,0.0,-100.0,3169,1327,1842,41.87,100.0,0.658,-4.104,4388,0.0,-100.0,0.0,-100.0,0.0,-100.0
BTC-USDT-SWAP,fade,4H,0.001,0.015,0.01,1,0.0,10.0,148.0,0.0,-100.0,3169,1137,2032,35.88,100.0,0.546,-4.104,4388,0.0,-100.0,0.0,-100.0,0.0,-100.0
BTC-USDT-SWAP,fade,4H,0.001,0.015,0.015,1,0.0,10.0,148.0,0.0,-100.0,3169,1187,1982,37.46,100.0,0.556,-4.104,4388,0.0,-100.0,0.0,-100.0,0.0,-100.0
BTC-USDT-SWAP,fade,4H,0.001,0.015,0.02,1,0.0,10.0,148.0,0.0,-100.0,3169,1203,1966,37.96,100.0,0.477,-4.104,4388,0.0,-100.0,0.0,-100.0,0.0,-100.0
BTC-USDT-SWAP,fade,4H,0.001,0.015,0.025,1,0.0,10.0,148.0,0.0,-100.0,3169,1208,1961,38.12,100.0,0.465,-4.104,4388,0.0,-100.0,0.0,-100.0,0.0,-100.0
BTC-USDT-SWAP,fade,4H,0.001,0.015,0.03,1,0.0,10.0,148.0,0.0,-100.0,3169,1209,1960,38.15,100.0,0.504,-4.104,4388,0.0,-100.0,0.0,-100.0,0.0,-100.0
BTC-USDT-SWAP,fade,4H,0.001,0.02,0.01,1,0.0,10.0,148.0,0.0,-100.0,3169,1111,2058,35.06,100.0,0.585,-4.104,4388,0.0,-100.0,0.0,-100.0,0.0,-100.0
BTC-USDT-SWAP,fade,4H,0.001,0.02,0.015,1,0.0,10.0,148.0,0.0,-100.0,3169,1158,2011,36.54,100.0,0.59,-4.104,4388,0.0,-100.0,0.0,-100.0,0.0,-100.0
BTC-USDT-SWAP,fade,4H,0.001,0.02,0.02,1,0.0,10.0,148.0,0.0,-100.0,3169,1172,1997,36.98,100.0,0.515,-4.104,4388,0.0,-100.0,0.0,-100.0,0.0,-100.0
BTC-USDT-SWAP,fade,4H,0.001,0.02,0.025,1,0.0,10.0,148.0,0.0,-100.0,3169,1178,1991,37.17,100.0,0.515,-4.104,4388,0.0,-100.0,0.0,-100.0,0.0,-100.0
BTC-USDT-SWAP,fade,4H,0.001,0.02,0.03,1,0.0,10.0,148.0,0.0,-100.0,3169,1179,1990,37.2,100.0,0.555,-4.104,4388,0.0,-100.0,0.0,-100.0,0.0,-100.0
BTC-USDT-SWAP,fade,4H,0.001,0.03,0.01,1,0.0,10.0,148.0,0.0,-100.0,3169,1102,2067,34.77,100.0,0.441,-4.104,4388,0.0,-100.0,0.0,-100.0,0.0,-100.0
BTC-USDT-SWAP,fade,4H,0.001,0.03,0.015,1,0.0,10.0,148.0,0.0,-100.0,3169,1148,2021,36.23,100.0,0.488,-4.104,4388,0.0,-100.0,0.0,-100.0,0.0,-100.0
BTC-USDT-SWAP,fade,4H,0.001,0.03,0.02,1,0.0,10.0,148.0,0.0,-100.0,3169,1163,2006,36.7,100.0,0.41,-4.104,4388,0.0,-100.0,0.0,-100.0,0.0,-100.0
BTC-USDT-SWAP,fade,4H,0.001,0.03,0.025,1,0.0,10.0,148.0,0.0,-100.0,3169,1169,2000,36.89,100.0,0.42,-4.104,4388,0.0,-100.0,0.0,-100.0,0.0,-100.0
BTC-USDT-SWAP,fade,4H,0.001,0.03,0.03,1,0.0,10.0,148.0,0.0,-100.0,3169,1170,1999,36.92,100.0,0.46,-4.104,4388,0.0,-100.0,0.0,-100.0,0.0,-100.0
BTC-USDT-SWAP,fade,4H,0.002,0.006,0.01,1,0.0,10.0,148.0,0.0,-100.0,2708,1465,1243,54.1,100.0,0.798,-4.104,4388,2.48,-98.33,0.0,-100.0,0.0,-99.83
BTC-USDT-SWAP,fade,4H,0.002,0.006,0.015,1,0.0,10.0,148.0,0.0,-100.0,2708,1526,1182,56.35,100.0,0.928,-4.104,4388,12.57,-91.5,0.0,-100.0,0.0,-99.37
BTC-USDT-SWAP,fade,4H,0.002,0.006,0.02,1,0.0,10.0,148.0,0.0,-100.0,2708,1544,1164,57.02,100.0,0.939,-4.104,4388,27.62,-81.34,0.0,-100.0,0.0,-99.28
BTC-USDT-SWAP,fade,4H,0.002,0.006,0.025,1,0.0,10.0,148.0,0.0,-100.0,2708,1548,1160,57.16,100.0,0.937,-4.104,4388,20.65,-86.05,0.0,-100.0,0.0,-99.63
BTC-USDT-SWAP,fade,4H,0.002,0.006,0.03,1,0.0,10.0,148.0,0.0,-100.0,2708,1555,1153,57.42,100.0,0.949,-4.104,4388,35.22,-76.2,0.0,-100.0,0.0,-99.37
BTC-USDT-SWAP,fade,4H,0.002,0.008,0.01,1,0.0,10.0,148.0,0.0,-100.0,2708,1201,1507,44.35,100.0,0.734,-4.104,4388,0.16,-99.89,0.0,-100.0,0.0,-100.0
BTC-USDT-SWAP,fade,4H,0.002,0.008,0.015,1,0.0,10.0,148.0,0.0,-100.0,2708,1251,1457,46.2,100.0,0.774,-4.104,4388,0.26,-99.83,0.0,-100.0,0.0,-100.0
BTC-USDT-SWAP,fade,4H,0.002,0.008,0.02,1,0.0,10.0,148.0,0.0,-100.0,2708,1270,1438,46.9,100.0,0.755,-4.104,4388,0.61,-99.59,0.0,-100.0,0.0,-100.0
BTC-USDT-SWAP,fade,4H,0.002,0.008,0.025,1,0.0,10.0,148.0,0.0,-100.0,2708,1271,1437,46.94,100.0,0.727,-4.104,4388,0.34,-99.77,0.0,-100.0,0.0,-100.0
BTC-USDT-SWAP,fade,4H,0.002,0.008,0.03,1,0.0,10.0,148.0,0.0,-100.0,2708,1277,1431,47.16,100.0,0.742,-4.104,4388,0.51,-99.66,0.0,-100.0,0.0,-100.0
BTC-USDT-SWAP,fade,4H,0.002,0.01,0.01,1,0.0,10.0,148.0,0.0,-100.0,2708,1084,1624,40.03,100.0,0.744,-4.104,4388,0.06,-99.96,0.0,-100.0,0.0,-100.0
BTC-USDT-SWAP,fade,4H,0.002,0.01,0.015,1,0.0,10.0,148.0,0.0,-100.0,2708,1126,1582,41.58,100.0,0.739,-4.104,4388,0.06,-99.96,0.0,-100.0,0.0,-100.0
BTC-USDT-SWAP,fade,4H,0.002,0.01,0.02,1,0.0,10.0,148.0,0.0,-100.0,2708,1141,1567,42.13,100.0,0.698,-4.104,4388,0.08,-99.95,0.0,-100.0,0.0,-100.0
BTC-USDT-SWAP,fade,4H,0.002,0.01,0.025,1,0.0,10.0,148.0,0.0,-100.0,2708,1143,1565,42.21,100.0,0.676,-4.104,4388,0.03,-99.98,0.0,-100.0,0.0,-100.0
BTC-USDT-SWAP,fade,4H,0.002,0.01,0.03,1,0.0,10.0,148.0,0.0,-100.0,2708,1148,1560,42.39,100.0,0.675,-4.104,4388,0.03,-99.98,0.0,-100.0,0.0,-100.0
BTC-USDT-SWAP,fade,4H,0.002,0.015,0.01,1,0.0,10.0,148.0,0.0,-100.0,2708,963,1745,35.56,100.0,0.661,-4.104,4388,0.0,-100.0,0.0,-100.0,0.0,-100.0
BTC-USDT-SWAP,fade,4H,0.002,0.015,0.015,1,0.0,10.0,148.0,0.0,-100.0,2708,1003,1705,37.04,100.0,0.643,-4.104,4388,0.0,-100.0,0.0,-100.0,0.0,-100.0
BTC-USDT-SWAP,fade,4H,0.002,0.015,0.02,1,0.0,10.0,148.0,0.0,-100.0,2708,1017,1691,37.56,100.0,0.619,-4.104,4388,0.0,-100.0,0.0,-100.0,0.0,-100.0
BTC-USDT-SWAP,fade,4H,0.002,0.015,0.025,1,0.0,10.0,148.0,0.0,-100.0,2708,1020,1688,37.67,100.0,0.615,-4.104,4388,0.0,-100.0,0.0,-100.0,0.0,-100.0
BTC-USDT-SWAP,fade,4H,0.002,0.015,0.03,1,0.0,10.0,148.0,0.0,-100.0,2708,1022,1686,37.74,100.0,0.608,-4.104,4388,0.0,-100.0,0.0,-100.0,0.0,-100.0
BTC-USDT-SWAP,fade,4H,0.002,0.02,0.01,1,0.0,10.0,148.0,0.0,-100.0,2708,936,1772,34.56,100.0,0.635,-4.104,4388,0.0,-100.0,0.0,-100.0,0.0,-100.0
BTC-USDT-SWAP,fade,4H,0.002,0.02,0.015,1,0.0,10.0,148.0,0.0,-100.0,2708,975,1733,36.0,100.0,0.628,-4.104,4388,0.0,-100.0,0.0,-100.0,0.0,-100.0
BTC-USDT-SWAP,fade,4H,0.002,0.02,0.02,1,0.0,10.0,148.0,0.0,-100.0,2708,987,1721,36.45,100.0,0.605,-4.104,4388,0.0,-100.0,0.0,-100.0,0.0,-100.0
BTC-USDT-SWAP,fade,4H,0.002,0.02,0.025,1,0.0,10.0,148.0,0.0,-100.0,2708,991,1717,36.6,100.0,0.603,-4.104,4388,0.0,-100.0,0.0,-100.0,0.0,-100.0
BTC-USDT-SWAP,fade,4H,0.002,0.02,0.03,1,0.0,10.0,148.0,0.0,-100.0,2708,993,1715,36.67,100.0,0.595,-4.104,4388,0.0,-100.0,0.0,-100.0,0.0,-100.0
BTC-USDT-SWAP,fade,4H,0.002,0.03,0.01,1,0.0,10.0,148.0,0.0,-100.0,2708,927,1781,34.23,100.0,0.644,-4.104,4388,0.0,-100.0,0.0,-100.0,0.0,-100.0
BTC-USDT-SWAP,fade,4H,0.002,0.03,0.015,1,0.0,10.0,148.0,0.0,-100.0,2708,966,1742,35.67,100.0,0.629,-4.104,4388,0.0,-100.0,0.0,-100.0,0.0,-100.0
BTC-USDT-SWAP,fade,4H,0.002,0.03,0.02,1,0.0,10.0,148.0,0.0,-100.0,2708,979,1729,36.15,100.0,0.629,-4.104,4388,0.0,-100.0,0.0,-100.0,0.0,-100.0
BTC-USDT-SWAP,fade,4H,0.002,0.03,0.025,1,0.0,10.0,148.0,0.0,-100.0,2708,983,1725,36.3,100.0,0.626,-4.104,4388,0.0,-100.0,0.0,-100.0,0.0,-100.0
BTC-USDT-SWAP,fade,4H,0.002,0.03,0.03,1,0.0,10.0,148.0,0.0,-100.0,2708,985,1723,36.37,100.0,0.618,-4.104,4388,0.0,-100.0,0.0,-100.0,0.0,-100.0
BTC-USDT-SWAP,fade,4H,0.003,0.006,0.01,1,0.0,10.0,148.0,0.0,-100.0,2315,1367,948,59.05,100.0,0.862,-4.104,4388,40.15,-72.87,0.0,-99.99,0.0,-76.7
BTC-USDT-SWAP,fade,4H,0.003,0.006,0.015,1,0.0,10.0,148.0,0.02,-99.99,2315,1414,901,61.08,100.0,0.972,-4.103,4388,250.68,69.38,0.02,-99.99,0.02,-19.57
BTC-USDT-SWAP,fade,4H,0.003,0.006,0.02,1,0.0,10.0,148.0,0.24,-99.84,2315,1435,880,61.99,99.99,0.99,-4.097,4388,578.91,291.16,0.27,-99.95,0.24,-8.8
BTC-USDT-SWAP,fade,4H,0.003,0.006,0.025,1,0.0,10.0,148.0,0.22,-99.85,2315,1440,875,62.2,99.99,0.99,-4.098,4388,544.63,267.99,0.33,-99.94,0.22,-32.86
BTC-USDT-SWAP,fade,4H,0.003,0.006,0.03,1,0.0,10.0,148.0,0.43,-99.71,2315,1445,870,62.42,99.99,0.995,-4.092,4388,947.03,539.88,0.66,-99.93,0.43,-35.02
BTC-USDT-SWAP,fade,4H,0.003,0.008,0.01,1,0.0,10.0,148.0,0.0,-100.0,2315,1108,1207,47.86,100.0,0.83,-4.104,4388,4.53,-96.94,0.0,-100.0,0.0,-99.95
BTC-USDT-SWAP,fade,4H,0.003,0.008,0.015,1,0.0,10.0,148.0,0.0,-100.0,2315,1149,1166,49.63,100.0,0.92,-4.104,4388,8.89,-93.99,0.0,-100.0,0.0,-99.93
BTC-USDT-SWAP,fade,4H,0.003,0.008,0.02,1,0.0,10.0,148.0,0.0,-100.0,2315,1166,1149,50.37,100.0,0.932,-4.104,4388,21.37,-85.56,0.0,-100.0,0.0,-99.93
BTC-USDT-SWAP,fade,4H,0.003,0.008,0.025,1,0.0,10.0,148.0,0.0,-100.0,2315,1170,1145,50.54,100.0,0.916,-4.104,4388,14.36,-90.3,0.0,-100.0,0.0,-99.94
BTC-USDT-SWAP,fade,4H,0.003,0.008,0.03,1,0.0,10.0,148.0,0.0,-100.0,2315,1175,1140,50.76,100.0,0.934,-4.104,4388,35.15,-76.25,0.0,-100.0,0.0,-99.94
BTC-USDT-SWAP,fade,4H,0.003,0.01,0.01,1,0.0,10.0,148.0,0.0,-100.0,2315,984,1331,42.51,100.0,0.69,-4.104,4388,0.3,-99.8,0.0,-100.0,0.0,-100.0
BTC-USDT-SWAP,fade,4H,0.003,0.01,0.015,1,0.0,10.0,148.0,0.0,-100.0,2315,1017,1298,43.93,100.0,0.75,-4.104,4388,0.2,-99.86,0.0,-100.0,0.0,-100.0
BTC-USDT-SWAP,fade,4H,0.003,0.01,0.02,1,0.0,10.0,148.0,0.0,-100.0,2315,1032,1283,44.58,100.0,0.717,-4.104,4388,0.32,-99.78,0.0,-100.0,0.0,-99.99
BTC-USDT-SWAP,fade,4H,0.003,0.01,0.025,1,0.0,10.0,148.0,0.0,-100.0,2315,1034,1281,44.67,100.0,0.696,-4.104,4388,0.18,-99.88,0.0,-100.0,0.0,-100.0
BTC-USDT-SWAP,fade,4H,0.003,0.01,0.03,1,0.0,10.0,148.0,0.0,-100.0,2315,1039,1276,44.88,100.0,0.705,-4.104,4388,0.47,-99.68,0.0,-100.0,0.0,-100.0
BTC-USDT-SWAP,fade,4H,0.003,0.015,0.01,1,0.0,10.0,148.0,0.0,-100.0,2315,849,1466,36.67,100.0,0.568,-4.104,4388,0.01,-99.99,0.0,-100.0,0.0,-100.0
BTC-USDT-SWAP,fade,4H,0.003,0.015,0.015,1,0.0,10.0,148.0,0.0,-100.0,2315,884,1431,38.19,100.0,0.628,-4.104,4388,0.0,-100.0,0.0,-100.0,0.0,-100.0
BTC-USDT-SWAP,fade,4H,0.003,0.015,0.02,1,0.0,10.0,148.0,0.0,-100.0,2315,897,1418,38.75,100.0,0.601,-4.104,4388,0.0,-100.0,0.0,-100.0,0.0,-100.0
BTC-USDT-SWAP,fade,4H,0.003,0.015,0.025,1,0.0,10.0,148.0,0.0,-100.0,2315,899,1416,38.83,100.0,0.603,-4.104,4388,0.0,-100.0,0.0,-100.0,0.0,-100.0
BTC-USDT-SWAP,fade,4H,0.003,0.015,0.03,1,0.0,10.0,148.0,0.0,-100.0,2315,902,1413,38.96,100.0,0.594,-4.104,4388,0.0,-100.0,0.0,-100.0,0.0,-100.0
BTC-USDT-SWAP,fade,4H,0.003,0.02,0.01,1,0.0,10.0,148.0,0.0,-100.0,2315,817,1498,35.29,100.0,0.478,-4.104,4388,0.0,-100.0,0.0,-100.0,0.0,-100.0
BTC-USDT-SWAP,fade,4H,0.003,0.02,0.015,1,0.0,10.0,148.0,0.0,-100.0,2315,850,1465,36.72,100.0,0.583,-4.104,4388,0.0,-100.0,0.0,-100.0,0.0,-100.0
BTC-USDT-SWAP,fade,4H,0.003,0.02,0.02,1,0.0,10.0,148.0,0.0,-100.0,2315,862,1453,37.24,100.0,0.561,-4.104,4388,0.0,-100.0,0.0,-100.0,0.0,-100.0
BTC-USDT-SWAP,fade,4H,0.003,0.02,0.025,1,0.0,10.0,148.0,0.0,-100.0,2315,864,1451,37.32,100.0,0.572,-4.104,4388,0.0,-100.0,0.0,-100.0,0.0,-100.0
BTC-USDT-SWAP,fade,4H,0.003,0.02,0.03,1,0.0,10.0,148.0,0.0,-100.0,2315,866,1449,37.41,100.0,0.56,-4.104,4388,0.0,-100.0,0.0,-100.0,0.0,-100.0
BTC-USDT-SWAP,fade,4H,0.003,0.03,0.01,1,0.0,10.0,148.0,0.0,-100.0,2315,808,1507,34.9,100.0,0.412,-4.104,4388,0.0,-100.0,0.0,-100.0,0.0,-100.0
BTC-USDT-SWAP,fade,4H,0.003,0.03,0.015,1,0.0,10.0,148.0,0.0,-100.0,2315,841,1474,36.33,100.0,0.474,-4.104,4388,0.0,-100.0,0.0,-100.0,0.0,-100.0
BTC-USDT-SWAP,fade,4H,0.003,0.03,0.02,1,0.0,10.0,148.0,0.0,-100.0,2315,855,1460,36.93,100.0,0.473,-4.104,4388,0.0,-100.0,0.0,-100.0,0.0,-100.0
BTC-USDT-SWAP,fade,4H,0.003,0.03,0.025,1,0.0,10.0,148.0,0.0,-100.0,2315,857,1458,37.02,100.0,0.485,-4.104,4388,0.0,-100.0,0.0,-100.0,0.0,-100.0
BTC-USDT-SWAP,fade,4H,0.003,0.03,0.03,1,0.0,10.0,148.0,0.0,-100.0,2315,859,1456,37.11,100.0,0.472,-4.104,4388,0.0,-100.0,0.0,-100.0,0.0,-100.0
BTC-USDT-SWAP,fade,4H,0.005,0.006,0.01,1,0.0,10.0,148.0,482.08,225.73,1710,1139,571,66.61,96.36,1.01,9.264,4388,1388.95,838.48,174.99,-87.4,482.08,175.48
BTC-USDT-SWAP,fade,4H,0.005,0.006,0.015,1,0.0,10.0,148.0,64182.05,43266.25,1710,1192,518,69.71,89.82,1.157,1775.633,4388,16615.45,11126.66,15075.31,-9.27,64182.05,325.74
BTC-USDT-SWAP,fade,4H,0.005,0.006,0.02,1,0.0,10.0,148.0,95835.99,64654.05,1710,1206,504,70.53,71.56,1.22,2653.381,4388,20313.6,13625.4,42566.8,109.55,95835.99,125.14
BTC-USDT-SWAP,fade,4H,0.005,0.006,0.025,1,0.0,10.0,148.0,119584.39,80700.26,1710,1215,495,71.05,52.24,1.277,3311.912,4388,25597.59,17195.67,59601.04,132.84,119584.39,100.64
BTC-USDT-SWAP,fade,4H,0.005,0.006,0.03,1,0.0,10.0,148.0,140980.21,95156.9,1710,1220,490,71.35,39.95,1.335,3905.208,4388,31540.65,21211.25,76595.4,142.85,140980.21,84.06
BTC-USDT-SWAP,fade,4H,0.005,0.008,0.01,1,0.0,10.0,148.0,0.15,-99.9,1710,943,767,55.15,99.97,0.972,-4.1,4388,158.69,7.22,0.48,-99.7,0.15,-68.07
BTC-USDT-SWAP,fade,4H,0.005,0.008,0.015,1,0.0,10.0,148.0,1.12,-99.24,1710,984,726,57.54,99.95,0.989,-4.073,4388,523.6,253.79,1.38,-99.74,1.12,-18.97
BTC-USDT-SWAP,fade,4H,0.005,0.008,0.02,1,0.0,10.0,148.0,2.91,-98.04,1710,996,714,58.25,99.95,0.994,-4.023,4388,584.02,294.61,4.13,-99.29,2.91,-29.67
BTC-USDT-SWAP,fade,4H,0.005,0.008,0.025,1,0.0,10.0,148.0,7.02,-95.26,1710,1003,707,58.65,99.85,0.995,-3.909,4388,460.08,210.86,8.5,-98.15,7.02,-17.44
BTC-USDT-SWAP,fade,4H,0.005,0.008,0.03,1,0.0,10.0,148.0,56.74,-61.66,1710,1010,700,59.06,99.81,0.999,-2.531,4388,1473.09,895.33,62.23,-95.78,56.74,-8.82
BTC-USDT-SWAP,fade,4H,0.005,0.01,0.01,1,0.0,10.0,148.0,0.0,-100.0,1710,801,909,46.84,100.0,0.912,-4.104,4388,13.03,-91.2,0.0,-100.0,0.0,-99.62
BTC-USDT-SWAP,fade,4H,0.005,0.01,0.015,1,0.0,10.0,148.0,0.0,-100.0,1710,837,873,48.95,100.0,0.928,-4.104,4388,23.12,-84.38,0.0,-100.0,0.0,-99.49
BTC-USDT-SWAP,fade,4H,0.005,0.01,0.02,1,0.0,10.0,148.0,0.0,-100.0,1710,844,866,49.36,100.0,0.94,-4.104,4388,25.37,-82.86,0.0,-100.0,0.0,-99.68
BTC-USDT-SWAP,fade,4H,0.005,0.01,0.025,1,0.0,10.0,148.0,0.0,-100.0,1710,850,860,49.71,100.0,0.934,-4.104,4388,17.71,-88.03,0.0,-99.99,0.0,-99.48
BTC-USDT-SWAP,fade,4H,0.005,0.01,0.03,1,0.0,10.0,148.0,0.0,-100.0,1710,854,856,49.94,100.0,0.96,-4.104,4388,61.48,-58.46,0.01,-99.99,0.0,-99.39
BTC-USDT-SWAP,fade,4H,0.005,0.015,0.01,1,0.0,10.0,148.0,0.0,-100.0,1710,666,1044,38.95,100.0,0.725,-4.104,4388,0.15,-99.9,0.0,-100.0,0.0,-100.0
BTC-USDT-SWAP,fade,4H,0.005,0.015,0.015,1,0.0,10.0,148.0,0.0,-100.0,1710,694,1016,40.58,100.0,0.653,-4.104,4388,0.03,-99.98,0.0,-100.0,0.0,-99.99
BTC-USDT-SWAP,fade,4H,0.005,0.015,0.02,1,0.0,10.0,148.0,0.0,-100.0,1710,700,1010,40.94,100.0,0.628,-4.104,4388,0.02,-99.99,0.0,-100.0,0.0,-100.0
BTC-USDT-SWAP,fade,4H,0.005,0.015,0.025,1,0.0,10.0,148.0,0.0,-100.0,1710,702,1008,41.05,100.0,0.636,-4.104,4388,0.01,-100.0,0.0,-100.0,0.0,-100.0
BTC-USDT-SWAP,fade,4H,0.005,0.015,0.03,1,0.0,10.0,148.0,0.0,-100.0,1710,705,1005,41.23,100.0,0.635,-4.104,4388,0.03,-99.98,0.0,-100.0,0.0,-100.0
BTC-USDT-SWAP,fade,4H,0.005,0.02,0.01,1,0.0,10.0,148.0,0.0,-100.0,1710,627,1083,36.67,100.0,0.686,-4.104,4388,0.04,-99.98,0.0,-100.0,0.0,-100.0
BTC-USDT-SWAP,fade,4H,0.005,0.02,0.015,1,0.0,10.0,148.0,0.0,-100.0,1710,657,1053,38.42,100.0,0.612,-4.104,4388,0.01,-99.99,0.0,-100.0,0.0,-100.0
BTC-USDT-SWAP,fade,4H,0.005,0.02,0.02,1,0.0,10.0,148.0,0.0,-100.0,1710,665,1045,38.89,100.0,0.59,-4.104,4388,0.01,-99.99,0.0,-100.0,0.0,-100.0
BTC-USDT-SWAP,fade,4H,0.005,0.02,0.025,1,0.0,10.0,148.0,0.0,-100.0,1710,666,1044,38.95,100.0,0.6,-4.104,4388,0.0,-100.0,0.0,-100.0,0.0,-100.0
BTC-USDT-SWAP,fade,4H,0.005,0.02,0.03,1,0.0,10.0,148.0,0.0,-100.0,1710,669,1041,39.12,100.0,0.596,-4.104,4388,0.01,-99.99,0.0,-100.0,0.0,-100.0
BTC-USDT-SWAP,fade,4H,0.005,0.03,0.01,1,0.0,10.0,148.0,0.0,-100.0,1710,618,1092,36.14,100.0,0.594,-4.104,4388,0.02,-99.99,0.0,-100.0,0.0,-100.0
BTC-USDT-SWAP,fade,4H,0.005,0.03,0.015,1,0.0,10.0,148.0,0.0,-100.0,1710,647,1063,37.84,100.0,0.519,-4.104,4388,0.0,-100.0,0.0,-100.0,0.0,-100.0
BTC-USDT-SWAP,fade,4H,0.005,0.03,0.02,1,0.0,10.0,148.0,0.0,-100.0,1710,656,1054,38.36,100.0,0.516,-4.104,4388,0.0,-100.0,0.0,-100.0,0.0,-100.0
BTC-USDT-SWAP,fade,4H,0.005,0.03,0.025,1,0.0,10.0,148.0,0.0,-100.0,1710,657,1053,38.42,100.0,0.534,-4.104,4388,0.0,-100.0,0.0,-100.0,0.0,-100.0
BTC-USDT-SWAP,fade,4H,0.005,0.03,0.03,1,0.0,10.0,148.0,0.0,-100.0,1710,660,1050,38.6,100.0,0.525,-4.104,4388,0.0,-100.0,0.0,-100.0,0.0,-100.0
BTC-USDT-SWAP,fade,4H,0.007,0.006,0.01,1,0.0,10.0,148.0,10366.38,6904.31,1272,880,392,69.18,93.73,1.111,283.351,4388,4084.32,2659.67,1271.29,-68.87,10366.38,715.43
BTC-USDT-SWAP,fade,4H,0.007,0.006,0.015,1,0.0,10.0,148.0,121696.6,82127.43,1272,930,342,73.11,49.25,1.396,3370.483,4388,42698.74,28750.5,74095.05,73.53,121696.6,64.24
BTC-USDT-SWAP,fade,4H,0.007,0.006,0.02,1,0.0,10.0,148.0,120776.92,81506.03,1272,937,335,73.66,51.72,1.397,3344.981,4388,33238.1,22358.18,73485.31,121.09,120776.92,64.36
BTC-USDT-SWAP,fade,4H,0.007,0.006,0.025,1,0.0,10.0,148.0,146799.15,99088.62,1272,947,325,74.45,41.77,1.494,4066.564,4388,42429.14,28568.34,94557.54,122.86,146799.15,55.25
BTC-USDT-SWAP,fade,4H,0.007,0.006,0.03,1,0.0,10.0,148.0,168989.26,114081.93,1272,953,319,74.92,38.09,1.583,4681.885,4388,49187.38,33134.72,111515.79,126.72,168989.26,51.54
BTC-USDT-SWAP,fade,4H,0.007,0.008,0.01,1,0.0,10.0,148.0,199.76,34.97,1272,733,539,57.63,98.27,1.002,1.435,4388,1327.11,796.7,74.6,-94.38,199.76,167.78
BTC-USDT-SWAP,fade,4H,0.007,0.008,0.015,1,0.0,10.0,148.0,45545.69,30674.11,1272,777,495,61.08,94.08,1.138,1258.856,4388,9636.94,6411.44,10645.63,10.47,45545.69,327.83
BTC-USDT-SWAP,fade,4H,0.007,0.008,0.02,1,0.0,10.0,148.0,28013.28,18827.89,1272,783,489,61.56,96.02,1.104,772.691,4388,5577.25,3668.41,5700.88,2.22,28013.28,391.39
BTC-USDT-SWAP,fade,4H,0.007,0.008,0.025,1,0.0,10.0,148.0,75656.02,51018.93,1272,793,479,62.34,83.28,1.199,2093.8,4388,7973.89,5287.76,33219.24,316.6,75656.02,127.75
BTC-USDT-SWAP,fade,4H,0.007,0.008,0.03,1,0.0,10.0,148.0,94701.04,63887.19,1272,797,475,62.66,59.32,1.25,2621.909,4388,8943.63,5942.99,48692.71,444.44,94701.04,94.49
BTC-USDT-SWAP,fade,4H,0.007,0.01,0.01,1,0.0,10.0,148.0,0.23,-99.84,1272,634,638,49.84,99.92,0.933,-4.098,4388,60.8,-58.92,0.38,-99.37,0.23,-39.3
BTC-USDT-SWAP,fade,4H,0.007,0.01,0.015,1,0.0,10.0,148.0,8.23,-94.44,1272,670,602,52.67,99.67,0.985,-3.876,4388,352.95,138.48,8.23,-97.67,8.23,-0.03
BTC-USDT-SWAP,fade,4H,0.007,0.01,0.02,1,0.0,10.0,148.0,2.71,-98.17,1272,676,596,53.14,99.72,0.979,-4.029,4388,170.95,15.51,4.76,-97.21,2.71,-43.14
BTC-USDT-SWAP,fade,4H,0.007,0.01,0.025,1,0.0,10.0,148.0,14.5,-90.2,1272,685,587,53.85,99.51,0.989,-3.702,4388,239.35,61.73,19.85,-91.7,14.5,-26.96
BTC-USDT-SWAP,fade,4H,0.007,0.01,0.03,1,0.0,10.0,148.0,40.21,-72.83,1272,690,582,54.25,99.29,0.995,-2.989,4388,370.36,150.24,50.77,-86.29,40.21,-20.79
BTC-USDT-SWAP,fade,4H,0.007,0.015,0.01,1,0.0,10.0,148.0,0.0,-100.0,1272,494,778,38.84,100.0,0.723,-4.104,4388,0.79,-99.46,0.0,-100.0,0.0,-99.9
BTC-USDT-SWAP,fade,4H,0.007,0.015,0.015,1,0.0,10.0,148.0,0.0,-100.0,1272,519,753,40.8,100.0,0.684,-4.104,4388,0.94,-99.36,0.0,-100.0,0.0,-99.82
BTC-USDT-SWAP,fade,4H,0.007,0.015,0.02,1,0.0,10.0,148.0,0.0,-100.0,1272,523,749,41.12,100.0,0.652,-4.104,4388,0.29,-99.8,0.0,-100.0,0.0,-99.91
BTC-USDT-SWAP,fade,4H,0.007,0.015,0.025,1,0.0,10.0,148.0,0.0,-100.0,1272,528,744,41.51,100.0,0.657,-4.104,4388,0.31,-99.79,0.0,-100.0,0.0,-99.91
BTC-USDT-SWAP,fade,4H,0.007,0.015,0.03,1,0.0,10.0,148.0,0.0,-100.0,1272,530,742,41.67,100.0,0.646,-4.104,4388,0.47,-99.68,0.0,-100.0,0.0,-99.9
BTC-USDT-SWAP,fade,4H,0.007,0.02,0.01,1,0.0,10.0,148.0,0.0,-100.0,1272,468,804,36.79,100.0,0.626,-4.104,4388,0.17,-99.89,0.0,-100.0,0.0,-99.96
BTC-USDT-SWAP,fade,4H,0.007,0.02,0.015,1,0.0,10.0,148.0,0.0,-100.0,1272,492,780,38.68,100.0,0.583,-4.104,4388,0.2,-99.87,0.0,-100.0,0.0,-99.94
BTC-USDT-SWAP,fade,4H,0.007,0.02,0.02,1,0.0,10.0,148.0,0.0,-100.0,1272,497,775,39.07,100.0,0.569,-4.104,4388,0.06,-99.96,0.0,-100.0,0.0,-99.97
BTC-USDT-SWAP,fade,4H,0.007,0.02,0.025,1,0.0,10.0,148.0,0.0,-100.0,1272,499,773,39.23,100.0,0.569,-4.104,4388,0.06,-99.96,0.0,-100.0,0.0,-99.98
BTC-USDT-SWAP,fade,4H,0.007,0.02,0.03,1,0.0,10.0,148.0,0.0,-100.0,1272,500,772,39.31,100.0,0.55,-4.104,4388,0.1,-99.93,0.0,-100.0,0.0,-99.98
BTC-USDT-SWAP,fade,4H,0.007,0.03,0.01,1,0.0,10.0,148.0,0.0,-100.0,1272,454,818,35.69,100.0,0.548,-4.104,4388,0.11,-99.92,0.0,-100.0,0.0,-99.98
BTC-USDT-SWAP,fade,4H,0.007,0.03,0.015,1,0.0,10.0,148.0,0.0,-100.0,1272,477,795,37.5,100.0,0.538,-4.104,4388,0.12,-99.92,0.0,-100.0,0.0,-99.97
BTC-USDT-SWAP,fade,4H,0.007,0.03,0.02,1,0.0,10.0,148.0,0.0,-100.0,1272,483,789,37.97,100.0,0.524,-4.104,4388,0.04,-99.97,0.0,-100.0,0.0,-99.99
BTC-USDT-SWAP,fade,4H,0.007,0.03,0.025,1,0.0,10.0,148.0,0.0,-100.0,1272,485,787,38.13,100.0,0.523,-4.104,4388,0.04,-99.97,0.0,-100.0,0.0,-99.99
BTC-USDT-SWAP,fade,4H,0.007,0.03,0.03,1,0.0,10.0,148.0,0.0,-100.0,1272,486,786,38.21,100.0,0.502,-4.104,4388,0.06,-99.96,0.0,-100.0,0.0,-100.0
BTC-USDT-SWAP,fade,4H,0.01,0.006,0.01,1,0.0,10.0,148.0,67411.77,45448.5,841,631,210,75.03,60.39,1.425,1865.191,4388,5029.78,3298.5,25432.14,405.63,67411.77,165.07
BTC-USDT-SWAP,fade,4H,0.01,0.006,0.015,1,0.0,10.0,148.0,110579.15,74615.64,841,663,178,78.83,50.69,1.669,3062.201,4388,8804.56,5849.03,62881.92,614.2,110579.15,75.85
BTC-USDT-SWAP,fade,4H,0.01,0.006,0.02,1,0.0,10.0,148.0,137351.73,92705.22,841,678,163,80.62,43.61,1.898,3804.592,4388,9157.64,6087.6,85688.35,835.7,137351.73,60.29
BTC-USDT-SWAP,fade,4H,0.01,0.006,0.025,1,0.0,10.0,148.0,180593.05,121922.33,841,689,152,81.93,27.3,2.254,5003.653,4388,33911.55,22813.21,116735.54,244.24,180593.05,54.7
BTC-USDT-SWAP,fade,4H,0.01,0.006,0.03,1,0.0,10.0,148.0,196597.36,132736.06,841,694,147,82.52,32.3,2.53,5447.444,4388,30780.54,20697.66,125304.53,307.09,196597.36,56.9
BTC-USDT-SWAP,fade,4H,0.01,0.008,0.01,1,0.0,10.0,148.0,30986.9,20837.1,841,536,305,63.73,84.48,1.168,855.148,4388,7022.94,4645.23,8973.78,27.78,30986.9,245.3
BTC-USDT-SWAP,fade,4H,0.01,0.008,0.015,1,0.0,10.0,148.0,93565.11,63119.67,841,566,275,67.3,41.65,1.373,2590.41,4388,15430.6,10326.08,59789.66,287.47,93565.11,56.49
BTC-USDT-SWAP,fade,4H,0.01,0.008,0.02,1,0.0,10.0,148.0,112352.24,75813.68,841,579,262,68.85,44.39,1.463,3111.368,4388,15000.56,10035.51,73235.24,388.22,112352.24,53.41
BTC-USDT-SWAP,fade,4H,0.01,0.008,0.025,1,0.0,10.0,148.0,162032.99,109381.75,841,590,251,70.15,28.71,1.667,4488.991,4388,51408.04,34635.17,119400.36,132.26,162032.99,35.71
BTC-USDT-SWAP,fade,4H,0.01,0.008,0.03,1,0.0,10.0,148.0,172139.35,116210.37,841,594,247,70.63,34.66,1.736,4769.236,4388,48120.06,32413.55,123721.41,157.11,172139.35,39.13
BTC-USDT-SWAP,fade,4H,0.01,0.01,0.01,1,0.0,10.0,148.0,4344.15,2835.23,841,476,365,56.6,93.38,1.035,116.357,4388,8048.24,5338.0,2331.94,-71.03,4344.15,86.29
BTC-USDT-SWAP,fade,4H,0.01,0.01,0.015,1,0.0,10.0,148.0,17911.76,12002.54,841,499,342,59.33,93.69,1.092,492.58,4388,7662.07,5077.07,8406.36,9.71,17911.76,113.07
BTC-USDT-SWAP,fade,4H,0.01,0.01,0.02,1,0.0,10.0,148.0,55509.54,37406.44,841,511,330,60.76,57.43,1.195,1535.148,4388,7666.28,5079.92,25814.92,236.73,55509.54,115.03
BTC-USDT-SWAP,fade,4H,0.01,0.01,0.025,1,0.0,10.0,148.0,102357.24,69060.3,841,520,321,61.83,38.02,1.319,2834.212,4388,32298.85,21723.55,69297.01,114.55,102357.24,47.71
BTC-USDT-SWAP,fade,4H,0.01,0.01,0.03,1,0.0,10.0,148.0,112200.97,75711.47,841,525,316,62.43,52.41,1.364,3107.174,4388,23837.91,16006.69,73505.42,208.36,112200.97,52.64
BTC-USDT-SWAP,fade,4H,0.01,0.015,0.01,1,0.0,10.0,148.0,0.04,-99.97,841,371,470,44.11,99.99,0.918,-4.103,4388,74.7,-49.53,0.38,-99.49,0.04,-89.97
BTC-USDT-SWAP,fade,4H,0.01,0.015,0.015,1,0.0,10.0,148.0,0.03,-99.98,841,387,454,46.02,99.99,0.915,-4.103,4388,61.49,-58.45,0.4,-99.34,0.03,-92.51
BTC-USDT-SWAP,fade,4H,0.01,0.015,0.02,1,0.0,10.0,148.0,0.04,-99.97,841,395,446,46.97,99.99,0.894,-4.103,4388,30.55,-79.36,0.39,-98.72,0.04,-90.29
BTC-USDT-SWAP,fade,4H,0.01,0.015,0.025,1,0.0,10.0,148.0,0.12,-99.92,841,400,441,47.56,99.99,0.951,-4.101,4388,118.26,-20.1,1.14,-99.03,0.12,-89.44
BTC-USDT-SWAP,fade,4H,0.01,0.015,0.03,1,0.0,10.0,148.0,0.18,-99.88,841,404,437,48.04,99.98,0.933,-4.099,4388,68.8,-53.52,1.01,-98.54,0.18,-82.5
BTC-USDT-SWAP,fade,4H,0.01,0.02,0.01,1,0.0,10.0,148.0,0.0,-100.0,841,336,505,39.95,100.0,0.708,-4.104,4388,5.49,-96.29,0.0,-99.95,0.0,-97.81
BTC-USDT-SWAP,fade,4H,0.01,0.02,0.015,1,0.0,10.0,148.0,0.0,-100.0,841,351,490,41.74,100.0,0.665,-4.104,4388,4.0,-97.3,0.0,-99.97,0.0,-98.97
BTC-USDT-SWAP,fade,4H,0.01,0.02,0.02,1,0.0,10.0,148.0,0.0,-100.0,841,355,486,42.21,100.0,0.631,-4.104,4388,1.37,-99.08,0.0,-99.96,0.0,-99.33
BTC-USDT-SWAP,fade,4H,0.01,0.02,0.025,1,0.0,10.0,148.0,0.0,-100.0,841,359,482,42.69,100.0,0.714,-4.104,4388,7.22,-95.12,0.0,-99.97,0.0,-99.39
BTC-USDT-SWAP,fade,4H,0.01,0.02,0.03,1,0.0,10.0,148.0,0.0,-100.0,841,361,480,42.93,100.0,0.669,-4.104,4388,3.91,-97.36,0.0,-99.97,0.0,-99.27
BTC-USDT-SWAP,fade,4H,0.01,0.03,0.01,1,0.0,10.0,148.0,0.0,-100.0,841,325,516,38.64,100.0,0.573,-4.104,4388,2.06,-98.61,0.0,-99.99,0.0,-97.49
BTC-USDT-SWAP,fade,4H,0.01,0.03,0.015,1,0.0,10.0,148.0,0.0,-100.0,841,342,499,40.67,100.0,0.57,-4.104,4388,1.86,-98.75,0.0,-99.99,0.0,-98.89
BTC-USDT-SWAP,fade,4H,0.01,0.03,0.02,1,0.0,10.0,148.0,0.0,-100.0,841,345,496,41.02,100.0,0.563,-4.104,4388,0.69,-99.53,0.0,-99.99,0.0,-99.27
BTC-USDT-SWAP,fade,4H,0.01,0.03,0.025,1,0.0,10.0,148.0,0.0,-100.0,841,349,492,41.5,100.0,0.627,-4.104,4388,3.28,-97.78,0.0,-99.99,0.0,-99.37
BTC-USDT-SWAP,fade,4H,0.01,0.03,0.03,1,0.0,10.0,148.0,0.0,-100.0,841,351,490,41.74,100.0,0.585,-4.104,4388,1.78,-98.8,0.0,-99.99,0.0,-99.24
BTC-USDT-SWAP,reversal,6H,0.001,0.006,0.01,1,0.0,10.0,148.0,0.0,-100.0,1658,1010,648,60.92,100.0,0.893,-4.093,2934,24.33,-83.56,0.01,-99.96,0.0,-99.28
BTC-USDT-SWAP,reversal,6H,0.001,0.006,0.015,1,0.0,10.0,148.0,0.0,-100.0,1658,1070,588,64.54,100.0,0.959,-4.093,2934,146.13,-1.27,0.18,-99.87,0.0,-97.4
BTC-USDT-SWAP,reversal,6H,0.001,0.006,0.02,1,0.0,10.0,148.0,0.01,-99.99,1658,1087,571,65.56,100.0,0.975,-4.092,2934,409.54,176.71,0.28,-99.93,0.01,-95.78
BTC-USDT-SWAP,reversal,6H,0.001,0.006,0.025,1,0.0,10.0,148.0,0.01,-99.99,1658,1093,565,65.92,100.0,0.978,-4.093,2934,381.15,157.53,0.19,-99.95,0.01,-95.64
BTC-USDT-SWAP,reversal,6H,0.001,0.006,0.03,1,0.0,10.0,148.0,0.03,-99.98,1658,1098,560,66.22,100.0,0.984,-4.092,2934,493.15,233.21,0.61,-99.88,0.03,-95.6
BTC-USDT-SWAP,reversal,6H,0.001,0.008,0.01,1,0.0,10.0,148.0,0.0,-100.0,1658,859,799,51.81,100.0,0.858,-4.093,2934,5.89,-96.02,0.0,-100.0,0.0,-99.81
BTC-USDT-SWAP,reversal,6H,0.001,0.008,0.015,1,0.0,10.0,148.0,0.0,-100.0,1658,903,755,54.46,100.0,0.861,-4.093,2934,10.51,-92.9,0.0,-100.0,0.0,-99.5
BTC-USDT-SWAP,reversal,6H,0.001,0.008,0.02,1,0.0,10.0,148.0,0.0,-100.0,1658,919,739,55.43,100.0,0.911,-4.093,2934,49.18,-66.77,0.0,-100.0,0.0,-99.63
BTC-USDT-SWAP,reversal,6H,0.001,0.008,0.025,1,0.0,10.0,148.0,0.0,-100.0,1658,926,732,55.85,100.0,0.912,-4.093,2934,42.87,-71.04,0.0,-100.0,0.0,-99.73
BTC-USDT-SWAP,reversal,6H,0.001,0.008,0.03,1,0.0,10.0,148.0,0.0,-100.0,1658,931,727,56.15,100.0,0.941,-4.093,2934,65.26,-55.91,0.0,-100.0,0.0,-99.81
BTC-USDT-SWAP,reversal,6H,0.001,0.01,0.01,1,0.0,10.0,148.0,0.0,-100.0,1658,765,893,46.14,100.0,0.835,-4.093,2934,2.07,-98.6,0.0,-100.0,0.0,-99.96
BTC-USDT-SWAP,reversal,6H,0.001,0.01,0.015,1,0.0,10.0,148.0,0.0,-100.0,1658,812,846,48.97,100.0,0.862,-4.093,2934,4.43,-97.01,0.0,-100.0,0.0,-99.92
BTC-USDT-SWAP,reversal,6H,0.001,0.01,0.02,1,0.0,10.0,148.0,0.0,-100.0,1658,827,831,49.88,100.0,0.898,-4.093,2934,12.37,-91.64,0.0,-100.0,0.0,-99.95
BTC-USDT-SWAP,reversal,6H,0.001,0.01,0.025,1,0.0,10.0,148.0,0.0,-100.0,1658,834,824,50.3,100.0,0.875,-4.093,2934,6.23,-95.79,0.0,-100.0,0.0,-99.97
BTC-USDT-SWAP,reversal,6H,0.001,0.01,0.03,1,0.0,10.0,148.0,0.0,-100.0,1658,838,820,50.54,100.0,0.893,-4.093,2934,4.85,-96.72,0.0,-100.0,0.0,-99.98
BTC-USDT-SWAP,reversal,6H,0.001,0.015,0.01,1,0.0,10.0,148.0,0.0,-100.0,1658,669,989,40.35,100.0,0.684,-4.093,2934,0.08,-99.95,0.0,-100.0,0.0,-99.99
BTC-USDT-SWAP,reversal,6H,0.001,0.015,0.015,1,0.0,10.0,148.0,0.0,-100.0,1658,710,948,42.82,100.0,0.703,-4.093,2934,0.05,-99.96,0.0,-100.0,0.0,-99.99
BTC-USDT-SWAP,reversal,6H,0.001,0.015,0.02,1,0.0,10.0,148.0,0.0,-100.0,1658,724,934,43.67,100.0,0.699,-4.093,2934,0.05,-99.97,0.0,-100.0,0.0,-99.99
BTC-USDT-SWAP,reversal,6H,0.001,0.015,0.025,1,0.0,10.0,148.0,0.0,-100.0,1658,730,928,44.03,100.0,0.665,-4.093,2934,0.01,-99.99,0.0,-100.0,0.0,-99.99
BTC-USDT-SWAP,reversal,6H,0.001,0.015,0.03,1,0.0,10.0,148.0,0.0,-100.0,1658,732,926,44.15,100.0,0.684,-4.093,2934,0.01,-99.99,0.0,-100.0,0.0,-100.0
BTC-USDT-SWAP,reversal,6H,0.001,0.02,0.01,1,0.0,10.0,148.0,0.0,-100.0,1658,640,1018,38.6,100.0,0.519,-4.093,2934,0.02,-99.99,0.0,-100.0,0.0,-100.0
BTC-USDT-SWAP,reversal,6H,0.001,0.02,0.015,1,0.0,10.0,148.0,0.0,-100.0,1658,682,976,41.13,100.0,0.515,-4.093,2934,0.01,-99.99,0.0,-100.0,0.0,-99.99
BTC-USDT-SWAP,reversal,6H,0.001,0.02,0.02,1,0.0,10.0,148.0,0.0,-100.0,1658,695,963,41.92,100.0,0.491,-4.093,2934,0.01,-99.99,0.0,-100.0,0.0,-100.0
BTC-USDT-SWAP,reversal,6H,0.001,0.02,0.025,1,0.0,10.0,148.0,0.0,-100.0,1658,700,958,42.22,100.0,0.474,-4.093,2934,0.0,-100.0,0.0,-100.0,0.0,-100.0
BTC-USDT-SWAP,reversal,6H,0.001,0.02,0.03,1,0.0,10.0,148.0,0.0,-100.0,1658,701,957,42.28,100.0,0.496,-4.093,2934,0.0,-100.0,0.0,-100.0,0.0,-100.0
BTC-USDT-SWAP,reversal,6H,0.001,0.03,0.01,1,0.0,10.0,148.0,0.0,-100.0,1658,629,1029,37.94,100.0,0.588,-4.093,2934,0.01,-99.99,0.0,-100.0,0.0,-100.0
BTC-USDT-SWAP,reversal,6H,0.001,0.03,0.015,1,0.0,10.0,148.0,0.0,-100.0,1658,671,987,40.47,100.0,0.615,-4.093,2934,0.01,-99.99,0.0,-100.0,0.0,-100.0
BTC-USDT-SWAP,reversal,6H,0.001,0.03,0.02,1,0.0,10.0,148.0,0.0,-100.0,1658,685,973,41.31,100.0,0.592,-4.093,2934,0.01,-99.99,0.0,-100.0,0.0,-100.0
BTC-USDT-SWAP,reversal,6H,0.001,0.03,0.025,1,0.0,10.0,148.0,0.0,-100.0,1658,689,969,41.56,100.0,0.567,-4.093,2934,0.0,-100.0,0.0,-100.0,0.0,-100.0
BTC-USDT-SWAP,reversal,6H,0.001,0.03,0.03,1,0.0,10.0,148.0,0.0,-100.0,1658,690,968,41.62,100.0,0.583,-4.093,2934,0.0,-100.0,0.0,-100.0,0.0,-100.0
BTC-USDT-SWAP,reversal,6H,0.002,0.006,0.01,1,0.0,10.0,148.0,1.34,-99.09,1433,931,502,64.97,99.7,0.954,-4.056,2934,113.44,-23.35,8.54,-92.47,1.34,-84.28
BTC-USDT-SWAP,reversal,6H,0.002,0.006,0.015,1,0.0,10.0,148.0,38.85,-73.75,1433,978,455,68.25,99.17,0.994,-3.018,2934,810.27,447.48,64.92,-91.99,38.85,-40.15
BTC-USDT-SWAP,reversal,6H,0.002,0.006,0.02,1,0.0,10.0,148.0,236.56,59.84,1433,993,440,69.3,99.29,1.001,2.449,2934,3264.61,2105.82,199.12,-93.9,236.56,18.8
BTC-USDT-SWAP,reversal,6H,0.002,0.006,0.025,1,0.0,10.0,148.0,237.44,60.43,1433,999,434,69.71,99.33,1.001,2.473,2934,2855.31,1829.26,221.11,-92.26,237.44,7.39
BTC-USDT-SWAP,reversal,6H,0.002,0.006,0.03,1,0.0,10.0,148.0,305.63,106.5,1433,1003,430,69.99,99.27,1.001,4.359,2934,3180.86,2049.23,316.9,-90.04,305.63,-3.56
BTC-USDT-SWAP,reversal,6H,0.002,0.008,0.01,1,0.0,10.0,148.0,0.0,-100.0,1433,759,674,52.97,100.0,0.906,-4.093,2934,10.76,-92.73,0.01,-99.92,0.0,-98.9
BTC-USDT-SWAP,reversal,6H,0.002,0.008,0.015,1,0.0,10.0,148.0,0.0,-100.0,1433,799,634,55.76,100.0,0.957,-4.093,2934,53.89,-63.59,0.03,-99.95,0.0,-97.39
BTC-USDT-SWAP,reversal,6H,0.002,0.008,0.02,1,0.0,10.0,148.0,0.0,-100.0,1433,812,621,56.66,100.0,0.965,-4.093,2934,151.82,2.58,0.04,-99.97,0.0,-96.94
BTC-USDT-SWAP,reversal,6H,0.002,0.008,0.025,1,0.0,10.0,148.0,0.0,-100.0,1433,818,615,57.08,100.0,0.975,-4.093,2934,179.16,21.06,0.06,-99.96,0.0,-97.72
BTC-USDT-SWAP,reversal,6H,0.002,0.008,0.03,1,0.0,10.0,148.0,0.0,-100.0,1433,822,611,57.36,100.0,0.979,-4.093,2934,180.71,22.1,0.09,-99.95,0.0,-98.18
BTC-USDT-SWAP,reversal,6H,0.002,0.01,0.01,1,0.0,10.0,148.0,0.0,-100.0,1433,665,768,46.41,100.0,0.864,-4.093,2934,2.97,-98.0,0.0,-100.0,0.0,-99.91
BTC-USDT-SWAP,reversal,6H,0.002,0.01,0.015,1,0.0,10.0,148.0,0.0,-100.0,1433,703,730,49.06,100.0,0.883,-4.093,2934,8.37,-94.34,0.0,-100.0,0.0,-99.74
BTC-USDT-SWAP,reversal,6H,0.002,0.01,0.02,1,0.0,10.0,148.0,0.0,-100.0,1433,717,716,50.03,100.0,0.908,-4.093,2934,24.44,-83.49,0.0,-100.0,0.0,-99.73
BTC-USDT-SWAP,reversal,6H,0.002,0.01,0.025,1,0.0,10.0,148.0,0.0,-100.0,1433,723,710,50.45,100.0,0.91,-4.093,2934,15.36,-89.62,0.0,-100.0,0.0,-99.85
BTC-USDT-SWAP,reversal,6H,0.002,0.01,0.03,1,0.0,10.0,148.0,0.0,-100.0,1433,727,706,50.73,100.0,0.915,-4.093,2934,12.18,-91.77,0.0,-100.0,0.0,-99.92
BTC-USDT-SWAP,reversal,6H,0.002,0.015,0.01,1,0.0,10.0,148.0,0.0,-100.0,1433,573,860,39.99,100.0,0.691,-4.093,2934,0.16,-99.89,0.0,-100.0,0.0,-99.93
BTC-USDT-SWAP,reversal,6H,0.002,0.015,0.015,1,0.0,10.0,148.0,0.0,-100.0,1433,604,829,42.15,100.0,0.697,-4.093,2934,0.17,-99.88,0.0,-100.0,0.0,-99.94
BTC-USDT-SWAP,reversal,6H,0.002,0.015,0.02,1,0.0,10.0,148.0,0.0,-100.0,1433,620,813,43.27,100.0,0.715,-4.093,2934,0.28,-99.81,0.0,-100.0,0.0,-99.94
BTC-USDT-SWAP,reversal,6H,0.002,0.015,0.025,1,0.0,10.0,148.0,0.0,-100.0,1433,625,808,43.61,100.0,0.706,-4.093,2934,0.11,-99.93,0.0,-100.0,0.0,-99.96
BTC-USDT-SWAP,reversal,6H,0.002,0.015,0.03,1,0.0,10.0,148.0,0.0,-100.0,1433,627,806,43.75,100.0,0.672,-4.093,2934,0.04,-99.97,0.0,-100.0,0.0,-99.98
BTC-USDT-SWAP,reversal,6H,0.002,0.02,0.01,1,0.0,10.0,148.0,0.0,-100.0,1433,546,887,38.1,100.0,0.611,-4.093,2934,0.06,-99.96,0.0,-100.0,0.0,-99.98
BTC-USDT-SWAP,reversal,6H,0.002,0.02,0.015,1,0.0,10.0,148.0,0.0,-100.0,1433,580,853,40.47,100.0,0.587,-4.093,2934,0.04,-99.97,0.0,-100.0,0.0,-99.97
BTC-USDT-SWAP,reversal,6H,0.002,0.02,0.02,1,0.0,10.0,148.0,0.0,-100.0,1433,595,838,41.52,100.0,0.589,-4.093,2934,0.05,-99.97,0.0,-100.0,0.0,-99.97
BTC-USDT-SWAP,reversal,6H,0.002,0.02,0.025,1,0.0,10.0,148.0,0.0,-100.0,1433,599,834,41.8,100.0,0.599,-4.093,2934,0.02,-99.99,0.0,-100.0,0.0,-99.98
BTC-USDT-SWAP,reversal,6H,0.002,0.02,0.03,1,0.0,10.0,148.0,0.0,-100.0,1433,601,832,41.94,100.0,0.557,-4.093,2934,0.01,-100.0,0.0,-100.0,0.0,-99.99
BTC-USDT-SWAP,reversal,6H,0.002,0.03,0.01,1,0.0,10.0,148.0,0.0,-100.0,1433,532,901,37.12,100.0,0.671,-4.093,2934,0.03,-99.98,0.0,-100.0,0.0,-99.99
BTC-USDT-SWAP,reversal,6H,0.002,0.03,0.015,1,0.0,10.0,148.0,0.0,-100.0,1433,566,867,39.5,100.0,0.677,-4.093,2934,0.02,-99.98,0.0,-100.0,0.0,-99.99
BTC-USDT-SWAP,reversal,6H,0.002,0.03,0.02,1,0.0,10.0,148.0,0.0,-100.0,1433,582,851,40.61,100.0,0.678,-4.093,2934,0.02,-99.98,0.0,-100.0,0.0,-99.99
BTC-USDT-SWAP,reversal,6H,0.002,0.03,0.025,1,0.0,10.0,148.0,0.0,-100.0,1433,585,848,40.82,100.0,0.684,-4.093,2934,0.01,-99.99,0.0,-100.0,0.0,-99.99
BTC-USDT-SWAP,reversal,6H,0.002,0.03,0.03,1,0.0,10.0,148.0,0.0,-100.0,1433,587,846,40.96,100.0,0.641,-4.093,2934,0.0,-100.0,0.0,-100.0,0.0,-100.0
BTC-USDT-SWAP,reversal,6H,0.003,0.006,0.01,1,0.0,10.0,148.0,924.46,524.63,1275,882,393,69.18,91.99,1.03,21.472,2934,713.82,382.31,518.39,-27.38,924.46,78.33
BTC-USDT-SWAP,reversal,6H,0.003,0.006,0.015,1,0.0,10.0,148.0,39237.96,26412.13,1275,928,347,72.78,87.64,1.157,1080.988,2934,4566.27,2985.31,8064.37,76.61,39237.96,386.56
BTC-USDT-SWAP,reversal,6H,0.003,0.006,0.02,1,0.0,10.0,148.0,77964.61,52578.79,1275,940,335,73.73,76.13,1.25,2151.929,2934,8229.62,5460.56,21507.34,161.34,77964.61,262.5
BTC-USDT-SWAP,reversal,6H,0.003,0.006,0.025,1,0.0,10.0,148.0,108137.55,72965.91,1275,951,324,74.59,59.8,1.363,2986.327,2934,9888.86,6581.67,54822.85,454.39,108137.55,97.25
BTC-USDT-SWAP,reversal,6H,0.003,0.006,0.03,1,0.0,10.0,148.0,119831.64,80867.32,1275,956,319,74.98,46.82,1.397,3309.713,2934,17443.82,11686.36,66366.93,280.46,119831.64,80.56
BTC-USDT-SWAP,reversal,6H,0.003,0.008,0.01,1,0.0,10.0,148.0,0.18,-99.88,1275,723,552,56.71,99.98,0.957,-4.088,2934,119.84,-19.03,1.21,-98.99,0.18,-85.31
BTC-USDT-SWAP,reversal,6H,0.003,0.008,0.015,1,0.0,10.0,148.0,1.8,-98.78,1275,765,510,60.0,99.87,0.982,-4.043,2934,417.74,182.25,4.56,-98.91,1.8,-60.52
BTC-USDT-SWAP,reversal,6H,0.003,0.008,0.02,1,0.0,10.0,148.0,2.87,-98.06,1275,776,499,60.86,99.94,0.989,-4.013,2934,784.3,429.93,3.38,-99.57,2.87,-14.99
BTC-USDT-SWAP,reversal,6H,0.003,0.008,0.025,1,0.0,10.0,148.0,4.83,-96.73,1275,783,492,61.41,99.88,0.993,-3.959,2934,932.89,530.33,9.06,-99.03,4.83,-46.64
BTC-USDT-SWAP,reversal,6H,0.003,0.008,0.03,1,0.0,10.0,148.0,4.42,-97.01,1275,787,488,61.73,99.91,0.995,-3.97,2934,1502.56,915.24,8.9,-99.41,4.42,-50.28
BTC-USDT-SWAP,reversal,6H,0.003,0.01,0.01,1,0.0,10.0,148.0,0.0,-100.0,1275,628,647,49.25,100.0,0.872,-4.093,2934,10.13,-93.15,0.01,-99.89,0.0,-97.89
BTC-USDT-SWAP,reversal,6H,0.003,0.01,0.015,1,0.0,10.0,148.0,0.0,-100.0,1275,666,609,52.24,100.0,0.913,-4.093,2934,31.85,-78.48,0.03,-99.91,0.0,-96.94
BTC-USDT-SWAP,reversal,6H,0.003,0.01,0.02,1,0.0,10.0,148.0,0.0,-100.0,1275,675,600,52.94,100.0,0.914,-4.093,2934,49.06,-66.85,0.01,-99.98,0.0,-96.13
BTC-USDT-SWAP,reversal,6H,0.003,0.01,0.025,1,0.0,10.0,148.0,0.0,-100.0,1275,684,591,53.65,100.0,0.955,-4.093,2934,77.28,-47.78,0.07,-99.91,0.0,-97.64
BTC-USDT-SWAP,reversal,6H,0.003,0.01,0.03,1,0.0,10.0,148.0,0.0,-100.0,1275,688,587,53.96,100.0,0.963,-4.093,2934,104.35,-29.49,0.06,-99.94,0.0,-98.33
BTC-USDT-SWAP,reversal,6H,0.003,0.015,0.01,1,0.0,10.0,148.0,0.0,-100.0,1275,537,738,42.12,100.0,0.833,-4.093,2934,2.68,-98.19,0.0,-100.0,0.0,-99.49
BTC-USDT-SWAP,reversal,6H,0.003,0.015,0.015,1,0.0,10.0,148.0,0.0,-100.0,1275,572,703,44.86,100.0,0.859,-4.093,2934,3.76,-97.46,0.0,-100.0,0.0,-99.58
BTC-USDT-SWAP,reversal,6H,0.003,0.015,0.02,1,0.0,10.0,148.0,0.0,-100.0,1275,584,691,45.8,100.0,0.843,-4.093,2934,4.26,-97.12,0.0,-100.0,0.0,-99.59
BTC-USDT-SWAP,reversal,6H,0.003,0.015,0.025,1,0.0,10.0,148.0,0.0,-100.0,1275,590,685,46.27,100.0,0.84,-4.093,2934,2.1,-98.58,0.0,-100.0,0.0,-99.76
BTC-USDT-SWAP,reversal,6H,0.003,0.015,0.03,1,0.0,10.0,148.0,0.0,-100.0,1275,594,681,46.59,100.0,0.822,-4.093,2934,1.82,-98.77,0.0,-100.0,0.0,-99.86
BTC-USDT-SWAP,reversal,6H,0.003,0.02,0.01,1,0.0,10.0,148.0,0.0,-100.0,1275,508,767,39.84,100.0,0.553,-4.093,2934,0.42,-99.72,0.0,-100.0,0.0,-99.83
BTC-USDT-SWAP,reversal,6H,0.003,0.02,0.015,1,0.0,10.0,148.0,0.0,-100.0,1275,541,734,42.43,100.0,0.598,-4.093,2934,0.3,-99.8,0.0,-100.0,0.0,-99.85
BTC-USDT-SWAP,reversal,6H,0.003,0.02,0.02,1,0.0,10.0,148.0,0.0,-100.0,1275,551,724,43.22,100.0,0.562,-4.093,2934,0.21,-99.86,0.0,-100.0,0.0,-99.86
BTC-USDT-SWAP,reversal,6H,0.003,0.02,0.025,1,0.0,10.0,148.0,0.0,-100.0,1275,555,720,43.53,100.0,0.592,-4.093,2934,0.09,-99.94,0.0,-100.0,0.0,-99.92
BTC-USDT-SWAP,reversal,6H,0.003,0.02,0.03,1,0.0,10.0,148.0,0.0,-100.0,1275,557,718,43.69,100.0,0.554,-4.093,2934,0.07,-99.95,0.0,-100.0,0.0,-99.96
BTC-USDT-SWAP,reversal,6H,0.003,0.03,0.01,1,0.0,10.0,148.0,0.0,-100.0,1275,496,779,38.9,100.0,0.61,-4.093,2934,0.18,-99.88,0.0,-100.0,0.0,-99.88
BTC-USDT-SWAP,reversal,6H,0.003,0.03,0.015,1,0.0,10.0,148.0,0.0,-100.0,1275,528,747,41.41,100.0,0.623,-4.093,2934,0.1,-99.93,0.0,-100.0,0.0,-99.9
BTC-USDT-SWAP,reversal,6H,0.003,0.03,0.02,1,0.0,10.0,148.0,0.0,-100.0,1275,539,736,42.27,100.0,0.583,-4.093,2934,0.06,-99.96,0.0,-100.0,0.0,-99.89
BTC-USDT-SWAP,reversal,6H,0.003,0.03,0.025,1,0.0,10.0,148.0,0.0,-100.0,1275,542,733,42.51,100.0,0.608,-4.093,2934,0.02,-99.99,0.0,-100.0,0.0,-99.93
BTC-USDT-SWAP,reversal,6H,0.003,0.03,0.03,1,0.0,10.0,148.0,0.0,-100.0,1275,544,731,42.67,100.0,0.563,-4.093,2934,0.01,-99.99,0.0,-100.0,0.0,-99.96
BTC-USDT-SWAP,reversal,6H,0.005,0.006,0.01,1,0.0,10.0,148.0,69504.8,46862.71,979,734,245,74.97,53.83,1.373,1917.982,2934,2161.67,1360.59,40303.47,1764.46,69504.8,72.45
BTC-USDT-SWAP,reversal,6H,0.005,0.006,0.015,1,0.0,10.0,148.0,131494.53,88747.66,979,773,206,78.96,31.19,1.614,3632.237,2934,12547.95,8378.35,86260.87,587.45,131494.53,52.44
BTC-USDT-SWAP,reversal,6H,0.005,0.006,0.02,1,0.0,10.0,148.0,146830.28,99109.65,979,786,193,80.29,38.53,1.768,4056.33,2934,7063.65,4672.74,89773.03,1170.92,146830.28,63.56
BTC-USDT-SWAP,reversal,6H,0.005,0.006,0.025,1,0.0,10.0,148.0,180662.07,121968.96,979,797,182,81.41,38.65,1.965,4991.909,2934,15095.38,10099.58,128056.81,748.32,180662.07,41.08
BTC-USDT-SWAP,reversal,6H,0.005,0.006,0.03,1,0.0,10.0,148.0,191353.58,129192.96,979,801,178,81.82,46.79,2.082,5287.57,2934,17098.33,11452.93,137318.35,703.11,191353.58,39.35
BTC-USDT-SWAP,reversal,6H,0.005,0.008,0.01,1,0.0,10.0,148.0,44879.64,30224.08,979,632,347,64.56,77.02,1.276,1237.002,2934,1356.99,816.89,11051.74,714.43,44879.64,306.09
BTC-USDT-SWAP,reversal,6H,0.005,0.008,0.015,1,0.0,10.0,148.0,96238.9,64926.28,979,662,317,67.62,55.71,1.315,2657.283,2934,8089.01,5365.55,51099.29,531.71,96238.9,88.34
BTC-USDT-SWAP,reversal,6H,0.005,0.008,0.02,1,0.0,10.0,148.0,112256.16,75748.76,979,674,305,68.85,51.86,1.383,3100.222,2934,6281.25,4144.09,57905.73,821.88,112256.16,93.86
BTC-USDT-SWAP,reversal,6H,0.005,0.008,0.025,1,0.0,10.0,148.0,145649.97,98312.14,979,684,295,69.87,46.28,1.51,4023.689,2934,10526.51,7012.51,94510.0,797.83,145649.97,54.11
BTC-USDT-SWAP,reversal,6H,0.005,0.008,0.03,1,0.0,10.0,148.0,161694.64,109153.13,979,689,290,70.38,51.17,1.567,4467.386,2934,18125.99,12147.29,109574.7,504.52,161694.64,47.57
BTC-USDT-SWAP,reversal,6H,0.005,0.01,0.01,1,0.0,10.0,148.0,14.89,-89.94,979,531,448,54.24,98.75,0.98,-3.681,2934,242.03,63.53,24.05,-90.06,14.89,-38.08
BTC-USDT-SWAP,reversal,6H,0.005,0.01,0.015,1,0.0,10.0,148.0,39.76,-73.13,979,560,419,57.2,99.24,0.991,-2.993,2934,631.84,326.92,34.79,-94.49,39.76,14.28
BTC-USDT-SWAP,reversal,6H,0.005,0.01,0.02,1,0.0,10.0,148.0,14.85,-89.97,979,567,412,57.92,99.27,0.987,-3.682,2934,374.09,152.76,16.43,-95.61,14.85,-9.66
BTC-USDT-SWAP,reversal,6H,0.005,0.01,0.025,1,0.0,10.0,148.0,36.81,-75.13,979,573,406,58.53,99.12,0.994,-3.075,2934,565.81,282.3,58.71,-89.62,36.81,-37.31
BTC-USDT-SWAP,reversal,6H,0.005,0.01,0.03,1,0.0,10.0,148.0,52.16,-64.76,979,577,402,58.94,98.81,0.996,-2.65,2934,918.42,520.55,81.17,-91.16,52.16,-35.74
BTC-USDT-SWAP,reversal,6H,0.005,0.015,0.01,1,0.0,10.0,148.0,0.0,-100.0,979,431,548,44.02,100.0,0.839,-4.093,2934,14.83,-89.98,0.01,-99.96,0.0,-97.09
BTC-USDT-SWAP,reversal,6H,0.005,0.015,0.015,1,0.0,10.0,148.0,0.0,-100.0,979,455,524,46.48,100.0,0.849,-4.093,2934,13.91,-90.6,0.0,-99.97,0.0,-97.54
BTC-USDT-SWAP,reversal,6H,0.005,0.015,0.02,1,0.0,10.0,148.0,0.0,-100.0,979,463,516,47.29,100.0,0.827,-4.093,2934,10.6,-92.84,0.0,-99.98,0.0,-99.23
BTC-USDT-SWAP,reversal,6H,0.005,0.015,0.025,1,0.0,10.0,148.0,0.0,-100.0,979,467,512,47.7,100.0,0.817,-4.093,2934,4.98,-96.64,0.0,-99.95,0.0,-99.5
BTC-USDT-SWAP,reversal,6H,0.005,0.015,0.03,1,0.0,10.0,148.0,0.0,-100.0,979,469,510,47.91,100.0,0.809,-4.093,2934,5.61,-96.21,0.0,-99.96,0.0,-99.49
BTC-USDT-SWAP,reversal,6H,0.005,0.02,0.01,1,0.0,10.0,148.0,0.0,-100.0,979,394,585,40.25,100.0,0.569,-4.093,2934,1.55,-98.96,0.0,-100.0,0.0,-99.34
BTC-USDT-SWAP,reversal,6H,0.005,0.02,0.015,1,0.0,10.0,148.0,0.0,-100.0,979,416,563,42.49,100.0,0.569,-4.093,2934,0.8,-99.46,0.0,-100.0,0.0,-99.46
BTC-USDT-SWAP,reversal,6H,0.005,0.02,0.02,1,0.0,10.0,148.0,0.0,-100.0,979,424,555,43.31,100.0,0.523,-4.093,2934,0.52,-99.65,0.0,-100.0,0.0,-99.84
BTC-USDT-SWAP,reversal,6H,0.005,0.02,0.025,1,0.0,10.0,148.0,0.0,-100.0,979,427,552,43.62,100.0,0.56,-4.093,2934,0.27,-99.82,0.0,-100.0,0.0,-99.9
BTC-USDT-SWAP,reversal,6H,0.005,0.02,0.03,1,0.0,10.0,148.0,0.0,-100.0,979,429,550,43.82,100.0,0.527,-4.093,2934,0.34,-99.77,0.0,-100.0,0.0,-99.91
BTC-USDT-SWAP,reversal,6H,0.005,0.03,0.01,1,0.0,10.0,148.0,0.0,-100.0,979,382,597,39.02,100.0,0.586,-4.093,2934,0.4,-99.73,0.0,-100.0,0.0,-99.71
BTC-USDT-SWAP,reversal,6H,0.005,0.03,0.015,1,0.0,10.0,148.0,0.0,-100.0,979,403,576,41.16,100.0,0.582,-4.093,2934,0.21,-99.86,0.0,-100.0,0.0,-99.77
BTC-USDT-SWAP,reversal,6H,0.005,0.03,0.02,1,0.0,10.0,148.0,0.0,-100.0,979,410,569,41.88,100.0,0.53,-4.093,2934,0.11,-99.92,0.0,-100.0,0.0,-99.92
BTC-USDT-SWAP,reversal,6H,0.005,0.03,0.025,1,0.0,10.0,148.0,0.0,-100.0,979,412,567,42.08,100.0,0.568,-4.093,2934,0.05,-99.97,0.0,-100.0,0.0,-99.94
BTC-USDT-SWAP,reversal,6H,0.005,0.03,0.03,1,0.0,10.0,148.0,0.0,-100.0,979,413,566,42.19,100.0,0.527,-4.093,2934,0.04,-99.97,0.0,-100.0,0.0,-99.95
BTC-USDT-SWAP,reversal,6H,0.007,0.006,0.01,1,0.0,10.0,148.0,17496.39,11721.88,746,565,181,75.74,78.55,1.467,479.75,2934,786.79,431.61,2045.43,159.97,17496.39,755.39
BTC-USDT-SWAP,reversal,6H,0.007,0.006,0.015,1,0.0,10.0,148.0,95016.87,64100.59,746,606,140,81.23,38.54,1.589,2623.489,2934,8384.35,5565.1,43383.55,417.43,95016.87,119.02
BTC-USDT-SWAP,reversal,6H,0.007,0.006,0.02,1,0.0,10.0,148.0,124670.0,84136.49,746,621,125,83.24,29.73,1.832,3443.512,2934,11655.93,7775.63,68374.79,486.61,124670.0,82.33
BTC-USDT-SWAP,reversal,6H,0.007,0.006,0.025,1,0.0,10.0,148.0,142904.69,96457.23,746,628,118,84.18,27.0,1.966,3947.772,2934,19301.42,12941.5,85079.06,340.79,142904.69,67.97
BTC-USDT-SWAP,reversal,6H,0.007,0.006,0.03,1,0.0,10.0,148.0,161140.76,108778.89,746,632,114,84.72,32.0,2.204,4452.069,2934,25711.53,17272.66,103351.14,301.96,161140.76,55.92
BTC-USDT-SWAP,reversal,6H,0.007,0.008,0.01,1,0.0,10.0,148.0,23827.38,15999.58,746,496,250,66.49,90.87,1.274,654.826,2934,1451.27,880.59,4056.39,179.51,23827.38,487.4
BTC-USDT-SWAP,reversal,6H,0.007,0.008,0.015,1,0.0,10.0,148.0,97639.27,65872.48,746,530,216,71.05,59.22,1.443,2696.009,2934,10513.58,7003.77,45497.14,332.75,97639.27,114.61
BTC-USDT-SWAP,reversal,6H,0.007,0.008,0.02,1,0.0,10.0,148.0,107266.38,72377.28,746,541,205,72.52,62.78,1.497,2962.235,2934,8642.12,5739.27,52179.5,503.78,107266.38,105.57
BTC-USDT-SWAP,reversal,6H,0.007,0.008,0.025,1,0.0,10.0,148.0,128267.7,86567.36,746,548,198,73.46,41.22,1.612,3543.003,2934,10643.44,7091.51,72100.4,577.42,128267.7,77.9
BTC-USDT-SWAP,reversal,6H,0.007,0.008,0.03,1,0.0,10.0,148.0,155460.65,104940.98,746,553,193,74.13,37.4,1.781,4294.992,2934,24923.51,16740.21,100079.37,301.55,155460.65,55.34
BTC-USDT-SWAP,reversal,6H,0.007,0.01,0.01,1,0.0,10.0,148.0,1436.56,870.65,746,438,308,58.71,95.23,1.055,35.634,2934,523.65,253.82,636.77,21.6,1436.56,125.6
BTC-USDT-SWAP,reversal,6H,0.007,0.01,0.015,1,0.0,10.0,148.0,33831.67,22759.24,746,465,281,62.33,94.43,1.168,931.483,2934,4446.76,2904.57,4259.22,-4.22,33831.67,694.32
BTC-USDT-SWAP,reversal,6H,0.007,0.01,0.02,1,0.0,10.0,148.0,53444.07,36010.86,746,477,269,63.94,94.46,1.246,1473.841,2934,3962.79,2577.56,10876.35,174.46,53444.07,391.38
BTC-USDT-SWAP,reversal,6H,0.007,0.01,0.025,1,0.0,10.0,148.0,72910.9,49164.12,746,483,263,64.75,84.22,1.304,2012.174,2934,3190.97,2056.06,27214.71,752.87,72910.9,167.91
BTC-USDT-SWAP,reversal,6H,0.007,0.01,0.03,1,0.0,10.0,148.0,113023.95,76267.53,746,489,257,65.55,44.69,1.443,3121.454,2934,12129.54,8095.63,68120.59,461.61,113023.95,65.92
BTC-USDT-SWAP,reversal,6H,0.007,0.015,0.01,1,0.0,10.0,148.0,0.0,-100.0,746,333,413,44.64,100.0,0.795,-4.093,2934,15.55,-89.49,0.1,-99.35,0.0,-96.04
BTC-USDT-SWAP,reversal,6H,0.007,0.015,0.015,1,0.0,10.0,148.0,0.0,-100.0,746,349,397,46.78,100.0,0.849,-4.093,2934,31.95,-78.41,0.11,-99.66,0.0,-95.91
BTC-USDT-SWAP,reversal,6H,0.007,0.015,0.02,1,0.0,10.0,148.0,0.0,-100.0,746,357,389,47.86,100.0,0.826,-4.093,2934,14.05,-90.51,0.06,-99.58,0.0,-97.06
BTC-USDT-SWAP,reversal,6H,0.007,0.015,0.025,1,0.0,10.0,148.0,0.0,-100.0,746,361,385,48.39,100.0,0.803,-4.093,2934,7.61,-94.86,0.04,-99.47,0.0,-98.36
BTC-USDT-SWAP,reversal,6H,0.007,0.015,0.03,1,0.0,10.0,148.0,0.0,-100.0,746,365,381,48.93,100.0,0.836,-4.093,2934,26.12,-82.35,0.22,-99.16,0.0,-98.97
BTC-USDT-SWAP,reversal,6H,0.007,0.02,0.01,1,0.0,10.0,148.0,0.0,-100.0,746,301,445,40.35,100.0,0.736,-4.093,2934,4.08,-97.25,0.0,-99.98,0.0,-99.19
BTC-USDT-SWAP,reversal,6H,0.007,0.02,0.015,1,0.0,10.0,148.0,0.0,-100.0,746,318,428,42.63,100.0,0.759,-4.093,2934,4.61,-96.88,0.0,-99.99,0.0,-99.22
BTC-USDT-SWAP,reversal,6H,0.007,0.02,0.02,1,0.0,10.0,148.0,0.0,-100.0,746,325,421,43.57,100.0,0.745,-4.093,2934,1.81,-98.78,0.0,-99.99,0.0,-99.41
BTC-USDT-SWAP,reversal,6H,0.007,0.02,0.025,1,0.0,10.0,148.0,0.0,-100.0,746,327,419,43.83,100.0,0.71,-4.093,2934,0.69,-99.54,0.0,-99.99,0.0,-99.68
BTC-USDT-SWAP,reversal,6H,0.007,0.02,0.03,1,0.0,10.0,148.0,0.0,-100.0,746,330,416,44.24,100.0,0.684,-4.093,2934,1.28,-99.14,0.0,-99.98,0.0,-99.78
BTC-USDT-SWAP,reversal,6H,0.007,0.03,0.01,1,0.0,10.0,148.0,0.0,-100.0,746,291,455,39.01,100.0,0.635,-4.093,2934,1.26,-99.15,0.0,-99.99,0.0,-99.58
BTC-USDT-SWAP,reversal,6H,0.007,0.03,0.015,1,0.0,10.0,148.0,0.0,-100.0,746,308,438,41.29,100.0,0.643,-4.093,2934,1.38,-99.06,0.0,-99.99,0.0,-99.59
BTC-USDT-SWAP,reversal,6H,0.007,0.03,0.02,1,0.0,10.0,148.0,0.0,-100.0,746,313,433,41.96,100.0,0.645,-4.093,2934,0.52,-99.65,0.0,-100.0,0.0,-99.68
BTC-USDT-SWAP,reversal,6H,0.007,0.03,0.025,1,0.0,10.0,148.0,0.0,-100.0,746,315,431,42.23,100.0,0.601,-4.093,2934,0.17,-99.88,0.0,-100.0,0.0,-99.85
BTC-USDT-SWAP,reversal,6H,0.007,0.03,0.03,1,0.0,10.0,148.0,0.0,-100.0,746,317,429,42.49,100.0,0.561,-4.093,2934,0.22,-99.85,0.0,-100.0,0.0,-99.9
BTC-USDT-SWAP,reversal,6H,0.01,0.006,0.01,1,0.0,10.0,148.0,9012.39,5989.46,523,410,113,78.39,64.21,1.409,245.135,2934,1534.15,936.59,1688.28,10.05,9012.39,433.82
BTC-USDT-SWAP,reversal,6H,0.01,0.006,0.015,1,0.0,10.0,148.0,44929.71,30257.91,523,440,83,84.13,55.76,1.624,1238.386,2934,1548.4,946.21,10138.19,554.75,44929.71,343.17
BTC-USDT-SWAP,reversal,6H,0.01,0.006,0.02,1,0.0,10.0,148.0,87374.9,58937.09,523,455,68,87.0,31.74,1.954,2412.159,2934,5743.51,3780.75,58498.18,918.51,87374.9,49.36
BTC-USDT-SWAP,reversal,6H,0.01,0.006,0.025,1,0.0,10.0,148.0,111984.99,75565.53,523,463,60,88.53,36.04,2.416,3092.723,2934,7507.77,4972.82,79069.21,953.17,111984.99,41.63
BTC-USDT-SWAP,reversal,6H,0.01,0.006,0.03,1,0.0,10.0,148.0,135683.21,91577.84,523,469,54,89.67,34.6,3.062,3748.07,2934,9963.4,6632.02,91862.43,822.0,135683.21,47.7
BTC-USDT-SWAP,reversal,6H,0.01,0.008,0.01,1,0.0,10.0,148.0,36596.61,24627.44,523,364,159,69.6,68.06,1.484,1007.944,2934,3813.55,2476.72,5222.43,36.94,36596.61,600.76
BTC-USDT-SWAP,reversal,6H,0.01,0.008,0.015,1,0.0,10.0,148.0,68633.69,46274.12,523,386,137,73.8,57.99,1.576,1893.893,2934,3131.69,2016.01,20403.1,551.5,68633.69,236.39
BTC-USDT-SWAP,reversal,6H,0.01,0.008,0.02,1,0.0,10.0,148.0,105771.85,71367.46,523,399,124,76.29,61.05,1.812,2920.906,2934,7671.75,5083.61,64519.07,741.0,105771.85,63.94
BTC-USDT-SWAP,reversal,6H,0.01,0.008,0.025,1,0.0,10.0,148.0,122970.11,82987.91,523,405,118,77.44,69.4,2.021,3396.504,2934,9502.6,6320.67,79484.56,736.45,122970.11,54.71
BTC-USDT-SWAP,reversal,6H,0.01,0.008,0.03,1,0.0,10.0,148.0,137310.34,92677.26,523,409,114,78.2,73.17,2.275,3793.067,2934,9679.92,6440.49,82019.79,747.32,137310.34,67.41
BTC-USDT-SWAP,reversal,6H,0.01,0.01,0.01,1,0.0,10.0,148.0,30171.22,20285.96,523,329,194,62.91,85.13,1.314,830.257,2934,5420.66,3562.61,5002.41,-7.72,30171.22,503.13
BTC-USDT-SWAP,reversal,6H,0.01,0.01,0.015,1,0.0,10.0,148.0,48859.28,32913.03,523,347,176,66.35,82.73,1.338,1347.054,2934,4358.52,2844.95,10408.89,138.82,48859.28,369.4
BTC-USDT-SWAP,reversal,6H,0.01,0.01,0.02,1,0.0,10.0,148.0,89033.06,60057.47,523,358,165,68.45,59.56,1.524,2458.014,2934,8267.04,5485.83,53405.68,546.01,89033.06,66.71
BTC-USDT-SWAP,reversal,6H,0.01,0.01,0.025,1,0.0,10.0,148.0,108519.06,73223.69,523,364,159,69.6,66.14,1.696,2996.877,2934,9077.58,6033.5,69007.39,660.2,108519.06,57.26
BTC-USDT-SWAP,reversal,6H,0.01,0.01,0.03,1,0.0,10.0,148.0,126319.21,85250.82,523,369,154,70.55,69.85,1.93,3489.119,2934,8016.74,5316.72,74102.54,824.35,126319.21,70.47
BTC-USDT-SWAP,reversal,6H,0.01,0.015,0.01,1,0.0,10.0,148.0,6.18,-95.83,523,248,275,47.42,99.2,0.942,-3.922,2934,262.14,77.12,5.28,-97.99,6.18,16.95
BTC-USDT-SWAP,reversal,6H,0.01,0.015,0.015,1,0.0,10.0,148.0,3.63,-97.54,523,262,261,50.1,99.64,0.949,-3.992,2934,209.28,41.41,4.32,-97.93,3.63,-15.94
BTC-USDT-SWAP,reversal,6H,0.01,0.015,0.02,1,0.0,10.0,148.0,5.73,-96.13,523,268,255,51.24,99.7,0.972,-3.934,2934,289.99,95.94,12.28,-95.77,5.73,-53.36
BTC-USDT-SWAP,reversal,6H,0.01,0.015,0.025,1,0.0,10.0,148.0,8.49,-94.26,523,272,251,52.01,99.73,0.982,-3.858,2934,563.79,280.94,16.77,-97.02,8.49,-49.36
BTC-USDT-SWAP,reversal,6H,0.01,0.015,0.03,1,0.0,10.0,148.0,17.65,-88.08,523,276,247,52.77,99.36,0.983,-3.605,2934,683.98,362.15,20.05,-97.07,17.65,-11.98
BTC-USDT-SWAP,reversal,6H,0.01,0.02,0.01,1,0.0,10.0,148.0,0.01,-99.99,523,212,311,40.54,100.0,0.739,-4.092,2934,29.23,-80.25,0.07,-99.74,0.01,-83.57
BTC-USDT-SWAP,reversal,6H,0.01,0.02,0.015,1,0.0,10.0,148.0,0.0,-100.0,523,226,297,43.21,100.0,0.742,-4.093,2934,21.23,-85.66,0.07,-99.66,0.0,-94.29
BTC-USDT-SWAP,reversal,6H,0.01,0.02,0.02,1,0.0,10.0,148.0,0.0,-100.0,523,231,292,44.17,100.0,0.729,-4.093,2934,10.38,-92.99,0.08,-99.2,0.0,-96.21
BTC-USDT-SWAP,reversal,6H,0.01,0.02,0.025,1,0.0,10.0,148.0,0.0,-100.0,523,234,289,44.74,100.0,0.734,-4.093,2934,10.81,-92.7,0.07,-99.38,0.0,-96.07
BTC-USDT-SWAP,reversal,6H,0.01,0.02,0.03,1,0.0,10.0,148.0,0.0,-100.0,523,237,286,45.32,100.0,0.677,-4.093,2934,8.55,-94.22,0.05,-99.37,0.0,-95.4
BTC-USDT-SWAP,reversal,6H,0.01,0.03,0.01,1,0.0,10.0,148.0,0.0,-100.0,523,201,322,38.43,100.0,0.572,-4.093,2934,5.1,-96.55,0.01,-99.87,0.0,-92.94
BTC-USDT-SWAP,reversal,6H,0.01,0.03,0.015,1,0.0,10.0,148.0,0.0,-100.0,523,213,310,40.73,100.0,0.536,-4.093,2934,2.9,-98.04,0.0,-99.9,0.0,-97.69
BTC-USDT-SWAP,reversal,6H,0.01,0.03,0.02,1,0.0,10.0,148.0,0.0,-100.0,523,216,307,41.3,100.0,0.567,-4.093,2934,1.37,-99.07,0.0,-99.91,0.0,-98.43
BTC-USDT-SWAP,reversal,6H,0.01,0.03,0.025,1,0.0,10.0,148.0,0.0,-100.0,523,218,305,41.68,100.0,0.541,-4.093,2934,1.14,-99.23,0.0,-99.93,0.0,-98.51
BTC-USDT-SWAP,reversal,6H,0.01,0.03,0.03,1,0.0,10.0,148.0,0.0,-100.0,523,221,302,42.26,100.0,0.504,-4.093,2934,0.96,-99.35,0.0,-99.92,0.0,-98.23
BTC-USDT-SWAP,breakout,6H,0.001,0.006,0.01,1,0.0,10.0,148.0,0.0,-100.0,1658,656,1002,39.57,100.0,0.266,-4.093,2934,0.0,-100.0,0.0,-100.0,0.0,-100.0
BTC-USDT-SWAP,breakout,6H,0.001,0.006,0.015,1,0.0,10.0,148.0,0.0,-100.0,1658,761,897,45.9,100.0,0.487,-4.093,2934,0.0,-100.0,0.0,-100.0,0.0,-100.0
BTC-USDT-SWAP,breakout,6H,0.001,0.006,0.02,1,0.0,10.0,148.0,0.0,-100.0,1658,794,864,47.89,100.0,0.52,-4.093,2934,0.0,-100.0,0.0,-100.0,0.0,-100.0
BTC-USDT-SWAP,breakout,6H,0.001,0.006,0.025,1,0.0,10.0,148.0,0.0,-100.0,1658,801,857,48.31,100.0,0.531,-4.093,2934,0.0,-100.0,0.0,-100.0,0.0,-100.0
BTC-USDT-SWAP,breakout,6H,0.001,0.006,0.03,1,0.0,10.0,148.0,0.0,-100.0,1658,809,849,48.79,100.0,0.529,-4.093,2934,0.0,-100.0,0.0,-100.0,0.0,-100.0
BTC-USDT-SWAP,breakout,6H,0.001,0.008,0.01,1,0.0,10.0,148.0,0.0,-100.0,1658,570,1088,34.38,100.0,0.284,-4.093,2934,0.0,-100.0,0.0,-100.0,0.0,-100.0
BTC-USDT-SWAP,breakout,6H,0.001,0.008,0.015,1,0.0,10.0,148.0,0.0,-100.0,1658,668,990,40.29,100.0,0.464,-4.093,2934,0.0,-100.0,0.0,-100.0,0.0,-100.0
BTC-USDT-SWAP,breakout,6H,0.001,0.008,0.02,1,0.0,10.0,148.0,0.0,-100.0,1658,698,960,42.1,100.0,0.562,-4.093,2934,0.0,-100.0,0.0,-100.0,0.0,-100.0
BTC-USDT-SWAP,breakout,6H,0.001,0.008,0.025,1,0.0,10.0,148.0,0.0,-100.0,1658,705,953,42.52,100.0,0.575,-4.093,2934,0.0,-100.0,0.0,-100.0,0.0,-100.0
BTC-USDT-SWAP,breakout,6H,0.001,0.008,0.03,1,0.0,10.0,148.0,0.0,-100.0,1658,712,946,42.94,100.0,0.573,-4.093,2934,0.0,-100.0,0.0,-100.0,0.0,-100.0
BTC-USDT-SWAP,breakout,6H,0.001,0.01,0.01,1,0.0,10.0,148.0,0.0,-100.0,1658,521,1137,31.42,100.0,0.296,-4.093,2934,0.0,-100.0,0.0,-100.0,0.0,-100.0
BTC-USDT-SWAP,breakout,6H,0.001,0.01,0.015,1,0.0,10.0,148.0,0.0,-100.0,1658,608,1050,36.67,100.0,0.482,-4.093,2934,0.0,-100.0,0.0,-100.0,0.0,-100.0
BTC-USDT-SWAP,breakout,6H,0.001,0.01,0.02,1,0.0,10.0,148.0,0.0,-100.0,1658,635,1023,38.3,100.0,0.607,-4.093,2934,0.0,-100.0,0.0,-100.0,0.0,-100.0
BTC-USDT-SWAP,breakout,6H,0.001,0.01,0.025,1,0.0,10.0,148.0,0.0,-100.0,1658,642,1016,38.72,100.0,0.619,-4.093,2934,0.0,-100.0,0.0,-100.0,0.0,-100.0
BTC-USDT-SWAP,breakout,6H,0.001,0.01,0.03,1,0.0,10.0,148.0,0.0,-100.0,1658,649,1009,39.14,100.0,0.618,-4.093,2934,0.0,-100.0,0.0,-100.0,0.0,-100.0
BTC-USDT-SWAP,breakout,6H,0.001,0.015,0.01,1,0.0,10.0,148.0,0.0,-100.0,1658,474,1184,28.59,100.0,0.332,-4.093,2934,0.0,-100.0,0.0,-100.0,0.0,-100.0
BTC-USDT-SWAP,breakout,6H,0.001,0.015,0.015,1,0.0,10.0,148.0,0.0,-100.0,1658,549,1109,33.11,100.0,0.518,-4.093,2934,0.0,-100.0,0.0,-100.0,0.0,-100.0
BTC-USDT-SWAP,breakout,6H,0.001,0.015,0.02,1,0.0,10.0,148.0,0.0,-100.0,1658,570,1088,34.38,100.0,0.644,-4.093,2934,0.0,-100.0,0.0,-100.0,0.0,-100.0
BTC-USDT-SWAP,breakout,6H,0.001,0.015,0.025,1,0.0,10.0,148.0,0.0,-100.0,1658,577,1081,34.8,100.0,0.645,-4.093,2934,0.0,-100.0,0.0,-100.0,0.0,-100.0
BTC-USDT-SWAP,breakout,6H,0.001,0.015,0.03,1,0.0,10.0,148.0,0.0,-100.0,1658,581,1077,35.04,100.0,0.636,-4.093,2934,0.0,-100.0,0.0,-100.0,0.0,-100.0
BTC-USDT-SWAP,breakout,6H,0.001,0.02,0.01,1,0.0,10.0,148.0,0.0,-100.0,1658,458,1200,27.62,100.0,0.332,-4.093,2934,0.0,-100.0,0.0,-100.0,0.0,-100.0
BTC-USDT-SWAP,breakout,6H,0.001,0.02,0.015,1,0.0,10.0,148.0,0.0,-100.0,1658,531,1127,32.03,100.0,0.537,-4.093,2934,0.0,-100.0,0.0,-100.0,0.0,-100.0
BTC-USDT-SWAP,breakout,6H,0.001,0.02,0.02,1,0.0,10.0,148.0,0.0,-100.0,1658,551,1107,33.23,100.0,0.67,-4.093,2934,0.0,-100.0,0.0,-100.0,0.0,-100.0
BTC-USDT-SWAP,breakout,6H,0.001,0.02,0.025,1,0.0,10.0,148.0,0.0,-100.0,1658,557,1101,33.59,100.0,0.671,-4.093,2934,0.0,-100.0,0.0,-100.0,0.0,-100.0
BTC-USDT-SWAP,breakout,6H,0.001,0.02,0.03,1,0.0,10.0,148.0,0.0,-100.0,1658,561,1097,33.84,100.0,0.664,-4.093,2934,0.0,-100.0,0.0,-100.0,0.0,-100.0
BTC-USDT-SWAP,breakout,6H,0.001,0.03,0.01,1,0.0,10.0,148.0,0.0,-100.0,1658,452,1206,27.26,100.0,0.254,-4.093,2934,0.0,-100.0,0.0,-100.0,0.0,-100.0
BTC-USDT-SWAP,breakout,6H,0.001,0.03,0.015,1,0.0,10.0,148.0,0.0,-100.0,1658,525,1133,31.66,100.0,0.503,-4.093,2934,0.0,-100.0,0.0,-100.0,0.0,-100.0
BTC-USDT-SWAP,breakout,6H,0.001,0.03,0.02,1,0.0,10.0,148.0,0.0,-100.0,1658,545,1113,32.87,100.0,0.618,-4.093,2934,0.0,-100.0,0.0,-100.0,0.0,-100.0
BTC-USDT-SWAP,breakout,6H,0.001,0.03,0.025,1,0.0,10.0,148.0,0.0,-100.0,1658,551,1107,33.23,100.0,0.617,-4.093,2934,0.0,-100.0,0.0,-100.0,0.0,-100.0
BTC-USDT-SWAP,breakout,6H,0.001,0.03,0.03,1,0.0,10.0,148.0,0.0,-100.0,1658,555,1103,33.47,100.0,0.609,-4.093,2934,0.0,-100.0,0.0,-100.0,0.0,-100.0
BTC-USDT-SWAP,breakout,6H,0.002,0.006,0.01,1,0.0,10.0,148.0,0.0,-100.0,1433,556,877,38.8,100.0,0.229,-4.093,2934,0.0,-100.0,0.0,-100.0,0.0,-100.0
BTC-USDT-SWAP,breakout,6H,0.002,0.006,0.015,1,0.0,10.0,148.0,0.0,-100.0,1433,669,764,46.69,100.0,0.427,-4.093,2934,0.0,-100.0,0.0,-100.0,0.0,-100.0
BTC-USDT-SWAP,breakout,6H,0.002,0.006,0.02,1,0.0,10.0,148.0,0.0,-100.0,1433,704,729,49.13,100.0,0.522,-4.093,2934,0.0,-100.0,0.0,-100.0,0.0,-100.0
BTC-USDT-SWAP,breakout,6H,0.002,0.006,0.025,1,0.0,10.0,148.0,0.0,-100.0,1433,714,719,49.83,100.0,0.532,-4.093,2934,0.0,-100.0,0.0,-100.0,0.0,-100.0
BTC-USDT-SWAP,breakout,6H,0.002,0.006,0.03,1,0.0,10.0,148.0,0.0,-100.0,1433,719,714,50.17,100.0,0.529,-4.093,2934,0.0,-100.0,0.0,-100.0,0.0,-100.0
BTC-USDT-SWAP,breakout,6H,0.002,0.008,0.01,1,0.0,10.0,148.0,0.0,-100.0,1433,477,956,33.29,100.0,0.205,-4.093,2934,0.0,-100.0,0.0,-100.0,0.0,-100.0
BTC-USDT-SWAP,breakout,6H,0.002,0.008,0.015,1,0.0,10.0,148.0,0.0,-100.0,1433,572,861,39.92,100.0,0.409,-4.093,2934,0.0,-100.0,0.0,-100.0,0.0,-100.0
BTC-USDT-SWAP,breakout,6H,0.002,0.008,0.02,1,0.0,10.0,148.0,0.0,-100.0,1433,601,832,41.94,100.0,0.537,-4.093,2934,0.0,-100.0,0.0,-100.0,0.0,-100.0
BTC-USDT-SWAP,breakout,6H,0.002,0.008,0.025,1,0.0,10.0,148.0,0.0,-100.0,1433,611,822,42.64,100.0,0.548,-4.093,2934,0.0,-100.0,0.0,-100.0,0.0,-100.0
BTC-USDT-SWAP,breakout,6H,0.002,0.008,0.03,1,0.0,10.0,148.0,0.0,-100.0,1433,617,816,43.06,100.0,0.546,-4.093,2934,0.0,-100.0,0.0,-100.0,0.0,-100.0
BTC-USDT-SWAP,breakout,6H,0.002,0.01,0.01,1,0.0,10.0,148.0,0.0,-100.0,1433,437,996,30.5,100.0,0.224,-4.093,2934,0.0,-100.0,0.0,-100.0,0.0,-100.0
BTC-USDT-SWAP,breakout,6H,0.002,0.01,0.015,1,0.0,10.0,148.0,0.0,-100.0,1433,524,909,36.57,100.0,0.452,-4.093,2934,0.0,-100.0,0.0,-100.0,0.0,-100.0
BTC-USDT-SWAP,breakout,6H,0.002,0.01,0.02,1,0.0,10.0,148.0,0.0,-100.0,1433,550,883,38.38,100.0,0.565,-4.093,2934,0.0,-100.0,0.0,-100.0,0.0,-100.0
BTC-USDT-SWAP,breakout,6H,0.002,0.01,0.025,1,0.0,10.0,148.0,0.0,-100.0,1433,559,874,39.01,100.0,0.574,-4.093,2934,0.0,-100.0,0.0,-100.0,0.0,-99.99
BTC-USDT-SWAP,breakout,6H,0.002,0.01,0.03,1,0.0,10.0,148.0,0.0,-100.0,1433,565,868,39.43,100.0,0.571,-4.093,2934,0.0,-100.0,0.0,-100.0,0.0,-100.0
BTC-USDT-SWAP,breakout,6H,0.002,0.015,0.01,1,0.0,10.0,148.0,0.0,-100.0,1433,398,1035,27.77,100.0,0.307,-4.093,2934,0.0,-100.0,0.0,-100.0,0.0,-100.0
BTC-USDT-SWAP,breakout,6H,0.002,0.015,0.015,1,0.0,10.0,148.0,0.0,-100.0,1433,471,962,32.87,100.0,0.503,-4.093,2934,0.0,-100.0,0.0,-100.0,0.0,-100.0
BTC-USDT-SWAP,breakout,6H,0.002,0.015,0.02,1,0.0,10.0,148.0,0.0,-100.0,1433,491,942,34.26,100.0,0.62,-4.093,2934,0.0,-100.0,0.0,-100.0,0.0,-100.0
BTC-USDT-SWAP,breakout,6H,0.002,0.015,0.025,1,0.0,10.0,148.0,0.0,-100.0,1433,500,933,34.89,100.0,0.619,-4.093,2934,0.0,-100.0,0.0,-100.0,0.0,-100.0
BTC-USDT-SWAP,breakout,6H,0.002,0.015,0.03,1,0.0,10.0,148.0,0.0,-100.0,1433,505,928,35.24,100.0,0.609,-4.093,2934,0.0,-100.0,0.0,-100.0,0.0,-100.0
BTC-USDT-SWAP,breakout,6H,0.002,0.02,0.01,1,0.0,10.0,148.0,0.0,-100.0,1433,389,1044,27.15,100.0,0.288,-4.093,2934,0.0,-100.0,0.0,-100.0,0.0,-100.0
BTC-USDT-SWAP,breakout,6H,0.002,0.02,0.015,1,0.0,10.0,148.0,0.0,-100.0,1433,455,978,31.75,100.0,0.491,-4.093,2934,0.0,-100.0,0.0,-100.0,0.0,-100.0
BTC-USDT-SWAP,breakout,6H,0.002,0.02,0.02,1,0.0,10.0,148.0,0.0,-100.0,1433,475,958,33.15,100.0,0.621,-4.093,2934,0.0,-100.0,0.0,-100.0,0.0,-100.0
BTC-USDT-SWAP,breakout,6H,0.002,0.02,0.025,1,0.0,10.0,148.0,0.0,-100.0,1433,484,949,33.78,100.0,0.62,-4.093,2934,0.0,-100.0,0.0,-100.0,0.0,-100.0
BTC-USDT-SWAP,breakout,6H,0.002,0.02,0.03,1,0.0,10.0,148.0,0.0,-100.0,1433,488,945,34.05,100.0,0.612,-4.093,2934,0.0,-100.0,0.0,-100.0,0.0,-100.0
BTC-USDT-SWAP,breakout,6H,0.002,0.03,0.01,1,0.0,10.0,148.0,0.0,-100.0,1433,385,1048,26.87,100.0,0.217,-4.093,2934,0.0,-100.0,0.0,-100.0,0.0,-100.0
BTC-USDT-SWAP,breakout,6H,0.002,0.03,0.015,1,0.0,10.0,148.0,0.0,-100.0,1433,451,982,31.47,100.0,0.476,-4.093,2934,0.0,-100.0,0.0,-100.0,0.0,-100.0
BTC-USDT-SWAP,breakout,6H,0.002,0.03,0.02,1,0.0,10.0,148.0,0.0,-100.0,1433,470,963,32.8,100.0,0.58,-4.093,2934,0.0,-100.0,0.0,-100.0,0.0,-100.0
BTC-USDT-SWAP,breakout,6H,0.002,0.03,0.025,1,0.0,10.0,148.0,0.0,-100.0,1433,479,954,33.43,100.0,0.577,-4.093,2934,0.0,-100.0,0.0,-100.0,0.0,-100.0
BTC-USDT-SWAP,breakout,6H,0.002,0.03,0.03,1,0.0,10.0,148.0,0.0,-100.0,1433,483,950,33.71,100.0,0.567,-4.093,2934,0.0,-100.0,0.0,-100.0,0.0,-100.0
BTC-USDT-SWAP,breakout,6H,0.003,0.006,0.01,1,0.0,10.0,148.0,0.0,-100.0,1275,456,819,35.76,100.0,0.157,-4.093,2934,0.0,-100.0,0.0,-100.0,0.0,-100.0
BTC-USDT-SWAP,breakout,6H,0.003,0.006,0.015,1,0.0,10.0,148.0,0.0,-100.0,1275,574,701,45.02,100.0,0.259,-4.093,2934,0.0,-100.0,0.0,-100.0,0.0,-100.0
BTC-USDT-SWAP,breakout,6H,0.003,0.006,0.02,1,0.0,10.0,148.0,0.0,-100.0,1275,614,661,48.16,100.0,0.457,-4.093,2934,0.0,-100.0,0.0,-100.0,0.0,-100.0
BTC-USDT-SWAP,breakout,6H,0.003,0.006,0.025,1,0.0,10.0,148.0,0.0,-100.0,1275,626,649,49.1,100.0,0.476,-4.093,2934,0.0,-100.0,0.0,-100.0,0.0,-100.0
BTC-USDT-SWAP,breakout,6H,0.003,0.006,0.03,1,0.0,10.0,148.0,0.0,-100.0,1275,630,645,49.41,100.0,0.473,-4.093,2934,0.0,-100.0,0.0,-100.0,0.0,-100.0
BTC-USDT-SWAP,breakout,6H,0.003,0.008,0.01,1,0.0,10.0,148.0,0.0,-100.0,1275,395,880,30.98,100.0,0.184,-4.093,2934,0.0,-100.0,0.0,-100.0,0.0,-100.0
BTC-USDT-SWAP,breakout,6H,0.003,0.008,0.015,1,0.0,10.0,148.0,0.0,-100.0,1275,493,782,38.67,100.0,0.304,-4.093,2934,0.0,-100.0,0.0,-100.0,0.0,-100.0
BTC-USDT-SWAP,breakout,6H,0.003,0.008,0.02,1,0.0,10.0,148.0,0.0,-100.0,1275,530,745,41.57,100.0,0.53,-4.093,2934,0.0,-100.0,0.0,-100.0,0.0,-100.0
BTC-USDT-SWAP,breakout,6H,0.003,0.008,0.025,1,0.0,10.0,148.0,0.0,-100.0,1275,541,734,42.43,100.0,0.545,-4.093,2934,0.0,-100.0,0.0,-100.0,0.0,-100.0
BTC-USDT-SWAP,breakout,6H,0.003,0.008,0.03,1,0.0,10.0,148.0,0.0,-100.0,1275,546,729,42.82,100.0,0.54,-4.093,2934,0.0,-100.0,0.0,-100.0,0.0,-100.0
BTC-USDT-SWAP,breakout,6H,0.003,0.01,0.01,1,0.0,10.0,148.0,0.0,-100.0,1275,360,915,28.24,100.0,0.218,-4.093,2934,0.0,-100.0,0.0,-100.0,0.0,-100.0
BTC-USDT-SWAP,breakout,6H,0.003,0.01,0.015,1,0.0,10.0,148.0,0.0,-100.0,1275,447,828,35.06,100.0,0.344,-4.093,2934,0.0,-100.0,0.0,-100.0,0.0,-100.0
BTC-USDT-SWAP,breakout,6H,0.003,0.01,0.02,1,0.0,10.0,148.0,0.0,-100.0,1275,481,794,37.73,100.0,0.586,-4.093,2934,0.0,-100.0,0.0,-100.0,0.0,-100.0
BTC-USDT-SWAP,breakout,6H,0.003,0.01,0.025,1,0.0,10.0,148.0,0.0,-100.0,1275,492,783,38.59,100.0,0.599,-4.093,2934,0.0,-100.0,0.0,-100.0,0.0,-100.0
BTC-USDT-SWAP,breakout,6H,0.003,0.01,0.03,1,0.0,10.0,148.0,0.0,-100.0,1275,497,778,38.98,100.0,0.594,-4.093,2934,0.0,-100.0,0.0,-100.0,0.0,-100.0
BTC-USDT-SWAP,breakout,6H,0.003,0.015,0.01,1,0.0,10.0,148.0,0.0,-100.0,1275,333,942,26.12,100.0,0.279,-4.093,2934,0.0,-100.0,0.0,-100.0,0.0,-100.0
BTC-USDT-SWAP,breakout,6H,0.003,0.015,0.015,1,0.0,10.0,148.0,0.0,-100.0,1275,406,869,31.84,100.0,0.393,-4.093,2934,0.0,-100.0,0.0,-100.0,0.0,-100.0
BTC-USDT-SWAP,breakout,6H,0.003,0.015,0.02,1,0.0,10.0,148.0,0.0,-100.0,1275,431,844,33.8,100.0,0.604,-4.093,2934,0.0,-100.0,0.0,-100.0,0.0,-100.0
BTC-USDT-SWAP,breakout,6H,0.003,0.015,0.025,1,0.0,10.0,148.0,0.0,-100.0,1275,441,834,34.59,100.0,0.612,-4.093,2934,0.0,-100.0,0.0,-100.0,0.0,-100.0
BTC-USDT-SWAP,breakout,6H,0.003,0.015,0.03,1,0.0,10.0,148.0,0.0,-100.0,1275,445,830,34.9,100.0,0.601,-4.093,2934,0.0,-100.0,0.0,-100.0,0.0,-100.0
BTC-USDT-SWAP,breakout,6H,0.003,0.02,0.01,1,0.0,10.0,148.0,0.0,-100.0,1275,328,947,25.73,100.0,0.28,-4.093,2934,0.0,-100.0,0.0,-100.0,0.0,-100.0
BTC-USDT-SWAP,breakout,6H,0.003,0.02,0.015,1,0.0,10.0,148.0,0.0,-100.0,1275,394,881,30.9,100.0,0.42,-4.093,2934,0.0,-100.0,0.0,-100.0,0.0,-100.0
BTC-USDT-SWAP,breakout,6H,0.003,0.02,0.02,1,0.0,10.0,148.0,0.0,-100.0,1275,419,856,32.86,100.0,0.626,-4.093,2934,0.0,-100.0,0.0,-100.0,0.0,-100.0
BTC-USDT-SWAP,breakout,6H,0.003,0.02,0.025,1,0.0,10.0,148.0,0.0,-100.0,1275,428,847,33.57,100.0,0.633,-4.093,2934,0.0,-100.0,0.0,-100.0,0.0,-100.0
BTC-USDT-SWAP,breakout,6H,0.003,0.02,0.03,1,0.0,10.0,148.0,0.0,-100.0,1275,431,844,33.8,100.0,0.622,-4.093,2934,0.0,-100.0,0.0,-100.0,0.0,-100.0
BTC-USDT-SWAP,breakout,6H,0.003,0.03,0.01,1,0.0,10.0,148.0,0.0,-100.0,1275,322,953,25.25,100.0,0.202,-4.093,2934,0.0,-100.0,0.0,-100.0,0.0,-100.0
BTC-USDT-SWAP,breakout,6H,0.003,0.03,0.015,1,0.0,10.0,148.0,0.0,-100.0,1275,387,888,30.35,100.0,0.405,-4.093,2934,0.0,-100.0,0.0,-100.0,0.0,-100.0
BTC-USDT-SWAP,breakout,6H,0.003,0.03,0.02,1,0.0,10.0,148.0,0.0,-100.0,1275,412,863,32.31,100.0,0.575,-4.093,2934,0.0,-100.0,0.0,-100.0,0.0,-100.0
BTC-USDT-SWAP,breakout,6H,0.003,0.03,0.025,1,0.0,10.0,148.0,0.0,-100.0,1275,421,854,33.02,100.0,0.584,-4.093,2934,0.0,-100.0,0.0,-100.0,0.0,-100.0
BTC-USDT-SWAP,breakout,6H,0.003,0.03,0.03,1,0.0,10.0,148.0,0.0,-100.0,1275,424,851,33.25,100.0,0.57,-4.093,2934,0.0,-100.0,0.0,-100.0,0.0,-100.0
BTC-USDT-SWAP,breakout,6H,0.005,0.006,0.01,1,0.0,10.0,148.0,0.0,-100.0,979,308,671,31.46,100.0,0.112,-4.093,2934,0.0,-100.0,0.0,-100.0,0.0,-100.0
BTC-USDT-SWAP,breakout,6H,0.005,0.006,0.015,1,0.0,10.0,148.0,0.0,-100.0,979,426,553,43.51,100.0,0.233,-4.093,2934,0.0,-100.0,0.0,-100.0,0.0,-99.99
BTC-USDT-SWAP,breakout,6H,0.005,0.006,0.02,1,0.0,10.0,148.0,0.0,-100.0,979,469,510,47.91,100.0,0.455,-4.093,2934,0.01,-99.99,0.0,-100.0,0.0,-99.92
BTC-USDT-SWAP,breakout,6H,0.005,0.006,0.025,1,0.0,10.0,148.0,0.0,-100.0,979,481,498,49.13,100.0,0.454,-4.093,2934,0.02,-99.99,0.0,-100.0,0.0,-99.87
BTC-USDT-SWAP,breakout,6H,0.005,0.006,0.03,1,0.0,10.0,148.0,0.0,-100.0,979,486,493,49.64,100.0,0.449,-4.093,2934,0.04,-99.97,0.0,-100.0,0.0,-99.83
BTC-USDT-SWAP,breakout,6H,0.005,0.008,0.01,1,0.0,10.0,148.0,0.0,-100.0,979,261,718,26.66,100.0,0.134,-4.093,2934,0.0,-100.0,0.0,-100.0,0.0,-100.0
BTC-USDT-SWAP,breakout,6H,0.005,0.008,0.015,1,0.0,10.0,148.0,0.0,-100.0,979,369,610,37.69,100.0,0.287,-4.093,2934,0.0,-100.0,0.0,-100.0,0.0,-100.0
BTC-USDT-SWAP,breakout,6H,0.005,0.008,0.02,1,0.0,10.0,148.0,0.0,-100.0,979,405,574,41.37,100.0,0.537,-4.093,2934,0.01,-100.0,0.0,-100.0,0.0,-99.94
BTC-USDT-SWAP,breakout,6H,0.005,0.008,0.025,1,0.0,10.0,148.0,0.0,-100.0,979,416,563,42.49,100.0,0.536,-4.093,2934,0.01,-99.99,0.0,-100.0,0.0,-99.93
BTC-USDT-SWAP,breakout,6H,0.005,0.008,0.03,1,0.0,10.0,148.0,0.0,-100.0,979,421,558,43.0,100.0,0.531,-4.093,2934,0.03,-99.98,0.0,-100.0,0.0,-99.9
BTC-USDT-SWAP,breakout,6H,0.005,0.01,0.01,1,0.0,10.0,148.0,0.0,-100.0,979,237,742,24.21,100.0,0.18,-4.093,2934,0.0,-100.0,0.0,-100.0,0.0,-100.0
BTC-USDT-SWAP,breakout,6H,0.005,0.01,0.015,1,0.0,10.0,148.0,0.0,-100.0,979,332,647,33.91,100.0,0.326,-4.093,2934,0.0,-100.0,0.0,-100.0,0.0,-100.0
BTC-USDT-SWAP,breakout,6H,0.005,0.01,0.02,1,0.0,10.0,148.0,0.0,-100.0,979,363,616,37.08,100.0,0.567,-4.093,2934,0.01,-100.0,0.0,-100.0,0.0,-99.98
BTC-USDT-SWAP,breakout,6H,0.005,0.01,0.025,1,0.0,10.0,148.0,0.0,-100.0,979,374,605,38.2,100.0,0.566,-4.093,2934,0.01,-99.99,0.0,-100.0,0.0,-99.97
BTC-USDT-SWAP,breakout,6H,0.005,0.01,0.03,1,0.0,10.0,148.0,0.0,-100.0,979,378,601,38.61,100.0,0.551,-4.093,2934,0.03,-99.98,0.0,-100.0,0.0,-99.96
BTC-USDT-SWAP,breakout,6H,0.005,0.015,0.01,1,0.0,10.0,148.0,0.0,-100.0,979,220,759,22.47,100.0,0.182,-4.093,2934,0.0,-100.0,0.0,-100.0,0.0,-100.0
BTC-USDT-SWAP,breakout,6H,0.005,0.015,0.015,1,0.0,10.0,148.0,0.0,-100.0,979,299,680,30.54,100.0,0.358,-4.093,2934,0.0,-100.0,0.0,-100.0,0.0,-100.0
BTC-USDT-SWAP,breakout,6H,0.005,0.015,0.02,1,0.0,10.0,148.0,0.0,-100.0,979,326,653,33.3,100.0,0.578,-4.093,2934,0.01,-100.0,0.0,-100.0,0.0,-99.99
BTC-USDT-SWAP,breakout,6H,0.005,0.015,0.025,1,0.0,10.0,148.0,0.0,-100.0,979,335,644,34.22,100.0,0.585,-4.093,2934,0.01,-99.99,0.0,-100.0,0.0,-99.98
BTC-USDT-SWAP,breakout,6H,0.005,0.015,0.03,1,0.0,10.0,148.0,0.0,-100.0,979,338,641,34.53,100.0,0.572,-4.093,2934,0.03,-99.98,0.0,-100.0,0.0,-99.98
BTC-USDT-SWAP,breakout,6H,0.005,0.02,0.01,1,0.0,10.0,148.0,0.0,-100.0,979,215,764,21.96,100.0,0.18,-4.093,2934,0.0,-100.0,0.0,-100.0,0.0,-100.0
BTC-USDT-SWAP,breakout,6H,0.005,0.02,0.015,1,0.0,10.0,148.0,0.0,-100.0,979,291,688,29.72,100.0,0.398,-4.093,2934,0.0,-100.0,0.0,-100.0,0.0,-99.99
BTC-USDT-SWAP,breakout,6H,0.005,0.02,0.02,1,0.0,10.0,148.0,0.0,-100.0,979,317,662,32.38,100.0,0.607,-4.093,2934,0.0,-100.0,0.0,-100.0,0.0,-99.97
BTC-USDT-SWAP,breakout,6H,0.005,0.02,0.025,1,0.0,10.0,148.0,0.0,-100.0,979,326,653,33.3,100.0,0.621,-4.093,2934,0.01,-99.99,0.0,-100.0,0.0,-99.97
BTC-USDT-SWAP,breakout,6H,0.005,0.02,0.03,1,0.0,10.0,148.0,0.0,-100.0,979,328,651,33.5,100.0,0.609,-4.093,2934,0.03,-99.98,0.0,-100.0,0.0,-99.96
BTC-USDT-SWAP,breakout,6H,0.005,0.03,0.01,1,0.0,10.0,148.0,0.0,-100.0,979,214,765,21.86,100.0,0.186,-4.093,2934,0.0,-100.0,0.0,-100.0,0.0,-100.0
BTC-USDT-SWAP,breakout,6H,0.005,0.03,0.015,1,0.0,10.0,148.0,0.0,-100.0,979,286,693,29.21,100.0,0.387,-4.093,2934,0.0,-100.0,0.0,-100.0,0.0,-99.99
BTC-USDT-SWAP,breakout,6H,0.005,0.03,0.02,1,0.0,10.0,148.0,0.0,-100.0,979,311,668,31.77,100.0,0.547,-4.093,2934,0.0,-100.0,0.0,-100.0,0.0,-99.98
BTC-USDT-SWAP,breakout,6H,0.005,0.03,0.025,1,0.0,10.0,148.0,0.0,-100.0,979,321,658,32.79,100.0,0.576,-4.093,2934,0.02,-99.99,0.0,-100.0,0.0,-99.97
BTC-USDT-SWAP,breakout,6H,0.005,0.03,0.03,1,0.0,10.0,148.0,0.0,-100.0,979,323,656,32.99,100.0,0.56,-4.093,2934,0.05,-99.97,0.0,-100.0,0.0,-99.97
BTC-USDT-SWAP,breakout,6H,0.007,0.006,0.01,1,0.0,10.0,148.0,0.0,-100.0,746,193,553,25.87,100.0,0.077,-4.093,2934,0.0,-100.0,0.0,-100.0,0.0,-100.0
BTC-USDT-SWAP,breakout,6H,0.007,0.006,0.015,1,0.0,10.0,148.0,0.0,-100.0,746,322,424,43.16,100.0,0.282,-4.093,2934,0.0,-100.0,0.0,-100.0,0.0,-99.94
BTC-USDT-SWAP,breakout,6H,0.007,0.006,0.02,1,0.0,10.0,148.0,0.0,-100.0,746,367,379,49.2,100.0,0.327,-4.093,2934,0.03,-99.98,0.0,-100.0,0.0,-99.37
BTC-USDT-SWAP,breakout,6H,0.007,0.006,0.025,1,0.0,10.0,148.0,0.0,-100.0,746,378,368,50.67,100.0,0.434,-4.093,2934,0.07,-99.95,0.0,-100.0,0.0,-98.71
BTC-USDT-SWAP,breakout,6H,0.007,0.006,0.03,1,0.0,10.0,148.0,0.0,-100.0,746,382,364,51.21,100.0,0.424,-4.093,2934,0.09,-99.94,0.0,-99.99,0.0,-98.59
BTC-USDT-SWAP,breakout,6H,0.007,0.008,0.01,1,0.0,10.0,148.0,0.0,-100.0,746,166,580,22.25,100.0,0.099,-4.093,2934,0.0,-100.0,0.0,-100.0,0.0,-100.0
BTC-USDT-SWAP,breakout,6H,0.007,0.008,0.015,1,0.0,10.0,148.0,0.0,-100.0,746,281,465,37.67,100.0,0.343,-4.093,2934,0.0,-100.0,0.0,-100.0,0.0,-99.97
BTC-USDT-SWAP,breakout,6H,0.007,0.008,0.02,1,0.0,10.0,148.0,0.0,-100.0,746,318,428,42.63,100.0,0.382,-4.093,2934,0.03,-99.98,0.0,-100.0,0.0,-99.76
BTC-USDT-SWAP,breakout,6H,0.007,0.008,0.025,1,0.0,10.0,148.0,0.0,-100.0,746,329,417,44.1,100.0,0.499,-4.093,2934,0.09,-99.94,0.0,-100.0,0.0,-99.47
BTC-USDT-SWAP,breakout,6H,0.007,0.008,0.03,1,0.0,10.0,148.0,0.0,-100.0,746,333,413,44.64,100.0,0.478,-4.093,2934,0.11,-99.93,0.0,-99.99,0.0,-99.4
BTC-USDT-SWAP,breakout,6H,0.007,0.01,0.01,1,0.0,10.0,148.0,0.0,-100.0,746,159,587,21.31,100.0,0.113,-4.093,2934,0.0,-100.0,0.0,-100.0,0.0,-100.0
BTC-USDT-SWAP,breakout,6H,0.007,0.01,0.015,1,0.0,10.0,148.0,0.0,-100.0,746,263,483,35.25,100.0,0.386,-4.093,2934,0.0,-100.0,0.0,-100.0,0.0,-99.93
BTC-USDT-SWAP,breakout,6H,0.007,0.01,0.02,1,0.0,10.0,148.0,0.0,-100.0,746,295,451,39.54,100.0,0.403,-4.093,2934,0.03,-99.98,0.0,-100.0,0.0,-99.65
BTC-USDT-SWAP,breakout,6H,0.007,0.01,0.025,1,0.0,10.0,148.0,0.0,-100.0,746,306,440,41.02,100.0,0.529,-4.093,2934,0.11,-99.93,0.0,-100.0,0.0,-99.23
BTC-USDT-SWAP,breakout,6H,0.007,0.01,0.03,1,0.0,10.0,148.0,0.0,-100.0,746,309,437,41.42,100.0,0.509,-4.093,2934,0.12,-99.92,0.0,-100.0,0.0,-99.25
BTC-USDT-SWAP,breakout,6H,0.007,0.015,0.01,1,0.0,10.0,148.0,0.0,-100.0,746,146,600,19.57,100.0,0.078,-4.093,2934,0.0,-100.0,0.0,-100.0,0.0,-100.0
BTC-USDT-SWAP,breakout,6H,0.007,0.015,0.015,1,0.0,10.0,148.0,0.0,-100.0,746,241,505,32.31,100.0,0.373,-4.093,2934,0.0,-100.0,0.0,-100.0,0.0,-99.95
BTC-USDT-SWAP,breakout,6H,0.007,0.015,0.02,1,0.0,10.0,148.0,0.0,-100.0,746,268,478,35.92,100.0,0.382,-4.093,2934,0.02,-99.99,0.0,-100.0,0.0,-99.81
BTC-USDT-SWAP,breakout,6H,0.007,0.015,0.025,1,0.0,10.0,148.0,0.0,-100.0,746,277,469,37.13,100.0,0.53,-4.093,2934,0.06,-99.96,0.0,-100.0,0.0,-99.57
BTC-USDT-SWAP,breakout,6H,0.007,0.015,0.03,1,0.0,10.0,148.0,0.0,-100.0,746,280,466,37.53,100.0,0.513,-4.093,2934,0.07,-99.95,0.0,-100.0,0.0,-99.61
BTC-USDT-SWAP,breakout,6H,0.007,0.02,0.01,1,0.0,10.0,148.0,0.0,-100.0,746,144,602,19.3,100.0,0.081,-4.093,2934,0.0,-100.0,0.0,-100.0,0.0,-100.0
BTC-USDT-SWAP,breakout,6H,0.007,0.02,0.015,1,0.0,10.0,148.0,0.0,-100.0,746,235,511,31.5,100.0,0.342,-4.093,2934,0.0,-100.0,0.0,-100.0,0.0,-99.95
BTC-USDT-SWAP,breakout,6H,0.007,0.02,0.02,1,0.0,10.0,148.0,0.0,-100.0,746,262,484,35.12,100.0,0.357,-4.093,2934,0.03,-99.98,0.0,-100.0,0.0,-99.83
BTC-USDT-SWAP,breakout,6H,0.007,0.02,0.025,1,0.0,10.0,148.0,0.0,-100.0,746,271,475,36.33,100.0,0.481,-4.093,2934,0.1,-99.94,0.0,-100.0,0.0,-99.61
BTC-USDT-SWAP,breakout,6H,0.007,0.02,0.03,1,0.0,10.0,148.0,0.0,-100.0,746,274,472,36.73,100.0,0.457,-4.093,2934,0.12,-99.92,0.0,-100.0,0.0,-99.67
BTC-USDT-SWAP,breakout,6H,0.007,0.03,0.01,1,0.0,10.0,148.0,0.0,-100.0,746,142,604,19.03,100.0,0.086,-4.093,2934,0.0,-100.0,0.0,-100.0,0.0,-100.0
BTC-USDT-SWAP,breakout,6H,0.007,0.03,0.015,1,0.0,10.0,148.0,0.0,-100.0,746,231,515,30.97,100.0,0.4,-4.093,2934,0.0,-100.0,0.0,-100.0,0.0,-99.91
BTC-USDT-SWAP,breakout,6H,0.007,0.03,0.02,1,0.0,10.0,148.0,0.0,-100.0,746,257,489,34.45,100.0,0.414,-4.093,2934,0.02,-99.99,0.0,-100.0,0.0,-99.67
BTC-USDT-SWAP,breakout,6H,0.007,0.03,0.025,1,0.0,10.0,148.0,0.0,-100.0,746,266,480,35.66,100.0,0.546,-4.093,2934,0.12,-99.92,0.0,-100.0,0.0,-99.41
BTC-USDT-SWAP,breakout,6H,0.007,0.03,0.03,1,0.0,10.0,148.0,0.0,-100.0,746,269,477,36.06,100.0,0.522,-4.093,2934,0.16,-99.89,0.0,-100.0,0.0,-99.5
BTC-USDT-SWAP,breakout,6H,0.01,0.006,0.01,1,0.0,10.0,148.0,0.0,-100.0,523,110,413,21.03,100.0,0.049,-4.093,2934,0.0,-100.0,0.0,-100.0,0.0,-100.0
BTC-USDT-SWAP,breakout,6H,0.01,0.006,0.015,1,0.0,10.0,148.0,0.0,-100.0,523,206,317,39.39,100.0,0.176,-4.093,2934,0.0,-100.0,0.0,-100.0,0.0,-99.98
BTC-USDT-SWAP,breakout,6H,0.01,0.006,0.02,1,0.0,10.0,148.0,0.0,-100.0,523,256,267,48.95,100.0,0.358,-4.093,2934,0.09,-99.94,0.0,-99.99,0.0,-99.71
BTC-USDT-SWAP,breakout,6H,0.01,0.006,0.025,1,0.0,10.0,148.0,0.0,-100.0,523,267,256,51.05,100.0,0.371,-4.093,2934,0.22,-99.85,0.0,-99.98,0.0,-99.14
BTC-USDT-SWAP,breakout,6H,0.01,0.006,0.03,1,0.0,10.0,148.0,0.0,-100.0,523,275,248,52.58,100.0,0.411,-4.093,2934,0.72,-99.51,0.0,-99.93,0.0,-99.07
BTC-USDT-SWAP,breakout,6H,0.01,0.008,0.01,1,0.0,10.0,148.0,0.0,-100.0,523,91,432,17.4,100.0,0.065,-4.093,2934,0.0,-100.0,0.0,-100.0,0.0,-100.0
BTC-USDT-SWAP,breakout,6H,0.01,0.008,0.015,1,0.0,10.0,148.0,0.0,-100.0,523,179,344,34.23,100.0,0.223,-4.093,2934,0.01,-100.0,0.0,-100.0,0.0,-99.99
BTC-USDT-SWAP,breakout,6H,0.01,0.008,0.02,1,0.0,10.0,148.0,0.0,-100.0,523,225,298,43.02,100.0,0.406,-4.093,2934,0.11,-99.93,0.0,-99.99,0.0,-99.76
BTC-USDT-SWAP,breakout,6H,0.01,0.008,0.025,1,0.0,10.0,148.0,0.0,-100.0,523,233,290,44.55,100.0,0.42,-4.093,2934,0.23,-99.84,0.0,-99.98,0.0,-99.38
BTC-USDT-SWAP,breakout,6H,0.01,0.008,0.03,1,0.0,10.0,148.0,0.0,-100.0,523,239,284,45.7,100.0,0.46,-4.093,2934,0.65,-99.56,0.0,-99.93,0.0,-99.4
BTC-USDT-SWAP,breakout,6H,0.01,0.01,0.01,1,0.0,10.0,148.0,0.0,-100.0,523,84,439,16.06,100.0,0.076,-4.093,2934,0.0,-100.0,0.0,-100.0,0.0,-100.0
BTC-USDT-SWAP,breakout,6H,0.01,0.01,0.015,1,0.0,10.0,148.0,0.0,-100.0,523,160,363,30.59,100.0,0.211,-4.093,2934,0.01,-100.0,0.0,-100.0,0.0,-99.99
BTC-USDT-SWAP,breakout,6H,0.01,0.01,0.02,1,0.0,10.0,148.0,0.0,-100.0,523,199,324,38.05,100.0,0.413,-4.093,2934,0.1,-99.93,0.0,-99.99,0.0,-99.85
BTC-USDT-SWAP,breakout,6H,0.01,0.01,0.025,1,0.0,10.0,148.0,0.0,-100.0,523,208,315,39.77,100.0,0.433,-4.093,2934,0.3,-99.8,0.0,-99.98,0.0,-99.64
BTC-USDT-SWAP,breakout,6H,0.01,0.01,0.03,1,0.0,10.0,148.0,0.0,-100.0,523,214,309,40.92,100.0,0.488,-4.093,2934,0.88,-99.41,0.0,-99.91,0.0,-99.59
BTC-USDT-SWAP,breakout,6H,0.01,0.015,0.01,1,0.0,10.0,148.0,0.0,-100.0,523,76,447,14.53,100.0,0.073,-4.093,2934,0.0,-100.0,0.0,-100.0,0.0,-100.0
BTC-USDT-SWAP,breakout,6H,0.01,0.015,0.015,1,0.0,10.0,148.0,0.0,-100.0,523,143,380,27.34,100.0,0.225,-4.093,2934,0.0,-100.0,0.0,-100.0,0.0,-99.98
BTC-USDT-SWAP,breakout,6H,0.01,0.015,0.02,1,0.0,10.0,148.0,0.0,-100.0,523,179,344,34.23,100.0,0.471,-4.093,2934,0.09,-99.94,0.0,-99.99,0.0,-99.72
BTC-USDT-SWAP,breakout,6H,0.01,0.015,0.025,1,0.0,10.0,148.0,0.0,-100.0,523,188,335,35.95,100.0,0.486,-4.093,2934,0.29,-99.81,0.0,-99.98,0.0,-99.28
BTC-USDT-SWAP,breakout,6H,0.01,0.015,0.03,1,0.0,10.0,148.0,0.0,-100.0,523,193,330,36.9,100.0,0.557,-4.093,2934,1.0,-99.32,0.0,-99.94,0.0,-99.18
BTC-USDT-SWAP,breakout,6H,0.01,0.02,0.01,1,0.0,10.0,148.0,0.0,-100.0,523,75,448,14.34,100.0,0.076,-4.093,2934,0.0,-100.0,0.0,-100.0,0.0,-100.0
BTC-USDT-SWAP,breakout,6H,0.01,0.02,0.015,1,0.0,10.0,148.0,0.0,-100.0,523,142,381,27.15,100.0,0.164,-4.093,2934,0.0,-100.0,0.0,-100.0,0.0,-99.98
BTC-USDT-SWAP,breakout,6H,0.01,0.02,0.02,1,0.0,10.0,148.0,0.0,-100.0,523,175,348,33.46,100.0,0.375,-4.093,2934,0.08,-99.95,0.0,-99.99,0.0,-99.72
BTC-USDT-SWAP,breakout,6H,0.01,0.02,0.025,1,0.0,10.0,148.0,0.0,-100.0,523,185,338,35.37,100.0,0.398,-4.093,2934,0.38,-99.74,0.0,-99.98,0.0,-99.26
BTC-USDT-SWAP,breakout,6H,0.01,0.02,0.03,1,0.0,10.0,148.0,0.0,-100.0,523,190,333,36.33,100.0,0.506,-4.093,2934,1.47,-99.01,0.0,-99.94,0.0,-99.22
BTC-USDT-SWAP,breakout,6H,0.01,0.03,0.01,1,0.0,10.0,148.0,0.0,-100.0,523,75,448,14.34,100.0,0.085,-4.093,2934,0.0,-100.0,0.0,-100.0,0.0,-100.0
BTC-USDT-SWAP,breakout,6H,0.01,0.03,0.015,1,0.0,10.0,148.0,0.0,-100.0,523,140,383,26.77,100.0,0.174,-4.093,2934,0.0,-100.0,0.0,-100.0,0.0,-99.98
BTC-USDT-SWAP,breakout,6H,0.01,0.03,0.02,1,0.0,10.0,148.0,0.0,-100.0,523,172,351,32.89,100.0,0.435,-4.093,2934,0.09,-99.94,0.0,-99.99,0.0,-99.63
BTC-USDT-SWAP,breakout,6H,0.01,0.03,0.025,1,0.0,10.0,148.0,0.0,-100.0,523,179,344,34.23,100.0,0.45,-4.093,2934,0.25,-99.83,0.0,-99.99,0.0,-99.3
BTC-USDT-SWAP,breakout,6H,0.01,0.03,0.03,1,0.0,10.0,148.0,0.0,-100.0,523,185,338,35.37,100.0,0.558,-4.093,2934,1.45,-99.02,0.0,-99.96,0.0,-99.25
BTC-USDT-SWAP,fade,6H,0.001,0.006,0.01,1,0.0,10.0,148.0,0.0,-100.0,2176,1303,873,59.88,100.0,0.875,-4.093,2934,18.22,-87.69,0.0,-100.0,0.0,-99.79
BTC-USDT-SWAP,fade,6H,0.001,0.006,0.015,1,0.0,10.0,148.0,0.0,-100.0,2176,1379,797,63.37,100.0,0.964,-4.093,2934,175.29,18.44,0.01,-99.99,0.0,-99.22
BTC-USDT-SWAP,fade,6H,0.001,0.006,0.02,1,0.0,10.0,148.0,0.0,-100.0,2176,1405,771,64.57,100.0,0.985,-4.093,2934,729.2,392.71,0.04,-99.99,0.0,-98.55
BTC-USDT-SWAP,fade,6H,0.001,0.006,0.025,1,0.0,10.0,148.0,0.0,-100.0,2176,1411,765,64.84,100.0,0.986,-4.093,2934,649.39,338.77,0.01,-100.0,0.0,-97.94
BTC-USDT-SWAP,fade,6H,0.001,0.006,0.03,1,0.0,10.0,148.0,0.0,-100.0,2176,1419,757,65.21,100.0,0.986,-4.093,2934,588.91,297.91,0.03,-99.99,0.0,-96.65
BTC-USDT-SWAP,fade,6H,0.001,0.008,0.01,1,0.0,10.0,148.0,0.0,-100.0,2176,1087,1089,49.95,100.0,0.804,-4.093,2934,1.25,-99.15,0.0,-100.0,0.0,-99.99
BTC-USDT-SWAP,fade,6H,0.001,0.008,0.015,1,0.0,10.0,148.0,0.0,-100.0,2176,1150,1026,52.85,100.0,0.844,-4.093,2934,5.29,-96.43,0.0,-100.0,0.0,-99.96
BTC-USDT-SWAP,fade,6H,0.001,0.008,0.02,1,0.0,10.0,148.0,0.0,-100.0,2176,1173,1003,53.91,100.0,0.892,-4.093,2934,25.81,-82.56,0.0,-100.0,0.0,-99.98
BTC-USDT-SWAP,fade,6H,0.001,0.008,0.025,1,0.0,10.0,148.0,0.0,-100.0,2176,1181,995,54.27,100.0,0.916,-4.093,2934,27.91,-81.14,0.0,-100.0,0.0,-99.98
BTC-USDT-SWAP,fade,6H,0.001,0.008,0.03,1,0.0,10.0,148.0,0.0,-100.0,2176,1188,988,54.6,100.0,0.928,-4.093,2934,27.73,-81.26,0.0,-100.0,0.0,-99.98
BTC-USDT-SWAP,fade,6H,0.001,0.01,0.01,1,0.0,10.0,148.0,0.0,-100.0,2176,966,1210,44.39,100.0,0.775,-4.093,2934,0.29,-99.81,0.0,-100.0,0.0,-100.0
BTC-USDT-SWAP,fade,6H,0.001,0.01,0.015,1,0.0,10.0,148.0,0.0,-100.0,2176,1028,1148,47.24,100.0,0.78,-4.093,2934,0.8,-99.46,0.0,-100.0,0.0,-100.0
BTC-USDT-SWAP,fade,6H,0.001,0.01,0.02,1,0.0,10.0,148.0,0.0,-100.0,2176,1049,1127,48.21,100.0,0.802,-4.093,2934,2.1,-98.58,0.0,-100.0,0.0,-100.0
BTC-USDT-SWAP,fade,6H,0.001,0.01,0.025,1,0.0,10.0,148.0,0.0,-100.0,2176,1057,1119,48.58,100.0,0.801,-4.093,2934,1.19,-99.19,0.0,-100.0,0.0,-100.0
BTC-USDT-SWAP,fade,6H,0.001,0.01,0.03,1,0.0,10.0,148.0,0.0,-100.0,2176,1063,1113,48.85,100.0,0.803,-4.093,2934,0.53,-99.64,0.0,-100.0,0.0,-100.0
BTC-USDT-SWAP,fade,6H,0.001,0.015,0.01,1,0.0,10.0,148.0,0.0,-100.0,2176,844,1332,38.79,100.0,0.645,-4.093,2934,0.0,-100.0,0.0,-100.0,0.0,-100.0
BTC-USDT-SWAP,fade,6H,0.001,0.015,0.015,1,0.0,10.0,148.0,0.0,-100.0,2176,895,1281,41.13,100.0,0.624,-4.093,2934,0.0,-100.0,0.0,-100.0,0.0,-100.0
BTC-USDT-SWAP,fade,6H,0.001,0.015,0.02,1,0.0,10.0,148.0,0.0,-100.0,2176,916,1260,42.1,100.0,0.577,-4.093,2934,0.0,-100.0,0.0,-100.0,0.0,-100.0
BTC-USDT-SWAP,fade,6H,0.001,0.015,0.025,1,0.0,10.0,148.0,0.0,-100.0,2176,922,1254,42.37,100.0,0.573,-4.093,2934,0.0,-100.0,0.0,-100.0,0.0,-100.0
BTC-USDT-SWAP,fade,6H,0.001,0.015,0.03,1,0.0,10.0,148.0,0.0,-100.0,2176,924,1252,42.46,100.0,0.573,-4.093,2934,0.0,-100.0,0.0,-100.0,0.0,-100.0
BTC-USDT-SWAP,fade,6H,0.001,0.02,0.01,1,0.0,10.0,148.0,0.0,-100.0,2176,806,1370,37.04,100.0,0.507,-4.093,2934,0.0,-100.0,0.0,-100.0,0.0,-100.0
BTC-USDT-SWAP,fade,6H,0.001,0.02,0.015,1,0.0,10.0,148.0,0.0,-100.0,2176,859,1317,39.48,100.0,0.476,-4.093,2934,0.0,-100.0,0.0,-100.0,0.0,-100.0
BTC-USDT-SWAP,fade,6H,0.001,0.02,0.02,1,0.0,10.0,148.0,0.0,-100.0,2176,880,1296,40.44,100.0,0.409,-4.093,2934,0.0,-100.0,0.0,-100.0,0.0,-100.0
BTC-USDT-SWAP,fade,6H,0.001,0.02,0.025,1,0.0,10.0,148.0,0.0,-100.0,2176,885,1291,40.67,100.0,0.408,-4.093,2934,0.0,-100.0,0.0,-100.0,0.0,-100.0
BTC-USDT-SWAP,fade,6H,0.001,0.02,0.03,1,0.0,10.0,148.0,0.0,-100.0,2176,886,1290,40.72,100.0,0.413,-4.093,2934,0.0,-100.0,0.0,-100.0,0.0,-100.0
BTC-USDT-SWAP,fade,6H,0.001,0.03,0.01,1,0.0,10.0,148.0,0.0,-100.0,2176,797,1379,36.63,100.0,0.572,-4.093,2934,0.0,-100.0,0.0,-100.0,0.0,-100.0
BTC-USDT-SWAP,fade,6H,0.001,0.03,0.015,1,0.0,10.0,148.0,0.0,-100.0,2176,849,1327,39.02,100.0,0.541,-4.093,2934,0.0,-100.0,0.0,-100.0,0.0,-100.0
BTC-USDT-SWAP,fade,6H,0.001,0.03,0.02,1,0.0,10.0,148.0,0.0,-100.0,2176,870,1306,39.98,100.0,0.469,-4.093,2934,0.0,-100.0,0.0,-100.0,0.0,-100.0
BTC-USDT-SWAP,fade,6H,0.001,0.03,0.025,1,0.0,10.0,148.0,0.0,-100.0,2176,874,1302,40.17,100.0,0.448,-4.093,2934,0.0,-100.0,0.0,-100.0,0.0,-100.0
BTC-USDT-SWAP,fade,6H,0.001,0.03,0.03,1,0.0,10.0,148.0,0.0,-100.0,2176,875,1301,40.21,100.0,0.454,-4.093,2934,0.0,-100.0,0.0,-100.0,0.0,-100.0
BTC-USDT-SWAP,fade,6H,0.002,0.006,0.01,1,0.0,10.0,148.0,0.03,-99.98,1927,1220,707,63.31,99.99,0.942,-4.092,2934,152.84,3.27,0.33,-99.78,0.03,-92.03
BTC-USDT-SWAP,fade,6H,0.002,0.006,0.015,1,0.0,10.0,148.0,10.95,-92.6,1927,1290,637,66.94,99.9,0.995,-3.79,2934,1737.8,1074.19,14.95,-99.14,10.95,-26.77
BTC-USDT-SWAP,fade,6H,0.002,0.006,0.02,1,0.0,10.0,148.0,171.46,15.85,1927,1311,616,68.03,99.9,1.0,0.649,2934,11225.4,7484.73,88.57,-99.21,171.46,93.59
BTC-USDT-SWAP,fade,6H,0.002,0.006,0.025,1,0.0,10.0,148.0,137.08,-7.38,1927,1319,608,68.45,99.92,1.0,-0.302,2934,9366.99,6229.05,58.73,-99.37,137.08,133.39
BTC-USDT-SWAP,fade,6H,0.002,0.006,0.03,1,0.0,10.0,148.0,1533.45,936.11,1927,1327,600,68.86,99.46,1.005,38.313,2934,11864.08,7916.27,513.52,-95.67,1533.45,198.62
BTC-USDT-SWAP,fade,6H,0.002,0.008,0.01,1,0.0,10.0,148.0,0.0,-100.0,1927,1002,925,52.0,100.0,0.886,-4.093,2934,13.13,-91.13,0.0,-100.0,0.0,-99.88
BTC-USDT-SWAP,fade,6H,0.002,0.008,0.015,1,0.0,10.0,148.0,0.0,-100.0,1927,1067,860,55.37,100.0,0.97,-4.093,2934,122.13,-17.48,0.01,-99.99,0.0,-99.32
BTC-USDT-SWAP,fade,6H,0.002,0.008,0.02,1,0.0,10.0,148.0,0.0,-100.0,1927,1084,843,56.25,100.0,0.987,-4.093,2934,547.18,269.71,0.01,-100.0,0.0,-99.37
BTC-USDT-SWAP,fade,6H,0.002,0.008,0.025,1,0.0,10.0,148.0,0.0,-100.0,1927,1091,836,56.62,100.0,0.99,-4.093,2934,637.67,330.86,0.01,-100.0,0.0,-99.48
BTC-USDT-SWAP,fade,6H,0.002,0.008,0.03,1,0.0,10.0,148.0,0.0,-100.0,1927,1099,828,57.03,100.0,0.994,-4.093,2934,702.73,374.82,0.02,-100.0,0.0,-99.43
BTC-USDT-SWAP,fade,6H,0.002,0.01,0.01,1,0.0,10.0,148.0,0.0,-100.0,1927,872,1055,45.25,100.0,0.798,-4.093,2934,1.02,-99.31,0.0,-100.0,0.0,-99.99
BTC-USDT-SWAP,fade,6H,0.002,0.01,0.015,1,0.0,10.0,148.0,0.0,-100.0,1927,931,996,48.31,100.0,0.827,-4.093,2934,3.69,-97.51,0.0,-100.0,0.0,-99.97
BTC-USDT-SWAP,fade,6H,0.002,0.01,0.02,1,0.0,10.0,148.0,0.0,-100.0,1927,948,979,49.2,100.0,0.866,-4.093,2934,12.28,-91.7,0.0,-100.0,0.0,-99.97
BTC-USDT-SWAP,fade,6H,0.002,0.01,0.025,1,0.0,10.0,148.0,0.0,-100.0,1927,956,971,49.61,100.0,0.89,-4.093,2934,8.82,-94.04,0.0,-100.0,0.0,-99.98
BTC-USDT-SWAP,fade,6H,0.002,0.01,0.03,1,0.0,10.0,148.0,0.0,-100.0,1927,962,965,49.92,100.0,0.868,-4.093,2934,3.94,-97.34,0.0,-100.0,0.0,-99.99
BTC-USDT-SWAP,fade,6H,0.002,0.015,0.01,1,0.0,10.0,148.0,0.0,-100.0,1927,746,1181,38.71,100.0,0.609,-4.093,2934,0.01,-99.99,0.0,-100.0,0.0,-100.0
BTC-USDT-SWAP,fade,6H,0.002,0.015,0.015,1,0.0,10.0,148.0,0.0,-100.0,1927,789,1138,40.94,100.0,0.563,-4.093,2934,0.01,-100.0,0.0,-100.0,0.0,-100.0
BTC-USDT-SWAP,fade,6H,0.002,0.015,0.02,1,0.0,10.0,148.0,0.0,-100.0,1927,807,1120,41.88,100.0,0.548,-4.093,2934,0.01,-100.0,0.0,-100.0,0.0,-100.0
BTC-USDT-SWAP,fade,6H,0.002,0.015,0.025,1,0.0,10.0,148.0,0.0,-100.0,1927,813,1114,42.19,100.0,0.576,-4.093,2934,0.0,-100.0,0.0,-100.0,0.0,-100.0
BTC-USDT-SWAP,fade,6H,0.002,0.015,0.03,1,0.0,10.0,148.0,0.0,-100.0,1927,815,1112,42.29,100.0,0.52,-4.093,2934,0.0,-100.0,0.0,-100.0,0.0,-100.0
BTC-USDT-SWAP,fade,6H,0.002,0.02,0.01,1,0.0,10.0,148.0,0.0,-100.0,1927,706,1221,36.64,100.0,0.48,-4.093,2934,0.0,-100.0,0.0,-100.0,0.0,-100.0
BTC-USDT-SWAP,fade,6H,0.002,0.02,0.015,1,0.0,10.0,148.0,0.0,-100.0,1927,752,1175,39.02,100.0,0.421,-4.093,2934,0.0,-100.0,0.0,-100.0,0.0,-100.0
BTC-USDT-SWAP,fade,6H,0.002,0.02,0.02,1,0.0,10.0,148.0,0.0,-100.0,1927,770,1157,39.96,100.0,0.389,-4.093,2934,0.0,-100.0,0.0,-100.0,0.0,-100.0
BTC-USDT-SWAP,fade,6H,0.002,0.02,0.025,1,0.0,10.0,148.0,0.0,-100.0,1927,774,1153,40.17,100.0,0.428,-4.093,2934,0.0,-100.0,0.0,-100.0,0.0,-100.0
BTC-USDT-SWAP,fade,6H,0.002,0.02,0.03,1,0.0,10.0,148.0,0.0,-100.0,1927,776,1151,40.27,100.0,0.374,-4.093,2934,0.0,-100.0,0.0,-100.0,0.0,-100.0
BTC-USDT-SWAP,fade,6H,0.002,0.03,0.01,1,0.0,10.0,148.0,0.0,-100.0,1927,697,1230,36.17,100.0,0.546,-4.093,2934,0.01,-99.99,0.0,-100.0,0.0,-100.0
BTC-USDT-SWAP,fade,6H,0.002,0.03,0.015,1,0.0,10.0,148.0,0.0,-100.0,1927,742,1185,38.51,100.0,0.475,-4.093,2934,0.0,-100.0,0.0,-100.0,0.0,-100.0
BTC-USDT-SWAP,fade,6H,0.002,0.03,0.02,1,0.0,10.0,148.0,0.0,-100.0,1927,760,1167,39.44,100.0,0.439,-4.093,2934,0.0,-100.0,0.0,-100.0,0.0,-100.0
BTC-USDT-SWAP,fade,6H,0.002,0.03,0.025,1,0.0,10.0,148.0,0.0,-100.0,1927,763,1164,39.6,100.0,0.458,-4.093,2934,0.0,-100.0,0.0,-100.0,0.0,-100.0
BTC-USDT-SWAP,fade,6H,0.002,0.03,0.03,1,0.0,10.0,148.0,0.0,-100.0,1927,765,1162,39.7,100.0,0.403,-4.093,2934,0.0,-100.0,0.0,-100.0,0.0,-100.0
BTC-USDT-SWAP,fade,6H,0.003,0.006,0.01,1,0.0,10.0,148.0,98.35,-33.55,1728,1165,563,67.42,98.11,0.998,-1.373,2934,1517.91,925.62,130.16,-91.42,98.35,-24.44
BTC-USDT-SWAP,fade,6H,0.003,0.006,0.015,1,0.0,10.0,148.0,84769.13,57176.44,1728,1236,492,71.53,68.63,1.187,2340.1,2934,26315.04,17680.44,39123.56,48.67,84769.13,116.67
BTC-USDT-SWAP,fade,6H,0.003,0.006,0.02,1,0.0,10.0,148.0,108030.42,72893.53,1728,1251,477,72.4,71.97,1.243,2983.364,2934,30588.92,20568.19,36632.12,19.76,108030.42,194.91
BTC-USDT-SWAP,fade,6H,0.003,0.006,0.025,1,0.0,10.0,148.0,136299.94,91994.55,1728,1264,464,73.15,54.33,1.312,3765.125,2934,33845.03,22768.26,64894.21,91.74,136299.94,110.03
BTC-USDT-SWAP,fade,6H,0.003,0.006,0.03,1,0.0,10.0,148.0,165559.75,111764.69,1728,1273,455,73.67,53.76,1.383,4574.271,2934,46299.21,31183.25,89354.02,92.99,165559.75,85.29
BTC-USDT-SWAP,fade,6H,0.003,0.008,0.01,1,0.0,10.0,148.0,0.02,-99.99,1728,974,754,56.37,100.0,0.976,-4.092,2934,479.49,223.98,0.4,-99.92,0.02,-94.84
BTC-USDT-SWAP,fade,6H,0.003,0.008,0.015,1,0.0,10.0,148.0,7.1,-95.2,1728,1038,690,60.07,99.96,0.998,-3.896,2934,4193.69,2733.58,18.02,-99.57,7.1,-60.61
BTC-USDT-SWAP,fade,6H,0.003,0.008,0.02,1,0.0,10.0,148.0,6.36,-95.7,1728,1051,677,60.82,99.98,0.998,-3.917,2934,5300.02,3481.1,5.92,-99.89,6.36,7.36
BTC-USDT-SWAP,fade,6H,0.003,0.008,0.025,1,0.0,10.0,148.0,6.79,-95.41,1728,1059,669,61.28,99.98,0.998,-3.905,2934,5752.53,3786.85,7.04,-99.88,6.79,-3.47
BTC-USDT-SWAP,fade,6H,0.003,0.008,0.03,1,0.0,10.0,148.0,41.22,-72.15,1728,1067,661,61.75,99.94,1.0,-2.953,2934,11547.37,7702.28,31.56,-99.73,41.22,30.61
BTC-USDT-SWAP,fade,6H,0.003,0.01,0.01,1,0.0,10.0,148.0,0.0,-100.0,1728,841,887,48.67,100.0,0.862,-4.093,2934,10.14,-93.15,0.0,-100.0,0.0,-99.76
BTC-USDT-SWAP,fade,6H,0.003,0.01,0.015,1,0.0,10.0,148.0,0.0,-100.0,1728,898,830,51.97,100.0,0.947,-4.093,2934,55.91,-62.22,0.01,-99.98,0.0,-99.41
BTC-USDT-SWAP,fade,6H,0.003,0.01,0.02,1,0.0,10.0,148.0,0.0,-100.0,1728,909,819,52.6,100.0,0.938,-4.093,2934,69.46,-53.07,0.0,-100.0,0.0,-99.32
BTC-USDT-SWAP,fade,6H,0.003,0.01,0.025,1,0.0,10.0,148.0,0.0,-100.0,1728,920,808,53.24,100.0,0.975,-4.093,2934,135.3,-8.58,0.01,-99.99,0.0,-99.47
BTC-USDT-SWAP,fade,6H,0.003,0.01,0.03,1,0.0,10.0,148.0,0.0,-100.0,1728,926,802,53.59,100.0,0.975,-4.093,2934,122.68,-17.11,0.01,-100.0,0.0,-99.52
BTC-USDT-SWAP,fade,6H,0.003,0.015,0.01,1,0.0,10.0,148.0,0.0,-100.0,1728,720,1008,41.67,100.0,0.738,-4.093,2934,0.45,-99.7,0.0,-100.0,0.0,-99.96
BTC-USDT-SWAP,fade,6H,0.003,0.015,0.015,1,0.0,10.0,148.0,0.0,-100.0,1728,765,963,44.27,100.0,0.748,-4.093,2934,0.34,-99.77,0.0,-100.0,0.0,-99.97
BTC-USDT-SWAP,fade,6H,0.003,0.015,0.02,1,0.0,10.0,148.0,0.0,-100.0,1728,780,948,45.14,100.0,0.692,-4.093,2934,0.33,-99.77,0.0,-100.0,0.0,-99.97
BTC-USDT-SWAP,fade,6H,0.003,0.015,0.025,1,0.0,10.0,148.0,0.0,-100.0,1728,787,941,45.54,100.0,0.732,-4.093,2934,0.17,-99.88,0.0,-100.0,0.0,-99.98
BTC-USDT-SWAP,fade,6H,0.003,0.015,0.03,1,0.0,10.0,148.0,0.0,-100.0,1728,791,937,45.78,100.0,0.672,-4.093,2934,0.1,-99.94,0.0,-100.0,0.0,-99.99
BTC-USDT-SWAP,fade,6H,0.003,0.02,0.01,1,0.0,10.0,148.0,0.0,-100.0,1728,677,1051,39.18,100.0,0.473,-4.093,2934,0.07,-99.96,0.0,-100.0,0.0,-100.0
BTC-USDT-SWAP,fade,6H,0.003,0.02,0.015,1,0.0,10.0,148.0,0.0,-100.0,1728,718,1010,41.55,100.0,0.453,-4.093,2934,0.02,-99.99,0.0,-100.0,0.0,-100.0
BTC-USDT-SWAP,fade,6H,0.003,0.02,0.02,1,0.0,10.0,148.0,0.0,-100.0,1728,731,997,42.3,100.0,0.39,-4.093,2934,0.01,-99.99,0.0,-100.0,0.0,-100.0
BTC-USDT-SWAP,fade,6H,0.003,0.02,0.025,1,0.0,10.0,148.0,0.0,-100.0,1728,735,993,42.53,100.0,0.441,-4.093,2934,0.0,-100.0,0.0,-100.0,0.0,-100.0
BTC-USDT-SWAP,fade,6H,0.003,0.02,0.03,1,0.0,10.0,148.0,0.0,-100.0,1728,737,991,42.65,100.0,0.38,-4.093,2934,0.0,-100.0,0.0,-100.0,0.0,-100.0
BTC-USDT-SWAP,fade,6H,0.003,0.03,0.01,1,0.0,10.0,148.0,0.0,-100.0,1728,665,1063,38.48,100.0,0.558,-4.093,2934,0.2,-99.87,0.0,-100.0,0.0,-100.0
BTC-USDT-SWAP,fade,6H,0.003,0.03,0.015,1,0.0,10.0,148.0,0.0,-100.0,1728,704,1024,40.74,100.0,0.485,-4.093,2934,0.03,-99.98,0.0,-100.0,0.0,-100.0
BTC-USDT-SWAP,fade,6H,0.003,0.03,0.02,1,0.0,10.0,148.0,0.0,-100.0,1728,718,1010,41.55,100.0,0.424,-4.093,2934,0.02,-99.99,0.0,-100.0,0.0,-100.0
BTC-USDT-SWAP,fade,6H,0.003,0.03,0.025,1,0.0,10.0,148.0,0.0,-100.0,1728,721,1007,41.72,100.0,0.452,-4.093,2934,0.0,-100.0,0.0,-100.0,0.0,-100.0
BTC-USDT-SWAP,fade,6H,0.003,0.03,0.03,1,0.0,10.0,148.0,0.0,-100.0,1728,723,1005,41.84,100.0,0.395,-4.093,2934,0.0,-100.0,0.0,-100.0,0.0,-100.0
BTC-USDT-SWAP,fade,6H,0.005,0.006,0.01,1,0.0,10.0,148.0,113812.17,76800.12,1354,1014,340,74.89,63.39,1.424,3143.252,2934,4144.47,2700.32,68999.64,1564.86,113812.17,64.95
BTC-USDT-SWAP,fade,6H,0.005,0.006,0.015,1,0.0,10.0,148.0,217748.56,147027.4,1354,1074,280,79.32,50.16,1.745,6017.493,2934,41408.75,27878.89,146444.62,253.66,217748.56,48.69
BTC-USDT-SWAP,fade,6H,0.005,0.006,0.02,1,0.0,10.0,148.0,247550.54,167163.88,1354,1094,260,80.8,57.11,1.953,6841.632,2934,29860.26,20075.85,154257.37,416.6,247550.54,60.48
BTC-USDT-SWAP,fade,6H,0.005,0.006,0.025,1,0.0,10.0,148.0,289490.71,195501.83,1354,1107,247,81.76,53.83,2.183,8001.439,2934,42199.9,28413.44,196749.54,366.23,289490.71,47.14
BTC-USDT-SWAP,fade,6H,0.005,0.006,0.03,1,0.0,10.0,148.0,314279.33,212250.9,1354,1114,240,82.27,59.61,2.342,8686.94,2934,54399.95,36656.72,220108.19,304.61,314279.33,42.78
BTC-USDT-SWAP,fade,6H,0.005,0.008,0.01,1,0.0,10.0,148.0,64468.16,43459.56,1354,865,489,63.88,84.18,1.226,1778.7,2934,3927.94,2554.02,15918.02,305.25,64468.16,305.0
BTC-USDT-SWAP,fade,6H,0.005,0.008,0.015,1,0.0,10.0,148.0,163227.41,110188.79,1354,913,441,67.43,49.08,1.368,4509.773,2934,42435.74,28572.79,94781.23,123.35,163227.41,72.21
BTC-USDT-SWAP,fade,6H,0.005,0.008,0.02,1,0.0,10.0,148.0,193081.1,130360.2,1354,931,423,68.76,54.95,1.458,5335.342,2934,36674.64,24680.16,106190.26,189.55,193081.1,81.83
BTC-USDT-SWAP,fade,6H,0.005,0.008,0.025,1,0.0,10.0,148.0,232588.86,157054.63,1354,943,411,69.65,53.91,1.567,6427.884,2934,43351.12,29191.3,144708.48,233.81,232588.86,60.73
BTC-USDT-SWAP,fade,6H,0.005,0.008,0.03,1,0.0,10.0,148.0,264812.6,178827.43,1354,951,403,70.24,62.76,1.648,7318.994,2934,62790.6,42326.08,175952.25,180.22,264812.6,50.5
BTC-USDT-SWAP,fade,6H,0.005,0.01,0.01,1,0.0,10.0,148.0,21.02,-85.8,1354,740,614,54.65,99.45,0.994,-3.511,2934,1101.95,644.56,62.95,-94.29,21.02,-66.61
BTC-USDT-SWAP,fade,6H,0.005,0.01,0.015,1,0.0,10.0,148.0,539.51,264.53,1354,784,570,57.9,99.48,1.003,10.827,2934,7504.98,4970.93,518.0,-93.1,539.51,4.15
BTC-USDT-SWAP,fade,6H,0.005,0.01,0.02,1,0.0,10.0,148.0,202.92,37.11,1354,795,559,58.71,99.54,1.001,1.519,2934,3475.11,2248.05,147.49,-95.76,202.92,37.58
BTC-USDT-SWAP,fade,6H,0.005,0.01,0.025,1,0.0,10.0,148.0,793.69,436.28,1354,803,551,59.31,98.82,1.004,17.856,2934,4223.59,2753.78,495.23,-88.27,793.69,60.27
BTC-USDT-SWAP,fade,6H,0.005,0.01,0.03,1,0.0,10.0,148.0,66243.88,44659.38,1354,810,544,59.82,72.81,1.113,1827.805,2934,21708.08,14567.62,35751.1,64.69,66243.88,85.29
BTC-USDT-SWAP,fade,6H,0.005,0.015,0.01,1,0.0,10.0,148.0,0.0,-100.0,1354,594,760,43.87,100.0,0.796,-4.093,2934,11.1,-92.5,0.0,-100.0,0.0,-99.67
BTC-USDT-SWAP,fade,6H,0.005,0.015,0.015,1,0.0,10.0,148.0,0.0,-100.0,1354,631,723,46.6,100.0,0.794,-4.093,2934,11.47,-92.25,0.0,-99.99,0.0,-99.7
BTC-USDT-SWAP,fade,6H,0.005,0.015,0.02,1,0.0,10.0,148.0,0.0,-100.0,1354,642,712,47.42,100.0,0.803,-4.093,2934,9.03,-93.9,0.0,-100.0,0.0,-99.91
BTC-USDT-SWAP,fade,6H,0.005,0.015,0.025,1,0.0,10.0,148.0,0.0,-100.0,1354,647,707,47.78,100.0,0.768,-4.093,2934,2.87,-98.06,0.0,-99.99,0.0,-99.91
BTC-USDT-SWAP,fade,6H,0.005,0.015,0.03,1,0.0,10.0,148.0,0.0,-100.0,1354,649,705,47.93,100.0,0.714,-4.093,2934,1.92,-98.7,0.0,-100.0,0.0,-99.93
BTC-USDT-SWAP,fade,6H,0.005,0.02,0.01,1,0.0,10.0,148.0,0.0,-100.0,1354,531,823,39.22,100.0,0.45,-4.093,2934,0.16,-99.89,0.0,-100.0,0.0,-99.96
BTC-USDT-SWAP,fade,6H,0.005,0.02,0.015,1,0.0,10.0,148.0,0.0,-100.0,1354,565,789,41.73,100.0,0.396,-4.093,2934,0.06,-99.96,0.0,-100.0,0.0,-99.97
BTC-USDT-SWAP,fade,6H,0.005,0.02,0.02,1,0.0,10.0,148.0,0.0,-100.0,1354,577,777,42.61,100.0,0.404,-4.093,2934,0.05,-99.97,0.0,-100.0,0.0,-99.99
BTC-USDT-SWAP,fade,6H,0.005,0.02,0.025,1,0.0,10.0,148.0,0.0,-100.0,1354,580,774,42.84,100.0,0.423,-4.093,2934,0.02,-99.99,0.0,-100.0,0.0,-99.99
BTC-USDT-SWAP,fade,6H,0.005,0.02,0.03,1,0.0,10.0,148.0,0.0,-100.0,1354,582,772,42.98,100.0,0.359,-4.093,2934,0.01,-99.99,0.0,-100.0,0.0,-99.99
BTC-USDT-SWAP,fade,6H,0.005,0.03,0.01,1,0.0,10.0,148.0,0.0,-100.0,1354,517,837,38.18,100.0,0.509,-4.093,2934,0.09,-99.94,0.0,-100.0,0.0,-99.99
BTC-USDT-SWAP,fade,6H,0.005,0.03,0.015,1,0.0,10.0,148.0,0.0,-100.0,1354,549,805,40.55,100.0,0.436,-4.093,2934,0.03,-99.98,0.0,-100.0,0.0,-99.99
BTC-USDT-SWAP,fade,6H,0.005,0.03,0.02,1,0.0,10.0,148.0,0.0,-100.0,1354,558,796,41.21,100.0,0.391,-4.093,2934,0.01,-99.99,0.0,-100.0,0.0,-100.0
BTC-USDT-SWAP,fade,6H,0.005,0.03,0.025,1,0.0,10.0,148.0,0.0,-100.0,1354,560,794,41.36,100.0,0.424,-4.093,2934,0.0,-100.0,0.0,-100.0,0.0,-100.0
BTC-USDT-SWAP,fade,6H,0.005,0.03,0.03,1,0.0,10.0,148.0,0.0,-100.0,1354,561,793,41.43,100.0,0.375,-4.093,2934,0.0,-100.0,0.0,-100.0,0.0,-100.0
BTC-USDT-SWAP,fade,6H,0.007,0.006,0.01,1,0.0,10.0,148.0,58692.24,39556.92,1051,801,250,76.21,77.38,1.536,1618.973,2934,1085.11,633.18,8206.65,656.3,58692.24,615.18
BTC-USDT-SWAP,fade,6H,0.007,0.006,0.015,1,0.0,10.0,148.0,161864.34,109267.8,1051,858,193,81.64,54.82,1.733,4472.079,2934,21422.71,14374.8,81322.41,279.61,161864.34,99.04
BTC-USDT-SWAP,fade,6H,0.007,0.006,0.02,1,0.0,10.0,148.0,202996.94,137060.1,1051,879,172,83.63,48.0,1.985,5609.554,2934,33864.72,22781.57,115458.0,240.94,202996.94,75.82
BTC-USDT-SWAP,fade,6H,0.007,0.006,0.025,1,0.0,10.0,148.0,247108.08,166864.92,1051,893,158,84.97,46.71,2.311,6829.397,2934,50046.29,33715.06,150238.71,200.2,247108.08,64.48
BTC-USDT-SWAP,fade,6H,0.007,0.006,0.03,1,0.0,10.0,148.0,279921.28,189036.0,1051,900,151,85.63,32.0,2.615,7736.808,2934,67133.53,45260.49,183087.93,172.72,279921.28,52.89
BTC-USDT-SWAP,fade,6H,0.007,0.008,0.01,1,0.0,10.0,148.0,87898.93,59291.17,1051,710,341,67.55,82.91,1.337,2426.651,2934,4378.21,2858.25,28060.94,540.92,87898.93,213.24
BTC-USDT-SWAP,fade,6H,0.007,0.008,0.015,1,0.0,10.0,148.0,184518.41,124574.6,1051,759,292,72.22,44.12,1.584,5098.551,2934,41735.69,28099.79,93923.19,125.04,184518.41,96.46
BTC-USDT-SWAP,fade,6H,0.007,0.008,0.02,1,0.0,10.0,148.0,195648.64,132095.02,1051,774,277,73.64,39.16,1.621,5406.345,2934,36902.3,24833.99,99473.54,169.56,195648.64,96.68
BTC-USDT-SWAP,fade,6H,0.007,0.008,0.025,1,0.0,10.0,148.0,245956.73,166086.98,1051,788,263,74.98,46.71,1.846,6797.557,2934,45218.94,30453.34,140301.21,210.27,245956.73,75.31
BTC-USDT-SWAP,fade,6H,0.007,0.008,0.03,1,0.0,10.0,148.0,289517.38,195519.85,1051,796,255,75.74,32.46,2.031,8002.177,2934,71618.16,48290.65,184647.88,157.82,289517.38,56.79
BTC-USDT-SWAP,fade,6H,0.007,0.01,0.01,1,0.0,10.0,148.0,5401.36,3549.57,1051,617,434,58.71,96.8,1.069,145.276,2934,1096.23,640.7,531.98,-51.47,5401.36,915.34
BTC-USDT-SWAP,fade,6H,0.007,0.01,0.015,1,0.0,10.0,148.0,103588.95,69892.53,1051,658,393,62.61,80.16,1.258,2860.54,2934,20197.6,13547.03,27242.77,34.88,103588.95,280.24
BTC-USDT-SWAP,fade,6H,0.007,0.01,0.02,1,0.0,10.0,148.0,117210.16,79096.05,1051,674,377,64.13,85.44,1.301,3237.219,2934,14288.05,9554.09,33479.46,134.32,117210.16,250.1
BTC-USDT-SWAP,fade,6H,0.007,0.01,0.025,1,0.0,10.0,148.0,160042.73,108036.98,1051,686,365,65.27,54.32,1.426,4421.704,2934,14276.66,9546.39,66681.6,367.07,160042.73,140.01
BTC-USDT-SWAP,fade,6H,0.007,0.01,0.03,1,0.0,10.0,148.0,218301.37,147400.93,1051,695,356,66.13,42.09,1.574,6032.78,2934,56275.29,37923.85,125733.07,123.42,218301.37,73.62
BTC-USDT-SWAP,fade,6H,0.007,0.015,0.01,1,0.0,10.0,148.0,0.0,-100.0,1051,478,573,45.48,100.0,0.834,-4.093,2934,27.97,-81.1,0.06,-99.8,0.0,-98.47
BTC-USDT-SWAP,fade,6H,0.007,0.015,0.015,1,0.0,10.0,148.0,0.0,-100.0,1051,506,545,48.14,100.0,0.932,-4.093,2934,127.32,-13.97,0.1,-99.92,0.0,-98.21
BTC-USDT-SWAP,fade,6H,0.007,0.015,0.02,1,0.0,10.0,148.0,0.0,-100.0,1051,517,534,49.19,100.0,0.909,-4.093,2934,52.24,-64.7,0.03,-99.94,0.0,-98.55
BTC-USDT-SWAP,fade,6H,0.007,0.015,0.025,1,0.0,10.0,148.0,0.0,-100.0,1051,524,527,49.86,100.0,0.871,-4.093,2934,19.35,-86.92,0.01,-99.92,0.0,-98.41
BTC-USDT-SWAP,fade,6H,0.007,0.015,0.03,1,0.0,10.0,148.0,0.0,-100.0,1051,530,521,50.43,100.0,0.943,-4.093,2934,115.94,-21.66,0.17,-99.85,0.0,-99.13
BTC-USDT-SWAP,fade,6H,0.007,0.02,0.01,1,0.0,10.0,148.0,0.0,-100.0,1051,425,626,40.44,100.0,0.632,-4.093,2934,1.86,-98.75,0.0,-100.0,0.0,-99.84
BTC-USDT-SWAP,fade,6H,0.007,0.02,0.015,1,0.0,10.0,148.0,0.0,-100.0,1051,451,600,42.91,100.0,0.608,-4.093,2934,2.48,-98.33,0.0,-100.0,0.0,-99.87
BTC-USDT-SWAP,fade,6H,0.007,0.02,0.02,1,0.0,10.0,148.0,0.0,-100.0,1051,460,591,43.77,100.0,0.628,-4.093,2934,0.89,-99.4,0.0,-100.0,0.0,-99.9
BTC-USDT-SWAP,fade,6H,0.007,0.02,0.025,1,0.0,10.0,148.0,0.0,-100.0,1051,463,588,44.05,100.0,0.563,-4.093,2934,0.2,-99.87,0.0,-100.0,0.0,-99.9
BTC-USDT-SWAP,fade,6H,0.007,0.02,0.03,1,0.0,10.0,148.0,0.0,-100.0,1051,467,584,44.43,100.0,0.518,-4.093,2934,0.39,-99.73,0.0,-100.0,0.0,-99.95
BTC-USDT-SWAP,fade,6H,0.007,0.03,0.01,1,0.0,10.0,148.0,0.0,-100.0,1051,406,645,38.63,100.0,0.511,-4.093,2934,0.42,-99.72,0.0,-100.0,0.0,-99.96
BTC-USDT-SWAP,fade,6H,0.007,0.03,0.015,1,0.0,10.0,148.0,0.0,-100.0,1051,431,620,41.01,100.0,0.466,-4.093,2934,0.49,-99.67,0.0,-100.0,0.0,-99.97
BTC-USDT-SWAP,fade,6H,0.007,0.03,0.02,1,0.0,10.0,148.0,0.0,-100.0,1051,439,612,41.77,100.0,0.492,-4.093,2934,0.14,-99.9,0.0,-100.0,0.0,-99.98
BTC-USDT-SWAP,fade,6H,0.007,0.03,0.025,1,0.0,10.0,148.0,0.0,-100.0,1051,441,610,41.96,100.0,0.425,-4.093,2934,0.03,-99.98,0.0,-100.0,0.0,-99.99
BTC-USDT-SWAP,fade,6H,0.007,0.03,0.03,1,0.0,10.0,148.0,0.0,-100.0,1051,444,607,42.25,100.0,0.372,-4.093,2934,0.03,-99.98,0.0,-100.0,0.0,-99.99
BTC-USDT-SWAP,fade,6H,0.01,0.006,0.01,1,0.0,10.0,148.0,33366.17,22444.71,749,585,164,78.1,69.71,1.543,918.61,2934,2710.8,1731.62,5063.98,86.81,33366.17,558.89
BTC-USDT-SWAP,fade,6H,0.01,0.006,0.015,1,0.0,10.0,148.0,105940.85,71481.65,749,630,119,84.11,51.6,1.789,2925.579,2934,5564.08,3659.51,51218.21,820.52,105940.85,106.84
BTC-USDT-SWAP,fade,6H,0.01,0.006,0.02,1,0.0,10.0,148.0,150706.71,101728.86,749,649,100,86.65,40.59,2.055,4163.528,2934,21153.33,14192.79,99434.08,370.06,150706.71,51.56
BTC-USDT-SWAP,fade,6H,0.01,0.006,0.025,1,0.0,10.0,148.0,187463.65,126564.63,749,661,88,88.25,46.71,2.511,5179.998,2934,33321.2,22414.32,133651.95,301.1,187463.65,40.26
BTC-USDT-SWAP,fade,6H,0.01,0.006,0.03,1,0.0,10.0,148.0,217568.23,146905.56,749,669,80,89.32,32.0,3.052,6012.506,2934,43070.78,29001.88,154351.53,258.37,217568.23,40.96
BTC-USDT-SWAP,fade,6H,0.01,0.008,0.01,1,0.0,10.0,148.0,82041.35,55333.34,749,519,230,69.29,68.89,1.43,2264.666,2934,11120.34,7413.74,25898.37,132.89,82041.35,216.78
BTC-USDT-SWAP,fade,6H,0.01,0.008,0.015,1,0.0,10.0,148.0,142721.62,96333.52,749,554,195,73.97,54.7,1.673,3942.709,2934,16386.72,10972.11,68358.36,317.16,142721.62,108.78
BTC-USDT-SWAP,fade,6H,0.01,0.008,0.02,1,0.0,10.0,148.0,189766.86,128120.85,749,571,178,76.23,39.16,1.924,5243.691,2934,36212.91,24368.18,116981.43,223.04,189766.86,62.22
BTC-USDT-SWAP,fade,6H,0.01,0.008,0.025,1,0.0,10.0,148.0,221568.76,149608.62,749,581,168,77.57,46.71,2.147,6123.136,2934,48506.83,32674.89,148050.55,205.22,221568.76,49.66
BTC-USDT-SWAP,fade,6H,0.01,0.008,0.03,1,0.0,10.0,148.0,243893.65,164693.0,749,587,162,78.37,32.0,2.342,6740.505,2934,54199.39,36521.21,160070.43,195.34,243893.65,52.37
BTC-USDT-SWAP,fade,6H,0.01,0.01,0.01,1,0.0,10.0,148.0,95437.24,64384.62,749,469,280,62.62,56.7,1.341,2635.114,2934,27326.12,18363.59,44054.85,61.22,95437.24,116.63
BTC-USDT-SWAP,fade,6H,0.01,0.01,0.015,1,0.0,10.0,148.0,129829.94,87622.93,749,497,252,66.36,35.72,1.469,3586.205,2934,27481.53,18468.6,64239.48,133.76,129829.94,102.1
BTC-USDT-SWAP,fade,6H,0.01,0.01,0.02,1,0.0,10.0,148.0,171361.91,115685.08,749,512,237,68.36,39.16,1.63,4734.724,2934,42813.21,28827.85,104872.48,144.95,171361.91,63.4
BTC-USDT-SWAP,fade,6H,0.01,0.01,0.025,1,0.0,10.0,148.0,212660.09,143589.25,749,523,226,69.83,46.71,1.835,5876.777,2934,54321.06,36603.42,143786.38,164.7,212660.09,47.9
BTC-USDT-SWAP,fade,6H,0.01,0.01,0.03,1,0.0,10.0,148.0,239573.12,161773.73,749,530,219,70.76,40.06,1.993,6621.026,2934,58601.77,39495.79,159494.4,172.17,239573.12,50.21
BTC-USDT-SWAP,fade,6H,0.01,0.015,0.01,1,0.0,10.0,148.0,12.96,-91.24,749,359,390,47.93,99.78,0.988,-3.734,2934,1335.31,802.24,12.81,-99.04,12.96,1.18
BTC-USDT-SWAP,fade,6H,0.01,0.015,0.015,1,0.0,10.0,148.0,12.77,-91.37,749,380,369,50.73,99.86,0.991,-3.74,2934,1083.34,631.99,11.41,-98.95,12.77,11.96
BTC-USDT-SWAP,fade,6H,0.01,0.015,0.02,1,0.0,10.0,148.0,25.27,-82.92,749,389,360,51.94,99.87,0.994,-3.394,2934,1197.86,709.36,20.73,-98.27,25.27,21.91
BTC-USDT-SWAP,fade,6H,0.01,0.015,0.025,1,0.0,10.0,148.0,72.78,-50.82,749,396,353,52.87,99.88,0.999,-2.08,2934,3955.98,2572.96,62.77,-98.41,72.78,15.94
BTC-USDT-SWAP,fade,6H,0.01,0.015,0.03,1,0.0,10.0,148.0,595.81,302.57,749,402,347,53.67,99.38,1.003,12.384,2934,12501.78,8347.15,340.74,-97.27,595.81,74.86
BTC-USDT-SWAP,fade,6H,0.01,0.02,0.01,1,0.0,10.0,148.0,0.0,-100.0,749,304,445,40.59,100.0,0.776,-4.093,2934,41.0,-72.3,0.04,-99.91,0.0,-96.97
BTC-USDT-SWAP,fade,6H,0.01,0.02,0.015,1,0.0,10.0,148.0,0.0,-100.0,749,323,426,43.12,100.0,0.812,-4.093,2934,28.96,-80.43,0.03,-99.91,0.0,-98.98
BTC-USDT-SWAP,fade,6H,0.01,0.02,0.02,1,0.0,10.0,148.0,0.0,-100.0,749,330,419,44.06,100.0,0.751,-4.093,2934,9.18,-93.8,0.01,-99.88,0.0,-98.72
BTC-USDT-SWAP,fade,6H,0.01,0.02,0.025,1,0.0,10.0,148.0,0.0,-100.0,749,333,416,44.46,100.0,0.699,-4.093,2934,6.3,-95.74,0.0,-99.93,0.0,-98.99
BTC-USDT-SWAP,fade,6H,0.01,0.02,0.03,1,0.0,10.0,148.0,0.0,-100.0,749,338,411,45.13,100.0,0.775,-4.093,2934,12.66,-91.45,0.01,-99.92,0.0,-99.11
BTC-USDT-SWAP,fade,6H,0.01,0.03,0.01,1,0.0,10.0,148.0,0.0,-100.0,749,279,470,37.25,100.0,0.472,-4.093,2934,1.22,-99.18,0.0,-99.98,0.0,-98.5
BTC-USDT-SWAP,fade,6H,0.01,0.03,0.015,1,0.0,10.0,148.0,0.0,-100.0,749,297,452,39.65,100.0,0.48,-4.093,2934,0.66,-99.56,0.0,-99.99,0.0,-99.52
BTC-USDT-SWAP,fade,6H,0.01,0.03,0.02,1,0.0,10.0,148.0,0.0,-100.0,749,301,448,40.19,100.0,0.495,-4.093,2934,0.18,-99.88,0.0,-100.0,0.0,-99.57
BTC-USDT-SWAP,fade,6H,0.01,0.03,0.025,1,0.0,10.0,148.0,0.0,-100.0,749,303,446,40.45,100.0,0.426,-4.093,2934,0.09,-99.94,0.0,-100.0,0.0,-99.68
BTC-USDT-SWAP,fade,6H,0.01,0.03,0.03,1,0.0,10.0,148.0,0.0,-100.0,749,307,442,40.99,100.0,0.436,-4.093,2934,0.09,-99.94,0.0,-100.0,0.0,-99.72
BTC-USDT-SWAP,reversal,12H,0.001,0.006,0.01,1,0.0,10.0,148.0,1.29,-99.13,848,594,254,70.05,99.45,0.92,-4.057,1468,194.46,31.39,27.79,-85.71,1.29,-95.37
BTC-USDT-SWAP,reversal,12H,0.001,0.006,0.015,1,0.0,10.0,148.0,175.91,18.86,848,646,202,76.18,90.68,1.003,0.772,1468,631.07,326.4,770.89,22.16,175.91,-77.18
BTC-USDT-SWAP,reversal,12H,0.001,0.006,0.02,1,0.0,10.0,148.0,543.97,267.55,848,659,189,77.71,89.57,1.017,10.95,1468,1225.53,728.06,1486.74,21.31,543.97,-63.41
BTC-USDT-SWAP,reversal,12H,0.001,0.006,0.025,1,0.0,10.0,148.0,1684.28,1038.03,848,668,180,78.77,89.69,1.036,42.484,1468,1406.29,850.2,3483.96,147.74,1684.28,-51.66
BTC-USDT-SWAP,reversal,12H,0.001,0.006,0.03,1,0.0,10.0,148.0,4363.1,2848.04,848,672,176,79.25,77.44,1.076,116.564,1468,1185.8,701.22,6317.03,432.72,4363.1,-30.93
BTC-USDT-SWAP,reversal,12H,0.001,0.008,0.01,1,0.0,10.0,148.0,0.04,-99.97,848,504,344,59.43,99.98,0.85,-4.092,1468,68.43,-53.76,2.6,-96.2,0.04,-98.57
BTC-USDT-SWAP,reversal,12H,0.001,0.008,0.015,1,0.0,10.0,148.0,0.61,-99.59,848,548,300,64.62,99.77,0.921,-4.076,1468,125.08,-15.49,15.89,-87.3,0.61,-96.15
BTC-USDT-SWAP,reversal,12H,0.001,0.008,0.02,1,0.0,10.0,148.0,0.7,-99.53,848,561,287,66.16,99.82,0.941,-4.073,1468,209.37,41.46,15.03,-92.82,0.7,-95.35
BTC-USDT-SWAP,reversal,12H,0.001,0.008,0.025,1,0.0,10.0,148.0,1.05,-99.29,848,569,279,67.1,99.71,0.946,-4.064,1468,168.49,13.85,22.65,-86.56,1.05,-95.38
BTC-USDT-SWAP,reversal,12H,0.001,0.008,0.03,1,0.0,10.0,148.0,2.9,-98.04,848,574,274,67.69,99.53,0.957,-4.013,1468,173.24,17.05,43.75,-74.75,2.9,-93.38
BTC-USDT-SWAP,reversal,12H,0.001,0.01,0.01,1,0.0,10.0,148.0,0.0,-100.0,848,445,403,52.48,100.0,0.824,-4.093,1468,69.16,-53.27,0.26,-99.63,0.0,-99.57
BTC-USDT-SWAP,reversal,12H,0.001,0.01,0.015,1,0.0,10.0,148.0,0.01,-99.99,848,490,358,57.78,100.0,0.924,-4.093,1468,198.12,33.87,0.9,-99.55,0.01,-99.12
BTC-USDT-SWAP,reversal,12H,0.001,0.01,0.02,1,0.0,10.0,148.0,0.0,-100.0,848,502,346,59.2,100.0,0.917,-4.093,1468,187.54,26.72,0.27,-99.86,0.0,-99.26
BTC-USDT-SWAP,reversal,12H,0.001,0.01,0.025,1,0.0,10.0,148.0,0.0,-100.0,848,512,336,60.38,100.0,0.913,-4.093,1468,149.8,1.22,0.83,-99.44,0.0,-99.43
BTC-USDT-SWAP,reversal,12H,0.001,0.01,0.03,1,0.0,10.0,148.0,0.01,-99.99,848,517,331,60.97,100.0,0.927,-4.092,1468,118.02,-20.26,1.12,-99.05,0.01,-99.09
BTC-USDT-SWAP,reversal,12H,0.001,0.015,0.01,1,0.0,10.0,148.0,0.0,-100.0,848,356,492,41.98,100.0,0.642,-4.093,1468,4.21,-97.15,0.0,-99.99,0.0,-99.89
BTC-USDT-SWAP,reversal,12H,0.001,0.015,0.015,1,0.0,10.0,148.0,0.0,-100.0,848,398,450,46.93,100.0,0.789,-4.093,1468,15.12,-89.78,0.0,-100.0,0.0,-99.9
BTC-USDT-SWAP,reversal,12H,0.001,0.015,0.02,1,0.0,10.0,148.0,0.0,-100.0,848,410,438,48.35,100.0,0.759,-4.093,1468,9.7,-93.45,0.0,-100.0,0.0,-99.92
BTC-USDT-SWAP,reversal,12H,0.001,0.015,0.025,1,0.0,10.0,148.0,0.0,-100.0,848,419,429,49.41,100.0,0.714,-4.093,1468,6.16,-95.84,0.0,-100.0,0.0,-99.95
BTC-USDT-SWAP,reversal,12H,0.001,0.015,0.03,1,0.0,10.0,148.0,0.0,-100.0,848,421,427,49.65,100.0,0.773,-4.093,1468,3.51,-97.63,0.0,-100.0,0.0,-99.96
BTC-USDT-SWAP,reversal,12H,0.001,0.02,0.01,1,0.0,10.0,148.0,0.0,-100.0,848,321,527,37.85,100.0,0.378,-4.093,1468,0.59,-99.6,0.0,-100.0,0.0,-99.96
BTC-USDT-SWAP,reversal,12H,0.001,0.02,0.015,1,0.0,10.0,148.0,0.0,-100.0,848,362,486,42.69,100.0,0.603,-4.093,1468,2.61,-98.24,0.0,-100.0,0.0,-99.96
BTC-USDT-SWAP,reversal,12H,0.001,0.02,0.02,1,0.0,10.0,148.0,0.0,-100.0,848,374,474,44.1,100.0,0.598,-4.093,1468,1.54,-98.96,0.0,-100.0,0.0,-99.97
BTC-USDT-SWAP,reversal,12H,0.001,0.02,0.025,1,0.0,10.0,148.0,0.0,-100.0,848,382,466,45.05,100.0,0.553,-4.093,1468,0.78,-99.47,0.0,-100.0,0.0,-99.98
BTC-USDT-SWAP,reversal,12H,0.001,0.02,0.03,1,0.0,10.0,148.0,0.0,-100.0,848,384,464,45.28,100.0,0.653,-4.093,1468,0.37,-99.75,0.0,-100.0,0.0,-99.98
BTC-USDT-SWAP,reversal,12H,0.001,0.03,0.01,1,0.0,10.0,148.0,0.0,-100.0,848,307,541,36.2,100.0,0.397,-4.093,1468,0.5,-99.67,0.0,-100.0,0.0,-99.99
BTC-USDT-SWAP,reversal,12H,0.001,0.03,0.015,1,0.0,10.0,148.0,0.0,-100.0,848,350,498,41.27,100.0,0.707,-4.093,1468,3.16,-97.86,0.0,-100.0,0.0,-99.99
BTC-USDT-SWAP,reversal,12H,0.001,0.03,0.02,1,0.0,10.0,148.0,0.0,-100.0,848,361,487,42.57,100.0,0.661,-4.093,1468,1.52,-98.98,0.0,-100.0,0.0,-99.99
BTC-USDT-SWAP,reversal,12H,0.001,0.03,0.025,1,0.0,10.0,148.0,0.0,-100.0,848,365,483,43.04,100.0,0.523,-4.093,1468,0.42,-99.71,0.0,-100.0,0.0,-100.0
BTC-USDT-SWAP,reversal,12H,0.001,0.03,0.03,1,0.0,10.0,148.0,0.0,-100.0,848,367,481,43.28,100.0,0.631,-4.093,1468,0.16,-99.89,0.0,-100.0,0.0,-100.0
BTC-USDT-SWAP,reversal,12H,0.002,0.006,0.01,1,0.0,10.0,148.0,111.12,-24.92,772,563,209,72.93,83.21,0.991,-1.02,1468,220.4,48.92,327.38,48.54,111.12,-66.06
BTC-USDT-SWAP,reversal,12H,0.002,0.006,0.015,1,0.0,10.0,148.0,9656.67,6424.77,772,609,163,78.89,73.59,1.142,262.951,1468,1004.74,578.88,6812.66,578.05,9656.67,41.75
BTC-USDT-SWAP,reversal,12H,0.002,0.006,0.02,1,0.0,10.0,148.0,43954.82,29599.2,772,621,151,80.44,66.25,1.27,1211.427,1468,2225.45,1403.68,21683.39,874.34,43954.82,102.71
BTC-USDT-SWAP,reversal,12H,0.002,0.006,0.025,1,0.0,10.0,148.0,66598.58,44899.04,772,628,144,81.35,65.89,1.407,1837.614,1468,2636.01,1681.09,40014.78,1418.01,66598.58,66.43
BTC-USDT-SWAP,reversal,12H,0.002,0.006,0.03,1,0.0,10.0,148.0,78751.49,53110.47,772,631,141,81.74,72.46,1.534,2173.689,1468,1845.94,1147.26,44290.41,2299.35,78751.49,77.81
BTC-USDT-SWAP,reversal,12H,0.002,0.008,0.01,1,0.0,10.0,148.0,0.19,-99.87,772,461,311,59.72,99.93,0.889,-4.087,1468,66.74,-54.9,3.49,-94.77,0.19,-94.48
BTC-USDT-SWAP,reversal,12H,0.002,0.008,0.015,1,0.0,10.0,148.0,25.85,-82.54,772,512,260,66.32,97.82,0.984,-3.378,1468,443.04,199.35,104.38,-76.44,25.85,-75.24
BTC-USDT-SWAP,reversal,12H,0.002,0.008,0.02,1,0.0,10.0,148.0,30.02,-79.72,772,523,249,67.75,99.12,0.991,-3.263,1468,497.19,235.94,157.21,-68.38,30.02,-80.91
BTC-USDT-SWAP,reversal,12H,0.002,0.008,0.025,1,0.0,10.0,148.0,104.89,-29.13,772,532,240,68.91,97.31,0.997,-1.192,1468,485.84,228.27,456.14,-6.11,104.89,-77.0
BTC-USDT-SWAP,reversal,12H,0.002,0.008,0.03,1,0.0,10.0,148.0,191.13,29.15,772,535,237,69.3,94.82,1.003,1.193,1468,294.04,98.67,592.85,101.62,191.13,-67.76
BTC-USDT-SWAP,reversal,12H,0.002,0.01,0.01,1,0.0,10.0,148.0,0.01,-100.0,772,400,372,51.81,100.0,0.861,-4.093,1468,67.51,-54.38,0.72,-98.94,0.01,-99.2
BTC-USDT-SWAP,reversal,12H,0.002,0.01,0.015,1,0.0,10.0,148.0,0.22,-99.85,772,446,326,57.77,99.95,0.94,-4.087,1468,208.92,41.16,7.53,-96.39,0.22,-97.05
BTC-USDT-SWAP,reversal,12H,0.002,0.01,0.02,1,0.0,10.0,148.0,0.11,-99.92,772,456,316,59.07,99.97,0.931,-4.09,1468,171.06,15.58,5.25,-96.93,0.11,-97.88
BTC-USDT-SWAP,reversal,12H,0.002,0.01,0.025,1,0.0,10.0,148.0,0.28,-99.81,772,466,306,60.36,99.94,0.944,-4.085,1468,150.61,1.76,13.35,-91.14,0.28,-97.93
BTC-USDT-SWAP,reversal,12H,0.002,0.01,0.03,1,0.0,10.0,148.0,0.37,-99.75,772,469,303,60.75,99.93,0.933,-4.083,1468,79.04,-46.59,13.49,-82.93,0.37,-97.26
BTC-USDT-SWAP,reversal,12H,0.002,0.015,0.01,1,0.0,10.0,148.0,0.0,-100.0,772,315,457,40.8,100.0,0.665,-4.093,1468,4.51,-96.95,0.0,-99.99,0.0,-99.82
BTC-USDT-SWAP,reversal,12H,0.002,0.015,0.015,1,0.0,10.0,148.0,0.0,-100.0,772,357,415,46.24,100.0,0.804,-4.093,1468,17.7,-88.04,0.0,-99.99,0.0,-99.77
BTC-USDT-SWAP,reversal,12H,0.002,0.015,0.02,1,0.0,10.0,148.0,0.0,-100.0,772,368,404,47.67,100.0,0.742,-4.093,1468,11.1,-92.5,0.0,-99.99,0.0,-99.88
BTC-USDT-SWAP,reversal,12H,0.002,0.015,0.025,1,0.0,10.0,148.0,0.0,-100.0,772,376,396,48.7,100.0,0.796,-4.093,1468,8.01,-94.59,0.0,-99.99,0.0,-99.9
BTC-USDT-SWAP,reversal,12H,0.002,0.015,0.03,1,0.0,10.0,148.0,0.0,-100.0,772,376,396,48.7,100.0,0.772,-4.093,1468,3.16,-97.86,0.0,-99.99,0.0,-99.91
BTC-USDT-SWAP,reversal,12H,0.002,0.02,0.01,1,0.0,10.0,148.0,0.0,-100.0,772,286,486,37.05,100.0,0.545,-4.093,1468,2.37,-98.4,0.0,-100.0,0.0,-99.95
BTC-USDT-SWAP,reversal,12H,0.002,0.02,0.015,1,0.0,10.0,148.0,0.0,-100.0,772,326,446,42.23,100.0,0.718,-4.093,1468,9.89,-93.32,0.0,-100.0,0.0,-99.92
BTC-USDT-SWAP,reversal,12H,0.002,0.02,0.02,1,0.0,10.0,148.0,0.0,-100.0,772,337,435,43.65,100.0,0.642,-4.093,1468,5.15,-96.52,0.0,-100.0,0.0,-99.95
BTC-USDT-SWAP,reversal,12H,0.002,0.02,0.025,1,0.0,10.0,148.0,0.0,-100.0,772,345,427,44.69,100.0,0.725,-4.093,1468,3.31,-97.76,0.0,-100.0,0.0,-99.96
BTC-USDT-SWAP,reversal,12H,0.002,0.02,0.03,1,0.0,10.0,148.0,0.0,-100.0,772,345,427,44.69,100.0,0.696,-4.093,1468,1.12,-99.25,0.0,-100.0,0.0,-99.97
BTC-USDT-SWAP,reversal,12H,0.002,0.03,0.01,1,0.0,10.0,148.0,0.0,-100.0,772,269,503,34.84,100.0,0.513,-4.093,1468,0.98,-99.34,0.0,-100.0,0.0,-99.98
BTC-USDT-SWAP,reversal,12H,0.002,0.03,0.015,1,0.0,10.0,148.0,0.0,-100.0,772,309,463,40.03,100.0,0.705,-4.093,1468,2.87,-98.06,0.0,-100.0,0.0,-99.98
BTC-USDT-SWAP,reversal,12H,0.002,0.03,0.02,1,0.0,10.0,148.0,0.0,-100.0,772,318,454,41.19,100.0,0.631,-4.093,1468,1.42,-99.04,0.0,-100.0,0.0,-99.99
BTC-USDT-SWAP,reversal,12H,0.002,0.03,0.025,1,0.0,10.0,148.0,0.0,-100.0,772,323,449,41.84,100.0,0.663,-4.093,1468,0.48,-99.67,0.0,-100.0,0.0,-99.99
BTC-USDT-SWAP,reversal,12H,0.002,0.03,0.03,1,0.0,10.0,148.0,0.0,-100.0,772,323,449,41.84,100.0,0.627,-4.093,1468,0.12,-99.92,0.0,-100.0,0.0,-99.99
BTC-USDT-SWAP,reversal,12H,0.003,0.006,0.01,1,0.0,10.0,148.0,4497.35,2938.75,721,545,176,75.59,67.52,1.091,120.276,1468,642.81,334.33,6849.36,965.54,4497.35,-34.34
BTC-USDT-SWAP,reversal,12H,0.003,0.006,0.015,1,0.0,10.0,148.0,50430.43,33974.62,721,579,142,80.31,60.22,1.405,1390.503,1468,1718.93,1061.44,29570.88,1620.31,50430.43,70.54
BTC-USDT-SWAP,reversal,12H,0.003,0.006,0.02,1,0.0,10.0,148.0,77454.07,52233.83,721,590,131,81.83,43.44,1.503,2137.81,1468,2612.78,1665.39,48764.3,1766.38,77454.07,58.83
BTC-USDT-SWAP,reversal,12H,0.003,0.006,0.025,1,0.0,10.0,148.0,99404.42,67065.15,721,597,124,82.8,53.68,1.69,2744.822,1468,3104.46,1997.61,67144.93,2062.85,99404.42,48.04
BTC-USDT-SWAP,reversal,12H,0.003,0.006,0.03,1,0.0,10.0,148.0,109247.13,73715.63,721,600,121,83.22,57.75,1.831,3017.011,1468,2450.85,1555.98,67055.09,2636.0,109247.13,62.92
BTC-USDT-SWAP,reversal,12H,0.003,0.008,0.01,1,0.0,10.0,148.0,46.59,-68.52,721,455,266,63.11,93.95,0.985,-2.804,1468,285.62,92.99,345.5,20.96,46.59,-86.51
BTC-USDT-SWAP,reversal,12H,0.003,0.008,0.015,1,0.0,10.0,148.0,2331.72,1475.49,721,497,224,68.93,72.96,1.062,60.388,1468,663.05,348.01,2647.38,299.27,2331.72,-11.92
BTC-USDT-SWAP,reversal,12H,0.003,0.008,0.02,1,0.0,10.0,148.0,6544.74,4322.12,721,510,211,70.74,85.05,1.065,176.894,1468,971.66,556.52,7379.94,659.52,6544.74,-11.32
BTC-USDT-SWAP,reversal,12H,0.003,0.008,0.025,1,0.0,10.0,148.0,20568.95,13797.94,721,517,204,71.71,76.94,1.151,564.718,1468,821.45,455.03,16008.04,1848.75,20568.95,28.49
BTC-USDT-SWAP,reversal,12H,0.003,0.008,0.03,1,0.0,10.0,148.0,53230.43,35866.51,721,520,201,72.12,77.01,1.28,1467.933,1468,1035.21,599.47,31308.11,2924.32,53230.43,70.02
BTC-USDT-SWAP,reversal,12H,0.003,0.01,0.01,1,0.0,10.0,148.0,0.22,-99.85,721,384,337,53.26,99.91,0.894,-4.087,1468,71.44,-51.73,7.92,-88.91,0.22,-97.22
BTC-USDT-SWAP,reversal,12H,0.003,0.01,0.015,1,0.0,10.0,148.0,3.76,-97.46,721,424,297,58.81,99.06,0.939,-3.989,1468,91.85,-37.94,40.21,-56.22,3.76,-90.65
BTC-USDT-SWAP,reversal,12H,0.003,0.01,0.02,1,0.0,10.0,148.0,3.03,-97.95,721,434,287,60.19,99.19,0.942,-4.009,1468,72.22,-51.2,39.41,-45.43,3.03,-92.3
BTC-USDT-SWAP,reversal,12H,0.003,0.01,0.025,1,0.0,10.0,148.0,8.66,-94.15,721,442,279,61.3,98.88,0.959,-3.853,1468,75.41,-49.05,93.4,23.87,8.66,-90.73
BTC-USDT-SWAP,reversal,12H,0.003,0.01,0.03,1,0.0,10.0,148.0,12.18,-91.77,721,445,276,61.72,98.79,0.965,-3.756,1468,76.74,-48.15,108.98,42.02,12.18,-88.83
BTC-USDT-SWAP,reversal,12H,0.003,0.015,0.01,1,0.0,10.0,148.0,0.0,-100.0,721,301,420,41.75,100.0,0.795,-4.093,1468,36.34,-75.45,0.03,-99.93,0.0,-99.77
BTC-USDT-SWAP,reversal,12H,0.003,0.015,0.015,1,0.0,10.0,148.0,0.0,-100.0,721,337,384,46.74,100.0,0.871,-4.093,1468,53.92,-63.57,0.04,-99.92,0.0,-99.68
BTC-USDT-SWAP,reversal,12H,0.003,0.015,0.02,1,0.0,10.0,148.0,0.0,-100.0,721,346,375,47.99,100.0,0.801,-4.093,1468,25.21,-82.96,0.01,-99.94,0.0,-99.8
BTC-USDT-SWAP,reversal,12H,0.003,0.015,0.025,1,0.0,10.0,148.0,0.0,-100.0,721,353,368,48.96,100.0,0.835,-4.093,1468,16.55,-88.81,0.03,-99.82,0.0,-99.88
BTC-USDT-SWAP,reversal,12H,0.003,0.015,0.03,1,0.0,10.0,148.0,0.0,-100.0,721,354,367,49.1,100.0,0.834,-4.093,1468,14.89,-89.94,0.02,-99.84,0.0,-99.88
BTC-USDT-SWAP,reversal,12H,0.003,0.02,0.01,1,0.0,10.0,148.0,0.0,-100.0,721,275,446,38.14,100.0,0.771,-4.093,1468,25.71,-82.63,0.0,-99.99,0.0,-99.93
BTC-USDT-SWAP,reversal,12H,0.003,0.02,0.015,1,0.0,10.0,148.0,0.0,-100.0,721,308,413,42.72,100.0,0.848,-4.093,1468,33.89,-77.1,0.0,-99.99,0.0,-99.86
BTC-USDT-SWAP,reversal,12H,0.003,0.02,0.02,1,0.0,10.0,148.0,0.0,-100.0,721,318,403,44.11,100.0,0.771,-4.093,1468,15.55,-89.5,0.0,-99.99,0.0,-99.91
BTC-USDT-SWAP,reversal,12H,0.003,0.02,0.025,1,0.0,10.0,148.0,0.0,-100.0,721,325,396,45.08,100.0,0.83,-4.093,1468,9.12,-93.84,0.0,-99.97,0.0,-99.95
BTC-USDT-SWAP,reversal,12H,0.003,0.02,0.03,1,0.0,10.0,148.0,0.0,-100.0,721,325,396,45.08,100.0,0.827,-4.093,1468,7.88,-94.68,0.0,-99.98,0.0,-99.95
BTC-USDT-SWAP,reversal,12H,0.003,0.03,0.01,1,0.0,10.0,148.0,0.0,-100.0,721,256,465,35.51,100.0,0.617,-4.093,1468,5.22,-96.47,0.0,-99.99,0.0,-99.97
BTC-USDT-SWAP,reversal,12H,0.003,0.03,0.015,1,0.0,10.0,148.0,0.0,-100.0,721,289,432,40.08,100.0,0.7,-4.093,1468,4.93,-96.67,0.0,-100.0,0.0,-99.95
BTC-USDT-SWAP,reversal,12H,0.003,0.03,0.02,1,0.0,10.0,148.0,0.0,-100.0,721,298,423,41.33,100.0,0.586,-4.093,1468,1.82,-98.77,0.0,-100.0,0.0,-99.96
BTC-USDT-SWAP,reversal,12H,0.003,0.03,0.025,1,0.0,10.0,148.0,0.0,-100.0,721,302,419,41.89,100.0,0.615,-4.093,1468,0.57,-99.62,0.0,-100.0,0.0,-99.98
BTC-USDT-SWAP,reversal,12H,0.003,0.03,0.03,1,0.0,10.0,148.0,0.0,-100.0,721,302,419,41.89,100.0,0.585,-4.093,1468,0.33,-99.78,0.0,-100.0,0.0,-99.98
BTC-USDT-SWAP,reversal,12H,0.005,0.006,0.01,1,0.0,10.0,148.0,20092.13,13475.76,608,475,133,78.12,50.28,1.32,551.532,1468,737.86,398.56,7726.39,947.13,20092.13,160.05
BTC-USDT-SWAP,reversal,12H,0.005,0.006,0.015,1,0.0,10.0,148.0,68410.34,46123.2,608,507,101,83.39,53.92,1.676,1887.716,1468,2997.09,1925.06,34846.31,1062.67,68410.34,96.32
BTC-USDT-SWAP,reversal,12H,0.005,0.006,0.02,1,0.0,10.0,148.0,95310.82,64299.2,608,519,89,85.36,43.92,1.935,2631.618,1468,2184.76,1376.19,49650.33,2172.57,95310.82,91.96
BTC-USDT-SWAP,reversal,12H,0.005,0.006,0.025,1,0.0,10.0,148.0,118864.87,80214.1,608,526,82,86.51,57.17,2.31,3282.978,1468,2429.5,1541.55,64889.33,2570.89,118864.87,83.18
BTC-USDT-SWAP,reversal,12H,0.005,0.006,0.03,1,0.0,10.0,148.0,117173.52,79071.3,608,527,81,86.68,44.75,2.199,3236.206,1468,3172.06,2043.29,65447.98,1963.26,117173.52,79.03
BTC-USDT-SWAP,reversal,12H,0.005,0.008,0.01,1,0.0,10.0,148.0,7518.18,4979.85,608,413,195,67.93,65.22,1.093,203.814,1468,798.49,439.52,6267.64,684.93,7518.18,19.95
BTC-USDT-SWAP,reversal,12H,0.005,0.008,0.015,1,0.0,10.0,148.0,43696.62,29424.75,608,441,167,72.53,71.56,1.315,1204.287,1468,2451.15,1556.18,18932.34,672.39,43696.62,130.8
BTC-USDT-SWAP,reversal,12H,0.005,0.008,0.02,1,0.0,10.0,148.0,64328.78,43365.39,608,451,157,74.18,70.74,1.417,1774.845,1468,1587.06,972.34,30423.94,1817.0,64328.78,111.44
BTC-USDT-SWAP,reversal,12H,0.005,0.008,0.025,1,0.0,10.0,148.0,94057.03,63452.05,608,459,149,75.49,63.86,1.606,2596.946,1468,1910.92,1191.16,51987.14,2620.53,94057.03,80.92
BTC-USDT-SWAP,reversal,12H,0.005,0.008,0.03,1,0.0,10.0,148.0,94047.28,63445.46,608,460,148,75.66,50.77,1.564,2596.676,1468,2798.38,1790.8,52956.52,1792.4,94047.28,77.59
BTC-USDT-SWAP,reversal,12H,0.005,0.01,0.01,1,0.0,10.0,148.0,232.79,57.29,608,358,250,58.88,76.76,1.009,2.345,1468,230.71,55.89,561.14,143.22,232.79,-58.51
BTC-USDT-SWAP,reversal,12H,0.005,0.01,0.015,1,0.0,10.0,148.0,1783.73,1105.22,608,387,221,63.65,85.27,1.066,45.234,1468,459.71,210.61,1413.75,207.53,1783.73,26.17
BTC-USDT-SWAP,reversal,12H,0.005,0.01,0.02,1,0.0,10.0,148.0,4360.11,2846.02,608,399,209,65.62,90.55,1.109,116.481,1468,262.86,77.61,3057.68,1063.22,4360.11,42.6
BTC-USDT-SWAP,reversal,12H,0.005,0.01,0.025,1,0.0,10.0,148.0,11925.8,7957.97,608,405,203,66.61,89.53,1.199,325.701,1468,201.3,36.01,4946.04,2357.04,11925.8,141.12
BTC-USDT-SWAP,reversal,12H,0.005,0.01,0.03,1,0.0,10.0,148.0,19450.78,13042.42,608,406,202,66.78,80.87,1.214,533.796,1468,423.97,186.47,8273.57,1851.43,19450.78,135.1
BTC-USDT-SWAP,reversal,12H,0.005,0.015,0.01,1,0.0,10.0,148.0,0.01,-100.0,608,274,334,45.07,100.0,0.873,-4.093,1468,56.51,-61.82,0.78,-98.62,0.01,-99.32
BTC-USDT-SWAP,reversal,12H,0.005,0.015,0.015,1,0.0,10.0,148.0,0.0,-100.0,608,298,310,49.01,100.0,0.852,-4.093,1468,41.01,-72.29,0.32,-99.22,0.0,-98.98
BTC-USDT-SWAP,reversal,12H,0.005,0.015,0.02,1,0.0,10.0,148.0,0.0,-100.0,608,309,299,50.82,100.0,0.77,-4.093,1468,16.13,-89.1,0.58,-96.43,0.0,-99.18
BTC-USDT-SWAP,reversal,12H,0.005,0.015,0.025,1,0.0,10.0,148.0,0.01,-99.99,608,315,293,51.81,100.0,0.832,-4.093,1468,9.73,-93.43,0.8,-91.82,0.01,-98.82
BTC-USDT-SWAP,reversal,12H,0.005,0.015,0.03,1,0.0,10.0,148.0,0.01,-100.0,608,315,293,51.81,100.0,0.835,-4.093,1468,15.04,-89.84,0.89,-94.06,0.01,-99.35
BTC-USDT-SWAP,reversal,12H,0.005,0.02,0.01,1,0.0,10.0,148.0,0.0,-100.0,608,243,365,39.97,100.0,0.865,-4.093,1468,40.14,-72.88,0.02,-99.96,0.0,-99.5
BTC-USDT-SWAP,reversal,12H,0.005,0.02,0.015,1,0.0,10.0,148.0,0.0,-100.0,608,263,345,43.26,100.0,0.842,-4.093,1468,24.06,-83.74,0.0,-99.98,0.0,-99.52
BTC-USDT-SWAP,reversal,12H,0.005,0.02,0.02,1,0.0,10.0,148.0,0.0,-100.0,608,274,334,45.07,100.0,0.756,-4.093,1468,10.59,-92.84,0.01,-99.94,0.0,-99.67
BTC-USDT-SWAP,reversal,12H,0.005,0.02,0.025,1,0.0,10.0,148.0,0.0,-100.0,608,277,331,45.56,100.0,0.85,-4.093,1468,6.52,-95.6,0.0,-99.95,0.0,-99.71
BTC-USDT-SWAP,reversal,12H,0.005,0.02,0.03,1,0.0,10.0,148.0,0.0,-100.0,608,277,331,45.56,100.0,0.84,-4.093,1468,9.38,-93.66,0.0,-99.95,0.0,-99.86
BTC-USDT-SWAP,reversal,12H,0.005,0.03,0.01,1,0.0,10.0,148.0,0.0,-100.0,608,228,380,37.5,100.0,0.854,-4.093,1468,14.82,-89.99,0.0,-99.99,0.0,-99.84
BTC-USDT-SWAP,reversal,12H,0.005,0.03,0.015,1,0.0,10.0,148.0,0.0,-100.0,608,250,358,41.12,100.0,0.819,-4.093,1468,7.45,-94.96,0.0,-100.0,0.0,-99.83
BTC-USDT-SWAP,reversal,12H,0.005,0.03,0.02,1,0.0,10.0,148.0,0.0,-100.0,608,258,350,42.43,100.0,0.719,-4.093,1468,2.91,-98.03,0.0,-99.99,0.0,-99.91
BTC-USDT-SWAP,reversal,12H,0.005,0.03,0.025,1,0.0,10.0,148.0,0.0,-100.0,608,260,348,42.76,100.0,0.779,-4.093,1468,0.98,-99.34,0.0,-100.0,0.0,-99.92
BTC-USDT-SWAP,reversal,12H,0.005,0.03,0.03,1,0.0,10.0,148.0,0.0,-100.0,608,261,347,42.93,100.0,0.747,-4.093,1468,1.06,-99.28,0.0,-100.0,0.0,-99.95
BTC-USDT-SWAP,reversal,12H,0.007,0.006,0.01,1,0.0,10.0,148.0,1513.69,922.76,507,384,123,75.74,79.12,1.206,37.767,1468,536.19,262.29,431.57,-19.51,1513.69,250.74
BTC-USDT-SWAP,reversal,12H,0.007,0.006,0.015,1,0.0,10.0,148.0,28765.75,19336.32,507,416,91,82.05,79.77,1.518,791.391,1468,2308.45,1459.76,5712.44,147.46,28765.75,403.56
BTC-USDT-SWAP,reversal,12H,0.007,0.006,0.02,1,0.0,10.0,148.0,62863.63,42375.43,507,427,80,84.22,65.85,1.662,1734.329,1468,3785.62,2457.85,26955.89,612.06,62863.63,133.21
BTC-USDT-SWAP,reversal,12H,0.007,0.006,0.025,1,0.0,10.0,148.0,64359.54,43386.18,507,431,76,85.01,68.26,1.752,1775.696,1468,3052.96,1962.81,22650.32,641.91,64359.54,184.14
BTC-USDT-SWAP,reversal,12H,0.007,0.006,0.03,1,0.0,10.0,148.0,92178.23,62182.59,507,435,72,85.8,30.05,2.004,2544.99,1468,6125.41,4038.79,53469.01,772.9,92178.23,72.4
BTC-USDT-SWAP,reversal,12H,0.007,0.008,0.01,1,0.0,10.0,148.0,4872.57,3192.28,507,345,162,68.05,77.91,1.205,130.653,1468,945.62,538.93,1169.54,23.68,4872.57,316.62
BTC-USDT-SWAP,reversal,12H,0.007,0.008,0.015,1,0.0,10.0,148.0,40326.45,27147.6,507,373,134,73.57,83.48,1.341,1111.089,1468,3873.37,2517.14,8980.24,131.85,40326.45,349.06
BTC-USDT-SWAP,reversal,12H,0.007,0.008,0.02,1,0.0,10.0,148.0,56443.12,38037.24,507,382,125,75.35,83.05,1.454,1556.777,1468,3609.25,2338.68,14314.11,296.6,56443.12,294.32
BTC-USDT-SWAP,reversal,12H,0.007,0.008,0.025,1,0.0,10.0,148.0,65505.05,44160.17,507,387,120,76.33,74.5,1.518,1807.374,1468,2386.37,1512.41,17479.54,632.47,65505.05,274.75
BTC-USDT-SWAP,reversal,12H,0.007,0.008,0.03,1,0.0,10.0,148.0,98803.15,66658.88,507,391,116,77.12,40.41,1.688,2728.194,1468,6038.52,3980.08,54527.63,803.0,98803.15,81.2
BTC-USDT-SWAP,reversal,12H,0.007,0.01,0.01,1,0.0,10.0,148.0,204.45,38.14,507,296,211,58.38,91.83,1.008,1.561,1468,470.47,217.88,153.03,-67.47,204.45,33.6
BTC-USDT-SWAP,reversal,12H,0.007,0.01,0.015,1,0.0,10.0,148.0,501.49,238.84,507,318,189,62.72,96.58,1.02,9.775,1468,914.51,517.92,232.21,-74.61,501.49,115.97
BTC-USDT-SWAP,reversal,12H,0.007,0.01,0.02,1,0.0,10.0,148.0,1603.81,983.66,507,328,179,64.69,96.27,1.071,40.259,1468,704.1,375.74,460.74,-34.56,1603.81,248.1
BTC-USDT-SWAP,reversal,12H,0.007,0.01,0.025,1,0.0,10.0,148.0,4037.05,2627.74,507,334,173,65.88,93.81,1.131,107.547,1468,562.09,279.79,775.21,37.91,4037.05,420.77
BTC-USDT-SWAP,reversal,12H,0.007,0.01,0.03,1,0.0,10.0,148.0,10009.84,6663.4,507,337,170,66.47,93.22,1.115,272.718,1468,1484.51,903.05,2944.84,98.37,10009.84,239.91
BTC-USDT-SWAP,reversal,12H,0.007,0.015,0.01,1,0.0,10.0,148.0,0.19,-99.87,507,229,278,45.17,99.96,0.909,-4.088,1468,115.25,-22.13,2.62,-97.73,0.19,-92.92
BTC-USDT-SWAP,reversal,12H,0.007,0.015,0.015,1,0.0,10.0,148.0,0.06,-99.96,507,247,260,48.72,99.98,0.897,-4.091,1468,84.53,-42.88,1.53,-98.19,0.06,-96.33
BTC-USDT-SWAP,reversal,12H,0.007,0.015,0.02,1,0.0,10.0,148.0,0.06,-99.96,507,257,250,50.69,99.99,0.9,-4.091,1468,43.06,-70.91,2.12,-95.08,0.06,-97.01
BTC-USDT-SWAP,reversal,12H,0.007,0.015,0.025,1,0.0,10.0,148.0,0.04,-99.97,507,260,247,51.28,99.99,0.888,-4.092,1468,25.5,-82.77,1.4,-94.49,0.04,-97.18
BTC-USDT-SWAP,reversal,12H,0.007,0.015,0.03,1,0.0,10.0,148.0,0.11,-99.93,507,263,244,51.87,99.98,0.907,-4.09,1468,59.23,-59.98,4.49,-92.43,0.11,-97.65
BTC-USDT-SWAP,reversal,12H,0.007,0.02,0.01,1,0.0,10.0,148.0,0.0,-100.0,507,196,311,38.66,100.0,0.842,-4.093,1468,43.18,-70.82,0.03,-99.93,0.0,-98.56
BTC-USDT-SWAP,reversal,12H,0.007,0.02,0.015,1,0.0,10.0,148.0,0.0,-100.0,507,217,290,42.8,100.0,0.805,-4.093,1468,23.94,-83.82,0.01,-99.94,0.0,-99.3
BTC-USDT-SWAP,reversal,12H,0.007,0.02,0.02,1,0.0,10.0,148.0,0.0,-100.0,507,226,281,44.58,100.0,0.849,-4.093,1468,13.01,-91.21,0.01,-99.9,0.0,-99.44
BTC-USDT-SWAP,reversal,12H,0.007,0.02,0.025,1,0.0,10.0,148.0,0.0,-100.0,507,227,280,44.77,100.0,0.838,-4.093,1468,6.31,-95.74,0.0,-99.92,0.0,-99.58
BTC-USDT-SWAP,reversal,12H,0.007,0.02,0.03,1,0.0,10.0,148.0,0.0,-100.0,507,229,278,45.17,100.0,0.825,-4.093,1468,8.03,-94.58,0.01,-99.85,0.0,-99.66
BTC-USDT-SWAP,reversal,12H,0.007,0.03,0.01,1,0.0,10.0,148.0,0.0,-100.0,507,182,325,35.9,100.0,0.849,-4.093,1468,25.21,-82.96,0.0,-99.98,0.0,-99.59
BTC-USDT-SWAP,reversal,12H,0.007,0.03,0.015,1,0.0,10.0,148.0,0.0,-100.0,507,203,304,40.04,100.0,0.809,-4.093,1468,13.81,-90.67,0.0,-99.99,0.0,-99.78
BTC-USDT-SWAP,reversal,12H,0.007,0.03,0.02,1,0.0,10.0,148.0,0.0,-100.0,507,209,298,41.22,100.0,0.82,-4.093,1468,5.18,-96.5,0.0,-99.99,0.0,-99.87
BTC-USDT-SWAP,reversal,12H,0.007,0.03,0.025,1,0.0,10.0,148.0,0.0,-100.0,507,210,297,41.42,100.0,0.797,-4.093,1468,2.06,-98.61,0.0,-99.99,0.0,-99.9
BTC-USDT-SWAP,reversal,12H,0.007,0.03,0.03,1,0.0,10.0,148.0,0.0,-100.0,507,212,295,41.81,100.0,0.767,-4.093,1468,2.11,-98.57,0.0,-99.99,0.0,-99.93
BTC-USDT-SWAP,reversal,12H,0.01,0.006,0.01,1,0.0,10.0,148.0,625.52,322.65,403,311,92,77.17,86.91,1.076,13.205,1468,1183.65,699.76,561.99,-52.52,625.52,11.31
BTC-USDT-SWAP,reversal,12H,0.01,0.006,0.015,1,0.0,10.0,148.0,9219.53,6129.42,403,339,64,84.12,54.2,1.369,250.863,1468,1759.08,1088.57,4408.15,150.59,9219.53,109.15
BTC-USDT-SWAP,reversal,12H,0.01,0.006,0.02,1,0.0,10.0,148.0,20296.63,13613.94,403,348,55,86.35,50.84,1.459,557.187,1468,3381.21,2184.6,8365.49,147.41,20296.63,142.62
BTC-USDT-SWAP,reversal,12H,0.01,0.006,0.025,1,0.0,10.0,148.0,49115.24,33085.97,403,354,49,87.84,37.43,1.606,1354.133,1468,5596.66,3681.53,31923.84,470.41,49115.24,53.85
BTC-USDT-SWAP,reversal,12H,0.01,0.006,0.03,1,0.0,10.0,148.0,75676.45,51032.74,403,360,43,89.33,45.72,2.112,2088.652,1468,7973.32,5287.38,52230.05,555.06,75676.45,44.89
BTC-USDT-SWAP,reversal,12H,0.01,0.008,0.01,1,0.0,10.0,148.0,1050.21,609.6,403,278,125,68.98,86.01,1.081,24.95,1468,1307.7,783.58,760.54,-41.84,1050.21,38.09
BTC-USDT-SWAP,reversal,12H,0.01,0.008,0.015,1,0.0,10.0,148.0,16378.94,10966.85,403,305,98,75.68,71.23,1.354,448.848,1468,1430.83,866.78,5488.2,283.57,16378.94,198.44
BTC-USDT-SWAP,reversal,12H,0.01,0.008,0.02,1,0.0,10.0,148.0,35707.09,24026.41,403,314,89,77.92,54.94,1.488,983.346,1468,2636.88,1681.67,12341.98,368.05,35707.09,189.31
BTC-USDT-SWAP,reversal,12H,0.01,0.008,0.025,1,0.0,10.0,148.0,49626.82,33431.63,403,318,85,78.91,49.8,1.466,1368.28,1468,3643.84,2362.05,29271.04,703.3,49626.82,69.54
BTC-USDT-SWAP,reversal,12H,0.01,0.008,0.03,1,0.0,10.0,148.0,73681.24,49684.62,403,323,80,80.15,41.42,1.782,2033.477,1468,4099.78,2670.12,47220.46,1051.78,73681.24,56.04
BTC-USDT-SWAP,reversal,12H,0.01,0.01,0.01,1,0.0,10.0,148.0,1622.66,996.39,403,255,148,63.28,86.8,1.063,40.78,1468,2987.67,1918.7,1244.05,-58.36,1622.66,30.43
BTC-USDT-SWAP,reversal,12H,0.01,0.01,0.015,1,0.0,10.0,148.0,14252.84,9530.29,403,278,125,68.98,80.04,1.207,390.053,1468,2590.19,1650.13,5660.09,118.52,14252.84,151.81
BTC-USDT-SWAP,reversal,12H,0.01,0.01,0.02,1,0.0,10.0,148.0,18712.05,12543.28,403,285,118,70.72,73.59,1.262,513.367,1468,2788.95,1784.43,6157.19,120.77,18712.05,203.91
BTC-USDT-SWAP,reversal,12H,0.01,0.01,0.025,1,0.0,10.0,148.0,54668.82,36838.39,403,290,113,71.96,49.07,1.376,1507.71,1468,4753.63,3111.91,33791.02,610.85,54668.82,61.79
BTC-USDT-SWAP,reversal,12H,0.01,0.01,0.03,1,0.0,10.0,148.0,74336.53,50127.39,403,295,108,73.2,40.66,1.569,2051.598,1468,4980.6,3265.27,47503.73,853.77,74336.53,56.49
BTC-USDT-SWAP,reversal,12H,0.01,0.015,0.01,1,0.0,10.0,148.0,29.88,-79.81,403,208,195,51.61,97.62,0.975,-3.267,1468,430.07,190.59,44.9,-89.56,29.88,-33.47
BTC-USDT-SWAP,reversal,12H,0.01,0.015,0.015,1,0.0,10.0,148.0,94.53,-36.13,403,227,176,56.33,93.83,0.99,-1.479,1468,248.91,68.18,119.3,-52.07,94.53,-20.76
BTC-USDT-SWAP,reversal,12H,0.01,0.015,0.02,1,0.0,10.0,148.0,128.4,-13.24,403,234,169,58.06,95.01,0.996,-0.542,1468,173.63,17.32,120.76,-30.45,128.4,6.33
BTC-USDT-SWAP,reversal,12H,0.01,0.015,0.025,1,0.0,10.0,148.0,99.97,-32.45,403,236,167,58.56,94.07,0.993,-1.328,1468,325.16,119.7,154.16,-52.59,99.97,-35.15
BTC-USDT-SWAP,reversal,12H,0.01,0.015,0.03,1,0.0,10.0,148.0,107.61,-27.29,403,238,165,59.06,94.24,0.995,-1.117,1468,343.49,132.09,205.2,-40.26,107.61,-47.56
BTC-USDT-SWAP,reversal,12H,0.01,0.02,0.01,1,0.0,10.0,148.0,0.15,-99.9,403,181,222,44.91,99.98,0.904,-4.089,1468,112.48,-24.0,2.13,-98.1,0.15,-92.89
BTC-USDT-SWAP,reversal,12H,0.01,0.02,0.015,1,0.0,10.0,148.0,0.18,-99.88,403,198,205,49.13,99.96,0.863,-4.088,1468,49.55,-66.52,3.6,-92.73,0.18,-94.99
BTC-USDT-SWAP,reversal,12H,0.01,0.02,0.02,1,0.0,10.0,148.0,0.19,-99.87,403,205,198,50.87,99.98,0.891,-4.088,1468,27.53,-81.4,2.86,-89.62,0.19,-93.41
BTC-USDT-SWAP,reversal,12H,0.01,0.02,0.025,1,0.0,10.0,148.0,0.12,-99.92,403,207,196,51.36,99.99,0.882,-4.089,1468,32.36,-78.13,2.2,-93.19,0.12,-94.63
BTC-USDT-SWAP,reversal,12H,0.01,0.02,0.03,1,0.0,10.0,148.0,0.08,-99.95,403,209,194,51.86,99.99,0.867,-4.091,1468,25.71,-82.63,2.14,-91.66,0.08,-96.34
BTC-USDT-SWAP,reversal,12H,0.01,0.03,0.01,1,0.0,10.0,148.0,0.01,-100.0,403,165,238,40.94,100.0,0.851,-4.093,1468,60.74,-58.96,0.15,-99.75,0.01,-96.14
BTC-USDT-SWAP,reversal,12H,0.01,0.03,0.015,1,0.0,10.0,148.0,0.0,-100.0,403,181,222,44.91,100.0,0.77,-4.093,1468,22.44,-84.84,0.2,-99.09,0.0,-97.92
BTC-USDT-SWAP,reversal,12H,0.01,0.03,0.02,1,0.0,10.0,148.0,0.0,-100.0,403,186,217,46.15,100.0,0.852,-4.093,1468,12.17,-91.78,0.09,-99.27,0.0,-98.25
BTC-USDT-SWAP,reversal,12H,0.01,0.03,0.025,1,0.0,10.0,148.0,0.0,-100.0,403,188,215,46.65,100.0,0.825,-4.093,1468,11.72,-92.08,0.07,-99.44,0.0,-98.79
BTC-USDT-SWAP,reversal,12H,0.01,0.03,0.03,1,0.0,10.0,148.0,0.0,-100.0,403,190,213,47.15,100.0,0.8,-4.093,1468,7.48,-94.94,0.06,-99.17,0.0,-99.16
BTC-USDT-SWAP,breakout,12H,0.001,0.006,0.01,1,0.0,10.0,148.0,0.0,-100.0,848,352,496,41.51,100.0,0.322,-4.093,1468,0.0,-100.0,0.0,-100.0,0.0,-100.0
BTC-USDT-SWAP,breakout,12H,0.001,0.006,0.015,1,0.0,10.0,148.0,0.0,-100.0,848,453,395,53.42,100.0,0.44,-4.093,1468,0.02,-99.99,0.0,-100.0,0.0,-99.97
BTC-USDT-SWAP,breakout,12H,0.001,0.006,0.02,1,0.0,10.0,148.0,0.0,-100.0,848,489,359,57.67,100.0,0.549,-4.093,1468,0.07,-99.96,0.0,-100.0,0.0,-99.92
BTC-USDT-SWAP,breakout,12H,0.001,0.006,0.025,1,0.0,10.0,148.0,0.0,-100.0,848,499,349,58.84,100.0,0.557,-4.093,1468,0.04,-99.97,0.0,-100.0,0.0,-99.84
BTC-USDT-SWAP,breakout,12H,0.001,0.006,0.03,1,0.0,10.0,148.0,0.0,-100.0,848,508,340,59.91,100.0,0.537,-4.093,1468,0.02,-99.99,0.0,-100.0,0.0,-99.67
BTC-USDT-SWAP,breakout,12H,0.001,0.008,0.01,1,0.0,10.0,148.0,0.0,-100.0,848,313,535,36.91,100.0,0.405,-4.093,1468,0.0,-100.0,0.0,-100.0,0.0,-99.99
BTC-USDT-SWAP,breakout,12H,0.001,0.008,0.015,1,0.0,10.0,148.0,0.0,-100.0,848,410,438,48.35,100.0,0.538,-4.093,1468,0.01,-99.99,0.0,-100.0,0.0,-99.9
BTC-USDT-SWAP,breakout,12H,0.001,0.008,0.02,1,0.0,10.0,148.0,0.0,-100.0,848,443,405,52.24,100.0,0.626,-4.093,1468,0.05,-99.96,0.0,-100.0,0.0,-99.85
BTC-USDT-SWAP,breakout,12H,0.001,0.008,0.025,1,0.0,10.0,148.0,0.0,-100.0,848,453,395,53.42,100.0,0.635,-4.093,1468,0.04,-99.97,0.0,-100.0,0.0,-99.5
BTC-USDT-SWAP,breakout,12H,0.001,0.008,0.03,1,0.0,10.0,148.0,0.0,-100.0,848,461,387,54.36,100.0,0.617,-4.093,1468,0.02,-99.99,0.0,-100.0,0.0,-98.92
BTC-USDT-SWAP,breakout,12H,0.001,0.01,0.01,1,0.0,10.0,148.0,0.0,-100.0,848,283,565,33.37,100.0,0.466,-4.093,1468,0.0,-100.0,0.0,-100.0,0.0,-99.98
BTC-USDT-SWAP,breakout,12H,0.001,0.01,0.015,1,0.0,10.0,148.0,0.0,-100.0,848,372,476,43.87,100.0,0.609,-4.093,1468,0.01,-99.99,0.0,-100.0,0.0,-99.88
BTC-USDT-SWAP,breakout,12H,0.001,0.01,0.02,1,0.0,10.0,148.0,0.0,-100.0,848,404,444,47.64,100.0,0.696,-4.093,1468,0.04,-99.97,0.0,-100.0,0.0,-99.73
BTC-USDT-SWAP,breakout,12H,0.001,0.01,0.025,1,0.0,10.0,148.0,0.0,-100.0,848,415,433,48.94,100.0,0.703,-4.093,1468,0.04,-99.97,0.0,-100.0,0.0,-99.13
BTC-USDT-SWAP,breakout,12H,0.001,0.01,0.03,1,0.0,10.0,148.0,0.0,-100.0,848,423,425,49.88,100.0,0.688,-4.093,1468,0.02,-99.99,0.0,-100.0,0.0,-98.17
BTC-USDT-SWAP,breakout,12H,0.001,0.015,0.01,1,0.0,10.0,148.0,0.0,-100.0,848,239,609,28.18,100.0,0.51,-4.093,1468,0.0,-100.0,0.0,-100.0,0.0,-99.99
BTC-USDT-SWAP,breakout,12H,0.001,0.015,0.015,1,0.0,10.0,148.0,0.0,-100.0,848,314,534,37.03,100.0,0.66,-4.093,1468,0.0,-100.0,0.0,-100.0,0.0,-99.93
BTC-USDT-SWAP,breakout,12H,0.001,0.015,0.02,1,0.0,10.0,148.0,0.0,-100.0,848,343,505,40.45,100.0,0.677,-4.093,1468,0.0,-100.0,0.0,-100.0,0.0,-99.9
BTC-USDT-SWAP,breakout,12H,0.001,0.015,0.025,1,0.0,10.0,148.0,0.0,-100.0,848,353,495,41.63,100.0,0.664,-4.093,1468,0.0,-100.0,0.0,-100.0,0.0,-99.66
BTC-USDT-SWAP,breakout,12H,0.001,0.015,0.03,1,0.0,10.0,148.0,0.0,-100.0,848,360,488,42.45,100.0,0.647,-4.093,1468,0.0,-100.0,0.0,-100.0,0.0,-99.27
BTC-USDT-SWAP,breakout,12H,0.001,0.02,0.01,1,0.0,10.0,148.0,0.0,-100.0,848,227,621,26.77,100.0,0.541,-4.093,1468,0.0,-100.0,0.0,-100.0,0.0,-99.99
BTC-USDT-SWAP,breakout,12H,0.001,0.02,0.015,1,0.0,10.0,148.0,0.0,-100.0,848,295,553,34.79,100.0,0.658,-4.093,1468,0.0,-100.0,0.0,-100.0,0.0,-99.95
BTC-USDT-SWAP,breakout,12H,0.001,0.02,0.02,1,0.0,10.0,148.0,0.0,-100.0,848,322,526,37.97,100.0,0.669,-4.093,1468,0.0,-100.0,0.0,-100.0,0.0,-99.94
BTC-USDT-SWAP,breakout,12H,0.001,0.02,0.025,1,0.0,10.0,148.0,0.0,-100.0,848,330,518,38.92,100.0,0.657,-4.093,1468,0.0,-100.0,0.0,-100.0,0.0,-99.8
BTC-USDT-SWAP,breakout,12H,0.001,0.02,0.03,1,0.0,10.0,148.0,0.0,-100.0,848,337,511,39.74,100.0,0.647,-4.093,1468,0.0,-100.0,0.0,-100.0,0.0,-99.57
BTC-USDT-SWAP,breakout,12H,0.001,0.03,0.01,1,0.0,10.0,148.0,0.0,-100.0,848,221,627,26.06,100.0,0.457,-4.093,1468,0.0,-100.0,0.0,-100.0,0.0,-99.99
BTC-USDT-SWAP,breakout,12H,0.001,0.03,0.015,1,0.0,10.0,148.0,0.0,-100.0,848,285,563,33.61,100.0,0.616,-4.093,1468,0.0,-100.0,0.0,-100.0,0.0,-99.94
BTC-USDT-SWAP,breakout,12H,0.001,0.03,0.02,1,0.0,10.0,148.0,0.0,-100.0,848,312,536,36.79,100.0,0.624,-4.093,1468,0.01,-99.99,0.0,-100.0,0.0,-99.92
BTC-USDT-SWAP,breakout,12H,0.001,0.03,0.025,1,0.0,10.0,148.0,0.0,-100.0,848,320,528,37.74,100.0,0.604,-4.093,1468,0.0,-100.0,0.0,-100.0,0.0,-99.76
BTC-USDT-SWAP,breakout,12H,0.001,0.03,0.03,1,0.0,10.0,148.0,0.0,-100.0,848,327,521,38.56,100.0,0.59,-4.093,1468,0.0,-100.0,0.0,-100.0,0.0,-99.39
BTC-USDT-SWAP,breakout,12H,0.002,0.006,0.01,1,0.0,10.0,148.0,0.0,-100.0,772,323,449,41.84,100.0,0.266,-4.093,1468,0.0,-100.0,0.0,-100.0,0.0,-99.99
BTC-USDT-SWAP,breakout,12H,0.002,0.006,0.015,1,0.0,10.0,148.0,0.0,-100.0,772,427,345,55.31,100.0,0.463,-4.093,1468,0.06,-99.96,0.0,-100.0,0.0,-99.9
BTC-USDT-SWAP,breakout,12H,0.002,0.006,0.02,1,0.0,10.0,148.0,0.0,-100.0,772,456,316,59.07,100.0,0.512,-4.093,1468,0.07,-99.95,0.0,-100.0,0.0,-99.8
BTC-USDT-SWAP,breakout,12H,0.002,0.006,0.025,1,0.0,10.0,148.0,0.0,-100.0,772,471,301,61.01,100.0,0.53,-4.093,1468,0.13,-99.91,0.0,-100.0,0.0,-99.53
BTC-USDT-SWAP,breakout,12H,0.002,0.006,0.03,1,0.0,10.0,148.0,0.0,-100.0,772,478,294,61.92,100.0,0.514,-4.093,1468,0.08,-99.95,0.0,-100.0,0.0,-99.09
BTC-USDT-SWAP,breakout,12H,0.002,0.008,0.01,1,0.0,10.0,148.0,0.0,-100.0,772,283,489,36.66,100.0,0.359,-4.093,1468,0.0,-100.0,0.0,-100.0,0.0,-99.98
BTC-USDT-SWAP,breakout,12H,0.002,0.008,0.015,1,0.0,10.0,148.0,0.0,-100.0,772,383,389,49.61,100.0,0.589,-4.093,1468,0.1,-99.93,0.0,-100.0,0.0,-99.8
BTC-USDT-SWAP,breakout,12H,0.002,0.008,0.02,1,0.0,10.0,148.0,0.0,-100.0,772,410,362,53.11,100.0,0.643,-4.093,1468,0.12,-99.92,0.0,-100.0,0.0,-99.65
BTC-USDT-SWAP,breakout,12H,0.002,0.008,0.025,1,0.0,10.0,148.0,0.0,-100.0,772,423,349,54.79,100.0,0.662,-4.093,1468,0.17,-99.89,0.0,-100.0,0.0,-99.07
BTC-USDT-SWAP,breakout,12H,0.002,0.008,0.03,1,0.0,10.0,148.0,0.0,-100.0,772,430,342,55.7,100.0,0.648,-4.093,1468,0.11,-99.93,0.0,-100.0,0.0,-98.26
BTC-USDT-SWAP,breakout,12H,0.002,0.01,0.01,1,0.0,10.0,148.0,0.0,-100.0,772,251,521,32.51,100.0,0.365,-4.093,1468,0.0,-100.0,0.0,-100.0,0.0,-99.97
BTC-USDT-SWAP,breakout,12H,0.002,0.01,0.015,1,0.0,10.0,148.0,0.0,-100.0,772,345,427,44.69,100.0,0.595,-4.093,1468,0.02,-99.98,0.0,-100.0,0.0,-99.66
BTC-USDT-SWAP,breakout,12H,0.002,0.01,0.02,1,0.0,10.0,148.0,0.0,-100.0,772,370,402,47.93,100.0,0.639,-4.093,1468,0.02,-99.99,0.0,-100.0,0.0,-99.31
BTC-USDT-SWAP,breakout,12H,0.002,0.01,0.025,1,0.0,10.0,148.0,0.0,-100.0,772,386,386,50.0,100.0,0.648,-4.093,1468,0.05,-99.97,0.0,-100.0,0.0,-97.97
BTC-USDT-SWAP,breakout,12H,0.002,0.01,0.03,1,0.0,10.0,148.0,0.0,-100.0,772,392,380,50.78,100.0,0.636,-4.093,1468,0.03,-99.98,0.0,-100.0,0.0,-96.05
BTC-USDT-SWAP,breakout,12H,0.002,0.015,0.01,1,0.0,10.0,148.0,0.0,-100.0,772,211,561,27.33,100.0,0.494,-4.093,1468,0.0,-100.0,0.0,-100.0,0.0,-99.99
BTC-USDT-SWAP,breakout,12H,0.002,0.015,0.015,1,0.0,10.0,148.0,0.0,-100.0,772,287,485,37.18,100.0,0.647,-4.093,1468,0.0,-100.0,0.0,-100.0,0.0,-99.88
BTC-USDT-SWAP,breakout,12H,0.002,0.015,0.02,1,0.0,10.0,148.0,0.0,-100.0,772,311,461,40.28,100.0,0.66,-4.093,1468,0.0,-100.0,0.0,-100.0,0.0,-99.83
BTC-USDT-SWAP,breakout,12H,0.002,0.015,0.025,1,0.0,10.0,148.0,0.0,-100.0,772,325,447,42.1,100.0,0.646,-4.093,1468,0.01,-100.0,0.0,-100.0,0.0,-99.47
BTC-USDT-SWAP,breakout,12H,0.002,0.015,0.03,1,0.0,10.0,148.0,0.0,-100.0,772,331,441,42.88,100.0,0.635,-4.093,1468,0.0,-100.0,0.0,-100.0,0.0,-98.94
BTC-USDT-SWAP,breakout,12H,0.002,0.02,0.01,1,0.0,10.0,148.0,0.0,-100.0,772,201,571,26.04,100.0,0.538,-4.093,1468,0.0,-100.0,0.0,-100.0,0.0,-99.99
BTC-USDT-SWAP,breakout,12H,0.002,0.02,0.015,1,0.0,10.0,148.0,0.0,-100.0,772,271,501,35.1,100.0,0.651,-4.093,1468,0.0,-100.0,0.0,-100.0,0.0,-99.89
BTC-USDT-SWAP,breakout,12H,0.002,0.02,0.02,1,0.0,10.0,148.0,0.0,-100.0,772,294,478,38.08,100.0,0.66,-4.093,1468,0.0,-100.0,0.0,-100.0,0.0,-99.85
BTC-USDT-SWAP,breakout,12H,0.002,0.02,0.025,1,0.0,10.0,148.0,0.0,-100.0,772,306,466,39.64,100.0,0.649,-4.093,1468,0.01,-100.0,0.0,-100.0,0.0,-99.55
BTC-USDT-SWAP,breakout,12H,0.002,0.02,0.03,1,0.0,10.0,148.0,0.0,-100.0,772,312,460,40.41,100.0,0.643,-4.093,1468,0.0,-100.0,0.0,-100.0,0.0,-99.17
BTC-USDT-SWAP,breakout,12H,0.002,0.03,0.01,1,0.0,10.0,148.0,0.0,-100.0,772,196,576,25.39,100.0,0.439,-4.093,1468,0.0,-100.0,0.0,-100.0,0.0,-99.99
BTC-USDT-SWAP,breakout,12H,0.002,0.03,0.015,1,0.0,10.0,148.0,0.0,-100.0,772,264,508,34.2,100.0,0.597,-4.093,1468,0.01,-99.99,0.0,-100.0,0.0,-99.89
BTC-USDT-SWAP,breakout,12H,0.002,0.03,0.02,1,0.0,10.0,148.0,0.0,-100.0,772,287,485,37.18,100.0,0.602,-4.093,1468,0.01,-99.99,0.0,-100.0,0.0,-99.84
BTC-USDT-SWAP,breakout,12H,0.002,0.03,0.025,1,0.0,10.0,148.0,0.0,-100.0,772,299,473,38.73,100.0,0.587,-4.093,1468,0.02,-99.99,0.0,-100.0,0.0,-99.55
BTC-USDT-SWAP,breakout,12H,0.002,0.03,0.03,1,0.0,10.0,148.0,0.0,-100.0,772,305,467,39.51,100.0,0.578,-4.093,1468,0.01,-99.99,0.0,-100.0,0.0,-99.01
BTC-USDT-SWAP,breakout,12H,0.003,0.006,0.01,1,0.0,10.0,148.0,0.0,-100.0,721,281,440,38.97,100.0,0.241,-4.093,1468,0.0,-100.0,0.0,-100.0,0.0,-99.99
BTC-USDT-SWAP,breakout,12H,0.003,0.006,0.015,1,0.0,10.0,148.0,0.0,-100.0,721,392,329,54.37,100.0,0.473,-4.093,1468,0.03,-99.98,0.0,-100.0,0.0,-99.76
BTC-USDT-SWAP,breakout,12H,0.003,0.006,0.02,1,0.0,10.0,148.0,0.0,-100.0,721,423,298,58.67,100.0,0.481,-4.093,1468,0.06,-99.96,0.0,-100.0,0.0,-99.71
BTC-USDT-SWAP,breakout,12H,0.003,0.006,0.025,1,0.0,10.0,148.0,0.0,-100.0,721,439,282,60.89,100.0,0.571,-4.093,1468,0.09,-99.94,0.0,-100.0,0.0,-99.31
BTC-USDT-SWAP,breakout,12H,0.003,0.006,0.03,1,0.0,10.0,148.0,0.0,-100.0,721,445,276,61.72,100.0,0.58,-4.093,1468,0.12,-99.92,0.0,-100.0,0.0,-98.45
BTC-USDT-SWAP,breakout,12H,0.003,0.008,0.01,1,0.0,10.0,148.0,0.0,-100.0,721,251,470,34.81,100.0,0.306,-4.093,1468,0.0,-100.0,0.0,-100.0,0.0,-99.99
BTC-USDT-SWAP,breakout,12H,0.003,0.008,0.015,1,0.0,10.0,148.0,0.0,-100.0,721,347,374,48.13,100.0,0.579,-4.093,1468,0.03,-99.98,0.0,-100.0,0.0,-99.66
BTC-USDT-SWAP,breakout,12H,0.003,0.008,0.02,1,0.0,10.0,148.0,0.0,-100.0,721,379,342,52.57,100.0,0.584,-4.093,1468,0.04,-99.97,0.0,-100.0,0.0,-99.48
BTC-USDT-SWAP,breakout,12H,0.003,0.008,0.025,1,0.0,10.0,148.0,0.0,-100.0,721,394,327,54.65,100.0,0.672,-4.093,1468,0.06,-99.96,0.0,-100.0,0.0,-98.75
BTC-USDT-SWAP,breakout,12H,0.003,0.008,0.03,1,0.0,10.0,148.0,0.0,-100.0,721,401,320,55.62,100.0,0.684,-4.093,1468,0.15,-99.9,0.0,-100.0,0.0,-97.32
BTC-USDT-SWAP,breakout,12H,0.003,0.01,0.01,1,0.0,10.0,148.0,0.0,-100.0,721,227,494,31.48,100.0,0.368,-4.093,1468,0.0,-100.0,0.0,-100.0,0.0,-99.98
BTC-USDT-SWAP,breakout,12H,0.003,0.01,0.015,1,0.0,10.0,148.0,0.0,-100.0,721,312,409,43.27,100.0,0.576,-4.093,1468,0.01,-100.0,0.0,-100.0,0.0,-99.5
BTC-USDT-SWAP,breakout,12H,0.003,0.01,0.02,1,0.0,10.0,148.0,0.0,-100.0,721,340,381,47.16,100.0,0.561,-4.093,1468,0.01,-100.0,0.0,-100.0,0.0,-99.23
BTC-USDT-SWAP,breakout,12H,0.003,0.01,0.025,1,0.0,10.0,148.0,0.0,-100.0,721,356,365,49.38,100.0,0.624,-4.093,1468,0.01,-100.0,0.0,-100.0,0.0,-97.94
BTC-USDT-SWAP,breakout,12H,0.003,0.01,0.03,1,0.0,10.0,148.0,0.0,-100.0,721,363,358,50.35,100.0,0.628,-4.093,1468,0.02,-99.99,0.0,-100.0,0.0,-95.53
BTC-USDT-SWAP,breakout,12H,0.003,0.015,0.01,1,0.0,10.0,148.0,0.0,-100.0,721,191,530,26.49,100.0,0.471,-4.093,1468,0.0,-100.0,0.0,-100.0,0.0,-99.99
BTC-USDT-SWAP,breakout,12H,0.003,0.015,0.015,1,0.0,10.0,148.0,0.0,-100.0,721,261,460,36.2,100.0,0.601,-4.093,1468,0.0,-100.0,0.0,-100.0,0.0,-99.83
BTC-USDT-SWAP,breakout,12H,0.003,0.015,0.02,1,0.0,10.0,148.0,0.0,-100.0,721,287,434,39.81,100.0,0.583,-4.093,1468,0.0,-100.0,0.0,-100.0,0.0,-99.77
BTC-USDT-SWAP,breakout,12H,0.003,0.015,0.025,1,0.0,10.0,148.0,0.0,-100.0,721,300,421,41.61,100.0,0.618,-4.093,1468,0.0,-100.0,0.0,-100.0,0.0,-99.45
BTC-USDT-SWAP,breakout,12H,0.003,0.015,0.03,1,0.0,10.0,148.0,0.0,-100.0,721,306,415,42.44,100.0,0.62,-4.093,1468,0.01,-100.0,0.0,-100.0,0.0,-98.83
BTC-USDT-SWAP,breakout,12H,0.003,0.02,0.01,1,0.0,10.0,148.0,0.0,-100.0,721,181,540,25.1,100.0,0.498,-4.093,1468,0.0,-100.0,0.0,-100.0,0.0,-99.99
BTC-USDT-SWAP,breakout,12H,0.003,0.02,0.015,1,0.0,10.0,148.0,0.0,-100.0,721,248,473,34.4,100.0,0.651,-4.093,1468,0.0,-100.0,0.0,-100.0,0.0,-99.86
BTC-USDT-SWAP,breakout,12H,0.003,0.02,0.02,1,0.0,10.0,148.0,0.0,-100.0,721,271,450,37.59,100.0,0.636,-4.093,1468,0.0,-100.0,0.0,-100.0,0.0,-99.83
BTC-USDT-SWAP,breakout,12H,0.003,0.02,0.025,1,0.0,10.0,148.0,0.0,-100.0,721,283,438,39.25,100.0,0.666,-4.093,1468,0.0,-100.0,0.0,-100.0,0.0,-99.61
BTC-USDT-SWAP,breakout,12H,0.003,0.02,0.03,1,0.0,10.0,148.0,0.0,-100.0,721,289,432,40.08,100.0,0.671,-4.093,1468,0.01,-99.99,0.0,-100.0,0.0,-99.25
BTC-USDT-SWAP,breakout,12H,0.003,0.03,0.01,1,0.0,10.0,148.0,0.0,-100.0,721,178,543,24.69,100.0,0.363,-4.093,1468,0.0,-100.0,0.0,-100.0,0.0,-99.99
BTC-USDT-SWAP,breakout,12H,0.003,0.03,0.015,1,0.0,10.0,148.0,0.0,-100.0,721,243,478,33.7,100.0,0.588,-4.093,1468,0.0,-100.0,0.0,-100.0,0.0,-99.82
BTC-USDT-SWAP,breakout,12H,0.003,0.03,0.02,1,0.0,10.0,148.0,0.0,-100.0,721,266,455,36.89,100.0,0.565,-4.093,1468,0.0,-100.0,0.0,-100.0,0.0,-99.77
BTC-USDT-SWAP,breakout,12H,0.003,0.03,0.025,1,0.0,10.0,148.0,0.0,-100.0,721,277,444,38.42,100.0,0.596,-4.093,1468,0.0,-100.0,0.0,-100.0,0.0,-99.64
BTC-USDT-SWAP,breakout,12H,0.003,0.03,0.03,1,0.0,10.0,148.0,0.0,-100.0,721,283,438,39.25,100.0,0.6,-4.093,1468,0.02,-99.99,0.0,-100.0,0.0,-99.26
BTC-USDT-SWAP,breakout,12H,0.005,0.006,0.01,1,0.0,10.0,148.0,0.0,-100.0,608,214,394,35.2,100.0,0.069,-4.093,1468,0.0,-100.0,0.0,-100.0,0.0,-99.99
BTC-USDT-SWAP,breakout,12H,0.005,0.006,0.015,1,0.0,10.0,148.0,0.0,-100.0,608,314,294,51.64,100.0,0.382,-4.093,1468,0.05,-99.96,0.0,-100.0,0.0,-99.65
BTC-USDT-SWAP,breakout,12H,0.005,0.006,0.02,1,0.0,10.0,148.0,0.0,-100.0,608,356,252,58.55,100.0,0.474,-4.093,1468,0.19,-99.87,0.0,-99.99,0.0,-98.69
BTC-USDT-SWAP,breakout,12H,0.005,0.006,0.025,1,0.0,10.0,148.0,0.0,-100.0,608,367,241,60.36,100.0,0.47,-4.093,1468,0.14,-99.91,0.0,-99.97,0.0,-96.81
BTC-USDT-SWAP,breakout,12H,0.005,0.006,0.03,1,0.0,10.0,148.0,0.0,-100.0,608,376,232,61.84,100.0,0.501,-4.093,1468,0.56,-99.62,0.0,-99.96,0.0,-93.78
BTC-USDT-SWAP,breakout,12H,0.005,0.008,0.01,1,0.0,10.0,148.0,0.0,-100.0,608,180,428,29.61,100.0,0.066,-4.093,1468,0.0,-100.0,0.0,-100.0,0.0,-99.99
BTC-USDT-SWAP,breakout,12H,0.005,0.008,0.015,1,0.0,10.0,148.0,0.0,-100.0,608,270,338,44.41,100.0,0.429,-4.093,1468,0.02,-99.99,0.0,-100.0,0.0,-99.51
BTC-USDT-SWAP,breakout,12H,0.005,0.008,0.02,1,0.0,10.0,148.0,0.0,-100.0,608,306,302,50.33,100.0,0.479,-4.093,1468,0.03,-99.98,0.0,-99.99,0.0,-98.1
BTC-USDT-SWAP,breakout,12H,0.005,0.008,0.025,1,0.0,10.0,148.0,0.0,-100.0,608,318,290,52.3,100.0,0.474,-4.093,1468,0.02,-99.99,0.0,-99.98,0.0,-95.28
BTC-USDT-SWAP,breakout,12H,0.005,0.008,0.03,1,0.0,10.0,148.0,0.0,-100.0,608,326,282,53.62,100.0,0.486,-4.093,1468,0.06,-99.96,0.0,-99.97,0.0,-89.76
BTC-USDT-SWAP,breakout,12H,0.005,0.01,0.01,1,0.0,10.0,148.0,0.0,-100.0,608,159,449,26.15,100.0,0.086,-4.093,1468,0.0,-100.0,0.0,-100.0,0.0,-99.99
BTC-USDT-SWAP,breakout,12H,0.005,0.01,0.015,1,0.0,10.0,148.0,0.0,-100.0,608,239,369,39.31,100.0,0.455,-4.093,1468,0.01,-99.99,0.0,-100.0,0.0,-99.71
BTC-USDT-SWAP,breakout,12H,0.005,0.01,0.02,1,0.0,10.0,148.0,0.0,-100.0,608,271,337,44.57,100.0,0.497,-4.093,1468,0.01,-99.99,0.0,-100.0,0.0,-99.34
BTC-USDT-SWAP,breakout,12H,0.005,0.01,0.025,1,0.0,10.0,148.0,0.0,-100.0,608,284,324,46.71,100.0,0.488,-4.093,1468,0.01,-99.99,0.0,-99.98,0.0,-98.24
BTC-USDT-SWAP,breakout,12H,0.005,0.01,0.03,1,0.0,10.0,148.0,0.0,-100.0,608,291,317,47.86,100.0,0.484,-4.093,1468,0.03,-99.98,0.0,-99.97,0.0,-96.39
BTC-USDT-SWAP,breakout,12H,0.005,0.015,0.01,1,0.0,10.0,148.0,0.0,-100.0,608,136,472,22.37,100.0,0.058,-4.093,1468,0.0,-100.0,0.0,-100.0,0.0,-100.0
BTC-USDT-SWAP,breakout,12H,0.005,0.015,0.015,1,0.0,10.0,148.0,0.0,-100.0,608,205,403,33.72,100.0,0.524,-4.093,1468,0.01,-99.99,0.0,-100.0,0.0,-99.79
BTC-USDT-SWAP,breakout,12H,0.005,0.015,0.02,1,0.0,10.0,148.0,0.0,-100.0,608,231,377,37.99,100.0,0.536,-4.093,1468,0.01,-99.99,0.0,-100.0,0.0,-99.53
BTC-USDT-SWAP,breakout,12H,0.005,0.015,0.025,1,0.0,10.0,148.0,0.0,-100.0,608,241,367,39.64,100.0,0.525,-4.093,1468,0.01,-99.99,0.0,-99.99,0.0,-99.18
BTC-USDT-SWAP,breakout,12H,0.005,0.015,0.03,1,0.0,10.0,148.0,0.0,-100.0,608,246,362,40.46,100.0,0.527,-4.093,1468,0.03,-99.98,0.0,-99.99,0.0,-98.48
BTC-USDT-SWAP,breakout,12H,0.005,0.02,0.01,1,0.0,10.0,148.0,0.0,-100.0,608,130,478,21.38,100.0,0.068,-4.093,1468,0.0,-100.0,0.0,-100.0,0.0,-100.0
BTC-USDT-SWAP,breakout,12H,0.005,0.02,0.015,1,0.0,10.0,148.0,0.0,-100.0,608,195,413,32.07,100.0,0.606,-4.093,1468,0.02,-99.99,0.0,-100.0,0.0,-99.79
BTC-USDT-SWAP,breakout,12H,0.005,0.02,0.02,1,0.0,10.0,148.0,0.0,-100.0,608,219,389,36.02,100.0,0.62,-4.093,1468,0.02,-99.99,0.0,-100.0,0.0,-99.41
BTC-USDT-SWAP,breakout,12H,0.005,0.02,0.025,1,0.0,10.0,148.0,0.0,-100.0,608,228,380,37.5,100.0,0.612,-4.093,1468,0.01,-99.99,0.0,-100.0,0.0,-99.11
BTC-USDT-SWAP,breakout,12H,0.005,0.02,0.03,1,0.0,10.0,148.0,0.0,-100.0,608,233,375,38.32,100.0,0.615,-4.093,1468,0.04,-99.97,0.0,-99.99,0.0,-98.28
BTC-USDT-SWAP,breakout,12H,0.005,0.03,0.01,1,0.0,10.0,148.0,0.0,-100.0,608,127,481,20.89,100.0,0.046,-4.093,1468,0.0,-100.0,0.0,-100.0,0.0,-100.0
BTC-USDT-SWAP,breakout,12H,0.005,0.03,0.015,1,0.0,10.0,148.0,0.0,-100.0,608,191,417,31.41,100.0,0.53,-4.093,1468,0.02,-99.99,0.0,-100.0,0.0,-99.71
BTC-USDT-SWAP,breakout,12H,0.005,0.03,0.02,1,0.0,10.0,148.0,0.0,-100.0,608,213,395,35.03,100.0,0.537,-4.093,1468,0.02,-99.99,0.0,-100.0,0.0,-99.3
BTC-USDT-SWAP,breakout,12H,0.005,0.03,0.025,1,0.0,10.0,148.0,0.0,-100.0,608,222,386,36.51,100.0,0.523,-4.093,1468,0.01,-99.99,0.0,-100.0,0.0,-98.94
BTC-USDT-SWAP,breakout,12H,0.005,0.03,0.03,1,0.0,10.0,148.0,0.0,-100.0,608,226,382,37.17,100.0,0.524,-4.093,1468,0.05,-99.97,0.0,-99.99,0.0,-98.38
BTC-USDT-SWAP,breakout,12H,0.007,0.006,0.01,1,0.0,10.0,148.0,0.0,-100.0,507,167,340,32.94,100.0,0.092,-4.093,1468,0.0,-100.0,0.0,-100.0,0.0,-99.97
BTC-USDT-SWAP,breakout,12H,0.007,0.006,0.015,1,0.0,10.0,148.0,0.0,-100.0,507,248,259,48.92,100.0,0.314,-4.093,1468,0.04,-99.98,0.0,-100.0,0.0,-99.36
BTC-USDT-SWAP,breakout,12H,0.007,0.006,0.02,1,0.0,10.0,148.0,0.0,-100.0,507,291,216,57.4,100.0,0.377,-4.093,1468,0.15,-99.9,0.0,-99.9,0.0,-92.86
BTC-USDT-SWAP,breakout,12H,0.007,0.006,0.025,1,0.0,10.0,148.0,0.0,-100.0,507,304,203,59.96,100.0,0.375,-4.093,1468,0.09,-99.94,0.0,-99.6,0.0,-80.08
BTC-USDT-SWAP,breakout,12H,0.007,0.006,0.03,1,0.0,10.0,148.0,0.0,-100.0,507,311,196,61.34,100.0,0.379,-4.093,1468,0.17,-99.89,0.0,-99.09,0.0,-57.59
BTC-USDT-SWAP,breakout,12H,0.007,0.008,0.01,1,0.0,10.0,148.0,0.0,-100.0,507,141,366,27.81,100.0,0.124,-4.093,1468,0.0,-100.0,0.0,-100.0,0.0,-99.99
BTC-USDT-SWAP,breakout,12H,0.007,0.008,0.015,1,0.0,10.0,148.0,0.0,-100.0,507,210,297,41.42,100.0,0.368,-4.093,1468,0.03,-99.98,0.0,-100.0,0.0,-99.64
BTC-USDT-SWAP,breakout,12H,0.007,0.008,0.02,1,0.0,10.0,148.0,0.0,-100.0,507,249,258,49.11,100.0,0.418,-4.093,1468,0.07,-99.95,0.0,-99.93,0.0,-97.45
BTC-USDT-SWAP,breakout,12H,0.007,0.008,0.025,1,0.0,10.0,148.0,0.0,-100.0,507,262,245,51.68,100.0,0.414,-4.093,1468,0.05,-99.96,0.0,-99.7,0.0,-93.22
BTC-USDT-SWAP,breakout,12H,0.007,0.008,0.03,1,0.0,10.0,148.0,0.0,-100.0,507,269,238,53.06,100.0,0.406,-4.093,1468,0.09,-99.94,0.0,-99.24,0.0,-85.11
BTC-USDT-SWAP,breakout,12H,0.007,0.01,0.01,1,0.0,10.0,148.0,0.0,-100.0,507,126,381,24.85,100.0,0.151,-4.093,1468,0.0,-100.0,0.0,-100.0,0.0,-99.99
BTC-USDT-SWAP,breakout,12H,0.007,0.01,0.015,1,0.0,10.0,148.0,0.0,-100.0,507,184,323,36.29,100.0,0.444,-4.093,1468,0.02,-99.99,0.0,-100.0,0.0,-99.76
BTC-USDT-SWAP,breakout,12H,0.007,0.01,0.02,1,0.0,10.0,148.0,0.0,-100.0,507,222,285,43.79,100.0,0.498,-4.093,1468,0.06,-99.96,0.0,-99.94,0.0,-98.2
BTC-USDT-SWAP,breakout,12H,0.007,0.01,0.025,1,0.0,10.0,148.0,0.0,-100.0,507,233,274,45.96,100.0,0.489,-4.093,1468,0.04,-99.97,0.0,-99.8,0.0,-96.24
BTC-USDT-SWAP,breakout,12H,0.007,0.01,0.03,1,0.0,10.0,148.0,0.0,-100.0,507,239,268,47.14,100.0,0.48,-4.093,1468,0.07,-99.95,0.0,-99.5,0.0,-91.58
BTC-USDT-SWAP,breakout,12H,0.007,0.015,0.01,1,0.0,10.0,148.0,0.0,-100.0,507,113,394,22.29,100.0,0.161,-4.093,1468,0.0,-100.0,0.0,-100.0,0.0,-99.99
BTC-USDT-SWAP,breakout,12H,0.007,0.015,0.015,1,0.0,10.0,148.0,0.0,-100.0,507,163,344,32.15,100.0,0.511,-4.093,1468,0.02,-99.99,0.0,-100.0,0.0,-99.77
BTC-USDT-SWAP,breakout,12H,0.007,0.015,0.02,1,0.0,10.0,148.0,0.0,-100.0,507,195,312,38.46,100.0,0.529,-4.093,1468,0.06,-99.96,0.0,-99.94,0.0,-98.09
BTC-USDT-SWAP,breakout,12H,0.007,0.015,0.025,1,0.0,10.0,148.0,0.0,-100.0,507,204,303,40.24,100.0,0.523,-4.093,1468,0.05,-99.97,0.0,-99.88,0.0,-96.43
BTC-USDT-SWAP,breakout,12H,0.007,0.015,0.03,1,0.0,10.0,148.0,0.0,-100.0,507,209,298,41.22,100.0,0.517,-4.093,1468,0.07,-99.95,0.0,-99.62,0.0,-92.75
BTC-USDT-SWAP,breakout,12H,0.007,0.02,0.01,1,0.0,10.0,148.0,0.0,-100.0,507,108,399,21.3,100.0,0.166,-4.093,1468,0.01,-100.0,0.0,-100.0,0.0,-99.99
BTC-USDT-SWAP,breakout,12H,0.007,0.02,0.015,1,0.0,10.0,148.0,0.0,-100.0,507,155,352,30.57,100.0,0.465,-4.093,1468,0.03,-99.98,0.0,-100.0,0.0,-99.68
BTC-USDT-SWAP,breakout,12H,0.007,0.02,0.02,1,0.0,10.0,148.0,0.0,-100.0,507,185,322,36.49,100.0,0.478,-4.093,1468,0.09,-99.94,0.0,-99.97,0.0,-97.68
BTC-USDT-SWAP,breakout,12H,0.007,0.02,0.025,1,0.0,10.0,148.0,0.0,-100.0,507,194,313,38.26,100.0,0.465,-4.093,1468,0.07,-99.95,0.0,-99.95,0.0,-95.29
BTC-USDT-SWAP,breakout,12H,0.007,0.02,0.03,1,0.0,10.0,148.0,0.0,-100.0,507,198,309,39.05,100.0,0.454,-4.093,1468,0.11,-99.93,0.0,-99.85,0.0,-91.82
BTC-USDT-SWAP,breakout,12H,0.007,0.03,0.01,1,0.0,10.0,148.0,0.0,-100.0,507,104,403,20.51,100.0,0.135,-4.093,1468,0.0,-100.0,0.0,-100.0,0.0,-99.99
BTC-USDT-SWAP,breakout,12H,0.007,0.03,0.015,1,0.0,10.0,148.0,0.0,-100.0,507,149,358,29.39,100.0,0.498,-4.093,1468,0.03,-99.98,0.0,-100.0,0.0,-99.56
BTC-USDT-SWAP,breakout,12H,0.007,0.03,0.02,1,0.0,10.0,148.0,0.0,-100.0,507,178,329,35.11,100.0,0.511,-4.093,1468,0.1,-99.93,0.0,-99.98,0.0,-98.02
BTC-USDT-SWAP,breakout,12H,0.007,0.03,0.025,1,0.0,10.0,148.0,0.0,-100.0,507,187,320,36.88,100.0,0.501,-4.093,1468,0.09,-99.94,0.0,-99.97,0.0,-95.11
BTC-USDT-SWAP,breakout,12H,0.007,0.03,0.03,1,0.0,10.0,148.0,0.0,-100.0,507,191,316,37.67,100.0,0.496,-4.093,1468,0.15,-99.9,0.0,-99.88,0.0,-91.51
BTC-USDT-SWAP,breakout,12H,0.01,0.006,0.01,1,0.0,10.0,148.0,0.0,-100.0,403,104,299,25.81,100.0,0.066,-4.093,1468,0.01,-100.0,0.0,-100.0,0.0,-99.97
BTC-USDT-SWAP,breakout,12H,0.01,0.006,0.015,1,0.0,10.0,148.0,0.0,-100.0,403,169,234,41.94,100.0,0.133,-4.093,1468,0.02,-99.99,0.0,-100.0,0.0,-99.88
BTC-USDT-SWAP,breakout,12H,0.01,0.006,0.02,1,0.0,10.0,148.0,0.0,-100.0,403,204,199,50.62,100.0,0.281,-4.093,1468,0.07,-99.95,0.0,-99.99,0.0,-99.02
BTC-USDT-SWAP,breakout,12H,0.01,0.006,0.025,1,0.0,10.0,148.0,0.0,-100.0,403,223,180,55.33,100.0,0.311,-4.093,1468,0.04,-99.97,0.0,-99.87,0.0,-96.82
BTC-USDT-SWAP,breakout,12H,0.01,0.006,0.03,1,0.0,10.0,148.0,0.0,-100.0,403,231,172,57.32,100.0,0.31,-4.093,1468,0.08,-99.94,0.0,-99.7,0.0,-95.71
BTC-USDT-SWAP,breakout,12H,0.01,0.008,0.01,1,0.0,10.0,148.0,0.0,-100.0,403,91,312,22.58,100.0,0.087,-4.093,1468,0.01,-100.0,0.0,-100.0,0.0,-99.96
BTC-USDT-SWAP,breakout,12H,0.01,0.008,0.015,1,0.0,10.0,148.0,0.0,-100.0,403,145,258,35.98,100.0,0.184,-4.093,1468,0.02,-99.99,0.0,-100.0,0.0,-99.92
BTC-USDT-SWAP,breakout,12H,0.01,0.008,0.02,1,0.0,10.0,148.0,0.0,-100.0,403,178,225,44.17,100.0,0.35,-4.093,1468,0.08,-99.95,0.0,-99.99,0.0,-99.22
BTC-USDT-SWAP,breakout,12H,0.01,0.008,0.025,1,0.0,10.0,148.0,0.0,-100.0,403,193,210,47.89,100.0,0.354,-4.093,1468,0.04,-99.98,0.0,-99.92,0.0,-97.73
BTC-USDT-SWAP,breakout,12H,0.01,0.008,0.03,1,0.0,10.0,148.0,0.0,-100.0,403,200,203,49.63,100.0,0.352,-4.093,1468,0.07,-99.95,0.0,-99.81,0.0,-97.1
BTC-USDT-SWAP,breakout,12H,0.01,0.01,0.01,1,0.0,10.0,148.0,0.0,-100.0,403,85,318,21.09,100.0,0.112,-4.093,1468,0.01,-100.0,0.0,-100.0,0.0,-99.95
BTC-USDT-SWAP,breakout,12H,0.01,0.01,0.015,1,0.0,10.0,148.0,0.0,-100.0,403,134,269,33.25,100.0,0.186,-4.093,1468,0.02,-99.98,0.0,-100.0,0.0,-99.93
BTC-USDT-SWAP,breakout,12H,0.01,0.01,0.02,1,0.0,10.0,148.0,0.0,-100.0,403,165,238,40.94,100.0,0.38,-4.093,1468,0.1,-99.93,0.0,-99.98,0.0,-99.17
BTC-USDT-SWAP,breakout,12H,0.01,0.01,0.025,1,0.0,10.0,148.0,0.0,-100.0,403,179,224,44.42,100.0,0.384,-4.093,1468,0.05,-99.97,0.0,-99.86,0.0,-97.56
BTC-USDT-SWAP,breakout,12H,0.01,0.01,0.03,1,0.0,10.0,148.0,0.0,-100.0,403,185,218,45.91,100.0,0.382,-4.093,1468,0.1,-99.93,0.0,-99.66,0.0,-97.04
BTC-USDT-SWAP,breakout,12H,0.01,0.015,0.01,1,0.0,10.0,148.0,0.0,-100.0,403,74,329,18.36,100.0,0.157,-4.093,1468,0.01,-100.0,0.0,-100.0,0.0,-99.96
BTC-USDT-SWAP,breakout,12H,0.01,0.015,0.015,1,0.0,10.0,148.0,0.0,-100.0,403,117,286,29.03,100.0,0.249,-4.093,1468,0.02,-99.98,0.0,-100.0,0.0,-99.91
BTC-USDT-SWAP,breakout,12H,0.01,0.015,0.02,1,0.0,10.0,148.0,0.0,-100.0,403,145,258,35.98,100.0,0.491,-4.093,1468,0.14,-99.9,0.0,-99.99,0.0,-99.07
BTC-USDT-SWAP,breakout,12H,0.01,0.015,0.025,1,0.0,10.0,148.0,0.0,-100.0,403,158,245,39.21,100.0,0.496,-4.093,1468,0.07,-99.95,0.0,-99.95,0.0,-96.71
BTC-USDT-SWAP,breakout,12H,0.01,0.015,0.03,1,0.0,10.0,148.0,0.0,-100.0,403,162,241,40.2,100.0,0.499,-4.093,1468,0.17,-99.89,0.0,-99.93,0.0,-96.54
BTC-USDT-SWAP,breakout,12H,0.01,0.02,0.01,1,0.0,10.0,148.0,0.0,-100.0,403,70,333,17.37,100.0,0.127,-4.093,1468,0.01,-99.99,0.0,-100.0,0.0,-99.95
BTC-USDT-SWAP,breakout,12H,0.01,0.02,0.015,1,0.0,10.0,148.0,0.0,-100.0,403,109,294,27.05,100.0,0.204,-4.093,1468,0.04,-99.97,0.0,-100.0,0.0,-99.91
BTC-USDT-SWAP,breakout,12H,0.01,0.02,0.02,1,0.0,10.0,148.0,0.0,-100.0,403,134,269,33.25,100.0,0.394,-4.093,1468,0.23,-99.84,0.0,-99.99,0.0,-98.93
BTC-USDT-SWAP,breakout,12H,0.01,0.02,0.025,1,0.0,10.0,148.0,0.0,-100.0,403,146,257,36.23,100.0,0.389,-4.093,1468,0.11,-99.92,0.0,-99.97,0.0,-97.09
BTC-USDT-SWAP,breakout,12H,0.01,0.02,0.03,1,0.0,10.0,148.0,0.0,-100.0,403,150,253,37.22,100.0,0.393,-4.093,1468,0.27,-99.82,0.0,-99.95,0.0,-96.94
BTC-USDT-SWAP,breakout,12H,0.01,0.03,0.01,1,0.0,10.0,148.0,0.0,-100.0,403,68,335,16.87,100.0,0.126,-4.093,1468,0.01,-100.0,0.0,-100.0,0.0,-99.93
BTC-USDT-SWAP,breakout,12H,0.01,0.03,0.015,1,0.0,10.0,148.0,0.0,-100.0,403,106,297,26.3,100.0,0.203,-4.093,1468,0.03,-99.98,0.0,-100.0,0.0,-99.83
BTC-USDT-SWAP,breakout,12H,0.01,0.03,0.02,1,0.0,10.0,148.0,0.0,-100.0,403,130,273,32.26,100.0,0.457,-4.093,1468,0.18,-99.88,0.0,-99.99,0.0,-98.46
BTC-USDT-SWAP,breakout,12H,0.01,0.03,0.025,1,0.0,10.0,148.0,0.0,-100.0,403,142,261,35.24,100.0,0.454,-4.093,1468,0.1,-99.93,0.0,-99.97,0.0,-95.75
BTC-USDT-SWAP,breakout,12H,0.01,0.03,0.03,1,0.0,10.0,148.0,0.0,-100.0,403,146,257,36.23,100.0,0.458,-4.093,1468,0.27,-99.82,0.0,-99.96,0.0,-94.59
BTC-USDT-SWAP,fade,12H,0.001,0.006,0.01,1,0.0,10.0,148.0,0.23,-99.84,1093,757,336,69.26,99.9,0.906,-4.086,1468,118.44,-19.98,6.07,-94.87,0.23,-96.14
BTC-USDT-SWAP,fade,12H,0.001,0.006,0.015,1,0.0,10.0,148.0,28.81,-80.54,1093,816,277,74.66,96.51,0.985,-3.296,1468,453.76,206.59,150.12,-66.92,28.81,-80.81
BTC-USDT-SWAP,fade,12H,0.001,0.006,0.02,1,0.0,10.0,148.0,242.59,63.91,1093,837,256,76.58,95.78,1.003,2.616,1468,1441.9,874.26,666.99,-53.74,242.59,-63.63
BTC-USDT-SWAP,fade,12H,0.001,0.006,0.025,1,0.0,10.0,148.0,1269.92,758.06,1093,849,244,77.68,94.45,1.013,31.026,1468,2752.92,1760.08,3015.48,9.54,1269.92,-57.89
BTC-USDT-SWAP,fade,12H,0.001,0.006,0.03,1,0.0,10.0,148.0,2979.35,1913.07,1093,853,240,78.04,91.23,1.025,78.298,1468,2162.3,1361.01,6128.21,183.41,2979.35,-51.38
BTC-USDT-SWAP,fade,12H,0.001,0.008,0.01,1,0.0,10.0,148.0,0.0,-100.0,1093,647,446,59.19,100.0,0.834,-4.093,1468,29.37,-80.15,0.32,-98.9,0.0,-98.47
BTC-USDT-SWAP,fade,12H,0.001,0.008,0.015,1,0.0,10.0,148.0,0.04,-99.97,1093,697,396,63.77,99.99,0.922,-4.092,1468,64.14,-56.66,1.29,-97.99,0.04,-96.77
BTC-USDT-SWAP,fade,12H,0.001,0.008,0.02,1,0.0,10.0,148.0,0.06,-99.96,1093,715,378,65.42,99.99,0.953,-4.091,1468,184.95,24.96,2.09,-98.87,0.06,-96.93
BTC-USDT-SWAP,fade,12H,0.001,0.008,0.025,1,0.0,10.0,148.0,0.1,-99.93,1093,725,368,66.33,99.99,0.968,-4.09,1468,225.21,52.17,3.21,-98.58,0.1,-96.98
BTC-USDT-SWAP,fade,12H,0.001,0.008,0.03,1,0.0,10.0,148.0,0.27,-99.82,1093,730,363,66.79,99.98,0.975,-4.085,1468,211.38,42.83,8.15,-96.14,0.27,-96.74
BTC-USDT-SWAP,fade,12H,0.001,0.01,0.01,1,0.0,10.0,148.0,0.0,-100.0,1093,575,518,52.61,100.0,0.852,-4.093,1468,39.99,-72.98,0.04,-99.9,0.0,-99.87
BTC-USDT-SWAP,fade,12H,0.001,0.01,0.015,1,0.0,10.0,148.0,0.0,-100.0,1093,629,464,57.55,100.0,0.957,-4.093,1468,181.16,22.41,0.18,-99.9,0.0,-99.8
BTC-USDT-SWAP,fade,12H,0.001,0.01,0.02,1,0.0,10.0,148.0,0.0,-100.0,1093,642,451,58.74,100.0,0.953,-4.093,1468,232.86,57.34,0.07,-99.97,0.0,-99.89
BTC-USDT-SWAP,fade,12H,0.001,0.01,0.025,1,0.0,10.0,148.0,0.0,-100.0,1093,653,440,59.74,100.0,0.947,-4.093,1468,157.61,6.49,0.1,-99.94,0.0,-99.92
BTC-USDT-SWAP,fade,12H,0.001,0.01,0.03,1,0.0,10.0,148.0,0.0,-100.0,1093,659,434,60.29,100.0,0.963,-4.093,1468,126.93,-14.23,0.3,-99.77,0.0,-99.88
BTC-USDT-SWAP,fade,12H,0.001,0.015,0.01,1,0.0,10.0,148.0,0.0,-100.0,1093,464,629,42.45,100.0,0.568,-4.093,1468,0.55,-99.63,0.0,-100.0,0.0,-99.97
BTC-USDT-SWAP,fade,12H,0.001,0.015,0.015,1,0.0,10.0,148.0,0.0,-100.0,1093,515,578,47.12,100.0,0.729,-4.093,1468,2.38,-98.39,0.0,-100.0,0.0,-99.97
BTC-USDT-SWAP,fade,12H,0.001,0.015,0.02,1,0.0,10.0,148.0,0.0,-100.0,1093,531,562,48.58,100.0,0.73,-4.093,1468,2.89,-98.05,0.0,-100.0,0.0,-99.98
BTC-USDT-SWAP,fade,12H,0.001,0.015,0.025,1,0.0,10.0,148.0,0.0,-100.0,1093,542,551,49.59,100.0,0.673,-4.093,1468,1.7,-98.85,0.0,-100.0,0.0,-99.99
BTC-USDT-SWAP,fade,12H,0.001,0.015,0.03,1,0.0,10.0,148.0,0.0,-100.0,1093,545,548,49.86,100.0,0.751,-4.093,1468,0.86,-99.42,0.0,-100.0,0.0,-99.99
BTC-USDT-SWAP,fade,12H,0.001,0.02,0.01,1,0.0,10.0,148.0,0.0,-100.0,1093,423,670,38.7,100.0,0.482,-4.093,1468,0.15,-99.9,0.0,-100.0,0.0,-99.99
BTC-USDT-SWAP,fade,12H,0.001,0.02,0.015,1,0.0,10.0,148.0,0.0,-100.0,1093,471,622,43.09,100.0,0.623,-4.093,1468,0.68,-99.54,0.0,-100.0,0.0,-99.99
BTC-USDT-SWAP,fade,12H,0.001,0.02,0.02,1,0.0,10.0,148.0,0.0,-100.0,1093,485,608,44.37,100.0,0.649,-4.093,1468,0.82,-99.44,0.0,-100.0,0.0,-99.99
BTC-USDT-SWAP,fade,12H,0.001,0.02,0.025,1,0.0,10.0,148.0,0.0,-100.0,1093,495,598,45.29,100.0,0.595,-4.093,1468,0.41,-99.73,0.0,-100.0,0.0,-100.0
BTC-USDT-SWAP,fade,12H,0.001,0.02,0.03,1,0.0,10.0,148.0,0.0,-100.0,1093,498,595,45.56,100.0,0.695,-4.093,1468,0.17,-99.89,0.0,-100.0,0.0,-100.0
BTC-USDT-SWAP,fade,12H,0.001,0.03,0.01,1,0.0,10.0,148.0,0.0,-100.0,1093,405,688,37.05,100.0,0.449,-4.093,1468,0.08,-99.95,0.0,-100.0,0.0,-100.0
BTC-USDT-SWAP,fade,12H,0.001,0.03,0.015,1,0.0,10.0,148.0,0.0,-100.0,1093,455,638,41.63,100.0,0.655,-4.093,1468,0.46,-99.69,0.0,-100.0,0.0,-100.0
BTC-USDT-SWAP,fade,12H,0.001,0.03,0.02,1,0.0,10.0,148.0,0.0,-100.0,1093,466,627,42.63,100.0,0.641,-4.093,1468,0.34,-99.77,0.0,-100.0,0.0,-100.0
BTC-USDT-SWAP,fade,12H,0.001,0.03,0.025,1,0.0,10.0,148.0,0.0,-100.0,1093,471,622,43.09,100.0,0.506,-4.093,1468,0.07,-99.95,0.0,-100.0,0.0,-100.0
BTC-USDT-SWAP,fade,12H,0.001,0.03,0.03,1,0.0,10.0,148.0,0.0,-100.0,1093,474,619,43.37,100.0,0.631,-4.093,1468,0.02,-99.98,0.0,-100.0,0.0,-100.0
BTC-USDT-SWAP,fade,12H,0.002,0.006,0.01,1,0.0,10.0,148.0,139.2,-5.95,1027,744,283,72.44,86.85,0.999,-0.243,1468,272.53,84.14,645.36,136.81,139.2,-78.43
BTC-USDT-SWAP,fade,12H,0.002,0.006,0.015,1,0.0,10.0,148.0,45389.93,30568.87,1027,801,226,77.99,74.84,1.2,1251.113,1468,2434.52,1544.95,29286.28,1102.96,45389.93,54.99
BTC-USDT-SWAP,fade,12H,0.002,0.006,0.02,1,0.0,10.0,148.0,94358.36,63655.65,1027,820,207,79.84,55.51,1.368,2605.279,1468,7956.2,5275.81,65245.76,720.06,94358.36,44.62
BTC-USDT-SWAP,fade,12H,0.002,0.006,0.025,1,0.0,10.0,148.0,108653.68,73314.65,1027,827,200,80.53,57.58,1.438,3000.599,1468,8819.87,5859.37,76389.01,766.1,108653.68,42.24
BTC-USDT-SWAP,fade,12H,0.002,0.006,0.03,1,0.0,10.0,148.0,115635.66,78032.2,1027,830,197,80.82,65.76,1.505,3193.678,1468,5753.32,3787.38,77743.71,1251.28,115635.66,48.74
BTC-USDT-SWAP,fade,12H,0.002,0.008,0.01,1,0.0,10.0,148.0,0.18,-99.88,1027,622,405,60.56,99.94,0.933,-4.088,1468,77.15,-47.87,5.26,-93.19,0.18,-96.54
BTC-USDT-SWAP,fade,12H,0.002,0.008,0.015,1,0.0,10.0,148.0,23.43,-84.17,1027,680,347,66.21,99.22,0.995,-3.445,1468,1337.47,803.7,158.04,-88.18,23.43,-85.17
BTC-USDT-SWAP,fade,12H,0.002,0.008,0.02,1,0.0,10.0,148.0,150.96,2.0,1027,700,327,68.16,99.51,1.0,0.082,1468,2940.37,1886.74,1071.03,-63.58,150.96,-85.91
BTC-USDT-SWAP,fade,12H,0.002,0.008,0.025,1,0.0,10.0,148.0,331.74,124.15,1027,709,318,69.04,98.72,1.001,5.081,1468,2689.05,1716.93,2105.12,-21.72,331.74,-84.24
BTC-USDT-SWAP,fade,12H,0.002,0.008,0.03,1,0.0,10.0,148.0,389.05,162.87,1027,712,315,69.33,98.22,1.002,6.666,1468,1516.0,924.32,2340.15,54.36,389.05,-83.38
BTC-USDT-SWAP,fade,12H,0.002,0.01,0.01,1,0.0,10.0,148.0,0.0,-100.0,1027,540,487,52.58,100.0,0.914,-4.093,1468,65.08,-56.03,0.48,-99.26,0.0,-99.77
BTC-USDT-SWAP,fade,12H,0.002,0.01,0.015,1,0.0,10.0,148.0,0.05,-99.97,1027,594,433,57.84,99.99,0.969,-4.091,1468,357.51,141.56,5.58,-98.44,0.05,-99.16
BTC-USDT-SWAP,fade,12H,0.002,0.01,0.02,1,0.0,10.0,148.0,0.05,-99.97,1027,610,417,59.4,99.99,0.984,-4.091,1468,569.09,284.52,10.07,-98.23,0.05,-99.5
BTC-USDT-SWAP,fade,12H,0.002,0.01,0.025,1,0.0,10.0,148.0,0.05,-99.97,1027,619,408,60.27,99.99,0.979,-4.092,1468,384.1,159.53,10.14,-97.36,0.05,-99.55
BTC-USDT-SWAP,fade,12H,0.002,0.01,0.03,1,0.0,10.0,148.0,0.07,-99.95,1027,622,405,60.56,99.99,0.977,-4.091,1468,226.72,53.19,12.96,-94.28,0.07,-99.45
BTC-USDT-SWAP,fade,12H,0.002,0.015,0.01,1,0.0,10.0,148.0,0.0,-100.0,1027,433,594,42.16,100.0,0.717,-4.093,1468,1.22,-99.17,0.0,-100.0,0.0,-99.95
BTC-USDT-SWAP,fade,12H,0.002,0.015,0.015,1,0.0,10.0,148.0,0.0,-100.0,1027,484,543,47.13,100.0,0.801,-4.093,1468,9.05,-93.88,0.0,-100.0,0.0,-99.95
BTC-USDT-SWAP,fade,12H,0.002,0.015,0.02,1,0.0,10.0,148.0,0.0,-100.0,1027,500,527,48.69,100.0,0.794,-4.093,1468,7.71,-94.79,0.0,-100.0,0.0,-99.98
BTC-USDT-SWAP,fade,12H,0.002,0.015,0.025,1,0.0,10.0,148.0,0.0,-100.0,1027,509,518,49.56,100.0,0.831,-4.093,1468,5.12,-96.54,0.0,-100.0,0.0,-99.98
BTC-USDT-SWAP,fade,12H,0.002,0.015,0.03,1,0.0,10.0,148.0,0.0,-100.0,1027,510,517,49.66,100.0,0.819,-4.093,1468,1.71,-98.84,0.0,-100.0,0.0,-99.99
BTC-USDT-SWAP,fade,12H,0.002,0.02,0.01,1,0.0,10.0,148.0,0.0,-100.0,1027,395,632,38.46,100.0,0.597,-4.093,1468,0.71,-99.52,0.0,-100.0,0.0,-99.99
BTC-USDT-SWAP,fade,12H,0.002,0.02,0.015,1,0.0,10.0,148.0,0.0,-100.0,1027,444,583,43.23,100.0,0.691,-4.093,1468,6.02,-95.94,0.0,-100.0,0.0,-99.99
BTC-USDT-SWAP,fade,12H,0.002,0.02,0.02,1,0.0,10.0,148.0,0.0,-100.0,1027,457,570,44.5,100.0,0.701,-4.093,1468,5.17,-96.51,0.0,-100.0,0.0,-100.0
BTC-USDT-SWAP,fade,12H,0.002,0.02,0.025,1,0.0,10.0,148.0,0.0,-100.0,1027,466,561,45.37,100.0,0.763,-4.093,1468,3.2,-97.84,0.0,-100.0,0.0,-100.0
BTC-USDT-SWAP,fade,12H,0.002,0.02,0.03,1,0.0,10.0,148.0,0.0,-100.0,1027,467,560,45.47,100.0,0.744,-4.093,1468,0.91,-99.38,0.0,-100.0,0.0,-100.0
BTC-USDT-SWAP,fade,12H,0.002,0.03,0.01,1,0.0,10.0,148.0,0.0,-100.0,1027,374,653,36.42,100.0,0.516,-4.093,1468,0.18,-99.88,0.0,-100.0,0.0,-100.0
BTC-USDT-SWAP,fade,12H,0.002,0.03,0.015,1,0.0,10.0,148.0,0.0,-100.0,1027,421,606,40.99,100.0,0.616,-4.093,1468,0.7,-99.53,0.0,-100.0,0.0,-100.0
BTC-USDT-SWAP,fade,12H,0.002,0.03,0.02,1,0.0,10.0,148.0,0.0,-100.0,1027,431,596,41.97,100.0,0.642,-4.093,1468,0.47,-99.69,0.0,-100.0,0.0,-100.0
BTC-USDT-SWAP,fade,12H,0.002,0.03,0.025,1,0.0,10.0,148.0,0.0,-100.0,1027,437,590,42.55,100.0,0.673,-4.093,1468,0.11,-99.93,0.0,-100.0,0.0,-100.0
BTC-USDT-SWAP,fade,12H,0.002,0.03,0.03,1,0.0,10.0,148.0,0.0,-100.0,1027,439,588,42.75,100.0,0.646,-4.093,1468,0.03,-99.98,0.0,-100.0,0.0,-100.0
BTC-USDT-SWAP,fade,12H,0.003,0.006,0.01,1,0.0,10.0,148.0,6738.68,4453.16,964,719,245,74.59,71.58,1.05,182.258,1468,771.11,421.02,10800.38,1300.63,6738.68,-37.61
BTC-USDT-SWAP,fade,12H,0.003,0.006,0.015,1,0.0,10.0,148.0,85241.52,57495.62,964,765,199,79.36,65.98,1.411,2353.163,1468,2808.13,1797.39,53107.14,1791.19,85241.52,60.51
BTC-USDT-SWAP,fade,12H,0.003,0.006,0.02,1,0.0,10.0,148.0,121516.32,82005.62,964,782,182,81.12,50.64,1.582,3356.301,1468,5496.03,3613.53,74765.37,1260.35,121516.32,62.53
BTC-USDT-SWAP,fade,12H,0.003,0.006,0.025,1,0.0,10.0,148.0,143054.64,96558.54,964,789,175,81.85,48.05,1.7,3951.918,1468,8139.53,5399.68,93483.97,1048.52,143054.64,53.03
BTC-USDT-SWAP,fade,12H,0.003,0.006,0.03,1,0.0,10.0,148.0,156460.96,105616.87,964,793,171,82.26,53.76,1.837,4322.655,1468,5985.7,3944.39,97707.75,1532.35,156460.96,60.13
BTC-USDT-SWAP,fade,12H,0.003,0.008,0.01,1,0.0,10.0,148.0,64.06,-56.72,964,611,353,63.38,95.24,0.994,-2.321,1468,302.35,104.29,502.25,66.11,64.06,-87.25
BTC-USDT-SWAP,fade,12H,0.003,0.008,0.015,1,0.0,10.0,148.0,35453.78,23855.26,964,668,296,69.29,78.87,1.139,976.341,1468,1780.14,1102.8,14929.95,738.7,35453.78,137.47
BTC-USDT-SWAP,fade,12H,0.003,0.008,0.02,1,0.0,10.0,148.0,84418.72,56939.67,964,687,277,71.27,68.91,1.271,2330.41,1468,3489.41,2257.71,54279.59,1455.55,84418.72,55.53
BTC-USDT-SWAP,fade,12H,0.003,0.008,0.025,1,0.0,10.0,148.0,99275.46,66978.01,964,694,270,71.99,75.76,1.325,2741.256,1468,3676.95,2384.43,66331.31,1703.98,99275.46,49.67
BTC-USDT-SWAP,fade,12H,0.003,0.008,0.03,1,0.0,10.0,148.0,126596.33,85438.06,964,698,266,72.41,75.63,1.424,3496.783,1468,4316.41,2816.49,84141.13,1849.33,126596.33,50.46
BTC-USDT-SWAP,fade,12H,0.003,0.01,0.01,1,0.0,10.0,148.0,0.03,-99.98,964,515,449,53.42,99.99,0.909,-4.092,1468,48.86,-66.99,2.13,-95.65,0.03,-98.46
BTC-USDT-SWAP,fade,12H,0.003,0.01,0.015,1,0.0,10.0,148.0,0.92,-99.38,964,564,400,58.51,99.8,0.959,-4.067,1468,90.52,-38.83,11.21,-87.62,0.92,-91.75
BTC-USDT-SWAP,fade,12H,0.003,0.01,0.02,1,0.0,10.0,148.0,1.03,-99.3,964,579,385,60.06,99.92,0.98,-4.064,1468,158.01,6.77,15.51,-90.19,1.03,-93.35
BTC-USDT-SWAP,fade,12H,0.003,0.01,0.025,1,0.0,10.0,148.0,2.9,-98.04,964,587,377,60.89,99.75,0.985,-4.012,1468,194.31,31.29,39.3,-79.77,2.9,-92.61
BTC-USDT-SWAP,fade,12H,0.003,0.01,0.03,1,0.0,10.0,148.0,6.49,-95.61,964,591,373,61.31,99.6,0.989,-3.913,1468,171.53,15.9,67.21,-60.82,6.49,-90.34
BTC-USDT-SWAP,fade,12H,0.003,0.015,0.01,1,0.0,10.0,148.0,0.0,-100.0,964,412,552,42.74,100.0,0.802,-4.093,1468,18.17,-87.72,0.0,-99.99,0.0,-99.95
BTC-USDT-SWAP,fade,12H,0.003,0.015,0.015,1,0.0,10.0,148.0,0.0,-100.0,964,458,506,47.51,100.0,0.878,-4.093,1468,30.9,-79.12,0.01,-99.97,0.0,-99.9
BTC-USDT-SWAP,fade,12H,0.003,0.015,0.02,1,0.0,10.0,148.0,0.0,-100.0,964,470,494,48.76,100.0,0.84,-4.093,1468,17.39,-88.25,0.0,-99.98,0.0,-99.94
BTC-USDT-SWAP,fade,12H,0.003,0.015,0.025,1,0.0,10.0,148.0,0.0,-100.0,964,479,485,49.69,100.0,0.886,-4.093,1468,14.46,-90.23,0.01,-99.94,0.0,-99.96
BTC-USDT-SWAP,fade,12H,0.003,0.015,0.03,1,0.0,10.0,148.0,0.0,-100.0,964,481,483,49.9,100.0,0.883,-4.093,1468,8.49,-94.27,0.01,-99.91,0.0,-99.96
BTC-USDT-SWAP,fade,12H,0.003,0.02,0.01,1,0.0,10.0,148.0,0.0,-100.0,964,375,589,38.9,100.0,0.72,-4.093,1468,11.04,-92.54,0.0,-100.0,0.0,-99.99
BTC-USDT-SWAP,fade,12H,0.003,0.02,0.015,1,0.0,10.0,148.0,0.0,-100.0,964,419,545,43.46,100.0,0.804,-4.093,1468,19.37,-86.91,0.0,-100.0,0.0,-99.97
BTC-USDT-SWAP,fade,12H,0.003,0.02,0.02,1,0.0,10.0,148.0,0.0,-100.0,964,431,533,44.71,100.0,0.749,-4.093,1468,11.66,-92.12,0.0,-100.0,0.0,-99.99
BTC-USDT-SWAP,fade,12H,0.003,0.02,0.025,1,0.0,10.0,148.0,0.0,-100.0,964,440,524,45.64,100.0,0.822,-4.093,1468,9.05,-93.89,0.0,-100.0,0.0,-99.99
BTC-USDT-SWAP,fade,12H,0.003,0.02,0.03,1,0.0,10.0,148.0,0.0,-100.0,964,441,523,45.75,100.0,0.81,-4.093,1468,5.1,-96.56,0.0,-100.0,0.0,-99.99
BTC-USDT-SWAP,fade,12H,0.003,0.03,0.01,1,0.0,10.0,148.0,0.0,-100.0,964,354,610,36.72,100.0,0.528,-4.093,1468,1.81,-98.78,0.0,-100.0,0.0,-99.99
BTC-USDT-SWAP,fade,12H,0.003,0.03,0.015,1,0.0,10.0,148.0,0.0,-100.0,964,395,569,40.98,100.0,0.618,-4.093,1468,1.51,-98.98,0.0,-100.0,0.0,-99.99
BTC-USDT-SWAP,fade,12H,0.003,0.03,0.02,1,0.0,10.0,148.0,0.0,-100.0,964,404,560,41.91,100.0,0.561,-4.093,1468,0.61,-99.59,0.0,-100.0,0.0,-99.99
BTC-USDT-SWAP,fade,12H,0.003,0.03,0.025,1,0.0,10.0,148.0,0.0,-100.0,964,410,554,42.53,100.0,0.616,-4.093,1468,0.18,-99.88,0.0,-100.0,0.0,-100.0
BTC-USDT-SWAP,fade,12H,0.003,0.03,0.03,1,0.0,10.0,148.0,0.0,-100.0,964,412,552,42.74,100.0,0.582,-4.093,1468,0.08,-99.95,0.0,-100.0,0.0,-99.99
BTC-USDT-SWAP,fade,12H,0.005,0.006,0.01,1,0.0,10.0,148.0,15273.23,10219.75,837,636,201,75.99,67.25,1.186,418.271,1468,1736.82,1073.53,3383.26,94.8,15273.23,351.43
BTC-USDT-SWAP,fade,12H,0.005,0.006,0.015,1,0.0,10.0,148.0,97320.33,65656.98,837,683,154,81.6,38.6,1.482,2687.189,1468,9493.85,6314.76,51765.93,445.26,97320.33,88.0
BTC-USDT-SWAP,fade,12H,0.005,0.006,0.02,1,0.0,10.0,148.0,134080.17,90494.71,837,701,136,83.75,39.16,1.737,3703.74,1468,11563.46,7713.15,75429.39,552.31,134080.17,77.76
BTC-USDT-SWAP,fade,12H,0.005,0.006,0.025,1,0.0,10.0,148.0,154441.76,104252.54,837,708,129,84.59,47.68,1.899,4266.816,1468,11260.1,7508.17,89222.03,692.37,154441.76,73.1
BTC-USDT-SWAP,fade,12H,0.005,0.006,0.03,1,0.0,10.0,148.0,153143.51,103375.34,837,710,127,84.83,42.54,1.879,4230.915,1468,12752.86,8516.8,92423.79,624.73,153143.51,65.7
BTC-USDT-SWAP,fade,12H,0.005,0.008,0.01,1,0.0,10.0,148.0,4444.84,2903.27,837,552,285,65.95,90.39,1.063,118.824,1468,1350.75,812.67,1339.28,-0.85,4444.84,231.88
BTC-USDT-SWAP,fade,12H,0.005,0.008,0.015,1,0.0,10.0,148.0,56272.11,37921.69,837,593,244,70.85,89.52,1.251,1552.048,1468,4659.45,3048.28,11523.69,147.32,56272.11,388.32
BTC-USDT-SWAP,fade,12H,0.005,0.008,0.02,1,0.0,10.0,148.0,101869.0,68730.41,837,609,228,72.76,70.28,1.391,2812.977,1468,4528.31,2959.67,44147.51,874.92,101869.0,130.75
BTC-USDT-SWAP,fade,12H,0.005,0.008,0.025,1,0.0,10.0,148.0,124683.2,84145.4,837,617,220,73.72,62.66,1.484,3443.877,1468,5391.11,3542.64,60542.76,1023.01,124683.2,105.94
BTC-USDT-SWAP,fade,12H,0.005,0.008,0.03,1,0.0,10.0,148.0,128906.46,86998.96,837,619,218,73.95,50.68,1.493,3560.667,1468,6848.3,4527.23,67995.15,892.88,128906.46,89.58
BTC-USDT-SWAP,fade,12H,0.005,0.01,0.01,1,0.0,10.0,148.0,65.39,-55.82,837,481,356,57.47,95.18,0.989,-2.285,1468,256.19,73.1,63.97,-75.03,65.39,2.22
BTC-USDT-SWAP,fade,12H,0.005,0.01,0.015,1,0.0,10.0,148.0,3664.92,2376.3,837,527,310,62.96,96.45,1.053,97.256,1468,1102.92,645.21,858.51,-22.16,3664.92,326.89
BTC-USDT-SWAP,fade,12H,0.005,0.01,0.02,1,0.0,10.0,148.0,21085.72,14147.11,837,545,292,65.11,97.26,1.147,579.008,1468,982.66,563.96,2909.26,196.06,21085.72,624.78
BTC-USDT-SWAP,fade,12H,0.005,0.01,0.025,1,0.0,10.0,148.0,39384.53,26511.17,837,551,286,65.83,95.22,1.27,1085.041,1468,744.07,402.75,4941.84,564.17,39384.53,696.96
BTC-USDT-SWAP,fade,12H,0.005,0.01,0.03,1,0.0,10.0,148.0,57553.79,38787.69,837,553,284,66.07,93.13,1.256,1587.491,1468,1359.4,818.51,15499.79,1040.19,57553.79,271.32
BTC-USDT-SWAP,fade,12H,0.005,0.015,0.01,1,0.0,10.0,148.0,0.0,-100.0,837,369,468,44.09,100.0,0.88,-4.093,1468,46.36,-68.68,0.04,-99.91,0.0,-99.8
BTC-USDT-SWAP,fade,12H,0.005,0.015,0.015,1,0.0,10.0,148.0,0.0,-100.0,837,402,435,48.03,100.0,0.884,-4.093,1468,50.2,-66.08,0.04,-99.92,0.0,-99.85
BTC-USDT-SWAP,fade,12H,0.005,0.015,0.02,1,0.0,10.0,148.0,0.0,-100.0,837,417,420,49.82,100.0,0.846,-4.093,1468,25.29,-82.92,0.03,-99.87,0.0,-99.87
BTC-USDT-SWAP,fade,12H,0.005,0.015,0.025,1,0.0,10.0,148.0,0.0,-100.0,837,424,413,50.66,100.0,0.896,-4.093,1468,17.18,-88.39,0.07,-99.61,0.0,-99.8
BTC-USDT-SWAP,fade,12H,0.005,0.015,0.03,1,0.0,10.0,148.0,0.0,-100.0,837,425,412,50.78,100.0,0.9,-4.093,1468,19.98,-86.5,0.09,-99.55,0.0,-99.9
BTC-USDT-SWAP,fade,12H,0.005,0.02,0.01,1,0.0,10.0,148.0,0.0,-100.0,837,331,506,39.55,100.0,0.836,-4.093,1468,19.45,-86.86,0.0,-100.0,0.0,-99.86
BTC-USDT-SWAP,fade,12H,0.005,0.02,0.015,1,0.0,10.0,148.0,0.0,-100.0,837,361,476,43.13,100.0,0.823,-4.093,1468,15.65,-89.42,0.0,-100.0,0.0,-99.91
BTC-USDT-SWAP,fade,12H,0.005,0.02,0.02,1,0.0,10.0,148.0,0.0,-100.0,837,376,461,44.92,100.0,0.766,-4.093,1468,7.98,-94.61,0.0,-100.0,0.0,-99.94
BTC-USDT-SWAP,fade,12H,0.005,0.02,0.025,1,0.0,10.0,148.0,0.0,-100.0,837,380,457,45.4,100.0,0.858,-4.093,1468,4.53,-96.94,0.0,-100.0,0.0,-99.95
BTC-USDT-SWAP,fade,12H,0.005,0.02,0.03,1,0.0,10.0,148.0,0.0,-100.0,837,381,456,45.52,100.0,0.84,-4.093,1468,3.96,-97.32,0.0,-100.0,0.0,-99.98
BTC-USDT-SWAP,fade,12H,0.005,0.03,0.01,1,0.0,10.0,148.0,0.0,-100.0,837,312,525,37.28,100.0,0.804,-4.093,1468,3.19,-97.85,0.0,-100.0,0.0,-99.95
BTC-USDT-SWAP,fade,12H,0.005,0.03,0.015,1,0.0,10.0,148.0,0.0,-100.0,837,340,497,40.62,100.0,0.777,-4.093,1468,1.64,-98.89,0.0,-100.0,0.0,-99.96
BTC-USDT-SWAP,fade,12H,0.005,0.03,0.02,1,0.0,10.0,148.0,0.0,-100.0,837,352,485,42.05,100.0,0.72,-4.093,1468,0.59,-99.6,0.0,-100.0,0.0,-99.98
BTC-USDT-SWAP,fade,12H,0.005,0.03,0.025,1,0.0,10.0,148.0,0.0,-100.0,837,356,481,42.53,100.0,0.797,-4.093,1468,0.17,-99.88,0.0,-100.0,0.0,-99.98
BTC-USDT-SWAP,fade,12H,0.005,0.03,0.03,1,0.0,10.0,148.0,0.0,-100.0,837,359,478,42.89,100.0,0.758,-4.093,1468,0.14,-99.91,0.0,-100.0,0.0,-99.99
BTC-USDT-SWAP,fade,12H,0.007,0.006,0.01,1,0.0,10.0,148.0,9651.32,6421.16,717,547,170,76.29,67.25,1.276,262.803,1468,1062.06,617.61,1253.44,18.02,9651.32,669.99
BTC-USDT-SWAP,fade,12H,0.007,0.006,0.015,1,0.0,10.0,148.0,87298.93,58885.76,717,590,127,82.29,49.08,1.528,2410.058,1468,6730.11,4447.37,39109.28,481.11,87298.93,123.22
BTC-USDT-SWAP,fade,12H,0.007,0.006,0.02,1,0.0,10.0,148.0,127472.94,86030.36,717,605,112,84.38,57.75,1.845,3521.024,1468,12210.3,8150.21,74509.26,510.22,127472.94,71.08
BTC-USDT-SWAP,fade,12H,0.007,0.006,0.025,1,0.0,10.0,148.0,127124.01,85794.6,717,609,108,84.94,65.38,1.856,3511.375,1468,9811.77,6529.58,69858.85,611.99,127124.01,81.97
BTC-USDT-SWAP,fade,12H,0.007,0.006,0.03,1,0.0,10.0,148.0,156746.29,105809.66,717,615,102,85.77,45.86,2.15,4330.545,1468,18384.9,12322.23,98581.13,436.21,156746.29,59.0
BTC-USDT-SWAP,fade,12H,0.007,0.008,0.01,1,0.0,10.0,148.0,34558.62,23250.42,717,489,228,68.2,79.3,1.338,951.586,1468,3424.49,2213.84,3460.51,1.05,34558.62,898.66
BTC-USDT-SWAP,fade,12H,0.007,0.008,0.015,1,0.0,10.0,148.0,113564.01,76632.44,717,529,188,73.78,47.14,1.446,3136.389,1468,25646.98,17229.04,52856.58,106.09,113564.01,114.85
BTC-USDT-SWAP,fade,12H,0.007,0.008,0.02,1,0.0,10.0,148.0,128409.46,86663.15,717,540,177,75.31,49.69,1.512,3546.923,1468,21235.46,14248.28,61803.67,191.04,128409.46,107.77
BTC-USDT-SWAP,fade,12H,0.007,0.008,0.025,1,0.0,10.0,148.0,134299.53,90642.93,717,545,172,76.01,61.6,1.57,3709.806,1468,12706.71,8485.62,64292.26,405.97,134299.53,108.89
BTC-USDT-SWAP,fade,12H,0.007,0.008,0.03,1,0.0,10.0,148.0,167101.27,112806.26,717,551,166,76.85,37.51,1.735,4616.9,1468,27682.32,18604.27,97394.0,251.83,167101.27,71.57
BTC-USDT-SWAP,fade,12H,0.007,0.01,0.01,1,0.0,10.0,148.0,1535.07,937.21,717,426,291,59.41,96.35,1.046,38.358,1468,1162.14,685.23,282.31,-75.71,1535.07,443.74
BTC-USDT-SWAP,fade,12H,0.007,0.01,0.015,1,0.0,10.0,148.0,9666.94,6431.72,717,459,258,64.02,98.79,1.069,263.235,1468,3451.89,2232.36,640.28,-81.45,9666.94,1409.79
BTC-USDT-SWAP,fade,12H,0.007,0.01,0.02,1,0.0,10.0,148.0,30827.25,20729.22,717,472,245,65.83,98.69,1.215,848.399,1468,2884.71,1849.13,1466.83,-49.15,30827.25,2001.62
BTC-USDT-SWAP,fade,12H,0.007,0.01,0.025,1,0.0,10.0,148.0,43264.4,29132.7,717,478,239,66.67,97.37,1.28,1192.334,1468,2146.98,1350.66,2172.1,1.17,43264.4,1891.83
BTC-USDT-SWAP,fade,12H,0.007,0.01,0.03,1,0.0,10.0,148.0,96580.53,65157.12,717,483,234,67.36,82.32,1.351,2666.731,1468,4918.63,3223.4,35042.39,612.44,96580.53,175.61
BTC-USDT-SWAP,fade,12H,0.007,0.015,0.01,1,0.0,10.0,148.0,0.05,-99.97,717,329,388,45.89,99.98,0.928,-4.091,1468,113.11,-23.57,1.29,-98.86,0.05,-96.2
BTC-USDT-SWAP,fade,12H,0.007,0.015,0.015,1,0.0,10.0,148.0,0.03,-99.98,717,359,358,50.07,99.99,0.96,-4.092,1468,175.82,18.8,1.4,-99.2,0.03,-97.78
BTC-USDT-SWAP,fade,12H,0.007,0.015,0.02,1,0.0,10.0,148.0,0.02,-99.98,717,371,346,51.74,100.0,0.952,-4.092,1468,80.62,-45.53,1.46,-98.19,0.02,-98.29
BTC-USDT-SWAP,fade,12H,0.007,0.015,0.025,1,0.0,10.0,148.0,0.02,-99.99,717,374,343,52.16,100.0,0.948,-4.092,1468,54.77,-62.99,0.92,-98.31,0.02,-98.16
BTC-USDT-SWAP,fade,12H,0.007,0.015,0.03,1,0.0,10.0,148.0,0.06,-99.96,717,378,339,52.72,99.99,0.963,-4.091,1468,102.76,-30.57,3.78,-96.32,0.06,-98.5
BTC-USDT-SWAP,fade,12H,0.007,0.02,0.01,1,0.0,10.0,148.0,0.0,-100.0,717,284,433,39.61,100.0,0.808,-4.093,1468,17.97,-87.86,0.0,-99.97,0.0,-99.38
BTC-USDT-SWAP,fade,12H,0.007,0.02,0.015,1,0.0,10.0,148.0,0.0,-100.0,717,316,401,44.07,100.0,0.832,-4.093,1468,15.13,-89.78,0.0,-99.98,0.0,-99.71
BTC-USDT-SWAP,fade,12H,0.007,0.02,0.02,1,0.0,10.0,148.0,0.0,-100.0,717,328,389,45.75,100.0,0.859,-4.093,1468,6.61,-95.53,0.0,-99.98,0.0,-99.72
BTC-USDT-SWAP,fade,12H,0.007,0.02,0.025,1,0.0,10.0,148.0,0.0,-100.0,717,330,387,46.03,100.0,0.847,-4.093,1468,2.63,-98.23,0.0,-99.98,0.0,-99.78
BTC-USDT-SWAP,fade,12H,0.007,0.02,0.03,1,0.0,10.0,148.0,0.0,-100.0,717,334,383,46.58,100.0,0.826,-4.093,1468,2.11,-98.57,0.0,-99.89,0.0,-99.84
BTC-USDT-SWAP,fade,12H,0.007,0.03,0.01,1,0.0,10.0,148.0,0.0,-100.0,717,260,457,36.26,100.0,0.792,-4.093,1468,4.99,-96.63,0.0,-100.0,0.0,-99.86
BTC-USDT-SWAP,fade,12H,0.007,0.03,0.015,1,0.0,10.0,148.0,0.0,-100.0,717,288,429,40.17,100.0,0.821,-4.093,1468,3.6,-97.57,0.0,-100.0,0.0,-99.94
BTC-USDT-SWAP,fade,12H,0.007,0.03,0.02,1,0.0,10.0,148.0,0.0,-100.0,717,298,419,41.56,100.0,0.83,-4.093,1468,1.11,-99.25,0.0,-100.0,0.0,-99.96
BTC-USDT-SWAP,fade,12H,0.007,0.03,0.025,1,0.0,10.0,148.0,0.0,-100.0,717,302,415,42.12,100.0,0.812,-4.093,1468,0.42,-99.71,0.0,-100.0,0.0,-99.96
BTC-USDT-SWAP,fade,12H,0.007,0.03,0.03,1,0.0,10.0,148.0,0.0,-100.0,717,306,411,42.68,100.0,0.777,-4.093,1468,0.27,-99.81,0.0,-100.0,0.0,-99.98
BTC-USDT-SWAP,fade,12H,0.01,0.006,0.01,1,0.0,10.0,148.0,3526.9,2283.04,572,444,128,77.62,85.85,1.163,93.44,1468,2251.62,1421.37,1682.68,-25.27,3526.9,109.6
BTC-USDT-SWAP,fade,12H,0.01,0.006,0.015,1,0.0,10.0,148.0,69732.26,47016.39,572,485,87,84.79,47.06,1.637,1924.273,1468,6156.81,4060.01,40120.92,551.65,69732.26,73.81
BTC-USDT-SWAP,fade,12H,0.01,0.006,0.02,1,0.0,10.0,148.0,79695.3,53748.18,572,495,77,86.54,57.39,1.683,2199.789,1468,11121.37,7414.44,45914.05,312.85,79695.3,73.57
BTC-USDT-SWAP,fade,12H,0.01,0.006,0.025,1,0.0,10.0,148.0,107782.75,72726.18,572,502,70,87.76,27.0,1.906,2976.515,1468,17115.91,11464.8,76101.5,344.62,107782.75,41.63
BTC-USDT-SWAP,fade,12H,0.01,0.006,0.03,1,0.0,10.0,148.0,135331.84,91340.43,572,509,63,88.99,32.0,2.357,3738.353,1468,21445.33,14390.08,93495.59,335.97,135331.84,44.75
BTC-USDT-SWAP,fade,12H,0.01,0.008,0.01,1,0.0,10.0,148.0,10610.52,7069.27,572,399,173,69.76,87.09,1.235,289.329,1468,2818.66,1804.5,2211.63,-21.54,10610.52,379.76
BTC-USDT-SWAP,fade,12H,0.01,0.008,0.015,1,0.0,10.0,148.0,86487.96,58337.81,572,437,135,76.4,58.71,1.559,2387.632,1468,6562.95,4334.43,41720.43,535.7,86487.96,107.3
BTC-USDT-SWAP,fade,12H,0.01,0.008,0.02,1,0.0,10.0,148.0,101928.92,68770.89,572,447,125,78.15,61.97,1.611,2814.634,1468,11067.57,7378.08,52841.48,377.44,101928.92,92.9
BTC-USDT-SWAP,fade,12H,0.01,0.008,0.025,1,0.0,10.0,148.0,114954.76,77572.14,572,452,120,79.02,41.95,1.666,3174.849,1468,13392.53,8949.0,71396.17,433.1,114954.76,61.01
BTC-USDT-SWAP,fade,12H,0.01,0.008,0.03,1,0.0,10.0,148.0,141483.88,95497.22,572,459,113,80.24,45.17,1.948,3908.481,1468,13070.88,8731.68,87620.29,570.35,141483.88,61.47
BTC-USDT-SWAP,fade,12H,0.01,0.01,0.01,1,0.0,10.0,148.0,11116.85,7411.39,572,364,208,63.64,94.05,1.117,303.331,1468,10616.52,7073.33,2713.55,-74.44,11116.85,309.68
BTC-USDT-SWAP,fade,12H,0.01,0.01,0.015,1,0.0,10.0,148.0,83812.47,56530.05,572,397,175,69.41,66.49,1.368,2313.645,1468,14771.38,9880.66,40639.44,175.12,83812.47,106.23
BTC-USDT-SWAP,fade,12H,0.01,0.01,0.02,1,0.0,10.0,148.0,85060.83,57373.53,572,404,168,70.63,64.23,1.366,2348.166,1468,14461.29,9671.14,40165.82,177.75,85060.83,111.77
BTC-USDT-SWAP,fade,12H,0.01,0.01,0.025,1,0.0,10.0,148.0,109059.36,73588.75,572,410,162,71.68,47.31,1.471,3011.818,1468,19654.02,13179.74,70424.29,258.32,109059.36,54.86
BTC-USDT-SWAP,fade,12H,0.01,0.01,0.03,1,0.0,10.0,148.0,133889.75,90366.04,572,417,155,72.9,48.68,1.634,3698.474,1468,17864.12,11970.35,85549.68,378.89,133889.75,56.51
BTC-USDT-SWAP,fade,12H,0.01,0.015,0.01,1,0.0,10.0,148.0,185.23,25.15,572,303,269,52.97,98.67,1.002,1.029,1468,2023.01,1266.9,81.04,-95.99,185.23,128.56
BTC-USDT-SWAP,fade,12H,0.01,0.015,0.015,1,0.0,10.0,148.0,1464.95,889.83,572,332,240,58.04,97.7,1.032,36.419,1468,1921.0,1197.98,525.0,-72.67,1464.95,179.04
BTC-USDT-SWAP,fade,12H,0.01,0.015,0.02,1,0.0,10.0,148.0,1067.8,621.49,572,339,233,59.27,97.15,1.029,25.436,1468,1290.86,772.2,376.17,-70.86,1067.8,183.86
BTC-USDT-SWAP,fade,12H,0.01,0.015,0.025,1,0.0,10.0,148.0,1033.81,598.52,572,342,230,59.79,96.72,1.019,24.496,1468,1980.61,1238.25,618.34,-68.78,1033.81,67.19
BTC-USDT-SWAP,fade,12H,0.01,0.015,0.03,1,0.0,10.0,148.0,1629.19,1000.81,572,346,226,60.49,96.23,1.029,40.961,1468,1779.46,1102.34,963.63,-45.85,1629.19,69.07
BTC-USDT-SWAP,fade,12H,0.01,0.02,0.01,1,0.0,10.0,148.0,0.02,-99.98,572,257,315,44.93,100.0,0.953,-4.092,1468,239.01,61.49,0.7,-99.71,0.02,-96.81
BTC-USDT-SWAP,fade,12H,0.01,0.02,0.015,1,0.0,10.0,148.0,0.03,-99.98,572,283,289,49.48,100.0,0.95,-4.092,1468,148.21,0.14,1.09,-99.26,0.03,-97.59
BTC-USDT-SWAP,fade,12H,0.01,0.02,0.02,1,0.0,10.0,148.0,0.03,-99.98,572,291,281,50.87,100.0,0.959,-4.092,1468,86.81,-41.34,0.87,-99.0,0.03,-96.66
BTC-USDT-SWAP,fade,12H,0.01,0.02,0.025,1,0.0,10.0,148.0,0.02,-99.99,572,294,278,51.4,100.0,0.956,-4.092,1468,73.2,-50.54,0.69,-99.06,0.02,-97.54
BTC-USDT-SWAP,fade,12H,0.01,0.02,0.03,1,0.0,10.0,148.0,0.01,-99.99,572,297,275,51.92,100.0,0.946,-4.092,1468,42.89,-71.02,0.9,-97.9,0.01,-98.41
BTC-USDT-SWAP,fade,12H,0.01,0.03,0.01,1,0.0,10.0,148.0,0.0,-100.0,572,234,338,40.91,100.0,0.881,-4.093,1468,61.96,-58.14,0.01,-99.99,0.0,-98.2
BTC-USDT-SWAP,fade,12H,0.01,0.03,0.015,1,0.0,10.0,148.0,0.0,-100.0,572,258,314,45.1,100.0,0.842,-4.093,1468,31.8,-78.51,0.01,-99.98,0.0,-99.11
BTC-USDT-SWAP,fade,12H,0.01,0.03,0.02,1,0.0,10.0,148.0,0.0,-100.0,572,265,307,46.33,100.0,0.897,-4.093,1468,15.08,-89.81,0.0,-99.98,0.0,-99.21
BTC-USDT-SWAP,fade,12H,0.01,0.03,0.025,1,0.0,10.0,148.0,0.0,-100.0,572,269,303,47.03,100.0,0.872,-4.093,1468,9.2,-93.79,0.0,-99.96,0.0,-99.5
BTC-USDT-SWAP,fade,12H,0.01,0.03,0.03,1,0.0,10.0,148.0,0.0,-100.0,572,272,300,47.55,100.0,0.842,-4.093,1468,3.76,-97.46,0.0,-99.9,0.0,-99.68
BTC-USDT-SWAP,reversal,1D,0.001,0.006,0.01,1,0.0,10.0,148.0,87.8,-40.68,437,330,107,75.51,91.72,0.975,-1.663,735,199.41,34.74,265.13,32.96,87.8,-66.88
BTC-USDT-SWAP,reversal,1D,0.001,0.006,0.015,1,0.0,10.0,148.0,442.05,198.68,437,356,81,81.46,87.01,1.081,8.12,735,311.07,110.18,316.36,1.7,442.05,39.73
BTC-USDT-SWAP,reversal,1D,0.001,0.006,0.02,1,0.0,10.0,148.0,279.66,88.96,437,365,72,83.52,92.46,1.046,3.636,735,298.79,101.89,171.05,-42.75,279.66,63.49
BTC-USDT-SWAP,reversal,1D,0.001,0.006,0.025,1,0.0,10.0,148.0,246.51,66.56,437,368,69,84.21,93.65,1.033,2.72,735,378.35,155.64,165.99,-56.13,246.51,48.51
BTC-USDT-SWAP,reversal,1D,0.001,0.006,0.03,1,0.0,10.0,148.0,715.49,383.44,437,374,63,85.58,85.65,1.165,15.672,735,352.8,138.38,277.04,-21.47,715.49,158.27
BTC-USDT-SWAP,reversal,1D,0.001,0.008,0.01,1,0.0,10.0,148.0,14.88,-89.95,437,282,155,64.53,98.88,0.966,-3.676,735,361.8,144.46,143.39,-60.37,14.88,-89.62
BTC-USDT-SWAP,reversal,1D,0.001,0.008,0.015,1,0.0,10.0,148.0,31.01,-79.05,437,307,130,70.25,97.3,0.936,-3.231,735,225.87,52.61,41.72,-81.53,31.01,-25.68
BTC-USDT-SWAP,reversal,1D,0.001,0.008,0.02,1,0.0,10.0,148.0,3.64,-97.54,437,315,122,72.08,99.53,0.87,-3.987,735,138.3,-6.56,7.92,-94.28,3.64,-54.0
BTC-USDT-SWAP,reversal,1D,0.001,0.008,0.025,1,0.0,10.0,148.0,6.65,-95.51,437,323,114,73.91,99.36,0.909,-3.904,735,223.9,51.29,11.88,-94.69,6.65,-44.04
BTC-USDT-SWAP,reversal,1D,0.001,0.008,0.03,1,0.0,10.0,148.0,16.31,-88.98,437,330,107,75.51,98.98,0.925,-3.637,735,237.47,60.46,16.6,-93.01,16.31,-1.77
BTC-USDT-SWAP,reversal,1D,0.001,0.01,0.01,1,0.0,10.0,148.0,2.44,-98.35,437,248,189,56.75,99.62,0.95,-4.02,735,342.5,131.42,67.68,-80.24,2.44,-96.4
BTC-USDT-SWAP,reversal,1D,0.001,0.01,0.015,1,0.0,10.0,148.0,4.86,-96.72,437,276,161,63.16,99.16,0.923,-3.953,735,356.52,140.89,19.8,-94.45,4.86,-75.44
BTC-USDT-SWAP,reversal,1D,0.001,0.01,0.02,1,0.0,10.0,148.0,0.22,-99.85,437,284,153,64.99,99.94,0.86,-4.081,735,191.43,29.34,1.95,-98.98,0.22,-88.46
BTC-USDT-SWAP,reversal,1D,0.001,0.01,0.025,1,0.0,10.0,148.0,0.23,-99.85,437,293,144,67.05,99.95,0.896,-4.081,735,295.83,99.89,2.23,-99.25,0.23,-89.75
BTC-USDT-SWAP,reversal,1D,0.001,0.01,0.03,1,0.0,10.0,148.0,0.59,-99.6,437,300,137,68.65,99.92,0.923,-4.071,735,349.45,136.11,4.5,-98.71,0.59,-86.92
BTC-USDT-SWAP,reversal,1D,0.001,0.015,0.01,1,0.0,10.0,148.0,0.0,-100.0,437,186,251,42.56,100.0,0.639,-4.087,735,22.74,-84.63,0.19,-99.16,0.0,-99.01
BTC-USDT-SWAP,reversal,1D,0.001,0.015,0.015,1,0.0,10.0,148.0,0.0,-100.0,437,214,223,48.97,100.0,0.707,-4.087,735,70.3,-52.5,0.06,-99.92,0.0,-98.01
BTC-USDT-SWAP,reversal,1D,0.001,0.015,0.02,1,0.0,10.0,148.0,0.0,-100.0,437,223,214,51.03,100.0,0.668,-4.087,735,40.44,-72.68,0.0,-99.99,0.0,-99.42
BTC-USDT-SWAP,reversal,1D,0.001,0.015,0.025,1,0.0,10.0,148.0,0.0,-100.0,437,233,204,53.32,100.0,0.789,-4.087,735,102.38,-30.82,0.01,-99.99,0.0,-99.76
BTC-USDT-SWAP,reversal,1D,0.001,0.015,0.03,1,0.0,10.0,148.0,0.0,-100.0,437,239,198,54.69,100.0,0.831,-4.087,735,106.48,-28.05,0.01,-99.99,0.0,-99.8
BTC-USDT-SWAP,reversal,1D,0.001,0.02,0.01,1,0.0,10.0,148.0,0.0,-100.0,437,162,275,37.07,100.0,0.601,-4.087,735,10.92,-92.62,0.02,-99.77,0.0,-99.58
BTC-USDT-SWAP,reversal,1D,0.001,0.02,0.015,1,0.0,10.0,148.0,0.0,-100.0,437,190,247,43.48,100.0,0.655,-4.087,735,32.13,-78.29,0.0,-99.99,0.0,-99.26
BTC-USDT-SWAP,reversal,1D,0.001,0.02,0.02,1,0.0,10.0,148.0,0.0,-100.0,437,200,237,45.77,100.0,0.65,-4.087,735,14.47,-90.22,0.0,-100.0,0.0,-99.8
BTC-USDT-SWAP,reversal,1D,0.001,0.02,0.025,1,0.0,10.0,148.0,0.0,-100.0,437,210,227,48.05,100.0,0.766,-4.087,735,32.43,-78.09,0.0,-100.0,0.0,-99.89
BTC-USDT-SWAP,reversal,1D,0.001,0.02,0.03,1,0.0,10.0,148.0,0.0,-100.0,437,216,221,49.43,100.0,0.823,-4.087,735,26.32,-82.22,0.0,-100.0,0.0,-99.89
BTC-USDT-SWAP,reversal,1D,0.001,0.03,0.01,1,0.0,10.0,148.0,0.0,-100.0,437,143,294,32.72,100.0,0.431,-4.087,735,1.83,-98.76,0.0,-99.94,0.0,-99.65
BTC-USDT-SWAP,reversal,1D,0.001,0.03,0.015,1,0.0,10.0,148.0,0.0,-100.0,437,165,272,37.76,100.0,0.447,-4.087,735,0.93,-99.37,0.0,-100.0,0.0,-99.61
BTC-USDT-SWAP,reversal,1D,0.001,0.03,0.02,1,0.0,10.0,148.0,0.0,-100.0,437,175,262,40.05,100.0,0.45,-4.087,735,0.3,-99.8,0.0,-100.0,0.0,-99.9
BTC-USDT-SWAP,reversal,1D,0.001,0.03,0.025,1,0.0,10.0,148.0,0.0,-100.0,437,184,253,42.11,100.0,0.5,-4.087,735,0.39,-99.74,0.0,-100.0,0.0,-99.95
BTC-USDT-SWAP,reversal,1D,0.001,0.03,0.03,1,0.0,10.0,148.0,0.0,-100.0,437,190,247,43.48,100.0,0.635,-4.087,735,0.24,-99.84,0.0,-100.0,0.0,-99.95
BTC-USDT-SWAP,reversal,1D,0.002,0.006,0.01,1,0.0,10.0,148.0,95.11,-35.73,411,309,102,75.18,86.66,0.978,-1.461,735,189.23,27.86,207.53,9.67,95.11,-54.17
BTC-USDT-SWAP,reversal,1D,0.002,0.006,0.015,1,0.0,10.0,148.0,320.06,116.26,411,332,79,80.78,82.33,1.069,4.752,735,233.88,58.03,151.48,-35.23,320.06,111.29
BTC-USDT-SWAP,reversal,1D,0.002,0.006,0.02,1,0.0,10.0,148.0,274.05,85.17,411,342,69,83.21,87.63,1.056,3.481,735,226.07,52.75,108.92,-51.82,274.05,151.6
BTC-USDT-SWAP,reversal,1D,0.002,0.006,0.025,1,0.0,10.0,148.0,627.8,324.19,411,349,62,84.91,86.23,1.123,13.25,735,431.3,191.42,289.94,-32.78,627.8,116.53
BTC-USDT-SWAP,reversal,1D,0.002,0.006,0.03,1,0.0,10.0,148.0,1303.27,780.59,411,353,58,85.89,80.7,1.31,31.904,735,287.81,94.47,365.25,26.91,1303.27,256.81
BTC-USDT-SWAP,reversal,1D,0.002,0.008,0.01,1,0.0,10.0,148.0,22.18,-85.01,411,267,144,64.96,94.26,0.933,-3.475,735,219.93,48.6,71.81,-67.35,22.18,-69.11
BTC-USDT-SWAP,reversal,1D,0.002,0.008,0.015,1,0.0,10.0,148.0,25.53,-82.75,411,288,123,70.07,96.59,0.916,-3.382,735,254.23,71.78,19.1,-92.49,25.53,33.7
BTC-USDT-SWAP,reversal,1D,0.002,0.008,0.02,1,0.0,10.0,148.0,7.66,-94.82,411,299,112,72.75,99.19,0.879,-3.876,735,131.14,-11.39,6.7,-94.89,7.66,14.42
BTC-USDT-SWAP,reversal,1D,0.002,0.008,0.025,1,0.0,10.0,148.0,44.09,-70.21,411,308,103,74.94,98.59,0.955,-2.87,735,318.78,115.39,33.77,-89.41,44.09,30.53
BTC-USDT-SWAP,reversal,1D,0.002,0.008,0.03,1,0.0,10.0,148.0,121.3,-18.04,411,313,98,76.16,97.61,0.99,-0.737,735,259.12,75.08,62.62,-75.83,121.3,93.71
BTC-USDT-SWAP,reversal,1D,0.002,0.01,0.01,1,0.0,10.0,148.0,2.0,-98.65,411,231,180,56.2,99.5,0.938,-4.032,735,316.33,113.74,38.62,-87.79,2.0,-94.82
BTC-USDT-SWAP,reversal,1D,0.002,0.01,0.015,1,0.0,10.0,148.0,2.04,-98.62,411,255,156,62.04,99.19,0.877,-4.031,735,252.04,70.3,6.64,-97.37,2.04,-69.29
BTC-USDT-SWAP,reversal,1D,0.002,0.01,0.02,1,0.0,10.0,148.0,0.09,-99.94,411,263,148,63.99,99.96,0.796,-4.085,735,97.59,-34.06,0.63,-99.36,0.09,-85.25
BTC-USDT-SWAP,reversal,1D,0.002,0.01,0.025,1,0.0,10.0,148.0,0.82,-99.45,411,275,136,66.91,99.85,0.916,-4.065,735,315.68,113.3,3.91,-98.76,0.82,-79.11
BTC-USDT-SWAP,reversal,1D,0.002,0.01,0.03,1,0.0,10.0,148.0,2.4,-98.38,411,280,131,68.13,99.55,0.91,-4.021,735,227.23,53.54,7.13,-96.86,2.4,-66.32
BTC-USDT-SWAP,reversal,1D,0.002,0.015,0.01,1,0.0,10.0,148.0,0.0,-100.0,411,173,238,42.09,100.0,0.65,-4.087,735,24.94,-83.15,0.28,-98.86,0.0,-98.51
BTC-USDT-SWAP,reversal,1D,0.002,0.015,0.015,1,0.0,10.0,148.0,0.0,-100.0,411,199,212,48.42,100.0,0.632,-4.087,735,56.75,-61.65,0.06,-99.89,0.0,-97.36
BTC-USDT-SWAP,reversal,1D,0.002,0.015,0.02,1,0.0,10.0,148.0,0.0,-100.0,411,208,203,50.61,100.0,0.567,-4.087,735,18.54,-87.47,0.01,-99.97,0.0,-99.33
BTC-USDT-SWAP,reversal,1D,0.002,0.015,0.025,1,0.0,10.0,148.0,0.0,-100.0,411,221,190,53.77,100.0,0.817,-4.087,735,86.59,-41.5,0.06,-99.94,0.0,-99.33
BTC-USDT-SWAP,reversal,1D,0.002,0.015,0.03,1,0.0,10.0,148.0,0.0,-100.0,411,225,186,54.74,100.0,0.79,-4.087,735,52.66,-64.42,0.03,-99.95,0.0,-99.29
BTC-USDT-SWAP,reversal,1D,0.002,0.02,0.01,1,0.0,10.0,148.0,0.0,-100.0,411,151,260,36.74,100.0,0.63,-4.087,735,23.41,-84.19,0.03,-99.86,0.0,-99.4
BTC-USDT-SWAP,reversal,1D,0.002,0.02,0.015,1,0.0,10.0,148.0,0.0,-100.0,411,176,235,42.82,100.0,0.604,-4.087,735,47.11,-68.17,0.01,-99.99,0.0,-99.34
BTC-USDT-SWAP,reversal,1D,0.002,0.02,0.02,1,0.0,10.0,148.0,0.0,-100.0,411,186,225,45.26,100.0,0.575,-4.087,735,19.81,-86.62,0.0,-100.0,0.0,-99.86
BTC-USDT-SWAP,reversal,1D,0.002,0.02,0.025,1,0.0,10.0,148.0,0.0,-100.0,411,197,214,47.93,100.0,0.831,-4.087,735,105.97,-28.4,0.0,-100.0,0.0,-99.89
BTC-USDT-SWAP,reversal,1D,0.002,0.02,0.03,1,0.0,10.0,148.0,0.0,-100.0,411,201,210,48.91,100.0,0.804,-4.087,735,58.37,-60.56,0.0,-100.0,0.0,-99.85
BTC-USDT-SWAP,reversal,1D,0.002,0.03,0.01,1,0.0,10.0,148.0,0.0,-100.0,411,133,278,32.36,100.0,0.537,-4.087,735,3.18,-97.85,0.0,-99.95,0.0,-99.49
BTC-USDT-SWAP,reversal,1D,0.002,0.03,0.015,1,0.0,10.0,148.0,0.0,-100.0,411,155,256,37.71,100.0,0.446,-4.087,735,1.73,-98.83,0.0,-100.0,0.0,-99.47
BTC-USDT-SWAP,reversal,1D,0.002,0.03,0.02,1,0.0,10.0,148.0,0.0,-100.0,411,166,245,40.39,100.0,0.442,-4.087,735,0.71,-99.52,0.0,-100.0,0.0,-99.88
BTC-USDT-SWAP,reversal,1D,0.002,0.03,0.025,1,0.0,10.0,148.0,0.0,-100.0,411,177,234,43.07,100.0,0.694,-4.087,735,2.37,-98.4,0.0,-100.0,0.0,-99.92
BTC-USDT-SWAP,reversal,1D,0.002,0.03,0.03,1,0.0,10.0,148.0,0.0,-100.0,411,181,230,44.04,100.0,0.656,-4.087,735,0.89,-99.4,0.0,-100.0,0.0,-99.88
BTC-USDT-SWAP,reversal,1D,0.003,0.006,0.01,1,0.0,10.0,148.0,754.18,409.58,390,304,86,77.95,68.49,1.092,16.74,735,360.02,143.26,1442.48,300.67,754.18,-47.72
BTC-USDT-SWAP,reversal,1D,0.003,0.006,0.015,1,0.0,10.0,148.0,4715.52,3086.16,390,328,62,84.1,52.73,1.656,126.137,735,344.13,132.52,1302.09,278.37,4715.52,262.15
BTC-USDT-SWAP,reversal,1D,0.003,0.006,0.02,1,0.0,10.0,148.0,2897.21,1857.57,390,334,56,85.64,55.36,1.418,75.923,735,490.62,231.5,1099.26,124.06,2897.21,163.56
BTC-USDT-SWAP,reversal,1D,0.003,0.006,0.025,1,0.0,10.0,148.0,4863.32,3186.03,390,339,51,86.92,65.79,1.36,130.219,735,869.97,487.82,2484.12,185.54,4863.32,95.78
BTC-USDT-SWAP,reversal,1D,0.003,0.006,0.03,1,0.0,10.0,148.0,5468.63,3595.02,390,342,48,87.69,60.83,1.487,146.935,735,653.81,341.77,1672.96,155.88,5468.63,226.88
BTC-USDT-SWAP,reversal,1D,0.003,0.008,0.01,1,0.0,10.0,148.0,485.83,228.26,390,269,121,68.97,82.74,1.047,9.33,735,350.91,137.1,844.05,140.53,485.83,-42.44
BTC-USDT-SWAP,reversal,1D,0.003,0.008,0.015,1,0.0,10.0,148.0,1913.05,1192.6,390,294,96,75.38,76.6,1.415,48.744,735,304.97,106.06,303.17,-0.59,1913.05,531.02
BTC-USDT-SWAP,reversal,1D,0.003,0.008,0.02,1,0.0,10.0,148.0,451.73,205.22,390,300,90,76.92,84.38,1.121,8.388,735,213.08,43.98,119.15,-44.08,451.73,279.13
BTC-USDT-SWAP,reversal,1D,0.003,0.008,0.025,1,0.0,10.0,148.0,1701.83,1049.88,390,307,83,78.72,80.07,1.306,42.911,735,251.1,69.66,535.95,113.44,1701.83,217.53
BTC-USDT-SWAP,reversal,1D,0.003,0.008,0.03,1,0.0,10.0,148.0,2563.29,1631.95,390,311,79,79.74,86.45,1.48,66.701,735,176.78,19.45,428.86,142.6,2563.29,497.69
BTC-USDT-SWAP,reversal,1D,0.003,0.01,0.01,1,0.0,10.0,148.0,29.53,-80.05,390,230,160,58.97,96.78,0.961,-3.272,735,374.4,152.97,84.4,-77.46,29.53,-65.01
BTC-USDT-SWAP,reversal,1D,0.003,0.01,0.015,1,0.0,10.0,148.0,23.88,-83.86,390,252,138,64.62,96.96,0.894,-3.428,735,201.82,36.36,14.27,-92.93,23.88,67.4
BTC-USDT-SWAP,reversal,1D,0.003,0.01,0.02,1,0.0,10.0,148.0,2.35,-98.41,390,260,130,66.67,99.43,0.803,-4.022,735,98.0,-33.79,2.81,-97.13,2.35,-16.58
BTC-USDT-SWAP,reversal,1D,0.003,0.01,0.025,1,0.0,10.0,148.0,24.28,-83.6,390,271,119,69.49,98.27,0.937,-3.417,735,264.24,78.54,29.11,-88.98,24.28,-16.59
BTC-USDT-SWAP,reversal,1D,0.003,0.01,0.03,1,0.0,10.0,148.0,31.4,-78.78,390,275,115,70.51,98.72,0.932,-3.22,735,191.75,29.56,18.22,-90.5,31.4,72.32
BTC-USDT-SWAP,reversal,1D,0.003,0.015,0.01,1,0.0,10.0,148.0,0.07,-99.95,390,173,217,44.36,99.95,0.724,-4.085,735,66.65,-54.97,1.42,-97.86,0.07,-95.06
BTC-USDT-SWAP,reversal,1D,0.003,0.015,0.015,1,0.0,10.0,148.0,0.01,-99.99,390,195,195,50.0,99.99,0.663,-4.087,735,67.83,-54.17,0.15,-99.78,0.01,-90.26
BTC-USDT-SWAP,reversal,1D,0.003,0.015,0.02,1,0.0,10.0,148.0,0.0,-100.0,390,205,185,52.56,100.0,0.595,-4.087,735,32.46,-78.07,0.04,-99.89,0.0,-97.34
BTC-USDT-SWAP,reversal,1D,0.003,0.015,0.025,1,0.0,10.0,148.0,0.01,-100.0,390,216,174,55.38,100.0,0.803,-4.087,735,79.99,-45.95,0.39,-99.51,0.01,-98.4
BTC-USDT-SWAP,reversal,1D,0.003,0.015,0.03,1,0.0,10.0,148.0,0.01,-100.0,390,221,169,56.67,100.0,0.812,-4.087,735,81.42,-44.99,0.26,-99.69,0.01,-97.48
BTC-USDT-SWAP,reversal,1D,0.003,0.02,0.01,1,0.0,10.0,148.0,0.0,-100.0,390,148,242,37.95,100.0,0.744,-4.087,735,83.41,-43.64,0.21,-99.74,0.0,-99.02
BTC-USDT-SWAP,reversal,1D,0.003,0.02,0.015,1,0.0,10.0,148.0,0.0,-100.0,390,170,220,43.59,100.0,0.681,-4.087,735,65.6,-55.68,0.02,-99.97,0.0,-98.71
BTC-USDT-SWAP,reversal,1D,0.003,0.02,0.02,1,0.0,10.0,148.0,0.0,-100.0,390,180,210,46.15,100.0,0.667,-4.087,735,48.99,-66.9,0.0,-99.99,0.0,-99.75
BTC-USDT-SWAP,reversal,1D,0.003,0.02,0.025,1,0.0,10.0,148.0,0.0,-100.0,390,191,199,48.97,100.0,0.86,-4.087,735,127.89,-13.59,0.04,-99.97,0.0,-99.88
BTC-USDT-SWAP,reversal,1D,0.003,0.02,0.03,1,0.0,10.0,148.0,0.0,-100.0,390,195,195,50.0,100.0,0.871,-4.087,735,132.25,-10.64,0.01,-99.99,0.0,-99.73
BTC-USDT-SWAP,reversal,1D,0.003,0.03,0.01,1,0.0,10.0,148.0,0.0,-100.0,390,126,264,32.31,100.0,0.465,-4.087,735,4.02,-97.28,0.0,-99.95,0.0,-99.26
BTC-USDT-SWAP,reversal,1D,0.003,0.03,0.015,1,0.0,10.0,148.0,0.0,-100.0,390,149,241,38.21,100.0,0.423,-4.087,735,1.54,-98.96,0.0,-99.99,0.0,-98.94
BTC-USDT-SWAP,reversal,1D,0.003,0.03,0.02,1,0.0,10.0,148.0,0.0,-100.0,390,160,230,41.03,100.0,0.428,-4.087,735,1.51,-98.98,0.0,-100.0,0.0,-99.8
BTC-USDT-SWAP,reversal,1D,0.003,0.03,0.025,1,0.0,10.0,148.0,0.0,-100.0,390,170,220,43.59,100.0,0.663,-4.087,735,1.91,-98.71,0.0,-99.99,0.0,-99.91
BTC-USDT-SWAP,reversal,1D,0.003,0.03,0.03,1,0.0,10.0,148.0,0.0,-100.0,390,174,216,44.62,100.0,0.634,-4.087,735,1.2,-99.19,0.0,-100.0,0.0,-99.79
BTC-USDT-SWAP,reversal,1D,0.005,0.006,0.01,1,0.0,10.0,148.0,4175.56,2721.33,353,287,66,81.3,51.26,1.385,111.226,735,281.37,90.12,1795.65,538.17,4175.56,132.54
BTC-USDT-SWAP,reversal,1D,0.005,0.006,0.015,1,0.0,10.0,148.0,16142.41,10807.04,353,305,48,86.4,46.56,1.794,441.704,735,422.19,185.26,3903.0,824.46,16142.41,313.59
BTC-USDT-SWAP,reversal,1D,0.005,0.006,0.02,1,0.0,10.0,148.0,8121.22,5387.31,353,308,45,87.25,53.5,1.588,220.19,735,331.89,124.25,2674.14,705.73,8121.22,203.69
BTC-USDT-SWAP,reversal,1D,0.005,0.006,0.025,1,0.0,10.0,148.0,34883.34,23469.83,353,315,38,89.24,37.78,2.271,959.257,735,488.3,229.93,9178.48,1779.68,34883.34,280.06
BTC-USDT-SWAP,reversal,1D,0.005,0.006,0.03,1,0.0,10.0,148.0,30688.38,20635.39,353,316,37,89.52,37.78,2.097,843.408,735,635.75,329.56,7797.51,1126.51,30688.38,293.57
BTC-USDT-SWAP,reversal,1D,0.005,0.008,0.01,1,0.0,10.0,148.0,7143.31,4726.56,353,260,93,73.65,57.3,1.358,193.184,735,378.32,155.62,2016.71,433.06,7143.31,254.21
BTC-USDT-SWAP,reversal,1D,0.005,0.008,0.015,1,0.0,10.0,148.0,8270.27,5488.02,353,275,78,77.9,64.89,1.444,224.306,735,468.45,216.52,1960.75,318.56,8270.27,321.79
BTC-USDT-SWAP,reversal,1D,0.005,0.008,0.02,1,0.0,10.0,148.0,3796.5,2465.2,353,280,73,79.32,59.5,1.383,100.758,735,361.39,144.18,1074.55,197.34,3796.5,253.31
BTC-USDT-SWAP,reversal,1D,0.005,0.008,0.025,1,0.0,10.0,148.0,22775.15,15288.61,353,288,65,81.59,61.57,1.798,624.875,735,658.21,344.74,3454.02,424.76,22775.15,559.38
BTC-USDT-SWAP,reversal,1D,0.005,0.008,0.03,1,0.0,10.0,148.0,12560.69,8386.95,353,289,64,81.87,68.72,1.589,342.791,735,753.6,409.19,2345.61,211.26,12560.69,435.5
BTC-USDT-SWAP,reversal,1D,0.005,0.01,0.01,1,0.0,10.0,148.0,1554.33,950.22,353,230,123,65.16,61.79,1.192,38.837,735,297.8,101.21,550.68,84.92,1554.33,182.26
BTC-USDT-SWAP,reversal,1D,0.005,0.01,0.015,1,0.0,10.0,148.0,645.72,336.29,353,244,109,69.12,79.25,1.133,13.745,735,170.06,14.91,215.84,26.92,645.72,199.17
BTC-USDT-SWAP,reversal,1D,0.005,0.01,0.02,1,0.0,10.0,148.0,209.33,41.44,353,249,104,70.54,87.61,1.035,1.694,735,74.63,-49.57,91.32,22.35,209.33,129.24
BTC-USDT-SWAP,reversal,1D,0.005,0.01,0.025,1,0.0,10.0,148.0,1064.08,618.97,353,258,95,73.09,93.21,1.265,25.299,735,84.08,-43.19,247.85,194.76,1064.08,329.33
BTC-USDT-SWAP,reversal,1D,0.005,0.01,0.03,1,0.0,10.0,148.0,887.52,499.68,353,260,93,73.65,93.46,1.212,20.423,735,108.7,-26.55,241.34,122.03,887.52,267.75
BTC-USDT-SWAP,reversal,1D,0.005,0.015,0.01,1,0.0,10.0,148.0,16.67,-88.73,353,181,172,51.27,93.17,0.882,-3.627,735,136.57,-7.73,28.27,-79.3,16.67,-41.01
BTC-USDT-SWAP,reversal,1D,0.005,0.015,0.015,1,0.0,10.0,148.0,0.73,-99.51,353,192,161,54.39,99.72,0.785,-4.067,735,62.45,-57.81,2.31,-96.31,0.73,-68.29
BTC-USDT-SWAP,reversal,1D,0.005,0.015,0.02,1,0.0,10.0,148.0,0.2,-99.87,353,200,153,56.66,99.9,0.676,-4.082,735,31.64,-78.62,0.97,-96.94,0.2,-79.51
BTC-USDT-SWAP,reversal,1D,0.005,0.015,0.025,1,0.0,10.0,148.0,0.91,-99.39,353,211,142,59.77,99.85,0.837,-4.062,735,50.86,-65.64,3.93,-92.26,0.91,-76.94
BTC-USDT-SWAP,reversal,1D,0.005,0.015,0.03,1,0.0,10.0,148.0,0.81,-99.45,353,214,139,60.62,99.92,0.899,-4.065,735,89.54,-39.5,4.26,-95.24,0.81,-80.9
BTC-USDT-SWAP,reversal,1D,0.005,0.02,0.01,1,0.0,10.0,148.0,0.32,-99.78,353,155,198,43.91,99.84,0.829,-4.078,735,147.92,-0.05,1.91,-98.71,0.32,-83.18
BTC-USDT-SWAP,reversal,1D,0.005,0.02,0.015,1,0.0,10.0,148.0,0.01,-99.99,353,166,187,47.03,100.0,0.797,-4.087,735,84.22,-43.1,0.15,-99.83,0.01,-94.77
BTC-USDT-SWAP,reversal,1D,0.005,0.02,0.02,1,0.0,10.0,148.0,0.0,-100.0,353,174,179,49.29,100.0,0.708,-4.087,735,48.43,-67.27,0.06,-99.87,0.0,-98.17
BTC-USDT-SWAP,reversal,1D,0.005,0.02,0.025,1,0.0,10.0,148.0,0.0,-100.0,353,184,169,52.12,100.0,0.874,-4.087,735,92.64,-37.41,0.15,-99.84,0.0,-98.3
BTC-USDT-SWAP,reversal,1D,0.005,0.02,0.03,1,0.0,10.0,148.0,0.0,-100.0,353,189,164,53.54,100.0,0.934,-4.087,735,185.86,25.58,0.35,-99.81,0.0,-98.59
BTC-USDT-SWAP,reversal,1D,0.005,0.03,0.01,1,0.0,10.0,148.0,0.0,-100.0,353,129,224,36.54,100.0,0.577,-4.087,735,14.31,-90.33,0.03,-99.77,0.0,-96.97
BTC-USDT-SWAP,reversal,1D,0.005,0.03,0.015,1,0.0,10.0,148.0,0.0,-100.0,353,142,211,40.23,100.0,0.553,-4.087,735,7.17,-95.16,0.0,-99.97,0.0,-99.13
BTC-USDT-SWAP,reversal,1D,0.005,0.03,0.02,1,0.0,10.0,148.0,0.0,-100.0,353,149,204,42.21,100.0,0.465,-4.087,735,4.27,-97.11,0.0,-99.99,0.0,-99.67
BTC-USDT-SWAP,reversal,1D,0.005,0.03,0.025,1,0.0,10.0,148.0,0.0,-100.0,353,159,194,45.04,100.0,0.692,-4.087,735,4.76,-96.78,0.0,-99.98,0.0,-99.69
BTC-USDT-SWAP,reversal,1D,0.005,0.03,0.03,1,0.0,10.0,148.0,0.0,-100.0,353,164,189,46.46,100.0,0.75,-4.087,735,6.45,-95.64,0.0,-99.97,0.0,-99.78
BTC-USDT-SWAP,reversal,1D,0.007,0.006,0.01,1,0.0,10.0,148.0,225.13,52.12,312,239,73,76.6,74.92,1.06,2.13,735,213.32,44.13,113.99,-46.56,225.13,97.5
BTC-USDT-SWAP,reversal,1D,0.007,0.006,0.015,1,0.0,10.0,148.0,1957.0,1222.3,312,263,49,84.29,63.41,1.381,49.958,735,502.84,239.75,662.89,31.83,1957.0,195.22
BTC-USDT-SWAP,reversal,1D,0.007,0.006,0.02,1,0.0,10.0,148.0,4358.48,2844.92,312,273,39,87.5,67.84,1.494,116.277,735,724.05,389.22,2395.96,230.91,4358.48,81.91
BTC-USDT-SWAP,reversal,1D,0.007,0.006,0.025,1,0.0,10.0,148.0,4709.54,3082.12,312,276,36,88.46,62.45,1.515,125.972,735,623.86,321.53,2339.75,275.04,4709.54,101.28
BTC-USDT-SWAP,reversal,1D,0.007,0.006,0.03,1,0.0,10.0,148.0,37184.07,25024.37,312,283,29,90.71,43.11,1.828,1022.794,735,1171.98,691.88,21079.07,1698.59,37184.07,76.4
BTC-USDT-SWAP,reversal,1D,0.007,0.008,0.01,1,0.0,10.0,148.0,313.13,111.57,312,214,98,68.59,84.88,1.081,4.56,735,328.2,121.76,112.04,-65.86,313.13,179.47
BTC-USDT-SWAP,reversal,1D,0.007,0.008,0.015,1,0.0,10.0,148.0,1283.85,767.47,312,236,76,75.64,85.45,1.216,31.368,735,553.85,274.22,371.92,-32.85,1283.85,245.19
BTC-USDT-SWAP,reversal,1D,0.007,0.008,0.02,1,0.0,10.0,148.0,2890.71,1853.18,312,246,66,78.85,89.52,1.312,75.743,735,1040.23,602.86,1018.25,-2.11,2890.71,183.89
BTC-USDT-SWAP,reversal,1D,0.007,0.008,0.025,1,0.0,10.0,148.0,4631.69,3029.52,312,251,61,80.45,81.31,1.475,123.822,735,784.66,430.17,1419.35,80.89,4631.69,226.32
BTC-USDT-SWAP,reversal,1D,0.007,0.008,0.03,1,0.0,10.0,148.0,32821.67,22076.8,312,259,53,83.01,75.42,1.636,902.322,735,2073.47,1300.99,13545.27,553.27,32821.67,142.31
BTC-USDT-SWAP,reversal,1D,0.007,0.01,0.01,1,0.0,10.0,148.0,88.36,-40.3,312,190,122,60.9,88.9,0.959,-1.647,735,254.71,72.1,32.06,-87.41,88.36,175.61
BTC-USDT-SWAP,reversal,1D,0.007,0.01,0.015,1,0.0,10.0,148.0,156.74,5.9,312,210,102,67.31,87.37,1.004,0.241,735,261.32,76.57,59.41,-77.27,156.74,163.84
BTC-USDT-SWAP,reversal,1D,0.007,0.01,0.02,1,0.0,10.0,148.0,460.42,211.1,312,222,90,71.15,91.08,1.075,8.628,735,638.51,331.42,167.01,-73.84,460.42,175.68
BTC-USDT-SWAP,reversal,1D,0.007,0.01,0.025,1,0.0,10.0,148.0,614.76,315.38,312,227,85,72.76,90.9,1.132,12.89,735,418.61,182.84,172.92,-58.69,614.76,255.51
BTC-USDT-SWAP,reversal,1D,0.007,0.01,0.03,1,0.0,10.0,148.0,3509.66,2271.39,312,232,80,74.36,76.36,1.367,92.836,735,939.88,535.05,1018.21,8.33,3509.66,244.69
BTC-USDT-SWAP,reversal,1D,0.007,0.015,0.01,1,0.0,10.0,148.0,0.55,-99.63,312,140,172,44.87,99.78,0.804,-4.072,735,103.74,-29.91,1.15,-98.89,0.55,-52.21
BTC-USDT-SWAP,reversal,1D,0.007,0.015,0.015,1,0.0,10.0,148.0,0.03,-99.98,312,151,161,48.4,99.99,0.71,-4.087,735,33.01,-77.7,0.14,-99.58,0.03,-82.02
BTC-USDT-SWAP,reversal,1D,0.007,0.015,0.02,1,0.0,10.0,148.0,0.23,-99.84,312,168,144,53.85,99.98,0.874,-4.081,735,95.25,-35.64,1.16,-98.78,0.23,-79.94
BTC-USDT-SWAP,reversal,1D,0.007,0.015,0.025,1,0.0,10.0,148.0,0.24,-99.84,312,174,138,55.77,99.98,0.856,-4.081,735,52.81,-64.32,1.05,-98.02,0.24,-77.32
BTC-USDT-SWAP,reversal,1D,0.007,0.015,0.03,1,0.0,10.0,148.0,1.32,-99.11,312,180,132,57.69,99.9,0.907,-4.051,735,173.35,17.13,7.98,-95.4,1.32,-83.42
BTC-USDT-SWAP,reversal,1D,0.007,0.02,0.01,1,0.0,10.0,148.0,0.06,-99.96,312,122,190,39.1,99.97,0.771,-4.085,735,76.04,-48.62,0.4,-99.48,0.06,-83.73
BTC-USDT-SWAP,reversal,1D,0.007,0.02,0.015,1,0.0,10.0,148.0,0.0,-100.0,312,133,179,42.63,100.0,0.727,-4.087,735,30.82,-79.18,0.06,-99.81,0.0,-95.17
BTC-USDT-SWAP,reversal,1D,0.007,0.02,0.02,1,0.0,10.0,148.0,0.03,-99.98,312,150,162,48.08,100.0,0.902,-4.086,735,103.85,-29.83,0.67,-99.35,0.03,-95.03
BTC-USDT-SWAP,reversal,1D,0.007,0.02,0.025,1,0.0,10.0,148.0,0.02,-99.99,312,155,157,49.68,100.0,0.888,-4.087,735,56.27,-61.98,0.29,-99.49,0.02,-94.7
BTC-USDT-SWAP,reversal,1D,0.007,0.02,0.03,1,0.0,10.0,148.0,0.06,-99.96,312,160,152,51.28,100.0,0.924,-4.086,735,117.42,-20.66,1.31,-98.89,0.06,-95.6
BTC-USDT-SWAP,reversal,1D,0.007,0.03,0.01,1,0.0,10.0,148.0,0.0,-100.0,312,101,211,32.37,100.0,0.616,-4.087,735,11.01,-92.56,0.01,-99.87,0.0,-97.53
BTC-USDT-SWAP,reversal,1D,0.007,0.03,0.015,1,0.0,10.0,148.0,0.0,-100.0,312,113,199,36.22,100.0,0.635,-4.087,735,5.73,-96.13,0.0,-99.95,0.0,-99.48
BTC-USDT-SWAP,reversal,1D,0.007,0.03,0.02,1,0.0,10.0,148.0,0.0,-100.0,312,127,185,40.71,100.0,0.839,-4.087,735,17.87,-87.92,0.01,-99.93,0.0,-99.63
BTC-USDT-SWAP,reversal,1D,0.007,0.03,0.025,1,0.0,10.0,148.0,0.0,-100.0,312,132,180,42.31,100.0,0.814,-4.087,735,7.71,-94.79,0.0,-99.95,0.0,-99.52
BTC-USDT-SWAP,reversal,1D,0.007,0.03,0.03,1,0.0,10.0,148.0,0.0,-100.0,312,138,174,44.23,100.0,0.845,-4.087,735,13.61,-90.8,0.03,-99.81,0.0,-99.68
BTC-USDT-SWAP,reversal,1D,0.01,0.006,0.01,1,0.0,10.0,148.0,239.49,61.82,265,203,62,76.6,79.03,1.059,2.527,735,434.02,193.26,152.45,-64.87,239.49,57.09
BTC-USDT-SWAP,reversal,1D,0.01,0.006,0.015,1,0.0,10.0,148.0,184.41,24.6,265,215,50,81.13,83.59,1.026,1.006,735,400.97,170.93,119.5,-70.2,184.41,54.32
BTC-USDT-SWAP,reversal,1D,0.01,0.006,0.02,1,0.0,10.0,148.0,326.43,120.56,265,225,40,84.91,83.61,1.099,4.928,735,497.25,235.98,159.09,-68.01,326.43,105.18
BTC-USDT-SWAP,reversal,1D,0.01,0.006,0.025,1,0.0,10.0,148.0,603.11,307.51,265,230,35,86.79,79.24,1.151,12.569,735,769.43,419.88,371.35,-51.74,603.11,62.41
BTC-USDT-SWAP,reversal,1D,0.01,0.006,0.03,1,0.0,10.0,148.0,3178.51,2047.64,265,236,29,89.06,60.93,1.574,83.691,735,1020.47,589.51,1388.8,36.09,3178.51,128.87
BTC-USDT-SWAP,reversal,1D,0.01,0.008,0.01,1,0.0,10.0,148.0,268.22,81.23,265,181,84,68.3,83.56,1.05,3.32,735,511.65,245.71,184.93,-63.86,268.22,45.04
BTC-USDT-SWAP,reversal,1D,0.01,0.008,0.015,1,0.0,10.0,148.0,124.24,-16.06,265,193,72,72.83,88.11,0.986,-0.656,735,385.38,160.39,91.94,-76.14,124.24,35.12
BTC-USDT-SWAP,reversal,1D,0.01,0.008,0.02,1,0.0,10.0,148.0,518.3,250.2,265,207,58,78.11,85.68,1.113,10.226,735,714.12,382.51,298.5,-58.2,518.3,73.64
BTC-USDT-SWAP,reversal,1D,0.01,0.008,0.025,1,0.0,10.0,148.0,1194.71,707.23,265,213,52,80.38,68.24,1.148,28.906,735,1129.33,663.06,959.4,-15.05,1194.71,24.53
BTC-USDT-SWAP,reversal,1D,0.01,0.008,0.03,1,0.0,10.0,148.0,4019.48,2615.86,265,218,47,82.26,57.83,1.385,106.915,735,907.95,513.48,2342.17,157.96,4019.48,71.61
BTC-USDT-SWAP,reversal,1D,0.01,0.01,0.01,1,0.0,10.0,148.0,175.3,18.44,265,161,104,60.75,92.23,1.011,0.754,735,558.81,277.57,112.27,-79.91,175.3,56.13
BTC-USDT-SWAP,reversal,1D,0.01,0.01,0.015,1,0.0,10.0,148.0,50.54,-65.85,265,172,93,64.91,94.28,0.932,-2.692,735,316.92,114.14,40.46,-87.23,50.54,24.9
BTC-USDT-SWAP,reversal,1D,0.01,0.01,0.02,1,0.0,10.0,148.0,151.65,2.46,265,184,81,69.43,95.98,1.001,0.101,735,708.04,378.41,95.0,-86.58,151.65,59.63
BTC-USDT-SWAP,reversal,1D,0.01,0.01,0.025,1,0.0,10.0,148.0,371.76,151.19,265,191,74,72.08,90.04,1.048,6.179,735,1087.69,634.93,316.74,-70.88,371.76,17.37
BTC-USDT-SWAP,reversal,1D,0.01,0.01,0.03,1,0.0,10.0,148.0,1260.96,752.0,265,196,69,73.96,80.49,1.197,30.736,735,814.33,450.22,765.12,-6.04,1260.96,64.81
BTC-USDT-SWAP,reversal,1D,0.01,0.015,0.01,1,0.0,10.0,148.0,2.83,-98.09,265,121,144,45.66,99.59,0.79,-4.009,735,91.48,-38.19,2.66,-97.09,2.83,6.27
BTC-USDT-SWAP,reversal,1D,0.01,0.015,0.015,1,0.0,10.0,148.0,0.75,-99.49,265,134,131,50.57,99.82,0.71,-4.067,735,44.97,-69.61,0.88,-98.03,0.75,-15.5
BTC-USDT-SWAP,reversal,1D,0.01,0.015,0.02,1,0.0,10.0,148.0,2.61,-98.23,265,147,118,55.47,99.9,0.819,-4.015,735,52.6,-64.46,2.24,-95.75,2.61,16.82
BTC-USDT-SWAP,reversal,1D,0.01,0.015,0.025,1,0.0,10.0,148.0,5.0,-96.62,265,154,111,58.11,99.69,0.857,-3.949,735,88.46,-40.23,6.23,-92.96,5.0,-19.63
BTC-USDT-SWAP,reversal,1D,0.01,0.015,0.03,1,0.0,10.0,148.0,9.66,-93.48,265,157,108,59.25,99.4,0.843,-3.821,735,66.28,-55.22,8.82,-86.69,9.66,9.46
BTC-USDT-SWAP,reversal,1D,0.01,0.02,0.01,1,0.0,10.0,148.0,0.09,-99.94,265,98,167,36.98,99.97,0.616,-4.085,735,39.93,-73.02,0.2,-99.49,0.09,-53.8
BTC-USDT-SWAP,reversal,1D,0.01,0.02,0.015,1,0.0,10.0,148.0,0.03,-99.98,265,112,153,42.26,99.99,0.497,-4.086,735,17.74,-88.02,0.08,-99.53,0.03,-65.67
BTC-USDT-SWAP,reversal,1D,0.01,0.02,0.02,1,0.0,10.0,148.0,0.14,-99.91,265,126,139,47.55,99.98,0.735,-4.083,735,27.77,-81.24,0.34,-98.76,0.14,-59.69
BTC-USDT-SWAP,reversal,1D,0.01,0.02,0.025,1,0.0,10.0,148.0,0.2,-99.87,265,133,132,50.19,99.98,0.818,-4.082,735,43.42,-70.67,0.66,-98.49,0.2,-70.13
BTC-USDT-SWAP,reversal,1D,0.01,0.02,0.03,1,0.0,10.0,148.0,0.31,-99.79,265,136,129,51.32,99.96,0.777,-4.079,735,27.43,-81.46,0.71,-97.41,0.31,-55.68
BTC-USDT-SWAP,reversal,1D,0.01,0.03,0.01,1,0.0,10.0,148.0,0.01,-100.0,265,83,182,31.32,100.0,0.664,-4.087,735,35.53,-76.0,0.08,-99.76,0.01,-92.61
BTC-USDT-SWAP,reversal,1D,0.01,0.03,0.015,1,0.0,10.0,148.0,0.0,-100.0,265,95,170,35.85,100.0,0.569,-4.087,735,19.86,-86.58,0.03,-99.87,0.0,-96.85
BTC-USDT-SWAP,reversal,1D,0.01,0.03,0.02,1,0.0,10.0,148.0,0.0,-100.0,265,108,157,40.75,100.0,0.826,-4.087,735,37.68,-74.54,0.07,-99.82,0.0,-96.88
BTC-USDT-SWAP,reversal,1D,0.01,0.03,0.025,1,0.0,10.0,148.0,0.0,-100.0,265,115,150,43.4,100.0,0.887,-4.087,735,56.47,-61.85,0.13,-99.78,0.0,-97.67
BTC-USDT-SWAP,reversal,1D,0.01,0.03,0.03,1,0.0,10.0,148.0,0.01,-100.0,265,119,146,44.91,100.0,0.859,-4.087,735,36.05,-75.64,0.11,-99.69,0.01,-95.43
BTC-USDT-SWAP,breakout,1D,0.001,0.006,0.01,1,0.0,10.0,148.0,0.0,-100.0,437,187,250,42.79,100.0,0.278,-4.087,735,0.24,-99.84,0.0,-100.0,0.0,-99.75
BTC-USDT-SWAP,breakout,1D,0.001,0.006,0.015,1,0.0,10.0,148.0,0.0,-100.0,437,262,175,59.95,100.0,0.454,-4.087,735,1.11,-99.25,0.0,-99.97,0.0,-98.56
BTC-USDT-SWAP,breakout,1D,0.001,0.006,0.02,1,0.0,10.0,148.0,0.0,-100.0,437,286,151,65.45,100.0,0.449,-4.087,735,1.35,-99.09,0.0,-99.94,0.0,-97.59
BTC-USDT-SWAP,breakout,1D,0.001,0.006,0.025,1,0.0,10.0,148.0,0.0,-100.0,437,301,136,68.88,100.0,0.521,-4.087,735,2.72,-98.16,0.01,-99.52,0.0,-97.99
BTC-USDT-SWAP,breakout,1D,0.001,0.006,0.03,1,0.0,10.0,148.0,0.0,-100.0,437,308,129,70.48,100.0,0.608,-4.087,735,7.51,-94.93,0.02,-99.74,0.0,-97.08
BTC-USDT-SWAP,breakout,1D,0.001,0.008,0.01,1,0.0,10.0,148.0,0.0,-100.0,437,160,277,36.61,100.0,0.294,-4.087,735,0.1,-99.93,0.0,-100.0,0.0,-99.59
BTC-USDT-SWAP,breakout,1D,0.001,0.008,0.015,1,0.0,10.0,148.0,0.0,-100.0,437,232,205,53.09,100.0,0.514,-4.087,735,0.9,-99.39,0.0,-99.99,0.0,-97.21
BTC-USDT-SWAP,breakout,1D,0.001,0.008,0.02,1,0.0,10.0,148.0,0.0,-100.0,437,255,182,58.35,100.0,0.498,-4.087,735,1.3,-99.12,0.0,-99.96,0.0,-96.97
BTC-USDT-SWAP,breakout,1D,0.001,0.008,0.025,1,0.0,10.0,148.0,0.0,-100.0,437,268,169,61.33,100.0,0.548,-4.087,735,2.39,-98.39,0.0,-99.82,0.0,-97.71
BTC-USDT-SWAP,breakout,1D,0.001,0.008,0.03,1,0.0,10.0,148.0,0.0,-100.0,437,276,161,63.16,100.0,0.651,-4.087,735,7.32,-95.05,0.01,-99.89,0.0,-97.01
BTC-USDT-SWAP,breakout,1D,0.001,0.01,0.01,1,0.0,10.0,148.0,0.0,-100.0,437,145,292,33.18,100.0,0.328,-4.087,735,0.07,-99.95,0.0,-100.0,0.0,-99.33
BTC-USDT-SWAP,breakout,1D,0.001,0.01,0.015,1,0.0,10.0,148.0,0.0,-100.0,437,212,225,48.51,100.0,0.567,-4.087,735,0.86,-99.42,0.0,-99.98,0.0,-95.8
BTC-USDT-SWAP,breakout,1D,0.001,0.01,0.02,1,0.0,10.0,148.0,0.0,-100.0,437,236,201,54.0,100.0,0.551,-4.087,735,1.28,-99.13,0.0,-99.95,0.0,-93.6
BTC-USDT-SWAP,breakout,1D,0.001,0.01,0.025,1,0.0,10.0,148.0,0.0,-100.0,437,247,190,56.52,100.0,0.601,-4.087,735,2.49,-98.32,0.0,-99.84,0.0,-95.86
BTC-USDT-SWAP,breakout,1D,0.001,0.01,0.03,1,0.0,10.0,148.0,0.0,-100.0,437,254,183,58.12,100.0,0.696,-4.087,735,7.98,-94.61,0.01,-99.93,0.0,-94.39
BTC-USDT-SWAP,breakout,1D,0.001,0.015,0.01,1,0.0,10.0,148.0,0.0,-100.0,437,120,317,27.46,100.0,0.411,-4.087,735,0.06,-99.96,0.0,-100.0,0.0,-99.88
BTC-USDT-SWAP,breakout,1D,0.001,0.015,0.015,1,0.0,10.0,148.0,0.0,-100.0,437,177,260,40.5,100.0,0.643,-4.087,735,0.16,-99.89,0.0,-99.91,0.0,-99.07
BTC-USDT-SWAP,breakout,1D,0.001,0.015,0.02,1,0.0,10.0,148.0,0.0,-100.0,437,196,241,44.85,100.0,0.629,-4.087,735,0.15,-99.9,0.0,-99.78,0.0,-98.56
BTC-USDT-SWAP,breakout,1D,0.001,0.015,0.025,1,0.0,10.0,148.0,0.0,-100.0,437,208,229,47.6,100.0,0.639,-4.087,735,0.53,-99.64,0.0,-99.32,0.0,-98.69
BTC-USDT-SWAP,breakout,1D,0.001,0.015,0.03,1,0.0,10.0,148.0,0.0,-100.0,437,217,220,49.66,100.0,0.738,-4.087,735,5.51,-96.28,0.02,-99.71,0.0,-98.05
BTC-USDT-SWAP,breakout,1D,0.001,0.02,0.01,1,0.0,10.0,148.0,0.0,-100.0,437,115,322,26.32,100.0,0.396,-4.087,735,0.08,-99.94,0.0,-99.99,0.0,-99.82
BTC-USDT-SWAP,breakout,1D,0.001,0.02,0.015,1,0.0,10.0,148.0,0.0,-100.0,437,168,269,38.44,100.0,0.605,-4.087,735,0.15,-99.9,0.0,-99.79,0.0,-97.78
BTC-USDT-SWAP,breakout,1D,0.001,0.02,0.02,1,0.0,10.0,148.0,0.0,-100.0,437,186,251,42.56,100.0,0.584,-4.087,735,0.15,-99.9,0.0,-99.65,0.0,-96.32
BTC-USDT-SWAP,breakout,1D,0.001,0.02,0.025,1,0.0,10.0,148.0,0.0,-100.0,437,198,239,45.31,100.0,0.635,-4.087,735,0.68,-99.54,0.01,-98.84,0.0,-96.55
BTC-USDT-SWAP,breakout,1D,0.001,0.02,0.03,1,0.0,10.0,148.0,0.0,-100.0,437,207,230,47.37,100.0,0.749,-4.087,735,8.51,-94.25,0.04,-99.56,0.0,-94.42
BTC-USDT-SWAP,breakout,1D,0.001,0.03,0.01,1,0.0,10.0,148.0,0.0,-100.0,437,102,335,23.34,100.0,0.225,-4.087,735,0.03,-99.98,0.0,-100.0,0.0,-99.83
BTC-USDT-SWAP,breakout,1D,0.001,0.03,0.015,1,0.0,10.0,148.0,0.0,-100.0,437,151,286,34.55,100.0,0.453,-4.087,735,0.04,-99.97,0.0,-99.92,0.0,-97.65
BTC-USDT-SWAP,breakout,1D,0.001,0.03,0.02,1,0.0,10.0,148.0,0.0,-100.0,437,169,268,38.67,100.0,0.422,-4.087,735,0.05,-99.96,0.0,-99.83,0.0,-97.45
BTC-USDT-SWAP,breakout,1D,0.001,0.03,0.025,1,0.0,10.0,148.0,0.0,-100.0,437,180,257,41.19,100.0,0.452,-4.087,735,0.22,-99.85,0.0,-99.67,0.0,-97.58
BTC-USDT-SWAP,breakout,1D,0.001,0.03,0.03,1,0.0,10.0,148.0,0.0,-100.0,437,189,248,43.25,100.0,0.565,-4.087,735,3.26,-97.79,0.0,-99.87,0.0,-95.71
BTC-USDT-SWAP,breakout,1D,0.002,0.006,0.01,1,0.0,10.0,148.0,0.0,-100.0,411,176,235,42.82,100.0,0.242,-4.087,735,0.23,-99.84,0.0,-100.0,0.0,-99.32
BTC-USDT-SWAP,breakout,1D,0.002,0.006,0.015,1,0.0,10.0,148.0,0.0,-100.0,411,247,164,60.1,100.0,0.46,-4.087,735,1.84,-98.75,0.0,-99.98,0.0,-96.25
BTC-USDT-SWAP,breakout,1D,0.002,0.006,0.02,1,0.0,10.0,148.0,0.0,-100.0,411,272,139,66.18,100.0,0.513,-4.087,735,1.5,-98.99,0.0,-99.84,0.0,-95.64
BTC-USDT-SWAP,breakout,1D,0.002,0.006,0.025,1,0.0,10.0,148.0,0.0,-100.0,411,285,126,69.34,100.0,0.598,-4.087,735,4.81,-96.75,0.01,-99.76,0.0,-96.63
BTC-USDT-SWAP,breakout,1D,0.002,0.006,0.03,1,0.0,10.0,148.0,0.0,-100.0,411,291,120,70.8,100.0,0.593,-4.087,735,9.91,-93.3,0.03,-99.67,0.0,-96.45
BTC-USDT-SWAP,breakout,1D,0.002,0.008,0.01,1,0.0,10.0,148.0,0.0,-100.0,411,155,256,37.71,100.0,0.274,-4.087,735,0.11,-99.92,0.0,-100.0,0.0,-99.24
BTC-USDT-SWAP,breakout,1D,0.002,0.008,0.015,1,0.0,10.0,148.0,0.0,-100.0,411,222,189,54.01,100.0,0.529,-4.087,735,1.33,-99.1,0.0,-99.97,0.0,-94.39
BTC-USDT-SWAP,breakout,1D,0.002,0.008,0.02,1,0.0,10.0,148.0,0.0,-100.0,411,247,164,60.1,100.0,0.547,-4.087,735,1.11,-99.25,0.0,-99.72,0.0,-93.27
BTC-USDT-SWAP,breakout,1D,0.002,0.008,0.025,1,0.0,10.0,148.0,0.0,-100.0,411,258,153,62.77,100.0,0.621,-4.087,735,3.64,-97.54,0.01,-99.73,0.0,-95.81
BTC-USDT-SWAP,breakout,1D,0.002,0.008,0.03,1,0.0,10.0,148.0,0.0,-100.0,411,264,147,64.23,100.0,0.638,-4.087,735,8.7,-94.12,0.04,-99.56,0.0,-95.81
BTC-USDT-SWAP,breakout,1D,0.002,0.01,0.01,1,0.0,10.0,148.0,0.0,-100.0,411,138,273,33.58,100.0,0.3,-4.087,735,0.1,-99.93,0.0,-99.99,0.0,-99.33
BTC-USDT-SWAP,breakout,1D,0.002,0.01,0.015,1,0.0,10.0,148.0,0.0,-100.0,411,197,214,47.93,100.0,0.531,-4.087,735,0.81,-99.45,0.0,-99.97,0.0,-95.65
BTC-USDT-SWAP,breakout,1D,0.002,0.01,0.02,1,0.0,10.0,148.0,0.0,-100.0,411,222,189,54.01,100.0,0.547,-4.087,735,0.59,-99.6,0.0,-99.76,0.0,-92.94
BTC-USDT-SWAP,breakout,1D,0.002,0.01,0.025,1,0.0,10.0,148.0,0.0,-100.0,411,236,175,57.42,100.0,0.598,-4.087,735,2.59,-98.25,0.01,-99.69,0.0,-93.8
BTC-USDT-SWAP,breakout,1D,0.002,0.01,0.03,1,0.0,10.0,148.0,0.0,-100.0,411,241,170,58.64,100.0,0.616,-4.087,735,6.33,-95.72,0.02,-99.72,0.0,-93.69
BTC-USDT-SWAP,breakout,1D,0.002,0.015,0.01,1,0.0,10.0,148.0,0.0,-100.0,411,117,294,28.47,100.0,0.454,-4.087,735,0.14,-99.9,0.0,-99.98,0.0,-99.85
BTC-USDT-SWAP,breakout,1D,0.002,0.015,0.015,1,0.0,10.0,148.0,0.0,-100.0,411,167,244,40.63,100.0,0.666,-4.087,735,0.3,-99.8,0.0,-99.86,0.0,-98.8
BTC-USDT-SWAP,breakout,1D,0.002,0.015,0.02,1,0.0,10.0,148.0,0.0,-100.0,411,187,224,45.5,100.0,0.683,-4.087,735,0.11,-99.92,0.0,-99.22,0.0,-97.2
BTC-USDT-SWAP,breakout,1D,0.002,0.015,0.025,1,0.0,10.0,148.0,0.0,-100.0,411,201,210,48.91,100.0,0.706,-4.087,735,0.79,-99.47,0.01,-98.91,0.0,-97.52
BTC-USDT-SWAP,breakout,1D,0.002,0.015,0.03,1,0.0,10.0,148.0,0.0,-100.0,411,207,204,50.36,100.0,0.741,-4.087,735,4.24,-97.13,0.03,-99.24,0.0,-97.4
BTC-USDT-SWAP,breakout,1D,0.002,0.02,0.01,1,0.0,10.0,148.0,0.0,-100.0,411,111,300,27.01,100.0,0.438,-4.087,735,0.21,-99.86,0.0,-99.97,0.0,-99.77
BTC-USDT-SWAP,breakout,1D,0.002,0.02,0.015,1,0.0,10.0,148.0,0.0,-100.0,411,159,252,38.69,100.0,0.652,-4.087,735,0.46,-99.69,0.0,-99.81,0.0,-96.76
BTC-USDT-SWAP,breakout,1D,0.002,0.02,0.02,1,0.0,10.0,148.0,0.0,-100.0,411,179,232,43.55,100.0,0.658,-4.087,735,0.18,-99.88,0.0,-99.02,0.0,-91.22
BTC-USDT-SWAP,breakout,1D,0.002,0.02,0.025,1,0.0,10.0,148.0,0.0,-100.0,411,193,218,46.96,100.0,0.697,-4.087,735,1.43,-99.04,0.02,-98.67,0.0,-92.1
BTC-USDT-SWAP,breakout,1D,0.002,0.02,0.03,1,0.0,10.0,148.0,0.0,-100.0,411,197,214,47.93,100.0,0.758,-4.087,735,4.61,-96.88,0.03,-99.25,0.0,-91.33
BTC-USDT-SWAP,breakout,1D,0.002,0.03,0.01,1,0.0,10.0,148.0,0.0,-100.0,411,96,315,23.36,100.0,0.245,-4.087,735,0.07,-99.95,0.0,-99.99,0.0,-99.86
BTC-USDT-SWAP,breakout,1D,0.002,0.03,0.015,1,0.0,10.0,148.0,0.0,-100.0,411,141,270,34.31,100.0,0.476,-4.087,735,0.13,-99.91,0.0,-99.96,0.0,-98.54
BTC-USDT-SWAP,breakout,1D,0.002,0.03,0.02,1,0.0,10.0,148.0,0.0,-100.0,411,162,249,39.42,100.0,0.459,-4.087,735,0.04,-99.97,0.0,-99.61,0.0,-96.22
BTC-USDT-SWAP,breakout,1D,0.002,0.03,0.025,1,0.0,10.0,148.0,0.0,-100.0,411,174,237,42.34,100.0,0.49,-4.087,735,0.38,-99.75,0.0,-99.71,0.0,-96.57
BTC-USDT-SWAP,breakout,1D,0.002,0.03,0.03,1,0.0,10.0,148.0,0.0,-100.0,411,178,233,43.31,100.0,0.539,-4.087,735,1.24,-99.16,0.0,-99.84,0.0,-96.2
BTC-USDT-SWAP,breakout,1D,0.003,0.006,0.01,1,0.0,10.0,148.0,0.0,-100.0,390,152,238,38.97,100.0,0.202,-4.087,735,0.22,-99.85,0.0,-100.0,0.0,-99.84
BTC-USDT-SWAP,breakout,1D,0.003,0.006,0.015,1,0.0,10.0,148.0,0.0,-100.0,390,226,164,57.95,100.0,0.46,-4.087,735,1.87,-98.74,0.0,-99.99,0.0,-97.87
BTC-USDT-SWAP,breakout,1D,0.003,0.006,0.02,1,0.0,10.0,148.0,0.0,-100.0,390,253,137,64.87,100.0,0.471,-4.087,735,1.59,-98.93,0.0,-99.9,0.0,-95.47
BTC-USDT-SWAP,breakout,1D,0.003,0.006,0.025,1,0.0,10.0,148.0,0.0,-100.0,390,267,123,68.46,100.0,0.599,-4.087,735,5.09,-96.56,0.01,-99.77,0.0,-97.67
BTC-USDT-SWAP,breakout,1D,0.003,0.006,0.03,1,0.0,10.0,148.0,0.0,-100.0,390,275,115,70.51,100.0,0.61,-4.087,735,16.49,-88.86,0.05,-99.68,0.0,-95.96
BTC-USDT-SWAP,breakout,1D,0.003,0.008,0.01,1,0.0,10.0,148.0,0.0,-100.0,390,137,253,35.13,100.0,0.232,-4.087,735,0.15,-99.9,0.0,-100.0,0.0,-99.77
BTC-USDT-SWAP,breakout,1D,0.003,0.008,0.015,1,0.0,10.0,148.0,0.0,-100.0,390,204,186,52.31,100.0,0.541,-4.087,735,1.89,-98.73,0.0,-99.99,0.0,-96.12
BTC-USDT-SWAP,breakout,1D,0.003,0.008,0.02,1,0.0,10.0,148.0,0.0,-100.0,390,231,159,59.23,100.0,0.549,-4.087,735,1.53,-98.97,0.0,-99.9,0.0,-90.2
BTC-USDT-SWAP,breakout,1D,0.003,0.008,0.025,1,0.0,10.0,148.0,0.0,-100.0,390,245,145,62.82,100.0,0.672,-4.087,735,5.13,-96.53,0.01,-99.78,0.0,-94.86
BTC-USDT-SWAP,breakout,1D,0.003,0.008,0.03,1,0.0,10.0,148.0,0.0,-100.0,390,251,139,64.36,100.0,0.683,-4.087,735,17.94,-87.88,0.04,-99.78,0.0,-92.4
BTC-USDT-SWAP,breakout,1D,0.003,0.01,0.01,1,0.0,10.0,148.0,0.0,-100.0,390,124,266,31.79,100.0,0.293,-4.087,735,0.14,-99.9,0.0,-99.99,0.0,-99.86
BTC-USDT-SWAP,breakout,1D,0.003,0.01,0.015,1,0.0,10.0,148.0,0.0,-100.0,390,181,209,46.41,100.0,0.543,-4.087,735,0.49,-99.67,0.0,-99.97,0.0,-98.24
BTC-USDT-SWAP,breakout,1D,0.003,0.01,0.02,1,0.0,10.0,148.0,0.0,-100.0,390,207,183,53.08,100.0,0.55,-4.087,735,0.27,-99.81,0.0,-99.79,0.0,-93.82
BTC-USDT-SWAP,breakout,1D,0.003,0.01,0.025,1,0.0,10.0,148.0,0.0,-100.0,390,223,167,57.18,100.0,0.63,-4.087,735,0.92,-99.38,0.0,-99.52,0.0,-95.44
BTC-USDT-SWAP,breakout,1D,0.003,0.01,0.03,1,0.0,10.0,148.0,0.0,-100.0,390,232,158,59.49,100.0,0.656,-4.087,735,6.28,-95.76,0.05,-99.25,0.0,-93.13
BTC-USDT-SWAP,breakout,1D,0.003,0.015,0.01,1,0.0,10.0,148.0,0.0,-100.0,390,105,285,26.92,100.0,0.401,-4.087,735,0.19,-99.87,0.0,-99.98,0.0,-99.95
BTC-USDT-SWAP,breakout,1D,0.003,0.015,0.015,1,0.0,10.0,148.0,0.0,-100.0,390,156,234,40.0,100.0,0.637,-4.087,735,0.33,-99.77,0.0,-99.88,0.0,-99.41
BTC-USDT-SWAP,breakout,1D,0.003,0.015,0.02,1,0.0,10.0,148.0,0.0,-100.0,390,178,212,45.64,100.0,0.636,-4.087,735,0.12,-99.92,0.0,-99.38,0.0,-97.05
BTC-USDT-SWAP,breakout,1D,0.003,0.015,0.025,1,0.0,10.0,148.0,0.0,-100.0,390,193,197,49.49,100.0,0.684,-4.087,735,0.36,-99.75,0.01,-98.49,0.0,-97.83
BTC-USDT-SWAP,breakout,1D,0.003,0.015,0.03,1,0.0,10.0,148.0,0.0,-100.0,390,202,188,51.79,100.0,0.74,-4.087,735,7.66,-94.82,0.14,-98.14,0.0,-97.03
BTC-USDT-SWAP,breakout,1D,0.003,0.02,0.01,1,0.0,10.0,148.0,0.0,-100.0,390,96,294,24.62,100.0,0.408,-4.087,735,0.23,-99.84,0.0,-99.98,0.0,-99.94
BTC-USDT-SWAP,breakout,1D,0.003,0.02,0.015,1,0.0,10.0,148.0,0.0,-100.0,390,145,245,37.18,100.0,0.642,-4.087,735,0.42,-99.72,0.0,-99.92,0.0,-98.84
BTC-USDT-SWAP,breakout,1D,0.003,0.02,0.02,1,0.0,10.0,148.0,0.0,-100.0,390,168,222,43.08,100.0,0.611,-4.087,735,0.13,-99.91,0.0,-99.42,0.0,-92.33
BTC-USDT-SWAP,breakout,1D,0.003,0.02,0.025,1,0.0,10.0,148.0,0.0,-100.0,390,183,207,46.92,100.0,0.691,-4.087,735,0.47,-99.68,0.01,-98.65,0.0,-94.32
BTC-USDT-SWAP,breakout,1D,0.003,0.02,0.03,1,0.0,10.0,148.0,0.0,-100.0,390,190,200,48.72,100.0,0.742,-4.087,735,4.36,-97.06,0.06,-98.7,0.0,-91.88
BTC-USDT-SWAP,breakout,1D,0.003,0.03,0.01,1,0.0,10.0,148.0,0.0,-100.0,390,84,306,21.54,100.0,0.228,-4.087,735,0.12,-99.92,0.0,-99.99,0.0,-99.96
BTC-USDT-SWAP,breakout,1D,0.003,0.03,0.015,1,0.0,10.0,148.0,0.0,-100.0,390,128,262,32.82,100.0,0.481,-4.087,735,0.12,-99.92,0.0,-99.98,0.0,-99.35
BTC-USDT-SWAP,breakout,1D,0.003,0.03,0.02,1,0.0,10.0,148.0,0.0,-100.0,390,151,239,38.72,100.0,0.443,-4.087,735,0.03,-99.98,0.0,-99.8,0.0,-96.43
BTC-USDT-SWAP,breakout,1D,0.003,0.03,0.025,1,0.0,10.0,148.0,0.0,-100.0,390,164,226,42.05,100.0,0.517,-4.087,735,0.16,-99.89,0.0,-99.7,0.0,-97.36
BTC-USDT-SWAP,breakout,1D,0.003,0.03,0.03,1,0.0,10.0,148.0,0.0,-100.0,390,171,219,43.85,100.0,0.552,-4.087,735,1.62,-98.9,0.0,-99.73,0.0,-96.19
BTC-USDT-SWAP,breakout,1D,0.005,0.006,0.01,1,0.0,10.0,148.0,0.0,-100.0,353,126,227,35.69,100.0,0.125,-4.087,735,0.52,-99.65,0.0,-100.0,0.0,-99.82
BTC-USDT-SWAP,breakout,1D,0.005,0.006,0.015,1,0.0,10.0,148.0,0.0,-100.0,353,184,169,52.12,100.0,0.329,-4.087,735,1.6,-98.92,0.0,-100.0,0.0,-99.06
BTC-USDT-SWAP,breakout,1D,0.005,0.006,0.02,1,0.0,10.0,148.0,0.0,-100.0,353,220,133,62.32,100.0,0.419,-4.087,735,2.69,-98.18,0.0,-99.96,0.0,-94.89
BTC-USDT-SWAP,breakout,1D,0.005,0.006,0.025,1,0.0,10.0,148.0,0.0,-100.0,353,237,116,67.14,100.0,0.423,-4.087,735,4.13,-97.21,0.0,-99.9,0.0,-84.57
BTC-USDT-SWAP,breakout,1D,0.005,0.006,0.03,1,0.0,10.0,148.0,0.0,-100.0,353,245,108,69.41,100.0,0.532,-4.087,735,11.75,-92.06,0.03,-99.73,0.0,-91.94
BTC-USDT-SWAP,breakout,1D,0.005,0.008,0.01,1,0.0,10.0,148.0,0.0,-100.0,353,106,247,30.03,100.0,0.138,-4.087,735,0.39,-99.73,0.0,-100.0,0.0,-99.91
BTC-USDT-SWAP,breakout,1D,0.005,0.008,0.015,1,0.0,10.0,148.0,0.0,-100.0,353,158,195,44.76,100.0,0.361,-4.087,735,0.6,-99.6,0.0,-99.99,0.0,-99.64
BTC-USDT-SWAP,breakout,1D,0.005,0.008,0.02,1,0.0,10.0,148.0,0.0,-100.0,353,190,163,53.82,100.0,0.429,-4.087,735,0.39,-99.74,0.0,-99.91,0.0,-97.81
BTC-USDT-SWAP,breakout,1D,0.005,0.008,0.025,1,0.0,10.0,148.0,0.0,-100.0,353,210,143,59.49,100.0,0.442,-4.087,735,0.83,-99.44,0.0,-99.78,0.0,-90.58
BTC-USDT-SWAP,breakout,1D,0.005,0.008,0.03,1,0.0,10.0,148.0,0.0,-100.0,353,221,132,62.61,100.0,0.537,-4.087,735,4.22,-97.15,0.03,-99.4,0.0,-92.87
BTC-USDT-SWAP,breakout,1D,0.005,0.01,0.01,1,0.0,10.0,148.0,0.0,-100.0,353,92,261,26.06,100.0,0.171,-4.087,735,0.29,-99.81,0.0,-100.0,0.0,-99.96
BTC-USDT-SWAP,breakout,1D,0.005,0.01,0.015,1,0.0,10.0,148.0,0.0,-100.0,353,141,212,39.94,100.0,0.439,-4.087,735,0.43,-99.71,0.0,-99.99,0.0,-99.87
BTC-USDT-SWAP,breakout,1D,0.005,0.01,0.02,1,0.0,10.0,148.0,0.0,-100.0,353,171,182,48.44,100.0,0.519,-4.087,735,0.29,-99.8,0.0,-99.89,0.0,-99.34
BTC-USDT-SWAP,breakout,1D,0.005,0.01,0.025,1,0.0,10.0,148.0,0.0,-100.0,353,190,163,53.82,100.0,0.531,-4.087,735,0.69,-99.53,0.0,-99.8,0.0,-97.2
BTC-USDT-SWAP,breakout,1D,0.005,0.01,0.03,1,0.0,10.0,148.0,0.0,-100.0,353,199,154,56.37,100.0,0.598,-4.087,735,3.0,-97.97,0.01,-99.56,0.0,-97.97
BTC-USDT-SWAP,breakout,1D,0.005,0.015,0.01,1,0.0,10.0,148.0,0.0,-100.0,353,82,271,23.23,100.0,0.145,-4.087,735,0.37,-99.75,0.0,-100.0,0.0,-99.94
BTC-USDT-SWAP,breakout,1D,0.005,0.015,0.015,1,0.0,10.0,148.0,0.0,-100.0,353,129,224,36.54,100.0,0.474,-4.087,735,0.68,-99.54,0.0,-99.98,0.0,-99.78
BTC-USDT-SWAP,breakout,1D,0.005,0.015,0.02,1,0.0,10.0,148.0,0.0,-100.0,353,156,197,44.19,100.0,0.518,-4.087,735,0.26,-99.83,0.0,-99.72,0.0,-98.36
BTC-USDT-SWAP,breakout,1D,0.005,0.015,0.025,1,0.0,10.0,148.0,0.0,-100.0,353,173,180,49.01,100.0,0.52,-4.087,735,0.52,-99.65,0.0,-99.49,0.0,-92.79
BTC-USDT-SWAP,breakout,1D,0.005,0.015,0.03,1,0.0,10.0,148.0,0.0,-100.0,353,180,173,50.99,100.0,0.643,-4.087,735,3.01,-97.97,0.03,-98.91,0.0,-94.53
BTC-USDT-SWAP,breakout,1D,0.005,0.02,0.01,1,0.0,10.0,148.0,0.0,-100.0,353,76,277,21.53,100.0,0.199,-4.087,735,0.52,-99.65,0.0,-100.0,0.0,-99.94
BTC-USDT-SWAP,breakout,1D,0.005,0.02,0.015,1,0.0,10.0,148.0,0.0,-100.0,353,120,233,33.99,100.0,0.586,-4.087,735,0.81,-99.45,0.0,-99.98,0.0,-99.79
BTC-USDT-SWAP,breakout,1D,0.005,0.02,0.02,1,0.0,10.0,148.0,0.0,-100.0,353,147,206,41.64,100.0,0.595,-4.087,735,0.28,-99.81,0.0,-99.8,0.0,-97.15
BTC-USDT-SWAP,breakout,1D,0.005,0.02,0.025,1,0.0,10.0,148.0,0.0,-100.0,353,163,190,46.18,100.0,0.584,-4.087,735,0.5,-99.66,0.0,-99.49,0.0,-89.38
BTC-USDT-SWAP,breakout,1D,0.005,0.02,0.03,1,0.0,10.0,148.0,0.0,-100.0,353,169,184,47.88,100.0,0.71,-4.087,735,3.13,-97.88,0.03,-99.18,0.0,-91.59
BTC-USDT-SWAP,breakout,1D,0.005,0.03,0.01,1,0.0,10.0,148.0,0.0,-100.0,353,69,284,19.55,100.0,0.196,-4.087,735,0.58,-99.61,0.0,-100.0,0.0,-99.95
BTC-USDT-SWAP,breakout,1D,0.005,0.03,0.015,1,0.0,10.0,148.0,0.0,-100.0,353,107,246,30.31,100.0,0.382,-4.087,735,0.22,-99.85,0.0,-99.99,0.0,-99.74
BTC-USDT-SWAP,breakout,1D,0.005,0.03,0.02,1,0.0,10.0,148.0,0.0,-100.0,353,129,224,36.54,100.0,0.386,-4.087,735,0.05,-99.96,0.0,-99.96,0.0,-98.25
BTC-USDT-SWAP,breakout,1D,0.005,0.03,0.025,1,0.0,10.0,148.0,0.0,-100.0,353,144,209,40.79,100.0,0.377,-4.087,735,0.12,-99.92,0.0,-99.92,0.0,-93.42
BTC-USDT-SWAP,breakout,1D,0.005,0.03,0.03,1,0.0,10.0,148.0,0.0,-100.0,353,149,204,42.21,100.0,0.444,-4.087,735,0.74,-99.5,0.0,-99.9,0.0,-94.9
BTC-USDT-SWAP,breakout,1D,0.007,0.006,0.01,1,0.0,10.0,148.0,0.0,-100.0,312,111,201,35.58,100.0,0.108,-4.087,735,0.33,-99.78,0.0,-99.96,0.0,-99.84
BTC-USDT-SWAP,breakout,1D,0.007,0.006,0.015,1,0.0,10.0,148.0,0.0,-100.0,312,169,143,54.17,100.0,0.286,-4.087,735,0.76,-99.49,0.0,-99.67,0.0,-99.3
BTC-USDT-SWAP,breakout,1D,0.007,0.006,0.02,1,0.0,10.0,148.0,0.0,-100.0,312,192,120,61.54,100.0,0.321,-4.087,735,1.05,-99.29,0.01,-99.34,0.0,-97.32
BTC-USDT-SWAP,breakout,1D,0.007,0.006,0.025,1,0.0,10.0,148.0,0.0,-100.0,312,210,102,67.31,100.0,0.331,-4.087,735,1.7,-98.85,0.03,-98.06,0.0,-85.77
BTC-USDT-SWAP,breakout,1D,0.007,0.006,0.03,1,0.0,10.0,148.0,0.02,-99.99,312,218,94,69.87,99.99,0.384,-4.087,735,7.12,-95.19,0.13,-98.17,0.02,-84.84
BTC-USDT-SWAP,breakout,1D,0.007,0.008,0.01,1,0.0,10.0,148.0,0.0,-100.0,312,95,217,30.45,100.0,0.135,-4.087,735,0.24,-99.84,0.0,-99.95,0.0,-99.91
BTC-USDT-SWAP,breakout,1D,0.007,0.008,0.015,1,0.0,10.0,148.0,0.0,-100.0,312,149,163,47.76,100.0,0.388,-4.087,735,0.6,-99.6,0.0,-99.64,0.0,-99.73
BTC-USDT-SWAP,breakout,1D,0.007,0.008,0.02,1,0.0,10.0,148.0,0.0,-100.0,312,171,141,54.81,100.0,0.434,-4.087,735,0.77,-99.48,0.01,-99.33,0.0,-99.13
BTC-USDT-SWAP,breakout,1D,0.007,0.008,0.025,1,0.0,10.0,148.0,0.0,-100.0,312,189,123,60.58,100.0,0.444,-4.087,735,1.34,-99.1,0.02,-98.19,0.0,-95.55
BTC-USDT-SWAP,breakout,1D,0.007,0.008,0.03,1,0.0,10.0,148.0,0.0,-100.0,312,196,116,62.82,100.0,0.48,-4.087,735,5.25,-96.45,0.09,-98.33,0.0,-95.57
BTC-USDT-SWAP,breakout,1D,0.007,0.01,0.01,1,0.0,10.0,148.0,0.0,-100.0,312,89,223,28.53,100.0,0.178,-4.087,735,0.28,-99.81,0.0,-99.93,0.0,-99.91
BTC-USDT-SWAP,breakout,1D,0.007,0.01,0.015,1,0.0,10.0,148.0,0.0,-100.0,312,143,169,45.83,100.0,0.486,-4.087,735,0.89,-99.4,0.01,-99.3,0.0,-99.61
BTC-USDT-SWAP,breakout,1D,0.007,0.01,0.02,1,0.0,10.0,148.0,0.0,-100.0,312,164,148,52.56,100.0,0.515,-4.087,735,0.98,-99.34,0.01,-98.56,0.0,-98.61
BTC-USDT-SWAP,breakout,1D,0.007,0.01,0.025,1,0.0,10.0,148.0,0.0,-100.0,312,179,133,57.37,100.0,0.524,-4.087,735,1.01,-99.32,0.05,-95.51,0.0,-93.39
BTC-USDT-SWAP,breakout,1D,0.007,0.01,0.03,1,0.0,10.0,148.0,0.02,-99.98,312,187,125,59.94,99.99,0.577,-4.087,735,7.94,-94.64,0.34,-95.69,0.02,-93.3
BTC-USDT-SWAP,breakout,1D,0.007,0.015,0.01,1,0.0,10.0,148.0,0.0,-100.0,312,77,235,24.68,100.0,0.143,-4.087,735,0.31,-99.79,0.0,-99.94,0.0,-99.88
BTC-USDT-SWAP,breakout,1D,0.007,0.015,0.015,1,0.0,10.0,148.0,0.0,-100.0,312,130,182,41.67,100.0,0.55,-4.087,735,1.47,-99.01,0.01,-99.1,0.0,-99.26
BTC-USDT-SWAP,breakout,1D,0.007,0.015,0.02,1,0.0,10.0,148.0,0.0,-100.0,312,148,164,47.44,100.0,0.536,-4.087,735,1.24,-99.16,0.02,-98.65,0.0,-96.46
BTC-USDT-SWAP,breakout,1D,0.007,0.015,0.025,1,0.0,10.0,148.0,0.01,-99.99,312,163,149,52.24,99.99,0.535,-4.087,735,1.39,-99.06,0.06,-95.96,0.01,-78.07
BTC-USDT-SWAP,breakout,1D,0.007,0.015,0.03,1,0.0,10.0,148.0,0.05,-99.97,312,169,143,54.17,99.98,0.599,-4.086,735,6.95,-95.3,0.22,-96.82,0.05,-76.71
BTC-USDT-SWAP,breakout,1D,0.007,0.02,0.01,1,0.0,10.0,148.0,0.0,-100.0,312,66,246,21.15,100.0,0.146,-4.087,735,0.22,-99.85,0.0,-99.96,0.0,-99.91
BTC-USDT-SWAP,breakout,1D,0.007,0.02,0.015,1,0.0,10.0,148.0,0.0,-100.0,312,110,202,35.26,100.0,0.357,-4.087,735,0.48,-99.68,0.0,-99.78,0.0,-99.54
BTC-USDT-SWAP,breakout,1D,0.007,0.02,0.02,1,0.0,10.0,148.0,0.0,-100.0,312,127,185,40.71,100.0,0.326,-4.087,735,0.34,-99.77,0.0,-99.74,0.0,-97.53
BTC-USDT-SWAP,breakout,1D,0.007,0.02,0.025,1,0.0,10.0,148.0,0.0,-100.0,312,142,170,45.51,100.0,0.307,-4.087,735,0.33,-99.78,0.0,-98.87,0.0,-80.31
BTC-USDT-SWAP,breakout,1D,0.007,0.02,0.03,1,0.0,10.0,148.0,0.0,-100.0,312,146,166,46.79,100.0,0.339,-4.087,735,1.28,-99.13,0.01,-99.23,0.0,-78.17
BTC-USDT-SWAP,breakout,1D,0.007,0.03,0.01,1,0.0,10.0,148.0,0.0,-100.0,312,58,254,18.59,100.0,0.176,-4.087,735,0.17,-99.89,0.0,-99.99,0.0,-99.9
BTC-USDT-SWAP,breakout,1D,0.007,0.03,0.015,1,0.0,10.0,148.0,0.0,-100.0,312,99,213,31.73,100.0,0.4,-4.087,735,0.23,-99.85,0.0,-99.92,0.0,-99.34
BTC-USDT-SWAP,breakout,1D,0.007,0.03,0.02,1,0.0,10.0,148.0,0.0,-100.0,312,114,198,36.54,100.0,0.373,-4.087,735,0.15,-99.9,0.0,-99.89,0.0,-98.52
BTC-USDT-SWAP,breakout,1D,0.007,0.03,0.025,1,0.0,10.0,148.0,0.0,-100.0,312,128,184,41.03,100.0,0.359,-4.087,735,0.13,-99.91,0.0,-99.65,0.0,-89.26
BTC-USDT-SWAP,breakout,1D,0.007,0.03,0.03,1,0.0,10.0,148.0,0.0,-100.0,312,132,180,42.31,100.0,0.388,-4.087,735,0.67,-99.55,0.0,-99.81,0.0,-88.53
BTC-USDT-SWAP,breakout,1D,0.01,0.006,0.01,1,0.0,10.0,148.0,0.0,-100.0,265,83,182,31.32,100.0,0.058,-4.087,735,0.41,-99.72,0.0,-99.93,0.0,-99.68
BTC-USDT-SWAP,breakout,1D,0.01,0.006,0.015,1,0.0,10.0,148.0,0.0,-100.0,265,133,132,50.19,100.0,0.203,-4.087,735,1.55,-98.96,0.01,-99.32,0.0,-99.72
BTC-USDT-SWAP,breakout,1D,0.01,0.006,0.02,1,0.0,10.0,148.0,0.0,-100.0,265,160,105,60.38,100.0,0.445,-4.087,735,4.83,-96.74,0.14,-97.18,0.0,-99.64
BTC-USDT-SWAP,breakout,1D,0.01,0.006,0.025,1,0.0,10.0,148.0,0.0,-100.0,265,171,94,64.53,100.0,0.411,-4.087,735,2.59,-98.25,0.14,-94.42,0.0,-98.8
BTC-USDT-SWAP,breakout,1D,0.01,0.006,0.03,1,0.0,10.0,148.0,0.01,-99.99,265,179,86,67.55,100.0,0.426,-4.087,735,4.13,-97.21,0.31,-92.51,0.01,-97.39
BTC-USDT-SWAP,breakout,1D,0.01,0.008,0.01,1,0.0,10.0,148.0,0.0,-100.0,265,73,192,27.55,100.0,0.064,-4.087,735,0.42,-99.72,0.0,-99.93,0.0,-99.63
BTC-USDT-SWAP,breakout,1D,0.01,0.008,0.015,1,0.0,10.0,148.0,0.0,-100.0,265,120,145,45.28,100.0,0.213,-4.087,735,1.59,-98.93,0.01,-99.06,0.0,-99.69
BTC-USDT-SWAP,breakout,1D,0.01,0.008,0.02,1,0.0,10.0,148.0,0.0,-100.0,265,148,117,55.85,100.0,0.499,-4.087,735,5.62,-96.2,0.31,-94.47,0.0,-99.6
BTC-USDT-SWAP,breakout,1D,0.01,0.008,0.025,1,0.0,10.0,148.0,0.0,-100.0,265,157,108,59.25,100.0,0.445,-4.087,735,1.97,-98.67,0.23,-88.18,0.0,-98.46
BTC-USDT-SWAP,breakout,1D,0.01,0.008,0.03,1,0.0,10.0,148.0,0.02,-99.99,265,165,100,62.26,99.99,0.456,-4.087,735,2.88,-98.05,0.47,-83.52,0.02,-96.43
BTC-USDT-SWAP,breakout,1D,0.01,0.01,0.01,1,0.0,10.0,148.0,0.0,-100.0,265,71,194,26.79,100.0,0.087,-4.087,735,0.53,-99.64,0.0,-99.92,0.0,-99.46
BTC-USDT-SWAP,breakout,1D,0.01,0.01,0.015,1,0.0,10.0,148.0,0.0,-100.0,265,112,153,42.26,100.0,0.21,-4.087,735,1.55,-98.95,0.01,-99.17,0.0,-99.57
BTC-USDT-SWAP,breakout,1D,0.01,0.01,0.02,1,0.0,10.0,148.0,0.0,-100.0,265,139,126,52.45,100.0,0.523,-4.087,735,5.27,-96.44,0.27,-94.84,0.0,-99.4
BTC-USDT-SWAP,breakout,1D,0.01,0.01,0.025,1,0.0,10.0,148.0,0.0,-100.0,265,148,117,55.85,100.0,0.448,-4.087,735,1.8,-98.79,0.19,-89.6,0.0,-97.51
BTC-USDT-SWAP,breakout,1D,0.01,0.01,0.03,1,0.0,10.0,148.0,0.02,-99.98,265,156,109,58.87,99.99,0.472,-4.087,735,2.94,-98.01,0.38,-86.96,0.02,-93.9
BTC-USDT-SWAP,breakout,1D,0.01,0.015,0.01,1,0.0,10.0,148.0,0.0,-100.0,265,58,207,21.89,100.0,0.141,-4.087,735,0.8,-99.46,0.0,-99.92,0.0,-99.54
BTC-USDT-SWAP,breakout,1D,0.01,0.015,0.015,1,0.0,10.0,148.0,0.0,-100.0,265,93,172,35.09,100.0,0.334,-4.087,735,2.39,-98.39,0.02,-99.35,0.0,-99.65
BTC-USDT-SWAP,breakout,1D,0.01,0.015,0.02,1,0.0,10.0,148.0,0.0,-100.0,265,115,150,43.4,100.0,0.654,-4.087,735,7.12,-95.19,0.2,-97.14,0.0,-99.53
BTC-USDT-SWAP,breakout,1D,0.01,0.015,0.025,1,0.0,10.0,148.0,0.0,-100.0,265,125,140,47.17,100.0,0.576,-4.087,735,2.36,-98.41,0.12,-95.06,0.0,-96.36
BTC-USDT-SWAP,breakout,1D,0.01,0.015,0.03,1,0.0,10.0,148.0,0.02,-99.99,265,132,133,49.81,99.99,0.579,-4.087,735,3.15,-97.87,0.23,-92.59,0.02,-90.9
BTC-USDT-SWAP,breakout,1D,0.01,0.02,0.01,1,0.0,10.0,148.0,0.0,-100.0,265,49,216,18.49,100.0,0.112,-4.087,735,0.53,-99.64,0.0,-99.95,0.0,-99.51
BTC-USDT-SWAP,breakout,1D,0.01,0.02,0.015,1,0.0,10.0,148.0,0.0,-100.0,265,82,183,30.94,100.0,0.323,-4.087,735,2.7,-98.18,0.01,-99.78,0.0,-99.63
BTC-USDT-SWAP,breakout,1D,0.01,0.02,0.02,1,0.0,10.0,148.0,0.0,-100.0,265,102,163,38.49,100.0,0.497,-4.087,735,4.24,-97.14,0.04,-99.16,0.0,-99.4
BTC-USDT-SWAP,breakout,1D,0.01,0.02,0.025,1,0.0,10.0,148.0,0.0,-100.0,265,110,155,41.51,100.0,0.381,-4.087,735,1.15,-99.22,0.02,-98.29,0.0,-97.95
BTC-USDT-SWAP,breakout,1D,0.01,0.02,0.03,1,0.0,10.0,148.0,0.0,-100.0,265,117,148,44.15,100.0,0.377,-4.087,735,1.46,-99.01,0.04,-97.57,0.0,-94.52
BTC-USDT-SWAP,breakout,1D,0.01,0.03,0.01,1,0.0,10.0,148.0,0.0,-100.0,265,45,220,16.98,100.0,0.114,-4.087,735,0.53,-99.64,0.0,-99.96,0.0,-99.46
BTC-USDT-SWAP,breakout,1D,0.01,0.03,0.015,1,0.0,10.0,148.0,0.0,-100.0,265,73,192,27.55,100.0,0.32,-4.087,735,1.84,-98.75,0.0,-99.92,0.0,-99.56
BTC-USDT-SWAP,breakout,1D,0.01,0.03,0.02,1,0.0,10.0,148.0,0.0,-100.0,265,91,174,34.34,100.0,0.476,-4.087,735,2.01,-98.64,0.01,-99.68,0.0,-99.4
BTC-USDT-SWAP,breakout,1D,0.01,0.03,0.025,1,0.0,10.0,148.0,0.0,-100.0,265,98,167,36.98,100.0,0.394,-4.087,735,0.42,-99.72,0.0,-99.33,0.0,-98.1
BTC-USDT-SWAP,breakout,1D,0.01,0.03,0.03,1,0.0,10.0,148.0,0.0,-100.0,265,104,161,39.25,100.0,0.399,-4.087,735,0.62,-99.58,0.01,-99.1,0.0,-95.68
BTC-USDT-SWAP,fade,1D,0.001,0.006,0.01,1,0.0,10.0,148.0,70.06,-52.66,583,439,144,75.3,95.26,0.978,-2.152,735,263.78,78.23,277.83,5.33,70.06,-74.78
BTC-USDT-SWAP,fade,1D,0.001,0.006,0.015,1,0.0,10.0,148.0,353.7,138.98,583,473,110,81.13,94.86,1.023,5.681,735,569.77,284.98,427.97,-24.89,353.7,-17.36
BTC-USDT-SWAP,fade,1D,0.001,0.006,0.02,1,0.0,10.0,148.0,678.66,358.55,583,490,93,84.05,94.84,1.061,14.655,735,605.48,309.11,273.77,-54.78,678.66,147.89
BTC-USDT-SWAP,fade,1D,0.001,0.006,0.025,1,0.0,10.0,148.0,719.22,385.96,583,494,89,84.73,96.73,1.052,15.775,735,956.47,546.27,318.66,-66.68,719.22,125.7
BTC-USDT-SWAP,fade,1D,0.001,0.006,0.03,1,0.0,10.0,148.0,2052.51,1286.83,583,501,82,85.93,95.44,1.162,52.595,735,830.55,461.18,394.26,-52.53,2052.51,420.6
BTC-USDT-SWAP,fade,1D,0.001,0.008,0.01,1,0.0,10.0,148.0,3.18,-97.85,583,372,211,63.81,99.73,0.971,-3.999,735,398.9,169.52,80.34,-79.86,3.18,-96.05
BTC-USDT-SWAP,fade,1D,0.001,0.008,0.015,1,0.0,10.0,148.0,6.43,-95.65,583,406,177,69.64,99.54,0.962,-3.91,735,372.81,151.9,23.84,-93.6,6.43,-73.02
BTC-USDT-SWAP,fade,1D,0.001,0.008,0.02,1,0.0,10.0,148.0,2.01,-98.64,583,422,161,72.38,99.9,0.941,-4.032,735,254.44,71.92,4.53,-98.22,2.01,-55.61
BTC-USDT-SWAP,fade,1D,0.001,0.008,0.025,1,0.0,10.0,148.0,3.3,-97.77,583,431,152,73.93,99.92,0.964,-3.996,735,490.08,231.14,6.52,-98.67,3.3,-49.36
BTC-USDT-SWAP,fade,1D,0.001,0.008,0.03,1,0.0,10.0,148.0,10.26,-93.07,583,439,144,75.3,99.78,0.965,-3.804,735,450.75,204.56,9.17,-97.96,10.26,11.85
BTC-USDT-SWAP,fade,1D,0.001,0.01,0.01,1,0.0,10.0,148.0,0.34,-99.77,583,328,255,56.26,99.95,0.959,-4.078,735,331.37,123.9,20.53,-93.8,0.34,-98.33
BTC-USDT-SWAP,fade,1D,0.001,0.01,0.015,1,0.0,10.0,148.0,0.42,-99.72,583,364,219,62.44,99.91,0.955,-4.076,735,464.96,214.16,5.05,-98.91,0.42,-91.74
BTC-USDT-SWAP,fade,1D,0.001,0.01,0.02,1,0.0,10.0,148.0,0.05,-99.96,583,380,203,65.18,99.99,0.929,-4.086,735,303.24,104.89,0.47,-99.84,0.05,-88.95
BTC-USDT-SWAP,fade,1D,0.001,0.01,0.025,1,0.0,10.0,148.0,0.04,-99.97,583,390,193,66.9,100.0,0.954,-4.086,735,612.7,313.98,0.52,-99.92,0.04,-91.39
BTC-USDT-SWAP,fade,1D,0.001,0.01,0.03,1,0.0,10.0,148.0,0.17,-99.88,583,398,185,68.27,99.98,0.962,-4.082,735,660.88,346.54,1.2,-99.82,0.17,-85.68
BTC-USDT-SWAP,fade,1D,0.001,0.015,0.01,1,0.0,10.0,148.0,0.0,-100.0,583,245,338,42.02,100.0,0.586,-4.087,735,4.97,-96.64,0.02,-99.68,0.0,-99.76
BTC-USDT-SWAP,fade,1D,0.001,0.015,0.015,1,0.0,10.0,148.0,0.0,-100.0,583,282,301,48.37,100.0,0.69,-4.087,735,19.98,-86.5,0.0,-99.98,0.0,-99.74
BTC-USDT-SWAP,fade,1D,0.001,0.015,0.02,1,0.0,10.0,148.0,0.0,-100.0,583,297,286,50.94,100.0,0.671,-4.087,735,8.65,-94.15,0.0,-100.0,0.0,-99.85
BTC-USDT-SWAP,fade,1D,0.001,0.015,0.025,1,0.0,10.0,148.0,0.0,-100.0,583,309,274,53.0,100.0,0.789,-4.087,735,24.47,-83.47,0.0,-100.0,0.0,-99.93
BTC-USDT-SWAP,fade,1D,0.001,0.015,0.03,1,0.0,10.0,148.0,0.0,-100.0,583,316,267,54.2,100.0,0.835,-4.087,735,19.27,-86.98,0.0,-100.0,0.0,-99.94
BTC-USDT-SWAP,fade,1D,0.001,0.02,0.01,1,0.0,10.0,148.0,0.0,-100.0,583,212,371,36.36,100.0,0.483,-4.087,735,0.91,-99.39,0.0,-99.93,0.0,-99.92
BTC-USDT-SWAP,fade,1D,0.001,0.02,0.015,1,0.0,10.0,148.0,0.0,-100.0,583,249,334,42.71,100.0,0.567,-4.087,735,4.58,-96.9,0.0,-100.0,0.0,-99.94
BTC-USDT-SWAP,fade,1D,0.001,0.02,0.02,1,0.0,10.0,148.0,0.0,-100.0,583,264,319,45.28,100.0,0.584,-4.087,735,1.42,-99.04,0.0,-100.0,0.0,-99.97
BTC-USDT-SWAP,fade,1D,0.001,0.02,0.025,1,0.0,10.0,148.0,0.0,-100.0,583,275,308,47.17,100.0,0.692,-4.087,735,2.01,-98.64,0.0,-100.0,0.0,-99.98
BTC-USDT-SWAP,fade,1D,0.001,0.02,0.03,1,0.0,10.0,148.0,0.0,-100.0,583,281,302,48.2,100.0,0.762,-4.087,735,1.0,-99.33,0.0,-100.0,0.0,-99.99
BTC-USDT-SWAP,fade,1D,0.001,0.03,0.01,1,0.0,10.0,148.0,0.0,-100.0,583,193,390,33.1,100.0,0.333,-4.087,735,0.09,-99.94,0.0,-99.97,0.0,-99.92
BTC-USDT-SWAP,fade,1D,0.001,0.03,0.015,1,0.0,10.0,148.0,0.0,-100.0,583,224,359,38.42,100.0,0.338,-4.087,735,0.06,-99.96,0.0,-100.0,0.0,-99.97
BTC-USDT-SWAP,fade,1D,0.001,0.03,0.02,1,0.0,10.0,148.0,0.0,-100.0,583,239,344,40.99,100.0,0.362,-4.087,735,0.02,-99.99,0.0,-100.0,0.0,-99.98
BTC-USDT-SWAP,fade,1D,0.001,0.03,0.025,1,0.0,10.0,148.0,0.0,-100.0,583,249,334,42.71,100.0,0.38,-4.087,735,0.01,-99.99,0.0,-100.0,0.0,-99.99
BTC-USDT-SWAP,fade,1D,0.001,0.03,0.03,1,0.0,10.0,148.0,0.0,-100.0,583,255,328,43.74,100.0,0.52,-4.087,735,0.0,-100.0,0.0,-100.0,0.0,-99.99
BTC-USDT-SWAP,fade,1D,0.002,0.006,0.01,1,0.0,10.0,148.0,77.59,-47.58,558,418,140,74.91,91.38,0.981,-1.945,735,244.96,65.51,243.93,-0.42,77.59,-68.19
BTC-USDT-SWAP,fade,1D,0.002,0.006,0.015,1,0.0,10.0,148.0,227.17,53.49,558,448,110,80.29,88.64,1.021,2.186,735,265.94,79.69,142.43,-46.44,227.17,59.49
BTC-USDT-SWAP,fade,1D,0.002,0.006,0.02,1,0.0,10.0,148.0,485.28,227.89,558,465,93,83.33,93.05,1.071,9.314,735,382.01,158.12,124.89,-67.31,485.28,288.55
BTC-USDT-SWAP,fade,1D,0.002,0.006,0.025,1,0.0,10.0,148.0,1355.16,815.65,558,473,85,84.77,92.77,1.13,33.337,735,718.64,385.57,399.83,-44.36,1355.16,238.94
BTC-USDT-SWAP,fade,1D,0.002,0.006,0.03,1,0.0,10.0,148.0,2589.68,1649.78,558,478,80,85.66,93.71,1.312,67.43,735,446.57,201.74,349.6,-21.71,2589.68,640.75
BTC-USDT-SWAP,fade,1D,0.002,0.008,0.01,1,0.0,10.0,148.0,10.39,-92.98,558,364,194,65.23,98.37,0.957,-3.8,735,310.01,109.47,56.0,-81.94,10.39,-81.45
BTC-USDT-SWAP,fade,1D,0.002,0.008,0.015,1,0.0,10.0,148.0,8.74,-94.09,558,393,165,70.43,99.37,0.949,-3.846,735,364.63,146.37,10.24,-97.19,8.74,-14.64
BTC-USDT-SWAP,fade,1D,0.002,0.008,0.02,1,0.0,10.0,148.0,6.07,-95.9,558,411,147,73.66,99.79,0.945,-3.919,735,272.81,84.33,3.95,-98.55,6.07,53.86
BTC-USDT-SWAP,fade,1D,0.002,0.008,0.025,1,0.0,10.0,148.0,27.46,-81.44,558,420,138,75.27,99.67,0.976,-3.329,735,611.82,313.4,16.5,-97.3,27.46,66.42
BTC-USDT-SWAP,fade,1D,0.002,0.008,0.03,1,0.0,10.0,148.0,69.65,-52.94,558,426,132,76.34,99.71,0.983,-2.164,735,431.27,191.4,19.66,-95.44,69.65,254.36
BTC-USDT-SWAP,fade,1D,0.002,0.01,0.01,1,0.0,10.0,148.0,0.54,-99.63,558,316,242,56.63,99.9,0.959,-4.072,735,254.77,72.14,19.07,-92.52,0.54,-97.16
BTC-USDT-SWAP,fade,1D,0.002,0.01,0.015,1,0.0,10.0,148.0,0.34,-99.77,558,348,210,62.37,99.86,0.911,-4.078,735,173.94,17.52,1.45,-99.17,0.34,-76.74
BTC-USDT-SWAP,fade,1D,0.002,0.01,0.02,1,0.0,10.0,148.0,0.05,-99.97,558,364,194,65.23,99.98,0.882,-4.086,735,109.55,-25.98,0.18,-99.83,0.05,-74.64
BTC-USDT-SWAP,fade,1D,0.002,0.01,0.025,1,0.0,10.0,148.0,0.35,-99.76,558,376,182,67.38,99.97,0.955,-4.077,735,356.59,140.94,1.03,-99.71,0.35,-65.95
BTC-USDT-SWAP,fade,1D,0.002,0.01,0.03,1,0.0,10.0,148.0,1.31,-99.11,558,382,176,68.46,99.94,0.946,-4.051,735,237.51,60.48,1.63,-99.31,1.31,-19.76
BTC-USDT-SWAP,fade,1D,0.002,0.015,0.01,1,0.0,10.0,148.0,0.0,-100.0,558,237,321,42.47,100.0,0.702,-4.087,735,5.38,-96.37,0.02,-99.61,0.0,-99.45
BTC-USDT-SWAP,fade,1D,0.002,0.015,0.015,1,0.0,10.0,148.0,0.0,-100.0,558,272,286,48.75,100.0,0.682,-4.087,735,13.34,-90.99,0.0,-99.98,0.0,-98.94
BTC-USDT-SWAP,fade,1D,0.002,0.015,0.02,1,0.0,10.0,148.0,0.0,-100.0,558,287,271,51.43,100.0,0.653,-4.087,735,5.16,-96.52,0.0,-100.0,0.0,-99.48
BTC-USDT-SWAP,fade,1D,0.002,0.015,0.025,1,0.0,10.0,148.0,0.0,-100.0,558,301,257,53.94,100.0,0.858,-4.087,735,18.55,-87.46,0.0,-99.99,0.0,-99.35
BTC-USDT-SWAP,fade,1D,0.002,0.015,0.03,1,0.0,10.0,148.0,0.0,-100.0,558,306,252,54.84,100.0,0.843,-4.087,735,7.78,-94.75,0.0,-99.99,0.0,-98.99
BTC-USDT-SWAP,fade,1D,0.002,0.02,0.01,1,0.0,10.0,148.0,0.0,-100.0,558,205,353,36.74,100.0,0.61,-4.087,735,2.47,-98.33,0.0,-99.97,0.0,-99.87
BTC-USDT-SWAP,fade,1D,0.002,0.02,0.015,1,0.0,10.0,148.0,0.0,-100.0,558,241,317,43.19,100.0,0.58,-4.087,735,7.79,-94.74,0.0,-100.0,0.0,-99.88
BTC-USDT-SWAP,fade,1D,0.002,0.02,0.02,1,0.0,10.0,148.0,0.0,-100.0,558,255,303,45.7,100.0,0.559,-4.087,735,2.5,-98.31,0.0,-100.0,0.0,-99.97
BTC-USDT-SWAP,fade,1D,0.002,0.02,0.025,1,0.0,10.0,148.0,0.0,-100.0,558,267,291,47.85,100.0,0.802,-4.087,735,9.03,-93.9,0.0,-100.0,0.0,-99.97
BTC-USDT-SWAP,fade,1D,0.002,0.02,0.03,1,0.0,10.0,148.0,0.0,-100.0,558,271,287,48.57,100.0,0.775,-4.087,735,2.97,-97.99,0.0,-100.0,0.0,-99.96
BTC-USDT-SWAP,fade,1D,0.002,0.03,0.01,1,0.0,10.0,148.0,0.0,-100.0,558,184,374,32.97,100.0,0.51,-4.087,735,0.12,-99.92,0.0,-99.99,0.0,-99.89
BTC-USDT-SWAP,fade,1D,0.002,0.03,0.015,1,0.0,10.0,148.0,0.0,-100.0,558,217,341,38.89,100.0,0.433,-4.087,735,0.11,-99.92,0.0,-100.0,0.0,-99.9
BTC-USDT-SWAP,fade,1D,0.002,0.03,0.02,1,0.0,10.0,148.0,0.0,-100.0,558,231,327,41.4,100.0,0.425,-4.087,735,0.04,-99.97,0.0,-100.0,0.0,-99.98
BTC-USDT-SWAP,fade,1D,0.002,0.03,0.025,1,0.0,10.0,148.0,0.0,-100.0,558,243,315,43.55,100.0,0.649,-4.087,735,0.08,-99.95,0.0,-100.0,0.0,-99.98
BTC-USDT-SWAP,fade,1D,0.002,0.03,0.03,1,0.0,10.0,148.0,0.0,-100.0,558,247,311,44.27,100.0,0.598,-4.087,735,0.02,-99.99,0.0,-100.0,0.0,-99.97
BTC-USDT-SWAP,fade,1D,0.003,0.006,0.01,1,0.0,10.0,148.0,217.04,46.65,535,406,129,75.89,69.21,1.016,1.907,735,301.08,103.43,505.57,67.92,217.04,-57.07
BTC-USDT-SWAP,fade,1D,0.003,0.006,0.015,1,0.0,10.0,148.0,1603.9,983.72,535,441,94,82.43,59.28,1.205,40.206,735,313.9,112.1,729.35,132.35,1603.9,119.91
BTC-USDT-SWAP,fade,1D,0.003,0.006,0.02,1,0.0,10.0,148.0,3558.49,2304.39,535,454,81,84.86,58.54,1.326,94.185,735,513.22,246.77,900.08,75.38,3558.49,295.35
BTC-USDT-SWAP,fade,1D,0.003,0.006,0.025,1,0.0,10.0,148.0,9373.88,6233.7,535,461,74,86.17,63.0,1.478,254.784,735,795.31,437.37,1798.93,126.19,9373.88,421.08
BTC-USDT-SWAP,fade,1D,0.003,0.006,0.03,1,0.0,10.0,148.0,10466.1,6971.69,535,465,70,86.92,61.89,1.582,284.947,735,482.67,226.13,1202.95,149.23,10466.1,770.04
BTC-USDT-SWAP,fade,1D,0.003,0.008,0.01,1,0.0,10.0,148.0,204.36,38.08,535,361,174,67.48,86.74,1.011,1.557,735,286.54,93.61,314.41,9.72,204.36,-35.0
BTC-USDT-SWAP,fade,1D,0.003,0.008,0.015,1,0.0,10.0,148.0,814.63,450.42,535,396,139,74.02,83.91,1.139,18.41,735,281.51,90.21,160.87,-42.86,814.63,406.38
BTC-USDT-SWAP,fade,1D,0.003,0.008,0.02,1,0.0,10.0,148.0,735.62,397.04,535,409,126,76.45,90.22,1.145,16.228,735,229.9,55.34,96.55,-58.01,735.62,661.92
BTC-USDT-SWAP,fade,1D,0.003,0.008,0.025,1,0.0,10.0,148.0,3699.05,2399.36,535,418,117,78.13,84.69,1.48,98.066,735,236.77,59.98,336.16,41.98,3699.05,1000.37
BTC-USDT-SWAP,fade,1D,0.003,0.008,0.03,1,0.0,10.0,148.0,4957.73,3249.82,535,423,112,79.07,90.12,1.623,132.826,735,134.61,-9.05,257.12,91.02,4957.73,1828.19
BTC-USDT-SWAP,fade,1D,0.003,0.01,0.01,1,0.0,10.0,148.0,6.35,-95.71,535,311,224,58.13,98.64,0.949,-3.912,735,295.04,99.35,25.92,-91.21,6.35,-75.51
BTC-USDT-SWAP,fade,1D,0.003,0.01,0.015,1,0.0,10.0,148.0,3.75,-97.47,535,342,193,63.93,99.36,0.898,-3.984,735,171.01,15.55,3.65,-97.87,3.75,2.78
BTC-USDT-SWAP,fade,1D,0.003,0.01,0.02,1,0.0,10.0,148.0,1.11,-99.25,535,357,178,66.73,99.84,0.864,-4.056,735,114.84,-22.4,0.86,-99.25,1.11,29.84
BTC-USDT-SWAP,fade,1D,0.003,0.01,0.025,1,0.0,10.0,148.0,10.11,-93.17,535,369,166,68.97,99.63,0.944,-3.808,735,253.21,71.09,6.93,-97.26,10.11,45.94
BTC-USDT-SWAP,fade,1D,0.003,0.01,0.03,1,0.0,10.0,148.0,11.07,-92.52,535,374,161,69.91,99.77,0.932,-3.782,735,138.18,-6.64,3.94,-97.15,11.07,180.83
BTC-USDT-SWAP,fade,1D,0.003,0.015,0.01,1,0.0,10.0,148.0,0.0,-100.0,535,236,299,44.11,100.0,0.675,-4.087,735,15.6,-89.46,0.12,-99.23,0.0,-97.6
BTC-USDT-SWAP,fade,1D,0.003,0.015,0.015,1,0.0,10.0,148.0,0.0,-100.0,535,264,271,49.35,100.0,0.621,-4.087,735,10.3,-93.04,0.0,-99.96,0.0,-95.64
BTC-USDT-SWAP,fade,1D,0.003,0.015,0.02,1,0.0,10.0,148.0,0.0,-100.0,535,281,254,52.52,100.0,0.574,-4.087,735,5.72,-96.13,0.0,-99.98,0.0,-96.81
BTC-USDT-SWAP,fade,1D,0.003,0.015,0.025,1,0.0,10.0,148.0,0.0,-100.0,535,293,242,54.77,100.0,0.771,-4.087,735,10.41,-92.97,0.01,-99.94,0.0,-97.75
BTC-USDT-SWAP,fade,1D,0.003,0.015,0.03,1,0.0,10.0,148.0,0.0,-100.0,535,299,236,55.89,100.0,0.765,-4.087,735,6.92,-95.32,0.0,-99.94,0.0,-96.54
BTC-USDT-SWAP,fade,1D,0.003,0.02,0.01,1,0.0,10.0,148.0,0.0,-100.0,535,202,333,37.76,100.0,0.707,-4.087,735,17.32,-88.3,0.01,-99.92,0.0,-99.83
BTC-USDT-SWAP,fade,1D,0.003,0.02,0.015,1,0.0,10.0,148.0,0.0,-100.0,535,232,303,43.36,100.0,0.702,-4.087,735,14.64,-90.11,0.0,-100.0,0.0,-99.82
BTC-USDT-SWAP,fade,1D,0.003,0.02,0.02,1,0.0,10.0,148.0,0.0,-100.0,535,247,288,46.17,100.0,0.676,-4.087,735,8.72,-94.11,0.0,-100.0,0.0,-99.92
BTC-USDT-SWAP,fade,1D,0.003,0.02,0.025,1,0.0,10.0,148.0,0.0,-100.0,535,258,277,48.22,100.0,0.856,-4.087,735,15.73,-89.37,0.0,-100.0,0.0,-99.97
BTC-USDT-SWAP,fade,1D,0.003,0.02,0.03,1,0.0,10.0,148.0,0.0,-100.0,535,263,272,49.16,100.0,0.862,-4.087,735,9.89,-93.32,0.0,-100.0,0.0,-99.94
BTC-USDT-SWAP,fade,1D,0.003,0.03,0.01,1,0.0,10.0,148.0,0.0,-100.0,535,174,361,32.52,100.0,0.552,-4.087,735,0.34,-99.77,0.0,-99.99,0.0,-99.86
BTC-USDT-SWAP,fade,1D,0.003,0.03,0.015,1,0.0,10.0,148.0,0.0,-100.0,535,206,329,38.5,100.0,0.541,-4.087,735,0.19,-99.87,0.0,-100.0,0.0,-99.83
BTC-USDT-SWAP,fade,1D,0.003,0.03,0.02,1,0.0,10.0,148.0,0.0,-100.0,535,220,315,41.12,100.0,0.524,-4.087,735,0.13,-99.91,0.0,-100.0,0.0,-99.94
BTC-USDT-SWAP,fade,1D,0.003,0.03,0.025,1,0.0,10.0,148.0,0.0,-100.0,535,230,305,42.99,100.0,0.706,-4.087,735,0.1,-99.93,0.0,-100.0,0.0,-99.98
BTC-USDT-SWAP,fade,1D,0.003,0.03,0.03,1,0.0,10.0,148.0,0.0,-100.0,535,235,300,43.93,100.0,0.667,-4.087,735,0.03,-99.98,0.0,-100.0,0.0,-99.96
BTC-USDT-SWAP,fade,1D,0.005,0.006,0.01,1,0.0,10.0,148.0,1420.13,859.55,491,386,105,78.62,65.05,1.138,35.131,735,251.93,70.22,1217.11,383.11,1420.13,16.68
BTC-USDT-SWAP,fade,1D,0.005,0.006,0.015,1,0.0,10.0,148.0,24283.76,16307.95,491,421,70,85.74,55.86,1.512,666.537,735,815.59,451.08,7517.18,821.69,24283.76,223.04
BTC-USDT-SWAP,fade,1D,0.005,0.006,0.02,1,0.0,10.0,148.0,38410.0,25852.7,491,431,60,87.78,61.97,1.612,1056.65,735,1058.16,614.97,12138.34,1047.12,38410.0,216.44
BTC-USDT-SWAP,fade,1D,0.005,0.006,0.025,1,0.0,10.0,148.0,76192.33,51381.31,491,439,52,89.41,45.7,2.114,2100.053,735,1455.88,883.7,37058.67,2445.45,76192.33,105.6
BTC-USDT-SWAP,fade,1D,0.005,0.006,0.03,1,0.0,10.0,148.0,82209.34,55446.85,491,441,50,89.82,52.76,2.071,2266.22,735,1764.04,1091.92,45067.81,2454.8,82209.34,82.41
BTC-USDT-SWAP,fade,1D,0.005,0.008,0.01,1,0.0,10.0,148.0,858.91,480.34,491,342,149,69.65,68.98,1.101,19.632,735,176.43,19.21,493.86,179.93,858.91,73.92
BTC-USDT-SWAP,fade,1D,0.005,0.008,0.015,1,0.0,10.0,148.0,2691.85,1718.82,491,373,118,75.97,70.99,1.176,70.252,735,411.86,178.28,994.01,141.35,2691.85,170.81
BTC-USDT-SWAP,fade,1D,0.005,0.008,0.02,1,0.0,10.0,148.0,7895.31,5234.67,491,385,106,78.41,67.14,1.399,213.951,735,344.52,132.79,1369.83,297.6,7895.31,476.37
BTC-USDT-SWAP,fade,1D,0.005,0.008,0.025,1,0.0,10.0,148.0,40649.95,27366.18,491,394,97,80.24,70.33,1.863,1118.509,735,563.41,280.68,5014.99,790.12,40649.95,710.57
BTC-USDT-SWAP,fade,1D,0.005,0.008,0.03,1,0.0,10.0,148.0,42553.51,28652.37,491,396,95,80.65,72.87,1.772,1171.078,735,689.55,365.92,7051.78,922.66,42553.51,503.44
BTC-USDT-SWAP,fade,1D,0.005,0.01,0.01,1,0.0,10.0,148.0,298.6,101.76,491,306,185,62.32,82.12,1.039,4.159,735,112.95,-23.68,159.93,41.59,298.6,86.71
BTC-USDT-SWAP,fade,1D,0.005,0.01,0.015,1,0.0,10.0,148.0,280.23,89.34,491,333,158,67.82,94.78,1.033,3.652,735,113.35,-23.41,100.76,-11.11,280.23,178.11
BTC-USDT-SWAP,fade,1D,0.005,0.01,0.02,1,0.0,10.0,148.0,419.78,183.64,491,344,147,70.06,93.47,1.097,7.506,735,51.64,-65.11,73.29,41.94,419.78,472.76
BTC-USDT-SWAP,fade,1D,0.005,0.01,0.025,1,0.0,10.0,148.0,2687.37,1715.79,491,354,137,72.1,95.29,1.432,70.128,735,48.87,-66.98,193.43,295.79,2687.37,1289.32
BTC-USDT-SWAP,fade,1D,0.005,0.01,0.03,1,0.0,10.0,148.0,3944.16,2564.97,491,357,134,72.71,96.11,1.431,104.835,735,62.89,-57.51,356.02,466.08,3944.16,1007.86
BTC-USDT-SWAP,fade,1D,0.005,0.015,0.01,1,0.0,10.0,148.0,0.45,-99.7,491,239,252,48.68,99.71,0.76,-4.075,735,26.43,-82.14,2.04,-92.27,0.45,-78.16
BTC-USDT-SWAP,fade,1D,0.005,0.015,0.015,1,0.0,10.0,148.0,0.01,-99.99,491,258,233,52.55,100.0,0.765,-4.087,735,14.18,-90.42,0.09,-99.37,0.01,-85.89
BTC-USDT-SWAP,fade,1D,0.005,0.015,0.02,1,0.0,10.0,148.0,0.01,-99.99,491,272,219,55.4,99.99,0.657,-4.087,735,9.23,-93.76,0.05,-99.4,0.01,-76.85
BTC-USDT-SWAP,fade,1D,0.005,0.015,0.025,1,0.0,10.0,148.0,0.05,-99.97,491,284,207,57.84,99.99,0.814,-4.086,735,10.21,-93.1,0.17,-98.38,0.05,-69.06
BTC-USDT-SWAP,fade,1D,0.005,0.015,0.03,1,0.0,10.0,148.0,0.09,-99.94,491,288,203,58.66,99.99,0.893,-4.085,735,18.74,-87.34,0.36,-98.1,0.09,-75.53
BTC-USDT-SWAP,fade,1D,0.005,0.02,0.01,1,0.0,10.0,148.0,0.01,-100.0,491,207,284,42.16,100.0,0.744,-4.087,735,24.96,-83.14,0.15,-99.39,0.01,-96.23
BTC-USDT-SWAP,fade,1D,0.005,0.02,0.015,1,0.0,10.0,148.0,0.0,-100.0,491,226,265,46.03,100.0,0.775,-4.087,735,14.79,-90.01,0.01,-99.95,0.0,-98.56
BTC-USDT-SWAP,fade,1D,0.005,0.02,0.02,1,0.0,10.0,148.0,0.0,-100.0,491,238,253,48.47,100.0,0.668,-4.087,735,7.06,-95.23,0.0,-99.95,0.0,-99.1
BTC-USDT-SWAP,fade,1D,0.005,0.02,0.025,1,0.0,10.0,148.0,0.0,-100.0,491,249,242,50.71,100.0,0.855,-4.087,735,8.1,-94.53,0.0,-99.95,0.0,-99.09
BTC-USDT-SWAP,fade,1D,0.005,0.02,0.03,1,0.0,10.0,148.0,0.0,-100.0,491,255,236,51.93,100.0,0.927,-4.087,735,14.69,-90.07,0.02,-99.88,0.0,-99.38
BTC-USDT-SWAP,fade,1D,0.005,0.03,0.01,1,0.0,10.0,148.0,0.0,-100.0,491,173,318,35.23,100.0,0.537,-4.087,735,1.35,-99.09,0.0,-99.96,0.0,-99.59
BTC-USDT-SWAP,fade,1D,0.005,0.03,0.015,1,0.0,10.0,148.0,0.0,-100.0,491,193,298,39.31,100.0,0.568,-4.087,735,0.67,-99.54,0.0,-100.0,0.0,-99.82
BTC-USDT-SWAP,fade,1D,0.005,0.03,0.02,1,0.0,10.0,148.0,0.0,-100.0,491,202,289,41.14,100.0,0.466,-4.087,735,0.29,-99.8,0.0,-100.0,0.0,-99.91
BTC-USDT-SWAP,fade,1D,0.005,0.03,0.025,1,0.0,10.0,148.0,0.0,-100.0,491,212,279,43.18,100.0,0.669,-4.087,735,0.17,-99.88,0.0,-100.0,0.0,-99.93
BTC-USDT-SWAP,fade,1D,0.005,0.03,0.03,1,0.0,10.0,148.0,0.0,-100.0,491,218,273,44.4,100.0,0.721,-4.087,735,0.18,-99.88,0.0,-100.0,0.0,-99.96
BTC-USDT-SWAP,fade,1D,0.007,0.006,0.01,1,0.0,10.0,148.0,496.93,235.76,437,339,98,77.57,75.59,1.102,9.636,735,449.7,203.85,309.13,-31.26,496.93,60.75
BTC-USDT-SWAP,fade,1D,0.007,0.006,0.015,1,0.0,10.0,148.0,15229.78,10190.39,437,373,64,85.35,59.47,1.409,416.501,735,2067.88,1297.22,5165.05,149.78,15229.78,194.86
BTC-USDT-SWAP,fade,1D,0.007,0.006,0.02,1,0.0,10.0,148.0,42754.81,28788.38,437,386,51,88.33,54.49,1.615,1176.637,735,2977.59,1911.89,23514.08,689.7,42754.81,81.83
BTC-USDT-SWAP,fade,1D,0.007,0.006,0.025,1,0.0,10.0,148.0,51332.11,34583.86,437,391,46,89.47,48.51,1.818,1413.509,735,2565.6,1633.51,22361.59,771.59,51332.11,129.55
BTC-USDT-SWAP,fade,1D,0.007,0.006,0.03,1,0.0,10.0,148.0,95558.96,64466.87,437,399,38,91.3,32.6,2.373,2634.886,735,4819.69,3156.54,65290.26,1254.66,95558.96,46.36
BTC-USDT-SWAP,fade,1D,0.007,0.008,0.01,1,0.0,10.0,148.0,518.72,250.49,437,302,135,69.11,90.27,1.078,10.238,735,540.92,265.49,250.88,-53.62,518.72,106.76
BTC-USDT-SWAP,fade,1D,0.007,0.008,0.015,1,0.0,10.0,148.0,8044.89,5335.73,437,335,102,76.66,89.45,1.249,218.082,735,2228.51,1405.75,2133.74,-4.25,8044.89,277.03
BTC-USDT-SWAP,fade,1D,0.007,0.008,0.02,1,0.0,10.0,148.0,23887.26,16040.04,437,347,90,79.41,88.08,1.409,655.588,735,3679.57,2386.19,8227.88,123.61,23887.26,190.32
BTC-USDT-SWAP,fade,1D,0.007,0.008,0.025,1,0.0,10.0,148.0,35497.81,23885.01,437,354,83,81.01,78.88,1.648,976.226,735,2428.52,1540.89,8751.1,260.35,35497.81,305.64
BTC-USDT-SWAP,fade,1D,0.007,0.008,0.03,1,0.0,10.0,148.0,99107.65,66864.63,437,363,74,83.07,51.03,1.793,2732.887,735,6206.44,4093.54,62419.22,905.72,99107.65,58.78
BTC-USDT-SWAP,fade,1D,0.007,0.01,0.01,1,0.0,10.0,148.0,31.65,-78.61,437,261,176,59.73,94.31,0.937,-3.213,735,203.94,37.8,23.38,-88.54,31.65,35.4
BTC-USDT-SWAP,fade,1D,0.007,0.01,0.015,1,0.0,10.0,148.0,200.02,35.15,437,292,145,66.82,91.95,1.011,1.437,735,410.48,177.35,87.62,-78.65,200.02,128.28
BTC-USDT-SWAP,fade,1D,0.007,0.01,0.02,1,0.0,10.0,148.0,1128.93,662.79,437,307,130,70.25,91.12,1.097,27.089,735,843.96,470.24,387.32,-54.11,1128.93,191.47
BTC-USDT-SWAP,fade,1D,0.007,0.01,0.025,1,0.0,10.0,148.0,1241.06,738.56,437,313,124,71.62,92.24,1.157,30.186,735,423.82,186.37,292.41,-31.01,1241.06,324.43
BTC-USDT-SWAP,fade,1D,0.007,0.01,0.03,1,0.0,10.0,148.0,16430.77,11001.87,437,319,118,73.0,79.12,1.428,449.668,735,1197.84,709.35,4082.66,240.83,16430.77,302.45
BTC-USDT-SWAP,fade,1D,0.007,0.015,0.01,1,0.0,10.0,148.0,0.13,-99.91,437,198,239,45.31,99.95,0.805,-4.084,735,39.68,-73.19,0.37,-99.08,0.13,-65.69
BTC-USDT-SWAP,fade,1D,0.007,0.015,0.015,1,0.0,10.0,148.0,0.02,-99.99,437,219,218,50.11,99.99,0.768,-4.087,735,22.0,-85.13,0.07,-99.7,0.02,-72.76
BTC-USDT-SWAP,fade,1D,0.007,0.015,0.02,1,0.0,10.0,148.0,0.11,-99.93,437,236,201,54.0,99.99,0.893,-4.084,735,51.2,-65.4,0.4,-99.22,0.11,-73.33
BTC-USDT-SWAP,fade,1D,0.007,0.015,0.025,1,0.0,10.0,148.0,0.08,-99.95,437,243,194,55.61,99.99,0.865,-4.085,735,20.25,-86.32,0.23,-98.88,0.08,-66.68
BTC-USDT-SWAP,fade,1D,0.007,0.015,0.03,1,0.0,10.0,148.0,1.13,-99.23,437,250,187,57.21,99.92,0.93,-4.056,735,102.84,-30.51,5.11,-95.03,1.13,-77.81
BTC-USDT-SWAP,fade,1D,0.007,0.02,0.01,1,0.0,10.0,148.0,0.01,-100.0,437,172,265,39.36,100.0,0.725,-4.087,735,22.57,-84.75,0.07,-99.69,0.01,-92.15
BTC-USDT-SWAP,fade,1D,0.007,0.02,0.015,1,0.0,10.0,148.0,0.0,-100.0,437,191,246,43.71,100.0,0.714,-4.087,735,11.42,-92.29,0.01,-99.9,0.0,-96.13
BTC-USDT-SWAP,fade,1D,0.007,0.02,0.02,1,0.0,10.0,148.0,0.0,-100.0,437,209,228,47.83,100.0,0.883,-4.087,735,27.39,-81.49,0.07,-99.75,0.0,-95.35
BTC-USDT-SWAP,fade,1D,0.007,0.02,0.025,1,0.0,10.0,148.0,0.0,-100.0,437,215,222,49.2,100.0,0.861,-4.087,735,9.23,-93.76,0.02,-99.84,0.0,-94.1
BTC-USDT-SWAP,fade,1D,0.007,0.02,0.03,1,0.0,10.0,148.0,0.01,-99.99,437,221,216,50.57,100.0,0.911,-4.087,735,25.84,-82.54,0.17,-99.34,0.01,-95.54
BTC-USDT-SWAP,fade,1D,0.007,0.03,0.01,1,0.0,10.0,148.0,0.0,-100.0,437,142,295,32.49,100.0,0.562,-4.087,735,1.73,-98.83,0.0,-99.97,0.0,-99.16
BTC-USDT-SWAP,fade,1D,0.007,0.03,0.015,1,0.0,10.0,148.0,0.0,-100.0,437,158,279,36.16,100.0,0.581,-4.087,735,0.7,-99.53,0.0,-99.99,0.0,-99.84
BTC-USDT-SWAP,fade,1D,0.007,0.03,0.02,1,0.0,10.0,148.0,0.0,-100.0,437,173,264,39.59,100.0,0.784,-4.087,735,1.29,-99.13,0.0,-99.99,0.0,-99.88
BTC-USDT-SWAP,fade,1D,0.007,0.03,0.025,1,0.0,10.0,148.0,0.0,-100.0,437,178,259,40.73,100.0,0.741,-4.087,735,0.28,-99.81,0.0,-100.0,0.0,-99.84
BTC-USDT-SWAP,fade,1D,0.007,0.03,0.03,1,0.0,10.0,148.0,0.0,-100.0,437,185,252,42.33,100.0,0.777,-4.087,735,0.54,-99.64,0.0,-99.97,0.0,-99.91
BTC-USDT-SWAP,fade,1D,0.01,0.006,0.01,1,0.0,10.0,148.0,765.67,417.34,378,297,81,78.57,78.59,1.151,17.058,735,625.32,322.51,426.41,-31.81,765.67,79.56
BTC-USDT-SWAP,fade,1D,0.01,0.006,0.015,1,0.0,10.0,148.0,2204.38,1389.44,378,319,59,84.39,64.81,1.347,56.789,735,800.19,440.67,851.05,6.36,2204.38,159.02
BTC-USDT-SWAP,fade,1D,0.01,0.006,0.02,1,0.0,10.0,148.0,6921.29,4576.55,378,332,46,87.83,75.26,1.876,187.052,735,952.09,543.3,1280.07,34.45,6921.29,440.7
BTC-USDT-SWAP,fade,1D,0.01,0.006,0.025,1,0.0,10.0,148.0,20342.42,13644.88,378,338,40,89.42,54.71,1.865,557.693,735,1837.88,1141.81,4969.96,170.42,20342.42,309.31
BTC-USDT-SWAP,fade,1D,0.01,0.006,0.03,1,0.0,10.0,148.0,50166.54,33796.31,378,344,34,91.01,54.11,2.261,1381.321,735,2437.53,1546.98,18276.35,649.79,50166.54,174.49
BTC-USDT-SWAP,fade,1D,0.01,0.008,0.01,1,0.0,10.0,148.0,789.45,433.41,378,263,115,69.58,79.58,1.115,17.714,735,596.73,303.19,464.99,-22.08,789.45,69.78
BTC-USDT-SWAP,fade,1D,0.01,0.008,0.015,1,0.0,10.0,148.0,2060.2,1292.03,378,285,93,75.4,73.66,1.204,52.808,735,1104.48,646.27,888.43,-19.56,2060.2,131.89
BTC-USDT-SWAP,fade,1D,0.01,0.008,0.02,1,0.0,10.0,148.0,14172.83,9476.24,378,301,77,79.63,71.32,1.606,387.312,735,1963.63,1226.77,3115.74,58.67,14172.83,354.88
BTC-USDT-SWAP,fade,1D,0.01,0.008,0.025,1,0.0,10.0,148.0,42894.72,28882.92,378,308,70,81.48,59.12,1.504,1180.501,735,3874.0,2517.57,15879.76,309.91,42894.72,170.12
BTC-USDT-SWAP,fade,1D,0.01,0.008,0.03,1,0.0,10.0,148.0,65191.54,43948.34,378,313,65,82.8,57.14,1.874,1796.254,735,3114.59,2004.45,32484.63,942.98,65191.54,100.68
BTC-USDT-SWAP,fade,1D,0.01,0.01,0.01,1,0.0,10.0,148.0,370.29,150.19,378,233,145,61.64,92.55,1.036,6.139,735,807.41,445.55,265.54,-67.11,370.29,39.45
BTC-USDT-SWAP,fade,1D,0.01,0.01,0.015,1,0.0,10.0,148.0,753.31,408.99,378,254,124,67.2,87.96,1.08,16.716,735,1143.58,672.69,451.19,-60.55,753.31,66.96
BTC-USDT-SWAP,fade,1D,0.01,0.01,0.02,1,0.0,10.0,148.0,3772.6,2449.06,378,268,110,70.9,89.71,1.23,100.098,735,2303.1,1456.15,1187.75,-48.43,3772.6,217.63
BTC-USDT-SWAP,fade,1D,0.01,0.01,0.025,1,0.0,10.0,148.0,14373.9,9612.09,378,276,102,73.02,69.74,1.292,392.865,735,4129.74,2690.37,5986.89,44.97,14373.9,140.09
BTC-USDT-SWAP,fade,1D,0.01,0.01,0.03,1,0.0,10.0,148.0,43483.14,29280.5,378,281,97,74.34,66.2,1.531,1196.751,735,3342.12,2158.19,17341.25,418.87,43483.14,150.75
BTC-USDT-SWAP,fade,1D,0.01,0.015,0.01,1,0.0,10.0,148.0,1.97,-98.67,378,176,202,46.56,99.81,0.88,-4.033,735,110.15,-25.58,1.82,-98.35,1.97,8.26
BTC-USDT-SWAP,fade,1D,0.01,0.015,0.015,1,0.0,10.0,148.0,2.35,-98.41,378,197,181,52.12,99.73,0.834,-4.022,735,70.51,-52.36,1.2,-98.3,2.35,95.78
BTC-USDT-SWAP,fade,1D,0.01,0.015,0.02,1,0.0,10.0,148.0,7.87,-94.68,378,211,167,55.82,99.86,0.884,-3.87,735,61.84,-58.22,2.59,-95.81,7.87,203.26
BTC-USDT-SWAP,fade,1D,0.01,0.015,0.025,1,0.0,10.0,148.0,27.39,-81.49,378,220,158,58.2,99.38,0.935,-3.331,735,122.3,-17.37,13.65,-88.84,27.39,100.68
BTC-USDT-SWAP,fade,1D,0.01,0.015,0.03,1,0.0,10.0,148.0,58.47,-60.49,378,223,155,58.99,98.5,0.947,-2.473,735,112.64,-23.89,24.67,-78.09,58.47,136.95
BTC-USDT-SWAP,fade,1D,0.01,0.02,0.01,1,0.0,10.0,148.0,0.01,-99.99,378,141,237,37.3,100.0,0.655,-4.087,735,24.82,-83.23,0.04,-99.84,0.01,-78.01
BTC-USDT-SWAP,fade,1D,0.01,0.02,0.015,1,0.0,10.0,148.0,0.01,-99.99,378,162,216,42.86,100.0,0.535,-4.087,735,13.33,-90.99,0.02,-99.84,0.01,-64.69
BTC-USDT-SWAP,fade,1D,0.01,0.02,0.02,1,0.0,10.0,148.0,0.03,-99.98,378,177,201,46.83,100.0,0.723,-4.086,735,13.82,-90.66,0.06,-99.57,0.03,-57.15
BTC-USDT-SWAP,fade,1D,0.01,0.02,0.025,1,0.0,10.0,148.0,0.07,-99.95,378,186,192,49.21,99.99,0.825,-4.085,735,24.07,-83.74,0.22,-99.1,0.07,-68.64
BTC-USDT-SWAP,fade,1D,0.01,0.02,0.03,1,0.0,10.0,148.0,0.11,-99.93,378,189,189,50.0,99.99,0.78,-4.084,735,17.41,-88.24,0.28,-98.37,0.11,-62.45
BTC-USDT-SWAP,fade,1D,0.01,0.03,0.01,1,0.0,10.0,148.0,0.0,-100.0,378,123,255,32.54,100.0,0.7,-4.087,735,14.72,-90.05,0.01,-99.93,0.0,-97.69
BTC-USDT-SWAP,fade,1D,0.01,0.03,0.015,1,0.0,10.0,148.0,0.0,-100.0,378,139,239,36.77,100.0,0.585,-4.087,735,6.2,-95.81,0.0,-99.96,0.0,-98.87
BTC-USDT-SWAP,fade,1D,0.01,0.03,0.02,1,0.0,10.0,148.0,0.0,-100.0,378,152,226,40.21,100.0,0.816,-4.087,735,6.43,-95.65,0.0,-99.94,0.0,-99.15
BTC-USDT-SWAP,fade,1D,0.01,0.03,0.025,1,0.0,10.0,148.0,0.0,-100.0,378,161,217,42.59,100.0,0.892,-4.087,735,8.8,-94.06,0.01,-99.86,0.0,-99.33
BTC-USDT-SWAP,fade,1D,0.01,0.03,0.03,1,0.0,10.0,148.0,0.0,-100.0,378,166,212,43.92,100.0,0.864,-4.087,735,9.79,-93.38,0.02,-99.79,0.0,-99.01
ETH-USDT-SWAP,reversal,4H,0.001,0.006,0.01,1,0.0,10.0,148.0,0.0,-100.0,2466,1587,879,64.36,100.0,0.695,-4.104,4388,0.39,-99.74,0.0,-99.99,0.0,-99.98
ETH-USDT-SWAP,reversal,4H,0.001,0.006,0.015,1,0.0,10.0,148.0,0.0,-100.0,2466,1699,767,68.9,100.0,0.751,-4.104,4388,7.47,-94.95,0.01,-99.88,0.0,-99.92
ETH-USDT-SWAP,reversal,4H,0.001,0.006,0.02,1,0.0,10.0,148.0,0.0,-100.0,2466,1742,724,70.64,100.0,0.842,-4.104,4388,13.99,-90.55,0.04,-99.74,0.0,-99.6
ETH-USDT-SWAP,reversal,4H,0.001,0.006,0.025,1,0.0,10.0,148.0,0.0,-100.0,2466,1766,700,71.61,100.0,0.909,-4.104,4388,43.99,-70.28,0.35,-99.2,0.0,-99.44
ETH-USDT-SWAP,reversal,4H,0.001,0.006,0.03,1,0.0,10.0,148.0,0.0,-100.0,2466,1774,692,71.94,100.0,0.929,-4.104,4388,84.79,-42.71,0.77,-99.1,0.0,-99.45
ETH-USDT-SWAP,reversal,4H,0.001,0.008,0.01,1,0.0,10.0,148.0,0.0,-100.0,2466,1348,1118,54.66,100.0,0.718,-4.104,4388,0.0,-100.0,0.0,-100.0,0.0,-100.0
ETH-USDT-SWAP,reversal,4H,0.001,0.008,0.015,1,0.0,10.0,148.0,0.0,-100.0,2466,1451,1015,58.84,100.0,0.75,-4.104,4388,0.03,-99.98,0.0,-100.0,0.0,-99.99
ETH-USDT-SWAP,reversal,4H,0.001,0.008,0.02,1,0.0,10.0,148.0,0.0,-100.0,2466,1492,974,60.5,100.0,0.784,-4.104,4388,0.02,-99.99,0.0,-99.99,0.0,-99.93
ETH-USDT-SWAP,reversal,4H,0.001,0.008,0.025,1,0.0,10.0,148.0,0.0,-100.0,2466,1515,951,61.44,100.0,0.813,-4.104,4388,0.11,-99.93,0.0,-99.99,0.0,-99.9
ETH-USDT-SWAP,reversal,4H,0.001,0.008,0.03,1,0.0,10.0,148.0,0.0,-100.0,2466,1523,943,61.76,100.0,0.804,-4.104,4388,0.12,-99.92,0.0,-99.98,0.0,-99.92
ETH-USDT-SWAP,reversal,4H,0.001,0.01,0.01,1,0.0,10.0,148.0,0.0,-100.0,2466,1174,1292,47.61,100.0,0.61,-4.104,4388,0.0,-100.0,0.0,-100.0,0.0,-100.0
ETH-USDT-SWAP,reversal,4H,0.001,0.01,0.015,1,0.0,10.0,148.0,0.0,-100.0,2466,1273,1193,51.62,100.0,0.689,-4.104,4388,0.01,-99.99,0.0,-100.0,0.0,-100.0
ETH-USDT-SWAP,reversal,4H,0.001,0.01,0.02,1,0.0,10.0,148.0,0.0,-100.0,2466,1314,1152,53.28,100.0,0.755,-4.104,4388,0.01,-99.99,0.0,-100.0,0.0,-100.0
ETH-USDT-SWAP,reversal,4H,0.001,0.01,0.025,1,0.0,10.0,148.0,0.0,-100.0,2466,1335,1131,54.14,100.0,0.796,-4.104,4388,0.05,-99.97,0.0,-100.0,0.0,-100.0
ETH-USDT-SWAP,reversal,4H,0.001,0.01,0.03,1,0.0,10.0,148.0,0.0,-100.0,2466,1343,1123,54.46,100.0,0.789,-4.104,4388,0.05,-99.96,0.0,-100.0,0.0,-100.0
ETH-USDT-SWAP,reversal,4H,0.001,0.015,0.01,1,0.0,10.0,148.0,0.0,-100.0,2466,995,1471,40.35,100.0,0.481,-4.104,4388,0.0,-100.0,0.0,-100.0,0.0,-100.0
ETH-USDT-SWAP,reversal,4H,0.001,0.015,0.015,1,0.0,10.0,148.0,0.0,-100.0,2466,1091,1375,44.24,100.0,0.516,-4.104,4388,0.0,-100.0,0.0,-100.0,0.0,-100.0
ETH-USDT-SWAP,reversal,4H,0.001,0.015,0.02,1,0.0,10.0,148.0,0.0,-100.0,2466,1124,1342,45.58,100.0,0.585,-4.104,4388,0.0,-100.0,0.0,-100.0,0.0,-100.0
ETH-USDT-SWAP,reversal,4H,0.001,0.015,0.025,1,0.0,10.0,148.0,0.0,-100.0,2466,1140,1326,46.23,100.0,0.577,-4.104,4388,0.0,-100.0,0.0,-100.0,0.0,-100.0
ETH-USDT-SWAP,reversal,4H,0.001,0.015,0.03,1,0.0,10.0,148.0,0.0,-100.0,2466,1148,1318,46.55,100.0,0.537,-4.104,4388,0.0,-100.0,0.0,-100.0,0.0,-100.0
ETH-USDT-SWAP,reversal,4H,0.001,0.02,0.01,1,0.0,10.0,148.0,0.0,-100.0,2466,937,1529,38.0,100.0,0.42,-4.104,4388,0.0,-100.0,0.0,-100.0,0.0,-100.0
ETH-USDT-SWAP,reversal,4H,0.001,0.02,0.015,1,0.0,10.0,148.0,0.0,-100.0,2466,1029,1437,41.73,100.0,0.445,-4.104,4388,0.0,-100.0,0.0,-100.0,0.0,-100.0
ETH-USDT-SWAP,reversal,4H,0.001,0.02,0.02,1,0.0,10.0,148.0,0.0,-100.0,2466,1060,1406,42.98,100.0,0.522,-4.104,4388,0.0,-100.0,0.0,-100.0,0.0,-100.0
ETH-USDT-SWAP,reversal,4H,0.001,0.02,0.025,1,0.0,10.0,148.0,0.0,-100.0,2466,1077,1389,43.67,100.0,0.517,-4.104,4388,0.0,-100.0,0.0,-100.0,0.0,-100.0
ETH-USDT-SWAP,reversal,4H,0.001,0.02,0.03,1,0.0,10.0,148.0,0.0,-100.0,2466,1084,1382,43.96,100.0,0.478,-4.104,4388,0.0,-100.0,0.0,-100.0,0.0,-100.0
ETH-USDT-SWAP,reversal,4H,0.001,0.03,0.01,1,0.0,10.0,148.0,0.0,-100.0,2466,915,1551,37.1,100.0,0.455,-4.104,4388,0.0,-100.0,0.0,-100.0,0.0,-100.0
ETH-USDT-SWAP,reversal,4H,0.001,0.03,0.015,1,0.0,10.0,148.0,0.0,-100.0,2466,1005,1461,40.75,100.0,0.435,-4.104,4388,0.0,-100.0,0.0,-100.0,0.0,-100.0
ETH-USDT-SWAP,reversal,4H,0.001,0.03,0.02,1,0.0,10.0,148.0,0.0,-100.0,2466,1038,1428,42.09,100.0,0.515,-4.104,4388,0.0,-100.0,0.0,-100.0,0.0,-100.0
ETH-USDT-SWAP,reversal,4H,0.001,0.03,0.025,1,0.0,10.0,148.0,0.0,-100.0,2466,1053,1413,42.7,100.0,0.511,-4.104,4388,0.0,-100.0,0.0,-100.0,0.0,-100.0
ETH-USDT-SWAP,reversal,4H,0.001,0.03,0.03,1,0.0,10.0,148.0,0.0,-100.0,2466,1058,1408,42.9,100.0,0.469,-4.104,4388,0.0,-100.0,0.0,-100.0,0.0,-100.0
ETH-USDT-SWAP,reversal,4H,0.002,0.006,0.01,1,0.0,10.0,148.0,0.03,-99.98,2258,1550,708,68.64,99.99,0.885,-4.103,4388,40.79,-72.44,0.8,-98.04,0.03,-95.67
ETH-USDT-SWAP,reversal,4H,0.002,0.006,0.015,1,0.0,10.0,148.0,567.13,283.2,2258,1661,597,73.56,96.31,1.01,11.622,4388,726.19,390.67,2158.7,197.27,567.13,-73.73
ETH-USDT-SWAP,reversal,4H,0.002,0.006,0.02,1,0.0,10.0,148.0,15203.5,10172.63,2258,1698,560,75.2,91.45,1.07,417.482,4388,1682.59,1036.89,10974.55,552.24,15203.5,38.53
ETH-USDT-SWAP,reversal,4H,0.002,0.006,0.025,1,0.0,10.0,148.0,100086.47,67525.99,2258,1718,540,76.09,83.17,1.193,2771.245,4388,7313.22,4841.36,68914.88,842.33,100086.47,45.23
ETH-USDT-SWAP,reversal,4H,0.002,0.006,0.03,1,0.0,10.0,148.0,160609.69,108420.06,2258,1729,529,76.57,75.56,1.25,4449.524,4388,23392.44,15705.71,123356.53,427.33,160609.69,30.2
ETH-USDT-SWAP,reversal,4H,0.002,0.008,0.01,1,0.0,10.0,148.0,0.0,-100.0,2258,1290,968,57.13,100.0,0.765,-4.104,4388,0.19,-99.87,0.0,-99.98,0.0,-99.92
ETH-USDT-SWAP,reversal,4H,0.002,0.008,0.015,1,0.0,10.0,148.0,0.0,-100.0,2258,1388,870,61.47,100.0,0.841,-4.104,4388,0.84,-99.43,0.0,-99.64,0.0,-99.15
ETH-USDT-SWAP,reversal,4H,0.002,0.008,0.02,1,0.0,10.0,148.0,0.0,-100.0,2258,1418,840,62.8,100.0,0.88,-4.104,4388,0.99,-99.33,0.0,-99.66,0.0,-98.2
ETH-USDT-SWAP,reversal,4H,0.002,0.008,0.025,1,0.0,10.0,148.0,0.0,-100.0,2258,1439,819,63.73,100.0,0.919,-4.104,4388,3.49,-97.64,0.02,-99.43,0.0,-98.58
ETH-USDT-SWAP,reversal,4H,0.002,0.008,0.03,1,0.0,10.0,148.0,0.0,-100.0,2258,1447,811,64.08,100.0,0.949,-4.104,4388,9.76,-93.4,0.07,-99.28,0.0,-99.16
ETH-USDT-SWAP,reversal,4H,0.002,0.01,0.01,1,0.0,10.0,148.0,0.0,-100.0,2258,1137,1121,50.35,100.0,0.748,-4.104,4388,0.03,-99.98,0.0,-100.0,0.0,-99.99
ETH-USDT-SWAP,reversal,4H,0.002,0.01,0.015,1,0.0,10.0,148.0,0.0,-100.0,2258,1233,1025,54.61,100.0,0.787,-4.104,4388,0.11,-99.93,0.0,-100.0,0.0,-99.93
ETH-USDT-SWAP,reversal,4H,0.002,0.01,0.02,1,0.0,10.0,148.0,0.0,-100.0,2258,1265,993,56.02,100.0,0.818,-4.104,4388,0.16,-99.89,0.0,-100.0,0.0,-99.91
ETH-USDT-SWAP,reversal,4H,0.002,0.01,0.025,1,0.0,10.0,148.0,0.0,-100.0,2258,1284,974,56.86,100.0,0.851,-4.104,4388,0.62,-99.58,0.0,-100.0,0.0,-99.93
ETH-USDT-SWAP,reversal,4H,0.002,0.01,0.03,1,0.0,10.0,148.0,0.0,-100.0,2258,1292,966,57.22,100.0,0.884,-4.104,4388,1.47,-99.01,0.0,-100.0,0.0,-99.93
ETH-USDT-SWAP,reversal,4H,0.002,0.015,0.01,1,0.0,10.0,148.0,0.0,-100.0,2258,956,1302,42.34,100.0,0.615,-4.104,4388,0.0,-100.0,0.0,-100.0,0.0,-100.0
ETH-USDT-SWAP,reversal,4H,0.002,0.015,0.015,1,0.0,10.0,148.0,0.0,-100.0,2258,1044,1214,46.24,100.0,0.623,-4.104,4388,0.0,-100.0,0.0,-100.0,0.0,-100.0
ETH-USDT-SWAP,reversal,4H,0.002,0.015,0.02,1,0.0,10.0,148.0,0.0,-100.0,2258,1075,1183,47.61,100.0,0.69,-4.104,4388,0.0,-100.0,0.0,-100.0,0.0,-100.0
ETH-USDT-SWAP,reversal,4H,0.002,0.015,0.025,1,0.0,10.0,148.0,0.0,-100.0,2258,1091,1167,48.32,100.0,0.69,-4.104,4388,0.0,-100.0,0.0,-100.0,0.0,-100.0
ETH-USDT-SWAP,reversal,4H,0.002,0.015,0.03,1,0.0,10.0,148.0,0.0,-100.0,2258,1096,1162,48.54,100.0,0.65,-4.104,4388,0.0,-100.0,0.0,-100.0,0.0,-100.0
ETH-USDT-SWAP,reversal,4H,0.002,0.02,0.01,1,0.0,10.0,148.0,0.0,-100.0,2258,892,1366,39.5,100.0,0.574,-4.104,4388,0.0,-100.0,0.0,-100.0,0.0,-100.0
ETH-USDT-SWAP,reversal,4H,0.002,0.02,0.015,1,0.0,10.0,148.0,0.0,-100.0,2258,975,1283,43.18,100.0,0.563,-4.104,4388,0.0,-100.0,0.0,-100.0,0.0,-100.0
ETH-USDT-SWAP,reversal,4H,0.002,0.02,0.02,1,0.0,10.0,148.0,0.0,-100.0,2258,1005,1253,44.51,100.0,0.61,-4.104,4388,0.0,-100.0,0.0,-100.0,0.0,-100.0
ETH-USDT-SWAP,reversal,4H,0.002,0.02,0.025,1,0.0,10.0,148.0,0.0,-100.0,2258,1021,1237,45.22,100.0,0.609,-4.104,4388,0.0,-100.0,0.0,-100.0,0.0,-100.0
ETH-USDT-SWAP,reversal,4H,0.002,0.02,0.03,1,0.0,10.0,148.0,0.0,-100.0,2258,1025,1233,45.39,100.0,0.563,-4.104,4388,0.0,-100.0,0.0,-100.0,0.0,-100.0
ETH-USDT-SWAP,reversal,4H,0.002,0.03,0.01,1,0.0,10.0,148.0,0.0,-100.0,2258,869,1389,38.49,100.0,0.606,-4.104,4388,0.0,-100.0,0.0,-100.0,0.0,-100.0
ETH-USDT-SWAP,reversal,4H,0.002,0.03,0.015,1,0.0,10.0,148.0,0.0,-100.0,2258,949,1309,42.03,100.0,0.546,-4.104,4388,0.0,-100.0,0.0,-100.0,0.0,-100.0
ETH-USDT-SWAP,reversal,4H,0.002,0.03,0.02,1,0.0,10.0,148.0,0.0,-100.0,2258,981,1277,43.45,100.0,0.626,-4.104,4388,0.0,-100.0,0.0,-100.0,0.0,-100.0
ETH-USDT-SWAP,reversal,4H,0.002,0.03,0.025,1,0.0,10.0,148.0,0.0,-100.0,2258,995,1263,44.07,100.0,0.63,-4.104,4388,0.0,-100.0,0.0,-100.0,0.0,-100.0
ETH-USDT-SWAP,reversal,4H,0.002,0.03,0.03,1,0.0,10.0,148.0,0.0,-100.0,2258,997,1261,44.15,100.0,0.581,-4.104,4388,0.0,-100.0,0.0,-100.0,0.0,-100.0
ETH-USDT-SWAP,reversal,4H,0.003,0.006,0.01,1,0.0,10.0,148.0,318.32,115.08,2034,1455,579,71.53,96.1,1.005,4.723,4388,451.46,205.04,2028.93,349.42,318.32,-84.31
ETH-USDT-SWAP,reversal,4H,0.003,0.006,0.015,1,0.0,10.0,148.0,164856.61,111289.6,2034,1559,475,76.65,54.98,1.31,4567.289,4388,9761.52,6495.62,128432.65,1215.7,164856.61,28.36
ETH-USDT-SWAP,reversal,4H,0.003,0.006,0.02,1,0.0,10.0,148.0,229014.82,154639.74,2034,1595,439,78.42,54.72,1.419,6346.364,4388,34398.92,23142.51,180202.63,423.86,229014.82,27.09
ETH-USDT-SWAP,reversal,4H,0.003,0.006,0.025,1,0.0,10.0,148.0,290843.26,196415.72,2034,1617,417,79.5,40.42,1.555,8060.837,4388,49202.89,33145.2,232344.71,372.22,290843.26,25.18
ETH-USDT-SWAP,reversal,4H,0.003,0.006,0.03,1,0.0,10.0,148.0,322681.51,217928.05,2034,1629,405,80.09,46.67,1.627,8943.695,4388,56642.13,38171.71,245917.6,334.16,322681.51,31.22
ETH-USDT-SWAP,reversal,4H,0.003,0.008,0.01,1,0.0,10.0,148.0,0.0,-100.0,2034,1209,825,59.44,100.0,0.79,-4.104,4388,12.06,-91.85,0.51,-95.8,0.0,-99.85
ETH-USDT-SWAP,reversal,4H,0.003,0.008,0.015,1,0.0,10.0,148.0,0.88,-99.41,2034,1303,731,64.06,99.61,0.952,-4.08,4388,117.61,-20.54,43.15,-63.31,0.88,-97.96
ETH-USDT-SWAP,reversal,4H,0.003,0.008,0.02,1,0.0,10.0,148.0,6.53,-95.59,2034,1336,698,65.68,99.04,0.985,-3.923,4388,278.26,88.01,195.25,-29.83,6.53,-96.66
ETH-USDT-SWAP,reversal,4H,0.003,0.008,0.025,1,0.0,10.0,148.0,147.8,-0.13,2034,1356,678,66.67,99.49,1.0,-0.005,4388,997.4,573.92,3745.23,275.5,147.8,-96.05
ETH-USDT-SWAP,reversal,4H,0.003,0.008,0.03,1,0.0,10.0,148.0,331.71,124.13,2034,1364,670,67.06,99.19,1.001,5.094,4388,1908.03,1189.21,7303.04,282.75,331.71,-95.46
ETH-USDT-SWAP,reversal,4H,0.003,0.01,0.01,1,0.0,10.0,148.0,0.0,-100.0,2034,1055,979,51.87,100.0,0.739,-4.104,4388,0.11,-99.93,0.0,-99.83,0.0,-99.99
ETH-USDT-SWAP,reversal,4H,0.003,0.01,0.015,1,0.0,10.0,148.0,0.0,-100.0,2034,1139,895,56.0,100.0,0.761,-4.104,4388,0.17,-99.89,0.0,-99.32,0.0,-99.89
ETH-USDT-SWAP,reversal,4H,0.003,0.01,0.02,1,0.0,10.0,148.0,0.0,-100.0,2034,1170,864,57.52,100.0,0.847,-4.104,4388,0.52,-99.65,0.0,-99.14,0.0,-99.85
ETH-USDT-SWAP,reversal,4H,0.003,0.01,0.025,1,0.0,10.0,148.0,0.0,-100.0,2034,1189,845,58.46,100.0,0.854,-4.104,4388,1.24,-99.16,0.06,-95.53,0.0,-99.8
ETH-USDT-SWAP,reversal,4H,0.003,0.01,0.03,1,0.0,10.0,148.0,0.0,-100.0,2034,1197,837,58.85,100.0,0.87,-4.104,4388,1.96,-98.68,0.05,-97.55,0.0,-99.82
ETH-USDT-SWAP,reversal,4H,0.003,0.015,0.01,1,0.0,10.0,148.0,0.0,-100.0,2034,867,1167,42.63,100.0,0.625,-4.104,4388,0.0,-100.0,0.0,-100.0,0.0,-100.0
ETH-USDT-SWAP,reversal,4H,0.003,0.015,0.015,1,0.0,10.0,148.0,0.0,-100.0,2034,948,1086,46.61,100.0,0.585,-4.104,4388,0.0,-100.0,0.0,-100.0,0.0,-99.99
ETH-USDT-SWAP,reversal,4H,0.003,0.015,0.02,1,0.0,10.0,148.0,0.0,-100.0,2034,975,1059,47.94,100.0,0.707,-4.104,4388,0.01,-100.0,0.0,-100.0,0.0,-100.0
ETH-USDT-SWAP,reversal,4H,0.003,0.015,0.025,1,0.0,10.0,148.0,0.0,-100.0,2034,991,1043,48.72,100.0,0.679,-4.104,4388,0.01,-99.99,0.0,-100.0,0.0,-100.0
ETH-USDT-SWAP,reversal,4H,0.003,0.015,0.03,1,0.0,10.0,148.0,0.0,-100.0,2034,996,1038,48.97,100.0,0.621,-4.104,4388,0.01,-99.99,0.0,-100.0,0.0,-100.0
ETH-USDT-SWAP,reversal,4H,0.003,0.02,0.01,1,0.0,10.0,148.0,0.0,-100.0,2034,813,1221,39.97,100.0,0.638,-4.104,4388,0.0,-100.0,0.0,-100.0,0.0,-100.0
ETH-USDT-SWAP,reversal,4H,0.003,0.02,0.015,1,0.0,10.0,148.0,0.0,-100.0,2034,886,1148,43.56,100.0,0.59,-4.104,4388,0.0,-100.0,0.0,-100.0,0.0,-100.0
ETH-USDT-SWAP,reversal,4H,0.003,0.02,0.02,1,0.0,10.0,148.0,0.0,-100.0,2034,911,1123,44.79,100.0,0.713,-4.104,4388,0.0,-100.0,0.0,-100.0,0.0,-100.0
ETH-USDT-SWAP,reversal,4H,0.003,0.02,0.025,1,0.0,10.0,148.0,0.0,-100.0,2034,927,1107,45.58,100.0,0.681,-4.104,4388,0.0,-100.0,0.0,-100.0,0.0,-100.0
ETH-USDT-SWAP,reversal,4H,0.003,0.02,0.03,1,0.0,10.0,148.0,0.0,-100.0,2034,931,1103,45.77,100.0,0.621,-4.104,4388,0.0,-100.0,0.0,-100.0,0.0,-100.0
ETH-USDT-SWAP,reversal,4H,0.003,0.03,0.01,1,0.0,10.0,148.0,0.0,-100.0,2034,788,1246,38.74,100.0,0.651,-4.104,4388,0.0,-100.0,0.0,-100.0,0.0,-100.0
ETH-USDT-SWAP,reversal,4H,0.003,0.03,0.015,1,0.0,10.0,148.0,0.0,-100.0,2034,857,1177,42.13,100.0,0.559,-4.104,4388,0.0,-100.0,0.0,-100.0,0.0,-100.0
ETH-USDT-SWAP,reversal,4H,0.003,0.03,0.02,1,0.0,10.0,148.0,0.0,-100.0,2034,887,1147,43.61,100.0,0.72,-4.104,4388,0.0,-100.0,0.0,-100.0,0.0,-100.0
ETH-USDT-SWAP,reversal,4H,0.003,0.03,0.025,1,0.0,10.0,148.0,0.0,-100.0,2034,899,1135,44.2,100.0,0.664,-4.104,4388,0.0,-100.0,0.0,-100.0,0.0,-100.0
ETH-USDT-SWAP,reversal,4H,0.003,0.03,0.03,1,0.0,10.0,148.0,0.0,-100.0,2034,903,1131,44.4,100.0,0.623,-4.104,4388,0.0,-100.0,0.0,-100.0,0.0,-100.0
ETH-USDT-SWAP,reversal,4H,0.005,0.006,0.01,1,0.0,10.0,148.0,93596.32,63140.76,1662,1249,413,75.15,81.78,1.233,2591.276,4388,3634.34,2355.64,78490.76,2059.7,93596.32,19.25
ETH-USDT-SWAP,reversal,4H,0.005,0.006,0.015,1,0.0,10.0,148.0,241910.85,163353.28,1662,1340,322,80.63,42.62,1.595,6703.965,4388,41309.75,27811.99,187985.83,355.06,241910.85,28.69
ETH-USDT-SWAP,reversal,4H,0.005,0.006,0.02,1,0.0,10.0,148.0,329576.21,222586.63,1662,1383,279,83.21,32.43,1.899,9134.882,4388,55079.27,37115.73,249756.09,353.45,329576.21,31.96
ETH-USDT-SWAP,reversal,4H,0.005,0.006,0.025,1,0.0,10.0,148.0,368983.28,249213.03,1662,1401,261,84.3,36.76,2.052,10227.621,4388,62708.02,42270.28,276308.16,340.63,368983.28,33.54
ETH-USDT-SWAP,reversal,4H,0.005,0.006,0.03,1,0.0,10.0,148.0,433440.38,292765.12,1662,1419,243,85.38,34.79,2.417,12014.984,4388,71682.69,48334.25,318910.26,344.89,433440.38,35.91
ETH-USDT-SWAP,reversal,4H,0.005,0.008,0.01,1,0.0,10.0,148.0,71228.83,48027.59,1662,1093,569,65.76,92.38,1.157,1971.036,4388,3014.6,1936.89,55293.72,1734.2,71228.83,28.82
ETH-USDT-SWAP,reversal,4H,0.005,0.008,0.015,1,0.0,10.0,148.0,209497.73,141452.52,1662,1175,487,70.7,53.61,1.356,5805.165,4388,32720.73,22008.6,157676.82,381.89,209497.73,32.87
ETH-USDT-SWAP,reversal,4H,0.005,0.008,0.02,1,0.0,10.0,148.0,305642.25,206415.04,1662,1214,448,73.04,41.1,1.542,8471.205,4388,55388.61,37324.74,237877.55,329.47,305642.25,28.49
ETH-USDT-SWAP,reversal,4H,0.005,0.008,0.025,1,0.0,10.0,148.0,335451.39,226556.34,1662,1229,433,73.95,51.75,1.593,9297.798,4388,63398.45,42736.79,263021.81,314.87,335451.39,27.54
ETH-USDT-SWAP,reversal,4H,0.005,0.008,0.03,1,0.0,10.0,148.0,384679.25,259818.41,1662,1244,418,74.85,54.52,1.704,10662.862,4388,70885.31,47795.48,301161.46,324.86,384679.25,27.73
ETH-USDT-SWAP,reversal,4H,0.005,0.01,0.01,1,0.0,10.0,148.0,0.05,-99.97,1662,927,735,55.78,99.98,0.923,-4.103,4388,124.73,-15.72,3.1,-97.51,0.05,-98.5
ETH-USDT-SWAP,reversal,4H,0.005,0.01,0.015,1,0.0,10.0,148.0,4.01,-97.29,1662,1003,659,60.35,99.79,0.986,-3.993,4388,696.1,370.34,45.39,-93.48,4.01,-91.17
ETH-USDT-SWAP,reversal,4H,0.005,0.01,0.02,1,0.0,10.0,148.0,308.9,108.72,1662,1036,626,62.33,98.67,1.001,4.462,4388,3430.25,2217.74,1595.8,-53.48,308.9,-80.64
ETH-USDT-SWAP,reversal,4H,0.005,0.01,0.025,1,0.0,10.0,148.0,30759.51,20683.45,1662,1050,612,63.18,93.67,1.055,848.842,4388,6058.5,3993.58,27650.91,356.4,30759.51,11.24
ETH-USDT-SWAP,reversal,4H,0.005,0.01,0.03,1,0.0,10.0,148.0,75090.5,50636.83,1662,1062,600,63.9,95.08,1.12,2078.119,4388,11204.71,7470.75,70685.72,530.86,75090.5,6.23
ETH-USDT-SWAP,reversal,4H,0.005,0.015,0.01,1,0.0,10.0,148.0,0.0,-100.0,1662,736,926,44.28,100.0,0.712,-4.104,4388,0.48,-99.68,0.0,-100.0,0.0,-99.97
ETH-USDT-SWAP,reversal,4H,0.005,0.015,0.015,1,0.0,10.0,148.0,0.0,-100.0,1662,808,854,48.62,100.0,0.787,-4.104,4388,0.62,-99.58,0.0,-100.0,0.0,-99.87
ETH-USDT-SWAP,reversal,4H,0.005,0.015,0.02,1,0.0,10.0,148.0,0.0,-100.0,1662,834,828,50.18,100.0,0.81,-4.104,4388,2.09,-98.59,0.0,-100.0,0.0,-99.92
ETH-USDT-SWAP,reversal,4H,0.005,0.015,0.025,1,0.0,10.0,148.0,0.0,-100.0,1662,846,816,50.9,100.0,0.805,-4.104,4388,3.15,-97.87,0.0,-100.0,0.0,-99.93
ETH-USDT-SWAP,reversal,4H,0.005,0.015,0.03,1,0.0,10.0,148.0,0.0,-100.0,1662,852,810,51.26,100.0,0.866,-4.104,4388,4.67,-96.84,0.0,-100.0,0.0,-99.9
ETH-USDT-SWAP,reversal,4H,0.005,0.02,0.01,1,0.0,10.0,148.0,0.0,-100.0,1662,680,982,40.91,100.0,0.687,-4.104,4388,0.03,-99.98,0.0,-100.0,0.0,-100.0
ETH-USDT-SWAP,reversal,4H,0.005,0.02,0.015,1,0.0,10.0,148.0,0.0,-100.0,1662,741,921,44.58,100.0,0.76,-4.104,4388,0.01,-99.99,0.0,-100.0,0.0,-99.99
ETH-USDT-SWAP,reversal,4H,0.005,0.02,0.02,1,0.0,10.0,148.0,0.0,-100.0,1662,765,897,46.03,100.0,0.778,-4.104,4388,0.06,-99.96,0.0,-100.0,0.0,-100.0
ETH-USDT-SWAP,reversal,4H,0.005,0.02,0.025,1,0.0,10.0,148.0,0.0,-100.0,1662,777,885,46.75,100.0,0.76,-4.104,4388,0.09,-99.94,0.0,-100.0,0.0,-100.0
ETH-USDT-SWAP,reversal,4H,0.005,0.02,0.03,1,0.0,10.0,148.0,0.0,-100.0,1662,781,881,46.99,100.0,0.758,-4.104,4388,0.07,-99.95,0.0,-100.0,0.0,-100.0
ETH-USDT-SWAP,reversal,4H,0.005,0.03,0.01,1,0.0,10.0,148.0,0.0,-100.0,1662,652,1010,39.23,100.0,0.648,-4.104,4388,0.01,-99.99,0.0,-100.0,0.0,-100.0
ETH-USDT-SWAP,reversal,4H,0.005,0.03,0.015,1,0.0,10.0,148.0,0.0,-100.0,1662,714,948,42.96,100.0,0.727,-4.104,4388,0.0,-100.0,0.0,-100.0,0.0,-100.0
ETH-USDT-SWAP,reversal,4H,0.005,0.03,0.02,1,0.0,10.0,148.0,0.0,-100.0,1662,739,923,44.46,100.0,0.746,-4.104,4388,0.02,-99.99,0.0,-100.0,0.0,-100.0
ETH-USDT-SWAP,reversal,4H,0.005,0.03,0.025,1,0.0,10.0,148.0,0.0,-100.0,1662,748,914,45.01,100.0,0.714,-4.104,4388,0.02,-99.99,0.0,-100.0,0.0,-100.0
ETH-USDT-SWAP,reversal,4H,0.005,0.03,0.03,1,0.0,10.0,148.0,0.0,-100.0,1662,751,911,45.19,100.0,0.714,-4.104,4388,0.02,-99.99,0.0,-100.0,0.0,-100.0
ETH-USDT-SWAP,reversal,4H,0.007,0.006,0.01,1,0.0,10.0,148.0,107351.22,72434.61,1367,1057,310,77.32,77.64,1.337,2972.693,4388,7795.76,5167.4,78128.24,902.19,107351.22,37.4
ETH-USDT-SWAP,reversal,4H,0.007,0.006,0.015,1,0.0,10.0,148.0,226891.45,153205.03,1367,1137,230,83.17,31.36,1.721,6287.484,4388,37004.7,24903.17,170510.52,360.78,226891.45,33.07
ETH-USDT-SWAP,reversal,4H,0.007,0.006,0.02,1,0.0,10.0,148.0,283327.0,191337.16,1367,1170,197,85.59,28.23,1.97,7852.414,4388,48025.4,32349.6,212439.94,342.35,283327.0,33.37
ETH-USDT-SWAP,reversal,4H,0.007,0.006,0.025,1,0.0,10.0,148.0,351825.9,237620.2,1367,1194,173,87.34,27.3,2.377,9751.855,4388,66367.78,44743.1,246797.24,271.86,351825.9,42.56
ETH-USDT-SWAP,reversal,4H,0.007,0.006,0.03,1,0.0,10.0,148.0,382703.33,258483.33,1367,1206,161,88.22,32.3,2.68,10608.071,4388,66970.98,45150.66,272874.67,307.45,382703.33,40.25
ETH-USDT-SWAP,reversal,4H,0.007,0.008,0.01,1,0.0,10.0,148.0,158801.93,107198.6,1367,941,426,68.84,66.78,1.352,4399.396,4388,20278.18,13601.48,107782.38,431.52,158801.93,47.34
ETH-USDT-SWAP,reversal,4H,0.007,0.008,0.015,1,0.0,10.0,148.0,251404.37,169767.82,1367,1008,359,73.74,35.83,1.559,6967.216,4388,52551.92,35408.06,179211.8,241.02,251404.37,40.28
ETH-USDT-SWAP,reversal,4H,0.007,0.008,0.02,1,0.0,10.0,148.0,328488.23,221851.51,1367,1043,324,76.3,33.01,1.773,9104.713,4388,65125.86,43903.96,238859.43,266.77,328488.23,37.52
ETH-USDT-SWAP,reversal,4H,0.007,0.008,0.025,1,0.0,10.0,148.0,392945.91,265403.99,1367,1065,302,77.91,27.58,1.975,10892.093,4388,83382.99,56239.86,273420.51,227.91,392945.91,43.71
ETH-USDT-SWAP,reversal,4H,0.007,0.008,0.03,1,0.0,10.0,148.0,421494.17,284693.36,1367,1076,291,78.71,32.39,2.102,11683.722,4388,86395.18,58275.12,298940.01,246.01,421494.17,41.0
ETH-USDT-SWAP,reversal,4H,0.007,0.01,0.01,1,0.0,10.0,148.0,7277.25,4817.06,1367,820,547,59.99,92.68,1.039,197.691,4388,6995.36,4626.59,3494.06,-50.05,7277.25,108.28
ETH-USDT-SWAP,reversal,4H,0.007,0.01,0.015,1,0.0,10.0,148.0,126125.01,85119.6,1367,883,484,64.59,67.49,1.215,3493.281,4388,25611.57,17205.12,87044.7,239.86,126125.01,44.9
ETH-USDT-SWAP,reversal,4H,0.007,0.01,0.02,1,0.0,10.0,148.0,215546.29,145539.39,1367,917,450,67.08,39.87,1.376,5972.889,4388,44267.17,29810.25,163410.43,269.15,215546.29,31.9
ETH-USDT-SWAP,reversal,4H,0.007,0.01,0.025,1,0.0,10.0,148.0,264481.11,178603.45,1367,936,431,68.47,45.63,1.462,7329.827,4388,60838.77,41007.28,192513.3,216.43,264481.11,37.38
ETH-USDT-SWAP,reversal,4H,0.007,0.01,0.03,1,0.0,10.0,148.0,287043.12,193848.06,1367,945,422,69.13,49.07,1.511,7955.461,4388,65102.23,43887.99,219520.44,237.19,287043.12,30.76
ETH-USDT-SWAP,reversal,4H,0.007,0.015,0.01,1,0.0,10.0,148.0,0.0,-100.0,1367,654,713,47.84,100.0,0.891,-4.104,4388,9.6,-93.52,0.0,-100.0,0.0,-93.6
ETH-USDT-SWAP,reversal,4H,0.007,0.015,0.015,1,0.0,10.0,148.0,0.0,-100.0,1367,708,659,51.79,100.0,0.914,-4.104,4388,18.5,-87.5,0.0,-100.0,0.0,-91.33
ETH-USDT-SWAP,reversal,4H,0.007,0.015,0.02,1,0.0,10.0,148.0,0.0,-100.0,1367,736,631,53.84,100.0,0.947,-4.104,4388,75.0,-49.32,0.02,-99.97,0.0,-88.03
ETH-USDT-SWAP,reversal,4H,0.007,0.015,0.025,1,0.0,10.0,148.0,0.0,-100.0,1367,745,622,54.5,100.0,0.963,-4.104,4388,147.47,-0.36,0.01,-100.0,0.0,-83.25
ETH-USDT-SWAP,reversal,4H,0.007,0.015,0.03,1,0.0,10.0,148.0,0.0,-100.0,1367,750,617,54.86,100.0,0.957,-4.104,4388,113.25,-23.48,0.0,-100.0,0.0,-90.97
ETH-USDT-SWAP,reversal,4H,0.007,0.02,0.01,1,0.0,10.0,148.0,0.0,-100.0,1367,591,776,43.23,100.0,0.839,-4.104,4388,0.93,-99.37,0.0,-100.0,0.0,-99.53
ETH-USDT-SWAP,reversal,4H,0.007,0.02,0.015,1,0.0,10.0,148.0,0.0,-100.0,1367,644,723,47.11,100.0,0.89,-4.104,4388,2.01,-98.64,0.0,-100.0,0.0,-99.78
ETH-USDT-SWAP,reversal,4H,0.007,0.02,0.02,1,0.0,10.0,148.0,0.0,-100.0,1367,667,700,48.79,100.0,0.904,-4.104,4388,5.66,-96.18,0.0,-100.0,0.0,-99.88
ETH-USDT-SWAP,reversal,4H,0.007,0.02,0.025,1,0.0,10.0,148.0,0.0,-100.0,1367,674,693,49.31,100.0,0.886,-4.104,4388,4.24,-97.14,0.0,-100.0,0.0,-99.86
ETH-USDT-SWAP,reversal,4H,0.007,0.02,0.03,1,0.0,10.0,148.0,0.0,-100.0,1367,676,691,49.45,100.0,0.893,-4.104,4388,3.63,-97.55,0.0,-100.0,0.0,-99.87
ETH-USDT-SWAP,reversal,4H,0.007,0.03,0.01,1,0.0,10.0,148.0,0.0,-100.0,1367,567,800,41.48,100.0,0.819,-4.104,4388,0.39,-99.73,0.0,-100.0,0.0,-99.87
ETH-USDT-SWAP,reversal,4H,0.007,0.03,0.015,1,0.0,10.0,148.0,0.0,-100.0,1367,616,751,45.06,100.0,0.845,-4.104,4388,0.44,-99.7,0.0,-100.0,0.0,-99.97
ETH-USDT-SWAP,reversal,4H,0.007,0.03,0.02,1,0.0,10.0,148.0,0.0,-100.0,1367,636,731,46.53,100.0,0.859,-4.104,4388,0.93,-99.37,0.0,-100.0,0.0,-99.99
ETH-USDT-SWAP,reversal,4H,0.007,0.03,0.025,1,0.0,10.0,148.0,0.0,-100.0,1367,640,727,46.82,100.0,0.806,-4.104,4388,0.39,-99.73,0.0,-100.0,0.0,-99.99
ETH-USDT-SWAP,reversal,4H,0.007,0.03,0.03,1,0.0,10.0,148.0,0.0,-100.0,1367,642,725,46.96,100.0,0.808,-4.104,4388,0.3,-99.8,0.0,-100.0,0.0,-99.99
ETH-USDT-SWAP,reversal,4H,0.01,0.006,0.01,1,0.0,10.0,148.0,7009.2,4635.94,1001,771,230,77.02,84.98,1.064,190.258,4388,1871.81,1164.74,13302.77,610.69,7009.2,-47.31
ETH-USDT-SWAP,reversal,4H,0.01,0.006,0.015,1,0.0,10.0,148.0,122001.54,82333.48,1001,841,160,84.02,60.64,1.522,3378.939,4388,8975.34,5964.42,98545.56,997.96,122001.54,23.8
ETH-USDT-SWAP,reversal,4H,0.01,0.006,0.02,1,0.0,10.0,148.0,176367.04,119066.92,1001,870,131,86.91,68.28,1.78,4886.467,4388,11467.84,7648.54,127034.94,1007.75,176367.04,38.83
ETH-USDT-SWAP,reversal,4H,0.01,0.006,0.025,1,0.0,10.0,148.0,244102.4,164834.05,1001,892,109,89.11,51.49,2.258,6764.735,4388,14141.63,9455.15,168810.29,1093.71,244102.4,44.6
ETH-USDT-SWAP,reversal,4H,0.01,0.006,0.03,1,0.0,10.0,148.0,257557.53,173925.36,1001,899,102,89.81,54.71,2.468,7137.84,4388,12772.75,8530.24,182115.42,1325.81,257557.53,41.43
ETH-USDT-SWAP,reversal,4H,0.01,0.008,0.01,1,0.0,10.0,148.0,123020.19,83021.75,1001,718,283,71.73,56.1,1.344,3407.185,4388,15696.13,10505.49,99107.89,531.42,123020.19,24.13
ETH-USDT-SWAP,reversal,4H,0.01,0.008,0.015,1,0.0,10.0,148.0,229076.71,154681.56,1001,781,220,78.02,32.41,1.681,6348.081,4388,35215.37,23694.17,178913.22,408.05,229076.71,28.04
ETH-USDT-SWAP,reversal,4H,0.01,0.008,0.02,1,0.0,10.0,148.0,281911.97,190381.06,1001,808,193,80.72,38.97,1.883,7813.176,4388,42620.2,28697.43,210349.78,393.54,281911.97,34.02
ETH-USDT-SWAP,reversal,4H,0.01,0.008,0.025,1,0.0,10.0,148.0,339476.42,229275.96,1001,829,172,82.82,44.11,2.199,9409.41,4388,45437.61,30601.09,240502.04,429.3,339476.42,41.15
ETH-USDT-SWAP,reversal,4H,0.01,0.008,0.03,1,0.0,10.0,148.0,355093.63,239828.13,1001,836,165,83.52,45.48,2.318,9842.468,4388,46017.59,30992.97,261090.81,467.37,355093.63,36.0
ETH-USDT-SWAP,reversal,4H,0.01,0.01,0.01,1,0.0,10.0,148.0,134782.11,90968.99,1001,647,354,64.64,57.6,1.315,3733.338,4388,24345.6,16349.73,92398.87,279.53,134782.11,45.87
ETH-USDT-SWAP,reversal,4H,0.01,0.01,0.015,1,0.0,10.0,148.0,251767.03,170012.86,1001,709,292,70.83,48.78,1.629,6977.272,4388,42368.34,28527.25,177121.83,318.05,251767.03,42.14
ETH-USDT-SWAP,reversal,4H,0.01,0.01,0.02,1,0.0,10.0,148.0,301096.82,203343.8,1001,733,268,73.23,41.23,1.777,8345.163,4388,47718.62,32142.31,206897.92,333.58,301096.82,45.53
ETH-USDT-SWAP,reversal,4H,0.01,0.01,0.025,1,0.0,10.0,148.0,359476.49,242789.52,1001,754,247,75.32,40.89,2.003,9964.002,4388,54231.86,36543.15,241555.4,345.41,359476.49,48.82
ETH-USDT-SWAP,reversal,4H,0.01,0.01,0.03,1,0.0,10.0,148.0,371264.83,250754.62,1001,760,241,75.92,42.33,2.063,10290.887,4388,55119.68,37143.03,258894.55,369.7,371264.83,43.4
ETH-USDT-SWAP,reversal,4H,0.01,0.015,0.01,1,0.0,10.0,148.0,0.01,-99.99,1001,488,513,48.75,100.0,0.921,-4.104,4388,130.84,-11.59,0.14,-99.89,0.01,-91.43
ETH-USDT-SWAP,reversal,4H,0.01,0.015,0.015,1,0.0,10.0,148.0,1.6,-98.92,1001,539,462,53.85,99.9,0.978,-4.06,4388,635.1,329.12,9.04,-98.58,1.6,-82.29
ETH-USDT-SWAP,reversal,4H,0.01,0.015,0.02,1,0.0,10.0,148.0,2.38,-98.39,1001,557,444,55.64,99.9,0.984,-4.038,4388,772.86,422.2,13.24,-98.29,2.38,-81.99
ETH-USDT-SWAP,reversal,4H,0.01,0.015,0.025,1,0.0,10.0,148.0,10.89,-92.64,1001,571,430,57.04,99.75,0.993,-3.802,4388,1413.11,854.81,48.07,-96.6,10.89,-77.34
ETH-USDT-SWAP,reversal,4H,0.01,0.015,0.03,1,0.0,10.0,148.0,5.46,-96.31,1001,576,425,57.54,99.82,0.993,-3.953,4388,1299.08,777.76,44.84,-96.55,5.46,-87.82
ETH-USDT-SWAP,reversal,4H,0.01,0.02,0.01,1,0.0,10.0,148.0,0.0,-100.0,1001,440,561,43.96,100.0,0.763,-4.104,4388,6.23,-95.79,0.0,-100.0,0.0,-92.73
ETH-USDT-SWAP,reversal,4H,0.01,0.02,0.015,1,0.0,10.0,148.0,0.0,-100.0,1001,487,514,48.65,100.0,0.813,-4.104,4388,19.21,-87.02,0.0,-99.99,0.0,-95.24
ETH-USDT-SWAP,reversal,4H,0.01,0.02,0.02,1,0.0,10.0,148.0,0.0,-100.0,1001,502,499,50.15,100.0,0.821,-4.104,4388,22.97,-84.48,0.0,-100.0,0.0,-96.72
ETH-USDT-SWAP,reversal,4H,0.01,0.02,0.025,1,0.0,10.0,148.0,0.0,-100.0,1001,509,492,50.85,100.0,0.879,-4.104,4388,32.06,-78.33,0.0,-100.0,0.0,-95.02
ETH-USDT-SWAP,reversal,4H,0.01,0.02,0.03,1,0.0,10.0,148.0,0.0,-100.0,1001,513,488,51.25,100.0,0.836,-4.104,4388,13.77,-90.7,0.0,-100.0,0.0,-97.46
ETH-USDT-SWAP,reversal,4H,0.01,0.03,0.01,1,0.0,10.0,148.0,0.0,-100.0,1001,411,590,41.06,100.0,0.728,-4.104,4388,1.57,-98.94,0.0,-100.0,0.0,-99.25
ETH-USDT-SWAP,reversal,4H,0.01,0.03,0.015,1,0.0,10.0,148.0,0.0,-100.0,1001,455,546,45.45,100.0,0.773,-4.104,4388,5.4,-96.35,0.0,-100.0,0.0,-99.85
ETH-USDT-SWAP,reversal,4H,0.01,0.03,0.02,1,0.0,10.0,148.0,0.0,-100.0,1001,468,533,46.75,100.0,0.777,-4.104,4388,6.7,-95.47,0.0,-100.0,0.0,-99.91
ETH-USDT-SWAP,reversal,4H,0.01,0.03,0.025,1,0.0,10.0,148.0,0.0,-100.0,1001,472,529,47.15,100.0,0.771,-4.104,4388,5.76,-96.11,0.0,-100.0,0.0,-99.86
ETH-USDT-SWAP,reversal,4H,0.01,0.03,0.03,1,0.0,10.0,148.0,0.0,-100.0,1001,476,525,47.55,100.0,0.704,-4.104,4388,2.15,-98.55,0.0,-100.0,0.0,-99.95
ETH-USDT-SWAP,breakout,4H,0.001,0.006,0.01,1,0.0,10.0,148.0,0.0,-100.0,2466,1079,1387,43.76,100.0,0.378,-4.104,4388,0.0,-100.0,0.0,-100.0,0.0,-100.0
ETH-USDT-SWAP,breakout,4H,0.001,0.006,0.015,1,0.0,10.0,148.0,0.0,-100.0,2466,1292,1174,52.39,100.0,0.565,-4.104,4388,0.0,-100.0,0.0,-100.0,0.0,-100.0
ETH-USDT-SWAP,breakout,4H,0.001,0.006,0.02,1,0.0,10.0,148.0,0.0,-100.0,2466,1365,1101,55.35,100.0,0.611,-4.104,4388,0.0,-100.0,0.0,-100.0,0.0,-100.0
ETH-USDT-SWAP,breakout,4H,0.001,0.006,0.025,1,0.0,10.0,148.0,0.0,-100.0,2466,1389,1077,56.33,100.0,0.609,-4.104,4388,0.0,-100.0,0.0,-100.0,0.0,-100.0
ETH-USDT-SWAP,breakout,4H,0.001,0.006,0.03,1,0.0,10.0,148.0,0.0,-100.0,2466,1399,1067,56.73,100.0,0.606,-4.104,4388,0.0,-100.0,0.0,-100.0,0.0,-100.0
ETH-USDT-SWAP,breakout,4H,0.001,0.008,0.01,1,0.0,10.0,148.0,0.0,-100.0,2466,925,1541,37.51,100.0,0.342,-4.104,4388,0.0,-100.0,0.0,-100.0,0.0,-100.0
ETH-USDT-SWAP,breakout,4H,0.001,0.008,0.015,1,0.0,10.0,148.0,0.0,-100.0,2466,1114,1352,45.17,100.0,0.502,-4.104,4388,0.0,-100.0,0.0,-100.0,0.0,-100.0
ETH-USDT-SWAP,breakout,4H,0.001,0.008,0.02,1,0.0,10.0,148.0,0.0,-100.0,2466,1174,1292,47.61,100.0,0.532,-4.104,4388,0.0,-100.0,0.0,-100.0,0.0,-100.0
ETH-USDT-SWAP,breakout,4H,0.001,0.008,0.025,1,0.0,10.0,148.0,0.0,-100.0,2466,1199,1267,48.62,100.0,0.53,-4.104,4388,0.0,-100.0,0.0,-100.0,0.0,-100.0
ETH-USDT-SWAP,breakout,4H,0.001,0.008,0.03,1,0.0,10.0,148.0,0.0,-100.0,2466,1208,1258,48.99,100.0,0.527,-4.104,4388,0.0,-100.0,0.0,-100.0,0.0,-100.0
ETH-USDT-SWAP,breakout,4H,0.001,0.01,0.01,1,0.0,10.0,148.0,0.0,-100.0,2466,842,1624,34.14,100.0,0.38,-4.104,4388,0.0,-100.0,0.0,-100.0,0.0,-100.0
ETH-USDT-SWAP,breakout,4H,0.001,0.01,0.015,1,0.0,10.0,148.0,0.0,-100.0,2466,1022,1444,41.44,100.0,0.524,-4.104,4388,0.0,-100.0,0.0,-100.0,0.0,-100.0
ETH-USDT-SWAP,breakout,4H,0.001,0.01,0.02,1,0.0,10.0,148.0,0.0,-100.0,2466,1076,1390,43.63,100.0,0.556,-4.104,4388,0.0,-100.0,0.0,-100.0,0.0,-100.0
ETH-USDT-SWAP,breakout,4H,0.001,0.01,0.025,1,0.0,10.0,148.0,0.0,-100.0,2466,1099,1367,44.57,100.0,0.555,-4.104,4388,0.0,-100.0,0.0,-100.0,0.0,-100.0
ETH-USDT-SWAP,breakout,4H,0.001,0.01,0.03,1,0.0,10.0,148.0,0.0,-100.0,2466,1107,1359,44.89,100.0,0.553,-4.104,4388,0.0,-100.0,0.0,-100.0,0.0,-100.0
ETH-USDT-SWAP,breakout,4H,0.001,0.015,0.01,1,0.0,10.0,148.0,0.0,-100.0,2466,730,1736,29.6,100.0,0.371,-4.104,4388,0.0,-100.0,0.0,-100.0,0.0,-100.0
ETH-USDT-SWAP,breakout,4H,0.001,0.015,0.015,1,0.0,10.0,148.0,0.0,-100.0,2466,884,1582,35.85,100.0,0.535,-4.104,4388,0.0,-100.0,0.0,-100.0,0.0,-100.0
ETH-USDT-SWAP,breakout,4H,0.001,0.015,0.02,1,0.0,10.0,148.0,0.0,-100.0,2466,927,1539,37.59,100.0,0.579,-4.104,4388,0.0,-100.0,0.0,-100.0,0.0,-100.0
ETH-USDT-SWAP,breakout,4H,0.001,0.015,0.025,1,0.0,10.0,148.0,0.0,-100.0,2466,946,1520,38.36,100.0,0.582,-4.104,4388,0.0,-100.0,0.0,-100.0,0.0,-100.0
ETH-USDT-SWAP,breakout,4H,0.001,0.015,0.03,1,0.0,10.0,148.0,0.0,-100.0,2466,954,1512,38.69,100.0,0.58,-4.104,4388,0.0,-100.0,0.0,-100.0,0.0,-100.0
ETH-USDT-SWAP,breakout,4H,0.001,0.02,0.01,1,0.0,10.0,148.0,0.0,-100.0,2466,696,1770,28.22,100.0,0.341,-4.104,4388,0.0,-100.0,0.0,-100.0,0.0,-100.0
ETH-USDT-SWAP,breakout,4H,0.001,0.02,0.015,1,0.0,10.0,148.0,0.0,-100.0,2466,840,1626,34.06,100.0,0.512,-4.104,4388,0.0,-100.0,0.0,-100.0,0.0,-100.0
ETH-USDT-SWAP,breakout,4H,0.001,0.02,0.02,1,0.0,10.0,148.0,0.0,-100.0,2466,881,1585,35.73,100.0,0.549,-4.104,4388,0.0,-100.0,0.0,-100.0,0.0,-100.0
ETH-USDT-SWAP,breakout,4H,0.001,0.02,0.025,1,0.0,10.0,148.0,0.0,-100.0,2466,900,1566,36.5,100.0,0.552,-4.104,4388,0.0,-100.0,0.0,-100.0,0.0,-100.0
ETH-USDT-SWAP,breakout,4H,0.001,0.02,0.03,1,0.0,10.0,148.0,0.0,-100.0,2466,903,1563,36.62,100.0,0.549,-4.104,4388,0.0,-100.0,0.0,-100.0,0.0,-100.0
ETH-USDT-SWAP,breakout,4H,0.001,0.03,0.01,1,0.0,10.0,148.0,0.0,-100.0,2466,681,1785,27.62,100.0,0.374,-4.104,4388,0.0,-100.0,0.0,-100.0,0.0,-100.0
ETH-USDT-SWAP,breakout,4H,0.001,0.03,0.015,1,0.0,10.0,148.0,0.0,-100.0,2466,814,1652,33.01,100.0,0.575,-4.104,4388,0.0,-100.0,0.0,-100.0,0.0,-100.0
ETH-USDT-SWAP,breakout,4H,0.001,0.03,0.02,1,0.0,10.0,148.0,0.0,-100.0,2466,853,1613,34.59,100.0,0.606,-4.104,4388,0.0,-100.0,0.0,-100.0,0.0,-100.0
ETH-USDT-SWAP,breakout,4H,0.001,0.03,0.025,1,0.0,10.0,148.0,0.0,-100.0,2466,870,1596,35.28,100.0,0.608,-4.104,4388,0.0,-100.0,0.0,-100.0,0.0,-100.0
ETH-USDT-SWAP,breakout,4H,0.001,0.03,0.03,1,0.0,10.0,148.0,0.0,-100.0,2466,873,1593,35.4,100.0,0.605,-4.104,4388,0.0,-100.0,0.0,-100.0,0.0,-100.0
ETH-USDT-SWAP,breakout,4H,0.002,0.006,0.01,1,0.0,10.0,148.0,0.0,-100.0,2258,926,1332,41.01,100.0,0.236,-4.104,4388,0.0,-100.0,0.0,-100.0,0.0,-100.0
ETH-USDT-SWAP,breakout,4H,0.002,0.006,0.015,1,0.0,10.0,148.0,0.0,-100.0,2258,1157,1101,51.24,100.0,0.445,-4.104,4388,0.0,-100.0,0.0,-100.0,0.0,-100.0
ETH-USDT-SWAP,breakout,4H,0.002,0.006,0.02,1,0.0,10.0,148.0,0.0,-100.0,2258,1227,1031,54.34,100.0,0.471,-4.104,4388,0.0,-100.0,0.0,-100.0,0.0,-100.0
ETH-USDT-SWAP,breakout,4H,0.002,0.006,0.025,1,0.0,10.0,148.0,0.0,-100.0,2258,1256,1002,55.62,100.0,0.462,-4.104,4388,0.0,-100.0,0.0,-100.0,0.0,-100.0
ETH-USDT-SWAP,breakout,4H,0.002,0.006,0.03,1,0.0,10.0,148.0,0.0,-100.0,2258,1266,992,56.07,100.0,0.46,-4.104,4388,0.0,-100.0,0.0,-100.0,0.0,-100.0
ETH-USDT-SWAP,breakout,4H,0.002,0.008,0.01,1,0.0,10.0,148.0,0.0,-100.0,2258,798,1460,35.34,100.0,0.285,-4.104,4388,0.0,-100.0,0.0,-100.0,0.0,-100.0
ETH-USDT-SWAP,breakout,4H,0.002,0.008,0.015,1,0.0,10.0,148.0,0.0,-100.0,2258,1000,1258,44.29,100.0,0.472,-4.104,4388,0.0,-100.0,0.0,-100.0,0.0,-100.0
ETH-USDT-SWAP,breakout,4H,0.002,0.008,0.02,1,0.0,10.0,148.0,0.0,-100.0,2258,1066,1192,47.21,100.0,0.492,-4.104,4388,0.0,-100.0,0.0,-100.0,0.0,-100.0
ETH-USDT-SWAP,breakout,4H,0.002,0.008,0.025,1,0.0,10.0,148.0,0.0,-100.0,2258,1092,1166,48.36,100.0,0.484,-4.104,4388,0.0,-100.0,0.0,-100.0,0.0,-100.0
ETH-USDT-SWAP,breakout,4H,0.002,0.008,0.03,1,0.0,10.0,148.0,0.0,-100.0,2258,1101,1157,48.76,100.0,0.483,-4.104,4388,0.0,-100.0,0.0,-100.0,0.0,-100.0
ETH-USDT-SWAP,breakout,4H,0.002,0.01,0.01,1,0.0,10.0,148.0,0.0,-100.0,2258,711,1547,31.49,100.0,0.281,-4.104,4388,0.0,-100.0,0.0,-100.0,0.0,-100.0
ETH-USDT-SWAP,breakout,4H,0.002,0.01,0.015,1,0.0,10.0,148.0,0.0,-100.0,2258,898,1360,39.77,100.0,0.478,-4.104,4388,0.0,-100.0,0.0,-100.0,0.0,-100.0
ETH-USDT-SWAP,breakout,4H,0.002,0.01,0.02,1,0.0,10.0,148.0,0.0,-100.0,2258,960,1298,42.52,100.0,0.499,-4.104,4388,0.0,-100.0,0.0,-100.0,0.0,-100.0
ETH-USDT-SWAP,breakout,4H,0.002,0.01,0.025,1,0.0,10.0,148.0,0.0,-100.0,2258,983,1275,43.53,100.0,0.496,-4.104,4388,0.0,-100.0,0.0,-100.0,0.0,-100.0
ETH-USDT-SWAP,breakout,4H,0.002,0.01,0.03,1,0.0,10.0,148.0,0.0,-100.0,2258,992,1266,43.93,100.0,0.494,-4.104,4388,0.0,-100.0,0.0,-100.0,0.0,-100.0
ETH-USDT-SWAP,breakout,4H,0.002,0.015,0.01,1,0.0,10.0,148.0,0.0,-100.0,2258,617,1641,27.33,100.0,0.318,-4.104,4388,0.0,-100.0,0.0,-100.0,0.0,-100.0
ETH-USDT-SWAP,breakout,4H,0.002,0.015,0.015,1,0.0,10.0,148.0,0.0,-100.0,2258,776,1482,34.37,100.0,0.509,-4.104,4388,0.0,-100.0,0.0,-100.0,0.0,-100.0
ETH-USDT-SWAP,breakout,4H,0.002,0.015,0.02,1,0.0,10.0,148.0,0.0,-100.0,2258,827,1431,36.63,100.0,0.538,-4.104,4388,0.0,-100.0,0.0,-100.0,0.0,-100.0
ETH-USDT-SWAP,breakout,4H,0.002,0.015,0.025,1,0.0,10.0,148.0,0.0,-100.0,2258,847,1411,37.51,100.0,0.536,-4.104,4388,0.0,-100.0,0.0,-100.0,0.0,-100.0
ETH-USDT-SWAP,breakout,4H,0.002,0.015,0.03,1,0.0,10.0,148.0,0.0,-100.0,2258,854,1404,37.82,100.0,0.535,-4.104,4388,0.0,-100.0,0.0,-100.0,0.0,-100.0
ETH-USDT-SWAP,breakout,4H,0.002,0.02,0.01,1,0.0,10.0,148.0,0.0,-100.0,2258,590,1668,26.13,100.0,0.307,-4.104,4388,0.0,-100.0,0.0,-100.0,0.0,-100.0
ETH-USDT-SWAP,breakout,4H,0.002,0.02,0.015,1,0.0,10.0,148.0,0.0,-100.0,2258,738,1520,32.68,100.0,0.5,-4.104,4388,0.0,-100.0,0.0,-100.0,0.0,-100.0
ETH-USDT-SWAP,breakout,4H,0.002,0.02,0.02,1,0.0,10.0,148.0,0.0,-100.0,2258,786,1472,34.81,100.0,0.523,-4.104,4388,0.0,-100.0,0.0,-100.0,0.0,-100.0
ETH-USDT-SWAP,breakout,4H,0.002,0.02,0.025,1,0.0,10.0,148.0,0.0,-100.0,2258,804,1454,35.61,100.0,0.522,-4.104,4388,0.0,-100.0,0.0,-100.0,0.0,-100.0
ETH-USDT-SWAP,breakout,4H,0.002,0.02,0.03,1,0.0,10.0,148.0,0.0,-100.0,2258,807,1451,35.74,100.0,0.52,-4.104,4388,0.0,-100.0,0.0,-100.0,0.0,-100.0
ETH-USDT-SWAP,breakout,4H,0.002,0.03,0.01,1,0.0,10.0,148.0,0.0,-100.0,2258,579,1679,25.64,100.0,0.338,-4.104,4388,0.0,-100.0,0.0,-100.0,0.0,-100.0
ETH-USDT-SWAP,breakout,4H,0.002,0.03,0.015,1,0.0,10.0,148.0,0.0,-100.0,2258,719,1539,31.84,100.0,0.56,-4.104,4388,0.0,-100.0,0.0,-100.0,0.0,-100.0
ETH-USDT-SWAP,breakout,4H,0.002,0.03,0.02,1,0.0,10.0,148.0,0.0,-100.0,2258,764,1494,33.84,100.0,0.579,-4.104,4388,0.0,-100.0,0.0,-100.0,0.0,-100.0
ETH-USDT-SWAP,breakout,4H,0.002,0.03,0.025,1,0.0,10.0,148.0,0.0,-100.0,2258,782,1476,34.63,100.0,0.579,-4.104,4388,0.0,-100.0,0.0,-100.0,0.0,-100.0
ETH-USDT-SWAP,breakout,4H,0.002,0.03,0.03,1,0.0,10.0,148.0,0.0,-100.0,2258,785,1473,34.77,100.0,0.576,-4.104,4388,0.0,-100.0,0.0,-100.0,0.0,-100.0
ETH-USDT-SWAP,breakout,4H,0.003,0.006,0.01,1,0.0,10.0,148.0,0.0,-100.0,2034,781,1253,38.4,100.0,0.225,-4.104,4388,0.0,-100.0,0.0,-100.0,0.0,-100.0
ETH-USDT-SWAP,breakout,4H,0.003,0.006,0.015,1,0.0,10.0,148.0,0.0,-100.0,2034,1018,1016,50.05,100.0,0.399,-4.104,4388,0.0,-100.0,0.0,-100.0,0.0,-100.0
ETH-USDT-SWAP,breakout,4H,0.003,0.006,0.02,1,0.0,10.0,148.0,0.0,-100.0,2034,1087,947,53.44,100.0,0.404,-4.104,4388,0.0,-100.0,0.0,-100.0,0.0,-100.0
ETH-USDT-SWAP,breakout,4H,0.003,0.006,0.025,1,0.0,10.0,148.0,0.0,-100.0,2034,1115,919,54.82,100.0,0.395,-4.104,4388,0.0,-100.0,0.0,-100.0,0.0,-100.0
ETH-USDT-SWAP,breakout,4H,0.003,0.006,0.03,1,0.0,10.0,148.0,0.0,-100.0,2034,1130,904,55.56,100.0,0.397,-4.104,4388,0.0,-100.0,0.0,-100.0,0.0,-100.0
ETH-USDT-SWAP,breakout,4H,0.003,0.008,0.01,1,0.0,10.0,148.0,0.0,-100.0,2034,680,1354,33.43,100.0,0.258,-4.104,4388,0.0,-100.0,0.0,-100.0,0.0,-100.0
ETH-USDT-SWAP,breakout,4H,0.003,0.008,0.015,1,0.0,10.0,148.0,0.0,-100.0,2034,884,1150,43.46,100.0,0.445,-4.104,4388,0.0,-100.0,0.0,-100.0,0.0,-100.0
ETH-USDT-SWAP,breakout,4H,0.003,0.008,0.02,1,0.0,10.0,148.0,0.0,-100.0,2034,951,1083,46.76,100.0,0.451,-4.104,4388,0.0,-100.0,0.0,-100.0,0.0,-100.0
ETH-USDT-SWAP,breakout,4H,0.003,0.008,0.025,1,0.0,10.0,148.0,0.0,-100.0,2034,975,1059,47.94,100.0,0.441,-4.104,4388,0.0,-100.0,0.0,-100.0,0.0,-100.0
ETH-USDT-SWAP,breakout,4H,0.003,0.008,0.03,1,0.0,10.0,148.0,0.0,-100.0,2034,988,1046,48.57,100.0,0.445,-4.104,4388,0.0,-100.0,0.0,-100.0,0.0,-100.0
ETH-USDT-SWAP,breakout,4H,0.003,0.01,0.01,1,0.0,10.0,148.0,0.0,-100.0,2034,601,1433,29.55,100.0,0.299,-4.104,4388,0.0,-100.0,0.0,-100.0,0.0,-100.0
ETH-USDT-SWAP,breakout,4H,0.003,0.01,0.015,1,0.0,10.0,148.0,0.0,-100.0,2034,785,1249,38.59,100.0,0.444,-4.104,4388,0.0,-100.0,0.0,-100.0,0.0,-100.0
ETH-USDT-SWAP,breakout,4H,0.003,0.01,0.02,1,0.0,10.0,148.0,0.0,-100.0,2034,844,1190,41.49,100.0,0.445,-4.104,4388,0.0,-100.0,0.0,-100.0,0.0,-100.0
ETH-USDT-SWAP,breakout,4H,0.003,0.01,0.025,1,0.0,10.0,148.0,0.0,-100.0,2034,866,1168,42.58,100.0,0.443,-4.104,4388,0.0,-100.0,0.0,-100.0,0.0,-100.0
ETH-USDT-SWAP,breakout,4H,0.003,0.01,0.03,1,0.0,10.0,148.0,0.0,-100.0,2034,878,1156,43.17,100.0,0.445,-4.104,4388,0.0,-100.0,0.0,-100.0,0.0,-100.0
ETH-USDT-SWAP,breakout,4H,0.003,0.015,0.01,1,0.0,10.0,148.0,0.0,-100.0,2034,525,1509,25.81,100.0,0.332,-4.104,4388,0.0,-100.0,0.0,-100.0,0.0,-100.0
ETH-USDT-SWAP,breakout,4H,0.003,0.015,0.015,1,0.0,10.0,148.0,0.0,-100.0,2034,680,1354,33.43,100.0,0.518,-4.104,4388,0.0,-100.0,0.0,-100.0,0.0,-100.0
ETH-USDT-SWAP,breakout,4H,0.003,0.015,0.02,1,0.0,10.0,148.0,0.0,-100.0,2034,733,1301,36.04,100.0,0.518,-4.104,4388,0.0,-100.0,0.0,-100.0,0.0,-100.0
ETH-USDT-SWAP,breakout,4H,0.003,0.015,0.025,1,0.0,10.0,148.0,0.0,-100.0,2034,751,1283,36.92,100.0,0.517,-4.104,4388,0.0,-100.0,0.0,-100.0,0.0,-100.0
ETH-USDT-SWAP,breakout,4H,0.003,0.015,0.03,1,0.0,10.0,148.0,0.0,-100.0,2034,762,1272,37.46,100.0,0.521,-4.104,4388,0.0,-100.0,0.0,-100.0,0.0,-100.0
ETH-USDT-SWAP,breakout,4H,0.003,0.02,0.01,1,0.0,10.0,148.0,0.0,-100.0,2034,510,1524,25.07,100.0,0.29,-4.104,4388,0.0,-100.0,0.0,-100.0,0.0,-100.0
ETH-USDT-SWAP,breakout,4H,0.003,0.02,0.015,1,0.0,10.0,148.0,0.0,-100.0,2034,654,1380,32.15,100.0,0.472,-4.104,4388,0.0,-100.0,0.0,-100.0,0.0,-100.0
ETH-USDT-SWAP,breakout,4H,0.003,0.02,0.02,1,0.0,10.0,148.0,0.0,-100.0,2034,701,1333,34.46,100.0,0.472,-4.104,4388,0.0,-100.0,0.0,-100.0,0.0,-100.0
ETH-USDT-SWAP,breakout,4H,0.003,0.02,0.025,1,0.0,10.0,148.0,0.0,-100.0,2034,718,1316,35.3,100.0,0.471,-4.104,4388,0.0,-100.0,0.0,-100.0,0.0,-100.0
ETH-USDT-SWAP,breakout,4H,0.003,0.02,0.03,1,0.0,10.0,148.0,0.0,-100.0,2034,724,1310,35.59,100.0,0.472,-4.104,4388,0.0,-100.0,0.0,-100.0,0.0,-100.0
ETH-USDT-SWAP,breakout,4H,0.003,0.03,0.01,1,0.0,10.0,148.0,0.0,-100.0,2034,500,1534,24.58,100.0,0.339,-4.104,4388,0.0,-100.0,0.0,-100.0,0.0,-100.0
ETH-USDT-SWAP,breakout,4H,0.003,0.03,0.015,1,0.0,10.0,148.0,0.0,-100.0,2034,636,1398,31.27,100.0,0.555,-4.104,4388,0.0,-100.0,0.0,-100.0,0.0,-100.0
ETH-USDT-SWAP,breakout,4H,0.003,0.03,0.02,1,0.0,10.0,148.0,0.0,-100.0,2034,680,1354,33.43,100.0,0.555,-4.104,4388,0.0,-100.0,0.0,-100.0,0.0,-100.0
ETH-USDT-SWAP,breakout,4H,0.003,0.03,0.025,1,0.0,10.0,148.0,0.0,-100.0,2034,697,1337,34.27,100.0,0.555,-4.104,4388,0.0,-100.0,0.0,-100.0,0.0,-100.0
ETH-USDT-SWAP,breakout,4H,0.003,0.03,0.03,1,0.0,10.0,148.0,0.0,-100.0,2034,703,1331,34.56,100.0,0.554,-4.104,4388,0.0,-100.0,0.0,-100.0,0.0,-100.0
ETH-USDT-SWAP,breakout,4H,0.005,0.006,0.01,1,0.0,10.0,148.0,0.0,-100.0,1662,560,1102,33.69,100.0,0.232,-4.104,4388,0.0,-100.0,0.0,-100.0,0.0,-100.0
ETH-USDT-SWAP,breakout,4H,0.005,0.006,0.015,1,0.0,10.0,148.0,0.0,-100.0,1662,802,860,48.26,100.0,0.312,-4.104,4388,0.0,-100.0,0.0,-100.0,0.0,-100.0
ETH-USDT-SWAP,breakout,4H,0.005,0.006,0.02,1,0.0,10.0,148.0,0.0,-100.0,1662,889,773,53.49,100.0,0.352,-4.104,4388,0.0,-100.0,0.0,-100.0,0.0,-100.0
ETH-USDT-SWAP,breakout,4H,0.005,0.006,0.025,1,0.0,10.0,148.0,0.0,-100.0,1662,916,746,55.11,100.0,0.345,-4.104,4388,0.0,-100.0,0.0,-100.0,0.0,-99.99
ETH-USDT-SWAP,breakout,4H,0.005,0.006,0.03,1,0.0,10.0,148.0,0.0,-100.0,1662,935,727,56.26,100.0,0.354,-4.104,4388,0.01,-100.0,0.0,-100.0,0.0,-99.97
ETH-USDT-SWAP,breakout,4H,0.005,0.008,0.01,1,0.0,10.0,148.0,0.0,-100.0,1662,475,1187,28.58,100.0,0.278,-4.104,4388,0.0,-100.0,0.0,-100.0,0.0,-100.0
ETH-USDT-SWAP,breakout,4H,0.005,0.008,0.015,1,0.0,10.0,148.0,0.0,-100.0,1662,687,975,41.34,100.0,0.339,-4.104,4388,0.0,-100.0,0.0,-100.0,0.0,-100.0
ETH-USDT-SWAP,breakout,4H,0.005,0.008,0.02,1,0.0,10.0,148.0,0.0,-100.0,1662,763,899,45.91,100.0,0.371,-4.104,4388,0.0,-100.0,0.0,-100.0,0.0,-100.0
ETH-USDT-SWAP,breakout,4H,0.005,0.008,0.025,1,0.0,10.0,148.0,0.0,-100.0,1662,785,877,47.23,100.0,0.367,-4.104,4388,0.0,-100.0,0.0,-100.0,0.0,-100.0
ETH-USDT-SWAP,breakout,4H,0.005,0.008,0.03,1,0.0,10.0,148.0,0.0,-100.0,1662,802,860,48.26,100.0,0.376,-4.104,4388,0.0,-100.0,0.0,-100.0,0.0,-99.99
ETH-USDT-SWAP,breakout,4H,0.005,0.01,0.01,1,0.0,10.0,148.0,0.0,-100.0,1662,435,1227,26.17,100.0,0.353,-4.104,4388,0.0,-100.0,0.0,-100.0,0.0,-100.0
ETH-USDT-SWAP,breakout,4H,0.005,0.01,0.015,1,0.0,10.0,148.0,0.0,-100.0,1662,624,1038,37.55,100.0,0.423,-4.104,4388,0.0,-100.0,0.0,-100.0,0.0,-100.0
ETH-USDT-SWAP,breakout,4H,0.005,0.01,0.02,1,0.0,10.0,148.0,0.0,-100.0,1662,698,964,42.0,100.0,0.457,-4.104,4388,0.0,-100.0,0.0,-100.0,0.0,-100.0
ETH-USDT-SWAP,breakout,4H,0.005,0.01,0.025,1,0.0,10.0,148.0,0.0,-100.0,1662,716,946,43.08,100.0,0.455,-4.104,4388,0.0,-100.0,0.0,-100.0,0.0,-100.0
ETH-USDT-SWAP,breakout,4H,0.005,0.01,0.03,1,0.0,10.0,148.0,0.0,-100.0,1662,733,929,44.1,100.0,0.465,-4.104,4388,0.0,-100.0,0.0,-100.0,0.0,-99.99
ETH-USDT-SWAP,breakout,4H,0.005,0.015,0.01,1,0.0,10.0,148.0,0.0,-100.0,1662,380,1282,22.86,100.0,0.278,-4.104,4388,0.0,-100.0,0.0,-100.0,0.0,-100.0
ETH-USDT-SWAP,breakout,4H,0.005,0.015,0.015,1,0.0,10.0,148.0,0.0,-100.0,1662,539,1123,32.43,100.0,0.383,-4.104,4388,0.0,-100.0,0.0,-100.0,0.0,-100.0
ETH-USDT-SWAP,breakout,4H,0.005,0.015,0.02,1,0.0,10.0,148.0,0.0,-100.0,1662,608,1054,36.58,100.0,0.405,-4.104,4388,0.0,-100.0,0.0,-100.0,0.0,-100.0
ETH-USDT-SWAP,breakout,4H,0.005,0.015,0.025,1,0.0,10.0,148.0,0.0,-100.0,1662,624,1038,37.55,100.0,0.409,-4.104,4388,0.0,-100.0,0.0,-100.0,0.0,-100.0
ETH-USDT-SWAP,breakout,4H,0.005,0.015,0.03,1,0.0,10.0,148.0,0.0,-100.0,1662,635,1027,38.21,100.0,0.413,-4.104,4388,0.0,-100.0,0.0,-100.0,0.0,-100.0
ETH-USDT-SWAP,breakout,4H,0.005,0.02,0.01,1,0.0,10.0,148.0,0.0,-100.0,1662,367,1295,22.08,100.0,0.296,-4.104,4388,0.0,-100.0,0.0,-100.0,0.0,-100.0
ETH-USDT-SWAP,breakout,4H,0.005,0.02,0.015,1,0.0,10.0,148.0,0.0,-100.0,1662,511,1151,30.75,100.0,0.414,-4.104,4388,0.0,-100.0,0.0,-100.0,0.0,-100.0
ETH-USDT-SWAP,breakout,4H,0.005,0.02,0.02,1,0.0,10.0,148.0,0.0,-100.0,1662,572,1090,34.42,100.0,0.436,-4.104,4388,0.0,-100.0,0.0,-100.0,0.0,-100.0
ETH-USDT-SWAP,breakout,4H,0.005,0.02,0.025,1,0.0,10.0,148.0,0.0,-100.0,1662,586,1076,35.26,100.0,0.439,-4.104,4388,0.0,-100.0,0.0,-100.0,0.0,-100.0
ETH-USDT-SWAP,breakout,4H,0.005,0.02,0.03,1,0.0,10.0,148.0,0.0,-100.0,1662,594,1068,35.74,100.0,0.442,-4.104,4388,0.0,-100.0,0.0,-100.0,0.0,-100.0
ETH-USDT-SWAP,breakout,4H,0.005,0.03,0.01,1,0.0,10.0,148.0,0.0,-100.0,1662,362,1300,21.78,100.0,0.345,-4.104,4388,0.0,-100.0,0.0,-100.0,0.0,-100.0
ETH-USDT-SWAP,breakout,4H,0.005,0.03,0.015,1,0.0,10.0,148.0,0.0,-100.0,1662,500,1162,30.08,100.0,0.406,-4.104,4388,0.0,-100.0,0.0,-100.0,0.0,-100.0
ETH-USDT-SWAP,breakout,4H,0.005,0.03,0.02,1,0.0,10.0,148.0,0.0,-100.0,1662,557,1105,33.51,100.0,0.437,-4.104,4388,0.0,-100.0,0.0,-100.0,0.0,-100.0
ETH-USDT-SWAP,breakout,4H,0.005,0.03,0.025,1,0.0,10.0,148.0,0.0,-100.0,1662,571,1091,34.36,100.0,0.439,-4.104,4388,0.0,-100.0,0.0,-100.0,0.0,-100.0
ETH-USDT-SWAP,breakout,4H,0.005,0.03,0.03,1,0.0,10.0,148.0,0.0,-100.0,1662,578,1084,34.78,100.0,0.443,-4.104,4388,0.0,-100.0,0.0,-100.0,0.0,-100.0
ETH-USDT-SWAP,breakout,4H,0.007,0.006,0.01,1,0.0,10.0,148.0,0.0,-100.0,1367,356,1011,26.04,100.0,0.099,-4.104,4388,0.0,-100.0,0.0,-100.0,0.0,-100.0
ETH-USDT-SWAP,breakout,4H,0.007,0.006,0.015,1,0.0,10.0,148.0,0.0,-100.0,1367,598,769,43.75,100.0,0.179,-4.104,4388,0.0,-100.0,0.0,-100.0,0.0,-100.0
ETH-USDT-SWAP,breakout,4H,0.007,0.006,0.02,1,0.0,10.0,148.0,0.0,-100.0,1367,697,670,50.99,100.0,0.266,-4.104,4388,0.0,-100.0,0.0,-100.0,0.0,-100.0
ETH-USDT-SWAP,breakout,4H,0.007,0.006,0.025,1,0.0,10.0,148.0,0.0,-100.0,1367,727,640,53.18,100.0,0.262,-4.104,4388,0.0,-100.0,0.0,-100.0,0.0,-100.0
ETH-USDT-SWAP,breakout,4H,0.007,0.006,0.03,1,0.0,10.0,148.0,0.0,-100.0,1367,742,625,54.28,100.0,0.265,-4.104,4388,0.0,-100.0,0.0,-100.0,0.0,-99.99
ETH-USDT-SWAP,breakout,4H,0.007,0.008,0.01,1,0.0,10.0,148.0,0.0,-100.0,1367,315,1052,23.04,100.0,0.142,-4.104,4388,0.0,-100.0,0.0,-100.0,0.0,-100.0
ETH-USDT-SWAP,breakout,4H,0.007,0.008,0.015,1,0.0,10.0,148.0,0.0,-100.0,1367,525,842,38.41,100.0,0.259,-4.104,4388,0.0,-100.0,0.0,-100.0,0.0,-100.0
ETH-USDT-SWAP,breakout,4H,0.007,0.008,0.02,1,0.0,10.0,148.0,0.0,-100.0,1367,617,750,45.14,100.0,0.372,-4.104,4388,0.0,-100.0,0.0,-100.0,0.0,-100.0
ETH-USDT-SWAP,breakout,4H,0.007,0.008,0.025,1,0.0,10.0,148.0,0.0,-100.0,1367,640,727,46.82,100.0,0.364,-4.104,4388,0.0,-100.0,0.0,-100.0,0.0,-100.0
ETH-USDT-SWAP,breakout,4H,0.007,0.008,0.03,1,0.0,10.0,148.0,0.0,-100.0,1367,656,711,47.99,100.0,0.369,-4.104,4388,0.0,-100.0,0.0,-100.0,0.0,-99.99
ETH-USDT-SWAP,breakout,4H,0.007,0.01,0.01,1,0.0,10.0,148.0,0.0,-100.0,1367,277,1090,20.26,100.0,0.082,-4.104,4388,0.0,-100.0,0.0,-100.0,0.0,-100.0
ETH-USDT-SWAP,breakout,4H,0.007,0.01,0.015,1,0.0,10.0,148.0,0.0,-100.0,1367,466,901,34.09,100.0,0.231,-4.104,4388,0.0,-100.0,0.0,-100.0,0.0,-100.0
ETH-USDT-SWAP,breakout,4H,0.007,0.01,0.02,1,0.0,10.0,148.0,0.0,-100.0,1367,548,819,40.09,100.0,0.365,-4.104,4388,0.0,-100.0,0.0,-100.0,0.0,-100.0
ETH-USDT-SWAP,breakout,4H,0.007,0.01,0.025,1,0.0,10.0,148.0,0.0,-100.0,1367,571,796,41.77,100.0,0.358,-4.104,4388,0.0,-100.0,0.0,-100.0,0.0,-100.0
ETH-USDT-SWAP,breakout,4H,0.007,0.01,0.03,1,0.0,10.0,148.0,0.0,-100.0,1367,586,781,42.87,100.0,0.363,-4.104,4388,0.0,-100.0,0.0,-100.0,0.0,-100.0
ETH-USDT-SWAP,breakout,4H,0.007,0.015,0.01,1,0.0,10.0,148.0,0.0,-100.0,1367,247,1120,18.07,100.0,0.111,-4.104,4388,0.0,-100.0,0.0,-100.0,0.0,-100.0
ETH-USDT-SWAP,breakout,4H,0.007,0.015,0.015,1,0.0,10.0,148.0,0.0,-100.0,1367,406,961,29.7,100.0,0.223,-4.104,4388,0.0,-100.0,0.0,-100.0,0.0,-100.0
ETH-USDT-SWAP,breakout,4H,0.007,0.015,0.02,1,0.0,10.0,148.0,0.0,-100.0,1367,476,891,34.82,100.0,0.371,-4.104,4388,0.0,-100.0,0.0,-100.0,0.0,-100.0
ETH-USDT-SWAP,breakout,4H,0.007,0.015,0.025,1,0.0,10.0,148.0,0.0,-100.0,1367,498,869,36.43,100.0,0.368,-4.104,4388,0.0,-100.0,0.0,-100.0,0.0,-100.0
ETH-USDT-SWAP,breakout,4H,0.007,0.015,0.03,1,0.0,10.0,148.0,0.0,-100.0,1367,509,858,37.23,100.0,0.372,-4.104,4388,0.0,-100.0,0.0,-100.0,0.0,-100.0
ETH-USDT-SWAP,breakout,4H,0.007,0.02,0.01,1,0.0,10.0,148.0,0.0,-100.0,1367,238,1129,17.41,100.0,0.086,-4.104,4388,0.0,-100.0,0.0,-100.0,0.0,-100.0
ETH-USDT-SWAP,breakout,4H,0.007,0.02,0.015,1,0.0,10.0,148.0,0.0,-100.0,1367,385,982,28.16,100.0,0.231,-4.104,4388,0.0,-100.0,0.0,-100.0,0.0,-100.0
ETH-USDT-SWAP,breakout,4H,0.007,0.02,0.02,1,0.0,10.0,148.0,0.0,-100.0,1367,450,917,32.92,100.0,0.405,-4.104,4388,0.0,-100.0,0.0,-100.0,0.0,-100.0
ETH-USDT-SWAP,breakout,4H,0.007,0.02,0.025,1,0.0,10.0,148.0,0.0,-100.0,1367,467,900,34.16,100.0,0.401,-4.104,4388,0.0,-100.0,0.0,-100.0,0.0,-100.0
ETH-USDT-SWAP,breakout,4H,0.007,0.02,0.03,1,0.0,10.0,148.0,0.0,-100.0,1367,477,890,34.89,100.0,0.405,-4.104,4388,0.0,-100.0,0.0,-100.0,0.0,-100.0
ETH-USDT-SWAP,breakout,4H,0.007,0.03,0.01,1,0.0,10.0,148.0,0.0,-100.0,1367,236,1131,17.26,100.0,0.086,-4.104,4388,0.0,-100.0,0.0,-100.0,0.0,-100.0
ETH-USDT-SWAP,breakout,4H,0.007,0.03,0.015,1,0.0,10.0,148.0,0.0,-100.0,1367,380,987,27.8,100.0,0.284,-4.104,4388,0.0,-100.0,0.0,-100.0,0.0,-100.0
ETH-USDT-SWAP,breakout,4H,0.007,0.03,0.02,1,0.0,10.0,148.0,0.0,-100.0,1367,441,926,32.26,100.0,0.396,-4.104,4388,0.0,-100.0,0.0,-100.0,0.0,-100.0
ETH-USDT-SWAP,breakout,4H,0.007,0.03,0.025,1,0.0,10.0,148.0,0.0,-100.0,1367,458,909,33.5,100.0,0.392,-4.104,4388,0.0,-100.0,0.0,-100.0,0.0,-100.0
ETH-USDT-SWAP,breakout,4H,0.007,0.03,0.03,1,0.0,10.0,148.0,0.0,-100.0,1367,469,898,34.31,100.0,0.398,-4.104,4388,0.0,-100.0,0.0,-100.0,0.0,-100.0
ETH-USDT-SWAP,breakout,4H,0.01,0.006,0.01,1,0.0,10.0,148.0,0.0,-100.0,1001,208,793,20.78,100.0,0.057,-4.104,4388,0.0,-100.0,0.0,-100.0,0.0,-100.0
ETH-USDT-SWAP,breakout,4H,0.01,0.006,0.015,1,0.0,10.0,148.0,0.0,-100.0,1001,410,591,40.96,100.0,0.23,-4.104,4388,0.0,-100.0,0.0,-100.0,0.0,-100.0
ETH-USDT-SWAP,breakout,4H,0.01,0.006,0.02,1,0.0,10.0,148.0,0.0,-100.0,1001,502,499,50.15,100.0,0.352,-4.104,4388,0.0,-100.0,0.0,-100.0,0.0,-100.0
ETH-USDT-SWAP,breakout,4H,0.01,0.006,0.025,1,0.0,10.0,148.0,0.0,-100.0,1001,547,454,54.65,100.0,0.381,-4.104,4388,0.01,-99.99,0.0,-100.0,0.0,-100.0
ETH-USDT-SWAP,breakout,4H,0.01,0.006,0.03,1,0.0,10.0,148.0,0.0,-100.0,1001,556,445,55.54,100.0,0.372,-4.104,4388,0.01,-99.99,0.0,-100.0,0.0,-99.99
ETH-USDT-SWAP,breakout,4H,0.01,0.008,0.01,1,0.0,10.0,148.0,0.0,-100.0,1001,170,831,16.98,100.0,0.062,-4.104,4388,0.0,-100.0,0.0,-100.0,0.0,-100.0
ETH-USDT-SWAP,breakout,4H,0.01,0.008,0.015,1,0.0,10.0,148.0,0.0,-100.0,1001,349,652,34.87,100.0,0.27,-4.104,4388,0.0,-100.0,0.0,-100.0,0.0,-100.0
ETH-USDT-SWAP,breakout,4H,0.01,0.008,0.02,1,0.0,10.0,148.0,0.0,-100.0,1001,431,570,43.06,100.0,0.418,-4.104,4388,0.0,-100.0,0.0,-100.0,0.0,-100.0
ETH-USDT-SWAP,breakout,4H,0.01,0.008,0.025,1,0.0,10.0,148.0,0.0,-100.0,1001,472,529,47.15,100.0,0.453,-4.104,4388,0.01,-99.99,0.0,-100.0,0.0,-100.0
ETH-USDT-SWAP,breakout,4H,0.01,0.008,0.03,1,0.0,10.0,148.0,0.0,-100.0,1001,481,520,48.05,100.0,0.443,-4.104,4388,0.01,-99.99,0.0,-100.0,0.0,-99.99
ETH-USDT-SWAP,breakout,4H,0.01,0.01,0.01,1,0.0,10.0,148.0,0.0,-100.0,1001,156,845,15.58,100.0,0.044,-4.104,4388,0.0,-100.0,0.0,-100.0,0.0,-100.0
ETH-USDT-SWAP,breakout,4H,0.01,0.01,0.015,1,0.0,10.0,148.0,0.0,-100.0,1001,326,675,32.57,100.0,0.196,-4.104,4388,0.0,-100.0,0.0,-100.0,0.0,-100.0
ETH-USDT-SWAP,breakout,4H,0.01,0.01,0.02,1,0.0,10.0,148.0,0.0,-100.0,1001,402,599,40.16,100.0,0.344,-4.104,4388,0.0,-100.0,0.0,-100.0,0.0,-100.0
ETH-USDT-SWAP,breakout,4H,0.01,0.01,0.025,1,0.0,10.0,148.0,0.0,-100.0,1001,439,562,43.86,100.0,0.369,-4.104,4388,0.01,-99.99,0.0,-100.0,0.0,-100.0
ETH-USDT-SWAP,breakout,4H,0.01,0.01,0.03,1,0.0,10.0,148.0,0.0,-100.0,1001,448,553,44.76,100.0,0.367,-4.104,4388,0.01,-99.99,0.0,-100.0,0.0,-99.99
ETH-USDT-SWAP,breakout,4H,0.01,0.015,0.01,1,0.0,10.0,148.0,0.0,-100.0,1001,136,865,13.59,100.0,0.052,-4.104,4388,0.0,-100.0,0.0,-100.0,0.0,-100.0
ETH-USDT-SWAP,breakout,4H,0.01,0.015,0.015,1,0.0,10.0,148.0,0.0,-100.0,1001,280,721,27.97,100.0,0.213,-4.104,4388,0.0,-100.0,0.0,-100.0,0.0,-100.0
ETH-USDT-SWAP,breakout,4H,0.01,0.015,0.02,1,0.0,10.0,148.0,0.0,-100.0,1001,339,662,33.87,100.0,0.361,-4.104,4388,0.0,-100.0,0.0,-100.0,0.0,-100.0
ETH-USDT-SWAP,breakout,4H,0.01,0.015,0.025,1,0.0,10.0,148.0,0.0,-100.0,1001,371,630,37.06,100.0,0.392,-4.104,4388,0.0,-100.0,0.0,-100.0,0.0,-99.99
ETH-USDT-SWAP,breakout,4H,0.01,0.015,0.03,1,0.0,10.0,148.0,0.0,-100.0,1001,378,623,37.76,100.0,0.389,-4.104,4388,0.0,-100.0,0.0,-100.0,0.0,-99.98
ETH-USDT-SWAP,breakout,4H,0.01,0.02,0.01,1,0.0,10.0,148.0,0.0,-100.0,1001,131,870,13.09,100.0,0.054,-4.104,4388,0.0,-100.0,0.0,-100.0,0.0,-100.0
ETH-USDT-SWAP,breakout,4H,0.01,0.02,0.015,1,0.0,10.0,148.0,0.0,-100.0,1001,271,730,27.07,100.0,0.24,-4.104,4388,0.0,-100.0,0.0,-100.0,0.0,-100.0
ETH-USDT-SWAP,breakout,4H,0.01,0.02,0.02,1,0.0,10.0,148.0,0.0,-100.0,1001,326,675,32.57,100.0,0.413,-4.104,4388,0.0,-100.0,0.0,-100.0,0.0,-100.0
ETH-USDT-SWAP,breakout,4H,0.01,0.02,0.025,1,0.0,10.0,148.0,0.0,-100.0,1001,354,647,35.36,100.0,0.45,-4.104,4388,0.0,-100.0,0.0,-100.0,0.0,-99.99
ETH-USDT-SWAP,breakout,4H,0.01,0.02,0.03,1,0.0,10.0,148.0,0.0,-100.0,1001,360,641,35.96,100.0,0.446,-4.104,4388,0.0,-100.0,0.0,-100.0,0.0,-99.97
ETH-USDT-SWAP,breakout,4H,0.01,0.03,0.01,1,0.0,10.0,148.0,0.0,-100.0,1001,129,872,12.89,100.0,0.059,-4.104,4388,0.0,-100.0,0.0,-100.0,0.0,-100.0
ETH-USDT-SWAP,breakout,4H,0.01,0.03,0.015,1,0.0,10.0,148.0,0.0,-100.0,1001,264,737,26.37,100.0,0.299,-4.104,4388,0.0,-100.0,0.0,-100.0,0.0,-100.0
ETH-USDT-SWAP,breakout,4H,0.01,0.03,0.02,1,0.0,10.0,148.0,0.0,-100.0,1001,319,682,31.87,100.0,0.394,-4.104,4388,0.0,-100.0,0.0,-100.0,0.0,-100.0
ETH-USDT-SWAP,breakout,4H,0.01,0.03,0.025,1,0.0,10.0,148.0,0.0,-100.0,1001,345,656,34.47,100.0,0.458,-4.104,4388,0.0,-100.0,0.0,-100.0,0.0,-99.99
ETH-USDT-SWAP,breakout,4H,0.01,0.03,0.03,1,0.0,10.0,148.0,0.0,-100.0,1001,351,650,35.06,100.0,0.45,-4.104,4388,0.0,-100.0,0.0,-100.0,0.0,-99.98
ETH-USDT-SWAP,fade,4H,0.001,0.006,0.01,1,0.0,10.0,148.0,0.0,-100.0,3289,2102,1187,63.91,100.0,0.623,-4.104,4388,0.18,-99.88,0.0,-100.0,0.0,-100.0
ETH-USDT-SWAP,fade,4H,0.001,0.006,0.015,1,0.0,10.0,148.0,0.0,-100.0,3289,2237,1052,68.01,100.0,0.772,-4.104,4388,13.96,-90.57,0.0,-99.98,0.0,-99.99
ETH-USDT-SWAP,fade,4H,0.001,0.006,0.02,1,0.0,10.0,148.0,0.0,-100.0,3289,2288,1001,69.57,100.0,0.847,-4.104,4388,23.43,-84.17,0.01,-99.94,0.0,-99.95
ETH-USDT-SWAP,fade,4H,0.001,0.006,0.025,1,0.0,10.0,148.0,0.0,-100.0,3289,2315,974,70.39,100.0,0.911,-4.104,4388,72.51,-51.01,0.08,-99.88,0.0,-99.93
ETH-USDT-SWAP,fade,4H,0.001,0.006,0.03,1,0.0,10.0,148.0,0.0,-100.0,3289,2325,964,70.69,100.0,0.937,-4.104,4388,162.14,9.56,0.44,-99.73,0.0,-99.95
ETH-USDT-SWAP,fade,4H,0.001,0.008,0.01,1,0.0,10.0,148.0,0.0,-100.0,3289,1773,1516,53.91,100.0,0.668,-4.104,4388,0.0,-100.0,0.0,-100.0,0.0,-100.0
ETH-USDT-SWAP,fade,4H,0.001,0.008,0.015,1,0.0,10.0,148.0,0.0,-100.0,3289,1898,1391,57.71,100.0,0.761,-4.104,4388,0.01,-99.99,0.0,-100.0,0.0,-100.0
ETH-USDT-SWAP,fade,4H,0.001,0.008,0.02,1,0.0,10.0,148.0,0.0,-100.0,3289,1948,1341,59.23,100.0,0.794,-4.104,4388,0.01,-99.99,0.0,-100.0,0.0,-100.0
ETH-USDT-SWAP,fade,4H,0.001,0.008,0.025,1,0.0,10.0,148.0,0.0,-100.0,3289,1973,1316,59.99,100.0,0.815,-4.104,4388,0.04,-99.97,0.0,-100.0,0.0,-100.0
ETH-USDT-SWAP,fade,4H,0.001,0.008,0.03,1,0.0,10.0,148.0,0.0,-100.0,3289,1983,1306,60.29,100.0,0.807,-4.104,4388,0.05,-99.96,0.0,-100.0,0.0,-100.0
ETH-USDT-SWAP,fade,4H,0.001,0.01,0.01,1,0.0,10.0,148.0,0.0,-100.0,3289,1545,1744,46.97,100.0,0.515,-4.104,4388,0.0,-100.0,0.0,-100.0,0.0,-100.0
ETH-USDT-SWAP,fade,4H,0.001,0.01,0.015,1,0.0,10.0,148.0,0.0,-100.0,3289,1669,1620,50.74,100.0,0.669,-4.104,4388,0.0,-100.0,0.0,-100.0,0.0,-100.0
ETH-USDT-SWAP,fade,4H,0.001,0.01,0.02,1,0.0,10.0,148.0,0.0,-100.0,3289,1722,1567,52.36,100.0,0.722,-4.104,4388,0.0,-100.0,0.0,-100.0,0.0,-100.0
ETH-USDT-SWAP,fade,4H,0.001,0.01,0.025,1,0.0,10.0,148.0,0.0,-100.0,3289,1745,1544,53.06,100.0,0.731,-4.104,4388,0.0,-100.0,0.0,-100.0,0.0,-100.0
ETH-USDT-SWAP,fade,4H,0.001,0.01,0.03,1,0.0,10.0,148.0,0.0,-100.0,3289,1754,1535,53.33,100.0,0.715,-4.104,4388,0.0,-100.0,0.0,-100.0,0.0,-100.0
ETH-USDT-SWAP,fade,4H,0.001,0.015,0.01,1,0.0,10.0,148.0,0.0,-100.0,3289,1312,1977,39.89,100.0,0.456,-4.104,4388,0.0,-100.0,0.0,-100.0,0.0,-100.0
ETH-USDT-SWAP,fade,4H,0.001,0.015,0.015,1,0.0,10.0,148.0,0.0,-100.0,3289,1423,1866,43.27,100.0,0.506,-4.104,4388,0.0,-100.0,0.0,-100.0,0.0,-100.0
ETH-USDT-SWAP,fade,4H,0.001,0.015,0.02,1,0.0,10.0,148.0,0.0,-100.0,3289,1463,1826,44.48,100.0,0.568,-4.104,4388,0.0,-100.0,0.0,-100.0,0.0,-100.0
ETH-USDT-SWAP,fade,4H,0.001,0.015,0.025,1,0.0,10.0,148.0,0.0,-100.0,3289,1483,1806,45.09,100.0,0.549,-4.104,4388,0.0,-100.0,0.0,-100.0,0.0,-100.0
ETH-USDT-SWAP,fade,4H,0.001,0.015,0.03,1,0.0,10.0,148.0,0.0,-100.0,3289,1491,1798,45.33,100.0,0.509,-4.104,4388,0.0,-100.0,0.0,-100.0,0.0,-100.0
ETH-USDT-SWAP,fade,4H,0.001,0.02,0.01,1,0.0,10.0,148.0,0.0,-100.0,3289,1236,2053,37.58,100.0,0.354,-4.104,4388,0.0,-100.0,0.0,-100.0,0.0,-100.0
ETH-USDT-SWAP,fade,4H,0.001,0.02,0.015,1,0.0,10.0,148.0,0.0,-100.0,3289,1344,1945,40.86,100.0,0.422,-4.104,4388,0.0,-100.0,0.0,-100.0,0.0,-100.0
ETH-USDT-SWAP,fade,4H,0.001,0.02,0.02,1,0.0,10.0,148.0,0.0,-100.0,3289,1383,1906,42.05,100.0,0.477,-4.104,4388,0.0,-100.0,0.0,-100.0,0.0,-100.0
ETH-USDT-SWAP,fade,4H,0.001,0.02,0.025,1,0.0,10.0,148.0,0.0,-100.0,3289,1402,1887,42.63,100.0,0.455,-4.104,4388,0.0,-100.0,0.0,-100.0,0.0,-100.0
ETH-USDT-SWAP,fade,4H,0.001,0.02,0.03,1,0.0,10.0,148.0,0.0,-100.0,3289,1409,1880,42.84,100.0,0.415,-4.104,4388,0.0,-100.0,0.0,-100.0,0.0,-100.0
ETH-USDT-SWAP,fade,4H,0.001,0.03,0.01,1,0.0,10.0,148.0,0.0,-100.0,3289,1210,2079,36.79,100.0,0.345,-4.104,4388,0.0,-100.0,0.0,-100.0,0.0,-100.0
ETH-USDT-SWAP,fade,4H,0.001,0.03,0.015,1,0.0,10.0,148.0,0.0,-100.0,3289,1318,1971,40.07,100.0,0.427,-4.104,4388,0.0,-100.0,0.0,-100.0,0.0,-100.0
ETH-USDT-SWAP,fade,4H,0.001,0.03,0.02,1,0.0,10.0,148.0,0.0,-100.0,3289,1358,1931,41.29,100.0,0.48,-4.104,4388,0.0,-100.0,0.0,-100.0,0.0,-100.0
ETH-USDT-SWAP,fade,4H,0.001,0.03,0.025,1,0.0,10.0,148.0,0.0,-100.0,3289,1375,1914,41.81,100.0,0.458,-4.104,4388,0.0,-100.0,0.0,-100.0,0.0,-100.0
ETH-USDT-SWAP,fade,4H,0.001,0.03,0.03,1,0.0,10.0,148.0,0.0,-100.0,3289,1382,1907,42.02,100.0,0.419,-4.104,4388,0.0,-100.0,0.0,-100.0,0.0,-100.0
ETH-USDT-SWAP,fade,4H,0.002,0.006,0.01,1,0.0,10.0,148.0,0.04,-99.98,3041,2075,966,68.23,99.99,0.883,-4.103,4388,39.91,-73.03,0.69,-98.27,0.04,-94.72
ETH-USDT-SWAP,fade,4H,0.002,0.006,0.015,1,0.0,10.0,148.0,9132.49,6070.6,3041,2211,830,72.71,93.66,1.025,249.135,4388,2860.73,1832.92,20163.79,604.85,9132.49,-54.71
ETH-USDT-SWAP,fade,4H,0.002,0.006,0.02,1,0.0,10.0,148.0,107368.12,72446.02,3041,2257,784,74.22,90.46,1.177,2973.161,4388,7224.5,4781.42,58082.34,703.96,107368.12,84.86
ETH-USDT-SWAP,fade,4H,0.002,0.006,0.025,1,0.0,10.0,148.0,203484.78,137389.72,3041,2281,760,75.01,74.24,1.24,5638.429,4388,28164.93,18930.36,157222.44,458.22,203484.78,29.42
ETH-USDT-SWAP,fade,4H,0.002,0.006,0.03,1,0.0,10.0,148.0,244095.23,164829.21,3041,2295,746,75.47,62.78,1.287,6764.537,4388,48945.07,32971.0,190872.81,289.97,244095.23,27.88
ETH-USDT-SWAP,fade,4H,0.002,0.008,0.01,1,0.0,10.0,148.0,0.0,-100.0,3041,1722,1319,56.63,100.0,0.751,-4.104,4388,0.12,-99.92,0.0,-100.0,0.0,-99.99
ETH-USDT-SWAP,fade,4H,0.002,0.008,0.015,1,0.0,10.0,148.0,0.0,-100.0,3041,1843,1198,60.61,100.0,0.862,-4.104,4388,1.98,-98.66,0.0,-99.95,0.0,-99.85
ETH-USDT-SWAP,fade,4H,0.002,0.008,0.02,1,0.0,10.0,148.0,0.0,-100.0,3041,1882,1159,61.89,100.0,0.894,-4.104,4388,3.22,-97.82,0.0,-99.94,0.0,-99.38
ETH-USDT-SWAP,fade,4H,0.002,0.008,0.025,1,0.0,10.0,148.0,0.0,-100.0,3041,1906,1135,62.68,100.0,0.928,-4.104,4388,10.08,-93.19,0.01,-99.85,0.0,-99.78
ETH-USDT-SWAP,fade,4H,0.002,0.008,0.03,1,0.0,10.0,148.0,0.0,-100.0,3041,1917,1124,63.04,100.0,0.957,-4.104,4388,31.22,-78.91,0.08,-99.74,0.0,-99.88
ETH-USDT-SWAP,fade,4H,0.002,0.01,0.01,1,0.0,10.0,148.0,0.0,-100.0,3041,1510,1531,49.65,100.0,0.735,-4.104,4388,0.01,-100.0,0.0,-100.0,0.0,-100.0
ETH-USDT-SWAP,fade,4H,0.002,0.01,0.015,1,0.0,10.0,148.0,0.0,-100.0,3041,1630,1411,53.6,100.0,0.807,-4.104,4388,0.08,-99.95,0.0,-100.0,0.0,-99.99
ETH-USDT-SWAP,fade,4H,0.002,0.01,0.02,1,0.0,10.0,148.0,0.0,-100.0,3041,1672,1369,54.98,100.0,0.828,-4.104,4388,0.19,-99.87,0.0,-100.0,0.0,-99.98
ETH-USDT-SWAP,fade,4H,0.002,0.01,0.025,1,0.0,10.0,148.0,0.0,-100.0,3041,1693,1348,55.67,100.0,0.845,-4.104,4388,0.61,-99.59,0.0,-100.0,0.0,-99.99
ETH-USDT-SWAP,fade,4H,0.002,0.01,0.03,1,0.0,10.0,148.0,0.0,-100.0,3041,1703,1338,56.0,100.0,0.871,-4.104,4388,1.5,-98.98,0.0,-100.0,0.0,-99.99
ETH-USDT-SWAP,fade,4H,0.002,0.015,0.01,1,0.0,10.0,148.0,0.0,-100.0,3041,1267,1774,41.66,100.0,0.583,-4.104,4388,0.0,-100.0,0.0,-100.0,0.0,-100.0
ETH-USDT-SWAP,fade,4H,0.002,0.015,0.015,1,0.0,10.0,148.0,0.0,-100.0,3041,1370,1671,45.05,100.0,0.59,-4.104,4388,0.0,-100.0,0.0,-100.0,0.0,-100.0
ETH-USDT-SWAP,fade,4H,0.002,0.015,0.02,1,0.0,10.0,148.0,0.0,-100.0,3041,1405,1636,46.2,100.0,0.632,-4.104,4388,0.0,-100.0,0.0,-100.0,0.0,-100.0
ETH-USDT-SWAP,fade,4H,0.002,0.015,0.025,1,0.0,10.0,148.0,0.0,-100.0,3041,1425,1616,46.86,100.0,0.618,-4.104,4388,0.0,-100.0,0.0,-100.0,0.0,-100.0
ETH-USDT-SWAP,fade,4H,0.002,0.015,0.03,1,0.0,10.0,148.0,0.0,-100.0,3041,1432,1609,47.09,100.0,0.572,-4.104,4388,0.0,-100.0,0.0,-100.0,0.0,-100.0
ETH-USDT-SWAP,fade,4H,0.002,0.02,0.01,1,0.0,10.0,148.0,0.0,-100.0,3041,1183,1858,38.9,100.0,0.559,-4.104,4388,0.0,-100.0,0.0,-100.0,0.0,-100.0
ETH-USDT-SWAP,fade,4H,0.002,0.02,0.015,1,0.0,10.0,148.0,0.0,-100.0,3041,1281,1760,42.12,100.0,0.554,-4.104,4388,0.0,-100.0,0.0,-100.0,0.0,-100.0
ETH-USDT-SWAP,fade,4H,0.002,0.02,0.02,1,0.0,10.0,148.0,0.0,-100.0,3041,1314,1727,43.21,100.0,0.581,-4.104,4388,0.0,-100.0,0.0,-100.0,0.0,-100.0
ETH-USDT-SWAP,fade,4H,0.002,0.02,0.025,1,0.0,10.0,148.0,0.0,-100.0,3041,1333,1708,43.83,100.0,0.563,-4.104,4388,0.0,-100.0,0.0,-100.0,0.0,-100.0
ETH-USDT-SWAP,fade,4H,0.002,0.02,0.03,1,0.0,10.0,148.0,0.0,-100.0,3041,1340,1701,44.06,100.0,0.518,-4.104,4388,0.0,-100.0,0.0,-100.0,0.0,-100.0
ETH-USDT-SWAP,fade,4H,0.002,0.03,0.01,1,0.0,10.0,148.0,0.0,-100.0,3041,1156,1885,38.01,100.0,0.538,-4.104,4388,0.0,-100.0,0.0,-100.0,0.0,-100.0
ETH-USDT-SWAP,fade,4H,0.002,0.03,0.015,1,0.0,10.0,148.0,0.0,-100.0,3041,1252,1789,41.17,100.0,0.513,-4.104,4388,0.0,-100.0,0.0,-100.0,0.0,-100.0
ETH-USDT-SWAP,fade,4H,0.002,0.03,0.02,1,0.0,10.0,148.0,0.0,-100.0,3041,1286,1755,42.29,100.0,0.552,-4.104,4388,0.0,-100.0,0.0,-100.0,0.0,-100.0
ETH-USDT-SWAP,fade,4H,0.002,0.03,0.025,1,0.0,10.0,148.0,0.0,-100.0,3041,1303,1738,42.85,100.0,0.535,-4.104,4388,0.0,-100.0,0.0,-100.0,0.0,-100.0
ETH-USDT-SWAP,fade,4H,0.002,0.03,0.03,1,0.0,10.0,148.0,0.0,-100.0,3041,1309,1732,43.05,100.0,0.491,-4.104,4388,0.0,-100.0,0.0,-100.0,0.0,-100.0
ETH-USDT-SWAP,fade,4H,0.003,0.006,0.01,1,0.0,10.0,148.0,41669.66,28055.18,2772,1982,790,71.5,85.02,1.086,1151.375,4388,2311.49,1461.82,49244.7,2030.43,41669.66,-15.38
ETH-USDT-SWAP,fade,4H,0.003,0.006,0.015,1,0.0,10.0,148.0,257075.28,173599.51,2772,2110,662,76.12,58.36,1.35,7124.467,4388,37452.12,25205.49,213046.94,468.85,257075.28,20.67
ETH-USDT-SWAP,fade,4H,0.003,0.006,0.02,1,0.0,10.0,148.0,338604.58,228686.88,2772,2155,617,77.74,62.21,1.455,9385.234,4388,67275.22,45356.23,279943.98,316.12,338604.58,20.95
ETH-USDT-SWAP,fade,4H,0.003,0.006,0.025,1,0.0,10.0,148.0,411021.6,277617.3,2772,2181,591,78.68,38.58,1.566,11393.323,4388,89072.27,60083.97,342851.64,284.91,411021.6,19.88
ETH-USDT-SWAP,fade,4H,0.003,0.006,0.03,1,0.0,10.0,148.0,462798.25,312601.52,2772,2198,574,79.29,42.36,1.658,12829.064,4388,98191.45,66245.58,363914.13,270.62,462798.25,27.17
ETH-USDT-SWAP,fade,4H,0.003,0.008,0.01,1,0.0,10.0,148.0,0.0,-100.0,2772,1658,1114,59.81,100.0,0.873,-4.104,4388,53.51,-63.84,2.58,-95.18,0.0,-99.94
ETH-USDT-SWAP,fade,4H,0.003,0.008,0.015,1,0.0,10.0,148.0,1.56,-98.95,2772,1772,1000,63.92,99.83,0.989,-4.061,4388,641.89,333.71,262.62,-59.09,1.56,-99.41
ETH-USDT-SWAP,fade,4H,0.003,0.008,0.02,1,0.0,10.0,148.0,30.05,-79.7,2772,1814,958,65.44,99.57,0.999,-3.271,4388,2336.78,1478.91,3213.0,37.5,30.05,-99.06
ETH-USDT-SWAP,fade,4H,0.003,0.008,0.025,1,0.0,10.0,148.0,27697.55,18614.56,2772,1836,936,66.23,97.9,1.041,763.936,4388,8972.2,5962.29,53364.36,494.77,27697.55,-48.1
ETH-USDT-SWAP,fade,4H,0.003,0.008,0.03,1,0.0,10.0,148.0,92686.1,62525.74,2772,1849,923,66.7,98.63,1.108,2566.036,4388,22590.42,15163.8,102633.09,354.32,92686.1,-9.69
ETH-USDT-SWAP,fade,4H,0.003,0.01,0.01,1,0.0,10.0,148.0,0.0,-100.0,2772,1442,1330,52.02,100.0,0.786,-4.104,4388,0.22,-99.85,0.0,-99.97,0.0,-100.0
ETH-USDT-SWAP,fade,4H,0.003,0.01,0.015,1,0.0,10.0,148.0,0.0,-100.0,2772,1544,1228,55.7,100.0,0.799,-4.104,4388,0.46,-99.69,0.0,-99.93,0.0,-99.99
ETH-USDT-SWAP,fade,4H,0.003,0.01,0.02,1,0.0,10.0,148.0,0.0,-100.0,2772,1583,1189,57.11,100.0,0.875,-4.104,4388,2.6,-98.24,0.0,-99.87,0.0,-99.98
ETH-USDT-SWAP,fade,4H,0.003,0.01,0.025,1,0.0,10.0,148.0,0.0,-100.0,2772,1604,1168,57.86,100.0,0.888,-4.104,4388,6.2,-95.81,0.03,-99.5,0.0,-99.98
ETH-USDT-SWAP,fade,4H,0.003,0.01,0.03,1,0.0,10.0,148.0,0.0,-100.0,2772,1617,1155,58.33,100.0,0.908,-4.104,4388,11.13,-92.48,0.07,-99.35,0.0,-99.97
ETH-USDT-SWAP,fade,4H,0.003,0.015,0.01,1,0.0,10.0,148.0,0.0,-100.0,2772,1181,1591,42.6,100.0,0.659,-4.104,4388,0.0,-100.0,0.0,-100.0,0.0,-100.0
ETH-USDT-SWAP,fade,4H,0.003,0.015,0.015,1,0.0,10.0,148.0,0.0,-100.0,2772,1274,1498,45.96,100.0,0.614,-4.104,4388,0.0,-100.0,0.0,-100.0,0.0,-100.0
ETH-USDT-SWAP,fade,4H,0.003,0.015,0.02,1,0.0,10.0,148.0,0.0,-100.0,2772,1307,1465,47.15,100.0,0.713,-4.104,4388,0.0,-100.0,0.0,-100.0,0.0,-100.0
ETH-USDT-SWAP,fade,4H,0.003,0.015,0.025,1,0.0,10.0,148.0,0.0,-100.0,2772,1327,1445,47.87,100.0,0.681,-4.104,4388,0.01,-100.0,0.0,-100.0,0.0,-100.0
ETH-USDT-SWAP,fade,4H,0.003,0.015,0.03,1,0.0,10.0,148.0,0.0,-100.0,2772,1335,1437,48.16,100.0,0.634,-4.104,4388,0.0,-100.0,0.0,-100.0,0.0,-100.0
ETH-USDT-SWAP,fade,4H,0.003,0.02,0.01,1,0.0,10.0,148.0,0.0,-100.0,2772,1100,1672,39.68,100.0,0.591,-4.104,4388,0.0,-100.0,0.0,-100.0,0.0,-100.0
ETH-USDT-SWAP,fade,4H,0.003,0.02,0.015,1,0.0,10.0,148.0,0.0,-100.0,2772,1184,1588,42.71,100.0,0.545,-4.104,4388,0.0,-100.0,0.0,-100.0,0.0,-100.0
ETH-USDT-SWAP,fade,4H,0.003,0.02,0.02,1,0.0,10.0,148.0,0.0,-100.0,2772,1213,1559,43.76,100.0,0.642,-4.104,4388,0.0,-100.0,0.0,-100.0,0.0,-100.0
ETH-USDT-SWAP,fade,4H,0.003,0.02,0.025,1,0.0,10.0,148.0,0.0,-100.0,2772,1233,1539,44.48,100.0,0.602,-4.104,4388,0.0,-100.0,0.0,-100.0,0.0,-100.0
ETH-USDT-SWAP,fade,4H,0.003,0.02,0.03,1,0.0,10.0,148.0,0.0,-100.0,2772,1240,1532,44.73,100.0,0.551,-4.104,4388,0.0,-100.0,0.0,-100.0,0.0,-100.0
ETH-USDT-SWAP,fade,4H,0.003,0.03,0.01,1,0.0,10.0,148.0,0.0,-100.0,2772,1072,1700,38.67,100.0,0.603,-4.104,4388,0.0,-100.0,0.0,-100.0,0.0,-100.0
ETH-USDT-SWAP,fade,4H,0.003,0.03,0.015,1,0.0,10.0,148.0,0.0,-100.0,2772,1154,1618,41.63,100.0,0.547,-4.104,4388,0.0,-100.0,0.0,-100.0,0.0,-100.0
ETH-USDT-SWAP,fade,4H,0.003,0.03,0.02,1,0.0,10.0,148.0,0.0,-100.0,2772,1188,1584,42.86,100.0,0.651,-4.104,4388,0.0,-100.0,0.0,-100.0,0.0,-100.0
ETH-USDT-SWAP,fade,4H,0.003,0.03,0.025,1,0.0,10.0,148.0,0.0,-100.0,2772,1204,1568,43.43,100.0,0.605,-4.104,4388,0.0,-100.0,0.0,-100.0,0.0,-100.0
ETH-USDT-SWAP,fade,4H,0.003,0.03,0.03,1,0.0,10.0,148.0,0.0,-100.0,2772,1211,1561,43.69,100.0,0.561,-4.104,4388,0.0,-100.0,0.0,-100.0,0.0,-100.0
ETH-USDT-SWAP,fade,4H,0.005,0.006,0.01,1,0.0,10.0,148.0,143785.36,97052.27,2282,1706,576,74.76,53.98,1.22,3982.993,4388,29735.87,19991.8,117883.92,296.44,143785.36,21.97
ETH-USDT-SWAP,fade,4H,0.005,0.006,0.015,1,0.0,10.0,148.0,330879.72,223467.38,2282,1831,451,80.24,41.54,1.551,9171.028,4388,87523.81,59037.71,257209.15,193.87,330879.72,28.64
ETH-USDT-SWAP,fade,4H,0.005,0.006,0.02,1,0.0,10.0,148.0,441129.92,297960.75,2282,1887,395,82.69,31.16,1.804,12228.212,4388,104347.57,70405.11,335689.92,221.7,441129.92,31.41
ETH-USDT-SWAP,fade,4H,0.005,0.006,0.025,1,0.0,10.0,148.0,494349.76,333920.11,2282,1910,372,83.7,35.58,1.937,13703.972,4388,118721.58,80117.29,371782.71,213.16,494349.76,32.97
ETH-USDT-SWAP,fade,4H,0.005,0.006,0.03,1,0.0,10.0,148.0,578227.02,390593.94,2282,1933,349,84.71,32.0,2.246,16029.847,4388,127774.78,86234.31,431518.94,237.72,578227.02,34.0
ETH-USDT-SWAP,fade,4H,0.005,0.008,0.01,1,0.0,10.0,148.0,130571.5,88123.98,2282,1495,787,65.51,77.53,1.157,3616.579,4388,26165.29,17579.25,100682.22,284.79,130571.5,29.69
ETH-USDT-SWAP,fade,4H,0.005,0.008,0.015,1,0.0,10.0,148.0,291090.18,196582.56,2282,1604,678,70.29,56.36,1.352,8067.684,4388,70996.65,47870.71,218159.69,207.28,291090.18,33.43
ETH-USDT-SWAP,fade,4H,0.005,0.008,0.02,1,0.0,10.0,148.0,404229.02,273027.72,2282,1653,629,72.44,43.15,1.499,11204.968,4388,94919.91,64035.07,313829.35,230.63,404229.02,28.81
ETH-USDT-SWAP,fade,4H,0.005,0.008,0.025,1,0.0,10.0,148.0,457024.58,308700.39,2282,1674,608,73.36,35.05,1.562,12668.963,4388,114464.15,77240.64,352887.98,208.3,457024.58,29.51
ETH-USDT-SWAP,fade,4H,0.005,0.008,0.03,1,0.0,10.0,148.0,528871.73,357245.77,2282,1694,588,74.23,32.0,1.686,14661.249,4388,125228.66,84513.96,411060.89,228.25,528871.73,28.66
ETH-USDT-SWAP,fade,4H,0.005,0.01,0.01,1,0.0,10.0,148.0,0.02,-99.99,2282,1286,996,56.35,100.0,0.975,-4.103,4388,727.32,391.43,1.51,-99.79,0.02,-98.8
ETH-USDT-SWAP,fade,4H,0.005,0.01,0.015,1,0.0,10.0,148.0,7.61,-94.86,2282,1387,895,60.78,99.91,0.997,-3.893,4388,4734.99,3099.32,82.82,-98.25,7.61,-90.82
ETH-USDT-SWAP,fade,4H,0.005,0.01,0.02,1,0.0,10.0,148.0,88015.85,59370.17,2282,1428,854,62.58,94.27,1.091,2436.532,4388,27265.68,18322.76,71783.27,163.27,88015.85,22.61
ETH-USDT-SWAP,fade,4H,0.005,0.01,0.025,1,0.0,10.0,148.0,147510.9,99569.52,2282,1448,834,63.45,69.97,1.14,4086.301,4388,43638.94,29385.77,124569.18,185.45,147510.9,18.42
ETH-USDT-SWAP,fade,4H,0.005,0.01,0.03,1,0.0,10.0,148.0,206511.9,139435.07,2282,1465,817,64.2,52.79,1.2,5722.369,4388,58062.59,39131.48,181245.38,212.16,206511.9,13.94
ETH-USDT-SWAP,fade,4H,0.005,0.015,0.01,1,0.0,10.0,148.0,0.0,-100.0,2282,1041,1241,45.62,100.0,0.715,-4.104,4388,0.2,-99.86,0.0,-100.0,0.0,-99.98
ETH-USDT-SWAP,fade,4H,0.005,0.015,0.015,1,0.0,10.0,148.0,0.0,-100.0,2282,1125,1157,49.3,100.0,0.775,-4.104,4388,0.21,-99.86,0.0,-100.0,0.0,-99.94
ETH-USDT-SWAP,fade,4H,0.005,0.015,0.02,1,0.0,10.0,148.0,0.0,-100.0,2282,1162,1120,50.92,100.0,0.804,-4.104,4388,1.15,-99.22,0.0,-100.0,0.0,-99.96
ETH-USDT-SWAP,fade,4H,0.005,0.015,0.025,1,0.0,10.0,148.0,0.0,-100.0,2282,1180,1102,51.71,100.0,0.79,-4.104,4388,1.73,-98.83,0.0,-100.0,0.0,-99.95
ETH-USDT-SWAP,fade,4H,0.005,0.015,0.03,1,0.0,10.0,148.0,0.0,-100.0,2282,1189,1093,52.1,100.0,0.839,-4.104,4388,2.29,-98.45,0.0,-100.0,0.0,-99.96
ETH-USDT-SWAP,fade,4H,0.005,0.02,0.01,1,0.0,10.0,148.0,0.0,-100.0,2282,952,1330,41.72,100.0,0.663,-4.104,4388,0.01,-100.0,0.0,-100.0,0.0,-100.0
ETH-USDT-SWAP,fade,4H,0.005,0.02,0.015,1,0.0,10.0,148.0,0.0,-100.0,2282,1022,1260,44.79,100.0,0.739,-4.104,4388,0.0,-100.0,0.0,-100.0,0.0,-100.0
ETH-USDT-SWAP,fade,4H,0.005,0.02,0.02,1,0.0,10.0,148.0,0.0,-100.0,2282,1055,1227,46.23,100.0,0.768,-4.104,4388,0.01,-99.99,0.0,-100.0,0.0,-100.0
ETH-USDT-SWAP,fade,4H,0.005,0.02,0.025,1,0.0,10.0,148.0,0.0,-100.0,2282,1074,1208,47.06,100.0,0.743,-4.104,4388,0.03,-99.98,0.0,-100.0,0.0,-100.0
ETH-USDT-SWAP,fade,4H,0.005,0.02,0.03,1,0.0,10.0,148.0,0.0,-100.0,2282,1079,1203,47.28,100.0,0.748,-4.104,4388,0.02,-99.99,0.0,-100.0,0.0,-100.0
ETH-USDT-SWAP,fade,4H,0.005,0.03,0.01,1,0.0,10.0,148.0,0.0,-100.0,2282,923,1359,40.45,100.0,0.625,-4.104,4388,0.0,-100.0,0.0,-100.0,0.0,-100.0
ETH-USDT-SWAP,fade,4H,0.005,0.03,0.015,1,0.0,10.0,148.0,0.0,-100.0,2282,994,1288,43.56,100.0,0.694,-4.104,4388,0.0,-100.0,0.0,-100.0,0.0,-100.0
ETH-USDT-SWAP,fade,4H,0.005,0.03,0.02,1,0.0,10.0,148.0,0.0,-100.0,2282,1025,1257,44.92,100.0,0.71,-4.104,4388,0.0,-100.0,0.0,-100.0,0.0,-100.0
ETH-USDT-SWAP,fade,4H,0.005,0.03,0.025,1,0.0,10.0,148.0,0.0,-100.0,2282,1040,1242,45.57,100.0,0.676,-4.104,4388,0.0,-100.0,0.0,-100.0,0.0,-100.0
ETH-USDT-SWAP,fade,4H,0.005,0.03,0.03,1,0.0,10.0,148.0,0.0,-100.0,2282,1043,1239,45.71,100.0,0.688,-4.104,4388,0.0,-100.0,0.0,-100.0,0.0,-100.0
ETH-USDT-SWAP,fade,4H,0.007,0.006,0.01,1,0.0,10.0,148.0,147507.73,99567.38,1861,1422,439,76.41,53.04,1.279,4086.213,4388,34573.15,23260.24,115071.59,232.84,147507.73,28.19
ETH-USDT-SWAP,fade,4H,0.007,0.006,0.015,1,0.0,10.0,148.0,293114.15,197950.1,1861,1528,333,82.11,31.36,1.61,8123.807,4388,80427.08,54242.62,230555.66,186.66,293114.15,27.13
ETH-USDT-SWAP,fade,4H,0.007,0.006,0.02,1,0.0,10.0,148.0,376850.86,254528.96,1861,1574,287,84.58,28.14,1.844,10445.785,4388,101066.62,68188.26,294553.88,191.45,376850.86,27.94
ETH-USDT-SWAP,fade,4H,0.007,0.006,0.025,1,0.0,10.0,148.0,449757.94,303790.5,1861,1603,258,86.14,27.3,2.113,12467.462,4388,118746.71,80134.26,326119.37,174.63,449757.94,37.91
ETH-USDT-SWAP,fade,4H,0.007,0.006,0.03,1,0.0,10.0,148.0,502814.7,339639.66,1861,1621,240,87.1,32.3,2.401,13938.7,4388,119708.53,80784.14,373476.13,211.99,502814.7,34.63
ETH-USDT-SWAP,fade,4H,0.007,0.008,0.01,1,0.0,10.0,148.0,222214.82,150045.15,1861,1270,591,68.24,37.35,1.328,6157.804,4388,62499.1,42129.12,165267.45,164.43,222214.82,34.46
ETH-USDT-SWAP,fade,4H,0.007,0.008,0.015,1,0.0,10.0,148.0,339055.16,228991.33,1861,1358,503,72.97,38.4,1.502,9397.729,4388,106216.81,71668.11,258214.09,143.1,339055.16,31.31
ETH-USDT-SWAP,fade,4H,0.007,0.008,0.02,1,0.0,10.0,148.0,434397.49,293411.82,1861,1404,457,75.44,27.2,1.685,12041.525,4388,122694.89,82801.95,332237.83,170.78,434397.49,30.75
ETH-USDT-SWAP,fade,4H,0.007,0.008,0.025,1,0.0,10.0,148.0,506723.17,342280.52,1861,1430,431,76.84,27.3,1.842,14047.08,4388,141329.69,95393.03,368715.95,160.89,506723.17,37.43
ETH-USDT-SWAP,fade,4H,0.007,0.008,0.03,1,0.0,10.0,148.0,558721.66,377414.63,1861,1447,414,77.75,32.3,1.994,15488.973,4388,144171.39,97313.1,416485.67,188.88,558721.66,34.15
ETH-USDT-SWAP,fade,4H,0.007,0.01,0.01,1,0.0,10.0,148.0,117686.74,79418.07,1861,1114,747,59.86,70.43,1.143,3259.291,4388,41225.84,27755.3,82069.57,99.07,117686.74,43.4
ETH-USDT-SWAP,fade,4H,0.007,0.01,0.015,1,0.0,10.0,148.0,211395.55,142734.83,1861,1195,666,64.21,41.61,1.25,5857.791,4388,71509.09,48216.96,161527.35,125.88,211395.55,30.87
ETH-USDT-SWAP,fade,4H,0.007,0.01,0.02,1,0.0,10.0,148.0,308531.67,208367.34,1861,1237,624,66.47,32.18,1.369,8551.327,4388,95944.5,64727.36,247255.31,157.71,308531.67,24.78
ETH-USDT-SWAP,fade,4H,0.007,0.01,0.025,1,0.0,10.0,148.0,374081.89,252658.03,1861,1261,600,67.76,29.98,1.451,10369.003,4388,115903.74,78213.34,281922.62,143.24,374081.89,32.69
ETH-USDT-SWAP,fade,4H,0.007,0.01,0.03,1,0.0,10.0,148.0,422374.8,285288.38,1861,1276,585,68.57,34.8,1.53,11708.141,4388,121227.38,81810.39,333160.65,174.82,422374.8,26.78
ETH-USDT-SWAP,fade,4H,0.007,0.015,0.01,1,0.0,10.0,148.0,0.0,-100.0,1861,895,966,48.09,100.0,0.932,-4.104,4388,15.49,-89.53,0.0,-100.0,0.0,-97.62
ETH-USDT-SWAP,fade,4H,0.007,0.015,0.015,1,0.0,10.0,148.0,0.0,-100.0,1861,966,895,51.91,100.0,0.952,-4.104,4388,60.35,-59.22,0.0,-100.0,0.0,-96.23
ETH-USDT-SWAP,fade,4H,0.007,0.015,0.02,1,0.0,10.0,148.0,0.0,-100.0,1861,1000,861,53.73,100.0,0.974,-4.104,4388,208.72,41.03,0.01,-100.0,0.0,-96.49
ETH-USDT-SWAP,fade,4H,0.007,0.015,0.025,1,0.0,10.0,148.0,0.0,-100.0,1861,1013,848,54.43,100.0,0.983,-4.104,4388,385.24,160.3,0.0,-100.0,0.0,-90.29
ETH-USDT-SWAP,fade,4H,0.007,0.015,0.03,1,0.0,10.0,148.0,0.0,-100.0,1861,1022,839,54.92,100.0,0.98,-4.104,4388,295.31,99.54,0.0,-100.0,0.0,-97.05
ETH-USDT-SWAP,fade,4H,0.007,0.02,0.01,1,0.0,10.0,148.0,0.0,-100.0,1861,797,1064,42.83,100.0,0.797,-4.104,4388,0.25,-99.83,0.0,-100.0,0.0,-99.88
ETH-USDT-SWAP,fade,4H,0.007,0.02,0.015,1,0.0,10.0,148.0,0.0,-100.0,1861,862,999,46.32,100.0,0.868,-4.104,4388,0.74,-99.5,0.0,-100.0,0.0,-99.94
ETH-USDT-SWAP,fade,4H,0.007,0.02,0.02,1,0.0,10.0,148.0,0.0,-100.0,1861,893,968,47.98,100.0,0.877,-4.104,4388,2.75,-98.14,0.0,-100.0,0.0,-99.98
ETH-USDT-SWAP,fade,4H,0.007,0.02,0.025,1,0.0,10.0,148.0,0.0,-100.0,1861,904,957,48.58,100.0,0.848,-4.104,4388,1.69,-98.86,0.0,-100.0,0.0,-99.94
ETH-USDT-SWAP,fade,4H,0.007,0.02,0.03,1,0.0,10.0,148.0,0.0,-100.0,1861,909,952,48.84,100.0,0.848,-4.104,4388,1.25,-99.15,0.0,-100.0,0.0,-99.97
ETH-USDT-SWAP,fade,4H,0.007,0.03,0.01,1,0.0,10.0,148.0,0.0,-100.0,1861,769,1092,41.32,100.0,0.764,-4.104,4388,0.07,-99.96,0.0,-100.0,0.0,-99.98
ETH-USDT-SWAP,fade,4H,0.007,0.03,0.015,1,0.0,10.0,148.0,0.0,-100.0,1861,831,1030,44.65,100.0,0.812,-4.104,4388,0.1,-99.93,0.0,-100.0,0.0,-100.0
ETH-USDT-SWAP,fade,4H,0.007,0.03,0.02,1,0.0,10.0,148.0,0.0,-100.0,1861,856,1005,46.0,100.0,0.812,-4.104,4388,0.27,-99.82,0.0,-100.0,0.0,-100.0
ETH-USDT-SWAP,fade,4H,0.007,0.03,0.025,1,0.0,10.0,148.0,0.0,-100.0,1861,863,998,46.37,100.0,0.756,-4.104,4388,0.09,-99.94,0.0,-100.0,0.0,-100.0
ETH-USDT-SWAP,fade,4H,0.007,0.03,0.03,1,0.0,10.0,148.0,0.0,-100.0,1861,865,996,46.48,100.0,0.759,-4.104,4388,0.05,-99.96,0.0,-100.0,0.0,-100.0
ETH-USDT-SWAP,fade,4H,0.01,0.006,0.01,1,0.0,10.0,148.0,4965.02,3254.74,1354,1029,325,76.0,95.49,1.029,133.574,4388,5499.73,3616.03,17711.26,222.04,4965.02,-71.97
ETH-USDT-SWAP,fade,4H,0.01,0.006,0.015,1,0.0,10.0,148.0,187498.83,126588.4,1354,1129,225,83.38,42.82,1.497,5195.146,4388,35395.3,23815.75,157586.07,345.22,187498.83,18.98
ETH-USDT-SWAP,fade,4H,0.01,0.006,0.02,1,0.0,10.0,148.0,250788.14,169351.45,1354,1166,188,86.12,33.97,1.722,6950.128,4388,43352.9,29192.5,190200.82,338.73,250788.14,31.85
ETH-USDT-SWAP,fade,4H,0.01,0.006,0.025,1,0.0,10.0,148.0,332307.64,224432.19,1354,1196,158,88.33,36.76,2.143,9210.623,4388,49601.46,33414.5,241710.3,387.3,332307.64,37.48
ETH-USDT-SWAP,fade,4H,0.01,0.006,0.03,1,0.0,10.0,148.0,342753.48,231490.19,1354,1204,150,88.92,38.3,2.226,9500.281,4388,48273.07,32516.94,255801.14,429.9,342753.48,33.99
ETH-USDT-SWAP,fade,4H,0.01,0.008,0.01,1,0.0,10.0,148.0,138731.77,93637.69,1354,945,409,69.79,57.89,1.264,3842.86,4388,35284.91,23741.16,119917.83,239.86,138731.77,15.69
ETH-USDT-SWAP,fade,4H,0.01,0.008,0.015,1,0.0,10.0,148.0,292587.07,197593.97,1354,1034,320,76.37,43.51,1.603,8109.192,4388,64931.82,43772.85,238905.59,267.93,292587.07,22.47
ETH-USDT-SWAP,fade,4H,0.01,0.008,0.02,1,0.0,10.0,148.0,359995.69,243140.33,1354,1069,285,78.95,35.74,1.781,9978.399,4388,78661.29,53049.52,279463.1,255.27,359995.69,28.82
ETH-USDT-SWAP,fade,4H,0.01,0.008,0.025,1,0.0,10.0,148.0,438539.76,296210.65,1354,1097,257,81.02,34.53,2.051,12156.388,4388,85553.46,57706.39,326694.98,281.86,438539.76,34.24
ETH-USDT-SWAP,fade,4H,0.01,0.008,0.03,1,0.0,10.0,148.0,448021.7,302617.36,1354,1105,249,81.61,38.91,2.095,12419.317,4388,84766.82,57174.88,345693.49,307.82,448021.7,29.6
ETH-USDT-SWAP,fade,4H,0.01,0.01,0.01,1,0.0,10.0,148.0,161085.04,108741.24,1354,860,494,63.52,62.07,1.263,4462.705,4388,47855.61,32234.87,118384.59,147.38,161085.04,36.07
ETH-USDT-SWAP,fade,4H,0.01,0.01,0.015,1,0.0,10.0,148.0,320580.67,216508.56,1354,944,410,69.72,49.49,1.554,8885.44,4388,72595.67,48951.13,236850.16,226.26,320580.67,35.35
ETH-USDT-SWAP,fade,4H,0.01,0.01,0.02,1,0.0,10.0,148.0,388465.91,262376.96,1354,976,378,72.08,30.94,1.692,10767.864,4388,86696.01,58478.39,279169.15,222.01,388465.91,39.15
ETH-USDT-SWAP,fade,4H,0.01,0.01,0.025,1,0.0,10.0,148.0,472474.29,319139.39,1354,1004,350,74.15,33.79,1.909,13097.376,4388,98375.36,66369.84,334955.33,240.49,472474.29,41.06
ETH-USDT-SWAP,fade,4H,0.01,0.01,0.03,1,0.0,10.0,148.0,477724.15,322686.59,1354,1011,343,74.67,39.29,1.921,13242.952,4388,98163.11,66226.42,350301.0,256.86,477724.15,36.38
ETH-USDT-SWAP,fade,4H,0.01,0.015,0.01,1,0.0,10.0,148.0,0.0,-100.0,1354,654,700,48.3,100.0,0.947,-4.104,4388,200.01,35.14,0.02,-99.99,0.0,-97.61
ETH-USDT-SWAP,fade,4H,0.01,0.015,0.015,1,0.0,10.0,148.0,0.36,-99.76,1354,721,633,53.25,99.99,0.992,-4.094,4388,1831.99,1137.83,5.67,-99.69,0.36,-93.74
ETH-USDT-SWAP,fade,4H,0.01,0.015,0.02,1,0.0,10.0,148.0,2.3,-98.45,1354,748,606,55.24,99.95,0.995,-4.04,4388,2973.05,1908.82,16.31,-99.45,2.3,-85.91
ETH-USDT-SWAP,fade,4H,0.01,0.015,0.025,1,0.0,10.0,148.0,35.35,-76.11,1354,767,587,56.65,99.69,0.999,-3.124,4388,5290.83,3474.89,194.39,-96.33,35.35,-81.81
ETH-USDT-SWAP,fade,4H,0.01,0.015,0.03,1,0.0,10.0,148.0,8.35,-94.36,1354,773,581,57.09,99.9,0.998,-3.872,4388,4219.13,2750.76,131.35,-96.89,8.35,-93.64
ETH-USDT-SWAP,fade,4H,0.01,0.02,0.01,1,0.0,10.0,148.0,0.0,-100.0,1354,582,772,42.98,100.0,0.734,-4.104,4388,1.64,-98.89,0.0,-100.0,0.0,-98.68
ETH-USDT-SWAP,fade,4H,0.01,0.02,0.015,1,0.0,10.0,148.0,0.0,-100.0,1354,645,709,47.64,100.0,0.791,-4.104,4388,7.05,-95.24,0.0,-100.0,0.0,-99.13
ETH-USDT-SWAP,fade,4H,0.01,0.02,0.02,1,0.0,10.0,148.0,0.0,-100.0,1354,668,686,49.34,100.0,0.779,-4.104,4388,8.23,-94.44,0.0,-100.0,0.0,-98.64
ETH-USDT-SWAP,fade,4H,0.01,0.02,0.025,1,0.0,10.0,148.0,0.0,-100.0,1354,678,676,50.07,100.0,0.837,-4.104,4388,11.55,-92.19,0.0,-100.0,0.0,-98.72
ETH-USDT-SWAP,fade,4H,0.01,0.02,0.03,1,0.0,10.0,148.0,0.0,-100.0,1354,683,671,50.44,100.0,0.78,-4.104,4388,3.48,-97.65,0.0,-100.0,0.0,-99.55
ETH-USDT-SWAP,fade,4H,0.01,0.03,0.01,1,0.0,10.0,148.0,0.0,-100.0,1354,544,810,40.18,100.0,0.686,-4.104,4388,0.3,-99.79,0.0,-100.0,0.0,-99.82
ETH-USDT-SWAP,fade,4H,0.01,0.03,0.015,1,0.0,10.0,148.0,0.0,-100.0,1354,601,753,44.39,100.0,0.741,-4.104,4388,1.11,-99.25,0.0,-100.0,0.0,-99.97
ETH-USDT-SWAP,fade,4H,0.01,0.03,0.02,1,0.0,10.0,148.0,0.0,-100.0,1354,621,733,45.86,100.0,0.728,-4.104,4388,2.07,-98.6,0.0,-100.0,0.0,-99.96
ETH-USDT-SWAP,fade,4H,0.01,0.03,0.025,1,0.0,10.0,148.0,0.0,-100.0,1354,626,728,46.23,100.0,0.722,-4.104,4388,1.79,-98.79,0.0,-100.0,0.0,-99.96
ETH-USDT-SWAP,fade,4H,0.01,0.03,0.03,1,0.0,10.0,148.0,0.0,-100.0,1354,630,724,46.53,100.0,0.66,-4.104,4388,0.47,-99.68,0.0,-100.0,0.0,-99.99
ETH-USDT-SWAP,reversal,6H,0.001,0.006,0.01,1,0.0,10.0,148.0,0.0,-100.0,1660,1119,541,67.41,100.0,0.776,-4.093,2934,6.23,-95.79,0.01,-99.79,0.0,-99.26
ETH-USDT-SWAP,reversal,6H,0.001,0.006,0.015,1,0.0,10.0,148.0,26.45,-82.13,1660,1250,410,75.3,99.43,0.997,-3.361,2934,1957.55,1222.67,2048.93,4.67,26.45,-98.71
ETH-USDT-SWAP,reversal,6H,0.001,0.006,0.02,1,0.0,10.0,148.0,79539.53,53642.93,1660,1306,354,78.67,65.37,1.15,2195.481,2934,26644.49,17903.03,96560.34,262.4,79539.53,-17.63
ETH-USDT-SWAP,reversal,6H,0.001,0.006,0.025,1,0.0,10.0,148.0,108321.62,73090.28,1660,1329,331,80.06,68.25,1.214,2991.417,2934,20360.35,13657.0,109551.23,438.06,108321.62,-1.12
ETH-USDT-SWAP,reversal,6H,0.001,0.006,0.03,1,0.0,10.0,148.0,116800.4,78819.19,1660,1336,324,80.48,66.1,1.231,3225.888,2934,23384.88,15700.6,111444.86,376.57,116800.4,4.81
ETH-USDT-SWAP,reversal,6H,0.001,0.008,0.01,1,0.0,10.0,148.0,0.0,-100.0,1660,979,681,58.98,100.0,0.76,-4.093,2934,1.59,-98.92,0.0,-99.82,0.0,-99.43
ETH-USDT-SWAP,reversal,6H,0.001,0.008,0.015,1,0.0,10.0,148.0,0.35,-99.76,1660,1095,565,65.96,99.93,0.953,-4.083,2934,133.49,-9.8,49.36,-63.02,0.35,-99.29
ETH-USDT-SWAP,reversal,6H,0.001,0.008,0.02,1,0.0,10.0,148.0,10.3,-93.04,1660,1141,519,68.73,99.5,0.992,-3.808,2934,1263.3,753.58,513.28,-59.37,10.3,-97.99
ETH-USDT-SWAP,reversal,6H,0.001,0.008,0.025,1,0.0,10.0,148.0,20.52,-86.13,1660,1161,499,69.94,99.4,0.992,-3.525,2934,988.98,568.23,771.63,-21.98,20.52,-97.34
ETH-USDT-SWAP,reversal,6H,0.001,0.008,0.03,1,0.0,10.0,148.0,5.59,-96.22,1660,1166,494,70.24,99.65,0.988,-3.938,2934,1053.2,611.62,238.34,-77.37,5.59,-97.65
ETH-USDT-SWAP,reversal,6H,0.001,0.01,0.01,1,0.0,10.0,148.0,0.0,-100.0,1660,859,801,51.75,100.0,0.705,-4.093,2934,0.56,-99.62,0.0,-100.0,0.0,-99.89
ETH-USDT-SWAP,reversal,6H,0.001,0.01,0.015,1,0.0,10.0,148.0,0.0,-100.0,1660,956,704,57.59,100.0,0.9,-4.093,2934,37.74,-74.5,0.01,-99.97,0.0,-99.93
ETH-USDT-SWAP,reversal,6H,0.001,0.01,0.02,1,0.0,10.0,148.0,0.0,-100.0,1660,998,662,60.12,100.0,0.971,-4.093,2934,334.08,125.73,0.08,-99.98,0.0,-99.93
ETH-USDT-SWAP,reversal,6H,0.001,0.01,0.025,1,0.0,10.0,148.0,0.0,-100.0,1660,1016,644,61.2,100.0,0.959,-4.093,2934,264.52,78.73,0.04,-99.99,0.0,-99.91
ETH-USDT-SWAP,reversal,6H,0.001,0.01,0.03,1,0.0,10.0,148.0,0.0,-100.0,1660,1022,638,61.57,100.0,0.966,-4.093,2934,338.02,128.39,0.01,-100.0,0.0,-99.94
ETH-USDT-SWAP,reversal,6H,0.001,0.015,0.01,1,0.0,10.0,148.0,0.0,-100.0,1660,701,959,42.23,100.0,0.452,-4.093,2934,0.01,-99.99,0.0,-100.0,0.0,-99.96
ETH-USDT-SWAP,reversal,6H,0.001,0.015,0.015,1,0.0,10.0,148.0,0.0,-100.0,1660,781,879,47.05,100.0,0.486,-4.093,2934,0.11,-99.92,0.0,-100.0,0.0,-99.94
ETH-USDT-SWAP,reversal,6H,0.001,0.015,0.02,1,0.0,10.0,148.0,0.0,-100.0,1660,813,847,48.98,100.0,0.659,-4.093,2934,0.21,-99.86,0.0,-100.0,0.0,-99.98
ETH-USDT-SWAP,reversal,6H,0.001,0.015,0.025,1,0.0,10.0,148.0,0.0,-100.0,1660,827,833,49.82,100.0,0.641,-4.093,2934,0.17,-99.88,0.0,-100.0,0.0,-99.97
ETH-USDT-SWAP,reversal,6H,0.001,0.015,0.03,1,0.0,10.0,148.0,0.0,-100.0,1660,832,828,50.12,100.0,0.629,-4.093,2934,0.15,-99.9,0.0,-100.0,0.0,-99.99
ETH-USDT-SWAP,reversal,6H,0.001,0.02,0.01,1,0.0,10.0,148.0,0.0,-100.0,1660,634,1026,38.19,100.0,0.418,-4.093,2934,0.01,-99.99,0.0,-100.0,0.0,-99.99
ETH-USDT-SWAP,reversal,6H,0.001,0.02,0.015,1,0.0,10.0,148.0,0.0,-100.0,1660,711,949,42.83,100.0,0.464,-4.093,2934,0.03,-99.98,0.0,-100.0,0.0,-99.99
ETH-USDT-SWAP,reversal,6H,0.001,0.02,0.02,1,0.0,10.0,148.0,0.0,-100.0,1660,742,918,44.7,100.0,0.6,-4.093,2934,0.04,-99.98,0.0,-100.0,0.0,-100.0
ETH-USDT-SWAP,reversal,6H,0.001,0.02,0.025,1,0.0,10.0,148.0,0.0,-100.0,1660,756,904,45.54,100.0,0.561,-4.093,2934,0.02,-99.99,0.0,-100.0,0.0,-100.0
ETH-USDT-SWAP,reversal,6H,0.001,0.02,0.03,1,0.0,10.0,148.0,0.0,-100.0,1660,760,900,45.78,100.0,0.543,-4.093,2934,0.02,-99.99,0.0,-100.0,0.0,-100.0
ETH-USDT-SWAP,reversal,6H,0.001,0.03,0.01,1,0.0,10.0,148.0,0.0,-100.0,1660,598,1062,36.02,100.0,0.347,-4.093,2934,0.0,-100.0,0.0,-100.0,0.0,-100.0
ETH-USDT-SWAP,reversal,6H,0.001,0.03,0.015,1,0.0,10.0,148.0,0.0,-100.0,1660,677,983,40.78,100.0,0.414,-4.093,2934,0.0,-100.0,0.0,-100.0,0.0,-100.0
ETH-USDT-SWAP,reversal,6H,0.001,0.03,0.02,1,0.0,10.0,148.0,0.0,-100.0,1660,704,956,42.41,100.0,0.573,-4.093,2934,0.0,-100.0,0.0,-100.0,0.0,-100.0
ETH-USDT-SWAP,reversal,6H,0.001,0.03,0.025,1,0.0,10.0,148.0,0.0,-100.0,1660,716,944,43.13,100.0,0.51,-4.093,2934,0.0,-100.0,0.0,-100.0,0.0,-100.0
ETH-USDT-SWAP,reversal,6H,0.001,0.03,0.03,1,0.0,10.0,148.0,0.0,-100.0,1660,720,940,43.37,100.0,0.425,-4.093,2934,0.0,-100.0,0.0,-100.0,0.0,-100.0
ETH-USDT-SWAP,reversal,6H,0.002,0.006,0.01,1,0.0,10.0,148.0,0.36,-99.76,1543,1097,446,71.1,99.91,0.942,-4.083,2934,239.37,61.74,6.99,-97.08,0.36,-94.86
ETH-USDT-SWAP,reversal,6H,0.002,0.006,0.015,1,0.0,10.0,148.0,78703.6,53078.11,1543,1218,325,78.94,68.31,1.158,2172.365,2934,24060.39,16157.02,96783.44,302.25,78703.6,-18.68
ETH-USDT-SWAP,reversal,6H,0.002,0.006,0.02,1,0.0,10.0,148.0,194518.83,131331.64,1543,1277,266,82.76,42.24,1.443,5375.101,2934,56526.02,38093.25,178976.79,216.63,194518.83,8.68
ETH-USDT-SWAP,reversal,6H,0.002,0.006,0.025,1,0.0,10.0,148.0,216298.62,146047.72,1543,1297,246,84.06,37.23,1.498,5977.396,2934,59577.26,40154.9,179566.75,201.4,216298.62,20.46
ETH-USDT-SWAP,reversal,6H,0.002,0.006,0.03,1,0.0,10.0,148.0,228235.28,154113.03,1543,1306,237,84.64,37.23,1.533,6307.491,2934,58810.26,39636.66,191286.48,225.26,228235.28,19.32
ETH-USDT-SWAP,reversal,6H,0.002,0.008,0.01,1,0.0,10.0,148.0,0.22,-99.85,1543,964,579,62.48,99.96,0.912,-4.087,2934,83.93,-43.29,3.94,-95.31,0.22,-94.47
ETH-USDT-SWAP,reversal,6H,0.002,0.008,0.015,1,0.0,10.0,148.0,50923.08,34307.49,1543,1079,464,69.93,93.26,1.1,1404.126,2934,16364.15,10956.86,68273.06,317.21,50923.08,-25.41
ETH-USDT-SWAP,reversal,6H,0.002,0.008,0.02,1,0.0,10.0,148.0,169314.94,114301.98,1543,1125,418,72.91,62.56,1.268,4678.117,2934,46164.49,31092.22,167050.78,261.86,169314.94,1.36
ETH-USDT-SWAP,reversal,6H,0.002,0.008,0.025,1,0.0,10.0,148.0,182848.19,123446.07,1543,1143,400,74.08,48.86,1.289,5052.363,2934,49853.47,33584.78,170641.77,242.29,182848.19,7.15
ETH-USDT-SWAP,reversal,6H,0.002,0.008,0.03,1,0.0,10.0,148.0,176416.11,119100.08,1543,1150,393,74.53,70.17,1.278,4874.492,2934,43201.89,29090.47,164352.11,280.43,176416.11,7.34
ETH-USDT-SWAP,reversal,6H,0.002,0.01,0.01,1,0.0,10.0,148.0,0.0,-100.0,1543,842,701,54.57,100.0,0.835,-4.093,2934,11.84,-92.0,0.02,-99.82,0.0,-98.8
ETH-USDT-SWAP,reversal,6H,0.002,0.01,0.015,1,0.0,10.0,148.0,1.14,-99.23,1543,945,598,61.24,99.95,0.989,-4.061,2934,1516.51,924.67,177.7,-88.28,1.14,-99.36
ETH-USDT-SWAP,reversal,6H,0.002,0.01,0.02,1,0.0,10.0,148.0,6.47,-95.63,1543,981,562,63.58,99.93,0.997,-3.914,2934,6001.55,3955.1,716.24,-88.07,6.47,-99.1
ETH-USDT-SWAP,reversal,6H,0.002,0.01,0.025,1,0.0,10.0,148.0,2.79,-98.12,1543,997,546,64.61,99.98,0.997,-4.016,2934,8138.96,5399.3,319.65,-96.07,2.79,-99.13
ETH-USDT-SWAP,reversal,6H,0.002,0.01,0.03,1,0.0,10.0,148.0,0.15,-99.9,1543,1002,541,64.94,100.0,0.994,-4.089,2934,5194.87,3410.05,35.68,-99.31,0.15,-99.58
ETH-USDT-SWAP,reversal,6H,0.002,0.015,0.01,1,0.0,10.0,148.0,0.0,-100.0,1543,677,866,43.88,100.0,0.512,-4.093,2934,0.18,-99.88,0.0,-100.0,0.0,-99.37
ETH-USDT-SWAP,reversal,6H,0.002,0.015,0.015,1,0.0,10.0,148.0,0.0,-100.0,1543,752,791,48.74,100.0,0.639,-4.093,2934,1.94,-98.69,0.0,-100.0,0.0,-99.84
ETH-USDT-SWAP,reversal,6H,0.002,0.015,0.02,1,0.0,10.0,148.0,0.0,-100.0,1543,782,761,50.68,100.0,0.734,-4.093,2934,2.2,-98.52,0.0,-100.0,0.0,-99.92
ETH-USDT-SWAP,reversal,6H,0.002,0.015,0.025,1,0.0,10.0,148.0,0.0,-100.0,1543,795,748,51.52,100.0,0.734,-4.093,2934,2.29,-98.45,0.0,-100.0,0.0,-99.92
ETH-USDT-SWAP,reversal,6H,0.002,0.015,0.03,1,0.0,10.0,148.0,0.0,-100.0,1543,801,742,51.91,100.0,0.725,-4.093,2934,1.98,-98.66,0.0,-100.0,0.0,-99.97
ETH-USDT-SWAP,reversal,6H,0.002,0.02,0.01,1,0.0,10.0,148.0,0.0,-100.0,1543,606,937,39.27,100.0,0.481,-4.093,2934,0.02,-99.99,0.0,-100.0,0.0,-99.86
ETH-USDT-SWAP,reversal,6H,0.002,0.02,0.015,1,0.0,10.0,148.0,0.0,-100.0,1543,678,865,43.94,100.0,0.567,-4.093,2934,0.1,-99.93,0.0,-100.0,0.0,-99.97
ETH-USDT-SWAP,reversal,6H,0.002,0.02,0.02,1,0.0,10.0,148.0,0.0,-100.0,1543,707,836,45.82,100.0,0.653,-4.093,2934,0.07,-99.96,0.0,-100.0,0.0,-99.99
ETH-USDT-SWAP,reversal,6H,0.002,0.02,0.025,1,0.0,10.0,148.0,0.0,-100.0,1543,720,823,46.66,100.0,0.624,-4.093,2934,0.05,-99.97,0.0,-100.0,0.0,-99.99
ETH-USDT-SWAP,reversal,6H,0.002,0.02,0.03,1,0.0,10.0,148.0,0.0,-100.0,1543,725,818,46.99,100.0,0.598,-4.093,2934,0.04,-99.98,0.0,-100.0,0.0,-100.0
ETH-USDT-SWAP,reversal,6H,0.002,0.03,0.01,1,0.0,10.0,148.0,0.0,-100.0,1543,569,974,36.88,100.0,0.497,-4.093,2934,0.01,-99.99,0.0,-100.0,0.0,-99.98
ETH-USDT-SWAP,reversal,6H,0.002,0.03,0.015,1,0.0,10.0,148.0,0.0,-100.0,1543,643,900,41.67,100.0,0.59,-4.093,2934,0.03,-99.98,0.0,-100.0,0.0,-100.0
ETH-USDT-SWAP,reversal,6H,0.002,0.03,0.02,1,0.0,10.0,148.0,0.0,-100.0,1543,667,876,43.23,100.0,0.646,-4.093,2934,0.01,-99.99,0.0,-100.0,0.0,-100.0
ETH-USDT-SWAP,reversal,6H,0.002,0.03,0.025,1,0.0,10.0,148.0,0.0,-100.0,1543,680,863,44.07,100.0,0.594,-4.093,2934,0.01,-100.0,0.0,-100.0,0.0,-100.0
ETH-USDT-SWAP,reversal,6H,0.002,0.03,0.03,1,0.0,10.0,148.0,0.0,-100.0,1543,684,859,44.33,100.0,0.495,-4.093,2934,0.0,-100.0,0.0,-100.0,0.0,-100.0
ETH-USDT-SWAP,reversal,6H,0.003,0.006,0.01,1,0.0,10.0,148.0,63.86,-56.85,1442,1064,378,73.79,96.47,0.995,-2.327,2934,859.69,480.87,419.77,-51.17,63.86,-84.79
ETH-USDT-SWAP,reversal,6H,0.003,0.006,0.015,1,0.0,10.0,148.0,171842.29,116009.65,1442,1183,259,82.04,33.91,1.408,4748.008,2934,58263.25,39267.06,162022.38,178.09,171842.29,6.06
ETH-USDT-SWAP,reversal,6H,0.003,0.006,0.02,1,0.0,10.0,148.0,276985.96,187052.68,1442,1236,206,85.71,41.63,1.784,7655.635,2934,63343.12,42699.41,239852.94,278.66,276985.96,15.48
ETH-USDT-SWAP,reversal,6H,0.003,0.006,0.025,1,0.0,10.0,148.0,291971.18,197177.83,1442,1250,192,86.69,35.71,1.809,8070.034,2934,71586.97,48269.57,243365.48,239.96,291971.18,19.97
ETH-USDT-SWAP,reversal,6H,0.003,0.006,0.03,1,0.0,10.0,148.0,318736.69,215262.63,1442,1263,179,87.59,32.3,1.918,8810.203,2934,73031.42,49245.55,261398.6,257.93,318736.69,21.94
ETH-USDT-SWAP,reversal,6H,0.003,0.008,0.01,1,0.0,10.0,148.0,81.97,-44.62,1442,936,506,64.91,97.72,0.998,-1.826,2934,1228.83,730.29,1429.45,16.33,81.97,-94.27
ETH-USDT-SWAP,reversal,6H,0.003,0.008,0.015,1,0.0,10.0,148.0,175172.65,118259.9,1442,1045,397,72.47,45.73,1.302,4840.105,2934,72147.23,48648.13,179454.86,148.73,175172.65,-2.39
ETH-USDT-SWAP,reversal,6H,0.003,0.008,0.02,1,0.0,10.0,148.0,251850.42,170069.2,1442,1092,350,75.73,54.65,1.461,6960.54,2934,72440.13,48846.04,238681.5,229.49,251850.42,5.52
ETH-USDT-SWAP,reversal,6H,0.003,0.008,0.025,1,0.0,10.0,148.0,261999.48,176926.67,1442,1106,336,76.7,51.31,1.467,7241.201,2934,81276.91,54816.83,235949.36,190.3,261999.48,11.04
ETH-USDT-SWAP,reversal,6H,0.003,0.008,0.03,1,0.0,10.0,148.0,275230.91,185866.83,1442,1115,327,77.32,51.21,1.488,7607.101,2934,82576.76,55695.11,237159.02,187.2,275230.91,16.05
ETH-USDT-SWAP,reversal,6H,0.003,0.01,0.01,1,0.0,10.0,148.0,1.12,-99.24,1442,826,616,57.28,99.75,0.973,-4.062,2934,229.94,55.37,62.2,-72.95,1.12,-98.2
ETH-USDT-SWAP,reversal,6H,0.003,0.01,0.015,1,0.0,10.0,148.0,67449.98,45474.31,1442,919,523,63.73,89.41,1.1,1861.159,2934,26756.46,17978.69,95150.15,255.62,67449.98,-29.11
ETH-USDT-SWAP,reversal,6H,0.003,0.01,0.02,1,0.0,10.0,148.0,84646.97,57093.9,1442,956,486,66.3,97.69,1.156,2336.722,2934,23749.12,15946.7,105514.86,344.29,84646.97,-19.78
ETH-USDT-SWAP,reversal,6H,0.003,0.01,0.025,1,0.0,10.0,148.0,80122.63,54036.91,1442,969,473,67.2,96.68,1.13,2211.606,2934,31371.56,21097.0,100125.0,219.16,80122.63,-19.98
ETH-USDT-SWAP,reversal,6H,0.003,0.01,0.03,1,0.0,10.0,148.0,66236.06,44654.09,1442,976,466,67.68,98.25,1.107,1827.589,2934,30460.77,20481.6,81555.17,167.74,66236.06,-18.78
ETH-USDT-SWAP,reversal,6H,0.003,0.015,0.01,1,0.0,10.0,148.0,0.0,-100.0,1442,653,789,45.28,100.0,0.75,-4.093,2934,7.99,-94.6,0.0,-100.0,0.0,-99.44
ETH-USDT-SWAP,reversal,6H,0.003,0.015,0.015,1,0.0,10.0,148.0,0.0,-100.0,1442,720,722,49.93,100.0,0.938,-4.093,2934,251.19,69.72,0.0,-100.0,0.0,-99.83
ETH-USDT-SWAP,reversal,6H,0.003,0.015,0.02,1,0.0,10.0,148.0,0.0,-100.0,1442,749,693,51.94,100.0,0.937,-4.093,2934,182.9,23.58,0.0,-100.0,0.0,-99.93
ETH-USDT-SWAP,reversal,6H,0.003,0.015,0.025,1,0.0,10.0,148.0,0.0,-100.0,1442,760,682,52.7,100.0,0.946,-4.093,2934,290.42,96.23,0.0,-100.0,0.0,-99.93
ETH-USDT-SWAP,reversal,6H,0.003,0.015,0.03,1,0.0,10.0,148.0,0.0,-100.0,1442,767,675,53.19,100.0,0.945,-4.093,2934,289.8,95.81,0.0,-100.0,0.0,-99.94
ETH-USDT-SWAP,reversal,6H,0.003,0.02,0.01,1,0.0,10.0,148.0,0.0,-100.0,1442,587,855,40.71,100.0,0.579,-4.093,2934,0.3,-99.8,0.0,-100.0,0.0,-99.85
ETH-USDT-SWAP,reversal,6H,0.003,0.02,0.015,1,0.0,10.0,148.0,0.0,-100.0,1442,648,794,44.94,100.0,0.648,-4.093,2934,1.02,-99.31,0.0,-100.0,0.0,-99.97
ETH-USDT-SWAP,reversal,6H,0.003,0.02,0.02,1,0.0,10.0,148.0,0.0,-100.0,1442,673,769,46.67,100.0,0.696,-4.093,2934,0.31,-99.79,0.0,-100.0,0.0,-99.99
ETH-USDT-SWAP,reversal,6H,0.003,0.02,0.025,1,0.0,10.0,148.0,0.0,-100.0,1442,687,755,47.64,100.0,0.735,-4.093,2934,0.74,-99.5,0.0,-100.0,0.0,-99.99
ETH-USDT-SWAP,reversal,6H,0.003,0.02,0.03,1,0.0,10.0,148.0,0.0,-100.0,1442,692,750,47.99,100.0,0.687,-4.093,2934,0.61,-99.59,0.0,-100.0,0.0,-99.99
ETH-USDT-SWAP,reversal,6H,0.003,0.03,0.01,1,0.0,10.0,148.0,0.0,-100.0,1442,552,890,38.28,100.0,0.652,-4.093,2934,0.29,-99.8,0.0,-100.0,0.0,-99.97
ETH-USDT-SWAP,reversal,6H,0.003,0.03,0.015,1,0.0,10.0,148.0,0.0,-100.0,1442,614,828,42.58,100.0,0.702,-4.093,2934,0.45,-99.7,0.0,-100.0,0.0,-100.0
ETH-USDT-SWAP,reversal,6H,0.003,0.03,0.02,1,0.0,10.0,148.0,0.0,-100.0,1442,635,807,44.04,100.0,0.72,-4.093,2934,0.09,-99.94,0.0,-100.0,0.0,-100.0
ETH-USDT-SWAP,reversal,6H,0.003,0.03,0.025,1,0.0,10.0,148.0,0.0,-100.0,1442,646,796,44.8,100.0,0.678,-4.093,2934,0.07,-99.96,0.0,-100.0,0.0,-100.0
ETH-USDT-SWAP,reversal,6H,0.003,0.03,0.03,1,0.0,10.0,148.0,0.0,-100.0,1442,651,791,45.15,100.0,0.594,-4.093,2934,0.06,-99.96,0.0,-100.0,0.0,-100.0
ETH-USDT-SWAP,reversal,6H,0.005,0.006,0.01,1,0.0,10.0,148.0,274.67,85.59,1218,920,298,75.53,93.85,1.005,3.503,2934,817.97,452.68,1135.88,38.86,274.67,-75.82
ETH-USDT-SWAP,reversal,6H,0.005,0.006,0.015,1,0.0,10.0,148.0,174336.27,117694.77,1218,1034,184,84.89,33.11,1.527,4816.976,2934,34908.34,23486.72,144412.09,313.69,174336.27,20.72
ETH-USDT-SWAP,reversal,6H,0.005,0.006,0.02,1,0.0,10.0,148.0,275944.87,186349.24,1218,1082,136,88.83,39.16,2.016,7626.845,2934,49625.68,33430.86,216741.31,336.75,275944.87,27.32
ETH-USDT-SWAP,reversal,6H,0.005,0.006,0.025,1,0.0,10.0,148.0,285108.65,192540.98,1218,1096,122,89.98,30.71,2.036,7880.258,2934,52230.65,35190.98,223055.1,327.06,285108.65,27.82
ETH-USDT-SWAP,reversal,6H,0.005,0.006,0.03,1,0.0,10.0,148.0,323602.0,218550.0,1218,1111,107,91.22,35.45,2.299,8944.748,2934,58739.16,39588.62,247343.45,321.09,323602.0,30.83
ETH-USDT-SWAP,reversal,6H,0.005,0.008,0.01,1,0.0,10.0,148.0,87466.48,58998.97,1218,850,368,69.79,77.78,1.216,2414.692,2934,7595.81,5032.31,77732.44,923.36,87466.48,12.52
ETH-USDT-SWAP,reversal,6H,0.005,0.008,0.015,1,0.0,10.0,148.0,290048.85,195878.95,1218,952,266,78.16,34.12,1.691,8016.874,2934,73393.71,49490.34,244304.95,232.87,290048.85,18.72
ETH-USDT-SWAP,reversal,6H,0.005,0.008,0.02,1,0.0,10.0,148.0,377625.98,255052.69,1218,994,224,81.61,45.5,1.981,10438.718,2934,90118.96,60791.19,303668.32,236.96,377625.98,24.35
ETH-USDT-SWAP,reversal,6H,0.005,0.008,0.025,1,0.0,10.0,148.0,388216.56,262208.49,1218,1007,211,82.68,29.37,1.987,10731.589,2934,95238.64,64250.43,312458.91,228.08,388216.56,24.25
ETH-USDT-SWAP,reversal,6H,0.005,0.008,0.03,1,0.0,10.0,148.0,421644.23,284794.75,1218,1021,197,83.83,34.21,2.122,11655.992,2934,101872.65,68732.87,335317.24,229.15,421644.23,25.74
ETH-USDT-SWAP,reversal,6H,0.005,0.01,0.01,1,0.0,10.0,148.0,60777.37,40965.79,1218,763,455,62.64,81.19,1.139,1676.635,2934,6466.39,4269.18,72104.87,1015.07,60777.37,-15.71
ETH-USDT-SWAP,reversal,6H,0.005,0.01,0.015,1,0.0,10.0,148.0,253814.95,171396.58,1218,857,361,70.36,44.21,1.48,7014.867,2934,67228.0,45324.32,234716.59,249.14,253814.95,8.14
ETH-USDT-SWAP,reversal,6H,0.005,0.01,0.02,1,0.0,10.0,148.0,306813.79,207206.61,1218,893,325,73.32,58.99,1.591,8480.489,2934,76113.9,51328.31,272172.21,257.59,306813.79,12.73
ETH-USDT-SWAP,reversal,6H,0.005,0.01,0.025,1,0.0,10.0,148.0,305199.88,206116.13,1218,902,316,74.06,51.19,1.56,8435.858,2934,83564.31,56362.37,263226.62,215.0,305199.88,15.95
ETH-USDT-SWAP,reversal,6H,0.005,0.01,0.03,1,0.0,10.0,148.0,337522.13,227955.49,1218,914,304,75.04,52.19,1.619,9329.693,2934,96188.36,64892.14,287648.58,199.05,337522.13,17.34
ETH-USDT-SWAP,reversal,6H,0.005,0.015,0.01,1,0.0,10.0,148.0,0.01,-99.99,1218,599,619,49.18,100.0,0.943,-4.093,2934,148.31,0.21,0.55,-99.63,0.01,-98.3
ETH-USDT-SWAP,reversal,6H,0.005,0.015,0.015,1,0.0,10.0,148.0,0.62,-99.58,1218,667,551,54.76,99.98,0.99,-4.076,2934,1802.18,1117.69,29.74,-98.35,0.62,-97.91
ETH-USDT-SWAP,reversal,6H,0.005,0.015,0.02,1,0.0,10.0,148.0,0.64,-99.56,1218,693,525,56.9,99.98,0.992,-4.075,2934,2931.06,1880.45,55.16,-98.12,0.64,-98.83
ETH-USDT-SWAP,reversal,6H,0.005,0.015,0.025,1,0.0,10.0,148.0,0.01,-99.99,1218,700,518,57.47,100.0,0.99,-4.093,2934,2658.9,1696.55,1.87,-99.93,0.01,-99.5
ETH-USDT-SWAP,reversal,6H,0.005,0.015,0.03,1,0.0,10.0,148.0,0.0,-100.0,1218,708,510,58.13,100.0,0.994,-4.093,2934,4044.5,2632.77,1.32,-99.97,0.0,-99.67
ETH-USDT-SWAP,reversal,6H,0.005,0.02,0.01,1,0.0,10.0,148.0,0.0,-100.0,1218,517,701,42.45,100.0,0.616,-4.093,2934,1.24,-99.16,0.0,-100.0,0.0,-99.31
ETH-USDT-SWAP,reversal,6H,0.005,0.02,0.015,1,0.0,10.0,148.0,0.0,-100.0,1218,578,640,47.45,100.0,0.772,-4.093,2934,4.17,-97.18,0.0,-100.0,0.0,-99.48
ETH-USDT-SWAP,reversal,6H,0.005,0.02,0.02,1,0.0,10.0,148.0,0.0,-100.0,1218,604,614,49.59,100.0,0.776,-4.093,2934,4.05,-97.27,0.0,-100.0,0.0,-99.66
ETH-USDT-SWAP,reversal,6H,0.005,0.02,0.025,1,0.0,10.0,148.0,0.0,-100.0,1218,610,608,50.08,100.0,0.764,-4.093,2934,2.88,-98.06,0.0,-100.0,0.0,-99.87
ETH-USDT-SWAP,reversal,6H,0.005,0.02,0.03,1,0.0,10.0,148.0,0.0,-100.0,1218,618,600,50.74,100.0,0.82,-4.093,2934,5.84,-96.06,0.0,-100.0,0.0,-99.92
ETH-USDT-SWAP,reversal,6H,0.005,0.03,0.01,1,0.0,10.0,148.0,0.0,-100.0,1218,482,736,39.57,100.0,0.654,-4.093,2934,0.44,-99.7,0.0,-100.0,0.0,-99.92
ETH-USDT-SWAP,reversal,6H,0.005,0.03,0.015,1,0.0,10.0,148.0,0.0,-100.0,1218,540,678,44.33,100.0,0.763,-4.093,2934,0.54,-99.63,0.0,-100.0,0.0,-99.98
ETH-USDT-SWAP,reversal,6H,0.005,0.03,0.02,1,0.0,10.0,148.0,0.0,-100.0,1218,562,656,46.14,100.0,0.722,-4.093,2934,0.2,-99.86,0.0,-100.0,0.0,-99.99
ETH-USDT-SWAP,reversal,6H,0.005,0.03,0.025,1,0.0,10.0,148.0,0.0,-100.0,1218,568,650,46.63,100.0,0.658,-4.093,2934,0.11,-99.93,0.0,-100.0,0.0,-100.0
ETH-USDT-SWAP,reversal,6H,0.005,0.03,0.03,1,0.0,10.0,148.0,0.0,-100.0,1218,574,644,47.13,100.0,0.71,-4.093,2934,0.22,-99.85,0.0,-100.0,0.0,-100.0
ETH-USDT-SWAP,reversal,6H,0.007,0.006,0.01,1,0.0,10.0,148.0,933.87,530.99,1043,801,242,76.8,89.11,1.017,21.732,2934,2531.98,1610.8,2023.58,-20.08,933.87,-53.85
ETH-USDT-SWAP,reversal,6H,0.007,0.006,0.015,1,0.0,10.0,148.0,154830.0,104514.86,1043,900,143,86.29,56.66,1.566,4277.552,2934,21038.78,14115.39,114721.28,445.28,154830.0,34.96
ETH-USDT-SWAP,reversal,6H,0.007,0.006,0.02,1,0.0,10.0,148.0,210391.54,142056.44,1043,935,108,89.65,27.94,1.846,5814.043,2934,37632.4,25327.3,149882.82,298.28,210391.54,40.37
ETH-USDT-SWAP,reversal,6H,0.007,0.006,0.025,1,0.0,10.0,148.0,235499.36,159021.19,1043,953,90,91.37,32.56,2.018,6508.371,2934,34870.23,23460.97,161385.65,362.82,235499.36,45.92
ETH-USDT-SWAP,reversal,6H,0.007,0.006,0.03,1,0.0,10.0,148.0,275938.62,186345.01,1043,968,75,92.81,37.18,2.356,7626.672,2934,39176.42,26370.55,195374.9,398.71,275938.62,41.24
ETH-USDT-SWAP,reversal,6H,0.007,0.008,0.01,1,0.0,10.0,148.0,134990.25,91109.63,1043,758,285,72.67,43.98,1.342,3728.907,2934,18599.39,12467.16,104186.28,460.16,134990.25,29.57
ETH-USDT-SWAP,reversal,6H,0.007,0.008,0.015,1,0.0,10.0,148.0,302363.1,204199.39,1043,851,192,81.59,42.82,1.925,8357.41,2934,49573.87,33395.86,224180.77,352.22,302363.1,34.87
ETH-USDT-SWAP,reversal,6H,0.007,0.008,0.02,1,0.0,10.0,148.0,347312.72,234570.76,1043,881,162,84.47,35.21,2.082,9600.44,2934,61173.98,41233.77,245834.25,301.86,347312.72,41.28
ETH-USDT-SWAP,reversal,6H,0.007,0.008,0.025,1,0.0,10.0,148.0,363013.73,245179.55,1043,896,147,85.91,38.79,2.149,10034.634,2934,57859.09,38993.98,249527.31,331.27,363013.73,45.48
ETH-USDT-SWAP,reversal,6H,0.007,0.008,0.03,1,0.0,10.0,148.0,403087.24,272256.25,1043,911,132,87.34,43.0,2.388,11142.82,2934,61287.8,41310.67,283000.83,361.76,403087.24,42.43
ETH-USDT-SWAP,reversal,6H,0.007,0.01,0.01,1,0.0,10.0,148.0,181375.32,122450.89,1043,702,341,67.31,55.1,1.39,5011.633,2934,47362.57,31901.74,151230.77,219.3,181375.32,19.93
ETH-USDT-SWAP,reversal,6H,0.007,0.01,0.015,1,0.0,10.0,148.0,328689.25,221987.33,1043,783,260,75.07,44.64,1.773,9085.43,2934,79774.12,53801.43,261845.69,228.23,328689.25,25.53
ETH-USDT-SWAP,reversal,6H,0.007,0.01,0.02,1,0.0,10.0,148.0,369867.65,249810.57,1043,811,232,77.76,51.06,1.873,10224.171,2934,86447.82,58310.69,276907.59,220.32,369867.65,33.57
ETH-USDT-SWAP,reversal,6H,0.007,0.01,0.025,1,0.0,10.0,148.0,384157.26,259465.71,1043,825,218,79.1,50.8,1.904,10619.333,2934,84260.14,56832.53,281439.24,234.01,384157.26,36.5
ETH-USDT-SWAP,reversal,6H,0.007,0.01,0.03,1,0.0,10.0,148.0,425568.37,287446.2,1043,839,204,80.44,50.36,2.037,11764.51,2934,91956.62,62032.85,321694.16,249.83,425568.37,32.29
ETH-USDT-SWAP,reversal,6H,0.007,0.015,0.01,1,0.0,10.0,148.0,191.62,29.48,1043,561,482,53.79,98.27,1.0,1.206,2934,6942.86,4591.12,2998.52,-56.81,191.62,-93.61
ETH-USDT-SWAP,reversal,6H,0.007,0.015,0.015,1,0.0,10.0,148.0,1357.4,817.16,1043,612,431,58.68,96.2,1.004,33.444,2934,23582.81,15834.33,18386.95,-22.03,1357.4,-92.62
ETH-USDT-SWAP,reversal,6H,0.007,0.015,0.02,1,0.0,10.0,148.0,2667.7,1702.5,1043,633,410,60.69,94.1,1.006,69.679,2934,27969.71,18798.45,25491.78,-8.86,2667.7,-89.54
ETH-USDT-SWAP,reversal,6H,0.007,0.015,0.025,1,0.0,10.0,148.0,48.16,-67.46,1043,641,402,61.46,99.83,0.999,-2.761,2934,21708.45,14567.87,623.12,-97.13,48.16,-92.27
ETH-USDT-SWAP,reversal,6H,0.007,0.015,0.03,1,0.0,10.0,148.0,73985.18,49889.98,1043,651,392,62.42,75.5,1.102,2041.882,2934,38314.8,25788.38,80765.36,110.79,73985.18,-8.39
ETH-USDT-SWAP,reversal,6H,0.007,0.02,0.01,1,0.0,10.0,148.0,0.0,-100.0,1043,484,559,46.4,100.0,0.896,-4.093,2934,101.12,-31.68,0.01,-99.99,0.0,-96.93
ETH-USDT-SWAP,reversal,6H,0.007,0.02,0.015,1,0.0,10.0,148.0,0.0,-100.0,1043,534,509,51.2,100.0,0.928,-4.093,2934,158.07,6.81,0.02,-99.99,0.0,-98.93
ETH-USDT-SWAP,reversal,6H,0.007,0.02,0.02,1,0.0,10.0,148.0,0.0,-100.0,1043,551,492,52.83,100.0,0.922,-4.093,2934,153.81,3.93,0.0,-100.0,0.0,-99.28
ETH-USDT-SWAP,reversal,6H,0.007,0.02,0.025,1,0.0,10.0,148.0,0.0,-100.0,1043,560,483,53.69,100.0,0.914,-4.093,2934,126.68,-14.41,0.0,-100.0,0.0,-99.16
ETH-USDT-SWAP,reversal,6H,0.007,0.02,0.03,1,0.0,10.0,148.0,0.0,-100.0,1043,567,476,54.36,100.0,0.941,-4.093,2934,157.52,6.43,0.0,-100.0,0.0,-99.47
ETH-USDT-SWAP,reversal,6H,0.007,0.03,0.01,1,0.0,10.0,148.0,0.0,-100.0,1043,445,598,42.67,100.0,0.792,-4.093,2934,2.72,-98.16,0.0,-100.0,0.0,-99.25
ETH-USDT-SWAP,reversal,6H,0.007,0.03,0.015,1,0.0,10.0,148.0,0.0,-100.0,1043,488,555,46.79,100.0,0.818,-4.093,2934,1.84,-98.76,0.0,-100.0,0.0,-99.89
ETH-USDT-SWAP,reversal,6H,0.007,0.03,0.02,1,0.0,10.0,148.0,0.0,-100.0,1043,505,538,48.42,100.0,0.777,-4.093,2934,0.94,-99.36,0.0,-100.0,0.0,-99.92
ETH-USDT-SWAP,reversal,6H,0.007,0.03,0.025,1,0.0,10.0,148.0,0.0,-100.0,1043,511,532,48.99,100.0,0.692,-4.093,2934,0.49,-99.67,0.0,-100.0,0.0,-99.94
ETH-USDT-SWAP,reversal,6H,0.007,0.03,0.03,1,0.0,10.0,148.0,0.0,-100.0,1043,515,528,49.38,100.0,0.745,-4.093,2934,0.49,-99.67,0.0,-100.0,0.0,-99.96
ETH-USDT-SWAP,reversal,6H,0.01,0.006,0.01,1,0.0,10.0,148.0,24.92,-83.16,797,592,205,74.28,98.15,0.981,-3.404,2934,829.71,460.61,124.49,-85.0,24.92,-79.98
ETH-USDT-SWAP,reversal,6H,0.01,0.006,0.015,1,0.0,10.0,148.0,41409.11,27879.13,797,671,126,84.19,72.08,1.215,1141.029,2934,4710.68,3082.89,37743.81,701.24,41409.11,9.71
ETH-USDT-SWAP,reversal,6H,0.01,0.006,0.02,1,0.0,10.0,148.0,92975.14,62721.04,797,702,95,88.08,71.84,1.396,2567.028,2934,13015.55,8694.29,82872.8,536.72,92975.14,12.19
ETH-USDT-SWAP,reversal,6H,0.01,0.006,0.025,1,0.0,10.0,148.0,126436.47,85330.05,797,721,76,90.46,63.51,1.585,3492.362,2934,14544.81,9727.58,100284.14,589.48,126436.47,26.08
ETH-USDT-SWAP,reversal,6H,0.01,0.006,0.03,1,0.0,10.0,148.0,149690.64,101042.32,797,732,65,91.84,43.54,1.795,4135.429,2934,8846.0,5877.03,113188.31,1179.54,149690.64,32.25
ETH-USDT-SWAP,reversal,6H,0.01,0.008,0.01,1,0.0,10.0,148.0,62336.8,42019.46,797,573,224,71.89,81.69,1.231,1719.76,2934,7586.43,5025.97,46068.95,507.25,62336.8,35.31
ETH-USDT-SWAP,reversal,6H,0.01,0.008,0.015,1,0.0,10.0,148.0,187987.59,126918.64,797,645,152,80.93,54.43,1.684,5194.487,2934,31258.02,21020.28,148355.33,374.62,187987.59,26.71
ETH-USDT-SWAP,reversal,6H,0.01,0.008,0.02,1,0.0,10.0,148.0,226540.3,152967.77,797,671,126,84.19,39.39,1.83,6260.618,2934,43413.26,29233.28,179835.89,314.24,226540.3,25.97
ETH-USDT-SWAP,reversal,6H,0.01,0.008,0.025,1,0.0,10.0,148.0,262752.63,177435.56,797,690,107,86.57,46.93,2.036,7262.028,2934,44436.88,29924.92,197898.21,345.35,262752.63,32.77
ETH-USDT-SWAP,reversal,6H,0.01,0.008,0.03,1,0.0,10.0,148.0,278751.18,188245.39,797,699,98,87.7,53.96,2.199,7704.45,2934,33768.1,22716.28,211364.45,525.93,278751.18,31.88
ETH-USDT-SWAP,reversal,6H,0.01,0.01,0.01,1,0.0,10.0,148.0,148783.06,100429.1,797,539,258,67.63,44.99,1.426,4110.331,2934,28805.8,19363.38,110972.35,285.24,148783.06,34.07
ETH-USDT-SWAP,reversal,6H,0.01,0.01,0.015,1,0.0,10.0,148.0,259571.81,175286.36,797,604,193,75.78,53.57,1.808,7174.066,2934,52074.02,35085.15,191930.3,268.57,259571.81,35.24
ETH-USDT-SWAP,reversal,6H,0.01,0.01,0.02,1,0.0,10.0,148.0,276715.55,186869.97,797,623,174,78.17,39.39,1.821,7648.157,2934,60221.65,40590.3,202698.64,236.59,276715.55,36.52
ETH-USDT-SWAP,reversal,6H,0.01,0.01,0.025,1,0.0,10.0,148.0,308318.46,208223.29,797,641,156,80.43,46.93,1.941,8522.099,2934,62785.72,42322.78,219346.55,249.36,308318.46,40.56
ETH-USDT-SWAP,reversal,6H,0.01,0.01,0.03,1,0.0,10.0,148.0,322079.02,217520.96,797,650,147,81.56,53.96,2.023,8902.631,2934,52786.72,35566.7,230724.79,337.09,322079.02,39.59
ETH-USDT-SWAP,reversal,6H,0.01,0.015,0.01,1,0.0,10.0,148.0,99538.93,67156.03,797,443,354,55.58,38.6,1.217,2748.542,2934,32888.3,22121.83,106586.17,224.09,99538.93,-6.61
ETH-USDT-SWAP,reversal,6H,0.01,0.015,0.015,1,0.0,10.0,148.0,157712.67,106462.61,797,491,306,61.61,56.06,1.333,4357.269,2934,42135.97,28370.25,141926.88,236.83,157712.67,11.12
ETH-USDT-SWAP,reversal,6H,0.01,0.015,0.02,1,0.0,10.0,148.0,148665.69,100349.79,797,505,292,63.36,40.92,1.29,4107.086,2934,47762.68,32172.08,125460.24,162.67,148665.69,18.5
ETH-USDT-SWAP,reversal,6H,0.01,0.015,0.025,1,0.0,10.0,148.0,183161.5,123657.77,797,520,277,65.24,46.93,1.349,5061.027,2934,65529.77,44176.87,150288.72,129.34,183161.5,21.87
ETH-USDT-SWAP,reversal,6H,0.01,0.015,0.03,1,0.0,10.0,148.0,198313.2,133895.41,797,528,269,66.25,53.96,1.385,5480.03,2934,55844.99,37633.1,164051.56,193.76,198313.2,20.88
ETH-USDT-SWAP,reversal,6H,0.01,0.02,0.01,1,0.0,10.0,148.0,0.04,-99.97,797,369,428,46.3,100.0,0.986,-4.092,2934,1179.79,697.16,1.73,-99.85,0.04,-97.52
ETH-USDT-SWAP,reversal,6H,0.01,0.02,0.015,1,0.0,10.0,148.0,0.04,-99.97,797,407,390,51.07,100.0,0.989,-4.092,2934,2509.37,1595.52,2.58,-99.9,0.04,-98.29
ETH-USDT-SWAP,reversal,6H,0.01,0.02,0.02,1,0.0,10.0,148.0,0.0,-100.0,797,419,378,52.57,100.0,0.987,-4.093,2934,2328.77,1473.49,0.07,-100.0,0.0,-99.13
ETH-USDT-SWAP,reversal,6H,0.01,0.02,0.025,1,0.0,10.0,148.0,0.0,-100.0,797,430,367,53.95,100.0,0.992,-4.093,2934,4290.99,2799.32,0.04,-100.0,0.0,-99.47
ETH-USDT-SWAP,reversal,6H,0.01,0.02,0.03,1,0.0,10.0,148.0,0.0,-100.0,797,437,360,54.83,100.0,0.988,-4.093,2934,1743.55,1078.07,0.05,-100.0,0.0,-99.26
ETH-USDT-SWAP,reversal,6H,0.01,0.03,0.01,1,0.0,10.0,148.0,0.0,-100.0,797,329,468,41.28,100.0,0.767,-4.093,2934,9.95,-93.28,0.0,-100.0,0.0,-98.79
ETH-USDT-SWAP,reversal,6H,0.01,0.03,0.015,1,0.0,10.0,148.0,0.0,-100.0,797,362,435,45.42,100.0,0.714,-4.093,2934,4.48,-96.98,0.0,-100.0,0.0,-99.45
ETH-USDT-SWAP,reversal,6H,0.01,0.03,0.02,1,0.0,10.0,148.0,0.0,-100.0,797,374,423,46.93,100.0,0.721,-4.093,2934,4.48,-96.97,0.0,-100.0,0.0,-99.74
ETH-USDT-SWAP,reversal,6H,0.01,0.03,0.025,1,0.0,10.0,148.0,0.0,-100.0,797,383,414,48.06,100.0,0.775,-4.093,2934,7.25,-95.1,0.0,-100.0,0.0,-99.83
ETH-USDT-SWAP,reversal,6H,0.01,0.03,0.03,1,0.0,10.0,148.0,0.0,-100.0,797,387,410,48.56,100.0,0.705,-4.093,2934,2.06,-98.61,0.0,-100.0,0.0,-99.71
ETH-USDT-SWAP,breakout,6H,0.001,0.006,0.01,1,0.0,10.0,148.0,0.0,-100.0,1660,635,1025,38.25,100.0,0.167,-4.093,2934,0.0,-100.0,0.0,-100.0,0.0,-100.0
ETH-USDT-SWAP,breakout,6H,0.001,0.006,0.015,1,0.0,10.0,148.0,0.0,-100.0,1660,887,773,53.43,100.0,0.507,-4.093,2934,0.0,-100.0,0.0,-100.0,0.0,-100.0
ETH-USDT-SWAP,breakout,6H,0.001,0.006,0.02,1,0.0,10.0,148.0,0.0,-100.0,1660,978,682,58.92,100.0,0.587,-4.093,2934,0.0,-100.0,0.0,-100.0,0.0,-100.0
ETH-USDT-SWAP,breakout,6H,0.001,0.006,0.025,1,0.0,10.0,148.0,0.0,-100.0,1660,1017,643,61.27,100.0,0.656,-4.093,2934,0.0,-100.0,0.0,-100.0,0.0,-100.0
ETH-USDT-SWAP,breakout,6H,0.001,0.006,0.03,1,0.0,10.0,148.0,0.0,-100.0,1660,1036,624,62.41,100.0,0.658,-4.093,2934,0.0,-100.0,0.0,-100.0,0.0,-100.0
ETH-USDT-SWAP,breakout,6H,0.001,0.008,0.01,1,0.0,10.0,148.0,0.0,-100.0,1660,553,1107,33.31,100.0,0.16,-4.093,2934,0.0,-100.0,0.0,-100.0,0.0,-100.0
ETH-USDT-SWAP,breakout,6H,0.001,0.008,0.015,1,0.0,10.0,148.0,0.0,-100.0,1660,769,891,46.33,100.0,0.511,-4.093,2934,0.0,-100.0,0.0,-100.0,0.0,-100.0
ETH-USDT-SWAP,breakout,6H,0.001,0.008,0.02,1,0.0,10.0,148.0,0.0,-100.0,1660,843,817,50.78,100.0,0.564,-4.093,2934,0.0,-100.0,0.0,-100.0,0.0,-100.0
ETH-USDT-SWAP,breakout,6H,0.001,0.008,0.025,1,0.0,10.0,148.0,0.0,-100.0,1660,879,781,52.95,100.0,0.636,-4.093,2934,0.0,-100.0,0.0,-100.0,0.0,-100.0
ETH-USDT-SWAP,breakout,6H,0.001,0.008,0.03,1,0.0,10.0,148.0,0.0,-100.0,1660,893,767,53.8,100.0,0.633,-4.093,2934,0.0,-100.0,0.0,-100.0,0.0,-100.0
ETH-USDT-SWAP,breakout,6H,0.001,0.01,0.01,1,0.0,10.0,148.0,0.0,-100.0,1660,504,1156,30.36,100.0,0.172,-4.093,2934,0.0,-100.0,0.0,-100.0,0.0,-100.0
ETH-USDT-SWAP,breakout,6H,0.001,0.01,0.015,1,0.0,10.0,148.0,0.0,-100.0,1660,698,962,42.05,100.0,0.56,-4.093,2934,0.0,-100.0,0.0,-100.0,0.0,-100.0
ETH-USDT-SWAP,breakout,6H,0.001,0.01,0.02,1,0.0,10.0,148.0,0.0,-100.0,1660,763,897,45.96,100.0,0.621,-4.093,2934,0.0,-100.0,0.0,-100.0,0.0,-100.0
ETH-USDT-SWAP,breakout,6H,0.001,0.01,0.025,1,0.0,10.0,148.0,0.0,-100.0,1660,798,862,48.07,100.0,0.688,-4.093,2934,0.0,-100.0,0.0,-100.0,0.0,-100.0
ETH-USDT-SWAP,breakout,6H,0.001,0.01,0.03,1,0.0,10.0,148.0,0.0,-100.0,1660,809,851,48.73,100.0,0.683,-4.093,2934,0.0,-100.0,0.0,-100.0,0.0,-100.0
ETH-USDT-SWAP,breakout,6H,0.001,0.015,0.01,1,0.0,10.0,148.0,0.0,-100.0,1660,425,1235,25.6,100.0,0.162,-4.093,2934,0.0,-100.0,0.0,-100.0,0.0,-100.0
ETH-USDT-SWAP,breakout,6H,0.001,0.015,0.015,1,0.0,10.0,148.0,0.0,-100.0,1660,581,1079,35.0,100.0,0.584,-4.093,2934,0.0,-100.0,0.0,-100.0,0.0,-100.0
ETH-USDT-SWAP,breakout,6H,0.001,0.015,0.02,1,0.0,10.0,148.0,0.0,-100.0,1660,643,1017,38.73,100.0,0.623,-4.093,2934,0.0,-100.0,0.0,-100.0,0.0,-100.0
ETH-USDT-SWAP,breakout,6H,0.001,0.015,0.025,1,0.0,10.0,148.0,0.0,-100.0,1660,672,988,40.48,100.0,0.705,-4.093,2934,0.0,-100.0,0.0,-100.0,0.0,-100.0
ETH-USDT-SWAP,breakout,6H,0.001,0.015,0.03,1,0.0,10.0,148.0,0.0,-100.0,1660,682,978,41.08,100.0,0.701,-4.093,2934,0.0,-100.0,0.0,-100.0,0.0,-100.0
ETH-USDT-SWAP,breakout,6H,0.001,0.02,0.01,1,0.0,10.0,148.0,0.0,-100.0,1660,398,1262,23.98,100.0,0.127,-4.093,2934,0.0,-100.0,0.0,-100.0,0.0,-100.0
ETH-USDT-SWAP,breakout,6H,0.001,0.02,0.015,1,0.0,10.0,148.0,0.0,-100.0,1660,543,1117,32.71,100.0,0.429,-4.093,2934,0.0,-100.0,0.0,-100.0,0.0,-100.0
ETH-USDT-SWAP,breakout,6H,0.001,0.02,0.02,1,0.0,10.0,148.0,0.0,-100.0,1660,601,1059,36.2,100.0,0.483,-4.093,2934,0.0,-100.0,0.0,-100.0,0.0,-100.0
ETH-USDT-SWAP,breakout,6H,0.001,0.02,0.025,1,0.0,10.0,148.0,0.0,-100.0,1660,629,1031,37.89,100.0,0.605,-4.093,2934,0.0,-100.0,0.0,-100.0,0.0,-100.0
ETH-USDT-SWAP,breakout,6H,0.001,0.02,0.03,1,0.0,10.0,148.0,0.0,-100.0,1660,638,1022,38.43,100.0,0.603,-4.093,2934,0.0,-100.0,0.0,-100.0,0.0,-100.0
ETH-USDT-SWAP,breakout,6H,0.001,0.03,0.01,1,0.0,10.0,148.0,0.0,-100.0,1660,392,1268,23.61,100.0,0.135,-4.093,2934,0.0,-100.0,0.0,-100.0,0.0,-100.0
ETH-USDT-SWAP,breakout,6H,0.001,0.03,0.015,1,0.0,10.0,148.0,0.0,-100.0,1660,527,1133,31.75,100.0,0.479,-4.093,2934,0.0,-100.0,0.0,-100.0,0.0,-100.0
ETH-USDT-SWAP,breakout,6H,0.001,0.03,0.02,1,0.0,10.0,148.0,0.0,-100.0,1660,583,1077,35.12,100.0,0.531,-4.093,2934,0.0,-100.0,0.0,-100.0,0.0,-100.0
ETH-USDT-SWAP,breakout,6H,0.001,0.03,0.025,1,0.0,10.0,148.0,0.0,-100.0,1660,606,1054,36.51,100.0,0.678,-4.093,2934,0.0,-100.0,0.0,-100.0,0.0,-100.0
ETH-USDT-SWAP,breakout,6H,0.001,0.03,0.03,1,0.0,10.0,148.0,0.0,-100.0,1660,615,1045,37.05,100.0,0.675,-4.093,2934,0.0,-100.0,0.0,-100.0,0.0,-100.0
ETH-USDT-SWAP,breakout,6H,0.002,0.006,0.01,1,0.0,10.0,148.0,0.0,-100.0,1543,545,998,35.32,100.0,0.119,-4.093,2934,0.0,-100.0,0.0,-100.0,0.0,-100.0
ETH-USDT-SWAP,breakout,6H,0.002,0.006,0.015,1,0.0,10.0,148.0,0.0,-100.0,1543,802,741,51.98,100.0,0.441,-4.093,2934,0.0,-100.0,0.0,-100.0,0.0,-100.0
ETH-USDT-SWAP,breakout,6H,0.002,0.006,0.02,1,0.0,10.0,148.0,0.0,-100.0,1543,900,643,58.33,100.0,0.505,-4.093,2934,0.0,-100.0,0.0,-100.0,0.0,-100.0
ETH-USDT-SWAP,breakout,6H,0.002,0.006,0.025,1,0.0,10.0,148.0,0.0,-100.0,1543,945,598,61.24,100.0,0.573,-4.093,2934,0.0,-100.0,0.0,-100.0,0.0,-100.0
ETH-USDT-SWAP,breakout,6H,0.002,0.006,0.03,1,0.0,10.0,148.0,0.0,-100.0,1543,959,584,62.15,100.0,0.568,-4.093,2934,0.0,-100.0,0.0,-100.0,0.0,-100.0
ETH-USDT-SWAP,breakout,6H,0.002,0.008,0.01,1,0.0,10.0,148.0,0.0,-100.0,1543,465,1078,30.14,100.0,0.153,-4.093,2934,0.0,-100.0,0.0,-100.0,0.0,-100.0
ETH-USDT-SWAP,breakout,6H,0.002,0.008,0.015,1,0.0,10.0,148.0,0.0,-100.0,1543,693,850,44.91,100.0,0.482,-4.093,2934,0.0,-100.0,0.0,-100.0,0.0,-100.0
ETH-USDT-SWAP,breakout,6H,0.002,0.008,0.02,1,0.0,10.0,148.0,0.0,-100.0,1543,772,771,50.03,100.0,0.549,-4.093,2934,0.0,-100.0,0.0,-100.0,0.0,-100.0
ETH-USDT-SWAP,breakout,6H,0.002,0.008,0.025,1,0.0,10.0,148.0,0.0,-100.0,1543,814,729,52.75,100.0,0.613,-4.093,2934,0.0,-100.0,0.0,-100.0,0.0,-100.0
ETH-USDT-SWAP,breakout,6H,0.002,0.008,0.03,1,0.0,10.0,148.0,0.0,-100.0,1543,822,721,53.27,100.0,0.605,-4.093,2934,0.0,-100.0,0.0,-100.0,0.0,-100.0
ETH-USDT-SWAP,breakout,6H,0.002,0.01,0.01,1,0.0,10.0,148.0,0.0,-100.0,1543,423,1120,27.41,100.0,0.179,-4.093,2934,0.0,-100.0,0.0,-100.0,0.0,-100.0
ETH-USDT-SWAP,breakout,6H,0.002,0.01,0.015,1,0.0,10.0,148.0,0.0,-100.0,1543,626,917,40.57,100.0,0.539,-4.093,2934,0.0,-100.0,0.0,-100.0,0.0,-100.0
ETH-USDT-SWAP,breakout,6H,0.002,0.01,0.02,1,0.0,10.0,148.0,0.0,-100.0,1543,695,848,45.04,100.0,0.591,-4.093,2934,0.0,-100.0,0.0,-100.0,0.0,-100.0
ETH-USDT-SWAP,breakout,6H,0.002,0.01,0.025,1,0.0,10.0,148.0,0.0,-100.0,1543,733,810,47.5,100.0,0.653,-4.093,2934,0.0,-100.0,0.0,-100.0,0.0,-100.0
ETH-USDT-SWAP,breakout,6H,0.002,0.01,0.03,1,0.0,10.0,148.0,0.0,-100.0,1543,741,802,48.02,100.0,0.64,-4.093,2934,0.0,-100.0,0.0,-100.0,0.0,-100.0
ETH-USDT-SWAP,breakout,6H,0.002,0.015,0.01,1,0.0,10.0,148.0,0.0,-100.0,1543,348,1195,22.55,100.0,0.153,-4.093,2934,0.0,-100.0,0.0,-100.0,0.0,-100.0
ETH-USDT-SWAP,breakout,6H,0.002,0.015,0.015,1,0.0,10.0,148.0,0.0,-100.0,1543,520,1023,33.7,100.0,0.508,-4.093,2934,0.0,-100.0,0.0,-100.0,0.0,-100.0
ETH-USDT-SWAP,breakout,6H,0.002,0.015,0.02,1,0.0,10.0,148.0,0.0,-100.0,1543,585,958,37.91,100.0,0.552,-4.093,2934,0.0,-100.0,0.0,-100.0,0.0,-100.0
ETH-USDT-SWAP,breakout,6H,0.002,0.015,0.025,1,0.0,10.0,148.0,0.0,-100.0,1543,617,926,39.99,100.0,0.642,-4.093,2934,0.0,-100.0,0.0,-100.0,0.0,-100.0
ETH-USDT-SWAP,breakout,6H,0.002,0.015,0.03,1,0.0,10.0,148.0,0.0,-100.0,1543,622,921,40.31,100.0,0.635,-4.093,2934,0.0,-100.0,0.0,-100.0,0.0,-100.0
ETH-USDT-SWAP,breakout,6H,0.002,0.02,0.01,1,0.0,10.0,148.0,0.0,-100.0,1543,330,1213,21.39,100.0,0.094,-4.093,2934,0.0,-100.0,0.0,-100.0,0.0,-100.0
ETH-USDT-SWAP,breakout,6H,0.002,0.02,0.015,1,0.0,10.0,148.0,0.0,-100.0,1543,488,1055,31.63,100.0,0.412,-4.093,2934,0.0,-100.0,0.0,-100.0,0.0,-100.0
ETH-USDT-SWAP,breakout,6H,0.002,0.02,0.02,1,0.0,10.0,148.0,0.0,-100.0,1543,550,993,35.64,100.0,0.452,-4.093,2934,0.0,-100.0,0.0,-100.0,0.0,-100.0
ETH-USDT-SWAP,breakout,6H,0.002,0.02,0.025,1,0.0,10.0,148.0,0.0,-100.0,1543,580,963,37.59,100.0,0.587,-4.093,2934,0.0,-100.0,0.0,-100.0,0.0,-100.0
ETH-USDT-SWAP,breakout,6H,0.002,0.02,0.03,1,0.0,10.0,148.0,0.0,-100.0,1543,585,958,37.91,100.0,0.581,-4.093,2934,0.0,-100.0,0.0,-100.0,0.0,-100.0
ETH-USDT-SWAP,breakout,6H,0.002,0.03,0.01,1,0.0,10.0,148.0,0.0,-100.0,1543,327,1216,21.19,100.0,0.101,-4.093,2934,0.0,-100.0,0.0,-100.0,0.0,-100.0
ETH-USDT-SWAP,breakout,6H,0.002,0.03,0.015,1,0.0,10.0,148.0,0.0,-100.0,1543,477,1066,30.91,100.0,0.458,-4.093,2934,0.0,-100.0,0.0,-100.0,0.0,-100.0
ETH-USDT-SWAP,breakout,6H,0.002,0.03,0.02,1,0.0,10.0,148.0,0.0,-100.0,1543,536,1007,34.74,100.0,0.499,-4.093,2934,0.0,-100.0,0.0,-100.0,0.0,-100.0
ETH-USDT-SWAP,breakout,6H,0.002,0.03,0.025,1,0.0,10.0,148.0,0.0,-100.0,1543,562,981,36.42,100.0,0.662,-4.093,2934,0.0,-100.0,0.0,-100.0,0.0,-100.0
ETH-USDT-SWAP,breakout,6H,0.002,0.03,0.03,1,0.0,10.0,148.0,0.0,-100.0,1543,567,976,36.75,100.0,0.654,-4.093,2934,0.0,-100.0,0.0,-100.0,0.0,-100.0
ETH-USDT-SWAP,breakout,6H,0.003,0.006,0.01,1,0.0,10.0,148.0,0.0,-100.0,1442,447,995,31.0,100.0,0.105,-4.093,2934,0.0,-100.0,0.0,-100.0,0.0,-100.0
ETH-USDT-SWAP,breakout,6H,0.003,0.006,0.015,1,0.0,10.0,148.0,0.0,-100.0,1442,703,739,48.75,100.0,0.301,-4.093,2934,0.0,-100.0,0.0,-100.0,0.0,-100.0
ETH-USDT-SWAP,breakout,6H,0.003,0.006,0.02,1,0.0,10.0,148.0,0.0,-100.0,1442,800,642,55.48,100.0,0.439,-4.093,2934,0.0,-100.0,0.0,-100.0,0.0,-100.0
ETH-USDT-SWAP,breakout,6H,0.003,0.006,0.025,1,0.0,10.0,148.0,0.0,-100.0,1442,840,602,58.25,100.0,0.503,-4.093,2934,0.0,-100.0,0.0,-100.0,0.0,-100.0
ETH-USDT-SWAP,breakout,6H,0.003,0.006,0.03,1,0.0,10.0,148.0,0.0,-100.0,1442,855,587,59.29,100.0,0.488,-4.093,2934,0.0,-100.0,0.0,-100.0,0.0,-99.99
ETH-USDT-SWAP,breakout,6H,0.003,0.008,0.01,1,0.0,10.0,148.0,0.0,-100.0,1442,392,1050,27.18,100.0,0.124,-4.093,2934,0.0,-100.0,0.0,-100.0,0.0,-100.0
ETH-USDT-SWAP,breakout,6H,0.003,0.008,0.015,1,0.0,10.0,148.0,0.0,-100.0,1442,623,819,43.2,100.0,0.355,-4.093,2934,0.0,-100.0,0.0,-100.0,0.0,-100.0
ETH-USDT-SWAP,breakout,6H,0.003,0.008,0.02,1,0.0,10.0,148.0,0.0,-100.0,1442,704,738,48.82,100.0,0.53,-4.093,2934,0.0,-100.0,0.0,-100.0,0.0,-100.0
ETH-USDT-SWAP,breakout,6H,0.003,0.008,0.025,1,0.0,10.0,148.0,0.0,-100.0,1442,742,700,51.46,100.0,0.591,-4.093,2934,0.0,-100.0,0.0,-100.0,0.0,-100.0
ETH-USDT-SWAP,breakout,6H,0.003,0.008,0.03,1,0.0,10.0,148.0,0.0,-100.0,1442,754,688,52.29,100.0,0.57,-4.093,2934,0.0,-100.0,0.0,-100.0,0.0,-100.0
ETH-USDT-SWAP,breakout,6H,0.003,0.01,0.01,1,0.0,10.0,148.0,0.0,-100.0,1442,344,1098,23.86,100.0,0.114,-4.093,2934,0.0,-100.0,0.0,-100.0,0.0,-100.0
ETH-USDT-SWAP,breakout,6H,0.003,0.01,0.015,1,0.0,10.0,148.0,0.0,-100.0,1442,551,891,38.21,100.0,0.36,-4.093,2934,0.0,-100.0,0.0,-100.0,0.0,-100.0
ETH-USDT-SWAP,breakout,6H,0.003,0.01,0.02,1,0.0,10.0,148.0,0.0,-100.0,1442,629,813,43.62,100.0,0.513,-4.093,2934,0.0,-100.0,0.0,-100.0,0.0,-100.0
ETH-USDT-SWAP,breakout,6H,0.003,0.01,0.025,1,0.0,10.0,148.0,0.0,-100.0,1442,662,780,45.91,100.0,0.581,-4.093,2934,0.0,-100.0,0.0,-100.0,0.0,-100.0
ETH-USDT-SWAP,breakout,6H,0.003,0.01,0.03,1,0.0,10.0,148.0,0.0,-100.0,1442,674,768,46.74,100.0,0.56,-4.093,2934,0.0,-100.0,0.0,-100.0,0.0,-100.0
ETH-USDT-SWAP,breakout,6H,0.003,0.015,0.01,1,0.0,10.0,148.0,0.0,-100.0,1442,283,1159,19.63,100.0,0.07,-4.093,2934,0.0,-100.0,0.0,-100.0,0.0,-100.0
ETH-USDT-SWAP,breakout,6H,0.003,0.015,0.015,1,0.0,10.0,148.0,0.0,-100.0,1442,459,983,31.83,100.0,0.337,-4.093,2934,0.0,-100.0,0.0,-100.0,0.0,-100.0
ETH-USDT-SWAP,breakout,6H,0.003,0.015,0.02,1,0.0,10.0,148.0,0.0,-100.0,1442,527,915,36.55,100.0,0.474,-4.093,2934,0.0,-100.0,0.0,-100.0,0.0,-100.0
ETH-USDT-SWAP,breakout,6H,0.003,0.015,0.025,1,0.0,10.0,148.0,0.0,-100.0,1442,557,885,38.63,100.0,0.575,-4.093,2934,0.0,-100.0,0.0,-100.0,0.0,-100.0
ETH-USDT-SWAP,breakout,6H,0.003,0.015,0.03,1,0.0,10.0,148.0,0.0,-100.0,1442,566,876,39.25,100.0,0.559,-4.093,2934,0.0,-100.0,0.0,-100.0,0.0,-100.0
ETH-USDT-SWAP,breakout,6H,0.003,0.02,0.01,1,0.0,10.0,148.0,0.0,-100.0,1442,269,1173,18.65,100.0,0.07,-4.093,2934,0.0,-100.0,0.0,-100.0,0.0,-100.0
ETH-USDT-SWAP,breakout,6H,0.003,0.02,0.015,1,0.0,10.0,148.0,0.0,-100.0,1442,432,1010,29.96,100.0,0.293,-4.093,2934,0.0,-100.0,0.0,-100.0,0.0,-100.0
ETH-USDT-SWAP,breakout,6H,0.003,0.02,0.02,1,0.0,10.0,148.0,0.0,-100.0,1442,498,944,34.54,100.0,0.413,-4.093,2934,0.0,-100.0,0.0,-100.0,0.0,-100.0
ETH-USDT-SWAP,breakout,6H,0.003,0.02,0.025,1,0.0,10.0,148.0,0.0,-100.0,1442,525,917,36.41,100.0,0.557,-4.093,2934,0.0,-100.0,0.0,-100.0,0.0,-100.0
ETH-USDT-SWAP,breakout,6H,0.003,0.02,0.03,1,0.0,10.0,148.0,0.0,-100.0,1442,534,908,37.03,100.0,0.542,-4.093,2934,0.0,-100.0,0.0,-100.0,0.0,-100.0
ETH-USDT-SWAP,breakout,6H,0.003,0.03,0.01,1,0.0,10.0,148.0,0.0,-100.0,1442,266,1176,18.45,100.0,0.076,-4.093,2934,0.0,-100.0,0.0,-100.0,0.0,-100.0
ETH-USDT-SWAP,breakout,6H,0.003,0.03,0.015,1,0.0,10.0,148.0,0.0,-100.0,1442,421,1021,29.2,100.0,0.336,-4.093,2934,0.0,-100.0,0.0,-100.0,0.0,-100.0
ETH-USDT-SWAP,breakout,6H,0.003,0.03,0.02,1,0.0,10.0,148.0,0.0,-100.0,1442,483,959,33.5,100.0,0.457,-4.093,2934,0.0,-100.0,0.0,-100.0,0.0,-100.0
ETH-USDT-SWAP,breakout,6H,0.003,0.03,0.025,1,0.0,10.0,148.0,0.0,-100.0,1442,507,935,35.16,100.0,0.629,-4.093,2934,0.0,-100.0,0.0,-100.0,0.0,-100.0
ETH-USDT-SWAP,breakout,6H,0.003,0.03,0.03,1,0.0,10.0,148.0,0.0,-100.0,1442,516,926,35.78,100.0,0.613,-4.093,2934,0.0,-100.0,0.0,-100.0,0.0,-100.0
ETH-USDT-SWAP,breakout,6H,0.005,0.006,0.01,1,0.0,10.0,148.0,0.0,-100.0,1218,301,917,24.71,100.0,0.054,-4.093,2934,0.0,-100.0,0.0,-100.0,0.0,-100.0
ETH-USDT-SWAP,breakout,6H,0.005,0.006,0.015,1,0.0,10.0,148.0,0.0,-100.0,1218,539,679,44.25,100.0,0.098,-4.093,2934,0.0,-100.0,0.0,-100.0,0.0,-100.0
ETH-USDT-SWAP,breakout,6H,0.005,0.006,0.02,1,0.0,10.0,148.0,0.0,-100.0,1218,668,550,54.84,100.0,0.436,-4.093,2934,0.0,-100.0,0.0,-100.0,0.0,-100.0
ETH-USDT-SWAP,breakout,6H,0.005,0.006,0.025,1,0.0,10.0,148.0,0.0,-100.0,1218,708,510,58.13,100.0,0.499,-4.093,2934,0.01,-100.0,0.0,-100.0,0.0,-100.0
ETH-USDT-SWAP,breakout,6H,0.005,0.006,0.03,1,0.0,10.0,148.0,0.0,-100.0,1218,727,491,59.69,100.0,0.475,-4.093,2934,0.01,-100.0,0.0,-100.0,0.0,-99.99
ETH-USDT-SWAP,breakout,6H,0.005,0.008,0.01,1,0.0,10.0,148.0,0.0,-100.0,1218,254,964,20.85,100.0,0.081,-4.093,2934,0.0,-100.0,0.0,-100.0,0.0,-100.0
ETH-USDT-SWAP,breakout,6H,0.005,0.008,0.015,1,0.0,10.0,148.0,0.0,-100.0,1218,465,753,38.18,100.0,0.111,-4.093,2934,0.0,-100.0,0.0,-100.0,0.0,-100.0
ETH-USDT-SWAP,breakout,6H,0.005,0.008,0.02,1,0.0,10.0,148.0,0.0,-100.0,1218,578,640,47.45,100.0,0.467,-4.093,2934,0.0,-100.0,0.0,-100.0,0.0,-100.0
ETH-USDT-SWAP,breakout,6H,0.005,0.008,0.025,1,0.0,10.0,148.0,0.0,-100.0,1218,616,602,50.57,100.0,0.505,-4.093,2934,0.0,-100.0,0.0,-100.0,0.0,-100.0
ETH-USDT-SWAP,breakout,6H,0.005,0.008,0.03,1,0.0,10.0,148.0,0.0,-100.0,1218,633,585,51.97,100.0,0.478,-4.093,2934,0.0,-100.0,0.0,-100.0,0.0,-100.0
ETH-USDT-SWAP,breakout,6H,0.005,0.01,0.01,1,0.0,10.0,148.0,0.0,-100.0,1218,226,992,18.56,100.0,0.102,-4.093,2934,0.0,-100.0,0.0,-100.0,0.0,-100.0
ETH-USDT-SWAP,breakout,6H,0.005,0.01,0.015,1,0.0,10.0,148.0,0.0,-100.0,1218,416,802,34.15,100.0,0.14,-4.093,2934,0.0,-100.0,0.0,-100.0,0.0,-100.0
ETH-USDT-SWAP,breakout,6H,0.005,0.01,0.02,1,0.0,10.0,148.0,0.0,-100.0,1218,523,695,42.94,100.0,0.53,-4.093,2934,0.0,-100.0,0.0,-100.0,0.0,-100.0
ETH-USDT-SWAP,breakout,6H,0.005,0.01,0.025,1,0.0,10.0,148.0,0.0,-100.0,1218,560,658,45.98,100.0,0.573,-4.093,2934,0.0,-100.0,0.0,-100.0,0.0,-100.0
ETH-USDT-SWAP,breakout,6H,0.005,0.01,0.03,1,0.0,10.0,148.0,0.0,-100.0,1218,576,642,47.29,100.0,0.551,-4.093,2934,0.0,-100.0,0.0,-100.0,0.0,-100.0
ETH-USDT-SWAP,breakout,6H,0.005,0.015,0.01,1,0.0,10.0,148.0,0.0,-100.0,1218,184,1034,15.11,100.0,0.042,-4.093,2934,0.0,-100.0,0.0,-100.0,0.0,-100.0
ETH-USDT-SWAP,breakout,6H,0.005,0.015,0.015,1,0.0,10.0,148.0,0.0,-100.0,1218,344,874,28.24,100.0,0.065,-4.093,2934,0.0,-100.0,0.0,-100.0,0.0,-100.0
ETH-USDT-SWAP,breakout,6H,0.005,0.015,0.02,1,0.0,10.0,148.0,0.0,-100.0,1218,438,780,35.96,100.0,0.408,-4.093,2934,0.0,-100.0,0.0,-100.0,0.0,-100.0
ETH-USDT-SWAP,breakout,6H,0.005,0.015,0.025,1,0.0,10.0,148.0,0.0,-100.0,1218,470,748,38.59,100.0,0.457,-4.093,2934,0.0,-100.0,0.0,-100.0,0.0,-100.0
ETH-USDT-SWAP,breakout,6H,0.005,0.015,0.03,1,0.0,10.0,148.0,0.0,-100.0,1218,484,734,39.74,100.0,0.435,-4.093,2934,0.0,-100.0,0.0,-100.0,0.0,-100.0
ETH-USDT-SWAP,breakout,6H,0.005,0.02,0.01,1,0.0,10.0,148.0,0.0,-100.0,1218,175,1043,14.37,100.0,0.039,-4.093,2934,0.0,-100.0,0.0,-100.0,0.0,-100.0
ETH-USDT-SWAP,breakout,6H,0.005,0.02,0.015,1,0.0,10.0,148.0,0.0,-100.0,1218,328,890,26.93,100.0,0.068,-4.093,2934,0.0,-100.0,0.0,-100.0,0.0,-100.0
ETH-USDT-SWAP,breakout,6H,0.005,0.02,0.02,1,0.0,10.0,148.0,0.0,-100.0,1218,411,807,33.74,100.0,0.455,-4.093,2934,0.0,-100.0,0.0,-100.0,0.0,-100.0
ETH-USDT-SWAP,breakout,6H,0.005,0.02,0.025,1,0.0,10.0,148.0,0.0,-100.0,1218,441,777,36.21,100.0,0.509,-4.093,2934,0.0,-100.0,0.0,-100.0,0.0,-100.0
ETH-USDT-SWAP,breakout,6H,0.005,0.02,0.03,1,0.0,10.0,148.0,0.0,-100.0,1218,454,764,37.27,100.0,0.49,-4.093,2934,0.0,-100.0,0.0,-100.0,0.0,-100.0
ETH-USDT-SWAP,breakout,6H,0.005,0.03,0.01,1,0.0,10.0,148.0,0.0,-100.0,1218,174,1044,14.29,100.0,0.039,-4.093,2934,0.0,-100.0,0.0,-100.0,0.0,-100.0
ETH-USDT-SWAP,breakout,6H,0.005,0.03,0.015,1,0.0,10.0,148.0,0.0,-100.0,1218,323,895,26.52,100.0,0.063,-4.093,2934,0.0,-100.0,0.0,-100.0,0.0,-100.0
ETH-USDT-SWAP,breakout,6H,0.005,0.03,0.02,1,0.0,10.0,148.0,0.0,-100.0,1218,401,817,32.92,100.0,0.428,-4.093,2934,0.0,-100.0,0.0,-100.0,0.0,-100.0
ETH-USDT-SWAP,breakout,6H,0.005,0.03,0.025,1,0.0,10.0,148.0,0.0,-100.0,1218,427,791,35.06,100.0,0.464,-4.093,2934,0.0,-100.0,0.0,-100.0,0.0,-100.0
ETH-USDT-SWAP,breakout,6H,0.005,0.03,0.03,1,0.0,10.0,148.0,0.0,-100.0,1218,438,780,35.96,100.0,0.455,-4.093,2934,0.0,-100.0,0.0,-100.0,0.0,-100.0
ETH-USDT-SWAP,breakout,6H,0.007,0.006,0.01,1,0.0,10.0,148.0,0.0,-100.0,1043,182,861,17.45,100.0,0.063,-4.093,2934,0.0,-100.0,0.0,-100.0,0.0,-100.0
ETH-USDT-SWAP,breakout,6H,0.007,0.006,0.015,1,0.0,10.0,148.0,0.0,-100.0,1043,416,627,39.88,100.0,0.073,-4.093,2934,0.0,-100.0,0.0,-100.0,0.0,-100.0
ETH-USDT-SWAP,breakout,6H,0.007,0.006,0.02,1,0.0,10.0,148.0,0.0,-100.0,1043,550,493,52.73,100.0,0.238,-4.093,2934,0.0,-100.0,0.0,-100.0,0.0,-100.0
ETH-USDT-SWAP,breakout,6H,0.007,0.006,0.025,1,0.0,10.0,148.0,0.0,-100.0,1043,592,451,56.76,100.0,0.383,-4.093,2934,0.01,-99.99,0.0,-100.0,0.0,-100.0
ETH-USDT-SWAP,breakout,6H,0.007,0.006,0.03,1,0.0,10.0,148.0,0.0,-100.0,1043,616,427,59.06,100.0,0.361,-4.093,2934,0.01,-99.99,0.0,-100.0,0.0,-100.0
ETH-USDT-SWAP,breakout,6H,0.007,0.008,0.01,1,0.0,10.0,148.0,0.0,-100.0,1043,159,884,15.24,100.0,0.09,-4.093,2934,0.0,-100.0,0.0,-100.0,0.0,-100.0
ETH-USDT-SWAP,breakout,6H,0.007,0.008,0.015,1,0.0,10.0,148.0,0.0,-100.0,1043,370,673,35.47,100.0,0.108,-4.093,2934,0.0,-100.0,0.0,-100.0,0.0,-100.0
ETH-USDT-SWAP,breakout,6H,0.007,0.008,0.02,1,0.0,10.0,148.0,0.0,-100.0,1043,485,558,46.5,100.0,0.31,-4.093,2934,0.0,-100.0,0.0,-100.0,0.0,-100.0
ETH-USDT-SWAP,breakout,6H,0.007,0.008,0.025,1,0.0,10.0,148.0,0.0,-100.0,1043,525,518,50.34,100.0,0.466,-4.093,2934,0.01,-100.0,0.0,-100.0,0.0,-100.0
ETH-USDT-SWAP,breakout,6H,0.007,0.008,0.03,1,0.0,10.0,148.0,0.0,-100.0,1043,550,493,52.73,100.0,0.455,-4.093,2934,0.01,-99.99,0.0,-100.0,0.0,-99.99
ETH-USDT-SWAP,breakout,6H,0.007,0.01,0.01,1,0.0,10.0,148.0,0.0,-100.0,1043,137,906,13.14,100.0,0.088,-4.093,2934,0.0,-100.0,0.0,-100.0,0.0,-100.0
ETH-USDT-SWAP,breakout,6H,0.007,0.01,0.015,1,0.0,10.0,148.0,0.0,-100.0,1043,323,720,30.97,100.0,0.101,-4.093,2934,0.0,-100.0,0.0,-100.0,0.0,-100.0
ETH-USDT-SWAP,breakout,6H,0.007,0.01,0.02,1,0.0,10.0,148.0,0.0,-100.0,1043,426,617,40.84,100.0,0.275,-4.093,2934,0.0,-100.0,0.0,-100.0,0.0,-100.0
ETH-USDT-SWAP,breakout,6H,0.007,0.01,0.025,1,0.0,10.0,148.0,0.0,-100.0,1043,466,577,44.68,100.0,0.437,-4.093,2934,0.0,-100.0,0.0,-100.0,0.0,-100.0
ETH-USDT-SWAP,breakout,6H,0.007,0.01,0.03,1,0.0,10.0,148.0,0.0,-100.0,1043,488,555,46.79,100.0,0.427,-4.093,2934,0.0,-100.0,0.0,-100.0,0.0,-100.0
ETH-USDT-SWAP,breakout,6H,0.007,0.015,0.01,1,0.0,10.0,148.0,0.0,-100.0,1043,118,925,11.31,100.0,0.046,-4.093,2934,0.0,-100.0,0.0,-100.0,0.0,-100.0
ETH-USDT-SWAP,breakout,6H,0.007,0.015,0.015,1,0.0,10.0,148.0,0.0,-100.0,1043,280,763,26.85,100.0,0.062,-4.093,2934,0.0,-100.0,0.0,-100.0,0.0,-100.0
ETH-USDT-SWAP,breakout,6H,0.007,0.015,0.02,1,0.0,10.0,148.0,0.0,-100.0,1043,364,679,34.9,100.0,0.199,-4.093,2934,0.0,-100.0,0.0,-100.0,0.0,-100.0
ETH-USDT-SWAP,breakout,6H,0.007,0.015,0.025,1,0.0,10.0,148.0,0.0,-100.0,1043,399,644,38.26,100.0,0.378,-4.093,2934,0.0,-100.0,0.0,-100.0,0.0,-100.0
ETH-USDT-SWAP,breakout,6H,0.007,0.015,0.03,1,0.0,10.0,148.0,0.0,-100.0,1043,418,625,40.08,100.0,0.385,-4.093,2934,0.0,-100.0,0.0,-100.0,0.0,-99.99
ETH-USDT-SWAP,breakout,6H,0.007,0.02,0.01,1,0.0,10.0,148.0,0.0,-100.0,1043,114,929,10.93,100.0,0.043,-4.093,2934,0.0,-100.0,0.0,-100.0,0.0,-100.0
ETH-USDT-SWAP,breakout,6H,0.007,0.02,0.015,1,0.0,10.0,148.0,0.0,-100.0,1043,270,773,25.89,100.0,0.063,-4.093,2934,0.0,-100.0,0.0,-100.0,0.0,-100.0
ETH-USDT-SWAP,breakout,6H,0.007,0.02,0.02,1,0.0,10.0,148.0,0.0,-100.0,1043,345,698,33.08,100.0,0.221,-4.093,2934,0.0,-100.0,0.0,-100.0,0.0,-100.0
ETH-USDT-SWAP,breakout,6H,0.007,0.02,0.025,1,0.0,10.0,148.0,0.0,-100.0,1043,377,666,36.15,100.0,0.435,-4.093,2934,0.0,-100.0,0.0,-100.0,0.0,-100.0
ETH-USDT-SWAP,breakout,6H,0.007,0.02,0.03,1,0.0,10.0,148.0,0.0,-100.0,1043,394,649,37.78,100.0,0.437,-4.093,2934,0.0,-100.0,0.0,-100.0,0.0,-100.0
ETH-USDT-SWAP,breakout,6H,0.007,0.03,0.01,1,0.0,10.0,148.0,0.0,-100.0,1043,113,930,10.83,100.0,0.042,-4.093,2934,0.0,-100.0,0.0,-100.0,0.0,-100.0
ETH-USDT-SWAP,breakout,6H,0.007,0.03,0.015,1,0.0,10.0,148.0,0.0,-100.0,1043,265,778,25.41,100.0,0.061,-4.093,2934,0.0,-100.0,0.0,-100.0,0.0,-100.0
ETH-USDT-SWAP,breakout,6H,0.007,0.03,0.02,1,0.0,10.0,148.0,0.0,-100.0,1043,333,710,31.93,100.0,0.139,-4.093,2934,0.0,-100.0,0.0,-100.0,0.0,-100.0
ETH-USDT-SWAP,breakout,6H,0.007,0.03,0.025,1,0.0,10.0,148.0,0.0,-100.0,1043,362,681,34.71,100.0,0.402,-4.093,2934,0.0,-100.0,0.0,-100.0,0.0,-100.0
ETH-USDT-SWAP,breakout,6H,0.007,0.03,0.03,1,0.0,10.0,148.0,0.0,-100.0,1043,378,665,36.24,100.0,0.418,-4.093,2934,0.0,-100.0,0.0,-100.0,0.0,-100.0
ETH-USDT-SWAP,breakout,6H,0.01,0.006,0.01,1,0.0,10.0,148.0,0.0,-100.0,797,115,682,14.43,100.0,0.037,-4.093,2934,0.0,-100.0,0.0,-100.0,0.0,-100.0
ETH-USDT-SWAP,breakout,6H,0.01,0.006,0.015,1,0.0,10.0,148.0,0.0,-100.0,797,271,526,34.0,100.0,0.104,-4.093,2934,0.0,-100.0,0.0,-100.0,0.0,-100.0
ETH-USDT-SWAP,breakout,6H,0.01,0.006,0.02,1,0.0,10.0,148.0,0.0,-100.0,797,391,406,49.06,100.0,0.11,-4.093,2934,0.0,-100.0,0.0,-100.0,0.0,-100.0
ETH-USDT-SWAP,breakout,6H,0.01,0.006,0.025,1,0.0,10.0,148.0,0.0,-100.0,797,458,339,57.47,100.0,0.316,-4.093,2934,0.03,-99.98,0.0,-100.0,0.0,-99.99
ETH-USDT-SWAP,breakout,6H,0.01,0.006,0.03,1,0.0,10.0,148.0,0.0,-100.0,797,477,320,59.85,100.0,0.433,-4.093,2934,0.2,-99.87,0.0,-100.0,0.0,-99.98
ETH-USDT-SWAP,breakout,6H,0.01,0.008,0.01,1,0.0,10.0,148.0,0.0,-100.0,797,94,703,11.79,100.0,0.028,-4.093,2934,0.0,-100.0,0.0,-100.0,0.0,-100.0
ETH-USDT-SWAP,breakout,6H,0.01,0.008,0.015,1,0.0,10.0,148.0,0.0,-100.0,797,225,572,28.23,100.0,0.08,-4.093,2934,0.0,-100.0,0.0,-100.0,0.0,-100.0
ETH-USDT-SWAP,breakout,6H,0.01,0.008,0.02,1,0.0,10.0,148.0,0.0,-100.0,797,327,470,41.03,100.0,0.077,-4.093,2934,0.0,-100.0,0.0,-100.0,0.0,-100.0
ETH-USDT-SWAP,breakout,6H,0.01,0.008,0.025,1,0.0,10.0,148.0,0.0,-100.0,797,388,409,48.68,100.0,0.278,-4.093,2934,0.0,-100.0,0.0,-100.0,0.0,-99.99
ETH-USDT-SWAP,breakout,6H,0.01,0.008,0.03,1,0.0,10.0,148.0,0.0,-100.0,797,406,391,50.94,100.0,0.402,-4.093,2934,0.03,-99.98,0.0,-100.0,0.0,-99.99
ETH-USDT-SWAP,breakout,6H,0.01,0.01,0.01,1,0.0,10.0,148.0,0.0,-100.0,797,86,711,10.79,100.0,0.015,-4.093,2934,0.0,-100.0,0.0,-100.0,0.0,-100.0
ETH-USDT-SWAP,breakout,6H,0.01,0.01,0.015,1,0.0,10.0,148.0,0.0,-100.0,797,209,588,26.22,100.0,0.081,-4.093,2934,0.0,-100.0,0.0,-100.0,0.0,-100.0
ETH-USDT-SWAP,breakout,6H,0.01,0.01,0.02,1,0.0,10.0,148.0,0.0,-100.0,797,303,494,38.02,100.0,0.079,-4.093,2934,0.0,-100.0,0.0,-100.0,0.0,-100.0
ETH-USDT-SWAP,breakout,6H,0.01,0.01,0.025,1,0.0,10.0,148.0,0.0,-100.0,797,356,441,44.67,100.0,0.223,-4.093,2934,0.01,-100.0,0.0,-100.0,0.0,-99.99
ETH-USDT-SWAP,breakout,6H,0.01,0.01,0.03,1,0.0,10.0,148.0,0.0,-100.0,797,373,424,46.8,100.0,0.371,-4.093,2934,0.04,-99.98,0.0,-100.0,0.0,-99.98
ETH-USDT-SWAP,breakout,6H,0.01,0.015,0.01,1,0.0,10.0,148.0,0.0,-100.0,797,73,724,9.16,100.0,0.025,-4.093,2934,0.0,-100.0,0.0,-100.0,0.0,-100.0
ETH-USDT-SWAP,breakout,6H,0.01,0.015,0.015,1,0.0,10.0,148.0,0.0,-100.0,797,182,615,22.84,100.0,0.093,-4.093,2934,0.0,-100.0,0.0,-100.0,0.0,-100.0
ETH-USDT-SWAP,breakout,6H,0.01,0.015,0.02,1,0.0,10.0,148.0,0.0,-100.0,797,262,535,32.87,100.0,0.092,-4.093,2934,0.0,-100.0,0.0,-100.0,0.0,-100.0
ETH-USDT-SWAP,breakout,6H,0.01,0.015,0.025,1,0.0,10.0,148.0,0.0,-100.0,797,307,490,38.52,100.0,0.265,-4.093,2934,0.0,-100.0,0.0,-100.0,0.0,-99.99
ETH-USDT-SWAP,breakout,6H,0.01,0.015,0.03,1,0.0,10.0,148.0,0.0,-100.0,797,323,474,40.53,100.0,0.452,-4.093,2934,0.04,-99.97,0.0,-100.0,0.0,-99.98
ETH-USDT-SWAP,breakout,6H,0.01,0.02,0.01,1,0.0,10.0,148.0,0.0,-100.0,797,71,726,8.91,100.0,0.034,-4.093,2934,0.0,-100.0,0.0,-100.0,0.0,-100.0
ETH-USDT-SWAP,breakout,6H,0.01,0.02,0.015,1,0.0,10.0,148.0,0.0,-100.0,797,173,624,21.71,100.0,0.096,-4.093,2934,0.0,-100.0,0.0,-100.0,0.0,-100.0
ETH-USDT-SWAP,breakout,6H,0.01,0.02,0.02,1,0.0,10.0,148.0,0.0,-100.0,797,249,548,31.24,100.0,0.093,-4.093,2934,0.0,-100.0,0.0,-100.0,0.0,-99.99
ETH-USDT-SWAP,breakout,6H,0.01,0.02,0.025,1,0.0,10.0,148.0,0.0,-100.0,797,291,506,36.51,100.0,0.299,-4.093,2934,0.0,-100.0,0.0,-100.0,0.0,-99.98
ETH-USDT-SWAP,breakout,6H,0.01,0.02,0.03,1,0.0,10.0,148.0,0.0,-100.0,797,305,492,38.27,100.0,0.488,-4.093,2934,0.03,-99.98,0.0,-100.0,0.0,-99.98
ETH-USDT-SWAP,breakout,6H,0.01,0.03,0.01,1,0.0,10.0,148.0,0.0,-100.0,797,70,727,8.78,100.0,0.023,-4.093,2934,0.0,-100.0,0.0,-100.0,0.0,-100.0
ETH-USDT-SWAP,breakout,6H,0.01,0.03,0.015,1,0.0,10.0,148.0,0.0,-100.0,797,168,629,21.08,100.0,0.083,-4.093,2934,0.0,-100.0,0.0,-100.0,0.0,-100.0
ETH-USDT-SWAP,breakout,6H,0.01,0.03,0.02,1,0.0,10.0,148.0,0.0,-100.0,797,239,558,29.99,100.0,0.089,-4.093,2934,0.0,-100.0,0.0,-100.0,0.0,-100.0
ETH-USDT-SWAP,breakout,6H,0.01,0.03,0.025,1,0.0,10.0,148.0,0.0,-100.0,797,277,520,34.76,100.0,0.219,-4.093,2934,0.0,-100.0,0.0,-100.0,0.0,-99.99
ETH-USDT-SWAP,breakout,6H,0.01,0.03,0.03,1,0.0,10.0,148.0,0.0,-100.0,797,291,506,36.51,100.0,0.464,-4.093,2934,0.03,-99.98,0.0,-100.0,0.0,-99.99
ETH-USDT-SWAP,fade,6H,0.001,0.006,0.01,1,0.0,10.0,148.0,0.0,-100.0,2221,1532,689,68.98,100.0,0.834,-4.093,2934,5.67,-96.17,0.07,-98.8,0.0,-99.22
ETH-USDT-SWAP,fade,6H,0.001,0.006,0.015,1,0.0,10.0,148.0,51706.1,34836.55,2221,1693,528,76.23,80.2,1.082,1425.78,2934,4928.24,3229.89,88868.29,1703.25,51706.1,-41.82
ETH-USDT-SWAP,fade,6H,0.001,0.006,0.02,1,0.0,10.0,148.0,194378.06,131236.53,2221,1762,459,79.33,71.05,1.306,5371.209,2934,46516.43,31330.02,180931.04,288.96,194378.06,7.43
ETH-USDT-SWAP,fade,6H,0.001,0.006,0.025,1,0.0,10.0,148.0,236634.48,159788.16,2221,1791,430,80.64,82.34,1.398,6539.761,2934,36368.53,24473.33,205410.88,464.8,236634.48,15.2
ETH-USDT-SWAP,fade,6H,0.001,0.006,0.03,1,0.0,10.0,148.0,259105.56,174971.32,2221,1803,418,81.18,59.13,1.437,7161.173,2934,46942.74,31618.07,216006.81,360.15,259105.56,19.95
ETH-USDT-SWAP,fade,6H,0.001,0.008,0.01,1,0.0,10.0,148.0,0.0,-100.0,2221,1326,895,59.7,100.0,0.774,-4.093,2934,0.91,-99.39,0.0,-99.56,0.0,-99.79
ETH-USDT-SWAP,fade,6H,0.001,0.008,0.015,1,0.0,10.0,148.0,6.15,-95.84,2221,1472,749,66.28,99.91,0.996,-3.923,2934,197.82,33.66,1997.87,909.95,6.15,-99.69
ETH-USDT-SWAP,fade,6H,0.001,0.008,0.02,1,0.0,10.0,148.0,20626.8,13837.03,2221,1530,691,68.89,98.85,1.044,566.318,2934,2597.41,1655.01,34757.64,1238.17,20626.8,-40.66
ETH-USDT-SWAP,fade,6H,0.001,0.008,0.025,1,0.0,10.0,148.0,65965.76,44471.46,2221,1556,665,70.06,98.32,1.133,1820.114,2934,1291.07,772.34,66247.31,5031.2,65965.76,-0.43
ETH-USDT-SWAP,fade,6H,0.001,0.008,0.03,1,0.0,10.0,148.0,66404.51,44767.91,2221,1566,655,70.51,98.84,1.131,1832.247,2934,2947.7,1891.69,59065.91,1903.8,66404.51,12.42
ETH-USDT-SWAP,fade,6H,0.001,0.01,0.01,1,0.0,10.0,148.0,0.0,-100.0,2221,1155,1066,52.0,100.0,0.65,-4.093,2934,0.04,-99.97,0.0,-100.0,0.0,-99.98
ETH-USDT-SWAP,fade,6H,0.001,0.01,0.015,1,0.0,10.0,148.0,0.0,-100.0,2221,1283,938,57.77,100.0,0.824,-4.093,2934,5.93,-95.99,0.0,-99.94,0.0,-99.98
ETH-USDT-SWAP,fade,6H,0.001,0.01,0.02,1,0.0,10.0,148.0,0.0,-100.0,2221,1335,886,60.11,100.0,0.928,-4.093,2934,59.36,-59.89,0.02,-99.97,0.0,-99.89
ETH-USDT-SWAP,fade,6H,0.001,0.01,0.025,1,0.0,10.0,148.0,0.0,-100.0,2221,1357,864,61.1,100.0,0.887,-4.093,2934,32.54,-78.01,0.01,-99.96,0.0,-99.88
ETH-USDT-SWAP,fade,6H,0.001,0.01,0.03,1,0.0,10.0,148.0,0.0,-100.0,2221,1367,854,61.55,100.0,0.934,-4.093,2934,103.36,-30.16,0.01,-99.99,0.0,-99.92
ETH-USDT-SWAP,fade,6H,0.001,0.015,0.01,1,0.0,10.0,148.0,0.0,-100.0,2221,933,1288,42.01,100.0,0.51,-4.093,2934,0.0,-100.0,0.0,-100.0,0.0,-100.0
ETH-USDT-SWAP,fade,6H,0.001,0.015,0.015,1,0.0,10.0,148.0,0.0,-100.0,2221,1038,1183,46.74,100.0,0.512,-4.093,2934,0.0,-100.0,0.0,-100.0,0.0,-100.0
ETH-USDT-SWAP,fade,6H,0.001,0.015,0.02,1,0.0,10.0,148.0,0.0,-100.0,2221,1078,1143,48.54,100.0,0.596,-4.093,2934,0.0,-100.0,0.0,-100.0,0.0,-100.0
ETH-USDT-SWAP,fade,6H,0.001,0.015,0.025,1,0.0,10.0,148.0,0.0,-100.0,2221,1096,1125,49.35,100.0,0.559,-4.093,2934,0.0,-100.0,0.0,-100.0,0.0,-100.0
ETH-USDT-SWAP,fade,6H,0.001,0.015,0.03,1,0.0,10.0,148.0,0.0,-100.0,2221,1102,1119,49.62,100.0,0.539,-4.093,2934,0.0,-100.0,0.0,-100.0,0.0,-100.0
ETH-USDT-SWAP,fade,6H,0.001,0.02,0.01,1,0.0,10.0,148.0,0.0,-100.0,2221,851,1370,38.32,100.0,0.442,-4.093,2934,0.0,-100.0,0.0,-100.0,0.0,-100.0
ETH-USDT-SWAP,fade,6H,0.001,0.02,0.015,1,0.0,10.0,148.0,0.0,-100.0,2221,946,1275,42.59,100.0,0.454,-4.093,2934,0.0,-100.0,0.0,-100.0,0.0,-100.0
ETH-USDT-SWAP,fade,6H,0.001,0.02,0.02,1,0.0,10.0,148.0,0.0,-100.0,2221,984,1237,44.3,100.0,0.518,-4.093,2934,0.0,-100.0,0.0,-100.0,0.0,-100.0
ETH-USDT-SWAP,fade,6H,0.001,0.02,0.025,1,0.0,10.0,148.0,0.0,-100.0,2221,1001,1220,45.07,100.0,0.478,-4.093,2934,0.0,-100.0,0.0,-100.0,0.0,-100.0
ETH-USDT-SWAP,fade,6H,0.001,0.02,0.03,1,0.0,10.0,148.0,0.0,-100.0,2221,1006,1215,45.29,100.0,0.455,-4.093,2934,0.0,-100.0,0.0,-100.0,0.0,-100.0
ETH-USDT-SWAP,fade,6H,0.001,0.03,0.01,1,0.0,10.0,148.0,0.0,-100.0,2221,810,1411,36.47,100.0,0.31,-4.093,2934,0.0,-100.0,0.0,-100.0,0.0,-100.0
ETH-USDT-SWAP,fade,6H,0.001,0.03,0.015,1,0.0,10.0,148.0,0.0,-100.0,2221,911,1310,41.02,100.0,0.315,-4.093,2934,0.0,-100.0,0.0,-100.0,0.0,-100.0
ETH-USDT-SWAP,fade,6H,0.001,0.03,0.02,1,0.0,10.0,148.0,0.0,-100.0,2221,947,1274,42.64,100.0,0.376,-4.093,2934,0.0,-100.0,0.0,-100.0,0.0,-100.0
ETH-USDT-SWAP,fade,6H,0.001,0.03,0.025,1,0.0,10.0,148.0,0.0,-100.0,2221,961,1260,43.27,100.0,0.312,-4.093,2934,0.0,-100.0,0.0,-100.0,0.0,-100.0
ETH-USDT-SWAP,fade,6H,0.001,0.03,0.03,1,0.0,10.0,148.0,0.0,-100.0,2221,964,1257,43.4,100.0,0.263,-4.093,2934,0.0,-100.0,0.0,-100.0,0.0,-100.0
ETH-USDT-SWAP,fade,6H,0.002,0.006,0.01,1,0.0,10.0,148.0,60.11,-59.38,2105,1542,563,73.25,98.88,0.993,-2.43,2934,1061.9,617.5,241.76,-77.23,60.11,-75.14
ETH-USDT-SWAP,fade,6H,0.002,0.006,0.015,1,0.0,10.0,148.0,223980.12,151237.92,2105,1694,411,80.48,60.22,1.363,6189.819,2934,65473.2,44138.65,211116.64,222.45,223980.12,6.09
ETH-USDT-SWAP,fade,6H,0.002,0.006,0.02,1,0.0,10.0,148.0,375341.76,253509.3,2105,1768,337,83.99,64.87,1.713,10375.551,2934,99636.65,67222.06,302912.86,204.02,375341.76,23.91
ETH-USDT-SWAP,fade,6H,0.002,0.006,0.025,1,0.0,10.0,148.0,404517.1,273222.36,2105,1792,313,85.13,74.78,1.793,11182.361,2934,99224.14,66943.34,316298.36,218.77,404517.1,27.89
ETH-USDT-SWAP,fade,6H,0.002,0.006,0.03,1,0.0,10.0,148.0,435071.8,293867.43,2105,1806,299,85.8,40.11,1.843,12027.316,2934,114069.76,76974.16,342736.13,200.46,435071.8,26.94
ETH-USDT-SWAP,fade,6H,0.002,0.008,0.01,1,0.0,10.0,148.0,16.05,-89.15,2105,1351,754,64.18,98.77,0.982,-3.649,2934,367.77,148.49,165.48,-55.0,16.05,-90.3
ETH-USDT-SWAP,fade,6H,0.002,0.008,0.015,1,0.0,10.0,148.0,224633.29,151679.25,2105,1496,609,71.07,61.92,1.272,6207.882,2934,60271.06,40623.69,225075.91,273.44,224633.29,-0.2
ETH-USDT-SWAP,fade,6H,0.002,0.008,0.02,1,0.0,10.0,148.0,335254.64,226423.41,2105,1554,551,73.82,61.47,1.425,9266.988,2934,86005.77,58012.01,292306.78,239.87,335254.64,14.69
ETH-USDT-SWAP,fade,6H,0.002,0.008,0.025,1,0.0,10.0,148.0,356010.7,240447.77,2105,1576,529,74.87,72.34,1.463,9840.973,2934,87170.87,58799.24,308883.18,254.34,356010.7,15.26
ETH-USDT-SWAP,fade,6H,0.002,0.008,0.03,1,0.0,10.0,148.0,379506.94,256323.61,2105,1589,516,75.49,49.67,1.471,10490.734,2934,104271.65,70353.82,327533.91,214.12,379506.94,15.87
ETH-USDT-SWAP,fade,6H,0.002,0.01,0.01,1,0.0,10.0,148.0,0.0,-100.0,2105,1182,923,56.15,100.0,0.851,-4.093,2934,10.24,-93.08,0.11,-98.89,0.0,-99.06
ETH-USDT-SWAP,fade,6H,0.002,0.01,0.015,1,0.0,10.0,148.0,135.81,-8.24,2105,1309,796,62.19,99.71,1.0,-0.337,2934,1664.39,1024.59,20961.43,1159.41,135.81,-99.35
ETH-USDT-SWAP,fade,6H,0.002,0.01,0.02,1,0.0,10.0,148.0,54909.72,37001.16,2105,1357,748,64.47,99.61,1.091,1514.372,2934,6636.77,4384.3,57141.85,760.99,54909.72,-3.91
ETH-USDT-SWAP,fade,6H,0.002,0.01,0.025,1,0.0,10.0,148.0,65121.85,43901.25,2105,1377,728,65.42,99.3,1.102,1796.777,2934,9651.21,6421.09,70561.02,631.11,65121.85,-7.71
ETH-USDT-SWAP,fade,6H,0.002,0.01,0.03,1,0.0,10.0,148.0,74417.23,50181.91,2105,1388,717,65.94,99.55,1.096,2053.83,2934,20312.56,13624.7,79568.03,291.72,74417.23,-6.47
ETH-USDT-SWAP,fade,6H,0.002,0.015,0.01,1,0.0,10.0,148.0,0.0,-100.0,2105,931,1174,44.23,100.0,0.57,-4.093,2934,0.02,-99.99,0.0,-100.0,0.0,-99.97
ETH-USDT-SWAP,fade,6H,0.002,0.015,0.015,1,0.0,10.0,148.0,0.0,-100.0,2105,1034,1071,49.12,100.0,0.608,-4.093,2934,0.24,-99.84,0.0,-100.0,0.0,-99.99
ETH-USDT-SWAP,fade,6H,0.002,0.015,0.02,1,0.0,10.0,148.0,0.0,-100.0,2105,1072,1033,50.93,100.0,0.662,-4.093,2934,0.2,-99.87,0.0,-100.0,0.0,-99.97
ETH-USDT-SWAP,fade,6H,0.002,0.015,0.025,1,0.0,10.0,148.0,0.0,-100.0,2105,1088,1017,51.69,100.0,0.63,-4.093,2934,0.29,-99.8,0.0,-100.0,0.0,-99.98
ETH-USDT-SWAP,fade,6H,0.002,0.015,0.03,1,0.0,10.0,148.0,0.0,-100.0,2105,1097,1008,52.11,100.0,0.653,-4.093,2934,0.46,-99.69,0.0,-100.0,0.0,-100.0
ETH-USDT-SWAP,fade,6H,0.002,0.02,0.01,1,0.0,10.0,148.0,0.0,-100.0,2105,840,1265,39.9,100.0,0.581,-4.093,2934,0.0,-100.0,0.0,-100.0,0.0,-100.0
ETH-USDT-SWAP,fade,6H,0.002,0.02,0.015,1,0.0,10.0,148.0,0.0,-100.0,2105,931,1174,44.23,100.0,0.604,-4.093,2934,0.0,-100.0,0.0,-100.0,0.0,-100.0
ETH-USDT-SWAP,fade,6H,0.002,0.02,0.02,1,0.0,10.0,148.0,0.0,-100.0,2105,968,1137,45.99,100.0,0.663,-4.093,2934,0.0,-100.0,0.0,-100.0,0.0,-100.0
ETH-USDT-SWAP,fade,6H,0.002,0.02,0.025,1,0.0,10.0,148.0,0.0,-100.0,2105,983,1122,46.7,100.0,0.625,-4.093,2934,0.0,-100.0,0.0,-100.0,0.0,-100.0
ETH-USDT-SWAP,fade,6H,0.002,0.02,0.03,1,0.0,10.0,148.0,0.0,-100.0,2105,990,1115,47.03,100.0,0.606,-4.093,2934,0.0,-100.0,0.0,-100.0,0.0,-100.0
ETH-USDT-SWAP,fade,6H,0.002,0.03,0.01,1,0.0,10.0,148.0,0.0,-100.0,2105,799,1306,37.96,100.0,0.446,-4.093,2934,0.0,-100.0,0.0,-100.0,0.0,-100.0
ETH-USDT-SWAP,fade,6H,0.002,0.03,0.015,1,0.0,10.0,148.0,0.0,-100.0,2105,894,1211,42.47,100.0,0.457,-4.093,2934,0.0,-100.0,0.0,-100.0,0.0,-100.0
ETH-USDT-SWAP,fade,6H,0.002,0.03,0.02,1,0.0,10.0,148.0,0.0,-100.0,2105,928,1177,44.09,100.0,0.485,-4.093,2934,0.0,-100.0,0.0,-100.0,0.0,-100.0
ETH-USDT-SWAP,fade,6H,0.002,0.03,0.025,1,0.0,10.0,148.0,0.0,-100.0,2105,941,1164,44.7,100.0,0.416,-4.093,2934,0.0,-100.0,0.0,-100.0,0.0,-100.0
ETH-USDT-SWAP,fade,6H,0.002,0.03,0.03,1,0.0,10.0,148.0,0.0,-100.0,2105,945,1160,44.89,100.0,0.36,-4.093,2934,0.0,-100.0,0.0,-100.0,0.0,-100.0
ETH-USDT-SWAP,fade,6H,0.003,0.006,0.01,1,0.0,10.0,148.0,5660.73,3724.82,1968,1480,488,75.2,91.54,1.029,152.448,2934,3384.57,2186.87,7460.31,120.42,5660.73,-24.12
ETH-USDT-SWAP,fade,6H,0.003,0.006,0.015,1,0.0,10.0,148.0,314721.85,212549.9,1968,1636,332,83.13,56.84,1.586,8699.177,2934,105644.68,71281.54,273129.55,158.54,314721.85,15.23
ETH-USDT-SWAP,fade,6H,0.003,0.006,0.02,1,0.0,10.0,148.0,452868.65,305892.33,1968,1703,265,86.53,64.87,2.03,12519.468,2934,113824.75,76808.62,359310.31,215.67,452868.65,26.04
ETH-USDT-SWAP,fade,6H,0.003,0.006,0.025,1,0.0,10.0,148.0,487182.45,329077.33,1968,1724,244,87.6,50.78,2.127,13468.376,2934,123362.15,83252.81,379001.44,207.23,487182.45,28.54
ETH-USDT-SWAP,fade,6H,0.003,0.006,0.03,1,0.0,10.0,148.0,534618.54,361128.74,1968,1742,226,88.52,39.41,2.298,14780.167,2934,134034.9,90464.12,413055.13,208.17,534618.54,29.43
ETH-USDT-SWAP,fade,6H,0.003,0.008,0.01,1,0.0,10.0,148.0,68247.35,46013.08,1968,1313,655,66.72,89.86,1.132,1883.209,2934,4476.49,2924.66,63837.21,1326.06,68247.35,6.91
ETH-USDT-SWAP,fade,6H,0.003,0.008,0.015,1,0.0,10.0,148.0,325820.34,220048.88,1968,1448,520,73.58,57.79,1.426,9006.093,2934,119691.72,80772.78,297359.1,148.44,325820.34,9.57
ETH-USDT-SWAP,fade,6H,0.003,0.008,0.02,1,0.0,10.0,148.0,439342.23,296752.86,1968,1509,459,76.68,61.47,1.623,12145.41,2934,124475.24,84004.89,365435.36,193.58,439342.23,20.22
ETH-USDT-SWAP,fade,6H,0.003,0.008,0.025,1,0.0,10.0,148.0,466888.11,315364.94,1968,1529,439,77.69,46.71,1.663,12907.16,2934,136240.33,91954.28,375832.95,175.86,466888.11,24.23
ETH-USDT-SWAP,fade,6H,0.003,0.008,0.03,1,0.0,10.0,148.0,500670.46,338190.85,1968,1543,425,78.4,48.5,1.712,13841.372,2934,147998.8,99899.19,393393.52,165.81,500670.46,27.27
ETH-USDT-SWAP,fade,6H,0.003,0.01,0.01,1,0.0,10.0,148.0,67.6,-54.32,1968,1159,809,58.89,98.43,0.998,-2.223,2934,410.64,177.46,1061.59,158.52,67.6,-93.63
ETH-USDT-SWAP,fade,6H,0.003,0.01,0.015,1,0.0,10.0,148.0,213675.38,144275.25,1968,1279,689,64.99,65.96,1.23,5904.854,2934,64198.1,43277.1,220435.4,243.37,213675.38,-3.07
ETH-USDT-SWAP,fade,6H,0.003,0.01,0.02,1,0.0,10.0,148.0,289455.09,195477.77,1968,1328,640,67.48,70.17,1.315,8000.454,2934,66220.1,44643.31,261207.64,294.45,289455.09,10.81
ETH-USDT-SWAP,fade,6H,0.003,0.01,0.025,1,0.0,10.0,148.0,303261.76,204806.6,1968,1347,621,68.45,67.97,1.325,8382.262,2934,77756.91,52438.45,269978.9,247.21,303261.76,12.33
ETH-USDT-SWAP,fade,6H,0.003,0.01,0.03,1,0.0,10.0,148.0,328936.25,222154.22,1968,1359,609,69.05,49.51,1.339,9092.26,2934,98307.14,66323.74,286202.21,191.13,328936.25,14.93
ETH-USDT-SWAP,fade,6H,0.003,0.015,0.01,1,0.0,10.0,148.0,0.0,-100.0,1968,911,1057,46.29,100.0,0.762,-4.093,2934,2.07,-98.6,0.0,-100.0,0.0,-99.77
ETH-USDT-SWAP,fade,6H,0.003,0.015,0.015,1,0.0,10.0,148.0,0.0,-100.0,1968,1002,966,50.91,100.0,0.915,-4.093,2934,100.5,-32.1,0.0,-100.0,0.0,-99.94
ETH-USDT-SWAP,fade,6H,0.003,0.015,0.02,1,0.0,10.0,148.0,0.0,-100.0,1968,1038,930,52.74,100.0,0.904,-4.093,2934,60.74,-58.96,0.0,-100.0,0.0,-99.87
ETH-USDT-SWAP,fade,6H,0.003,0.015,0.025,1,0.0,10.0,148.0,0.0,-100.0,1968,1054,914,53.56,100.0,0.936,-4.093,2934,203.03,37.18,0.0,-100.0,0.0,-99.89
ETH-USDT-SWAP,fade,6H,0.003,0.015,0.03,1,0.0,10.0,148.0,0.0,-100.0,1968,1064,904,54.07,100.0,0.95,-4.093,2934,241.41,63.12,0.0,-100.0,0.0,-99.93
ETH-USDT-SWAP,fade,6H,0.003,0.02,0.01,1,0.0,10.0,148.0,0.0,-100.0,1968,805,1163,40.9,100.0,0.71,-4.093,2934,0.01,-99.99,0.0,-100.0,0.0,-100.0
ETH-USDT-SWAP,fade,6H,0.003,0.02,0.015,1,0.0,10.0,148.0,0.0,-100.0,1968,885,1083,44.97,100.0,0.692,-4.093,2934,0.04,-99.98,0.0,-100.0,0.0,-100.0
ETH-USDT-SWAP,fade,6H,0.003,0.02,0.02,1,0.0,10.0,148.0,0.0,-100.0,1968,918,1050,46.65,100.0,0.73,-4.093,2934,0.01,-99.99,0.0,-100.0,0.0,-100.0
ETH-USDT-SWAP,fade,6H,0.003,0.02,0.025,1,0.0,10.0,148.0,0.0,-100.0,1968,936,1032,47.56,100.0,0.73,-4.093,2934,0.06,-99.96,0.0,-100.0,0.0,-100.0
ETH-USDT-SWAP,fade,6H,0.003,0.02,0.03,1,0.0,10.0,148.0,0.0,-100.0,1968,942,1026,47.87,100.0,0.692,-4.093,2934,0.03,-99.98,0.0,-100.0,0.0,-100.0
ETH-USDT-SWAP,fade,6H,0.003,0.03,0.01,1,0.0,10.0,148.0,0.0,-100.0,1968,765,1203,38.87,100.0,0.65,-4.093,2934,0.01,-99.99,0.0,-100.0,0.0,-100.0
ETH-USDT-SWAP,fade,6H,0.003,0.03,0.015,1,0.0,10.0,148.0,0.0,-100.0,1968,845,1123,42.94,100.0,0.611,-4.093,2934,0.01,-99.99,0.0,-100.0,0.0,-100.0
ETH-USDT-SWAP,fade,6H,0.003,0.03,0.02,1,0.0,10.0,148.0,0.0,-100.0,1968,876,1092,44.51,100.0,0.616,-4.093,2934,0.0,-100.0,0.0,-100.0,0.0,-100.0
ETH-USDT-SWAP,fade,6H,0.003,0.03,0.025,1,0.0,10.0,148.0,0.0,-100.0,1968,889,1079,45.17,100.0,0.549,-4.093,2934,0.0,-100.0,0.0,-100.0,0.0,-100.0
ETH-USDT-SWAP,fade,6H,0.003,0.03,0.03,1,0.0,10.0,148.0,0.0,-100.0,1968,895,1073,45.48,100.0,0.487,-4.093,2934,0.0,-100.0,0.0,-100.0,0.0,-100.0
ETH-USDT-SWAP,fade,6H,0.005,0.006,0.01,1,0.0,10.0,148.0,7048.76,4662.68,1679,1281,398,76.3,90.75,1.026,190.833,2934,6398.95,4223.62,10129.99,58.31,7048.76,-30.42
ETH-USDT-SWAP,fade,6H,0.005,0.006,0.015,1,0.0,10.0,148.0,304125.67,205390.32,1679,1435,244,85.47,53.92,1.685,8406.152,2934,88118.48,59439.51,238258.53,170.38,304125.67,27.65
ETH-USDT-SWAP,fade,6H,0.005,0.006,0.02,1,0.0,10.0,148.0,414306.33,279836.71,1679,1491,188,88.8,64.87,2.125,11453.071,2934,96498.49,65101.68,313459.81,224.83,414306.33,32.17
ETH-USDT-SWAP,fade,6H,0.005,0.006,0.025,1,0.0,10.0,148.0,451087.73,304689.01,1679,1514,165,90.17,46.71,2.263,12470.219,2934,106145.56,71619.97,344813.52,224.85,451087.73,30.82
ETH-USDT-SWAP,fade,6H,0.005,0.006,0.03,1,0.0,10.0,148.0,509330.38,344042.15,1679,1533,146,91.3,44.46,2.611,14080.852,2934,117646.06,79390.58,372837.24,216.91,509330.38,36.61
ETH-USDT-SWAP,fade,6H,0.005,0.008,0.01,1,0.0,10.0,148.0,203750.65,137569.36,1679,1180,499,70.28,45.89,1.316,5630.397,2934,46163.95,31091.86,162879.31,252.83,203750.65,25.09
ETH-USDT-SWAP,fade,6H,0.005,0.008,0.015,1,0.0,10.0,148.0,461437.41,311682.04,1679,1318,361,78.5,47.29,1.817,12756.427,2934,134479.25,90764.36,368516.03,174.03,461437.41,25.22
ETH-USDT-SWAP,fade,6H,0.005,0.008,0.02,1,0.0,10.0,148.0,555343.06,375131.79,1679,1368,311,81.48,61.36,2.079,15353.279,2934,142859.83,96426.91,428894.0,200.22,555343.06,29.48
ETH-USDT-SWAP,fade,6H,0.005,0.008,0.025,1,0.0,10.0,148.0,592660.38,400346.2,1679,1390,289,82.79,46.71,2.162,16385.247,2934,152912.67,103219.37,462283.64,202.32,592660.38,28.2
ETH-USDT-SWAP,fade,6H,0.005,0.008,0.03,1,0.0,10.0,148.0,637573.01,430692.57,1679,1406,273,83.74,41.48,2.305,17627.254,2934,165602.32,111793.46,489800.05,195.77,637573.01,30.17
ETH-USDT-SWAP,fade,6H,0.005,0.01,0.01,1,0.0,10.0,148.0,185294.48,125098.97,1679,1062,617,63.25,61.33,1.242,5120.013,2934,49476.96,33330.38,170233.54,244.07,185294.48,8.85
ETH-USDT-SWAP,fade,6H,0.005,0.01,0.015,1,0.0,10.0,148.0,424407.26,286661.66,1679,1185,494,70.58,50.05,1.577,11732.401,2934,142279.35,96034.69,362006.11,154.43,424407.26,17.24
ETH-USDT-SWAP,fade,6H,0.005,0.01,0.02,1,0.0,10.0,148.0,482926.32,326201.57,1679,1229,450,73.2,58.56,1.68,13350.678,2934,141626.14,95593.34,396434.28,179.92,482926.32,21.82
ETH-USDT-SWAP,fade,6H,0.005,0.01,0.025,1,0.0,10.0,148.0,508116.6,343222.03,1679,1246,433,74.21,46.71,1.697,14047.286,2934,157387.27,106242.75,411381.67,161.38,508116.6,23.51
ETH-USDT-SWAP,fade,6H,0.005,0.01,0.03,1,0.0,10.0,148.0,549773.77,371368.76,1679,1260,419,75.04,46.12,1.761,15199.267,2934,175866.92,118729.0,438761.67,149.49,549773.77,25.3
ETH-USDT-SWAP,fade,6H,0.005,0.015,0.01,1,0.0,10.0,148.0,0.0,-100.0,1679,831,848,49.49,100.0,0.97,-4.093,2934,361.98,144.58,0.37,-99.9,0.0,-98.75
ETH-USDT-SWAP,fade,6H,0.005,0.015,0.015,1,0.0,10.0,148.0,4.18,-97.18,1679,924,755,55.03,99.98,0.998,-3.977,2934,8042.91,5334.4,95.24,-98.82,4.18,-95.62
ETH-USDT-SWAP,fade,6H,0.005,0.015,0.02,1,0.0,10.0,148.0,14.86,-89.96,1679,958,721,57.06,99.93,0.999,-3.682,2934,10363.92,6902.65,276.88,-97.33,14.86,-94.63
ETH-USDT-SWAP,fade,6H,0.005,0.015,0.025,1,0.0,10.0,148.0,2.35,-98.41,1679,972,707,57.89,99.99,0.999,-4.028,2934,20476.17,13735.25,127.75,-99.38,2.35,-98.16
ETH-USDT-SWAP,fade,6H,0.005,0.015,0.03,1,0.0,10.0,148.0,61205.61,41255.14,1679,981,698,58.43,86.79,1.056,1688.478,2934,41451.69,27907.9,67150.4,62.0,61205.61,-8.85
ETH-USDT-SWAP,fade,6H,0.005,0.02,0.01,1,0.0,10.0,148.0,0.0,-100.0,1679,716,963,42.64,100.0,0.618,-4.093,2934,0.76,-99.49,0.0,-100.0,0.0,-99.94
ETH-USDT-SWAP,fade,6H,0.005,0.02,0.015,1,0.0,10.0,148.0,0.0,-100.0,1679,797,882,47.47,100.0,0.724,-4.093,2934,2.96,-98.0,0.0,-100.0,0.0,-99.9
ETH-USDT-SWAP,fade,6H,0.005,0.02,0.02,1,0.0,10.0,148.0,0.0,-100.0,1679,829,850,49.37,100.0,0.664,-4.093,2934,2.19,-98.52,0.0,-100.0,0.0,-99.92
ETH-USDT-SWAP,fade,6H,0.005,0.02,0.025,1,0.0,10.0,148.0,0.0,-100.0,1679,838,841,49.91,100.0,0.647,-4.093,2934,2.36,-98.4,0.0,-100.0,0.0,-99.98
ETH-USDT-SWAP,fade,6H,0.005,0.02,0.03,1,0.0,10.0,148.0,0.0,-100.0,1679,846,833,50.39,100.0,0.715,-4.093,2934,4.93,-96.67,0.0,-100.0,0.0,-99.99
ETH-USDT-SWAP,fade,6H,0.005,0.03,0.01,1,0.0,10.0,148.0,0.0,-100.0,1679,668,1011,39.79,100.0,0.588,-4.093,2934,0.06,-99.96,0.0,-100.0,0.0,-99.99
ETH-USDT-SWAP,fade,6H,0.005,0.03,0.015,1,0.0,10.0,148.0,0.0,-100.0,1679,745,934,44.37,100.0,0.657,-4.093,2934,0.06,-99.96,0.0,-100.0,0.0,-100.0
ETH-USDT-SWAP,fade,6H,0.005,0.03,0.02,1,0.0,10.0,148.0,0.0,-100.0,1679,773,906,46.04,100.0,0.564,-4.093,2934,0.02,-99.98,0.0,-100.0,0.0,-100.0
ETH-USDT-SWAP,fade,6H,0.005,0.03,0.025,1,0.0,10.0,148.0,0.0,-100.0,1679,781,898,46.52,100.0,0.497,-4.093,2934,0.01,-99.99,0.0,-100.0,0.0,-100.0
ETH-USDT-SWAP,fade,6H,0.005,0.03,0.03,1,0.0,10.0,148.0,0.0,-100.0,1679,787,892,46.87,100.0,0.545,-4.093,2934,0.02,-99.99,0.0,-100.0,0.0,-100.0
ETH-USDT-SWAP,fade,6H,0.007,0.006,0.01,1,0.0,10.0,148.0,36646.24,24660.97,1446,1119,327,77.39,91.09,1.095,1009.317,2934,12032.11,8029.81,35289.87,193.3,36646.24,3.84
ETH-USDT-SWAP,fade,6H,0.007,0.006,0.015,1,0.0,10.0,148.0,250616.79,169235.67,1446,1245,201,86.1,62.88,1.686,6926.426,2934,54887.6,36986.21,183066.38,233.53,250616.79,36.9
ETH-USDT-SWAP,fade,6H,0.007,0.006,0.02,1,0.0,10.0,148.0,316853.73,213990.36,1446,1288,158,89.07,75.02,1.975,8758.132,2934,64843.74,43713.34,234153.31,261.1,316853.73,35.32
ETH-USDT-SWAP,fade,6H,0.007,0.006,0.025,1,0.0,10.0,148.0,369586.65,249620.71,1446,1314,132,90.87,32.56,2.189,10216.4,2934,81966.39,55282.69,268090.96,227.07,369586.65,37.86
ETH-USDT-SWAP,fade,6H,0.007,0.006,0.03,1,0.0,10.0,148.0,435247.55,293986.18,1446,1335,111,92.32,39.11,2.698,12032.177,2934,84759.84,57170.16,314101.86,270.58,435247.55,38.57
ETH-USDT-SWAP,fade,6H,0.007,0.008,0.01,1,0.0,10.0,148.0,223862.82,151158.66,1446,1050,396,72.61,49.31,1.406,6186.575,2934,62787.04,42323.68,184257.55,193.46,223862.82,21.49
ETH-USDT-SWAP,fade,6H,0.007,0.008,0.015,1,0.0,10.0,148.0,433197.4,292600.95,1446,1168,278,80.77,56.34,1.936,11975.482,2934,98545.9,66485.06,321958.38,226.71,433197.4,34.55
ETH-USDT-SWAP,fade,6H,0.007,0.008,0.02,1,0.0,10.0,148.0,494563.05,334064.22,1446,1207,239,83.47,68.95,2.131,13672.478,2934,103626.51,69917.91,364602.9,251.84,494563.05,35.64
ETH-USDT-SWAP,fade,6H,0.007,0.008,0.025,1,0.0,10.0,148.0,542216.69,366262.63,1446,1230,216,85.06,32.56,2.251,14990.285,2934,121946.39,82296.21,393597.16,222.76,542216.69,37.76
ETH-USDT-SWAP,fade,6H,0.007,0.008,0.03,1,0.0,10.0,148.0,602206.62,406796.37,1446,1249,197,86.38,38.78,2.538,16649.237,2934,126203.25,85172.47,438632.1,247.56,602206.62,37.29
ETH-USDT-SWAP,fade,6H,0.007,0.01,0.01,1,0.0,10.0,148.0,272674.17,184139.3,1446,967,479,66.87,59.61,1.425,7536.397,2934,88014.73,59369.41,235351.64,167.4,272674.17,15.86
ETH-USDT-SWAP,fade,6H,0.007,0.01,0.015,1,0.0,10.0,148.0,472331.68,319043.03,1446,1075,371,74.34,56.18,1.811,13057.695,2934,128120.41,86467.84,369411.17,188.33,472331.68,27.86
ETH-USDT-SWAP,fade,6H,0.007,0.01,0.02,1,0.0,10.0,148.0,528484.07,356983.83,1446,1112,334,76.9,70.36,1.941,14610.525,2934,124680.67,84143.69,404272.73,224.25,528484.07,30.72
ETH-USDT-SWAP,fade,6H,0.007,0.01,0.025,1,0.0,10.0,148.0,571457.97,386020.25,1446,1133,313,78.35,39.54,1.995,15798.919,2934,145477.44,98195.57,435305.28,199.23,571457.97,31.28
ETH-USDT-SWAP,fade,6H,0.007,0.01,0.03,1,0.0,10.0,148.0,629563.71,425280.88,1446,1150,296,79.53,43.68,2.164,17405.766,2934,155194.62,104761.23,489067.49,215.13,629563.71,28.73
ETH-USDT-SWAP,fade,6H,0.007,0.015,0.01,1,0.0,10.0,148.0,75130.77,50664.03,1446,779,667,53.87,66.8,1.092,2073.562,2934,24788.3,16648.85,93114.61,275.64,75130.77,-19.31
ETH-USDT-SWAP,fade,6H,0.007,0.015,0.015,1,0.0,10.0,148.0,158125.39,106741.48,1446,850,596,58.78,67.9,1.184,4368.683,2934,51100.58,34427.42,134736.23,163.67,158125.39,17.36
ETH-USDT-SWAP,fade,6H,0.007,0.015,0.02,1,0.0,10.0,148.0,181855.05,122775.04,1446,879,567,60.79,75.94,1.21,5024.899,2934,47435.19,31950.8,158777.24,234.72,181855.05,14.53
ETH-USDT-SWAP,fade,6H,0.007,0.015,0.025,1,0.0,10.0,148.0,192122.05,129712.2,1446,894,552,61.83,55.13,1.207,5308.821,2934,67336.49,45397.63,157847.92,134.42,192122.05,21.71
ETH-USDT-SWAP,fade,6H,0.007,0.015,0.03,1,0.0,10.0,148.0,221492.85,149557.33,1446,906,540,62.66,53.59,1.233,6121.037,2934,81745.99,55133.78,194765.45,138.26,221492.85,13.72
ETH-USDT-SWAP,fade,6H,0.007,0.02,0.01,1,0.0,10.0,148.0,0.0,-100.0,1446,672,774,46.47,100.0,0.916,-4.093,2934,125.94,-14.91,0.0,-100.0,0.0,-99.2
ETH-USDT-SWAP,fade,6H,0.007,0.02,0.015,1,0.0,10.0,148.0,0.0,-100.0,1446,738,708,51.04,100.0,0.918,-4.093,2934,130.38,-11.9,0.0,-100.0,0.0,-98.21
ETH-USDT-SWAP,fade,6H,0.007,0.02,0.02,1,0.0,10.0,148.0,0.0,-100.0,1446,763,683,52.77,100.0,0.904,-4.093,2934,158.51,7.1,0.0,-100.0,0.0,-99.31
ETH-USDT-SWAP,fade,6H,0.007,0.02,0.025,1,0.0,10.0,148.0,0.0,-100.0,1446,775,671,53.6,100.0,0.93,-4.093,2934,207.23,40.02,0.0,-100.0,0.0,-99.36
ETH-USDT-SWAP,fade,6H,0.007,0.02,0.03,1,0.0,10.0,148.0,0.0,-100.0,1446,783,663,54.15,100.0,0.957,-4.093,2934,324.61,119.33,0.0,-100.0,0.0,-99.73
ETH-USDT-SWAP,fade,6H,0.007,0.03,0.01,1,0.0,10.0,148.0,0.0,-100.0,1446,614,832,42.46,100.0,0.773,-4.093,2934,1.29,-99.13,0.0,-100.0,0.0,-99.93
ETH-USDT-SWAP,fade,6H,0.007,0.03,0.015,1,0.0,10.0,148.0,0.0,-100.0,1446,673,773,46.54,100.0,0.752,-4.093,2934,0.49,-99.67,0.0,-100.0,0.0,-99.97
ETH-USDT-SWAP,fade,6H,0.007,0.03,0.02,1,0.0,10.0,148.0,0.0,-100.0,1446,695,751,48.06,100.0,0.68,-4.093,2934,0.35,-99.76,0.0,-100.0,0.0,-99.99
ETH-USDT-SWAP,fade,6H,0.007,0.03,0.025,1,0.0,10.0,148.0,0.0,-100.0,1446,703,743,48.62,100.0,0.632,-4.093,2934,0.19,-99.87,0.0,-100.0,0.0,-99.99
ETH-USDT-SWAP,fade,6H,0.007,0.03,0.03,1,0.0,10.0,148.0,0.0,-100.0,1446,708,738,48.96,100.0,0.678,-4.093,2934,0.21,-99.86,0.0,-100.0,0.0,-100.0
ETH-USDT-SWAP,fade,6H,0.01,0.006,0.01,1,0.0,10.0,148.0,50.79,-65.68,1121,841,280,75.02,98.19,0.993,-2.688,2934,1570.45,961.11,233.03,-85.16,50.79,-78.2
ETH-USDT-SWAP,fade,6H,0.01,0.006,0.015,1,0.0,10.0,148.0,84961.71,57306.56,1121,942,179,84.03,84.51,1.271,2345.425,2934,13452.8,8989.73,68007.1,405.52,84961.71,24.93
ETH-USDT-SWAP,fade,6H,0.01,0.006,0.02,1,0.0,10.0,148.0,165844.08,111956.81,1121,987,134,88.05,47.87,1.507,4582.134,2934,36859.57,24805.12,146052.44,296.24,165844.08,13.55
ETH-USDT-SWAP,fade,6H,0.01,0.006,0.025,1,0.0,10.0,148.0,224744.91,151754.67,1121,1015,106,90.54,32.77,1.769,6210.969,2934,44611.35,30042.8,165694.05,271.42,224744.91,35.64
ETH-USDT-SWAP,fade,6H,0.01,0.006,0.03,1,0.0,10.0,148.0,285882.81,193064.06,1121,1034,87,92.24,32.3,2.17,7901.667,2934,49102.04,33077.06,217981.96,343.94,285882.81,31.15
ETH-USDT-SWAP,fade,6H,0.01,0.008,0.01,1,0.0,10.0,148.0,143357.56,96763.21,1121,809,312,72.17,66.61,1.333,3960.295,2934,25781.56,17319.97,109498.77,324.72,143357.56,30.92
ETH-USDT-SWAP,fade,6H,0.01,0.008,0.015,1,0.0,10.0,148.0,279939.35,189048.21,1121,900,221,80.29,64.53,1.722,7737.307,2934,58440.79,39387.02,213679.27,265.63,279939.35,31.01
ETH-USDT-SWAP,fade,6H,0.01,0.008,0.02,1,0.0,10.0,148.0,338282.26,228469.09,1121,937,184,83.59,61.84,1.899,9350.713,2934,73021.28,49238.7,268250.02,267.36,338282.26,26.11
ETH-USDT-SWAP,fade,6H,0.01,0.008,0.025,1,0.0,10.0,148.0,403642.34,272631.31,1121,964,157,85.99,46.93,2.174,11158.171,2934,81002.03,54631.1,293813.84,262.72,403642.34,37.38
ETH-USDT-SWAP,fade,6H,0.01,0.008,0.03,1,0.0,10.0,148.0,454503.67,306997.07,1121,980,141,87.42,53.96,2.487,12564.682,2934,82805.67,55849.78,343642.85,315.0,454503.67,32.26
ETH-USDT-SWAP,fade,6H,0.01,0.01,0.01,1,0.0,10.0,148.0,232731.3,157150.88,1121,754,367,67.26,43.48,1.476,6431.823,2934,56505.41,38079.33,175122.61,209.92,232731.3,32.9
ETH-USDT-SWAP,fade,6H,0.01,0.01,0.015,1,0.0,10.0,148.0,366685.7,247660.61,1121,836,285,74.58,59.83,1.801,10136.178,2934,84340.32,56886.71,271899.15,222.38,366685.7,34.86
ETH-USDT-SWAP,fade,6H,0.01,0.01,0.02,1,0.0,10.0,148.0,408225.41,275727.98,1121,866,255,77.25,62.3,1.88,11284.911,2934,94947.69,64053.84,309888.66,226.38,408225.41,31.73
ETH-USDT-SWAP,fade,6H,0.01,0.01,0.025,1,0.0,10.0,148.0,468370.75,316366.72,1121,891,230,79.48,46.93,2.038,12948.161,2934,107304.07,72402.75,337977.73,214.97,468370.75,38.58
ETH-USDT-SWAP,fade,6H,0.01,0.01,0.03,1,0.0,10.0,148.0,507801.31,343008.99,1121,905,216,80.73,53.96,2.189,14038.567,2934,102687.43,69283.4,376127.61,266.28,507801.31,35.01
ETH-USDT-SWAP,fade,6H,0.01,0.015,0.01,1,0.0,10.0,148.0,162574.47,109747.62,1121,616,505,54.95,59.39,1.255,4491.717,2934,56500.63,38076.1,162181.66,187.04,162574.47,0.24
ETH-USDT-SWAP,fade,6H,0.01,0.015,0.015,1,0.0,10.0,148.0,238944.51,161348.99,1121,680,441,60.66,63.72,1.365,6603.642,2934,64191.73,43272.79,204428.52,218.47,238944.51,16.88
ETH-USDT-SWAP,fade,6H,0.01,0.015,0.02,1,0.0,10.0,148.0,255995.97,172870.25,1121,704,417,62.8,71.71,1.371,7075.181,2934,72607.79,48959.32,216403.34,198.04,255995.97,18.3
ETH-USDT-SWAP,fade,6H,0.01,0.015,0.025,1,0.0,10.0,148.0,304048.21,205337.98,1121,722,399,64.41,46.93,1.422,8404.01,2934,104258.63,70345.02,250495.1,140.26,304048.21,21.38
ETH-USDT-SWAP,fade,6H,0.01,0.015,0.03,1,0.0,10.0,148.0,346978.67,234345.05,1121,735,386,65.57,53.96,1.495,9591.202,2934,101167.44,68256.38,294638.33,191.24,346978.67,17.76
ETH-USDT-SWAP,fade,6H,0.01,0.02,0.01,1,0.0,10.0,148.0,0.04,-99.97,1121,522,599,46.57,100.0,0.992,-4.092,2934,1105.65,647.06,2.65,-99.76,0.04,-98.36
ETH-USDT-SWAP,fade,6H,0.01,0.02,0.015,1,0.0,10.0,148.0,0.1,-99.93,1121,574,547,51.2,100.0,0.992,-4.09,2934,1797.06,1114.23,6.12,-99.66,0.1,-98.31
ETH-USDT-SWAP,fade,6H,0.01,0.02,0.02,1,0.0,10.0,148.0,0.01,-100.0,1121,596,525,53.17,100.0,0.996,-4.093,2934,2614.33,1666.44,1.57,-99.94,0.01,-99.55
ETH-USDT-SWAP,fade,6H,0.01,0.02,0.025,1,0.0,10.0,148.0,0.01,-100.0,1121,609,512,54.33,100.0,0.999,-4.093,2934,12779.18,8534.58,2.22,-99.98,0.01,-99.76
ETH-USDT-SWAP,fade,6H,0.01,0.02,0.03,1,0.0,10.0,148.0,0.07,-99.95,1121,620,501,55.31,100.0,0.999,-4.091,2934,7747.53,5134.82,28.92,-99.63,0.07,-99.76
ETH-USDT-SWAP,fade,6H,0.01,0.03,0.01,1,0.0,10.0,148.0,0.0,-100.0,1121,454,667,40.5,100.0,0.71,-4.093,2934,0.89,-99.4,0.0,-100.0,0.0,-99.84
ETH-USDT-SWAP,fade,6H,0.01,0.03,0.015,1,0.0,10.0,148.0,0.0,-100.0,1121,500,621,44.6,100.0,0.622,-4.093,2934,0.39,-99.74,0.0,-100.0,0.0,-99.93
ETH-USDT-SWAP,fade,6H,0.01,0.03,0.02,1,0.0,10.0,148.0,0.0,-100.0,1121,517,604,46.12,100.0,0.608,-4.093,2934,0.4,-99.73,0.0,-100.0,0.0,-99.98
ETH-USDT-SWAP,fade,6H,0.01,0.03,0.025,1,0.0,10.0,148.0,0.0,-100.0,1121,526,595,46.92,100.0,0.663,-4.093,2934,0.68,-99.54,0.0,-100.0,0.0,-99.99
ETH-USDT-SWAP,fade,6H,0.01,0.03,0.03,1,0.0,10.0,148.0,0.0,-100.0,1121,532,589,47.46,100.0,0.594,-4.093,2934,0.16,-99.89,0.0,-100.0,0.0,-99.99
ETH-USDT-SWAP,reversal,12H,0.001,0.006,0.01,1,0.0,10.0,148.0,0.8,-99.46,836,604,232,72.25,99.79,0.891,-4.071,1468,96.99,-34.46,6.66,-93.14,0.8,-87.94
ETH-USDT-SWAP,reversal,12H,0.001,0.006,0.015,1,0.0,10.0,148.0,1381.88,833.71,836,687,149,82.18,79.38,1.052,34.122,1468,1041.34,603.6,2342.74,124.97,1381.88,-41.01
ETH-USDT-SWAP,reversal,12H,0.001,0.006,0.02,1,0.0,10.0,148.0,56041.75,37766.04,836,720,116,86.12,78.93,1.308,1545.677,1468,4027.92,2621.57,43529.24,980.69,56041.75,28.75
ETH-USDT-SWAP,reversal,12H,0.001,0.006,0.025,1,0.0,10.0,148.0,54251.93,36556.71,836,732,104,87.56,77.51,1.354,1496.182,1468,2565.28,1633.3,24940.91,872.25,54251.93,117.52
ETH-USDT-SWAP,reversal,12H,0.001,0.006,0.03,1,0.0,10.0,148.0,31347.23,21080.56,836,739,97,88.4,84.02,1.394,862.779,1468,1279.46,764.5,5980.8,367.45,31347.23,424.13
ETH-USDT-SWAP,reversal,12H,0.001,0.008,0.01,1,0.0,10.0,148.0,1.65,-98.88,836,543,293,64.95,99.69,0.937,-4.047,1468,115.0,-22.29,22.12,-80.77,1.65,-92.53
ETH-USDT-SWAP,reversal,12H,0.001,0.008,0.015,1,0.0,10.0,148.0,1388.23,837.99,836,622,214,74.4,90.84,1.026,34.297,1468,790.51,434.13,4826.55,510.56,1388.23,-71.24
ETH-USDT-SWAP,reversal,12H,0.001,0.008,0.02,1,0.0,10.0,148.0,39959.79,26899.86,836,651,185,77.87,85.82,1.176,1100.949,1468,1633.63,1003.81,43007.48,2532.63,39959.79,-7.09
ETH-USDT-SWAP,reversal,12H,0.001,0.008,0.025,1,0.0,10.0,148.0,41581.41,27995.55,836,664,172,79.43,88.35,1.212,1145.793,1468,845.37,471.2,32032.41,3689.15,41581.41,29.81
ETH-USDT-SWAP,reversal,12H,0.001,0.008,0.03,1,0.0,10.0,148.0,1861.06,1157.47,836,670,166,80.14,96.05,1.046,47.373,1468,235.21,58.93,3462.63,1372.15,1861.06,-46.25
ETH-USDT-SWAP,reversal,12H,0.001,0.01,0.01,1,0.0,10.0,148.0,0.24,-99.84,836,486,350,58.13,99.93,0.922,-4.086,1468,91.93,-37.89,5.9,-93.58,0.24,-95.87
ETH-USDT-SWAP,reversal,12H,0.001,0.01,0.015,1,0.0,10.0,148.0,12.52,-91.54,836,554,282,66.27,98.87,0.979,-3.747,1468,867.6,486.21,150.95,-82.6,12.52,-91.71
ETH-USDT-SWAP,reversal,12H,0.001,0.01,0.02,1,0.0,10.0,148.0,182.05,23.01,836,586,250,70.1,97.54,1.001,0.942,1468,2746.61,1755.82,4007.47,45.91,182.05,-95.46
ETH-USDT-SWAP,reversal,12H,0.001,0.01,0.025,1,0.0,10.0,148.0,439.95,197.26,836,600,236,71.77,98.17,1.008,8.074,1468,2096.55,1316.59,4113.96,96.23,439.95,-89.31
ETH-USDT-SWAP,reversal,12H,0.001,0.01,0.03,1,0.0,10.0,148.0,14.64,-90.11,836,605,231,72.37,98.35,0.979,-3.688,1468,583.33,294.14,273.1,-53.18,14.64,-94.64
ETH-USDT-SWAP,reversal,12H,0.001,0.015,0.01,1,0.0,10.0,148.0,0.0,-100.0,836,373,463,44.62,100.0,0.82,-4.093,1468,9.06,-93.88,0.0,-99.98,0.0,-99.24
ETH-USDT-SWAP,reversal,12H,0.001,0.015,0.015,1,0.0,10.0,148.0,0.0,-100.0,836,444,392,53.11,100.0,0.783,-4.093,1468,22.78,-84.61,0.01,-99.94,0.0,-95.38
ETH-USDT-SWAP,reversal,12H,0.001,0.015,0.02,1,0.0,10.0,148.0,0.0,-100.0,836,472,364,56.46,100.0,0.819,-4.093,1468,28.88,-80.48,0.03,-99.89,0.0,-97.35
ETH-USDT-SWAP,reversal,12H,0.001,0.015,0.025,1,0.0,10.0,148.0,0.0,-100.0,836,485,351,58.01,100.0,0.849,-4.093,1468,30.94,-79.1,0.02,-99.95,0.0,-97.77
ETH-USDT-SWAP,reversal,12H,0.001,0.015,0.03,1,0.0,10.0,148.0,0.0,-100.0,836,493,343,58.97,100.0,0.841,-4.093,1468,19.55,-86.79,0.0,-100.0,0.0,-98.43
ETH-USDT-SWAP,reversal,12H,0.001,0.02,0.01,1,0.0,10.0,148.0,0.0,-100.0,836,327,509,39.11,100.0,0.703,-4.093,1468,2.12,-98.57,0.0,-100.0,0.0,-99.73
ETH-USDT-SWAP,reversal,12H,0.001,0.02,0.015,1,0.0,10.0,148.0,0.0,-100.0,836,393,443,47.01,100.0,0.682,-4.093,1468,2.82,-98.1,0.0,-99.99,0.0,-99.21
ETH-USDT-SWAP,reversal,12H,0.001,0.02,0.02,1,0.0,10.0,148.0,0.0,-100.0,836,419,417,50.12,100.0,0.791,-4.093,1468,4.63,-96.87,0.0,-99.99,0.0,-99.69
ETH-USDT-SWAP,reversal,12H,0.001,0.02,0.025,1,0.0,10.0,148.0,0.0,-100.0,836,431,405,51.56,100.0,0.791,-4.093,1468,2.74,-98.15,0.0,-100.0,0.0,-99.83
ETH-USDT-SWAP,reversal,12H,0.001,0.02,0.03,1,0.0,10.0,148.0,0.0,-100.0,836,439,397,52.51,100.0,0.758,-4.093,1468,1.76,-98.81,0.0,-100.0,0.0,-99.92
ETH-USDT-SWAP,reversal,12H,0.001,0.03,0.01,1,0.0,10.0,148.0,0.0,-100.0,836,286,550,34.21,100.0,0.61,-4.093,1468,0.27,-99.82,0.0,-100.0,0.0,-99.95
ETH-USDT-SWAP,reversal,12H,0.001,0.03,0.015,1,0.0,10.0,148.0,0.0,-100.0,836,352,484,42.11,100.0,0.566,-4.093,1468,0.15,-99.9,0.0,-100.0,0.0,-99.85
ETH-USDT-SWAP,reversal,12H,0.001,0.03,0.02,1,0.0,10.0,148.0,0.0,-100.0,836,376,460,44.98,100.0,0.681,-4.093,1468,0.22,-99.85,0.0,-100.0,0.0,-99.99
ETH-USDT-SWAP,reversal,12H,0.001,0.03,0.025,1,0.0,10.0,148.0,0.0,-100.0,836,386,450,46.17,100.0,0.611,-4.093,1468,0.06,-99.96,0.0,-100.0,0.0,-99.99
ETH-USDT-SWAP,reversal,12H,0.001,0.03,0.03,1,0.0,10.0,148.0,0.0,-100.0,836,396,440,47.37,100.0,0.513,-4.093,1468,0.03,-99.98,0.0,-100.0,0.0,-99.99
ETH-USDT-SWAP,reversal,12H,0.002,0.006,0.01,1,0.0,10.0,148.0,9.58,-93.53,799,587,212,73.47,98.15,0.943,-3.828,1468,169.34,14.42,67.74,-60.0,9.58,-85.86
ETH-USDT-SWAP,reversal,12H,0.002,0.006,0.015,1,0.0,10.0,148.0,23645.52,15876.7,799,664,135,83.1,72.61,1.135,649.797,1468,1772.23,1097.46,24678.78,1292.52,23645.52,-4.19
ETH-USDT-SWAP,reversal,12H,0.002,0.006,0.02,1,0.0,10.0,148.0,87980.13,59346.03,799,694,105,86.86,67.1,1.427,2428.896,1468,5161.8,3387.7,78676.89,1424.21,87980.13,11.82
ETH-USDT-SWAP,reversal,12H,0.002,0.006,0.025,1,0.0,10.0,148.0,104729.68,70663.3,799,708,91,88.61,58.16,1.574,2892.086,1468,3786.34,2458.34,74689.94,1872.61,104729.68,40.22
ETH-USDT-SWAP,reversal,12H,0.002,0.006,0.03,1,0.0,10.0,148.0,115173.77,77720.12,799,716,83,89.61,64.64,1.655,3180.905,1468,2209.18,1392.69,74034.03,3251.2,115173.77,55.57
ETH-USDT-SWAP,reversal,12H,0.002,0.008,0.01,1,0.0,10.0,148.0,28.41,-80.81,799,532,267,66.58,97.94,0.963,-3.307,1468,125.71,-15.06,136.62,8.68,28.41,-79.21
ETH-USDT-SWAP,reversal,12H,0.002,0.008,0.015,1,0.0,10.0,148.0,31507.08,21188.57,799,607,192,75.97,73.09,1.163,867.199,1468,958.76,547.81,25509.54,2560.67,31507.08,23.51
ETH-USDT-SWAP,reversal,12H,0.002,0.008,0.02,1,0.0,10.0,148.0,84006.18,56660.93,799,638,161,79.85,76.67,1.395,2319.001,1468,1394.16,842.0,68895.76,4841.73,84006.18,21.93
ETH-USDT-SWAP,reversal,12H,0.002,0.008,0.025,1,0.0,10.0,148.0,78293.13,52800.76,799,652,147,81.6,84.13,1.409,2161.014,1468,502.47,239.51,46405.41,9135.4,78293.13,68.72
ETH-USDT-SWAP,reversal,12H,0.002,0.008,0.03,1,0.0,10.0,148.0,51635.9,34789.12,799,659,140,82.48,91.73,1.34,1423.839,1468,131.99,-10.82,15791.73,11864.48,51635.9,226.98
ETH-USDT-SWAP,reversal,12H,0.002,0.01,0.01,1,0.0,10.0,148.0,23.42,-84.18,799,484,315,60.58,97.17,0.971,-3.445,1468,158.69,7.22,234.08,47.5,23.42,-90.0
ETH-USDT-SWAP,reversal,12H,0.002,0.01,0.015,1,0.0,10.0,148.0,28481.02,19143.93,799,554,245,69.34,78.36,1.109,783.517,1468,1685.8,1039.06,35289.51,1993.33,28481.02,-19.29
ETH-USDT-SWAP,reversal,12H,0.002,0.01,0.02,1,0.0,10.0,148.0,61130.94,41204.69,799,578,221,72.34,86.98,1.211,1686.413,1468,2296.84,1451.92,72332.74,3049.23,61130.94,-15.49
ETH-USDT-SWAP,reversal,12H,0.002,0.01,0.025,1,0.0,10.0,148.0,45009.88,30312.08,799,592,207,74.09,88.79,1.178,1240.604,1468,1196.05,708.14,45519.6,3705.84,45009.88,-1.12
ETH-USDT-SWAP,reversal,12H,0.002,0.01,0.03,1,0.0,10.0,148.0,4619.82,3021.5,799,598,201,74.84,93.87,1.027,123.663,1468,375.31,153.59,20523.47,5368.42,4619.82,-77.49
ETH-USDT-SWAP,reversal,12H,0.002,0.015,0.01,1,0.0,10.0,148.0,0.0,-100.0,799,376,423,47.06,100.0,0.828,-4.093,1468,14.01,-90.53,0.04,-99.69,0.0,-93.36
ETH-USDT-SWAP,reversal,12H,0.002,0.015,0.015,1,0.0,10.0,148.0,0.06,-99.96,799,439,360,54.94,99.97,0.833,-4.091,1468,54.18,-63.39,0.65,-98.8,0.06,-90.64
ETH-USDT-SWAP,reversal,12H,0.002,0.015,0.02,1,0.0,10.0,148.0,0.28,-99.81,799,468,331,58.57,99.86,0.863,-4.085,1468,64.61,-56.35,3.58,-94.46,0.28,-92.27
ETH-USDT-SWAP,reversal,12H,0.002,0.015,0.025,1,0.0,10.0,148.0,0.04,-99.97,799,480,319,60.08,99.98,0.875,-4.092,1468,48.0,-67.57,0.98,-97.96,0.04,-95.98
ETH-USDT-SWAP,reversal,12H,0.002,0.015,0.03,1,0.0,10.0,148.0,0.0,-100.0,799,487,312,60.95,100.0,0.885,-4.093,1468,43.5,-70.61,0.19,-99.57,0.0,-97.46
ETH-USDT-SWAP,reversal,12H,0.002,0.02,0.01,1,0.0,10.0,148.0,0.0,-100.0,799,328,471,41.05,100.0,0.746,-4.093,1468,2.92,-98.03,0.0,-99.98,0.0,-96.32
ETH-USDT-SWAP,reversal,12H,0.002,0.02,0.015,1,0.0,10.0,148.0,0.0,-100.0,799,386,413,48.31,100.0,0.751,-4.093,1468,5.79,-96.09,0.0,-99.96,0.0,-97.75
ETH-USDT-SWAP,reversal,12H,0.002,0.02,0.02,1,0.0,10.0,148.0,0.0,-100.0,799,414,385,51.81,100.0,0.839,-4.093,1468,7.68,-94.81,0.01,-99.92,0.0,-98.63
ETH-USDT-SWAP,reversal,12H,0.002,0.02,0.025,1,0.0,10.0,148.0,0.0,-100.0,799,426,373,53.32,100.0,0.846,-4.093,1468,4.46,-96.99,0.0,-99.98,0.0,-99.48
ETH-USDT-SWAP,reversal,12H,0.002,0.02,0.03,1,0.0,10.0,148.0,0.0,-100.0,799,434,365,54.32,100.0,0.844,-4.093,1468,2.71,-98.17,0.0,-100.0,0.0,-99.53
ETH-USDT-SWAP,reversal,12H,0.002,0.03,0.01,1,0.0,10.0,148.0,0.0,-100.0,799,287,512,35.92,100.0,0.627,-4.093,1468,0.71,-99.52,0.0,-100.0,0.0,-99.68
ETH-USDT-SWAP,reversal,12H,0.002,0.03,0.015,1,0.0,10.0,148.0,0.0,-100.0,799,342,457,42.8,100.0,0.632,-4.093,1468,0.77,-99.48,0.0,-100.0,0.0,-99.85
ETH-USDT-SWAP,reversal,12H,0.002,0.03,0.02,1,0.0,10.0,148.0,0.0,-100.0,799,367,432,45.93,100.0,0.735,-4.093,1468,1.17,-99.21,0.0,-100.0,0.0,-99.97
ETH-USDT-SWAP,reversal,12H,0.002,0.03,0.025,1,0.0,10.0,148.0,0.0,-100.0,799,377,422,47.18,100.0,0.673,-4.093,1468,0.29,-99.8,0.0,-100.0,0.0,-99.99
ETH-USDT-SWAP,reversal,12H,0.002,0.03,0.03,1,0.0,10.0,148.0,0.0,-100.0,799,386,413,48.31,100.0,0.602,-4.093,1468,0.12,-99.92,0.0,-100.0,0.0,-99.98
ETH-USDT-SWAP,reversal,12H,0.003,0.006,0.01,1,0.0,10.0,148.0,269.37,82.01,766,588,178,76.76,84.58,1.012,3.356,1468,445.28,200.87,1365.08,206.57,269.37,-80.27
ETH-USDT-SWAP,reversal,12H,0.003,0.006,0.015,1,0.0,10.0,148.0,84979.54,57318.61,766,658,108,85.9,44.36,1.391,2345.919,1468,14282.8,9550.54,81243.84,468.82,84979.54,4.6
ETH-USDT-SWAP,reversal,12H,0.003,0.006,0.02,1,0.0,10.0,148.0,149310.79,100785.67,766,688,78,89.82,34.2,1.848,4124.925,1468,22436.87,15060.04,135742.82,505.0,149310.79,10.0
ETH-USDT-SWAP,reversal,12H,0.003,0.006,0.025,1,0.0,10.0,148.0,177856.19,120073.1,766,702,64,91.64,34.44,2.151,4914.315,1468,20748.1,13918.98,129164.05,522.53,177856.19,37.7
ETH-USDT-SWAP,reversal,12H,0.003,0.006,0.03,1,0.0,10.0,148.0,191872.97,129543.9,766,709,57,92.56,38.94,2.296,5301.933,1468,22483.01,15091.22,137576.14,511.91,191872.97,39.47
ETH-USDT-SWAP,reversal,12H,0.003,0.008,0.01,1,0.0,10.0,148.0,1623.21,996.77,766,533,233,69.58,84.3,1.027,40.795,1468,407.77,175.52,9206.05,2157.67,1623.21,-82.37
ETH-USDT-SWAP,reversal,12H,0.003,0.008,0.015,1,0.0,10.0,148.0,102439.6,69115.95,766,598,168,78.07,64.37,1.386,2828.756,1468,8252.84,5476.24,94340.93,1043.13,102439.6,8.58
ETH-USDT-SWAP,reversal,12H,0.003,0.008,0.02,1,0.0,10.0,148.0,153396.3,103546.15,766,626,140,81.72,55.22,1.614,4237.905,1468,10019.58,6669.99,132548.84,1222.9,153396.3,15.73
ETH-USDT-SWAP,reversal,12H,0.003,0.008,0.025,1,0.0,10.0,148.0,157158.68,106088.3,766,639,127,83.42,65.84,1.74,4341.95,1468,5894.37,3882.68,108156.93,1734.92,157158.68,45.31
ETH-USDT-SWAP,reversal,12H,0.003,0.008,0.03,1,0.0,10.0,148.0,165901.73,111995.77,766,647,119,84.46,71.04,1.794,4583.729,1468,4432.47,2894.91,106590.44,2304.76,165901.73,55.64
ETH-USDT-SWAP,reversal,12H,0.003,0.01,0.01,1,0.0,10.0,148.0,1024.51,592.24,766,484,282,63.19,90.78,1.014,24.239,1468,403.02,172.31,8336.47,1968.49,1024.51,-87.71
ETH-USDT-SWAP,reversal,12H,0.003,0.01,0.015,1,0.0,10.0,148.0,85344.48,57565.19,766,546,220,71.28,64.2,1.28,2356.01,1468,4534.13,2963.6,91862.21,1926.02,85344.48,-7.1
ETH-USDT-SWAP,reversal,12H,0.003,0.01,0.02,1,0.0,10.0,148.0,101866.84,68728.94,766,568,198,74.15,77.67,1.361,2812.917,1468,2690.56,1717.95,107526.53,3896.44,101866.84,-5.26
ETH-USDT-SWAP,reversal,12H,0.003,0.01,0.025,1,0.0,10.0,148.0,82424.24,55592.05,766,580,186,75.72,92.49,1.304,2275.255,1468,1348.26,810.99,76878.85,5602.09,82424.24,7.21
ETH-USDT-SWAP,reversal,12H,0.003,0.01,0.03,1,0.0,10.0,148.0,99837.71,67357.91,766,589,177,76.89,92.5,1.368,2756.804,1468,891.33,502.25,85409.23,9482.24,99837.71,16.89
ETH-USDT-SWAP,reversal,12H,0.003,0.015,0.01,1,0.0,10.0,148.0,0.23,-99.85,766,376,390,49.09,99.95,0.946,-4.086,1468,221.26,49.5,5.97,-97.3,0.23,-96.17
ETH-USDT-SWAP,reversal,12H,0.003,0.015,0.015,1,0.0,10.0,148.0,7.36,-95.03,766,439,327,57.31,99.6,0.986,-3.889,1468,1520.96,927.68,91.86,-93.96,7.36,-91.98
ETH-USDT-SWAP,reversal,12H,0.003,0.015,0.02,1,0.0,10.0,148.0,32.22,-78.23,766,464,302,60.57,97.7,0.988,-3.202,1468,1155.68,680.86,400.53,-65.34,32.22,-91.96
ETH-USDT-SWAP,reversal,12H,0.003,0.015,0.025,1,0.0,10.0,148.0,3.84,-97.41,766,476,290,62.14,99.58,0.971,-3.987,1468,816.66,451.79,44.7,-94.53,3.84,-91.41
ETH-USDT-SWAP,reversal,12H,0.003,0.015,0.03,1,0.0,10.0,148.0,1.76,-98.81,766,483,283,63.05,99.71,0.961,-4.044,1468,521.38,252.28,16.84,-96.77,1.76,-89.55
ETH-USDT-SWAP,reversal,12H,0.003,0.02,0.01,1,0.0,10.0,148.0,0.0,-100.0,766,329,437,42.95,100.0,0.833,-4.093,1468,25.59,-82.71,0.11,-99.55,0.0,-98.32
ETH-USDT-SWAP,reversal,12H,0.003,0.02,0.015,1,0.0,10.0,148.0,0.01,-99.99,766,389,377,50.78,100.0,0.864,-4.092,1468,41.21,-72.15,0.49,-98.81,0.01,-98.0
ETH-USDT-SWAP,reversal,12H,0.003,0.02,0.02,1,0.0,10.0,148.0,0.01,-100.0,766,413,353,53.92,100.0,0.894,-4.093,1468,33.97,-77.05,0.63,-98.13,0.01,-99.08
ETH-USDT-SWAP,reversal,12H,0.003,0.02,0.025,1,0.0,10.0,148.0,0.0,-100.0,766,424,342,55.35,100.0,0.905,-4.093,1468,26.72,-81.95,0.03,-99.87,0.0,-99.42
ETH-USDT-SWAP,reversal,12H,0.003,0.02,0.03,1,0.0,10.0,148.0,0.0,-100.0,766,432,334,56.4,100.0,0.907,-4.093,1468,18.64,-87.41,0.01,-99.95,0.0,-99.54
ETH-USDT-SWAP,reversal,12H,0.003,0.03,0.01,1,0.0,10.0,148.0,0.0,-100.0,766,287,479,37.47,100.0,0.729,-4.093,1468,9.06,-93.88,0.0,-100.0,0.0,-99.68
ETH-USDT-SWAP,reversal,12H,0.003,0.03,0.015,1,0.0,10.0,148.0,0.0,-100.0,766,344,422,44.91,100.0,0.755,-4.093,1468,11.25,-92.4,0.0,-99.99,0.0,-99.84
ETH-USDT-SWAP,reversal,12H,0.003,0.03,0.02,1,0.0,10.0,148.0,0.0,-100.0,766,364,402,47.52,100.0,0.793,-4.093,1468,7.3,-95.06,0.0,-100.0,0.0,-99.96
ETH-USDT-SWAP,reversal,12H,0.003,0.03,0.025,1,0.0,10.0,148.0,0.0,-100.0,766,370,396,48.3,100.0,0.727,-4.093,1468,2.11,-98.57,0.0,-100.0,0.0,-99.99
ETH-USDT-SWAP,reversal,12H,0.003,0.03,0.03,1,0.0,10.0,148.0,0.0,-100.0,766,380,386,49.61,100.0,0.669,-4.093,1468,0.89,-99.4,0.0,-100.0,0.0,-99.98
ETH-USDT-SWAP,reversal,12H,0.005,0.006,0.01,1,0.0,10.0,148.0,294.74,99.15,684,527,157,77.05,80.6,1.018,4.058,1468,419.9,183.72,739.11,76.02,294.74,-60.12
ETH-USDT-SWAP,reversal,12H,0.005,0.006,0.015,1,0.0,10.0,148.0,82535.29,55667.09,684,597,87,87.28,50.21,1.465,2278.326,1468,9140.26,6075.85,66828.0,631.14,82535.29,23.5
ETH-USDT-SWAP,reversal,12H,0.005,0.006,0.02,1,0.0,10.0,148.0,98132.32,66205.62,684,615,69,89.91,53.17,1.659,2709.643,1468,6520.6,4305.81,74670.03,1045.14,98132.32,31.42
ETH-USDT-SWAP,reversal,12H,0.005,0.006,0.025,1,0.0,10.0,148.0,116830.26,78839.37,684,628,56,91.81,64.22,1.747,3226.713,1468,5093.71,3341.7,75067.97,1373.74,116830.26,55.63
ETH-USDT-SWAP,reversal,12H,0.005,0.006,0.03,1,0.0,10.0,148.0,158744.74,107159.96,684,641,43,93.71,53.88,2.195,4385.81,1468,6748.02,4459.47,104427.45,1447.53,158744.74,52.01
ETH-USDT-SWAP,reversal,12H,0.005,0.008,0.01,1,0.0,10.0,148.0,48795.05,32869.63,684,499,185,72.95,59.24,1.258,1345.278,1468,2061.8,1293.11,46341.92,2147.64,48795.05,5.29
ETH-USDT-SWAP,reversal,12H,0.005,0.008,0.015,1,0.0,10.0,148.0,169664.06,114537.88,684,564,120,82.46,28.24,1.707,4687.771,1468,34585.57,23268.63,156678.67,353.02,169664.06,8.29
ETH-USDT-SWAP,reversal,12H,0.005,0.008,0.02,1,0.0,10.0,148.0,185938.43,125534.07,684,582,102,85.09,36.64,1.805,5137.82,1468,28761.87,19333.69,168705.56,486.56,185938.43,10.21
ETH-USDT-SWAP,reversal,12H,0.005,0.008,0.025,1,0.0,10.0,148.0,207859.76,140345.78,684,597,87,87.28,44.75,1.96,5744.029,1468,23238.11,15601.42,172196.8,641.01,207859.76,20.71
ETH-USDT-SWAP,reversal,12H,0.005,0.008,0.03,1,0.0,10.0,148.0,244458.43,165074.62,684,609,75,89.04,53.14,2.247,6756.123,1468,25969.85,17447.19,198050.98,662.62,244458.43,23.43
ETH-USDT-SWAP,reversal,12H,0.005,0.01,0.01,1,0.0,10.0,148.0,50007.15,33688.62,684,453,231,66.23,59.09,1.231,1378.797,1468,1650.81,1015.41,48034.22,2809.74,50007.15,4.11
ETH-USDT-SWAP,reversal,12H,0.005,0.01,0.015,1,0.0,10.0,148.0,174059.41,117507.71,684,514,170,75.15,40.74,1.604,4809.32,1468,25168.07,16905.46,155798.81,519.03,174059.41,11.72
ETH-USDT-SWAP,reversal,12H,0.005,0.01,0.02,1,0.0,10.0,148.0,180528.38,121878.63,684,532,152,77.78,47.67,1.622,4988.211,1468,17654.61,11828.79,162301.27,819.31,180528.38,11.23
ETH-USDT-SWAP,reversal,12H,0.005,0.01,0.025,1,0.0,10.0,148.0,186204.04,125713.54,684,546,138,79.82,54.37,1.67,5145.165,1468,9020.96,5995.24,143495.2,1490.69,186204.04,29.76
ETH-USDT-SWAP,reversal,12H,0.005,0.01,0.03,1,0.0,10.0,148.0,212908.32,143756.97,684,556,128,81.29,60.43,1.827,5883.641,1468,9356.16,6221.73,162994.69,1642.11,212908.32,30.62
ETH-USDT-SWAP,reversal,12H,0.005,0.015,0.01,1,0.0,10.0,148.0,6.64,-95.51,684,349,335,51.02,98.48,0.949,-3.909,1468,236.21,59.6,61.04,-74.16,6.64,-89.12
ETH-USDT-SWAP,reversal,12H,0.005,0.015,0.015,1,0.0,10.0,148.0,431.94,191.85,684,403,281,58.92,91.82,1.011,7.852,1468,1286.31,769.13,2417.44,87.94,431.94,-82.13
ETH-USDT-SWAP,reversal,12H,0.005,0.015,0.02,1,0.0,10.0,148.0,4278.33,2790.76,684,427,257,62.43,90.35,1.026,114.22,1468,1092.87,638.43,25499.1,2233.22,4278.33,-83.22
ETH-USDT-SWAP,reversal,12H,0.005,0.015,0.025,1,0.0,10.0,148.0,116.14,-21.53,684,438,246,64.04,96.49,0.998,-0.881,1468,554.56,274.7,1754.08,216.3,116.14,-93.38
ETH-USDT-SWAP,reversal,12H,0.005,0.015,0.03,1,0.0,10.0,148.0,125.82,-14.99,684,446,238,65.2,97.41,0.999,-0.613,1468,383.9,159.39,2570.8,569.65,125.82,-95.11
ETH-USDT-SWAP,reversal,12H,0.005,0.02,0.01,1,0.0,10.0,148.0,0.02,-99.99,684,303,381,44.3,99.99,0.81,-4.092,1468,46.08,-68.87,0.15,-99.67,0.02,-86.27
ETH-USDT-SWAP,reversal,12H,0.005,0.02,0.015,1,0.0,10.0,148.0,0.19,-99.87,684,353,331,51.61,99.95,0.872,-4.088,1468,74.78,-49.47,0.68,-99.09,0.19,-72.63
ETH-USDT-SWAP,reversal,12H,0.005,0.02,0.02,1,0.0,10.0,148.0,0.06,-99.96,684,375,309,54.82,99.97,0.855,-4.091,1468,56.18,-62.04,0.67,-98.8,0.06,-91.77
ETH-USDT-SWAP,reversal,12H,0.005,0.02,0.025,1,0.0,10.0,148.0,0.0,-100.0,684,385,299,56.29,100.0,0.848,-4.093,1468,37.13,-74.91,0.03,-99.91,0.0,-94.78
ETH-USDT-SWAP,reversal,12H,0.005,0.02,0.03,1,0.0,10.0,148.0,0.0,-100.0,684,392,292,57.31,100.0,0.867,-4.093,1468,23.07,-84.42,0.02,-99.93,0.0,-95.54
ETH-USDT-SWAP,reversal,12H,0.005,0.03,0.01,1,0.0,10.0,148.0,0.0,-100.0,684,260,424,38.01,100.0,0.735,-4.093,1468,6.62,-95.53,0.0,-99.99,0.0,-99.24
ETH-USDT-SWAP,reversal,12H,0.005,0.03,0.015,1,0.0,10.0,148.0,0.0,-100.0,684,307,377,44.88,100.0,0.815,-4.093,1468,7.82,-94.72,0.0,-99.97,0.0,-99.62
ETH-USDT-SWAP,reversal,12H,0.005,0.03,0.02,1,0.0,10.0,148.0,0.0,-100.0,684,327,357,47.81,100.0,0.746,-4.093,1468,2.75,-98.14,0.0,-99.99,0.0,-99.88
ETH-USDT-SWAP,reversal,12H,0.005,0.03,0.025,1,0.0,10.0,148.0,0.0,-100.0,684,337,347,49.27,100.0,0.676,-4.093,1468,1.11,-99.25,0.0,-100.0,0.0,-99.92
ETH-USDT-SWAP,reversal,12H,0.005,0.03,0.03,1,0.0,10.0,148.0,0.0,-100.0,684,343,341,50.15,100.0,0.747,-4.093,1468,0.52,-99.65,0.0,-100.0,0.0,-99.94
ETH-USDT-SWAP,reversal,12H,0.007,0.006,0.01,1,0.0,10.0,148.0,403.16,172.41,618,476,142,77.02,83.31,1.019,7.056,1468,969.85,555.3,1240.41,27.9,403.16,-67.5
ETH-USDT-SWAP,reversal,12H,0.007,0.006,0.015,1,0.0,10.0,148.0,43655.24,29396.78,618,529,89,85.6,72.43,1.374,1203.143,1468,3639.6,2359.19,36927.27,914.6,43655.24,18.22
ETH-USDT-SWAP,reversal,12H,0.007,0.006,0.02,1,0.0,10.0,148.0,76912.03,51867.59,618,552,66,89.32,55.1,1.636,2122.821,1468,4060.87,2643.83,49934.06,1129.64,76912.03,54.03
ETH-USDT-SWAP,reversal,12H,0.007,0.006,0.025,1,0.0,10.0,148.0,93633.28,63165.73,618,565,53,91.42,61.52,1.875,2585.228,1468,3184.49,2051.68,50050.31,1471.69,93633.28,87.08
ETH-USDT-SWAP,reversal,12H,0.007,0.006,0.03,1,0.0,10.0,148.0,117237.82,79114.75,618,574,44,92.88,47.43,2.046,3237.984,1468,4218.73,2750.49,75004.85,1677.9,117237.82,56.31
ETH-USDT-SWAP,reversal,12H,0.007,0.008,0.01,1,0.0,10.0,148.0,51997.45,35033.41,618,456,162,73.79,57.22,1.296,1433.837,1468,3463.63,2240.29,35215.66,916.73,51997.45,47.65
ETH-USDT-SWAP,reversal,12H,0.007,0.008,0.015,1,0.0,10.0,148.0,131372.16,88664.97,618,504,114,81.55,51.19,1.68,3628.853,1468,9496.46,6316.53,90727.11,855.38,131372.16,44.8
ETH-USDT-SWAP,reversal,12H,0.007,0.008,0.02,1,0.0,10.0,148.0,153501.88,103617.49,618,526,92,85.11,55.81,1.895,4240.825,1468,6408.0,4229.73,89606.83,1298.36,153501.88,71.31
ETH-USDT-SWAP,reversal,12H,0.007,0.008,0.025,1,0.0,10.0,148.0,161379.66,108940.31,618,538,80,87.06,66.49,1.996,4458.676,1468,4177.91,2722.91,79079.61,1792.8,161379.66,104.07
ETH-USDT-SWAP,reversal,12H,0.007,0.008,0.03,1,0.0,10.0,148.0,175319.69,118359.25,618,546,72,88.35,57.81,2.019,4844.171,1468,4800.86,3143.82,94069.64,1859.43,175319.69,86.37
ETH-USDT-SWAP,reversal,12H,0.007,0.01,0.01,1,0.0,10.0,148.0,99295.43,66991.51,618,425,193,68.77,31.57,1.38,2741.808,1468,8048.32,5338.05,83312.0,935.15,99295.43,19.19
ETH-USDT-SWAP,reversal,12H,0.007,0.01,0.015,1,0.0,10.0,148.0,168891.07,114015.59,618,471,147,76.21,44.78,1.651,4666.395,1468,20631.26,13840.04,137704.98,567.46,168891.07,22.65
ETH-USDT-SWAP,reversal,12H,0.007,0.01,0.02,1,0.0,10.0,148.0,180964.21,122173.12,618,493,125,79.77,55.95,1.735,5000.264,1468,10729.07,7149.37,125463.47,1069.38,180964.21,44.24
ETH-USDT-SWAP,reversal,12H,0.007,0.01,0.025,1,0.0,10.0,148.0,199270.15,134541.99,618,508,110,82.2,52.08,1.853,5506.494,1468,5623.54,3699.69,127045.1,2159.16,199270.15,56.85
ETH-USDT-SWAP,reversal,12H,0.007,0.01,0.03,1,0.0,10.0,148.0,209725.94,141606.71,618,516,102,83.5,60.41,1.878,5795.636,1468,7143.44,4726.65,141712.2,1883.81,209725.94,47.99
ETH-USDT-SWAP,reversal,12H,0.007,0.015,0.01,1,0.0,10.0,148.0,7113.28,4706.27,618,342,276,55.34,86.53,1.041,192.617,1468,1808.33,1121.85,12884.25,612.49,7113.28,-44.79
ETH-USDT-SWAP,reversal,12H,0.007,0.015,0.015,1,0.0,10.0,148.0,65909.2,44433.24,618,382,236,61.81,71.95,1.228,1818.55,1468,3282.32,2117.79,65548.42,1897.01,65909.2,0.55
ETH-USDT-SWAP,reversal,12H,0.007,0.015,0.02,1,0.0,10.0,148.0,34407.24,23148.13,618,399,219,64.56,82.52,1.149,947.4,1468,1146.81,674.87,30158.0,2529.74,34407.24,14.09
ETH-USDT-SWAP,reversal,12H,0.007,0.015,0.025,1,0.0,10.0,148.0,3879.9,2521.55,618,412,206,66.67,89.52,1.039,103.201,1468,577.25,290.04,7704.94,1234.76,3879.9,-49.64
ETH-USDT-SWAP,reversal,12H,0.007,0.015,0.03,1,0.0,10.0,148.0,2964.71,1903.18,618,420,198,67.96,93.12,1.023,77.893,1468,845.08,471.0,10165.49,1102.9,2964.71,-70.84
ETH-USDT-SWAP,reversal,12H,0.007,0.02,0.01,1,0.0,10.0,148.0,4.06,-97.26,618,288,330,46.6,99.39,0.874,-3.98,1468,94.42,-36.2,5.83,-93.82,4.06,-30.4
ETH-USDT-SWAP,reversal,12H,0.007,0.02,0.015,1,0.0,10.0,148.0,13.21,-91.07,618,330,288,53.4,98.94,0.928,-3.727,1468,166.73,12.65,32.4,-80.57,13.21,-59.22
ETH-USDT-SWAP,reversal,12H,0.007,0.02,0.02,1,0.0,10.0,148.0,1.05,-99.29,618,345,273,55.83,99.38,0.885,-4.064,1468,86.26,-41.72,6.82,-92.1,1.05,-84.67
ETH-USDT-SWAP,reversal,12H,0.007,0.02,0.025,1,0.0,10.0,148.0,0.36,-99.76,618,358,260,57.93,99.81,0.865,-4.083,1468,74.39,-49.74,1.2,-98.39,0.36,-70.12
ETH-USDT-SWAP,reversal,12H,0.007,0.02,0.03,1,0.0,10.0,148.0,0.09,-99.94,618,364,254,58.9,99.95,0.864,-4.09,1468,58.39,-60.55,0.78,-98.67,0.09,-87.92
ETH-USDT-SWAP,reversal,12H,0.007,0.03,0.01,1,0.0,10.0,148.0,0.0,-100.0,618,245,373,39.64,100.0,0.774,-4.093,1468,15.15,-89.77,0.01,-99.95,0.0,-96.7
ETH-USDT-SWAP,reversal,12H,0.007,0.03,0.015,1,0.0,10.0,148.0,0.0,-100.0,618,283,335,45.79,100.0,0.867,-4.093,1468,28.31,-80.87,0.01,-99.97,0.0,-99.37
ETH-USDT-SWAP,reversal,12H,0.007,0.03,0.02,1,0.0,10.0,148.0,0.0,-100.0,618,296,322,47.9,100.0,0.793,-4.093,1468,6.49,-95.61,0.0,-99.99,0.0,-99.82
ETH-USDT-SWAP,reversal,12H,0.007,0.03,0.025,1,0.0,10.0,148.0,0.0,-100.0,618,309,309,50.0,100.0,0.75,-4.093,1468,3.15,-97.87,0.0,-100.0,0.0,-99.67
ETH-USDT-SWAP,reversal,12H,0.007,0.03,0.03,1,0.0,10.0,148.0,0.0,-100.0,618,313,305,50.65,100.0,0.788,-4.093,1468,1.96,-98.68,0.0,-100.0,0.0,-99.87
ETH-USDT-SWAP,reversal,12H,0.01,0.006,0.01,1,0.0,10.0,148.0,445.45,200.98,524,405,119,77.29,85.58,1.022,8.226,1468,973.71,557.91,613.0,-37.04,445.45,-27.33
ETH-USDT-SWAP,reversal,12H,0.01,0.006,0.015,1,0.0,10.0,148.0,1442.99,874.99,524,439,85,83.78,88.03,1.048,35.811,1468,1255.65,748.41,1353.06,7.76,1442.99,6.65
ETH-USDT-SWAP,reversal,12H,0.01,0.006,0.02,1,0.0,10.0,148.0,7894.16,5233.89,524,462,62,88.17,86.42,1.12,214.211,1468,1411.83,853.94,2907.27,105.92,7894.16,171.53
ETH-USDT-SWAP,reversal,12H,0.01,0.006,0.025,1,0.0,10.0,148.0,72691.17,49015.66,524,480,44,91.6,46.76,1.667,2006.098,1468,2248.29,1419.12,28308.94,1159.13,72691.17,156.78
ETH-USDT-SWAP,reversal,12H,0.01,0.006,0.03,1,0.0,10.0,148.0,79012.74,53286.99,524,486,38,92.75,56.97,1.845,2180.913,1468,1898.16,1182.54,29080.5,1432.04,79012.74,171.7
ETH-USDT-SWAP,reversal,12H,0.01,0.008,0.01,1,0.0,10.0,148.0,49872.66,33597.75,524,390,134,74.43,59.5,1.296,1375.078,1468,3927.97,2554.04,24961.0,535.47,49872.66,99.8
ETH-USDT-SWAP,reversal,12H,0.01,0.008,0.015,1,0.0,10.0,148.0,77136.11,52018.99,524,423,101,80.73,56.25,1.456,2129.017,1468,5448.67,3581.53,43563.53,699.53,77136.11,77.07
ETH-USDT-SWAP,reversal,12H,0.01,0.008,0.02,1,0.0,10.0,148.0,100487.37,67796.87,524,445,79,84.92,67.65,1.6,2774.77,1468,4197.28,2736.0,50564.79,1104.7,100487.37,98.73
ETH-USDT-SWAP,reversal,12H,0.01,0.008,0.025,1,0.0,10.0,148.0,152802.58,103144.99,524,463,61,88.36,37.99,2.006,4221.487,1468,5796.91,3816.83,79480.01,1271.08,152802.58,92.25
ETH-USDT-SWAP,reversal,12H,0.01,0.008,0.03,1,0.0,10.0,148.0,150148.38,101351.61,524,467,57,89.12,48.12,2.017,4148.088,1468,4915.44,3221.25,77170.8,1469.97,150148.38,94.57
ETH-USDT-SWAP,reversal,12H,0.01,0.01,0.01,1,0.0,10.0,148.0,95593.16,64489.97,524,366,158,69.85,37.15,1.432,2639.426,1468,9007.58,5986.2,59329.27,558.66,95593.16,61.12
ETH-USDT-SWAP,reversal,12H,0.01,0.01,0.015,1,0.0,10.0,148.0,113311.84,76462.06,524,397,127,75.76,50.92,1.525,3129.416,1468,8808.84,5851.92,69206.64,685.65,113311.84,63.73
ETH-USDT-SWAP,reversal,12H,0.01,0.01,0.02,1,0.0,10.0,148.0,110987.32,74891.43,524,415,109,79.2,67.41,1.521,3065.134,1468,3949.04,2568.27,50382.11,1175.81,110987.32,120.29
ETH-USDT-SWAP,reversal,12H,0.01,0.01,0.025,1,0.0,10.0,148.0,146305.55,98755.1,524,431,93,82.25,48.83,1.709,4041.819,1468,4136.57,2694.98,69583.12,1582.15,146305.55,110.26
ETH-USDT-SWAP,reversal,12H,0.01,0.01,0.03,1,0.0,10.0,148.0,130000.92,87738.46,524,435,89,83.02,69.06,1.656,3590.933,1468,3326.9,2147.9,54128.28,1526.99,130000.92,140.17
ETH-USDT-SWAP,reversal,12H,0.01,0.015,0.01,1,0.0,10.0,148.0,94185.41,63538.79,524,306,218,58.4,42.34,1.337,2600.496,1468,6278.77,4142.41,72484.82,1054.44,94185.41,29.94
ETH-USDT-SWAP,reversal,12H,0.01,0.015,0.015,1,0.0,10.0,148.0,98829.87,66676.94,524,334,190,63.74,56.48,1.357,2728.933,1468,4317.08,2816.94,73671.74,1606.52,98829.87,34.15
ETH-USDT-SWAP,reversal,12H,0.01,0.015,0.02,1,0.0,10.0,148.0,89351.47,60272.61,524,353,171,67.37,69.99,1.332,2466.819,1468,1681.97,1036.47,39800.96,2266.33,89351.47,124.5
ETH-USDT-SWAP,reversal,12H,0.01,0.015,0.025,1,0.0,10.0,148.0,121120.02,81737.85,524,367,157,70.04,62.72,1.428,3345.342,1468,1989.03,1243.94,60205.01,2926.85,121120.02,101.18
ETH-USDT-SWAP,reversal,12H,0.01,0.015,0.03,1,0.0,10.0,148.0,86298.08,58209.51,524,370,154,70.61,75.37,1.325,2382.381,1468,1389.43,838.8,29982.86,2057.93,86298.08,187.82
ETH-USDT-SWAP,reversal,12H,0.01,0.02,0.01,1,0.0,10.0,148.0,27.64,-81.33,524,250,274,47.71,97.58,0.979,-3.328,1468,360.38,143.5,77.49,-78.5,27.64,-64.33
ETH-USDT-SWAP,reversal,12H,0.01,0.02,0.015,1,0.0,10.0,148.0,73.41,-50.4,524,284,240,54.2,95.33,0.993,-2.063,1468,370.5,150.34,404.47,9.17,73.41,-81.85
ETH-USDT-SWAP,reversal,12H,0.01,0.02,0.02,1,0.0,10.0,148.0,3.45,-97.67,524,300,224,57.25,99.5,0.959,-3.997,1468,182.53,23.33,16.02,-91.22,3.45,-78.47
ETH-USDT-SWAP,reversal,12H,0.01,0.02,0.025,1,0.0,10.0,148.0,2.08,-98.6,524,312,212,59.54,99.71,0.961,-4.035,1468,167.72,13.32,15.22,-90.93,2.08,-86.34
ETH-USDT-SWAP,reversal,12H,0.01,0.02,0.03,1,0.0,10.0,148.0,0.12,-99.92,524,314,210,59.92,99.97,0.92,-4.089,1468,88.1,-40.47,3.21,-96.35,0.12,-96.12
ETH-USDT-SWAP,reversal,12H,0.01,0.03,0.01,1,0.0,10.0,148.0,0.01,-99.99,524,213,311,40.65,100.0,0.822,-4.092,1468,22.95,-84.49,0.07,-99.68,0.01,-79.62
ETH-USDT-SWAP,reversal,12H,0.01,0.03,0.015,1,0.0,10.0,148.0,0.0,-100.0,524,240,284,45.8,100.0,0.738,-4.093,1468,7.86,-94.69,0.02,-99.7,0.0,-93.0
ETH-USDT-SWAP,reversal,12H,0.01,0.03,0.02,1,0.0,10.0,148.0,0.0,-100.0,524,257,267,49.05,100.0,0.742,-4.093,1468,5.29,-96.43,0.0,-99.98,0.0,-94.99
ETH-USDT-SWAP,reversal,12H,0.01,0.03,0.025,1,0.0,10.0,148.0,0.0,-100.0,524,266,258,50.76,100.0,0.776,-4.093,1468,3.16,-97.87,0.0,-99.99,0.0,-96.44
ETH-USDT-SWAP,reversal,12H,0.01,0.03,0.03,1,0.0,10.0,148.0,0.0,-100.0,524,268,256,51.15,100.0,0.712,-4.093,1468,1.35,-99.08,0.0,-100.0,0.0,-99.06
ETH-USDT-SWAP,breakout,12H,0.001,0.006,0.01,1,0.0,10.0,148.0,0.0,-100.0,836,294,542,35.17,100.0,0.132,-4.093,1468,0.0,-100.0,0.0,-100.0,0.0,-100.0
ETH-USDT-SWAP,breakout,12H,0.001,0.006,0.015,1,0.0,10.0,148.0,0.0,-100.0,836,480,356,57.42,100.0,0.385,-4.093,1468,0.0,-100.0,0.0,-100.0,0.0,-99.99
ETH-USDT-SWAP,breakout,12H,0.001,0.006,0.02,1,0.0,10.0,148.0,0.0,-100.0,836,543,293,64.95,100.0,0.45,-4.093,1468,0.03,-99.98,0.0,-100.0,0.0,-99.98
ETH-USDT-SWAP,breakout,12H,0.001,0.006,0.025,1,0.0,10.0,148.0,0.0,-100.0,836,589,247,70.45,100.0,0.506,-4.093,1468,0.1,-99.93,0.0,-100.0,0.0,-99.8
ETH-USDT-SWAP,breakout,12H,0.001,0.006,0.03,1,0.0,10.0,148.0,0.0,-100.0,836,601,235,71.89,100.0,0.478,-4.093,1468,0.07,-99.95,0.0,-100.0,0.0,-99.76
ETH-USDT-SWAP,breakout,12H,0.001,0.008,0.01,1,0.0,10.0,148.0,0.0,-100.0,836,263,573,31.46,100.0,0.156,-4.093,1468,0.0,-100.0,0.0,-100.0,0.0,-100.0
ETH-USDT-SWAP,breakout,12H,0.001,0.008,0.015,1,0.0,10.0,148.0,0.0,-100.0,836,424,412,50.72,100.0,0.331,-4.093,1468,0.0,-100.0,0.0,-100.0,0.0,-100.0
ETH-USDT-SWAP,breakout,12H,0.001,0.008,0.02,1,0.0,10.0,148.0,0.0,-100.0,836,482,354,57.66,100.0,0.399,-4.093,1468,0.01,-99.99,0.0,-100.0,0.0,-99.99
ETH-USDT-SWAP,breakout,12H,0.001,0.008,0.025,1,0.0,10.0,148.0,0.0,-100.0,836,526,310,62.92,100.0,0.442,-4.093,1468,0.02,-99.99,0.0,-100.0,0.0,-99.96
ETH-USDT-SWAP,breakout,12H,0.001,0.008,0.03,1,0.0,10.0,148.0,0.0,-100.0,836,539,297,64.47,100.0,0.451,-4.093,1468,0.02,-99.98,0.0,-100.0,0.0,-99.97
ETH-USDT-SWAP,breakout,12H,0.001,0.01,0.01,1,0.0,10.0,148.0,0.0,-100.0,836,239,597,28.59,100.0,0.204,-4.093,1468,0.0,-100.0,0.0,-100.0,0.0,-100.0
ETH-USDT-SWAP,breakout,12H,0.001,0.01,0.015,1,0.0,10.0,148.0,0.0,-100.0,836,385,451,46.05,100.0,0.39,-4.093,1468,0.0,-100.0,0.0,-100.0,0.0,-100.0
ETH-USDT-SWAP,breakout,12H,0.001,0.01,0.02,1,0.0,10.0,148.0,0.0,-100.0,836,441,395,52.75,100.0,0.475,-4.093,1468,0.01,-99.99,0.0,-100.0,0.0,-100.0
ETH-USDT-SWAP,breakout,12H,0.001,0.01,0.025,1,0.0,10.0,148.0,0.0,-100.0,836,482,354,57.66,100.0,0.521,-4.093,1468,0.02,-99.98,0.0,-100.0,0.0,-99.97
ETH-USDT-SWAP,breakout,12H,0.001,0.01,0.03,1,0.0,10.0,148.0,0.0,-100.0,836,495,341,59.21,100.0,0.531,-4.093,1468,0.04,-99.98,0.0,-100.0,0.0,-99.95
ETH-USDT-SWAP,breakout,12H,0.001,0.015,0.01,1,0.0,10.0,148.0,0.0,-100.0,836,190,646,22.73,100.0,0.266,-4.093,1468,0.0,-100.0,0.0,-100.0,0.0,-100.0
ETH-USDT-SWAP,breakout,12H,0.001,0.015,0.015,1,0.0,10.0,148.0,0.0,-100.0,836,301,535,36.0,100.0,0.487,-4.093,1468,0.0,-100.0,0.0,-100.0,0.0,-100.0
ETH-USDT-SWAP,breakout,12H,0.001,0.015,0.02,1,0.0,10.0,148.0,0.0,-100.0,836,352,484,42.11,100.0,0.542,-4.093,1468,0.0,-100.0,0.0,-100.0,0.0,-100.0
ETH-USDT-SWAP,breakout,12H,0.001,0.015,0.025,1,0.0,10.0,148.0,0.0,-100.0,836,384,452,45.93,100.0,0.603,-4.093,1468,0.01,-100.0,0.0,-100.0,0.0,-100.0
ETH-USDT-SWAP,breakout,12H,0.001,0.015,0.03,1,0.0,10.0,148.0,0.0,-100.0,836,395,441,47.25,100.0,0.621,-4.093,1468,0.01,-99.99,0.0,-100.0,0.0,-100.0
ETH-USDT-SWAP,breakout,12H,0.001,0.02,0.01,1,0.0,10.0,148.0,0.0,-100.0,836,167,669,19.98,100.0,0.293,-4.093,1468,0.0,-100.0,0.0,-100.0,0.0,-100.0
ETH-USDT-SWAP,breakout,12H,0.001,0.02,0.015,1,0.0,10.0,148.0,0.0,-100.0,836,267,569,31.94,100.0,0.471,-4.093,1468,0.0,-100.0,0.0,-100.0,0.0,-100.0
ETH-USDT-SWAP,breakout,12H,0.001,0.02,0.02,1,0.0,10.0,148.0,0.0,-100.0,836,315,521,37.68,100.0,0.465,-4.093,1468,0.0,-100.0,0.0,-100.0,0.0,-100.0
ETH-USDT-SWAP,breakout,12H,0.001,0.02,0.025,1,0.0,10.0,148.0,0.0,-100.0,836,345,491,41.27,100.0,0.571,-4.093,1468,0.0,-100.0,0.0,-100.0,0.0,-99.99
ETH-USDT-SWAP,breakout,12H,0.001,0.02,0.03,1,0.0,10.0,148.0,0.0,-100.0,836,356,480,42.58,100.0,0.586,-4.093,1468,0.0,-100.0,0.0,-100.0,0.0,-99.99
ETH-USDT-SWAP,breakout,12H,0.001,0.03,0.01,1,0.0,10.0,148.0,0.0,-100.0,836,157,679,18.78,100.0,0.314,-4.093,1468,0.0,-100.0,0.0,-100.0,0.0,-100.0
ETH-USDT-SWAP,breakout,12H,0.001,0.03,0.015,1,0.0,10.0,148.0,0.0,-100.0,836,246,590,29.43,100.0,0.553,-4.093,1468,0.0,-100.0,0.0,-100.0,0.0,-100.0
ETH-USDT-SWAP,breakout,12H,0.001,0.03,0.02,1,0.0,10.0,148.0,0.0,-100.0,836,293,543,35.05,100.0,0.548,-4.093,1468,0.0,-100.0,0.0,-100.0,0.0,-100.0
ETH-USDT-SWAP,breakout,12H,0.001,0.03,0.025,1,0.0,10.0,148.0,0.0,-100.0,836,319,517,38.16,100.0,0.674,-4.093,1468,0.0,-100.0,0.0,-100.0,0.0,-100.0
ETH-USDT-SWAP,breakout,12H,0.001,0.03,0.03,1,0.0,10.0,148.0,0.0,-100.0,836,330,506,39.47,100.0,0.689,-4.093,1468,0.0,-100.0,0.0,-100.0,0.0,-100.0
ETH-USDT-SWAP,breakout,12H,0.002,0.006,0.01,1,0.0,10.0,148.0,0.0,-100.0,799,252,547,31.54,100.0,0.114,-4.093,1468,0.0,-100.0,0.0,-100.0,0.0,-100.0
ETH-USDT-SWAP,breakout,12H,0.002,0.006,0.015,1,0.0,10.0,148.0,0.0,-100.0,799,428,371,53.57,100.0,0.247,-4.093,1468,0.0,-100.0,0.0,-100.0,0.0,-100.0
ETH-USDT-SWAP,breakout,12H,0.002,0.006,0.02,1,0.0,10.0,148.0,0.0,-100.0,799,499,300,62.45,100.0,0.292,-4.093,1468,0.02,-99.99,0.0,-100.0,0.0,-100.0
ETH-USDT-SWAP,breakout,12H,0.002,0.006,0.025,1,0.0,10.0,148.0,0.0,-100.0,799,549,250,68.71,100.0,0.351,-4.093,1468,0.03,-99.98,0.0,-100.0,0.0,-99.81
ETH-USDT-SWAP,breakout,12H,0.002,0.006,0.03,1,0.0,10.0,148.0,0.0,-100.0,799,562,237,70.34,100.0,0.334,-4.093,1468,0.01,-99.99,0.0,-100.0,0.0,-99.76
ETH-USDT-SWAP,breakout,12H,0.002,0.008,0.01,1,0.0,10.0,148.0,0.0,-100.0,799,228,571,28.54,100.0,0.151,-4.093,1468,0.0,-100.0,0.0,-100.0,0.0,-100.0
ETH-USDT-SWAP,breakout,12H,0.002,0.008,0.015,1,0.0,10.0,148.0,0.0,-100.0,799,389,410,48.69,100.0,0.305,-4.093,1468,0.0,-100.0,0.0,-100.0,0.0,-100.0
ETH-USDT-SWAP,breakout,12H,0.002,0.008,0.02,1,0.0,10.0,148.0,0.0,-100.0,799,452,347,56.57,100.0,0.35,-4.093,1468,0.01,-99.99,0.0,-100.0,0.0,-100.0
ETH-USDT-SWAP,breakout,12H,0.002,0.008,0.025,1,0.0,10.0,148.0,0.0,-100.0,799,499,300,62.45,100.0,0.414,-4.093,1468,0.02,-99.99,0.0,-100.0,0.0,-99.84
ETH-USDT-SWAP,breakout,12H,0.002,0.008,0.03,1,0.0,10.0,148.0,0.0,-100.0,799,513,286,64.21,100.0,0.419,-4.093,1468,0.02,-99.99,0.0,-100.0,0.0,-99.84
ETH-USDT-SWAP,breakout,12H,0.002,0.01,0.01,1,0.0,10.0,148.0,0.0,-100.0,799,199,600,24.91,100.0,0.196,-4.093,1468,0.0,-100.0,0.0,-100.0,0.0,-100.0
ETH-USDT-SWAP,breakout,12H,0.002,0.01,0.015,1,0.0,10.0,148.0,0.0,-100.0,799,341,458,42.68,100.0,0.385,-4.093,1468,0.0,-100.0,0.0,-100.0,0.0,-100.0
ETH-USDT-SWAP,breakout,12H,0.002,0.01,0.02,1,0.0,10.0,148.0,0.0,-100.0,799,396,403,49.56,100.0,0.44,-4.093,1468,0.01,-99.99,0.0,-100.0,0.0,-100.0
ETH-USDT-SWAP,breakout,12H,0.002,0.01,0.025,1,0.0,10.0,148.0,0.0,-100.0,799,440,359,55.07,100.0,0.511,-4.093,1468,0.02,-99.98,0.0,-100.0,0.0,-99.99
ETH-USDT-SWAP,breakout,12H,0.002,0.01,0.03,1,0.0,10.0,148.0,0.0,-100.0,799,453,346,56.7,100.0,0.516,-4.093,1468,0.02,-99.99,0.0,-100.0,0.0,-99.99
ETH-USDT-SWAP,breakout,12H,0.002,0.015,0.01,1,0.0,10.0,148.0,0.0,-100.0,799,158,641,19.77,100.0,0.246,-4.093,1468,0.0,-100.0,0.0,-100.0,0.0,-100.0
ETH-USDT-SWAP,breakout,12H,0.002,0.015,0.015,1,0.0,10.0,148.0,0.0,-100.0,799,273,526,34.17,100.0,0.468,-4.093,1468,0.0,-100.0,0.0,-100.0,0.0,-100.0
ETH-USDT-SWAP,breakout,12H,0.002,0.015,0.02,1,0.0,10.0,148.0,0.0,-100.0,799,322,477,40.3,100.0,0.495,-4.093,1468,0.0,-100.0,0.0,-100.0,0.0,-100.0
ETH-USDT-SWAP,breakout,12H,0.002,0.015,0.025,1,0.0,10.0,148.0,0.0,-100.0,799,361,438,45.18,100.0,0.578,-4.093,1468,0.0,-100.0,0.0,-100.0,0.0,-99.99
ETH-USDT-SWAP,breakout,12H,0.002,0.015,0.03,1,0.0,10.0,148.0,0.0,-100.0,799,372,427,46.56,100.0,0.587,-4.093,1468,0.0,-100.0,0.0,-100.0,0.0,-99.99
ETH-USDT-SWAP,breakout,12H,0.002,0.02,0.01,1,0.0,10.0,148.0,0.0,-100.0,799,143,656,17.9,100.0,0.268,-4.093,1468,0.0,-100.0,0.0,-100.0,0.0,-100.0
ETH-USDT-SWAP,breakout,12H,0.002,0.02,0.015,1,0.0,10.0,148.0,0.0,-100.0,799,242,557,30.29,100.0,0.455,-4.093,1468,0.0,-100.0,0.0,-100.0,0.0,-100.0
ETH-USDT-SWAP,breakout,12H,0.002,0.02,0.02,1,0.0,10.0,148.0,0.0,-100.0,799,287,512,35.92,100.0,0.432,-4.093,1468,0.0,-100.0,0.0,-100.0,0.0,-100.0
ETH-USDT-SWAP,breakout,12H,0.002,0.02,0.025,1,0.0,10.0,148.0,0.0,-100.0,799,324,475,40.55,100.0,0.55,-4.093,1468,0.0,-100.0,0.0,-100.0,0.0,-99.98
ETH-USDT-SWAP,breakout,12H,0.002,0.02,0.03,1,0.0,10.0,148.0,0.0,-100.0,799,335,464,41.93,100.0,0.557,-4.093,1468,0.0,-100.0,0.0,-100.0,0.0,-99.98
ETH-USDT-SWAP,breakout,12H,0.002,0.03,0.01,1,0.0,10.0,148.0,0.0,-100.0,799,136,663,17.02,100.0,0.292,-4.093,1468,0.0,-100.0,0.0,-100.0,0.0,-100.0
ETH-USDT-SWAP,breakout,12H,0.002,0.03,0.015,1,0.0,10.0,148.0,0.0,-100.0,799,225,574,28.16,100.0,0.51,-4.093,1468,0.0,-100.0,0.0,-100.0,0.0,-100.0
ETH-USDT-SWAP,breakout,12H,0.002,0.03,0.02,1,0.0,10.0,148.0,0.0,-100.0,799,268,531,33.54,100.0,0.488,-4.093,1468,0.0,-100.0,0.0,-100.0,0.0,-100.0
ETH-USDT-SWAP,breakout,12H,0.002,0.03,0.025,1,0.0,10.0,148.0,0.0,-100.0,799,301,498,37.67,100.0,0.635,-4.093,1468,0.0,-100.0,0.0,-100.0,0.0,-99.99
ETH-USDT-SWAP,breakout,12H,0.002,0.03,0.03,1,0.0,10.0,148.0,0.0,-100.0,799,312,487,39.05,100.0,0.643,-4.093,1468,0.0,-100.0,0.0,-100.0,0.0,-100.0
ETH-USDT-SWAP,breakout,12H,0.003,0.006,0.01,1,0.0,10.0,148.0,0.0,-100.0,766,227,539,29.63,100.0,0.1,-4.093,1468,0.0,-100.0,0.0,-100.0,0.0,-100.0
ETH-USDT-SWAP,breakout,12H,0.003,0.006,0.015,1,0.0,10.0,148.0,0.0,-100.0,766,394,372,51.44,100.0,0.195,-4.093,1468,0.0,-100.0,0.0,-100.0,0.0,-100.0
ETH-USDT-SWAP,breakout,12H,0.003,0.006,0.02,1,0.0,10.0,148.0,0.0,-100.0,766,470,296,61.36,100.0,0.215,-4.093,1468,0.0,-100.0,0.0,-100.0,0.0,-99.99
ETH-USDT-SWAP,breakout,12H,0.003,0.006,0.025,1,0.0,10.0,148.0,0.0,-100.0,766,519,247,67.75,100.0,0.302,-4.093,1468,0.01,-100.0,0.0,-100.0,0.0,-99.89
ETH-USDT-SWAP,breakout,12H,0.003,0.006,0.03,1,0.0,10.0,148.0,0.0,-100.0,766,534,232,69.71,100.0,0.287,-4.093,1468,0.0,-100.0,0.0,-100.0,0.0,-99.85
ETH-USDT-SWAP,breakout,12H,0.003,0.008,0.01,1,0.0,10.0,148.0,0.0,-100.0,766,205,561,26.76,100.0,0.121,-4.093,1468,0.0,-100.0,0.0,-100.0,0.0,-100.0
ETH-USDT-SWAP,breakout,12H,0.003,0.008,0.015,1,0.0,10.0,148.0,0.0,-100.0,766,355,411,46.34,100.0,0.262,-4.093,1468,0.0,-100.0,0.0,-100.0,0.0,-100.0
ETH-USDT-SWAP,breakout,12H,0.003,0.008,0.02,1,0.0,10.0,148.0,0.0,-100.0,766,424,342,55.35,100.0,0.29,-4.093,1468,0.0,-100.0,0.0,-100.0,0.0,-100.0
ETH-USDT-SWAP,breakout,12H,0.003,0.008,0.025,1,0.0,10.0,148.0,0.0,-100.0,766,471,295,61.49,100.0,0.4,-4.093,1468,0.01,-100.0,0.0,-100.0,0.0,-99.92
ETH-USDT-SWAP,breakout,12H,0.003,0.008,0.03,1,0.0,10.0,148.0,0.0,-100.0,766,485,281,63.32,100.0,0.381,-4.093,1468,0.0,-100.0,0.0,-100.0,0.0,-99.87
ETH-USDT-SWAP,breakout,12H,0.003,0.01,0.01,1,0.0,10.0,148.0,0.0,-100.0,766,179,587,23.37,100.0,0.161,-4.093,1468,0.0,-100.0,0.0,-100.0,0.0,-100.0
ETH-USDT-SWAP,breakout,12H,0.003,0.01,0.015,1,0.0,10.0,148.0,0.0,-100.0,766,306,460,39.95,100.0,0.295,-4.093,1468,0.0,-100.0,0.0,-100.0,0.0,-100.0
ETH-USDT-SWAP,breakout,12H,0.003,0.01,0.02,1,0.0,10.0,148.0,0.0,-100.0,766,366,400,47.78,100.0,0.345,-4.093,1468,0.0,-100.0,0.0,-100.0,0.0,-100.0
ETH-USDT-SWAP,breakout,12H,0.003,0.01,0.025,1,0.0,10.0,148.0,0.0,-100.0,766,410,356,53.52,100.0,0.466,-4.093,1468,0.0,-100.0,0.0,-100.0,0.0,-99.97
ETH-USDT-SWAP,breakout,12H,0.003,0.01,0.03,1,0.0,10.0,148.0,0.0,-100.0,766,422,344,55.09,100.0,0.445,-4.093,1468,0.0,-100.0,0.0,-100.0,0.0,-99.96
ETH-USDT-SWAP,breakout,12H,0.003,0.015,0.01,1,0.0,10.0,148.0,0.0,-100.0,766,138,628,18.02,100.0,0.227,-4.093,1468,0.0,-100.0,0.0,-100.0,0.0,-100.0
ETH-USDT-SWAP,breakout,12H,0.003,0.015,0.015,1,0.0,10.0,148.0,0.0,-100.0,766,241,525,31.46,100.0,0.413,-4.093,1468,0.0,-100.0,0.0,-100.0,0.0,-100.0
ETH-USDT-SWAP,breakout,12H,0.003,0.015,0.02,1,0.0,10.0,148.0,0.0,-100.0,766,290,476,37.86,100.0,0.413,-4.093,1468,0.0,-100.0,0.0,-100.0,0.0,-100.0
ETH-USDT-SWAP,breakout,12H,0.003,0.015,0.025,1,0.0,10.0,148.0,0.0,-100.0,766,333,433,43.47,100.0,0.555,-4.093,1468,0.0,-100.0,0.0,-100.0,0.0,-99.99
ETH-USDT-SWAP,breakout,12H,0.003,0.015,0.03,1,0.0,10.0,148.0,0.0,-100.0,766,345,421,45.04,100.0,0.543,-4.093,1468,0.0,-100.0,0.0,-100.0,0.0,-99.98
ETH-USDT-SWAP,breakout,12H,0.003,0.02,0.01,1,0.0,10.0,148.0,0.0,-100.0,766,128,638,16.71,100.0,0.247,-4.093,1468,0.0,-100.0,0.0,-100.0,0.0,-100.0
ETH-USDT-SWAP,breakout,12H,0.003,0.02,0.015,1,0.0,10.0,148.0,0.0,-100.0,766,217,549,28.33,100.0,0.421,-4.093,1468,0.0,-100.0,0.0,-100.0,0.0,-100.0
ETH-USDT-SWAP,breakout,12H,0.003,0.02,0.02,1,0.0,10.0,148.0,0.0,-100.0,766,262,504,34.2,100.0,0.364,-4.093,1468,0.0,-100.0,0.0,-100.0,0.0,-100.0
ETH-USDT-SWAP,breakout,12H,0.003,0.02,0.025,1,0.0,10.0,148.0,0.0,-100.0,766,302,464,39.43,100.0,0.529,-4.093,1468,0.0,-100.0,0.0,-100.0,0.0,-99.98
ETH-USDT-SWAP,breakout,12H,0.003,0.02,0.03,1,0.0,10.0,148.0,0.0,-100.0,766,314,452,40.99,100.0,0.527,-4.093,1468,0.0,-100.0,0.0,-100.0,0.0,-99.97
ETH-USDT-SWAP,breakout,12H,0.003,0.03,0.01,1,0.0,10.0,148.0,0.0,-100.0,766,118,648,15.4,100.0,0.262,-4.093,1468,0.0,-100.0,0.0,-100.0,0.0,-100.0
ETH-USDT-SWAP,breakout,12H,0.003,0.03,0.015,1,0.0,10.0,148.0,0.0,-100.0,766,202,564,26.37,100.0,0.469,-4.093,1468,0.0,-100.0,0.0,-100.0,0.0,-100.0
ETH-USDT-SWAP,breakout,12H,0.003,0.03,0.02,1,0.0,10.0,148.0,0.0,-100.0,766,244,522,31.85,100.0,0.413,-4.093,1468,0.0,-100.0,0.0,-100.0,0.0,-100.0
ETH-USDT-SWAP,breakout,12H,0.003,0.03,0.025,1,0.0,10.0,148.0,0.0,-100.0,766,280,486,36.55,100.0,0.607,-4.093,1468,0.0,-100.0,0.0,-100.0,0.0,-99.99
ETH-USDT-SWAP,breakout,12H,0.003,0.03,0.03,1,0.0,10.0,148.0,0.0,-100.0,766,293,473,38.25,100.0,0.608,-4.093,1468,0.0,-100.0,0.0,-100.0,0.0,-99.99
ETH-USDT-SWAP,breakout,12H,0.005,0.006,0.01,1,0.0,10.0,148.0,0.0,-100.0,684,167,517,24.42,100.0,0.058,-4.093,1468,0.0,-100.0,0.0,-100.0,0.0,-100.0
ETH-USDT-SWAP,breakout,12H,0.005,0.006,0.015,1,0.0,10.0,148.0,0.0,-100.0,684,319,365,46.64,100.0,0.091,-4.093,1468,0.0,-100.0,0.0,-100.0,0.0,-100.0
ETH-USDT-SWAP,breakout,12H,0.005,0.006,0.02,1,0.0,10.0,148.0,0.0,-100.0,684,411,273,60.09,100.0,0.28,-4.093,1468,0.01,-99.99,0.0,-100.0,0.0,-100.0
ETH-USDT-SWAP,breakout,12H,0.005,0.006,0.025,1,0.0,10.0,148.0,0.0,-100.0,684,451,233,65.94,100.0,0.358,-4.093,1468,0.07,-99.95,0.0,-100.0,0.0,-99.96
ETH-USDT-SWAP,breakout,12H,0.005,0.006,0.03,1,0.0,10.0,148.0,0.0,-100.0,684,473,211,69.15,100.0,0.334,-4.093,1468,0.09,-99.94,0.0,-100.0,0.0,-99.72
ETH-USDT-SWAP,breakout,12H,0.005,0.008,0.01,1,0.0,10.0,148.0,0.0,-100.0,684,139,545,20.32,100.0,0.088,-4.093,1468,0.0,-100.0,0.0,-100.0,0.0,-100.0
ETH-USDT-SWAP,breakout,12H,0.005,0.008,0.015,1,0.0,10.0,148.0,0.0,-100.0,684,272,412,39.77,100.0,0.12,-4.093,1468,0.0,-100.0,0.0,-100.0,0.0,-100.0
ETH-USDT-SWAP,breakout,12H,0.005,0.008,0.02,1,0.0,10.0,148.0,0.0,-100.0,684,349,335,51.02,100.0,0.363,-4.093,1468,0.01,-100.0,0.0,-100.0,0.0,-100.0
ETH-USDT-SWAP,breakout,12H,0.005,0.008,0.025,1,0.0,10.0,148.0,0.0,-100.0,684,388,296,56.73,100.0,0.461,-4.093,1468,0.04,-99.98,0.0,-100.0,0.0,-99.98
ETH-USDT-SWAP,breakout,12H,0.005,0.008,0.03,1,0.0,10.0,148.0,0.0,-100.0,684,407,277,59.5,100.0,0.426,-4.093,1468,0.04,-99.97,0.0,-100.0,0.0,-99.91
ETH-USDT-SWAP,breakout,12H,0.005,0.01,0.01,1,0.0,10.0,148.0,0.0,-100.0,684,125,559,18.27,100.0,0.104,-4.093,1468,0.0,-100.0,0.0,-100.0,0.0,-100.0
ETH-USDT-SWAP,breakout,12H,0.005,0.01,0.015,1,0.0,10.0,148.0,0.0,-100.0,684,244,440,35.67,100.0,0.143,-4.093,1468,0.0,-100.0,0.0,-100.0,0.0,-100.0
ETH-USDT-SWAP,breakout,12H,0.005,0.01,0.02,1,0.0,10.0,148.0,0.0,-100.0,684,318,366,46.49,100.0,0.419,-4.093,1468,0.0,-100.0,0.0,-100.0,0.0,-100.0
ETH-USDT-SWAP,breakout,12H,0.005,0.01,0.025,1,0.0,10.0,148.0,0.0,-100.0,684,354,330,51.75,100.0,0.465,-4.093,1468,0.01,-99.99,0.0,-100.0,0.0,-99.98
ETH-USDT-SWAP,breakout,12H,0.005,0.01,0.03,1,0.0,10.0,148.0,0.0,-100.0,684,372,312,54.39,100.0,0.438,-4.093,1468,0.02,-99.99,0.0,-100.0,0.0,-99.89
ETH-USDT-SWAP,breakout,12H,0.005,0.015,0.01,1,0.0,10.0,148.0,0.0,-100.0,684,97,587,14.18,100.0,0.105,-4.093,1468,0.0,-100.0,0.0,-100.0,0.0,-100.0
ETH-USDT-SWAP,breakout,12H,0.005,0.015,0.015,1,0.0,10.0,148.0,0.0,-100.0,684,195,489,28.51,100.0,0.176,-4.093,1468,0.0,-100.0,0.0,-100.0,0.0,-100.0
ETH-USDT-SWAP,breakout,12H,0.005,0.015,0.02,1,0.0,10.0,148.0,0.0,-100.0,684,255,429,37.28,100.0,0.429,-4.093,1468,0.0,-100.0,0.0,-100.0,0.0,-100.0
ETH-USDT-SWAP,breakout,12H,0.005,0.015,0.025,1,0.0,10.0,148.0,0.0,-100.0,684,285,399,41.67,100.0,0.458,-4.093,1468,0.0,-100.0,0.0,-100.0,0.0,-99.99
ETH-USDT-SWAP,breakout,12H,0.005,0.015,0.03,1,0.0,10.0,148.0,0.0,-100.0,684,303,381,44.3,100.0,0.446,-4.093,1468,0.0,-100.0,0.0,-100.0,0.0,-99.93
ETH-USDT-SWAP,breakout,12H,0.005,0.02,0.01,1,0.0,10.0,148.0,0.0,-100.0,684,92,592,13.45,100.0,0.115,-4.093,1468,0.0,-100.0,0.0,-100.0,0.0,-100.0
ETH-USDT-SWAP,breakout,12H,0.005,0.02,0.015,1,0.0,10.0,148.0,0.0,-100.0,684,177,507,25.88,100.0,0.182,-4.093,1468,0.0,-100.0,0.0,-100.0,0.0,-100.0
ETH-USDT-SWAP,breakout,12H,0.005,0.02,0.02,1,0.0,10.0,148.0,0.0,-100.0,684,233,451,34.06,100.0,0.497,-4.093,1468,0.0,-100.0,0.0,-100.0,0.0,-100.0
ETH-USDT-SWAP,breakout,12H,0.005,0.02,0.025,1,0.0,10.0,148.0,0.0,-100.0,684,263,421,38.45,100.0,0.53,-4.093,1468,0.0,-100.0,0.0,-100.0,0.0,-99.99
ETH-USDT-SWAP,breakout,12H,0.005,0.02,0.03,1,0.0,10.0,148.0,0.0,-100.0,684,279,405,40.79,100.0,0.517,-4.093,1468,0.0,-100.0,0.0,-100.0,0.0,-99.92
ETH-USDT-SWAP,breakout,12H,0.005,0.03,0.01,1,0.0,10.0,148.0,0.0,-100.0,684,86,598,12.57,100.0,0.152,-4.093,1468,0.0,-100.0,0.0,-100.0,0.0,-100.0
ETH-USDT-SWAP,breakout,12H,0.005,0.03,0.015,1,0.0,10.0,148.0,0.0,-100.0,684,167,517,24.42,100.0,0.213,-4.093,1468,0.0,-100.0,0.0,-100.0,0.0,-100.0
ETH-USDT-SWAP,breakout,12H,0.005,0.03,0.02,1,0.0,10.0,148.0,0.0,-100.0,684,216,468,31.58,100.0,0.466,-4.093,1468,0.0,-100.0,0.0,-100.0,0.0,-100.0
ETH-USDT-SWAP,breakout,12H,0.005,0.03,0.025,1,0.0,10.0,148.0,0.0,-100.0,684,243,441,35.53,100.0,0.482,-4.093,1468,0.0,-100.0,0.0,-100.0,0.0,-99.99
ETH-USDT-SWAP,breakout,12H,0.005,0.03,0.03,1,0.0,10.0,148.0,0.0,-100.0,684,255,429,37.28,100.0,0.471,-4.093,1468,0.01,-100.0,0.0,-100.0,0.0,-99.97
ETH-USDT-SWAP,breakout,12H,0.007,0.006,0.01,1,0.0,10.0,148.0,0.0,-100.0,618,115,503,18.61,100.0,0.027,-4.093,1468,0.0,-100.0,0.0,-100.0,0.0,-100.0
ETH-USDT-SWAP,breakout,12H,0.007,0.006,0.015,1,0.0,10.0,148.0,0.0,-100.0,618,259,359,41.91,100.0,0.091,-4.093,1468,0.0,-100.0,0.0,-100.0,0.0,-100.0
ETH-USDT-SWAP,breakout,12H,0.007,0.006,0.02,1,0.0,10.0,148.0,0.0,-100.0,618,341,277,55.18,100.0,0.216,-4.093,1468,0.01,-99.99,0.0,-100.0,0.0,-100.0
ETH-USDT-SWAP,breakout,12H,0.007,0.006,0.025,1,0.0,10.0,148.0,0.0,-100.0,618,383,235,61.97,100.0,0.39,-4.093,1468,0.15,-99.9,0.0,-100.0,0.0,-100.0
ETH-USDT-SWAP,breakout,12H,0.007,0.006,0.03,1,0.0,10.0,148.0,0.0,-100.0,618,406,212,65.7,100.0,0.35,-4.093,1468,0.07,-99.95,0.0,-100.0,0.0,-99.92
ETH-USDT-SWAP,breakout,12H,0.007,0.008,0.01,1,0.0,10.0,148.0,0.0,-100.0,618,101,517,16.34,100.0,0.032,-4.093,1468,0.0,-100.0,0.0,-100.0,0.0,-100.0
ETH-USDT-SWAP,breakout,12H,0.007,0.008,0.015,1,0.0,10.0,148.0,0.0,-100.0,618,232,386,37.54,100.0,0.125,-4.093,1468,0.0,-100.0,0.0,-100.0,0.0,-100.0
ETH-USDT-SWAP,breakout,12H,0.007,0.008,0.02,1,0.0,10.0,148.0,0.0,-100.0,618,309,309,50.0,100.0,0.274,-4.093,1468,0.01,-100.0,0.0,-100.0,0.0,-100.0
ETH-USDT-SWAP,breakout,12H,0.007,0.008,0.025,1,0.0,10.0,148.0,0.0,-100.0,618,347,271,56.15,100.0,0.403,-4.093,1468,0.04,-99.97,0.0,-100.0,0.0,-100.0
ETH-USDT-SWAP,breakout,12H,0.007,0.008,0.03,1,0.0,10.0,148.0,0.0,-100.0,618,371,247,60.03,100.0,0.377,-4.093,1468,0.03,-99.98,0.0,-100.0,0.0,-99.89
ETH-USDT-SWAP,breakout,12H,0.007,0.01,0.01,1,0.0,10.0,148.0,0.0,-100.0,618,89,529,14.4,100.0,0.042,-4.093,1468,0.0,-100.0,0.0,-100.0,0.0,-100.0
ETH-USDT-SWAP,breakout,12H,0.007,0.01,0.015,1,0.0,10.0,148.0,0.0,-100.0,618,196,422,31.72,100.0,0.163,-4.093,1468,0.0,-100.0,0.0,-100.0,0.0,-100.0
ETH-USDT-SWAP,breakout,12H,0.007,0.01,0.02,1,0.0,10.0,148.0,0.0,-100.0,618,268,350,43.37,100.0,0.348,-4.093,1468,0.0,-100.0,0.0,-100.0,0.0,-100.0
ETH-USDT-SWAP,breakout,12H,0.007,0.01,0.025,1,0.0,10.0,148.0,0.0,-100.0,618,303,315,49.03,100.0,0.497,-4.093,1468,0.03,-99.98,0.0,-100.0,0.0,-100.0
ETH-USDT-SWAP,breakout,12H,0.007,0.01,0.03,1,0.0,10.0,148.0,0.0,-100.0,618,327,291,52.91,100.0,0.47,-4.093,1468,0.02,-99.99,0.0,-100.0,0.0,-99.95
ETH-USDT-SWAP,breakout,12H,0.007,0.015,0.01,1,0.0,10.0,148.0,0.0,-100.0,618,69,549,11.17,100.0,0.068,-4.093,1468,0.0,-100.0,0.0,-100.0,0.0,-100.0
ETH-USDT-SWAP,breakout,12H,0.007,0.015,0.015,1,0.0,10.0,148.0,0.0,-100.0,618,157,461,25.4,100.0,0.198,-4.093,1468,0.0,-100.0,0.0,-100.0,0.0,-100.0
ETH-USDT-SWAP,breakout,12H,0.007,0.015,0.02,1,0.0,10.0,148.0,0.0,-100.0,618,214,404,34.63,100.0,0.35,-4.093,1468,0.0,-100.0,0.0,-100.0,0.0,-100.0
ETH-USDT-SWAP,breakout,12H,0.007,0.015,0.025,1,0.0,10.0,148.0,0.0,-100.0,618,245,373,39.64,100.0,0.468,-4.093,1468,0.01,-100.0,0.0,-100.0,0.0,-100.0
ETH-USDT-SWAP,breakout,12H,0.007,0.015,0.03,1,0.0,10.0,148.0,0.0,-100.0,618,268,350,43.37,100.0,0.45,-4.093,1468,0.0,-100.0,0.0,-100.0,0.0,-99.9
ETH-USDT-SWAP,breakout,12H,0.007,0.02,0.01,1,0.0,10.0,148.0,0.0,-100.0,618,65,553,10.52,100.0,0.096,-4.093,1468,0.0,-100.0,0.0,-100.0,0.0,-100.0
ETH-USDT-SWAP,breakout,12H,0.007,0.02,0.015,1,0.0,10.0,148.0,0.0,-100.0,618,148,470,23.95,100.0,0.215,-4.093,1468,0.0,-100.0,0.0,-100.0,0.0,-100.0
ETH-USDT-SWAP,breakout,12H,0.007,0.02,0.02,1,0.0,10.0,148.0,0.0,-100.0,618,196,422,31.72,100.0,0.381,-4.093,1468,0.0,-100.0,0.0,-100.0,0.0,-100.0
ETH-USDT-SWAP,breakout,12H,0.007,0.02,0.025,1,0.0,10.0,148.0,0.0,-100.0,618,226,392,36.57,100.0,0.522,-4.093,1468,0.01,-99.99,0.0,-100.0,0.0,-100.0
ETH-USDT-SWAP,breakout,12H,0.007,0.02,0.03,1,0.0,10.0,148.0,0.0,-100.0,618,246,372,39.81,100.0,0.509,-4.093,1468,0.01,-100.0,0.0,-100.0,0.0,-99.87
ETH-USDT-SWAP,breakout,12H,0.007,0.03,0.01,1,0.0,10.0,148.0,0.0,-100.0,618,61,557,9.87,100.0,0.1,-4.093,1468,0.0,-100.0,0.0,-100.0,0.0,-100.0
ETH-USDT-SWAP,breakout,12H,0.007,0.03,0.015,1,0.0,10.0,148.0,0.0,-100.0,618,137,481,22.17,100.0,0.231,-4.093,1468,0.0,-100.0,0.0,-100.0,0.0,-100.0
ETH-USDT-SWAP,breakout,12H,0.007,0.03,0.02,1,0.0,10.0,148.0,0.0,-100.0,618,179,439,28.96,100.0,0.302,-4.093,1468,0.0,-100.0,0.0,-100.0,0.0,-100.0
ETH-USDT-SWAP,breakout,12H,0.007,0.03,0.025,1,0.0,10.0,148.0,0.0,-100.0,618,209,409,33.82,100.0,0.477,-4.093,1468,0.01,-100.0,0.0,-100.0,0.0,-100.0
ETH-USDT-SWAP,breakout,12H,0.007,0.03,0.03,1,0.0,10.0,148.0,0.0,-100.0,618,225,393,36.41,100.0,0.456,-4.093,1468,0.01,-100.0,0.0,-100.0,0.0,-99.96
ETH-USDT-SWAP,breakout,12H,0.01,0.006,0.01,1,0.0,10.0,148.0,0.0,-100.0,524,96,428,18.32,100.0,0.037,-4.093,1468,0.0,-100.0,0.0,-100.0,0.0,-100.0
ETH-USDT-SWAP,breakout,12H,0.01,0.006,0.015,1,0.0,10.0,148.0,0.0,-100.0,524,191,333,36.45,100.0,0.133,-4.093,1468,0.0,-100.0,0.0,-100.0,0.0,-100.0
ETH-USDT-SWAP,breakout,12H,0.01,0.006,0.02,1,0.0,10.0,148.0,0.0,-100.0,524,270,254,51.53,100.0,0.161,-4.093,1468,0.01,-99.99,0.0,-100.0,0.0,-100.0
ETH-USDT-SWAP,breakout,12H,0.01,0.006,0.025,1,0.0,10.0,148.0,0.0,-100.0,524,319,205,60.88,100.0,0.335,-4.093,1468,0.3,-99.79,0.0,-100.0,0.0,-100.0
ETH-USDT-SWAP,breakout,12H,0.01,0.006,0.03,1,0.0,10.0,148.0,0.0,-100.0,524,338,186,64.5,100.0,0.432,-4.093,1468,0.78,-99.47,0.0,-100.0,0.0,-99.99
ETH-USDT-SWAP,breakout,12H,0.01,0.008,0.01,1,0.0,10.0,148.0,0.0,-100.0,524,80,444,15.27,100.0,0.051,-4.093,1468,0.0,-100.0,0.0,-100.0,0.0,-100.0
ETH-USDT-SWAP,breakout,12H,0.01,0.008,0.015,1,0.0,10.0,148.0,0.0,-100.0,524,159,365,30.34,100.0,0.176,-4.093,1468,0.0,-100.0,0.0,-100.0,0.0,-100.0
ETH-USDT-SWAP,breakout,12H,0.01,0.008,0.02,1,0.0,10.0,148.0,0.0,-100.0,524,231,293,44.08,100.0,0.216,-4.093,1468,0.0,-100.0,0.0,-100.0,0.0,-100.0
ETH-USDT-SWAP,breakout,12H,0.01,0.008,0.025,1,0.0,10.0,148.0,0.0,-100.0,524,276,248,52.67,100.0,0.41,-4.093,1468,0.07,-99.95,0.0,-100.0,0.0,-100.0
ETH-USDT-SWAP,breakout,12H,0.01,0.008,0.03,1,0.0,10.0,148.0,0.0,-100.0,524,291,233,55.53,100.0,0.512,-4.093,1468,0.18,-99.88,0.0,-100.0,0.0,-99.99
ETH-USDT-SWAP,breakout,12H,0.01,0.01,0.01,1,0.0,10.0,148.0,0.0,-100.0,524,70,454,13.36,100.0,0.057,-4.093,1468,0.0,-100.0,0.0,-100.0,0.0,-100.0
ETH-USDT-SWAP,breakout,12H,0.01,0.01,0.015,1,0.0,10.0,148.0,0.0,-100.0,524,142,382,27.1,100.0,0.129,-4.093,1468,0.0,-100.0,0.0,-100.0,0.0,-100.0
ETH-USDT-SWAP,breakout,12H,0.01,0.01,0.02,1,0.0,10.0,148.0,0.0,-100.0,524,209,315,39.89,100.0,0.183,-4.093,1468,0.0,-100.0,0.0,-100.0,0.0,-100.0
ETH-USDT-SWAP,breakout,12H,0.01,0.01,0.025,1,0.0,10.0,148.0,0.0,-100.0,524,252,272,48.09,100.0,0.295,-4.093,1468,0.04,-99.97,0.0,-100.0,0.0,-100.0
ETH-USDT-SWAP,breakout,12H,0.01,0.01,0.03,1,0.0,10.0,148.0,0.0,-100.0,524,267,257,50.95,100.0,0.39,-4.093,1468,0.09,-99.94,0.0,-100.0,0.0,-99.99
ETH-USDT-SWAP,breakout,12H,0.01,0.015,0.01,1,0.0,10.0,148.0,0.0,-100.0,524,60,464,11.45,100.0,0.089,-4.093,1468,0.0,-100.0,0.0,-100.0,0.0,-100.0
ETH-USDT-SWAP,breakout,12H,0.01,0.015,0.015,1,0.0,10.0,148.0,0.0,-100.0,524,121,403,23.09,100.0,0.16,-4.093,1468,0.0,-100.0,0.0,-100.0,0.0,-100.0
ETH-USDT-SWAP,breakout,12H,0.01,0.015,0.02,1,0.0,10.0,148.0,0.0,-100.0,524,174,350,33.21,100.0,0.218,-4.093,1468,0.0,-100.0,0.0,-100.0,0.0,-100.0
ETH-USDT-SWAP,breakout,12H,0.01,0.015,0.025,1,0.0,10.0,148.0,0.0,-100.0,524,214,310,40.84,100.0,0.375,-4.093,1468,0.04,-99.97,0.0,-100.0,0.0,-100.0
ETH-USDT-SWAP,breakout,12H,0.01,0.015,0.03,1,0.0,10.0,148.0,0.0,-100.0,524,229,295,43.7,100.0,0.497,-4.093,1468,0.12,-99.92,0.0,-100.0,0.0,-99.98
ETH-USDT-SWAP,breakout,12H,0.01,0.02,0.01,1,0.0,10.0,148.0,0.0,-100.0,524,58,466,11.07,100.0,0.123,-4.093,1468,0.0,-100.0,0.0,-100.0,0.0,-100.0
ETH-USDT-SWAP,breakout,12H,0.01,0.02,0.015,1,0.0,10.0,148.0,0.0,-100.0,524,112,412,21.37,100.0,0.218,-4.093,1468,0.0,-100.0,0.0,-100.0,0.0,-100.0
ETH-USDT-SWAP,breakout,12H,0.01,0.02,0.02,1,0.0,10.0,148.0,0.0,-100.0,524,163,361,31.11,100.0,0.275,-4.093,1468,0.0,-100.0,0.0,-100.0,0.0,-99.99
ETH-USDT-SWAP,breakout,12H,0.01,0.02,0.025,1,0.0,10.0,148.0,0.0,-100.0,524,195,329,37.21,100.0,0.451,-4.093,1468,0.03,-99.98,0.0,-100.0,0.0,-99.99
ETH-USDT-SWAP,breakout,12H,0.01,0.02,0.03,1,0.0,10.0,148.0,0.0,-100.0,524,207,317,39.5,100.0,0.578,-4.093,1468,0.08,-99.95,0.0,-100.0,0.0,-99.99
ETH-USDT-SWAP,breakout,12H,0.01,0.03,0.01,1,0.0,10.0,148.0,0.0,-100.0,524,55,469,10.5,100.0,0.162,-4.093,1468,0.0,-100.0,0.0,-100.0,0.0,-100.0
ETH-USDT-SWAP,breakout,12H,0.01,0.03,0.015,1,0.0,10.0,148.0,0.0,-100.0,524,107,417,20.42,100.0,0.22,-4.093,1468,0.0,-100.0,0.0,-100.0,0.0,-100.0
ETH-USDT-SWAP,breakout,12H,0.01,0.03,0.02,1,0.0,10.0,148.0,0.0,-100.0,524,153,371,29.2,100.0,0.277,-4.093,1468,0.0,-100.0,0.0,-100.0,0.0,-99.99
ETH-USDT-SWAP,breakout,12H,0.01,0.03,0.025,1,0.0,10.0,148.0,0.0,-100.0,524,183,341,34.92,100.0,0.344,-4.093,1468,0.04,-99.97,0.0,-100.0,0.0,-99.99
ETH-USDT-SWAP,breakout,12H,0.01,0.03,0.03,1,0.0,10.0,148.0,0.0,-100.0,524,195,329,37.21,100.0,0.508,-4.093,1468,0.1,-99.93,0.0,-100.0,0.0,-99.97
ETH-USDT-SWAP,fade,12H,0.001,0.006,0.01,1,0.0,10.0,148.0,2.54,-98.28,1116,822,294,73.66,99.55,0.935,-4.022,1468,154.53,4.41,30.66,-80.16,2.54,-91.71
ETH-USDT-SWAP,fade,12H,0.001,0.006,0.015,1,0.0,10.0,148.0,74178.37,50020.52,1116,933,183,83.6,67.06,1.302,2047.225,1468,3348.9,2162.77,65357.96,1851.62,74178.37,13.5
ETH-USDT-SWAP,fade,12H,0.001,0.006,0.02,1,0.0,10.0,148.0,150042.1,101279.79,1116,972,144,87.1,61.02,1.5,4145.148,1468,14739.86,9859.37,126907.94,760.98,150042.1,18.23
ETH-USDT-SWAP,fade,12H,0.001,0.006,0.025,1,0.0,10.0,148.0,168798.94,113953.34,1116,990,126,88.71,65.49,1.642,4663.848,1468,10960.43,7305.7,125783.7,1047.62,168798.94,34.2
ETH-USDT-SWAP,fade,12H,0.001,0.006,0.03,1,0.0,10.0,148.0,158984.84,107322.19,1116,998,118,89.43,80.62,1.686,4392.45,1468,4741.98,3104.04,107510.35,2167.2,158984.84,47.88
ETH-USDT-SWAP,fade,12H,0.001,0.008,0.01,1,0.0,10.0,148.0,3.98,-97.31,1116,735,381,65.86,99.51,0.964,-3.983,1468,198.48,34.11,77.66,-60.87,3.98,-94.87
ETH-USDT-SWAP,fade,12H,0.001,0.008,0.015,1,0.0,10.0,148.0,70812.05,47745.98,1116,836,280,74.91,80.66,1.224,1954.133,1468,1699.13,1048.06,60618.13,3467.59,70812.05,16.82
ETH-USDT-SWAP,fade,12H,0.001,0.008,0.02,1,0.0,10.0,148.0,112706.53,76053.06,1116,870,246,77.96,80.94,1.313,3112.676,1468,4316.8,2816.76,105509.94,2344.17,112706.53,6.82
ETH-USDT-SWAP,fade,12H,0.001,0.008,0.025,1,0.0,10.0,148.0,131564.34,88794.82,1116,889,227,79.66,73.7,1.398,3634.167,1468,2177.45,1371.25,106081.3,4771.81,131564.34,24.02
ETH-USDT-SWAP,fade,12H,0.001,0.008,0.03,1,0.0,10.0,148.0,99796.01,67329.73,1116,898,218,80.47,86.24,1.342,2755.651,1468,555.58,275.39,74062.56,13230.79,99796.01,34.75
ETH-USDT-SWAP,fade,12H,0.001,0.01,0.01,1,0.0,10.0,148.0,0.76,-99.49,1116,664,452,59.5,99.83,0.941,-4.072,1468,100.09,-32.37,21.79,-78.23,0.76,-96.52
ETH-USDT-SWAP,fade,12H,0.001,0.01,0.015,1,0.0,10.0,148.0,357.57,141.6,1116,752,364,67.38,95.1,1.005,5.795,1468,933.77,530.93,2448.41,162.21,357.57,-85.4
ETH-USDT-SWAP,fade,12H,0.001,0.01,0.02,1,0.0,10.0,148.0,32388.37,21784.03,1116,789,327,70.7,94.29,1.101,891.57,1468,4097.99,2668.91,40312.55,883.72,32388.37,-19.66
ETH-USDT-SWAP,fade,12H,0.001,0.01,0.025,1,0.0,10.0,148.0,75170.85,50691.12,1116,808,308,72.4,91.98,1.191,2074.671,1468,5024.86,3295.18,61559.58,1125.1,75170.85,22.11
ETH-USDT-SWAP,fade,12H,0.001,0.01,0.03,1,0.0,10.0,148.0,1404.93,849.27,1116,815,301,73.03,96.12,1.006,34.759,1468,1193.91,706.7,13608.49,1039.82,1404.93,-89.68
ETH-USDT-SWAP,fade,12H,0.001,0.015,0.01,1,0.0,10.0,148.0,0.0,-100.0,1116,520,596,46.59,100.0,0.863,-4.093,1468,7.29,-95.07,0.0,-99.96,0.0,-99.47
ETH-USDT-SWAP,fade,12H,0.001,0.015,0.015,1,0.0,10.0,148.0,0.0,-100.0,1116,604,512,54.12,100.0,0.821,-4.093,1468,14.65,-90.1,0.07,-99.54,0.0,-98.7
ETH-USDT-SWAP,fade,12H,0.001,0.015,0.02,1,0.0,10.0,148.0,0.0,-100.0,1116,635,481,56.9,100.0,0.862,-4.093,1468,28.08,-81.03,0.06,-99.78,0.0,-99.66
ETH-USDT-SWAP,fade,12H,0.001,0.015,0.025,1,0.0,10.0,148.0,0.0,-100.0,1116,653,463,58.51,100.0,0.859,-4.093,1468,27.02,-81.74,0.04,-99.85,0.0,-99.55
ETH-USDT-SWAP,fade,12H,0.001,0.015,0.03,1,0.0,10.0,148.0,0.0,-100.0,1116,661,455,59.23,100.0,0.798,-4.093,1468,8.51,-94.25,0.0,-99.99,0.0,-99.65
ETH-USDT-SWAP,fade,12H,0.001,0.02,0.01,1,0.0,10.0,148.0,0.0,-100.0,1116,444,672,39.78,100.0,0.636,-4.093,1468,0.48,-99.68,0.0,-100.0,0.0,-99.94
ETH-USDT-SWAP,fade,12H,0.001,0.02,0.015,1,0.0,10.0,148.0,0.0,-100.0,1116,518,598,46.42,100.0,0.589,-4.093,1468,0.32,-99.78,0.0,-100.0,0.0,-99.93
ETH-USDT-SWAP,fade,12H,0.001,0.02,0.02,1,0.0,10.0,148.0,0.0,-100.0,1116,548,568,49.1,100.0,0.723,-4.093,1468,1.14,-99.23,0.0,-100.0,0.0,-99.99
ETH-USDT-SWAP,fade,12H,0.001,0.02,0.025,1,0.0,10.0,148.0,0.0,-100.0,1116,566,550,50.72,100.0,0.681,-4.093,1468,0.56,-99.62,0.0,-100.0,0.0,-99.99
ETH-USDT-SWAP,fade,12H,0.001,0.02,0.03,1,0.0,10.0,148.0,0.0,-100.0,1116,576,540,51.61,100.0,0.611,-4.093,1468,0.16,-99.89,0.0,-100.0,0.0,-99.99
ETH-USDT-SWAP,fade,12H,0.001,0.03,0.01,1,0.0,10.0,148.0,0.0,-100.0,1116,382,734,34.23,100.0,0.546,-4.093,1468,0.01,-99.99,0.0,-100.0,0.0,-100.0
ETH-USDT-SWAP,fade,12H,0.001,0.03,0.015,1,0.0,10.0,148.0,0.0,-100.0,1116,456,660,40.86,100.0,0.457,-4.093,1468,0.0,-100.0,0.0,-100.0,0.0,-100.0
ETH-USDT-SWAP,fade,12H,0.001,0.03,0.02,1,0.0,10.0,148.0,0.0,-100.0,1116,482,634,43.19,100.0,0.575,-4.093,1468,0.0,-100.0,0.0,-100.0,0.0,-100.0
ETH-USDT-SWAP,fade,12H,0.001,0.03,0.025,1,0.0,10.0,148.0,0.0,-100.0,1116,498,618,44.62,100.0,0.478,-4.093,1468,0.0,-100.0,0.0,-100.0,0.0,-100.0
ETH-USDT-SWAP,fade,12H,0.001,0.03,0.03,1,0.0,10.0,148.0,0.0,-100.0,1116,510,606,45.7,100.0,0.395,-4.093,1468,0.0,-100.0,0.0,-100.0,0.0,-100.0
ETH-USDT-SWAP,fade,12H,0.002,0.006,0.01,1,0.0,10.0,148.0,99.19,-32.98,1071,807,264,75.35,88.46,0.994,-1.35,1468,331.58,124.04,585.86,76.69,99.19,-83.07
ETH-USDT-SWAP,fade,12H,0.002,0.006,0.015,1,0.0,10.0,148.0,132729.55,89582.13,1071,910,161,84.97,40.34,1.447,3666.39,1468,11747.55,7837.53,119109.62,913.91,132729.55,11.43
ETH-USDT-SWAP,fade,12H,0.002,0.006,0.02,1,0.0,10.0,148.0,201146.81,135810.01,1071,947,124,88.42,48.67,1.75,5558.39,1468,26408.62,17743.66,171159.25,548.12,201146.81,17.52
ETH-USDT-SWAP,fade,12H,0.002,0.006,0.025,1,0.0,10.0,148.0,230322.51,155523.32,1071,965,106,90.1,46.93,1.906,6365.211,1468,25319.17,17007.55,177948.44,602.82,230322.51,29.43
ETH-USDT-SWAP,fade,12H,0.002,0.006,0.03,1,0.0,10.0,148.0,238919.9,161332.36,1071,974,97,90.94,55.64,2.006,6602.962,1468,15032.93,10057.38,177695.84,1082.04,238919.9,34.45
ETH-USDT-SWAP,fade,12H,0.002,0.008,0.01,1,0.0,10.0,148.0,536.78,262.69,1071,731,340,68.25,96.33,1.018,10.751,1468,196.57,32.82,2158.07,997.84,536.78,-75.13
ETH-USDT-SWAP,fade,12H,0.002,0.008,0.015,1,0.0,10.0,148.0,148394.55,100166.59,1071,829,242,77.4,62.42,1.452,4099.588,1468,3216.49,2073.3,123043.66,3725.41,148394.55,20.6
ETH-USDT-SWAP,fade,12H,0.002,0.008,0.02,1,0.0,10.0,148.0,190883.44,128875.3,1071,865,206,80.77,67.44,1.623,5274.569,1468,3024.09,1943.3,154019.68,4993.1,190883.44,23.93
ETH-USDT-SWAP,fade,12H,0.002,0.008,0.025,1,0.0,10.0,148.0,198060.74,133724.82,1071,883,188,82.45,76.43,1.723,5473.049,1468,1149.58,676.74,140887.52,12155.55,198060.74,40.58
ETH-USDT-SWAP,fade,12H,0.002,0.008,0.03,1,0.0,10.0,148.0,185296.72,125100.48,1071,891,180,83.19,87.87,1.705,5120.074,1468,331.49,123.98,123681.47,37211.32,185296.72,49.82
ETH-USDT-SWAP,fade,12H,0.002,0.01,0.01,1,0.0,10.0,148.0,146.38,-1.09,1071,660,411,61.62,96.01,1.0,-0.045,1468,209.12,41.3,1559.71,645.86,146.38,-90.61
ETH-USDT-SWAP,fade,12H,0.002,0.01,0.015,1,0.0,10.0,148.0,130338.5,87966.55,1071,752,319,70.21,72.74,1.295,3600.268,1468,4215.96,2748.62,119435.06,2732.93,130338.5,9.13
ETH-USDT-SWAP,fade,12H,0.002,0.01,0.02,1,0.0,10.0,148.0,147607.21,99634.6,1071,780,291,72.83,71.48,1.332,4077.815,1468,6005.59,3957.83,140081.94,2232.53,147607.21,5.37
ETH-USDT-SWAP,fade,12H,0.002,0.01,0.025,1,0.0,10.0,148.0,145395.51,98140.21,1071,798,273,74.51,71.18,1.353,4016.652,1468,3131.52,2015.89,123022.53,3828.53,145395.51,18.19
ETH-USDT-SWAP,fade,12H,0.002,0.01,0.03,1,0.0,10.0,148.0,122878.36,82925.92,1071,806,265,75.26,79.05,1.323,3393.967,1468,1090.79,637.02,101913.35,9243.1,122878.36,20.57
ETH-USDT-SWAP,fade,12H,0.002,0.015,0.01,1,0.0,10.0,148.0,0.0,-100.0,1071,516,555,48.18,100.0,0.893,-4.093,1468,16.66,-88.74,0.22,-98.68,0.0,-98.36
ETH-USDT-SWAP,fade,12H,0.002,0.015,0.015,1,0.0,10.0,148.0,0.24,-99.84,1071,596,475,55.65,99.88,0.914,-4.086,1468,76.85,-48.07,14.29,-81.41,0.24,-98.33
ETH-USDT-SWAP,fade,12H,0.002,0.015,0.02,1,0.0,10.0,148.0,0.29,-99.8,1071,627,444,58.54,99.88,0.946,-4.085,1468,180.3,21.82,34.14,-81.06,0.29,-99.15
ETH-USDT-SWAP,fade,12H,0.002,0.015,0.025,1,0.0,10.0,148.0,0.03,-99.98,1071,643,428,60.04,99.99,0.927,-4.092,1468,76.69,-48.18,3.73,-95.13,0.03,-99.09
ETH-USDT-SWAP,fade,12H,0.002,0.015,0.03,1,0.0,10.0,148.0,0.01,-100.0,1071,652,419,60.88,100.0,0.915,-4.093,1468,48.97,-66.91,1.28,-97.39,0.01,-99.51
ETH-USDT-SWAP,fade,12H,0.002,0.02,0.01,1,0.0,10.0,148.0,0.0,-100.0,1071,439,632,40.99,100.0,0.694,-4.093,1468,0.73,-99.5,0.0,-99.99,0.0,-99.64
ETH-USDT-SWAP,fade,12H,0.002,0.02,0.015,1,0.0,10.0,148.0,0.0,-100.0,1071,510,561,47.62,100.0,0.669,-4.093,1468,1.39,-99.06,0.0,-99.99,0.0,-99.92
ETH-USDT-SWAP,fade,12H,0.002,0.02,0.02,1,0.0,10.0,148.0,0.0,-100.0,1071,542,529,50.61,100.0,0.797,-4.093,1468,5.36,-96.38,0.0,-99.99,0.0,-99.98
ETH-USDT-SWAP,fade,12H,0.002,0.02,0.025,1,0.0,10.0,148.0,0.0,-100.0,1071,559,512,52.19,100.0,0.783,-4.093,1468,1.61,-98.91,0.0,-100.0,0.0,-99.98
ETH-USDT-SWAP,fade,12H,0.002,0.02,0.03,1,0.0,10.0,148.0,0.0,-100.0,1071,570,501,53.22,100.0,0.753,-4.093,1468,0.62,-99.58,0.0,-100.0,0.0,-99.98
ETH-USDT-SWAP,fade,12H,0.002,0.03,0.01,1,0.0,10.0,148.0,0.0,-100.0,1071,375,696,35.01,100.0,0.567,-4.093,1468,0.04,-99.97,0.0,-100.0,0.0,-99.99
ETH-USDT-SWAP,fade,12H,0.002,0.03,0.015,1,0.0,10.0,148.0,0.0,-100.0,1071,440,631,41.08,100.0,0.523,-4.093,1468,0.02,-99.99,0.0,-100.0,0.0,-100.0
ETH-USDT-SWAP,fade,12H,0.002,0.03,0.02,1,0.0,10.0,148.0,0.0,-100.0,1071,469,602,43.79,100.0,0.643,-4.093,1468,0.06,-99.96,0.0,-100.0,0.0,-100.0
ETH-USDT-SWAP,fade,12H,0.002,0.03,0.025,1,0.0,10.0,148.0,0.0,-100.0,1071,485,586,45.28,100.0,0.575,-4.093,1468,0.01,-99.99,0.0,-100.0,0.0,-100.0
ETH-USDT-SWAP,fade,12H,0.002,0.03,0.03,1,0.0,10.0,148.0,0.0,-100.0,1071,497,574,46.41,100.0,0.499,-4.093,1468,0.0,-100.0,0.0,-100.0,0.0,-100.0
ETH-USDT-SWAP,fade,12H,0.003,0.006,0.01,1,0.0,10.0,148.0,2813.77,1801.2,1033,803,230,77.73,87.87,1.041,73.719,1468,960.19,548.78,10874.89,1032.58,2813.77,-74.13
ETH-USDT-SWAP,fade,12H,0.003,0.006,0.015,1,0.0,10.0,148.0,167650.72,113177.51,1033,895,138,86.64,38.16,1.607,4632.095,1468,38563.7,25956.55,155496.71,303.22,167650.72,7.82
ETH-USDT-SWAP,fade,12H,0.003,0.006,0.02,1,0.0,10.0,148.0,240694.93,162531.71,1033,931,102,90.13,48.67,2.052,6652.048,1468,45743.51,30807.78,213008.65,365.66,240694.93,13.0
ETH-USDT-SWAP,fade,12H,0.003,0.006,0.025,1,0.0,10.0,148.0,274312.75,185246.46,1033,947,86,91.67,33.81,2.299,7581.71,1468,48416.04,32613.54,207325.28,328.22,274312.75,32.31
ETH-USDT-SWAP,fade,12H,0.003,0.006,0.03,1,0.0,10.0,148.0,288839.2,195061.62,1033,955,78,92.45,36.12,2.389,7983.423,1468,50832.86,34246.53,218497.04,329.83,288839.2,32.19
ETH-USDT-SWAP,fade,12H,0.003,0.008,0.01,1,0.0,10.0,148.0,77330.91,52150.62,1033,736,297,71.25,76.99,1.278,2134.404,1468,1226.3,728.58,78909.81,6334.76,77330.91,-2.0
ETH-USDT-SWAP,fade,12H,0.003,0.008,0.015,1,0.0,10.0,148.0,228689.0,154419.6,1033,821,212,79.48,49.16,1.645,6320.038,1468,33183.19,22321.08,204270.06,515.58,228689.0,11.95
ETH-USDT-SWAP,fade,12H,0.003,0.008,0.02,1,0.0,10.0,148.0,283833.28,191679.25,1033,855,178,82.77,56.36,1.871,7844.99,1468,32719.53,22007.79,240815.56,636.0,283833.28,17.86
ETH-USDT-SWAP,fade,12H,0.003,0.008,0.025,1,0.0,10.0,148.0,294855.26,199126.53,1033,870,163,84.22,59.98,1.915,8149.79,1468,26411.08,17745.32,220001.21,732.99,294855.26,34.02
ETH-USDT-SWAP,fade,12H,0.003,0.008,0.03,1,0.0,10.0,148.0,315641.0,213170.95,1033,880,153,85.19,65.31,2.003,8724.595,1468,26354.85,17707.33,233477.41,785.9,315641.0,35.19
ETH-USDT-SWAP,fade,12H,0.003,0.01,0.01,1,0.0,10.0,148.0,65807.41,44364.47,1033,664,369,64.28,83.42,1.194,1815.735,1468,894.37,504.3,78450.94,8671.63,65807.41,-16.12
ETH-USDT-SWAP,fade,12H,0.003,0.01,0.015,1,0.0,10.0,148.0,185695.93,125370.22,1033,741,292,71.73,66.01,1.4,5131.114,1468,12021.91,8022.91,182287.81,1416.3,185695.93,1.87
ETH-USDT-SWAP,fade,12H,0.003,0.01,0.02,1,0.0,10.0,148.0,199269.52,134541.57,1033,770,263,74.54,66.68,1.496,5506.476,1468,5773.84,3801.24,193038.03,3243.32,199269.52,3.23
ETH-USDT-SWAP,fade,12H,0.003,0.01,0.025,1,0.0,10.0,148.0,183349.91,123785.07,1033,784,249,75.9,81.67,1.476,5066.238,1468,2932.0,1881.08,161305.76,5401.56,183349.91,13.67
ETH-USDT-SWAP,fade,12H,0.003,0.01,0.03,1,0.0,10.0,148.0,207750.02,140271.64,1033,796,237,77.06,79.29,1.548,5740.995,1468,2832.15,1813.62,180572.79,6275.82,207750.02,15.05
ETH-USDT-SWAP,fade,12H,0.003,0.015,0.01,1,0.0,10.0,148.0,1.79,-98.79,1033,517,516,50.05,99.7,0.968,-4.043,1468,208.56,40.92,104.92,-49.69,1.79,-98.29
ETH-USDT-SWAP,fade,12H,0.003,0.015,0.015,1,0.0,10.0,148.0,35.46,-76.04,1033,592,441,57.31,99.29,0.997,-3.112,1468,1452.62,881.5,1632.66,12.39,35.46,-97.83
ETH-USDT-SWAP,fade,12H,0.003,0.015,0.02,1,0.0,10.0,148.0,105.12,-28.97,1033,623,410,60.31,99.28,1.0,-1.186,1468,1526.62,931.5,7619.33,399.1,105.12,-98.62
ETH-USDT-SWAP,fade,12H,0.003,0.015,0.025,1,0.0,10.0,148.0,19.39,-86.9,1033,638,395,61.76,98.67,0.993,-3.556,1468,1148.09,675.74,350.44,-69.48,19.39,-94.47
ETH-USDT-SWAP,fade,12H,0.003,0.015,0.03,1,0.0,10.0,148.0,17.57,-88.13,1033,647,386,62.63,98.79,0.994,-3.607,1468,1230.09,731.14,429.22,-65.11,17.57,-95.91
ETH-USDT-SWAP,fade,12H,0.003,0.02,0.01,1,0.0,10.0,148.0,0.0,-100.0,1033,437,596,42.3,100.0,0.803,-4.093,1468,10.66,-92.8,0.04,-99.65,0.0,-99.89
ETH-USDT-SWAP,fade,12H,0.003,0.02,0.015,1,0.0,10.0,148.0,0.0,-100.0,1033,507,526,49.08,100.0,0.83,-4.093,1468,16.07,-89.14,0.07,-99.54,0.0,-99.96
ETH-USDT-SWAP,fade,12H,0.003,0.02,0.02,1,0.0,10.0,148.0,0.0,-100.0,1033,540,493,52.27,100.0,0.854,-4.093,1468,22.08,-85.08,0.12,-99.45,0.0,-99.99
ETH-USDT-SWAP,fade,12H,0.003,0.02,0.025,1,0.0,10.0,148.0,0.0,-100.0,1033,554,479,53.63,100.0,0.858,-4.093,1468,10.9,-92.64,0.0,-99.99,0.0,-99.97
ETH-USDT-SWAP,fade,12H,0.003,0.02,0.03,1,0.0,10.0,148.0,0.0,-100.0,1033,565,468,54.7,100.0,0.84,-4.093,1468,6.36,-95.7,0.0,-99.99,0.0,-99.99
ETH-USDT-SWAP,fade,12H,0.003,0.03,0.01,1,0.0,10.0,148.0,0.0,-100.0,1033,372,661,36.01,100.0,0.678,-4.093,1468,0.93,-99.37,0.0,-100.0,0.0,-99.99
ETH-USDT-SWAP,fade,12H,0.003,0.03,0.015,1,0.0,10.0,148.0,0.0,-100.0,1033,436,597,42.21,100.0,0.693,-4.093,1468,0.53,-99.64,0.0,-100.0,0.0,-100.0
ETH-USDT-SWAP,fade,12H,0.003,0.03,0.02,1,0.0,10.0,148.0,0.0,-100.0,1033,465,568,45.01,100.0,0.709,-4.093,1468,0.44,-99.7,0.0,-100.0,0.0,-100.0
ETH-USDT-SWAP,fade,12H,0.003,0.03,0.025,1,0.0,10.0,148.0,0.0,-100.0,1033,475,558,45.98,100.0,0.647,-4.093,1468,0.11,-99.92,0.0,-100.0,0.0,-100.0
ETH-USDT-SWAP,fade,12H,0.003,0.03,0.03,1,0.0,10.0,148.0,0.0,-100.0,1033,488,545,47.24,100.0,0.576,-4.093,1468,0.03,-99.98,0.0,-100.0,0.0,-100.0
ETH-USDT-SWAP,fade,12H,0.005,0.006,0.01,1,0.0,10.0,148.0,2937.13,1884.55,944,737,207,78.07,85.56,1.052,77.13,1468,725.04,389.89,5632.71,676.88,2937.13,-47.86
ETH-USDT-SWAP,fade,12H,0.005,0.006,0.015,1,0.0,10.0,148.0,157595.41,106383.38,944,826,118,87.5,46.62,1.645,4354.027,1468,24242.94,16280.37,129189.28,432.89,157595.41,21.99
ETH-USDT-SWAP,fade,12H,0.005,0.006,0.02,1,0.0,10.0,148.0,188822.07,127482.48,944,851,93,90.15,58.36,1.853,5217.564,1468,18499.81,12399.87,151183.27,717.22,188822.07,24.9
ETH-USDT-SWAP,fade,12H,0.005,0.006,0.025,1,0.0,10.0,148.0,210847.52,142364.54,944,867,77,91.84,46.81,1.989,5826.652,1468,18337.68,12290.32,154008.73,739.85,210847.52,36.91
ETH-USDT-SWAP,fade,12H,0.005,0.006,0.03,1,0.0,10.0,148.0,249695.58,168613.23,944,881,63,93.33,53.88,2.299,6900.951,1468,28489.71,19149.8,183301.79,543.4,249695.58,36.22
ETH-USDT-SWAP,fade,12H,0.005,0.008,0.01,1,0.0,10.0,148.0,116729.84,78771.51,944,695,249,73.62,60.18,1.367,3223.936,1468,6066.03,3998.67,101592.42,1574.78,116729.84,14.9
ETH-USDT-SWAP,fade,12H,0.005,0.008,0.015,1,0.0,10.0,148.0,268271.52,181164.54,944,777,167,82.31,43.48,1.808,7414.647,1468,62147.68,41891.67,232885.09,274.73,268271.52,15.19
ETH-USDT-SWAP,fade,12H,0.005,0.008,0.02,1,0.0,10.0,148.0,296572.2,200286.62,944,802,142,84.96,55.91,1.927,8197.27,1468,56946.47,38377.34,255160.62,348.07,296572.2,16.23
ETH-USDT-SWAP,fade,12H,0.005,0.008,0.025,1,0.0,10.0,148.0,325011.0,219502.03,944,820,124,86.86,30.94,2.035,8983.712,1468,58567.58,39472.69,263969.32,350.71,325011.0,23.12
ETH-USDT-SWAP,fade,12H,0.005,0.008,0.03,1,0.0,10.0,148.0,361475.38,244140.12,944,833,111,88.24,33.72,2.237,9992.092,1468,66437.04,44789.89,292689.21,340.55,361475.38,23.5
ETH-USDT-SWAP,fade,12H,0.005,0.01,0.01,1,0.0,10.0,148.0,143775.81,97045.82,944,639,305,67.69,62.95,1.432,3971.862,1468,3396.38,2194.85,126329.3,3619.53,143775.81,13.81
ETH-USDT-SWAP,fade,12H,0.005,0.01,0.015,1,0.0,10.0,148.0,287907.88,194432.35,944,715,229,75.74,54.22,1.725,7957.668,1468,46331.16,31204.84,244456.95,427.63,287907.88,17.77
ETH-USDT-SWAP,fade,12H,0.005,0.01,0.02,1,0.0,10.0,148.0,307804.34,207875.91,944,741,203,78.5,66.45,1.779,8507.882,1468,40780.42,27454.34,263854.23,547.01,307804.34,16.66
ETH-USDT-SWAP,fade,12H,0.005,0.01,0.025,1,0.0,10.0,148.0,314149.2,212162.97,944,758,186,80.3,53.58,1.788,8683.341,1468,31274.84,21031.65,245717.35,685.67,314149.2,27.85
ETH-USDT-SWAP,fade,12H,0.005,0.01,0.03,1,0.0,10.0,148.0,352017.03,237749.34,944,769,175,81.46,59.74,1.906,9730.532,1468,47092.48,31719.25,280880.39,496.44,352017.03,25.33
ETH-USDT-SWAP,fade,12H,0.005,0.015,0.01,1,0.0,10.0,148.0,164.11,10.89,944,496,448,52.54,97.7,1.001,0.446,1468,196.65,32.87,1685.44,757.08,164.11,-90.26
ETH-USDT-SWAP,fade,12H,0.005,0.015,0.015,1,0.0,10.0,148.0,49913.31,33625.21,944,561,383,59.43,88.71,1.133,1376.202,1468,1785.35,1106.32,51861.71,2804.85,49913.31,-3.76
ETH-USDT-SWAP,fade,12H,0.005,0.015,0.02,1,0.0,10.0,148.0,92577.66,62452.47,944,590,354,62.5,77.59,1.205,2556.036,1468,923.32,523.86,103919.08,11154.96,92577.66,-10.91
ETH-USDT-SWAP,fade,12H,0.005,0.015,0.025,1,0.0,10.0,148.0,24600.24,16521.79,944,604,340,63.98,94.34,1.076,676.199,1468,504.59,240.94,20631.44,3988.78,24600.24,19.24
ETH-USDT-SWAP,fade,12H,0.005,0.015,0.03,1,0.0,10.0,148.0,51226.39,34512.43,944,614,330,65.04,88.2,1.13,1412.514,1468,904.67,511.27,51190.1,5558.41,51226.39,0.07
ETH-USDT-SWAP,fade,12H,0.005,0.02,0.01,1,0.0,10.0,148.0,0.01,-99.99,944,425,519,45.02,99.99,0.815,-4.092,1468,22.19,-85.0,0.72,-96.77,0.01,-98.14
ETH-USDT-SWAP,fade,12H,0.005,0.02,0.015,1,0.0,10.0,148.0,0.06,-99.96,944,487,457,51.59,99.96,0.919,-4.091,1468,78.36,-47.05,4.51,-94.25,0.06,-98.57
ETH-USDT-SWAP,fade,12H,0.005,0.02,0.02,1,0.0,10.0,148.0,0.01,-99.99,944,517,427,54.77,99.99,0.872,-4.092,1468,36.28,-75.49,1.82,-95.0,0.01,-99.43
ETH-USDT-SWAP,fade,12H,0.005,0.02,0.025,1,0.0,10.0,148.0,0.0,-100.0,944,530,414,56.14,100.0,0.79,-4.093,1468,9.6,-93.51,0.03,-99.69,0.0,-99.18
ETH-USDT-SWAP,fade,12H,0.005,0.02,0.03,1,0.0,10.0,148.0,0.0,-100.0,944,539,405,57.1,100.0,0.834,-4.093,1468,13.03,-91.2,0.03,-99.76,0.0,-99.63
ETH-USDT-SWAP,fade,12H,0.005,0.03,0.01,1,0.0,10.0,148.0,0.0,-100.0,944,348,596,36.86,100.0,0.677,-4.093,1468,0.45,-99.7,0.0,-100.0,0.0,-99.97
ETH-USDT-SWAP,fade,12H,0.005,0.03,0.015,1,0.0,10.0,148.0,0.0,-100.0,944,406,538,43.01,100.0,0.785,-4.093,1468,0.65,-99.56,0.0,-100.0,0.0,-100.0
ETH-USDT-SWAP,fade,12H,0.005,0.03,0.02,1,0.0,10.0,148.0,0.0,-100.0,944,434,510,45.97,100.0,0.682,-4.093,1468,0.13,-99.91,0.0,-100.0,0.0,-100.0
ETH-USDT-SWAP,fade,12H,0.005,0.03,0.025,1,0.0,10.0,148.0,0.0,-100.0,944,449,495,47.56,100.0,0.603,-4.093,1468,0.03,-99.98,0.0,-100.0,0.0,-100.0
ETH-USDT-SWAP,fade,12H,0.005,0.03,0.03,1,0.0,10.0,148.0,0.0,-100.0,944,459,485,48.62,100.0,0.706,-4.093,1468,0.03,-99.98,0.0,-100.0,0.0,-100.0
ETH-USDT-SWAP,fade,12H,0.007,0.006,0.01,1,0.0,10.0,148.0,799.13,439.96,867,669,198,77.16,89.63,1.018,18.006,1468,1557.63,952.45,3128.75,100.87,799.13,-74.46
ETH-USDT-SWAP,fade,12H,0.007,0.006,0.015,1,0.0,10.0,148.0,96725.13,65254.82,867,744,123,85.81,71.09,1.453,2670.729,1468,9457.92,6290.48,81154.91,758.06,96725.13,19.19
ETH-USDT-SWAP,fade,12H,0.007,0.006,0.02,1,0.0,10.0,148.0,157880.14,106575.77,867,777,90,89.62,31.56,1.744,4361.901,1468,19262.49,12915.19,123409.92,540.67,157880.14,27.93
ETH-USDT-SWAP,fade,12H,0.007,0.006,0.025,1,0.0,10.0,148.0,179056.77,120884.31,867,793,74,91.46,27.3,1.904,4947.516,1468,18929.12,12689.94,127831.55,575.32,179056.77,40.07
ETH-USDT-SWAP,fade,12H,0.007,0.006,0.03,1,0.0,10.0,148.0,201025.83,135728.27,867,804,63,92.73,32.3,2.076,5555.045,1468,23208.91,15581.69,149545.61,544.35,201025.83,34.42
ETH-USDT-SWAP,fade,12H,0.007,0.008,0.01,1,0.0,10.0,148.0,105690.78,71312.69,867,636,231,73.36,50.59,1.324,2918.664,1468,10504.09,6997.36,82532.59,685.72,105690.78,28.06
ETH-USDT-SWAP,fade,12H,0.007,0.008,0.015,1,0.0,10.0,148.0,220524.57,148903.09,867,705,162,81.31,47.96,1.756,6094.26,1468,31704.6,21322.03,162423.5,412.3,220524.57,35.77
ETH-USDT-SWAP,fade,12H,0.007,0.008,0.02,1,0.0,10.0,148.0,264680.28,178738.03,867,735,132,84.78,47.3,1.951,7315.335,1468,33505.82,22539.07,181999.68,443.19,264680.28,45.43
ETH-USDT-SWAP,fade,12H,0.007,0.008,0.025,1,0.0,10.0,148.0,281566.5,190147.64,867,751,116,86.62,51.35,2.045,7782.304,1468,30022.95,20185.78,180030.9,499.64,281566.5,56.4
ETH-USDT-SWAP,fade,12H,0.007,0.008,0.03,1,0.0,10.0,148.0,292962.42,197847.58,867,761,106,87.77,57.81,2.086,8097.445,1468,32774.6,22045.0,190571.82,481.46,292962.42,53.73
ETH-USDT-SWAP,fade,12H,0.007,0.01,0.01,1,0.0,10.0,148.0,164934.04,111341.92,867,593,274,68.4,30.52,1.412,4556.968,1468,28967.72,19472.79,140987.81,386.71,164934.04,16.98
ETH-USDT-SWAP,fade,12H,0.007,0.01,0.015,1,0.0,10.0,148.0,263130.17,177690.66,867,659,208,76.01,44.18,1.693,7272.469,1468,52670.54,35488.2,210337.67,299.35,263130.17,25.1
ETH-USDT-SWAP,fade,12H,0.007,0.01,0.02,1,0.0,10.0,148.0,293216.4,198019.19,867,687,180,79.24,43.37,1.769,8104.469,1468,49262.94,33185.77,212490.28,331.34,293216.4,37.99
ETH-USDT-SWAP,fade,12H,0.007,0.01,0.025,1,0.0,10.0,148.0,318799.49,215305.06,867,706,161,81.43,51.53,1.86,8811.94,1468,46756.64,31492.32,220599.06,371.8,318799.49,44.52
ETH-USDT-SWAP,fade,12H,0.007,0.01,0.03,1,0.0,10.0,148.0,331507.89,223891.82,867,715,152,82.47,60.41,1.89,9163.376,1468,50676.95,34141.18,239956.8,373.5,331507.89,38.15
ETH-USDT-SWAP,fade,12H,0.007,0.015,0.01,1,0.0,10.0,148.0,75591.14,50975.09,867,483,384,55.71,71.93,1.181,2086.293,1468,2887.57,1851.06,62230.42,2055.11,75591.14,21.47
ETH-USDT-SWAP,fade,12H,0.007,0.015,0.015,1,0.0,10.0,148.0,128312.37,86597.54,867,538,329,62.05,66.04,1.256,3544.238,1468,8932.96,5935.78,113521.0,1170.81,128312.37,13.03
ETH-USDT-SWAP,fade,12H,0.007,0.015,0.02,1,0.0,10.0,148.0,119938.89,80939.79,867,562,305,64.82,71.79,1.255,3312.679,1468,4202.88,2739.78,98101.22,2234.14,119938.89,22.26
ETH-USDT-SWAP,fade,12H,0.007,0.015,0.025,1,0.0,10.0,148.0,124824.76,84241.05,867,580,287,66.9,78.16,1.267,3447.792,1468,3895.45,2532.06,89876.39,2207.21,124824.76,38.88
ETH-USDT-SWAP,fade,12H,0.007,0.015,0.03,1,0.0,10.0,148.0,131361.53,88657.79,867,589,278,67.94,81.95,1.263,3628.559,1468,5695.64,3748.41,105545.39,1753.09,131361.53,24.46
ETH-USDT-SWAP,fade,12H,0.007,0.02,0.01,1,0.0,10.0,148.0,1.08,-99.27,867,404,463,46.6,99.6,0.922,-4.063,1468,100.73,-31.94,11.11,-88.97,1.08,-90.28
ETH-USDT-SWAP,fade,12H,0.007,0.02,0.015,1,0.0,10.0,148.0,1.24,-99.17,867,459,408,52.94,99.78,0.964,-4.059,1468,288.75,95.1,34.2,-88.16,1.24,-96.39
ETH-USDT-SWAP,fade,12H,0.007,0.02,0.02,1,0.0,10.0,148.0,0.08,-99.94,867,482,385,55.59,99.96,0.924,-4.091,1468,94.36,-36.24,2.63,-97.21,0.08,-96.89
ETH-USDT-SWAP,fade,12H,0.007,0.02,0.025,1,0.0,10.0,148.0,0.07,-99.95,867,501,366,57.79,99.97,0.905,-4.091,1468,87.53,-40.86,0.86,-99.02,0.07,-92.03
ETH-USDT-SWAP,fade,12H,0.007,0.02,0.03,1,0.0,10.0,148.0,0.01,-100.0,867,508,359,58.59,100.0,0.886,-4.093,1468,55.41,-62.56,0.38,-99.31,0.01,-98.08
ETH-USDT-SWAP,fade,12H,0.007,0.03,0.01,1,0.0,10.0,148.0,0.0,-100.0,867,331,536,38.18,100.0,0.78,-4.093,1468,2.66,-98.2,0.0,-100.0,0.0,-99.87
ETH-USDT-SWAP,fade,12H,0.007,0.03,0.015,1,0.0,10.0,148.0,0.0,-100.0,867,384,483,44.29,100.0,0.882,-4.093,1468,8.94,-93.96,0.0,-100.0,0.0,-99.99
ETH-USDT-SWAP,fade,12H,0.007,0.03,0.02,1,0.0,10.0,148.0,0.0,-100.0,867,407,460,46.94,100.0,0.797,-4.093,1468,1.26,-99.15,0.0,-100.0,0.0,-99.99
ETH-USDT-SWAP,fade,12H,0.007,0.03,0.025,1,0.0,10.0,148.0,0.0,-100.0,867,426,441,49.13,100.0,0.73,-4.093,1468,0.9,-99.39,0.0,-100.0,0.0,-99.99
ETH-USDT-SWAP,fade,12H,0.007,0.03,0.03,1,0.0,10.0,148.0,0.0,-100.0,867,432,435,49.83,100.0,0.762,-4.093,1468,0.39,-99.74,0.0,-100.0,0.0,-100.0
ETH-USDT-SWAP,fade,12H,0.01,0.006,0.01,1,0.0,10.0,148.0,612.45,313.82,744,575,169,77.28,82.94,1.025,12.844,1468,818.32,452.92,565.24,-30.93,612.45,8.35
ETH-USDT-SWAP,fade,12H,0.01,0.006,0.015,1,0.0,10.0,148.0,8231.21,5461.63,744,628,116,84.41,82.23,1.079,223.532,1468,1800.65,1116.66,4722.8,162.28,8231.21,74.29
ETH-USDT-SWAP,fade,12H,0.01,0.006,0.02,1,0.0,10.0,148.0,62815.82,42343.12,744,658,86,88.44,57.1,1.309,1733.006,1468,3291.95,2124.29,28318.58,760.24,62815.82,121.82
ETH-USDT-SWAP,fade,12H,0.01,0.006,0.025,1,0.0,10.0,148.0,128710.78,86866.75,744,681,63,91.53,43.14,1.655,3555.256,1468,11916.43,7951.65,75913.55,537.05,128710.78,69.55
ETH-USDT-SWAP,fade,12H,0.01,0.006,0.03,1,0.0,10.0,148.0,159047.42,107364.47,744,693,51,93.15,51.91,1.95,4394.18,1468,9146.05,6079.76,88250.18,864.9,159047.42,80.22
ETH-USDT-SWAP,fade,12H,0.01,0.008,0.01,1,0.0,10.0,148.0,92767.44,62580.71,744,553,191,74.33,59.48,1.352,2561.284,1468,4631.27,3029.24,49547.74,969.85,92767.44,87.23
ETH-USDT-SWAP,fade,12H,0.01,0.008,0.015,1,0.0,10.0,148.0,139200.63,93954.48,744,603,141,81.05,56.41,1.513,3845.34,1468,10927.9,7283.72,87965.01,704.96,139200.63,58.25
ETH-USDT-SWAP,fade,12H,0.01,0.008,0.02,1,0.0,10.0,148.0,171738.82,115939.74,744,632,112,84.95,46.88,1.621,4745.146,1468,15213.74,10179.56,101753.19,568.82,171738.82,68.78
ETH-USDT-SWAP,fade,12H,0.01,0.008,0.025,1,0.0,10.0,148.0,236041.87,159387.75,744,655,89,88.04,46.93,1.955,6523.373,1468,30694.31,20639.4,147156.25,379.43,236041.87,60.4
ETH-USDT-SWAP,fade,12H,0.01,0.008,0.03,1,0.0,10.0,148.0,258258.69,174399.12,744,665,79,89.38,53.96,2.121,7137.754,1468,26612.01,17881.09,157163.07,490.57,258258.69,64.33
ETH-USDT-SWAP,fade,12H,0.01,0.01,0.01,1,0.0,10.0,148.0,159438.42,107628.66,744,521,223,70.03,36.08,1.485,4404.993,1468,17478.32,11709.67,98188.96,461.78,159438.42,62.38
ETH-USDT-SWAP,fade,12H,0.01,0.01,0.015,1,0.0,10.0,148.0,198520.45,134035.44,744,566,178,76.08,54.52,1.588,5485.762,1468,25993.62,17463.26,128534.03,394.48,198520.45,54.45
ETH-USDT-SWAP,fade,12H,0.01,0.01,0.02,1,0.0,10.0,148.0,202042.42,136415.15,744,590,154,79.3,52.16,1.584,5583.158,1468,14481.49,9684.79,112556.0,677.24,202042.42,79.5
ETH-USDT-SWAP,fade,12H,0.01,0.01,0.025,1,0.0,10.0,148.0,253417.23,171127.86,744,611,133,82.12,46.93,1.757,7003.869,1468,28210.81,18961.36,152313.59,439.91,253417.23,66.38
ETH-USDT-SWAP,fade,12H,0.01,0.01,0.03,1,0.0,10.0,148.0,258906.69,174836.95,744,619,125,83.2,53.96,1.777,7155.673,1468,22860.27,15346.13,148512.16,549.65,258906.69,74.33
ETH-USDT-SWAP,fade,12H,0.01,0.015,0.01,1,0.0,10.0,148.0,122735.23,82829.21,744,430,314,57.8,61.05,1.302,3390.009,1468,5609.02,3689.88,83139.14,1382.24,122735.23,47.63
ETH-USDT-SWAP,fade,12H,0.01,0.015,0.015,1,0.0,10.0,148.0,124582.45,84077.33,744,469,275,63.04,78.07,1.303,3441.091,1468,4420.97,2887.14,82236.75,1760.15,124582.45,51.49
ETH-USDT-SWAP,fade,12H,0.01,0.015,0.02,1,0.0,10.0,148.0,100315.85,67680.98,744,493,251,66.26,75.34,1.266,2770.026,1468,1566.74,958.61,31284.55,1896.79,100315.85,220.66
ETH-USDT-SWAP,fade,12H,0.01,0.015,0.025,1,0.0,10.0,148.0,146750.76,99055.92,744,512,232,68.82,74.36,1.343,4054.13,1468,4057.53,2641.58,73899.96,1721.3,146750.76,98.58
ETH-USDT-SWAP,fade,12H,0.01,0.015,0.03,1,0.0,10.0,148.0,118710.39,80109.72,744,518,226,69.62,84.44,1.325,3278.706,1468,2215.3,1396.82,45331.03,1946.27,118710.39,161.87
ETH-USDT-SWAP,fade,12H,0.01,0.02,0.01,1,0.0,10.0,148.0,3.11,-97.9,744,352,392,47.31,99.26,0.962,-4.007,1468,139.57,-5.7,8.23,-94.1,3.11,-62.16
ETH-USDT-SWAP,fade,12H,0.01,0.02,0.015,1,0.0,10.0,148.0,2.59,-98.25,744,397,347,53.36,99.45,0.965,-4.021,1468,138.23,-6.6,12.78,-90.75,2.59,-79.75
ETH-USDT-SWAP,fade,12H,0.01,0.02,0.02,1,0.0,10.0,148.0,0.07,-99.95,744,420,324,56.45,99.99,0.926,-4.091,1468,53.65,-63.75,0.23,-99.57,0.07,-70.74
ETH-USDT-SWAP,fade,12H,0.01,0.02,0.025,1,0.0,10.0,148.0,0.11,-99.92,744,438,306,58.87,99.99,0.959,-4.09,1468,117.99,-20.28,1.17,-99.01,0.11,-90.48
ETH-USDT-SWAP,fade,12H,0.01,0.02,0.03,1,0.0,10.0,148.0,0.0,-100.0,744,441,303,59.27,100.0,0.922,-4.093,1468,50.44,-65.92,0.16,-99.67,0.0,-97.01
ETH-USDT-SWAP,fade,12H,0.01,0.03,0.01,1,0.0,10.0,148.0,0.0,-100.0,744,292,452,39.25,100.0,0.843,-4.093,1468,9.44,-93.62,0.0,-100.0,0.0,-97.41
ETH-USDT-SWAP,fade,12H,0.01,0.03,0.015,1,0.0,10.0,148.0,0.0,-100.0,744,333,411,44.76,100.0,0.743,-4.093,1468,3.57,-97.58,0.0,-100.0,0.0,-99.18
ETH-USDT-SWAP,fade,12H,0.01,0.03,0.02,1,0.0,10.0,148.0,0.0,-100.0,744,358,386,48.12,100.0,0.736,-4.093,1468,1.25,-99.16,0.0,-100.0,0.0,-98.83
ETH-USDT-SWAP,fade,12H,0.01,0.03,0.025,1,0.0,10.0,148.0,0.0,-100.0,744,373,371,50.13,100.0,0.793,-4.093,1468,1.81,-98.78,0.0,-100.0,0.0,-99.6
ETH-USDT-SWAP,fade,12H,0.01,0.03,0.03,1,0.0,10.0,148.0,0.0,-100.0,744,376,368,50.54,100.0,0.724,-4.093,1468,0.59,-99.6,0.0,-100.0,0.0,-99.89
ETH-USDT-SWAP,reversal,1D,0.001,0.006,0.01,1,0.0,10.0,148.0,3.63,-97.54,425,304,121,71.53,98.91,0.857,-3.987,735,215.25,45.44,21.02,-90.24,3.63,-82.71
ETH-USDT-SWAP,reversal,1D,0.001,0.006,0.015,1,0.0,10.0,148.0,294.44,98.95,425,355,70,83.53,89.39,1.031,4.044,735,698.9,372.23,564.45,-19.24,294.44,-47.84
ETH-USDT-SWAP,reversal,1D,0.001,0.006,0.02,1,0.0,10.0,148.0,766.78,418.09,425,373,52,87.76,92.27,1.104,17.088,735,732.08,394.65,969.86,32.48,766.78,-20.94
ETH-USDT-SWAP,reversal,1D,0.001,0.006,0.025,1,0.0,10.0,148.0,2973.17,1908.9,425,385,40,90.59,91.88,1.349,78.02,735,784.72,430.21,2289.35,191.74,2973.17,29.87
ETH-USDT-SWAP,reversal,1D,0.001,0.006,0.03,1,0.0,10.0,148.0,1225.23,727.86,425,389,36,91.53,97.43,1.367,29.749,735,509.92,244.54,539.51,5.8,1225.23,127.1
ETH-USDT-SWAP,reversal,1D,0.001,0.008,0.01,1,0.0,10.0,148.0,10.96,-92.59,425,278,147,65.41,97.19,0.92,-3.785,735,276.59,86.88,76.74,-72.25,10.96,-85.72
ETH-USDT-SWAP,reversal,1D,0.001,0.008,0.015,1,0.0,10.0,148.0,720.29,386.68,425,329,96,77.41,93.45,1.029,15.804,735,886.47,498.97,3196.01,260.53,720.29,-77.46
ETH-USDT-SWAP,reversal,1D,0.001,0.008,0.02,1,0.0,10.0,148.0,1194.78,707.28,425,347,78,81.65,96.24,1.057,28.908,735,1057.36,614.43,3062.26,189.61,1194.78,-60.98
ETH-USDT-SWAP,reversal,1D,0.001,0.008,0.025,1,0.0,10.0,148.0,5014.72,3288.32,425,361,64,84.94,85.87,1.187,134.4,735,946.12,539.27,5866.61,520.07,5014.72,-14.52
ETH-USDT-SWAP,reversal,1D,0.001,0.008,0.03,1,0.0,10.0,148.0,752.14,408.2,425,364,61,85.65,93.35,1.123,16.684,735,496.33,235.36,835.1,68.26,752.14,-9.93
ETH-USDT-SWAP,reversal,1D,0.001,0.01,0.01,1,0.0,10.0,148.0,5.88,-96.03,425,250,175,58.82,97.49,0.898,-3.925,735,204.36,38.08,74.74,-63.43,5.88,-92.13
ETH-USDT-SWAP,reversal,1D,0.001,0.01,0.015,1,0.0,10.0,148.0,104.76,-29.21,425,298,127,70.12,96.21,0.994,-1.194,735,571.38,286.07,1137.95,99.16,104.76,-90.79
ETH-USDT-SWAP,reversal,1D,0.001,0.01,0.02,1,0.0,10.0,148.0,391.2,164.33,425,321,104,75.53,95.46,1.022,6.716,735,809.33,446.84,1745.18,115.63,391.2,-77.58
ETH-USDT-SWAP,reversal,1D,0.001,0.01,0.025,1,0.0,10.0,148.0,1441.7,874.12,425,336,89,79.06,95.3,1.101,35.727,735,654.28,342.08,2626.14,301.38,1441.7,-45.1
ETH-USDT-SWAP,reversal,1D,0.001,0.01,0.03,1,0.0,10.0,148.0,220.96,49.3,425,341,84,80.24,97.93,1.021,2.015,735,439.44,196.92,455.69,3.7,220.96,-51.51
ETH-USDT-SWAP,reversal,1D,0.001,0.015,0.01,1,0.0,10.0,148.0,0.07,-99.96,425,190,235,44.71,99.96,0.561,-4.085,735,12.9,-91.29,0.94,-92.7,0.07,-92.97
ETH-USDT-SWAP,reversal,1D,0.001,0.015,0.015,1,0.0,10.0,148.0,0.03,-99.98,425,229,196,53.88,99.99,0.701,-4.086,735,38.7,-73.85,0.86,-97.78,0.03,-96.86
ETH-USDT-SWAP,reversal,1D,0.001,0.015,0.02,1,0.0,10.0,148.0,0.03,-99.98,425,253,172,59.53,99.99,0.789,-4.086,735,51.75,-65.03,0.71,-98.62,0.03,-95.55
ETH-USDT-SWAP,reversal,1D,0.001,0.015,0.025,1,0.0,10.0,148.0,0.02,-99.99,425,267,158,62.82,99.99,0.748,-4.087,735,50.09,-66.15,0.49,-99.02,0.02,-96.69
ETH-USDT-SWAP,reversal,1D,0.001,0.015,0.03,1,0.0,10.0,148.0,0.0,-100.0,425,276,149,64.94,100.0,0.748,-4.087,735,73.95,-50.03,0.13,-99.83,0.0,-96.89
ETH-USDT-SWAP,reversal,1D,0.001,0.02,0.01,1,0.0,10.0,148.0,0.0,-100.0,425,150,275,35.29,100.0,0.568,-4.087,735,4.28,-97.11,0.02,-99.47,0.0,-98.6
ETH-USDT-SWAP,reversal,1D,0.001,0.02,0.015,1,0.0,10.0,148.0,0.0,-100.0,425,189,236,44.47,100.0,0.694,-4.087,735,11.87,-91.98,0.01,-99.93,0.0,-99.56
ETH-USDT-SWAP,reversal,1D,0.001,0.02,0.02,1,0.0,10.0,148.0,0.0,-100.0,425,211,214,49.65,100.0,0.733,-4.087,735,8.14,-94.5,0.0,-99.96,0.0,-99.69
ETH-USDT-SWAP,reversal,1D,0.001,0.02,0.025,1,0.0,10.0,148.0,0.0,-100.0,425,224,201,52.71,100.0,0.69,-4.087,735,8.26,-94.42,0.0,-99.99,0.0,-99.79
ETH-USDT-SWAP,reversal,1D,0.001,0.02,0.03,1,0.0,10.0,148.0,0.0,-100.0,425,234,191,55.06,100.0,0.669,-4.087,735,10.32,-93.02,0.0,-100.0,0.0,-99.87
ETH-USDT-SWAP,reversal,1D,0.001,0.03,0.01,1,0.0,10.0,148.0,0.0,-100.0,425,117,308,27.53,100.0,0.401,-4.087,735,0.22,-99.85,0.0,-99.94,0.0,-99.51
ETH-USDT-SWAP,reversal,1D,0.001,0.03,0.015,1,0.0,10.0,148.0,0.0,-100.0,425,153,272,36.0,100.0,0.494,-4.087,735,0.14,-99.91,0.0,-99.99,0.0,-99.8
ETH-USDT-SWAP,reversal,1D,0.001,0.03,0.02,1,0.0,10.0,148.0,0.0,-100.0,425,174,251,40.94,100.0,0.547,-4.087,735,0.07,-99.95,0.0,-100.0,0.0,-99.92
ETH-USDT-SWAP,reversal,1D,0.001,0.03,0.025,1,0.0,10.0,148.0,0.0,-100.0,425,185,240,43.53,100.0,0.486,-4.087,735,0.03,-99.98,0.0,-100.0,0.0,-99.94
ETH-USDT-SWAP,reversal,1D,0.001,0.03,0.03,1,0.0,10.0,148.0,0.0,-100.0,425,197,228,46.35,100.0,0.443,-4.087,735,0.04,-99.97,0.0,-100.0,0.0,-99.93
ETH-USDT-SWAP,reversal,1D,0.002,0.006,0.01,1,0.0,10.0,148.0,7.12,-95.19,413,298,115,72.15,97.29,0.878,-3.89,735,199.8,35.0,53.5,-73.22,7.12,-86.69
ETH-USDT-SWAP,reversal,1D,0.002,0.006,0.015,1,0.0,10.0,148.0,284.69,92.36,413,344,69,83.29,84.39,1.021,3.775,735,652.76,341.06,939.83,43.98,284.69,-69.71
ETH-USDT-SWAP,reversal,1D,0.002,0.006,0.02,1,0.0,10.0,148.0,1793.45,1111.79,413,364,49,88.14,84.34,1.124,45.441,735,770.55,420.64,3155.47,309.51,1793.45,-43.16
ETH-USDT-SWAP,reversal,1D,0.002,0.006,0.025,1,0.0,10.0,148.0,5878.53,3871.98,413,375,38,90.8,82.67,1.45,158.255,735,588.64,297.73,4387.03,645.28,5878.53,34.0
ETH-USDT-SWAP,reversal,1D,0.002,0.006,0.03,1,0.0,10.0,148.0,4589.44,3000.97,413,380,33,92.01,87.58,1.78,122.656,735,356.2,140.68,1823.91,412.04,4589.44,151.63
ETH-USDT-SWAP,reversal,1D,0.002,0.008,0.01,1,0.0,10.0,148.0,58.11,-60.74,413,279,134,67.55,89.28,0.971,-2.483,735,349.96,136.46,260.79,-25.48,58.11,-77.72
ETH-USDT-SWAP,reversal,1D,0.002,0.008,0.015,1,0.0,10.0,148.0,580.26,292.07,413,320,93,77.48,83.33,1.033,11.937,735,863.55,483.48,1869.85,116.53,580.26,-68.97
ETH-USDT-SWAP,reversal,1D,0.002,0.008,0.02,1,0.0,10.0,148.0,2161.55,1360.51,413,340,73,82.32,89.93,1.094,55.607,735,939.9,535.07,4239.19,351.02,2161.55,-49.01
ETH-USDT-SWAP,reversal,1D,0.002,0.008,0.025,1,0.0,10.0,148.0,2939.7,1886.29,413,351,62,84.99,86.13,1.207,77.096,735,550.14,271.72,3103.37,464.1,2939.7,-5.27
ETH-USDT-SWAP,reversal,1D,0.002,0.008,0.03,1,0.0,10.0,148.0,859.86,480.98,413,355,58,85.96,93.58,1.206,19.659,735,250.27,69.1,652.06,160.55,859.86,31.87
ETH-USDT-SWAP,reversal,1D,0.002,0.01,0.01,1,0.0,10.0,148.0,48.97,-66.91,413,255,158,61.74,95.28,0.975,-2.735,735,276.76,87.0,468.95,69.44,48.97,-89.56
ETH-USDT-SWAP,reversal,1D,0.002,0.01,0.015,1,0.0,10.0,148.0,583.28,294.11,413,298,115,72.15,94.66,1.016,12.021,735,1056.18,613.64,4642.38,339.54,583.28,-87.44
ETH-USDT-SWAP,reversal,1D,0.002,0.01,0.02,1,0.0,10.0,148.0,1377.27,830.59,413,318,95,77.0,94.86,1.049,33.948,735,1058.52,615.21,5129.53,384.6,1377.27,-73.15
ETH-USDT-SWAP,reversal,1D,0.002,0.01,0.025,1,0.0,10.0,148.0,2416.86,1533.01,413,330,83,79.9,91.0,1.16,62.657,735,562.46,280.04,3071.46,446.08,2416.86,-21.31
ETH-USDT-SWAP,reversal,1D,0.002,0.01,0.03,1,0.0,10.0,148.0,1574.79,964.04,413,337,76,81.6,92.67,1.182,39.402,735,558.42,277.31,1487.16,166.32,1574.79,5.89
ETH-USDT-SWAP,reversal,1D,0.002,0.015,0.01,1,0.0,10.0,148.0,0.61,-99.59,413,196,217,47.46,99.7,0.602,-4.07,735,12.65,-91.45,3.72,-70.57,0.61,-83.63
ETH-USDT-SWAP,reversal,1D,0.002,0.015,0.015,1,0.0,10.0,148.0,0.12,-99.92,413,230,183,55.69,99.95,0.687,-4.084,735,25.18,-82.98,2.64,-89.53,0.12,-95.59
ETH-USDT-SWAP,reversal,1D,0.002,0.015,0.02,1,0.0,10.0,148.0,0.06,-99.96,413,250,163,60.53,99.99,0.705,-4.086,735,18.52,-87.49,1.03,-94.41,0.06,-94.5
ETH-USDT-SWAP,reversal,1D,0.002,0.015,0.025,1,0.0,10.0,148.0,0.06,-99.96,413,264,149,63.92,99.99,0.671,-4.086,735,17.99,-87.85,1.33,-92.6,0.06,-95.72
ETH-USDT-SWAP,reversal,1D,0.002,0.015,0.03,1,0.0,10.0,148.0,0.08,-99.94,413,275,138,66.59,99.98,0.7,-4.085,735,45.78,-69.07,1.57,-96.58,0.08,-94.61
ETH-USDT-SWAP,reversal,1D,0.002,0.02,0.01,1,0.0,10.0,148.0,0.0,-100.0,413,155,258,37.53,100.0,0.59,-4.087,735,3.91,-97.36,0.04,-98.98,0.0,-92.44
ETH-USDT-SWAP,reversal,1D,0.002,0.02,0.015,1,0.0,10.0,148.0,0.0,-100.0,413,188,225,45.52,100.0,0.672,-4.087,735,7.43,-94.98,0.01,-99.85,0.0,-98.63
ETH-USDT-SWAP,reversal,1D,0.002,0.02,0.02,1,0.0,10.0,148.0,0.0,-100.0,413,208,205,50.36,100.0,0.702,-4.087,735,4.24,-97.14,0.0,-99.94,0.0,-98.35
ETH-USDT-SWAP,reversal,1D,0.002,0.02,0.025,1,0.0,10.0,148.0,0.0,-100.0,413,222,191,53.75,100.0,0.665,-4.087,735,3.43,-97.68,0.0,-99.97,0.0,-98.49
ETH-USDT-SWAP,reversal,1D,0.002,0.02,0.03,1,0.0,10.0,148.0,0.0,-100.0,413,233,180,56.42,100.0,0.649,-4.087,735,7.15,-95.17,0.0,-99.98,0.0,-98.52
ETH-USDT-SWAP,reversal,1D,0.002,0.03,0.01,1,0.0,10.0,148.0,0.0,-100.0,413,122,291,29.54,100.0,0.467,-4.087,735,0.46,-99.69,0.0,-99.91,0.0,-97.24
ETH-USDT-SWAP,reversal,1D,0.002,0.03,0.015,1,0.0,10.0,148.0,0.0,-100.0,413,156,257,37.77,100.0,0.588,-4.087,735,0.45,-99.7,0.0,-99.99,0.0,-99.31
ETH-USDT-SWAP,reversal,1D,0.002,0.03,0.02,1,0.0,10.0,148.0,0.0,-100.0,413,174,239,42.13,100.0,0.627,-4.087,735,0.3,-99.8,0.0,-100.0,0.0,-99.8
ETH-USDT-SWAP,reversal,1D,0.002,0.03,0.025,1,0.0,10.0,148.0,0.0,-100.0,413,186,227,45.04,100.0,0.562,-4.087,735,0.17,-99.88,0.0,-100.0,0.0,-99.82
ETH-USDT-SWAP,reversal,1D,0.002,0.03,0.03,1,0.0,10.0,148.0,0.0,-100.0,413,197,216,47.7,100.0,0.52,-4.087,735,0.22,-99.85,0.0,-100.0,0.0,-99.73
ETH-USDT-SWAP,reversal,1D,0.003,0.006,0.01,1,0.0,10.0,148.0,26.38,-82.17,398,294,104,73.87,90.97,0.932,-3.359,735,222.06,50.04,147.11,-33.75,26.38,-82.07
ETH-USDT-SWAP,reversal,1D,0.003,0.006,0.015,1,0.0,10.0,148.0,330.23,123.13,398,332,66,83.42,79.82,1.032,5.032,735,414.11,179.8,904.95,118.53,330.23,-63.51
ETH-USDT-SWAP,reversal,1D,0.003,0.006,0.02,1,0.0,10.0,148.0,17864.79,11970.8,398,358,40,89.95,61.12,1.266,489.27,735,988.95,568.21,18410.0,1761.57,17864.79,-2.96
ETH-USDT-SWAP,reversal,1D,0.003,0.006,0.025,1,0.0,10.0,148.0,40936.33,27559.68,398,369,29,92.71,76.09,2.459,1126.418,735,664.05,348.68,12469.81,1777.84,40936.33,228.28
ETH-USDT-SWAP,reversal,1D,0.003,0.006,0.03,1,0.0,10.0,148.0,33661.36,22644.16,398,372,26,93.47,79.37,2.492,925.511,735,659.96,345.92,7464.61,1031.07,33661.36,350.95
ETH-USDT-SWAP,reversal,1D,0.003,0.008,0.01,1,0.0,10.0,148.0,380.57,157.14,398,279,119,70.1,86.88,1.019,6.423,735,530.47,258.42,1852.82,249.28,380.57,-79.46
ETH-USDT-SWAP,reversal,1D,0.003,0.008,0.015,1,0.0,10.0,148.0,6503.09,4293.98,398,319,79,80.15,82.84,1.133,175.503,735,963.33,550.9,8456.5,777.84,6503.09,-23.1
ETH-USDT-SWAP,reversal,1D,0.003,0.008,0.02,1,0.0,10.0,148.0,51736.87,34857.35,398,341,57,85.68,81.13,1.545,1424.687,735,1522.34,928.61,36507.52,2298.12,51736.87,41.72
ETH-USDT-SWAP,reversal,1D,0.003,0.008,0.025,1,0.0,10.0,148.0,71605.26,48281.94,398,353,45,88.69,86.75,2.444,1973.376,735,1028.65,595.03,28493.31,2669.98,71605.26,151.31
ETH-USDT-SWAP,reversal,1D,0.003,0.008,0.03,1,0.0,10.0,148.0,47897.98,32263.5,398,356,42,89.45,89.89,2.326,1318.672,735,841.17,468.36,12706.84,1410.61,47897.98,276.95
ETH-USDT-SWAP,reversal,1D,0.003,0.01,0.01,1,0.0,10.0,148.0,1157.6,682.16,398,259,139,65.08,89.17,1.024,27.881,735,587.32,296.84,6168.33,950.25,1157.6,-81.23
ETH-USDT-SWAP,reversal,1D,0.003,0.01,0.015,1,0.0,10.0,148.0,15258.52,10209.81,398,296,102,74.37,79.25,1.124,417.295,735,1195.11,707.51,22971.53,1822.13,15258.52,-33.58
ETH-USDT-SWAP,reversal,1D,0.003,0.01,0.02,1,0.0,10.0,148.0,56475.4,38059.05,398,318,80,79.9,79.28,1.44,1555.547,735,1799.45,1115.84,47376.56,2532.84,56475.4,19.21
ETH-USDT-SWAP,reversal,1D,0.003,0.01,0.025,1,0.0,10.0,148.0,68969.81,46501.22,398,331,67,83.17,81.95,1.8,1900.595,735,995.94,572.93,33518.37,3265.5,68969.81,105.77
ETH-USDT-SWAP,reversal,1D,0.003,0.01,0.03,1,0.0,10.0,148.0,56709.66,38217.34,398,336,62,84.42,85.39,1.745,1562.017,735,1058.33,615.09,22661.45,2041.25,56709.66,150.25
ETH-USDT-SWAP,reversal,1D,0.003,0.015,0.01,1,0.0,10.0,148.0,7.95,-94.63,398,198,200,49.75,96.59,0.847,-3.868,735,47.21,-68.1,47.07,-0.3,7.95,-83.12
ETH-USDT-SWAP,reversal,1D,0.003,0.015,0.015,1,0.0,10.0,148.0,1.26,-99.15,398,228,170,57.29,99.52,0.823,-4.052,735,58.08,-60.75,27.45,-52.75,1.26,-95.41
ETH-USDT-SWAP,reversal,1D,0.003,0.015,0.02,1,0.0,10.0,148.0,2.43,-98.36,398,248,150,62.31,99.37,0.781,-4.02,735,38.38,-74.07,21.95,-42.8,2.43,-88.92
ETH-USDT-SWAP,reversal,1D,0.003,0.015,0.025,1,0.0,10.0,148.0,2.56,-98.27,398,262,136,65.83,99.69,0.746,-4.016,735,35.25,-76.18,13.46,-61.83,2.56,-80.96
ETH-USDT-SWAP,reversal,1D,0.003,0.015,0.03,1,0.0,10.0,148.0,0.84,-99.43,398,268,130,67.34,99.9,0.698,-4.064,735,52.86,-64.28,5.04,-90.46,0.84,-83.31
ETH-USDT-SWAP,reversal,1D,0.003,0.02,0.01,1,0.0,10.0,148.0,0.04,-99.97,398,158,240,39.7,99.98,0.572,-4.086,735,6.74,-95.44,0.29,-95.63,0.04,-87.27
ETH-USDT-SWAP,reversal,1D,0.003,0.02,0.015,1,0.0,10.0,148.0,0.0,-100.0,398,186,212,46.73,100.0,0.608,-4.087,735,6.36,-95.7,0.07,-98.85,0.0,-98.13
ETH-USDT-SWAP,reversal,1D,0.003,0.02,0.02,1,0.0,10.0,148.0,0.0,-100.0,398,206,192,51.76,100.0,0.66,-4.087,735,3.81,-97.43,0.02,-99.38,0.0,-96.2
ETH-USDT-SWAP,reversal,1D,0.003,0.02,0.025,1,0.0,10.0,148.0,0.0,-100.0,398,223,175,56.03,100.0,0.658,-4.087,735,3.98,-97.31,0.05,-98.84,0.0,-96.2
ETH-USDT-SWAP,reversal,1D,0.003,0.02,0.03,1,0.0,10.0,148.0,0.0,-100.0,398,230,168,57.79,100.0,0.603,-4.087,735,5.34,-96.39,0.02,-99.7,0.0,-97.57
ETH-USDT-SWAP,reversal,1D,0.003,0.03,0.01,1,0.0,10.0,148.0,0.0,-100.0,398,120,278,30.15,100.0,0.421,-4.087,735,0.47,-99.68,0.0,-99.84,0.0,-96.44
ETH-USDT-SWAP,reversal,1D,0.003,0.03,0.015,1,0.0,10.0,148.0,0.0,-100.0,398,153,245,38.44,100.0,0.513,-4.087,735,0.78,-99.47,0.0,-99.96,0.0,-99.36
ETH-USDT-SWAP,reversal,1D,0.003,0.03,0.02,1,0.0,10.0,148.0,0.0,-100.0,398,169,229,42.46,100.0,0.519,-4.087,735,0.27,-99.82,0.0,-99.99,0.0,-99.4
ETH-USDT-SWAP,reversal,1D,0.003,0.03,0.025,1,0.0,10.0,148.0,0.0,-100.0,398,184,214,46.23,100.0,0.499,-4.087,735,0.18,-99.88,0.0,-99.99,0.0,-99.63
ETH-USDT-SWAP,reversal,1D,0.003,0.03,0.03,1,0.0,10.0,148.0,0.0,-100.0,398,192,206,48.24,100.0,0.407,-4.087,735,0.19,-99.87,0.0,-100.0,0.0,-99.66
ETH-USDT-SWAP,reversal,1D,0.005,0.006,0.01,1,0.0,10.0,148.0,36.41,-75.4,373,277,96,74.26,92.01,0.924,-3.082,735,245.95,66.18,102.77,-58.22,36.41,-64.57
ETH-USDT-SWAP,reversal,1D,0.005,0.006,0.015,1,0.0,10.0,148.0,375.39,153.64,373,312,61,83.65,78.13,1.055,6.28,735,521.34,252.25,455.86,-12.56,375.39,-17.65
ETH-USDT-SWAP,reversal,1D,0.005,0.006,0.02,1,0.0,10.0,148.0,6398.37,4223.22,373,334,39,89.54,72.61,1.409,172.611,735,1179.99,697.29,3427.1,190.44,6398.37,86.7
ETH-USDT-SWAP,reversal,1D,0.005,0.006,0.025,1,0.0,10.0,148.0,17171.17,11502.14,373,343,30,91.96,77.64,2.384,470.115,735,847.04,472.32,3055.95,260.78,17171.17,461.89
ETH-USDT-SWAP,reversal,1D,0.005,0.006,0.03,1,0.0,10.0,148.0,35632.58,23976.07,373,350,23,93.83,77.01,2.477,979.948,735,1389.15,838.62,5754.63,314.25,35632.58,519.2
ETH-USDT-SWAP,reversal,1D,0.005,0.008,0.01,1,0.0,10.0,148.0,780.08,427.08,373,266,107,71.31,72.77,1.073,17.456,735,426.97,188.49,1360.34,218.6,780.08,-42.66
ETH-USDT-SWAP,reversal,1D,0.005,0.008,0.015,1,0.0,10.0,148.0,8235.73,5464.68,373,300,73,80.43,76.19,1.173,223.352,735,992.3,570.47,7501.6,655.98,8235.73,9.79
ETH-USDT-SWAP,reversal,1D,0.005,0.008,0.02,1,0.0,10.0,148.0,58953.64,39733.54,373,322,51,86.33,71.66,1.688,1623.987,735,2502.39,1590.81,38521.91,1439.4,58953.64,53.04
ETH-USDT-SWAP,reversal,1D,0.005,0.008,0.025,1,0.0,10.0,148.0,66623.35,44915.78,373,330,43,88.47,80.91,2.209,1835.795,735,1566.08,958.16,31191.61,1891.7,66623.35,113.59
ETH-USDT-SWAP,reversal,1D,0.005,0.008,0.03,1,0.0,10.0,148.0,74105.93,49971.58,373,336,37,90.08,80.17,2.011,2042.435,735,2313.03,1462.86,37957.34,1541.02,74105.93,95.23
ETH-USDT-SWAP,reversal,1D,0.005,0.01,0.01,1,0.0,10.0,148.0,3646.13,2363.6,373,250,123,67.02,73.82,1.127,96.605,735,437.25,195.44,4693.74,973.47,3646.13,-22.32
ETH-USDT-SWAP,reversal,1D,0.005,0.01,0.015,1,0.0,10.0,148.0,6192.45,4084.09,373,278,95,74.53,87.74,1.199,166.925,735,510.79,245.13,4714.02,822.88,6192.45,31.36
ETH-USDT-SWAP,reversal,1D,0.005,0.01,0.02,1,0.0,10.0,148.0,61076.5,41167.91,373,302,71,80.97,85.2,1.68,1682.612,735,1850.61,1150.41,36186.45,1855.38,61076.5,68.78
ETH-USDT-SWAP,reversal,1D,0.005,0.01,0.025,1,0.0,10.0,148.0,52136.47,35127.35,373,309,64,82.84,90.81,1.858,1435.723,735,1068.14,621.72,17769.23,1563.56,52136.47,193.41
ETH-USDT-SWAP,reversal,1D,0.005,0.01,0.03,1,0.0,10.0,148.0,47535.28,32018.43,373,315,58,84.45,83.59,1.718,1308.655,735,1322.09,793.31,16530.7,1150.34,47535.28,187.56
ETH-USDT-SWAP,reversal,1D,0.005,0.015,0.01,1,0.0,10.0,148.0,47.24,-68.08,373,191,182,51.21,93.11,0.951,-2.783,735,98.86,-33.2,229.5,132.15,47.24,-79.42
ETH-USDT-SWAP,reversal,1D,0.005,0.015,0.015,1,0.0,10.0,148.0,28.34,-80.85,373,221,152,59.25,98.35,0.917,-3.304,735,60.83,-58.9,128.98,112.03,28.34,-78.03
ETH-USDT-SWAP,reversal,1D,0.005,0.015,0.02,1,0.0,10.0,148.0,325.97,120.25,373,244,129,65.42,97.11,1.04,4.915,735,142.49,-3.73,747.9,424.89,325.97,-56.42
ETH-USDT-SWAP,reversal,1D,0.005,0.015,0.025,1,0.0,10.0,148.0,203.98,37.83,373,255,118,68.36,96.39,1.016,1.546,735,316.79,114.05,442.38,39.65,203.98,-53.89
ETH-USDT-SWAP,reversal,1D,0.005,0.015,0.03,1,0.0,10.0,148.0,115.17,-22.19,373,261,112,69.97,97.91,0.987,-0.907,735,227.58,53.77,252.27,10.85,115.17,-54.35
ETH-USDT-SWAP,reversal,1D,0.005,0.02,0.01,1,0.0,10.0,148.0,0.05,-99.97,373,147,226,39.41,99.97,0.569,-4.086,735,11.28,-92.38,0.41,-96.34,0.05,-88.39
ETH-USDT-SWAP,reversal,1D,0.005,0.02,0.015,1,0.0,10.0,148.0,0.01,-99.99,373,176,197,47.18,100.0,0.662,-4.087,735,12.19,-91.76,0.15,-98.78,0.01,-94.04
ETH-USDT-SWAP,reversal,1D,0.005,0.02,0.02,1,0.0,10.0,148.0,0.04,-99.98,373,200,173,53.62,99.99,0.693,-4.086,735,26.57,-82.05,0.55,-97.94,0.04,-93.35
ETH-USDT-SWAP,reversal,1D,0.005,0.02,0.025,1,0.0,10.0,148.0,0.02,-99.98,373,214,159,57.37,99.99,0.74,-4.087,735,75.64,-48.89,0.43,-99.43,0.02,-94.69
ETH-USDT-SWAP,reversal,1D,0.005,0.02,0.03,1,0.0,10.0,148.0,0.01,-100.0,373,220,153,58.98,100.0,0.76,-4.087,735,48.44,-67.27,0.16,-99.67,0.01,-95.51
ETH-USDT-SWAP,reversal,1D,0.005,0.03,0.01,1,0.0,10.0,148.0,0.0,-100.0,373,115,258,30.83,100.0,0.493,-4.087,735,1.5,-98.99,0.01,-99.6,0.0,-96.59
ETH-USDT-SWAP,reversal,1D,0.005,0.03,0.015,1,0.0,10.0,148.0,0.0,-100.0,373,145,228,38.87,100.0,0.515,-4.087,735,0.97,-99.34,0.0,-99.79,0.0,-98.81
ETH-USDT-SWAP,reversal,1D,0.005,0.03,0.02,1,0.0,10.0,148.0,0.0,-100.0,373,163,210,43.7,100.0,0.55,-4.087,735,0.81,-99.45,0.0,-99.95,0.0,-98.95
ETH-USDT-SWAP,reversal,1D,0.005,0.03,0.025,1,0.0,10.0,148.0,0.0,-100.0,373,179,194,47.99,100.0,0.527,-4.087,735,1.84,-98.76,0.0,-99.97,0.0,-99.24
ETH-USDT-SWAP,reversal,1D,0.005,0.03,0.03,1,0.0,10.0,148.0,0.0,-100.0,373,184,189,49.33,100.0,0.63,-4.087,735,1.2,-99.19,0.0,-99.99,0.0,-99.52
ETH-USDT-SWAP,reversal,1D,0.007,0.006,0.01,1,0.0,10.0,148.0,32.74,-77.88,347,257,90,74.06,94.28,0.917,-3.183,735,281.52,90.21,68.39,-75.71,32.74,-52.13
ETH-USDT-SWAP,reversal,1D,0.007,0.006,0.015,1,0.0,10.0,148.0,531.26,258.96,347,292,55,84.15,77.63,1.076,10.584,735,840.5,467.91,600.41,-28.56,531.26,-11.52
ETH-USDT-SWAP,reversal,1D,0.007,0.006,0.02,1,0.0,10.0,148.0,3326.01,2147.3,347,309,38,89.05,83.23,1.346,87.764,735,967.01,553.39,1662.33,71.9,3326.01,100.08
ETH-USDT-SWAP,reversal,1D,0.007,0.006,0.025,1,0.0,10.0,148.0,11988.65,8000.44,347,319,28,91.93,83.21,2.496,326.993,735,694.16,369.02,1853.35,166.99,11988.65,546.86
ETH-USDT-SWAP,reversal,1D,0.007,0.006,0.03,1,0.0,10.0,148.0,31045.85,20876.93,347,326,21,93.95,79.28,3.376,853.28,735,1138.43,669.21,3748.92,229.31,31045.85,728.13
ETH-USDT-SWAP,reversal,1D,0.007,0.008,0.01,1,0.0,10.0,148.0,501.88,239.11,347,245,102,70.61,72.35,1.047,9.773,735,670.7,353.17,692.06,3.19,501.88,-27.48
ETH-USDT-SWAP,reversal,1D,0.007,0.008,0.015,1,0.0,10.0,148.0,12416.54,8289.56,347,281,66,80.98,69.42,1.23,338.81,735,1781.02,1103.39,5872.83,229.75,12416.54,111.42
ETH-USDT-SWAP,reversal,1D,0.007,0.008,0.02,1,0.0,10.0,148.0,40087.48,26986.14,347,297,50,85.59,76.43,1.659,1102.976,735,1879.04,1169.62,11172.39,494.58,40087.48,258.81
ETH-USDT-SWAP,reversal,1D,0.007,0.008,0.025,1,0.0,10.0,148.0,47519.15,32007.53,347,306,41,88.18,74.49,2.359,1308.21,735,1175.96,694.57,6278.59,433.91,47519.15,656.84
ETH-USDT-SWAP,reversal,1D,0.007,0.008,0.03,1,0.0,10.0,148.0,54469.19,36703.51,347,312,35,89.91,84.54,2.467,1500.143,735,1736.85,1073.55,5416.3,211.85,54469.19,905.65
ETH-USDT-SWAP,reversal,1D,0.007,0.01,0.01,1,0.0,10.0,148.0,3267.71,2107.92,347,233,114,67.15,73.43,1.124,86.155,735,719.47,386.13,2214.66,207.82,3267.71,47.55
ETH-USDT-SWAP,reversal,1D,0.007,0.01,0.015,1,0.0,10.0,148.0,54169.94,36501.31,347,269,78,77.52,73.44,1.497,1491.879,735,2523.79,1605.27,25685.72,917.74,54169.94,110.9
ETH-USDT-SWAP,reversal,1D,0.007,0.01,0.02,1,0.0,10.0,148.0,67008.54,45176.04,347,284,63,81.84,84.67,1.765,1846.432,735,2292.47,1448.97,25545.82,1014.33,67008.54,162.31
ETH-USDT-SWAP,reversal,1D,0.007,0.01,0.025,1,0.0,10.0,148.0,70915.37,47815.79,347,293,54,84.44,83.66,2.201,1954.324,735,1170.32,690.76,12626.28,978.87,70915.37,461.65
ETH-USDT-SWAP,reversal,1D,0.007,0.01,0.03,1,0.0,10.0,148.0,88152.6,59462.57,347,300,47,86.46,85.52,2.038,2430.35,735,2492.32,1584.0,26084.63,946.6,88152.6,237.95
ETH-USDT-SWAP,reversal,1D,0.007,0.015,0.01,1,0.0,10.0,148.0,518.65,250.44,347,185,162,53.31,83.7,1.051,10.236,735,277.33,87.39,600.49,116.52,518.65,-13.63
ETH-USDT-SWAP,reversal,1D,0.007,0.015,0.015,1,0.0,10.0,148.0,2532.6,1611.22,347,216,131,62.25,88.93,1.157,65.854,735,334.92,126.3,1918.6,472.86,2532.6,32.0
ETH-USDT-SWAP,reversal,1D,0.007,0.015,0.02,1,0.0,10.0,148.0,6265.98,4133.77,347,233,114,67.15,86.36,1.3,168.955,735,304.3,105.61,1984.58,552.18,6265.98,215.73
ETH-USDT-SWAP,reversal,1D,0.007,0.015,0.025,1,0.0,10.0,148.0,4083.92,2659.41,347,242,105,69.74,88.5,1.519,108.695,735,203.96,37.81,561.8,175.44,4083.92,626.94
ETH-USDT-SWAP,reversal,1D,0.007,0.015,0.03,1,0.0,10.0,148.0,5206.01,3417.58,347,249,98,71.76,94.76,1.504,139.683,735,382.68,158.57,643.29,68.1,5206.01,709.28
ETH-USDT-SWAP,reversal,1D,0.007,0.02,0.01,1,0.0,10.0,148.0,0.06,-99.96,347,132,215,38.04,99.97,0.62,-4.086,735,12.67,-91.44,0.28,-97.77,0.06,-78.74
ETH-USDT-SWAP,reversal,1D,0.007,0.02,0.015,1,0.0,10.0,148.0,0.09,-99.94,347,165,182,47.55,99.97,0.681,-4.085,735,17.53,-88.15,0.41,-97.68,0.09,-79.05
ETH-USDT-SWAP,reversal,1D,0.007,0.02,0.02,1,0.0,10.0,148.0,0.07,-99.95,347,183,164,52.74,99.97,0.627,-4.085,735,17.72,-88.03,0.45,-97.46,0.07,-84.67
ETH-USDT-SWAP,reversal,1D,0.007,0.02,0.025,1,0.0,10.0,148.0,0.06,-99.96,347,195,152,56.2,99.98,0.652,-4.085,735,33.42,-77.42,0.18,-99.46,0.06,-65.22
ETH-USDT-SWAP,reversal,1D,0.007,0.02,0.03,1,0.0,10.0,148.0,0.03,-99.98,347,199,148,57.35,99.99,0.705,-4.086,735,34.82,-76.47,0.12,-99.67,0.03,-76.81
ETH-USDT-SWAP,reversal,1D,0.007,0.03,0.01,1,0.0,10.0,148.0,0.0,-100.0,347,107,240,30.84,100.0,0.599,-4.087,735,5.15,-96.52,0.02,-99.61,0.0,-92.27
ETH-USDT-SWAP,reversal,1D,0.007,0.03,0.015,1,0.0,10.0,148.0,0.0,-100.0,347,132,215,38.04,100.0,0.617,-4.087,735,3.51,-97.63,0.0,-99.92,0.0,-97.51
ETH-USDT-SWAP,reversal,1D,0.007,0.03,0.02,1,0.0,10.0,148.0,0.0,-100.0,347,149,198,42.94,100.0,0.538,-4.087,735,2.37,-98.4,0.0,-99.98,0.0,-97.96
ETH-USDT-SWAP,reversal,1D,0.007,0.03,0.025,1,0.0,10.0,148.0,0.0,-100.0,347,163,184,46.97,100.0,0.522,-4.087,735,4.32,-97.08,0.0,-99.99,0.0,-97.43
ETH-USDT-SWAP,reversal,1D,0.007,0.03,0.03,1,0.0,10.0,148.0,0.0,-100.0,347,167,180,48.13,100.0,0.62,-4.087,735,3.42,-97.69,0.0,-100.0,0.0,-97.9
ETH-USDT-SWAP,reversal,1D,0.01,0.006,0.01,1,0.0,10.0,148.0,32.65,-77.94,312,230,82,73.72,90.64,0.887,-3.186,735,214.45,44.9,49.51,-76.91,32.65,-34.07
ETH-USDT-SWAP,reversal,1D,0.01,0.006,0.015,1,0.0,10.0,148.0,416.35,181.31,312,262,50,83.97,78.08,1.087,7.411,735,691.2,367.03,421.94,-38.96,416.35,-1.33
ETH-USDT-SWAP,reversal,1D,0.01,0.006,0.02,1,0.0,10.0,148.0,1284.19,767.69,312,276,36,88.46,78.71,1.401,31.377,735,475.99,221.62,519.73,9.19,1284.19,147.09
ETH-USDT-SWAP,reversal,1D,0.01,0.006,0.025,1,0.0,10.0,148.0,4912.07,3218.97,312,286,26,91.67,73.41,1.967,131.565,735,649.05,338.55,1092.4,68.31,4912.07,349.66
ETH-USDT-SWAP,reversal,1D,0.01,0.006,0.03,1,0.0,10.0,148.0,2242.17,1414.98,312,288,24,92.31,86.93,1.914,57.833,735,488.53,230.09,433.16,-11.33,2242.17,417.63
ETH-USDT-SWAP,reversal,1D,0.01,0.008,0.01,1,0.0,10.0,148.0,980.39,562.43,312,225,87,72.12,71.26,1.132,22.987,735,694.75,369.42,603.88,-13.08,980.39,62.35
ETH-USDT-SWAP,reversal,1D,0.01,0.008,0.015,1,0.0,10.0,148.0,15123.08,10118.3,312,255,57,81.73,61.04,1.499,413.554,735,2387.42,1513.12,5018.52,110.21,15123.08,201.35
ETH-USDT-SWAP,reversal,1D,0.01,0.008,0.02,1,0.0,10.0,148.0,31072.06,20894.64,312,268,44,85.9,77.29,2.278,854.004,735,1644.09,1010.87,4937.08,200.29,31072.06,529.36
ETH-USDT-SWAP,reversal,1D,0.01,0.008,0.025,1,0.0,10.0,148.0,47030.37,31677.28,312,277,35,88.78,72.84,2.308,1294.712,735,2328.88,1473.57,9957.74,327.58,47030.37,372.3
ETH-USDT-SWAP,reversal,1D,0.01,0.008,0.03,1,0.0,10.0,148.0,37004.4,24902.97,312,280,32,89.74,86.66,3.18,1017.833,735,1752.91,1084.4,5078.99,189.75,37004.4,628.58
ETH-USDT-SWAP,reversal,1D,0.01,0.01,0.01,1,0.0,10.0,148.0,7428.46,4919.23,312,215,97,68.91,65.85,1.195,201.058,735,1688.86,1041.12,3698.7,119.01,7428.46,100.84
ETH-USDT-SWAP,reversal,1D,0.01,0.01,0.015,1,0.0,10.0,148.0,61064.94,41160.09,312,246,66,78.85,55.77,1.607,1682.293,735,5331.88,3502.62,32066.14,501.4,61064.94,90.43
ETH-USDT-SWAP,reversal,1D,0.01,0.01,0.02,1,0.0,10.0,148.0,70687.75,47661.99,312,258,54,82.69,71.21,1.932,1948.038,735,3449.8,2230.94,24945.31,623.09,70687.75,183.37
ETH-USDT-SWAP,reversal,1D,0.01,0.01,0.025,1,0.0,10.0,148.0,85170.84,57447.86,312,267,45,85.58,69.58,1.894,2348.005,735,5758.54,3790.9,35678.4,519.57,85170.84,138.72
ETH-USDT-SWAP,reversal,1D,0.01,0.01,0.03,1,0.0,10.0,148.0,58463.44,39402.32,312,269,43,86.22,80.14,1.999,1610.449,735,4334.36,2828.62,12205.89,181.61,58463.44,378.98
ETH-USDT-SWAP,reversal,1D,0.01,0.015,0.01,1,0.0,10.0,148.0,1704.84,1051.92,312,172,140,55.13,80.6,1.241,42.994,735,301.89,103.98,482.76,59.91,1704.84,253.14
ETH-USDT-SWAP,reversal,1D,0.01,0.015,0.015,1,0.0,10.0,148.0,29090.9,19556.01,312,205,107,65.71,73.49,1.728,799.292,735,1259.7,751.15,3447.03,173.64,29090.9,743.94
ETH-USDT-SWAP,reversal,1D,0.01,0.015,0.02,1,0.0,10.0,148.0,22167.22,14877.85,312,216,96,69.23,85.48,2.653,608.087,735,486.54,228.74,722.23,48.44,22167.22,2969.29
ETH-USDT-SWAP,reversal,1D,0.01,0.015,0.025,1,0.0,10.0,148.0,20108.88,13487.08,312,224,88,71.79,88.91,2.37,551.243,735,703.34,375.23,619.22,-11.96,20108.88,3147.48
ETH-USDT-SWAP,reversal,1D,0.01,0.015,0.03,1,0.0,10.0,148.0,1140.33,670.49,312,225,87,72.12,97.91,1.388,27.404,735,412.51,178.72,41.96,-89.83,1140.33,2617.52
ETH-USDT-SWAP,reversal,1D,0.01,0.02,0.01,1,0.0,10.0,148.0,34.88,-76.43,312,137,175,43.91,95.64,0.874,-3.124,735,55.48,-62.51,17.57,-68.33,34.88,98.47
ETH-USDT-SWAP,reversal,1D,0.01,0.02,0.015,1,0.0,10.0,148.0,398.88,169.51,312,171,141,54.81,86.51,1.098,6.928,735,203.7,37.64,110.14,-45.93,398.88,262.14
ETH-USDT-SWAP,reversal,1D,0.01,0.02,0.02,1,0.0,10.0,148.0,321.42,117.18,312,186,126,59.62,96.41,1.07,4.789,735,341.04,130.43,58.19,-82.94,321.42,452.4
ETH-USDT-SWAP,reversal,1D,0.01,0.02,0.025,1,0.0,10.0,148.0,131.12,-11.41,312,192,120,61.54,97.97,0.991,-0.466,735,233.84,58.0,23.68,-89.87,131.12,453.75
ETH-USDT-SWAP,reversal,1D,0.01,0.02,0.03,1,0.0,10.0,148.0,7.59,-94.87,312,193,119,61.86,99.8,0.843,-3.878,735,102.64,-30.65,1.5,-98.54,7.59,404.66
ETH-USDT-SWAP,reversal,1D,0.01,0.03,0.01,1,0.0,10.0,148.0,0.0,-100.0,312,94,218,30.13,100.0,0.591,-4.087,735,17.23,-88.36,0.02,-99.89,0.0,-78.94
ETH-USDT-SWAP,reversal,1D,0.01,0.03,0.015,1,0.0,10.0,148.0,0.0,-100.0,312,124,188,39.74,100.0,0.661,-4.087,735,29.81,-79.86,0.03,-99.91,0.0,-87.11
ETH-USDT-SWAP,reversal,1D,0.01,0.03,0.02,1,0.0,10.0,148.0,0.0,-100.0,312,142,170,45.51,100.0,0.722,-4.087,735,65.54,-55.72,0.04,-99.94,0.0,-90.71
ETH-USDT-SWAP,reversal,1D,0.01,0.03,0.025,1,0.0,10.0,148.0,0.0,-100.0,312,147,165,47.12,100.0,0.718,-4.087,735,33.98,-77.04,0.01,-99.98,0.0,-93.57
ETH-USDT-SWAP,reversal,1D,0.01,0.03,0.03,1,0.0,10.0,148.0,0.0,-100.0,312,148,164,47.44,100.0,0.646,-4.087,735,21.73,-85.32,0.0,-100.0,0.0,-96.93
ETH-USDT-SWAP,breakout,1D,0.001,0.006,0.01,1,0.0,10.0,148.0,0.0,-100.0,425,128,297,30.12,100.0,0.072,-4.087,735,0.04,-99.97,0.0,-100.0,0.0,-99.82
ETH-USDT-SWAP,breakout,1D,0.001,0.006,0.015,1,0.0,10.0,148.0,0.0,-100.0,425,231,194,54.35,100.0,0.311,-4.087,735,0.36,-99.76,0.0,-100.0,0.0,-99.35
ETH-USDT-SWAP,breakout,1D,0.001,0.006,0.02,1,0.0,10.0,148.0,0.0,-100.0,425,285,140,67.06,100.0,0.343,-4.087,735,0.89,-99.4,0.0,-100.0,0.0,-96.62
ETH-USDT-SWAP,breakout,1D,0.001,0.006,0.025,1,0.0,10.0,148.0,0.0,-100.0,425,312,113,73.41,100.0,0.488,-4.087,735,2.53,-98.29,0.0,-100.0,0.0,-88.44
ETH-USDT-SWAP,breakout,1D,0.001,0.006,0.03,1,0.0,10.0,148.0,0.0,-100.0,425,326,99,76.71,100.0,0.6,-4.087,735,14.93,-89.91,0.0,-100.0,0.0,-90.85
ETH-USDT-SWAP,breakout,1D,0.001,0.008,0.01,1,0.0,10.0,148.0,0.0,-100.0,425,119,306,28.0,100.0,0.078,-4.087,735,0.06,-99.96,0.0,-100.0,0.0,-99.79
ETH-USDT-SWAP,breakout,1D,0.001,0.008,0.015,1,0.0,10.0,148.0,0.0,-100.0,425,215,210,50.59,100.0,0.451,-4.087,735,0.69,-99.53,0.0,-100.0,0.0,-99.07
ETH-USDT-SWAP,breakout,1D,0.001,0.008,0.02,1,0.0,10.0,148.0,0.0,-100.0,425,265,160,62.35,100.0,0.468,-4.087,735,1.47,-99.01,0.0,-100.0,0.0,-95.75
ETH-USDT-SWAP,breakout,1D,0.001,0.008,0.025,1,0.0,10.0,148.0,0.0,-100.0,425,290,135,68.24,100.0,0.605,-4.087,735,3.13,-97.88,0.0,-100.0,0.0,-85.78
ETH-USDT-SWAP,breakout,1D,0.001,0.008,0.03,1,0.0,10.0,148.0,0.0,-100.0,425,305,120,71.76,100.0,0.701,-4.087,735,17.93,-87.89,0.0,-100.0,0.0,-88.27
ETH-USDT-SWAP,breakout,1D,0.001,0.01,0.01,1,0.0,10.0,148.0,0.0,-100.0,425,103,322,24.24,100.0,0.109,-4.087,735,0.07,-99.95,0.0,-100.0,0.0,-99.87
ETH-USDT-SWAP,breakout,1D,0.001,0.01,0.015,1,0.0,10.0,148.0,0.0,-100.0,425,193,232,45.41,100.0,0.532,-4.087,735,1.16,-99.21,0.0,-100.0,0.0,-99.81
ETH-USDT-SWAP,breakout,1D,0.001,0.01,0.02,1,0.0,10.0,148.0,0.0,-100.0,425,242,183,56.94,100.0,0.546,-4.087,735,2.33,-98.42,0.0,-100.0,0.0,-99.11
ETH-USDT-SWAP,breakout,1D,0.001,0.01,0.025,1,0.0,10.0,148.0,0.0,-100.0,425,268,157,63.06,100.0,0.695,-4.087,735,5.75,-96.12,0.0,-100.0,0.0,-94.81
ETH-USDT-SWAP,breakout,1D,0.001,0.01,0.03,1,0.0,10.0,148.0,0.0,-100.0,425,284,141,66.82,100.0,0.801,-4.087,735,36.82,-75.12,0.0,-100.0,0.0,-95.8
ETH-USDT-SWAP,breakout,1D,0.001,0.015,0.01,1,0.0,10.0,148.0,0.0,-100.0,425,85,340,20.0,100.0,0.114,-4.087,735,0.05,-99.96,0.0,-100.0,0.0,-99.9
ETH-USDT-SWAP,breakout,1D,0.001,0.015,0.015,1,0.0,10.0,148.0,0.0,-100.0,425,162,263,38.12,100.0,0.527,-4.087,735,0.37,-99.75,0.0,-100.0,0.0,-99.78
ETH-USDT-SWAP,breakout,1D,0.001,0.015,0.02,1,0.0,10.0,148.0,0.0,-100.0,425,207,218,48.71,100.0,0.479,-4.087,735,0.51,-99.65,0.0,-100.0,0.0,-98.57
ETH-USDT-SWAP,breakout,1D,0.001,0.015,0.025,1,0.0,10.0,148.0,0.0,-100.0,425,231,194,54.35,100.0,0.633,-4.087,735,1.73,-98.83,0.0,-100.0,0.0,-94.09
ETH-USDT-SWAP,breakout,1D,0.001,0.015,0.03,1,0.0,10.0,148.0,0.0,-100.0,425,250,175,58.82,100.0,0.782,-4.087,735,20.7,-86.01,0.0,-100.0,0.0,-94.52
ETH-USDT-SWAP,breakout,1D,0.001,0.02,0.01,1,0.0,10.0,148.0,0.0,-100.0,425,72,353,16.94,100.0,0.116,-4.087,735,0.03,-99.98,0.0,-100.0,0.0,-99.9
ETH-USDT-SWAP,breakout,1D,0.001,0.02,0.015,1,0.0,10.0,148.0,0.0,-100.0,425,138,287,32.47,100.0,0.414,-4.087,735,0.15,-99.9,0.0,-100.0,0.0,-99.76
ETH-USDT-SWAP,breakout,1D,0.001,0.02,0.02,1,0.0,10.0,148.0,0.0,-100.0,425,182,243,42.82,100.0,0.439,-4.087,735,0.3,-99.8,0.0,-100.0,0.0,-98.11
ETH-USDT-SWAP,breakout,1D,0.001,0.02,0.025,1,0.0,10.0,148.0,0.0,-100.0,425,203,222,47.76,100.0,0.626,-4.087,735,0.81,-99.45,0.0,-100.0,0.0,-93.29
ETH-USDT-SWAP,breakout,1D,0.001,0.02,0.03,1,0.0,10.0,148.0,0.0,-100.0,425,222,203,52.24,100.0,0.78,-4.087,735,9.89,-93.32,0.0,-100.0,0.0,-93.5
ETH-USDT-SWAP,breakout,1D,0.001,0.03,0.01,1,0.0,10.0,148.0,0.0,-100.0,425,63,362,14.82,100.0,0.122,-4.087,735,0.03,-99.98,0.0,-100.0,0.0,-99.89
ETH-USDT-SWAP,breakout,1D,0.001,0.03,0.015,1,0.0,10.0,148.0,0.0,-100.0,425,120,305,28.24,100.0,0.498,-4.087,735,0.05,-99.97,0.0,-100.0,0.0,-99.69
ETH-USDT-SWAP,breakout,1D,0.001,0.03,0.02,1,0.0,10.0,148.0,0.0,-100.0,425,160,265,37.65,100.0,0.512,-4.087,735,0.08,-99.95,0.0,-100.0,0.0,-97.72
ETH-USDT-SWAP,breakout,1D,0.001,0.03,0.025,1,0.0,10.0,148.0,0.0,-100.0,425,174,251,40.94,100.0,0.694,-4.087,735,0.13,-99.91,0.0,-100.0,0.0,-98.05
ETH-USDT-SWAP,breakout,1D,0.001,0.03,0.03,1,0.0,10.0,148.0,0.0,-100.0,425,193,232,45.41,100.0,0.79,-4.087,735,3.69,-97.51,0.0,-100.0,0.0,-98.83
ETH-USDT-SWAP,breakout,1D,0.002,0.006,0.01,1,0.0,10.0,148.0,0.0,-100.0,413,111,302,26.88,100.0,0.047,-4.087,735,0.04,-99.97,0.0,-100.0,0.0,-99.89
ETH-USDT-SWAP,breakout,1D,0.002,0.006,0.015,1,0.0,10.0,148.0,0.0,-100.0,413,213,200,51.57,100.0,0.3,-4.087,735,0.55,-99.63,0.0,-100.0,0.0,-99.72
ETH-USDT-SWAP,breakout,1D,0.002,0.006,0.02,1,0.0,10.0,148.0,0.0,-100.0,413,264,149,63.92,100.0,0.358,-4.087,735,1.94,-98.69,0.0,-100.0,0.0,-99.55
ETH-USDT-SWAP,breakout,1D,0.002,0.006,0.025,1,0.0,10.0,148.0,0.0,-100.0,413,298,115,72.15,100.0,0.424,-4.087,735,2.56,-98.27,0.0,-100.0,0.0,-94.13
ETH-USDT-SWAP,breakout,1D,0.002,0.006,0.03,1,0.0,10.0,148.0,0.0,-100.0,413,311,102,75.3,100.0,0.435,-4.087,735,6.74,-95.44,0.0,-100.0,0.0,-96.53
ETH-USDT-SWAP,breakout,1D,0.002,0.008,0.01,1,0.0,10.0,148.0,0.0,-100.0,413,102,311,24.7,100.0,0.075,-4.087,735,0.07,-99.95,0.0,-100.0,0.0,-99.9
ETH-USDT-SWAP,breakout,1D,0.002,0.008,0.015,1,0.0,10.0,148.0,0.0,-100.0,413,198,215,47.94,100.0,0.445,-4.087,735,1.23,-99.17,0.0,-100.0,0.0,-99.67
ETH-USDT-SWAP,breakout,1D,0.002,0.008,0.02,1,0.0,10.0,148.0,0.0,-100.0,413,249,164,60.29,100.0,0.466,-4.087,735,3.32,-97.76,0.0,-100.0,0.0,-99.43
ETH-USDT-SWAP,breakout,1D,0.002,0.008,0.025,1,0.0,10.0,148.0,0.0,-100.0,413,279,134,67.55,100.0,0.518,-4.087,735,3.1,-97.91,0.0,-100.0,0.0,-93.33
ETH-USDT-SWAP,breakout,1D,0.002,0.008,0.03,1,0.0,10.0,148.0,0.0,-100.0,413,293,120,70.94,100.0,0.548,-4.087,735,8.93,-93.96,0.0,-100.0,0.0,-96.32
ETH-USDT-SWAP,breakout,1D,0.002,0.01,0.01,1,0.0,10.0,148.0,0.0,-100.0,413,88,325,21.31,100.0,0.103,-4.087,735,0.06,-99.96,0.0,-100.0,0.0,-99.94
ETH-USDT-SWAP,breakout,1D,0.002,0.01,0.015,1,0.0,10.0,148.0,0.0,-100.0,413,176,237,42.62,100.0,0.522,-4.087,735,1.43,-99.03,0.0,-100.0,0.0,-99.94
ETH-USDT-SWAP,breakout,1D,0.002,0.01,0.02,1,0.0,10.0,148.0,0.0,-100.0,413,224,189,54.24,100.0,0.529,-4.087,735,3.1,-97.91,0.0,-100.0,0.0,-99.92
ETH-USDT-SWAP,breakout,1D,0.002,0.01,0.025,1,0.0,10.0,148.0,0.0,-100.0,413,254,159,61.5,100.0,0.576,-4.087,735,2.72,-98.16,0.0,-100.0,0.0,-98.6
ETH-USDT-SWAP,breakout,1D,0.002,0.01,0.03,1,0.0,10.0,148.0,0.0,-100.0,413,269,144,65.13,100.0,0.645,-4.087,735,11.87,-91.98,0.0,-100.0,0.0,-99.44
ETH-USDT-SWAP,breakout,1D,0.002,0.015,0.01,1,0.0,10.0,148.0,0.0,-100.0,413,72,341,17.43,100.0,0.07,-4.087,735,0.03,-99.98,0.0,-100.0,0.0,-99.89
ETH-USDT-SWAP,breakout,1D,0.002,0.015,0.015,1,0.0,10.0,148.0,0.0,-100.0,413,150,263,36.32,100.0,0.529,-4.087,735,0.67,-99.55,0.0,-100.0,0.0,-99.83
ETH-USDT-SWAP,breakout,1D,0.002,0.015,0.02,1,0.0,10.0,148.0,0.0,-100.0,413,195,218,47.22,100.0,0.509,-4.087,735,0.95,-99.36,0.0,-100.0,0.0,-99.77
ETH-USDT-SWAP,breakout,1D,0.002,0.015,0.025,1,0.0,10.0,148.0,0.0,-100.0,413,219,194,53.03,100.0,0.576,-4.087,735,0.76,-99.49,0.0,-100.0,0.0,-96.84
ETH-USDT-SWAP,breakout,1D,0.002,0.015,0.03,1,0.0,10.0,148.0,0.0,-100.0,413,237,176,57.38,100.0,0.64,-4.087,735,6.13,-95.86,0.0,-100.0,0.0,-98.43
ETH-USDT-SWAP,breakout,1D,0.002,0.02,0.01,1,0.0,10.0,148.0,0.0,-100.0,413,63,350,15.25,100.0,0.092,-4.087,735,0.02,-99.98,0.0,-100.0,0.0,-99.93
ETH-USDT-SWAP,breakout,1D,0.002,0.02,0.015,1,0.0,10.0,148.0,0.0,-100.0,413,133,280,32.2,100.0,0.474,-4.087,735,0.48,-99.68,0.0,-100.0,0.0,-99.78
ETH-USDT-SWAP,breakout,1D,0.002,0.02,0.02,1,0.0,10.0,148.0,0.0,-100.0,413,173,240,41.89,100.0,0.514,-4.087,735,0.7,-99.53,0.0,-100.0,0.0,-99.75
ETH-USDT-SWAP,breakout,1D,0.002,0.02,0.025,1,0.0,10.0,148.0,0.0,-100.0,413,196,217,47.46,100.0,0.582,-4.087,735,0.34,-99.77,0.0,-100.0,0.0,-94.93
ETH-USDT-SWAP,breakout,1D,0.002,0.02,0.03,1,0.0,10.0,148.0,0.0,-100.0,413,212,201,51.33,100.0,0.639,-4.087,735,2.51,-98.3,0.0,-100.0,0.0,-97.48
ETH-USDT-SWAP,breakout,1D,0.002,0.03,0.01,1,0.0,10.0,148.0,0.0,-100.0,413,56,357,13.56,100.0,0.104,-4.087,735,0.02,-99.99,0.0,-100.0,0.0,-99.95
ETH-USDT-SWAP,breakout,1D,0.002,0.03,0.015,1,0.0,10.0,148.0,0.0,-100.0,413,115,298,27.85,100.0,0.528,-4.087,735,0.09,-99.94,0.0,-100.0,0.0,-99.79
ETH-USDT-SWAP,breakout,1D,0.002,0.03,0.02,1,0.0,10.0,148.0,0.0,-100.0,413,153,260,37.05,100.0,0.547,-4.087,735,0.15,-99.9,0.0,-100.0,0.0,-99.72
ETH-USDT-SWAP,breakout,1D,0.002,0.03,0.025,1,0.0,10.0,148.0,0.0,-100.0,413,170,243,41.16,100.0,0.659,-4.087,735,0.08,-99.95,0.0,-100.0,0.0,-99.09
ETH-USDT-SWAP,breakout,1D,0.002,0.03,0.03,1,0.0,10.0,148.0,0.0,-100.0,413,186,227,45.04,100.0,0.675,-4.087,735,0.8,-99.46,0.0,-100.0,0.0,-99.68
ETH-USDT-SWAP,breakout,1D,0.003,0.006,0.01,1,0.0,10.0,148.0,0.0,-100.0,398,91,307,22.86,100.0,0.032,-4.087,735,0.03,-99.98,0.0,-100.0,0.0,-99.96
ETH-USDT-SWAP,breakout,1D,0.003,0.006,0.015,1,0.0,10.0,148.0,0.0,-100.0,398,199,199,50.0,100.0,0.261,-4.087,735,0.57,-99.61,0.0,-100.0,0.0,-99.8
ETH-USDT-SWAP,breakout,1D,0.003,0.006,0.02,1,0.0,10.0,148.0,0.0,-100.0,398,257,141,64.57,100.0,0.494,-4.087,735,6.24,-95.78,0.0,-100.0,0.0,-99.35
ETH-USDT-SWAP,breakout,1D,0.003,0.006,0.025,1,0.0,10.0,148.0,0.0,-100.0,398,291,107,73.12,100.0,0.561,-4.087,735,7.17,-95.16,0.0,-100.0,0.0,-93.25
ETH-USDT-SWAP,breakout,1D,0.003,0.006,0.03,1,0.0,10.0,148.0,0.0,-100.0,398,304,94,76.38,100.0,0.56,-4.087,735,15.09,-89.8,0.0,-100.0,0.0,-95.87
ETH-USDT-SWAP,breakout,1D,0.003,0.008,0.01,1,0.0,10.0,148.0,0.0,-100.0,398,80,318,20.1,100.0,0.051,-4.087,735,0.04,-99.98,0.0,-100.0,0.0,-99.97
ETH-USDT-SWAP,breakout,1D,0.003,0.008,0.015,1,0.0,10.0,148.0,0.0,-100.0,398,178,220,44.72,100.0,0.395,-4.087,735,1.2,-99.19,0.0,-100.0,0.0,-99.95
ETH-USDT-SWAP,breakout,1D,0.003,0.008,0.02,1,0.0,10.0,148.0,0.0,-100.0,398,233,165,58.54,100.0,0.626,-4.087,735,11.06,-92.53,0.0,-100.0,0.0,-99.92
ETH-USDT-SWAP,breakout,1D,0.003,0.008,0.025,1,0.0,10.0,148.0,0.0,-100.0,398,268,130,67.34,100.0,0.68,-4.087,735,12.83,-91.33,0.0,-100.0,0.0,-98.7
ETH-USDT-SWAP,breakout,1D,0.003,0.008,0.03,1,0.0,10.0,148.0,0.0,-100.0,398,282,116,70.85,100.0,0.704,-4.087,735,30.84,-79.16,0.0,-100.0,0.0,-99.12
ETH-USDT-SWAP,breakout,1D,0.003,0.01,0.01,1,0.0,10.0,148.0,0.0,-100.0,398,68,330,17.09,100.0,0.045,-4.087,735,0.03,-99.98,0.0,-100.0,0.0,-99.97
ETH-USDT-SWAP,breakout,1D,0.003,0.01,0.015,1,0.0,10.0,148.0,0.0,-100.0,398,159,239,39.95,100.0,0.426,-4.087,735,0.66,-99.55,0.0,-100.0,0.0,-99.96
ETH-USDT-SWAP,breakout,1D,0.003,0.01,0.02,1,0.0,10.0,148.0,0.0,-100.0,398,209,189,52.51,100.0,0.541,-4.087,735,3.43,-97.68,0.0,-100.0,0.0,-99.93
ETH-USDT-SWAP,breakout,1D,0.003,0.01,0.025,1,0.0,10.0,148.0,0.0,-100.0,398,243,155,61.06,100.0,0.595,-4.087,735,3.1,-97.91,0.0,-100.0,0.0,-99.13
ETH-USDT-SWAP,breakout,1D,0.003,0.01,0.03,1,0.0,10.0,148.0,0.0,-100.0,398,259,139,65.08,100.0,0.66,-4.087,735,18.21,-87.69,0.0,-100.0,0.0,-99.51
ETH-USDT-SWAP,breakout,1D,0.003,0.015,0.01,1,0.0,10.0,148.0,0.0,-100.0,398,58,340,14.57,100.0,0.054,-4.087,735,0.03,-99.98,0.0,-100.0,0.0,-99.97
ETH-USDT-SWAP,breakout,1D,0.003,0.015,0.015,1,0.0,10.0,148.0,0.0,-100.0,398,137,261,34.42,100.0,0.476,-4.087,735,0.44,-99.7,0.0,-100.0,0.0,-99.9
ETH-USDT-SWAP,breakout,1D,0.003,0.015,0.02,1,0.0,10.0,148.0,0.0,-100.0,398,183,215,45.98,100.0,0.597,-4.087,735,1.72,-98.84,0.0,-100.0,0.0,-99.8
ETH-USDT-SWAP,breakout,1D,0.003,0.015,0.025,1,0.0,10.0,148.0,0.0,-100.0,398,213,185,53.52,100.0,0.656,-4.087,735,1.02,-99.31,0.0,-100.0,0.0,-96.5
ETH-USDT-SWAP,breakout,1D,0.003,0.015,0.03,1,0.0,10.0,148.0,0.0,-100.0,398,227,171,57.04,100.0,0.687,-4.087,735,5.12,-96.54,0.0,-100.0,0.0,-97.93
ETH-USDT-SWAP,breakout,1D,0.003,0.02,0.01,1,0.0,10.0,148.0,0.0,-100.0,398,52,346,13.07,100.0,0.069,-4.087,735,0.02,-99.99,0.0,-100.0,0.0,-99.97
ETH-USDT-SWAP,breakout,1D,0.003,0.02,0.015,1,0.0,10.0,148.0,0.0,-100.0,398,123,275,30.9,100.0,0.481,-4.087,735,0.39,-99.74,0.0,-100.0,0.0,-99.91
ETH-USDT-SWAP,breakout,1D,0.003,0.02,0.02,1,0.0,10.0,148.0,0.0,-100.0,398,163,235,40.95,100.0,0.57,-4.087,735,1.33,-99.1,0.0,-100.0,0.0,-99.87
ETH-USDT-SWAP,breakout,1D,0.003,0.02,0.025,1,0.0,10.0,148.0,0.0,-100.0,398,191,207,47.99,100.0,0.693,-4.087,735,1.14,-99.23,0.0,-100.0,0.0,-98.13
ETH-USDT-SWAP,breakout,1D,0.003,0.02,0.03,1,0.0,10.0,148.0,0.0,-100.0,398,204,194,51.26,100.0,0.744,-4.087,735,5.7,-96.15,0.0,-100.0,0.0,-98.97
ETH-USDT-SWAP,breakout,1D,0.003,0.03,0.01,1,0.0,10.0,148.0,0.0,-100.0,398,44,354,11.06,100.0,0.11,-4.087,735,0.02,-99.98,0.0,-100.0,0.0,-99.98
ETH-USDT-SWAP,breakout,1D,0.003,0.03,0.015,1,0.0,10.0,148.0,0.0,-100.0,398,108,290,27.14,100.0,0.573,-4.087,735,0.12,-99.92,0.0,-100.0,0.0,-99.9
ETH-USDT-SWAP,breakout,1D,0.003,0.03,0.02,1,0.0,10.0,148.0,0.0,-100.0,398,142,256,35.68,100.0,0.585,-4.087,735,0.32,-99.79,0.0,-100.0,0.0,-99.81
ETH-USDT-SWAP,breakout,1D,0.003,0.03,0.025,1,0.0,10.0,148.0,0.0,-100.0,398,165,233,41.46,100.0,0.739,-4.087,735,0.26,-99.82,0.0,-100.0,0.0,-99.22
ETH-USDT-SWAP,breakout,1D,0.003,0.03,0.03,1,0.0,10.0,148.0,0.0,-100.0,398,178,220,44.72,100.0,0.755,-4.087,735,1.57,-98.94,0.0,-100.0,0.0,-99.68
ETH-USDT-SWAP,breakout,1D,0.005,0.006,0.01,1,0.0,10.0,148.0,0.0,-100.0,373,77,296,20.64,100.0,0.106,-4.087,735,0.07,-99.96,0.0,-100.0,0.0,-99.98
ETH-USDT-SWAP,breakout,1D,0.005,0.006,0.015,1,0.0,10.0,148.0,0.0,-100.0,373,165,208,44.24,100.0,0.182,-4.087,735,0.44,-99.7,0.0,-100.0,0.0,-99.92
ETH-USDT-SWAP,breakout,1D,0.005,0.006,0.02,1,0.0,10.0,148.0,0.0,-100.0,373,229,144,61.39,100.0,0.46,-4.087,735,6.99,-95.28,0.0,-100.0,0.0,-99.87
ETH-USDT-SWAP,breakout,1D,0.005,0.006,0.025,1,0.0,10.0,148.0,0.0,-100.0,373,261,112,69.97,100.0,0.579,-4.087,735,24.64,-83.35,0.0,-100.0,0.0,-99.65
ETH-USDT-SWAP,breakout,1D,0.005,0.006,0.03,1,0.0,10.0,148.0,0.0,-100.0,373,279,94,74.8,100.0,0.601,-4.087,735,35.12,-76.27,0.0,-100.0,0.0,-98.11
ETH-USDT-SWAP,breakout,1D,0.005,0.008,0.01,1,0.0,10.0,148.0,0.0,-100.0,373,65,308,17.43,100.0,0.082,-4.087,735,0.04,-99.97,0.0,-100.0,0.0,-99.98
ETH-USDT-SWAP,breakout,1D,0.005,0.008,0.015,1,0.0,10.0,148.0,0.0,-100.0,373,146,227,39.14,100.0,0.177,-4.087,735,0.24,-99.84,0.0,-100.0,0.0,-99.93
ETH-USDT-SWAP,breakout,1D,0.005,0.008,0.02,1,0.0,10.0,148.0,0.0,-100.0,373,205,168,54.96,100.0,0.448,-4.087,735,1.73,-98.83,0.0,-100.0,0.0,-99.88
ETH-USDT-SWAP,breakout,1D,0.005,0.008,0.025,1,0.0,10.0,148.0,0.0,-100.0,373,237,136,63.54,100.0,0.504,-4.087,735,6.68,-95.49,0.0,-100.0,0.0,-99.66
ETH-USDT-SWAP,breakout,1D,0.005,0.008,0.03,1,0.0,10.0,148.0,0.0,-100.0,373,255,118,68.36,100.0,0.527,-4.087,735,13.49,-90.89,0.0,-100.0,0.0,-98.83
ETH-USDT-SWAP,breakout,1D,0.005,0.01,0.01,1,0.0,10.0,148.0,0.0,-100.0,373,61,312,16.35,100.0,0.071,-4.087,735,0.04,-99.97,0.0,-100.0,0.0,-99.98
ETH-USDT-SWAP,breakout,1D,0.005,0.01,0.015,1,0.0,10.0,148.0,0.0,-100.0,373,138,235,37.0,100.0,0.204,-4.087,735,0.27,-99.82,0.0,-100.0,0.0,-99.93
ETH-USDT-SWAP,breakout,1D,0.005,0.01,0.02,1,0.0,10.0,148.0,0.0,-100.0,373,195,178,52.28,100.0,0.531,-4.087,735,2.18,-98.53,0.0,-100.0,0.0,-99.87
ETH-USDT-SWAP,breakout,1D,0.005,0.01,0.025,1,0.0,10.0,148.0,0.0,-100.0,373,226,147,60.59,100.0,0.555,-4.087,735,6.66,-95.5,0.0,-100.0,0.0,-99.63
ETH-USDT-SWAP,breakout,1D,0.005,0.01,0.03,1,0.0,10.0,148.0,0.0,-100.0,373,243,130,65.15,100.0,0.568,-4.087,735,12.29,-91.7,0.0,-100.0,0.0,-98.76
ETH-USDT-SWAP,breakout,1D,0.005,0.015,0.01,1,0.0,10.0,148.0,0.0,-100.0,373,51,322,13.67,100.0,0.05,-4.087,735,0.05,-99.97,0.0,-100.0,0.0,-99.98
ETH-USDT-SWAP,breakout,1D,0.005,0.015,0.015,1,0.0,10.0,148.0,0.0,-100.0,373,115,258,30.83,100.0,0.252,-4.087,735,0.37,-99.75,0.0,-100.0,0.0,-99.93
ETH-USDT-SWAP,breakout,1D,0.005,0.015,0.02,1,0.0,10.0,148.0,0.0,-100.0,373,163,210,43.7,100.0,0.581,-4.087,735,1.03,-99.3,0.0,-100.0,0.0,-99.83
ETH-USDT-SWAP,breakout,1D,0.005,0.015,0.025,1,0.0,10.0,148.0,0.0,-100.0,373,191,182,51.21,100.0,0.686,-4.087,735,4.71,-96.82,0.0,-100.0,0.0,-99.16
ETH-USDT-SWAP,breakout,1D,0.005,0.015,0.03,1,0.0,10.0,148.0,0.0,-100.0,373,205,168,54.96,100.0,0.686,-4.087,735,7.82,-94.72,0.0,-100.0,0.0,-97.64
ETH-USDT-SWAP,breakout,1D,0.005,0.02,0.01,1,0.0,10.0,148.0,0.0,-100.0,373,43,330,11.53,100.0,0.036,-4.087,735,0.02,-99.98,0.0,-100.0,0.0,-99.99
ETH-USDT-SWAP,breakout,1D,0.005,0.02,0.015,1,0.0,10.0,148.0,0.0,-100.0,373,96,277,25.74,100.0,0.148,-4.087,735,0.09,-99.94,0.0,-100.0,0.0,-99.96
ETH-USDT-SWAP,breakout,1D,0.005,0.02,0.02,1,0.0,10.0,148.0,0.0,-100.0,373,141,232,37.8,100.0,0.559,-4.087,735,0.38,-99.74,0.0,-100.0,0.0,-99.86
ETH-USDT-SWAP,breakout,1D,0.005,0.02,0.025,1,0.0,10.0,148.0,0.0,-100.0,373,167,206,44.77,100.0,0.643,-4.087,735,1.49,-99.0,0.0,-100.0,0.0,-99.38
ETH-USDT-SWAP,breakout,1D,0.005,0.02,0.03,1,0.0,10.0,148.0,0.0,-100.0,373,181,192,48.53,100.0,0.662,-4.087,735,4.41,-97.02,0.0,-100.0,0.0,-98.89
ETH-USDT-SWAP,breakout,1D,0.005,0.03,0.01,1,0.0,10.0,148.0,0.0,-100.0,373,42,331,11.26,100.0,0.058,-4.087,735,0.03,-99.98,0.0,-100.0,0.0,-99.98
ETH-USDT-SWAP,breakout,1D,0.005,0.03,0.015,1,0.0,10.0,148.0,0.0,-100.0,373,87,286,23.32,100.0,0.123,-4.087,735,0.04,-99.97,0.0,-100.0,0.0,-99.92
ETH-USDT-SWAP,breakout,1D,0.005,0.03,0.02,1,0.0,10.0,148.0,0.0,-100.0,373,127,246,34.05,100.0,0.487,-4.087,735,0.08,-99.95,0.0,-100.0,0.0,-99.76
ETH-USDT-SWAP,breakout,1D,0.005,0.03,0.025,1,0.0,10.0,148.0,0.0,-100.0,373,151,222,40.48,100.0,0.552,-4.087,735,0.29,-99.8,0.0,-100.0,0.0,-99.17
ETH-USDT-SWAP,breakout,1D,0.005,0.03,0.03,1,0.0,10.0,148.0,0.0,-100.0,373,159,214,42.63,100.0,0.545,-4.087,735,0.64,-99.57,0.0,-100.0,0.0,-99.55
ETH-USDT-SWAP,breakout,1D,0.007,0.006,0.01,1,0.0,10.0,148.0,0.0,-100.0,347,54,293,15.56,100.0,0.051,-4.087,735,0.02,-99.99,0.0,-100.0,0.0,-99.99
ETH-USDT-SWAP,breakout,1D,0.007,0.006,0.015,1,0.0,10.0,148.0,0.0,-100.0,347,136,211,39.19,100.0,0.09,-4.087,735,0.12,-99.92,0.0,-100.0,0.0,-99.99
ETH-USDT-SWAP,breakout,1D,0.007,0.006,0.02,1,0.0,10.0,148.0,0.0,-100.0,347,210,137,60.52,100.0,0.315,-4.087,735,3.83,-97.41,0.0,-100.0,0.0,-99.95
ETH-USDT-SWAP,breakout,1D,0.007,0.006,0.025,1,0.0,10.0,148.0,0.0,-100.0,347,234,113,67.44,100.0,0.435,-4.087,735,10.48,-92.92,0.0,-100.0,0.0,-99.95
ETH-USDT-SWAP,breakout,1D,0.007,0.006,0.03,1,0.0,10.0,148.0,0.0,-100.0,347,254,93,73.2,100.0,0.383,-4.087,735,7.38,-95.01,0.0,-99.99,0.0,-99.54
ETH-USDT-SWAP,breakout,1D,0.007,0.008,0.01,1,0.0,10.0,148.0,0.0,-100.0,347,51,296,14.7,100.0,0.076,-4.087,735,0.02,-99.98,0.0,-100.0,0.0,-99.99
ETH-USDT-SWAP,breakout,1D,0.007,0.008,0.015,1,0.0,10.0,148.0,0.0,-100.0,347,128,219,36.89,100.0,0.107,-4.087,735,0.08,-99.95,0.0,-100.0,0.0,-99.98
ETH-USDT-SWAP,breakout,1D,0.007,0.008,0.02,1,0.0,10.0,148.0,0.0,-100.0,347,200,147,57.64,100.0,0.425,-4.087,735,5.51,-96.28,0.0,-100.0,0.0,-99.95
ETH-USDT-SWAP,breakout,1D,0.007,0.008,0.025,1,0.0,10.0,148.0,0.0,-100.0,347,223,124,64.27,100.0,0.521,-4.087,735,11.41,-92.29,0.0,-100.0,0.0,-99.94
ETH-USDT-SWAP,breakout,1D,0.007,0.008,0.03,1,0.0,10.0,148.0,0.0,-100.0,347,243,104,70.03,100.0,0.456,-4.087,735,7.07,-95.23,0.0,-99.99,0.0,-99.49
ETH-USDT-SWAP,breakout,1D,0.007,0.01,0.01,1,0.0,10.0,148.0,0.0,-100.0,347,46,301,13.26,100.0,0.066,-4.087,735,0.03,-99.98,0.0,-100.0,0.0,-99.99
ETH-USDT-SWAP,breakout,1D,0.007,0.01,0.015,1,0.0,10.0,148.0,0.0,-100.0,347,114,233,32.85,100.0,0.091,-4.087,735,0.06,-99.96,0.0,-100.0,0.0,-99.98
ETH-USDT-SWAP,breakout,1D,0.007,0.01,0.02,1,0.0,10.0,148.0,0.0,-100.0,347,183,164,52.74,100.0,0.441,-4.087,735,3.59,-97.58,0.0,-100.0,0.0,-99.92
ETH-USDT-SWAP,breakout,1D,0.007,0.01,0.025,1,0.0,10.0,148.0,0.0,-100.0,347,207,140,59.65,100.0,0.58,-4.087,735,9.2,-93.79,0.0,-100.0,0.0,-99.88
ETH-USDT-SWAP,breakout,1D,0.007,0.01,0.03,1,0.0,10.0,148.0,0.0,-100.0,347,225,122,64.84,100.0,0.52,-4.087,735,6.06,-95.91,0.0,-100.0,0.0,-99.06
ETH-USDT-SWAP,breakout,1D,0.007,0.015,0.01,1,0.0,10.0,148.0,0.0,-100.0,347,35,312,10.09,100.0,0.098,-4.087,735,0.02,-99.99,0.0,-100.0,0.0,-99.99
ETH-USDT-SWAP,breakout,1D,0.007,0.015,0.015,1,0.0,10.0,148.0,0.0,-100.0,347,94,253,27.09,100.0,0.142,-4.087,735,0.05,-99.96,0.0,-100.0,0.0,-99.99
ETH-USDT-SWAP,breakout,1D,0.007,0.015,0.02,1,0.0,10.0,148.0,0.0,-100.0,347,152,195,43.8,100.0,0.408,-4.087,735,1.07,-99.28,0.0,-100.0,0.0,-99.88
ETH-USDT-SWAP,breakout,1D,0.007,0.015,0.025,1,0.0,10.0,148.0,0.0,-100.0,347,175,172,50.43,100.0,0.617,-4.087,735,3.49,-97.64,0.0,-100.0,0.0,-99.87
ETH-USDT-SWAP,breakout,1D,0.007,0.015,0.03,1,0.0,10.0,148.0,0.0,-100.0,347,194,153,55.91,100.0,0.558,-4.087,735,2.84,-98.08,0.0,-100.0,0.0,-98.52
ETH-USDT-SWAP,breakout,1D,0.007,0.02,0.01,1,0.0,10.0,148.0,0.0,-100.0,347,35,312,10.09,100.0,0.135,-4.087,735,0.03,-99.98,0.0,-100.0,0.0,-99.99
ETH-USDT-SWAP,breakout,1D,0.007,0.02,0.015,1,0.0,10.0,148.0,0.0,-100.0,347,84,263,24.21,100.0,0.169,-4.087,735,0.05,-99.97,0.0,-100.0,0.0,-99.99
ETH-USDT-SWAP,breakout,1D,0.007,0.02,0.02,1,0.0,10.0,148.0,0.0,-100.0,347,136,211,39.19,100.0,0.471,-4.087,735,0.63,-99.57,0.0,-100.0,0.0,-99.89
ETH-USDT-SWAP,breakout,1D,0.007,0.02,0.025,1,0.0,10.0,148.0,0.0,-100.0,347,157,190,45.24,100.0,0.679,-4.087,735,2.46,-98.34,0.0,-100.0,0.0,-99.91
ETH-USDT-SWAP,breakout,1D,0.007,0.02,0.03,1,0.0,10.0,148.0,0.0,-100.0,347,174,173,50.14,100.0,0.634,-4.087,735,2.3,-98.45,0.0,-100.0,0.0,-99.27
ETH-USDT-SWAP,breakout,1D,0.007,0.03,0.01,1,0.0,10.0,148.0,0.0,-100.0,347,32,315,9.22,100.0,0.124,-4.087,735,0.03,-99.98,0.0,-100.0,0.0,-99.99
ETH-USDT-SWAP,breakout,1D,0.007,0.03,0.015,1,0.0,10.0,148.0,0.0,-100.0,347,78,269,22.48,100.0,0.146,-4.087,735,0.04,-99.98,0.0,-100.0,0.0,-99.99
ETH-USDT-SWAP,breakout,1D,0.007,0.03,0.02,1,0.0,10.0,148.0,0.0,-100.0,347,122,225,35.16,100.0,0.337,-4.087,735,0.12,-99.92,0.0,-100.0,0.0,-99.93
ETH-USDT-SWAP,breakout,1D,0.007,0.03,0.025,1,0.0,10.0,148.0,0.0,-100.0,347,143,204,41.21,100.0,0.602,-4.087,735,0.56,-99.62,0.0,-100.0,0.0,-99.9
ETH-USDT-SWAP,breakout,1D,0.007,0.03,0.03,1,0.0,10.0,148.0,0.0,-100.0,347,155,192,44.67,100.0,0.538,-4.087,735,0.4,-99.73,0.0,-99.99,0.0,-99.82
ETH-USDT-SWAP,breakout,1D,0.01,0.006,0.01,1,0.0,10.0,148.0,0.0,-100.0,312,48,264,15.38,100.0,0.021,-4.087,735,0.04,-99.97,0.0,-100.0,0.0,-99.97
ETH-USDT-SWAP,breakout,1D,0.01,0.006,0.015,1,0.0,10.0,148.0,0.0,-100.0,312,121,191,38.78,100.0,0.131,-4.087,735,0.09,-99.94,0.0,-100.0,0.0,-99.98
ETH-USDT-SWAP,breakout,1D,0.01,0.006,0.02,1,0.0,10.0,148.0,0.0,-100.0,312,173,139,55.45,100.0,0.158,-4.087,735,0.9,-99.39,0.0,-100.0,0.0,-99.97
ETH-USDT-SWAP,breakout,1D,0.01,0.006,0.025,1,0.0,10.0,148.0,0.0,-100.0,312,218,94,69.87,100.0,0.25,-4.087,735,1.58,-98.93,0.0,-99.96,0.0,-99.89
ETH-USDT-SWAP,breakout,1D,0.01,0.006,0.03,1,0.0,10.0,148.0,0.0,-100.0,312,232,80,74.36,100.0,0.323,-4.087,735,2.18,-98.53,0.0,-99.96,0.0,-99.76
ETH-USDT-SWAP,breakout,1D,0.01,0.008,0.01,1,0.0,10.0,148.0,0.0,-100.0,312,38,274,12.18,100.0,0.023,-4.087,735,0.03,-99.98,0.0,-100.0,0.0,-99.98
ETH-USDT-SWAP,breakout,1D,0.01,0.008,0.015,1,0.0,10.0,148.0,0.0,-100.0,312,102,210,32.69,100.0,0.164,-4.087,735,0.06,-99.96,0.0,-100.0,0.0,-99.99
ETH-USDT-SWAP,breakout,1D,0.01,0.008,0.02,1,0.0,10.0,148.0,0.0,-100.0,312,153,159,49.04,100.0,0.202,-4.087,735,0.63,-99.57,0.0,-100.0,0.0,-99.97
ETH-USDT-SWAP,breakout,1D,0.01,0.008,0.025,1,0.0,10.0,148.0,0.0,-100.0,312,198,114,63.46,100.0,0.311,-4.087,735,0.66,-99.55,0.0,-99.99,0.0,-99.79
ETH-USDT-SWAP,breakout,1D,0.01,0.008,0.03,1,0.0,10.0,148.0,0.0,-100.0,312,214,98,68.59,100.0,0.427,-4.087,735,1.05,-99.29,0.0,-99.99,0.0,-99.49
ETH-USDT-SWAP,breakout,1D,0.01,0.01,0.01,1,0.0,10.0,148.0,0.0,-100.0,312,34,278,10.9,100.0,0.014,-4.087,735,0.03,-99.98,0.0,-100.0,0.0,-99.98
ETH-USDT-SWAP,breakout,1D,0.01,0.01,0.015,1,0.0,10.0,148.0,0.0,-100.0,312,93,219,29.81,100.0,0.192,-4.087,735,0.07,-99.95,0.0,-100.0,0.0,-99.99
ETH-USDT-SWAP,breakout,1D,0.01,0.01,0.02,1,0.0,10.0,148.0,0.0,-100.0,312,141,171,45.19,100.0,0.235,-4.087,735,0.77,-99.48,0.0,-100.0,0.0,-99.98
ETH-USDT-SWAP,breakout,1D,0.01,0.01,0.025,1,0.0,10.0,148.0,0.0,-100.0,312,181,131,58.01,100.0,0.36,-4.087,735,0.82,-99.44,0.0,-99.99,0.0,-99.89
ETH-USDT-SWAP,breakout,1D,0.01,0.01,0.03,1,0.0,10.0,148.0,0.0,-100.0,312,198,114,63.46,100.0,0.542,-4.087,735,2.09,-98.59,0.0,-99.99,0.0,-99.67
ETH-USDT-SWAP,breakout,1D,0.01,0.015,0.01,1,0.0,10.0,148.0,0.0,-100.0,312,29,283,9.29,100.0,0.014,-4.087,735,0.02,-99.98,0.0,-100.0,0.0,-99.98
ETH-USDT-SWAP,breakout,1D,0.01,0.015,0.015,1,0.0,10.0,148.0,0.0,-100.0,312,75,237,24.04,100.0,0.191,-4.087,735,0.03,-99.98,0.0,-100.0,0.0,-100.0
ETH-USDT-SWAP,breakout,1D,0.01,0.015,0.02,1,0.0,10.0,148.0,0.0,-100.0,312,113,199,36.22,100.0,0.161,-4.087,735,0.11,-99.93,0.0,-100.0,0.0,-99.99
ETH-USDT-SWAP,breakout,1D,0.01,0.015,0.025,1,0.0,10.0,148.0,0.0,-100.0,312,151,161,48.4,100.0,0.333,-4.087,735,0.21,-99.86,0.0,-99.98,0.0,-99.91
ETH-USDT-SWAP,breakout,1D,0.01,0.015,0.03,1,0.0,10.0,148.0,0.0,-100.0,312,167,145,53.53,100.0,0.53,-4.087,735,0.54,-99.64,0.0,-99.97,0.0,-99.76
ETH-USDT-SWAP,breakout,1D,0.01,0.02,0.01,1,0.0,10.0,148.0,0.0,-100.0,312,28,284,8.97,100.0,0.02,-4.087,735,0.03,-99.98,0.0,-100.0,0.0,-99.97
ETH-USDT-SWAP,breakout,1D,0.01,0.02,0.015,1,0.0,10.0,148.0,0.0,-100.0,312,71,241,22.76,100.0,0.266,-4.087,735,0.05,-99.97,0.0,-100.0,0.0,-99.99
ETH-USDT-SWAP,breakout,1D,0.01,0.02,0.02,1,0.0,10.0,148.0,0.0,-100.0,312,101,211,32.37,100.0,0.187,-4.087,735,0.04,-99.98,0.0,-100.0,0.0,-99.99
ETH-USDT-SWAP,breakout,1D,0.01,0.02,0.025,1,0.0,10.0,148.0,0.0,-100.0,312,134,178,42.95,100.0,0.381,-4.087,735,0.04,-99.97,0.0,-99.99,0.0,-99.92
ETH-USDT-SWAP,breakout,1D,0.01,0.02,0.03,1,0.0,10.0,148.0,0.0,-100.0,312,150,162,48.08,100.0,0.584,-4.087,735,0.1,-99.93,0.0,-99.99,0.0,-99.78
ETH-USDT-SWAP,breakout,1D,0.01,0.03,0.01,1,0.0,10.0,148.0,0.0,-100.0,312,27,285,8.65,100.0,0.023,-4.087,735,0.03,-99.98,0.0,-100.0,0.0,-99.96
ETH-USDT-SWAP,breakout,1D,0.01,0.03,0.015,1,0.0,10.0,148.0,0.0,-100.0,312,68,244,21.79,100.0,0.287,-4.087,735,0.06,-99.96,0.0,-100.0,0.0,-99.99
ETH-USDT-SWAP,breakout,1D,0.01,0.03,0.02,1,0.0,10.0,148.0,0.0,-100.0,312,95,217,30.45,100.0,0.225,-4.087,735,0.07,-99.95,0.0,-100.0,0.0,-99.99
ETH-USDT-SWAP,breakout,1D,0.01,0.03,0.025,1,0.0,10.0,148.0,0.0,-100.0,312,125,187,40.06,100.0,0.287,-4.087,735,0.04,-99.97,0.0,-99.97,0.0,-99.89
ETH-USDT-SWAP,breakout,1D,0.01,0.03,0.03,1,0.0,10.0,148.0,0.0,-100.0,312,141,171,45.19,100.0,0.526,-4.087,735,0.11,-99.93,0.0,-99.92,0.0,-99.59
ETH-USDT-SWAP,fade,1D,0.001,0.006,0.01,1,0.0,10.0,148.0,3.04,-97.94,575,418,157,72.7,99.42,0.889,-4.003,735,271.84,83.67,22.71,-91.65,3.04,-86.6
ETH-USDT-SWAP,fade,1D,0.001,0.006,0.015,1,0.0,10.0,148.0,618.14,317.66,575,482,93,83.83,90.73,1.039,12.983,735,1149.37,676.6,1335.82,16.22,618.14,-53.73
ETH-USDT-SWAP,fade,1D,0.001,0.006,0.02,1,0.0,10.0,148.0,2295.59,1451.07,575,506,69,88.0,96.75,1.057,59.308,735,1668.95,1027.67,6735.23,303.56,2295.59,-65.92
ETH-USDT-SWAP,fade,1D,0.001,0.006,0.025,1,0.0,10.0,148.0,12745.26,8511.66,575,522,53,90.78,88.85,1.215,347.888,735,1566.53,958.47,13382.35,754.27,12745.26,-4.76
ETH-USDT-SWAP,fade,1D,0.001,0.006,0.03,1,0.0,10.0,148.0,5194.54,3409.82,575,528,47,91.83,95.27,1.298,139.366,735,879.11,493.99,2909.56,230.97,5194.54,78.53
ETH-USDT-SWAP,fade,1D,0.001,0.008,0.01,1,0.0,10.0,148.0,15.29,-89.67,575,383,192,66.61,98.4,0.953,-3.665,735,439.06,196.66,114.25,-73.98,15.29,-86.62
ETH-USDT-SWAP,fade,1D,0.001,0.008,0.015,1,0.0,10.0,148.0,2081.57,1306.47,575,446,129,77.57,93.89,1.027,53.398,735,1974.35,1234.02,7595.61,284.72,2081.57,-72.6
ETH-USDT-SWAP,fade,1D,0.001,0.008,0.02,1,0.0,10.0,148.0,16054.36,10747.54,575,471,104,81.91,92.5,1.094,439.273,735,4334.5,2828.72,33958.7,683.45,16054.36,-52.72
ETH-USDT-SWAP,fade,1D,0.001,0.008,0.025,1,0.0,10.0,148.0,59667.16,40215.65,575,491,84,85.39,83.34,1.339,1643.691,735,3396.27,2194.78,48856.8,1338.54,59667.16,22.13
ETH-USDT-SWAP,fade,1D,0.001,0.008,0.03,1,0.0,10.0,148.0,3283.83,2118.8,575,495,80,86.09,92.0,1.07,86.6,735,1538.64,939.62,4842.27,214.71,3283.83,-32.18
ETH-USDT-SWAP,fade,1D,0.001,0.01,0.01,1,0.0,10.0,148.0,4.13,-97.21,575,342,233,59.48,99.03,0.913,-3.973,735,193.35,30.64,50.58,-73.84,4.13,-91.84
ETH-USDT-SWAP,fade,1D,0.001,0.01,0.015,1,0.0,10.0,148.0,300.7,103.17,575,406,169,70.61,95.33,1.007,4.217,735,1014.52,585.49,2220.36,118.86,300.7,-86.46
ETH-USDT-SWAP,fade,1D,0.001,0.01,0.02,1,0.0,10.0,148.0,1595.59,978.1,575,436,139,75.83,97.17,1.014,39.977,735,2515.79,1599.86,14593.91,480.09,1595.59,-89.07
ETH-USDT-SWAP,fade,1D,0.001,0.01,0.025,1,0.0,10.0,148.0,37845.91,25471.56,575,457,118,79.48,88.7,1.227,1041.072,735,1557.87,952.62,26506.34,1601.45,37845.91,42.78
ETH-USDT-SWAP,fade,1D,0.001,0.01,0.03,1,0.0,10.0,148.0,1070.34,623.2,575,464,111,80.7,94.41,1.039,25.471,735,782.86,428.96,2395.28,205.96,1070.34,-55.31
ETH-USDT-SWAP,fade,1D,0.001,0.015,0.01,1,0.0,10.0,148.0,0.01,-99.99,575,261,314,45.39,99.99,0.591,-4.087,735,5.63,-96.2,0.43,-92.4,0.01,-96.95
ETH-USDT-SWAP,fade,1D,0.001,0.015,0.015,1,0.0,10.0,148.0,0.01,-99.99,575,315,260,54.78,100.0,0.716,-4.087,735,20.47,-86.17,0.5,-97.58,0.01,-97.34
ETH-USDT-SWAP,fade,1D,0.001,0.015,0.02,1,0.0,10.0,148.0,0.03,-99.98,575,348,227,60.52,99.99,0.881,-4.086,735,74.14,-49.91,2.33,-96.86,0.03,-98.82
ETH-USDT-SWAP,fade,1D,0.001,0.015,0.025,1,0.0,10.0,148.0,0.04,-99.97,575,367,208,63.83,99.99,0.854,-4.086,735,80.15,-45.84,2.0,-97.5,0.04,-98.08
ETH-USDT-SWAP,fade,1D,0.001,0.015,0.03,1,0.0,10.0,148.0,0.0,-100.0,575,377,198,65.57,100.0,0.866,-4.087,735,121.69,-17.78,0.35,-99.71,0.0,-98.79
ETH-USDT-SWAP,fade,1D,0.001,0.02,0.01,1,0.0,10.0,148.0,0.0,-100.0,575,206,369,35.83,100.0,0.56,-4.087,735,0.36,-99.76,0.0,-99.66,0.0,-99.48
ETH-USDT-SWAP,fade,1D,0.001,0.02,0.015,1,0.0,10.0,148.0,0.0,-100.0,575,262,313,45.57,100.0,0.659,-4.087,735,0.95,-99.36,0.0,-99.93,0.0,-99.65
ETH-USDT-SWAP,fade,1D,0.001,0.02,0.02,1,0.0,10.0,148.0,0.0,-100.0,575,295,280,51.3,100.0,0.781,-4.087,735,1.79,-98.79,0.0,-99.93,0.0,-99.89
ETH-USDT-SWAP,fade,1D,0.001,0.02,0.025,1,0.0,10.0,148.0,0.0,-100.0,575,314,261,54.61,100.0,0.727,-4.087,735,1.62,-98.9,0.0,-99.96,0.0,-99.89
ETH-USDT-SWAP,fade,1D,0.001,0.02,0.03,1,0.0,10.0,148.0,0.0,-100.0,575,325,250,56.52,100.0,0.706,-4.087,735,1.57,-98.94,0.0,-99.99,0.0,-99.94
ETH-USDT-SWAP,fade,1D,0.001,0.03,0.01,1,0.0,10.0,148.0,0.0,-100.0,575,158,417,27.48,100.0,0.444,-4.087,735,0.01,-99.99,0.0,-99.99,0.0,-99.96
ETH-USDT-SWAP,fade,1D,0.001,0.03,0.015,1,0.0,10.0,148.0,0.0,-100.0,575,210,365,36.52,100.0,0.493,-4.087,735,0.0,-100.0,0.0,-100.0,0.0,-99.97
ETH-USDT-SWAP,fade,1D,0.001,0.03,0.02,1,0.0,10.0,148.0,0.0,-100.0,575,240,335,41.74,100.0,0.615,-4.087,735,0.0,-100.0,0.0,-100.0,0.0,-99.99
ETH-USDT-SWAP,fade,1D,0.001,0.03,0.025,1,0.0,10.0,148.0,0.0,-100.0,575,260,315,45.22,100.0,0.551,-4.087,735,0.0,-100.0,0.0,-100.0,0.0,-99.99
ETH-USDT-SWAP,fade,1D,0.001,0.03,0.03,1,0.0,10.0,148.0,0.0,-100.0,575,273,302,47.48,100.0,0.507,-4.087,735,0.0,-100.0,0.0,-100.0,0.0,-99.99
ETH-USDT-SWAP,fade,1D,0.002,0.006,0.01,1,0.0,10.0,148.0,11.9,-91.96,563,416,147,73.89,97.81,0.923,-3.759,735,300.95,103.34,74.36,-75.29,11.9,-84.0
ETH-USDT-SWAP,fade,1D,0.002,0.006,0.015,1,0.0,10.0,148.0,781.48,428.03,563,472,91,83.84,92.87,1.035,17.494,735,1361.72,820.08,1938.04,42.32,781.48,-59.68
ETH-USDT-SWAP,fade,1D,0.002,0.006,0.02,1,0.0,10.0,148.0,3804.1,2470.34,563,496,67,88.1,95.79,1.065,100.968,735,1778.78,1101.88,10269.67,477.34,3804.1,-62.96
ETH-USDT-SWAP,fade,1D,0.002,0.006,0.025,1,0.0,10.0,148.0,20765.46,13930.72,563,512,51,90.94,81.18,1.343,569.375,735,1185.34,700.9,13763.19,1061.12,20765.46,50.88
ETH-USDT-SWAP,fade,1D,0.002,0.006,0.03,1,0.0,10.0,148.0,19700.2,13210.95,563,519,44,92.18,84.88,1.649,539.957,735,622.2,320.4,5938.71,854.47,19700.2,231.73
ETH-USDT-SWAP,fade,1D,0.002,0.008,0.01,1,0.0,10.0,148.0,340.35,129.96,563,392,171,69.63,88.92,1.019,5.312,735,631.76,326.86,1046.76,65.69,340.35,-67.49
ETH-USDT-SWAP,fade,1D,0.002,0.008,0.015,1,0.0,10.0,148.0,18846.47,12634.1,563,444,119,78.86,72.53,1.117,516.38,735,2350.57,1488.22,22745.37,867.65,18846.47,-17.14
ETH-USDT-SWAP,fade,1D,0.002,0.008,0.02,1,0.0,10.0,148.0,43106.87,29026.26,563,468,95,83.13,76.93,1.242,1186.359,735,2711.1,1731.82,44522.09,1542.22,43106.87,-3.18
ETH-USDT-SWAP,fade,1D,0.002,0.008,0.025,1,0.0,10.0,148.0,61521.72,41468.73,563,485,78,86.15,83.59,1.429,1694.907,735,1295.14,775.1,44161.58,3309.78,61521.72,39.31
ETH-USDT-SWAP,fade,1D,0.002,0.008,0.03,1,0.0,10.0,148.0,22770.73,15285.63,563,491,72,87.21,85.6,1.248,624.753,735,473.82,220.15,13780.09,2808.29,22770.73,65.24
ETH-USDT-SWAP,fade,1D,0.002,0.01,0.01,1,0.0,10.0,148.0,454.29,206.95,563,360,203,63.94,89.92,1.022,8.458,735,459.54,210.5,1876.58,308.36,454.29,-75.79
ETH-USDT-SWAP,fade,1D,0.002,0.01,0.015,1,0.0,10.0,148.0,31658.07,21290.59,563,413,150,73.36,73.57,1.142,870.188,735,3054.13,1963.6,40196.18,1216.12,31658.07,-21.24
ETH-USDT-SWAP,fade,1D,0.002,0.01,0.02,1,0.0,10.0,148.0,48883.96,32929.7,563,438,125,77.8,74.12,1.21,1345.901,735,4488.15,2932.53,54317.5,1110.24,48883.96,-10.0
ETH-USDT-SWAP,fade,1D,0.002,0.01,0.025,1,0.0,10.0,148.0,73528.7,49581.56,563,457,106,81.17,82.3,1.384,2026.494,735,1946.44,1215.16,53081.66,2627.12,73528.7,38.52
ETH-USDT-SWAP,fade,1D,0.002,0.01,0.03,1,0.0,10.0,148.0,49256.61,33181.49,563,465,98,82.59,84.67,1.298,1356.192,735,1554.09,950.06,23882.55,1436.75,49256.61,106.25
ETH-USDT-SWAP,fade,1D,0.002,0.015,0.01,1,0.0,10.0,148.0,0.52,-99.65,563,275,288,48.85,99.83,0.67,-4.073,735,7.43,-94.98,2.63,-64.53,0.52,-80.34
ETH-USDT-SWAP,fade,1D,0.002,0.015,0.015,1,0.0,10.0,148.0,0.07,-99.95,563,320,243,56.84,99.97,0.761,-4.085,735,19.24,-87.0,2.82,-85.34,0.07,-97.35
ETH-USDT-SWAP,fade,1D,0.002,0.015,0.02,1,0.0,10.0,148.0,0.03,-99.98,563,347,216,61.63,99.99,0.819,-4.086,735,28.57,-80.7,1.45,-94.91,0.03,-97.9
ETH-USDT-SWAP,fade,1D,0.002,0.015,0.025,1,0.0,10.0,148.0,0.1,-99.93,563,368,195,65.36,99.98,0.807,-4.084,735,41.0,-72.3,3.84,-90.63,0.1,-97.46
ETH-USDT-SWAP,fade,1D,0.002,0.015,0.03,1,0.0,10.0,148.0,0.03,-99.98,563,379,184,67.32,99.99,0.838,-4.086,735,83.89,-43.31,1.49,-98.22,0.03,-97.83
ETH-USDT-SWAP,fade,1D,0.002,0.02,0.01,1,0.0,10.0,148.0,0.0,-100.0,563,222,341,39.43,100.0,0.586,-4.087,735,0.57,-99.62,0.01,-98.56,0.0,-90.82
ETH-USDT-SWAP,fade,1D,0.002,0.02,0.015,1,0.0,10.0,148.0,0.0,-100.0,563,266,297,47.25,100.0,0.643,-4.087,735,0.74,-99.5,0.0,-99.75,0.0,-98.79
ETH-USDT-SWAP,fade,1D,0.002,0.02,0.02,1,0.0,10.0,148.0,0.0,-100.0,563,298,265,52.93,100.0,0.779,-4.087,735,1.59,-98.93,0.0,-99.85,0.0,-98.88
ETH-USDT-SWAP,fade,1D,0.002,0.02,0.025,1,0.0,10.0,148.0,0.0,-100.0,563,318,245,56.48,100.0,0.733,-4.087,735,1.62,-98.91,0.0,-99.87,0.0,-98.83
ETH-USDT-SWAP,fade,1D,0.002,0.02,0.03,1,0.0,10.0,148.0,0.0,-100.0,563,329,234,58.44,100.0,0.721,-4.087,735,2.19,-98.52,0.0,-99.97,0.0,-99.27
ETH-USDT-SWAP,fade,1D,0.002,0.03,0.01,1,0.0,10.0,148.0,0.0,-100.0,563,172,391,30.55,100.0,0.504,-4.087,735,0.02,-99.99,0.0,-99.97,0.0,-99.18
ETH-USDT-SWAP,fade,1D,0.002,0.03,0.015,1,0.0,10.0,148.0,0.0,-100.0,563,216,347,38.37,100.0,0.561,-4.087,735,0.01,-100.0,0.0,-100.0,0.0,-99.91
ETH-USDT-SWAP,fade,1D,0.002,0.03,0.02,1,0.0,10.0,148.0,0.0,-100.0,563,244,319,43.34,100.0,0.681,-4.087,735,0.01,-99.99,0.0,-100.0,0.0,-99.98
ETH-USDT-SWAP,fade,1D,0.002,0.03,0.025,1,0.0,10.0,148.0,0.0,-100.0,563,264,299,46.89,100.0,0.612,-4.087,735,0.01,-100.0,0.0,-100.0,0.0,-99.98
ETH-USDT-SWAP,fade,1D,0.002,0.03,0.03,1,0.0,10.0,148.0,0.0,-100.0,563,276,287,49.02,100.0,0.57,-4.087,735,0.0,-100.0,0.0,-100.0,0.0,-99.97
ETH-USDT-SWAP,fade,1D,0.003,0.006,0.01,1,0.0,10.0,148.0,21.48,-85.49,547,407,140,74.41,96.25,0.947,-3.494,735,375.15,153.48,96.35,-74.32,21.48,-77.71
ETH-USDT-SWAP,fade,1D,0.003,0.006,0.015,1,0.0,10.0,148.0,385.13,160.23,547,456,91,83.36,84.72,1.029,6.549,735,773.28,422.49,697.4,-9.81,385.13,-44.78
ETH-USDT-SWAP,fade,1D,0.003,0.006,0.02,1,0.0,10.0,148.0,49408.13,33283.87,547,492,55,89.95,67.52,1.433,1360.376,735,2550.76,1623.49,35560.75,1294.12,49408.13,38.94
ETH-USDT-SWAP,fade,1D,0.003,0.006,0.025,1,0.0,10.0,148.0,62931.48,42421.27,547,505,42,92.32,76.79,1.849,1733.839,735,1499.81,913.39,24306.5,1520.64,62931.48,158.91
ETH-USDT-SWAP,fade,1D,0.003,0.006,0.03,1,0.0,10.0,148.0,57126.71,38499.13,547,510,37,93.24,79.32,1.809,1573.534,735,1292.99,773.64,14795.35,1044.28,57126.71,286.11
ETH-USDT-SWAP,fade,1D,0.003,0.008,0.01,1,0.0,10.0,148.0,1442.86,874.91,547,389,158,71.12,83.7,1.04,35.759,735,1370.75,826.18,3757.24,174.1,1442.86,-61.6
ETH-USDT-SWAP,fade,1D,0.003,0.008,0.015,1,0.0,10.0,148.0,30172.6,20286.89,547,438,109,80.07,78.88,1.226,829.165,735,2695.3,1721.15,16811.9,523.75,30172.6,79.47
ETH-USDT-SWAP,fade,1D,0.003,0.008,0.02,1,0.0,10.0,148.0,100995.47,68140.18,547,470,77,85.92,79.19,1.561,2785.021,735,5742.15,3779.83,70460.48,1127.08,100995.47,43.34
ETH-USDT-SWAP,fade,1D,0.003,0.008,0.025,1,0.0,10.0,148.0,113977.21,76911.63,547,484,63,88.48,83.39,1.834,3143.527,735,3165.83,2039.07,59309.62,1773.43,113977.21,92.17
ETH-USDT-SWAP,fade,1D,0.003,0.008,0.03,1,0.0,10.0,148.0,103381.69,69752.49,547,489,58,89.4,87.03,1.774,2850.919,735,2090.59,1312.56,47244.09,2159.85,103381.69,118.82
ETH-USDT-SWAP,fade,1D,0.003,0.01,0.01,1,0.0,10.0,148.0,23960.86,16089.77,547,363,184,66.36,66.45,1.126,657.62,735,1776.37,1100.25,27798.84,1464.92,23960.86,-13.81
ETH-USDT-SWAP,fade,1D,0.003,0.01,0.015,1,0.0,10.0,148.0,51260.0,34535.13,547,407,140,74.41,75.06,1.232,1411.518,735,4221.38,2752.29,47089.85,1015.51,51260.0,8.86
ETH-USDT-SWAP,fade,1D,0.003,0.01,0.02,1,0.0,10.0,148.0,124712.9,84165.47,547,441,106,80.62,65.59,1.465,3440.006,735,11584.1,7727.1,102854.88,787.9,124712.9,21.25
ETH-USDT-SWAP,fade,1D,0.003,0.01,0.025,1,0.0,10.0,148.0,136058.41,91831.36,547,457,90,83.55,77.68,1.575,3753.325,735,5231.38,3434.71,93097.79,1679.6,136058.41,46.15
ETH-USDT-SWAP,fade,1D,0.003,0.01,0.03,1,0.0,10.0,148.0,127936.1,86343.31,547,463,84,84.64,81.4,1.577,3529.018,735,4489.15,2933.21,78456.53,1647.69,127936.1,63.07
ETH-USDT-SWAP,fade,1D,0.003,0.015,0.01,1,0.0,10.0,148.0,6.05,-95.91,547,277,270,50.64,98.19,0.845,-3.92,735,34.66,-76.58,25.26,-27.12,6.05,-76.06
ETH-USDT-SWAP,fade,1D,0.003,0.015,0.015,1,0.0,10.0,148.0,0.51,-99.65,547,316,231,57.77,99.83,0.867,-4.073,735,59.17,-60.02,15.52,-73.77,0.51,-96.7
ETH-USDT-SWAP,fade,1D,0.003,0.015,0.02,1,0.0,10.0,148.0,15.4,-89.59,547,351,196,64.17,98.15,0.926,-3.662,735,101.94,-31.12,92.56,-9.21,15.4,-83.36
ETH-USDT-SWAP,fade,1D,0.003,0.015,0.025,1,0.0,10.0,148.0,5.48,-96.3,547,367,180,67.09,99.14,0.876,-3.936,735,77.34,-47.74,35.02,-54.71,5.48,-84.35
ETH-USDT-SWAP,fade,1D,0.003,0.015,0.03,1,0.0,10.0,148.0,0.78,-99.47,547,373,174,68.19,99.81,0.833,-4.066,735,94.74,-35.99,5.78,-93.9,0.78,-86.54
ETH-USDT-SWAP,fade,1D,0.003,0.02,0.01,1,0.0,10.0,148.0,0.0,-100.0,547,222,325,40.59,100.0,0.537,-4.087,735,1.1,-99.26,0.02,-97.93,0.0,-84.42
ETH-USDT-SWAP,fade,1D,0.003,0.02,0.015,1,0.0,10.0,148.0,0.0,-100.0,547,257,290,46.98,100.0,0.595,-4.087,735,0.73,-99.51,0.0,-99.61,0.0,-99.1
ETH-USDT-SWAP,fade,1D,0.003,0.02,0.02,1,0.0,10.0,148.0,0.0,-100.0,547,294,253,53.75,100.0,0.754,-4.087,735,1.32,-99.11,0.01,-99.0,0.0,-97.07
ETH-USDT-SWAP,fade,1D,0.003,0.02,0.025,1,0.0,10.0,148.0,0.0,-100.0,547,314,233,57.4,100.0,0.74,-4.087,735,1.77,-98.8,0.03,-98.58,0.0,-98.69
ETH-USDT-SWAP,fade,1D,0.003,0.02,0.03,1,0.0,10.0,148.0,0.0,-100.0,547,321,226,58.68,100.0,0.696,-4.087,735,1.56,-98.94,0.0,-99.81,0.0,-99.33
ETH-USDT-SWAP,fade,1D,0.003,0.03,0.01,1,0.0,10.0,148.0,0.0,-100.0,547,171,376,31.26,100.0,0.449,-4.087,735,0.03,-99.98,0.0,-99.93,0.0,-99.0
ETH-USDT-SWAP,fade,1D,0.003,0.03,0.015,1,0.0,10.0,148.0,0.0,-100.0,547,212,335,38.76,100.0,0.507,-4.087,735,0.02,-99.98,0.0,-99.99,0.0,-99.93
ETH-USDT-SWAP,fade,1D,0.003,0.03,0.02,1,0.0,10.0,148.0,0.0,-100.0,547,242,305,44.24,100.0,0.596,-4.087,735,0.01,-99.99,0.0,-99.99,0.0,-99.91
ETH-USDT-SWAP,fade,1D,0.003,0.03,0.025,1,0.0,10.0,148.0,0.0,-100.0,547,263,284,48.08,100.0,0.546,-4.087,735,0.01,-99.99,0.0,-99.99,0.0,-99.96
ETH-USDT-SWAP,fade,1D,0.003,0.03,0.03,1,0.0,10.0,148.0,0.0,-100.0,547,271,276,49.54,100.0,0.474,-4.087,735,0.0,-100.0,0.0,-100.0,0.0,-99.97
ETH-USDT-SWAP,fade,1D,0.005,0.006,0.01,1,0.0,10.0,148.0,22.01,-85.13,518,385,133,74.32,94.56,0.933,-3.479,735,262.56,77.4,71.47,-72.78,22.01,-69.2
ETH-USDT-SWAP,fade,1D,0.005,0.006,0.015,1,0.0,10.0,148.0,716.25,383.95,518,434,84,83.78,85.23,1.052,15.693,735,950.02,541.91,1078.21,13.49,716.25,-33.57
ETH-USDT-SWAP,fade,1D,0.005,0.006,0.02,1,0.0,10.0,148.0,28110.38,18893.5,518,464,54,89.58,84.39,1.38,772.214,735,3975.33,2586.03,12279.94,208.9,28110.38,128.91
ETH-USDT-SWAP,fade,1D,0.005,0.006,0.025,1,0.0,10.0,148.0,52627.77,35459.31,518,477,41,92.08,86.05,1.83,1449.29,735,2670.72,1704.54,15273.66,471.89,52627.77,244.57
ETH-USDT-SWAP,fade,1D,0.005,0.006,0.03,1,0.0,10.0,148.0,91056.34,61424.55,518,488,30,94.21,73.64,2.102,2510.54,735,4080.01,2656.76,32702.23,701.52,91056.34,178.44
ETH-USDT-SWAP,fade,1D,0.005,0.008,0.01,1,0.0,10.0,148.0,1163.75,686.32,518,368,150,71.04,72.1,1.06,28.051,735,465.91,214.81,1728.97,271.09,1163.75,-32.69
ETH-USDT-SWAP,fade,1D,0.005,0.008,0.015,1,0.0,10.0,148.0,39771.48,26772.62,518,416,102,80.31,81.13,1.29,1094.249,735,1666.53,1026.04,25349.27,1421.08,39771.48,56.89
ETH-USDT-SWAP,fade,1D,0.005,0.008,0.02,1,0.0,10.0,148.0,95988.74,64757.25,518,445,73,85.91,79.83,1.583,2646.754,735,6763.59,4469.99,63058.47,832.32,95988.74,52.22
ETH-USDT-SWAP,fade,1D,0.005,0.008,0.025,1,0.0,10.0,148.0,116173.64,78395.7,518,458,60,88.42,84.33,1.786,3204.184,735,4378.36,2858.35,67043.37,1431.24,116173.64,73.28
ETH-USDT-SWAP,fade,1D,0.005,0.008,0.03,1,0.0,10.0,148.0,140510.16,94839.3,518,467,51,90.15,68.95,1.908,3876.265,735,5200.5,3413.85,79285.65,1424.58,140510.16,77.22
ETH-USDT-SWAP,fade,1D,0.005,0.01,0.01,1,0.0,10.0,148.0,16697.3,11181.96,518,347,171,66.99,73.54,1.148,457.028,735,791.94,435.09,12263.05,1448.49,16697.3,36.16
ETH-USDT-SWAP,fade,1D,0.005,0.01,0.015,1,0.0,10.0,148.0,55764.74,37578.88,518,390,128,75.29,87.06,1.361,1535.922,735,1174.96,693.89,33627.27,2761.99,55764.74,65.83
ETH-USDT-SWAP,fade,1D,0.005,0.01,0.02,1,0.0,10.0,148.0,121025.43,81673.94,518,421,97,81.27,85.4,1.574,3338.172,735,6801.61,4495.68,80651.7,1085.77,121025.43,50.06
ETH-USDT-SWAP,fade,1D,0.005,0.01,0.025,1,0.0,10.0,148.0,127422.69,85996.41,518,433,85,83.59,90.64,1.647,3514.84,735,3798.39,2466.48,72048.95,1796.83,127422.69,76.86
ETH-USDT-SWAP,fade,1D,0.005,0.01,0.03,1,0.0,10.0,148.0,148215.17,100045.39,518,442,76,85.33,84.47,1.753,4089.049,735,3519.82,2278.26,82892.2,2255.01,148215.17,78.8
ETH-USDT-SWAP,fade,1D,0.005,0.015,0.01,1,0.0,10.0,148.0,6.49,-95.61,518,258,260,49.81,97.82,0.934,-3.908,735,134.07,-9.42,83.67,-37.59,6.49,-92.24
ETH-USDT-SWAP,fade,1D,0.005,0.015,0.015,1,0.0,10.0,148.0,28.83,-80.52,518,306,212,59.07,96.61,0.977,-3.291,735,279.59,88.91,303.34,8.49,28.83,-90.5
ETH-USDT-SWAP,fade,1D,0.005,0.015,0.02,1,0.0,10.0,148.0,589.26,298.15,518,339,179,65.44,96.71,1.022,12.186,735,452.72,205.89,2267.43,400.85,589.26,-74.01
ETH-USDT-SWAP,fade,1D,0.005,0.015,0.025,1,0.0,10.0,148.0,210.81,42.44,518,353,165,68.15,97.79,1.004,1.735,735,1161.24,684.62,974.59,-16.07,210.81,-78.37
ETH-USDT-SWAP,fade,1D,0.005,0.015,0.03,1,0.0,10.0,148.0,194.02,31.1,518,361,157,69.69,98.92,1.006,1.271,735,579.04,291.24,243.91,-57.88,194.02,-20.45
ETH-USDT-SWAP,fade,1D,0.005,0.02,0.01,1,0.0,10.0,148.0,0.0,-100.0,518,201,317,38.8,100.0,0.584,-4.087,735,3.57,-97.58,0.04,-99.0,0.0,-97.12
ETH-USDT-SWAP,fade,1D,0.005,0.02,0.015,1,0.0,10.0,148.0,0.0,-100.0,518,245,273,47.3,100.0,0.778,-4.087,735,11.37,-92.32,0.06,-99.48,0.0,-98.73
ETH-USDT-SWAP,fade,1D,0.005,0.02,0.02,1,0.0,10.0,148.0,0.01,-100.0,518,280,238,54.05,100.0,0.831,-4.087,735,22.92,-84.52,0.32,-98.59,0.01,-97.84
ETH-USDT-SWAP,fade,1D,0.005,0.02,0.025,1,0.0,10.0,148.0,0.0,-100.0,518,297,221,57.34,100.0,0.861,-4.087,735,93.0,-37.16,0.22,-99.77,0.0,-99.28
ETH-USDT-SWAP,fade,1D,0.005,0.02,0.03,1,0.0,10.0,148.0,0.0,-100.0,518,304,214,58.69,100.0,0.871,-4.087,735,42.82,-71.07,0.03,-99.93,0.0,-98.94
ETH-USDT-SWAP,fade,1D,0.005,0.03,0.01,1,0.0,10.0,148.0,0.0,-100.0,518,157,361,30.31,100.0,0.493,-4.087,735,0.13,-99.91,0.0,-99.95,0.0,-99.34
ETH-USDT-SWAP,fade,1D,0.005,0.03,0.015,1,0.0,10.0,148.0,0.0,-100.0,518,197,321,38.03,100.0,0.517,-4.087,735,0.09,-99.94,0.0,-99.97,0.0,-99.84
ETH-USDT-SWAP,fade,1D,0.005,0.03,0.02,1,0.0,10.0,148.0,0.0,-100.0,518,227,291,43.82,100.0,0.619,-4.087,735,0.05,-99.97,0.0,-99.98,0.0,-99.85
ETH-USDT-SWAP,fade,1D,0.005,0.03,0.025,1,0.0,10.0,148.0,0.0,-100.0,518,246,272,47.49,100.0,0.56,-4.087,735,0.12,-99.92,0.0,-99.99,0.0,-99.93
ETH-USDT-SWAP,fade,1D,0.005,0.03,0.03,1,0.0,10.0,148.0,0.0,-100.0,518,252,266,48.65,100.0,0.678,-4.087,735,0.06,-99.96,0.0,-100.0,0.0,-99.92
ETH-USDT-SWAP,fade,1D,0.007,0.006,0.01,1,0.0,10.0,148.0,11.57,-92.18,488,358,130,73.36,98.27,0.911,-3.768,735,255.94,72.93,24.31,-90.5,11.57,-52.41
ETH-USDT-SWAP,fade,1D,0.007,0.006,0.015,1,0.0,10.0,148.0,532.47,259.78,488,408,80,83.61,85.52,1.037,10.618,735,1388.81,838.38,966.51,-30.41,532.47,-44.91
ETH-USDT-SWAP,fade,1D,0.007,0.006,0.02,1,0.0,10.0,148.0,7171.3,4745.47,488,433,55,88.73,89.15,1.212,193.957,735,1660.88,1022.21,3992.15,140.36,7171.3,79.63
ETH-USDT-SWAP,fade,1D,0.007,0.006,0.025,1,0.0,10.0,148.0,35409.46,23825.31,488,448,40,91.8,91.1,2.1,973.787,735,976.83,560.02,4355.47,345.88,35409.46,712.99
ETH-USDT-SWAP,fade,1D,0.007,0.006,0.03,1,0.0,10.0,148.0,75224.36,50727.27,488,459,29,94.06,86.42,2.955,2073.322,735,1801.65,1117.33,15136.35,740.14,75224.36,396.98
ETH-USDT-SWAP,fade,1D,0.007,0.008,0.01,1,0.0,10.0,148.0,465.66,214.63,488,341,147,69.88,81.16,1.029,8.772,735,841.35,468.48,581.53,-30.88,465.66,-19.93
ETH-USDT-SWAP,fade,1D,0.007,0.008,0.015,1,0.0,10.0,148.0,39394.76,26518.08,488,391,97,80.12,77.61,1.258,1083.845,735,5042.42,3307.04,24510.12,386.08,39394.76,60.73
ETH-USDT-SWAP,fade,1D,0.007,0.008,0.02,1,0.0,10.0,148.0,85248.54,57500.36,488,416,72,85.25,82.24,1.541,2350.151,735,5636.15,3708.21,51790.39,818.9,85248.54,64.6
ETH-USDT-SWAP,fade,1D,0.007,0.008,0.025,1,0.0,10.0,148.0,107500.74,72535.64,488,430,58,88.11,84.25,1.879,2964.672,735,2889.98,1852.69,45149.57,1462.28,107500.74,138.1
ETH-USDT-SWAP,fade,1D,0.007,0.008,0.03,1,0.0,10.0,148.0,136247.43,91959.08,488,440,48,90.16,72.69,2.088,3758.545,735,4800.29,3143.44,57096.26,1089.43,136247.43,138.63
ETH-USDT-SWAP,fade,1D,0.007,0.01,0.01,1,0.0,10.0,148.0,3383.27,2186.0,488,321,167,65.78,81.47,1.092,89.346,735,783.56,429.43,2021.53,157.99,3383.27,67.36
ETH-USDT-SWAP,fade,1D,0.007,0.01,0.015,1,0.0,10.0,148.0,82829.35,55865.78,488,371,117,76.02,80.83,1.399,2283.343,735,7370.1,4879.8,54729.72,642.59,82829.35,51.34
ETH-USDT-SWAP,fade,1D,0.007,0.01,0.02,1,0.0,10.0,148.0,112691.64,76043.0,488,395,93,80.94,85.55,1.565,3108.025,735,5910.15,3893.35,66363.5,1022.87,112691.64,69.81
ETH-USDT-SWAP,fade,1D,0.007,0.01,0.025,1,0.0,10.0,148.0,128455.87,86694.51,488,408,80,83.61,88.32,1.772,3543.372,735,2164.12,1362.25,56646.47,2517.52,128455.87,126.77
ETH-USDT-SWAP,fade,1D,0.007,0.01,0.03,1,0.0,10.0,148.0,158318.74,106872.12,488,419,69,85.86,72.83,1.856,4368.07,735,4474.7,2923.45,76197.11,1602.84,158318.74,107.78
ETH-USDT-SWAP,fade,1D,0.007,0.015,0.01,1,0.0,10.0,148.0,264.54,78.75,488,255,233,52.25,88.68,1.012,3.219,735,325.42,119.88,499.59,53.52,264.54,-47.05
ETH-USDT-SWAP,fade,1D,0.007,0.015,0.015,1,0.0,10.0,148.0,1243.29,740.06,488,297,191,60.86,90.12,1.042,30.248,735,559.86,278.28,2178.05,289.04,1243.29,-42.92
ETH-USDT-SWAP,fade,1D,0.007,0.015,0.02,1,0.0,10.0,148.0,10095.76,6721.46,488,325,163,66.6,83.06,1.132,274.719,735,348.49,135.47,5672.97,1527.86,10095.76,77.96
ETH-USDT-SWAP,fade,1D,0.007,0.015,0.025,1,0.0,10.0,148.0,3222.37,2077.28,488,337,151,69.06,94.94,1.178,84.902,735,217.2,46.76,573.29,163.95,3222.37,462.08
ETH-USDT-SWAP,fade,1D,0.007,0.015,0.03,1,0.0,10.0,148.0,20687.38,13877.96,488,349,139,71.52,98.01,1.461,567.219,735,342.9,131.69,1189.23,246.82,20687.38,1639.57
ETH-USDT-SWAP,fade,1D,0.007,0.02,0.01,1,0.0,10.0,148.0,0.0,-100.0,488,184,304,37.7,100.0,0.749,-4.087,735,8.92,-93.97,0.04,-99.59,0.0,-94.18
ETH-USDT-SWAP,fade,1D,0.007,0.02,0.015,1,0.0,10.0,148.0,0.0,-100.0,488,229,259,46.93,100.0,0.822,-4.087,735,18.5,-87.5,0.04,-99.76,0.0,-94.17
ETH-USDT-SWAP,fade,1D,0.007,0.02,0.02,1,0.0,10.0,148.0,0.01,-99.99,488,261,227,53.48,99.99,0.788,-4.087,735,21.07,-85.76,0.23,-98.91,0.01,-94.91
ETH-USDT-SWAP,fade,1D,0.007,0.02,0.025,1,0.0,10.0,148.0,0.0,-100.0,488,275,213,56.35,100.0,0.81,-4.087,735,34.57,-76.64,0.02,-99.94,0.0,-87.73
ETH-USDT-SWAP,fade,1D,0.007,0.02,0.03,1,0.0,10.0,148.0,0.0,-100.0,488,283,205,57.99,100.0,0.829,-4.087,735,28.21,-80.94,0.02,-99.94,0.0,-84.98
ETH-USDT-SWAP,fade,1D,0.007,0.03,0.01,1,0.0,10.0,148.0,0.0,-100.0,488,149,339,30.53,100.0,0.548,-4.087,735,0.6,-99.59,0.0,-99.92,0.0,-98.31
ETH-USDT-SWAP,fade,1D,0.007,0.03,0.015,1,0.0,10.0,148.0,0.0,-100.0,488,189,299,38.73,100.0,0.65,-4.087,735,0.74,-99.5,0.0,-99.98,0.0,-99.53
ETH-USDT-SWAP,fade,1D,0.007,0.03,0.02,1,0.0,10.0,148.0,0.0,-100.0,488,218,270,44.67,100.0,0.557,-4.087,735,0.51,-99.66,0.0,-99.98,0.0,-99.66
ETH-USDT-SWAP,fade,1D,0.007,0.03,0.025,1,0.0,10.0,148.0,0.0,-100.0,488,234,254,47.95,100.0,0.527,-4.087,735,0.66,-99.56,0.0,-100.0,0.0,-99.57
ETH-USDT-SWAP,fade,1D,0.007,0.03,0.03,1,0.0,10.0,148.0,0.0,-100.0,488,241,247,49.39,100.0,0.626,-4.087,735,0.33,-99.78,0.0,-100.0,0.0,-99.4
ETH-USDT-SWAP,fade,1D,0.01,0.006,0.01,1,0.0,10.0,148.0,31.06,-79.02,443,330,113,74.49,92.56,0.927,-3.23,735,232.96,57.4,66.21,-71.58,31.06,-53.09
ETH-USDT-SWAP,fade,1D,0.01,0.006,0.015,1,0.0,10.0,148.0,671.48,353.7,443,372,71,83.97,84.36,1.07,14.457,735,1224.55,727.4,636.9,-47.99,671.48,5.43
ETH-USDT-SWAP,fade,1D,0.01,0.006,0.02,1,0.0,10.0,148.0,4460.0,2913.51,443,393,50,88.71,83.76,1.397,119.081,735,697.03,370.96,1296.49,86.0,4460.0,244.0
ETH-USDT-SWAP,fade,1D,0.01,0.006,0.025,1,0.0,10.0,148.0,30317.77,20384.98,443,407,36,91.87,75.79,2.494,833.174,735,1037.22,600.82,2664.56,156.9,30317.77,1037.82
ETH-USDT-SWAP,fade,1D,0.01,0.006,0.03,1,0.0,10.0,148.0,28634.99,19247.96,443,412,31,93.0,79.88,3.732,786.702,735,677.0,357.43,2141.35,216.3,28634.99,1237.24
ETH-USDT-SWAP,fade,1D,0.01,0.008,0.01,1,0.0,10.0,148.0,2473.36,1571.19,443,319,124,72.01,73.33,1.117,64.218,735,1104.91,646.56,1455.08,31.69,2473.36,69.98
ETH-USDT-SWAP,fade,1D,0.01,0.008,0.015,1,0.0,10.0,148.0,57034.57,38436.87,443,362,81,81.72,67.38,1.463,1570.989,735,6682.4,4415.14,25561.74,282.52,57034.57,123.12
ETH-USDT-SWAP,fade,1D,0.01,0.008,0.02,1,0.0,10.0,148.0,81740.67,55130.18,443,381,62,86.0,83.55,1.774,2253.277,735,3803.69,2470.06,30167.84,693.12,81740.67,170.95
ETH-USDT-SWAP,fade,1D,0.01,0.008,0.025,1,0.0,10.0,148.0,112974.72,76234.27,443,394,49,88.94,75.7,1.954,3115.842,735,5879.91,3872.91,44151.89,650.89,112974.72,155.88
ETH-USDT-SWAP,fade,1D,0.01,0.008,0.03,1,0.0,10.0,148.0,107986.15,72863.61,443,400,43,90.29,86.21,2.32,2978.077,735,3837.87,2493.16,37213.32,869.63,107986.15,190.18
ETH-USDT-SWAP,fade,1D,0.01,0.01,0.01,1,0.0,10.0,148.0,27509.56,18487.54,443,302,141,68.17,70.05,1.223,755.622,735,2951.18,1894.04,10940.03,270.7,27509.56,151.46
ETH-USDT-SWAP,fade,1D,0.01,0.01,0.015,1,0.0,10.0,148.0,110709.64,74703.81,443,346,97,78.1,53.84,1.526,3053.289,735,16972.56,11367.95,74177.1,337.04,110709.64,49.25
ETH-USDT-SWAP,fade,1D,0.01,0.01,0.02,1,0.0,10.0,148.0,124013.18,83692.69,443,364,79,82.17,74.96,1.663,3420.682,735,8372.78,5557.29,67032.0,700.59,124013.18,85.01
ETH-USDT-SWAP,fade,1D,0.01,0.01,0.025,1,0.0,10.0,148.0,165685.73,111849.81,443,377,66,85.1,54.43,1.867,4571.518,735,15098.0,10101.35,89412.02,492.21,165685.73,85.31
ETH-USDT-SWAP,fade,1D,0.01,0.01,0.03,1,0.0,10.0,148.0,146598.04,98952.73,443,382,61,86.23,70.65,1.846,4044.389,735,8674.01,5760.82,70324.33,710.75,146598.04,108.46
ETH-USDT-SWAP,fade,1D,0.01,0.015,0.01,1,0.0,10.0,148.0,3696.36,2397.54,443,244,199,55.08,80.13,1.159,97.992,735,465.45,214.49,1132.52,143.32,3696.36,226.38
ETH-USDT-SWAP,fade,1D,0.01,0.015,0.015,1,0.0,10.0,148.0,69605.49,46930.74,443,290,153,65.46,76.1,1.372,1918.15,735,3253.03,2097.99,18866.44,479.97,69605.49,268.94
ETH-USDT-SWAP,fade,1D,0.01,0.015,0.02,1,0.0,10.0,148.0,53583.45,36105.03,443,308,135,69.53,83.18,1.644,1475.683,735,1007.99,581.08,2835.88,181.34,53583.45,1789.48
ETH-USDT-SWAP,fade,1D,0.01,0.015,0.025,1,0.0,10.0,148.0,63911.32,43083.32,443,319,124,72.01,93.97,1.664,1760.899,735,1539.67,940.31,2616.23,69.92,63911.32,2342.88
ETH-USDT-SWAP,fade,1D,0.01,0.015,0.03,1,0.0,10.0,148.0,23216.14,15586.58,443,323,120,72.91,97.39,1.592,637.054,735,708.03,378.4,429.39,-39.35,23216.14,5306.81
ETH-USDT-SWAP,fade,1D,0.01,0.02,0.01,1,0.0,10.0,148.0,27.14,-81.66,443,197,246,44.47,94.97,0.936,-3.338,735,112.09,-24.26,15.29,-86.36,27.14,77.53
ETH-USDT-SWAP,fade,1D,0.01,0.02,0.015,1,0.0,10.0,148.0,350.14,136.58,443,242,201,54.63,90.89,1.03,5.582,735,325.17,119.71,86.33,-73.45,350.14,305.59
ETH-USDT-SWAP,fade,1D,0.01,0.02,0.02,1,0.0,10.0,148.0,170.92,15.49,443,264,179,59.59,99.17,1.003,0.633,735,516.41,248.93,25.85,-94.99,170.92,561.28
ETH-USDT-SWAP,fade,1D,0.01,0.02,0.025,1,0.0,10.0,148.0,129.07,-12.79,443,274,169,61.85,99.7,0.997,-0.523,735,348.61,135.55,6.0,-98.28,129.07,2051.26
ETH-USDT-SWAP,fade,1D,0.01,0.02,0.03,1,0.0,10.0,148.0,13.16,-91.11,443,278,165,62.75,99.92,0.93,-3.724,735,111.69,-24.53,0.96,-99.14,13.16,1266.42
ETH-USDT-SWAP,fade,1D,0.01,0.03,0.01,1,0.0,10.0,148.0,0.0,-100.0,443,144,299,32.51,100.0,0.572,-4.087,735,8.58,-94.2,0.01,-99.94,0.0,-85.16
ETH-USDT-SWAP,fade,1D,0.01,0.03,0.015,1,0.0,10.0,148.0,0.0,-100.0,443,187,256,42.21,100.0,0.683,-4.087,735,11.33,-92.34,0.01,-99.89,0.0,-89.55
ETH-USDT-SWAP,fade,1D,0.01,0.03,0.02,1,0.0,10.0,148.0,0.0,-100.0,443,211,232,47.63,100.0,0.711,-4.087,735,28.32,-80.87,0.01,-99.97,0.0,-94.92
ETH-USDT-SWAP,fade,1D,0.01,0.03,0.025,1,0.0,10.0,148.0,0.0,-100.0,443,219,224,49.44,100.0,0.717,-4.087,735,11.07,-92.52,0.0,-100.0,0.0,-93.76
ETH-USDT-SWAP,fade,1D,0.01,0.03,0.03,1,0.0,10.0,148.0,0.0,-100.0,443,223,220,50.34,100.0,0.64,-4.087,735,3.88,-97.38,0.0,-100.0,0.0,-97.66
SOL-USDT-SWAP,reversal,4H,0.001,0.006,0.01,1,0.0,10.0,148.0,0.0,-100.0,2657,1806,851,67.97,100.0,0.919,-4.104,4388,56.1,-62.1,0.01,-99.99,0.0,-99.95
SOL-USDT-SWAP,reversal,4H,0.001,0.006,0.015,1,0.0,10.0,148.0,0.04,-99.98,2657,1951,706,73.43,99.99,0.963,-4.103,4388,116.54,-21.26,10.35,-91.12,0.04,-99.65
SOL-USDT-SWAP,reversal,4H,0.001,0.006,0.02,1,0.0,10.0,148.0,1.54,-98.96,2657,2002,655,75.35,99.97,0.997,-4.061,4388,994.7,572.1,188.06,-81.09,1.54,-99.18
SOL-USDT-SWAP,reversal,4H,0.001,0.006,0.025,1,0.0,10.0,148.0,23833.86,16003.96,2657,2026,631,76.25,91.76,1.03,656.797,4388,3331.84,2151.24,51638.63,1449.85,23833.86,-53.84
SOL-USDT-SWAP,reversal,4H,0.001,0.006,0.03,1,0.0,10.0,148.0,19538.82,13101.91,2657,2036,621,76.63,93.32,1.024,537.698,4388,5338.64,3507.19,40568.91,659.91,19538.82,-51.84
SOL-USDT-SWAP,reversal,4H,0.001,0.008,0.01,1,0.0,10.0,148.0,0.0,-100.0,2657,1518,1139,57.13,100.0,0.906,-4.104,4388,2.82,-98.1,0.0,-100.0,0.0,-99.99
SOL-USDT-SWAP,reversal,4H,0.001,0.008,0.015,1,0.0,10.0,148.0,0.0,-100.0,2657,1653,1004,62.21,100.0,0.948,-4.104,4388,5.66,-96.18,0.0,-100.0,0.0,-99.99
SOL-USDT-SWAP,reversal,4H,0.001,0.008,0.02,1,0.0,10.0,148.0,0.0,-100.0,2657,1708,949,64.28,100.0,0.986,-4.104,4388,51.41,-65.26,0.0,-100.0,0.0,-99.95
SOL-USDT-SWAP,reversal,4H,0.001,0.008,0.025,1,0.0,10.0,148.0,0.0,-100.0,2657,1729,928,65.07,100.0,0.993,-4.104,4388,143.75,-2.87,0.0,-100.0,0.0,-99.97
SOL-USDT-SWAP,reversal,4H,0.001,0.008,0.03,1,0.0,10.0,148.0,0.0,-100.0,2657,1739,918,65.45,100.0,0.994,-4.104,4388,133.2,-10.0,0.0,-100.0,0.0,-99.96
SOL-USDT-SWAP,reversal,4H,0.001,0.01,0.01,1,0.0,10.0,148.0,0.0,-100.0,2657,1314,1343,49.45,100.0,0.756,-4.104,4388,0.03,-99.98,0.0,-100.0,0.0,-100.0
SOL-USDT-SWAP,reversal,4H,0.001,0.01,0.015,1,0.0,10.0,148.0,0.0,-100.0,2657,1436,1221,54.05,100.0,0.766,-4.104,4388,0.01,-99.99,0.0,-100.0,0.0,-100.0
SOL-USDT-SWAP,reversal,4H,0.001,0.01,0.02,1,0.0,10.0,148.0,0.0,-100.0,2657,1494,1163,56.23,100.0,0.92,-4.104,4388,0.2,-99.87,0.0,-100.0,0.0,-100.0
SOL-USDT-SWAP,reversal,4H,0.001,0.01,0.025,1,0.0,10.0,148.0,0.0,-100.0,2657,1518,1139,57.13,100.0,0.97,-4.104,4388,1.06,-99.28,0.0,-100.0,0.0,-100.0
SOL-USDT-SWAP,reversal,4H,0.001,0.01,0.03,1,0.0,10.0,148.0,0.0,-100.0,2657,1527,1130,57.47,100.0,0.966,-4.104,4388,1.26,-99.15,0.0,-100.0,0.0,-100.0
SOL-USDT-SWAP,reversal,4H,0.001,0.015,0.01,1,0.0,10.0,148.0,0.0,-100.0,2657,1086,1571,40.87,100.0,0.725,-4.104,4388,0.0,-100.0,0.0,-100.0,0.0,-100.0
SOL-USDT-SWAP,reversal,4H,0.001,0.015,0.015,1,0.0,10.0,148.0,0.0,-100.0,2657,1190,1467,44.79,100.0,0.713,-4.104,4388,0.0,-100.0,0.0,-100.0,0.0,-100.0
SOL-USDT-SWAP,reversal,4H,0.001,0.015,0.02,1,0.0,10.0,148.0,0.0,-100.0,2657,1243,1414,46.78,100.0,0.813,-4.104,4388,0.01,-99.99,0.0,-100.0,0.0,-100.0
SOL-USDT-SWAP,reversal,4H,0.001,0.015,0.025,1,0.0,10.0,148.0,0.0,-100.0,2657,1265,1392,47.61,100.0,0.862,-4.104,4388,0.01,-99.99,0.0,-100.0,0.0,-100.0
SOL-USDT-SWAP,reversal,4H,0.001,0.015,0.03,1,0.0,10.0,148.0,0.0,-100.0,2657,1274,1383,47.95,100.0,0.88,-4.104,4388,0.03,-99.98,0.0,-100.0,0.0,-100.0
SOL-USDT-SWAP,reversal,4H,0.001,0.02,0.01,1,0.0,10.0,148.0,0.0,-100.0,2657,1005,1652,37.82,100.0,0.728,-4.104,4388,0.0,-100.0,0.0,-100.0,0.0,-100.0
SOL-USDT-SWAP,reversal,4H,0.001,0.02,0.015,1,0.0,10.0,148.0,0.0,-100.0,2657,1100,1557,41.4,100.0,0.714,-4.104,4388,0.0,-100.0,0.0,-100.0,0.0,-100.0
SOL-USDT-SWAP,reversal,4H,0.001,0.02,0.02,1,0.0,10.0,148.0,0.0,-100.0,2657,1150,1507,43.28,100.0,0.726,-4.104,4388,0.0,-100.0,0.0,-100.0,0.0,-100.0
SOL-USDT-SWAP,reversal,4H,0.001,0.02,0.025,1,0.0,10.0,148.0,0.0,-100.0,2657,1169,1488,44.0,100.0,0.731,-4.104,4388,0.0,-100.0,0.0,-100.0,0.0,-100.0
SOL-USDT-SWAP,reversal,4H,0.001,0.02,0.03,1,0.0,10.0,148.0,0.0,-100.0,2657,1178,1479,44.34,100.0,0.789,-4.104,4388,0.0,-100.0,0.0,-100.0,0.0,-100.0
SOL-USDT-SWAP,reversal,4H,0.001,0.03,0.01,1,0.0,10.0,148.0,0.0,-100.0,2657,962,1695,36.21,100.0,0.603,-4.104,4388,0.0,-100.0,0.0,-100.0,0.0,-100.0
SOL-USDT-SWAP,reversal,4H,0.001,0.03,0.015,1,0.0,10.0,148.0,0.0,-100.0,2657,1050,1607,39.52,100.0,0.631,-4.104,4388,0.0,-100.0,0.0,-100.0,0.0,-100.0
SOL-USDT-SWAP,reversal,4H,0.001,0.03,0.02,1,0.0,10.0,148.0,0.0,-100.0,2657,1101,1556,41.44,100.0,0.647,-4.104,4388,0.0,-100.0,0.0,-100.0,0.0,-100.0
SOL-USDT-SWAP,reversal,4H,0.001,0.03,0.025,1,0.0,10.0,148.0,0.0,-100.0,2657,1118,1539,42.08,100.0,0.667,-4.104,4388,0.0,-100.0,0.0,-100.0,0.0,-100.0
SOL-USDT-SWAP,reversal,4H,0.001,0.03,0.03,1,0.0,10.0,148.0,0.0,-100.0,2657,1127,1530,42.42,100.0,0.744,-4.104,4388,0.0,-100.0,0.0,-100.0,0.0,-100.0
SOL-USDT-SWAP,reversal,4H,0.002,0.006,0.01,1,0.0,10.0,148.0,0.15,-99.9,2455,1740,715,70.88,99.94,0.961,-4.1,4388,184.0,24.33,13.17,-92.84,0.15,-98.86
SOL-USDT-SWAP,reversal,4H,0.002,0.006,0.015,1,0.0,10.0,148.0,66987.99,45162.16,2455,1882,573,76.66,79.09,1.129,1853.44,4388,1065.8,620.14,68242.92,6302.98,66987.99,-1.84
SOL-USDT-SWAP,reversal,4H,0.002,0.006,0.02,1,0.0,10.0,148.0,164155.88,110816.13,2455,1931,524,78.66,83.36,1.25,4547.858,4388,5877.38,3871.2,159235.8,2609.3,164155.88,3.09
SOL-USDT-SWAP,reversal,4H,0.002,0.006,0.025,1,0.0,10.0,148.0,211764.57,142984.17,2455,1951,504,79.47,78.63,1.298,5868.023,4388,22576.18,15154.18,188135.14,733.33,211764.57,12.56
SOL-USDT-SWAP,reversal,4H,0.002,0.006,0.03,1,0.0,10.0,148.0,225890.02,152528.39,2455,1963,492,79.96,83.79,1.318,6259.715,4388,27900.37,18751.6,197090.13,606.41,225890.02,14.61
SOL-USDT-SWAP,reversal,4H,0.002,0.008,0.01,1,0.0,10.0,148.0,0.0,-100.0,2455,1447,1008,58.94,100.0,0.914,-4.104,4388,17.77,-88.0,0.0,-100.0,0.0,-99.99
SOL-USDT-SWAP,reversal,4H,0.002,0.008,0.015,1,0.0,10.0,148.0,0.0,-100.0,2455,1585,870,64.56,100.0,0.976,-4.104,4388,92.36,-37.6,0.24,-99.74,0.0,-99.86
SOL-USDT-SWAP,reversal,4H,0.002,0.008,0.02,1,0.0,10.0,148.0,0.02,-99.99,2455,1638,817,66.72,100.0,0.996,-4.103,4388,639.98,332.42,20.74,-96.76,0.02,-99.92
SOL-USDT-SWAP,reversal,4H,0.002,0.008,0.025,1,0.0,10.0,148.0,0.02,-99.98,2455,1654,801,67.37,100.0,0.999,-4.103,4388,1583.65,970.03,21.45,-98.65,0.02,-99.89
SOL-USDT-SWAP,reversal,4H,0.002,0.008,0.03,1,0.0,10.0,148.0,0.01,-99.99,2455,1664,791,67.78,100.0,0.999,-4.104,4388,1780.42,1102.99,10.95,-99.38,0.01,-99.92
SOL-USDT-SWAP,reversal,4H,0.002,0.01,0.01,1,0.0,10.0,148.0,0.0,-100.0,2455,1251,1204,50.96,100.0,0.909,-4.104,4388,1.29,-99.13,0.0,-100.0,0.0,-100.0
SOL-USDT-SWAP,reversal,4H,0.002,0.01,0.015,1,0.0,10.0,148.0,0.0,-100.0,2455,1375,1080,56.01,100.0,0.952,-4.104,4388,3.58,-97.58,0.0,-100.0,0.0,-99.98
SOL-USDT-SWAP,reversal,4H,0.002,0.01,0.02,1,0.0,10.0,148.0,0.0,-100.0,2455,1428,1027,58.17,100.0,0.984,-4.104,4388,20.22,-86.34,0.0,-100.0,0.0,-99.99
SOL-USDT-SWAP,reversal,4H,0.002,0.01,0.025,1,0.0,10.0,148.0,0.0,-100.0,2455,1441,1014,58.7,100.0,0.994,-4.104,4388,78.88,-46.7,0.0,-100.0,0.0,-100.0
SOL-USDT-SWAP,reversal,4H,0.002,0.01,0.03,1,0.0,10.0,148.0,0.0,-100.0,2455,1452,1003,59.14,100.0,0.996,-4.104,4388,119.16,-19.49,0.0,-100.0,0.0,-100.0
SOL-USDT-SWAP,reversal,4H,0.002,0.015,0.01,1,0.0,10.0,148.0,0.0,-100.0,2455,1022,1433,41.63,100.0,0.683,-4.104,4388,0.0,-100.0,0.0,-100.0,0.0,-100.0
SOL-USDT-SWAP,reversal,4H,0.002,0.015,0.015,1,0.0,10.0,148.0,0.0,-100.0,2455,1127,1328,45.91,100.0,0.759,-4.104,4388,0.01,-100.0,0.0,-100.0,0.0,-100.0
SOL-USDT-SWAP,reversal,4H,0.002,0.015,0.02,1,0.0,10.0,148.0,0.0,-100.0,2455,1184,1271,48.23,100.0,0.915,-4.104,4388,0.06,-99.96,0.0,-100.0,0.0,-100.0
SOL-USDT-SWAP,reversal,4H,0.002,0.015,0.025,1,0.0,10.0,148.0,0.0,-100.0,2455,1196,1259,48.72,100.0,0.942,-4.104,4388,0.19,-99.87,0.0,-100.0,0.0,-100.0
SOL-USDT-SWAP,reversal,4H,0.002,0.015,0.03,1,0.0,10.0,148.0,0.0,-100.0,2455,1205,1250,49.08,100.0,0.933,-4.104,4388,0.14,-99.91,0.0,-100.0,0.0,-100.0
SOL-USDT-SWAP,reversal,4H,0.002,0.02,0.01,1,0.0,10.0,148.0,0.0,-100.0,2455,936,1519,38.13,100.0,0.713,-4.104,4388,0.0,-100.0,0.0,-100.0,0.0,-100.0
SOL-USDT-SWAP,reversal,4H,0.002,0.02,0.015,1,0.0,10.0,148.0,0.0,-100.0,2455,1033,1422,42.08,100.0,0.735,-4.104,4388,0.0,-100.0,0.0,-100.0,0.0,-100.0
SOL-USDT-SWAP,reversal,4H,0.002,0.02,0.02,1,0.0,10.0,148.0,0.0,-100.0,2455,1084,1371,44.15,100.0,0.756,-4.104,4388,0.0,-100.0,0.0,-100.0,0.0,-100.0
SOL-USDT-SWAP,reversal,4H,0.002,0.02,0.025,1,0.0,10.0,148.0,0.0,-100.0,2455,1095,1360,44.6,100.0,0.803,-4.104,4388,0.0,-100.0,0.0,-100.0,0.0,-100.0
SOL-USDT-SWAP,reversal,4H,0.002,0.02,0.03,1,0.0,10.0,148.0,0.0,-100.0,2455,1106,1349,45.05,100.0,0.823,-4.104,4388,0.0,-100.0,0.0,-100.0,0.0,-100.0
SOL-USDT-SWAP,reversal,4H,0.002,0.03,0.01,1,0.0,10.0,148.0,0.0,-100.0,2455,897,1558,36.54,100.0,0.684,-4.104,4388,0.0,-100.0,0.0,-100.0,0.0,-100.0
SOL-USDT-SWAP,reversal,4H,0.002,0.03,0.015,1,0.0,10.0,148.0,0.0,-100.0,2455,985,1470,40.12,100.0,0.722,-4.104,4388,0.0,-100.0,0.0,-100.0,0.0,-100.0
SOL-USDT-SWAP,reversal,4H,0.002,0.03,0.02,1,0.0,10.0,148.0,0.0,-100.0,2455,1034,1421,42.12,100.0,0.737,-4.104,4388,0.0,-100.0,0.0,-100.0,0.0,-100.0
SOL-USDT-SWAP,reversal,4H,0.002,0.03,0.025,1,0.0,10.0,148.0,0.0,-100.0,2455,1044,1411,42.53,100.0,0.79,-4.104,4388,0.0,-100.0,0.0,-100.0,0.0,-100.0
SOL-USDT-SWAP,reversal,4H,0.002,0.03,0.03,1,0.0,10.0,148.0,0.0,-100.0,2455,1054,1401,42.93,100.0,0.813,-4.104,4388,0.0,-100.0,0.0,-100.0,0.0,-100.0
SOL-USDT-SWAP,reversal,4H,0.003,0.006,0.01,1,0.0,10.0,148.0,431.29,191.41,2279,1672,607,73.37,95.16,1.003,7.855,4388,387.5,161.82,5653.74,1359.04,431.29,-92.37
SOL-USDT-SWAP,reversal,4H,0.003,0.006,0.015,1,0.0,10.0,148.0,237239.71,160197.1,2279,1813,466,79.55,65.22,1.416,6574.437,4388,16351.48,10948.3,222219.9,1259.02,237239.71,6.76
SOL-USDT-SWAP,reversal,4H,0.003,0.006,0.02,1,0.0,10.0,148.0,326962.92,220820.89,2279,1860,419,81.61,71.68,1.565,9062.417,4388,48163.7,32443.04,291514.54,505.26,326962.92,12.16
SOL-USDT-SWAP,reversal,4H,0.003,0.006,0.025,1,0.0,10.0,148.0,375037.07,253303.42,2279,1880,399,82.49,71.25,1.661,10395.489,4388,59169.37,39879.3,322687.28,445.36,375037.07,16.22
SOL-USDT-SWAP,reversal,4H,0.003,0.006,0.03,1,0.0,10.0,148.0,392794.24,265301.51,2279,1890,389,82.93,76.25,1.692,10887.887,4388,69255.59,46694.32,339024.38,389.53,392794.24,15.86
SOL-USDT-SWAP,reversal,4H,0.003,0.008,0.01,1,0.0,10.0,148.0,0.01,-100.0,2279,1409,870,61.83,100.0,0.962,-4.104,4388,110.02,-25.66,4.28,-96.11,0.01,-99.85
SOL-USDT-SWAP,reversal,4H,0.003,0.008,0.015,1,0.0,10.0,148.0,96.33,-34.92,2279,1532,747,67.22,99.48,1.0,-1.433,4388,1072.39,624.59,8747.25,715.68,96.33,-98.9
SOL-USDT-SWAP,reversal,4H,0.003,0.008,0.02,1,0.0,10.0,148.0,119758.44,80817.87,2279,1582,697,69.42,93.46,1.128,3316.739,4388,17272.74,11570.77,149063.19,763.0,119758.44,-19.66
SOL-USDT-SWAP,reversal,4H,0.003,0.008,0.025,1,0.0,10.0,148.0,190360.16,128521.73,2279,1600,679,70.21,86.03,1.192,5274.49,4388,46539.76,31345.79,201298.04,332.53,190360.16,-5.43
SOL-USDT-SWAP,reversal,4H,0.003,0.008,0.03,1,0.0,10.0,148.0,194299.36,131183.35,2279,1609,670,70.6,85.97,1.19,5383.722,4388,58587.4,39486.08,207266.68,253.77,194299.36,-6.26
SOL-USDT-SWAP,reversal,4H,0.003,0.01,0.01,1,0.0,10.0,148.0,0.0,-100.0,2279,1207,1072,52.96,100.0,0.917,-4.104,4388,3.15,-97.87,0.0,-100.0,0.0,-99.98
SOL-USDT-SWAP,reversal,4H,0.003,0.01,0.015,1,0.0,10.0,148.0,0.0,-100.0,2279,1326,953,58.18,100.0,0.966,-4.104,4388,38.85,-73.75,0.0,-99.99,0.0,-99.85
SOL-USDT-SWAP,reversal,4H,0.003,0.01,0.02,1,0.0,10.0,148.0,0.0,-100.0,2279,1372,907,60.2,100.0,0.996,-4.104,4388,443.67,199.78,0.07,-99.98,0.0,-99.92
SOL-USDT-SWAP,reversal,4H,0.003,0.01,0.025,1,0.0,10.0,148.0,0.0,-100.0,2279,1389,890,60.95,100.0,0.998,-4.104,4388,1201.01,711.49,0.17,-99.99,0.0,-99.85
SOL-USDT-SWAP,reversal,4H,0.003,0.01,0.03,1,0.0,10.0,148.0,0.0,-100.0,2279,1398,881,61.34,100.0,0.999,-4.104,4388,2484.41,1578.65,0.15,-99.99,0.0,-99.93
SOL-USDT-SWAP,reversal,4H,0.003,0.015,0.01,1,0.0,10.0,148.0,0.0,-100.0,2279,975,1304,42.78,100.0,0.676,-4.104,4388,0.01,-100.0,0.0,-100.0,0.0,-100.0
SOL-USDT-SWAP,reversal,4H,0.003,0.015,0.015,1,0.0,10.0,148.0,0.0,-100.0,2279,1076,1203,47.21,100.0,0.746,-4.104,4388,0.03,-99.98,0.0,-100.0,0.0,-100.0
SOL-USDT-SWAP,reversal,4H,0.003,0.015,0.02,1,0.0,10.0,148.0,0.0,-100.0,2279,1124,1155,49.32,100.0,0.945,-4.104,4388,0.52,-99.65,0.0,-100.0,0.0,-100.0
SOL-USDT-SWAP,reversal,4H,0.003,0.015,0.025,1,0.0,10.0,148.0,0.0,-100.0,2279,1138,1141,49.93,100.0,0.975,-4.104,4388,4.47,-96.98,0.0,-100.0,0.0,-100.0
SOL-USDT-SWAP,reversal,4H,0.003,0.015,0.03,1,0.0,10.0,148.0,0.0,-100.0,2279,1145,1134,50.24,100.0,0.972,-4.104,4388,2.21,-98.51,0.0,-100.0,0.0,-100.0
SOL-USDT-SWAP,reversal,4H,0.003,0.02,0.01,1,0.0,10.0,148.0,0.0,-100.0,2279,893,1386,39.18,100.0,0.639,-4.104,4388,0.0,-100.0,0.0,-100.0,0.0,-100.0
SOL-USDT-SWAP,reversal,4H,0.003,0.02,0.015,1,0.0,10.0,148.0,0.0,-100.0,2279,982,1297,43.09,100.0,0.686,-4.104,4388,0.0,-100.0,0.0,-100.0,0.0,-100.0
SOL-USDT-SWAP,reversal,4H,0.003,0.02,0.02,1,0.0,10.0,148.0,0.0,-100.0,2279,1025,1254,44.98,100.0,0.808,-4.104,4388,0.0,-100.0,0.0,-100.0,0.0,-100.0
SOL-USDT-SWAP,reversal,4H,0.003,0.02,0.025,1,0.0,10.0,148.0,0.0,-100.0,2279,1038,1241,45.55,100.0,0.856,-4.104,4388,0.01,-99.99,0.0,-100.0,0.0,-100.0
SOL-USDT-SWAP,reversal,4H,0.003,0.02,0.03,1,0.0,10.0,148.0,0.0,-100.0,2279,1046,1233,45.9,100.0,0.849,-4.104,4388,0.01,-99.99,0.0,-100.0,0.0,-100.0
SOL-USDT-SWAP,reversal,4H,0.003,0.03,0.01,1,0.0,10.0,148.0,0.0,-100.0,2279,848,1431,37.21,100.0,0.664,-4.104,4388,0.0,-100.0,0.0,-100.0,0.0,-100.0
SOL-USDT-SWAP,reversal,4H,0.003,0.03,0.015,1,0.0,10.0,148.0,0.0,-100.0,2279,936,1343,41.07,100.0,0.705,-4.104,4388,0.0,-100.0,0.0,-100.0,0.0,-100.0
SOL-USDT-SWAP,reversal,4H,0.003,0.03,0.02,1,0.0,10.0,148.0,0.0,-100.0,2279,976,1303,42.83,100.0,0.813,-4.104,4388,0.0,-100.0,0.0,-100.0,0.0,-100.0
SOL-USDT-SWAP,reversal,4H,0.003,0.03,0.025,1,0.0,10.0,148.0,0.0,-100.0,2279,987,1292,43.31,100.0,0.873,-4.104,4388,0.0,-100.0,0.0,-100.0,0.0,-100.0
SOL-USDT-SWAP,reversal,4H,0.003,0.03,0.03,1,0.0,10.0,148.0,0.0,-100.0,2279,995,1284,43.66,100.0,0.853,-4.104,4388,0.0,-100.0,0.0,-100.0,0.0,-100.0
SOL-USDT-SWAP,reversal,4H,0.005,0.006,0.01,1,0.0,10.0,148.0,49790.25,33542.06,1900,1433,467,75.42,78.43,1.153,1376.555,4388,2494.86,1585.72,55484.68,2123.96,49790.25,-10.26
SOL-USDT-SWAP,reversal,4H,0.005,0.006,0.015,1,0.0,10.0,148.0,293546.22,198242.04,1900,1563,337,82.26,50.29,1.599,8135.788,4388,60591.36,40840.11,260516.38,329.96,293546.22,12.68
SOL-USDT-SWAP,reversal,4H,0.005,0.006,0.02,1,0.0,10.0,148.0,379915.0,256599.32,1900,1605,295,84.47,25.98,1.796,10530.752,4388,103307.03,69702.05,333962.91,223.27,379915.0,13.76
SOL-USDT-SWAP,reversal,4H,0.005,0.006,0.025,1,0.0,10.0,148.0,433320.67,292684.23,1900,1625,275,85.53,27.3,1.994,12011.665,4388,107674.22,72652.85,359287.55,233.68,433320.67,20.61
SOL-USDT-SWAP,reversal,4H,0.005,0.006,0.03,1,0.0,10.0,148.0,455510.92,307677.65,1900,1633,267,85.95,32.3,2.07,12626.99,4388,122375.1,82585.88,383426.75,213.32,455510.92,18.8
SOL-USDT-SWAP,reversal,4H,0.005,0.008,0.01,1,0.0,10.0,148.0,46382.37,31239.44,1900,1260,640,66.32,85.34,1.105,1282.056,4388,2483.34,1577.93,56341.38,2168.78,46382.37,-17.68
SOL-USDT-SWAP,reversal,4H,0.005,0.008,0.015,1,0.0,10.0,148.0,270029.69,182352.49,1900,1376,524,72.42,78.95,1.394,7483.686,4388,47038.53,31682.79,252502.98,436.8,270029.69,6.94
SOL-USDT-SWAP,reversal,4H,0.005,0.008,0.02,1,0.0,10.0,148.0,347023.38,234375.26,1900,1417,483,74.58,49.42,1.48,9618.684,4388,86074.38,58058.36,323115.42,275.39,347023.38,7.4
SOL-USDT-SWAP,reversal,4H,0.005,0.008,0.025,1,0.0,10.0,148.0,384985.05,260025.04,1900,1433,467,75.42,54.59,1.55,10671.342,4388,90527.29,61067.09,345110.43,281.22,384985.05,11.55
SOL-USDT-SWAP,reversal,4H,0.005,0.008,0.03,1,0.0,10.0,148.0,399184.1,269618.99,1900,1441,459,75.84,47.27,1.558,11065.075,4388,109272.8,73732.97,367573.03,236.38,399184.1,8.6
SOL-USDT-SWAP,reversal,4H,0.005,0.01,0.01,1,0.0,10.0,148.0,0.13,-99.91,1900,1077,823,56.68,99.99,0.988,-4.1,4388,485.68,228.16,13.88,-97.14,0.13,-99.07
SOL-USDT-SWAP,reversal,4H,0.005,0.01,0.015,1,0.0,10.0,148.0,6703.07,4429.1,1900,1171,729,61.63,96.5,1.009,181.769,4388,4063.94,2645.91,34522.44,749.48,6703.07,-80.58
SOL-USDT-SWAP,reversal,4H,0.005,0.01,0.02,1,0.0,10.0,148.0,145885.35,98471.18,1900,1218,682,64.11,79.78,1.149,4041.225,4388,53874.42,36301.64,165926.78,207.99,145885.35,-12.08
SOL-USDT-SWAP,reversal,4H,0.005,0.01,0.025,1,0.0,10.0,148.0,186930.97,126204.71,1900,1231,669,64.79,59.45,1.187,5179.4,4388,74856.46,50478.69,192250.46,156.83,186930.97,-2.77
SOL-USDT-SWAP,reversal,4H,0.005,0.01,0.03,1,0.0,10.0,148.0,188785.84,127458.0,1900,1238,662,65.16,51.85,1.185,5230.835,4388,84139.25,56750.84,203112.72,141.4,188785.84,-7.05
SOL-USDT-SWAP,reversal,4H,0.005,0.015,0.01,1,0.0,10.0,148.0,0.0,-100.0,1900,829,1071,43.63,100.0,0.74,-4.104,4388,0.24,-99.84,0.0,-100.0,0.0,-99.99
SOL-USDT-SWAP,reversal,4H,0.005,0.015,0.015,1,0.0,10.0,148.0,0.0,-100.0,1900,924,976,48.63,100.0,0.898,-4.104,4388,1.56,-98.95,0.0,-100.0,0.0,-99.99
SOL-USDT-SWAP,reversal,4H,0.005,0.015,0.02,1,0.0,10.0,148.0,0.0,-100.0,1900,966,934,50.84,100.0,0.971,-4.104,4388,19.92,-86.54,0.0,-100.0,0.0,-99.99
SOL-USDT-SWAP,reversal,4H,0.005,0.015,0.025,1,0.0,10.0,148.0,0.0,-100.0,1900,976,924,51.37,100.0,0.982,-4.104,4388,31.87,-78.47,0.0,-100.0,0.0,-100.0
SOL-USDT-SWAP,reversal,4H,0.005,0.015,0.03,1,0.0,10.0,148.0,0.0,-100.0,1900,982,918,51.68,100.0,0.98,-4.104,4388,19.3,-86.96,0.0,-100.0,0.0,-100.0
SOL-USDT-SWAP,reversal,4H,0.005,0.02,0.01,1,0.0,10.0,148.0,0.0,-100.0,1900,742,1158,39.05,100.0,0.545,-4.104,4388,0.0,-100.0,0.0,-100.0,0.0,-100.0
SOL-USDT-SWAP,reversal,4H,0.005,0.02,0.015,1,0.0,10.0,148.0,0.0,-100.0,1900,828,1072,43.58,100.0,0.682,-4.104,4388,0.01,-99.99,0.0,-100.0,0.0,-100.0
SOL-USDT-SWAP,reversal,4H,0.005,0.02,0.02,1,0.0,10.0,148.0,0.0,-100.0,1900,869,1031,45.74,100.0,0.785,-4.104,4388,0.09,-99.94,0.0,-100.0,0.0,-100.0
SOL-USDT-SWAP,reversal,4H,0.005,0.02,0.025,1,0.0,10.0,148.0,0.0,-100.0,1900,880,1020,46.32,100.0,0.844,-4.104,4388,0.36,-99.76,0.0,-100.0,0.0,-100.0
SOL-USDT-SWAP,reversal,4H,0.005,0.02,0.03,1,0.0,10.0,148.0,0.0,-100.0,1900,886,1014,46.63,100.0,0.832,-4.104,4388,0.18,-99.88,0.0,-100.0,0.0,-100.0
SOL-USDT-SWAP,reversal,4H,0.005,0.03,0.01,1,0.0,10.0,148.0,0.0,-100.0,1900,700,1200,36.84,100.0,0.625,-4.104,4388,0.0,-100.0,0.0,-100.0,0.0,-100.0
SOL-USDT-SWAP,reversal,4H,0.005,0.03,0.015,1,0.0,10.0,148.0,0.0,-100.0,1900,781,1119,41.11,100.0,0.737,-4.104,4388,0.0,-100.0,0.0,-100.0,0.0,-100.0
SOL-USDT-SWAP,reversal,4H,0.005,0.03,0.02,1,0.0,10.0,148.0,0.0,-100.0,1900,817,1083,43.0,100.0,0.804,-4.104,4388,0.01,-100.0,0.0,-100.0,0.0,-100.0
SOL-USDT-SWAP,reversal,4H,0.005,0.03,0.025,1,0.0,10.0,148.0,0.0,-100.0,1900,828,1072,43.58,100.0,0.853,-4.104,4388,0.03,-99.98,0.0,-100.0,0.0,-100.0
SOL-USDT-SWAP,reversal,4H,0.005,0.03,0.03,1,0.0,10.0,148.0,0.0,-100.0,1900,835,1065,43.95,100.0,0.832,-4.104,4388,0.02,-99.99,0.0,-100.0,0.0,-100.0
SOL-USDT-SWAP,reversal,4H,0.007,0.006,0.01,1,0.0,10.0,148.0,91768.5,61905.74,1568,1200,368,76.53,56.97,1.254,2540.591,4388,3003.9,1929.66,88546.39,2847.72,91768.5,3.64
SOL-USDT-SWAP,reversal,4H,0.007,0.006,0.015,1,0.0,10.0,148.0,256017.92,172885.08,1568,1298,270,82.78,44.3,1.658,7095.147,4388,50224.33,33835.36,233465.55,364.85,256017.92,9.66
SOL-USDT-SWAP,reversal,4H,0.007,0.006,0.02,1,0.0,10.0,148.0,339385.05,229214.22,1568,1339,229,85.4,29.01,1.923,9406.876,4388,76306.9,51458.72,286459.4,275.4,339385.05,18.48
SOL-USDT-SWAP,reversal,4H,0.007,0.006,0.025,1,0.0,10.0,148.0,383684.1,259146.01,1568,1358,210,86.61,33.58,2.141,10635.267,4388,89251.44,60205.02,310003.31,247.34,383684.1,23.77
SOL-USDT-SWAP,reversal,4H,0.007,0.006,0.03,1,0.0,10.0,148.0,383394.65,258950.44,1568,1362,206,86.86,36.72,2.145,10627.241,4388,91168.7,61500.47,312489.37,242.76,383394.65,22.69
SOL-USDT-SWAP,reversal,4H,0.007,0.008,0.01,1,0.0,10.0,148.0,181938.11,122831.16,1568,1084,484,69.13,54.4,1.321,5040.95,4388,27238.57,18304.44,177030.17,549.92,181938.11,2.77
SOL-USDT-SWAP,reversal,4H,0.007,0.008,0.015,1,0.0,10.0,148.0,325937.52,220128.05,1568,1175,393,74.94,43.37,1.584,9033.983,4388,89092.89,60097.9,303679.34,240.86,325937.52,7.33
SOL-USDT-SWAP,reversal,4H,0.007,0.008,0.02,1,0.0,10.0,148.0,405864.15,274132.53,1568,1211,357,77.23,26.92,1.753,11250.309,4388,112098.26,75642.07,353144.92,215.03,405864.15,14.93
SOL-USDT-SWAP,reversal,4H,0.007,0.008,0.025,1,0.0,10.0,148.0,437163.15,295280.51,1568,1228,340,78.32,31.6,1.827,12118.215,4388,127060.44,85751.65,371128.79,192.09,437163.15,17.79
SOL-USDT-SWAP,reversal,4H,0.007,0.008,0.03,1,0.0,10.0,148.0,436673.68,294949.79,1568,1233,335,78.64,36.29,1.827,12104.642,4388,127097.9,85776.96,378095.12,197.48,436673.68,15.49
SOL-USDT-SWAP,reversal,4H,0.007,0.01,0.01,1,0.0,10.0,148.0,100200.47,67603.02,1568,953,615,60.78,84.12,1.179,2774.406,4388,2662.01,1698.65,117328.7,4307.53,100200.47,-14.6
SOL-USDT-SWAP,reversal,4H,0.007,0.01,0.015,1,0.0,10.0,148.0,229690.69,155096.41,1568,1034,534,65.94,64.59,1.338,6365.106,4388,29801.01,20035.82,236147.45,692.41,229690.69,-2.73
SOL-USDT-SWAP,reversal,4H,0.007,0.01,0.02,1,0.0,10.0,148.0,286301.22,193346.77,1568,1066,502,67.98,55.25,1.406,7934.888,4388,57038.07,38439.24,279825.94,390.6,286301.22,2.31
SOL-USDT-SWAP,reversal,4H,0.007,0.01,0.025,1,0.0,10.0,148.0,310405.74,209633.61,1568,1082,486,69.01,65.38,1.438,8603.294,4388,69861.01,47103.39,297005.06,325.14,310405.74,4.51
SOL-USDT-SWAP,reversal,4H,0.007,0.01,0.03,1,0.0,10.0,148.0,303907.4,205242.84,1568,1087,481,69.32,64.09,1.427,8423.099,4388,69204.91,46660.07,298612.31,331.49,303907.4,1.77
SOL-USDT-SWAP,reversal,4H,0.007,0.015,0.01,1,0.0,10.0,148.0,0.0,-100.0,1568,710,858,45.28,100.0,0.89,-4.104,4388,17.89,-87.91,0.0,-100.0,0.0,-99.84
SOL-USDT-SWAP,reversal,4H,0.007,0.015,0.015,1,0.0,10.0,148.0,0.0,-100.0,1568,779,789,49.68,100.0,0.965,-4.104,4388,112.57,-23.94,0.01,-99.99,0.0,-99.94
SOL-USDT-SWAP,reversal,4H,0.007,0.015,0.02,1,0.0,10.0,148.0,0.0,-100.0,1568,803,765,51.21,100.0,0.988,-4.104,4388,350.23,136.64,0.01,-100.0,0.0,-99.97
SOL-USDT-SWAP,reversal,4H,0.007,0.015,0.025,1,0.0,10.0,148.0,0.0,-100.0,1568,817,751,52.1,100.0,0.995,-4.104,4388,741.48,401.0,0.01,-100.0,0.0,-99.98
SOL-USDT-SWAP,reversal,4H,0.007,0.015,0.03,1,0.0,10.0,148.0,0.0,-100.0,1568,824,744,52.55,100.0,0.995,-4.104,4388,1257.42,749.61,0.03,-100.0,0.0,-99.99
SOL-USDT-SWAP,reversal,4H,0.007,0.02,0.01,1,0.0,10.0,148.0,0.0,-100.0,1568,624,944,39.8,100.0,0.692,-4.104,4388,0.22,-99.85,0.0,-100.0,0.0,-99.98
SOL-USDT-SWAP,reversal,4H,0.007,0.02,0.015,1,0.0,10.0,148.0,0.0,-100.0,1568,698,870,44.52,100.0,0.856,-4.104,4388,1.6,-98.92,0.0,-100.0,0.0,-100.0
SOL-USDT-SWAP,reversal,4H,0.007,0.02,0.02,1,0.0,10.0,148.0,0.0,-100.0,1568,716,852,45.66,100.0,0.881,-4.104,4388,2.59,-98.25,0.0,-100.0,0.0,-100.0
SOL-USDT-SWAP,reversal,4H,0.007,0.02,0.025,1,0.0,10.0,148.0,0.0,-100.0,1568,728,840,46.43,100.0,0.899,-4.104,4388,3.27,-97.79,0.0,-100.0,0.0,-100.0
SOL-USDT-SWAP,reversal,4H,0.007,0.02,0.03,1,0.0,10.0,148.0,0.0,-100.0,1568,736,832,46.94,100.0,0.878,-4.104,4388,4.35,-97.06,0.0,-100.0,0.0,-100.0
SOL-USDT-SWAP,reversal,4H,0.007,0.03,0.01,1,0.0,10.0,148.0,0.0,-100.0,1568,573,995,36.54,100.0,0.721,-4.104,4388,0.01,-99.99,0.0,-100.0,0.0,-99.99
SOL-USDT-SWAP,reversal,4H,0.007,0.03,0.015,1,0.0,10.0,148.0,0.0,-100.0,1568,642,926,40.94,100.0,0.738,-4.104,4388,0.02,-99.99,0.0,-100.0,0.0,-100.0
SOL-USDT-SWAP,reversal,4H,0.007,0.03,0.02,1,0.0,10.0,148.0,0.0,-100.0,1568,663,905,42.28,100.0,0.792,-4.104,4388,0.04,-99.97,0.0,-100.0,0.0,-100.0
SOL-USDT-SWAP,reversal,4H,0.007,0.03,0.025,1,0.0,10.0,148.0,0.0,-100.0,1568,675,893,43.05,100.0,0.814,-4.104,4388,0.1,-99.94,0.0,-100.0,0.0,-100.0
SOL-USDT-SWAP,reversal,4H,0.007,0.03,0.03,1,0.0,10.0,148.0,0.0,-100.0,1568,683,885,43.56,100.0,0.778,-4.104,4388,0.09,-99.94,0.0,-100.0,0.0,-100.0
SOL-USDT-SWAP,reversal,4H,0.01,0.006,0.01,1,0.0,10.0,148.0,41575.2,27991.35,1209,922,287,76.26,64.49,1.221,1148.756,4388,329.4,122.57,31799.27,9553.71,41575.2,30.74
SOL-USDT-SWAP,reversal,4H,0.01,0.006,0.015,1,0.0,10.0,148.0,132751.61,89597.04,1209,992,217,82.05,66.41,1.515,3677.033,4388,2246.02,1417.58,97114.08,4223.83,132751.61,36.7
SOL-USDT-SWAP,reversal,4H,0.01,0.006,0.02,1,0.0,10.0,148.0,221046.13,149255.5,1209,1031,178,85.28,62.35,1.869,6125.397,4388,9415.14,6261.58,155592.72,1552.58,221046.13,42.07
SOL-USDT-SWAP,reversal,4H,0.01,0.006,0.025,1,0.0,10.0,148.0,244204.15,164902.8,1209,1045,164,86.44,58.9,1.963,6767.557,4388,15623.13,10456.17,174550.73,1017.26,244204.15,39.9
SOL-USDT-SWAP,reversal,4H,0.01,0.006,0.03,1,0.0,10.0,148.0,274362.15,185279.83,1209,1055,154,87.26,53.76,2.085,7603.823,4388,40107.67,26999.78,199012.14,396.19,274362.15,37.86
SOL-USDT-SWAP,reversal,4H,0.01,0.008,0.01,1,0.0,10.0,148.0,123327.04,83229.08,1209,837,372,69.23,64.53,1.376,3415.694,4388,972.2,556.89,95064.32,9678.29,123327.04,29.73
SOL-USDT-SWAP,reversal,4H,0.01,0.008,0.015,1,0.0,10.0,148.0,215057.82,145209.33,1209,903,306,74.69,67.45,1.541,5959.343,4388,10519.61,7007.84,162142.89,1441.34,215057.82,32.63
SOL-USDT-SWAP,reversal,4H,0.01,0.008,0.02,1,0.0,10.0,148.0,309469.75,209001.18,1209,938,271,77.58,42.11,1.816,8577.34,4388,40274.91,27112.78,224108.81,456.45,309469.75,38.09
SOL-USDT-SWAP,reversal,4H,0.01,0.008,0.025,1,0.0,10.0,148.0,336828.63,227486.92,1209,952,257,78.74,52.55,1.923,9335.988,4388,48074.8,32382.97,245316.17,410.28,336828.63,37.3
SOL-USDT-SWAP,reversal,4H,0.01,0.008,0.03,1,0.0,10.0,148.0,369670.92,249677.65,1209,962,247,79.57,53.76,2.019,10246.689,4388,74748.53,50405.76,273361.87,265.71,369670.92,35.23
SOL-USDT-SWAP,reversal,4H,0.01,0.01,0.01,1,0.0,10.0,148.0,100149.1,67568.31,1209,748,461,61.87,78.28,1.245,2772.981,4388,2221.53,1401.03,62112.97,2695.96,100149.1,61.24
SOL-USDT-SWAP,reversal,4H,0.01,0.01,0.015,1,0.0,10.0,148.0,206827.01,139647.98,1209,809,400,66.91,48.74,1.382,5731.107,4388,30058.29,20209.66,148227.88,393.13,206827.01,39.53
SOL-USDT-SWAP,reversal,4H,0.01,0.01,0.02,1,0.0,10.0,148.0,275294.45,185909.76,1209,839,370,69.4,39.16,1.523,7629.676,4388,51852.74,34935.64,186299.11,259.28,275294.45,47.77
SOL-USDT-SWAP,reversal,4H,0.01,0.01,0.025,1,0.0,10.0,148.0,302573.37,204341.47,1209,853,356,70.55,46.92,1.587,8386.107,4388,62515.07,42139.91,208007.4,232.73,302573.37,45.46
SOL-USDT-SWAP,reversal,4H,0.01,0.01,0.03,1,0.0,10.0,148.0,332270.09,224406.81,1209,863,346,71.38,53.76,1.633,9209.582,4388,92137.98,62155.39,233289.61,153.2,332270.09,42.43
SOL-USDT-SWAP,reversal,4H,0.01,0.015,0.01,1,0.0,10.0,148.0,0.06,-99.96,1209,579,630,47.89,99.99,0.916,-4.102,4388,13.99,-90.55,0.73,-94.76,0.06,-91.2
SOL-USDT-SWAP,reversal,4H,0.01,0.015,0.015,1,0.0,10.0,148.0,0.83,-99.44,1209,637,572,52.69,99.98,0.989,-4.081,4388,225.57,52.41,14.41,-93.61,0.83,-94.24
SOL-USDT-SWAP,reversal,4H,0.01,0.015,0.02,1,0.0,10.0,148.0,5.02,-96.61,1209,663,546,54.84,99.96,0.995,-3.965,4388,1017.12,587.25,55.75,-94.52,5.02,-90.99
SOL-USDT-SWAP,reversal,4H,0.01,0.015,0.025,1,0.0,10.0,148.0,2.67,-98.2,1209,674,535,55.75,99.99,0.997,-4.03,4388,2191.72,1380.89,71.93,-96.72,2.67,-96.29
SOL-USDT-SWAP,reversal,4H,0.01,0.015,0.03,1,0.0,10.0,148.0,3.91,-97.36,1209,682,527,56.41,99.99,0.998,-3.995,4388,3333.8,2152.57,70.5,-97.89,3.91,-94.45
SOL-USDT-SWAP,reversal,4H,0.01,0.02,0.01,1,0.0,10.0,148.0,0.0,-100.0,1209,498,711,41.19,100.0,0.775,-4.104,4388,0.23,-99.84,0.0,-100.0,0.0,-98.99
SOL-USDT-SWAP,reversal,4H,0.01,0.02,0.015,1,0.0,10.0,148.0,0.0,-100.0,1209,555,654,45.91,100.0,0.883,-4.104,4388,2.86,-98.07,0.0,-100.0,0.0,-99.68
SOL-USDT-SWAP,reversal,4H,0.01,0.02,0.02,1,0.0,10.0,148.0,0.0,-100.0,1209,576,633,47.64,100.0,0.926,-4.104,4388,11.65,-92.13,0.0,-100.0,0.0,-99.83
SOL-USDT-SWAP,reversal,4H,0.01,0.02,0.025,1,0.0,10.0,148.0,0.0,-100.0,1209,586,623,48.47,100.0,0.921,-4.104,4388,9.12,-93.84,0.0,-100.0,0.0,-99.95
SOL-USDT-SWAP,reversal,4H,0.01,0.02,0.03,1,0.0,10.0,148.0,0.0,-100.0,1209,596,613,49.3,100.0,0.933,-4.104,4388,30.53,-79.37,0.0,-100.0,0.0,-99.92
SOL-USDT-SWAP,reversal,4H,0.01,0.03,0.01,1,0.0,10.0,148.0,0.0,-100.0,1209,449,760,37.14,100.0,0.701,-4.104,4388,0.02,-99.99,0.0,-100.0,0.0,-99.92
SOL-USDT-SWAP,reversal,4H,0.01,0.03,0.015,1,0.0,10.0,148.0,0.0,-100.0,1209,502,707,41.52,100.0,0.747,-4.104,4388,0.08,-99.95,0.0,-100.0,0.0,-99.98
SOL-USDT-SWAP,reversal,4H,0.01,0.03,0.02,1,0.0,10.0,148.0,0.0,-100.0,1209,523,686,43.26,100.0,0.802,-4.104,4388,0.32,-99.79,0.0,-100.0,0.0,-99.99
SOL-USDT-SWAP,reversal,4H,0.01,0.03,0.025,1,0.0,10.0,148.0,0.0,-100.0,1209,533,676,44.09,100.0,0.791,-4.104,4388,0.21,-99.86,0.0,-100.0,0.0,-100.0
SOL-USDT-SWAP,reversal,4H,0.01,0.03,0.03,1,0.0,10.0,148.0,0.0,-100.0,1209,542,667,44.83,100.0,0.773,-4.104,4388,0.49,-99.67,0.0,-100.0,0.0,-100.0
SOL-USDT-SWAP,breakout,4H,0.001,0.006,0.01,1,0.0,10.0,148.0,0.0,-100.0,2657,1175,1482,44.22,100.0,0.268,-4.104,4388,0.0,-100.0,0.0,-100.0,0.0,-100.0
SOL-USDT-SWAP,breakout,4H,0.001,0.006,0.015,1,0.0,10.0,148.0,0.0,-100.0,2657,1444,1213,54.35,100.0,0.463,-4.104,4388,0.0,-100.0,0.0,-100.0,0.0,-100.0
SOL-USDT-SWAP,breakout,4H,0.001,0.006,0.02,1,0.0,10.0,148.0,0.0,-100.0,2657,1545,1112,58.15,100.0,0.443,-4.104,4388,0.0,-100.0,0.0,-100.0,0.0,-100.0
SOL-USDT-SWAP,breakout,4H,0.001,0.006,0.025,1,0.0,10.0,148.0,0.0,-100.0,2657,1591,1066,59.88,100.0,0.578,-4.104,4388,0.0,-100.0,0.0,-100.0,0.0,-100.0
SOL-USDT-SWAP,breakout,4H,0.001,0.006,0.03,1,0.0,10.0,148.0,0.0,-100.0,2657,1606,1051,60.44,100.0,0.571,-4.104,4388,0.0,-100.0,0.0,-100.0,0.0,-100.0
SOL-USDT-SWAP,breakout,4H,0.001,0.008,0.01,1,0.0,10.0,148.0,0.0,-100.0,2657,1024,1633,38.54,100.0,0.341,-4.104,4388,0.0,-100.0,0.0,-100.0,0.0,-100.0
SOL-USDT-SWAP,breakout,4H,0.001,0.008,0.015,1,0.0,10.0,148.0,0.0,-100.0,2657,1264,1393,47.57,100.0,0.541,-4.104,4388,0.0,-100.0,0.0,-100.0,0.0,-100.0
SOL-USDT-SWAP,breakout,4H,0.001,0.008,0.02,1,0.0,10.0,148.0,0.0,-100.0,2657,1362,1295,51.26,100.0,0.51,-4.104,4388,0.0,-100.0,0.0,-100.0,0.0,-100.0
SOL-USDT-SWAP,breakout,4H,0.001,0.008,0.025,1,0.0,10.0,148.0,0.0,-100.0,2657,1407,1250,52.95,100.0,0.632,-4.104,4388,0.0,-100.0,0.0,-100.0,0.0,-100.0
SOL-USDT-SWAP,breakout,4H,0.001,0.008,0.03,1,0.0,10.0,148.0,0.0,-100.0,2657,1420,1237,53.44,100.0,0.628,-4.104,4388,0.0,-100.0,0.0,-100.0,0.0,-100.0
SOL-USDT-SWAP,breakout,4H,0.001,0.01,0.01,1,0.0,10.0,148.0,0.0,-100.0,2657,942,1715,35.45,100.0,0.366,-4.104,4388,0.0,-100.0,0.0,-100.0,0.0,-100.0
SOL-USDT-SWAP,breakout,4H,0.001,0.01,0.015,1,0.0,10.0,148.0,0.0,-100.0,2657,1166,1491,43.88,100.0,0.564,-4.104,4388,0.0,-100.0,0.0,-100.0,0.0,-100.0
SOL-USDT-SWAP,breakout,4H,0.001,0.01,0.02,1,0.0,10.0,148.0,0.0,-100.0,2657,1257,1400,47.31,100.0,0.532,-4.104,4388,0.0,-100.0,0.0,-100.0,0.0,-100.0
SOL-USDT-SWAP,breakout,4H,0.001,0.01,0.025,1,0.0,10.0,148.0,0.0,-100.0,2657,1299,1358,48.89,100.0,0.651,-4.104,4388,0.0,-100.0,0.0,-100.0,0.0,-100.0
SOL-USDT-SWAP,breakout,4H,0.001,0.01,0.03,1,0.0,10.0,148.0,0.0,-100.0,2657,1310,1347,49.3,100.0,0.651,-4.104,4388,0.0,-100.0,0.0,-100.0,0.0,-100.0
SOL-USDT-SWAP,breakout,4H,0.001,0.015,0.01,1,0.0,10.0,148.0,0.0,-100.0,2657,829,1828,31.2,100.0,0.329,-4.104,4388,0.0,-100.0,0.0,-100.0,0.0,-100.0
SOL-USDT-SWAP,breakout,4H,0.001,0.015,0.015,1,0.0,10.0,148.0,0.0,-100.0,2657,1021,1636,38.43,100.0,0.594,-4.104,4388,0.0,-100.0,0.0,-100.0,0.0,-100.0
SOL-USDT-SWAP,breakout,4H,0.001,0.015,0.02,1,0.0,10.0,148.0,0.0,-100.0,2657,1109,1548,41.74,100.0,0.562,-4.104,4388,0.0,-100.0,0.0,-100.0,0.0,-100.0
SOL-USDT-SWAP,breakout,4H,0.001,0.015,0.025,1,0.0,10.0,148.0,0.0,-100.0,2657,1142,1515,42.98,100.0,0.635,-4.104,4388,0.0,-100.0,0.0,-100.0,0.0,-100.0
SOL-USDT-SWAP,breakout,4H,0.001,0.015,0.03,1,0.0,10.0,148.0,0.0,-100.0,2657,1154,1503,43.43,100.0,0.627,-4.104,4388,0.0,-100.0,0.0,-100.0,0.0,-100.0
SOL-USDT-SWAP,breakout,4H,0.001,0.02,0.01,1,0.0,10.0,148.0,0.0,-100.0,2657,773,1884,29.09,100.0,0.29,-4.104,4388,0.0,-100.0,0.0,-100.0,0.0,-100.0
SOL-USDT-SWAP,breakout,4H,0.001,0.02,0.015,1,0.0,10.0,148.0,0.0,-100.0,2657,955,1702,35.94,100.0,0.574,-4.104,4388,0.0,-100.0,0.0,-100.0,0.0,-100.0
SOL-USDT-SWAP,breakout,4H,0.001,0.02,0.02,1,0.0,10.0,148.0,0.0,-100.0,2657,1039,1618,39.1,100.0,0.539,-4.104,4388,0.0,-100.0,0.0,-100.0,0.0,-100.0
SOL-USDT-SWAP,breakout,4H,0.001,0.02,0.025,1,0.0,10.0,148.0,0.0,-100.0,2657,1068,1589,40.2,100.0,0.622,-4.104,4388,0.0,-100.0,0.0,-100.0,0.0,-100.0
SOL-USDT-SWAP,breakout,4H,0.001,0.02,0.03,1,0.0,10.0,148.0,0.0,-100.0,2657,1080,1577,40.65,100.0,0.615,-4.104,4388,0.0,-100.0,0.0,-100.0,0.0,-100.0
SOL-USDT-SWAP,breakout,4H,0.001,0.03,0.01,1,0.0,10.0,148.0,0.0,-100.0,2657,750,1907,28.23,100.0,0.255,-4.104,4388,0.0,-100.0,0.0,-100.0,0.0,-100.0
SOL-USDT-SWAP,breakout,4H,0.001,0.03,0.015,1,0.0,10.0,148.0,0.0,-100.0,2657,923,1734,34.74,100.0,0.505,-4.104,4388,0.0,-100.0,0.0,-100.0,0.0,-100.0
SOL-USDT-SWAP,breakout,4H,0.001,0.03,0.02,1,0.0,10.0,148.0,0.0,-100.0,2657,1004,1653,37.79,100.0,0.473,-4.104,4388,0.0,-100.0,0.0,-100.0,0.0,-100.0
SOL-USDT-SWAP,breakout,4H,0.001,0.03,0.025,1,0.0,10.0,148.0,0.0,-100.0,2657,1034,1623,38.92,100.0,0.552,-4.104,4388,0.0,-100.0,0.0,-100.0,0.0,-100.0
SOL-USDT-SWAP,breakout,4H,0.001,0.03,0.03,1,0.0,10.0,148.0,0.0,-100.0,2657,1046,1611,39.37,100.0,0.544,-4.104,4388,0.0,-100.0,0.0,-100.0,0.0,-100.0
SOL-USDT-SWAP,breakout,4H,0.002,0.006,0.01,1,0.0,10.0,148.0,0.0,-100.0,2455,1022,1433,41.63,100.0,0.188,-4.104,4388,0.0,-100.0,0.0,-100.0,0.0,-100.0
SOL-USDT-SWAP,breakout,4H,0.002,0.006,0.015,1,0.0,10.0,148.0,0.0,-100.0,2455,1297,1158,52.83,100.0,0.409,-4.104,4388,0.0,-100.0,0.0,-100.0,0.0,-100.0
SOL-USDT-SWAP,breakout,4H,0.002,0.006,0.02,1,0.0,10.0,148.0,0.0,-100.0,2455,1396,1059,56.86,100.0,0.445,-4.104,4388,0.0,-100.0,0.0,-100.0,0.0,-100.0
SOL-USDT-SWAP,breakout,4H,0.002,0.006,0.025,1,0.0,10.0,148.0,0.0,-100.0,2455,1443,1012,58.78,100.0,0.516,-4.104,4388,0.0,-100.0,0.0,-100.0,0.0,-100.0
SOL-USDT-SWAP,breakout,4H,0.002,0.006,0.03,1,0.0,10.0,148.0,0.0,-100.0,2455,1460,995,59.47,100.0,0.529,-4.104,4388,0.0,-100.0,0.0,-100.0,0.0,-100.0
SOL-USDT-SWAP,breakout,4H,0.002,0.008,0.01,1,0.0,10.0,148.0,0.0,-100.0,2455,890,1565,36.25,100.0,0.239,-4.104,4388,0.0,-100.0,0.0,-100.0,0.0,-100.0
SOL-USDT-SWAP,breakout,4H,0.002,0.008,0.015,1,0.0,10.0,148.0,0.0,-100.0,2455,1144,1311,46.6,100.0,0.504,-4.104,4388,0.0,-100.0,0.0,-100.0,0.0,-100.0
SOL-USDT-SWAP,breakout,4H,0.002,0.008,0.02,1,0.0,10.0,148.0,0.0,-100.0,2455,1239,1216,50.47,100.0,0.545,-4.104,4388,0.0,-100.0,0.0,-100.0,0.0,-100.0
SOL-USDT-SWAP,breakout,4H,0.002,0.008,0.025,1,0.0,10.0,148.0,0.0,-100.0,2455,1287,1168,52.42,100.0,0.619,-4.104,4388,0.0,-100.0,0.0,-100.0,0.0,-100.0
SOL-USDT-SWAP,breakout,4H,0.002,0.008,0.03,1,0.0,10.0,148.0,0.0,-100.0,2455,1302,1153,53.03,100.0,0.629,-4.104,4388,0.0,-100.0,0.0,-100.0,0.0,-100.0
SOL-USDT-SWAP,breakout,4H,0.002,0.01,0.01,1,0.0,10.0,148.0,0.0,-100.0,2455,822,1633,33.48,100.0,0.247,-4.104,4388,0.0,-100.0,0.0,-100.0,0.0,-100.0
SOL-USDT-SWAP,breakout,4H,0.002,0.01,0.015,1,0.0,10.0,148.0,0.0,-100.0,2455,1040,1415,42.36,100.0,0.493,-4.104,4388,0.0,-100.0,0.0,-100.0,0.0,-100.0
SOL-USDT-SWAP,breakout,4H,0.002,0.01,0.02,1,0.0,10.0,148.0,0.0,-100.0,2455,1137,1318,46.31,100.0,0.536,-4.104,4388,0.0,-100.0,0.0,-100.0,0.0,-100.0
SOL-USDT-SWAP,breakout,4H,0.002,0.01,0.025,1,0.0,10.0,148.0,0.0,-100.0,2455,1181,1274,48.11,100.0,0.583,-4.104,4388,0.0,-100.0,0.0,-100.0,0.0,-100.0
SOL-USDT-SWAP,breakout,4H,0.002,0.01,0.03,1,0.0,10.0,148.0,0.0,-100.0,2455,1195,1260,48.68,100.0,0.595,-4.104,4388,0.0,-100.0,0.0,-100.0,0.0,-100.0
SOL-USDT-SWAP,breakout,4H,0.002,0.015,0.01,1,0.0,10.0,148.0,0.0,-100.0,2455,714,1741,29.08,100.0,0.159,-4.104,4388,0.0,-100.0,0.0,-100.0,0.0,-100.0
SOL-USDT-SWAP,breakout,4H,0.002,0.015,0.015,1,0.0,10.0,148.0,0.0,-100.0,2455,908,1547,36.99,100.0,0.449,-4.104,4388,0.0,-100.0,0.0,-100.0,0.0,-100.0
SOL-USDT-SWAP,breakout,4H,0.002,0.015,0.02,1,0.0,10.0,148.0,0.0,-100.0,2455,998,1457,40.65,100.0,0.514,-4.104,4388,0.0,-100.0,0.0,-100.0,0.0,-100.0
SOL-USDT-SWAP,breakout,4H,0.002,0.015,0.025,1,0.0,10.0,148.0,0.0,-100.0,2455,1036,1419,42.2,100.0,0.549,-4.104,4388,0.0,-100.0,0.0,-100.0,0.0,-100.0
SOL-USDT-SWAP,breakout,4H,0.002,0.015,0.03,1,0.0,10.0,148.0,0.0,-100.0,2455,1048,1407,42.69,100.0,0.552,-4.104,4388,0.0,-100.0,0.0,-100.0,0.0,-100.0
SOL-USDT-SWAP,breakout,4H,0.002,0.02,0.01,1,0.0,10.0,148.0,0.0,-100.0,2455,671,1784,27.33,100.0,0.172,-4.104,4388,0.0,-100.0,0.0,-100.0,0.0,-100.0
SOL-USDT-SWAP,breakout,4H,0.002,0.02,0.015,1,0.0,10.0,148.0,0.0,-100.0,2455,847,1608,34.5,100.0,0.453,-4.104,4388,0.0,-100.0,0.0,-100.0,0.0,-100.0
SOL-USDT-SWAP,breakout,4H,0.002,0.02,0.02,1,0.0,10.0,148.0,0.0,-100.0,2455,934,1521,38.04,100.0,0.534,-4.104,4388,0.0,-100.0,0.0,-100.0,0.0,-100.0
SOL-USDT-SWAP,breakout,4H,0.002,0.02,0.025,1,0.0,10.0,148.0,0.0,-100.0,2455,967,1488,39.39,100.0,0.572,-4.104,4388,0.0,-100.0,0.0,-100.0,0.0,-100.0
SOL-USDT-SWAP,breakout,4H,0.002,0.02,0.03,1,0.0,10.0,148.0,0.0,-100.0,2455,980,1475,39.92,100.0,0.574,-4.104,4388,0.0,-100.0,0.0,-100.0,0.0,-100.0
SOL-USDT-SWAP,breakout,4H,0.002,0.03,0.01,1,0.0,10.0,148.0,0.0,-100.0,2455,656,1799,26.72,100.0,0.15,-4.104,4388,0.0,-100.0,0.0,-100.0,0.0,-100.0
SOL-USDT-SWAP,breakout,4H,0.002,0.03,0.015,1,0.0,10.0,148.0,0.0,-100.0,2455,825,1630,33.6,100.0,0.451,-4.104,4388,0.0,-100.0,0.0,-100.0,0.0,-100.0
SOL-USDT-SWAP,breakout,4H,0.002,0.03,0.02,1,0.0,10.0,148.0,0.0,-100.0,2455,907,1548,36.95,100.0,0.458,-4.104,4388,0.0,-100.0,0.0,-100.0,0.0,-100.0
SOL-USDT-SWAP,breakout,4H,0.002,0.03,0.025,1,0.0,10.0,148.0,0.0,-100.0,2455,937,1518,38.17,100.0,0.494,-4.104,4388,0.0,-100.0,0.0,-100.0,0.0,-100.0
SOL-USDT-SWAP,breakout,4H,0.002,0.03,0.03,1,0.0,10.0,148.0,0.0,-100.0,2455,951,1504,38.74,100.0,0.496,-4.104,4388,0.0,-100.0,0.0,-100.0,0.0,-100.0
SOL-USDT-SWAP,breakout,4H,0.003,0.006,0.01,1,0.0,10.0,148.0,0.0,-100.0,2279,871,1408,38.22,100.0,0.172,-4.104,4388,0.0,-100.0,0.0,-100.0,0.0,-100.0
SOL-USDT-SWAP,breakout,4H,0.003,0.006,0.015,1,0.0,10.0,148.0,0.0,-100.0,2279,1164,1115,51.08,100.0,0.296,-4.104,4388,0.0,-100.0,0.0,-100.0,0.0,-100.0
SOL-USDT-SWAP,breakout,4H,0.003,0.006,0.02,1,0.0,10.0,148.0,0.0,-100.0,2279,1269,1010,55.68,100.0,0.425,-4.104,4388,0.0,-100.0,0.0,-100.0,0.0,-100.0
SOL-USDT-SWAP,breakout,4H,0.003,0.006,0.025,1,0.0,10.0,148.0,0.0,-100.0,2279,1318,961,57.83,100.0,0.461,-4.104,4388,0.0,-100.0,0.0,-100.0,0.0,-100.0
SOL-USDT-SWAP,breakout,4H,0.003,0.006,0.03,1,0.0,10.0,148.0,0.0,-100.0,2279,1332,947,58.45,100.0,0.51,-4.104,4388,0.0,-100.0,0.0,-100.0,0.0,-100.0
SOL-USDT-SWAP,breakout,4H,0.003,0.008,0.01,1,0.0,10.0,148.0,0.0,-100.0,2279,786,1493,34.49,100.0,0.207,-4.104,4388,0.0,-100.0,0.0,-100.0,0.0,-100.0
SOL-USDT-SWAP,breakout,4H,0.003,0.008,0.015,1,0.0,10.0,148.0,0.0,-100.0,2279,1037,1242,45.5,100.0,0.34,-4.104,4388,0.0,-100.0,0.0,-100.0,0.0,-100.0
SOL-USDT-SWAP,breakout,4H,0.003,0.008,0.02,1,0.0,10.0,148.0,0.0,-100.0,2279,1136,1143,49.85,100.0,0.467,-4.104,4388,0.0,-100.0,0.0,-100.0,0.0,-100.0
SOL-USDT-SWAP,breakout,4H,0.003,0.008,0.025,1,0.0,10.0,148.0,0.0,-100.0,2279,1180,1099,51.78,100.0,0.517,-4.104,4388,0.0,-100.0,0.0,-100.0,0.0,-100.0
SOL-USDT-SWAP,breakout,4H,0.003,0.008,0.03,1,0.0,10.0,148.0,0.0,-100.0,2279,1194,1085,52.39,100.0,0.56,-4.104,4388,0.0,-100.0,0.0,-100.0,0.0,-100.0
SOL-USDT-SWAP,breakout,4H,0.003,0.01,0.01,1,0.0,10.0,148.0,0.0,-100.0,2279,716,1563,31.42,100.0,0.254,-4.104,4388,0.0,-100.0,0.0,-100.0,0.0,-100.0
SOL-USDT-SWAP,breakout,4H,0.003,0.01,0.015,1,0.0,10.0,148.0,0.0,-100.0,2279,943,1336,41.38,100.0,0.42,-4.104,4388,0.0,-100.0,0.0,-100.0,0.0,-100.0
SOL-USDT-SWAP,breakout,4H,0.003,0.01,0.02,1,0.0,10.0,148.0,0.0,-100.0,2279,1035,1244,45.41,100.0,0.562,-4.104,4388,0.0,-100.0,0.0,-100.0,0.0,-100.0
SOL-USDT-SWAP,breakout,4H,0.003,0.01,0.025,1,0.0,10.0,148.0,0.0,-100.0,2279,1080,1199,47.39,100.0,0.578,-4.104,4388,0.0,-100.0,0.0,-100.0,0.0,-100.0
SOL-USDT-SWAP,breakout,4H,0.003,0.01,0.03,1,0.0,10.0,148.0,0.0,-100.0,2279,1092,1187,47.92,100.0,0.621,-4.104,4388,0.0,-100.0,0.0,-100.0,0.0,-100.0
SOL-USDT-SWAP,breakout,4H,0.003,0.015,0.01,1,0.0,10.0,148.0,0.0,-100.0,2279,620,1659,27.2,100.0,0.151,-4.104,4388,0.0,-100.0,0.0,-100.0,0.0,-100.0
SOL-USDT-SWAP,breakout,4H,0.003,0.015,0.015,1,0.0,10.0,148.0,0.0,-100.0,2279,819,1460,35.94,100.0,0.317,-4.104,4388,0.0,-100.0,0.0,-100.0,0.0,-100.0
SOL-USDT-SWAP,breakout,4H,0.003,0.015,0.02,1,0.0,10.0,148.0,0.0,-100.0,2279,906,1373,39.75,100.0,0.513,-4.104,4388,0.0,-100.0,0.0,-100.0,0.0,-100.0
SOL-USDT-SWAP,breakout,4H,0.003,0.015,0.025,1,0.0,10.0,148.0,0.0,-100.0,2279,946,1333,41.51,100.0,0.52,-4.104,4388,0.0,-100.0,0.0,-100.0,0.0,-100.0
SOL-USDT-SWAP,breakout,4H,0.003,0.015,0.03,1,0.0,10.0,148.0,0.0,-100.0,2279,954,1325,41.86,100.0,0.553,-4.104,4388,0.0,-100.0,0.0,-100.0,0.0,-100.0
SOL-USDT-SWAP,breakout,4H,0.003,0.02,0.01,1,0.0,10.0,148.0,0.0,-100.0,2279,587,1692,25.76,100.0,0.161,-4.104,4388,0.0,-100.0,0.0,-100.0,0.0,-100.0
SOL-USDT-SWAP,breakout,4H,0.003,0.02,0.015,1,0.0,10.0,148.0,0.0,-100.0,2279,770,1509,33.79,100.0,0.261,-4.104,4388,0.0,-100.0,0.0,-100.0,0.0,-100.0
SOL-USDT-SWAP,breakout,4H,0.003,0.02,0.02,1,0.0,10.0,148.0,0.0,-100.0,2279,852,1427,37.38,100.0,0.509,-4.104,4388,0.0,-100.0,0.0,-100.0,0.0,-100.0
SOL-USDT-SWAP,breakout,4H,0.003,0.02,0.025,1,0.0,10.0,148.0,0.0,-100.0,2279,889,1390,39.01,100.0,0.52,-4.104,4388,0.0,-100.0,0.0,-100.0,0.0,-100.0
SOL-USDT-SWAP,breakout,4H,0.003,0.02,0.03,1,0.0,10.0,148.0,0.0,-100.0,2279,896,1383,39.32,100.0,0.548,-4.104,4388,0.0,-100.0,0.0,-100.0,0.0,-100.0
SOL-USDT-SWAP,breakout,4H,0.003,0.03,0.01,1,0.0,10.0,148.0,0.0,-100.0,2279,573,1706,25.14,100.0,0.131,-4.104,4388,0.0,-100.0,0.0,-100.0,0.0,-100.0
SOL-USDT-SWAP,breakout,4H,0.003,0.03,0.015,1,0.0,10.0,148.0,0.0,-100.0,2279,748,1531,32.82,100.0,0.233,-4.104,4388,0.0,-100.0,0.0,-100.0,0.0,-100.0
SOL-USDT-SWAP,breakout,4H,0.003,0.03,0.02,1,0.0,10.0,148.0,0.0,-100.0,2279,827,1452,36.29,100.0,0.436,-4.104,4388,0.0,-100.0,0.0,-100.0,0.0,-100.0
SOL-USDT-SWAP,breakout,4H,0.003,0.03,0.025,1,0.0,10.0,148.0,0.0,-100.0,2279,859,1420,37.69,100.0,0.448,-4.104,4388,0.0,-100.0,0.0,-100.0,0.0,-100.0
SOL-USDT-SWAP,breakout,4H,0.003,0.03,0.03,1,0.0,10.0,148.0,0.0,-100.0,2279,866,1413,38.0,100.0,0.478,-4.104,4388,0.0,-100.0,0.0,-100.0,0.0,-100.0
SOL-USDT-SWAP,breakout,4H,0.005,0.006,0.01,1,0.0,10.0,148.0,0.0,-100.0,1900,646,1254,34.0,100.0,0.087,-4.104,4388,0.0,-100.0,0.0,-100.0,0.0,-100.0
SOL-USDT-SWAP,breakout,4H,0.005,0.006,0.015,1,0.0,10.0,148.0,0.0,-100.0,1900,941,959,49.53,100.0,0.27,-4.104,4388,0.0,-100.0,0.0,-100.0,0.0,-100.0
SOL-USDT-SWAP,breakout,4H,0.005,0.006,0.02,1,0.0,10.0,148.0,0.0,-100.0,1900,1053,847,55.42,100.0,0.414,-4.104,4388,0.0,-100.0,0.0,-100.0,0.0,-100.0
SOL-USDT-SWAP,breakout,4H,0.005,0.006,0.025,1,0.0,10.0,148.0,0.0,-100.0,1900,1105,795,58.16,100.0,0.399,-4.104,4388,0.0,-100.0,0.0,-100.0,0.0,-100.0
SOL-USDT-SWAP,breakout,4H,0.005,0.006,0.03,1,0.0,10.0,148.0,0.0,-100.0,1900,1125,775,59.21,100.0,0.419,-4.104,4388,0.0,-100.0,0.0,-100.0,0.0,-100.0
SOL-USDT-SWAP,breakout,4H,0.005,0.008,0.01,1,0.0,10.0,148.0,0.0,-100.0,1900,563,1337,29.63,100.0,0.089,-4.104,4388,0.0,-100.0,0.0,-100.0,0.0,-100.0
SOL-USDT-SWAP,breakout,4H,0.005,0.008,0.015,1,0.0,10.0,148.0,0.0,-100.0,1900,837,1063,44.05,100.0,0.331,-4.104,4388,0.0,-100.0,0.0,-100.0,0.0,-100.0
SOL-USDT-SWAP,breakout,4H,0.005,0.008,0.02,1,0.0,10.0,148.0,0.0,-100.0,1900,936,964,49.26,100.0,0.502,-4.104,4388,0.0,-100.0,0.0,-100.0,0.0,-100.0
SOL-USDT-SWAP,breakout,4H,0.005,0.008,0.025,1,0.0,10.0,148.0,0.0,-100.0,1900,985,915,51.84,100.0,0.487,-4.104,4388,0.0,-100.0,0.0,-100.0,0.0,-100.0
SOL-USDT-SWAP,breakout,4H,0.005,0.008,0.03,1,0.0,10.0,148.0,0.0,-100.0,1900,1003,897,52.79,100.0,0.506,-4.104,4388,0.0,-100.0,0.0,-100.0,0.0,-100.0
SOL-USDT-SWAP,breakout,4H,0.005,0.01,0.01,1,0.0,10.0,148.0,0.0,-100.0,1900,514,1386,27.05,100.0,0.111,-4.104,4388,0.0,-100.0,0.0,-100.0,0.0,-100.0
SOL-USDT-SWAP,breakout,4H,0.005,0.01,0.015,1,0.0,10.0,148.0,0.0,-100.0,1900,763,1137,40.16,100.0,0.41,-4.104,4388,0.0,-100.0,0.0,-100.0,0.0,-100.0
SOL-USDT-SWAP,breakout,4H,0.005,0.01,0.02,1,0.0,10.0,148.0,0.0,-100.0,1900,856,1044,45.05,100.0,0.596,-4.104,4388,0.0,-100.0,0.0,-100.0,0.0,-100.0
SOL-USDT-SWAP,breakout,4H,0.005,0.01,0.025,1,0.0,10.0,148.0,0.0,-100.0,1900,904,996,47.58,100.0,0.582,-4.104,4388,0.0,-100.0,0.0,-100.0,0.0,-100.0
SOL-USDT-SWAP,breakout,4H,0.005,0.01,0.03,1,0.0,10.0,148.0,0.0,-100.0,1900,919,981,48.37,100.0,0.601,-4.104,4388,0.0,-100.0,0.0,-100.0,0.0,-100.0
SOL-USDT-SWAP,breakout,4H,0.005,0.015,0.01,1,0.0,10.0,148.0,0.0,-100.0,1900,454,1446,23.89,100.0,0.097,-4.104,4388,0.0,-100.0,0.0,-100.0,0.0,-100.0
SOL-USDT-SWAP,breakout,4H,0.005,0.015,0.015,1,0.0,10.0,148.0,0.0,-100.0,1900,657,1243,34.58,100.0,0.181,-4.104,4388,0.0,-100.0,0.0,-100.0,0.0,-100.0
SOL-USDT-SWAP,breakout,4H,0.005,0.015,0.02,1,0.0,10.0,148.0,0.0,-100.0,1900,740,1160,38.95,100.0,0.441,-4.104,4388,0.0,-100.0,0.0,-100.0,0.0,-100.0
SOL-USDT-SWAP,breakout,4H,0.005,0.015,0.025,1,0.0,10.0,148.0,0.0,-100.0,1900,783,1117,41.21,100.0,0.423,-4.104,4388,0.0,-100.0,0.0,-100.0,0.0,-100.0
SOL-USDT-SWAP,breakout,4H,0.005,0.015,0.03,1,0.0,10.0,148.0,0.0,-100.0,1900,795,1105,41.84,100.0,0.431,-4.104,4388,0.0,-100.0,0.0,-100.0,0.0,-100.0
SOL-USDT-SWAP,breakout,4H,0.005,0.02,0.01,1,0.0,10.0,148.0,0.0,-100.0,1900,432,1468,22.74,100.0,0.111,-4.104,4388,0.0,-100.0,0.0,-100.0,0.0,-100.0
SOL-USDT-SWAP,breakout,4H,0.005,0.02,0.015,1,0.0,10.0,148.0,0.0,-100.0,1900,620,1280,32.63,100.0,0.188,-4.104,4388,0.0,-100.0,0.0,-100.0,0.0,-100.0
SOL-USDT-SWAP,breakout,4H,0.005,0.02,0.02,1,0.0,10.0,148.0,0.0,-100.0,1900,693,1207,36.47,100.0,0.488,-4.104,4388,0.0,-100.0,0.0,-100.0,0.0,-100.0
SOL-USDT-SWAP,breakout,4H,0.005,0.02,0.025,1,0.0,10.0,148.0,0.0,-100.0,1900,733,1167,38.58,100.0,0.475,-4.104,4388,0.0,-100.0,0.0,-100.0,0.0,-100.0
SOL-USDT-SWAP,breakout,4H,0.005,0.02,0.03,1,0.0,10.0,148.0,0.0,-100.0,1900,744,1156,39.16,100.0,0.484,-4.104,4388,0.0,-100.0,0.0,-100.0,0.0,-100.0
SOL-USDT-SWAP,breakout,4H,0.005,0.03,0.01,1,0.0,10.0,148.0,0.0,-100.0,1900,423,1477,22.26,100.0,0.069,-4.104,4388,0.0,-100.0,0.0,-100.0,0.0,-100.0
SOL-USDT-SWAP,breakout,4H,0.005,0.03,0.015,1,0.0,10.0,148.0,0.0,-100.0,1900,600,1300,31.58,100.0,0.146,-4.104,4388,0.0,-100.0,0.0,-100.0,0.0,-100.0
SOL-USDT-SWAP,breakout,4H,0.005,0.03,0.02,1,0.0,10.0,148.0,0.0,-100.0,1900,669,1231,35.21,100.0,0.392,-4.104,4388,0.0,-100.0,0.0,-100.0,0.0,-100.0
SOL-USDT-SWAP,breakout,4H,0.005,0.03,0.025,1,0.0,10.0,148.0,0.0,-100.0,1900,706,1194,37.16,100.0,0.385,-4.104,4388,0.0,-100.0,0.0,-100.0,0.0,-100.0
SOL-USDT-SWAP,breakout,4H,0.005,0.03,0.03,1,0.0,10.0,148.0,0.0,-100.0,1900,717,1183,37.74,100.0,0.392,-4.104,4388,0.0,-100.0,0.0,-100.0,0.0,-100.0
SOL-USDT-SWAP,breakout,4H,0.007,0.006,0.01,1,0.0,10.0,148.0,0.0,-100.0,1568,461,1107,29.4,100.0,0.086,-4.104,4388,0.0,-100.0,0.0,-100.0,0.0,-100.0
SOL-USDT-SWAP,breakout,4H,0.007,0.006,0.015,1,0.0,10.0,148.0,0.0,-100.0,1568,770,798,49.11,100.0,0.21,-4.104,4388,0.0,-100.0,0.0,-100.0,0.0,-100.0
SOL-USDT-SWAP,breakout,4H,0.007,0.006,0.02,1,0.0,10.0,148.0,0.0,-100.0,1568,876,692,55.87,100.0,0.369,-4.104,4388,0.0,-100.0,0.0,-100.0,0.0,-99.98
SOL-USDT-SWAP,breakout,4H,0.007,0.006,0.025,1,0.0,10.0,148.0,0.0,-100.0,1568,927,641,59.12,100.0,0.428,-4.104,4388,0.0,-100.0,0.0,-100.0,0.0,-99.93
SOL-USDT-SWAP,breakout,4H,0.007,0.006,0.03,1,0.0,10.0,148.0,0.0,-100.0,1568,955,613,60.91,100.0,0.444,-4.104,4388,0.0,-100.0,0.0,-100.0,0.0,-99.94
SOL-USDT-SWAP,breakout,4H,0.007,0.008,0.01,1,0.0,10.0,148.0,0.0,-100.0,1568,404,1164,25.77,100.0,0.119,-4.104,4388,0.0,-100.0,0.0,-100.0,0.0,-100.0
SOL-USDT-SWAP,breakout,4H,0.007,0.008,0.015,1,0.0,10.0,148.0,0.0,-100.0,1568,674,894,42.98,100.0,0.294,-4.104,4388,0.0,-100.0,0.0,-100.0,0.0,-100.0
SOL-USDT-SWAP,breakout,4H,0.007,0.008,0.02,1,0.0,10.0,148.0,0.0,-100.0,1568,774,794,49.36,100.0,0.488,-4.104,4388,0.0,-100.0,0.0,-100.0,0.0,-99.99
SOL-USDT-SWAP,breakout,4H,0.007,0.008,0.025,1,0.0,10.0,148.0,0.0,-100.0,1568,820,748,52.3,100.0,0.554,-4.104,4388,0.0,-100.0,0.0,-100.0,0.0,-99.98
SOL-USDT-SWAP,breakout,4H,0.007,0.008,0.03,1,0.0,10.0,148.0,0.0,-100.0,1568,847,721,54.02,100.0,0.57,-4.104,4388,0.0,-100.0,0.0,-100.0,0.0,-99.98
SOL-USDT-SWAP,breakout,4H,0.007,0.01,0.01,1,0.0,10.0,148.0,0.0,-100.0,1568,362,1206,23.09,100.0,0.113,-4.104,4388,0.0,-100.0,0.0,-100.0,0.0,-100.0
SOL-USDT-SWAP,breakout,4H,0.007,0.01,0.015,1,0.0,10.0,148.0,0.0,-100.0,1568,601,967,38.33,100.0,0.128,-4.104,4388,0.0,-100.0,0.0,-100.0,0.0,-100.0
SOL-USDT-SWAP,breakout,4H,0.007,0.01,0.02,1,0.0,10.0,148.0,0.0,-100.0,1568,696,872,44.39,100.0,0.321,-4.104,4388,0.0,-100.0,0.0,-100.0,0.0,-100.0
SOL-USDT-SWAP,breakout,4H,0.007,0.01,0.025,1,0.0,10.0,148.0,0.0,-100.0,1568,737,831,47.0,100.0,0.395,-4.104,4388,0.0,-100.0,0.0,-100.0,0.0,-99.99
SOL-USDT-SWAP,breakout,4H,0.007,0.01,0.03,1,0.0,10.0,148.0,0.0,-100.0,1568,763,805,48.66,100.0,0.402,-4.104,4388,0.0,-100.0,0.0,-100.0,0.0,-99.99
SOL-USDT-SWAP,breakout,4H,0.007,0.015,0.01,1,0.0,10.0,148.0,0.0,-100.0,1568,325,1243,20.73,100.0,0.136,-4.104,4388,0.0,-100.0,0.0,-100.0,0.0,-100.0
SOL-USDT-SWAP,breakout,4H,0.007,0.015,0.015,1,0.0,10.0,148.0,0.0,-100.0,1568,523,1045,33.35,100.0,0.152,-4.104,4388,0.0,-100.0,0.0,-100.0,0.0,-100.0
SOL-USDT-SWAP,breakout,4H,0.007,0.015,0.02,1,0.0,10.0,148.0,0.0,-100.0,1568,600,968,38.27,100.0,0.338,-4.104,4388,0.0,-100.0,0.0,-100.0,0.0,-99.99
SOL-USDT-SWAP,breakout,4H,0.007,0.015,0.025,1,0.0,10.0,148.0,0.0,-100.0,1568,639,929,40.75,100.0,0.435,-4.104,4388,0.0,-100.0,0.0,-100.0,0.0,-99.98
SOL-USDT-SWAP,breakout,4H,0.007,0.015,0.03,1,0.0,10.0,148.0,0.0,-100.0,1568,660,908,42.09,100.0,0.446,-4.104,4388,0.0,-100.0,0.0,-100.0,0.0,-99.98
SOL-USDT-SWAP,breakout,4H,0.007,0.02,0.01,1,0.0,10.0,148.0,0.0,-100.0,1568,312,1256,19.9,100.0,0.127,-4.104,4388,0.0,-100.0,0.0,-100.0,0.0,-100.0
SOL-USDT-SWAP,breakout,4H,0.007,0.02,0.015,1,0.0,10.0,148.0,0.0,-100.0,1568,499,1069,31.82,100.0,0.139,-4.104,4388,0.0,-100.0,0.0,-100.0,0.0,-100.0
SOL-USDT-SWAP,breakout,4H,0.007,0.02,0.02,1,0.0,10.0,148.0,0.0,-100.0,1568,571,997,36.42,100.0,0.342,-4.104,4388,0.0,-100.0,0.0,-100.0,0.0,-99.99
SOL-USDT-SWAP,breakout,4H,0.007,0.02,0.025,1,0.0,10.0,148.0,0.0,-100.0,1568,606,962,38.65,100.0,0.363,-4.104,4388,0.0,-100.0,0.0,-100.0,0.0,-99.96
SOL-USDT-SWAP,breakout,4H,0.007,0.02,0.03,1,0.0,10.0,148.0,0.0,-100.0,1568,624,944,39.8,100.0,0.376,-4.104,4388,0.0,-100.0,0.0,-100.0,0.0,-99.96
SOL-USDT-SWAP,breakout,4H,0.007,0.03,0.01,1,0.0,10.0,148.0,0.0,-100.0,1568,308,1260,19.64,100.0,0.078,-4.104,4388,0.0,-100.0,0.0,-100.0,0.0,-100.0
SOL-USDT-SWAP,breakout,4H,0.007,0.03,0.015,1,0.0,10.0,148.0,0.0,-100.0,1568,483,1085,30.8,100.0,0.097,-4.104,4388,0.0,-100.0,0.0,-100.0,0.0,-100.0
SOL-USDT-SWAP,breakout,4H,0.007,0.03,0.02,1,0.0,10.0,148.0,0.0,-100.0,1568,549,1019,35.01,100.0,0.343,-4.104,4388,0.0,-100.0,0.0,-100.0,0.0,-99.99
SOL-USDT-SWAP,breakout,4H,0.007,0.03,0.025,1,0.0,10.0,148.0,0.0,-100.0,1568,583,985,37.18,100.0,0.366,-4.104,4388,0.0,-100.0,0.0,-100.0,0.0,-99.95
SOL-USDT-SWAP,breakout,4H,0.007,0.03,0.03,1,0.0,10.0,148.0,0.0,-100.0,1568,600,968,38.27,100.0,0.384,-4.104,4388,0.0,-100.0,0.0,-100.0,0.0,-99.95
SOL-USDT-SWAP,breakout,4H,0.01,0.006,0.01,1,0.0,10.0,148.0,0.0,-100.0,1209,297,912,24.57,100.0,0.043,-4.104,4388,0.0,-100.0,0.0,-100.0,0.0,-100.0
SOL-USDT-SWAP,breakout,4H,0.01,0.006,0.015,1,0.0,10.0,148.0,0.0,-100.0,1209,523,686,43.26,100.0,0.09,-4.104,4388,0.0,-100.0,0.0,-100.0,0.0,-100.0
SOL-USDT-SWAP,breakout,4H,0.01,0.006,0.02,1,0.0,10.0,148.0,0.0,-100.0,1209,641,568,53.02,100.0,0.162,-4.104,4388,0.0,-100.0,0.0,-100.0,0.0,-100.0
SOL-USDT-SWAP,breakout,4H,0.01,0.006,0.025,1,0.0,10.0,148.0,0.0,-100.0,1209,694,515,57.4,100.0,0.292,-4.104,4388,0.0,-100.0,0.0,-100.0,0.0,-99.97
SOL-USDT-SWAP,breakout,4H,0.01,0.006,0.03,1,0.0,10.0,148.0,0.0,-100.0,1209,719,490,59.47,100.0,0.285,-4.104,4388,0.01,-100.0,0.0,-100.0,0.0,-99.96
SOL-USDT-SWAP,breakout,4H,0.01,0.008,0.01,1,0.0,10.0,148.0,0.0,-100.0,1209,255,954,21.09,100.0,0.047,-4.104,4388,0.0,-100.0,0.0,-100.0,0.0,-100.0
SOL-USDT-SWAP,breakout,4H,0.01,0.008,0.015,1,0.0,10.0,148.0,0.0,-100.0,1209,458,751,37.88,100.0,0.085,-4.104,4388,0.0,-100.0,0.0,-100.0,0.0,-100.0
SOL-USDT-SWAP,breakout,4H,0.01,0.008,0.02,1,0.0,10.0,148.0,0.0,-100.0,1209,562,647,46.48,100.0,0.18,-4.104,4388,0.0,-100.0,0.0,-100.0,0.0,-100.0
SOL-USDT-SWAP,breakout,4H,0.01,0.008,0.025,1,0.0,10.0,148.0,0.0,-100.0,1209,611,598,50.54,100.0,0.34,-4.104,4388,0.0,-100.0,0.0,-100.0,0.0,-99.97
SOL-USDT-SWAP,breakout,4H,0.01,0.008,0.03,1,0.0,10.0,148.0,0.0,-100.0,1209,637,572,52.69,100.0,0.336,-4.104,4388,0.0,-100.0,0.0,-100.0,0.0,-99.96
SOL-USDT-SWAP,breakout,4H,0.01,0.01,0.01,1,0.0,10.0,148.0,0.0,-100.0,1209,231,978,19.11,100.0,0.051,-4.104,4388,0.0,-100.0,0.0,-100.0,0.0,-100.0
SOL-USDT-SWAP,breakout,4H,0.01,0.01,0.015,1,0.0,10.0,148.0,0.0,-100.0,1209,410,799,33.91,100.0,0.09,-4.104,4388,0.0,-100.0,0.0,-100.0,0.0,-100.0
SOL-USDT-SWAP,breakout,4H,0.01,0.01,0.02,1,0.0,10.0,148.0,0.0,-100.0,1209,510,699,42.18,100.0,0.153,-4.104,4388,0.0,-100.0,0.0,-100.0,0.0,-100.0
SOL-USDT-SWAP,breakout,4H,0.01,0.01,0.025,1,0.0,10.0,148.0,0.0,-100.0,1209,554,655,45.82,100.0,0.33,-4.104,4388,0.0,-100.0,0.0,-100.0,0.0,-99.97
SOL-USDT-SWAP,breakout,4H,0.01,0.01,0.03,1,0.0,10.0,148.0,0.0,-100.0,1209,579,630,47.89,100.0,0.327,-4.104,4388,0.0,-100.0,0.0,-100.0,0.0,-99.96
SOL-USDT-SWAP,breakout,4H,0.01,0.015,0.01,1,0.0,10.0,148.0,0.0,-100.0,1209,209,1000,17.29,100.0,0.048,-4.104,4388,0.0,-100.0,0.0,-100.0,0.0,-100.0
SOL-USDT-SWAP,breakout,4H,0.01,0.015,0.015,1,0.0,10.0,148.0,0.0,-100.0,1209,365,844,30.19,100.0,0.1,-4.104,4388,0.0,-100.0,0.0,-100.0,0.0,-100.0
SOL-USDT-SWAP,breakout,4H,0.01,0.015,0.02,1,0.0,10.0,148.0,0.0,-100.0,1209,447,762,36.97,100.0,0.156,-4.104,4388,0.0,-100.0,0.0,-100.0,0.0,-100.0
SOL-USDT-SWAP,breakout,4H,0.01,0.015,0.025,1,0.0,10.0,148.0,0.0,-100.0,1209,480,729,39.7,100.0,0.392,-4.104,4388,0.0,-100.0,0.0,-100.0,0.0,-99.95
SOL-USDT-SWAP,breakout,4H,0.01,0.015,0.03,1,0.0,10.0,148.0,0.0,-100.0,1209,504,705,41.69,100.0,0.39,-4.104,4388,0.0,-100.0,0.0,-100.0,0.0,-99.92
SOL-USDT-SWAP,breakout,4H,0.01,0.02,0.01,1,0.0,10.0,148.0,0.0,-100.0,1209,201,1008,16.63,100.0,0.038,-4.104,4388,0.0,-100.0,0.0,-100.0,0.0,-100.0
SOL-USDT-SWAP,breakout,4H,0.01,0.02,0.015,1,0.0,10.0,148.0,0.0,-100.0,1209,345,864,28.54,100.0,0.096,-4.104,4388,0.0,-100.0,0.0,-100.0,0.0,-100.0
SOL-USDT-SWAP,breakout,4H,0.01,0.02,0.02,1,0.0,10.0,148.0,0.0,-100.0,1209,420,789,34.74,100.0,0.151,-4.104,4388,0.0,-100.0,0.0,-100.0,0.0,-100.0
SOL-USDT-SWAP,breakout,4H,0.01,0.02,0.025,1,0.0,10.0,148.0,0.0,-100.0,1209,450,759,37.22,100.0,0.319,-4.104,4388,0.0,-100.0,0.0,-100.0,0.0,-99.95
SOL-USDT-SWAP,breakout,4H,0.01,0.02,0.03,1,0.0,10.0,148.0,0.0,-100.0,1209,473,736,39.12,100.0,0.32,-4.104,4388,0.0,-100.0,0.0,-100.0,0.0,-99.92
SOL-USDT-SWAP,breakout,4H,0.01,0.03,0.01,1,0.0,10.0,148.0,0.0,-100.0,1209,195,1014,16.13,100.0,0.038,-4.104,4388,0.0,-100.0,0.0,-100.0,0.0,-100.0
SOL-USDT-SWAP,breakout,4H,0.01,0.03,0.015,1,0.0,10.0,148.0,0.0,-100.0,1209,335,874,27.71,100.0,0.057,-4.104,4388,0.0,-100.0,0.0,-100.0,0.0,-100.0
SOL-USDT-SWAP,breakout,4H,0.01,0.03,0.02,1,0.0,10.0,148.0,0.0,-100.0,1209,400,809,33.09,100.0,0.114,-4.104,4388,0.0,-100.0,0.0,-100.0,0.0,-100.0
SOL-USDT-SWAP,breakout,4H,0.01,0.03,0.025,1,0.0,10.0,148.0,0.0,-100.0,1209,430,779,35.57,100.0,0.324,-4.104,4388,0.0,-100.0,0.0,-100.0,0.0,-99.96
SOL-USDT-SWAP,breakout,4H,0.01,0.03,0.03,1,0.0,10.0,148.0,0.0,-100.0,1209,453,756,37.47,100.0,0.333,-4.104,4388,0.0,-100.0,0.0,-100.0,0.0,-99.92
SOL-USDT-SWAP,fade,4H,0.001,0.006,0.01,1,0.0,10.0,148.0,0.0,-100.0,3421,2339,1082,68.37,100.0,0.911,-4.104,4388,24.78,-83.26,0.0,-99.98,0.0,-99.97
SOL-USDT-SWAP,fade,4H,0.001,0.006,0.015,1,0.0,10.0,148.0,0.22,-99.85,3421,2513,908,73.46,99.97,0.986,-4.098,4388,132.54,-10.45,71.37,-46.15,0.22,-99.69
SOL-USDT-SWAP,fade,4H,0.001,0.006,0.02,1,0.0,10.0,148.0,16370.33,10961.03,3421,2577,844,75.33,97.03,1.019,449.837,4388,2287.97,1445.93,39824.91,1640.62,16370.33,-58.89
SOL-USDT-SWAP,fade,4H,0.001,0.006,0.025,1,0.0,10.0,148.0,139702.21,94293.39,3421,2607,814,76.21,95.3,1.127,3869.77,4388,16583.5,11105.07,155067.05,835.07,139702.21,-9.91
SOL-USDT-SWAP,fade,4H,0.001,0.006,0.03,1,0.0,10.0,148.0,153866.66,103863.96,3421,2617,804,76.5,96.42,1.139,4262.543,4388,26445.17,17768.36,159298.83,502.37,153866.66,-3.41
SOL-USDT-SWAP,fade,4H,0.001,0.008,0.01,1,0.0,10.0,148.0,0.0,-100.0,3421,1952,1469,57.06,100.0,0.906,-4.104,4388,0.7,-99.52,0.0,-100.0,0.0,-100.0
SOL-USDT-SWAP,fade,4H,0.001,0.008,0.015,1,0.0,10.0,148.0,0.0,-100.0,3421,2116,1305,61.85,100.0,0.961,-4.104,4388,3.43,-97.68,0.0,-100.0,0.0,-100.0
SOL-USDT-SWAP,fade,4H,0.001,0.008,0.02,1,0.0,10.0,148.0,0.0,-100.0,3421,2181,1240,63.75,100.0,0.988,-4.104,4388,39.9,-73.04,0.0,-100.0,0.0,-99.99
SOL-USDT-SWAP,fade,4H,0.001,0.008,0.025,1,0.0,10.0,148.0,0.0,-100.0,3421,2211,1210,64.63,100.0,0.995,-4.104,4388,149.09,0.73,0.0,-100.0,0.0,-99.99
SOL-USDT-SWAP,fade,4H,0.001,0.008,0.03,1,0.0,10.0,148.0,0.0,-100.0,3421,2221,1200,64.92,100.0,0.995,-4.104,4388,126.59,-14.47,0.0,-100.0,0.0,-99.99
SOL-USDT-SWAP,fade,4H,0.001,0.01,0.01,1,0.0,10.0,148.0,0.0,-100.0,3421,1691,1730,49.43,100.0,0.817,-4.104,4388,0.01,-100.0,0.0,-100.0,0.0,-100.0
SOL-USDT-SWAP,fade,4H,0.001,0.01,0.015,1,0.0,10.0,148.0,0.0,-100.0,3421,1838,1583,53.73,100.0,0.858,-4.104,4388,0.01,-100.0,0.0,-100.0,0.0,-100.0
SOL-USDT-SWAP,fade,4H,0.001,0.01,0.02,1,0.0,10.0,148.0,0.0,-100.0,3421,1909,1512,55.8,100.0,0.955,-4.104,4388,0.19,-99.87,0.0,-100.0,0.0,-100.0
SOL-USDT-SWAP,fade,4H,0.001,0.01,0.025,1,0.0,10.0,148.0,0.0,-100.0,3421,1943,1478,56.8,100.0,0.984,-4.104,4388,1.28,-99.13,0.0,-100.0,0.0,-100.0
SOL-USDT-SWAP,fade,4H,0.001,0.01,0.03,1,0.0,10.0,148.0,0.0,-100.0,3421,1953,1468,57.09,100.0,0.978,-4.104,4388,1.58,-98.93,0.0,-100.0,0.0,-100.0
SOL-USDT-SWAP,fade,4H,0.001,0.015,0.01,1,0.0,10.0,148.0,0.0,-100.0,3421,1392,2029,40.69,100.0,0.782,-4.104,4388,0.0,-100.0,0.0,-100.0,0.0,-100.0
SOL-USDT-SWAP,fade,4H,0.001,0.015,0.015,1,0.0,10.0,148.0,0.0,-100.0,3421,1526,1895,44.61,100.0,0.761,-4.104,4388,0.0,-100.0,0.0,-100.0,0.0,-100.0
SOL-USDT-SWAP,fade,4H,0.001,0.015,0.02,1,0.0,10.0,148.0,0.0,-100.0,3421,1585,1836,46.33,100.0,0.862,-4.104,4388,0.0,-100.0,0.0,-100.0,0.0,-100.0
SOL-USDT-SWAP,fade,4H,0.001,0.015,0.025,1,0.0,10.0,148.0,0.0,-100.0,3421,1620,1801,47.35,100.0,0.896,-4.104,4388,0.0,-100.0,0.0,-100.0,0.0,-100.0
SOL-USDT-SWAP,fade,4H,0.001,0.015,0.03,1,0.0,10.0,148.0,0.0,-100.0,3421,1630,1791,47.65,100.0,0.896,-4.104,4388,0.01,-100.0,0.0,-100.0,0.0,-100.0
SOL-USDT-SWAP,fade,4H,0.001,0.02,0.01,1,0.0,10.0,148.0,0.0,-100.0,3421,1278,2143,37.36,100.0,0.745,-4.104,4388,0.0,-100.0,0.0,-100.0,0.0,-100.0
SOL-USDT-SWAP,fade,4H,0.001,0.02,0.015,1,0.0,10.0,148.0,0.0,-100.0,3421,1401,2020,40.95,100.0,0.706,-4.104,4388,0.0,-100.0,0.0,-100.0,0.0,-100.0
SOL-USDT-SWAP,fade,4H,0.001,0.02,0.02,1,0.0,10.0,148.0,0.0,-100.0,3421,1459,1962,42.65,100.0,0.746,-4.104,4388,0.0,-100.0,0.0,-100.0,0.0,-100.0
SOL-USDT-SWAP,fade,4H,0.001,0.02,0.025,1,0.0,10.0,148.0,0.0,-100.0,3421,1490,1931,43.55,100.0,0.764,-4.104,4388,0.0,-100.0,0.0,-100.0,0.0,-100.0
SOL-USDT-SWAP,fade,4H,0.001,0.02,0.03,1,0.0,10.0,148.0,0.0,-100.0,3421,1500,1921,43.85,100.0,0.804,-4.104,4388,0.0,-100.0,0.0,-100.0,0.0,-100.0
SOL-USDT-SWAP,fade,4H,0.001,0.03,0.01,1,0.0,10.0,148.0,0.0,-100.0,3421,1232,2189,36.01,100.0,0.727,-4.104,4388,0.0,-100.0,0.0,-100.0,0.0,-100.0
SOL-USDT-SWAP,fade,4H,0.001,0.03,0.015,1,0.0,10.0,148.0,0.0,-100.0,3421,1348,2073,39.4,100.0,0.725,-4.104,4388,0.0,-100.0,0.0,-100.0,0.0,-100.0
SOL-USDT-SWAP,fade,4H,0.001,0.03,0.02,1,0.0,10.0,148.0,0.0,-100.0,3421,1406,2015,41.1,100.0,0.785,-4.104,4388,0.0,-100.0,0.0,-100.0,0.0,-100.0
SOL-USDT-SWAP,fade,4H,0.001,0.03,0.025,1,0.0,10.0,148.0,0.0,-100.0,3421,1432,1989,41.86,100.0,0.823,-4.104,4388,0.0,-100.0,0.0,-100.0,0.0,-100.0
SOL-USDT-SWAP,fade,4H,0.001,0.03,0.03,1,0.0,10.0,148.0,0.0,-100.0,3421,1442,1979,42.15,100.0,0.868,-4.104,4388,0.0,-100.0,0.0,-100.0,0.0,-100.0
SOL-USDT-SWAP,fade,4H,0.002,0.006,0.01,1,0.0,10.0,148.0,0.16,-99.89,3215,2274,941,70.73,99.95,0.973,-4.1,4388,237.59,60.53,10.55,-95.56,0.16,-98.51
SOL-USDT-SWAP,fade,4H,0.002,0.006,0.015,1,0.0,10.0,148.0,158816.94,107208.75,3215,2451,764,76.24,80.58,1.192,4399.812,4388,5295.6,3478.11,152376.66,2777.42,158816.94,4.23
SOL-USDT-SWAP,fade,4H,0.002,0.006,0.02,1,0.0,10.0,148.0,278596.44,188140.84,3215,2512,703,78.13,82.02,1.301,7721.238,4388,39328.41,26473.25,261129.24,563.97,278596.44,6.69
SOL-USDT-SWAP,fade,4H,0.002,0.006,0.025,1,0.0,10.0,148.0,355185.16,239889.98,3215,2539,676,78.97,64.05,1.356,9845.006,4388,79618.62,53696.37,326062.21,309.53,355185.16,8.93
SOL-USDT-SWAP,fade,4H,0.002,0.006,0.03,1,0.0,10.0,148.0,374200.38,252738.1,3215,2551,664,79.35,62.92,1.375,10372.289,4388,91297.77,61587.68,336917.19,269.03,374200.38,11.07
SOL-USDT-SWAP,fade,4H,0.002,0.008,0.01,1,0.0,10.0,148.0,0.0,-100.0,3215,1888,1327,58.72,100.0,0.92,-4.104,4388,11.9,-91.96,0.0,-100.0,0.0,-100.0
SOL-USDT-SWAP,fade,4H,0.002,0.008,0.015,1,0.0,10.0,148.0,0.0,-100.0,3215,2060,1155,64.07,100.0,0.991,-4.104,4388,230.15,55.51,1.6,-99.31,0.0,-99.99
SOL-USDT-SWAP,fade,4H,0.002,0.008,0.02,1,0.0,10.0,148.0,0.11,-99.93,3215,2126,1089,66.13,100.0,0.999,-4.101,4388,2072.8,1300.54,438.29,-78.86,0.11,-99.98
SOL-USDT-SWAP,fade,4H,0.002,0.008,0.025,1,0.0,10.0,148.0,32589.01,21919.6,3215,2150,1065,66.87,95.12,1.024,899.573,4388,16287.6,10905.14,101002.49,520.12,32589.01,-67.73
SOL-USDT-SWAP,fade,4H,0.002,0.008,0.03,1,0.0,10.0,148.0,36418.99,24507.42,3215,2160,1055,67.19,94.72,1.026,1005.777,4388,22560.06,15143.28,102070.67,352.44,36418.99,-64.32
SOL-USDT-SWAP,fade,4H,0.002,0.01,0.01,1,0.0,10.0,148.0,0.0,-100.0,3215,1625,1590,50.54,100.0,0.926,-4.104,4388,0.43,-99.71,0.0,-100.0,0.0,-100.0
SOL-USDT-SWAP,fade,4H,0.002,0.01,0.015,1,0.0,10.0,148.0,0.0,-100.0,3215,1782,1433,55.43,100.0,0.973,-4.104,4388,4.42,-97.01,0.0,-100.0,0.0,-100.0
SOL-USDT-SWAP,fade,4H,0.002,0.01,0.02,1,0.0,10.0,148.0,0.0,-100.0,3215,1849,1366,57.51,100.0,0.99,-4.104,4388,43.62,-70.53,0.0,-100.0,0.0,-100.0
SOL-USDT-SWAP,fade,4H,0.002,0.01,0.025,1,0.0,10.0,148.0,0.0,-100.0,3215,1871,1344,58.2,100.0,0.997,-4.104,4388,227.13,53.47,0.0,-100.0,0.0,-100.0
SOL-USDT-SWAP,fade,4H,0.002,0.01,0.03,1,0.0,10.0,148.0,0.0,-100.0,3215,1883,1332,58.57,100.0,0.998,-4.104,4388,384.23,159.61,0.0,-100.0,0.0,-100.0
SOL-USDT-SWAP,fade,4H,0.002,0.015,0.01,1,0.0,10.0,148.0,0.0,-100.0,3215,1331,1884,41.4,100.0,0.726,-4.104,4388,0.0,-100.0,0.0,-100.0,0.0,-100.0
SOL-USDT-SWAP,fade,4H,0.002,0.015,0.015,1,0.0,10.0,148.0,0.0,-100.0,3215,1462,1753,45.47,100.0,0.804,-4.104,4388,0.0,-100.0,0.0,-100.0,0.0,-100.0
SOL-USDT-SWAP,fade,4H,0.002,0.015,0.02,1,0.0,10.0,148.0,0.0,-100.0,3215,1533,1682,47.68,100.0,0.931,-4.104,4388,0.02,-99.99,0.0,-100.0,0.0,-100.0
SOL-USDT-SWAP,fade,4H,0.002,0.015,0.025,1,0.0,10.0,148.0,0.0,-100.0,3215,1554,1661,48.34,100.0,0.962,-4.104,4388,0.06,-99.96,0.0,-100.0,0.0,-100.0
SOL-USDT-SWAP,fade,4H,0.002,0.015,0.03,1,0.0,10.0,148.0,0.0,-100.0,3215,1564,1651,48.65,100.0,0.945,-4.104,4388,0.05,-99.97,0.0,-100.0,0.0,-100.0
SOL-USDT-SWAP,fade,4H,0.002,0.02,0.01,1,0.0,10.0,148.0,0.0,-100.0,3215,1204,2011,37.45,100.0,0.719,-4.104,4388,0.0,-100.0,0.0,-100.0,0.0,-100.0
SOL-USDT-SWAP,fade,4H,0.002,0.02,0.015,1,0.0,10.0,148.0,0.0,-100.0,3215,1327,1888,41.28,100.0,0.728,-4.104,4388,0.0,-100.0,0.0,-100.0,0.0,-100.0
SOL-USDT-SWAP,fade,4H,0.002,0.02,0.02,1,0.0,10.0,148.0,0.0,-100.0,3215,1392,1823,43.3,100.0,0.754,-4.104,4388,0.0,-100.0,0.0,-100.0,0.0,-100.0
SOL-USDT-SWAP,fade,4H,0.002,0.02,0.025,1,0.0,10.0,148.0,0.0,-100.0,3215,1412,1803,43.92,100.0,0.827,-4.104,4388,0.0,-100.0,0.0,-100.0,0.0,-100.0
SOL-USDT-SWAP,fade,4H,0.002,0.02,0.03,1,0.0,10.0,148.0,0.0,-100.0,3215,1424,1791,44.29,100.0,0.829,-4.104,4388,0.0,-100.0,0.0,-100.0,0.0,-100.0
SOL-USDT-SWAP,fade,4H,0.002,0.03,0.01,1,0.0,10.0,148.0,0.0,-100.0,3215,1159,2056,36.05,100.0,0.773,-4.104,4388,0.0,-100.0,0.0,-100.0,0.0,-100.0
SOL-USDT-SWAP,fade,4H,0.002,0.03,0.015,1,0.0,10.0,148.0,0.0,-100.0,3215,1272,1943,39.56,100.0,0.789,-4.104,4388,0.0,-100.0,0.0,-100.0,0.0,-100.0
SOL-USDT-SWAP,fade,4H,0.002,0.03,0.02,1,0.0,10.0,148.0,0.0,-100.0,3215,1336,1879,41.56,100.0,0.842,-4.104,4388,0.0,-100.0,0.0,-100.0,0.0,-100.0
SOL-USDT-SWAP,fade,4H,0.002,0.03,0.025,1,0.0,10.0,148.0,0.0,-100.0,3215,1351,1864,42.02,100.0,0.875,-4.104,4388,0.0,-100.0,0.0,-100.0,0.0,-100.0
SOL-USDT-SWAP,fade,4H,0.002,0.03,0.03,1,0.0,10.0,148.0,0.0,-100.0,3215,1362,1853,42.36,100.0,0.887,-4.104,4388,0.0,-100.0,0.0,-100.0,0.0,-100.0
SOL-USDT-SWAP,fade,4H,0.003,0.006,0.01,1,0.0,10.0,148.0,31182.06,20968.96,3006,2204,802,73.32,96.76,1.075,860.559,4388,1505.27,917.07,33506.55,2125.95,31182.06,-6.94
SOL-USDT-SWAP,fade,4H,0.003,0.006,0.015,1,0.0,10.0,148.0,351150.69,237163.98,3006,2378,628,79.11,56.69,1.444,9733.132,4388,55142.5,37158.44,311866.83,465.57,351150.69,12.6
SOL-USDT-SWAP,fade,4H,0.003,0.006,0.02,1,0.0,10.0,148.0,471808.25,318689.35,3006,2437,569,81.07,44.83,1.572,13078.906,4388,113297.18,76452.15,414412.94,265.78,471808.25,13.85
SOL-USDT-SWAP,fade,4H,0.003,0.006,0.025,1,0.0,10.0,148.0,529569.26,357717.06,3006,2463,543,81.94,41.7,1.669,14680.591,4388,127656.05,86154.09,464751.26,264.07,529569.26,13.95
SOL-USDT-SWAP,fade,4H,0.003,0.006,0.03,1,0.0,10.0,148.0,562848.22,380202.85,3006,2476,530,82.37,32.3,1.729,15603.4,4388,137346.94,92701.99,493615.35,259.39,562848.22,14.03
SOL-USDT-SWAP,fade,4H,0.003,0.008,0.01,1,0.0,10.0,148.0,0.01,-100.0,3006,1856,1150,61.74,100.0,0.976,-4.104,4388,122.49,-17.24,3.79,-96.91,0.01,-99.86
SOL-USDT-SWAP,fade,4H,0.003,0.008,0.015,1,0.0,10.0,148.0,70492.08,47529.79,3006,2012,994,66.93,97.9,1.076,1950.607,4388,2687.89,1716.14,96218.32,3479.7,70492.08,-26.74
SOL-USDT-SWAP,fade,4H,0.003,0.008,0.02,1,0.0,10.0,148.0,242470.74,163731.58,3006,2073,933,68.96,75.94,1.182,6719.49,4388,72738.91,49047.91,258809.77,255.81,242470.74,-6.31
SOL-USDT-SWAP,fade,4H,0.003,0.008,0.025,1,0.0,10.0,148.0,319925.28,216065.73,3006,2097,909,69.76,45.16,1.243,8867.267,4388,104774.31,70693.46,326969.88,212.07,319925.28,-2.15
SOL-USDT-SWAP,fade,4H,0.003,0.008,0.03,1,0.0,10.0,148.0,334020.4,225589.46,3006,2108,898,70.13,40.8,1.253,9258.117,4388,116669.54,78730.77,340099.64,191.51,334020.4,-1.79
SOL-USDT-SWAP,fade,4H,0.003,0.01,0.01,1,0.0,10.0,148.0,0.0,-100.0,3006,1582,1424,52.63,100.0,0.944,-4.104,4388,2.26,-98.47,0.0,-100.0,0.0,-100.0
SOL-USDT-SWAP,fade,4H,0.003,0.01,0.015,1,0.0,10.0,148.0,0.0,-100.0,3006,1734,1272,57.68,100.0,0.987,-4.104,4388,72.3,-51.15,0.0,-100.0,0.0,-99.97
SOL-USDT-SWAP,fade,4H,0.003,0.01,0.02,1,0.0,10.0,148.0,0.0,-100.0,3006,1792,1214,59.61,100.0,0.999,-4.104,4388,2450.28,1555.59,0.2,-99.99,0.0,-99.96
SOL-USDT-SWAP,fade,4H,0.003,0.01,0.025,1,0.0,10.0,148.0,390.87,164.1,3006,1818,1188,60.48,99.73,1.0,6.735,4388,26274.44,17653.0,37899.31,44.24,390.87,-98.97
SOL-USDT-SWAP,fade,4H,0.003,0.01,0.03,1,0.0,10.0,148.0,2149.32,1352.24,3006,1829,1177,60.84,98.68,1.001,55.496,4388,38392.23,25840.7,61198.6,59.4,2149.32,-96.49
SOL-USDT-SWAP,fade,4H,0.003,0.015,0.01,1,0.0,10.0,148.0,0.0,-100.0,3006,1287,1719,42.81,100.0,0.816,-4.104,4388,0.0,-100.0,0.0,-100.0,0.0,-100.0
SOL-USDT-SWAP,fade,4H,0.003,0.015,0.015,1,0.0,10.0,148.0,0.0,-100.0,3006,1413,1593,47.01,100.0,0.866,-4.104,4388,0.01,-99.99,0.0,-100.0,0.0,-100.0
SOL-USDT-SWAP,fade,4H,0.003,0.015,0.02,1,0.0,10.0,148.0,0.0,-100.0,3006,1475,1531,49.07,100.0,0.983,-4.104,4388,0.91,-99.38,0.0,-100.0,0.0,-100.0
SOL-USDT-SWAP,fade,4H,0.003,0.015,0.025,1,0.0,10.0,148.0,0.0,-100.0,3006,1497,1509,49.8,100.0,0.993,-4.104,4388,10.12,-93.16,0.0,-100.0,0.0,-100.0
SOL-USDT-SWAP,fade,4H,0.003,0.015,0.03,1,0.0,10.0,148.0,0.0,-100.0,3006,1507,1499,50.13,100.0,0.99,-4.104,4388,3.98,-97.31,0.0,-100.0,0.0,-100.0
SOL-USDT-SWAP,fade,4H,0.003,0.02,0.01,1,0.0,10.0,148.0,0.0,-100.0,3006,1171,1835,38.96,100.0,0.671,-4.104,4388,0.0,-100.0,0.0,-100.0,0.0,-100.0
SOL-USDT-SWAP,fade,4H,0.003,0.02,0.015,1,0.0,10.0,148.0,0.0,-100.0,3006,1285,1721,42.75,100.0,0.696,-4.104,4388,0.0,-100.0,0.0,-100.0,0.0,-100.0
SOL-USDT-SWAP,fade,4H,0.003,0.02,0.02,1,0.0,10.0,148.0,0.0,-100.0,3006,1342,1664,44.64,100.0,0.871,-4.104,4388,0.0,-100.0,0.0,-100.0,0.0,-100.0
SOL-USDT-SWAP,fade,4H,0.003,0.02,0.025,1,0.0,10.0,148.0,0.0,-100.0,3006,1364,1642,45.38,100.0,0.917,-4.104,4388,0.01,-100.0,0.0,-100.0,0.0,-100.0
SOL-USDT-SWAP,fade,4H,0.003,0.02,0.03,1,0.0,10.0,148.0,0.0,-100.0,3006,1375,1631,45.74,100.0,0.895,-4.104,4388,0.0,-100.0,0.0,-100.0,0.0,-100.0
SOL-USDT-SWAP,fade,4H,0.003,0.03,0.01,1,0.0,10.0,148.0,0.0,-100.0,3006,1111,1895,36.96,100.0,0.767,-4.104,4388,0.0,-100.0,0.0,-100.0,0.0,-100.0
SOL-USDT-SWAP,fade,4H,0.003,0.03,0.015,1,0.0,10.0,148.0,0.0,-100.0,3006,1224,1782,40.72,100.0,0.774,-4.104,4388,0.0,-100.0,0.0,-100.0,0.0,-100.0
SOL-USDT-SWAP,fade,4H,0.003,0.03,0.02,1,0.0,10.0,148.0,0.0,-100.0,3006,1278,1728,42.51,100.0,0.897,-4.104,4388,0.0,-100.0,0.0,-100.0,0.0,-100.0
SOL-USDT-SWAP,fade,4H,0.003,0.03,0.025,1,0.0,10.0,148.0,0.0,-100.0,3006,1294,1712,43.05,100.0,0.915,-4.104,4388,0.0,-100.0,0.0,-100.0,0.0,-100.0
SOL-USDT-SWAP,fade,4H,0.003,0.03,0.03,1,0.0,10.0,148.0,0.0,-100.0,3006,1302,1704,43.31,100.0,0.886,-4.104,4388,0.0,-100.0,0.0,-100.0,0.0,-100.0
SOL-USDT-SWAP,fade,4H,0.005,0.006,0.01,1,0.0,10.0,148.0,106471.4,71840.14,2548,1919,629,75.31,93.43,1.181,2948.296,4388,7212.83,4773.53,113866.52,1478.67,106471.4,-6.49
SOL-USDT-SWAP,fade,4H,0.005,0.006,0.015,1,0.0,10.0,148.0,405492.02,273881.09,2548,2087,461,81.91,57.4,1.606,11239.99,4388,95955.99,64735.13,361551.26,276.79,405492.02,12.15
SOL-USDT-SWAP,fade,4H,0.005,0.006,0.02,1,0.0,10.0,148.0,510976.51,345154.4,2548,2139,409,83.95,44.48,1.786,14165.023,4388,147242.35,99388.07,458146.33,211.15,510976.51,11.53
SOL-USDT-SWAP,fade,4H,0.005,0.006,0.025,1,0.0,10.0,148.0,578820.22,390994.75,2548,2166,382,85.01,46.71,1.961,16046.296,4388,153882.83,103874.88,502304.27,226.42,578820.22,15.23
SOL-USDT-SWAP,fade,4H,0.005,0.006,0.03,1,0.0,10.0,148.0,607090.94,410096.58,2548,2176,372,85.4,53.76,2.03,16830.229,4388,172559.04,116493.94,530547.56,207.46,607090.94,14.43
SOL-USDT-SWAP,fade,4H,0.005,0.008,0.01,1,0.0,10.0,148.0,90278.05,60898.68,2548,1676,872,65.78,95.62,1.139,2499.262,4388,4059.48,2642.89,95319.31,2248.07,90278.05,-5.29
SOL-USDT-SWAP,fade,4H,0.005,0.008,0.015,1,0.0,10.0,148.0,380932.54,257286.85,2548,1828,720,71.74,70.03,1.413,10558.968,4388,81043.68,54659.24,347773.02,329.12,380932.54,9.53
SOL-USDT-SWAP,fade,4H,0.005,0.008,0.02,1,0.0,10.0,148.0,476679.99,321981.07,2548,1878,670,73.7,45.29,1.486,13213.997,4388,130075.68,87788.98,441922.04,239.74,476679.99,7.87
SOL-USDT-SWAP,fade,4H,0.005,0.008,0.025,1,0.0,10.0,148.0,531083.33,358740.09,2548,1901,647,74.61,46.71,1.556,14722.576,4388,139331.41,94042.84,483284.85,246.86,531083.33,9.89
SOL-USDT-SWAP,fade,4H,0.005,0.008,0.03,1,0.0,10.0,148.0,543029.36,366811.73,2548,1910,638,74.96,53.76,1.565,15053.833,4388,153609.3,103690.07,501518.06,226.49,543029.36,8.28
SOL-USDT-SWAP,fade,4H,0.005,0.01,0.01,1,0.0,10.0,148.0,0.06,-99.96,2548,1441,1107,56.55,100.0,0.992,-4.102,4388,402.7,172.1,6.65,-98.35,0.06,-99.15
SOL-USDT-SWAP,fade,4H,0.005,0.01,0.015,1,0.0,10.0,148.0,101096.71,68208.59,2548,1566,982,61.46,96.25,1.091,2799.258,4388,22659.77,15210.65,109639.22,383.85,101096.71,-7.79
SOL-USDT-SWAP,fade,4H,0.005,0.01,0.02,1,0.0,10.0,148.0,243168.95,164203.35,2548,1622,926,63.66,50.41,1.184,6738.851,4388,94574.9,63801.96,250738.83,165.12,243168.95,-3.02
SOL-USDT-SWAP,fade,4H,0.005,0.01,0.025,1,0.0,10.0,148.0,294924.94,199173.6,2548,1642,906,64.44,48.09,1.225,8174.019,4388,113658.59,76696.35,290699.01,155.77,294924.94,1.45
SOL-USDT-SWAP,fade,4H,0.005,0.01,0.03,1,0.0,10.0,148.0,298070.74,201299.15,2548,1650,898,64.76,53.76,1.224,8261.251,4388,122520.77,82684.3,300875.84,145.57,298070.74,-0.93
SOL-USDT-SWAP,fade,4H,0.005,0.015,0.01,1,0.0,10.0,148.0,0.0,-100.0,2548,1121,1427,44.0,100.0,0.873,-4.104,4388,0.25,-99.83,0.0,-100.0,0.0,-100.0
SOL-USDT-SWAP,fade,4H,0.005,0.015,0.015,1,0.0,10.0,148.0,0.0,-100.0,2548,1246,1302,48.9,100.0,0.962,-4.104,4388,5.17,-96.5,0.0,-100.0,0.0,-100.0
SOL-USDT-SWAP,fade,4H,0.005,0.015,0.02,1,0.0,10.0,148.0,0.0,-100.0,2548,1297,1251,50.9,100.0,0.993,-4.104,4388,98.19,-33.66,0.0,-100.0,0.0,-100.0
SOL-USDT-SWAP,fade,4H,0.005,0.015,0.025,1,0.0,10.0,148.0,0.0,-100.0,2548,1315,1233,51.61,100.0,0.996,-4.104,4388,204.62,38.26,0.0,-100.0,0.0,-100.0
SOL-USDT-SWAP,fade,4H,0.005,0.015,0.03,1,0.0,10.0,148.0,0.0,-100.0,2548,1322,1226,51.88,100.0,0.995,-4.104,4388,118.94,-19.64,0.0,-100.0,0.0,-100.0
SOL-USDT-SWAP,fade,4H,0.005,0.02,0.01,1,0.0,10.0,148.0,0.0,-100.0,2548,1005,1543,39.44,100.0,0.633,-4.104,4388,0.0,-100.0,0.0,-100.0,0.0,-100.0
SOL-USDT-SWAP,fade,4H,0.005,0.02,0.015,1,0.0,10.0,148.0,0.0,-100.0,2548,1118,1430,43.88,100.0,0.763,-4.104,4388,0.0,-100.0,0.0,-100.0,0.0,-100.0
SOL-USDT-SWAP,fade,4H,0.005,0.02,0.02,1,0.0,10.0,148.0,0.0,-100.0,2548,1169,1379,45.88,100.0,0.847,-4.104,4388,0.07,-99.95,0.0,-100.0,0.0,-100.0
SOL-USDT-SWAP,fade,4H,0.005,0.02,0.025,1,0.0,10.0,148.0,0.0,-100.0,2548,1188,1360,46.62,100.0,0.89,-4.104,4388,0.37,-99.75,0.0,-100.0,0.0,-100.0
SOL-USDT-SWAP,fade,4H,0.005,0.02,0.03,1,0.0,10.0,148.0,0.0,-100.0,2548,1193,1355,46.82,100.0,0.871,-4.104,4388,0.16,-99.89,0.0,-100.0,0.0,-100.0
SOL-USDT-SWAP,fade,4H,0.005,0.03,0.01,1,0.0,10.0,148.0,0.0,-100.0,2548,949,1599,37.24,100.0,0.733,-4.104,4388,0.0,-100.0,0.0,-100.0,0.0,-100.0
SOL-USDT-SWAP,fade,4H,0.005,0.03,0.015,1,0.0,10.0,148.0,0.0,-100.0,2548,1054,1494,41.37,100.0,0.828,-4.104,4388,0.0,-100.0,0.0,-100.0,0.0,-100.0
SOL-USDT-SWAP,fade,4H,0.005,0.03,0.02,1,0.0,10.0,148.0,0.0,-100.0,2548,1098,1450,43.09,100.0,0.869,-4.104,4388,0.0,-100.0,0.0,-100.0,0.0,-100.0
SOL-USDT-SWAP,fade,4H,0.005,0.03,0.025,1,0.0,10.0,148.0,0.0,-100.0,2548,1115,1433,43.76,100.0,0.88,-4.104,4388,0.01,-100.0,0.0,-100.0,0.0,-100.0
SOL-USDT-SWAP,fade,4H,0.005,0.03,0.03,1,0.0,10.0,148.0,0.0,-100.0,2548,1120,1428,43.96,100.0,0.859,-4.104,4388,0.0,-100.0,0.0,-100.0,0.0,-100.0
SOL-USDT-SWAP,fade,4H,0.007,0.006,0.01,1,0.0,10.0,148.0,171018.58,115453.1,2121,1632,489,76.94,56.51,1.293,4738.157,4388,16092.56,10773.35,158686.52,886.09,171018.58,7.77
SOL-USDT-SWAP,fade,4H,0.007,0.006,0.015,1,0.0,10.0,148.0,384351.73,259597.11,2121,1764,357,83.17,46.62,1.732,10653.78,4388,83860.02,56562.17,333648.14,297.86,384351.73,15.2
SOL-USDT-SWAP,fade,4H,0.007,0.006,0.02,1,0.0,10.0,148.0,505725.83,341606.64,2121,1819,302,85.76,39.16,2.031,14019.424,4388,121542.74,82023.47,427820.73,251.99,505725.83,18.21
SOL-USDT-SWAP,fade,4H,0.007,0.006,0.025,1,0.0,10.0,148.0,579594.27,391517.75,2121,1846,275,87.03,46.71,2.332,16067.76,4388,141603.86,95578.29,474936.24,235.4,579594.27,22.04
SOL-USDT-SWAP,fade,4H,0.007,0.006,0.03,1,0.0,10.0,148.0,580950.45,392434.09,2121,1851,270,87.27,53.76,2.341,16105.366,4388,141970.5,95826.02,475917.92,235.22,580950.45,22.07
SOL-USDT-SWAP,fade,4H,0.007,0.008,0.01,1,0.0,10.0,148.0,261982.21,176915.01,2121,1462,659,68.93,55.5,1.322,7260.534,4388,58679.23,39548.13,269285.93,358.91,261982.21,-2.71
SOL-USDT-SWAP,fade,4H,0.007,0.008,0.015,1,0.0,10.0,148.0,444938.58,300534.18,2121,1582,539,74.59,45.58,1.57,12333.824,4388,126996.46,85708.42,422078.44,232.35,444938.58,5.42
SOL-USDT-SWAP,fade,4H,0.007,0.008,0.02,1,0.0,10.0,148.0,554342.1,374455.47,2121,1631,490,76.9,39.16,1.734,15367.53,4388,159152.62,107435.56,506120.08,218.01,554342.1,9.53
SOL-USDT-SWAP,fade,4H,0.007,0.008,0.025,1,0.0,10.0,148.0,606450.87,409664.1,2121,1652,469,77.89,46.71,1.833,16812.48,4388,180560.09,121900.06,539525.79,198.81,606450.87,12.4
SOL-USDT-SWAP,fade,4H,0.007,0.008,0.03,1,0.0,10.0,148.0,608189.45,410838.82,2121,1659,462,78.22,53.76,1.834,16860.69,4388,178879.35,120764.42,546020.18,205.24,608189.45,11.39
SOL-USDT-SWAP,fade,4H,0.007,0.01,0.01,1,0.0,10.0,148.0,197199.22,133142.72,2121,1286,835,60.63,60.74,1.212,5464.133,4388,31745.59,21349.72,224875.66,608.37,197199.22,-12.31
SOL-USDT-SWAP,fade,4H,0.007,0.01,0.015,1,0.0,10.0,148.0,341084.81,230362.71,2121,1392,729,65.63,58.03,1.36,9454.01,4388,76503.14,51591.31,348771.16,355.89,341084.81,-2.2
SOL-USDT-SWAP,fade,4H,0.007,0.01,0.02,1,0.0,10.0,148.0,420534.13,284044.69,2121,1435,686,67.66,47.07,1.414,11657.101,4388,112927.37,76202.28,421767.09,273.49,420534.13,-0.29
SOL-USDT-SWAP,fade,4H,0.007,0.01,0.025,1,0.0,10.0,148.0,471186.57,318269.31,2121,1455,666,68.6,46.71,1.471,13061.668,4388,132273.89,89274.25,457665.79,246.0,471186.57,2.95
SOL-USDT-SWAP,fade,4H,0.007,0.01,0.03,1,0.0,10.0,148.0,456050.72,308042.38,2121,1462,659,68.93,60.36,1.458,12641.958,4388,119593.09,80706.14,447635.54,274.3,456050.72,1.88
SOL-USDT-SWAP,fade,4H,0.007,0.015,0.01,1,0.0,10.0,148.0,0.0,-100.0,2121,971,1150,45.78,100.0,0.964,-4.104,4388,55.36,-62.59,0.0,-100.0,0.0,-99.99
SOL-USDT-SWAP,fade,4H,0.007,0.015,0.015,1,0.0,10.0,148.0,0.0,-100.0,2121,1063,1058,50.12,100.0,0.992,-4.104,4388,659.81,345.82,0.0,-100.0,0.0,-99.98
SOL-USDT-SWAP,fade,4H,0.007,0.015,0.02,1,0.0,10.0,148.0,0.0,-100.0,2121,1099,1022,51.82,100.0,0.998,-4.104,4388,2698.13,1723.06,0.01,-100.0,0.0,-100.0
SOL-USDT-SWAP,fade,4H,0.007,0.015,0.025,1,0.0,10.0,148.0,0.0,-100.0,2121,1116,1005,52.62,100.0,1.0,-4.104,4388,21146.75,14188.35,0.07,-100.0,0.0,-100.0
SOL-USDT-SWAP,fade,4H,0.007,0.015,0.03,1,0.0,10.0,148.0,0.0,-100.0,2121,1126,995,53.09,100.0,1.0,-4.104,4388,19431.43,13029.34,6.46,-99.97,0.0,-100.0
SOL-USDT-SWAP,fade,4H,0.007,0.02,0.01,1,0.0,10.0,148.0,0.0,-100.0,2121,860,1261,40.55,100.0,0.735,-4.104,4388,0.12,-99.92,0.0,-100.0,0.0,-100.0
SOL-USDT-SWAP,fade,4H,0.007,0.02,0.015,1,0.0,10.0,148.0,0.0,-100.0,2121,957,1164,45.12,100.0,0.879,-4.104,4388,1.83,-98.76,0.0,-100.0,0.0,-100.0
SOL-USDT-SWAP,fade,4H,0.007,0.02,0.02,1,0.0,10.0,148.0,0.0,-100.0,2121,986,1135,46.49,100.0,0.909,-4.104,4388,2.79,-98.12,0.0,-100.0,0.0,-100.0
SOL-USDT-SWAP,fade,4H,0.007,0.02,0.025,1,0.0,10.0,148.0,0.0,-100.0,2121,1001,1120,47.19,100.0,0.915,-4.104,4388,5.21,-96.48,0.0,-100.0,0.0,-100.0
SOL-USDT-SWAP,fade,4H,0.007,0.02,0.03,1,0.0,10.0,148.0,0.0,-100.0,2121,1011,1110,47.67,100.0,0.888,-4.104,4388,5.3,-96.42,0.0,-100.0,0.0,-100.0
SOL-USDT-SWAP,fade,4H,0.007,0.03,0.01,1,0.0,10.0,148.0,0.0,-100.0,2121,787,1334,37.11,100.0,0.733,-4.104,4388,0.0,-100.0,0.0,-100.0,0.0,-100.0
SOL-USDT-SWAP,fade,4H,0.007,0.03,0.015,1,0.0,10.0,148.0,0.0,-100.0,2121,880,1241,41.49,100.0,0.748,-4.104,4388,0.0,-100.0,0.0,-100.0,0.0,-100.0
SOL-USDT-SWAP,fade,4H,0.007,0.03,0.02,1,0.0,10.0,148.0,0.0,-100.0,2121,909,1212,42.86,100.0,0.813,-4.104,4388,0.01,-100.0,0.0,-100.0,0.0,-100.0
SOL-USDT-SWAP,fade,4H,0.007,0.03,0.025,1,0.0,10.0,148.0,0.0,-100.0,2121,924,1197,43.56,100.0,0.811,-4.104,4388,0.03,-99.98,0.0,-100.0,0.0,-100.0
SOL-USDT-SWAP,fade,4H,0.007,0.03,0.03,1,0.0,10.0,148.0,0.0,-100.0,2121,932,1189,43.94,100.0,0.766,-4.104,4388,0.02,-99.99,0.0,-100.0,0.0,-100.0
SOL-USDT-SWAP,fade,4H,0.01,0.006,0.01,1,0.0,10.0,148.0,88963.7,60010.6,1629,1248,381,76.61,62.54,1.257,2462.816,4388,1487.19,904.86,71649.79,4717.78,88963.7,24.16
SOL-USDT-SWAP,fade,4H,0.01,0.006,0.015,1,0.0,10.0,148.0,232518.98,157007.42,1629,1347,282,82.69,56.16,1.541,6443.533,4388,25313.78,17003.91,176875.22,598.73,232518.98,31.46
SOL-USDT-SWAP,fade,4H,0.01,0.006,0.02,1,0.0,10.0,148.0,336404.19,227200.13,1629,1397,232,85.76,55.16,1.903,9324.219,4388,47137.33,31749.54,248394.55,426.96,336404.19,35.43
SOL-USDT-SWAP,fade,4H,0.01,0.006,0.025,1,0.0,10.0,148.0,398288.39,269013.78,1629,1422,207,87.29,65.24,2.19,11040.237,4388,63272.99,42652.02,300528.75,374.97,398288.39,32.53
SOL-USDT-SWAP,fade,4H,0.01,0.006,0.03,1,0.0,10.0,148.0,437429.74,295460.63,1629,1435,194,88.09,68.56,2.38,12125.607,4388,85892.98,57935.8,330823.51,285.16,437429.74,32.22
SOL-USDT-SWAP,fade,4H,0.01,0.008,0.01,1,0.0,10.0,148.0,209761.85,141630.98,1629,1139,490,69.92,52.56,1.412,5812.489,4388,6138.09,4047.35,169081.02,2654.62,209761.85,24.06
SOL-USDT-SWAP,fade,4H,0.01,0.008,0.015,1,0.0,10.0,148.0,358231.19,241948.1,1629,1231,398,75.57,48.08,1.636,9929.471,4388,63262.51,42644.94,281346.99,344.73,358231.19,27.33
SOL-USDT-SWAP,fade,4H,0.01,0.008,0.02,1,0.0,10.0,148.0,462327.04,312283.13,1629,1275,354,78.27,52.54,1.876,12815.997,4388,91769.2,61906.22,354091.83,285.85,462327.04,30.57
SOL-USDT-SWAP,fade,4H,0.01,0.008,0.025,1,0.0,10.0,148.0,525394.06,354895.99,1629,1298,331,79.68,61.1,2.073,14564.815,4388,107446.24,72498.81,402763.92,274.85,525394.06,30.45
SOL-USDT-SWAP,fade,4H,0.01,0.008,0.03,1,0.0,10.0,148.0,565847.31,382229.27,1629,1310,319,80.42,68.56,2.207,15686.564,4388,131868.43,89000.29,434970.58,229.85,565847.31,30.09
SOL-USDT-SWAP,fade,4H,0.01,0.01,0.01,1,0.0,10.0,148.0,217807.4,147067.16,1629,1024,605,62.86,61.78,1.321,6035.588,4388,18006.97,12066.87,164854.44,815.5,217807.4,32.12
SOL-USDT-SWAP,fade,4H,0.01,0.01,0.015,1,0.0,10.0,148.0,339529.33,229311.71,1629,1104,525,67.77,42.82,1.454,9410.877,4388,80539.93,54318.87,269642.21,234.79,339529.33,25.92
SOL-USDT-SWAP,fade,4H,0.01,0.01,0.02,1,0.0,10.0,148.0,424037.7,286411.96,1629,1142,487,70.1,52.54,1.58,11754.253,4388,105348.17,71081.19,323940.7,207.5,424037.7,30.9
SOL-USDT-SWAP,fade,4H,0.01,0.01,0.025,1,0.0,10.0,148.0,483040.94,326279.01,1629,1163,466,71.39,61.1,1.69,13390.383,4388,123295.25,83207.6,370311.43,200.35,483040.94,30.44
SOL-USDT-SWAP,fade,4H,0.01,0.01,0.03,1,0.0,10.0,148.0,516902.9,349158.71,1629,1175,454,72.13,68.56,1.753,14329.359,4388,149394.03,100841.91,396758.88,165.58,516902.9,30.28
SOL-USDT-SWAP,fade,4H,0.01,0.015,0.01,1,0.0,10.0,148.0,0.07,-99.95,1629,796,833,48.86,99.99,0.972,-4.102,4388,49.39,-66.63,2.92,-94.09,0.07,-97.66
SOL-USDT-SWAP,fade,4H,0.01,0.015,0.015,1,0.0,10.0,148.0,3.74,-97.47,1629,870,759,53.41,99.97,0.999,-4.0,4388,1049.0,608.78,279.04,-73.4,3.74,-98.66
SOL-USDT-SWAP,fade,4H,0.01,0.015,0.02,1,0.0,10.0,148.0,35.83,-75.79,1629,903,726,55.43,99.91,1.0,-3.11,4388,4598.43,3007.05,1470.03,-68.03,35.83,-97.56
SOL-USDT-SWAP,fade,4H,0.01,0.015,0.025,1,0.0,10.0,148.0,74825.44,50457.73,1629,917,712,56.29,86.67,1.079,2070.769,4388,9137.4,6073.92,93554.96,923.87,74825.44,-20.02
SOL-USDT-SWAP,fade,4H,0.01,0.015,0.03,1,0.0,10.0,148.0,90636.95,61141.18,1629,927,702,56.91,83.5,1.095,2509.214,4388,9797.92,6520.21,97410.58,894.2,90636.95,-6.95
SOL-USDT-SWAP,fade,4H,0.01,0.02,0.01,1,0.0,10.0,148.0,0.0,-100.0,1629,687,942,42.17,100.0,0.789,-4.104,4388,0.16,-99.89,0.0,-100.0,0.0,-99.89
SOL-USDT-SWAP,fade,4H,0.01,0.02,0.015,1,0.0,10.0,148.0,0.0,-100.0,1629,758,871,46.53,100.0,0.886,-4.104,4388,1.77,-98.81,0.0,-100.0,0.0,-99.96
SOL-USDT-SWAP,fade,4H,0.01,0.02,0.02,1,0.0,10.0,148.0,0.0,-100.0,1629,786,843,48.25,100.0,0.926,-4.104,4388,7.79,-94.74,0.0,-100.0,0.0,-99.97
SOL-USDT-SWAP,fade,4H,0.01,0.02,0.025,1,0.0,10.0,148.0,0.0,-100.0,1629,799,830,49.05,100.0,0.918,-4.104,4388,6.1,-95.88,0.0,-100.0,0.0,-99.99
SOL-USDT-SWAP,fade,4H,0.01,0.02,0.03,1,0.0,10.0,148.0,0.0,-100.0,1629,811,818,49.79,100.0,0.918,-4.104,4388,13.11,-91.14,0.0,-100.0,0.0,-99.98
SOL-USDT-SWAP,fade,4H,0.01,0.03,0.01,1,0.0,10.0,148.0,0.0,-100.0,1629,626,1003,38.43,100.0,0.678,-4.104,4388,0.0,-100.0,0.0,-100.0,0.0,-99.99
SOL-USDT-SWAP,fade,4H,0.01,0.03,0.015,1,0.0,10.0,148.0,0.0,-100.0,1629,692,937,42.48,100.0,0.699,-4.104,4388,0.01,-99.99,0.0,-100.0,0.0,-100.0
SOL-USDT-SWAP,fade,4H,0.01,0.03,0.02,1,0.0,10.0,148.0,0.0,-100.0,1629,719,910,44.14,100.0,0.742,-4.104,4388,0.09,-99.94,0.0,-100.0,0.0,-100.0
SOL-USDT-SWAP,fade,4H,0.01,0.03,0.025,1,0.0,10.0,148.0,0.0,-100.0,1629,729,900,44.75,100.0,0.721,-4.104,4388,0.06,-99.96,0.0,-100.0,0.0,-100.0
SOL-USDT-SWAP,fade,4H,0.01,0.03,0.03,1,0.0,10.0,148.0,0.0,-100.0,1629,739,890,45.37,100.0,0.677,-4.104,4388,0.09,-99.94,0.0,-100.0,0.0,-100.0
SOL-USDT-SWAP,reversal,6H,0.001,0.006,0.01,1,0.0,10.0,148.0,0.0,-100.0,1804,1290,514,71.51,100.0,0.665,-4.093,2934,5.65,-96.18,0.04,-99.28,0.0,-95.42
SOL-USDT-SWAP,reversal,6H,0.001,0.006,0.015,1,0.0,10.0,148.0,23.69,-83.99,1804,1425,379,78.99,98.9,0.989,-3.438,2934,747.76,405.24,136.79,-81.71,23.69,-82.68
SOL-USDT-SWAP,reversal,6H,0.001,0.006,0.02,1,0.0,10.0,148.0,116439.85,78575.58,1804,1494,310,82.82,58.3,1.19,3215.917,2934,32353.07,21760.18,111643.62,245.08,116439.85,4.3
SOL-USDT-SWAP,reversal,6H,0.001,0.006,0.025,1,0.0,10.0,148.0,181125.44,122282.05,1804,1524,280,84.48,61.75,1.304,5004.722,2934,52966.08,35687.89,163159.64,208.05,181125.44,11.01
SOL-USDT-SWAP,reversal,6H,0.001,0.006,0.03,1,0.0,10.0,148.0,251358.43,169736.77,1804,1546,258,85.7,66.23,1.454,6946.935,2934,77967.56,52580.78,221345.44,183.89,251358.43,13.56
SOL-USDT-SWAP,reversal,6H,0.001,0.008,0.01,1,0.0,10.0,148.0,0.0,-100.0,1804,1121,683,62.14,100.0,0.797,-4.093,2934,7.39,-95.01,0.01,-99.93,0.0,-99.32
SOL-USDT-SWAP,reversal,6H,0.001,0.008,0.015,1,0.0,10.0,148.0,0.31,-99.79,1804,1255,549,69.57,99.99,0.988,-4.084,2934,704.74,376.18,13.37,-98.1,0.31,-97.67
SOL-USDT-SWAP,reversal,6H,0.001,0.008,0.02,1,0.0,10.0,148.0,5882.48,3874.65,1804,1318,486,73.06,96.02,1.008,158.58,2934,27665.26,18592.74,38891.43,40.58,5882.48,-84.87
SOL-USDT-SWAP,reversal,6H,0.001,0.008,0.025,1,0.0,10.0,148.0,91027.29,61404.93,1804,1345,459,74.56,72.63,1.104,2513.162,2934,34504.85,23214.09,103760.47,200.71,91027.29,-12.27
SOL-USDT-SWAP,reversal,6H,0.001,0.008,0.03,1,0.0,10.0,148.0,122996.74,83005.91,1804,1362,442,75.5,76.42,1.143,3397.24,2934,46443.15,31280.5,125134.71,169.44,122996.74,-1.71
SOL-USDT-SWAP,reversal,6H,0.001,0.01,0.01,1,0.0,10.0,148.0,0.0,-100.0,1804,985,819,54.6,100.0,0.743,-4.093,2934,0.37,-99.75,0.0,-99.97,0.0,-99.93
SOL-USDT-SWAP,reversal,6H,0.001,0.01,0.015,1,0.0,10.0,148.0,0.0,-100.0,1804,1108,696,61.42,100.0,0.932,-4.093,2934,26.08,-82.38,0.04,-99.86,0.0,-99.75
SOL-USDT-SWAP,reversal,6H,0.001,0.01,0.02,1,0.0,10.0,148.0,0.0,-100.0,1804,1163,641,64.47,100.0,0.99,-4.093,2934,405.32,173.86,0.59,-99.85,0.0,-99.76
SOL-USDT-SWAP,reversal,6H,0.001,0.01,0.025,1,0.0,10.0,148.0,0.0,-100.0,1804,1187,617,65.8,100.0,0.99,-4.093,2934,404.05,173.01,2.1,-99.48,0.0,-99.89
SOL-USDT-SWAP,reversal,6H,0.001,0.01,0.03,1,0.0,10.0,148.0,0.0,-100.0,1804,1200,604,66.52,100.0,0.995,-4.093,2934,1213.95,720.24,1.4,-99.88,0.0,-99.91
SOL-USDT-SWAP,reversal,6H,0.001,0.015,0.01,1,0.0,10.0,148.0,0.0,-100.0,1804,793,1011,43.96,100.0,0.515,-4.093,2934,0.04,-99.97,0.0,-100.0,0.0,-100.0
SOL-USDT-SWAP,reversal,6H,0.001,0.015,0.015,1,0.0,10.0,148.0,0.0,-100.0,1804,897,907,49.72,100.0,0.746,-4.093,2934,2.22,-98.5,0.0,-100.0,0.0,-100.0
SOL-USDT-SWAP,reversal,6H,0.001,0.015,0.02,1,0.0,10.0,148.0,0.0,-100.0,1804,946,858,52.44,100.0,0.925,-4.093,2934,20.26,-86.31,0.0,-100.0,0.0,-100.0
SOL-USDT-SWAP,reversal,6H,0.001,0.015,0.025,1,0.0,10.0,148.0,0.0,-100.0,1804,963,841,53.38,100.0,0.913,-4.093,2934,11.03,-92.55,0.0,-100.0,0.0,-100.0
SOL-USDT-SWAP,reversal,6H,0.001,0.015,0.03,1,0.0,10.0,148.0,0.0,-100.0,1804,975,829,54.05,100.0,0.956,-4.093,2934,48.6,-67.16,0.0,-100.0,0.0,-100.0
SOL-USDT-SWAP,reversal,6H,0.001,0.02,0.01,1,0.0,10.0,148.0,0.0,-100.0,1804,713,1091,39.52,100.0,0.592,-4.093,2934,0.04,-99.97,0.0,-100.0,0.0,-100.0
SOL-USDT-SWAP,reversal,6H,0.001,0.02,0.015,1,0.0,10.0,148.0,0.0,-100.0,1804,810,994,44.9,100.0,0.783,-4.093,2934,0.77,-99.48,0.0,-100.0,0.0,-100.0
SOL-USDT-SWAP,reversal,6H,0.001,0.02,0.02,1,0.0,10.0,148.0,0.0,-100.0,1804,846,958,46.9,100.0,0.837,-4.093,2934,0.7,-99.53,0.0,-100.0,0.0,-100.0
SOL-USDT-SWAP,reversal,6H,0.001,0.02,0.025,1,0.0,10.0,148.0,0.0,-100.0,1804,858,946,47.56,100.0,0.769,-4.093,2934,0.12,-99.92,0.0,-100.0,0.0,-100.0
SOL-USDT-SWAP,reversal,6H,0.001,0.02,0.03,1,0.0,10.0,148.0,0.0,-100.0,1804,869,935,48.17,100.0,0.795,-4.093,2934,0.21,-99.86,0.0,-100.0,0.0,-100.0
SOL-USDT-SWAP,reversal,6H,0.001,0.03,0.01,1,0.0,10.0,148.0,0.0,-100.0,1804,658,1146,36.47,100.0,0.592,-4.093,2934,0.0,-100.0,0.0,-100.0,0.0,-100.0
SOL-USDT-SWAP,reversal,6H,0.001,0.03,0.015,1,0.0,10.0,148.0,0.0,-100.0,1804,752,1052,41.69,100.0,0.8,-4.093,2934,0.02,-99.99,0.0,-100.0,0.0,-100.0
SOL-USDT-SWAP,reversal,6H,0.001,0.03,0.02,1,0.0,10.0,148.0,0.0,-100.0,1804,783,1021,43.4,100.0,0.796,-4.093,2934,0.01,-99.99,0.0,-100.0,0.0,-100.0
SOL-USDT-SWAP,reversal,6H,0.001,0.03,0.025,1,0.0,10.0,148.0,0.0,-100.0,1804,793,1011,43.96,100.0,0.702,-4.093,2934,0.0,-100.0,0.0,-100.0,0.0,-100.0
SOL-USDT-SWAP,reversal,6H,0.001,0.03,0.03,1,0.0,10.0,148.0,0.0,-100.0,1804,802,1002,44.46,100.0,0.688,-4.093,2934,0.0,-100.0,0.0,-100.0,0.0,-100.0
SOL-USDT-SWAP,reversal,6H,0.002,0.006,0.01,1,0.0,10.0,148.0,0.19,-99.87,1698,1235,463,72.73,99.92,0.658,-4.088,2934,7.35,-95.03,0.81,-89.04,0.19,-77.0
SOL-USDT-SWAP,reversal,6H,0.002,0.006,0.015,1,0.0,10.0,148.0,12223.84,8159.35,1698,1373,325,80.86,95.57,1.069,333.943,2934,1368.96,824.98,8018.12,485.71,12223.84,52.45
SOL-USDT-SWAP,reversal,6H,0.002,0.006,0.02,1,0.0,10.0,148.0,208561.67,140820.05,1698,1440,258,84.81,48.74,1.401,5763.44,2934,38991.77,26245.79,166817.8,327.83,208561.67,25.02
SOL-USDT-SWAP,reversal,6H,0.002,0.006,0.025,1,0.0,10.0,148.0,261450.46,176555.72,1698,1466,232,86.34,57.57,1.518,7226.018,2934,58076.0,39140.54,204332.97,251.84,261450.46,27.95
SOL-USDT-SWAP,reversal,6H,0.002,0.006,0.03,1,0.0,10.0,148.0,326750.94,220677.66,1698,1487,211,87.57,62.44,1.717,9031.828,2934,77882.5,52523.31,260199.06,234.09,326750.94,25.58
SOL-USDT-SWAP,reversal,6H,0.002,0.008,0.01,1,0.0,10.0,148.0,0.14,-99.91,1698,1095,603,64.49,99.93,0.91,-4.089,2934,78.09,-47.24,5.75,-92.64,0.14,-97.61
SOL-USDT-SWAP,reversal,6H,0.002,0.008,0.015,1,0.0,10.0,148.0,56602.68,38145.05,1698,1227,471,72.26,90.98,1.082,1561.189,2934,25397.91,17060.75,65035.03,156.06,56602.68,-12.97
SOL-USDT-SWAP,reversal,6H,0.002,0.008,0.02,1,0.0,10.0,148.0,202699.67,136859.24,1698,1286,412,75.74,49.62,1.249,5601.333,2934,83809.57,56528.09,205477.64,145.17,202699.67,-1.35
SOL-USDT-SWAP,reversal,6H,0.002,0.008,0.025,1,0.0,10.0,148.0,232668.8,157108.65,1698,1308,390,77.03,46.66,1.286,6430.095,2934,102724.94,69308.75,229416.34,123.33,232668.8,1.42
SOL-USDT-SWAP,reversal,6H,0.002,0.008,0.03,1,0.0,10.0,148.0,266019.4,179642.84,1698,1324,374,77.97,46.24,1.336,7352.367,2934,115491.53,77934.82,259099.91,124.35,266019.4,2.67
SOL-USDT-SWAP,reversal,6H,0.002,0.01,0.01,1,0.0,10.0,148.0,0.0,-100.0,1698,951,747,56.01,100.0,0.781,-4.093,2934,8.64,-94.16,0.01,-99.83,0.0,-99.42
SOL-USDT-SWAP,reversal,6H,0.002,0.01,0.015,1,0.0,10.0,148.0,0.84,-99.43,1698,1074,624,63.25,99.99,0.996,-4.069,2934,2264.16,1429.84,19.35,-99.15,0.84,-95.65
SOL-USDT-SWAP,reversal,6H,0.002,0.01,0.02,1,0.0,10.0,148.0,39.02,-73.63,1698,1124,574,66.2,99.94,1.0,-3.014,2934,28472.01,19137.85,1485.01,-94.78,39.02,-97.37
SOL-USDT-SWAP,reversal,6H,0.002,0.01,0.025,1,0.0,10.0,148.0,58759.61,39602.44,1698,1143,555,67.31,71.85,1.058,1620.837,2934,41534.39,27963.78,79749.49,92.01,58759.61,-26.32
SOL-USDT-SWAP,reversal,6H,0.002,0.01,0.03,1,0.0,10.0,148.0,83405.31,56254.94,1698,1158,540,68.2,65.9,1.083,2302.385,2934,58229.81,39244.46,104778.16,79.94,83405.31,-20.4
SOL-USDT-SWAP,reversal,6H,0.002,0.015,0.01,1,0.0,10.0,148.0,0.0,-100.0,1698,769,929,45.29,100.0,0.516,-4.093,2934,0.4,-99.73,0.0,-100.0,0.0,-99.98
SOL-USDT-SWAP,reversal,6H,0.002,0.015,0.015,1,0.0,10.0,148.0,0.0,-100.0,1698,867,831,51.06,100.0,0.854,-4.093,2934,18.37,-87.59,0.0,-100.0,0.0,-99.98
SOL-USDT-SWAP,reversal,6H,0.002,0.015,0.02,1,0.0,10.0,148.0,0.0,-100.0,1698,914,784,53.83,100.0,0.973,-4.093,2934,145.6,-1.62,0.0,-100.0,0.0,-99.99
SOL-USDT-SWAP,reversal,6H,0.002,0.015,0.025,1,0.0,10.0,148.0,0.0,-100.0,1698,926,772,54.53,100.0,0.968,-4.093,2934,122.28,-17.38,0.0,-100.0,0.0,-100.0
SOL-USDT-SWAP,reversal,6H,0.002,0.015,0.03,1,0.0,10.0,148.0,0.0,-100.0,1698,936,762,55.12,100.0,0.977,-4.093,2934,330.04,123.0,0.0,-100.0,0.0,-100.0
SOL-USDT-SWAP,reversal,6H,0.002,0.02,0.01,1,0.0,10.0,148.0,0.0,-100.0,1698,675,1023,39.75,100.0,0.488,-4.093,2934,0.04,-99.97,0.0,-100.0,0.0,-100.0
SOL-USDT-SWAP,reversal,6H,0.002,0.02,0.015,1,0.0,10.0,148.0,0.0,-100.0,1698,767,931,45.17,100.0,0.73,-4.093,2934,0.83,-99.44,0.0,-100.0,0.0,-100.0
SOL-USDT-SWAP,reversal,6H,0.002,0.02,0.02,1,0.0,10.0,148.0,0.0,-100.0,1698,797,901,46.94,100.0,0.889,-4.093,2934,1.0,-99.32,0.0,-100.0,0.0,-100.0
SOL-USDT-SWAP,reversal,6H,0.002,0.02,0.025,1,0.0,10.0,148.0,0.0,-100.0,1698,806,892,47.47,100.0,0.847,-4.093,2934,0.28,-99.81,0.0,-100.0,0.0,-100.0
SOL-USDT-SWAP,reversal,6H,0.002,0.02,0.03,1,0.0,10.0,148.0,0.0,-100.0,1698,815,883,48.0,100.0,0.818,-4.093,2934,0.3,-99.8,0.0,-100.0,0.0,-100.0
SOL-USDT-SWAP,reversal,6H,0.002,0.03,0.01,1,0.0,10.0,148.0,0.0,-100.0,1698,626,1072,36.87,100.0,0.516,-4.093,2934,0.0,-100.0,0.0,-100.0,0.0,-100.0
SOL-USDT-SWAP,reversal,6H,0.002,0.03,0.015,1,0.0,10.0,148.0,0.0,-100.0,1698,715,983,42.11,100.0,0.758,-4.093,2934,0.03,-99.98,0.0,-100.0,0.0,-100.0
SOL-USDT-SWAP,reversal,6H,0.002,0.03,0.02,1,0.0,10.0,148.0,0.0,-100.0,1698,739,959,43.52,100.0,0.825,-4.093,2934,0.02,-99.98,0.0,-100.0,0.0,-100.0
SOL-USDT-SWAP,reversal,6H,0.002,0.03,0.025,1,0.0,10.0,148.0,0.0,-100.0,1698,747,951,43.99,100.0,0.737,-4.093,2934,0.01,-100.0,0.0,-100.0,0.0,-100.0
SOL-USDT-SWAP,reversal,6H,0.002,0.03,0.03,1,0.0,10.0,148.0,0.0,-100.0,1698,756,942,44.52,100.0,0.654,-4.093,2934,0.01,-100.0,0.0,-100.0,0.0,-100.0
SOL-USDT-SWAP,reversal,6H,0.003,0.006,0.01,1,0.0,10.0,148.0,0.32,-99.78,1598,1165,433,72.9,99.86,0.765,-4.084,2934,13.84,-90.65,1.38,-90.05,0.32,-76.52
SOL-USDT-SWAP,reversal,6H,0.003,0.006,0.015,1,0.0,10.0,148.0,103397.71,69763.32,1598,1319,279,82.54,94.33,1.339,2855.252,2934,5530.25,3636.66,65229.01,1079.49,103397.71,58.51
SOL-USDT-SWAP,reversal,6H,0.003,0.006,0.02,1,0.0,10.0,148.0,285015.89,192478.3,1598,1389,209,86.92,37.21,1.632,7877.693,2934,65493.51,44152.37,212036.13,223.75,285015.89,34.42
SOL-USDT-SWAP,reversal,6H,0.003,0.006,0.025,1,0.0,10.0,148.0,343848.62,232230.15,1598,1415,183,88.55,45.03,1.827,9504.644,2934,84950.29,57298.84,268293.84,215.82,343848.62,28.16
SOL-USDT-SWAP,reversal,6H,0.003,0.006,0.03,1,0.0,10.0,148.0,406051.54,274259.15,1598,1435,163,89.8,44.52,2.099,11224.795,2934,106247.12,71688.6,323019.17,204.03,406051.54,25.71
SOL-USDT-SWAP,reversal,6H,0.003,0.008,0.01,1,0.0,10.0,148.0,2.18,-98.53,1598,1043,555,65.27,99.04,0.932,-4.033,2934,32.09,-78.32,49.0,52.7,2.18,-95.56
SOL-USDT-SWAP,reversal,6H,0.003,0.008,0.015,1,0.0,10.0,148.0,109802.82,74091.09,1598,1177,421,73.65,95.21,1.225,3032.378,2934,8913.37,5922.55,98744.54,1007.82,109802.82,11.2
SOL-USDT-SWAP,reversal,6H,0.003,0.008,0.02,1,0.0,10.0,148.0,284399.01,192061.5,1598,1236,362,77.35,30.48,1.406,7860.634,2934,80847.95,54526.99,253341.28,213.36,284399.01,12.26
SOL-USDT-SWAP,reversal,6H,0.003,0.008,0.025,1,0.0,10.0,148.0,321037.91,216817.5,1598,1258,340,78.72,30.2,1.464,8873.841,2934,94040.61,63440.95,293740.81,212.36,321037.91,9.29
SOL-USDT-SWAP,reversal,6H,0.003,0.008,0.03,1,0.0,10.0,148.0,381869.94,257920.23,1598,1277,321,79.91,37.8,1.592,10556.08,2934,115210.63,77745.02,349526.6,203.38,381869.94,9.25
SOL-USDT-SWAP,reversal,6H,0.003,0.01,0.01,1,0.0,10.0,148.0,0.01,-99.99,1598,920,678,57.57,99.99,0.865,-4.092,2934,16.94,-88.55,1.25,-92.62,0.01,-99.09
SOL-USDT-SWAP,reversal,6H,0.003,0.01,0.015,1,0.0,10.0,148.0,984.71,565.35,1598,1048,550,65.58,99.38,1.003,23.138,2934,5525.66,3633.56,10123.19,83.2,984.71,-90.27
SOL-USDT-SWAP,reversal,6H,0.003,0.01,0.02,1,0.0,10.0,148.0,189408.4,127878.65,1598,1101,497,68.9,47.03,1.208,5233.778,2934,62711.87,42272.88,177306.72,182.73,189408.4,6.83
SOL-USDT-SWAP,reversal,6H,0.003,0.01,0.025,1,0.0,10.0,148.0,198485.02,134011.5,1598,1120,478,70.09,47.15,1.213,5484.782,2934,71457.19,48181.88,196610.24,175.14,198485.02,0.95
SOL-USDT-SWAP,reversal,6H,0.003,0.01,0.03,1,0.0,10.0,148.0,224104.33,151321.84,1598,1135,463,71.03,58.05,1.251,6193.254,2934,77919.13,52548.06,219015.73,181.08,224104.33,2.32
SOL-USDT-SWAP,reversal,6H,0.003,0.015,0.01,1,0.0,10.0,148.0,0.0,-100.0,1598,743,855,46.5,100.0,0.706,-4.093,2934,1.21,-99.18,0.0,-99.99,0.0,-99.96
SOL-USDT-SWAP,reversal,6H,0.003,0.015,0.015,1,0.0,10.0,148.0,0.0,-100.0,1598,845,753,52.88,100.0,0.894,-4.093,2934,27.79,-81.22,0.01,-99.96,0.0,-99.91
SOL-USDT-SWAP,reversal,6H,0.003,0.015,0.02,1,0.0,10.0,148.0,0.0,-100.0,1598,887,711,55.51,100.0,0.989,-4.093,2934,445.56,201.05,0.3,-99.93,0.0,-99.96
SOL-USDT-SWAP,reversal,6H,0.003,0.015,0.025,1,0.0,10.0,148.0,0.0,-100.0,1598,899,699,56.26,100.0,0.991,-4.093,2934,398.94,169.55,0.03,-99.99,0.0,-100.0
SOL-USDT-SWAP,reversal,6H,0.003,0.015,0.03,1,0.0,10.0,148.0,0.0,-100.0,1598,909,689,56.88,100.0,0.995,-4.093,2934,1205.51,714.53,0.06,-100.0,0.0,-100.0
SOL-USDT-SWAP,reversal,6H,0.003,0.02,0.01,1,0.0,10.0,148.0,0.0,-100.0,1598,655,943,40.99,100.0,0.598,-4.093,2934,0.14,-99.9,0.0,-100.0,0.0,-99.99
SOL-USDT-SWAP,reversal,6H,0.003,0.02,0.015,1,0.0,10.0,148.0,0.0,-100.0,1598,746,852,46.68,100.0,0.772,-4.093,2934,2.13,-98.56,0.0,-100.0,0.0,-99.98
SOL-USDT-SWAP,reversal,6H,0.003,0.02,0.02,1,0.0,10.0,148.0,0.0,-100.0,1598,778,820,48.69,100.0,0.948,-4.093,2934,7.84,-94.7,0.0,-100.0,0.0,-99.99
SOL-USDT-SWAP,reversal,6H,0.003,0.02,0.025,1,0.0,10.0,148.0,0.0,-100.0,1598,786,812,49.19,100.0,0.921,-4.093,2934,1.18,-99.21,0.0,-100.0,0.0,-100.0
SOL-USDT-SWAP,reversal,6H,0.003,0.02,0.03,1,0.0,10.0,148.0,0.0,-100.0,1598,795,803,49.75,100.0,0.92,-4.093,2934,1.96,-98.68,0.0,-100.0,0.0,-100.0
SOL-USDT-SWAP,reversal,6H,0.003,0.03,0.01,1,0.0,10.0,148.0,0.0,-100.0,1598,599,999,37.48,100.0,0.576,-4.093,2934,0.01,-100.0,0.0,-100.0,0.0,-99.99
SOL-USDT-SWAP,reversal,6H,0.003,0.03,0.015,1,0.0,10.0,148.0,0.0,-100.0,1598,684,914,42.8,100.0,0.749,-4.093,2934,0.04,-99.98,0.0,-100.0,0.0,-100.0
SOL-USDT-SWAP,reversal,6H,0.003,0.03,0.02,1,0.0,10.0,148.0,0.0,-100.0,1598,711,887,44.49,100.0,0.832,-4.093,2934,0.04,-99.97,0.0,-100.0,0.0,-100.0
SOL-USDT-SWAP,reversal,6H,0.003,0.03,0.025,1,0.0,10.0,148.0,0.0,-100.0,1598,718,880,44.93,100.0,0.753,-4.093,2934,0.01,-99.99,0.0,-100.0,0.0,-100.0
SOL-USDT-SWAP,reversal,6H,0.003,0.03,0.03,1,0.0,10.0,148.0,0.0,-100.0,1598,725,873,45.37,100.0,0.69,-4.093,2934,0.01,-99.99,0.0,-100.0,0.0,-100.0
SOL-USDT-SWAP,reversal,6H,0.005,0.006,0.01,1,0.0,10.0,148.0,10.98,-92.58,1402,1038,364,74.04,98.75,0.959,-3.789,2934,257.71,74.13,28.97,-88.76,10.98,-62.1
SOL-USDT-SWAP,reversal,6H,0.005,0.006,0.015,1,0.0,10.0,148.0,195225.6,131809.19,1402,1187,215,84.66,37.58,1.462,5394.646,2934,61420.17,41400.12,154855.38,152.12,195225.6,26.07
SOL-USDT-SWAP,reversal,6H,0.005,0.006,0.02,1,0.0,10.0,148.0,290185.88,195971.54,1402,1239,163,88.37,22.01,1.775,8020.663,2934,83730.1,56474.39,221278.26,164.28,290185.88,31.14
SOL-USDT-SWAP,reversal,6H,0.005,0.006,0.025,1,0.0,10.0,148.0,364278.27,246033.97,1402,1267,135,90.37,27.0,2.124,10069.603,2934,110999.26,74899.5,285356.57,157.08,364278.27,27.66
SOL-USDT-SWAP,reversal,6H,0.005,0.006,0.03,1,0.0,10.0,148.0,414955.84,280275.57,1402,1283,119,91.51,32.0,2.458,11471.033,2934,123109.25,83081.93,324298.23,163.42,414955.84,27.96
SOL-USDT-SWAP,reversal,6H,0.005,0.008,0.01,1,0.0,10.0,148.0,23725.29,15930.6,1402,960,442,68.47,95.37,1.102,652.003,2934,1138.52,669.27,8825.71,675.19,23725.29,168.82
SOL-USDT-SWAP,reversal,6H,0.005,0.008,0.015,1,0.0,10.0,148.0,312291.53,210907.79,1402,1095,307,78.1,47.5,1.571,8631.97,2934,80738.0,54452.7,251029.58,210.92,312291.53,24.4
SOL-USDT-SWAP,reversal,6H,0.005,0.008,0.02,1,0.0,10.0,148.0,411276.11,277789.27,1402,1145,257,81.67,24.74,1.806,11369.274,2934,104952.78,70814.04,322477.9,207.26,411276.11,27.54
SOL-USDT-SWAP,reversal,6H,0.005,0.008,0.025,1,0.0,10.0,148.0,478597.96,323277.0,1402,1169,233,83.38,27.3,2.016,13230.982,2934,130736.1,88235.2,383842.13,193.6,478597.96,24.69
SOL-USDT-SWAP,reversal,6H,0.005,0.008,0.03,1,0.0,10.0,148.0,539756.2,364600.13,1402,1185,217,84.52,32.0,2.27,14922.243,2934,145699.54,98345.64,435814.45,199.12,539756.2,23.85
SOL-USDT-SWAP,reversal,6H,0.005,0.01,0.01,1,0.0,10.0,148.0,229.16,54.84,1402,846,556,60.34,97.55,1.002,2.244,2934,712.31,381.29,2714.25,281.05,229.16,-91.56
SOL-USDT-SWAP,reversal,6H,0.005,0.01,0.015,1,0.0,10.0,148.0,243642.46,164523.28,1402,965,437,68.83,48.52,1.331,6733.559,2934,76641.89,51685.06,228422.76,198.04,243642.46,6.66
SOL-USDT-SWAP,reversal,6H,0.005,0.01,0.02,1,0.0,10.0,148.0,323465.54,218457.8,1402,1007,395,71.83,24.74,1.448,8940.974,2934,99640.23,67224.48,293766.76,194.83,323465.54,10.11
SOL-USDT-SWAP,reversal,6H,0.005,0.01,0.025,1,0.0,10.0,148.0,384575.81,259748.52,1402,1031,371,73.54,27.3,1.555,10630.908,2934,122223.11,82483.18,351909.74,187.92,384575.81,9.28
SOL-USDT-SWAP,reversal,6H,0.005,0.01,0.03,1,0.0,10.0,148.0,444471.31,300218.45,1402,1046,356,74.61,32.0,1.68,12287.249,2934,140263.07,94672.34,407016.15,190.18,444471.31,9.2
SOL-USDT-SWAP,reversal,6H,0.005,0.015,0.01,1,0.0,10.0,148.0,0.01,-100.0,1402,679,723,48.43,100.0,0.968,-4.093,2934,65.45,-55.78,0.74,-98.86,0.01,-99.02
SOL-USDT-SWAP,reversal,6H,0.005,0.015,0.015,1,0.0,10.0,148.0,21.0,-85.81,1402,776,626,55.35,99.94,0.999,-3.512,2934,11393.61,7598.39,954.08,-91.63,21.0,-97.8
SOL-USDT-SWAP,reversal,6H,0.005,0.015,0.02,1,0.0,10.0,148.0,87337.02,58911.5,1402,808,594,57.63,72.68,1.083,2411.112,2934,43168.8,29068.11,111868.14,159.14,87337.02,-21.93
SOL-USDT-SWAP,reversal,6H,0.005,0.015,0.025,1,0.0,10.0,148.0,89630.25,60460.98,1402,824,578,58.77,55.36,1.082,2474.529,2934,58723.49,39578.03,119394.39,103.32,89630.25,-24.93
SOL-USDT-SWAP,reversal,6H,0.005,0.015,0.03,1,0.0,10.0,148.0,101127.64,68229.49,1402,831,571,59.27,56.51,1.092,2792.476,2934,69697.54,46992.93,139865.7,100.68,101127.64,-27.7
SOL-USDT-SWAP,reversal,6H,0.005,0.02,0.01,1,0.0,10.0,148.0,0.0,-100.0,1402,585,817,41.73,100.0,0.797,-4.093,2934,2.21,-98.51,0.0,-100.0,0.0,-99.77
SOL-USDT-SWAP,reversal,6H,0.005,0.02,0.015,1,0.0,10.0,148.0,0.0,-100.0,1402,668,734,47.65,100.0,0.98,-4.093,2934,91.52,-38.16,0.0,-100.0,0.0,-99.79
SOL-USDT-SWAP,reversal,6H,0.005,0.02,0.02,1,0.0,10.0,148.0,0.0,-100.0,1402,693,709,49.43,100.0,0.98,-4.093,2934,78.35,-47.06,0.0,-100.0,0.0,-99.95
SOL-USDT-SWAP,reversal,6H,0.005,0.02,0.025,1,0.0,10.0,148.0,0.0,-100.0,1402,707,695,50.43,100.0,0.984,-4.093,2934,68.01,-54.05,0.0,-100.0,0.0,-99.99
SOL-USDT-SWAP,reversal,6H,0.005,0.02,0.03,1,0.0,10.0,148.0,0.0,-100.0,1402,714,688,50.93,100.0,0.99,-4.093,2934,99.5,-32.77,0.0,-100.0,0.0,-100.0
SOL-USDT-SWAP,reversal,6H,0.005,0.03,0.01,1,0.0,10.0,148.0,0.0,-100.0,1402,537,865,38.3,100.0,0.782,-4.093,2934,0.5,-99.66,0.0,-100.0,0.0,-99.92
SOL-USDT-SWAP,reversal,6H,0.005,0.03,0.015,1,0.0,10.0,148.0,0.0,-100.0,1402,604,798,43.08,100.0,0.906,-4.093,2934,0.82,-99.44,0.0,-100.0,0.0,-99.96
SOL-USDT-SWAP,reversal,6H,0.005,0.03,0.02,1,0.0,10.0,148.0,0.0,-100.0,1402,625,777,44.58,100.0,0.852,-4.093,2934,0.25,-99.83,0.0,-100.0,0.0,-99.99
SOL-USDT-SWAP,reversal,6H,0.005,0.03,0.025,1,0.0,10.0,148.0,0.0,-100.0,1402,638,764,45.51,100.0,0.801,-4.093,2934,0.16,-99.89,0.0,-100.0,0.0,-100.0
SOL-USDT-SWAP,reversal,6H,0.005,0.03,0.03,1,0.0,10.0,148.0,0.0,-100.0,1402,643,759,45.86,100.0,0.808,-4.093,2934,0.13,-99.91,0.0,-100.0,0.0,-100.0
SOL-USDT-SWAP,reversal,6H,0.007,0.006,0.01,1,0.0,10.0,148.0,283.67,91.67,1200,907,293,75.58,96.28,1.004,3.752,2934,1773.65,1098.41,580.87,-67.25,283.67,-51.16
SOL-USDT-SWAP,reversal,6H,0.007,0.006,0.015,1,0.0,10.0,148.0,157850.0,106555.4,1200,1020,180,85.0,37.68,1.422,4361.067,2934,42635.03,28707.45,131810.23,209.16,157850.0,19.76
SOL-USDT-SWAP,reversal,6H,0.007,0.006,0.02,1,0.0,10.0,148.0,232640.97,157089.84,1200,1062,138,88.5,22.0,1.705,6429.325,2934,58713.73,39571.44,183298.78,212.19,232640.97,26.92
SOL-USDT-SWAP,reversal,6H,0.007,0.006,0.025,1,0.0,10.0,148.0,299593.03,202327.72,1200,1089,111,90.75,27.0,2.063,8280.807,2934,87033.46,58706.39,246943.44,183.73,299593.03,21.32
SOL-USDT-SWAP,reversal,6H,0.007,0.006,0.03,1,0.0,10.0,148.0,354973.16,239746.73,1200,1106,94,92.17,32.0,2.513,9812.281,2934,89481.91,60360.75,289142.26,223.13,354973.16,22.77
SOL-USDT-SWAP,reversal,6H,0.007,0.008,0.01,1,0.0,10.0,148.0,131508.84,88757.32,1200,850,350,70.83,49.03,1.264,3632.633,2934,42057.21,28317.04,105012.27,149.69,131508.84,25.23
SOL-USDT-SWAP,reversal,6H,0.007,0.008,0.015,1,0.0,10.0,148.0,323904.6,218754.46,1200,961,239,80.08,22.96,1.716,8953.116,2934,106914.75,72139.7,270284.37,152.8,323904.6,19.84
SOL-USDT-SWAP,reversal,6H,0.007,0.008,0.02,1,0.0,10.0,148.0,411150.85,277704.63,1200,1001,199,83.42,22.0,2.008,11365.81,2934,128015.61,86397.03,329707.79,157.55,411150.85,24.7
SOL-USDT-SWAP,reversal,6H,0.007,0.008,0.025,1,0.0,10.0,148.0,475972.23,321502.86,1200,1026,174,85.5,27.0,2.307,13158.371,2934,155120.93,104711.44,390771.76,151.91,475972.23,21.8
SOL-USDT-SWAP,reversal,6H,0.007,0.008,0.03,1,0.0,10.0,148.0,535890.72,361988.32,1200,1043,157,86.92,32.0,2.683,14815.347,2934,158005.04,106660.16,437058.94,176.61,535890.72,22.61
SOL-USDT-SWAP,reversal,6H,0.007,0.01,0.01,1,0.0,10.0,148.0,187476.48,126573.29,1200,784,416,65.33,51.03,1.331,5180.353,2934,41882.48,28198.97,141853.43,238.69,187476.48,32.16
SOL-USDT-SWAP,reversal,6H,0.007,0.01,0.015,1,0.0,10.0,148.0,365718.25,247006.93,1200,885,315,73.75,30.45,1.643,10109.424,2934,105579.88,71237.75,302438.86,186.46,365718.25,20.92
SOL-USDT-SWAP,reversal,6H,0.007,0.01,0.02,1,0.0,10.0,148.0,444903.19,300510.26,1200,921,279,76.75,24.96,1.833,12299.192,2934,123342.35,83239.43,363927.29,195.05,444903.19,22.25
SOL-USDT-SWAP,reversal,6H,0.007,0.01,0.025,1,0.0,10.0,148.0,509441.04,344116.92,1200,944,256,78.67,29.79,2.03,14083.912,2934,149825.28,101133.29,428007.73,185.67,509441.04,19.03
SOL-USDT-SWAP,reversal,6H,0.007,0.01,0.03,1,0.0,10.0,148.0,577326.89,389985.74,1200,960,240,80.0,32.0,2.291,15961.217,2934,155381.14,104887.26,486301.63,212.97,577326.89,18.72
SOL-USDT-SWAP,reversal,6H,0.007,0.015,0.01,1,0.0,10.0,148.0,20.21,-86.35,1200,600,600,50.0,99.93,0.999,-3.534,2934,11335.1,7558.85,444.23,-96.08,20.21,-95.45
SOL-USDT-SWAP,reversal,6H,0.007,0.015,0.015,1,0.0,10.0,148.0,87160.3,58792.09,1200,676,524,56.33,48.69,1.098,2406.225,2934,63026.0,42485.14,114197.59,81.19,87160.3,-23.68
SOL-USDT-SWAP,reversal,6H,0.007,0.015,0.02,1,0.0,10.0,148.0,101334.58,68369.31,1200,699,501,58.25,41.7,1.11,2798.198,2934,75259.81,50751.22,133361.17,77.2,101334.58,-24.01
SOL-USDT-SWAP,reversal,6H,0.007,0.015,0.025,1,0.0,10.0,148.0,118725.84,80120.16,1200,715,485,59.58,48.96,1.128,3279.133,2934,93626.94,63161.44,155112.98,65.67,118725.84,-23.46
SOL-USDT-SWAP,reversal,6H,0.007,0.015,0.03,1,0.0,10.0,148.0,198876.65,134276.12,1200,731,469,60.92,44.79,1.225,5495.612,2934,99966.66,67445.04,220056.16,120.13,198876.65,-9.62
SOL-USDT-SWAP,reversal,6H,0.007,0.02,0.01,1,0.0,10.0,148.0,0.0,-100.0,1200,517,683,43.08,100.0,0.936,-4.093,2934,84.3,-43.04,0.02,-99.98,0.0,-99.63
SOL-USDT-SWAP,reversal,6H,0.007,0.02,0.015,1,0.0,10.0,148.0,0.0,-100.0,1200,588,612,49.0,100.0,0.991,-4.093,2934,947.58,540.26,0.23,-99.98,0.0,-99.85
SOL-USDT-SWAP,reversal,6H,0.007,0.02,0.02,1,0.0,10.0,148.0,0.0,-100.0,1200,604,596,50.33,100.0,0.989,-4.093,2934,501.8,239.06,0.02,-100.0,0.0,-99.98
SOL-USDT-SWAP,reversal,6H,0.007,0.02,0.025,1,0.0,10.0,148.0,0.0,-100.0,1200,617,583,51.42,100.0,0.993,-4.093,2934,1348.85,811.39,0.01,-100.0,0.0,-99.99
SOL-USDT-SWAP,reversal,6H,0.007,0.02,0.03,1,0.0,10.0,148.0,0.0,-100.0,1200,630,570,52.5,100.0,0.995,-4.093,2934,1693.22,1044.07,0.06,-100.0,0.0,-99.99
SOL-USDT-SWAP,reversal,6H,0.007,0.03,0.01,1,0.0,10.0,148.0,0.0,-100.0,1200,455,745,37.92,100.0,0.853,-4.093,2934,1.92,-98.7,0.0,-100.0,0.0,-99.92
SOL-USDT-SWAP,reversal,6H,0.007,0.03,0.015,1,0.0,10.0,148.0,0.0,-100.0,1200,512,688,42.67,100.0,0.889,-4.093,2934,1.28,-99.14,0.0,-100.0,0.0,-99.98
SOL-USDT-SWAP,reversal,6H,0.007,0.03,0.02,1,0.0,10.0,148.0,0.0,-100.0,1200,525,675,43.75,100.0,0.828,-4.093,2934,0.34,-99.77,0.0,-100.0,0.0,-100.0
SOL-USDT-SWAP,reversal,6H,0.007,0.03,0.025,1,0.0,10.0,148.0,0.0,-100.0,1200,537,663,44.75,100.0,0.774,-4.093,2934,0.32,-99.78,0.0,-100.0,0.0,-100.0
SOL-USDT-SWAP,reversal,6H,0.007,0.03,0.03,1,0.0,10.0,148.0,0.0,-100.0,1200,545,655,45.42,100.0,0.746,-4.093,2934,0.17,-99.89,0.0,-100.0,0.0,-100.0
SOL-USDT-SWAP,reversal,6H,0.01,0.006,0.01,1,0.0,10.0,148.0,321.02,116.9,960,732,228,76.25,92.99,1.009,4.785,2934,1560.05,954.09,479.3,-69.28,321.02,-33.02
SOL-USDT-SWAP,reversal,6H,0.01,0.006,0.015,1,0.0,10.0,148.0,77932.45,52557.06,960,814,146,84.79,86.81,1.417,2151.039,2934,5300.54,3481.45,42704.78,705.67,77932.45,82.49
SOL-USDT-SWAP,reversal,6H,0.01,0.006,0.02,1,0.0,10.0,148.0,178502.72,120509.94,960,858,102,89.38,32.01,1.714,4932.194,2934,41076.98,27654.72,140125.05,241.13,178502.72,27.39
SOL-USDT-SWAP,reversal,6H,0.01,0.006,0.025,1,0.0,10.0,148.0,236661.04,159806.11,960,882,78,91.88,35.97,2.13,6540.496,2934,49923.67,33632.21,181483.38,263.52,236661.04,30.4
SOL-USDT-SWAP,reversal,6H,0.01,0.006,0.03,1,0.0,10.0,148.0,294404.91,198822.23,960,899,61,93.65,40.35,2.744,8137.336,2934,58581.9,39482.37,226996.62,287.49,294404.91,29.7
SOL-USDT-SWAP,reversal,6H,0.01,0.008,0.01,1,0.0,10.0,148.0,124292.79,83881.61,960,697,263,72.6,44.35,1.314,3433.081,2934,27742.86,18645.18,90400.74,225.85,124292.79,37.49
SOL-USDT-SWAP,reversal,6H,0.01,0.008,0.015,1,0.0,10.0,148.0,228482.35,154279.96,960,768,192,80.0,32.28,1.615,6314.323,2934,49175.98,33127.01,165591.16,236.73,228482.35,37.98
SOL-USDT-SWAP,reversal,6H,0.01,0.008,0.02,1,0.0,10.0,148.0,301903.66,203888.96,960,806,154,83.96,27.56,1.9,8344.705,2934,83602.42,56388.12,237269.94,183.81,301903.66,27.24
SOL-USDT-SWAP,reversal,6H,0.01,0.008,0.025,1,0.0,10.0,148.0,359366.75,242715.37,960,829,131,86.35,32.2,2.194,9933.781,2934,98071.01,66164.2,280143.08,185.65,359366.75,28.28
SOL-USDT-SWAP,reversal,6H,0.01,0.008,0.03,1,0.0,10.0,148.0,429694.56,290234.16,960,847,113,88.23,36.85,2.72,11878.615,2934,106652.51,71962.51,333097.92,212.32,429694.56,29.0
SOL-USDT-SWAP,reversal,6H,0.01,0.01,0.01,1,0.0,10.0,148.0,204888.01,138337.84,960,652,308,67.92,34.09,1.446,5661.849,2934,73736.27,49721.8,161672.3,119.26,204888.01,26.73
SOL-USDT-SWAP,reversal,6H,0.01,0.01,0.015,1,0.0,10.0,148.0,313777.91,211912.1,960,720,240,75.0,22.91,1.711,8673.074,2934,98786.13,66647.39,238024.5,140.95,313777.91,31.83
SOL-USDT-SWAP,reversal,6H,0.01,0.01,0.02,1,0.0,10.0,148.0,387763.78,261902.56,960,756,204,78.75,27.56,1.934,10719.068,2934,133452.77,90070.79,311293.15,133.26,387763.78,24.57
SOL-USDT-SWAP,reversal,6H,0.01,0.01,0.025,1,0.0,10.0,148.0,442232.77,298705.92,960,777,183,80.94,32.2,2.151,12225.345,2934,149890.35,101177.26,355910.43,137.45,442232.77,24.25
SOL-USDT-SWAP,reversal,6H,0.01,0.01,0.03,1,0.0,10.0,148.0,515147.07,347972.34,960,795,165,82.81,36.85,2.558,14241.706,2934,153156.02,103383.8,404149.45,163.88,515147.07,27.46
SOL-USDT-SWAP,reversal,6H,0.01,0.015,0.01,1,0.0,10.0,148.0,127555.34,86086.04,960,524,436,54.58,48.57,1.218,3523.303,2934,57350.74,38650.5,118565.05,106.74,127555.34,7.58
SOL-USDT-SWAP,reversal,6H,0.01,0.015,0.015,1,0.0,10.0,148.0,222680.05,150359.49,960,583,377,60.73,48.62,1.356,6153.867,2934,89969.06,60689.91,199212.19,121.42,222680.05,11.78
SOL-USDT-SWAP,reversal,6H,0.01,0.015,0.02,1,0.0,10.0,148.0,286699.13,193615.63,960,614,346,63.96,53.88,1.463,7924.241,2934,117248.68,79122.08,263846.48,125.03,286699.13,8.66
SOL-USDT-SWAP,reversal,6H,0.01,0.015,0.025,1,0.0,10.0,148.0,353277.05,238600.71,960,633,327,65.94,39.98,1.592,9765.377,2934,140598.48,94898.97,327363.82,132.84,353277.05,7.92
SOL-USDT-SWAP,reversal,6H,0.01,0.015,0.03,1,0.0,10.0,148.0,419428.84,283297.86,960,648,312,67.5,44.09,1.755,11594.728,2934,142685.43,96309.08,374247.89,162.29,419428.84,12.07
SOL-USDT-SWAP,reversal,6H,0.01,0.02,0.01,1,0.0,10.0,148.0,1.48,-99.0,960,442,518,46.04,99.99,0.996,-4.052,2934,3819.04,2480.43,16.79,-99.56,1.48,-91.17
SOL-USDT-SWAP,reversal,6H,0.01,0.02,0.015,1,0.0,10.0,148.0,0.86,-99.42,960,490,470,51.04,100.0,0.999,-4.069,2934,14599.78,9764.72,25.38,-99.83,0.86,-96.62
SOL-USDT-SWAP,reversal,6H,0.01,0.02,0.02,1,0.0,10.0,148.0,110.29,-25.48,960,513,447,53.44,99.91,1.0,-1.043,2934,36135.5,24315.88,7262.06,-79.9,110.29,-98.48
SOL-USDT-SWAP,reversal,6H,0.01,0.02,0.025,1,0.0,10.0,148.0,1123.2,658.92,960,524,436,54.58,99.26,1.001,26.968,2934,42925.09,28903.44,32258.36,-24.85,1123.2,-96.52
SOL-USDT-SWAP,reversal,6H,0.01,0.02,0.03,1,0.0,10.0,148.0,83816.01,56532.44,960,540,420,56.25,59.89,1.109,2313.742,2934,63178.51,42588.18,99309.27,57.19,83816.01,-15.6
SOL-USDT-SWAP,reversal,6H,0.01,0.03,0.01,1,0.0,10.0,148.0,0.0,-100.0,960,382,578,39.79,100.0,0.927,-4.093,2934,23.71,-83.98,0.0,-100.0,0.0,-99.4
SOL-USDT-SWAP,reversal,6H,0.01,0.03,0.015,1,0.0,10.0,148.0,0.0,-100.0,960,423,537,44.06,100.0,0.889,-4.093,2934,7.47,-94.95,0.0,-100.0,0.0,-99.93
SOL-USDT-SWAP,reversal,6H,0.01,0.03,0.02,1,0.0,10.0,148.0,0.0,-100.0,960,442,518,46.04,100.0,0.865,-4.093,2934,4.22,-97.15,0.0,-100.0,0.0,-99.98
SOL-USDT-SWAP,reversal,6H,0.01,0.03,0.025,1,0.0,10.0,148.0,0.0,-100.0,960,452,508,47.08,100.0,0.872,-4.093,2934,3.53,-97.62,0.0,-100.0,0.0,-99.99
SOL-USDT-SWAP,reversal,6H,0.01,0.03,0.03,1,0.0,10.0,148.0,0.0,-100.0,960,463,497,48.23,100.0,0.864,-4.093,2934,4.98,-96.64,0.0,-100.0,0.0,-99.98
SOL-USDT-SWAP,breakout,6H,0.001,0.006,0.01,1,0.0,10.0,148.0,0.0,-100.0,1804,696,1108,38.58,100.0,0.088,-4.093,2934,0.0,-100.0,0.0,-100.0,0.0,-100.0
SOL-USDT-SWAP,breakout,6H,0.001,0.006,0.015,1,0.0,10.0,148.0,0.0,-100.0,1804,974,830,53.99,100.0,0.371,-4.093,2934,0.0,-100.0,0.0,-100.0,0.0,-100.0
SOL-USDT-SWAP,breakout,6H,0.001,0.006,0.02,1,0.0,10.0,148.0,0.0,-100.0,1804,1112,692,61.64,100.0,0.499,-4.093,2934,0.0,-100.0,0.0,-100.0,0.0,-100.0
SOL-USDT-SWAP,breakout,6H,0.001,0.006,0.025,1,0.0,10.0,148.0,0.0,-100.0,1804,1170,634,64.86,100.0,0.532,-4.093,2934,0.0,-100.0,0.0,-100.0,0.0,-100.0
SOL-USDT-SWAP,breakout,6H,0.001,0.006,0.03,1,0.0,10.0,148.0,0.0,-100.0,1804,1195,609,66.24,100.0,0.506,-4.093,2934,0.0,-100.0,0.0,-100.0,0.0,-100.0
SOL-USDT-SWAP,breakout,6H,0.001,0.008,0.01,1,0.0,10.0,148.0,0.0,-100.0,1804,613,1191,33.98,100.0,0.113,-4.093,2934,0.0,-100.0,0.0,-100.0,0.0,-100.0
SOL-USDT-SWAP,breakout,6H,0.001,0.008,0.015,1,0.0,10.0,148.0,0.0,-100.0,1804,858,946,47.56,100.0,0.44,-4.093,2934,0.0,-100.0,0.0,-100.0,0.0,-100.0
SOL-USDT-SWAP,breakout,6H,0.001,0.008,0.02,1,0.0,10.0,148.0,0.0,-100.0,1804,985,819,54.6,100.0,0.571,-4.093,2934,0.0,-100.0,0.0,-100.0,0.0,-100.0
SOL-USDT-SWAP,breakout,6H,0.001,0.008,0.025,1,0.0,10.0,148.0,0.0,-100.0,1804,1040,764,57.65,100.0,0.622,-4.093,2934,0.0,-100.0,0.0,-100.0,0.0,-100.0
SOL-USDT-SWAP,breakout,6H,0.001,0.008,0.03,1,0.0,10.0,148.0,0.0,-100.0,1804,1060,744,58.76,100.0,0.586,-4.093,2934,0.0,-100.0,0.0,-100.0,0.0,-100.0
SOL-USDT-SWAP,breakout,6H,0.001,0.01,0.01,1,0.0,10.0,148.0,0.0,-100.0,1804,558,1246,30.93,100.0,0.12,-4.093,2934,0.0,-100.0,0.0,-100.0,0.0,-100.0
SOL-USDT-SWAP,breakout,6H,0.001,0.01,0.015,1,0.0,10.0,148.0,0.0,-100.0,1804,780,1024,43.24,100.0,0.495,-4.093,2934,0.0,-100.0,0.0,-100.0,0.0,-100.0
SOL-USDT-SWAP,breakout,6H,0.001,0.01,0.02,1,0.0,10.0,148.0,0.0,-100.0,1804,897,907,49.72,100.0,0.629,-4.093,2934,0.0,-100.0,0.0,-100.0,0.0,-100.0
SOL-USDT-SWAP,breakout,6H,0.001,0.01,0.025,1,0.0,10.0,148.0,0.0,-100.0,1804,944,860,52.33,100.0,0.689,-4.093,2934,0.0,-100.0,0.0,-100.0,0.0,-100.0
SOL-USDT-SWAP,breakout,6H,0.001,0.01,0.03,1,0.0,10.0,148.0,0.0,-100.0,1804,965,839,53.49,100.0,0.654,-4.093,2934,0.0,-100.0,0.0,-100.0,0.0,-100.0
SOL-USDT-SWAP,breakout,6H,0.001,0.015,0.01,1,0.0,10.0,148.0,0.0,-100.0,1804,470,1334,26.05,100.0,0.079,-4.093,2934,0.0,-100.0,0.0,-100.0,0.0,-100.0
SOL-USDT-SWAP,breakout,6H,0.001,0.015,0.015,1,0.0,10.0,148.0,0.0,-100.0,1804,661,1143,36.64,100.0,0.518,-4.093,2934,0.0,-100.0,0.0,-100.0,0.0,-100.0
SOL-USDT-SWAP,breakout,6H,0.001,0.015,0.02,1,0.0,10.0,148.0,0.0,-100.0,1804,762,1042,42.24,100.0,0.668,-4.093,2934,0.0,-100.0,0.0,-100.0,0.0,-100.0
SOL-USDT-SWAP,breakout,6H,0.001,0.015,0.025,1,0.0,10.0,148.0,0.0,-100.0,1804,808,996,44.79,100.0,0.696,-4.093,2934,0.0,-100.0,0.0,-100.0,0.0,-100.0
SOL-USDT-SWAP,breakout,6H,0.001,0.015,0.03,1,0.0,10.0,148.0,0.0,-100.0,1804,825,979,45.73,100.0,0.66,-4.093,2934,0.0,-100.0,0.0,-100.0,0.0,-100.0
SOL-USDT-SWAP,breakout,6H,0.001,0.02,0.01,1,0.0,10.0,148.0,0.0,-100.0,1804,442,1362,24.5,100.0,0.033,-4.093,2934,0.0,-100.0,0.0,-100.0,0.0,-100.0
SOL-USDT-SWAP,breakout,6H,0.001,0.02,0.015,1,0.0,10.0,148.0,0.0,-100.0,1804,619,1185,34.31,100.0,0.457,-4.093,2934,0.0,-100.0,0.0,-100.0,0.0,-100.0
SOL-USDT-SWAP,breakout,6H,0.001,0.02,0.02,1,0.0,10.0,148.0,0.0,-100.0,1804,719,1085,39.86,100.0,0.65,-4.093,2934,0.0,-100.0,0.0,-100.0,0.0,-100.0
SOL-USDT-SWAP,breakout,6H,0.001,0.02,0.025,1,0.0,10.0,148.0,0.0,-100.0,1804,760,1044,42.13,100.0,0.685,-4.093,2934,0.0,-100.0,0.0,-100.0,0.0,-100.0
SOL-USDT-SWAP,breakout,6H,0.001,0.02,0.03,1,0.0,10.0,148.0,0.0,-100.0,1804,774,1030,42.9,100.0,0.649,-4.093,2934,0.0,-100.0,0.0,-100.0,0.0,-100.0
SOL-USDT-SWAP,breakout,6H,0.001,0.03,0.01,1,0.0,10.0,148.0,0.0,-100.0,1804,425,1379,23.56,100.0,0.034,-4.093,2934,0.0,-100.0,0.0,-100.0,0.0,-100.0
SOL-USDT-SWAP,breakout,6H,0.001,0.03,0.015,1,0.0,10.0,148.0,0.0,-100.0,1804,594,1210,32.93,100.0,0.376,-4.093,2934,0.0,-100.0,0.0,-100.0,0.0,-100.0
SOL-USDT-SWAP,breakout,6H,0.001,0.03,0.02,1,0.0,10.0,148.0,0.0,-100.0,1804,694,1110,38.47,100.0,0.645,-4.093,2934,0.0,-100.0,0.0,-100.0,0.0,-100.0
SOL-USDT-SWAP,breakout,6H,0.001,0.03,0.025,1,0.0,10.0,148.0,0.0,-100.0,1804,735,1069,40.74,100.0,0.702,-4.093,2934,0.0,-100.0,0.0,-100.0,0.0,-100.0
SOL-USDT-SWAP,breakout,6H,0.001,0.03,0.03,1,0.0,10.0,148.0,0.0,-100.0,1804,747,1057,41.41,100.0,0.665,-4.093,2934,0.0,-100.0,0.0,-100.0,0.0,-100.0
SOL-USDT-SWAP,breakout,6H,0.002,0.006,0.01,1,0.0,10.0,148.0,0.0,-100.0,1698,602,1096,35.45,100.0,0.073,-4.093,2934,0.0,-100.0,0.0,-100.0,0.0,-100.0
SOL-USDT-SWAP,breakout,6H,0.002,0.006,0.015,1,0.0,10.0,148.0,0.0,-100.0,1698,877,821,51.65,100.0,0.303,-4.093,2934,0.0,-100.0,0.0,-100.0,0.0,-100.0
SOL-USDT-SWAP,breakout,6H,0.002,0.006,0.02,1,0.0,10.0,148.0,0.0,-100.0,1698,1025,673,60.37,100.0,0.517,-4.093,2934,0.0,-100.0,0.0,-100.0,0.0,-100.0
SOL-USDT-SWAP,breakout,6H,0.002,0.006,0.025,1,0.0,10.0,148.0,0.0,-100.0,1698,1083,615,63.78,100.0,0.546,-4.093,2934,0.0,-100.0,0.0,-100.0,0.0,-100.0
SOL-USDT-SWAP,breakout,6H,0.002,0.006,0.03,1,0.0,10.0,148.0,0.0,-100.0,1698,1107,591,65.19,100.0,0.539,-4.093,2934,0.0,-100.0,0.0,-100.0,0.0,-100.0
SOL-USDT-SWAP,breakout,6H,0.002,0.008,0.01,1,0.0,10.0,148.0,0.0,-100.0,1698,529,1169,31.15,100.0,0.102,-4.093,2934,0.0,-100.0,0.0,-100.0,0.0,-100.0
SOL-USDT-SWAP,breakout,6H,0.002,0.008,0.015,1,0.0,10.0,148.0,0.0,-100.0,1698,772,926,45.47,100.0,0.418,-4.093,2934,0.0,-100.0,0.0,-100.0,0.0,-100.0
SOL-USDT-SWAP,breakout,6H,0.002,0.008,0.02,1,0.0,10.0,148.0,0.0,-100.0,1698,912,786,53.71,100.0,0.641,-4.093,2934,0.0,-100.0,0.0,-100.0,0.0,-100.0
SOL-USDT-SWAP,breakout,6H,0.002,0.008,0.025,1,0.0,10.0,148.0,0.0,-100.0,1698,964,734,56.77,100.0,0.662,-4.093,2934,0.0,-100.0,0.0,-100.0,0.0,-100.0
SOL-USDT-SWAP,breakout,6H,0.002,0.008,0.03,1,0.0,10.0,148.0,0.0,-100.0,1698,988,710,58.19,100.0,0.666,-4.093,2934,0.0,-100.0,0.0,-100.0,0.0,-100.0
SOL-USDT-SWAP,breakout,6H,0.002,0.01,0.01,1,0.0,10.0,148.0,0.0,-100.0,1698,481,1217,28.33,100.0,0.107,-4.093,2934,0.0,-100.0,0.0,-100.0,0.0,-100.0
SOL-USDT-SWAP,breakout,6H,0.002,0.01,0.015,1,0.0,10.0,148.0,0.0,-100.0,1698,697,1001,41.05,100.0,0.468,-4.093,2934,0.0,-100.0,0.0,-100.0,0.0,-100.0
SOL-USDT-SWAP,breakout,6H,0.002,0.01,0.02,1,0.0,10.0,148.0,0.0,-100.0,1698,821,877,48.35,100.0,0.686,-4.093,2934,0.0,-100.0,0.0,-100.0,0.0,-100.0
SOL-USDT-SWAP,breakout,6H,0.002,0.01,0.025,1,0.0,10.0,148.0,0.0,-100.0,1698,868,830,51.12,100.0,0.723,-4.093,2934,0.0,-100.0,0.0,-100.0,0.0,-100.0
SOL-USDT-SWAP,breakout,6H,0.002,0.01,0.03,1,0.0,10.0,148.0,0.0,-100.0,1698,890,808,52.41,100.0,0.723,-4.093,2934,0.0,-100.0,0.0,-100.0,0.0,-100.0
SOL-USDT-SWAP,breakout,6H,0.002,0.015,0.01,1,0.0,10.0,148.0,0.0,-100.0,1698,403,1295,23.73,100.0,0.083,-4.093,2934,0.0,-100.0,0.0,-100.0,0.0,-100.0
SOL-USDT-SWAP,breakout,6H,0.002,0.015,0.015,1,0.0,10.0,148.0,0.0,-100.0,1698,591,1107,34.81,100.0,0.484,-4.093,2934,0.0,-100.0,0.0,-100.0,0.0,-100.0
SOL-USDT-SWAP,breakout,6H,0.002,0.015,0.02,1,0.0,10.0,148.0,0.0,-100.0,1698,702,996,41.34,100.0,0.6,-4.093,2934,0.0,-100.0,0.0,-100.0,0.0,-100.0
SOL-USDT-SWAP,breakout,6H,0.002,0.015,0.025,1,0.0,10.0,148.0,0.0,-100.0,1698,747,951,43.99,100.0,0.707,-4.093,2934,0.0,-100.0,0.0,-100.0,0.0,-100.0
SOL-USDT-SWAP,breakout,6H,0.002,0.015,0.03,1,0.0,10.0,148.0,0.0,-100.0,1698,764,934,44.99,100.0,0.691,-4.093,2934,0.0,-100.0,0.0,-100.0,0.0,-100.0
SOL-USDT-SWAP,breakout,6H,0.002,0.02,0.01,1,0.0,10.0,148.0,0.0,-100.0,1698,378,1320,22.26,100.0,0.036,-4.093,2934,0.0,-100.0,0.0,-100.0,0.0,-100.0
SOL-USDT-SWAP,breakout,6H,0.002,0.02,0.015,1,0.0,10.0,148.0,0.0,-100.0,1698,548,1150,32.27,100.0,0.345,-4.093,2934,0.0,-100.0,0.0,-100.0,0.0,-100.0
SOL-USDT-SWAP,breakout,6H,0.002,0.02,0.02,1,0.0,10.0,148.0,0.0,-100.0,1698,655,1043,38.57,100.0,0.511,-4.093,2934,0.0,-100.0,0.0,-100.0,0.0,-100.0
SOL-USDT-SWAP,breakout,6H,0.002,0.02,0.025,1,0.0,10.0,148.0,0.0,-100.0,1698,698,1000,41.11,100.0,0.656,-4.093,2934,0.0,-100.0,0.0,-100.0,0.0,-100.0
SOL-USDT-SWAP,breakout,6H,0.002,0.02,0.03,1,0.0,10.0,148.0,0.0,-100.0,1698,714,984,42.05,100.0,0.64,-4.093,2934,0.0,-100.0,0.0,-100.0,0.0,-100.0
SOL-USDT-SWAP,breakout,6H,0.002,0.03,0.01,1,0.0,10.0,148.0,0.0,-100.0,1698,368,1330,21.67,100.0,0.036,-4.093,2934,0.0,-100.0,0.0,-100.0,0.0,-100.0
SOL-USDT-SWAP,breakout,6H,0.002,0.03,0.015,1,0.0,10.0,148.0,0.0,-100.0,1698,530,1168,31.21,100.0,0.42,-4.093,2934,0.0,-100.0,0.0,-100.0,0.0,-100.0
SOL-USDT-SWAP,breakout,6H,0.002,0.03,0.02,1,0.0,10.0,148.0,0.0,-100.0,1698,636,1062,37.46,100.0,0.528,-4.093,2934,0.0,-100.0,0.0,-100.0,0.0,-100.0
SOL-USDT-SWAP,breakout,6H,0.002,0.03,0.025,1,0.0,10.0,148.0,0.0,-100.0,1698,676,1022,39.81,100.0,0.708,-4.093,2934,0.0,-100.0,0.0,-100.0,0.0,-100.0
SOL-USDT-SWAP,breakout,6H,0.002,0.03,0.03,1,0.0,10.0,148.0,0.0,-100.0,1698,690,1008,40.64,100.0,0.693,-4.093,2934,0.0,-100.0,0.0,-100.0,0.0,-100.0
SOL-USDT-SWAP,breakout,6H,0.003,0.006,0.01,1,0.0,10.0,148.0,0.0,-100.0,1598,497,1101,31.1,100.0,0.051,-4.093,2934,0.0,-100.0,0.0,-100.0,0.0,-100.0
SOL-USDT-SWAP,breakout,6H,0.003,0.006,0.015,1,0.0,10.0,148.0,0.0,-100.0,1598,777,821,48.62,100.0,0.206,-4.093,2934,0.0,-100.0,0.0,-100.0,0.0,-100.0
SOL-USDT-SWAP,breakout,6H,0.003,0.006,0.02,1,0.0,10.0,148.0,0.0,-100.0,1598,921,677,57.63,100.0,0.463,-4.093,2934,0.0,-100.0,0.0,-100.0,0.0,-100.0
SOL-USDT-SWAP,breakout,6H,0.003,0.006,0.025,1,0.0,10.0,148.0,0.0,-100.0,1598,997,601,62.39,100.0,0.501,-4.093,2934,0.0,-100.0,0.0,-100.0,0.0,-100.0
SOL-USDT-SWAP,breakout,6H,0.003,0.006,0.03,1,0.0,10.0,148.0,0.0,-100.0,1598,1017,581,63.64,100.0,0.505,-4.093,2934,0.0,-100.0,0.0,-100.0,0.0,-100.0
SOL-USDT-SWAP,breakout,6H,0.003,0.008,0.01,1,0.0,10.0,148.0,0.0,-100.0,1598,439,1159,27.47,100.0,0.07,-4.093,2934,0.0,-100.0,0.0,-100.0,0.0,-100.0
SOL-USDT-SWAP,breakout,6H,0.003,0.008,0.015,1,0.0,10.0,148.0,0.0,-100.0,1598,689,909,43.12,100.0,0.263,-4.093,2934,0.0,-100.0,0.0,-100.0,0.0,-100.0
SOL-USDT-SWAP,breakout,6H,0.003,0.008,0.02,1,0.0,10.0,148.0,0.0,-100.0,1598,819,779,51.25,100.0,0.552,-4.093,2934,0.0,-100.0,0.0,-100.0,0.0,-100.0
SOL-USDT-SWAP,breakout,6H,0.003,0.008,0.025,1,0.0,10.0,148.0,0.0,-100.0,1598,883,715,55.26,100.0,0.603,-4.093,2934,0.0,-100.0,0.0,-100.0,0.0,-100.0
SOL-USDT-SWAP,breakout,6H,0.003,0.008,0.03,1,0.0,10.0,148.0,0.0,-100.0,1598,903,695,56.51,100.0,0.602,-4.093,2934,0.0,-100.0,0.0,-100.0,0.0,-100.0
SOL-USDT-SWAP,breakout,6H,0.003,0.01,0.01,1,0.0,10.0,148.0,0.0,-100.0,1598,402,1196,25.16,100.0,0.093,-4.093,2934,0.0,-100.0,0.0,-100.0,0.0,-100.0
SOL-USDT-SWAP,breakout,6H,0.003,0.01,0.015,1,0.0,10.0,148.0,0.0,-100.0,1598,626,972,39.17,100.0,0.343,-4.093,2934,0.0,-100.0,0.0,-100.0,0.0,-100.0
SOL-USDT-SWAP,breakout,6H,0.003,0.01,0.02,1,0.0,10.0,148.0,0.0,-100.0,1598,745,853,46.62,100.0,0.662,-4.093,2934,0.0,-100.0,0.0,-100.0,0.0,-100.0
SOL-USDT-SWAP,breakout,6H,0.003,0.01,0.025,1,0.0,10.0,148.0,0.0,-100.0,1598,805,793,50.38,100.0,0.706,-4.093,2934,0.0,-100.0,0.0,-100.0,0.0,-100.0
SOL-USDT-SWAP,breakout,6H,0.003,0.01,0.03,1,0.0,10.0,148.0,0.0,-100.0,1598,823,775,51.5,100.0,0.706,-4.093,2934,0.0,-100.0,0.0,-100.0,0.0,-100.0
SOL-USDT-SWAP,breakout,6H,0.003,0.015,0.01,1,0.0,10.0,148.0,0.0,-100.0,1598,342,1256,21.4,100.0,0.063,-4.093,2934,0.0,-100.0,0.0,-100.0,0.0,-100.0
SOL-USDT-SWAP,breakout,6H,0.003,0.015,0.015,1,0.0,10.0,148.0,0.0,-100.0,1598,526,1072,32.92,100.0,0.348,-4.093,2934,0.0,-100.0,0.0,-100.0,0.0,-100.0
SOL-USDT-SWAP,breakout,6H,0.003,0.015,0.02,1,0.0,10.0,148.0,0.0,-100.0,1598,631,967,39.49,100.0,0.575,-4.093,2934,0.0,-100.0,0.0,-100.0,0.0,-100.0
SOL-USDT-SWAP,breakout,6H,0.003,0.015,0.025,1,0.0,10.0,148.0,0.0,-100.0,1598,690,908,43.18,100.0,0.691,-4.093,2934,0.0,-100.0,0.0,-100.0,0.0,-100.0
SOL-USDT-SWAP,breakout,6H,0.003,0.015,0.03,1,0.0,10.0,148.0,0.0,-100.0,1598,703,895,43.99,100.0,0.674,-4.093,2934,0.0,-100.0,0.0,-100.0,0.0,-100.0
SOL-USDT-SWAP,breakout,6H,0.003,0.02,0.01,1,0.0,10.0,148.0,0.0,-100.0,1598,317,1281,19.84,100.0,0.027,-4.093,2934,0.0,-100.0,0.0,-100.0,0.0,-100.0
SOL-USDT-SWAP,breakout,6H,0.003,0.02,0.015,1,0.0,10.0,148.0,0.0,-100.0,1598,489,1109,30.6,100.0,0.183,-4.093,2934,0.0,-100.0,0.0,-100.0,0.0,-100.0
SOL-USDT-SWAP,breakout,6H,0.003,0.02,0.02,1,0.0,10.0,148.0,0.0,-100.0,1598,590,1008,36.92,100.0,0.478,-4.093,2934,0.0,-100.0,0.0,-100.0,0.0,-100.0
SOL-USDT-SWAP,breakout,6H,0.003,0.02,0.025,1,0.0,10.0,148.0,0.0,-100.0,1598,646,952,40.43,100.0,0.634,-4.093,2934,0.0,-100.0,0.0,-100.0,0.0,-100.0
SOL-USDT-SWAP,breakout,6H,0.003,0.02,0.03,1,0.0,10.0,148.0,0.0,-100.0,1598,658,940,41.18,100.0,0.617,-4.093,2934,0.0,-100.0,0.0,-100.0,0.0,-100.0
SOL-USDT-SWAP,breakout,6H,0.003,0.03,0.01,1,0.0,10.0,148.0,0.0,-100.0,1598,309,1289,19.34,100.0,0.026,-4.093,2934,0.0,-100.0,0.0,-100.0,0.0,-100.0
SOL-USDT-SWAP,breakout,6H,0.003,0.03,0.015,1,0.0,10.0,148.0,0.0,-100.0,1598,475,1123,29.72,100.0,0.205,-4.093,2934,0.0,-100.0,0.0,-100.0,0.0,-100.0
SOL-USDT-SWAP,breakout,6H,0.003,0.03,0.02,1,0.0,10.0,148.0,0.0,-100.0,1598,574,1024,35.92,100.0,0.482,-4.093,2934,0.0,-100.0,0.0,-100.0,0.0,-100.0
SOL-USDT-SWAP,breakout,6H,0.003,0.03,0.025,1,0.0,10.0,148.0,0.0,-100.0,1598,627,971,39.24,100.0,0.677,-4.093,2934,0.0,-100.0,0.0,-100.0,0.0,-100.0
SOL-USDT-SWAP,breakout,6H,0.003,0.03,0.03,1,0.0,10.0,148.0,0.0,-100.0,1598,637,961,39.86,100.0,0.662,-4.093,2934,0.0,-100.0,0.0,-100.0,0.0,-100.0
SOL-USDT-SWAP,breakout,6H,0.005,0.006,0.01,1,0.0,10.0,148.0,0.0,-100.0,1402,360,1042,25.68,100.0,0.013,-4.093,2934,0.0,-100.0,0.0,-100.0,0.0,-100.0
SOL-USDT-SWAP,breakout,6H,0.005,0.006,0.015,1,0.0,10.0,148.0,0.0,-100.0,1402,629,773,44.86,100.0,0.093,-4.093,2934,0.0,-100.0,0.0,-100.0,0.0,-100.0
SOL-USDT-SWAP,breakout,6H,0.005,0.006,0.02,1,0.0,10.0,148.0,0.0,-100.0,1402,774,628,55.21,100.0,0.338,-4.093,2934,0.0,-100.0,0.0,-100.0,0.0,-100.0
SOL-USDT-SWAP,breakout,6H,0.005,0.006,0.025,1,0.0,10.0,148.0,0.0,-100.0,1402,838,564,59.77,100.0,0.502,-4.093,2934,0.0,-100.0,0.0,-100.0,0.0,-100.0
SOL-USDT-SWAP,breakout,6H,0.005,0.006,0.03,1,0.0,10.0,148.0,0.0,-100.0,1402,869,533,61.98,100.0,0.555,-4.093,2934,0.0,-100.0,0.0,-100.0,0.0,-100.0
SOL-USDT-SWAP,breakout,6H,0.005,0.008,0.01,1,0.0,10.0,148.0,0.0,-100.0,1402,318,1084,22.68,100.0,0.019,-4.093,2934,0.0,-100.0,0.0,-100.0,0.0,-100.0
SOL-USDT-SWAP,breakout,6H,0.005,0.008,0.015,1,0.0,10.0,148.0,0.0,-100.0,1402,560,842,39.94,100.0,0.139,-4.093,2934,0.0,-100.0,0.0,-100.0,0.0,-100.0
SOL-USDT-SWAP,breakout,6H,0.005,0.008,0.02,1,0.0,10.0,148.0,0.0,-100.0,1402,689,713,49.14,100.0,0.422,-4.093,2934,0.0,-100.0,0.0,-100.0,0.0,-100.0
SOL-USDT-SWAP,breakout,6H,0.005,0.008,0.025,1,0.0,10.0,148.0,0.0,-100.0,1402,746,656,53.21,100.0,0.597,-4.093,2934,0.0,-100.0,0.0,-100.0,0.0,-100.0
SOL-USDT-SWAP,breakout,6H,0.005,0.008,0.03,1,0.0,10.0,148.0,0.0,-100.0,1402,776,626,55.35,100.0,0.652,-4.093,2934,0.0,-100.0,0.0,-100.0,0.0,-100.0
SOL-USDT-SWAP,breakout,6H,0.005,0.01,0.01,1,0.0,10.0,148.0,0.0,-100.0,1402,281,1121,20.04,100.0,0.019,-4.093,2934,0.0,-100.0,0.0,-100.0,0.0,-100.0
SOL-USDT-SWAP,breakout,6H,0.005,0.01,0.015,1,0.0,10.0,148.0,0.0,-100.0,1402,497,905,35.45,100.0,0.178,-4.093,2934,0.0,-100.0,0.0,-100.0,0.0,-100.0
SOL-USDT-SWAP,breakout,6H,0.005,0.01,0.02,1,0.0,10.0,148.0,0.0,-100.0,1402,616,786,43.94,100.0,0.481,-4.093,2934,0.0,-100.0,0.0,-100.0,0.0,-100.0
SOL-USDT-SWAP,breakout,6H,0.005,0.01,0.025,1,0.0,10.0,148.0,0.0,-100.0,1402,667,735,47.57,100.0,0.661,-4.093,2934,0.0,-100.0,0.0,-100.0,0.0,-100.0
SOL-USDT-SWAP,breakout,6H,0.005,0.01,0.03,1,0.0,10.0,148.0,0.0,-100.0,1402,696,706,49.64,100.0,0.705,-4.093,2934,0.0,-100.0,0.0,-100.0,0.0,-100.0
SOL-USDT-SWAP,breakout,6H,0.005,0.015,0.01,1,0.0,10.0,148.0,0.0,-100.0,1402,240,1162,17.12,100.0,0.012,-4.093,2934,0.0,-100.0,0.0,-100.0,0.0,-100.0
SOL-USDT-SWAP,breakout,6H,0.005,0.015,0.015,1,0.0,10.0,148.0,0.0,-100.0,1402,421,981,30.03,100.0,0.125,-4.093,2934,0.0,-100.0,0.0,-100.0,0.0,-100.0
SOL-USDT-SWAP,breakout,6H,0.005,0.015,0.02,1,0.0,10.0,148.0,0.0,-100.0,1402,517,885,36.88,100.0,0.325,-4.093,2934,0.0,-100.0,0.0,-100.0,0.0,-100.0
SOL-USDT-SWAP,breakout,6H,0.005,0.015,0.025,1,0.0,10.0,148.0,0.0,-100.0,1402,566,836,40.37,100.0,0.553,-4.093,2934,0.0,-100.0,0.0,-100.0,0.0,-100.0
SOL-USDT-SWAP,breakout,6H,0.005,0.015,0.03,1,0.0,10.0,148.0,0.0,-100.0,1402,589,813,42.01,100.0,0.583,-4.093,2934,0.0,-100.0,0.0,-100.0,0.0,-100.0
SOL-USDT-SWAP,breakout,6H,0.005,0.02,0.01,1,0.0,10.0,148.0,0.0,-100.0,1402,227,1175,16.19,100.0,0.012,-4.093,2934,0.0,-100.0,0.0,-100.0,0.0,-100.0
SOL-USDT-SWAP,breakout,6H,0.005,0.02,0.015,1,0.0,10.0,148.0,0.0,-100.0,1402,391,1011,27.89,100.0,0.078,-4.093,2934,0.0,-100.0,0.0,-100.0,0.0,-100.0
SOL-USDT-SWAP,breakout,6H,0.005,0.02,0.02,1,0.0,10.0,148.0,0.0,-100.0,1402,480,922,34.24,100.0,0.338,-4.093,2934,0.0,-100.0,0.0,-100.0,0.0,-100.0
SOL-USDT-SWAP,breakout,6H,0.005,0.02,0.025,1,0.0,10.0,148.0,0.0,-100.0,1402,529,873,37.73,100.0,0.6,-4.093,2934,0.0,-100.0,0.0,-100.0,0.0,-100.0
SOL-USDT-SWAP,breakout,6H,0.005,0.02,0.03,1,0.0,10.0,148.0,0.0,-100.0,1402,552,850,39.37,100.0,0.634,-4.093,2934,0.0,-100.0,0.0,-100.0,0.0,-100.0
SOL-USDT-SWAP,breakout,6H,0.005,0.03,0.01,1,0.0,10.0,148.0,0.0,-100.0,1402,222,1180,15.83,100.0,0.012,-4.093,2934,0.0,-100.0,0.0,-100.0,0.0,-100.0
SOL-USDT-SWAP,breakout,6H,0.005,0.03,0.015,1,0.0,10.0,148.0,0.0,-100.0,1402,381,1021,27.18,100.0,0.09,-4.093,2934,0.0,-100.0,0.0,-100.0,0.0,-100.0
SOL-USDT-SWAP,breakout,6H,0.005,0.03,0.02,1,0.0,10.0,148.0,0.0,-100.0,1402,466,936,33.24,100.0,0.279,-4.093,2934,0.0,-100.0,0.0,-100.0,0.0,-100.0
SOL-USDT-SWAP,breakout,6H,0.005,0.03,0.025,1,0.0,10.0,148.0,0.0,-100.0,1402,511,891,36.45,100.0,0.614,-4.093,2934,0.0,-100.0,0.0,-100.0,0.0,-100.0
SOL-USDT-SWAP,breakout,6H,0.005,0.03,0.03,1,0.0,10.0,148.0,0.0,-100.0,1402,533,869,38.02,100.0,0.659,-4.093,2934,0.0,-100.0,0.0,-100.0,0.0,-100.0
SOL-USDT-SWAP,breakout,6H,0.007,0.006,0.01,1,0.0,10.0,148.0,0.0,-100.0,1200,220,980,18.33,100.0,0.016,-4.093,2934,0.0,-100.0,0.0,-100.0,0.0,-100.0
SOL-USDT-SWAP,breakout,6H,0.007,0.006,0.015,1,0.0,10.0,148.0,0.0,-100.0,1200,503,697,41.92,100.0,0.046,-4.093,2934,0.0,-100.0,0.0,-100.0,0.0,-100.0
SOL-USDT-SWAP,breakout,6H,0.007,0.006,0.02,1,0.0,10.0,148.0,0.0,-100.0,1200,649,551,54.08,100.0,0.273,-4.093,2934,0.0,-100.0,0.0,-100.0,0.0,-100.0
SOL-USDT-SWAP,breakout,6H,0.007,0.006,0.025,1,0.0,10.0,148.0,0.0,-100.0,1200,719,481,59.92,100.0,0.474,-4.093,2934,0.0,-100.0,0.0,-100.0,0.0,-99.99
SOL-USDT-SWAP,breakout,6H,0.007,0.006,0.03,1,0.0,10.0,148.0,0.0,-100.0,1200,750,450,62.5,100.0,0.542,-4.093,2934,0.0,-100.0,0.0,-100.0,0.0,-99.98
SOL-USDT-SWAP,breakout,6H,0.007,0.008,0.01,1,0.0,10.0,148.0,0.0,-100.0,1200,181,1019,15.08,100.0,0.016,-4.093,2934,0.0,-100.0,0.0,-100.0,0.0,-100.0
SOL-USDT-SWAP,breakout,6H,0.007,0.008,0.015,1,0.0,10.0,148.0,0.0,-100.0,1200,432,768,36.0,100.0,0.053,-4.093,2934,0.0,-100.0,0.0,-100.0,0.0,-100.0
SOL-USDT-SWAP,breakout,6H,0.007,0.008,0.02,1,0.0,10.0,148.0,0.0,-100.0,1200,564,636,47.0,100.0,0.338,-4.093,2934,0.0,-100.0,0.0,-100.0,0.0,-100.0
SOL-USDT-SWAP,breakout,6H,0.007,0.008,0.025,1,0.0,10.0,148.0,0.0,-100.0,1200,626,574,52.17,100.0,0.565,-4.093,2934,0.0,-100.0,0.0,-100.0,0.0,-99.99
SOL-USDT-SWAP,breakout,6H,0.007,0.008,0.03,1,0.0,10.0,148.0,0.0,-100.0,1200,655,545,54.58,100.0,0.622,-4.093,2934,0.0,-100.0,0.0,-100.0,0.0,-99.99
SOL-USDT-SWAP,breakout,6H,0.007,0.01,0.01,1,0.0,10.0,148.0,0.0,-100.0,1200,162,1038,13.5,100.0,0.02,-4.093,2934,0.0,-100.0,0.0,-100.0,0.0,-100.0
SOL-USDT-SWAP,breakout,6H,0.007,0.01,0.015,1,0.0,10.0,148.0,0.0,-100.0,1200,378,822,31.5,100.0,0.031,-4.093,2934,0.0,-100.0,0.0,-100.0,0.0,-100.0
SOL-USDT-SWAP,breakout,6H,0.007,0.01,0.02,1,0.0,10.0,148.0,0.0,-100.0,1200,497,703,41.42,100.0,0.284,-4.093,2934,0.0,-100.0,0.0,-100.0,0.0,-100.0
SOL-USDT-SWAP,breakout,6H,0.007,0.01,0.025,1,0.0,10.0,148.0,0.0,-100.0,1200,557,643,46.42,100.0,0.412,-4.093,2934,0.0,-100.0,0.0,-100.0,0.0,-100.0
SOL-USDT-SWAP,breakout,6H,0.007,0.01,0.03,1,0.0,10.0,148.0,0.0,-100.0,1200,586,614,48.83,100.0,0.552,-4.093,2934,0.0,-100.0,0.0,-100.0,0.0,-99.99
SOL-USDT-SWAP,breakout,6H,0.007,0.015,0.01,1,0.0,10.0,148.0,0.0,-100.0,1200,143,1057,11.92,100.0,0.012,-4.093,2934,0.0,-100.0,0.0,-100.0,0.0,-100.0
SOL-USDT-SWAP,breakout,6H,0.007,0.015,0.015,1,0.0,10.0,148.0,0.0,-100.0,1200,332,868,27.67,100.0,0.011,-4.093,2934,0.0,-100.0,0.0,-100.0,0.0,-100.0
SOL-USDT-SWAP,breakout,6H,0.007,0.015,0.02,1,0.0,10.0,148.0,0.0,-100.0,1200,427,773,35.58,100.0,0.178,-4.093,2934,0.0,-100.0,0.0,-100.0,0.0,-100.0
SOL-USDT-SWAP,breakout,6H,0.007,0.015,0.025,1,0.0,10.0,148.0,0.0,-100.0,1200,478,722,39.83,100.0,0.346,-4.093,2934,0.0,-100.0,0.0,-100.0,0.0,-99.99
SOL-USDT-SWAP,breakout,6H,0.007,0.015,0.03,1,0.0,10.0,148.0,0.0,-100.0,1200,506,694,42.17,100.0,0.514,-4.093,2934,0.0,-100.0,0.0,-100.0,0.0,-99.98
SOL-USDT-SWAP,breakout,6H,0.007,0.02,0.01,1,0.0,10.0,148.0,0.0,-100.0,1200,136,1064,11.33,100.0,0.013,-4.093,2934,0.0,-100.0,0.0,-100.0,0.0,-100.0
SOL-USDT-SWAP,breakout,6H,0.007,0.02,0.015,1,0.0,10.0,148.0,0.0,-100.0,1200,318,882,26.5,100.0,0.013,-4.093,2934,0.0,-100.0,0.0,-100.0,0.0,-100.0
SOL-USDT-SWAP,breakout,6H,0.007,0.02,0.02,1,0.0,10.0,148.0,0.0,-100.0,1200,406,794,33.83,100.0,0.231,-4.093,2934,0.0,-100.0,0.0,-100.0,0.0,-100.0
SOL-USDT-SWAP,breakout,6H,0.007,0.02,0.025,1,0.0,10.0,148.0,0.0,-100.0,1200,455,745,37.92,100.0,0.343,-4.093,2934,0.0,-100.0,0.0,-100.0,0.0,-99.97
SOL-USDT-SWAP,breakout,6H,0.007,0.02,0.03,1,0.0,10.0,148.0,0.0,-100.0,1200,481,719,40.08,100.0,0.541,-4.093,2934,0.0,-100.0,0.0,-100.0,0.0,-99.95
SOL-USDT-SWAP,breakout,6H,0.007,0.03,0.01,1,0.0,10.0,148.0,0.0,-100.0,1200,133,1067,11.08,100.0,0.012,-4.093,2934,0.0,-100.0,0.0,-100.0,0.0,-100.0
SOL-USDT-SWAP,breakout,6H,0.007,0.03,0.015,1,0.0,10.0,148.0,0.0,-100.0,1200,306,894,25.5,100.0,0.011,-4.093,2934,0.0,-100.0,0.0,-100.0,0.0,-100.0
SOL-USDT-SWAP,breakout,6H,0.007,0.03,0.02,1,0.0,10.0,148.0,0.0,-100.0,1200,385,815,32.08,100.0,0.257,-4.093,2934,0.0,-100.0,0.0,-100.0,0.0,-100.0
SOL-USDT-SWAP,breakout,6H,0.007,0.03,0.025,1,0.0,10.0,148.0,0.0,-100.0,1200,433,767,36.08,100.0,0.418,-4.093,2934,0.0,-100.0,0.0,-100.0,0.0,-99.98
SOL-USDT-SWAP,breakout,6H,0.007,0.03,0.03,1,0.0,10.0,148.0,0.0,-100.0,1200,456,744,38.0,100.0,0.637,-4.093,2934,0.0,-100.0,0.0,-100.0,0.0,-99.96
SOL-USDT-SWAP,breakout,6H,0.01,0.006,0.01,1,0.0,10.0,148.0,0.0,-100.0,960,129,831,13.44,100.0,0.002,-4.093,2934,0.0,-100.0,0.0,-100.0,0.0,-100.0
SOL-USDT-SWAP,breakout,6H,0.01,0.006,0.015,1,0.0,10.0,148.0,0.0,-100.0,960,313,647,32.6,100.0,0.013,-4.093,2934,0.0,-100.0,0.0,-100.0,0.0,-100.0
SOL-USDT-SWAP,breakout,6H,0.01,0.006,0.02,1,0.0,10.0,148.0,0.0,-100.0,960,468,492,48.75,100.0,0.039,-4.093,2934,0.0,-100.0,0.0,-100.0,0.0,-100.0
SOL-USDT-SWAP,breakout,6H,0.01,0.006,0.025,1,0.0,10.0,148.0,0.0,-100.0,960,545,415,56.77,100.0,0.175,-4.093,2934,0.0,-100.0,0.0,-100.0,0.0,-99.99
SOL-USDT-SWAP,breakout,6H,0.01,0.006,0.03,1,0.0,10.0,148.0,0.0,-100.0,960,576,384,60.0,100.0,0.328,-4.093,2934,0.0,-100.0,0.0,-100.0,0.0,-99.97
SOL-USDT-SWAP,breakout,6H,0.01,0.008,0.01,1,0.0,10.0,148.0,0.0,-100.0,960,119,841,12.4,100.0,0.003,-4.093,2934,0.0,-100.0,0.0,-100.0,0.0,-100.0
SOL-USDT-SWAP,breakout,6H,0.01,0.008,0.015,1,0.0,10.0,148.0,0.0,-100.0,960,279,681,29.06,100.0,0.012,-4.093,2934,0.0,-100.0,0.0,-100.0,0.0,-100.0
SOL-USDT-SWAP,breakout,6H,0.01,0.008,0.02,1,0.0,10.0,148.0,0.0,-100.0,960,412,548,42.92,100.0,0.052,-4.093,2934,0.0,-100.0,0.0,-100.0,0.0,-100.0
SOL-USDT-SWAP,breakout,6H,0.01,0.008,0.025,1,0.0,10.0,148.0,0.0,-100.0,960,481,479,50.1,100.0,0.246,-4.093,2934,0.0,-100.0,0.0,-100.0,0.0,-100.0
SOL-USDT-SWAP,breakout,6H,0.01,0.008,0.03,1,0.0,10.0,148.0,0.0,-100.0,960,512,448,53.33,100.0,0.438,-4.093,2934,0.0,-100.0,0.0,-100.0,0.0,-99.98
SOL-USDT-SWAP,breakout,6H,0.01,0.01,0.01,1,0.0,10.0,148.0,0.0,-100.0,960,112,848,11.67,100.0,0.003,-4.093,2934,0.0,-100.0,0.0,-100.0,0.0,-100.0
SOL-USDT-SWAP,breakout,6H,0.01,0.01,0.015,1,0.0,10.0,148.0,0.0,-100.0,960,254,706,26.46,100.0,0.011,-4.093,2934,0.0,-100.0,0.0,-100.0,0.0,-100.0
SOL-USDT-SWAP,breakout,6H,0.01,0.01,0.02,1,0.0,10.0,148.0,0.0,-100.0,960,380,580,39.58,100.0,0.047,-4.093,2934,0.0,-100.0,0.0,-100.0,0.0,-100.0
SOL-USDT-SWAP,breakout,6H,0.01,0.01,0.025,1,0.0,10.0,148.0,0.0,-100.0,960,438,522,45.62,100.0,0.175,-4.093,2934,0.0,-100.0,0.0,-100.0,0.0,-100.0
SOL-USDT-SWAP,breakout,6H,0.01,0.01,0.03,1,0.0,10.0,148.0,0.0,-100.0,960,468,492,48.75,100.0,0.374,-4.093,2934,0.0,-100.0,0.0,-100.0,0.0,-99.98
SOL-USDT-SWAP,breakout,6H,0.01,0.015,0.01,1,0.0,10.0,148.0,0.0,-100.0,960,101,859,10.52,100.0,0.004,-4.093,2934,0.0,-100.0,0.0,-100.0,0.0,-100.0
SOL-USDT-SWAP,breakout,6H,0.01,0.015,0.015,1,0.0,10.0,148.0,0.0,-100.0,960,219,741,22.81,100.0,0.016,-4.093,2934,0.0,-100.0,0.0,-100.0,0.0,-100.0
SOL-USDT-SWAP,breakout,6H,0.01,0.015,0.02,1,0.0,10.0,148.0,0.0,-100.0,960,328,632,34.17,100.0,0.013,-4.093,2934,0.0,-100.0,0.0,-100.0,0.0,-100.0
SOL-USDT-SWAP,breakout,6H,0.01,0.015,0.025,1,0.0,10.0,148.0,0.0,-100.0,960,377,583,39.27,100.0,0.208,-4.093,2934,0.0,-100.0,0.0,-100.0,0.0,-99.99
SOL-USDT-SWAP,breakout,6H,0.01,0.015,0.03,1,0.0,10.0,148.0,0.0,-100.0,960,406,554,42.29,100.0,0.464,-4.093,2934,0.0,-100.0,0.0,-100.0,0.0,-99.94
SOL-USDT-SWAP,breakout,6H,0.01,0.02,0.01,1,0.0,10.0,148.0,0.0,-100.0,960,97,863,10.1,100.0,0.003,-4.093,2934,0.0,-100.0,0.0,-100.0,0.0,-100.0
SOL-USDT-SWAP,breakout,6H,0.01,0.02,0.015,1,0.0,10.0,148.0,0.0,-100.0,960,205,755,21.35,100.0,0.02,-4.093,2934,0.0,-100.0,0.0,-100.0,0.0,-100.0
SOL-USDT-SWAP,breakout,6H,0.01,0.02,0.02,1,0.0,10.0,148.0,0.0,-100.0,960,308,652,32.08,100.0,0.018,-4.093,2934,0.0,-100.0,0.0,-100.0,0.0,-100.0
SOL-USDT-SWAP,breakout,6H,0.01,0.02,0.025,1,0.0,10.0,148.0,0.0,-100.0,960,352,608,36.67,100.0,0.181,-4.093,2934,0.0,-100.0,0.0,-100.0,0.0,-99.98
SOL-USDT-SWAP,breakout,6H,0.01,0.02,0.03,1,0.0,10.0,148.0,0.0,-100.0,960,379,581,39.48,100.0,0.477,-4.093,2934,0.0,-100.0,0.0,-100.0,0.0,-99.92
SOL-USDT-SWAP,breakout,6H,0.01,0.03,0.01,1,0.0,10.0,148.0,0.0,-100.0,960,95,865,9.9,100.0,0.003,-4.093,2934,0.0,-100.0,0.0,-100.0,0.0,-100.0
SOL-USDT-SWAP,breakout,6H,0.01,0.03,0.015,1,0.0,10.0,148.0,0.0,-100.0,960,197,763,20.52,100.0,0.019,-4.093,2934,0.0,-100.0,0.0,-100.0,0.0,-100.0
SOL-USDT-SWAP,breakout,6H,0.01,0.03,0.02,1,0.0,10.0,148.0,0.0,-100.0,960,292,668,30.42,100.0,0.015,-4.093,2934,0.0,-100.0,0.0,-100.0,0.0,-100.0
SOL-USDT-SWAP,breakout,6H,0.01,0.03,0.025,1,0.0,10.0,148.0,0.0,-100.0,960,335,625,34.9,100.0,0.191,-4.093,2934,0.0,-100.0,0.0,-100.0,0.0,-99.99
SOL-USDT-SWAP,breakout,6H,0.01,0.03,0.03,1,0.0,10.0,148.0,0.0,-100.0,960,361,599,37.6,100.0,0.567,-4.093,2934,0.0,-100.0,0.0,-100.0,0.0,-99.97
SOL-USDT-SWAP,fade,6H,0.001,0.006,0.01,1,0.0,10.0,148.0,0.08,-99.95,2333,1709,624,73.25,99.96,0.805,-4.091,2934,22.35,-84.9,0.53,-97.63,0.08,-84.69
SOL-USDT-SWAP,fade,6H,0.001,0.006,0.015,1,0.0,10.0,148.0,6140.44,4048.95,2333,1870,463,80.15,98.92,1.036,165.714,2934,2732.11,1746.02,6231.21,128.07,6140.44,-1.46
SOL-USDT-SWAP,fade,6H,0.001,0.006,0.02,1,0.0,10.0,148.0,248412.62,167746.37,2333,1955,378,83.8,63.74,1.354,6865.472,2934,52065.03,35079.07,204128.65,292.06,248412.62,21.69
SOL-USDT-SWAP,fade,6H,0.001,0.006,0.025,1,0.0,10.0,148.0,351806.48,237607.08,2333,1996,337,85.56,65.45,1.528,9724.71,2934,86866.2,58593.38,288732.82,232.39,351806.48,21.84
SOL-USDT-SWAP,fade,6H,0.001,0.006,0.03,1,0.0,10.0,148.0,449287.64,303472.73,2333,2023,310,86.71,54.91,1.721,12420.439,2934,117891.32,79556.3,368834.18,212.86,449287.64,21.81
SOL-USDT-SWAP,fade,6H,0.001,0.008,0.01,1,0.0,10.0,148.0,0.0,-100.0,2333,1485,848,63.65,100.0,0.9,-4.093,2934,29.69,-79.94,0.13,-99.58,0.0,-99.19
SOL-USDT-SWAP,fade,6H,0.001,0.008,0.015,1,0.0,10.0,148.0,16.1,-89.12,2333,1639,694,70.25,99.79,0.997,-3.648,2934,4161.15,2711.59,474.78,-88.59,16.1,-96.61
SOL-USDT-SWAP,fade,6H,0.001,0.008,0.02,1,0.0,10.0,148.0,164315.86,110924.23,2333,1716,617,73.55,74.25,1.156,4539.873,2934,51051.11,34393.99,156342.15,206.25,164315.86,5.1
SOL-USDT-SWAP,fade,6H,0.001,0.008,0.025,1,0.0,10.0,148.0,259319.49,175115.87,2333,1756,577,75.27,80.63,1.256,7167.089,2934,72586.94,48945.23,236595.43,225.95,259319.49,9.6
SOL-USDT-SWAP,fade,6H,0.001,0.008,0.03,1,0.0,10.0,148.0,311858.68,210615.32,2333,1777,556,76.17,69.9,1.308,8619.999,2934,89237.85,60195.84,278651.79,212.26,311858.68,11.92
SOL-USDT-SWAP,fade,6H,0.001,0.01,0.01,1,0.0,10.0,148.0,0.0,-100.0,2333,1294,1039,55.47,100.0,0.891,-4.093,2934,1.45,-99.02,0.0,-99.97,0.0,-99.98
SOL-USDT-SWAP,fade,6H,0.001,0.01,0.015,1,0.0,10.0,148.0,0.0,-100.0,2333,1436,897,61.55,100.0,0.974,-4.093,2934,120.73,-18.43,0.1,-99.92,0.0,-99.89
SOL-USDT-SWAP,fade,6H,0.001,0.01,0.02,1,0.0,10.0,148.0,0.01,-99.99,2333,1500,833,64.29,100.0,0.996,-4.093,2934,1537.67,938.96,3.33,-99.78,0.01,-99.75
SOL-USDT-SWAP,fade,6H,0.001,0.01,0.025,1,0.0,10.0,148.0,0.54,-99.63,2333,1537,796,65.88,100.0,0.999,-4.078,2934,3687.49,2391.55,236.02,-93.6,0.54,-99.77
SOL-USDT-SWAP,fade,6H,0.001,0.01,0.03,1,0.0,10.0,148.0,92503.82,62402.58,2333,1554,779,66.61,90.5,1.071,2553.994,2934,26156.36,17573.22,122027.34,366.53,92503.82,-24.19
SOL-USDT-SWAP,fade,6H,0.001,0.015,0.01,1,0.0,10.0,148.0,0.0,-100.0,2333,1030,1303,44.15,100.0,0.673,-4.093,2934,0.05,-99.96,0.0,-100.0,0.0,-100.0
SOL-USDT-SWAP,fade,6H,0.001,0.015,0.015,1,0.0,10.0,148.0,0.0,-100.0,2333,1150,1183,49.29,100.0,0.816,-4.093,2934,1.68,-98.87,0.0,-100.0,0.0,-100.0
SOL-USDT-SWAP,fade,6H,0.001,0.015,0.02,1,0.0,10.0,148.0,0.0,-100.0,2333,1213,1120,51.99,100.0,0.944,-4.093,2934,10.85,-92.67,0.0,-100.0,0.0,-100.0
SOL-USDT-SWAP,fade,6H,0.001,0.015,0.025,1,0.0,10.0,148.0,0.0,-100.0,2333,1240,1093,53.15,100.0,0.95,-4.093,2934,15.39,-89.6,0.0,-100.0,0.0,-100.0
SOL-USDT-SWAP,fade,6H,0.001,0.015,0.03,1,0.0,10.0,148.0,0.0,-100.0,2333,1258,1075,53.92,100.0,0.983,-4.093,2934,82.33,-44.37,0.0,-100.0,0.0,-100.0
SOL-USDT-SWAP,fade,6H,0.001,0.02,0.01,1,0.0,10.0,148.0,0.0,-100.0,2333,910,1423,39.01,100.0,0.742,-4.093,2934,0.01,-99.99,0.0,-100.0,0.0,-100.0
SOL-USDT-SWAP,fade,6H,0.001,0.02,0.015,1,0.0,10.0,148.0,0.0,-100.0,2333,1023,1310,43.85,100.0,0.838,-4.093,2934,0.2,-99.87,0.0,-100.0,0.0,-100.0
SOL-USDT-SWAP,fade,6H,0.001,0.02,0.02,1,0.0,10.0,148.0,0.0,-100.0,2333,1076,1257,46.12,100.0,0.868,-4.093,2934,0.16,-99.89,0.0,-100.0,0.0,-100.0
SOL-USDT-SWAP,fade,6H,0.001,0.02,0.025,1,0.0,10.0,148.0,0.0,-100.0,2333,1094,1239,46.89,100.0,0.843,-4.093,2934,0.03,-99.98,0.0,-100.0,0.0,-100.0
SOL-USDT-SWAP,fade,6H,0.001,0.02,0.03,1,0.0,10.0,148.0,0.0,-100.0,2333,1112,1221,47.66,100.0,0.886,-4.093,2934,0.09,-99.94,0.0,-100.0,0.0,-100.0
SOL-USDT-SWAP,fade,6H,0.001,0.03,0.01,1,0.0,10.0,148.0,0.0,-100.0,2333,840,1493,36.01,100.0,0.542,-4.093,2934,0.0,-100.0,0.0,-100.0,0.0,-100.0
SOL-USDT-SWAP,fade,6H,0.001,0.03,0.015,1,0.0,10.0,148.0,0.0,-100.0,2333,950,1383,40.72,100.0,0.68,-4.093,2934,0.0,-100.0,0.0,-100.0,0.0,-100.0
SOL-USDT-SWAP,fade,6H,0.001,0.03,0.02,1,0.0,10.0,148.0,0.0,-100.0,2333,996,1337,42.69,100.0,0.679,-4.093,2934,0.0,-100.0,0.0,-100.0,0.0,-100.0
SOL-USDT-SWAP,fade,6H,0.001,0.03,0.025,1,0.0,10.0,148.0,0.0,-100.0,2333,1010,1323,43.29,100.0,0.61,-4.093,2934,0.0,-100.0,0.0,-100.0,0.0,-100.0
SOL-USDT-SWAP,fade,6H,0.001,0.03,0.03,1,0.0,10.0,148.0,0.0,-100.0,2333,1026,1307,43.98,100.0,0.639,-4.093,2934,0.0,-100.0,0.0,-100.0,0.0,-100.0
SOL-USDT-SWAP,fade,6H,0.002,0.006,0.01,1,0.0,10.0,148.0,24.51,-83.44,2224,1658,566,74.55,99.53,0.909,-3.415,2934,38.43,-74.03,21.41,-44.29,24.51,14.49
SOL-USDT-SWAP,fade,6H,0.002,0.006,0.015,1,0.0,10.0,148.0,153215.92,103424.27,2224,1822,402,81.92,95.41,1.371,4232.917,2934,4385.53,2863.19,97687.45,2127.5,153215.92,56.84
SOL-USDT-SWAP,fade,6H,0.002,0.006,0.02,1,0.0,10.0,148.0,378952.14,255948.74,2224,1911,313,85.93,54.97,1.623,10475.392,2934,79658.51,53723.32,297692.19,273.71,378952.14,27.3
SOL-USDT-SWAP,fade,6H,0.002,0.006,0.025,1,0.0,10.0,148.0,443777.25,299749.5,2224,1942,282,87.32,59.54,1.778,12268.056,2934,92911.7,62678.18,346626.33,273.07,443777.25,28.03
SOL-USDT-SWAP,fade,6H,0.002,0.006,0.03,1,0.0,10.0,148.0,530221.29,358157.63,2224,1967,257,88.44,51.91,2.004,14658.566,2934,119027.92,80324.27,417307.14,250.6,530221.29,27.06
SOL-USDT-SWAP,fade,6H,0.002,0.008,0.01,1,0.0,10.0,148.0,238.96,61.46,2224,1486,738,66.82,98.72,1.003,2.515,2934,1377.02,830.42,1193.83,-13.3,238.96,-79.98
SOL-USDT-SWAP,fade,6H,0.002,0.008,0.015,1,0.0,10.0,148.0,238972.26,161367.74,2224,1642,582,73.83,59.45,1.251,6604.41,2934,63060.69,42508.57,204859.16,224.86,238972.26,16.65
SOL-USDT-SWAP,fade,6H,0.002,0.008,0.02,1,0.0,10.0,148.0,416366.49,281228.71,2224,1722,502,77.43,50.47,1.436,11510.043,2934,141834.33,95734.01,365487.0,157.69,416366.49,13.92
SOL-USDT-SWAP,fade,6H,0.002,0.008,0.025,1,0.0,10.0,148.0,455267.32,307513.05,2224,1749,475,78.64,58.76,1.483,12585.8,2934,152519.53,102953.73,397792.52,160.81,455267.32,14.45
SOL-USDT-SWAP,fade,6H,0.002,0.008,0.03,1,0.0,10.0,148.0,507687.9,342932.36,2224,1768,456,79.5,50.99,1.552,14035.431,2934,169846.54,114661.18,444651.61,161.8,507687.9,14.18
SOL-USDT-SWAP,fade,6H,0.002,0.01,0.01,1,0.0,10.0,148.0,0.04,-99.97,2224,1296,928,58.27,99.99,0.942,-4.092,2934,119.82,-19.04,1.01,-99.16,0.04,-96.01
SOL-USDT-SWAP,fade,6H,0.002,0.01,0.015,1,0.0,10.0,148.0,1552.07,948.7,2224,1436,788,64.57,99.29,1.004,38.828,2934,28353.63,19057.86,4378.83,-84.56,1552.07,-64.56
SOL-USDT-SWAP,fade,6H,0.002,0.01,0.02,1,0.0,10.0,148.0,244783.33,165294.15,2224,1507,717,67.76,68.63,1.2,6765.108,2934,83235.2,56140.0,205847.91,147.31,244783.33,18.91
SOL-USDT-SWAP,fade,6H,0.002,0.01,0.025,1,0.0,10.0,148.0,271377.41,183263.11,2224,1531,693,68.84,76.73,1.221,7500.537,2934,90965.53,61363.19,236018.51,159.46,271377.41,14.98
SOL-USDT-SWAP,fade,6H,0.002,0.01,0.03,1,0.0,10.0,148.0,318336.45,214992.2,2224,1549,675,69.65,74.29,1.257,8799.135,2934,115617.92,78020.22,281466.07,143.45,318336.45,13.1
SOL-USDT-SWAP,fade,6H,0.002,0.015,0.01,1,0.0,10.0,148.0,0.0,-100.0,2224,1028,1196,46.22,100.0,0.687,-4.093,2934,2.58,-98.26,0.0,-100.0,0.0,-99.99
SOL-USDT-SWAP,fade,6H,0.002,0.015,0.015,1,0.0,10.0,148.0,0.0,-100.0,2224,1144,1080,51.44,100.0,0.91,-4.093,2934,54.16,-63.4,0.0,-100.0,0.0,-99.99
SOL-USDT-SWAP,fade,6H,0.002,0.015,0.02,1,0.0,10.0,148.0,0.0,-100.0,2224,1205,1019,54.18,100.0,0.988,-4.093,2934,689.83,366.1,0.0,-100.0,0.0,-99.99
SOL-USDT-SWAP,fade,6H,0.002,0.015,0.025,1,0.0,10.0,148.0,0.0,-100.0,2224,1225,999,55.08,100.0,0.989,-4.093,2934,736.94,397.93,0.0,-100.0,0.0,-100.0
SOL-USDT-SWAP,fade,6H,0.002,0.015,0.03,1,0.0,10.0,148.0,0.0,-100.0,2224,1239,985,55.71,100.0,0.996,-4.093,2934,2590.09,1650.06,0.0,-100.0,0.0,-100.0
SOL-USDT-SWAP,fade,6H,0.002,0.02,0.01,1,0.0,10.0,148.0,0.0,-100.0,2224,894,1330,40.2,100.0,0.627,-4.093,2934,0.03,-99.98,0.0,-100.0,0.0,-100.0
SOL-USDT-SWAP,fade,6H,0.002,0.02,0.015,1,0.0,10.0,148.0,0.0,-100.0,2224,1004,1220,45.14,100.0,0.77,-4.093,2934,0.55,-99.63,0.0,-100.0,0.0,-100.0
SOL-USDT-SWAP,fade,6H,0.002,0.02,0.02,1,0.0,10.0,148.0,0.0,-100.0,2224,1051,1173,47.26,100.0,0.923,-4.093,2934,0.88,-99.4,0.0,-100.0,0.0,-100.0
SOL-USDT-SWAP,fade,6H,0.002,0.02,0.025,1,0.0,10.0,148.0,0.0,-100.0,2224,1068,1156,48.02,100.0,0.899,-4.093,2934,0.25,-99.83,0.0,-100.0,0.0,-100.0
SOL-USDT-SWAP,fade,6H,0.002,0.02,0.03,1,0.0,10.0,148.0,0.0,-100.0,2224,1082,1142,48.65,100.0,0.912,-4.093,2934,0.47,-99.68,0.0,-100.0,0.0,-100.0
SOL-USDT-SWAP,fade,6H,0.002,0.03,0.01,1,0.0,10.0,148.0,0.0,-100.0,2224,820,1404,36.87,100.0,0.468,-4.093,2934,0.0,-100.0,0.0,-100.0,0.0,-100.0
SOL-USDT-SWAP,fade,6H,0.002,0.03,0.015,1,0.0,10.0,148.0,0.0,-100.0,2224,927,1297,41.68,100.0,0.603,-4.093,2934,0.0,-100.0,0.0,-100.0,0.0,-100.0
SOL-USDT-SWAP,fade,6H,0.002,0.03,0.02,1,0.0,10.0,148.0,0.0,-100.0,2224,965,1259,43.39,100.0,0.733,-4.093,2934,0.0,-100.0,0.0,-100.0,0.0,-100.0
SOL-USDT-SWAP,fade,6H,0.002,0.03,0.025,1,0.0,10.0,148.0,0.0,-100.0,2224,977,1247,43.93,100.0,0.651,-4.093,2934,0.0,-100.0,0.0,-100.0,0.0,-100.0
SOL-USDT-SWAP,fade,6H,0.002,0.03,0.03,1,0.0,10.0,148.0,0.0,-100.0,2224,991,1233,44.56,100.0,0.615,-4.093,2934,0.0,-100.0,0.0,-100.0,0.0,-100.0
SOL-USDT-SWAP,fade,6H,0.003,0.006,0.01,1,0.0,10.0,148.0,56.93,-61.53,2110,1578,532,74.79,97.72,0.979,-2.518,2934,152.71,3.18,115.37,-24.45,56.93,-50.66
SOL-USDT-SWAP,fade,6H,0.003,0.006,0.015,1,0.0,10.0,148.0,231520.64,156332.86,2110,1757,353,83.27,91.4,1.453,6398.344,2934,25432.24,17083.95,167538.73,558.77,231520.64,38.19
SOL-USDT-SWAP,fade,6H,0.003,0.006,0.02,1,0.0,10.0,148.0,462692.01,312529.74,2110,1849,261,87.63,54.97,1.891,12791.122,2934,116254.47,78450.32,351839.53,202.65,462692.01,31.51
SOL-USDT-SWAP,fade,6H,0.003,0.006,0.025,1,0.0,10.0,148.0,543744.16,367294.7,2110,1882,228,89.19,44.58,2.127,15032.525,2934,142826.36,96404.3,427062.36,199.01,543744.16,27.32
SOL-USDT-SWAP,fade,6H,0.003,0.006,0.03,1,0.0,10.0,148.0,629261.3,425076.55,2110,1907,203,90.38,51.91,2.523,17397.403,2934,163943.7,110672.77,496551.89,202.88,629261.3,26.73
SOL-USDT-SWAP,fade,6H,0.003,0.008,0.01,1,0.0,10.0,148.0,40052.47,26962.48,2110,1426,684,67.58,97.24,1.099,1103.512,2934,956.82,546.5,31125.71,3153.03,40052.47,28.68
SOL-USDT-SWAP,fade,6H,0.003,0.008,0.015,1,0.0,10.0,148.0,317596.47,214492.21,2110,1584,526,75.07,55.59,1.397,8778.672,2934,47719.45,32142.87,257309.59,439.21,317596.47,23.43
SOL-USDT-SWAP,fade,6H,0.003,0.008,0.02,1,0.0,10.0,148.0,521825.13,352484.54,2110,1665,445,78.91,50.47,1.648,14426.38,2934,146359.91,98791.83,430761.74,194.32,521825.13,21.14
SOL-USDT-SWAP,fade,6H,0.003,0.008,0.025,1,0.0,10.0,148.0,581848.24,393040.7,2110,1693,417,80.24,43.51,1.725,16086.25,2934,169072.31,114138.05,494962.13,192.75,581848.24,17.55
SOL-USDT-SWAP,fade,6H,0.003,0.008,0.03,1,0.0,10.0,148.0,663235.84,448032.33,2110,1716,394,81.33,50.99,1.901,18336.93,2934,189694.66,128072.07,566902.8,198.85,663235.84,16.99
SOL-USDT-SWAP,fade,6H,0.003,0.01,0.01,1,0.0,10.0,148.0,36.56,-75.3,2110,1263,847,59.86,98.85,0.996,-3.082,2934,693.46,368.55,811.31,17.0,36.56,-95.49
SOL-USDT-SWAP,fade,6H,0.003,0.01,0.015,1,0.0,10.0,148.0,240064.66,162105.85,2110,1409,701,66.78,63.8,1.232,6634.619,2934,49552.15,33381.18,206173.95,316.07,240064.66,16.44
SOL-USDT-SWAP,fade,6H,0.003,0.01,0.02,1,0.0,10.0,148.0,430886.54,291039.56,2110,1485,625,70.38,55.43,1.402,11911.578,2934,132219.34,89237.39,361415.57,173.35,430886.54,19.22
SOL-USDT-SWAP,fade,6H,0.003,0.01,0.025,1,0.0,10.0,148.0,456047.17,308039.98,2110,1509,601,71.52,60.88,1.417,12607.366,2934,143009.8,96528.25,396979.67,177.59,456047.17,14.88
SOL-USDT-SWAP,fade,6H,0.003,0.01,0.03,1,0.0,10.0,148.0,505915.23,341734.62,2110,1527,583,72.37,68.53,1.481,13986.41,2934,155033.23,104652.18,443820.66,186.27,505915.23,13.99
SOL-USDT-SWAP,fade,6H,0.003,0.015,0.01,1,0.0,10.0,148.0,0.0,-100.0,2110,1009,1101,47.82,100.0,0.94,-4.093,2934,81.75,-44.76,0.0,-100.0,0.0,-99.98
SOL-USDT-SWAP,fade,6H,0.003,0.015,0.015,1,0.0,10.0,148.0,0.0,-100.0,2110,1128,982,53.46,100.0,0.989,-4.093,2934,985.98,566.2,0.17,-99.98,0.0,-99.94
SOL-USDT-SWAP,fade,6H,0.003,0.015,0.02,1,0.0,10.0,148.0,4615.41,3018.52,2110,1188,922,56.3,96.82,1.004,123.541,2934,39542.8,26618.11,53405.83,35.06,4615.41,-91.36
SOL-USDT-SWAP,fade,6H,0.003,0.015,0.025,1,0.0,10.0,148.0,54697.88,36858.03,2110,1208,902,57.25,88.06,1.037,1508.514,2934,45101.05,30373.68,120128.39,166.35,54697.88,-54.47
SOL-USDT-SWAP,fade,6H,0.003,0.015,0.03,1,0.0,10.0,148.0,110778.2,74750.13,2110,1223,887,57.96,70.69,1.073,3059.351,2934,75114.92,50653.32,182202.77,142.57,110778.2,-39.2
SOL-USDT-SWAP,fade,6H,0.003,0.02,0.01,1,0.0,10.0,148.0,0.0,-100.0,2110,870,1240,41.23,100.0,0.648,-4.093,2934,0.21,-99.86,0.0,-100.0,0.0,-100.0
SOL-USDT-SWAP,fade,6H,0.003,0.02,0.015,1,0.0,10.0,148.0,0.0,-100.0,2110,980,1130,46.45,100.0,0.739,-4.093,2934,1.78,-98.79,0.0,-100.0,0.0,-99.99
SOL-USDT-SWAP,fade,6H,0.003,0.02,0.02,1,0.0,10.0,148.0,0.0,-100.0,2110,1030,1080,48.82,100.0,0.941,-4.093,2934,8.39,-94.33,0.0,-100.0,0.0,-100.0
SOL-USDT-SWAP,fade,6H,0.003,0.02,0.025,1,0.0,10.0,148.0,0.0,-100.0,2110,1046,1064,49.57,100.0,0.941,-4.093,2934,2.77,-98.13,0.0,-100.0,0.0,-100.0
SOL-USDT-SWAP,fade,6H,0.003,0.02,0.03,1,0.0,10.0,148.0,0.0,-100.0,2110,1060,1050,50.24,100.0,0.95,-4.093,2934,3.41,-97.69,0.0,-100.0,0.0,-100.0
SOL-USDT-SWAP,fade,6H,0.003,0.03,0.01,1,0.0,10.0,148.0,0.0,-100.0,2110,794,1316,37.63,100.0,0.455,-4.093,2934,0.0,-100.0,0.0,-100.0,0.0,-100.0
SOL-USDT-SWAP,fade,6H,0.003,0.03,0.015,1,0.0,10.0,148.0,0.0,-100.0,2110,895,1215,42.42,100.0,0.542,-4.093,2934,0.01,-99.99,0.0,-100.0,0.0,-100.0
SOL-USDT-SWAP,fade,6H,0.003,0.03,0.02,1,0.0,10.0,148.0,0.0,-100.0,2110,936,1174,44.36,100.0,0.677,-4.093,2934,0.02,-99.99,0.0,-100.0,0.0,-100.0
SOL-USDT-SWAP,fade,6H,0.003,0.03,0.025,1,0.0,10.0,148.0,0.0,-100.0,2110,948,1162,44.93,100.0,0.663,-4.093,2934,0.01,-99.99,0.0,-100.0,0.0,-100.0
SOL-USDT-SWAP,fade,6H,0.003,0.03,0.03,1,0.0,10.0,148.0,0.0,-100.0,2110,960,1150,45.5,100.0,0.59,-4.093,2934,0.01,-100.0,0.0,-100.0,0.0,-100.0
SOL-USDT-SWAP,fade,6H,0.005,0.006,0.01,1,0.0,10.0,148.0,77.76,-47.46,1886,1411,475,74.81,98.82,0.989,-1.943,2934,213.09,43.98,179.92,-15.56,77.76,-56.78
SOL-USDT-SWAP,fade,6H,0.005,0.006,0.015,1,0.0,10.0,148.0,283967.27,191769.78,1886,1596,290,84.62,44.48,1.533,7848.695,2934,67138.21,45263.66,222301.48,231.11,283967.27,27.74
SOL-USDT-SWAP,fade,6H,0.005,0.006,0.02,1,0.0,10.0,148.0,427383.95,288672.94,1886,1668,218,88.44,56.7,1.922,11814.718,2934,106867.08,72107.48,330510.46,209.27,427383.95,29.31
SOL-USDT-SWAP,fade,6H,0.005,0.006,0.025,1,0.0,10.0,148.0,534609.43,361122.58,1886,1707,179,90.51,44.58,2.319,14779.915,2934,143074.52,96571.97,415166.86,190.18,534609.43,28.77
SOL-USDT-SWAP,fade,6H,0.005,0.006,0.03,1,0.0,10.0,148.0,622156.1,420275.74,1886,1731,155,91.78,32.0,2.839,17200.917,2934,169883.61,114686.22,482395.37,183.96,622156.1,28.97
SOL-USDT-SWAP,fade,6H,0.005,0.008,0.01,1,0.0,10.0,148.0,132303.09,89293.98,1886,1305,581,69.19,94.69,1.305,3654.597,2934,2984.99,1916.89,92037.08,2983.32,132303.09,43.75
SOL-USDT-SWAP,fade,6H,0.005,0.008,0.015,1,0.0,10.0,148.0,450453.75,304260.64,1886,1471,415,78.0,52.88,1.642,12452.687,2934,106351.31,71759.0,361113.4,239.55,450453.75,24.74
SOL-USDT-SWAP,fade,6H,0.005,0.008,0.02,1,0.0,10.0,148.0,597089.8,403339.05,1886,1538,348,81.55,53.27,1.927,16507.738,2934,149589.55,100974.02,471861.15,215.44,597089.8,26.54
SOL-USDT-SWAP,fade,6H,0.005,0.008,0.025,1,0.0,10.0,148.0,689999.88,466116.14,1886,1570,316,83.24,43.51,2.147,19077.059,2934,183863.09,124131.82,547310.42,197.67,689999.88,26.07
SOL-USDT-SWAP,fade,6H,0.005,0.008,0.03,1,0.0,10.0,148.0,784024.09,529646.01,1886,1593,293,84.46,32.0,2.474,21677.19,2934,213626.82,144242.45,622966.46,191.61,784024.09,25.85
SOL-USDT-SWAP,fade,6H,0.005,0.01,0.01,1,0.0,10.0,148.0,90028.11,60729.81,1886,1163,723,61.66,98.37,1.191,2485.531,2934,3284.88,2119.52,73987.26,2152.36,90028.11,21.68
SOL-USDT-SWAP,fade,6H,0.005,0.01,0.015,1,0.0,10.0,148.0,409857.66,276830.85,1886,1312,574,69.57,55.32,1.44,11330.049,2934,111951.2,75542.7,354206.57,216.39,409857.66,15.71
SOL-USDT-SWAP,fade,6H,0.005,0.01,0.02,1,0.0,10.0,148.0,538411.37,363691.47,1886,1369,517,72.59,49.64,1.598,14885.053,2934,157580.73,106373.46,461191.56,192.67,538411.37,16.74
SOL-USDT-SWAP,fade,6H,0.005,0.01,0.025,1,0.0,10.0,148.0,626178.16,422993.35,1886,1400,486,74.23,42.45,1.727,17312.143,2934,188648.28,127365.06,537561.17,184.95,626178.16,16.49
SOL-USDT-SWAP,fade,6H,0.005,0.01,0.03,1,0.0,10.0,148.0,717026.97,484377.69,1886,1421,465,75.34,32.0,1.894,19824.462,2934,223129.21,150662.98,618591.98,177.23,717026.97,15.91
SOL-USDT-SWAP,fade,6H,0.005,0.015,0.01,1,0.0,10.0,148.0,0.24,-99.84,1886,929,957,49.26,99.99,0.994,-4.086,2934,1081.75,630.91,34.23,-96.84,0.24,-99.3
SOL-USDT-SWAP,fade,6H,0.005,0.015,0.015,1,0.0,10.0,148.0,182883.69,123470.06,1886,1050,836,55.67,69.02,1.139,5053.345,2934,87491.44,59015.84,193373.96,121.02,182883.69,-5.42
SOL-USDT-SWAP,fade,6H,0.005,0.015,0.02,1,0.0,10.0,148.0,288326.19,194714.99,1886,1099,787,58.27,62.18,1.215,7969.236,2934,137574.96,92856.05,293226.32,113.14,288326.19,-1.67
SOL-USDT-SWAP,fade,6H,0.005,0.015,0.025,1,0.0,10.0,148.0,298670.33,201704.28,1886,1119,767,59.33,50.18,1.218,8255.291,2934,149456.09,100883.84,304691.41,103.87,298670.33,-1.98
SOL-USDT-SWAP,fade,6H,0.005,0.015,0.03,1,0.0,10.0,148.0,348624.74,235457.26,1886,1132,754,60.02,47.37,1.258,9636.723,2934,177509.71,119838.99,363474.66,104.76,348624.74,-4.09
SOL-USDT-SWAP,fade,6H,0.005,0.02,0.01,1,0.0,10.0,148.0,0.0,-100.0,1886,790,1096,41.89,100.0,0.751,-4.093,2934,2.38,-98.39,0.0,-100.0,0.0,-99.97
SOL-USDT-SWAP,fade,6H,0.005,0.02,0.015,1,0.0,10.0,148.0,0.0,-100.0,1886,902,984,47.83,100.0,0.987,-4.093,2934,342.71,131.56,0.0,-100.0,0.0,-99.92
SOL-USDT-SWAP,fade,6H,0.005,0.02,0.02,1,0.0,10.0,148.0,0.0,-100.0,1886,940,946,49.84,100.0,0.99,-4.093,2934,392.12,164.95,0.0,-100.0,0.0,-99.98
SOL-USDT-SWAP,fade,6H,0.005,0.02,0.025,1,0.0,10.0,148.0,0.0,-100.0,1886,959,927,50.85,100.0,0.993,-4.093,2934,308.36,108.35,0.0,-100.0,0.0,-99.99
SOL-USDT-SWAP,fade,6H,0.005,0.02,0.03,1,0.0,10.0,148.0,0.0,-100.0,1886,973,913,51.59,100.0,0.998,-4.093,2934,586.42,296.23,0.0,-100.0,0.0,-100.0
SOL-USDT-SWAP,fade,6H,0.005,0.03,0.01,1,0.0,10.0,148.0,0.0,-100.0,1886,713,1173,37.8,100.0,0.707,-4.093,2934,0.21,-99.86,0.0,-100.0,0.0,-100.0
SOL-USDT-SWAP,fade,6H,0.005,0.03,0.015,1,0.0,10.0,148.0,0.0,-100.0,1886,810,1076,42.95,100.0,0.913,-4.093,2934,1.41,-99.05,0.0,-100.0,0.0,-100.0
SOL-USDT-SWAP,fade,6H,0.005,0.03,0.02,1,0.0,10.0,148.0,0.0,-100.0,1886,838,1048,44.43,100.0,0.874,-4.093,2934,0.31,-99.79,0.0,-100.0,0.0,-100.0
SOL-USDT-SWAP,fade,6H,0.005,0.03,0.025,1,0.0,10.0,148.0,0.0,-100.0,1886,856,1030,45.39,100.0,0.859,-4.093,2934,0.39,-99.74,0.0,-100.0,0.0,-100.0
SOL-USDT-SWAP,fade,6H,0.005,0.03,0.03,1,0.0,10.0,148.0,0.0,-100.0,1886,869,1017,46.08,100.0,0.903,-4.093,2934,0.36,-99.75,0.0,-100.0,0.0,-100.0
SOL-USDT-SWAP,fade,6H,0.007,0.006,0.01,1,0.0,10.0,148.0,2050.43,1285.43,1640,1251,389,76.28,93.19,1.02,52.61,2934,1706.08,1052.76,3244.31,90.16,2050.43,-36.8
SOL-USDT-SWAP,fade,6H,0.007,0.006,0.015,1,0.0,10.0,148.0,253447.71,171148.45,1640,1400,240,85.37,52.08,1.541,7004.711,2934,64082.76,43199.16,202715.54,216.33,253447.71,25.03
SOL-USDT-SWAP,fade,6H,0.007,0.006,0.02,1,0.0,10.0,148.0,370926.58,250526.07,1640,1460,180,89.02,53.16,1.935,10253.454,2934,90430.63,61001.78,286791.38,217.14,370926.58,29.34
SOL-USDT-SWAP,fade,6H,0.007,0.006,0.025,1,0.0,10.0,148.0,464106.57,313485.52,1640,1496,144,91.22,48.81,2.371,12830.24,2934,126885.95,85633.75,365713.97,188.22,464106.57,26.9
SOL-USDT-SWAP,fade,6H,0.007,0.006,0.03,1,0.0,10.0,148.0,550136.18,371613.64,1640,1520,120,92.68,41.49,2.994,15209.289,2934,138233.88,93301.27,433912.27,213.9,550136.18,26.79
SOL-USDT-SWAP,fade,6H,0.007,0.008,0.01,1,0.0,10.0,148.0,228261.31,154130.62,1640,1174,466,71.59,48.41,1.353,6308.211,2934,57634.81,38842.44,185868.57,222.49,228261.31,22.81
SOL-USDT-SWAP,fade,6H,0.007,0.008,0.015,1,0.0,10.0,148.0,475678.99,321304.72,1640,1318,322,80.37,47.29,1.823,13150.261,2934,140714.42,94977.31,386651.39,174.78,475678.99,23.03
SOL-USDT-SWAP,fade,6H,0.007,0.008,0.02,1,0.0,10.0,148.0,606466.08,409674.38,1640,1374,266,83.78,49.7,2.164,16767.028,2934,174113.57,117544.3,483310.04,177.58,606466.08,25.48
SOL-USDT-SWAP,fade,6H,0.007,0.008,0.025,1,0.0,10.0,148.0,701073.14,473598.07,1640,1408,232,85.85,43.51,2.516,19383.277,2934,212049.68,143176.81,563809.69,165.89,701073.14,24.35
SOL-USDT-SWAP,fade,6H,0.007,0.008,0.03,1,0.0,10.0,148.0,795499.72,537399.81,1640,1432,208,87.32,34.41,3.035,21994.535,2934,224054.05,151287.87,637517.13,184.54,795499.72,24.78
SOL-USDT-SWAP,fade,6H,0.007,0.01,0.01,1,0.0,10.0,148.0,301020.3,203292.09,1640,1079,561,65.79,47.59,1.397,8320.277,2934,69998.8,47196.49,235797.41,236.86,301020.3,27.66
SOL-USDT-SWAP,fade,6H,0.007,0.01,0.015,1,0.0,10.0,148.0,532009.55,359365.91,1640,1210,430,73.78,45.64,1.719,14708.018,2934,151270.7,102109.93,430366.43,184.5,532009.55,23.62
SOL-USDT-SWAP,fade,6H,0.007,0.01,0.02,1,0.0,10.0,148.0,656146.15,443242.0,1640,1260,380,76.83,48.75,1.943,18140.873,2934,184646.05,124660.84,533357.31,188.85,656146.15,23.02
SOL-USDT-SWAP,fade,6H,0.007,0.01,0.025,1,0.0,10.0,148.0,743624.43,502348.94,1640,1290,350,78.66,42.45,2.158,20559.984,2934,220814.06,149098.69,609878.17,176.2,743624.43,21.93
SOL-USDT-SWAP,fade,6H,0.007,0.01,0.03,1,0.0,10.0,148.0,842448.01,569121.63,1640,1312,328,80.0,32.0,2.467,23292.836,2934,236472.2,159678.51,692471.96,192.83,842448.01,21.66
SOL-USDT-SWAP,fade,6H,0.007,0.015,0.01,1,0.0,10.0,148.0,93843.5,63307.77,1640,841,799,51.28,57.95,1.094,2591.041,2934,53422.17,35996.06,91210.29,70.73,93843.5,2.89
SOL-USDT-SWAP,fade,6H,0.007,0.015,0.015,1,0.0,10.0,148.0,249586.99,168539.86,1640,947,693,57.74,49.33,1.221,6897.948,2934,123183.99,83132.42,224753.68,82.45,249586.99,11.05
SOL-USDT-SWAP,fade,6H,0.007,0.015,0.02,1,0.0,10.0,148.0,312689.47,211176.67,1640,983,657,59.94,45.3,1.272,8642.974,2934,145393.31,98138.72,290424.77,99.75,312689.47,7.67
SOL-USDT-SWAP,fade,6H,0.007,0.015,0.025,1,0.0,10.0,148.0,339278.26,229142.07,1640,1002,638,61.1,48.96,1.294,9378.257,2934,167846.41,113309.74,321756.45,91.7,339278.26,5.45
SOL-USDT-SWAP,fade,6H,0.007,0.015,0.03,1,0.0,10.0,148.0,441039.18,297899.44,1640,1022,618,62.32,44.79,1.402,12192.337,2934,184790.41,124758.39,407716.89,120.64,441039.18,8.17
SOL-USDT-SWAP,fade,6H,0.007,0.02,0.01,1,0.0,10.0,148.0,0.0,-100.0,1640,721,919,43.96,100.0,0.975,-4.093,2934,390.42,163.8,0.02,-99.99,0.0,-99.89
SOL-USDT-SWAP,fade,6H,0.007,0.02,0.015,1,0.0,10.0,148.0,0.0,-100.0,1640,817,823,49.82,100.0,0.998,-4.093,2934,8693.86,5774.23,1.5,-99.98,0.0,-99.88
SOL-USDT-SWAP,fade,6H,0.007,0.02,0.02,1,0.0,10.0,148.0,0.0,-100.0,1640,844,796,51.46,100.0,0.999,-4.093,2934,5704.78,3754.58,1.22,-99.98,0.0,-99.98
SOL-USDT-SWAP,fade,6H,0.007,0.02,0.025,1,0.0,10.0,148.0,21.32,-85.59,1640,861,779,52.5,99.98,1.0,-3.503,2934,38412.43,25854.34,48021.96,25.02,21.32,-99.96
SOL-USDT-SWAP,fade,6H,0.007,0.02,0.03,1,0.0,10.0,148.0,23166.89,15553.31,1640,877,763,53.48,84.53,1.019,636.561,2934,41141.58,27698.36,95692.88,132.59,23166.89,-75.79
SOL-USDT-SWAP,fade,6H,0.007,0.03,0.01,1,0.0,10.0,148.0,0.0,-100.0,1640,626,1014,38.17,100.0,0.857,-4.093,2934,0.7,-99.53,0.0,-100.0,0.0,-100.0
SOL-USDT-SWAP,fade,6H,0.007,0.03,0.015,1,0.0,10.0,148.0,0.0,-100.0,1640,708,932,43.17,100.0,0.905,-4.093,2934,0.87,-99.41,0.0,-100.0,0.0,-100.0
SOL-USDT-SWAP,fade,6H,0.007,0.03,0.02,1,0.0,10.0,148.0,0.0,-100.0,1640,729,911,44.45,100.0,0.869,-4.093,2934,0.28,-99.81,0.0,-100.0,0.0,-100.0
SOL-USDT-SWAP,fade,6H,0.007,0.03,0.025,1,0.0,10.0,148.0,0.0,-100.0,1640,746,894,45.49,100.0,0.847,-4.093,2934,0.43,-99.71,0.0,-100.0,0.0,-100.0
SOL-USDT-SWAP,fade,6H,0.007,0.03,0.03,1,0.0,10.0,148.0,0.0,-100.0,1640,759,881,46.28,100.0,0.856,-4.093,2934,0.19,-99.87,0.0,-100.0,0.0,-100.0
SOL-USDT-SWAP,fade,6H,0.01,0.006,0.01,1,0.0,10.0,148.0,361.55,144.29,1319,1003,316,76.04,97.07,1.01,5.906,2934,1603.26,983.28,594.18,-62.94,361.55,-39.15
SOL-USDT-SWAP,fade,6H,0.01,0.006,0.015,1,0.0,10.0,148.0,141061.95,95212.13,1319,1122,197,85.06,92.99,1.532,3896.813,2934,8618.48,5723.3,80819.34,837.74,141061.95,74.54
SOL-USDT-SWAP,fade,6H,0.01,0.006,0.02,1,0.0,10.0,148.0,293976.97,198533.09,1319,1186,133,89.92,39.95,1.934,8125.501,2934,66526.05,44850.04,216334.36,225.19,293976.97,35.89
SOL-USDT-SWAP,fade,6H,0.01,0.006,0.025,1,0.0,10.0,148.0,393023.02,265456.09,1319,1222,97,92.65,35.16,2.563,10864.506,2934,89204.84,60173.54,290780.41,225.97,393023.02,35.16
SOL-USDT-SWAP,fade,6H,0.01,0.006,0.03,1,0.0,10.0,148.0,455253.35,307503.62,1319,1241,78,94.09,37.97,3.184,12585.414,2934,100699.54,67940.23,340780.12,238.41,455253.35,33.59
SOL-USDT-SWAP,fade,6H,0.01,0.008,0.01,1,0.0,10.0,148.0,187622.84,126672.19,1319,956,363,72.48,37.81,1.352,5184.401,2934,49813.42,33557.72,146745.64,194.59,187622.84,27.86
SOL-USDT-SWAP,fade,6H,0.01,0.008,0.015,1,0.0,10.0,148.0,351953.81,237706.63,1319,1061,258,80.44,50.27,1.727,9728.784,2934,78780.38,53129.98,259991.95,230.02,351953.81,35.37
SOL-USDT-SWAP,fade,6H,0.01,0.008,0.02,1,0.0,10.0,148.0,477985.91,322863.45,1319,1118,201,84.76,35.51,2.116,13214.057,2934,133407.54,90040.23,367551.75,175.51,477985.91,30.05
SOL-USDT-SWAP,fade,6H,0.01,0.008,0.025,1,0.0,10.0,148.0,574813.88,388287.75,1319,1152,167,87.34,32.2,2.566,15891.723,2934,162338.41,109588.11,441389.76,171.89,574813.88,30.23
SOL-USDT-SWAP,fade,6H,0.01,0.008,0.03,1,0.0,10.0,148.0,647883.03,437658.81,1319,1172,147,88.86,36.85,3.07,17912.366,2934,172461.25,116427.87,497085.96,188.23,647883.03,30.34
SOL-USDT-SWAP,fade,6H,0.01,0.01,0.01,1,0.0,10.0,148.0,281594.86,190166.8,1319,887,432,67.25,32.34,1.45,7783.089,2934,100183.79,67591.75,225730.11,125.32,281594.86,24.75
SOL-USDT-SWAP,fade,6H,0.01,0.01,0.015,1,0.0,10.0,148.0,454918.92,307277.65,1319,986,333,74.75,46.41,1.779,12576.166,2934,136914.11,92409.53,352899.64,157.75,454918.92,28.91
SOL-USDT-SWAP,fade,6H,0.01,0.01,0.02,1,0.0,10.0,148.0,576426.38,389377.29,1319,1040,279,78.85,34.29,2.062,15936.315,2934,192590.64,130028.81,462255.12,140.02,576426.38,24.7
SOL-USDT-SWAP,fade,6H,0.01,0.01,0.025,1,0.0,10.0,148.0,667144.75,450673.48,1319,1071,248,81.2,32.2,2.365,18445.027,2934,219265.47,148052.34,535150.96,144.07,667144.75,24.66
SOL-USDT-SWAP,fade,6H,0.01,0.01,0.03,1,0.0,10.0,148.0,749089.49,506041.55,1319,1091,228,82.71,36.85,2.741,20711.114,2934,226877.56,153195.65,589191.4,159.7,749089.49,27.14
SOL-USDT-SWAP,fade,6H,0.01,0.015,0.01,1,0.0,10.0,148.0,202474.53,136707.11,1319,718,601,54.44,51.16,1.255,5595.107,2934,84570.05,57041.92,188732.17,123.17,202474.53,7.28
SOL-USDT-SWAP,fade,6H,0.01,0.015,0.015,1,0.0,10.0,148.0,375933.68,253909.24,1319,807,512,61.18,35.77,1.457,10391.92,2934,145172.27,97989.37,332214.77,128.84,375933.68,13.16
SOL-USDT-SWAP,fade,6H,0.01,0.015,0.02,1,0.0,10.0,148.0,481586.8,325296.49,1319,850,469,64.44,31.25,1.596,13313.635,2934,195305.7,131863.31,430571.63,120.46,481586.8,11.85
SOL-USDT-SWAP,fade,6H,0.01,0.015,0.025,1,0.0,10.0,148.0,584136.83,394587.05,1319,878,441,66.57,32.2,1.762,16149.538,2934,229523.13,154983.2,525348.43,128.89,584136.83,11.19
SOL-USDT-SWAP,fade,6H,0.01,0.015,0.03,1,0.0,10.0,148.0,653661.76,441563.35,1319,894,425,67.78,36.85,1.901,18072.17,2934,236907.41,159972.57,573126.62,141.92,653661.76,14.05
SOL-USDT-SWAP,fade,6H,0.01,0.02,0.01,1,0.0,10.0,148.0,1.26,-99.15,1319,607,712,46.02,100.0,0.999,-4.058,2934,32267.01,21702.03,20.0,-99.94,1.26,-93.71
SOL-USDT-SWAP,fade,6H,0.01,0.02,0.015,1,0.0,10.0,148.0,106281.29,71711.68,1319,688,631,52.16,66.51,1.104,2934.994,2934,95066.17,64133.9,106676.35,12.21,106281.29,-0.37
SOL-USDT-SWAP,fade,6H,0.01,0.02,0.02,1,0.0,10.0,148.0,129415.46,87342.88,1319,719,600,54.51,62.43,1.121,3574.743,2934,115923.68,78226.81,132596.67,14.38,129415.46,-2.4
SOL-USDT-SWAP,fade,6H,0.01,0.02,0.025,1,0.0,10.0,148.0,193195.78,130437.69,1319,738,581,55.95,38.7,1.18,5338.514,2934,144175.98,97316.2,204723.15,42.0,193195.78,-5.63
SOL-USDT-SWAP,fade,6H,0.01,0.02,0.03,1,0.0,10.0,148.0,274464.47,185348.97,1319,755,564,57.24,42.9,1.267,7585.906,2934,163018.28,110047.49,265444.71,62.83,274464.47,3.4
SOL-USDT-SWAP,fade,6H,0.01,0.03,0.01,1,0.0,10.0,148.0,0.0,-100.0,1319,524,795,39.73,100.0,0.967,-4.093,2934,57.76,-60.97,0.0,-100.0,0.0,-99.9
SOL-USDT-SWAP,fade,6H,0.01,0.03,0.015,1,0.0,10.0,148.0,0.0,-100.0,1319,589,730,44.66,100.0,0.95,-4.093,2934,13.73,-90.72,0.0,-100.0,0.0,-99.98
SOL-USDT-SWAP,fade,6H,0.01,0.03,0.02,1,0.0,10.0,148.0,0.0,-100.0,1319,618,701,46.85,100.0,0.948,-4.093,2934,20.19,-86.36,0.0,-100.0,0.0,-99.99
SOL-USDT-SWAP,fade,6H,0.01,0.03,0.025,1,0.0,10.0,148.0,0.0,-100.0,1319,636,683,48.22,100.0,0.966,-4.093,2934,18.18,-87.71,0.0,-100.0,0.0,-100.0
SOL-USDT-SWAP,fade,6H,0.01,0.03,0.03,1,0.0,10.0,148.0,0.0,-100.0,1319,648,671,49.13,100.0,0.979,-4.093,2934,31.03,-79.03,0.0,-100.0,0.0,-99.99
SOL-USDT-SWAP,reversal,12H,0.001,0.006,0.01,1,0.0,10.0,148.0,0.26,-99.82,908,655,253,72.14,99.88,0.802,-4.085,1468,86.45,-41.59,0.46,-99.47,0.26,-42.06
SOL-USDT-SWAP,reversal,12H,0.001,0.006,0.015,1,0.0,10.0,148.0,23.29,-84.26,908,732,176,80.62,98.92,0.96,-3.449,1468,416.81,181.63,31.1,-92.54,23.29,-25.12
SOL-USDT-SWAP,reversal,12H,0.001,0.006,0.02,1,0.0,10.0,148.0,36229.42,24379.34,908,784,124,86.34,91.44,1.214,997.79,1468,4970.01,3258.12,34015.43,584.41,36229.42,6.51
SOL-USDT-SWAP,reversal,12H,0.001,0.006,0.025,1,0.0,10.0,148.0,108616.64,73289.62,908,806,102,88.77,79.44,1.364,2999.575,1468,28772.24,19340.7,99719.86,246.58,108616.64,8.92
SOL-USDT-SWAP,reversal,12H,0.001,0.006,0.03,1,0.0,10.0,148.0,124620.21,84102.85,908,815,93,89.76,64.02,1.433,3442.136,1468,31802.5,21388.18,113162.68,255.83,124620.21,10.12
SOL-USDT-SWAP,reversal,12H,0.001,0.008,0.01,1,0.0,10.0,148.0,0.11,-99.92,908,581,327,63.99,99.98,0.909,-4.09,1468,295.12,99.41,1.01,-99.66,0.11,-88.98
SOL-USDT-SWAP,reversal,12H,0.001,0.008,0.015,1,0.0,10.0,148.0,19.09,-87.1,908,665,243,73.24,99.31,0.984,-3.565,1468,1307.18,783.23,141.37,-89.18,19.09,-86.5
SOL-USDT-SWAP,reversal,12H,0.001,0.008,0.02,1,0.0,10.0,148.0,11530.6,7690.94,908,715,193,78.74,95.53,1.048,314.773,1468,10458.71,6966.7,34518.17,230.04,11530.6,-66.6
SOL-USDT-SWAP,reversal,12H,0.001,0.008,0.025,1,0.0,10.0,148.0,112189.96,75704.03,908,738,170,81.28,78.33,1.257,3098.391,1468,39187.11,26377.78,116656.92,197.69,112189.96,-3.83
SOL-USDT-SWAP,reversal,12H,0.001,0.008,0.03,1,0.0,10.0,148.0,117894.14,79558.2,908,746,162,82.16,73.35,1.269,3256.134,1468,41434.75,27896.45,123745.35,198.65,117894.14,-4.73
SOL-USDT-SWAP,reversal,12H,0.001,0.01,0.01,1,0.0,10.0,148.0,0.05,-99.97,908,526,382,57.93,99.98,0.88,-4.091,1468,102.72,-30.59,0.99,-99.03,0.05,-95.23
SOL-USDT-SWAP,reversal,12H,0.001,0.01,0.015,1,0.0,10.0,148.0,1.24,-99.16,908,604,304,66.52,99.84,0.97,-4.058,1468,374.23,152.86,53.89,-85.6,1.24,-97.7
SOL-USDT-SWAP,reversal,12H,0.001,0.01,0.02,1,0.0,10.0,148.0,41.6,-71.89,908,650,258,71.59,99.5,0.997,-2.942,1468,2437.38,1546.88,2262.62,-7.17,41.6,-98.16
SOL-USDT-SWAP,reversal,12H,0.001,0.01,0.025,1,0.0,10.0,148.0,1240.44,738.14,908,674,234,74.23,97.99,1.005,30.21,1468,6736.91,4451.97,24250.69,259.97,1240.44,-94.88
SOL-USDT-SWAP,reversal,12H,0.001,0.01,0.03,1,0.0,10.0,148.0,116.64,-21.19,908,682,226,75.11,99.59,1.0,-0.867,1468,6699.96,4427.0,7463.53,11.4,116.64,-98.44
SOL-USDT-SWAP,reversal,12H,0.001,0.015,0.01,1,0.0,10.0,148.0,0.0,-100.0,908,400,508,44.05,100.0,0.731,-4.093,1468,17.54,-88.15,0.0,-100.0,0.0,-99.65
SOL-USDT-SWAP,reversal,12H,0.001,0.015,0.015,1,0.0,10.0,148.0,0.0,-100.0,908,487,421,53.63,100.0,0.87,-4.093,1468,64.73,-56.26,0.17,-99.74,0.0,-99.96
SOL-USDT-SWAP,reversal,12H,0.001,0.015,0.02,1,0.0,10.0,148.0,0.0,-100.0,908,533,375,58.7,100.0,0.916,-4.093,1468,97.47,-34.14,1.25,-98.71,0.0,-99.96
SOL-USDT-SWAP,reversal,12H,0.001,0.015,0.025,1,0.0,10.0,148.0,0.0,-100.0,908,556,352,61.23,100.0,0.965,-4.093,1468,413.34,179.28,6.7,-98.38,0.0,-99.96
SOL-USDT-SWAP,reversal,12H,0.001,0.015,0.03,1,0.0,10.0,148.0,0.0,-100.0,908,567,341,62.44,100.0,0.976,-4.093,1468,600.27,305.59,4.36,-99.27,0.0,-99.98
SOL-USDT-SWAP,reversal,12H,0.001,0.02,0.01,1,0.0,10.0,148.0,0.0,-100.0,908,345,563,38.0,100.0,0.69,-4.093,1468,4.35,-97.06,0.0,-100.0,0.0,-99.8
SOL-USDT-SWAP,reversal,12H,0.001,0.02,0.015,1,0.0,10.0,148.0,0.0,-100.0,908,419,489,46.15,100.0,0.761,-4.093,1468,4.38,-97.04,0.0,-100.0,0.0,-99.99
SOL-USDT-SWAP,reversal,12H,0.001,0.02,0.02,1,0.0,10.0,148.0,0.0,-100.0,908,459,449,50.55,100.0,0.708,-4.093,1468,1.97,-98.67,0.0,-100.0,0.0,-99.99
SOL-USDT-SWAP,reversal,12H,0.001,0.02,0.025,1,0.0,10.0,148.0,0.0,-100.0,908,481,427,52.97,100.0,0.786,-4.093,1468,4.05,-97.26,0.0,-100.0,0.0,-100.0
SOL-USDT-SWAP,reversal,12H,0.001,0.02,0.03,1,0.0,10.0,148.0,0.0,-100.0,908,492,416,54.19,100.0,0.807,-4.093,1468,5.74,-96.12,0.0,-100.0,0.0,-100.0
SOL-USDT-SWAP,reversal,12H,0.001,0.03,0.01,1,0.0,10.0,148.0,0.0,-100.0,908,287,621,31.61,100.0,0.675,-4.093,1468,1.85,-98.75,0.0,-100.0,0.0,-99.99
SOL-USDT-SWAP,reversal,12H,0.001,0.03,0.015,1,0.0,10.0,148.0,0.0,-100.0,908,350,558,38.55,100.0,0.661,-4.093,1468,0.14,-99.91,0.0,-100.0,0.0,-100.0
SOL-USDT-SWAP,reversal,12H,0.001,0.03,0.02,1,0.0,10.0,148.0,0.0,-100.0,908,388,520,42.73,100.0,0.59,-4.093,1468,0.13,-99.91,0.0,-100.0,0.0,-100.0
SOL-USDT-SWAP,reversal,12H,0.001,0.03,0.025,1,0.0,10.0,148.0,0.0,-100.0,908,411,497,45.26,100.0,0.585,-4.093,1468,0.18,-99.88,0.0,-100.0,0.0,-100.0
SOL-USDT-SWAP,reversal,12H,0.001,0.03,0.03,1,0.0,10.0,148.0,0.0,-100.0,908,423,485,46.59,100.0,0.634,-4.093,1468,0.34,-99.77,0.0,-100.0,0.0,-100.0
SOL-USDT-SWAP,reversal,12H,0.002,0.006,0.01,1,0.0,10.0,148.0,5.34,-96.39,872,645,227,73.97,97.81,0.878,-3.945,1468,130.16,-12.06,12.13,-90.68,5.34,-55.95
SOL-USDT-SWAP,reversal,12H,0.002,0.006,0.015,1,0.0,10.0,148.0,885.43,498.26,872,722,150,82.8,90.11,1.022,20.393,1468,1619.19,994.04,2901.04,79.17,885.43,-69.48
SOL-USDT-SWAP,reversal,12H,0.002,0.006,0.02,1,0.0,10.0,148.0,83886.49,56580.06,872,767,105,87.96,85.49,1.386,2315.692,1468,9396.32,6248.87,72801.7,674.79,83886.49,15.23
SOL-USDT-SWAP,reversal,12H,0.002,0.006,0.025,1,0.0,10.0,148.0,133001.91,89766.15,872,783,89,89.79,74.45,1.506,3673.922,1468,25254.41,16963.79,118436.84,368.97,133001.91,12.3
SOL-USDT-SWAP,reversal,12H,0.002,0.006,0.03,1,0.0,10.0,148.0,162956.33,110005.63,872,796,76,91.28,54.17,1.68,4502.277,1468,28792.61,19354.46,140291.27,387.25,162956.33,16.16
SOL-USDT-SWAP,reversal,12H,0.002,0.008,0.01,1,0.0,10.0,148.0,8.34,-94.36,872,577,295,66.17,99.2,0.967,-3.862,1468,577.54,290.23,65.86,-88.6,8.34,-87.33
SOL-USDT-SWAP,reversal,12H,0.002,0.008,0.015,1,0.0,10.0,148.0,2275.22,1437.31,872,656,216,75.23,94.25,1.015,58.826,1468,4211.64,2745.7,17389.69,312.9,2275.22,-86.92
SOL-USDT-SWAP,reversal,12H,0.002,0.008,0.02,1,0.0,10.0,148.0,97615.25,65856.25,872,697,175,79.93,82.2,1.24,2695.345,1468,26716.69,17951.82,106340.26,298.03,97615.25,-8.2
SOL-USDT-SWAP,reversal,12H,0.002,0.008,0.025,1,0.0,10.0,148.0,143329.91,96744.53,872,715,157,82.0,58.87,1.35,3959.531,1468,50869.24,34271.11,148658.93,192.24,143329.91,-3.58
SOL-USDT-SWAP,reversal,12H,0.002,0.008,0.03,1,0.0,10.0,148.0,145725.74,98363.33,872,724,148,83.03,69.21,1.358,4025.785,1468,45097.27,30371.13,150958.75,234.74,145725.74,-3.47
SOL-USDT-SWAP,reversal,12H,0.002,0.01,0.01,1,0.0,10.0,148.0,2.83,-98.09,872,519,353,59.52,99.78,0.972,-4.014,1468,791.45,434.76,53.97,-93.18,2.83,-94.75
SOL-USDT-SWAP,reversal,12H,0.002,0.01,0.015,1,0.0,10.0,148.0,246.76,66.73,872,596,276,68.35,97.89,1.001,2.731,1468,3898.22,2533.93,4514.55,15.81,246.76,-94.53
SOL-USDT-SWAP,reversal,12H,0.002,0.01,0.02,1,0.0,10.0,148.0,48421.73,32617.38,872,637,235,73.05,94.57,1.116,1334.954,1468,19537.98,13101.34,57120.33,192.36,48421.73,-15.23
SOL-USDT-SWAP,reversal,12H,0.002,0.01,0.025,1,0.0,10.0,148.0,112315.39,75788.78,872,655,217,75.11,79.21,1.211,3101.86,1468,40374.19,27179.86,122254.64,202.8,112315.39,-8.13
SOL-USDT-SWAP,reversal,12H,0.002,0.01,0.03,1,0.0,10.0,148.0,109280.25,73738.01,872,663,209,76.03,74.2,1.203,3017.927,1468,37511.14,25245.37,123080.48,228.12,109280.25,-11.21
SOL-USDT-SWAP,reversal,12H,0.002,0.015,0.01,1,0.0,10.0,148.0,0.0,-100.0,872,390,482,44.72,100.0,0.862,-4.093,1468,122.49,-17.24,0.04,-99.97,0.0,-99.78
SOL-USDT-SWAP,reversal,12H,0.002,0.015,0.015,1,0.0,10.0,148.0,0.0,-100.0,872,465,407,53.33,100.0,0.967,-4.093,1468,559.77,278.22,1.92,-99.66,0.0,-99.95
SOL-USDT-SWAP,reversal,12H,0.002,0.015,0.02,1,0.0,10.0,148.0,0.01,-99.99,872,511,361,58.6,100.0,0.991,-4.092,1468,2235.52,1410.49,14.54,-99.35,0.01,-99.91
SOL-USDT-SWAP,reversal,12H,0.002,0.015,0.025,1,0.0,10.0,148.0,0.02,-99.98,872,528,344,60.55,100.0,0.997,-4.092,1468,11176.16,7451.46,53.81,-99.52,0.02,-99.96
SOL-USDT-SWAP,reversal,12H,0.002,0.015,0.03,1,0.0,10.0,148.0,0.0,-100.0,872,537,335,61.58,100.0,0.996,-4.093,1468,5793.79,3814.72,16.56,-99.71,0.0,-99.99
SOL-USDT-SWAP,reversal,12H,0.002,0.02,0.01,1,0.0,10.0,148.0,0.0,-100.0,872,329,543,37.73,100.0,0.697,-4.093,1468,11.26,-92.39,0.0,-100.0,0.0,-99.93
SOL-USDT-SWAP,reversal,12H,0.002,0.02,0.015,1,0.0,10.0,148.0,0.0,-100.0,872,396,476,45.41,100.0,0.825,-4.093,1468,17.91,-87.9,0.0,-100.0,0.0,-99.99
SOL-USDT-SWAP,reversal,12H,0.002,0.02,0.02,1,0.0,10.0,148.0,0.0,-100.0,872,435,437,49.89,100.0,0.844,-4.093,1468,8.93,-93.97,0.0,-100.0,0.0,-99.99
SOL-USDT-SWAP,reversal,12H,0.002,0.02,0.025,1,0.0,10.0,148.0,0.0,-100.0,872,453,419,51.95,100.0,0.925,-4.093,1468,42.12,-71.54,0.0,-100.0,0.0,-100.0
SOL-USDT-SWAP,reversal,12H,0.002,0.02,0.03,1,0.0,10.0,148.0,0.0,-100.0,872,461,411,52.87,100.0,0.892,-4.093,1468,18.3,-87.63,0.0,-100.0,0.0,-100.0
SOL-USDT-SWAP,reversal,12H,0.002,0.03,0.01,1,0.0,10.0,148.0,0.0,-100.0,872,278,594,31.88,100.0,0.624,-4.093,1468,1.72,-98.84,0.0,-100.0,0.0,-99.99
SOL-USDT-SWAP,reversal,12H,0.002,0.03,0.015,1,0.0,10.0,148.0,0.0,-100.0,872,342,530,39.22,100.0,0.638,-4.093,1468,0.49,-99.67,0.0,-100.0,0.0,-100.0
SOL-USDT-SWAP,reversal,12H,0.002,0.03,0.02,1,0.0,10.0,148.0,0.0,-100.0,872,377,495,43.23,100.0,0.59,-4.093,1468,0.24,-99.84,0.0,-100.0,0.0,-100.0
SOL-USDT-SWAP,reversal,12H,0.002,0.03,0.025,1,0.0,10.0,148.0,0.0,-100.0,872,396,476,45.41,100.0,0.707,-4.093,1468,0.87,-99.41,0.0,-100.0,0.0,-100.0
SOL-USDT-SWAP,reversal,12H,0.002,0.03,0.03,1,0.0,10.0,148.0,0.0,-100.0,872,407,465,46.67,100.0,0.601,-4.093,1468,0.35,-99.76,0.0,-100.0,0.0,-100.0
SOL-USDT-SWAP,reversal,12H,0.003,0.006,0.01,1,0.0,10.0,148.0,4.18,-97.18,851,626,225,73.56,97.18,0.87,-3.977,1468,81.83,-44.71,26.16,-68.03,4.18,-84.03
SOL-USDT-SWAP,reversal,12H,0.003,0.006,0.015,1,0.0,10.0,148.0,31815.3,21396.83,851,716,135,84.14,80.69,1.228,875.723,1468,1209.87,717.48,27743.12,2193.06,31815.3,14.68
SOL-USDT-SWAP,reversal,12H,0.003,0.006,0.02,1,0.0,10.0,148.0,138619.98,93562.15,851,758,93,89.07,61.01,1.649,3829.283,1468,11967.35,7986.05,116853.33,876.43,138619.98,18.63
SOL-USDT-SWAP,reversal,12H,0.003,0.006,0.025,1,0.0,10.0,148.0,171068.28,115486.68,851,772,79,90.72,47.15,1.784,4726.603,1468,25555.53,17167.25,148956.73,482.87,171068.28,14.84
SOL-USDT-SWAP,reversal,12H,0.003,0.006,0.03,1,0.0,10.0,148.0,219474.36,148193.49,851,787,64,92.48,47.6,2.226,6065.218,1468,33549.53,22568.6,175855.55,424.17,219474.36,24.8
SOL-USDT-SWAP,reversal,12H,0.003,0.008,0.01,1,0.0,10.0,148.0,21.36,-85.56,851,568,283,66.75,95.45,0.968,-3.502,1468,277.64,87.59,188.76,-32.01,21.36,-88.68
SOL-USDT-SWAP,reversal,12H,0.003,0.008,0.015,1,0.0,10.0,148.0,28124.16,18902.81,851,649,202,76.26,94.46,1.12,773.649,1468,3501.3,2265.74,50111.37,1331.22,28124.16,-43.88
SOL-USDT-SWAP,reversal,12H,0.003,0.008,0.02,1,0.0,10.0,148.0,153759.94,103791.85,851,693,158,81.43,52.98,1.397,4247.961,1468,41943.03,28239.88,161671.7,285.46,153759.94,-4.89
SOL-USDT-SWAP,reversal,12H,0.003,0.008,0.025,1,0.0,10.0,148.0,158282.25,106847.47,851,705,146,82.84,47.15,1.396,4373.02,1468,48241.99,32495.94,170984.47,254.43,158282.25,-7.43
SOL-USDT-SWAP,reversal,12H,0.003,0.008,0.03,1,0.0,10.0,148.0,193619.94,130724.29,851,719,132,84.49,47.86,1.518,5350.244,1468,52393.61,35301.08,194321.16,270.89,193619.94,-0.36
SOL-USDT-SWAP,reversal,12H,0.003,0.01,0.01,1,0.0,10.0,148.0,7.98,-94.61,851,508,343,59.69,98.89,0.981,-3.872,1468,521.62,252.45,337.42,-35.31,7.98,-97.64
SOL-USDT-SWAP,reversal,12H,0.003,0.01,0.015,1,0.0,10.0,148.0,1972.88,1233.03,851,586,265,68.86,95.5,1.008,50.465,1468,4243.65,2767.33,40591.07,856.51,1972.88,-95.14
SOL-USDT-SWAP,reversal,12H,0.003,0.01,0.02,1,0.0,10.0,148.0,126552.6,85408.51,851,629,222,73.91,69.96,1.249,3495.574,1468,39586.18,26647.42,143591.99,262.73,126552.6,-11.87
SOL-USDT-SWAP,reversal,12H,0.003,0.01,0.025,1,0.0,10.0,148.0,127338.47,85939.51,851,640,211,75.21,75.88,1.242,3517.306,1468,44818.98,30183.09,151779.69,238.65,127338.47,-16.1
SOL-USDT-SWAP,reversal,12H,0.003,0.01,0.03,1,0.0,10.0,148.0,149570.44,100961.11,851,652,199,76.62,73.49,1.292,4132.105,1468,44452.61,29935.55,169555.65,281.43,149570.44,-11.79
SOL-USDT-SWAP,reversal,12H,0.003,0.015,0.01,1,0.0,10.0,148.0,0.08,-99.95,851,407,444,47.83,99.97,0.943,-4.091,1468,229.09,54.79,23.82,-89.6,0.08,-99.67
SOL-USDT-SWAP,reversal,12H,0.003,0.015,0.015,1,0.0,10.0,148.0,0.51,-99.66,851,478,373,56.17,99.97,0.988,-4.079,1468,1130.33,663.73,785.37,-30.52,0.51,-99.94
SOL-USDT-SWAP,reversal,12H,0.003,0.015,0.02,1,0.0,10.0,148.0,566.99,283.1,851,523,328,61.46,98.74,1.001,11.587,1468,24789.78,16649.85,42363.0,70.89,566.99,-98.66
SOL-USDT-SWAP,reversal,12H,0.003,0.015,0.025,1,0.0,10.0,148.0,14261.35,9536.05,851,533,318,62.63,91.19,1.021,390.288,1468,26683.74,17929.55,75542.21,183.1,14261.35,-81.12
SOL-USDT-SWAP,reversal,12H,0.003,0.015,0.03,1,0.0,10.0,148.0,35965.94,24201.31,851,542,309,63.69,71.45,1.052,990.504,1468,19804.04,13281.11,103075.2,420.48,35965.94,-65.11
SOL-USDT-SWAP,reversal,12H,0.003,0.02,0.01,1,0.0,10.0,148.0,0.0,-100.0,851,345,506,40.54,100.0,0.816,-4.093,1468,38.04,-74.3,0.03,-99.92,0.0,-99.78
SOL-USDT-SWAP,reversal,12H,0.003,0.02,0.015,1,0.0,10.0,148.0,0.0,-100.0,851,407,444,47.83,100.0,0.852,-4.093,1468,57.77,-60.97,0.05,-99.92,0.0,-99.98
SOL-USDT-SWAP,reversal,12H,0.003,0.02,0.02,1,0.0,10.0,148.0,0.0,-100.0,851,449,402,52.76,100.0,0.953,-4.093,1468,290.46,96.26,0.45,-99.85,0.0,-99.96
SOL-USDT-SWAP,reversal,12H,0.003,0.02,0.025,1,0.0,10.0,148.0,0.0,-100.0,851,461,390,54.17,100.0,0.96,-4.093,1468,252.34,70.5,0.11,-99.96,0.0,-99.99
SOL-USDT-SWAP,reversal,12H,0.003,0.02,0.03,1,0.0,10.0,148.0,0.0,-100.0,851,472,379,55.46,100.0,0.963,-4.093,1468,242.82,64.07,0.12,-99.95,0.0,-100.0
SOL-USDT-SWAP,reversal,12H,0.003,0.03,0.01,1,0.0,10.0,148.0,0.0,-100.0,851,290,561,34.08,100.0,0.631,-4.093,1468,2.96,-98.0,0.0,-99.99,0.0,-99.98
SOL-USDT-SWAP,reversal,12H,0.003,0.03,0.015,1,0.0,10.0,148.0,0.0,-100.0,851,348,503,40.89,100.0,0.589,-4.093,1468,1.17,-99.21,0.0,-100.0,0.0,-100.0
SOL-USDT-SWAP,reversal,12H,0.003,0.03,0.02,1,0.0,10.0,148.0,0.0,-100.0,851,386,465,45.36,100.0,0.599,-4.093,1468,1.69,-98.86,0.0,-100.0,0.0,-100.0
SOL-USDT-SWAP,reversal,12H,0.003,0.03,0.025,1,0.0,10.0,148.0,0.0,-100.0,851,398,453,46.77,100.0,0.676,-4.093,1468,1.65,-98.89,0.0,-100.0,0.0,-100.0
SOL-USDT-SWAP,reversal,12H,0.003,0.03,0.03,1,0.0,10.0,148.0,0.0,-100.0,851,410,441,48.18,100.0,0.583,-4.093,1468,1.38,-99.07,0.0,-100.0,0.0,-100.0
SOL-USDT-SWAP,reversal,12H,0.005,0.006,0.01,1,0.0,10.0,148.0,8.37,-94.35,782,576,206,73.66,97.0,0.883,-3.861,1468,162.15,9.56,29.32,-81.92,8.37,-71.47
SOL-USDT-SWAP,reversal,12H,0.005,0.006,0.015,1,0.0,10.0,148.0,56568.2,38121.75,782,668,114,85.42,74.08,1.386,1560.236,1468,2934.6,1882.84,35673.84,1115.63,56568.2,58.57
SOL-USDT-SWAP,reversal,12H,0.005,0.006,0.02,1,0.0,10.0,148.0,155057.71,104668.72,782,707,75,90.41,51.71,1.794,4283.849,1468,17714.7,11869.39,115458.34,551.77,155057.71,34.3
SOL-USDT-SWAP,reversal,12H,0.005,0.006,0.025,1,0.0,10.0,148.0,185222.31,125050.21,782,722,60,92.33,40.23,2.037,5118.017,1468,31960.98,21495.26,139772.95,337.32,185222.31,32.52
SOL-USDT-SWAP,reversal,12H,0.005,0.006,0.03,1,0.0,10.0,148.0,242893.33,164017.11,782,737,45,94.25,41.94,2.875,6712.842,1468,35416.96,23830.38,183470.33,418.03,242893.33,32.39
SOL-USDT-SWAP,reversal,12H,0.005,0.008,0.01,1,0.0,10.0,148.0,996.81,573.52,782,541,241,69.18,79.67,1.039,23.473,1468,324.95,119.56,2126.22,554.33,996.81,-53.12
SOL-USDT-SWAP,reversal,12H,0.005,0.008,0.015,1,0.0,10.0,148.0,150031.77,101272.82,782,630,152,80.56,68.26,1.58,4144.863,1468,6864.39,4538.1,128511.34,1772.14,150031.77,16.75
SOL-USDT-SWAP,reversal,12H,0.005,0.008,0.02,1,0.0,10.0,148.0,244155.92,164870.21,782,666,116,85.17,59.22,1.95,6747.758,1468,34881.95,23468.89,205547.53,489.27,244155.92,18.78
SOL-USDT-SWAP,reversal,12H,0.005,0.008,0.025,1,0.0,10.0,148.0,253256.23,171019.08,782,677,105,86.57,68.73,1.997,6999.417,1468,39769.42,26771.23,213482.32,436.8,253256.23,18.63
SOL-USDT-SWAP,reversal,12H,0.005,0.008,0.03,1,0.0,10.0,148.0,309350.68,208920.73,782,692,90,88.49,69.23,2.459,8550.644,1468,43697.12,29425.08,256901.43,487.91,309350.68,20.42
SOL-USDT-SWAP,reversal,12H,0.005,0.01,0.01,1,0.0,10.0,148.0,85.9,-41.96,782,477,305,61.0,94.01,0.992,-1.717,1468,245.65,65.98,1014.69,313.06,85.9,-91.53
SOL-USDT-SWAP,reversal,12H,0.005,0.01,0.015,1,0.0,10.0,148.0,88970.65,60015.3,782,559,223,71.48,81.47,1.276,2456.288,1468,4597.51,3006.42,105237.27,2189.01,88970.65,-15.46
SOL-USDT-SWAP,reversal,12H,0.005,0.01,0.02,1,0.0,10.0,148.0,186678.99,126034.46,782,596,186,76.21,65.5,1.458,5158.3,1468,37603.05,25307.47,196118.6,421.55,186678.99,-4.81
SOL-USDT-SWAP,reversal,12H,0.005,0.01,0.025,1,0.0,10.0,148.0,187504.6,126592.3,782,608,174,77.75,71.5,1.455,5181.131,1468,39847.04,26823.67,199555.57,400.8,187504.6,-6.04
SOL-USDT-SWAP,reversal,12H,0.005,0.01,0.03,1,0.0,10.0,148.0,238971.33,161367.11,782,622,160,79.54,73.89,1.623,6604.384,1468,45379.58,30561.88,248456.86,447.51,238971.33,-3.82
SOL-USDT-SWAP,reversal,12H,0.005,0.015,0.01,1,0.0,10.0,148.0,1.53,-98.97,782,383,399,48.98,99.77,0.98,-4.05,1468,349.3,136.01,273.26,-21.77,1.53,-99.44
SOL-USDT-SWAP,reversal,12H,0.005,0.015,0.015,1,0.0,10.0,148.0,1541.08,941.27,782,458,324,58.57,97.05,1.004,38.524,1468,4577.55,2992.94,48300.49,955.16,1541.08,-96.81
SOL-USDT-SWAP,reversal,12H,0.005,0.015,0.02,1,0.0,10.0,148.0,111716.52,75384.14,782,492,290,62.92,83.62,1.175,3085.299,1468,49314.93,33220.9,153857.55,211.99,111716.52,-27.39
SOL-USDT-SWAP,reversal,12H,0.005,0.015,0.025,1,0.0,10.0,148.0,89952.12,60678.46,782,501,281,64.07,81.52,1.138,2483.43,1468,43078.97,29007.41,137409.77,218.97,89952.12,-34.54
SOL-USDT-SWAP,reversal,12H,0.005,0.015,0.03,1,0.0,10.0,148.0,119252.33,80475.9,782,511,271,65.35,79.89,1.183,3293.693,1468,42250.23,28447.46,174562.2,313.16,119252.33,-31.68
SOL-USDT-SWAP,reversal,12H,0.005,0.02,0.01,1,0.0,10.0,148.0,0.0,-100.0,782,315,467,40.28,100.0,0.815,-4.093,1468,43.56,-70.56,0.39,-99.12,0.0,-99.82
SOL-USDT-SWAP,reversal,12H,0.005,0.02,0.015,1,0.0,10.0,148.0,0.0,-100.0,782,382,400,48.85,100.0,0.932,-4.093,1468,116.35,-21.39,1.39,-98.81,0.0,-99.85
SOL-USDT-SWAP,reversal,12H,0.005,0.02,0.02,1,0.0,10.0,148.0,0.04,-99.97,782,418,364,53.45,100.0,0.992,-4.092,1468,1540.42,940.82,38.9,-97.47,0.04,-99.9
SOL-USDT-SWAP,reversal,12H,0.005,0.02,0.025,1,0.0,10.0,148.0,0.0,-100.0,782,428,354,54.73,100.0,0.989,-4.093,1468,973.45,557.74,1.88,-99.81,0.0,-99.9
SOL-USDT-SWAP,reversal,12H,0.005,0.02,0.03,1,0.0,10.0,148.0,0.01,-99.99,782,440,342,56.27,100.0,0.994,-4.093,1468,986.07,566.26,25.66,-97.4,0.01,-99.97
SOL-USDT-SWAP,reversal,12H,0.005,0.03,0.01,1,0.0,10.0,148.0,0.0,-100.0,782,264,518,33.76,100.0,0.691,-4.093,1468,3.24,-97.81,0.0,-99.98,0.0,-99.99
SOL-USDT-SWAP,reversal,12H,0.005,0.03,0.015,1,0.0,10.0,148.0,0.0,-100.0,782,325,457,41.56,100.0,0.759,-4.093,1468,3.83,-97.41,0.0,-100.0,0.0,-99.99
SOL-USDT-SWAP,reversal,12H,0.005,0.03,0.02,1,0.0,10.0,148.0,0.0,-100.0,782,357,425,45.65,100.0,0.858,-4.093,1468,14.99,-89.87,0.0,-100.0,0.0,-100.0
SOL-USDT-SWAP,reversal,12H,0.005,0.03,0.025,1,0.0,10.0,148.0,0.0,-100.0,782,367,415,46.93,100.0,0.849,-4.093,1468,14.92,-89.92,0.0,-100.0,0.0,-100.0
SOL-USDT-SWAP,reversal,12H,0.005,0.03,0.03,1,0.0,10.0,148.0,0.0,-100.0,782,377,405,48.21,100.0,0.817,-4.093,1468,6.42,-95.66,0.0,-100.0,0.0,-100.0
SOL-USDT-SWAP,reversal,12H,0.007,0.006,0.01,1,0.0,10.0,148.0,15.47,-89.55,703,521,182,74.11,97.9,0.969,-3.665,1468,592.03,300.02,144.8,-75.54,15.47,-89.32
SOL-USDT-SWAP,reversal,12H,0.007,0.006,0.015,1,0.0,10.0,148.0,54068.35,36432.67,703,601,102,85.49,66.2,1.407,1491.105,1468,2683.09,1712.9,43716.8,1529.35,54068.35,23.68
SOL-USDT-SWAP,reversal,12H,0.007,0.006,0.02,1,0.0,10.0,148.0,88430.43,59650.29,703,627,76,89.19,81.57,1.573,2441.349,1468,6968.36,4608.35,71118.88,920.6,88430.43,24.34
SOL-USDT-SWAP,reversal,12H,0.007,0.006,0.025,1,0.0,10.0,148.0,127462.65,86023.42,703,645,58,91.75,68.33,1.8,3520.74,1468,10385.56,6917.27,101946.1,881.61,127462.65,25.03
SOL-USDT-SWAP,reversal,12H,0.007,0.006,0.03,1,0.0,10.0,148.0,182104.87,122943.83,703,658,45,93.6,36.9,2.313,5031.808,1468,22325.44,14984.75,152350.65,582.41,182104.87,19.53
SOL-USDT-SWAP,reversal,12H,0.007,0.008,0.01,1,0.0,10.0,148.0,7282.6,4820.67,703,500,203,71.12,79.67,1.057,197.299,1468,3129.48,2014.51,13421.68,328.88,7282.6,-45.74
SOL-USDT-SWAP,reversal,12H,0.007,0.008,0.015,1,0.0,10.0,148.0,178203.73,120307.93,703,578,125,82.22,46.85,1.731,4923.926,1468,22334.85,14991.12,139051.62,522.58,178203.73,28.16
SOL-USDT-SWAP,reversal,12H,0.007,0.008,0.02,1,0.0,10.0,148.0,219923.3,148496.82,703,603,100,85.78,31.53,1.925,6077.633,1468,40412.48,27205.73,172461.19,326.75,219923.3,27.52
SOL-USDT-SWAP,reversal,12H,0.007,0.008,0.025,1,0.0,10.0,148.0,261847.69,176824.11,703,621,82,88.34,36.89,2.249,7237.003,1468,48200.96,32468.22,205430.58,326.2,261847.69,27.46
SOL-USDT-SWAP,reversal,12H,0.007,0.008,0.03,1,0.0,10.0,148.0,310257.36,209533.35,703,634,69,90.18,40.52,2.828,8575.717,1468,55116.04,37140.57,249752.58,353.14,310257.36,24.23
SOL-USDT-SWAP,reversal,12H,0.007,0.01,0.01,1,0.0,10.0,148.0,45984.89,30970.87,703,462,241,65.72,65.72,1.194,1267.566,1468,2243.75,1416.05,47912.34,2035.37,45984.89,-4.02
SOL-USDT-SWAP,reversal,12H,0.007,0.01,0.015,1,0.0,10.0,148.0,204358.07,137979.78,703,537,166,76.39,48.4,1.698,5647.194,1468,18621.39,12482.02,172678.27,827.31,204358.07,18.35
SOL-USDT-SWAP,reversal,12H,0.007,0.01,0.02,1,0.0,10.0,148.0,244354.39,165004.32,703,561,142,79.8,54.8,1.815,6753.246,1468,42585.14,28673.75,214074.09,402.7,244354.39,14.14
SOL-USDT-SWAP,reversal,12H,0.007,0.01,0.025,1,0.0,10.0,148.0,269496.75,181992.4,703,576,127,81.93,65.34,1.939,7448.529,1468,43582.23,29347.45,232873.89,434.33,269496.75,15.73
SOL-USDT-SWAP,reversal,12H,0.007,0.01,0.03,1,0.0,10.0,148.0,314423.34,212348.21,703,589,114,83.78,64.1,2.248,8690.922,1468,48696.39,32802.97,275020.96,464.77,314423.34,14.33
SOL-USDT-SWAP,reversal,12H,0.007,0.015,0.01,1,0.0,10.0,148.0,317.94,114.83,703,367,336,52.2,98.87,1.001,4.7,1468,1235.92,735.08,18894.21,1428.76,317.94,-98.32
SOL-USDT-SWAP,reversal,12H,0.007,0.015,0.015,1,0.0,10.0,148.0,73228.24,49378.54,703,426,277,60.6,82.04,1.18,2020.95,1468,5451.96,3583.76,97837.96,1694.55,73228.24,-25.15
SOL-USDT-SWAP,reversal,12H,0.007,0.015,0.02,1,0.0,10.0,148.0,121864.39,82240.81,703,451,252,64.15,77.42,1.234,3365.927,1468,24083.29,16172.5,145385.05,503.68,121864.39,-16.18
SOL-USDT-SWAP,reversal,12H,0.007,0.015,0.025,1,0.0,10.0,148.0,92644.2,62497.44,703,463,240,65.86,78.41,1.176,2557.876,1468,15519.06,10385.85,125628.8,709.51,92644.2,-26.26
SOL-USDT-SWAP,reversal,12H,0.007,0.015,0.03,1,0.0,10.0,148.0,158966.87,107310.04,703,477,226,67.85,70.4,1.305,4391.953,1468,28524.36,19173.22,194284.87,581.12,158966.87,-18.18
SOL-USDT-SWAP,reversal,12H,0.007,0.02,0.01,1,0.0,10.0,148.0,0.02,-99.98,703,297,406,42.25,100.0,0.966,-4.092,1468,464.15,213.61,8.9,-98.08,0.02,-99.73
SOL-USDT-SWAP,reversal,12H,0.007,0.02,0.015,1,0.0,10.0,148.0,1.37,-99.07,703,358,345,50.92,99.98,0.996,-4.055,1468,6221.03,4103.4,216.44,-96.52,1.37,-99.37
SOL-USDT-SWAP,reversal,12H,0.007,0.02,0.02,1,0.0,10.0,148.0,0.93,-99.37,703,381,322,54.2,100.0,0.998,-4.067,1468,16232.35,10867.8,231.94,-98.57,0.93,-99.6
SOL-USDT-SWAP,reversal,12H,0.007,0.02,0.025,1,0.0,10.0,148.0,0.06,-99.96,703,394,309,56.05,100.0,0.997,-4.091,1468,7100.78,4697.83,63.15,-99.11,0.06,-99.9
SOL-USDT-SWAP,reversal,12H,0.007,0.02,0.03,1,0.0,10.0,148.0,0.33,-99.78,703,406,297,57.75,100.0,0.999,-4.084,1468,11516.74,7681.58,1037.23,-90.99,0.33,-99.97
SOL-USDT-SWAP,reversal,12H,0.007,0.03,0.01,1,0.0,10.0,148.0,0.0,-100.0,703,247,456,35.14,100.0,0.838,-4.093,1468,11.38,-92.31,0.01,-99.9,0.0,-99.97
SOL-USDT-SWAP,reversal,12H,0.007,0.03,0.015,1,0.0,10.0,148.0,0.0,-100.0,703,292,411,41.54,100.0,0.862,-4.093,1468,14.96,-89.89,0.0,-99.98,0.0,-99.97
SOL-USDT-SWAP,reversal,12H,0.007,0.03,0.02,1,0.0,10.0,148.0,0.0,-100.0,703,316,387,44.95,100.0,0.926,-4.093,1468,35.94,-75.72,0.0,-100.0,0.0,-99.98
SOL-USDT-SWAP,reversal,12H,0.007,0.03,0.025,1,0.0,10.0,148.0,0.0,-100.0,703,331,372,47.08,100.0,0.89,-4.093,1468,23.9,-83.85,0.0,-100.0,0.0,-100.0
SOL-USDT-SWAP,reversal,12H,0.007,0.03,0.03,1,0.0,10.0,148.0,0.0,-100.0,703,340,363,48.36,100.0,0.882,-4.093,1468,35.38,-76.09,0.0,-100.0,0.0,-100.0
SOL-USDT-SWAP,reversal,12H,0.01,0.006,0.01,1,0.0,10.0,148.0,58.0,-60.81,611,459,152,75.12,90.2,0.962,-2.489,1468,169.55,14.56,176.37,4.02,58.0,-67.12
SOL-USDT-SWAP,reversal,12H,0.01,0.006,0.015,1,0.0,10.0,148.0,15740.13,10535.23,611,520,91,85.11,86.88,1.293,431.183,1468,520.17,251.46,10870.65,1989.84,15740.13,44.79
SOL-USDT-SWAP,reversal,12H,0.01,0.006,0.02,1,0.0,10.0,148.0,53168.46,35824.64,611,543,68,88.87,77.9,1.607,1466.22,1468,1408.08,851.4,38173.3,2611.02,53168.46,39.28
SOL-USDT-SWAP,reversal,12H,0.01,0.006,0.025,1,0.0,10.0,148.0,104823.99,70727.02,611,562,49,91.98,57.08,2.124,2894.694,1468,1963.54,1226.71,78191.08,3882.15,104823.99,34.06
SOL-USDT-SWAP,reversal,12H,0.01,0.006,0.03,1,0.0,10.0,148.0,143956.95,97168.21,611,573,38,93.78,60.23,2.603,3976.871,1468,7995.74,5302.52,108256.27,1253.92,143956.95,32.98
SOL-USDT-SWAP,reversal,12H,0.01,0.008,0.01,1,0.0,10.0,148.0,33310.37,22407.0,611,443,168,72.5,81.66,1.272,917.067,1468,889.86,501.25,23985.04,2595.38,33310.37,38.88
SOL-USDT-SWAP,reversal,12H,0.01,0.008,0.015,1,0.0,10.0,148.0,135626.54,91539.56,611,503,108,82.32,80.53,1.926,3746.503,1468,3101.22,1995.42,104321.29,3263.87,135626.54,30.01
SOL-USDT-SWAP,reversal,12H,0.01,0.008,0.02,1,0.0,10.0,148.0,164044.63,110740.97,611,526,85,86.09,66.26,2.003,4532.372,1468,8467.5,5621.28,129739.38,1432.2,164044.63,26.44
SOL-USDT-SWAP,reversal,12H,0.01,0.008,0.025,1,0.0,10.0,148.0,222126.33,149985.36,611,544,67,89.03,50.36,2.347,6138.555,1468,14445.26,9660.31,179005.8,1139.2,222126.33,24.09
SOL-USDT-SWAP,reversal,12H,0.01,0.008,0.03,1,0.0,10.0,148.0,261854.42,176828.66,611,554,57,90.67,50.33,2.772,7237.189,1468,29642.48,19928.7,210266.12,609.34,261854.42,24.53
SOL-USDT-SWAP,reversal,12H,0.01,0.01,0.01,1,0.0,10.0,148.0,79317.42,53492.85,611,414,197,67.76,78.03,1.419,2189.339,1468,2208.76,1392.4,60216.09,2626.24,79317.42,31.72
SOL-USDT-SWAP,reversal,12H,0.01,0.01,0.015,1,0.0,10.0,148.0,190666.5,128728.71,611,471,140,77.09,66.57,1.736,5268.569,1468,14146.98,9458.77,155354.54,998.15,190666.5,22.73
SOL-USDT-SWAP,reversal,12H,0.01,0.01,0.02,1,0.0,10.0,148.0,224469.87,151568.83,611,494,117,80.85,46.0,1.882,6203.363,1468,30461.94,20482.39,186997.58,513.87,224469.87,20.04
SOL-USDT-SWAP,reversal,12H,0.01,0.01,0.025,1,0.0,10.0,148.0,274498.19,185371.75,611,512,99,83.8,39.86,2.233,7586.838,1468,31043.86,20875.58,228759.24,636.89,274498.19,19.99
SOL-USDT-SWAP,reversal,12H,0.01,0.01,0.03,1,0.0,10.0,148.0,312099.5,210778.04,611,522,89,85.43,47.01,2.513,8626.659,1468,48382.11,32590.61,257068.12,431.33,312099.5,21.41
SOL-USDT-SWAP,reversal,12H,0.01,0.015,0.01,1,0.0,10.0,148.0,850.57,474.71,611,321,290,52.54,96.7,1.008,19.429,1468,664.48,348.97,17050.74,2466.04,850.57,-95.01
SOL-USDT-SWAP,reversal,12H,0.01,0.015,0.015,1,0.0,10.0,148.0,114624.12,77348.73,611,384,227,62.85,70.89,1.314,3165.705,1468,9826.94,6539.82,131658.47,1239.77,114624.12,-12.94
SOL-USDT-SWAP,reversal,12H,0.01,0.015,0.02,1,0.0,10.0,148.0,132189.15,89216.99,611,402,209,65.79,66.07,1.318,3651.446,1468,14846.06,9931.12,148683.71,901.5,132189.15,-11.09
SOL-USDT-SWAP,reversal,12H,0.01,0.015,0.025,1,0.0,10.0,148.0,174770.37,117988.09,611,417,194,68.25,68.56,1.428,4828.981,1468,18518.68,12412.62,192718.27,940.67,174770.37,-9.31
SOL-USDT-SWAP,reversal,12H,0.01,0.015,0.03,1,0.0,10.0,148.0,215120.5,145251.69,611,427,184,69.89,68.92,1.531,5944.817,1468,41172.51,27719.27,227800.07,453.28,215120.5,-5.57
SOL-USDT-SWAP,reversal,12H,0.01,0.02,0.01,1,0.0,10.0,148.0,6.53,-95.59,611,269,342,44.03,99.49,0.985,-3.912,1468,274.63,85.56,367.66,33.88,6.53,-98.22
SOL-USDT-SWAP,reversal,12H,0.01,0.02,0.015,1,0.0,10.0,148.0,122.1,-17.5,611,323,288,52.86,98.44,1.0,-0.716,1468,3196.32,2059.67,4424.6,38.43,122.1,-97.24
SOL-USDT-SWAP,reversal,12H,0.01,0.02,0.02,1,0.0,10.0,148.0,14.07,-90.5,611,341,270,55.81,99.89,0.998,-3.704,1468,2224.81,1403.25,1032.81,-53.58,14.07,-98.64
SOL-USDT-SWAP,reversal,12H,0.01,0.02,0.025,1,0.0,10.0,148.0,535.93,262.12,611,353,258,57.77,98.84,1.001,10.728,1468,1221.39,725.26,34751.39,2745.23,535.93,-98.46
SOL-USDT-SWAP,reversal,12H,0.01,0.02,0.03,1,0.0,10.0,148.0,24166.84,16228.95,611,364,247,59.57,85.35,1.052,664.213,1468,6364.07,4200.04,76592.67,1103.52,24166.84,-68.45
SOL-USDT-SWAP,reversal,12H,0.01,0.03,0.01,1,0.0,10.0,148.0,0.0,-100.0,611,213,398,34.86,100.0,0.751,-4.093,1468,7.17,-95.15,0.04,-99.39,0.0,-99.86
SOL-USDT-SWAP,reversal,12H,0.01,0.03,0.015,1,0.0,10.0,148.0,0.0,-100.0,611,264,347,43.21,100.0,0.896,-4.093,1468,29.59,-80.01,0.3,-99.0,0.0,-99.91
SOL-USDT-SWAP,reversal,12H,0.01,0.03,0.02,1,0.0,10.0,148.0,0.0,-100.0,611,282,329,46.15,100.0,0.857,-4.093,1468,24.83,-83.22,0.02,-99.93,0.0,-99.93
SOL-USDT-SWAP,reversal,12H,0.01,0.03,0.025,1,0.0,10.0,148.0,0.0,-100.0,611,295,316,48.28,100.0,0.864,-4.093,1468,14.35,-90.3,0.05,-99.68,0.0,-99.98
SOL-USDT-SWAP,reversal,12H,0.01,0.03,0.03,1,0.0,10.0,148.0,0.0,-100.0,611,304,307,49.75,100.0,0.904,-4.093,1468,91.62,-38.1,0.09,-99.9,0.0,-99.99
SOL-USDT-SWAP,breakout,12H,0.001,0.006,0.01,1,0.0,10.0,148.0,0.0,-100.0,908,313,595,34.47,100.0,0.052,-4.093,1468,0.0,-100.0,0.0,-100.0,0.0,-100.0
SOL-USDT-SWAP,breakout,12H,0.001,0.006,0.015,1,0.0,10.0,148.0,0.0,-100.0,908,491,417,54.07,100.0,0.21,-4.093,1468,0.0,-100.0,0.0,-100.0,0.0,-100.0
SOL-USDT-SWAP,breakout,12H,0.001,0.006,0.02,1,0.0,10.0,148.0,0.0,-100.0,908,588,320,64.76,100.0,0.37,-4.093,1468,0.0,-100.0,0.0,-100.0,0.0,-99.99
SOL-USDT-SWAP,breakout,12H,0.001,0.006,0.025,1,0.0,10.0,148.0,0.0,-100.0,908,638,270,70.26,100.0,0.438,-4.093,1468,0.0,-100.0,0.0,-100.0,0.0,-99.94
SOL-USDT-SWAP,breakout,12H,0.001,0.006,0.03,1,0.0,10.0,148.0,0.0,-100.0,908,672,236,74.01,100.0,0.461,-4.093,1468,0.0,-100.0,0.0,-100.0,0.0,-99.88
SOL-USDT-SWAP,breakout,12H,0.001,0.008,0.01,1,0.0,10.0,148.0,0.0,-100.0,908,278,630,30.62,100.0,0.065,-4.093,1468,0.0,-100.0,0.0,-100.0,0.0,-100.0
SOL-USDT-SWAP,breakout,12H,0.001,0.008,0.015,1,0.0,10.0,148.0,0.0,-100.0,908,448,460,49.34,100.0,0.284,-4.093,1468,0.0,-100.0,0.0,-100.0,0.0,-100.0
SOL-USDT-SWAP,breakout,12H,0.001,0.008,0.02,1,0.0,10.0,148.0,0.0,-100.0,908,536,372,59.03,100.0,0.476,-4.093,1468,0.0,-100.0,0.0,-100.0,0.0,-99.99
SOL-USDT-SWAP,breakout,12H,0.001,0.008,0.025,1,0.0,10.0,148.0,0.0,-100.0,908,585,323,64.43,100.0,0.553,-4.093,1468,0.0,-100.0,0.0,-100.0,0.0,-99.94
SOL-USDT-SWAP,breakout,12H,0.001,0.008,0.03,1,0.0,10.0,148.0,0.0,-100.0,908,617,291,67.95,100.0,0.562,-4.093,1468,0.0,-100.0,0.0,-100.0,0.0,-99.87
SOL-USDT-SWAP,breakout,12H,0.001,0.01,0.01,1,0.0,10.0,148.0,0.0,-100.0,908,254,654,27.97,100.0,0.039,-4.093,1468,0.0,-100.0,0.0,-100.0,0.0,-100.0
SOL-USDT-SWAP,breakout,12H,0.001,0.01,0.015,1,0.0,10.0,148.0,0.0,-100.0,908,413,495,45.48,100.0,0.275,-4.093,1468,0.0,-100.0,0.0,-100.0,0.0,-100.0
SOL-USDT-SWAP,breakout,12H,0.001,0.01,0.02,1,0.0,10.0,148.0,0.0,-100.0,908,498,410,54.85,100.0,0.479,-4.093,1468,0.0,-100.0,0.0,-100.0,0.0,-99.99
SOL-USDT-SWAP,breakout,12H,0.001,0.01,0.025,1,0.0,10.0,148.0,0.0,-100.0,908,543,365,59.8,100.0,0.515,-4.093,1468,0.0,-100.0,0.0,-100.0,0.0,-99.9
SOL-USDT-SWAP,breakout,12H,0.001,0.01,0.03,1,0.0,10.0,148.0,0.0,-100.0,908,573,335,63.11,100.0,0.519,-4.093,1468,0.0,-100.0,0.0,-100.0,0.0,-99.71
SOL-USDT-SWAP,breakout,12H,0.001,0.015,0.01,1,0.0,10.0,148.0,0.0,-100.0,908,211,697,23.24,100.0,0.009,-4.093,1468,0.0,-100.0,0.0,-100.0,0.0,-100.0
SOL-USDT-SWAP,breakout,12H,0.001,0.015,0.015,1,0.0,10.0,148.0,0.0,-100.0,908,337,571,37.11,100.0,0.321,-4.093,1468,0.0,-100.0,0.0,-100.0,0.0,-99.99
SOL-USDT-SWAP,breakout,12H,0.001,0.015,0.02,1,0.0,10.0,148.0,0.0,-100.0,908,417,491,45.93,100.0,0.573,-4.093,1468,0.0,-100.0,0.0,-100.0,0.0,-99.97
SOL-USDT-SWAP,breakout,12H,0.001,0.015,0.025,1,0.0,10.0,148.0,0.0,-100.0,908,460,448,50.66,100.0,0.573,-4.093,1468,0.0,-100.0,0.0,-100.0,0.0,-99.54
SOL-USDT-SWAP,breakout,12H,0.001,0.015,0.03,1,0.0,10.0,148.0,0.0,-100.0,908,489,419,53.85,100.0,0.587,-4.093,1468,0.0,-100.0,0.0,-100.0,0.0,-98.49
SOL-USDT-SWAP,breakout,12H,0.001,0.02,0.01,1,0.0,10.0,148.0,0.0,-100.0,908,193,715,21.26,100.0,0.013,-4.093,1468,0.0,-100.0,0.0,-100.0,0.0,-100.0
SOL-USDT-SWAP,breakout,12H,0.001,0.02,0.015,1,0.0,10.0,148.0,0.0,-100.0,908,305,603,33.59,100.0,0.412,-4.093,1468,0.0,-100.0,0.0,-100.0,0.0,-100.0
SOL-USDT-SWAP,breakout,12H,0.001,0.02,0.02,1,0.0,10.0,148.0,0.0,-100.0,908,376,532,41.41,100.0,0.656,-4.093,1468,0.0,-100.0,0.0,-100.0,0.0,-99.99
SOL-USDT-SWAP,breakout,12H,0.001,0.02,0.025,1,0.0,10.0,148.0,0.0,-100.0,908,416,492,45.81,100.0,0.658,-4.093,1468,0.0,-100.0,0.0,-100.0,0.0,-99.68
SOL-USDT-SWAP,breakout,12H,0.001,0.02,0.03,1,0.0,10.0,148.0,0.0,-100.0,908,443,465,48.79,100.0,0.664,-4.093,1468,0.0,-100.0,0.0,-100.0,0.0,-98.23
SOL-USDT-SWAP,breakout,12H,0.001,0.03,0.01,1,0.0,10.0,148.0,0.0,-100.0,908,176,732,19.38,100.0,0.02,-4.093,1468,0.0,-100.0,0.0,-100.0,0.0,-100.0
SOL-USDT-SWAP,breakout,12H,0.001,0.03,0.015,1,0.0,10.0,148.0,0.0,-100.0,908,274,634,30.18,100.0,0.333,-4.093,1468,0.0,-100.0,0.0,-100.0,0.0,-99.99
SOL-USDT-SWAP,breakout,12H,0.001,0.03,0.02,1,0.0,10.0,148.0,0.0,-100.0,908,342,566,37.67,100.0,0.646,-4.093,1468,0.0,-100.0,0.0,-100.0,0.0,-99.96
SOL-USDT-SWAP,breakout,12H,0.001,0.03,0.025,1,0.0,10.0,148.0,0.0,-100.0,908,379,529,41.74,100.0,0.651,-4.093,1468,0.0,-100.0,0.0,-100.0,0.0,-99.75
SOL-USDT-SWAP,breakout,12H,0.001,0.03,0.03,1,0.0,10.0,148.0,0.0,-100.0,908,403,505,44.38,100.0,0.646,-4.093,1468,0.0,-100.0,0.0,-100.0,0.0,-99.28
SOL-USDT-SWAP,breakout,12H,0.002,0.006,0.01,1,0.0,10.0,148.0,0.0,-100.0,872,268,604,30.73,100.0,0.026,-4.093,1468,0.0,-100.0,0.0,-100.0,0.0,-100.0
SOL-USDT-SWAP,breakout,12H,0.002,0.006,0.015,1,0.0,10.0,148.0,0.0,-100.0,872,452,420,51.83,100.0,0.165,-4.093,1468,0.0,-100.0,0.0,-100.0,0.0,-99.99
SOL-USDT-SWAP,breakout,12H,0.002,0.006,0.02,1,0.0,10.0,148.0,0.0,-100.0,872,557,315,63.88,100.0,0.365,-4.093,1468,0.0,-100.0,0.0,-100.0,0.0,-99.96
SOL-USDT-SWAP,breakout,12H,0.002,0.006,0.025,1,0.0,10.0,148.0,0.0,-100.0,872,605,267,69.38,100.0,0.451,-4.093,1468,0.0,-100.0,0.0,-100.0,0.0,-99.9
SOL-USDT-SWAP,breakout,12H,0.002,0.006,0.03,1,0.0,10.0,148.0,0.0,-100.0,872,632,240,72.48,100.0,0.443,-4.093,1468,0.0,-100.0,0.0,-100.0,0.0,-99.86
SOL-USDT-SWAP,breakout,12H,0.002,0.008,0.01,1,0.0,10.0,148.0,0.0,-100.0,872,240,632,27.52,100.0,0.037,-4.093,1468,0.0,-100.0,0.0,-100.0,0.0,-100.0
SOL-USDT-SWAP,breakout,12H,0.002,0.008,0.015,1,0.0,10.0,148.0,0.0,-100.0,872,415,457,47.59,100.0,0.231,-4.093,1468,0.0,-100.0,0.0,-100.0,0.0,-99.99
SOL-USDT-SWAP,breakout,12H,0.002,0.008,0.02,1,0.0,10.0,148.0,0.0,-100.0,872,513,359,58.83,100.0,0.474,-4.093,1468,0.0,-100.0,0.0,-100.0,0.0,-99.97
SOL-USDT-SWAP,breakout,12H,0.002,0.008,0.025,1,0.0,10.0,148.0,0.0,-100.0,872,558,314,63.99,100.0,0.47,-4.093,1468,0.0,-100.0,0.0,-100.0,0.0,-99.89
SOL-USDT-SWAP,breakout,12H,0.002,0.008,0.03,1,0.0,10.0,148.0,0.0,-100.0,872,586,286,67.2,100.0,0.484,-4.093,1468,0.0,-100.0,0.0,-100.0,0.0,-99.77
SOL-USDT-SWAP,breakout,12H,0.002,0.01,0.01,1,0.0,10.0,148.0,0.0,-100.0,872,220,652,25.23,100.0,0.007,-4.093,1468,0.0,-100.0,0.0,-100.0,0.0,-100.0
SOL-USDT-SWAP,breakout,12H,0.002,0.01,0.015,1,0.0,10.0,148.0,0.0,-100.0,872,378,494,43.35,100.0,0.207,-4.093,1468,0.0,-100.0,0.0,-100.0,0.0,-99.99
SOL-USDT-SWAP,breakout,12H,0.002,0.01,0.02,1,0.0,10.0,148.0,0.0,-100.0,872,469,403,53.78,100.0,0.47,-4.093,1468,0.0,-100.0,0.0,-100.0,0.0,-99.91
SOL-USDT-SWAP,breakout,12H,0.002,0.01,0.025,1,0.0,10.0,148.0,0.0,-100.0,872,511,361,58.6,100.0,0.519,-4.093,1468,0.0,-100.0,0.0,-100.0,0.0,-99.67
SOL-USDT-SWAP,breakout,12H,0.002,0.01,0.03,1,0.0,10.0,148.0,0.0,-100.0,872,538,334,61.7,100.0,0.524,-4.093,1468,0.0,-100.0,0.0,-100.0,0.0,-99.38
SOL-USDT-SWAP,breakout,12H,0.002,0.015,0.01,1,0.0,10.0,148.0,0.0,-100.0,872,181,691,20.76,100.0,0.011,-4.093,1468,0.0,-100.0,0.0,-100.0,0.0,-100.0
SOL-USDT-SWAP,breakout,12H,0.002,0.015,0.015,1,0.0,10.0,148.0,0.0,-100.0,872,314,558,36.01,100.0,0.251,-4.093,1468,0.0,-100.0,0.0,-100.0,0.0,-99.98
SOL-USDT-SWAP,breakout,12H,0.002,0.015,0.02,1,0.0,10.0,148.0,0.0,-100.0,872,397,475,45.53,100.0,0.472,-4.093,1468,0.0,-100.0,0.0,-100.0,0.0,-99.82
SOL-USDT-SWAP,breakout,12H,0.002,0.015,0.025,1,0.0,10.0,148.0,0.0,-100.0,872,434,438,49.77,100.0,0.593,-4.093,1468,0.0,-100.0,0.0,-100.0,0.0,-99.23
SOL-USDT-SWAP,breakout,12H,0.002,0.015,0.03,1,0.0,10.0,148.0,0.0,-100.0,872,456,416,52.29,100.0,0.601,-4.093,1468,0.0,-100.0,0.0,-100.0,0.0,-97.83
SOL-USDT-SWAP,breakout,12H,0.002,0.02,0.01,1,0.0,10.0,148.0,0.0,-100.0,872,168,704,19.27,100.0,0.016,-4.093,1468,0.0,-100.0,0.0,-100.0,0.0,-100.0
SOL-USDT-SWAP,breakout,12H,0.002,0.02,0.015,1,0.0,10.0,148.0,0.0,-100.0,872,282,590,32.34,100.0,0.307,-4.093,1468,0.0,-100.0,0.0,-100.0,0.0,-99.99
SOL-USDT-SWAP,breakout,12H,0.002,0.02,0.02,1,0.0,10.0,148.0,0.0,-100.0,872,356,516,40.83,100.0,0.529,-4.093,1468,0.0,-100.0,0.0,-100.0,0.0,-99.9
SOL-USDT-SWAP,breakout,12H,0.002,0.02,0.025,1,0.0,10.0,148.0,0.0,-100.0,872,394,478,45.18,100.0,0.657,-4.093,1468,0.0,-100.0,0.0,-100.0,0.0,-99.47
SOL-USDT-SWAP,breakout,12H,0.002,0.02,0.03,1,0.0,10.0,148.0,0.0,-100.0,872,415,457,47.59,100.0,0.651,-4.093,1468,0.0,-100.0,0.0,-100.0,0.0,-97.45
SOL-USDT-SWAP,breakout,12H,0.002,0.03,0.01,1,0.0,10.0,148.0,0.0,-100.0,872,152,720,17.43,100.0,0.024,-4.093,1468,0.0,-100.0,0.0,-100.0,0.0,-100.0
SOL-USDT-SWAP,breakout,12H,0.002,0.03,0.015,1,0.0,10.0,148.0,0.0,-100.0,872,255,617,29.24,100.0,0.339,-4.093,1468,0.0,-100.0,0.0,-100.0,0.0,-99.97
SOL-USDT-SWAP,breakout,12H,0.002,0.03,0.02,1,0.0,10.0,148.0,0.0,-100.0,872,325,547,37.27,100.0,0.498,-4.093,1468,0.0,-100.0,0.0,-100.0,0.0,-99.7
SOL-USDT-SWAP,breakout,12H,0.002,0.03,0.025,1,0.0,10.0,148.0,0.0,-100.0,872,358,514,41.06,100.0,0.658,-4.093,1468,0.0,-100.0,0.0,-100.0,0.0,-99.4
SOL-USDT-SWAP,breakout,12H,0.002,0.03,0.03,1,0.0,10.0,148.0,0.0,-100.0,872,377,495,43.23,100.0,0.652,-4.093,1468,0.0,-100.0,0.0,-100.0,0.0,-98.57
SOL-USDT-SWAP,breakout,12H,0.003,0.006,0.01,1,0.0,10.0,148.0,0.0,-100.0,851,252,599,29.61,100.0,0.01,-4.093,1468,0.0,-100.0,0.0,-100.0,0.0,-100.0
SOL-USDT-SWAP,breakout,12H,0.003,0.006,0.015,1,0.0,10.0,148.0,0.0,-100.0,851,414,437,48.65,100.0,0.14,-4.093,1468,0.0,-100.0,0.0,-100.0,0.0,-100.0
SOL-USDT-SWAP,breakout,12H,0.003,0.006,0.02,1,0.0,10.0,148.0,0.0,-100.0,851,521,330,61.22,100.0,0.372,-4.093,1468,0.0,-100.0,0.0,-100.0,0.0,-99.99
SOL-USDT-SWAP,breakout,12H,0.003,0.006,0.025,1,0.0,10.0,148.0,0.0,-100.0,851,572,279,67.22,100.0,0.46,-4.093,1468,0.0,-100.0,0.0,-100.0,0.0,-99.97
SOL-USDT-SWAP,breakout,12H,0.003,0.006,0.03,1,0.0,10.0,148.0,0.0,-100.0,851,603,248,70.86,100.0,0.471,-4.093,1468,0.0,-100.0,0.0,-100.0,0.0,-99.95
SOL-USDT-SWAP,breakout,12H,0.003,0.008,0.01,1,0.0,10.0,148.0,0.0,-100.0,851,227,624,26.67,100.0,0.005,-4.093,1468,0.0,-100.0,0.0,-100.0,0.0,-100.0
SOL-USDT-SWAP,breakout,12H,0.003,0.008,0.015,1,0.0,10.0,148.0,0.0,-100.0,851,377,474,44.3,100.0,0.153,-4.093,1468,0.0,-100.0,0.0,-100.0,0.0,-100.0
SOL-USDT-SWAP,breakout,12H,0.003,0.008,0.02,1,0.0,10.0,148.0,0.0,-100.0,851,480,371,56.4,100.0,0.4,-4.093,1468,0.0,-100.0,0.0,-100.0,0.0,-99.99
SOL-USDT-SWAP,breakout,12H,0.003,0.008,0.025,1,0.0,10.0,148.0,0.0,-100.0,851,525,326,61.69,100.0,0.441,-4.093,1468,0.0,-100.0,0.0,-100.0,0.0,-99.94
SOL-USDT-SWAP,breakout,12H,0.003,0.008,0.03,1,0.0,10.0,148.0,0.0,-100.0,851,555,296,65.22,100.0,0.455,-4.093,1468,0.0,-100.0,0.0,-100.0,0.0,-99.9
SOL-USDT-SWAP,breakout,12H,0.003,0.01,0.01,1,0.0,10.0,148.0,0.0,-100.0,851,204,647,23.97,100.0,0.007,-4.093,1468,0.0,-100.0,0.0,-100.0,0.0,-100.0
SOL-USDT-SWAP,breakout,12H,0.003,0.01,0.015,1,0.0,10.0,148.0,0.0,-100.0,851,339,512,39.84,100.0,0.18,-4.093,1468,0.0,-100.0,0.0,-100.0,0.0,-99.99
SOL-USDT-SWAP,breakout,12H,0.003,0.01,0.02,1,0.0,10.0,148.0,0.0,-100.0,851,432,419,50.76,100.0,0.469,-4.093,1468,0.0,-100.0,0.0,-100.0,0.0,-99.97
SOL-USDT-SWAP,breakout,12H,0.003,0.01,0.025,1,0.0,10.0,148.0,0.0,-100.0,851,476,375,55.93,100.0,0.489,-4.093,1468,0.0,-100.0,0.0,-100.0,0.0,-99.88
SOL-USDT-SWAP,breakout,12H,0.003,0.01,0.03,1,0.0,10.0,148.0,0.0,-100.0,851,504,347,59.22,100.0,0.522,-4.093,1468,0.0,-100.0,0.0,-100.0,0.0,-99.71
SOL-USDT-SWAP,breakout,12H,0.003,0.015,0.01,1,0.0,10.0,148.0,0.0,-100.0,851,173,678,20.33,100.0,0.011,-4.093,1468,0.0,-100.0,0.0,-100.0,0.0,-100.0
SOL-USDT-SWAP,breakout,12H,0.003,0.015,0.015,1,0.0,10.0,148.0,0.0,-100.0,851,288,563,33.84,100.0,0.223,-4.093,1468,0.0,-100.0,0.0,-100.0,0.0,-99.98
SOL-USDT-SWAP,breakout,12H,0.003,0.015,0.02,1,0.0,10.0,148.0,0.0,-100.0,851,371,480,43.6,100.0,0.48,-4.093,1468,0.0,-100.0,0.0,-100.0,0.0,-99.88
SOL-USDT-SWAP,breakout,12H,0.003,0.015,0.025,1,0.0,10.0,148.0,0.0,-100.0,851,411,440,48.3,100.0,0.603,-4.093,1468,0.0,-100.0,0.0,-100.0,0.0,-99.5
SOL-USDT-SWAP,breakout,12H,0.003,0.015,0.03,1,0.0,10.0,148.0,0.0,-100.0,851,433,418,50.88,100.0,0.633,-4.093,1468,0.0,-100.0,0.0,-100.0,0.0,-98.86
SOL-USDT-SWAP,breakout,12H,0.003,0.02,0.01,1,0.0,10.0,148.0,0.0,-100.0,851,155,696,18.21,100.0,0.008,-4.093,1468,0.0,-100.0,0.0,-100.0,0.0,-100.0
SOL-USDT-SWAP,breakout,12H,0.003,0.02,0.015,1,0.0,10.0,148.0,0.0,-100.0,851,255,596,29.96,100.0,0.257,-4.093,1468,0.0,-100.0,0.0,-100.0,0.0,-99.99
SOL-USDT-SWAP,breakout,12H,0.003,0.02,0.02,1,0.0,10.0,148.0,0.0,-100.0,851,327,524,38.43,100.0,0.483,-4.093,1468,0.0,-100.0,0.0,-100.0,0.0,-99.97
SOL-USDT-SWAP,breakout,12H,0.003,0.02,0.025,1,0.0,10.0,148.0,0.0,-100.0,851,366,485,43.01,100.0,0.622,-4.093,1468,0.0,-100.0,0.0,-100.0,0.0,-99.91
SOL-USDT-SWAP,breakout,12H,0.003,0.02,0.03,1,0.0,10.0,148.0,0.0,-100.0,851,387,464,45.48,100.0,0.628,-4.093,1468,0.0,-100.0,0.0,-100.0,0.0,-99.79
SOL-USDT-SWAP,breakout,12H,0.003,0.03,0.01,1,0.0,10.0,148.0,0.0,-100.0,851,145,706,17.04,100.0,0.012,-4.093,1468,0.0,-100.0,0.0,-100.0,0.0,-100.0
SOL-USDT-SWAP,breakout,12H,0.003,0.03,0.015,1,0.0,10.0,148.0,0.0,-100.0,851,236,615,27.73,100.0,0.31,-4.093,1468,0.0,-100.0,0.0,-100.0,0.0,-99.98
SOL-USDT-SWAP,breakout,12H,0.003,0.03,0.02,1,0.0,10.0,148.0,0.0,-100.0,851,302,549,35.49,100.0,0.485,-4.093,1468,0.0,-100.0,0.0,-100.0,0.0,-99.9
SOL-USDT-SWAP,breakout,12H,0.003,0.03,0.025,1,0.0,10.0,148.0,0.0,-100.0,851,338,513,39.72,100.0,0.653,-4.093,1468,0.0,-100.0,0.0,-100.0,0.0,-99.68
SOL-USDT-SWAP,breakout,12H,0.003,0.03,0.03,1,0.0,10.0,148.0,0.0,-100.0,851,357,494,41.95,100.0,0.656,-4.093,1468,0.0,-100.0,0.0,-100.0,0.0,-99.6
SOL-USDT-SWAP,breakout,12H,0.005,0.006,0.01,1,0.0,10.0,148.0,0.0,-100.0,782,198,584,25.32,100.0,0.01,-4.093,1468,0.0,-100.0,0.0,-100.0,0.0,-100.0
SOL-USDT-SWAP,breakout,12H,0.005,0.006,0.015,1,0.0,10.0,148.0,0.0,-100.0,782,354,428,45.27,100.0,0.024,-4.093,1468,0.0,-100.0,0.0,-100.0,0.0,-100.0
SOL-USDT-SWAP,breakout,12H,0.005,0.006,0.02,1,0.0,10.0,148.0,0.0,-100.0,782,460,322,58.82,100.0,0.16,-4.093,1468,0.0,-100.0,0.0,-100.0,0.0,-99.99
SOL-USDT-SWAP,breakout,12H,0.005,0.006,0.025,1,0.0,10.0,148.0,0.0,-100.0,782,511,271,65.35,100.0,0.309,-4.093,1468,0.0,-100.0,0.0,-100.0,0.0,-99.97
SOL-USDT-SWAP,breakout,12H,0.005,0.006,0.03,1,0.0,10.0,148.0,0.0,-100.0,782,545,237,69.69,100.0,0.303,-4.093,1468,0.0,-100.0,0.0,-100.0,0.0,-99.54
SOL-USDT-SWAP,breakout,12H,0.005,0.008,0.01,1,0.0,10.0,148.0,0.0,-100.0,782,174,608,22.25,100.0,0.014,-4.093,1468,0.0,-100.0,0.0,-100.0,0.0,-100.0
SOL-USDT-SWAP,breakout,12H,0.005,0.008,0.015,1,0.0,10.0,148.0,0.0,-100.0,782,315,467,40.28,100.0,0.027,-4.093,1468,0.0,-100.0,0.0,-100.0,0.0,-99.99
SOL-USDT-SWAP,breakout,12H,0.005,0.008,0.02,1,0.0,10.0,148.0,0.0,-100.0,782,407,375,52.05,100.0,0.215,-4.093,1468,0.0,-100.0,0.0,-100.0,0.0,-99.98
SOL-USDT-SWAP,breakout,12H,0.005,0.008,0.025,1,0.0,10.0,148.0,0.0,-100.0,782,455,327,58.18,100.0,0.377,-4.093,1468,0.0,-100.0,0.0,-100.0,0.0,-99.94
SOL-USDT-SWAP,breakout,12H,0.005,0.008,0.03,1,0.0,10.0,148.0,0.0,-100.0,782,487,295,62.28,100.0,0.377,-4.093,1468,0.0,-100.0,0.0,-100.0,0.0,-99.08
SOL-USDT-SWAP,breakout,12H,0.005,0.01,0.01,1,0.0,10.0,148.0,0.0,-100.0,782,160,622,20.46,100.0,0.02,-4.093,1468,0.0,-100.0,0.0,-100.0,0.0,-100.0
SOL-USDT-SWAP,breakout,12H,0.005,0.01,0.015,1,0.0,10.0,148.0,0.0,-100.0,782,292,490,37.34,100.0,0.036,-4.093,1468,0.0,-100.0,0.0,-100.0,0.0,-99.99
SOL-USDT-SWAP,breakout,12H,0.005,0.01,0.02,1,0.0,10.0,148.0,0.0,-100.0,782,380,402,48.59,100.0,0.289,-4.093,1468,0.0,-100.0,0.0,-100.0,0.0,-99.95
SOL-USDT-SWAP,breakout,12H,0.005,0.01,0.025,1,0.0,10.0,148.0,0.0,-100.0,782,427,355,54.6,100.0,0.477,-4.093,1468,0.0,-100.0,0.0,-100.0,0.0,-99.85
SOL-USDT-SWAP,breakout,12H,0.005,0.01,0.03,1,0.0,10.0,148.0,0.0,-100.0,782,458,324,58.57,100.0,0.482,-4.093,1468,0.0,-100.0,0.0,-100.0,0.0,-97.9
SOL-USDT-SWAP,breakout,12H,0.005,0.015,0.01,1,0.0,10.0,148.0,0.0,-100.0,782,133,649,17.01,100.0,0.025,-4.093,1468,0.0,-100.0,0.0,-100.0,0.0,-100.0
SOL-USDT-SWAP,breakout,12H,0.005,0.015,0.015,1,0.0,10.0,148.0,0.0,-100.0,782,244,538,31.2,100.0,0.008,-4.093,1468,0.0,-100.0,0.0,-100.0,0.0,-99.99
SOL-USDT-SWAP,breakout,12H,0.005,0.015,0.02,1,0.0,10.0,148.0,0.0,-100.0,782,322,460,41.18,100.0,0.311,-4.093,1468,0.0,-100.0,0.0,-100.0,0.0,-99.98
SOL-USDT-SWAP,breakout,12H,0.005,0.015,0.025,1,0.0,10.0,148.0,0.0,-100.0,782,363,419,46.42,100.0,0.531,-4.093,1468,0.0,-100.0,0.0,-100.0,0.0,-99.94
SOL-USDT-SWAP,breakout,12H,0.005,0.015,0.03,1,0.0,10.0,148.0,0.0,-100.0,782,389,393,49.74,100.0,0.53,-4.093,1468,0.0,-100.0,0.0,-100.0,0.0,-98.8
SOL-USDT-SWAP,breakout,12H,0.005,0.02,0.01,1,0.0,10.0,148.0,0.0,-100.0,782,114,668,14.58,100.0,0.023,-4.093,1468,0.0,-100.0,0.0,-100.0,0.0,-100.0
SOL-USDT-SWAP,breakout,12H,0.005,0.02,0.015,1,0.0,10.0,148.0,0.0,-100.0,782,215,567,27.49,100.0,0.008,-4.093,1468,0.0,-100.0,0.0,-100.0,0.0,-99.99
SOL-USDT-SWAP,breakout,12H,0.005,0.02,0.02,1,0.0,10.0,148.0,0.0,-100.0,782,282,500,36.06,100.0,0.333,-4.093,1468,0.0,-100.0,0.0,-100.0,0.0,-99.98
SOL-USDT-SWAP,breakout,12H,0.005,0.02,0.025,1,0.0,10.0,148.0,0.0,-100.0,782,319,463,40.79,100.0,0.591,-4.093,1468,0.0,-100.0,0.0,-100.0,0.0,-99.95
SOL-USDT-SWAP,breakout,12H,0.005,0.02,0.03,1,0.0,10.0,148.0,0.0,-100.0,782,346,436,44.25,100.0,0.59,-4.093,1468,0.0,-100.0,0.0,-100.0,0.0,-99.0
SOL-USDT-SWAP,breakout,12H,0.005,0.03,0.01,1,0.0,10.0,148.0,0.0,-100.0,782,110,672,14.07,100.0,0.022,-4.093,1468,0.0,-100.0,0.0,-100.0,0.0,-100.0
SOL-USDT-SWAP,breakout,12H,0.005,0.03,0.015,1,0.0,10.0,148.0,0.0,-100.0,782,201,581,25.7,100.0,0.009,-4.093,1468,0.0,-100.0,0.0,-100.0,0.0,-99.98
SOL-USDT-SWAP,breakout,12H,0.005,0.03,0.02,1,0.0,10.0,148.0,0.0,-100.0,782,260,522,33.25,100.0,0.274,-4.093,1468,0.0,-100.0,0.0,-100.0,0.0,-99.97
SOL-USDT-SWAP,breakout,12H,0.005,0.03,0.025,1,0.0,10.0,148.0,0.0,-100.0,782,296,486,37.85,100.0,0.607,-4.093,1468,0.0,-100.0,0.0,-100.0,0.0,-99.9
SOL-USDT-SWAP,breakout,12H,0.005,0.03,0.03,1,0.0,10.0,148.0,0.0,-100.0,782,320,462,40.92,100.0,0.607,-4.093,1468,0.0,-100.0,0.0,-100.0,0.0,-98.39
SOL-USDT-SWAP,breakout,12H,0.007,0.006,0.01,1,0.0,10.0,148.0,0.0,-100.0,703,126,577,17.92,100.0,0.016,-4.093,1468,0.0,-100.0,0.0,-100.0,0.0,-100.0
SOL-USDT-SWAP,breakout,12H,0.007,0.006,0.015,1,0.0,10.0,148.0,0.0,-100.0,703,288,415,40.97,100.0,0.009,-4.093,1468,0.0,-100.0,0.0,-100.0,0.0,-100.0
SOL-USDT-SWAP,breakout,12H,0.007,0.006,0.02,1,0.0,10.0,148.0,0.0,-100.0,703,395,308,56.19,100.0,0.093,-4.093,1468,0.0,-100.0,0.0,-100.0,0.0,-99.94
SOL-USDT-SWAP,breakout,12H,0.007,0.006,0.025,1,0.0,10.0,148.0,0.0,-100.0,703,458,245,65.15,100.0,0.279,-4.093,1468,0.0,-100.0,0.0,-100.0,0.0,-99.55
SOL-USDT-SWAP,breakout,12H,0.007,0.006,0.03,1,0.0,10.0,148.0,0.0,-100.0,703,481,222,68.42,100.0,0.305,-4.093,1468,0.0,-100.0,0.0,-100.0,0.0,-99.06
SOL-USDT-SWAP,breakout,12H,0.007,0.008,0.01,1,0.0,10.0,148.0,0.0,-100.0,703,112,591,15.93,100.0,0.024,-4.093,1468,0.0,-100.0,0.0,-100.0,0.0,-100.0
SOL-USDT-SWAP,breakout,12H,0.007,0.008,0.015,1,0.0,10.0,148.0,0.0,-100.0,703,258,445,36.7,100.0,0.013,-4.093,1468,0.0,-100.0,0.0,-100.0,0.0,-99.99
SOL-USDT-SWAP,breakout,12H,0.007,0.008,0.02,1,0.0,10.0,148.0,0.0,-100.0,703,361,342,51.35,100.0,0.141,-4.093,1468,0.0,-100.0,0.0,-100.0,0.0,-99.88
SOL-USDT-SWAP,breakout,12H,0.007,0.008,0.025,1,0.0,10.0,148.0,0.0,-100.0,703,422,281,60.03,100.0,0.396,-4.093,1468,0.0,-100.0,0.0,-100.0,0.0,-98.78
SOL-USDT-SWAP,breakout,12H,0.007,0.008,0.03,1,0.0,10.0,148.0,0.0,-100.0,703,444,259,63.16,100.0,0.432,-4.093,1468,0.01,-100.0,0.0,-100.0,0.0,-97.64
SOL-USDT-SWAP,breakout,12H,0.007,0.01,0.01,1,0.0,10.0,148.0,0.0,-100.0,703,100,603,14.22,100.0,0.032,-4.093,1468,0.0,-100.0,0.0,-100.0,0.0,-100.0
SOL-USDT-SWAP,breakout,12H,0.007,0.01,0.015,1,0.0,10.0,148.0,0.0,-100.0,703,231,472,32.86,100.0,0.017,-4.093,1468,0.0,-100.0,0.0,-100.0,0.0,-99.99
SOL-USDT-SWAP,breakout,12H,0.007,0.01,0.02,1,0.0,10.0,148.0,0.0,-100.0,703,327,376,46.51,100.0,0.141,-4.093,1468,0.0,-100.0,0.0,-100.0,0.0,-99.92
SOL-USDT-SWAP,breakout,12H,0.007,0.01,0.025,1,0.0,10.0,148.0,0.0,-100.0,703,384,319,54.62,100.0,0.308,-4.093,1468,0.0,-100.0,0.0,-100.0,0.0,-98.98
SOL-USDT-SWAP,breakout,12H,0.007,0.01,0.03,1,0.0,10.0,148.0,0.0,-100.0,703,405,298,57.61,100.0,0.44,-4.093,1468,0.0,-100.0,0.0,-100.0,0.0,-97.93
SOL-USDT-SWAP,breakout,12H,0.007,0.015,0.01,1,0.0,10.0,148.0,0.0,-100.0,703,81,622,11.52,100.0,0.041,-4.093,1468,0.0,-100.0,0.0,-100.0,0.0,-100.0
SOL-USDT-SWAP,breakout,12H,0.007,0.015,0.015,1,0.0,10.0,148.0,0.0,-100.0,703,199,504,28.31,100.0,0.026,-4.093,1468,0.0,-100.0,0.0,-100.0,0.0,-99.99
SOL-USDT-SWAP,breakout,12H,0.007,0.015,0.02,1,0.0,10.0,148.0,0.0,-100.0,703,269,434,38.26,100.0,0.17,-4.093,1468,0.0,-100.0,0.0,-100.0,0.0,-99.96
SOL-USDT-SWAP,breakout,12H,0.007,0.015,0.025,1,0.0,10.0,148.0,0.0,-100.0,703,319,384,45.38,100.0,0.358,-4.093,1468,0.0,-100.0,0.0,-100.0,0.0,-99.46
SOL-USDT-SWAP,breakout,12H,0.007,0.015,0.03,1,0.0,10.0,148.0,0.0,-100.0,703,342,361,48.65,100.0,0.504,-4.093,1468,0.0,-100.0,0.0,-100.0,0.0,-98.64
SOL-USDT-SWAP,breakout,12H,0.007,0.02,0.01,1,0.0,10.0,148.0,0.0,-100.0,703,70,633,9.96,100.0,0.056,-4.093,1468,0.0,-100.0,0.0,-100.0,0.0,-100.0
SOL-USDT-SWAP,breakout,12H,0.007,0.02,0.015,1,0.0,10.0,148.0,0.0,-100.0,703,173,530,24.61,100.0,0.03,-4.093,1468,0.0,-100.0,0.0,-100.0,0.0,-99.99
SOL-USDT-SWAP,breakout,12H,0.007,0.02,0.02,1,0.0,10.0,148.0,0.0,-100.0,703,237,466,33.71,100.0,0.181,-4.093,1468,0.0,-100.0,0.0,-100.0,0.0,-99.97
SOL-USDT-SWAP,breakout,12H,0.007,0.02,0.025,1,0.0,10.0,148.0,0.0,-100.0,703,282,421,40.11,100.0,0.325,-4.093,1468,0.0,-100.0,0.0,-100.0,0.0,-99.65
SOL-USDT-SWAP,breakout,12H,0.007,0.02,0.03,1,0.0,10.0,148.0,0.0,-100.0,703,305,398,43.39,100.0,0.484,-4.093,1468,0.0,-100.0,0.0,-100.0,0.0,-99.08
SOL-USDT-SWAP,breakout,12H,0.007,0.03,0.01,1,0.0,10.0,148.0,0.0,-100.0,703,67,636,9.53,100.0,0.085,-4.093,1468,0.0,-100.0,0.0,-100.0,0.0,-100.0
SOL-USDT-SWAP,breakout,12H,0.007,0.03,0.015,1,0.0,10.0,148.0,0.0,-100.0,703,162,541,23.04,100.0,0.041,-4.093,1468,0.0,-100.0,0.0,-100.0,0.0,-99.98
SOL-USDT-SWAP,breakout,12H,0.007,0.03,0.02,1,0.0,10.0,148.0,0.0,-100.0,703,220,483,31.29,100.0,0.253,-4.093,1468,0.0,-100.0,0.0,-100.0,0.0,-99.85
SOL-USDT-SWAP,breakout,12H,0.007,0.03,0.025,1,0.0,10.0,148.0,0.0,-100.0,703,262,441,37.27,100.0,0.434,-4.093,1468,0.0,-100.0,0.0,-100.0,0.0,-98.27
SOL-USDT-SWAP,breakout,12H,0.007,0.03,0.03,1,0.0,10.0,148.0,0.0,-100.0,703,283,420,40.26,100.0,0.619,-4.093,1468,0.0,-100.0,0.0,-100.0,0.0,-96.85
SOL-USDT-SWAP,breakout,12H,0.01,0.006,0.01,1,0.0,10.0,148.0,0.0,-100.0,611,92,519,15.06,100.0,0.036,-4.093,1468,0.0,-100.0,0.0,-100.0,0.0,-100.0
SOL-USDT-SWAP,breakout,12H,0.01,0.006,0.015,1,0.0,10.0,148.0,0.0,-100.0,611,232,379,37.97,100.0,0.074,-4.093,1468,0.0,-100.0,0.0,-100.0,0.0,-99.99
SOL-USDT-SWAP,breakout,12H,0.01,0.006,0.02,1,0.0,10.0,148.0,0.0,-100.0,611,326,285,53.36,100.0,0.057,-4.093,1468,0.0,-100.0,0.0,-100.0,0.0,-99.88
SOL-USDT-SWAP,breakout,12H,0.01,0.006,0.025,1,0.0,10.0,148.0,0.0,-100.0,611,381,230,62.36,100.0,0.159,-4.093,1468,0.01,-100.0,0.0,-100.0,0.0,-98.21
SOL-USDT-SWAP,breakout,12H,0.01,0.006,0.03,1,0.0,10.0,148.0,0.0,-100.0,611,413,198,67.59,100.0,0.334,-4.093,1468,0.06,-99.96,0.0,-100.0,0.0,-96.16
SOL-USDT-SWAP,breakout,12H,0.01,0.008,0.01,1,0.0,10.0,148.0,0.0,-100.0,611,83,528,13.58,100.0,0.054,-4.093,1468,0.0,-100.0,0.0,-100.0,0.0,-100.0
SOL-USDT-SWAP,breakout,12H,0.01,0.008,0.015,1,0.0,10.0,148.0,0.0,-100.0,611,211,400,34.53,100.0,0.113,-4.093,1468,0.0,-100.0,0.0,-100.0,0.0,-99.98
SOL-USDT-SWAP,breakout,12H,0.01,0.008,0.02,1,0.0,10.0,148.0,0.0,-100.0,611,296,315,48.45,100.0,0.088,-4.093,1468,0.0,-100.0,0.0,-100.0,0.0,-99.8
SOL-USDT-SWAP,breakout,12H,0.01,0.008,0.025,1,0.0,10.0,148.0,0.0,-100.0,611,350,261,57.28,100.0,0.241,-4.093,1468,0.0,-100.0,0.0,-100.0,0.0,-96.63
SOL-USDT-SWAP,breakout,12H,0.01,0.008,0.03,1,0.0,10.0,148.0,0.0,-100.0,611,380,231,62.19,100.0,0.458,-4.093,1468,0.02,-99.99,0.0,-100.0,0.0,-92.14
SOL-USDT-SWAP,breakout,12H,0.01,0.01,0.01,1,0.0,10.0,148.0,0.0,-100.0,611,71,540,11.62,100.0,0.016,-4.093,1468,0.0,-100.0,0.0,-100.0,0.0,-100.0
SOL-USDT-SWAP,breakout,12H,0.01,0.01,0.015,1,0.0,10.0,148.0,0.0,-100.0,611,187,424,30.61,100.0,0.102,-4.093,1468,0.0,-100.0,0.0,-100.0,0.0,-99.99
SOL-USDT-SWAP,breakout,12H,0.01,0.01,0.02,1,0.0,10.0,148.0,0.0,-100.0,611,266,345,43.54,100.0,0.078,-4.093,1468,0.0,-100.0,0.0,-100.0,0.0,-99.93
SOL-USDT-SWAP,breakout,12H,0.01,0.01,0.025,1,0.0,10.0,148.0,0.0,-100.0,611,319,292,52.21,100.0,0.264,-4.093,1468,0.0,-100.0,0.0,-100.0,0.0,-98.92
SOL-USDT-SWAP,breakout,12H,0.01,0.01,0.03,1,0.0,10.0,148.0,0.0,-100.0,611,346,265,56.63,100.0,0.491,-4.093,1468,0.02,-99.99,0.0,-100.0,0.0,-97.7
SOL-USDT-SWAP,breakout,12H,0.01,0.015,0.01,1,0.0,10.0,148.0,0.0,-100.0,611,53,558,8.67,100.0,0.025,-4.093,1468,0.0,-100.0,0.0,-100.0,0.0,-100.0
SOL-USDT-SWAP,breakout,12H,0.01,0.015,0.015,1,0.0,10.0,148.0,0.0,-100.0,611,144,467,23.57,100.0,0.122,-4.093,1468,0.0,-100.0,0.0,-100.0,0.0,-99.99
SOL-USDT-SWAP,breakout,12H,0.01,0.015,0.02,1,0.0,10.0,148.0,0.0,-100.0,611,212,399,34.7,100.0,0.099,-4.093,1468,0.0,-100.0,0.0,-100.0,0.0,-99.96
SOL-USDT-SWAP,breakout,12H,0.01,0.015,0.025,1,0.0,10.0,148.0,0.0,-100.0,611,252,359,41.24,100.0,0.329,-4.093,1468,0.0,-100.0,0.0,-100.0,0.0,-99.47
SOL-USDT-SWAP,breakout,12H,0.01,0.015,0.03,1,0.0,10.0,148.0,0.0,-100.0,611,277,334,45.34,100.0,0.594,-4.093,1468,0.0,-100.0,0.0,-100.0,0.0,-98.62
SOL-USDT-SWAP,breakout,12H,0.01,0.02,0.01,1,0.0,10.0,148.0,0.0,-100.0,611,51,560,8.35,100.0,0.034,-4.093,1468,0.0,-100.0,0.0,-100.0,0.0,-100.0
SOL-USDT-SWAP,breakout,12H,0.01,0.02,0.015,1,0.0,10.0,148.0,0.0,-100.0,611,133,478,21.77,100.0,0.167,-4.093,1468,0.0,-100.0,0.0,-100.0,0.0,-99.99
SOL-USDT-SWAP,breakout,12H,0.01,0.02,0.02,1,0.0,10.0,148.0,0.0,-100.0,611,191,420,31.26,100.0,0.136,-4.093,1468,0.0,-100.0,0.0,-100.0,0.0,-99.96
SOL-USDT-SWAP,breakout,12H,0.01,0.02,0.025,1,0.0,10.0,148.0,0.0,-100.0,611,226,385,36.99,100.0,0.281,-4.093,1468,0.0,-100.0,0.0,-100.0,0.0,-99.56
SOL-USDT-SWAP,breakout,12H,0.01,0.02,0.03,1,0.0,10.0,148.0,0.0,-100.0,611,251,360,41.08,100.0,0.585,-4.093,1468,0.0,-100.0,0.0,-100.0,0.0,-98.68
SOL-USDT-SWAP,breakout,12H,0.01,0.03,0.01,1,0.0,10.0,148.0,0.0,-100.0,611,49,562,8.02,100.0,0.051,-4.093,1468,0.0,-100.0,0.0,-100.0,0.0,-100.0
SOL-USDT-SWAP,breakout,12H,0.01,0.03,0.015,1,0.0,10.0,148.0,0.0,-100.0,611,127,484,20.79,100.0,0.095,-4.093,1468,0.0,-100.0,0.0,-100.0,0.0,-99.97
SOL-USDT-SWAP,breakout,12H,0.01,0.03,0.02,1,0.0,10.0,148.0,0.0,-100.0,611,177,434,28.97,100.0,0.069,-4.093,1468,0.0,-100.0,0.0,-100.0,0.0,-99.83
SOL-USDT-SWAP,breakout,12H,0.01,0.03,0.025,1,0.0,10.0,148.0,0.0,-100.0,611,208,403,34.04,100.0,0.244,-4.093,1468,0.0,-100.0,0.0,-100.0,0.0,-97.86
SOL-USDT-SWAP,breakout,12H,0.01,0.03,0.03,1,0.0,10.0,148.0,0.0,-100.0,611,231,380,37.81,100.0,0.62,-4.093,1468,0.0,-100.0,0.0,-100.0,0.0,-94.75
SOL-USDT-SWAP,fade,12H,0.001,0.006,0.01,1,0.0,10.0,148.0,0.48,-99.68,1177,863,314,73.32,99.8,0.855,-4.079,1468,133.12,-10.06,0.45,-99.66,0.48,6.39
SOL-USDT-SWAP,fade,12H,0.001,0.006,0.015,1,0.0,10.0,148.0,1192.52,705.76,1177,970,207,82.41,98.49,1.051,28.885,1468,2145.76,1349.84,404.42,-81.15,1192.52,194.87
SOL-USDT-SWAP,fade,12H,0.001,0.006,0.02,1,0.0,10.0,148.0,139565.26,94200.85,1177,1028,149,87.34,54.09,1.36,3855.424,1468,38856.84,26154.62,113036.02,190.9,139565.26,23.47
SOL-USDT-SWAP,fade,12H,0.001,0.006,0.025,1,0.0,10.0,148.0,201832.73,136273.47,1177,1055,122,89.63,47.15,1.555,5577.359,1468,69127.79,46607.97,162320.69,134.81,201832.73,24.34
SOL-USDT-SWAP,fade,12H,0.001,0.006,0.03,1,0.0,10.0,148.0,227445.59,153579.46,1177,1068,109,90.74,54.17,1.661,6285.653,1468,72475.55,48869.97,186872.8,157.84,227445.59,21.71
SOL-USDT-SWAP,fade,12H,0.001,0.008,0.01,1,0.0,10.0,148.0,0.55,-99.63,1177,774,403,65.76,99.96,0.966,-4.078,1468,897.7,506.56,2.86,-99.68,0.55,-80.92
SOL-USDT-SWAP,fade,12H,0.001,0.008,0.015,1,0.0,10.0,148.0,1749.63,1082.19,1177,887,290,75.36,98.56,1.013,44.291,1468,10358.24,6898.81,4107.26,-60.35,1749.63,-57.4
SOL-USDT-SWAP,fade,12H,0.001,0.008,0.02,1,0.0,10.0,148.0,147319.69,99440.33,1177,943,234,80.12,51.18,1.258,4069.864,1468,62371.38,42042.82,140952.83,125.99,147319.69,4.52
SOL-USDT-SWAP,fade,12H,0.001,0.008,0.025,1,0.0,10.0,148.0,212943.15,143780.5,1177,970,207,82.41,48.84,1.378,5884.605,1468,94705.94,63890.5,192787.83,103.56,212943.15,10.45
SOL-USDT-SWAP,fade,12H,0.001,0.008,0.03,1,0.0,10.0,148.0,221255.49,149396.95,1177,981,196,83.35,60.31,1.395,6114.473,1468,95988.54,64757.12,202938.05,111.42,221255.49,9.03
SOL-USDT-SWAP,fade,12H,0.001,0.01,0.01,1,0.0,10.0,148.0,0.03,-99.98,1177,692,485,58.79,99.99,0.88,-4.092,1468,85.26,-42.39,0.39,-99.54,0.03,-91.93
SOL-USDT-SWAP,fade,12H,0.001,0.01,0.015,1,0.0,10.0,148.0,14.86,-89.96,1177,800,377,67.97,99.52,0.993,-3.682,1468,1460.65,886.92,290.75,-80.09,14.86,-94.89
SOL-USDT-SWAP,fade,12H,0.001,0.01,0.02,1,0.0,10.0,148.0,28017.03,18830.43,1177,851,326,72.3,97.26,1.047,770.686,1468,31072.9,20895.2,48997.41,57.69,28017.03,-42.82
SOL-USDT-SWAP,fade,12H,0.001,0.01,0.025,1,0.0,10.0,148.0,129190.0,87190.54,1177,878,299,74.6,80.33,1.171,3568.508,1468,52717.63,35520.02,135453.87,156.94,129190.0,-4.62
SOL-USDT-SWAP,fade,12H,0.001,0.01,0.03,1,0.0,10.0,148.0,123354.17,83247.41,1177,889,288,75.53,78.72,1.164,3407.125,1468,47850.63,32231.51,132073.71,176.01,123354.17,-6.6
SOL-USDT-SWAP,fade,12H,0.001,0.015,0.01,1,0.0,10.0,148.0,0.0,-100.0,1177,533,644,45.28,100.0,0.755,-4.093,1468,22.96,-84.49,0.0,-100.0,0.0,-98.78
SOL-USDT-SWAP,fade,12H,0.001,0.015,0.015,1,0.0,10.0,148.0,0.0,-100.0,1177,639,538,54.29,100.0,0.93,-4.093,1468,140.98,-4.74,0.01,-99.99,0.0,-99.89
SOL-USDT-SWAP,fade,12H,0.001,0.015,0.02,1,0.0,10.0,148.0,0.0,-100.0,1177,691,486,58.71,100.0,0.987,-4.093,1468,1006.61,580.14,0.08,-99.99,0.0,-99.92
SOL-USDT-SWAP,fade,12H,0.001,0.015,0.025,1,0.0,10.0,148.0,0.0,-100.0,1177,716,461,60.83,100.0,0.993,-4.093,1468,2412.97,1530.39,0.13,-99.99,0.0,-99.91
SOL-USDT-SWAP,fade,12H,0.001,0.015,0.03,1,0.0,10.0,148.0,0.0,-100.0,1177,732,445,62.19,100.0,0.996,-4.093,1468,3567.66,2310.58,0.11,-100.0,0.0,-99.94
SOL-USDT-SWAP,fade,12H,0.001,0.02,0.01,1,0.0,10.0,148.0,0.0,-100.0,1177,454,723,38.57,100.0,0.57,-4.093,1468,2.57,-98.26,0.0,-100.0,0.0,-99.39
SOL-USDT-SWAP,fade,12H,0.001,0.02,0.015,1,0.0,10.0,148.0,0.0,-100.0,1177,547,630,46.47,100.0,0.689,-4.093,1468,5.66,-96.18,0.0,-100.0,0.0,-99.98
SOL-USDT-SWAP,fade,12H,0.001,0.02,0.02,1,0.0,10.0,148.0,0.0,-100.0,1177,595,582,50.55,100.0,0.838,-4.093,1468,13.18,-91.1,0.0,-100.0,0.0,-99.99
SOL-USDT-SWAP,fade,12H,0.001,0.02,0.025,1,0.0,10.0,148.0,0.0,-100.0,1177,619,558,52.59,100.0,0.874,-4.093,1468,15.95,-89.22,0.0,-100.0,0.0,-100.0
SOL-USDT-SWAP,fade,12H,0.001,0.02,0.03,1,0.0,10.0,148.0,0.0,-100.0,1177,635,542,53.95,100.0,0.877,-4.093,1468,20.83,-85.93,0.0,-100.0,0.0,-100.0
SOL-USDT-SWAP,fade,12H,0.001,0.03,0.01,1,0.0,10.0,148.0,0.0,-100.0,1177,373,804,31.69,100.0,0.472,-4.093,1468,0.13,-99.91,0.0,-100.0,0.0,-99.98
SOL-USDT-SWAP,fade,12H,0.001,0.03,0.015,1,0.0,10.0,148.0,0.0,-100.0,1177,452,725,38.4,100.0,0.489,-4.093,1468,0.02,-99.99,0.0,-100.0,0.0,-100.0
SOL-USDT-SWAP,fade,12H,0.001,0.03,0.02,1,0.0,10.0,148.0,0.0,-100.0,1177,498,679,42.31,100.0,0.53,-4.093,1468,0.05,-99.97,0.0,-100.0,0.0,-100.0
SOL-USDT-SWAP,fade,12H,0.001,0.03,0.025,1,0.0,10.0,148.0,0.0,-100.0,1177,521,656,44.27,100.0,0.512,-4.093,1468,0.06,-99.96,0.0,-100.0,0.0,-100.0
SOL-USDT-SWAP,fade,12H,0.001,0.03,0.03,1,0.0,10.0,148.0,0.0,-100.0,1177,537,640,45.62,100.0,0.552,-4.093,1468,0.12,-99.92,0.0,-100.0,0.0,-100.0
SOL-USDT-SWAP,fade,12H,0.002,0.006,0.01,1,0.0,10.0,148.0,7.13,-95.18,1142,852,290,74.61,98.14,0.924,-3.896,1468,201.89,36.41,9.63,-95.23,7.13,-25.93
SOL-USDT-SWAP,fade,12H,0.002,0.006,0.015,1,0.0,10.0,148.0,41878.73,28196.44,1142,957,185,83.8,90.69,1.169,1154.015,1468,5899.29,3886.01,21704.7,267.92,41878.73,92.95
SOL-USDT-SWAP,fade,12H,0.002,0.006,0.02,1,0.0,10.0,148.0,162450.64,109663.95,1142,1007,135,88.18,46.89,1.452,4488.292,1468,36108.59,24297.7,122325.48,238.77,162450.64,32.8
SOL-USDT-SWAP,fade,12H,0.002,0.006,0.025,1,0.0,10.0,148.0,208453.85,140747.2,1142,1028,114,90.02,47.15,1.609,5760.458,1468,57470.02,38731.1,161698.42,181.36,208453.85,28.92
SOL-USDT-SWAP,fade,12H,0.002,0.006,0.03,1,0.0,10.0,148.0,264934.9,178910.07,1142,1048,94,91.77,54.17,1.895,7322.377,1468,65551.87,44191.8,210829.47,221.62,264934.9,25.66
SOL-USDT-SWAP,fade,12H,0.002,0.008,0.01,1,0.0,10.0,148.0,135.33,-8.56,1142,775,367,67.86,97.15,0.999,-0.351,1468,1965.46,1228.01,253.01,-87.13,135.33,-46.51
SOL-USDT-SWAP,fade,12H,0.002,0.008,0.015,1,0.0,10.0,148.0,135577.35,91506.32,1142,881,261,77.15,56.47,1.262,3745.143,1468,36738.2,24723.11,115375.85,214.05,135577.35,17.51
SOL-USDT-SWAP,fade,12H,0.002,0.008,0.02,1,0.0,10.0,148.0,214546.64,144863.95,1142,927,215,81.17,35.46,1.401,5928.947,1468,75959.3,51223.85,184905.64,143.43,214546.64,16.03
SOL-USDT-SWAP,fade,12H,0.002,0.008,0.025,1,0.0,10.0,148.0,267033.56,180328.08,1142,950,192,83.19,28.66,1.525,7380.413,1468,104316.57,70384.17,228568.22,119.11,267033.56,16.83
SOL-USDT-SWAP,fade,12H,0.002,0.008,0.03,1,0.0,10.0,148.0,304430.54,205596.31,1142,966,176,84.59,38.39,1.628,8414.583,1468,105285.48,71038.84,263923.68,150.67,304430.54,15.35
SOL-USDT-SWAP,fade,12H,0.002,0.01,0.01,1,0.0,10.0,148.0,5.25,-96.45,1142,688,454,60.25,99.78,0.983,-3.948,1468,1130.34,663.74,51.45,-95.45,5.25,-89.8
SOL-USDT-SWAP,fade,12H,0.002,0.01,0.015,1,0.0,10.0,148.0,65051.9,43853.99,1142,793,349,69.44,92.98,1.111,1794.843,1468,24594.54,16517.93,63890.77,159.78,65051.9,1.82
SOL-USDT-SWAP,fade,12H,0.002,0.01,0.02,1,0.0,10.0,148.0,157304.25,106186.65,1142,838,304,73.38,52.46,1.217,4345.975,1468,63076.65,42519.36,145583.2,130.8,157304.25,8.05
SOL-USDT-SWAP,fade,12H,0.002,0.01,0.025,1,0.0,10.0,148.0,189701.13,128076.44,1142,859,283,75.22,43.47,1.264,5241.873,1468,84992.57,57327.41,178442.46,109.95,189701.13,6.31
SOL-USDT-SWAP,fade,12H,0.002,0.01,0.03,1,0.0,10.0,148.0,205181.79,138536.35,1142,872,270,76.36,56.77,1.287,5669.973,1468,86346.89,58242.5,197692.4,128.95,205181.79,3.79
SOL-USDT-SWAP,fade,12H,0.002,0.015,0.01,1,0.0,10.0,148.0,0.0,-100.0,1142,524,618,45.88,100.0,0.914,-4.093,1468,181.16,22.41,0.0,-100.0,0.0,-98.78
SOL-USDT-SWAP,fade,12H,0.002,0.015,0.015,1,0.0,10.0,148.0,0.0,-100.0,1142,622,520,54.47,100.0,0.995,-4.093,1468,3351.2,2164.33,0.68,-99.98,0.0,-99.59
SOL-USDT-SWAP,fade,12H,0.002,0.015,0.02,1,0.0,10.0,148.0,0.04,-99.98,1142,672,470,58.84,100.0,0.999,-4.092,1468,21336.01,14316.22,4.11,-99.98,0.04,-99.11
SOL-USDT-SWAP,fade,12H,0.002,0.015,0.025,1,0.0,10.0,148.0,1.26,-99.15,1142,692,450,60.6,100.0,1.0,-4.058,1468,48715.37,32815.79,322.13,-99.34,1.26,-99.61
SOL-USDT-SWAP,fade,12H,0.002,0.015,0.03,1,0.0,10.0,148.0,2.59,-98.25,1142,706,436,61.82,100.0,1.0,-4.021,1468,43728.99,29446.62,2050.22,-95.31,2.59,-99.87
SOL-USDT-SWAP,fade,12H,0.002,0.02,0.01,1,0.0,10.0,148.0,0.0,-100.0,1142,443,699,38.79,100.0,0.739,-4.093,1468,13.73,-90.72,0.0,-100.0,0.0,-99.69
SOL-USDT-SWAP,fade,12H,0.002,0.02,0.015,1,0.0,10.0,148.0,0.0,-100.0,1142,530,612,46.41,100.0,0.949,-4.093,1468,102.43,-30.79,0.0,-100.0,0.0,-99.98
SOL-USDT-SWAP,fade,12H,0.002,0.02,0.02,1,0.0,10.0,148.0,0.0,-100.0,1142,574,568,50.26,100.0,0.972,-4.093,1468,103.99,-29.74,0.0,-100.0,0.0,-99.98
SOL-USDT-SWAP,fade,12H,0.002,0.02,0.025,1,0.0,10.0,148.0,0.0,-100.0,1142,594,548,52.01,100.0,0.98,-4.093,1468,230.02,55.42,0.0,-100.0,0.0,-99.99
SOL-USDT-SWAP,fade,12H,0.002,0.02,0.03,1,0.0,10.0,148.0,0.0,-100.0,1142,607,535,53.15,100.0,0.969,-4.093,1468,117.15,-20.84,0.0,-100.0,0.0,-100.0
SOL-USDT-SWAP,fade,12H,0.002,0.03,0.01,1,0.0,10.0,148.0,0.0,-100.0,1142,365,777,31.96,100.0,0.502,-4.093,1468,0.32,-99.79,0.0,-100.0,0.0,-99.97
SOL-USDT-SWAP,fade,12H,0.002,0.03,0.015,1,0.0,10.0,148.0,0.0,-100.0,1142,444,698,38.88,100.0,0.548,-4.093,1468,0.2,-99.86,0.0,-100.0,0.0,-100.0
SOL-USDT-SWAP,fade,12H,0.002,0.03,0.02,1,0.0,10.0,148.0,0.0,-100.0,1142,486,656,42.56,100.0,0.634,-4.093,1468,0.24,-99.84,0.0,-100.0,0.0,-100.0
SOL-USDT-SWAP,fade,12H,0.002,0.03,0.025,1,0.0,10.0,148.0,0.0,-100.0,1142,508,634,44.48,100.0,0.72,-4.093,1468,0.7,-99.53,0.0,-100.0,0.0,-100.0
SOL-USDT-SWAP,fade,12H,0.002,0.03,0.03,1,0.0,10.0,148.0,0.0,-100.0,1142,523,619,45.8,100.0,0.6,-4.093,1468,0.33,-99.78,0.0,-100.0,0.0,-100.0
SOL-USDT-SWAP,fade,12H,0.003,0.006,0.01,1,0.0,10.0,148.0,3.21,-97.83,1115,825,290,73.99,98.07,0.881,-4.004,1468,91.29,-38.32,12.43,-86.39,3.21,-74.18
SOL-USDT-SWAP,fade,12H,0.003,0.006,0.015,1,0.0,10.0,148.0,63345.44,42700.97,1115,937,178,84.04,82.03,1.265,1747.652,1468,5630.19,3704.18,43983.89,681.22,63345.44,44.02
SOL-USDT-SWAP,fade,12H,0.003,0.006,0.02,1,0.0,10.0,148.0,189629.45,128028.01,1115,987,128,88.52,39.63,1.586,5239.891,1468,37665.69,25349.79,145328.43,285.84,189629.45,30.48
SOL-USDT-SWAP,fade,12H,0.003,0.006,0.025,1,0.0,10.0,148.0,227410.15,153555.51,1115,1007,108,90.31,47.15,1.737,6284.673,1468,57747.67,38918.69,180364.24,212.33,227410.15,26.08
SOL-USDT-SWAP,fade,12H,0.003,0.006,0.03,1,0.0,10.0,148.0,294020.83,198562.73,1115,1027,88,92.11,47.6,2.158,8126.715,1468,64629.91,43568.86,224623.94,247.55,294020.83,30.89
SOL-USDT-SWAP,fade,12H,0.003,0.008,0.01,1,0.0,10.0,148.0,220.69,49.12,1115,760,355,68.16,95.66,1.007,2.01,1468,498.71,236.97,499.45,0.15,220.69,-55.81
SOL-USDT-SWAP,fade,12H,0.003,0.008,0.015,1,0.0,10.0,148.0,143993.2,97192.7,1115,867,248,77.76,66.29,1.289,3977.873,1468,32348.23,21756.91,134424.94,315.56,143993.2,7.12
SOL-USDT-SWAP,fade,12H,0.003,0.008,0.02,1,0.0,10.0,148.0,257182.53,173671.98,1115,917,198,82.24,24.87,1.524,7107.994,1468,86325.25,58227.87,227903.69,164.01,257182.53,12.85
SOL-USDT-SWAP,fade,12H,0.003,0.008,0.025,1,0.0,10.0,148.0,270876.28,182924.52,1115,935,180,83.86,27.3,1.546,7486.679,1468,99139.35,66886.05,244437.9,146.56,270876.28,10.82
SOL-USDT-SWAP,fade,12H,0.003,0.008,0.03,1,0.0,10.0,148.0,325549.49,219865.87,1115,954,161,85.56,32.3,1.712,8998.603,1468,103310.12,69704.14,287016.39,177.82,325549.49,13.43
SOL-USDT-SWAP,fade,12H,0.003,0.01,0.01,1,0.0,10.0,148.0,66.31,-55.19,1115,681,434,61.08,97.6,0.995,-2.259,1468,1101.01,643.92,804.6,-26.92,66.31,-91.76
SOL-USDT-SWAP,fade,12H,0.003,0.01,0.015,1,0.0,10.0,148.0,122364.13,82578.46,1115,783,332,70.22,59.14,1.193,3379.746,1468,43657.91,29398.59,138466.09,217.16,122364.13,-11.63
SOL-USDT-SWAP,fade,12H,0.003,0.01,0.02,1,0.0,10.0,148.0,223282.74,150766.72,1115,831,284,74.53,34.98,1.337,6170.534,1468,93112.68,62813.97,211012.92,126.62,223282.74,5.81
SOL-USDT-SWAP,fade,12H,0.003,0.01,0.025,1,0.0,10.0,148.0,230404.47,155578.69,1115,848,267,76.05,30.47,1.339,6367.477,1468,109746.12,74052.79,225536.47,105.51,230404.47,2.16
SOL-USDT-SWAP,fade,12H,0.003,0.01,0.03,1,0.0,10.0,148.0,267594.52,180707.11,1115,864,251,77.49,34.22,1.405,7395.925,1468,110820.79,74778.91,259133.54,133.83,267594.52,3.27
SOL-USDT-SWAP,fade,12H,0.003,0.015,0.01,1,0.0,10.0,148.0,0.02,-99.99,1115,537,578,48.16,100.0,0.933,-4.092,1468,200.41,35.41,1.01,-99.5,0.02,-97.93
SOL-USDT-SWAP,fade,12H,0.003,0.015,0.015,1,0.0,10.0,148.0,5.44,-96.32,1115,635,480,56.95,99.99,0.999,-3.942,1468,30016.53,20181.44,1496.1,-95.02,5.44,-99.64
SOL-USDT-SWAP,fade,12H,0.003,0.015,0.02,1,0.0,10.0,148.0,120868.5,81567.91,1115,684,431,61.35,50.1,1.128,3338.386,1468,92457.76,62371.46,134165.92,45.11,120868.5,-9.91
SOL-USDT-SWAP,fade,12H,0.003,0.015,0.025,1,0.0,10.0,148.0,112719.71,76061.97,1115,699,416,62.69,53.32,1.114,3113.041,1468,108397.07,73141.26,137861.05,27.18,112719.71,-18.24
SOL-USDT-SWAP,fade,12H,0.003,0.015,0.03,1,0.0,10.0,148.0,136909.51,92406.42,1115,711,404,63.77,57.96,1.14,3781.982,1468,103010.21,69501.5,167833.42,62.93,136909.51,-18.43
SOL-USDT-SWAP,fade,12H,0.003,0.02,0.01,1,0.0,10.0,148.0,0.0,-100.0,1115,454,661,40.72,100.0,0.748,-4.093,1468,15.21,-89.72,0.0,-100.0,0.0,-98.48
SOL-USDT-SWAP,fade,12H,0.003,0.02,0.015,1,0.0,10.0,148.0,0.0,-100.0,1115,538,577,48.25,100.0,0.959,-4.093,1468,279.61,88.93,0.0,-100.0,0.0,-99.94
SOL-USDT-SWAP,fade,12H,0.003,0.02,0.02,1,0.0,10.0,148.0,0.0,-100.0,1115,585,530,52.47,100.0,0.995,-4.093,1468,2312.6,1462.56,0.01,-100.0,0.0,-99.9
SOL-USDT-SWAP,fade,12H,0.003,0.02,0.025,1,0.0,10.0,148.0,0.0,-100.0,1115,600,515,53.81,100.0,0.994,-4.093,1468,1711.38,1056.34,0.0,-100.0,0.0,-99.99
SOL-USDT-SWAP,fade,12H,0.003,0.02,0.03,1,0.0,10.0,148.0,0.0,-100.0,1115,614,501,55.07,100.0,0.995,-4.093,1468,1743.44,1078.0,0.0,-100.0,0.0,-99.99
SOL-USDT-SWAP,fade,12H,0.003,0.03,0.01,1,0.0,10.0,148.0,0.0,-100.0,1115,373,742,33.45,100.0,0.501,-4.093,1468,0.45,-99.7,0.0,-100.0,0.0,-99.96
SOL-USDT-SWAP,fade,12H,0.003,0.03,0.015,1,0.0,10.0,148.0,0.0,-100.0,1115,452,663,40.54,100.0,0.548,-4.093,1468,0.93,-99.37,0.0,-100.0,0.0,-100.0
SOL-USDT-SWAP,fade,12H,0.003,0.03,0.02,1,0.0,10.0,148.0,0.0,-100.0,1115,495,620,44.39,100.0,0.705,-4.093,1468,4.06,-97.25,0.0,-100.0,0.0,-100.0
SOL-USDT-SWAP,fade,12H,0.003,0.03,0.025,1,0.0,10.0,148.0,0.0,-100.0,1115,510,605,45.74,100.0,0.707,-4.093,1468,2.81,-98.1,0.0,-100.0,0.0,-100.0
SOL-USDT-SWAP,fade,12H,0.003,0.03,0.03,1,0.0,10.0,148.0,0.0,-100.0,1115,527,588,47.26,100.0,0.619,-4.093,1468,2.17,-98.54,0.0,-100.0,0.0,-100.0
SOL-USDT-SWAP,fade,12H,0.005,0.006,0.01,1,0.0,10.0,148.0,32.79,-77.84,1049,786,263,74.93,97.32,0.966,-3.186,1468,408.43,175.97,59.37,-85.46,32.79,-44.77
SOL-USDT-SWAP,fade,12H,0.005,0.006,0.015,1,0.0,10.0,148.0,84175.79,56775.54,1049,891,158,84.94,78.92,1.292,2323.692,1468,15527.75,10391.73,43961.43,183.12,84175.79,91.48
SOL-USDT-SWAP,fade,12H,0.005,0.006,0.02,1,0.0,10.0,148.0,196677.08,132789.92,1049,939,110,89.51,32.6,1.658,5434.785,1468,53379.57,35967.28,138402.72,159.28,196677.08,42.1
SOL-USDT-SWAP,fade,12H,0.005,0.006,0.025,1,0.0,10.0,148.0,255232.81,172354.6,1049,964,85,91.9,35.35,1.985,7054.076,1468,69638.58,46953.09,184473.61,164.9,255232.81,38.36
SOL-USDT-SWAP,fade,12H,0.005,0.006,0.03,1,0.0,10.0,148.0,318042.4,214793.51,1049,981,68,93.52,37.2,2.543,8791.003,1468,72307.96,48756.73,234809.57,224.74,318042.4,35.45
SOL-USDT-SWAP,fade,12H,0.005,0.008,0.01,1,0.0,10.0,148.0,32281.16,21711.59,1049,736,313,70.16,84.47,1.13,888.606,1468,2169.98,1366.2,19796.05,812.27,32281.16,63.07
SOL-USDT-SWAP,fade,12H,0.005,0.008,0.015,1,0.0,10.0,148.0,208085.32,140498.19,1049,837,212,79.79,50.24,1.497,5750.267,1468,47791.86,32191.8,166271.42,247.91,208085.32,25.15
SOL-USDT-SWAP,fade,12H,0.005,0.008,0.02,1,0.0,10.0,148.0,305177.75,206101.18,1049,882,167,84.08,49.35,1.745,8435.246,1468,85814.76,57882.95,244670.89,185.12,305177.75,24.73
SOL-USDT-SWAP,fade,12H,0.005,0.008,0.025,1,0.0,10.0,148.0,343164.05,231767.6,1049,901,148,85.89,57.1,1.882,9485.714,1468,99113.55,66868.62,275137.03,177.6,343164.05,24.72
SOL-USDT-SWAP,fade,12H,0.005,0.008,0.03,1,0.0,10.0,148.0,402979.12,272183.19,1049,918,131,87.51,56.56,2.169,11139.83,1468,102486.7,69147.77,323776.76,215.92,402979.12,24.46
SOL-USDT-SWAP,fade,12H,0.005,0.01,0.01,1,0.0,10.0,148.0,34805.67,23417.34,1049,664,385,63.3,93.45,1.119,958.418,1468,2126.48,1336.81,37278.5,1653.06,34805.67,-6.63
SOL-USDT-SWAP,fade,12H,0.005,0.01,0.015,1,0.0,10.0,148.0,199589.11,134757.51,1049,760,289,72.45,59.59,1.358,5515.314,1468,51495.7,34694.39,183104.29,255.57,199589.11,9.0
SOL-USDT-SWAP,fade,12H,0.005,0.01,0.02,1,0.0,10.0,148.0,293780.89,198400.6,1049,805,244,76.74,29.34,1.509,8120.079,1468,104467.25,70485.98,270773.45,159.19,293780.89,8.5
SOL-USDT-SWAP,fade,12H,0.005,0.01,0.025,1,0.0,10.0,148.0,322368.17,217716.33,1049,825,224,78.65,38.08,1.567,8910.627,1468,115145.22,77700.83,296067.47,157.13,322368.17,8.88
SOL-USDT-SWAP,fade,12H,0.005,0.01,0.03,1,0.0,10.0,148.0,376166.23,254066.37,1049,841,208,80.17,36.12,1.699,10398.351,1468,119633.93,80733.74,349550.09,192.18,376166.23,7.61
SOL-USDT-SWAP,fade,12H,0.005,0.015,0.01,1,0.0,10.0,148.0,6.29,-95.75,1049,527,522,50.24,99.57,0.987,-3.919,1468,392.46,165.18,201.36,-48.69,6.29,-96.87
SOL-USDT-SWAP,fade,12H,0.005,0.015,0.015,1,0.0,10.0,148.0,103987.72,70161.97,1049,620,429,59.1,84.4,1.124,2871.568,1468,48816.29,32883.98,120685.84,147.22,103987.72,-13.84
SOL-USDT-SWAP,fade,12H,0.005,0.015,0.02,1,0.0,10.0,148.0,185143.34,124996.85,1049,660,389,62.92,33.18,1.208,5115.833,1468,113471.79,76570.13,189737.83,67.21,185143.34,-2.42
SOL-USDT-SWAP,fade,12H,0.005,0.015,0.025,1,0.0,10.0,148.0,180817.35,122073.89,1049,675,374,64.35,30.38,1.197,4996.203,1468,114773.91,77449.94,189084.03,64.74,180817.35,-4.37
SOL-USDT-SWAP,fade,12H,0.005,0.015,0.03,1,0.0,10.0,148.0,208722.48,140928.7,1049,686,363,65.4,32.3,1.229,5767.887,1468,117515.11,79302.1,225892.72,92.22,208722.48,-7.6
SOL-USDT-SWAP,fade,12H,0.005,0.02,0.01,1,0.0,10.0,148.0,0.0,-100.0,1049,423,626,40.32,100.0,0.847,-4.093,1468,35.73,-75.86,0.0,-99.99,0.0,-99.79
SOL-USDT-SWAP,fade,12H,0.005,0.02,0.015,1,0.0,10.0,148.0,0.0,-100.0,1049,506,543,48.24,100.0,0.988,-4.093,1468,859.91,481.02,0.01,-100.0,0.0,-99.89
SOL-USDT-SWAP,fade,12H,0.005,0.02,0.02,1,0.0,10.0,148.0,0.0,-100.0,1049,547,502,52.14,100.0,0.999,-4.093,1468,28402.44,19090.84,0.29,-100.0,0.0,-99.95
SOL-USDT-SWAP,fade,12H,0.005,0.02,0.025,1,0.0,10.0,148.0,0.0,-100.0,1049,563,486,53.67,100.0,0.999,-4.093,1468,9795.78,6518.77,0.0,-100.0,0.0,-99.95
SOL-USDT-SWAP,fade,12H,0.005,0.02,0.03,1,0.0,10.0,148.0,0.0,-100.0,1049,577,472,55.0,100.0,1.0,-4.093,1468,30132.68,20259.92,12.83,-99.96,0.0,-99.98
SOL-USDT-SWAP,fade,12H,0.005,0.03,0.01,1,0.0,10.0,148.0,0.0,-100.0,1049,352,697,33.56,100.0,0.631,-4.093,1468,0.72,-99.51,0.0,-100.0,0.0,-99.99
SOL-USDT-SWAP,fade,12H,0.005,0.03,0.015,1,0.0,10.0,148.0,0.0,-100.0,1049,432,617,41.18,100.0,0.856,-4.093,1468,6.76,-95.43,0.0,-100.0,0.0,-100.0
SOL-USDT-SWAP,fade,12H,0.005,0.03,0.02,1,0.0,10.0,148.0,0.0,-100.0,1049,465,584,44.33,100.0,0.909,-4.093,1468,12.39,-91.63,0.0,-100.0,0.0,-100.0
SOL-USDT-SWAP,fade,12H,0.005,0.03,0.025,1,0.0,10.0,148.0,0.0,-100.0,1049,480,569,45.76,100.0,0.861,-4.093,1468,6.08,-95.89,0.0,-100.0,0.0,-100.0
SOL-USDT-SWAP,fade,12H,0.005,0.03,0.03,1,0.0,10.0,148.0,0.0,-100.0,1049,493,556,47.0,100.0,0.828,-4.093,1468,2.39,-98.39,0.0,-100.0,0.0,-100.0
SOL-USDT-SWAP,fade,12H,0.007,0.006,0.01,1,0.0,10.0,148.0,28.2,-80.94,964,721,243,74.79,99.11,0.992,-3.313,1468,2339.45,1480.71,104.21,-95.55,28.2,-72.94
SOL-USDT-SWAP,fade,12H,0.007,0.006,0.015,1,0.0,10.0,148.0,66246.93,44661.44,964,813,151,84.34,77.19,1.272,1827.89,1468,10425.11,6943.99,40130.38,284.94,66246.93,65.08
SOL-USDT-SWAP,fade,12H,0.007,0.006,0.02,1,0.0,10.0,148.0,139014.79,93828.91,964,851,113,88.28,44.3,1.466,3840.201,1468,39409.55,26528.07,102638.24,160.44,139014.79,35.44
SOL-USDT-SWAP,fade,12H,0.007,0.006,0.025,1,0.0,10.0,148.0,203524.3,137416.42,964,879,85,91.18,40.29,1.829,5624.137,1468,43040.58,28981.47,152642.75,254.65,203524.3,33.33
SOL-USDT-SWAP,fade,12H,0.007,0.006,0.03,1,0.0,10.0,148.0,256265.81,173052.57,964,895,69,92.84,32.3,2.266,7082.643,1468,51778.68,34885.6,202646.59,291.37,256265.81,26.46
SOL-USDT-SWAP,fade,12H,0.007,0.008,0.01,1,0.0,10.0,148.0,87281.76,58874.16,964,692,272,71.78,51.81,1.213,2409.584,1468,25724.65,17281.52,60981.25,137.05,87281.76,43.13
SOL-USDT-SWAP,fade,12H,0.007,0.008,0.015,1,0.0,10.0,148.0,237064.15,160078.48,964,782,182,81.12,28.9,1.626,6551.643,1468,58983.69,39753.85,171018.53,189.94,237064.15,38.62
SOL-USDT-SWAP,fade,12H,0.007,0.008,0.02,1,0.0,10.0,148.0,297638.84,201007.33,964,819,145,84.96,23.7,1.814,8226.766,1468,87318.15,58898.75,219546.64,151.43,297638.84,35.57
SOL-USDT-SWAP,fade,12H,0.007,0.008,0.025,1,0.0,10.0,148.0,357442.53,241415.22,964,843,121,87.45,27.0,2.093,9880.569,1468,95473.65,64409.23,268490.33,181.22,357442.53,33.13
SOL-USDT-SWAP,fade,12H,0.007,0.008,0.03,1,0.0,10.0,148.0,416527.7,281337.63,964,859,105,89.11,33.17,2.492,11514.501,1468,100660.89,67914.11,321989.15,219.88,416527.7,29.36
SOL-USDT-SWAP,fade,12H,0.007,0.01,0.01,1,0.0,10.0,148.0,103482.48,69820.59,964,630,334,65.35,50.36,1.216,2857.596,1468,22200.02,14900.02,82780.94,272.89,103482.48,25.01
SOL-USDT-SWAP,fade,12H,0.007,0.01,0.015,1,0.0,10.0,148.0,254612.49,171935.46,964,719,245,74.59,48.22,1.528,7036.922,1468,54371.25,36637.33,194731.33,258.15,254612.49,30.75
SOL-USDT-SWAP,fade,12H,0.007,0.01,0.02,1,0.0,10.0,148.0,305741.96,206482.4,964,753,211,78.11,42.65,1.615,8450.849,1468,96691.44,65232.05,248968.72,157.49,305741.96,22.8
SOL-USDT-SWAP,fade,12H,0.007,0.01,0.025,1,0.0,10.0,148.0,351525.17,237417.01,964,774,190,80.29,54.35,1.747,9716.931,1468,100238.04,67628.4,287235.12,186.55,351525.17,22.38
SOL-USDT-SWAP,fade,12H,0.007,0.01,0.03,1,0.0,10.0,148.0,404447.81,273175.55,964,790,174,81.95,60.98,1.956,11180.445,1468,102264.71,68997.78,336629.57,229.17,404447.81,20.15
SOL-USDT-SWAP,fade,12H,0.007,0.015,0.01,1,0.0,10.0,148.0,8992.75,5976.18,964,509,455,52.8,89.62,1.018,244.591,1468,7700.24,5102.86,46046.33,497.99,8992.75,-80.47
SOL-USDT-SWAP,fade,12H,0.007,0.015,0.015,1,0.0,10.0,148.0,153047.09,103310.19,964,581,383,60.27,82.66,1.199,4228.248,1468,47766.16,32174.43,153580.09,221.52,153047.09,-0.35
SOL-USDT-SWAP,fade,12H,0.007,0.015,0.02,1,0.0,10.0,148.0,195153.02,131760.15,964,616,348,63.9,36.03,1.244,5392.639,1468,91826.82,61945.15,195822.89,113.25,195153.02,-0.34
SOL-USDT-SWAP,fade,12H,0.007,0.015,0.025,1,0.0,10.0,148.0,200783.32,135564.41,964,633,331,65.66,41.44,1.245,5548.339,1468,89878.11,60628.45,210073.93,133.73,200783.32,-4.42
SOL-USDT-SWAP,fade,12H,0.007,0.015,0.03,1,0.0,10.0,148.0,250315.06,169031.8,964,649,315,67.32,37.17,1.314,6918.082,1468,99154.68,66896.4,263440.41,165.69,250315.06,-4.98
SOL-USDT-SWAP,fade,12H,0.007,0.02,0.01,1,0.0,10.0,148.0,0.0,-100.0,964,413,551,42.84,100.0,0.993,-4.093,1468,1472.8,895.13,1.07,-99.93,0.0,-99.73
SOL-USDT-SWAP,fade,12H,0.007,0.02,0.015,1,0.0,10.0,148.0,8.99,-93.93,964,488,476,50.62,99.98,1.0,-3.844,1468,41286.09,27796.01,1048.77,-97.46,8.99,-99.14
SOL-USDT-SWAP,fade,12H,0.007,0.02,0.02,1,0.0,10.0,148.0,593.87,301.27,964,520,444,53.94,99.48,1.001,12.33,1468,79446.4,53580.0,38402.93,-51.66,593.87,-98.45
SOL-USDT-SWAP,fade,12H,0.007,0.02,0.025,1,0.0,10.0,148.0,253.71,71.43,964,537,427,55.71,99.79,1.0,2.923,1468,70564.92,47579.0,44802.72,-36.51,253.71,-99.43
SOL-USDT-SWAP,fade,12H,0.007,0.02,0.03,1,0.0,10.0,148.0,29481.19,19819.72,964,551,413,57.16,79.62,1.029,811.176,1468,75885.26,51173.83,95922.15,26.4,29481.19,-69.27
SOL-USDT-SWAP,fade,12H,0.007,0.03,0.01,1,0.0,10.0,148.0,0.0,-100.0,964,333,631,34.54,100.0,0.867,-4.093,1468,4.43,-97.01,0.0,-100.0,0.0,-99.99
SOL-USDT-SWAP,fade,12H,0.007,0.03,0.015,1,0.0,10.0,148.0,0.0,-100.0,964,395,569,40.98,100.0,0.963,-4.093,1468,19.51,-86.82,0.0,-100.0,0.0,-99.99
SOL-USDT-SWAP,fade,12H,0.007,0.03,0.02,1,0.0,10.0,148.0,0.0,-100.0,964,425,539,44.09,100.0,0.971,-4.093,1468,24.9,-83.17,0.0,-100.0,0.0,-100.0
SOL-USDT-SWAP,fade,12H,0.007,0.03,0.025,1,0.0,10.0,148.0,0.0,-100.0,964,444,520,46.06,100.0,0.946,-4.093,1468,12.55,-91.52,0.0,-100.0,0.0,-100.0
SOL-USDT-SWAP,fade,12H,0.007,0.03,0.03,1,0.0,10.0,148.0,0.0,-100.0,964,455,509,47.2,100.0,0.934,-4.093,1468,20.72,-86.0,0.0,-100.0,0.0,-100.0
SOL-USDT-SWAP,fade,12H,0.01,0.006,0.01,1,0.0,10.0,148.0,34.5,-76.69,848,636,212,75.0,95.96,0.974,-3.139,1468,298.03,101.37,82.35,-72.37,34.5,-58.11
SOL-USDT-SWAP,fade,12H,0.01,0.006,0.015,1,0.0,10.0,148.0,9674.39,6436.75,848,712,136,83.96,95.45,1.181,263.441,1468,1125.22,660.28,4883.93,334.04,9674.39,98.09
SOL-USDT-SWAP,fade,12H,0.01,0.006,0.02,1,0.0,10.0,148.0,101994.94,68815.5,848,755,93,89.03,71.69,1.694,2816.46,1468,3504.38,2267.83,73334.78,1992.66,101994.94,39.08
SOL-USDT-SWAP,fade,12H,0.01,0.006,0.025,1,0.0,10.0,148.0,158829.33,107217.12,848,778,70,91.75,60.43,2.03,4388.149,1468,3493.51,2260.48,116881.43,3245.67,158829.33,35.89
SOL-USDT-SWAP,fade,12H,0.01,0.006,0.03,1,0.0,10.0,148.0,238360.49,160954.38,848,796,52,93.87,46.14,2.548,6587.492,1468,26661.44,17914.48,184194.81,590.87,238360.49,29.41
SOL-USDT-SWAP,fade,12H,0.01,0.008,0.01,1,0.0,10.0,148.0,68394.28,46112.35,848,613,235,72.29,80.74,1.275,1887.272,1468,4123.67,2686.27,47431.88,1050.23,68394.28,44.19
SOL-USDT-SWAP,fade,12H,0.01,0.008,0.015,1,0.0,10.0,148.0,191395.46,129221.25,848,689,159,81.25,56.23,1.59,5288.728,1468,23283.22,15631.9,143797.69,517.6,191395.46,33.1
SOL-USDT-SWAP,fade,12H,0.01,0.008,0.02,1,0.0,10.0,148.0,272544.5,184051.69,848,731,117,86.2,49.84,1.989,7532.811,1468,40728.87,27419.51,214596.74,426.89,272544.5,27.0
SOL-USDT-SWAP,fade,12H,0.01,0.008,0.025,1,0.0,10.0,148.0,324599.49,219223.98,848,753,95,88.8,46.71,2.335,8972.332,1468,42958.27,28925.86,255886.45,495.66,324599.49,26.85
SOL-USDT-SWAP,fade,12H,0.01,0.008,0.03,1,0.0,10.0,148.0,382011.16,258015.65,848,768,80,90.57,42.37,2.79,10559.986,1468,59365.44,40011.79,301380.36,407.67,382011.16,26.75
SOL-USDT-SWAP,fade,12H,0.01,0.01,0.01,1,0.0,10.0,148.0,147893.66,99828.15,848,575,273,67.81,48.84,1.361,4085.736,1468,20912.29,14029.92,106814.38,410.77,147893.66,38.46
SOL-USDT-SWAP,fade,12H,0.01,0.01,0.015,1,0.0,10.0,148.0,259806.41,175444.87,848,647,201,76.3,32.78,1.631,7180.554,1468,54566.78,36769.45,198118.92,263.08,259806.41,31.14
SOL-USDT-SWAP,fade,12H,0.01,0.01,0.02,1,0.0,10.0,148.0,329747.96,222702.67,848,686,162,80.9,40.65,1.865,9114.707,1468,72847.07,49120.99,262526.51,260.38,329747.96,25.61
SOL-USDT-SWAP,fade,12H,0.01,0.01,0.025,1,0.0,10.0,148.0,394373.28,266368.43,848,708,140,83.49,46.71,2.185,10901.846,1468,71493.08,48206.14,313938.73,339.12,394373.28,25.62
SOL-USDT-SWAP,fade,12H,0.01,0.01,0.03,1,0.0,10.0,148.0,450446.98,304256.06,848,722,126,85.14,39.31,2.447,12452.499,1468,93848.72,63311.29,356970.0,280.37,450446.98,26.19
SOL-USDT-SWAP,fade,12H,0.01,0.015,0.01,1,0.0,10.0,148.0,79664.15,53727.13,848,457,391,53.89,81.98,1.147,2198.927,1468,10861.3,7238.72,85520.51,687.39,79664.15,-6.85
SOL-USDT-SWAP,fade,12H,0.01,0.015,0.015,1,0.0,10.0,148.0,217635.33,146950.9,848,534,314,62.97,41.19,1.345,6014.361,1468,73479.61,49548.39,206774.82,181.4,217635.33,5.25
SOL-USDT-SWAP,fade,12H,0.01,0.015,0.02,1,0.0,10.0,148.0,257277.91,173736.43,848,564,284,66.51,60.34,1.404,7110.631,1468,87650.65,59123.41,242933.31,177.16,257277.91,5.9
SOL-USDT-SWAP,fade,12H,0.01,0.015,0.025,1,0.0,10.0,148.0,298870.01,201839.2,848,582,266,68.63,66.96,1.475,8260.813,1468,86461.68,58320.05,287077.29,232.03,298870.01,4.11
SOL-USDT-SWAP,fade,12H,0.01,0.015,0.03,1,0.0,10.0,148.0,348244.84,235200.57,848,596,252,70.28,48.26,1.575,9626.217,1468,106034.05,71544.63,329797.26,211.03,348244.84,5.59
SOL-USDT-SWAP,fade,12H,0.01,0.02,0.01,1,0.0,10.0,148.0,3.81,-97.43,848,378,470,44.58,99.99,0.998,-3.987,1468,3137.92,2020.21,315.56,-89.94,3.81,-98.79
SOL-USDT-SWAP,fade,12H,0.01,0.02,0.015,1,0.0,10.0,148.0,49503.44,33348.27,848,445,403,52.48,58.99,1.061,1364.868,1468,58753.43,39598.26,79375.23,35.1,49503.44,-37.63
SOL-USDT-SWAP,fade,12H,0.01,0.02,0.02,1,0.0,10.0,148.0,62462.52,42104.4,848,474,374,55.9,67.44,1.074,1723.236,1468,60468.77,40757.28,97463.56,61.18,62462.52,-35.91
SOL-USDT-SWAP,fade,12H,0.01,0.02,0.025,1,0.0,10.0,148.0,79336.32,53505.62,848,489,359,57.67,68.01,1.091,2189.862,1468,54860.52,36967.92,127476.95,132.37,79336.32,-37.76
SOL-USDT-SWAP,fade,12H,0.01,0.02,0.03,1,0.0,10.0,148.0,127404.67,85984.23,848,505,343,59.55,63.54,1.15,3519.136,1468,77996.9,52600.61,177582.2,127.68,127404.67,-28.26
SOL-USDT-SWAP,fade,12H,0.01,0.03,0.01,1,0.0,10.0,148.0,0.0,-100.0,848,298,550,35.14,100.0,0.918,-4.093,1468,15.84,-89.3,0.0,-100.0,0.0,-99.98
SOL-USDT-SWAP,fade,12H,0.01,0.03,0.015,1,0.0,10.0,148.0,0.0,-100.0,848,360,488,42.45,100.0,0.962,-4.093,1468,40.59,-72.58,0.0,-100.0,0.0,-99.99
SOL-USDT-SWAP,fade,12H,0.01,0.03,0.02,1,0.0,10.0,148.0,0.0,-100.0,848,387,461,45.64,100.0,0.923,-4.093,1468,19.02,-87.15,0.0,-100.0,0.0,-99.99
SOL-USDT-SWAP,fade,12H,0.01,0.03,0.025,1,0.0,10.0,148.0,0.0,-100.0,848,403,445,47.52,100.0,0.927,-4.093,1468,16.63,-88.76,0.0,-100.0,0.0,-100.0
SOL-USDT-SWAP,fade,12H,0.01,0.03,0.03,1,0.0,10.0,148.0,0.0,-100.0,848,415,433,48.94,100.0,0.956,-4.093,1468,137.87,-6.84,0.0,-100.0,0.0,-100.0
SOL-USDT-SWAP,reversal,1D,0.001,0.006,0.01,1,0.0,10.0,148.0,1.06,-99.28,480,338,142,70.42,99.62,0.833,-4.058,735,154.43,4.34,2.69,-98.26,1.06,-60.4
SOL-USDT-SWAP,reversal,1D,0.001,0.006,0.015,1,0.0,10.0,148.0,34.05,-76.99,480,389,91,81.04,97.73,0.934,-3.147,735,211.93,43.19,51.25,-75.82,34.05,-33.56
SOL-USDT-SWAP,reversal,1D,0.001,0.006,0.02,1,0.0,10.0,148.0,435.58,194.31,480,417,63,86.88,89.86,1.024,7.942,735,1446.55,877.4,1455.99,0.65,435.58,-70.08
SOL-USDT-SWAP,reversal,1D,0.001,0.006,0.025,1,0.0,10.0,148.0,312.81,111.36,480,427,53,88.96,95.23,1.013,4.551,735,2285.04,1443.94,957.95,-58.08,312.81,-67.35
SOL-USDT-SWAP,reversal,1D,0.001,0.006,0.03,1,0.0,10.0,148.0,902.81,510.01,480,436,44,90.83,91.37,1.037,20.845,735,2189.02,1379.07,1983.65,-9.38,902.81,-54.49
SOL-USDT-SWAP,reversal,1D,0.001,0.008,0.01,1,0.0,10.0,148.0,4.55,-96.93,480,311,169,64.79,99.45,0.952,-3.962,735,603.38,307.69,27.98,-95.36,4.55,-83.74
SOL-USDT-SWAP,reversal,1D,0.001,0.008,0.015,1,0.0,10.0,148.0,159.6,7.83,480,364,116,75.83,94.85,1.001,0.32,735,680.02,359.47,563.01,-17.21,159.6,-71.65
SOL-USDT-SWAP,reversal,1D,0.001,0.008,0.02,1,0.0,10.0,148.0,1130.94,664.15,480,393,87,81.88,97.38,1.014,27.145,735,3452.8,2232.97,6711.49,94.38,1130.94,-83.15
SOL-USDT-SWAP,reversal,1D,0.001,0.008,0.025,1,0.0,10.0,148.0,1803.27,1118.43,480,408,72,85.0,96.37,1.023,45.712,735,5019.05,3291.25,10039.18,100.02,1803.27,-82.04
SOL-USDT-SWAP,reversal,1D,0.001,0.008,0.03,1,0.0,10.0,148.0,12765.96,8525.65,480,418,62,87.08,90.9,1.084,348.46,735,6041.24,3981.92,27264.31,351.3,12765.96,-53.18
SOL-USDT-SWAP,reversal,1D,0.001,0.01,0.01,1,0.0,10.0,148.0,3.94,-97.34,480,282,198,58.75,99.18,0.946,-3.978,735,418.74,182.93,31.4,-92.5,3.94,-87.46
SOL-USDT-SWAP,reversal,1D,0.001,0.01,0.015,1,0.0,10.0,148.0,43.56,-70.57,480,332,148,69.17,97.75,0.986,-2.884,735,513.98,247.29,544.78,5.99,43.56,-92.0
SOL-USDT-SWAP,reversal,1D,0.001,0.01,0.02,1,0.0,10.0,148.0,131.44,-11.19,480,361,119,75.21,98.84,1.0,-0.457,735,1904.99,1187.16,2953.44,55.04,131.44,-95.55
SOL-USDT-SWAP,reversal,1D,0.001,0.01,0.025,1,0.0,10.0,148.0,179.15,21.05,480,377,103,78.54,98.27,1.001,0.86,735,1715.6,1059.19,4515.18,163.18,179.15,-96.03
SOL-USDT-SWAP,reversal,1D,0.001,0.01,0.03,1,0.0,10.0,148.0,113.79,-23.12,480,386,94,80.42,98.75,0.998,-0.945,735,736.86,397.88,2224.63,201.91,113.79,-94.89
SOL-USDT-SWAP,reversal,1D,0.001,0.015,0.01,1,0.0,10.0,148.0,0.06,-99.96,480,216,264,45.0,99.98,0.877,-4.086,735,108.39,-26.76,0.26,-99.76,0.06,-76.98
SOL-USDT-SWAP,reversal,1D,0.001,0.015,0.015,1,0.0,10.0,148.0,0.51,-99.66,480,269,211,56.04,99.91,0.916,-4.073,735,185.12,25.08,7.63,-95.88,0.51,-93.32
SOL-USDT-SWAP,reversal,1D,0.001,0.015,0.02,1,0.0,10.0,148.0,1.83,-98.76,480,303,177,63.12,99.67,0.922,-4.037,735,208.84,41.11,34.57,-83.45,1.83,-94.69
SOL-USDT-SWAP,reversal,1D,0.001,0.015,0.025,1,0.0,10.0,148.0,1.05,-99.29,480,319,161,66.46,99.73,0.925,-4.058,735,304.56,105.78,47.17,-84.51,1.05,-97.77
SOL-USDT-SWAP,reversal,1D,0.001,0.015,0.03,1,0.0,10.0,148.0,0.3,-99.8,480,329,151,68.54,99.94,0.889,-4.079,735,99.23,-32.95,22.63,-77.19,0.3,-98.69
SOL-USDT-SWAP,reversal,1D,0.001,0.02,0.01,1,0.0,10.0,148.0,0.0,-100.0,480,169,311,35.21,100.0,0.706,-4.087,735,11.8,-92.03,0.0,-99.97,0.0,-92.93
SOL-USDT-SWAP,reversal,1D,0.001,0.02,0.015,1,0.0,10.0,148.0,0.0,-100.0,480,223,257,46.46,100.0,0.794,-4.087,735,17.73,-88.02,0.04,-99.79,0.0,-94.58
SOL-USDT-SWAP,reversal,1D,0.001,0.02,0.02,1,0.0,10.0,148.0,0.0,-100.0,480,257,223,53.54,100.0,0.712,-4.087,735,10.64,-92.81,0.06,-99.43,0.0,-96.66
SOL-USDT-SWAP,reversal,1D,0.001,0.02,0.025,1,0.0,10.0,148.0,0.0,-100.0,480,273,207,56.88,100.0,0.668,-4.087,735,8.22,-94.45,0.02,-99.71,0.0,-98.86
SOL-USDT-SWAP,reversal,1D,0.001,0.02,0.03,1,0.0,10.0,148.0,0.0,-100.0,480,284,196,59.17,100.0,0.671,-4.087,735,2.93,-98.02,0.01,-99.77,0.0,-99.38
SOL-USDT-SWAP,reversal,1D,0.001,0.03,0.01,1,0.0,10.0,148.0,0.0,-100.0,480,127,353,26.46,100.0,0.512,-4.087,735,4.12,-97.22,0.0,-99.99,0.0,-99.37
SOL-USDT-SWAP,reversal,1D,0.001,0.03,0.015,1,0.0,10.0,148.0,0.0,-100.0,480,168,312,35.0,100.0,0.698,-4.087,735,6.18,-95.83,0.0,-100.0,0.0,-99.94
SOL-USDT-SWAP,reversal,1D,0.001,0.03,0.02,1,0.0,10.0,148.0,0.0,-100.0,480,196,284,40.83,100.0,0.66,-4.087,735,2.38,-98.39,0.0,-100.0,0.0,-99.98
SOL-USDT-SWAP,reversal,1D,0.001,0.03,0.025,1,0.0,10.0,148.0,0.0,-100.0,480,214,266,44.58,100.0,0.639,-4.087,735,1.28,-99.13,0.0,-100.0,0.0,-99.99
SOL-USDT-SWAP,reversal,1D,0.001,0.03,0.03,1,0.0,10.0,148.0,0.0,-100.0,480,227,253,47.29,100.0,0.705,-4.087,735,0.72,-99.51,0.0,-100.0,0.0,-99.99
SOL-USDT-SWAP,reversal,1D,0.002,0.006,0.01,1,0.0,10.0,148.0,16.85,-88.61,476,351,125,73.74,95.6,0.879,-3.622,735,176.36,19.16,16.27,-90.78,16.85,3.6
SOL-USDT-SWAP,reversal,1D,0.002,0.006,0.015,1,0.0,10.0,148.0,2802.93,1793.87,476,406,70,85.29,79.78,1.171,73.319,735,798.49,439.52,2314.83,189.9,2802.93,21.09
SOL-USDT-SWAP,reversal,1D,0.002,0.006,0.02,1,0.0,10.0,148.0,8955.28,5950.86,476,425,51,89.29,84.04,1.182,243.223,735,2495.67,1586.27,8146.64,226.43,8955.28,9.93
SOL-USDT-SWAP,reversal,1D,0.002,0.006,0.025,1,0.0,10.0,148.0,35501.62,23887.58,476,437,39,91.81,84.97,1.426,976.332,735,4516.3,2951.56,17956.0,297.58,35501.62,97.71
SOL-USDT-SWAP,reversal,1D,0.002,0.006,0.03,1,0.0,10.0,148.0,55969.64,37717.33,476,445,31,93.49,68.63,1.613,1541.58,735,4053.85,2639.09,35696.94,780.57,55969.64,56.79
SOL-USDT-SWAP,reversal,1D,0.002,0.008,0.01,1,0.0,10.0,148.0,52.33,-64.64,476,321,155,67.44,97.32,0.976,-2.642,735,736.84,397.87,94.43,-87.18,52.33,-44.58
SOL-USDT-SWAP,reversal,1D,0.002,0.008,0.015,1,0.0,10.0,148.0,17210.28,11528.57,476,379,97,79.62,90.74,1.165,471.195,735,3002.71,1928.86,18538.91,517.41,17210.28,-7.17
SOL-USDT-SWAP,reversal,1D,0.002,0.008,0.02,1,0.0,10.0,148.0,40803.53,27469.95,476,400,76,84.03,91.01,1.253,1122.75,735,8891.73,5907.93,37154.07,317.85,40803.53,9.82
SOL-USDT-SWAP,reversal,1D,0.002,0.008,0.025,1,0.0,10.0,148.0,69053.39,46557.69,476,415,61,87.18,91.52,1.393,1902.903,735,18670.71,12515.34,49433.58,164.77,69053.39,39.69
SOL-USDT-SWAP,reversal,1D,0.002,0.008,0.03,1,0.0,10.0,148.0,83861.13,56562.93,476,423,53,88.87,84.67,1.442,2311.836,735,15747.93,10540.5,64931.32,312.32,83861.13,29.15
SOL-USDT-SWAP,reversal,1D,0.002,0.01,0.01,1,0.0,10.0,148.0,38.07,-74.27,476,290,186,60.92,97.21,0.974,-3.036,735,738.47,398.97,176.92,-76.04,38.07,-78.48
SOL-USDT-SWAP,reversal,1D,0.002,0.01,0.015,1,0.0,10.0,148.0,7001.21,4630.55,476,347,129,72.9,93.78,1.062,189.259,735,2379.57,1507.82,24528.94,930.81,7001.21,-71.46
SOL-USDT-SWAP,reversal,1D,0.002,0.01,0.02,1,0.0,10.0,148.0,8549.37,5676.6,476,369,107,77.52,96.09,1.063,232.014,735,3481.43,2252.32,28353.82,714.43,8549.37,-69.85
SOL-USDT-SWAP,reversal,1D,0.002,0.01,0.025,1,0.0,10.0,148.0,10857.59,7236.21,476,385,91,80.88,96.89,1.085,295.758,735,4275.06,2788.56,25111.97,487.41,10857.59,-56.76
SOL-USDT-SWAP,reversal,1D,0.002,0.01,0.03,1,0.0,10.0,148.0,3472.62,2246.36,476,393,83,82.56,97.01,1.047,91.813,735,1855.18,1153.5,12718.56,585.57,3472.62,-72.7
SOL-USDT-SWAP,reversal,1D,0.002,0.015,0.01,1,0.0,10.0,148.0,0.49,-99.67,476,222,254,46.64,99.92,0.921,-4.074,735,266.65,80.17,3.07,-98.85,0.49,-84.12
SOL-USDT-SWAP,reversal,1D,0.002,0.015,0.015,1,0.0,10.0,148.0,15.27,-89.69,476,277,199,58.19,99.29,0.976,-3.666,735,698.93,372.25,202.19,-71.07,15.27,-92.45
SOL-USDT-SWAP,reversal,1D,0.002,0.015,0.02,1,0.0,10.0,148.0,17.68,-88.05,476,307,169,64.5,99.28,0.976,-3.599,735,895.98,505.39,169.36,-81.1,17.68,-89.56
SOL-USDT-SWAP,reversal,1D,0.002,0.015,0.025,1,0.0,10.0,148.0,10.93,-92.62,476,322,154,67.65,99.68,0.979,-3.785,735,1677.01,1033.11,197.93,-88.2,10.93,-94.48
SOL-USDT-SWAP,reversal,1D,0.002,0.015,0.03,1,0.0,10.0,148.0,1.34,-99.09,476,331,145,69.54,99.88,0.939,-4.05,735,382.65,158.55,47.18,-87.67,1.34,-97.15
SOL-USDT-SWAP,reversal,1D,0.002,0.02,0.01,1,0.0,10.0,148.0,0.0,-100.0,476,176,300,36.97,100.0,0.867,-4.087,735,75.72,-48.84,0.05,-99.93,0.0,-92.07
SOL-USDT-SWAP,reversal,1D,0.002,0.02,0.015,1,0.0,10.0,148.0,0.01,-99.99,476,226,250,47.48,100.0,0.867,-4.087,735,66.63,-54.98,0.3,-99.55,0.01,-95.98
SOL-USDT-SWAP,reversal,1D,0.002,0.02,0.02,1,0.0,10.0,148.0,0.01,-99.99,476,258,218,54.2,100.0,0.804,-4.087,735,43.2,-70.81,0.29,-99.33,0.01,-96.62
SOL-USDT-SWAP,reversal,1D,0.002,0.02,0.025,1,0.0,10.0,148.0,0.01,-100.0,476,277,199,58.19,100.0,0.87,-4.087,735,133.46,-9.82,0.63,-99.53,0.01,-99.16
SOL-USDT-SWAP,reversal,1D,0.002,0.02,0.03,1,0.0,10.0,148.0,0.0,-100.0,476,285,191,59.87,100.0,0.759,-4.087,735,16.48,-88.86,0.03,-99.83,0.0,-99.61
SOL-USDT-SWAP,reversal,1D,0.002,0.03,0.01,1,0.0,10.0,148.0,0.0,-100.0,476,129,347,27.1,100.0,0.443,-4.087,735,2.86,-98.07,0.0,-99.98,0.0,-98.95
SOL-USDT-SWAP,reversal,1D,0.002,0.03,0.015,1,0.0,10.0,148.0,0.0,-100.0,476,167,309,35.08,100.0,0.634,-4.087,735,2.41,-98.37,0.0,-99.99,0.0,-99.9
SOL-USDT-SWAP,reversal,1D,0.002,0.03,0.02,1,0.0,10.0,148.0,0.0,-100.0,476,195,281,40.97,100.0,0.605,-4.087,735,1.07,-99.28,0.0,-100.0,0.0,-99.96
SOL-USDT-SWAP,reversal,1D,0.002,0.03,0.025,1,0.0,10.0,148.0,0.0,-100.0,476,215,261,45.17,100.0,0.723,-4.087,735,3.62,-97.55,0.0,-100.0,0.0,-99.98
SOL-USDT-SWAP,reversal,1D,0.002,0.03,0.03,1,0.0,10.0,148.0,0.0,-100.0,476,225,251,47.27,100.0,0.663,-4.087,735,0.32,-99.79,0.0,-100.0,0.0,-99.99
SOL-USDT-SWAP,reversal,1D,0.003,0.006,0.01,1,0.0,10.0,148.0,10.45,-92.94,465,340,125,73.12,95.7,0.843,-3.798,735,142.78,-3.53,19.65,-86.24,10.45,-46.79
SOL-USDT-SWAP,reversal,1D,0.003,0.006,0.015,1,0.0,10.0,148.0,523.82,253.94,465,389,76,83.66,87.17,1.051,10.379,735,611.36,313.08,1090.52,78.38,523.82,-51.97
SOL-USDT-SWAP,reversal,1D,0.003,0.006,0.02,1,0.0,10.0,148.0,2157.84,1358.0,465,410,55,88.17,84.71,1.102,55.504,735,1346.46,809.77,3375.6,150.7,2157.84,-36.08
SOL-USDT-SWAP,reversal,1D,0.003,0.006,0.025,1,0.0,10.0,148.0,20391.83,13678.27,465,425,40,91.4,85.03,1.346,559.057,735,3034.71,1950.48,12299.56,305.3,20391.83,65.79
SOL-USDT-SWAP,reversal,1D,0.003,0.006,0.03,1,0.0,10.0,148.0,55000.5,37062.5,465,434,31,93.33,73.18,1.641,1514.816,735,2879.8,1845.81,33076.08,1048.55,55000.5,66.28
SOL-USDT-SWAP,reversal,1D,0.003,0.008,0.01,1,0.0,10.0,148.0,107.55,-27.33,465,319,146,68.6,87.71,0.987,-1.117,735,378.3,155.61,218.79,-42.17,107.55,-50.84
SOL-USDT-SWAP,reversal,1D,0.003,0.008,0.015,1,0.0,10.0,148.0,13106.18,8755.53,465,370,95,79.57,89.02,1.122,357.855,735,2129.76,1339.03,21827.24,924.87,13106.18,-39.95
SOL-USDT-SWAP,reversal,1D,0.003,0.008,0.02,1,0.0,10.0,148.0,41785.76,28133.62,465,392,73,84.3,88.54,1.301,1149.875,735,5931.45,3907.74,41962.56,607.46,41785.76,-0.42
SOL-USDT-SWAP,reversal,1D,0.003,0.008,0.025,1,0.0,10.0,148.0,47829.0,32216.89,465,403,62,86.67,90.45,1.383,1316.767,735,7087.21,4688.66,34740.99,390.19,47829.0,37.67
SOL-USDT-SWAP,reversal,1D,0.003,0.008,0.03,1,0.0,10.0,148.0,70404.54,47470.63,465,413,52,88.82,67.93,1.45,1940.217,735,5429.38,3568.5,52261.52,862.57,70404.54,34.72
SOL-USDT-SWAP,reversal,1D,0.003,0.01,0.01,1,0.0,10.0,148.0,367.81,148.52,465,297,168,63.87,89.12,1.022,6.07,735,804.08,443.3,921.48,14.6,367.81,-60.08
SOL-USDT-SWAP,reversal,1D,0.003,0.01,0.015,1,0.0,10.0,148.0,35078.94,23601.99,465,347,118,74.62,91.02,1.208,964.659,735,3618.28,2344.78,40053.27,1006.97,35078.94,-12.42
SOL-USDT-SWAP,reversal,1D,0.003,0.01,0.02,1,0.0,10.0,148.0,60176.7,40559.93,465,372,93,80.0,91.07,1.315,1657.763,735,6529.29,4311.68,60475.58,826.22,60176.7,-0.49
SOL-USDT-SWAP,reversal,1D,0.003,0.01,0.025,1,0.0,10.0,148.0,75563.23,50956.24,465,386,79,83.01,95.37,1.411,2082.68,735,11563.21,7712.98,59642.31,415.79,75563.23,26.69
SOL-USDT-SWAP,reversal,1D,0.003,0.01,0.03,1,0.0,10.0,148.0,106789.72,72055.22,465,397,68,85.38,86.1,1.473,2945.036,735,11341.37,7563.09,87958.79,675.56,106789.72,21.41
SOL-USDT-SWAP,reversal,1D,0.003,0.015,0.01,1,0.0,10.0,148.0,11.35,-92.33,465,231,234,49.68,98.33,0.947,-3.774,735,275.36,86.06,53.75,-80.48,11.35,-78.88
SOL-USDT-SWAP,reversal,1D,0.003,0.015,0.015,1,0.0,10.0,148.0,127.81,-13.64,465,280,185,60.22,97.0,0.999,-0.558,735,1473.09,895.33,2113.9,43.5,127.81,-93.95
SOL-USDT-SWAP,reversal,1D,0.003,0.015,0.02,1,0.0,10.0,148.0,404.57,173.36,465,310,155,66.67,97.52,1.005,7.086,735,3038.08,1952.76,8395.93,176.36,404.57,-95.18
SOL-USDT-SWAP,reversal,1D,0.003,0.015,0.025,1,0.0,10.0,148.0,347.65,134.9,465,326,139,70.11,98.76,1.004,5.514,735,4338.61,2831.49,7383.9,70.19,347.65,-95.29
SOL-USDT-SWAP,reversal,1D,0.003,0.015,0.03,1,0.0,10.0,148.0,77.07,-47.92,465,336,129,72.26,98.99,0.998,-1.959,735,1740.55,1076.04,3799.5,118.29,77.07,-97.97
SOL-USDT-SWAP,reversal,1D,0.003,0.02,0.01,1,0.0,10.0,148.0,0.04,-99.97,465,181,284,38.92,99.99,0.85,-4.086,735,76.64,-48.22,0.18,-99.76,0.04,-76.08
SOL-USDT-SWAP,reversal,1D,0.003,0.02,0.015,1,0.0,10.0,148.0,0.83,-99.44,465,233,232,50.11,99.87,0.919,-4.064,735,324.43,119.21,7.3,-97.75,0.83,-88.62
SOL-USDT-SWAP,reversal,1D,0.003,0.02,0.02,1,0.0,10.0,148.0,1.13,-99.24,465,264,201,56.77,99.84,0.912,-4.056,735,304.4,105.68,21.34,-92.99,1.13,-94.73
SOL-USDT-SWAP,reversal,1D,0.003,0.02,0.025,1,0.0,10.0,148.0,0.25,-99.83,465,280,185,60.22,99.95,0.892,-4.08,735,221.57,49.71,8.96,-95.95,0.25,-97.25
SOL-USDT-SWAP,reversal,1D,0.003,0.02,0.03,1,0.0,10.0,148.0,0.01,-99.99,465,290,175,62.37,100.0,0.776,-4.087,735,37.54,-74.63,0.96,-97.43,0.01,-98.67
SOL-USDT-SWAP,reversal,1D,0.003,0.03,0.01,1,0.0,10.0,148.0,0.0,-100.0,465,129,336,27.74,100.0,0.621,-4.087,735,3.06,-97.93,0.0,-99.96,0.0,-97.95
SOL-USDT-SWAP,reversal,1D,0.003,0.03,0.015,1,0.0,10.0,148.0,0.0,-100.0,465,169,296,36.34,100.0,0.687,-4.087,735,7.89,-94.67,0.0,-99.96,0.0,-99.86
SOL-USDT-SWAP,reversal,1D,0.003,0.03,0.02,1,0.0,10.0,148.0,0.0,-100.0,465,196,269,42.15,100.0,0.641,-4.087,735,2.66,-98.2,0.0,-99.99,0.0,-99.93
SOL-USDT-SWAP,reversal,1D,0.003,0.03,0.025,1,0.0,10.0,148.0,0.0,-100.0,465,215,250,46.24,100.0,0.731,-4.087,735,2.6,-98.24,0.0,-100.0,0.0,-99.93
SOL-USDT-SWAP,reversal,1D,0.003,0.03,0.03,1,0.0,10.0,148.0,0.0,-100.0,465,224,241,48.17,100.0,0.671,-4.087,735,0.27,-99.81,0.0,-100.0,0.0,-99.98
SOL-USDT-SWAP,reversal,1D,0.005,0.006,0.01,1,0.0,10.0,148.0,26.01,-82.43,441,327,114,74.15,96.25,0.875,-3.369,735,171.63,15.97,24.79,-85.56,26.01,4.92
SOL-USDT-SWAP,reversal,1D,0.005,0.006,0.015,1,0.0,10.0,148.0,4083.62,2659.2,441,378,63,85.71,80.14,1.241,108.687,735,1302.28,779.92,2333.06,79.15,4083.62,75.03
SOL-USDT-SWAP,reversal,1D,0.005,0.006,0.02,1,0.0,10.0,148.0,21477.47,14411.81,441,397,44,90.02,74.18,1.355,589.038,735,2762.64,1766.65,11013.58,298.66,21477.47,95.01
SOL-USDT-SWAP,reversal,1D,0.005,0.006,0.025,1,0.0,10.0,148.0,47184.41,31781.36,441,407,34,92.29,65.45,1.553,1298.966,735,3768.03,2445.97,29871.1,692.75,47184.41,57.96
SOL-USDT-SWAP,reversal,1D,0.005,0.006,0.03,1,0.0,10.0,148.0,101852.35,68719.16,441,420,21,95.24,32.3,2.246,2808.685,735,6606.74,4364.01,70439.04,966.17,101852.35,44.6
SOL-USDT-SWAP,reversal,1D,0.005,0.008,0.01,1,0.0,10.0,148.0,1035.84,599.89,441,314,127,71.2,86.47,1.131,24.519,735,552.93,273.6,631.88,14.28,1035.84,63.93
SOL-USDT-SWAP,reversal,1D,0.005,0.008,0.015,1,0.0,10.0,148.0,52088.21,35094.74,441,361,80,81.86,75.15,1.425,1434.39,735,3722.84,2415.44,39439.89,959.4,52088.21,32.07
SOL-USDT-SWAP,reversal,1D,0.005,0.008,0.02,1,0.0,10.0,148.0,79769.66,53798.42,441,381,60,86.39,75.42,1.546,2198.845,735,9147.1,6080.47,64166.34,601.49,79769.66,24.32
SOL-USDT-SWAP,reversal,1D,0.005,0.008,0.025,1,0.0,10.0,148.0,100647.46,67905.04,441,393,48,89.12,73.42,1.7,2775.41,735,8393.6,5571.35,72590.66,764.83,100647.46,38.65
SOL-USDT-SWAP,reversal,1D,0.005,0.008,0.03,1,0.0,10.0,148.0,149864.18,101159.58,441,405,36,91.84,64.3,2.201,4134.588,735,9033.18,6003.5,107012.55,1084.66,149864.18,40.04
SOL-USDT-SWAP,reversal,1D,0.005,0.01,0.01,1,0.0,10.0,148.0,2867.94,1837.79,441,290,151,65.76,89.86,1.134,75.114,735,1181.54,698.34,2170.2,83.68,2867.94,32.15
SOL-USDT-SWAP,reversal,1D,0.005,0.01,0.015,1,0.0,10.0,148.0,68271.39,46029.32,441,337,104,76.42,85.28,1.421,1881.307,735,6374.71,4207.24,59591.24,834.81,68271.39,14.57
SOL-USDT-SWAP,reversal,1D,0.005,0.01,0.02,1,0.0,10.0,148.0,88363.11,59604.81,441,357,84,80.95,82.45,1.43,2436.164,735,14810.04,9906.78,84272.96,469.03,88363.11,4.85
SOL-USDT-SWAP,reversal,1D,0.005,0.01,0.025,1,0.0,10.0,148.0,86641.66,58441.66,441,368,73,83.45,84.34,1.461,2388.624,735,8715.94,5789.15,69436.99,696.67,86641.66,24.78
SOL-USDT-SWAP,reversal,1D,0.005,0.01,0.03,1,0.0,10.0,148.0,124637.72,84114.67,441,379,62,85.94,72.01,1.664,3437.929,735,5651.06,3718.28,102028.22,1705.47,124637.72,22.16
SOL-USDT-SWAP,reversal,1D,0.005,0.015,0.01,1,0.0,10.0,148.0,516.73,249.14,441,233,208,52.83,97.05,1.018,10.183,735,2138.76,1345.11,1730.77,-19.08,516.73,-70.14
SOL-USDT-SWAP,reversal,1D,0.005,0.015,0.015,1,0.0,10.0,148.0,46336.11,31208.18,441,281,160,63.72,96.31,1.184,1275.539,735,13334.26,8909.64,51144.81,283.56,46336.11,-9.4
SOL-USDT-SWAP,reversal,1D,0.005,0.015,0.02,1,0.0,10.0,148.0,55288.89,37257.36,441,304,137,68.93,98.1,1.203,1522.78,735,22726.75,15255.91,70822.58,211.63,55288.89,-21.93
SOL-USDT-SWAP,reversal,1D,0.005,0.015,0.025,1,0.0,10.0,148.0,55102.45,37131.38,441,318,123,72.11,98.18,1.239,1517.632,735,10563.46,7037.47,54384.17,414.83,55102.45,1.32
SOL-USDT-SWAP,reversal,1D,0.005,0.015,0.03,1,0.0,10.0,148.0,77149.68,52028.16,441,331,110,75.06,93.96,1.306,2126.492,735,7271.34,4813.07,69661.58,858.03,77149.68,10.75
SOL-USDT-SWAP,reversal,1D,0.005,0.02,0.01,1,0.0,10.0,148.0,2.63,-98.23,441,184,257,41.72,99.72,0.921,-4.015,735,381.66,157.88,11.07,-97.1,2.63,-76.27
SOL-USDT-SWAP,reversal,1D,0.005,0.02,0.015,1,0.0,10.0,148.0,27.47,-81.44,441,232,209,52.61,97.88,0.975,-3.329,735,671.08,353.43,169.68,-74.71,27.47,-83.81
SOL-USDT-SWAP,reversal,1D,0.005,0.02,0.02,1,0.0,10.0,148.0,20.69,-86.02,441,258,183,58.5,99.48,0.986,-3.516,735,1860.33,1156.98,582.91,-68.67,20.69,-96.45
SOL-USDT-SWAP,reversal,1D,0.005,0.02,0.025,1,0.0,10.0,148.0,5.08,-96.57,441,272,169,61.68,99.58,0.962,-3.947,735,683.85,362.06,109.69,-83.96,5.08,-95.37
SOL-USDT-SWAP,reversal,1D,0.005,0.02,0.03,1,0.0,10.0,148.0,2.44,-98.35,441,284,157,64.4,99.65,0.932,-4.02,735,152.95,3.34,48.99,-67.97,2.44,-95.03
SOL-USDT-SWAP,reversal,1D,0.005,0.03,0.01,1,0.0,10.0,148.0,0.0,-100.0,441,123,318,27.89,100.0,0.681,-4.087,735,10.08,-93.19,0.0,-99.98,0.0,-97.75
SOL-USDT-SWAP,reversal,1D,0.005,0.03,0.015,1,0.0,10.0,148.0,0.0,-100.0,441,167,274,37.87,100.0,0.747,-4.087,735,13.91,-90.6,0.01,-99.96,0.0,-99.46
SOL-USDT-SWAP,reversal,1D,0.005,0.03,0.02,1,0.0,10.0,148.0,0.0,-100.0,441,192,249,43.54,100.0,0.77,-4.087,735,21.57,-85.42,0.0,-99.98,0.0,-99.89
SOL-USDT-SWAP,reversal,1D,0.005,0.03,0.025,1,0.0,10.0,148.0,0.0,-100.0,441,207,234,46.94,100.0,0.773,-4.087,735,10.74,-92.74,0.0,-100.0,0.0,-99.89
SOL-USDT-SWAP,reversal,1D,0.005,0.03,0.03,1,0.0,10.0,148.0,0.0,-100.0,441,220,221,49.89,100.0,0.721,-4.087,735,0.94,-99.36,0.0,-99.99,0.0,-99.94
SOL-USDT-SWAP,reversal,1D,0.007,0.006,0.01,1,0.0,10.0,148.0,40.41,-72.7,421,314,107,74.58,91.94,0.95,-2.971,735,298.8,101.89,74.67,-75.01,40.41,-45.88
SOL-USDT-SWAP,reversal,1D,0.007,0.006,0.015,1,0.0,10.0,148.0,514.99,247.96,421,352,69,83.61,77.32,1.046,10.135,735,786.94,431.72,589.56,-25.08,514.99,-12.65
SOL-USDT-SWAP,reversal,1D,0.007,0.006,0.02,1,0.0,10.0,148.0,1122.16,658.22,421,369,52,87.65,86.12,1.047,26.903,735,2091.3,1313.04,1671.57,-20.07,1122.16,-32.87
SOL-USDT-SWAP,reversal,1D,0.007,0.006,0.025,1,0.0,10.0,148.0,26467.82,17783.66,421,385,36,91.45,51.54,1.279,726.853,735,2001.62,1252.45,22256.99,1011.95,26467.82,18.92
SOL-USDT-SWAP,reversal,1D,0.007,0.006,0.03,1,0.0,10.0,148.0,73968.61,49878.79,421,397,24,94.3,37.18,1.88,2038.643,735,3253.72,2098.46,55339.79,1600.82,73968.61,33.66
SOL-USDT-SWAP,reversal,1D,0.007,0.008,0.01,1,0.0,10.0,148.0,1958.86,1223.55,421,304,117,72.21,73.12,1.121,50.009,735,768.87,419.51,1416.46,84.23,1958.86,38.29
SOL-USDT-SWAP,reversal,1D,0.007,0.008,0.015,1,0.0,10.0,148.0,36072.28,24273.16,421,343,78,81.47,61.73,1.342,992.091,735,1970.51,1231.43,17666.51,796.54,36072.28,104.18
SOL-USDT-SWAP,reversal,1D,0.007,0.008,0.02,1,0.0,10.0,148.0,54582.61,36780.14,421,360,61,85.51,68.37,1.387,1503.276,735,6622.34,4374.55,37165.42,461.21,54582.61,46.86
SOL-USDT-SWAP,reversal,1D,0.007,0.008,0.025,1,0.0,10.0,148.0,90607.64,61121.38,421,374,47,88.84,52.69,1.617,2498.149,735,6649.54,4392.93,71135.45,969.78,90607.64,27.37
SOL-USDT-SWAP,reversal,1D,0.007,0.008,0.03,1,0.0,10.0,148.0,148251.04,100069.62,421,388,33,92.16,32.6,2.211,4090.039,735,16321.67,10928.15,114663.98,602.53,148251.04,29.29
SOL-USDT-SWAP,reversal,1D,0.007,0.01,0.01,1,0.0,10.0,148.0,12070.34,8055.64,421,286,135,67.93,81.85,1.149,329.249,735,1636.9,1006.01,9815.17,499.62,12070.34,22.98
SOL-USDT-SWAP,reversal,1D,0.007,0.01,0.015,1,0.0,10.0,148.0,48938.79,32966.75,421,320,101,76.01,84.88,1.333,1347.415,735,4440.7,2900.47,35631.6,702.39,48938.79,37.35
SOL-USDT-SWAP,reversal,1D,0.007,0.01,0.02,1,0.0,10.0,148.0,58716.47,39573.29,421,338,83,80.29,86.62,1.308,1617.437,735,11565.78,7714.71,42497.12,267.44,58716.47,38.17
SOL-USDT-SWAP,reversal,1D,0.007,0.01,0.025,1,0.0,10.0,148.0,99582.52,67185.49,421,354,67,84.09,69.74,1.472,2746.001,735,9652.0,6421.62,78908.18,717.53,99582.52,26.2
SOL-USDT-SWAP,reversal,1D,0.007,0.01,0.03,1,0.0,10.0,148.0,152916.91,103222.24,421,367,54,87.17,65.3,1.833,4218.893,735,14993.72,10030.89,117931.02,686.54,152916.91,29.67
SOL-USDT-SWAP,reversal,1D,0.007,0.015,0.01,1,0.0,10.0,148.0,75658.92,51020.89,421,250,171,59.38,82.28,1.372,2085.323,735,4723.53,3091.58,66378.61,1305.27,75658.92,13.98
SOL-USDT-SWAP,reversal,1D,0.007,0.015,0.015,1,0.0,10.0,148.0,74143.6,49997.03,421,280,141,66.51,89.77,1.32,2043.475,735,6646.45,4390.85,65028.28,878.39,74143.6,14.02
SOL-USDT-SWAP,reversal,1D,0.007,0.015,0.02,1,0.0,10.0,148.0,84725.76,57147.13,421,302,119,71.73,94.34,1.324,2335.714,735,15395.11,10302.1,66788.28,333.83,84725.76,26.86
SOL-USDT-SWAP,reversal,1D,0.007,0.015,0.025,1,0.0,10.0,148.0,82474.75,55626.18,421,316,105,75.06,89.83,1.327,2273.55,735,5698.49,3750.33,66543.62,1067.74,82474.75,23.94
SOL-USDT-SWAP,reversal,1D,0.007,0.015,0.03,1,0.0,10.0,148.0,129314.62,87274.74,421,328,93,77.91,85.24,1.483,3567.088,735,7630.16,5055.51,108084.02,1316.54,129314.62,19.64
SOL-USDT-SWAP,reversal,1D,0.007,0.02,0.01,1,0.0,10.0,148.0,267.2,80.54,421,197,224,46.79,92.31,1.012,3.292,735,673.58,355.12,849.84,26.17,267.2,-68.56
SOL-USDT-SWAP,reversal,1D,0.007,0.02,0.015,1,0.0,10.0,148.0,941.22,535.96,421,238,183,56.53,92.12,1.028,21.906,735,1237.5,736.15,2825.97,128.36,941.22,-66.69
SOL-USDT-SWAP,reversal,1D,0.007,0.02,0.02,1,0.0,10.0,148.0,314.5,112.5,421,259,162,61.52,96.52,1.006,4.598,735,2944.64,1889.62,1859.08,-36.87,314.5,-83.08
SOL-USDT-SWAP,reversal,1D,0.007,0.02,0.025,1,0.0,10.0,148.0,54.78,-62.98,421,273,148,64.85,98.25,0.991,-2.574,735,660.73,346.44,772.11,16.86,54.78,-92.9
SOL-USDT-SWAP,reversal,1D,0.007,0.02,0.03,1,0.0,10.0,148.0,87.52,-40.87,421,284,137,67.46,98.33,0.996,-1.67,735,570.36,285.38,1216.57,113.3,87.52,-92.81
SOL-USDT-SWAP,reversal,1D,0.007,0.03,0.01,1,0.0,10.0,148.0,0.02,-99.99,421,141,280,33.49,100.0,0.883,-4.087,735,57.27,-61.3,0.37,-99.35,0.02,-95.95
SOL-USDT-SWAP,reversal,1D,0.007,0.03,0.015,1,0.0,10.0,148.0,0.0,-100.0,421,178,243,42.28,100.0,0.852,-4.087,735,22.91,-84.52,0.2,-99.13,0.0,-97.75
SOL-USDT-SWAP,reversal,1D,0.007,0.03,0.02,1,0.0,10.0,148.0,0.0,-100.0,421,203,218,48.22,100.0,0.903,-4.087,735,105.33,-28.83,0.21,-99.8,0.0,-99.17
SOL-USDT-SWAP,reversal,1D,0.007,0.03,0.025,1,0.0,10.0,148.0,0.0,-100.0,421,215,206,51.07,100.0,0.83,-4.087,735,9.26,-93.74,0.01,-99.88,0.0,-99.72
SOL-USDT-SWAP,reversal,1D,0.007,0.03,0.03,1,0.0,10.0,148.0,0.0,-100.0,421,228,193,54.16,100.0,0.837,-4.087,735,8.02,-94.58,0.01,-99.85,0.0,-99.72
SOL-USDT-SWAP,reversal,1D,0.01,0.006,0.01,1,0.0,10.0,148.0,11.23,-92.41,379,274,105,72.3,97.15,0.919,-3.777,735,311.8,110.68,72.09,-76.88,11.23,-84.42
SOL-USDT-SWAP,reversal,1D,0.01,0.006,0.015,1,0.0,10.0,148.0,56.41,-61.89,379,308,71,81.27,93.48,0.967,-2.529,735,397.12,168.32,200.73,-49.45,56.41,-71.9
SOL-USDT-SWAP,reversal,1D,0.01,0.006,0.02,1,0.0,10.0,148.0,136.9,-7.5,379,326,53,86.02,91.2,0.997,-0.306,735,418.1,182.5,568.29,35.92,136.9,-75.91
SOL-USDT-SWAP,reversal,1D,0.01,0.006,0.025,1,0.0,10.0,148.0,3166.58,2039.58,379,344,35,90.77,82.26,1.097,83.362,735,887.75,499.83,5919.98,566.85,3166.58,-46.51
SOL-USDT-SWAP,reversal,1D,0.01,0.006,0.03,1,0.0,10.0,148.0,47786.23,32187.99,379,356,23,93.93,52.16,1.832,1315.586,735,2053.12,1287.24,33053.44,1509.91,47786.23,44.57
SOL-USDT-SWAP,reversal,1D,0.01,0.008,0.01,1,0.0,10.0,148.0,638.34,331.31,379,268,111,70.71,81.59,1.029,13.541,735,1454.61,882.84,1477.15,1.55,638.34,-56.79
SOL-USDT-SWAP,reversal,1D,0.01,0.008,0.015,1,0.0,10.0,148.0,5808.27,3824.51,379,303,76,79.95,71.73,1.084,156.315,735,2071.07,1299.37,7743.02,273.87,5808.27,-24.99
SOL-USDT-SWAP,reversal,1D,0.01,0.008,0.02,1,0.0,10.0,148.0,34701.65,23347.06,379,322,57,84.96,54.44,1.334,954.239,735,2308.71,1459.94,31542.93,1266.26,34701.65,10.01
SOL-USDT-SWAP,reversal,1D,0.01,0.008,0.025,1,0.0,10.0,148.0,92530.78,62420.79,379,340,39,89.71,36.79,1.766,2551.259,735,5290.16,3474.44,76292.88,1342.16,92530.78,21.28
SOL-USDT-SWAP,reversal,1D,0.01,0.008,0.03,1,0.0,10.0,148.0,144818.04,97750.03,379,353,26,93.14,32.3,2.535,3995.233,735,12837.89,8574.25,112556.88,776.76,144818.04,28.66
SOL-USDT-SWAP,reversal,1D,0.01,0.01,0.01,1,0.0,10.0,148.0,4114.93,2680.36,379,253,126,66.75,78.89,1.05,109.551,735,2835.33,1815.76,8783.99,209.8,4114.93,-53.15
SOL-USDT-SWAP,reversal,1D,0.01,0.01,0.015,1,0.0,10.0,148.0,48674.55,32788.21,379,288,91,75.99,48.75,1.305,1340.118,735,4917.24,3222.46,48571.7,887.78,48674.55,0.21
SOL-USDT-SWAP,reversal,1D,0.01,0.01,0.02,1,0.0,10.0,148.0,68690.59,46312.56,379,307,72,81.0,48.75,1.431,1892.884,735,5117.77,3357.95,61927.73,1110.05,68690.59,10.92
SOL-USDT-SWAP,reversal,1D,0.01,0.01,0.025,1,0.0,10.0,148.0,123084.87,83065.45,379,325,54,85.75,42.68,1.774,3395.046,735,7416.41,4911.09,104082.85,1303.41,123084.87,18.26
SOL-USDT-SWAP,reversal,1D,0.01,0.01,0.03,1,0.0,10.0,148.0,172750.34,116623.2,379,338,41,89.18,46.54,2.247,4766.616,735,15082.87,10091.13,136728.67,806.52,172750.34,26.35
SOL-USDT-SWAP,reversal,1D,0.01,0.015,0.01,1,0.0,10.0,148.0,2485.6,1579.46,379,208,171,54.88,70.17,1.048,64.556,735,2008.56,1257.14,5112.53,154.54,2485.6,-51.38
SOL-USDT-SWAP,reversal,1D,0.01,0.015,0.015,1,0.0,10.0,148.0,7188.89,4757.36,379,241,138,63.59,83.26,1.053,194.442,735,2636.54,1681.45,20754.0,687.17,7188.89,-65.36
SOL-USDT-SWAP,reversal,1D,0.01,0.015,0.02,1,0.0,10.0,148.0,6889.8,4555.27,379,261,118,68.87,89.04,1.108,186.183,735,1130.08,663.57,5907.98,422.79,6889.8,16.62
SOL-USDT-SWAP,reversal,1D,0.01,0.015,0.025,1,0.0,10.0,148.0,30358.96,20412.81,379,276,103,72.82,81.86,1.192,834.311,735,900.96,508.76,14701.62,1531.77,30358.96,106.5
SOL-USDT-SWAP,reversal,1D,0.01,0.015,0.03,1,0.0,10.0,148.0,95983.09,64753.44,379,289,90,76.25,81.78,1.584,2646.598,735,1353.29,814.39,57505.29,4149.29,95983.09,66.91
SOL-USDT-SWAP,reversal,1D,0.01,0.02,0.01,1,0.0,10.0,148.0,185.01,25.01,379,174,205,45.91,93.57,1.001,1.022,735,2279.04,1439.89,1940.49,-14.86,185.01,-90.47
SOL-USDT-SWAP,reversal,1D,0.01,0.02,0.015,1,0.0,10.0,148.0,316.79,114.05,379,209,170,55.15,97.49,1.003,4.661,735,4494.61,2936.9,7942.09,76.7,316.79,-96.01
SOL-USDT-SWAP,reversal,1D,0.01,0.02,0.02,1,0.0,10.0,148.0,117.63,-20.52,379,228,151,60.16,96.95,0.999,-0.839,735,1966.18,1228.5,1340.71,-31.81,117.63,-91.23
SOL-USDT-SWAP,reversal,1D,0.01,0.02,0.025,1,0.0,10.0,148.0,102.71,-30.6,379,243,136,64.12,97.26,0.999,-1.251,735,1466.0,890.54,1434.73,-2.13,102.71,-92.84
SOL-USDT-SWAP,reversal,1D,0.01,0.02,0.03,1,0.0,10.0,148.0,352.07,137.89,379,255,124,67.28,97.54,1.003,5.636,735,3367.21,2175.14,7446.5,121.15,352.07,-95.27
SOL-USDT-SWAP,reversal,1D,0.01,0.03,0.01,1,0.0,10.0,148.0,0.08,-99.95,379,127,252,33.51,99.96,0.771,-4.085,735,17.81,-87.97,2.84,-84.08,0.08,-97.35
SOL-USDT-SWAP,reversal,1D,0.01,0.03,0.015,1,0.0,10.0,148.0,0.01,-99.99,379,159,220,41.95,99.99,0.78,-4.087,735,21.72,-85.32,3.67,-83.1,0.01,-99.6
SOL-USDT-SWAP,reversal,1D,0.01,0.03,0.02,1,0.0,10.0,148.0,0.0,-100.0,379,177,202,46.7,100.0,0.734,-4.087,735,9.59,-93.52,0.19,-97.98,0.0,-99.73
SOL-USDT-SWAP,reversal,1D,0.01,0.03,0.025,1,0.0,10.0,148.0,0.0,-100.0,379,193,186,50.92,100.0,0.665,-4.087,735,1.41,-99.04,0.08,-94.41,0.0,-99.75
SOL-USDT-SWAP,reversal,1D,0.01,0.03,0.03,1,0.0,10.0,148.0,0.0,-100.0,379,207,172,54.62,100.0,0.77,-4.087,735,15.61,-89.45,1.44,-90.78,0.0,-99.87
SOL-USDT-SWAP,breakout,1D,0.001,0.006,0.01,1,0.0,10.0,148.0,0.0,-100.0,480,157,323,32.71,100.0,0.087,-4.087,735,0.01,-100.0,0.0,-100.0,0.0,-99.89
SOL-USDT-SWAP,breakout,1D,0.001,0.006,0.015,1,0.0,10.0,148.0,0.0,-100.0,480,263,217,54.79,100.0,0.212,-4.087,735,0.05,-99.97,0.0,-100.0,0.0,-99.84
SOL-USDT-SWAP,breakout,1D,0.001,0.006,0.02,1,0.0,10.0,148.0,0.0,-100.0,480,322,158,67.08,100.0,0.468,-4.087,735,0.8,-99.46,0.0,-100.0,0.0,-99.75
SOL-USDT-SWAP,breakout,1D,0.001,0.006,0.025,1,0.0,10.0,148.0,0.0,-100.0,480,365,115,76.04,100.0,0.555,-4.087,735,1.04,-99.3,0.0,-100.0,0.0,-98.86
SOL-USDT-SWAP,breakout,1D,0.001,0.006,0.03,1,0.0,10.0,148.0,0.0,-100.0,480,387,93,80.62,100.0,0.604,-4.087,735,1.67,-98.87,0.0,-99.98,0.0,-92.78
SOL-USDT-SWAP,breakout,1D,0.001,0.008,0.01,1,0.0,10.0,148.0,0.0,-100.0,480,138,342,28.75,100.0,0.097,-4.087,735,0.0,-100.0,0.0,-100.0,0.0,-99.89
SOL-USDT-SWAP,breakout,1D,0.001,0.008,0.015,1,0.0,10.0,148.0,0.0,-100.0,480,236,244,49.17,100.0,0.255,-4.087,735,0.01,-99.99,0.0,-100.0,0.0,-99.9
SOL-USDT-SWAP,breakout,1D,0.001,0.008,0.02,1,0.0,10.0,148.0,0.0,-100.0,480,298,182,62.08,100.0,0.517,-4.087,735,0.19,-99.87,0.0,-100.0,0.0,-99.87
SOL-USDT-SWAP,breakout,1D,0.001,0.008,0.025,1,0.0,10.0,148.0,0.0,-100.0,480,339,141,70.62,100.0,0.601,-4.087,735,0.16,-99.89,0.0,-99.99,0.0,-99.32
SOL-USDT-SWAP,breakout,1D,0.001,0.008,0.03,1,0.0,10.0,148.0,0.0,-100.0,480,362,118,75.42,100.0,0.669,-4.087,735,0.23,-99.85,0.0,-99.98,0.0,-94.35
SOL-USDT-SWAP,breakout,1D,0.001,0.01,0.01,1,0.0,10.0,148.0,0.0,-100.0,480,120,360,25.0,100.0,0.074,-4.087,735,0.0,-100.0,0.0,-100.0,0.0,-99.95
SOL-USDT-SWAP,breakout,1D,0.001,0.01,0.015,1,0.0,10.0,148.0,0.0,-100.0,480,211,269,43.96,100.0,0.26,-4.087,735,0.01,-99.99,0.0,-100.0,0.0,-99.98
SOL-USDT-SWAP,breakout,1D,0.001,0.01,0.02,1,0.0,10.0,148.0,0.0,-100.0,480,274,206,57.08,100.0,0.544,-4.087,735,0.16,-99.89,0.0,-100.0,0.0,-99.96
SOL-USDT-SWAP,breakout,1D,0.001,0.01,0.025,1,0.0,10.0,148.0,0.0,-100.0,480,313,167,65.21,100.0,0.634,-4.087,735,0.21,-99.86,0.0,-100.0,0.0,-99.86
SOL-USDT-SWAP,breakout,1D,0.001,0.01,0.03,1,0.0,10.0,148.0,0.0,-100.0,480,338,142,70.42,100.0,0.707,-4.087,735,0.28,-99.81,0.0,-99.99,0.0,-98.63
SOL-USDT-SWAP,breakout,1D,0.001,0.015,0.01,1,0.0,10.0,148.0,0.0,-100.0,480,95,385,19.79,100.0,0.029,-4.087,735,0.0,-100.0,0.0,-100.0,0.0,-99.93
SOL-USDT-SWAP,breakout,1D,0.001,0.015,0.015,1,0.0,10.0,148.0,0.0,-100.0,480,169,311,35.21,100.0,0.271,-4.087,735,0.0,-100.0,0.0,-100.0,0.0,-99.97
SOL-USDT-SWAP,breakout,1D,0.001,0.015,0.02,1,0.0,10.0,148.0,0.0,-100.0,480,225,255,46.88,100.0,0.509,-4.087,735,0.02,-99.98,0.0,-100.0,0.0,-99.96
SOL-USDT-SWAP,breakout,1D,0.001,0.015,0.025,1,0.0,10.0,148.0,0.0,-100.0,480,267,213,55.62,100.0,0.477,-4.087,735,0.02,-99.99,0.0,-100.0,0.0,-99.71
SOL-USDT-SWAP,breakout,1D,0.001,0.015,0.03,1,0.0,10.0,148.0,0.0,-100.0,480,290,190,60.42,100.0,0.492,-4.087,735,0.01,-99.99,0.0,-100.0,0.0,-96.61
SOL-USDT-SWAP,breakout,1D,0.001,0.02,0.01,1,0.0,10.0,148.0,0.0,-100.0,480,84,396,17.5,100.0,0.045,-4.087,735,0.0,-100.0,0.0,-100.0,0.0,-99.92
SOL-USDT-SWAP,breakout,1D,0.001,0.02,0.015,1,0.0,10.0,148.0,0.0,-100.0,480,145,335,30.21,100.0,0.38,-4.087,735,0.0,-100.0,0.0,-100.0,0.0,-99.97
SOL-USDT-SWAP,breakout,1D,0.001,0.02,0.02,1,0.0,10.0,148.0,0.0,-100.0,480,194,286,40.42,100.0,0.63,-4.087,735,0.02,-99.99,0.0,-100.0,0.0,-99.97
SOL-USDT-SWAP,breakout,1D,0.001,0.02,0.025,1,0.0,10.0,148.0,0.0,-100.0,480,232,248,48.33,100.0,0.594,-4.087,735,0.01,-99.99,0.0,-100.0,0.0,-99.62
SOL-USDT-SWAP,breakout,1D,0.001,0.02,0.03,1,0.0,10.0,148.0,0.0,-100.0,480,259,221,53.96,100.0,0.624,-4.087,735,0.02,-99.99,0.0,-100.0,0.0,-96.14
SOL-USDT-SWAP,breakout,1D,0.001,0.03,0.01,1,0.0,10.0,148.0,0.0,-100.0,480,69,411,14.37,100.0,0.078,-4.087,735,0.01,-100.0,0.0,-100.0,0.0,-99.94
SOL-USDT-SWAP,breakout,1D,0.001,0.03,0.015,1,0.0,10.0,148.0,0.0,-100.0,480,122,358,25.42,100.0,0.338,-4.087,735,0.0,-100.0,0.0,-100.0,0.0,-99.95
SOL-USDT-SWAP,breakout,1D,0.001,0.03,0.02,1,0.0,10.0,148.0,0.0,-100.0,480,166,314,34.58,100.0,0.626,-4.087,735,0.02,-99.99,0.0,-100.0,0.0,-99.94
SOL-USDT-SWAP,breakout,1D,0.001,0.03,0.025,1,0.0,10.0,148.0,0.0,-100.0,480,201,279,41.88,100.0,0.581,-4.087,735,0.01,-100.0,0.0,-100.0,0.0,-99.42
SOL-USDT-SWAP,breakout,1D,0.001,0.03,0.03,1,0.0,10.0,148.0,0.0,-100.0,480,223,257,46.46,100.0,0.61,-4.087,735,0.0,-100.0,0.0,-100.0,0.0,-98.48
SOL-USDT-SWAP,breakout,1D,0.002,0.006,0.01,1,0.0,10.0,148.0,0.0,-100.0,476,139,337,29.2,100.0,0.067,-4.087,735,0.0,-100.0,0.0,-100.0,0.0,-99.97
SOL-USDT-SWAP,breakout,1D,0.002,0.006,0.015,1,0.0,10.0,148.0,0.0,-100.0,476,246,230,51.68,100.0,0.146,-4.087,735,0.01,-100.0,0.0,-100.0,0.0,-99.92
SOL-USDT-SWAP,breakout,1D,0.002,0.006,0.02,1,0.0,10.0,148.0,0.0,-100.0,476,314,162,65.97,100.0,0.32,-4.087,735,0.14,-99.91,0.0,-100.0,0.0,-99.84
SOL-USDT-SWAP,breakout,1D,0.002,0.006,0.025,1,0.0,10.0,148.0,0.0,-100.0,476,358,118,75.21,100.0,0.562,-4.087,735,1.41,-99.05,0.0,-100.0,0.0,-99.39
SOL-USDT-SWAP,breakout,1D,0.002,0.006,0.03,1,0.0,10.0,148.0,0.0,-100.0,476,381,95,80.04,100.0,0.627,-4.087,735,2.39,-98.39,0.0,-99.99,0.0,-97.17
SOL-USDT-SWAP,breakout,1D,0.002,0.008,0.01,1,0.0,10.0,148.0,0.0,-100.0,476,116,360,24.37,100.0,0.089,-4.087,735,0.0,-100.0,0.0,-100.0,0.0,-99.97
SOL-USDT-SWAP,breakout,1D,0.002,0.008,0.015,1,0.0,10.0,148.0,0.0,-100.0,476,217,259,45.59,100.0,0.208,-4.087,735,0.0,-100.0,0.0,-100.0,0.0,-99.96
SOL-USDT-SWAP,breakout,1D,0.002,0.008,0.02,1,0.0,10.0,148.0,0.0,-100.0,476,286,190,60.08,100.0,0.392,-4.087,735,0.05,-99.97,0.0,-100.0,0.0,-99.95
SOL-USDT-SWAP,breakout,1D,0.002,0.008,0.025,1,0.0,10.0,148.0,0.0,-100.0,476,328,148,68.91,100.0,0.569,-4.087,735,0.28,-99.81,0.0,-100.0,0.0,-99.88
SOL-USDT-SWAP,breakout,1D,0.002,0.008,0.03,1,0.0,10.0,148.0,0.0,-100.0,476,353,123,74.16,100.0,0.663,-4.087,735,0.46,-99.69,0.0,-99.99,0.0,-99.35
SOL-USDT-SWAP,breakout,1D,0.002,0.01,0.01,1,0.0,10.0,148.0,0.0,-100.0,476,105,371,22.06,100.0,0.071,-4.087,735,0.0,-100.0,0.0,-100.0,0.0,-99.98
SOL-USDT-SWAP,breakout,1D,0.002,0.01,0.015,1,0.0,10.0,148.0,0.0,-100.0,476,199,277,41.81,100.0,0.208,-4.087,735,0.0,-100.0,0.0,-100.0,0.0,-99.96
SOL-USDT-SWAP,breakout,1D,0.002,0.01,0.02,1,0.0,10.0,148.0,0.0,-100.0,476,263,213,55.25,100.0,0.406,-4.087,735,0.02,-99.99,0.0,-100.0,0.0,-99.94
SOL-USDT-SWAP,breakout,1D,0.002,0.01,0.025,1,0.0,10.0,148.0,0.0,-100.0,476,304,172,63.87,100.0,0.673,-4.087,735,0.32,-99.79,0.0,-100.0,0.0,-99.87
SOL-USDT-SWAP,breakout,1D,0.002,0.01,0.03,1,0.0,10.0,148.0,0.0,-100.0,476,330,146,69.33,100.0,0.757,-4.087,735,0.46,-99.69,0.0,-100.0,0.0,-99.13
SOL-USDT-SWAP,breakout,1D,0.002,0.015,0.01,1,0.0,10.0,148.0,0.0,-100.0,476,78,398,16.39,100.0,0.026,-4.087,735,0.0,-100.0,0.0,-100.0,0.0,-99.98
SOL-USDT-SWAP,breakout,1D,0.002,0.015,0.015,1,0.0,10.0,148.0,0.0,-100.0,476,152,324,31.93,100.0,0.171,-4.087,735,0.0,-100.0,0.0,-100.0,0.0,-99.97
SOL-USDT-SWAP,breakout,1D,0.002,0.015,0.02,1,0.0,10.0,148.0,0.0,-100.0,476,211,265,44.33,100.0,0.423,-4.087,735,0.0,-100.0,0.0,-100.0,0.0,-99.94
SOL-USDT-SWAP,breakout,1D,0.002,0.015,0.025,1,0.0,10.0,148.0,0.0,-100.0,476,250,226,52.52,100.0,0.464,-4.087,735,0.03,-99.98,0.0,-100.0,0.0,-99.79
SOL-USDT-SWAP,breakout,1D,0.002,0.015,0.03,1,0.0,10.0,148.0,0.0,-100.0,476,280,196,58.82,100.0,0.569,-4.087,735,0.05,-99.97,0.0,-100.0,0.0,-97.66
SOL-USDT-SWAP,breakout,1D,0.002,0.02,0.01,1,0.0,10.0,148.0,0.0,-100.0,476,70,406,14.71,100.0,0.039,-4.087,735,0.0,-100.0,0.0,-100.0,0.0,-99.97
SOL-USDT-SWAP,breakout,1D,0.002,0.02,0.015,1,0.0,10.0,148.0,0.0,-100.0,476,131,345,27.52,100.0,0.244,-4.087,735,0.0,-100.0,0.0,-100.0,0.0,-99.98
SOL-USDT-SWAP,breakout,1D,0.002,0.02,0.02,1,0.0,10.0,148.0,0.0,-100.0,476,183,293,38.45,100.0,0.559,-4.087,735,0.0,-100.0,0.0,-100.0,0.0,-99.94
SOL-USDT-SWAP,breakout,1D,0.002,0.02,0.025,1,0.0,10.0,148.0,0.0,-100.0,476,220,256,46.22,100.0,0.603,-4.087,735,0.03,-99.98,0.0,-100.0,0.0,-99.76
SOL-USDT-SWAP,breakout,1D,0.002,0.02,0.03,1,0.0,10.0,148.0,0.0,-100.0,476,248,228,52.1,100.0,0.704,-4.087,735,0.04,-99.97,0.0,-100.0,0.0,-97.33
SOL-USDT-SWAP,breakout,1D,0.002,0.03,0.01,1,0.0,10.0,148.0,0.0,-100.0,476,58,418,12.18,100.0,0.065,-4.087,735,0.0,-100.0,0.0,-100.0,0.0,-99.98
SOL-USDT-SWAP,breakout,1D,0.002,0.03,0.015,1,0.0,10.0,148.0,0.0,-100.0,476,110,366,23.11,100.0,0.304,-4.087,735,0.0,-100.0,0.0,-100.0,0.0,-99.97
SOL-USDT-SWAP,breakout,1D,0.002,0.03,0.02,1,0.0,10.0,148.0,0.0,-100.0,476,155,321,32.56,100.0,0.531,-4.087,735,0.0,-100.0,0.0,-100.0,0.0,-99.9
SOL-USDT-SWAP,breakout,1D,0.002,0.03,0.025,1,0.0,10.0,148.0,0.0,-100.0,476,185,291,38.87,100.0,0.596,-4.087,735,0.01,-99.99,0.0,-100.0,0.0,-99.82
SOL-USDT-SWAP,breakout,1D,0.002,0.03,0.03,1,0.0,10.0,148.0,0.0,-100.0,476,212,264,44.54,100.0,0.703,-4.087,735,0.01,-99.99,0.0,-100.0,0.0,-99.07
SOL-USDT-SWAP,breakout,1D,0.003,0.006,0.01,1,0.0,10.0,148.0,0.0,-100.0,465,122,343,26.24,100.0,0.025,-4.087,735,0.0,-100.0,0.0,-100.0,0.0,-99.95
SOL-USDT-SWAP,breakout,1D,0.003,0.006,0.015,1,0.0,10.0,148.0,0.0,-100.0,465,228,237,49.03,100.0,0.129,-4.087,735,0.0,-100.0,0.0,-100.0,0.0,-99.85
SOL-USDT-SWAP,breakout,1D,0.003,0.006,0.02,1,0.0,10.0,148.0,0.0,-100.0,465,291,174,62.58,100.0,0.301,-4.087,735,0.01,-99.99,0.0,-100.0,0.0,-99.89
SOL-USDT-SWAP,breakout,1D,0.003,0.006,0.025,1,0.0,10.0,148.0,0.0,-100.0,465,336,129,72.26,100.0,0.506,-4.087,735,0.29,-99.8,0.0,-100.0,0.0,-99.87
SOL-USDT-SWAP,breakout,1D,0.003,0.006,0.03,1,0.0,10.0,148.0,0.0,-100.0,465,363,102,78.06,100.0,0.576,-4.087,735,0.33,-99.78,0.0,-99.99,0.0,-98.93
SOL-USDT-SWAP,breakout,1D,0.003,0.008,0.01,1,0.0,10.0,148.0,0.0,-100.0,465,104,361,22.37,100.0,0.036,-4.087,735,0.0,-100.0,0.0,-100.0,0.0,-99.98
SOL-USDT-SWAP,breakout,1D,0.003,0.008,0.015,1,0.0,10.0,148.0,0.0,-100.0,465,199,266,42.8,100.0,0.143,-4.087,735,0.0,-100.0,0.0,-100.0,0.0,-99.97
SOL-USDT-SWAP,breakout,1D,0.003,0.008,0.02,1,0.0,10.0,148.0,0.0,-100.0,465,265,200,56.99,100.0,0.349,-4.087,735,0.01,-99.99,0.0,-100.0,0.0,-99.97
SOL-USDT-SWAP,breakout,1D,0.003,0.008,0.025,1,0.0,10.0,148.0,0.0,-100.0,465,307,158,66.02,100.0,0.548,-4.087,735,0.22,-99.85,0.0,-100.0,0.0,-99.97
SOL-USDT-SWAP,breakout,1D,0.003,0.008,0.03,1,0.0,10.0,148.0,0.0,-100.0,465,337,128,72.47,100.0,0.651,-4.087,735,0.46,-99.69,0.0,-100.0,0.0,-99.72
SOL-USDT-SWAP,breakout,1D,0.003,0.01,0.01,1,0.0,10.0,148.0,0.0,-100.0,465,93,372,20.0,100.0,0.049,-4.087,735,0.0,-100.0,0.0,-100.0,0.0,-99.98
SOL-USDT-SWAP,breakout,1D,0.003,0.01,0.015,1,0.0,10.0,148.0,0.0,-100.0,465,178,287,38.28,100.0,0.15,-4.087,735,0.0,-100.0,0.0,-100.0,0.0,-99.97
SOL-USDT-SWAP,breakout,1D,0.003,0.01,0.02,1,0.0,10.0,148.0,0.0,-100.0,465,238,227,51.18,100.0,0.368,-4.087,735,0.0,-100.0,0.0,-100.0,0.0,-99.98
SOL-USDT-SWAP,breakout,1D,0.003,0.01,0.025,1,0.0,10.0,148.0,0.0,-100.0,465,280,185,60.22,100.0,0.409,-4.087,735,0.08,-99.95,0.0,-100.0,0.0,-99.98
SOL-USDT-SWAP,breakout,1D,0.003,0.01,0.03,1,0.0,10.0,148.0,0.0,-100.0,465,313,152,67.31,100.0,0.484,-4.087,735,0.19,-99.87,0.0,-100.0,0.0,-99.7
SOL-USDT-SWAP,breakout,1D,0.003,0.015,0.01,1,0.0,10.0,148.0,0.0,-100.0,465,73,392,15.7,100.0,0.075,-4.087,735,0.0,-100.0,0.0,-100.0,0.0,-99.97
SOL-USDT-SWAP,breakout,1D,0.003,0.015,0.015,1,0.0,10.0,148.0,0.0,-100.0,465,142,323,30.54,100.0,0.151,-4.087,735,0.0,-100.0,0.0,-100.0,0.0,-99.93
SOL-USDT-SWAP,breakout,1D,0.003,0.015,0.02,1,0.0,10.0,148.0,0.0,-100.0,465,191,274,41.08,100.0,0.438,-4.087,735,0.0,-100.0,0.0,-100.0,0.0,-99.97
SOL-USDT-SWAP,breakout,1D,0.003,0.015,0.025,1,0.0,10.0,148.0,0.0,-100.0,465,229,236,49.25,100.0,0.425,-4.087,735,0.01,-100.0,0.0,-100.0,0.0,-99.92
SOL-USDT-SWAP,breakout,1D,0.003,0.015,0.03,1,0.0,10.0,148.0,0.0,-100.0,465,262,203,56.34,100.0,0.512,-4.087,735,0.02,-99.99,0.0,-100.0,0.0,-98.73
SOL-USDT-SWAP,breakout,1D,0.003,0.02,0.01,1,0.0,10.0,148.0,0.0,-100.0,465,63,402,13.55,100.0,0.105,-4.087,735,0.0,-100.0,0.0,-100.0,0.0,-99.98
SOL-USDT-SWAP,breakout,1D,0.003,0.02,0.015,1,0.0,10.0,148.0,0.0,-100.0,465,121,344,26.02,100.0,0.169,-4.087,735,0.0,-100.0,0.0,-100.0,0.0,-99.94
SOL-USDT-SWAP,breakout,1D,0.003,0.02,0.02,1,0.0,10.0,148.0,0.0,-100.0,465,166,299,35.7,100.0,0.535,-4.087,735,0.0,-100.0,0.0,-100.0,0.0,-99.95
SOL-USDT-SWAP,breakout,1D,0.003,0.02,0.025,1,0.0,10.0,148.0,0.0,-100.0,465,201,264,43.23,100.0,0.53,-4.087,735,0.01,-100.0,0.0,-100.0,0.0,-99.9
SOL-USDT-SWAP,breakout,1D,0.003,0.02,0.03,1,0.0,10.0,148.0,0.0,-100.0,465,232,233,49.89,100.0,0.645,-4.087,735,0.02,-99.98,0.0,-100.0,0.0,-98.37
SOL-USDT-SWAP,breakout,1D,0.003,0.03,0.01,1,0.0,10.0,148.0,0.0,-100.0,465,50,415,10.75,100.0,0.032,-4.087,735,0.0,-100.0,0.0,-100.0,0.0,-99.99
SOL-USDT-SWAP,breakout,1D,0.003,0.03,0.015,1,0.0,10.0,148.0,0.0,-100.0,465,100,365,21.51,100.0,0.131,-4.087,735,0.0,-100.0,0.0,-100.0,0.0,-99.92
SOL-USDT-SWAP,breakout,1D,0.003,0.03,0.02,1,0.0,10.0,148.0,0.0,-100.0,465,143,322,30.75,100.0,0.544,-4.087,735,0.0,-100.0,0.0,-100.0,0.0,-99.93
SOL-USDT-SWAP,breakout,1D,0.003,0.03,0.025,1,0.0,10.0,148.0,0.0,-100.0,465,171,294,36.77,100.0,0.543,-4.087,735,0.0,-100.0,0.0,-100.0,0.0,-99.89
SOL-USDT-SWAP,breakout,1D,0.003,0.03,0.03,1,0.0,10.0,148.0,0.0,-100.0,465,201,264,43.23,100.0,0.702,-4.087,735,0.02,-99.99,0.0,-100.0,0.0,-99.23
SOL-USDT-SWAP,breakout,1D,0.005,0.006,0.01,1,0.0,10.0,148.0,0.0,-100.0,441,96,345,21.77,100.0,0.028,-4.087,735,0.0,-100.0,0.0,-100.0,0.0,-99.99
SOL-USDT-SWAP,breakout,1D,0.005,0.006,0.015,1,0.0,10.0,148.0,0.0,-100.0,441,179,262,40.59,100.0,0.039,-4.087,735,0.0,-100.0,0.0,-100.0,0.0,-99.97
SOL-USDT-SWAP,breakout,1D,0.005,0.006,0.02,1,0.0,10.0,148.0,0.0,-100.0,441,253,188,57.37,100.0,0.178,-4.087,735,0.0,-100.0,0.0,-100.0,0.0,-99.98
SOL-USDT-SWAP,breakout,1D,0.005,0.006,0.025,1,0.0,10.0,148.0,0.0,-100.0,441,302,139,68.48,100.0,0.422,-4.087,735,0.07,-99.95,0.0,-100.0,0.0,-99.96
SOL-USDT-SWAP,breakout,1D,0.005,0.006,0.03,1,0.0,10.0,148.0,0.0,-100.0,441,335,106,75.96,100.0,0.424,-4.087,735,0.11,-99.93,0.0,-99.99,0.0,-99.69
SOL-USDT-SWAP,breakout,1D,0.005,0.008,0.01,1,0.0,10.0,148.0,0.0,-100.0,441,83,358,18.82,100.0,0.042,-4.087,735,0.0,-100.0,0.0,-100.0,0.0,-99.99
SOL-USDT-SWAP,breakout,1D,0.005,0.008,0.015,1,0.0,10.0,148.0,0.0,-100.0,441,159,282,36.05,100.0,0.06,-4.087,735,0.0,-100.0,0.0,-100.0,0.0,-99.98
SOL-USDT-SWAP,breakout,1D,0.005,0.008,0.02,1,0.0,10.0,148.0,0.0,-100.0,441,229,212,51.93,100.0,0.214,-4.087,735,0.0,-100.0,0.0,-100.0,0.0,-99.98
SOL-USDT-SWAP,breakout,1D,0.005,0.008,0.025,1,0.0,10.0,148.0,0.0,-100.0,441,275,166,62.36,100.0,0.333,-4.087,735,0.03,-99.98,0.0,-100.0,0.0,-99.97
SOL-USDT-SWAP,breakout,1D,0.005,0.008,0.03,1,0.0,10.0,148.0,0.0,-100.0,441,310,131,70.29,100.0,0.316,-4.087,735,0.05,-99.97,0.0,-100.0,0.0,-99.65
SOL-USDT-SWAP,breakout,1D,0.005,0.01,0.01,1,0.0,10.0,148.0,0.0,-100.0,441,73,368,16.55,100.0,0.058,-4.087,735,0.0,-100.0,0.0,-100.0,0.0,-99.99
SOL-USDT-SWAP,breakout,1D,0.005,0.01,0.015,1,0.0,10.0,148.0,0.0,-100.0,441,144,297,32.65,100.0,0.079,-4.087,735,0.0,-100.0,0.0,-100.0,0.0,-99.97
SOL-USDT-SWAP,breakout,1D,0.005,0.01,0.02,1,0.0,10.0,148.0,0.0,-100.0,441,209,232,47.39,100.0,0.283,-4.087,735,0.0,-100.0,0.0,-100.0,0.0,-99.98
SOL-USDT-SWAP,breakout,1D,0.005,0.01,0.025,1,0.0,10.0,148.0,0.0,-100.0,441,255,186,57.82,100.0,0.436,-4.087,735,0.01,-99.99,0.0,-100.0,0.0,-99.96
SOL-USDT-SWAP,breakout,1D,0.005,0.01,0.03,1,0.0,10.0,148.0,0.0,-100.0,441,292,149,66.21,100.0,0.431,-4.087,735,0.03,-99.98,0.0,-100.0,0.0,-99.43
SOL-USDT-SWAP,breakout,1D,0.005,0.015,0.01,1,0.0,10.0,148.0,0.0,-100.0,441,61,380,13.83,100.0,0.095,-4.087,735,0.0,-100.0,0.0,-100.0,0.0,-99.99
SOL-USDT-SWAP,breakout,1D,0.005,0.015,0.015,1,0.0,10.0,148.0,0.0,-100.0,441,118,323,26.76,100.0,0.05,-4.087,735,0.0,-100.0,0.0,-100.0,0.0,-99.98
SOL-USDT-SWAP,breakout,1D,0.005,0.015,0.02,1,0.0,10.0,148.0,0.0,-100.0,441,172,269,39.0,100.0,0.338,-4.087,735,0.0,-100.0,0.0,-100.0,0.0,-99.99
SOL-USDT-SWAP,breakout,1D,0.005,0.015,0.025,1,0.0,10.0,148.0,0.0,-100.0,441,213,228,48.3,100.0,0.459,-4.087,735,0.0,-100.0,0.0,-100.0,0.0,-99.95
SOL-USDT-SWAP,breakout,1D,0.005,0.015,0.03,1,0.0,10.0,148.0,0.0,-100.0,441,245,196,55.56,100.0,0.47,-4.087,735,0.0,-100.0,0.0,-100.0,0.0,-98.93
SOL-USDT-SWAP,breakout,1D,0.005,0.02,0.01,1,0.0,10.0,148.0,0.0,-100.0,441,52,389,11.79,100.0,0.042,-4.087,735,0.0,-100.0,0.0,-100.0,0.0,-99.98
SOL-USDT-SWAP,breakout,1D,0.005,0.02,0.015,1,0.0,10.0,148.0,0.0,-100.0,441,104,337,23.58,100.0,0.021,-4.087,735,0.0,-100.0,0.0,-100.0,0.0,-99.95
SOL-USDT-SWAP,breakout,1D,0.005,0.02,0.02,1,0.0,10.0,148.0,0.0,-100.0,441,151,290,34.24,100.0,0.299,-4.087,735,0.0,-100.0,0.0,-100.0,0.0,-99.96
SOL-USDT-SWAP,breakout,1D,0.005,0.02,0.025,1,0.0,10.0,148.0,0.0,-100.0,441,187,254,42.4,100.0,0.498,-4.087,735,0.0,-100.0,0.0,-100.0,0.0,-99.84
SOL-USDT-SWAP,breakout,1D,0.005,0.02,0.03,1,0.0,10.0,148.0,0.0,-100.0,441,218,223,49.43,100.0,0.508,-4.087,735,0.0,-100.0,0.0,-100.0,0.0,-97.45
SOL-USDT-SWAP,breakout,1D,0.005,0.03,0.01,1,0.0,10.0,148.0,0.0,-100.0,441,45,396,10.2,100.0,0.066,-4.087,735,0.0,-100.0,0.0,-100.0,0.0,-99.99
SOL-USDT-SWAP,breakout,1D,0.005,0.03,0.015,1,0.0,10.0,148.0,0.0,-100.0,441,87,354,19.73,100.0,0.034,-4.087,735,0.0,-100.0,0.0,-100.0,0.0,-99.98
SOL-USDT-SWAP,breakout,1D,0.005,0.03,0.02,1,0.0,10.0,148.0,0.0,-100.0,441,130,311,29.48,100.0,0.293,-4.087,735,0.0,-100.0,0.0,-100.0,0.0,-99.98
SOL-USDT-SWAP,breakout,1D,0.005,0.03,0.025,1,0.0,10.0,148.0,0.0,-100.0,441,163,278,36.96,100.0,0.588,-4.087,735,0.01,-100.0,0.0,-100.0,0.0,-99.91
SOL-USDT-SWAP,breakout,1D,0.005,0.03,0.03,1,0.0,10.0,148.0,0.0,-100.0,441,190,251,43.08,100.0,0.628,-4.087,735,0.0,-100.0,0.0,-100.0,0.0,-99.49
SOL-USDT-SWAP,breakout,1D,0.007,0.006,0.01,1,0.0,10.0,148.0,0.0,-100.0,421,80,341,19.0,100.0,0.028,-4.087,735,0.0,-100.0,0.0,-100.0,0.0,-99.99
SOL-USDT-SWAP,breakout,1D,0.007,0.006,0.015,1,0.0,10.0,148.0,0.0,-100.0,421,158,263,37.53,100.0,0.045,-4.087,735,0.0,-100.0,0.0,-100.0,0.0,-99.99
SOL-USDT-SWAP,breakout,1D,0.007,0.006,0.02,1,0.0,10.0,148.0,0.0,-100.0,421,223,198,52.97,100.0,0.089,-4.087,735,0.0,-100.0,0.0,-100.0,0.0,-99.98
SOL-USDT-SWAP,breakout,1D,0.007,0.006,0.025,1,0.0,10.0,148.0,0.0,-100.0,421,274,147,65.08,100.0,0.195,-4.087,735,0.02,-99.99,0.0,-100.0,0.0,-99.96
SOL-USDT-SWAP,breakout,1D,0.007,0.006,0.03,1,0.0,10.0,148.0,0.0,-100.0,421,303,118,71.97,100.0,0.195,-4.087,735,0.08,-99.95,0.0,-100.0,0.0,-99.9
SOL-USDT-SWAP,breakout,1D,0.007,0.008,0.01,1,0.0,10.0,148.0,0.0,-100.0,421,72,349,17.1,100.0,0.042,-4.087,735,0.0,-100.0,0.0,-100.0,0.0,-99.99
SOL-USDT-SWAP,breakout,1D,0.007,0.008,0.015,1,0.0,10.0,148.0,0.0,-100.0,421,142,279,33.73,100.0,0.067,-4.087,735,0.0,-100.0,0.0,-100.0,0.0,-99.98
SOL-USDT-SWAP,breakout,1D,0.007,0.008,0.02,1,0.0,10.0,148.0,0.0,-100.0,421,205,216,48.69,100.0,0.137,-4.087,735,0.0,-100.0,0.0,-100.0,0.0,-99.96
SOL-USDT-SWAP,breakout,1D,0.007,0.008,0.025,1,0.0,10.0,148.0,0.0,-100.0,421,254,167,60.33,100.0,0.289,-4.087,735,0.01,-99.99,0.0,-100.0,0.0,-99.94
SOL-USDT-SWAP,breakout,1D,0.007,0.008,0.03,1,0.0,10.0,148.0,0.0,-100.0,421,284,137,67.46,100.0,0.297,-4.087,735,0.04,-99.97,0.0,-100.0,0.0,-99.85
SOL-USDT-SWAP,breakout,1D,0.007,0.01,0.01,1,0.0,10.0,148.0,0.0,-100.0,421,61,360,14.49,100.0,0.037,-4.087,735,0.0,-100.0,0.0,-100.0,0.0,-99.99
SOL-USDT-SWAP,breakout,1D,0.007,0.01,0.015,1,0.0,10.0,148.0,0.0,-100.0,421,123,298,29.22,100.0,0.028,-4.087,735,0.0,-100.0,0.0,-100.0,0.0,-99.99
SOL-USDT-SWAP,breakout,1D,0.007,0.01,0.02,1,0.0,10.0,148.0,0.0,-100.0,421,186,235,44.18,100.0,0.121,-4.087,735,0.0,-100.0,0.0,-100.0,0.0,-99.98
SOL-USDT-SWAP,breakout,1D,0.007,0.01,0.025,1,0.0,10.0,148.0,0.0,-100.0,421,233,188,55.34,100.0,0.268,-4.087,735,0.0,-100.0,0.0,-100.0,0.0,-99.88
SOL-USDT-SWAP,breakout,1D,0.007,0.01,0.03,1,0.0,10.0,148.0,0.0,-100.0,421,260,161,61.76,100.0,0.242,-4.087,735,0.01,-99.99,0.0,-100.0,0.0,-99.71
SOL-USDT-SWAP,breakout,1D,0.007,0.015,0.01,1,0.0,10.0,148.0,0.0,-100.0,421,54,367,12.83,100.0,0.061,-4.087,735,0.0,-100.0,0.0,-100.0,0.0,-99.99
SOL-USDT-SWAP,breakout,1D,0.007,0.015,0.015,1,0.0,10.0,148.0,0.0,-100.0,421,110,311,26.13,100.0,0.051,-4.087,735,0.0,-100.0,0.0,-100.0,0.0,-99.99
SOL-USDT-SWAP,breakout,1D,0.007,0.015,0.02,1,0.0,10.0,148.0,0.0,-100.0,421,155,266,36.82,100.0,0.211,-4.087,735,0.0,-100.0,0.0,-100.0,0.0,-99.98
SOL-USDT-SWAP,breakout,1D,0.007,0.015,0.025,1,0.0,10.0,148.0,0.0,-100.0,421,199,222,47.27,100.0,0.423,-4.087,735,0.0,-100.0,0.0,-100.0,0.0,-99.86
SOL-USDT-SWAP,breakout,1D,0.007,0.015,0.03,1,0.0,10.0,148.0,0.0,-100.0,421,225,196,53.44,100.0,0.388,-4.087,735,0.01,-99.99,0.0,-100.0,0.0,-99.63
SOL-USDT-SWAP,breakout,1D,0.007,0.02,0.01,1,0.0,10.0,148.0,0.0,-100.0,421,49,372,11.64,100.0,0.007,-4.087,735,0.0,-100.0,0.0,-100.0,0.0,-99.99
SOL-USDT-SWAP,breakout,1D,0.007,0.02,0.015,1,0.0,10.0,148.0,0.0,-100.0,421,95,326,22.57,100.0,0.021,-4.087,735,0.0,-100.0,0.0,-100.0,0.0,-99.99
SOL-USDT-SWAP,breakout,1D,0.007,0.02,0.02,1,0.0,10.0,148.0,0.0,-100.0,421,134,287,31.83,100.0,0.149,-4.087,735,0.0,-100.0,0.0,-100.0,0.0,-99.98
SOL-USDT-SWAP,breakout,1D,0.007,0.02,0.025,1,0.0,10.0,148.0,0.0,-100.0,421,174,247,41.33,100.0,0.336,-4.087,735,0.0,-100.0,0.0,-100.0,0.0,-99.8
SOL-USDT-SWAP,breakout,1D,0.007,0.02,0.03,1,0.0,10.0,148.0,0.0,-100.0,421,196,225,46.56,100.0,0.295,-4.087,735,0.0,-100.0,0.0,-100.0,0.0,-99.68
SOL-USDT-SWAP,breakout,1D,0.007,0.03,0.01,1,0.0,10.0,148.0,0.0,-100.0,421,41,380,9.74,100.0,0.007,-4.087,735,0.0,-100.0,0.0,-100.0,0.0,-99.99
SOL-USDT-SWAP,breakout,1D,0.007,0.03,0.015,1,0.0,10.0,148.0,0.0,-100.0,421,84,337,19.95,100.0,0.033,-4.087,735,0.0,-100.0,0.0,-100.0,0.0,-99.99
SOL-USDT-SWAP,breakout,1D,0.007,0.03,0.02,1,0.0,10.0,148.0,0.0,-100.0,421,120,301,28.5,100.0,0.211,-4.087,735,0.0,-100.0,0.0,-100.0,0.0,-99.97
SOL-USDT-SWAP,breakout,1D,0.007,0.03,0.025,1,0.0,10.0,148.0,0.0,-100.0,421,158,263,37.53,100.0,0.439,-4.087,735,0.0,-100.0,0.0,-100.0,0.0,-99.76
SOL-USDT-SWAP,breakout,1D,0.007,0.03,0.03,1,0.0,10.0,148.0,0.0,-100.0,421,176,245,41.81,100.0,0.401,-4.087,735,0.0,-100.0,0.0,-100.0,0.0,-99.76
SOL-USDT-SWAP,breakout,1D,0.01,0.006,0.01,1,0.0,10.0,148.0,0.0,-100.0,379,58,321,15.3,100.0,0.031,-4.087,735,0.0,-100.0,0.0,-100.0,0.0,-99.97
SOL-USDT-SWAP,breakout,1D,0.01,0.006,0.015,1,0.0,10.0,148.0,0.0,-100.0,379,134,245,35.36,100.0,0.072,-4.087,735,0.0,-100.0,0.0,-100.0,0.0,-99.98
SOL-USDT-SWAP,breakout,1D,0.01,0.006,0.02,1,0.0,10.0,148.0,0.0,-100.0,379,195,184,51.45,100.0,0.056,-4.087,735,0.0,-100.0,0.0,-100.0,0.0,-99.8
SOL-USDT-SWAP,breakout,1D,0.01,0.006,0.025,1,0.0,10.0,148.0,0.0,-100.0,379,237,142,62.53,100.0,0.131,-4.087,735,0.04,-99.97,0.0,-100.0,0.0,-99.71
SOL-USDT-SWAP,breakout,1D,0.01,0.006,0.03,1,0.0,10.0,148.0,0.0,-100.0,379,264,115,69.66,100.0,0.225,-4.087,735,0.14,-99.91,0.0,-100.0,0.0,-98.79
SOL-USDT-SWAP,breakout,1D,0.01,0.008,0.01,1,0.0,10.0,148.0,0.0,-100.0,379,52,327,13.72,100.0,0.031,-4.087,735,0.0,-100.0,0.0,-100.0,0.0,-99.97
SOL-USDT-SWAP,breakout,1D,0.01,0.008,0.015,1,0.0,10.0,148.0,0.0,-100.0,379,125,254,32.98,100.0,0.096,-4.087,735,0.0,-100.0,0.0,-100.0,0.0,-99.98
SOL-USDT-SWAP,breakout,1D,0.01,0.008,0.02,1,0.0,10.0,148.0,0.0,-100.0,379,177,202,46.7,100.0,0.074,-4.087,735,0.0,-100.0,0.0,-100.0,0.0,-99.74
SOL-USDT-SWAP,breakout,1D,0.01,0.008,0.025,1,0.0,10.0,148.0,0.0,-100.0,379,219,160,57.78,100.0,0.192,-4.087,735,0.02,-99.99,0.0,-100.0,0.0,-99.59
SOL-USDT-SWAP,breakout,1D,0.01,0.008,0.03,1,0.0,10.0,148.0,0.0,-100.0,379,243,136,64.12,100.0,0.313,-4.087,735,0.06,-99.96,0.0,-100.0,0.0,-97.23
SOL-USDT-SWAP,breakout,1D,0.01,0.01,0.01,1,0.0,10.0,148.0,0.0,-100.0,379,50,329,13.19,100.0,0.042,-4.087,735,0.0,-100.0,0.0,-100.0,0.0,-99.97
SOL-USDT-SWAP,breakout,1D,0.01,0.01,0.015,1,0.0,10.0,148.0,0.0,-100.0,379,122,257,32.19,100.0,0.128,-4.087,735,0.0,-100.0,0.0,-100.0,0.0,-99.98
SOL-USDT-SWAP,breakout,1D,0.01,0.01,0.02,1,0.0,10.0,148.0,0.0,-100.0,379,167,212,44.06,100.0,0.099,-4.087,735,0.0,-100.0,0.0,-100.0,0.0,-99.83
SOL-USDT-SWAP,breakout,1D,0.01,0.01,0.025,1,0.0,10.0,148.0,0.0,-100.0,379,205,174,54.09,100.0,0.257,-4.087,735,0.03,-99.98,0.0,-100.0,0.0,-99.74
SOL-USDT-SWAP,breakout,1D,0.01,0.01,0.03,1,0.0,10.0,148.0,0.0,-100.0,379,228,151,60.16,100.0,0.409,-4.087,735,0.08,-99.95,0.0,-100.0,0.0,-98.4
SOL-USDT-SWAP,breakout,1D,0.01,0.015,0.01,1,0.0,10.0,148.0,0.0,-100.0,379,41,338,10.82,100.0,0.006,-4.087,735,0.0,-100.0,0.0,-100.0,0.0,-99.97
SOL-USDT-SWAP,breakout,1D,0.01,0.015,0.015,1,0.0,10.0,148.0,0.0,-100.0,379,105,274,27.7,100.0,0.15,-4.087,735,0.0,-100.0,0.0,-100.0,0.0,-99.97
SOL-USDT-SWAP,breakout,1D,0.01,0.015,0.02,1,0.0,10.0,148.0,0.0,-100.0,379,142,237,37.47,100.0,0.125,-4.087,735,0.0,-100.0,0.0,-100.0,0.0,-99.66
SOL-USDT-SWAP,breakout,1D,0.01,0.015,0.025,1,0.0,10.0,148.0,0.0,-100.0,379,175,204,46.17,100.0,0.279,-4.087,735,0.01,-99.99,0.0,-100.0,0.0,-99.3
SOL-USDT-SWAP,breakout,1D,0.01,0.015,0.03,1,0.0,10.0,148.0,0.0,-100.0,379,198,181,52.24,100.0,0.511,-4.087,735,0.07,-99.95,0.0,-100.0,0.0,-94.43
SOL-USDT-SWAP,breakout,1D,0.01,0.02,0.01,1,0.0,10.0,148.0,0.0,-100.0,379,36,343,9.5,100.0,0.009,-4.087,735,0.0,-100.0,0.0,-100.0,0.0,-99.98
SOL-USDT-SWAP,breakout,1D,0.01,0.02,0.015,1,0.0,10.0,148.0,0.0,-100.0,379,94,285,24.8,100.0,0.204,-4.087,735,0.01,-100.0,0.0,-100.0,0.0,-99.99
SOL-USDT-SWAP,breakout,1D,0.01,0.02,0.02,1,0.0,10.0,148.0,0.0,-100.0,379,127,252,33.51,100.0,0.171,-4.087,735,0.0,-100.0,0.0,-100.0,0.0,-99.91
SOL-USDT-SWAP,breakout,1D,0.01,0.02,0.025,1,0.0,10.0,148.0,0.0,-100.0,379,156,223,41.16,100.0,0.253,-4.087,735,0.01,-99.99,0.0,-100.0,0.0,-99.68
SOL-USDT-SWAP,breakout,1D,0.01,0.02,0.03,1,0.0,10.0,148.0,0.0,-100.0,379,180,199,47.49,100.0,0.549,-4.087,735,0.06,-99.96,0.0,-100.0,0.0,-97.01
SOL-USDT-SWAP,breakout,1D,0.01,0.03,0.01,1,0.0,10.0,148.0,0.0,-100.0,379,31,348,8.18,100.0,0.006,-4.087,735,0.0,-100.0,0.0,-100.0,0.0,-99.98
SOL-USDT-SWAP,breakout,1D,0.01,0.03,0.015,1,0.0,10.0,148.0,0.0,-100.0,379,84,295,22.16,100.0,0.257,-4.087,735,0.01,-100.0,0.0,-100.0,0.0,-99.99
SOL-USDT-SWAP,breakout,1D,0.01,0.03,0.02,1,0.0,10.0,148.0,0.0,-100.0,379,113,266,29.82,100.0,0.219,-4.087,735,0.0,-100.0,0.0,-100.0,0.0,-99.86
SOL-USDT-SWAP,breakout,1D,0.01,0.03,0.025,1,0.0,10.0,148.0,0.0,-100.0,379,136,243,35.88,100.0,0.271,-4.087,735,0.0,-100.0,0.0,-100.0,0.0,-99.48
SOL-USDT-SWAP,breakout,1D,0.01,0.03,0.03,1,0.0,10.0,148.0,0.0,-100.0,379,157,222,41.42,100.0,0.539,-4.087,735,0.01,-99.99,0.0,-100.0,0.0,-97.11
SOL-USDT-SWAP,fade,1D,0.001,0.006,0.01,1,0.0,10.0,148.0,0.96,-99.35,610,437,173,71.64,99.72,0.872,-4.061,735,182.06,23.01,3.87,-97.87,0.96,-75.26
SOL-USDT-SWAP,fade,1D,0.001,0.006,0.015,1,0.0,10.0,148.0,59.32,-59.92,610,499,111,81.8,96.43,0.967,-2.449,735,219.5,48.31,130.42,-40.58,59.32,-54.51
SOL-USDT-SWAP,fade,1D,0.001,0.006,0.02,1,0.0,10.0,148.0,1632.59,1003.1,610,534,76,87.54,94.59,1.045,40.999,735,1463.18,888.63,5197.57,255.22,1632.59,-68.59
SOL-USDT-SWAP,fade,1D,0.001,0.006,0.025,1,0.0,10.0,148.0,3027.39,1945.53,610,549,61,90.0,96.08,1.044,79.518,735,3590.22,2325.82,8083.0,125.14,3027.39,-62.55
SOL-USDT-SWAP,fade,1D,0.001,0.006,0.03,1,0.0,10.0,148.0,18130.61,12150.41,610,559,51,91.64,91.21,1.137,496.611,735,4561.51,2982.1,24286.88,432.43,18130.61,-25.35
SOL-USDT-SWAP,fade,1D,0.001,0.008,0.01,1,0.0,10.0,148.0,8.34,-94.36,610,404,206,66.23,99.45,0.973,-3.857,735,927.02,526.37,55.66,-94.0,8.34,-85.01
SOL-USDT-SWAP,fade,1D,0.001,0.008,0.015,1,0.0,10.0,148.0,510.9,245.2,610,468,142,76.72,96.3,1.02,10.022,735,728.53,392.25,1326.19,82.04,510.9,-61.48
SOL-USDT-SWAP,fade,1D,0.001,0.008,0.02,1,0.0,10.0,148.0,24081.5,16171.28,610,503,107,82.46,92.77,1.112,660.952,735,3996.12,2600.08,33532.74,739.13,24081.5,-28.19
SOL-USDT-SWAP,fade,1D,0.001,0.008,0.025,1,0.0,10.0,148.0,50282.8,33874.87,610,522,88,85.57,92.74,1.193,1384.531,735,12025.56,8025.38,45252.2,276.3,50282.8,11.12
SOL-USDT-SWAP,fade,1D,0.001,0.008,0.03,1,0.0,10.0,148.0,66380.23,44751.5,610,532,78,87.21,92.42,1.242,1829.081,735,12496.75,8343.75,56243.57,350.07,66380.23,18.02
SOL-USDT-SWAP,fade,1D,0.001,0.01,0.01,1,0.0,10.0,148.0,3.83,-97.41,610,363,247,59.51,99.41,0.963,-3.982,735,426.46,188.15,40.95,-90.4,3.83,-90.65
SOL-USDT-SWAP,fade,1D,0.001,0.01,0.015,1,0.0,10.0,148.0,67.36,-54.49,610,423,187,69.34,98.86,0.995,-2.227,735,363.83,145.83,894.57,145.88,67.36,-92.47
SOL-USDT-SWAP,fade,1D,0.001,0.01,0.02,1,0.0,10.0,148.0,241.06,62.88,610,457,153,74.92,99.44,1.002,2.57,735,1305.12,781.84,3284.66,151.68,241.06,-92.66
SOL-USDT-SWAP,fade,1D,0.001,0.01,0.025,1,0.0,10.0,148.0,263.87,78.29,610,476,134,78.03,99.42,1.002,3.2,735,2065.59,1295.67,3555.12,72.11,263.87,-92.58
SOL-USDT-SWAP,fade,1D,0.001,0.01,0.03,1,0.0,10.0,148.0,52.64,-64.43,610,485,125,79.51,99.64,0.995,-2.634,735,664.02,348.66,681.03,2.56,52.64,-92.27
SOL-USDT-SWAP,fade,1D,0.001,0.015,0.01,1,0.0,10.0,148.0,0.02,-99.99,610,279,331,45.74,100.0,0.895,-4.087,735,76.25,-48.48,0.1,-99.87,0.02,-82.81
SOL-USDT-SWAP,fade,1D,0.001,0.015,0.015,1,0.0,10.0,148.0,0.27,-99.82,610,345,265,56.56,99.98,0.919,-4.08,735,96.33,-34.91,3.59,-96.28,0.27,-92.59
SOL-USDT-SWAP,fade,1D,0.001,0.015,0.02,1,0.0,10.0,148.0,0.66,-99.55,610,384,226,62.95,99.96,0.925,-4.069,735,97.14,-34.36,9.26,-90.47,0.66,-92.88
SOL-USDT-SWAP,fade,1D,0.001,0.015,0.025,1,0.0,10.0,148.0,0.18,-99.88,610,403,207,66.07,99.98,0.925,-4.082,735,166.94,12.8,3.52,-97.89,0.18,-95.01
SOL-USDT-SWAP,fade,1D,0.001,0.015,0.03,1,0.0,10.0,148.0,0.03,-99.98,610,413,197,67.7,100.0,0.894,-4.086,735,35.3,-76.15,0.98,-97.24,0.03,-97.36
SOL-USDT-SWAP,fade,1D,0.001,0.02,0.01,1,0.0,10.0,148.0,0.0,-100.0,610,215,395,35.25,100.0,0.664,-4.087,735,3.35,-97.74,0.0,-99.99,0.0,-98.56
SOL-USDT-SWAP,fade,1D,0.001,0.02,0.015,1,0.0,10.0,148.0,0.0,-100.0,610,281,329,46.07,100.0,0.733,-4.087,735,2.94,-98.01,0.0,-99.93,0.0,-98.42
SOL-USDT-SWAP,fade,1D,0.001,0.02,0.02,1,0.0,10.0,148.0,0.0,-100.0,610,318,292,52.13,100.0,0.665,-4.087,735,1.28,-99.13,0.0,-99.95,0.0,-99.27
SOL-USDT-SWAP,fade,1D,0.001,0.02,0.025,1,0.0,10.0,148.0,0.0,-100.0,610,336,274,55.08,100.0,0.625,-4.087,735,1.13,-99.23,0.0,-100.0,0.0,-99.72
SOL-USDT-SWAP,fade,1D,0.001,0.02,0.03,1,0.0,10.0,148.0,0.0,-100.0,610,349,261,57.21,100.0,0.639,-4.087,735,0.34,-99.77,0.0,-100.0,0.0,-99.89
SOL-USDT-SWAP,fade,1D,0.001,0.03,0.01,1,0.0,10.0,148.0,0.0,-100.0,610,162,448,26.56,100.0,0.52,-4.087,735,1.39,-99.06,0.0,-100.0,0.0,-99.94
SOL-USDT-SWAP,fade,1D,0.001,0.03,0.015,1,0.0,10.0,148.0,0.0,-100.0,610,217,393,35.57,100.0,0.678,-4.087,735,1.22,-99.18,0.0,-100.0,0.0,-99.99
SOL-USDT-SWAP,fade,1D,0.001,0.03,0.02,1,0.0,10.0,148.0,0.0,-100.0,610,247,363,40.49,100.0,0.617,-4.087,735,0.23,-99.85,0.0,-100.0,0.0,-100.0
SOL-USDT-SWAP,fade,1D,0.001,0.03,0.025,1,0.0,10.0,148.0,0.0,-100.0,610,268,342,43.93,100.0,0.585,-4.087,735,0.17,-99.88,0.0,-100.0,0.0,-100.0
SOL-USDT-SWAP,fade,1D,0.001,0.03,0.03,1,0.0,10.0,148.0,0.0,-100.0,610,283,327,46.39,100.0,0.656,-4.087,735,0.08,-99.95,0.0,-100.0,0.0,-100.0
SOL-USDT-SWAP,fade,1D,0.002,0.006,0.01,1,0.0,10.0,148.0,8.14,-94.5,603,444,159,73.63,98.38,0.889,-3.862,735,168.0,13.52,10.6,-93.69,8.14,-23.23
SOL-USDT-SWAP,fade,1D,0.002,0.006,0.015,1,0.0,10.0,148.0,1405.48,849.65,603,508,95,84.25,81.95,1.089,34.727,735,790.63,434.21,1689.35,113.67,1405.48,-16.8
SOL-USDT-SWAP,fade,1D,0.002,0.006,0.02,1,0.0,10.0,148.0,28537.89,19182.36,603,538,65,89.22,85.05,1.266,784.02,735,2413.28,1530.6,20456.81,747.68,28537.89,39.5
SOL-USDT-SWAP,fade,1D,0.002,0.006,0.025,1,0.0,10.0,148.0,63594.79,42869.45,603,554,49,91.87,85.18,1.493,1752.158,735,4769.6,3122.7,41447.09,768.98,63594.79,53.44
SOL-USDT-SWAP,fade,1D,0.002,0.006,0.03,1,0.0,10.0,148.0,85004.46,57335.45,603,563,40,93.37,81.68,1.603,2343.411,735,5287.53,3472.66,57156.76,980.97,85004.46,48.72
SOL-USDT-SWAP,fade,1D,0.002,0.008,0.01,1,0.0,10.0,148.0,59.02,-60.12,603,409,194,67.83,98.52,0.987,-2.457,735,1067.38,621.2,115.86,-89.15,59.02,-49.06
SOL-USDT-SWAP,fade,1D,0.002,0.008,0.015,1,0.0,10.0,148.0,15963.75,10686.32,603,476,127,78.94,94.38,1.146,436.77,735,3661.69,2374.11,13872.99,278.87,15963.75,15.07
SOL-USDT-SWAP,fade,1D,0.002,0.008,0.02,1,0.0,10.0,148.0,67040.12,45197.38,603,506,97,83.91,90.07,1.28,1847.304,735,10138.12,6750.08,50908.02,402.14,67040.12,31.69
SOL-USDT-SWAP,fade,1D,0.002,0.008,0.025,1,0.0,10.0,148.0,112506.77,75918.09,603,525,78,87.06,77.98,1.408,3102.919,735,33017.12,22208.87,80421.96,143.58,112506.77,39.9
SOL-USDT-SWAP,fade,1D,0.002,0.008,0.03,1,0.0,10.0,148.0,124856.95,84262.81,603,535,68,88.72,69.45,1.459,3443.984,735,33683.02,22658.8,90012.14,167.23,124856.95,38.71
SOL-USDT-SWAP,fade,1D,0.002,0.01,0.01,1,0.0,10.0,148.0,27.27,-81.57,603,367,236,60.86,99.02,0.983,-3.334,735,958.57,547.69,190.14,-80.16,27.27,-85.66
SOL-USDT-SWAP,fade,1D,0.002,0.01,0.015,1,0.0,10.0,148.0,7284.89,4822.22,603,435,168,72.14,96.09,1.054,197.093,735,2540.14,1616.31,24371.73,859.46,7284.89,-70.11
SOL-USDT-SWAP,fade,1D,0.002,0.01,0.02,1,0.0,10.0,148.0,38192.22,25705.55,603,466,137,77.28,94.11,1.169,1050.636,735,3885.76,2525.51,40539.92,943.3,38192.22,-5.79
SOL-USDT-SWAP,fade,1D,0.002,0.01,0.025,1,0.0,10.0,148.0,43360.85,29197.87,603,485,118,80.43,95.8,1.176,1193.373,735,8946.12,5944.68,35140.96,292.81,43360.85,23.39
SOL-USDT-SWAP,fade,1D,0.002,0.01,0.03,1,0.0,10.0,148.0,5631.06,3704.77,603,494,109,81.92,98.15,1.067,151.421,735,3536.83,2289.75,7033.55,98.87,5631.06,-19.94
SOL-USDT-SWAP,fade,1D,0.002,0.015,0.01,1,0.0,10.0,148.0,0.16,-99.89,603,281,322,46.6,99.98,0.937,-4.083,735,205.31,38.73,1.53,-99.25,0.16,-89.45
SOL-USDT-SWAP,fade,1D,0.002,0.015,0.015,1,0.0,10.0,148.0,5.44,-96.32,603,347,256,57.55,99.84,0.971,-3.937,735,373.29,152.22,66.52,-82.18,5.44,-91.82
SOL-USDT-SWAP,fade,1D,0.002,0.015,0.02,1,0.0,10.0,148.0,14.34,-90.31,603,386,217,64.01,99.78,0.978,-3.691,735,434.07,193.29,82.97,-80.89,14.34,-82.72
SOL-USDT-SWAP,fade,1D,0.002,0.015,0.025,1,0.0,10.0,148.0,3.76,-97.46,603,403,200,66.83,99.92,0.98,-3.983,735,967.74,553.88,32.7,-96.62,3.76,-88.5
SOL-USDT-SWAP,fade,1D,0.002,0.015,0.03,1,0.0,10.0,148.0,0.43,-99.71,603,413,190,68.49,99.98,0.94,-4.075,735,162.4,9.73,5.37,-96.69,0.43,-92.04
SOL-USDT-SWAP,fade,1D,0.002,0.02,0.01,1,0.0,10.0,148.0,0.0,-100.0,603,216,387,35.82,100.0,0.869,-4.087,735,34.58,-76.64,0.0,-99.99,0.0,-98.63
SOL-USDT-SWAP,fade,1D,0.002,0.02,0.015,1,0.0,10.0,148.0,0.0,-100.0,603,278,325,46.1,100.0,0.853,-4.087,735,17.69,-88.05,0.01,-99.95,0.0,-98.95
SOL-USDT-SWAP,fade,1D,0.002,0.02,0.02,1,0.0,10.0,148.0,0.0,-100.0,603,317,286,52.57,100.0,0.815,-4.087,735,9.62,-93.5,0.0,-99.97,0.0,-98.74
SOL-USDT-SWAP,fade,1D,0.002,0.02,0.025,1,0.0,10.0,148.0,0.0,-100.0,603,338,265,56.05,100.0,0.876,-4.087,735,45.54,-69.23,0.0,-100.0,0.0,-99.78
SOL-USDT-SWAP,fade,1D,0.002,0.02,0.03,1,0.0,10.0,148.0,0.0,-100.0,603,348,255,57.71,100.0,0.794,-4.087,735,3.85,-97.4,0.0,-100.0,0.0,-99.88
SOL-USDT-SWAP,fade,1D,0.002,0.03,0.01,1,0.0,10.0,148.0,0.0,-100.0,603,159,444,26.37,100.0,0.467,-4.087,735,1.02,-99.31,0.0,-100.0,0.0,-99.88
SOL-USDT-SWAP,fade,1D,0.002,0.03,0.015,1,0.0,10.0,148.0,0.0,-100.0,603,210,393,34.83,100.0,0.624,-4.087,735,0.47,-99.68,0.0,-100.0,0.0,-99.98
SOL-USDT-SWAP,fade,1D,0.002,0.03,0.02,1,0.0,10.0,148.0,0.0,-100.0,603,243,360,40.3,100.0,0.575,-4.087,735,0.11,-99.93,0.0,-100.0,0.0,-99.99
SOL-USDT-SWAP,fade,1D,0.002,0.03,0.025,1,0.0,10.0,148.0,0.0,-100.0,603,266,337,44.11,100.0,0.691,-4.087,735,0.72,-99.51,0.0,-100.0,0.0,-100.0
SOL-USDT-SWAP,fade,1D,0.002,0.03,0.03,1,0.0,10.0,148.0,0.0,-100.0,603,278,325,46.1,100.0,0.628,-4.087,735,0.04,-99.97,0.0,-100.0,0.0,-100.0
SOL-USDT-SWAP,fade,1D,0.003,0.006,0.01,1,0.0,10.0,148.0,4.92,-96.68,591,432,159,73.1,98.03,0.86,-3.951,735,161.76,9.3,13.36,-91.74,4.92,-63.21
SOL-USDT-SWAP,fade,1D,0.003,0.006,0.015,1,0.0,10.0,148.0,985.96,566.19,591,496,95,83.93,87.78,1.068,23.141,735,765.66,417.34,1638.93,114.05,985.96,-39.84
SOL-USDT-SWAP,fade,1D,0.003,0.006,0.02,1,0.0,10.0,148.0,3926.46,2553.01,591,521,70,88.16,85.68,1.1,104.347,735,1314.61,788.25,6291.04,378.55,3926.46,-37.59
SOL-USDT-SWAP,fade,1D,0.003,0.006,0.025,1,0.0,10.0,148.0,53998.3,36385.34,591,541,50,91.54,82.51,1.443,1487.139,735,4611.31,3015.75,36708.88,696.06,53998.3,47.1
SOL-USDT-SWAP,fade,1D,0.003,0.006,0.03,1,0.0,10.0,148.0,92808.57,62608.49,591,552,39,93.4,77.35,1.674,2558.93,735,5803.65,3821.39,64419.16,1009.98,92808.57,44.07
SOL-USDT-SWAP,fade,1D,0.003,0.008,0.01,1,0.0,10.0,148.0,149.24,0.84,591,407,184,68.87,89.63,1.0,0.034,735,452.11,205.48,301.67,-33.27,149.24,-50.53
SOL-USDT-SWAP,fade,1D,0.003,0.008,0.015,1,0.0,10.0,148.0,55741.04,37562.87,591,474,117,80.2,86.64,1.371,1535.267,735,3322.11,2144.67,47684.14,1335.36,55741.04,16.9
SOL-USDT-SWAP,fade,1D,0.003,0.008,0.02,1,0.0,10.0,148.0,76502.67,51591.0,591,499,92,84.43,86.8,1.378,2108.624,735,6776.79,4478.91,67604.47,897.59,76502.67,13.16
SOL-USDT-SWAP,fade,1D,0.003,0.008,0.025,1,0.0,10.0,148.0,107186.9,72323.58,591,515,76,87.14,85.69,1.462,2956.005,735,12683.08,8469.65,83073.88,555.0,107186.9,29.03
SOL-USDT-SWAP,fade,1D,0.003,0.008,0.03,1,0.0,10.0,148.0,144189.18,97325.12,591,528,63,89.34,63.58,1.638,3977.866,735,11812.28,7881.27,111571.17,844.54,144189.18,29.24
SOL-USDT-SWAP,fade,1D,0.003,0.01,0.01,1,0.0,10.0,148.0,210.47,42.21,591,372,219,62.94,93.9,1.006,1.725,735,961.56,549.7,491.26,-48.91,210.47,-57.16
SOL-USDT-SWAP,fade,1D,0.003,0.01,0.015,1,0.0,10.0,148.0,59211.63,39907.86,591,439,152,74.28,87.12,1.261,1631.111,735,4309.97,2812.14,50123.29,1062.96,59211.63,18.13
SOL-USDT-SWAP,fade,1D,0.003,0.01,0.02,1,0.0,10.0,148.0,80015.67,53964.64,591,467,124,79.02,88.96,1.31,2205.639,735,5459.31,3588.72,64626.03,1083.78,80015.67,23.81
SOL-USDT-SWAP,fade,1D,0.003,0.01,0.025,1,0.0,10.0,148.0,127654.6,86153.11,591,486,105,82.23,84.23,1.387,3521.244,735,28809.61,19365.95,93795.15,225.57,127654.6,36.1
SOL-USDT-SWAP,fade,1D,0.003,0.01,0.03,1,0.0,10.0,148.0,149341.29,100806.27,591,498,93,84.26,67.15,1.451,4120.147,735,28068.24,18865.02,108821.84,287.7,149341.29,37.23
SOL-USDT-SWAP,fade,1D,0.003,0.015,0.01,1,0.0,10.0,148.0,3.33,-97.75,591,289,302,48.9,99.63,0.957,-3.995,735,290.57,96.33,36.79,-87.34,3.33,-90.95
SOL-USDT-SWAP,fade,1D,0.003,0.015,0.015,1,0.0,10.0,148.0,121.15,-18.14,591,352,239,59.56,98.74,0.999,-0.742,735,1568.29,959.65,2751.53,75.45,121.15,-95.6
SOL-USDT-SWAP,fade,1D,0.003,0.015,0.02,1,0.0,10.0,148.0,301.86,103.96,591,388,203,65.65,99.06,1.003,4.249,735,2132.6,1340.95,4746.0,122.55,301.86,-93.64
SOL-USDT-SWAP,fade,1D,0.003,0.015,0.025,1,0.0,10.0,148.0,145.32,-1.81,591,407,184,68.87,99.33,1.0,-0.074,735,4245.33,2768.47,1962.33,-53.78,145.32,-92.59
SOL-USDT-SWAP,fade,1D,0.003,0.015,0.03,1,0.0,10.0,148.0,34.37,-76.77,591,418,173,70.73,99.42,0.995,-3.138,735,1362.33,820.49,861.83,-36.74,34.37,-96.01
SOL-USDT-SWAP,fade,1D,0.003,0.02,0.01,1,0.0,10.0,148.0,0.0,-100.0,591,221,370,37.39,100.0,0.856,-4.087,735,38.88,-73.73,0.01,-99.97,0.0,-95.68
SOL-USDT-SWAP,fade,1D,0.003,0.02,0.015,1,0.0,10.0,148.0,0.01,-99.99,591,286,305,48.39,100.0,0.916,-4.087,735,137.1,-7.36,0.49,-99.64,0.01,-97.38
SOL-USDT-SWAP,fade,1D,0.003,0.02,0.02,1,0.0,10.0,148.0,0.0,-100.0,591,322,269,54.48,100.0,0.873,-4.087,735,71.42,-51.74,0.21,-99.7,0.0,-98.38
SOL-USDT-SWAP,fade,1D,0.003,0.02,0.025,1,0.0,10.0,148.0,0.0,-100.0,591,340,251,57.53,100.0,0.885,-4.087,735,62.0,-58.11,0.02,-99.96,0.0,-99.39
SOL-USDT-SWAP,fade,1D,0.003,0.02,0.03,1,0.0,10.0,148.0,0.0,-100.0,591,353,238,59.73,100.0,0.822,-4.087,735,15.44,-89.57,0.01,-99.96,0.0,-99.66
SOL-USDT-SWAP,fade,1D,0.003,0.03,0.01,1,0.0,10.0,148.0,0.0,-100.0,591,159,432,26.9,100.0,0.638,-4.087,735,0.92,-99.38,0.0,-100.0,0.0,-99.71
SOL-USDT-SWAP,fade,1D,0.003,0.03,0.015,1,0.0,10.0,148.0,0.0,-100.0,591,210,381,35.53,100.0,0.674,-4.087,735,1.24,-99.17,0.0,-100.0,0.0,-99.97
SOL-USDT-SWAP,fade,1D,0.003,0.03,0.02,1,0.0,10.0,148.0,0.0,-100.0,591,243,348,41.12,100.0,0.615,-4.087,735,0.2,-99.87,0.0,-100.0,0.0,-99.99
SOL-USDT-SWAP,fade,1D,0.003,0.03,0.025,1,0.0,10.0,148.0,0.0,-100.0,591,266,325,45.01,100.0,0.703,-4.087,735,0.39,-99.74,0.0,-100.0,0.0,-99.99
SOL-USDT-SWAP,fade,1D,0.003,0.03,0.03,1,0.0,10.0,148.0,0.0,-100.0,591,277,314,46.87,100.0,0.64,-4.087,735,0.03,-99.98,0.0,-100.0,0.0,-100.0
SOL-USDT-SWAP,fade,1D,0.005,0.006,0.01,1,0.0,10.0,148.0,6.38,-95.69,572,419,153,73.25,99.27,0.864,-3.911,735,139.3,-5.88,8.88,-93.63,6.38,-28.19
SOL-USDT-SWAP,fade,1D,0.005,0.006,0.015,1,0.0,10.0,148.0,2393.74,1517.39,572,484,88,84.62,87.52,1.149,62.019,735,1301.65,779.49,1165.36,-10.47,2393.74,105.41
SOL-USDT-SWAP,fade,1D,0.005,0.006,0.02,1,0.0,10.0,148.0,21124.55,14173.35,572,510,62,89.16,88.84,1.244,579.292,735,3582.55,2320.64,9544.78,166.42,21124.55,121.32
SOL-USDT-SWAP,fade,1D,0.005,0.006,0.025,1,0.0,10.0,148.0,54747.37,36891.47,572,524,48,91.61,73.77,1.383,1507.826,735,4002.42,2604.34,31798.01,694.47,54747.37,72.17
SOL-USDT-SWAP,fade,1D,0.005,0.006,0.03,1,0.0,10.0,148.0,132649.8,89528.25,572,541,31,94.58,43.99,2.11,3659.193,735,8667.25,5756.25,84591.09,875.99,132649.8,56.81
SOL-USDT-SWAP,fade,1D,0.005,0.008,0.01,1,0.0,10.0,148.0,745.3,403.58,572,402,170,70.28,83.71,1.081,16.495,735,504.89,241.14,524.24,3.83,745.3,42.17
SOL-USDT-SWAP,fade,1D,0.005,0.008,0.015,1,0.0,10.0,148.0,70033.72,47220.08,572,462,110,80.77,74.91,1.361,1929.976,735,5342.5,3509.8,54788.68,925.53,70033.72,27.83
SOL-USDT-SWAP,fade,1D,0.005,0.008,0.02,1,0.0,10.0,148.0,108789.81,73406.63,572,488,84,85.31,50.03,1.451,3000.271,735,19188.78,12865.39,91639.76,377.57,108789.81,18.71
SOL-USDT-SWAP,fade,1D,0.005,0.008,0.025,1,0.0,10.0,148.0,128409.53,86663.19,572,503,69,87.94,59.05,1.552,3542.092,735,14756.34,9870.5,98356.0,566.53,128409.53,30.56
SOL-USDT-SWAP,fade,1D,0.005,0.008,0.03,1,0.0,10.0,148.0,189426.62,127890.96,572,519,53,90.73,62.26,1.997,5227.151,735,20823.42,13969.88,134592.86,546.35,189426.62,40.74
SOL-USDT-SWAP,fade,1D,0.005,0.01,0.01,1,0.0,10.0,148.0,4057.61,2641.63,572,373,199,65.21,89.31,1.123,107.969,735,1530.53,934.14,2352.79,53.72,4057.61,72.46
SOL-USDT-SWAP,fade,1D,0.005,0.01,0.015,1,0.0,10.0,148.0,103551.1,69866.96,572,433,139,75.7,82.93,1.384,2855.598,735,14353.07,9598.02,84819.22,490.95,103551.1,22.08
SOL-USDT-SWAP,fade,1D,0.005,0.01,0.02,1,0.0,10.0,148.0,132501.51,89428.05,572,458,114,80.07,50.31,1.424,3655.097,735,34754.2,23382.57,119109.63,242.72,132501.51,11.24
SOL-USDT-SWAP,fade,1D,0.005,0.01,0.025,1,0.0,10.0,148.0,144402.07,97468.97,572,473,99,82.69,62.57,1.468,3983.745,735,24518.17,16466.33,117145.67,377.79,144402.07,23.27
SOL-USDT-SWAP,fade,1D,0.005,0.01,0.03,1,0.0,10.0,148.0,189885.96,128201.33,572,488,84,85.31,67.44,1.698,5239.836,735,20639.47,13845.59,146639.33,610.48,189885.96,29.49
SOL-USDT-SWAP,fade,1D,0.005,0.015,0.01,1,0.0,10.0,148.0,242.43,63.8,572,299,273,52.27,98.86,1.004,2.608,735,2147.36,1350.92,894.49,-58.34,242.43,-72.9
SOL-USDT-SWAP,fade,1D,0.005,0.015,0.015,1,0.0,10.0,148.0,64864.8,43727.57,572,358,214,62.59,93.86,1.17,1787.23,735,15824.77,10592.41,62244.47,293.34,64864.8,4.21
SOL-USDT-SWAP,fade,1D,0.005,0.015,0.02,1,0.0,10.0,148.0,87390.35,58947.53,572,387,185,67.66,93.08,1.189,2409.3,735,37938.32,25534.0,91835.01,142.06,87390.35,-4.84
SOL-USDT-SWAP,fade,1D,0.005,0.015,0.025,1,0.0,10.0,148.0,104572.12,70556.84,572,406,166,70.98,93.97,1.228,2883.794,735,31898.55,21453.08,90110.96,182.49,104572.12,16.05
SOL-USDT-SWAP,fade,1D,0.005,0.015,0.03,1,0.0,10.0,148.0,144355.94,97437.8,572,421,151,73.6,74.72,1.304,3982.471,735,32165.29,21633.3,113715.23,253.53,144355.94,26.95
SOL-USDT-SWAP,fade,1D,0.005,0.02,0.01,1,0.0,10.0,148.0,0.35,-99.76,572,238,334,41.61,99.98,0.931,-4.077,735,282.71,91.02,1.36,-99.52,0.35,-73.94
SOL-USDT-SWAP,fade,1D,0.005,0.02,0.015,1,0.0,10.0,148.0,1.38,-99.07,572,293,279,51.22,99.96,0.965,-4.049,735,392.34,165.09,7.61,-98.06,1.38,-81.87
SOL-USDT-SWAP,fade,1D,0.005,0.02,0.02,1,0.0,10.0,148.0,0.14,-99.91,572,322,250,56.29,100.0,0.974,-4.083,735,782.98,429.04,3.83,-99.51,0.14,-96.4
SOL-USDT-SWAP,fade,1D,0.005,0.02,0.025,1,0.0,10.0,148.0,0.01,-99.99,572,338,234,59.09,100.0,0.959,-4.087,735,338.1,128.45,0.44,-99.87,0.01,-96.63
SOL-USDT-SWAP,fade,1D,0.005,0.02,0.03,1,0.0,10.0,148.0,0.03,-99.98,572,354,218,61.89,100.0,0.93,-4.086,735,80.59,-45.55,0.42,-99.47,0.03,-92.95
SOL-USDT-SWAP,fade,1D,0.005,0.03,0.01,1,0.0,10.0,148.0,0.0,-100.0,572,162,410,28.32,100.0,0.7,-4.087,735,2.35,-98.42,0.0,-100.0,0.0,-99.39
SOL-USDT-SWAP,fade,1D,0.005,0.03,0.015,1,0.0,10.0,148.0,0.0,-100.0,572,210,362,36.71,100.0,0.786,-4.087,735,2.19,-98.52,0.0,-100.0,0.0,-99.91
SOL-USDT-SWAP,fade,1D,0.005,0.03,0.02,1,0.0,10.0,148.0,0.0,-100.0,572,241,331,42.13,100.0,0.802,-4.087,735,2.42,-98.37,0.0,-100.0,0.0,-99.98
SOL-USDT-SWAP,fade,1D,0.005,0.03,0.025,1,0.0,10.0,148.0,0.0,-100.0,572,260,312,45.45,100.0,0.8,-4.087,735,2.24,-98.49,0.0,-100.0,0.0,-99.99
SOL-USDT-SWAP,fade,1D,0.005,0.03,0.03,1,0.0,10.0,148.0,0.0,-100.0,572,275,297,48.08,100.0,0.745,-4.087,735,0.21,-99.86,0.0,-100.0,0.0,-99.99
SOL-USDT-SWAP,fade,1D,0.007,0.006,0.01,1,0.0,10.0,148.0,9.24,-93.76,546,401,145,73.44,98.19,0.938,-3.832,735,315.3,113.04,36.45,-88.44,9.24,-74.66
SOL-USDT-SWAP,fade,1D,0.007,0.006,0.015,1,0.0,10.0,148.0,640.41,332.71,546,456,90,83.52,87.88,1.043,13.599,735,917.84,520.16,597.96,-34.85,640.41,7.1
SOL-USDT-SWAP,fade,1D,0.007,0.006,0.02,1,0.0,10.0,148.0,3052.72,1962.65,546,480,66,87.91,94.62,1.047,80.217,735,3382.09,2185.19,3567.26,5.48,3052.72,-14.42
SOL-USDT-SWAP,fade,1D,0.007,0.006,0.025,1,0.0,10.0,148.0,59141.59,39860.53,546,500,46,91.58,68.06,1.421,1629.177,735,4039.4,2629.33,42551.51,953.41,59141.59,38.99
SOL-USDT-SWAP,fade,1D,0.007,0.006,0.03,1,0.0,10.0,148.0,110901.32,74833.32,546,514,32,94.14,38.98,1.936,3058.583,735,6116.48,4032.76,78008.83,1175.39,110901.32,42.17
SOL-USDT-SWAP,fade,1D,0.007,0.008,0.01,1,0.0,10.0,148.0,897.85,506.66,546,386,160,70.7,82.99,1.052,20.708,735,826.22,458.26,949.88,14.97,897.85,-5.48
SOL-USDT-SWAP,fade,1D,0.007,0.008,0.015,1,0.0,10.0,148.0,57441.22,38711.63,546,442,104,80.95,67.47,1.375,1582.219,735,2162.04,1360.84,25458.16,1077.51,57441.22,125.63
SOL-USDT-SWAP,fade,1D,0.007,0.008,0.02,1,0.0,10.0,148.0,89758.63,60547.72,546,466,80,85.35,63.47,1.431,2474.703,735,9203.14,6118.34,58660.31,537.39,89758.63,53.01
SOL-USDT-SWAP,fade,1D,0.007,0.008,0.025,1,0.0,10.0,148.0,136165.7,91903.85,546,484,62,88.64,45.0,1.673,3756.288,735,10286.48,6850.32,95362.39,827.07,136165.7,42.79
SOL-USDT-SWAP,fade,1D,0.007,0.008,0.03,1,0.0,10.0,148.0,195094.92,131720.89,546,500,46,91.58,32.6,2.143,5383.688,735,20942.99,14050.67,138289.19,560.31,195094.92,41.08
SOL-USDT-SWAP,fade,1D,0.007,0.01,0.01,1,0.0,10.0,148.0,12611.93,8421.57,546,364,182,66.67,83.69,1.121,344.206,735,2284.62,1443.66,10567.54,362.55,12611.93,19.35
SOL-USDT-SWAP,fade,1D,0.007,0.01,0.015,1,0.0,10.0,148.0,78675.5,53059.12,546,412,134,75.46,88.17,1.337,2168.629,735,6569.3,4338.72,56217.19,755.76,78675.5,39.95
SOL-USDT-SWAP,fade,1D,0.007,0.01,0.02,1,0.0,10.0,148.0,106752.35,72029.97,546,436,110,79.85,72.04,1.343,2944.004,735,24230.28,16271.81,82131.88,238.96,106752.35,29.98
SOL-USDT-SWAP,fade,1D,0.007,0.01,0.025,1,0.0,10.0,148.0,139887.45,94418.55,546,455,91,83.33,61.98,1.465,3859.069,735,23001.61,15441.63,104811.97,355.67,139887.45,33.47
SOL-USDT-SWAP,fade,1D,0.007,0.01,0.03,1,0.0,10.0,148.0,194870.81,131569.47,546,470,76,86.08,60.55,1.735,5377.499,735,26565.99,17849.99,141837.07,433.9,194870.81,37.39
SOL-USDT-SWAP,fade,1D,0.007,0.015,0.01,1,0.0,10.0,148.0,55713.62,37544.34,546,308,238,56.41,80.07,1.206,1534.51,735,3444.12,2227.11,44286.18,1185.85,55713.62,25.8
SOL-USDT-SWAP,fade,1D,0.007,0.015,0.015,1,0.0,10.0,148.0,79968.65,53932.87,546,352,194,64.47,91.68,1.252,2204.341,735,5130.55,3366.59,49333.2,861.56,79968.65,62.1
SOL-USDT-SWAP,fade,1D,0.007,0.015,0.02,1,0.0,10.0,148.0,109485.98,73877.02,546,380,166,69.6,89.85,1.259,3019.497,735,29213.26,19638.69,69836.35,139.06,109485.98,56.78
SOL-USDT-SWAP,fade,1D,0.007,0.015,0.025,1,0.0,10.0,148.0,78565.23,52984.61,546,396,150,72.53,94.57,1.217,2165.584,735,8482.87,5631.67,41485.69,389.05,78565.23,89.38
SOL-USDT-SWAP,fade,1D,0.007,0.015,0.03,1,0.0,10.0,148.0,133725.15,90254.83,546,409,137,74.91,84.41,1.357,3688.89,735,10300.89,6860.06,82012.7,696.17,133725.15,63.05
SOL-USDT-SWAP,fade,1D,0.007,0.02,0.01,1,0.0,10.0,148.0,6.1,-95.88,546,242,304,44.32,99.76,0.948,-3.919,735,192.22,29.88,23.25,-87.91,6.1,-73.75
SOL-USDT-SWAP,fade,1D,0.007,0.02,0.015,1,0.0,10.0,148.0,41.61,-71.89,546,296,250,54.21,99.57,0.978,-2.938,735,225.88,52.62,71.02,-68.56,41.61,-41.42
SOL-USDT-SWAP,fade,1D,0.007,0.02,0.02,1,0.0,10.0,148.0,3.1,-97.91,546,320,226,58.61,99.96,0.977,-4.002,735,655.76,343.08,9.44,-98.56,3.1,-67.19
SOL-USDT-SWAP,fade,1D,0.007,0.02,0.025,1,0.0,10.0,148.0,0.33,-99.78,546,336,210,61.54,99.99,0.945,-4.078,735,104.09,-29.67,1.65,-98.41,0.33,-80.13
SOL-USDT-SWAP,fade,1D,0.007,0.02,0.03,1,0.0,10.0,148.0,0.78,-99.48,546,349,197,63.92,99.98,0.939,-4.066,735,93.62,-36.74,2.92,-96.89,0.78,-73.38
SOL-USDT-SWAP,fade,1D,0.007,0.03,0.01,1,0.0,10.0,148.0,0.0,-100.0,546,174,372,31.87,100.0,0.853,-4.087,735,5.39,-96.36,0.0,-99.95,0.0,-98.44
SOL-USDT-SWAP,fade,1D,0.007,0.03,0.015,1,0.0,10.0,148.0,0.0,-100.0,546,219,327,40.11,100.0,0.847,-4.087,735,1.26,-99.15,0.0,-99.97,0.0,-99.32
SOL-USDT-SWAP,fade,1D,0.007,0.03,0.02,1,0.0,10.0,148.0,0.0,-100.0,546,248,298,45.42,100.0,0.893,-4.087,735,8.77,-94.08,0.0,-100.0,0.0,-99.86
SOL-USDT-SWAP,fade,1D,0.007,0.03,0.025,1,0.0,10.0,148.0,0.0,-100.0,546,263,283,48.17,100.0,0.839,-4.087,735,0.61,-99.59,0.0,-100.0,0.0,-99.94
SOL-USDT-SWAP,fade,1D,0.007,0.03,0.03,1,0.0,10.0,148.0,0.0,-100.0,546,277,269,50.73,100.0,0.871,-4.087,735,0.96,-99.35,0.0,-100.0,0.0,-99.94
SOL-USDT-SWAP,fade,1D,0.01,0.006,0.01,1,0.0,10.0,148.0,9.03,-93.9,502,367,135,73.11,97.45,0.912,-3.838,735,167.51,13.19,38.43,-77.06,9.03,-76.5
SOL-USDT-SWAP,fade,1D,0.01,0.006,0.015,1,0.0,10.0,148.0,147.13,-0.59,502,414,88,82.47,91.77,1.0,-0.024,735,366.98,147.96,296.17,-19.3,147.13,-50.32
SOL-USDT-SWAP,fade,1D,0.01,0.006,0.02,1,0.0,10.0,148.0,522.93,253.33,502,437,65,87.05,85.33,1.045,10.354,735,283.06,91.26,1109.63,292.01,522.93,-52.87
SOL-USDT-SWAP,fade,1D,0.01,0.006,0.025,1,0.0,10.0,148.0,39056.05,26289.22,502,459,43,91.43,54.49,1.464,1074.491,735,611.97,313.49,20831.52,3304.03,39056.05,87.49
SOL-USDT-SWAP,fade,1D,0.01,0.006,0.03,1,0.0,10.0,148.0,74946.42,50539.47,502,471,31,93.82,49.92,2.161,2065.646,735,1055.22,612.99,41148.62,3799.52,74946.42,82.14
SOL-USDT-SWAP,fade,1D,0.01,0.008,0.01,1,0.0,10.0,148.0,1766.21,1093.38,502,358,144,71.31,73.99,1.062,44.689,735,1074.27,625.86,1863.41,73.46,1766.21,-5.22
SOL-USDT-SWAP,fade,1D,0.01,0.008,0.015,1,0.0,10.0,148.0,44313.14,29841.31,502,404,98,80.48,62.25,1.31,1219.672,735,1943.23,1212.99,25251.92,1199.48,44313.14,75.48
SOL-USDT-SWAP,fade,1D,0.01,0.008,0.02,1,0.0,10.0,148.0,79386.45,53539.49,502,429,73,85.46,61.36,1.525,2188.263,735,2028.38,1270.53,58075.23,2763.14,79386.45,36.7
SOL-USDT-SWAP,fade,1D,0.01,0.008,0.025,1,0.0,10.0,148.0,150280.19,101440.67,502,451,51,89.84,41.99,2.02,4146.076,735,4823.42,3159.07,107489.8,2128.5,150280.19,39.81
SOL-USDT-SWAP,fade,1D,0.01,0.008,0.03,1,0.0,10.0,148.0,194290.12,131177.11,502,464,38,92.43,45.65,2.538,5361.462,735,8727.11,5796.7,135476.46,1452.36,194290.12,43.41
SOL-USDT-SWAP,fade,1D,0.01,0.01,0.01,1,0.0,10.0,148.0,40891.19,27529.19,502,339,163,67.53,60.76,1.205,1125.171,735,2861.72,1833.6,30809.13,976.59,40891.19,32.72
SOL-USDT-SWAP,fade,1D,0.01,0.01,0.015,1,0.0,10.0,148.0,94258.95,63588.48,502,384,118,76.49,54.75,1.417,2598.984,735,6669.0,4406.08,73393.6,1000.52,94258.95,28.43
SOL-USDT-SWAP,fade,1D,0.01,0.01,0.02,1,0.0,10.0,148.0,126135.04,85126.38,502,409,93,81.47,52.75,1.533,3479.28,735,6622.34,4374.55,97109.69,1366.4,126135.04,29.89
SOL-USDT-SWAP,fade,1D,0.01,0.01,0.025,1,0.0,10.0,148.0,193348.6,130540.95,502,431,71,85.86,47.37,1.91,5335.461,735,10147.24,6756.25,141495.61,1294.42,193348.6,36.65
SOL-USDT-SWAP,fade,1D,0.01,0.01,0.03,1,0.0,10.0,148.0,241246.74,162904.56,502,445,57,88.65,51.03,2.231,6658.224,735,18210.9,12204.66,172374.11,846.54,241246.74,39.96
SOL-USDT-SWAP,fade,1D,0.01,0.015,0.01,1,0.0,10.0,148.0,3054.92,1964.14,502,271,231,53.98,85.83,1.049,80.278,735,1769.93,1095.9,2894.33,63.53,3054.92,5.55
SOL-USDT-SWAP,fade,1D,0.01,0.015,0.015,1,0.0,10.0,148.0,7640.07,5062.21,502,314,188,62.55,92.72,1.042,206.902,735,5869.63,3865.97,9952.76,69.56,7640.07,-23.24
SOL-USDT-SWAP,fade,1D,0.01,0.015,0.02,1,0.0,10.0,148.0,12924.23,8632.59,502,340,162,67.73,92.77,1.122,352.831,735,2511.79,1597.16,3569.08,42.09,12924.23,262.12
SOL-USDT-SWAP,fade,1D,0.01,0.015,0.025,1,0.0,10.0,148.0,107114.56,72274.7,502,360,142,71.71,72.0,1.335,2954.007,735,2215.44,1396.92,48844.3,2104.72,107114.56,119.3
SOL-USDT-SWAP,fade,1D,0.01,0.015,0.03,1,0.0,10.0,148.0,148253.37,100071.2,502,374,128,74.5,73.92,1.537,4090.103,735,2481.06,1576.39,75484.81,2942.45,148253.37,96.4
SOL-USDT-SWAP,fade,1D,0.01,0.02,0.01,1,0.0,10.0,148.0,55.01,-62.83,502,226,276,45.02,98.45,0.996,-2.568,735,1164.1,686.55,581.38,-50.06,55.01,-90.54
SOL-USDT-SWAP,fade,1D,0.01,0.02,0.015,1,0.0,10.0,148.0,47.24,-68.08,502,269,233,53.59,99.58,0.997,-2.783,735,3154.38,2031.34,664.09,-78.95,47.24,-92.89
SOL-USDT-SWAP,fade,1D,0.01,0.02,0.02,1,0.0,10.0,148.0,33.09,-77.64,502,295,207,58.76,99.77,0.996,-3.173,735,2892.31,1854.27,182.26,-93.7,33.09,-81.84
SOL-USDT-SWAP,fade,1D,0.01,0.02,0.025,1,0.0,10.0,148.0,55.06,-62.79,502,314,188,62.55,99.54,0.998,-2.567,735,2438.87,1547.89,219.8,-90.99,55.06,-74.95
SOL-USDT-SWAP,fade,1D,0.01,0.02,0.03,1,0.0,10.0,148.0,108.17,-26.91,502,327,175,65.14,99.11,0.999,-1.1,735,4176.53,2721.98,606.92,-85.47,108.17,-82.18
SOL-USDT-SWAP,fade,1D,0.01,0.03,0.01,1,0.0,10.0,148.0,0.0,-100.0,502,162,340,32.27,100.0,0.771,-4.087,735,5.19,-96.5,0.03,-99.41,0.0,-97.74
SOL-USDT-SWAP,fade,1D,0.01,0.03,0.015,1,0.0,10.0,148.0,0.0,-100.0,502,199,303,39.64,100.0,0.78,-4.087,735,4.14,-97.2,0.0,-99.89,0.0,-99.72
SOL-USDT-SWAP,fade,1D,0.01,0.03,0.02,1,0.0,10.0,148.0,0.0,-100.0,502,222,280,44.22,100.0,0.763,-4.087,735,2.9,-98.04,0.0,-99.99,0.0,-99.86
SOL-USDT-SWAP,fade,1D,0.01,0.03,0.025,1,0.0,10.0,148.0,0.0,-100.0,502,244,258,48.61,100.0,0.723,-4.087,735,0.7,-99.53,0.0,-99.98,0.0,-99.8
SOL-USDT-SWAP,fade,1D,0.01,0.03,0.03,1,0.0,10.0,148.0,0.0,-100.0,502,259,243,51.59,100.0,0.811,-4.087,735,4.96,-96.65,0.0,-99.99,0.0,-99.9
